ply
format ascii 1.0
element vertex 9590
property float x
property float y
property float z
property uchar red
property uchar green
property uchar blue
end_header
0.258999 -0.253400 0.450000 166 177 173
0.260162 -0.253400 0.450000 165 176 172
0.261326 -0.253400 0.450000 163 176 171
0.262489 -0.253400 0.450000 164 177 172
0.263652 -0.253400 0.450000 168 179 175
0.264815 -0.253400 0.450000 162 173 169
0.265979 -0.253400 0.450000 165 171 169
0.267142 -0.253400 0.450000 171 177 175
0.268305 -0.253400 0.450000 174 180 178
0.269468 -0.253400 0.450000 174 180 178
0.270632 -0.253400 0.450000 168 174 172
0.271795 -0.253400 0.450000 163 169 167
0.272958 -0.253400 0.450000 162 168 166
0.274121 -0.253400 0.450000 160 166 164
0.275284 -0.253400 0.450000 156 162 160
0.276448 -0.253400 0.450000 154 160 158
0.277611 -0.253400 0.450000 151 157 155
0.278774 -0.253400 0.450000 150 156 154
0.279315 -0.252837 0.449000 154 160 158
0.280476 -0.252837 0.449000 153 159 157
0.281637 -0.252837 0.449000 154 160 160
0.282797 -0.252837 0.449000 154 160 160
0.258999 -0.252235 0.450000 157 171 162
0.260162 -0.252235 0.450000 151 165 156
0.261326 -0.252235 0.450000 146 159 154
0.262489 -0.252235 0.450000 143 156 151
0.263652 -0.252235 0.450000 145 153 150
0.264815 -0.252235 0.450000 142 150 147
0.265979 -0.252235 0.450000 140 148 145
0.267142 -0.252235 0.450000 147 155 152
0.268305 -0.252235 0.450000 138 144 142
0.269468 -0.252235 0.450000 135 141 139
0.270632 -0.252235 0.450000 138 144 142
0.271795 -0.252235 0.450000 142 148 146
0.272958 -0.252235 0.450000 143 149 149
0.274121 -0.252235 0.450000 139 145 145
0.275284 -0.252235 0.450000 139 145 143
0.275833 -0.251675 0.449000 140 146 144
0.276994 -0.251675 0.449000 140 143 142
0.278155 -0.251675 0.449000 143 146 145
0.279315 -0.251675 0.449000 143 146 145
0.280476 -0.251675 0.449000 143 146 145
0.281637 -0.251675 0.449000 145 148 147
0.282167 -0.251114 0.448000 144 147 146
0.249693 -0.251070 0.450000 178 185 179
0.250856 -0.251070 0.450000 175 182 176
0.252020 -0.251070 0.450000 150 156 154
0.258999 -0.251070 0.450000 127 140 135
0.260162 -0.251070 0.450000 130 143 138
0.261326 -0.251070 0.450000 131 142 138
0.262489 -0.251070 0.450000 131 142 138
0.263652 -0.251070 0.450000 133 144 140
0.265979 -0.251070 0.450000 131 142 138
0.267142 -0.251070 0.450000 130 141 137
0.268305 -0.251070 0.450000 130 141 137
0.269468 -0.251070 0.450000 130 141 137
0.270632 -0.251070 0.450000 131 142 142
0.271795 -0.251070 0.450000 124 135 135
0.272958 -0.251070 0.450000 118 129 129
0.273512 -0.250512 0.449000 125 136 136
0.274673 -0.250512 0.449000 121 129 130
0.275833 -0.250512 0.449000 121 129 130
0.276994 -0.250512 0.449000 128 134 134
0.278155 -0.250512 0.449000 129 135 135
0.278693 -0.249955 0.448000 139 145 143
0.279851 -0.249955 0.448000 135 141 139
0.281009 -0.249955 0.448000 132 138 136
0.281538 -0.249397 0.447000 131 137 135
0.282693 -0.249397 0.447000 134 140 140
0.283849 -0.249397 0.447000 135 141 141
0.284367 -0.248839 0.446000 137 145 144
0.285519 -0.248839 0.446000 134 142 141
0.242714 -0.249906 0.450000 177 183 181
0.243877 -0.249906 0.450000 184 190 188
0.248530 -0.249906 0.450000 145 148 147
0.249693 -0.249906 0.450000 139 145 145
0.250856 -0.249906 0.450000 135 141 141
0.252020 -0.249906 0.450000 133 139 139
0.253183 -0.249906 0.450000 134 140 140
0.256673 -0.249906 0.450000 134 142 139
0.257836 -0.249906 0.450000 134 142 139
0.258999 -0.249906 0.450000 132 140 137
0.260162 -0.249906 0.450000 130 138 135
0.261326 -0.249906 0.450000 131 139 136
0.262489 -0.249906 0.450000 131 139 136
0.263652 -0.249906 0.450000 139 147 144
0.264815 -0.249906 0.450000 141 149 146
0.265979 -0.249906 0.450000 133 144 140
0.267142 -0.249906 0.450000 139 150 146
0.268305 -0.249906 0.450000 146 157 153
0.269468 -0.249906 0.450000 139 150 146
0.270632 -0.249906 0.450000 138 149 149
0.271795 -0.249906 0.450000 143 154 154
0.272958 -0.249906 0.450000 142 153 153
0.273512 -0.249350 0.449000 139 150 150
0.274673 -0.249350 0.449000 140 151 151
0.275833 -0.249350 0.449000 137 148 148
0.276994 -0.249350 0.449000 137 148 146
0.278155 -0.249350 0.449000 136 147 145
0.278693 -0.248795 0.448000 141 149 148
0.279851 -0.248795 0.448000 139 147 146
0.281009 -0.248795 0.448000 138 146 145
0.281538 -0.248240 0.447000 140 148 147
0.282693 -0.248240 0.447000 140 148 147
0.283849 -0.248240 0.447000 139 147 146
0.284367 -0.247684 0.446000 140 146 146
0.285519 -0.247684 0.446000 138 144 144
0.286030 -0.247129 0.445000 134 142 141
0.287180 -0.247129 0.445000 140 148 147
0.288330 -0.247129 0.445000 135 143 144
0.289480 -0.247129 0.445000 134 142 143
0.290631 -0.247129 0.445000 131 139 140
0.291781 -0.247129 0.445000 130 138 139
0.296382 -0.247129 0.445000 137 145 146
0.236371 -0.248188 0.449000 167 175 172
0.237532 -0.248188 0.449000 174 182 179
0.238692 -0.248188 0.449000 183 191 188
0.239853 -0.248188 0.449000 178 186 183
0.241014 -0.248188 0.449000 169 177 174
0.242714 -0.248741 0.450000 156 162 160
0.243877 -0.248741 0.450000 146 152 150
0.245040 -0.248741 0.450000 144 144 144
0.246204 -0.248741 0.450000 142 142 142
0.247367 -0.248741 0.450000 139 139 139
0.248530 -0.248741 0.450000 142 142 142
0.249693 -0.248741 0.450000 138 141 140
0.250856 -0.248741 0.450000 140 143 142
0.251460 -0.248188 0.449000 139 145 145
0.252620 -0.248188 0.449000 139 145 145
0.253781 -0.248188 0.449000 136 142 142
0.254942 -0.248188 0.449000 140 146 146
0.256102 -0.248188 0.449000 147 155 152
0.257263 -0.248188 0.449000 148 156 153
0.258999 -0.248741 0.450000 149 157 154
0.260162 -0.248741 0.450000 157 165 162
0.285519 -0.246530 0.446000 150 158 157
0.286672 -0.246530 0.446000 145 153 152
0.287180 -0.245977 0.445000 145 153 152
0.288330 -0.245977 0.445000 141 149 150
0.289480 -0.245977 0.445000 138 146 147
0.290631 -0.245977 0.445000 139 147 148
0.291781 -0.245977 0.445000 138 146 147
0.292931 -0.245977 0.445000 134 142 143
0.232889 -0.247026 0.449000 174 182 179
0.234050 -0.247026 0.449000 192 200 197
0.235211 -0.247026 0.449000 186 197 193
0.236371 -0.247026 0.449000 180 191 187
0.237532 -0.247026 0.449000 169 177 174
0.238692 -0.247026 0.449000 149 157 154
0.239853 -0.247026 0.449000 141 147 149
0.241014 -0.247026 0.449000 141 147 149
0.242174 -0.247026 0.449000 134 140 140
0.243335 -0.247026 0.449000 136 142 142
0.244496 -0.247026 0.449000 142 142 142
0.245656 -0.247026 0.449000 144 144 144
0.246817 -0.247026 0.449000 145 145 145
0.248530 -0.247576 0.450000 147 147 147
0.249138 -0.247026 0.449000 157 160 159
0.250299 -0.247026 0.449000 152 155 154
0.292931 -0.244825 0.445000 144 155 155
0.294082 -0.244825 0.445000 140 151 151
0.295232 -0.244825 0.445000 137 148 148
0.296382 -0.244825 0.445000 131 142 142
0.297533 -0.244825 0.445000 130 138 139
0.229407 -0.245863 0.449000 170 178 175
0.230568 -0.245863 0.449000 184 191 185
0.231729 -0.245863 0.449000 190 197 191
0.232889 -0.245863 0.449000 179 186 180
0.234050 -0.245863 0.449000 164 171 165
0.235211 -0.245863 0.449000 150 156 154
0.236371 -0.245863 0.449000 140 146 144
0.237532 -0.245863 0.449000 136 142 142
0.238692 -0.245863 0.449000 136 142 142
0.239853 -0.245863 0.449000 133 139 141
0.241014 -0.245863 0.449000 128 134 136
0.242174 -0.245863 0.449000 136 142 142
0.243335 -0.245863 0.449000 145 151 151
0.244496 -0.245863 0.449000 151 154 153
0.296382 -0.243673 0.445000 139 150 150
0.298201 -0.244221 0.446000 138 146 145
0.227086 -0.244701 0.449000 181 189 186
0.228247 -0.244701 0.449000 189 195 193
0.229407 -0.244701 0.449000 186 192 190
0.230568 -0.244701 0.449000 176 183 177
0.231729 -0.244701 0.449000 158 165 159
0.232889 -0.244701 0.449000 142 148 146
0.234050 -0.244701 0.449000 136 142 140
0.235211 -0.244701 0.449000 134 140 140
0.236371 -0.244701 0.449000 136 142 142
0.237532 -0.244701 0.449000 136 142 144
0.238692 -0.244701 0.449000 136 142 144
0.239853 -0.244701 0.449000 146 152 152
0.223106 -0.242997 0.448000 176 185 178
0.224264 -0.242997 0.448000 185 194 187
0.225422 -0.242997 0.448000 184 193 186
0.226580 -0.242997 0.448000 177 186 179
0.227738 -0.242997 0.448000 160 166 166
0.229407 -0.243539 0.449000 145 151 151
0.230568 -0.243539 0.449000 134 140 142
0.231729 -0.243539 0.449000 134 140 142
0.232889 -0.243539 0.449000 142 148 150
0.234050 -0.243539 0.449000 142 148 150
0.235211 -0.243539 0.449000 145 153 154
0.236371 -0.243539 0.449000 146 154 155
0.220297 -0.241297 0.447000 180 183 184
0.221452 -0.241297 0.447000 190 193 194
0.222608 -0.241297 0.447000 183 189 189
0.223763 -0.241297 0.447000 163 169 169
0.224919 -0.241297 0.447000 147 155 154
0.226074 -0.241297 0.447000 141 149 148
0.227738 -0.241837 0.448000 142 147 152
0.228896 -0.241837 0.448000 139 144 149
0.230054 -0.241837 0.448000 141 147 149
0.231729 -0.242377 0.449000 143 149 151
0.232889 -0.242377 0.449000 149 155 155
0.216345 -0.239603 0.446000 163 171 170
0.217498 -0.239603 0.446000 185 191 191
0.218651 -0.239603 0.446000 188 194 194
0.220297 -0.240140 0.447000 179 185 185
0.221452 -0.240140 0.447000 163 169 169
0.222110 -0.239603 0.446000 151 153 159
0.223263 -0.239603 0.446000 145 147 153
0.224919 -0.240140 0.447000 142 148 150
0.226074 -0.240140 0.447000 143 149 151
0.227230 -0.240140 0.447000 145 152 156
0.228385 -0.240140 0.447000 148 155 159
0.214040 -0.238448 0.446000 171 179 176
0.215193 -0.238448 0.446000 188 194 192
0.216345 -0.238448 0.446000 188 194 192
0.217498 -0.238448 0.446000 181 181 183
0.218651 -0.238448 0.446000 158 158 160
0.219804 -0.238448 0.446000 143 148 153
0.220957 -0.238448 0.446000 136 141 146
0.222110 -0.238448 0.446000 141 147 149
0.223263 -0.238448 0.446000 143 149 151
0.224416 -0.238448 0.446000 148 154 156
0.211734 -0.237294 0.446000 174 183 176
0.212887 -0.237294 0.446000 190 196 194
0.214040 -0.237294 0.446000 185 191 189
0.214710 -0.236762 0.445000 167 173 173
0.215860 -0.236762 0.445000 150 156 156
0.217011 -0.236762 0.445000 148 151 154
0.218651 -0.237294 0.446000 144 147 150
0.219804 -0.237294 0.446000 146 153 157
0.220957 -0.237294 0.446000 149 156 160
0.208275 -0.236139 0.446000 165 172 164
0.209428 -0.236139 0.446000 175 182 174
0.210581 -0.236139 0.446000 193 200 192
0.211734 -0.236139 0.446000 183 190 182
0.212409 -0.235610 0.445000 167 173 173
0.213560 -0.235610 0.445000 149 155 155
0.214710 -0.235610 0.445000 144 152 153
0.215860 -0.235610 0.445000 147 155 156
0.217011 -0.235610 0.445000 146 153 157
0.218161 -0.235610 0.445000 145 152 156
0.210109 -0.234458 0.445000 170 174 169
0.211259 -0.234458 0.445000 151 155 150
0.212409 -0.234458 0.445000 138 149 147
0.213560 -0.234458 0.445000 140 151 149
0.214710 -0.234458 0.445000 142 155 154
0.215860 -0.234458 0.445000 144 157 156
0.211259 -0.233306 0.445000 147 153 153
0.212409 -0.233306 0.445000 148 156 155
0.213560 -0.233306 0.445000 152 160 159
0.211259 -0.232154 0.445000 154 160 160
0.202057 -0.231002 0.445000 191 200 193
0.203207 -0.231002 0.445000 170 179 172
0.204357 -0.231002 0.445000 149 158 151
0.205508 -0.231002 0.445000 145 154 147
0.207808 -0.231002 0.445000 146 158 150
0.197455 -0.229850 0.445000 170 174 169
0.198606 -0.229850 0.445000 190 197 189
0.199756 -0.229850 0.445000 197 204 196
0.200906 -0.229850 0.445000 181 192 188
0.202057 -0.229850 0.445000 154 165 161
0.203207 -0.229850 0.445000 141 154 149
0.204357 -0.229850 0.445000 143 156 151
0.205508 -0.229850 0.445000 147 161 152
0.196305 -0.228699 0.445000 175 176 170
0.197455 -0.228699 0.445000 213 214 208
0.198606 -0.228699 0.445000 183 189 187
0.199756 -0.228699 0.445000 156 162 160
0.200906 -0.228699 0.445000 140 151 151
0.194004 -0.227547 0.445000 172 176 169
0.195155 -0.227547 0.445000 193 197 190
0.196305 -0.227547 0.445000 207 208 202
0.197455 -0.227547 0.445000 179 180 174
0.198606 -0.227547 0.445000 155 161 161
0.199756 -0.227547 0.445000 149 155 155
0.200906 -0.227547 0.445000 149 156 160
0.192421 -0.225886 0.444000 184 191 185
0.194004 -0.226395 0.445000 206 213 205
0.195155 -0.226395 0.445000 184 191 183
0.196305 -0.226395 0.445000 156 159 158
0.197455 -0.226395 0.445000 151 154 153
0.198606 -0.226395 0.445000 156 162 164
0.190125 -0.224737 0.444000 160 168 165
0.191273 -0.224737 0.444000 193 200 194
0.192421 -0.224737 0.444000 206 213 207
0.194004 -0.225243 0.445000 164 170 168
0.195155 -0.225243 0.445000 156 162 160
0.196305 -0.225243 0.445000 155 161 161
0.188978 -0.223587 0.444000 187 196 189
0.190125 -0.223587 0.444000 199 208 201
0.191273 -0.223587 0.444000 190 196 194
0.192421 -0.223587 0.444000 153 159 157
0.193568 -0.223587 0.444000 152 160 161
0.195155 -0.224091 0.445000 154 162 163
0.186682 -0.222438 0.444000 161 170 163
0.187830 -0.222438 0.444000 196 205 198
0.188978 -0.222438 0.444000 205 212 206
0.190125 -0.222438 0.444000 165 172 166
0.191273 -0.222438 0.444000 153 161 162
0.192421 -0.222438 0.444000 146 154 155
0.185116 -0.220790 0.443000 162 169 161
0.186262 -0.220790 0.443000 208 212 207
0.187407 -0.220790 0.443000 200 204 199
0.188552 -0.220790 0.443000 156 162 160
0.190125 -0.221289 0.444000 155 161 159
0.182826 -0.219644 0.443000 153 162 153
0.183556 -0.219148 0.442000 185 192 184
0.184699 -0.219148 0.442000 206 213 205
0.185841 -0.219148 0.442000 188 195 189
0.187407 -0.219644 0.443000 149 156 150
0.188552 -0.219644 0.443000 152 163 159
0.182001 -0.217511 0.441000 202 209 201
0.183141 -0.217511 0.441000 200 207 199
0.184281 -0.217511 0.441000 170 177 169
0.185421 -0.217511 0.441000 157 165 162
0.186561 -0.217511 0.441000 156 164 161
0.179313 -0.215878 0.440000 162 169 163
0.180451 -0.215878 0.440000 211 215 208
0.181588 -0.215878 0.440000 199 203 196
0.182726 -0.215878 0.440000 154 161 155
0.183863 -0.215878 0.440000 157 164 158
0.181175 -0.214251 0.439000 150 153 152
0.182310 -0.214251 0.439000 162 165 166
0.175501 -0.213115 0.439000 162 169 163
0.179630 -0.212630 0.438000 160 160 162
0.180763 -0.212630 0.438000 160 160 162
0.173232 -0.211979 0.439000 161 168 162
0.174367 -0.211979 0.439000 168 175 169
0.175102 -0.211496 0.438000 212 219 213
0.176234 -0.211496 0.438000 193 200 194
0.176961 -0.211013 0.437000 151 157 157
0.178091 -0.211013 0.437000 154 160 160
0.179630 -0.211496 0.438000 160 163 164
0.172837 -0.210362 0.438000 182 189 181
0.173969 -0.210362 0.438000 203 210 202
0.174702 -0.209882 0.437000 176 184 181
0.175831 -0.209882 0.437000 144 152 149
0.176556 -0.209401 0.436000 150 161 157
0.177683 -0.209401 0.436000 153 164 160
0.170183 -0.208751 0.437000 179 186 178
0.171313 -0.208751 0.437000 209 216 208
0.172443 -0.208751 0.437000 190 198 195
0.173572 -0.208751 0.437000 167 175 172
0.174302 -0.208273 0.436000 144 157 152
0.175429 -0.208273 0.436000 150 163 158
0.169054 -0.207619 0.437000 186 194 183
0.170183 -0.207619 0.437000 213 217 212
0.171313 -0.207619 0.437000 190 194 189
0.172048 -0.207144 0.436000 146 157 155
0.173572 -0.207619 0.437000 152 163 161
0.174702 -0.207619 0.437000 151 171 164
0.175429 -0.207144 0.436000 149 169 162
0.194793 -0.208570 0.439000 140 163 138
0.195928 -0.208570 0.439000 135 161 135
0.197063 -0.208570 0.439000 137 163 137
0.198197 -0.208570 0.439000 135 161 135
0.199786 -0.209045 0.440000 135 161 135
0.200924 -0.209045 0.440000 137 163 137
0.165665 -0.206488 0.437000 124 139 121
0.166794 -0.206488 0.437000 138 153 135
0.167924 -0.206488 0.437000 181 189 178
0.169054 -0.206488 0.437000 198 206 195
0.170183 -0.206488 0.437000 169 175 173
0.171313 -0.206488 0.437000 153 159 157
0.172443 -0.206488 0.437000 160 171 169
0.173572 -0.206488 0.437000 143 154 152
0.174702 -0.206488 0.437000 118 139 128
0.175831 -0.206488 0.437000 113 134 123
0.176961 -0.206488 0.437000 108 135 113
0.178091 -0.206488 0.437000 105 132 110
0.179220 -0.206488 0.437000 94 127 99
0.179937 -0.206016 0.436000 94 127 99
0.181064 -0.206016 0.436000 90 126 94
0.182191 -0.206016 0.436000 87 123 91
0.183318 -0.206016 0.436000 83 117 86
0.184446 -0.206016 0.436000 85 119 88
0.185573 -0.206016 0.436000 94 123 91
0.187128 -0.206488 0.437000 95 124 92
0.188257 -0.206488 0.437000 96 123 92
0.189820 -0.206961 0.438000 94 121 90
0.190953 -0.206961 0.438000 93 122 92
0.192085 -0.206961 0.438000 93 122 92
0.193658 -0.207433 0.439000 101 130 100
0.194793 -0.207433 0.439000 106 135 105
0.195928 -0.207433 0.439000 99 128 96
0.197063 -0.207433 0.439000 103 132 100
0.198197 -0.207433 0.439000 92 121 89
0.199332 -0.207433 0.439000 92 121 89
0.200467 -0.207433 0.439000 97 128 96
0.201602 -0.207433 0.439000 100 131 99
0.202737 -0.207433 0.439000 105 136 104
0.203872 -0.207433 0.439000 104 135 103
0.205006 -0.207433 0.439000 106 135 101
0.206141 -0.207433 0.439000 102 131 97
0.207276 -0.207433 0.439000 100 129 95
0.208411 -0.207433 0.439000 99 128 94
0.209546 -0.207433 0.439000 103 132 98
0.210200 -0.206961 0.438000 106 135 101
0.211333 -0.206961 0.438000 108 137 105
0.212465 -0.206961 0.438000 109 138 106
0.213597 -0.206961 0.438000 129 153 123
0.214729 -0.206961 0.438000 131 155 125
0.215861 -0.206961 0.438000 124 148 118
0.216994 -0.206961 0.438000 130 154 124
0.218126 -0.206961 0.438000 122 149 120
0.219258 -0.206961 0.438000 124 151 122
0.220390 -0.206961 0.438000 127 156 126
0.222028 -0.207433 0.439000 131 160 130
0.222655 -0.206961 0.438000 133 157 129
0.223787 -0.206961 0.438000 138 162 134
0.224919 -0.206961 0.438000 138 160 133
0.148137 -0.207707 0.442000 139 158 130
0.149279 -0.207707 0.442000 135 157 128
0.150422 -0.207707 0.442000 131 153 124
0.151564 -0.207707 0.442000 135 157 128
0.152361 -0.207237 0.441000 133 155 126
0.153501 -0.207237 0.441000 127 154 123
0.154641 -0.207237 0.441000 123 150 119
0.155428 -0.206767 0.440000 121 148 117
0.156566 -0.206767 0.440000 117 144 113
0.157703 -0.206767 0.440000 118 142 112
0.158840 -0.206767 0.440000 110 134 104
0.159614 -0.206297 0.439000 106 133 102
0.160749 -0.206297 0.439000 99 126 95
0.161884 -0.206297 0.439000 92 119 88
0.162647 -0.205827 0.438000 85 112 81
0.163779 -0.205827 0.438000 89 110 88
0.164535 -0.205357 0.437000 93 114 92
0.165665 -0.205357 0.437000 150 165 147
0.166794 -0.205357 0.437000 191 206 188
0.167924 -0.205357 0.437000 183 195 187
0.169054 -0.205357 0.437000 155 167 159
0.170183 -0.205357 0.437000 159 167 168
0.171313 -0.205357 0.437000 166 174 175
0.172837 -0.205827 0.438000 125 138 133
0.173969 -0.205827 0.438000 82 95 90
0.175102 -0.205827 0.438000 82 104 88
0.176234 -0.205827 0.438000 78 100 84
0.176961 -0.205357 0.437000 82 111 89
0.178091 -0.205357 0.437000 75 104 82
0.179220 -0.205357 0.437000 73 106 80
0.180350 -0.205357 0.437000 75 108 82
0.181064 -0.204887 0.436000 69 104 77
0.182191 -0.204887 0.436000 58 93 66
0.183318 -0.204887 0.436000 74 112 84
0.184446 -0.204887 0.436000 77 115 87
0.185573 -0.204887 0.436000 76 110 79
0.187128 -0.205357 0.437000 74 108 77
0.188257 -0.205357 0.437000 72 103 73
0.189387 -0.205357 0.437000 70 101 71
0.190517 -0.205357 0.437000 69 100 70
0.192085 -0.205827 0.438000 77 108 78
0.193217 -0.205827 0.438000 77 108 78
0.194793 -0.206297 0.439000 78 109 79
0.195928 -0.206297 0.439000 77 108 76
0.197063 -0.206297 0.439000 78 109 77
0.198197 -0.206297 0.439000 76 107 75
0.199332 -0.206297 0.439000 77 108 76
0.200467 -0.206297 0.439000 87 121 88
0.201602 -0.206297 0.439000 77 111 78
0.202737 -0.206297 0.439000 74 108 73
0.203872 -0.206297 0.439000 91 125 90
0.205006 -0.206297 0.439000 75 106 72
0.206141 -0.206297 0.439000 79 110 76
0.207276 -0.206297 0.439000 83 114 80
0.208411 -0.206297 0.439000 80 111 77
0.209068 -0.205827 0.438000 77 108 76
0.210200 -0.205827 0.438000 72 103 71
0.210850 -0.205357 0.437000 76 107 75
0.214239 -0.205357 0.437000 86 115 83
0.215369 -0.205357 0.437000 88 117 85
0.216498 -0.205357 0.437000 93 122 90
0.218126 -0.205827 0.438000 93 122 92
0.219258 -0.205827 0.438000 95 124 94
0.220390 -0.205827 0.438000 94 125 95
0.221523 -0.205827 0.438000 101 132 102
0.222655 -0.205827 0.438000 108 139 109
0.223787 -0.205827 0.438000 108 139 109
0.224919 -0.205827 0.438000 107 136 106
0.226051 -0.205827 0.438000 107 136 106
0.226665 -0.205357 0.437000 109 138 108
0.227795 -0.205357 0.437000 110 139 109
0.228924 -0.205357 0.437000 110 139 109
0.230054 -0.205357 0.437000 123 152 122
0.231184 -0.205357 0.437000 124 153 123
0.232313 -0.205357 0.437000 130 159 129
0.233443 -0.205357 0.437000 130 159 129
0.234572 -0.205357 0.437000 131 160 130
0.235702 -0.205357 0.437000 135 162 133
0.135569 -0.206563 0.442000 141 165 135
0.136711 -0.206563 0.442000 140 164 134
0.137854 -0.206563 0.442000 141 165 135
0.138996 -0.206563 0.442000 133 157 127
0.140139 -0.206563 0.442000 118 145 114
0.141281 -0.206563 0.442000 111 138 107
0.142102 -0.206095 0.441000 111 138 107
0.143242 -0.206095 0.441000 111 138 107
0.144382 -0.206095 0.441000 113 140 107
0.145522 -0.206095 0.441000 106 133 100
0.146662 -0.206095 0.441000 104 131 98
0.147802 -0.206095 0.441000 99 126 93
0.148942 -0.206095 0.441000 96 125 91
0.150082 -0.206095 0.441000 100 129 95
0.151222 -0.206095 0.441000 92 121 87
0.152016 -0.205628 0.440000 86 115 81
0.153153 -0.205628 0.440000 86 115 81
0.154291 -0.205628 0.440000 82 111 77
0.155428 -0.205628 0.440000 78 109 77
0.156566 -0.205628 0.440000 78 109 77
0.157345 -0.205160 0.439000 76 107 75
0.158479 -0.205160 0.439000 76 107 75
0.159614 -0.205160 0.439000 73 104 72
0.160749 -0.205160 0.439000 75 106 74
0.161884 -0.205160 0.439000 79 108 78
0.162647 -0.204693 0.438000 72 101 71
0.163779 -0.204693 0.438000 92 112 93
0.164912 -0.204693 0.438000 163 183 164
0.165665 -0.204226 0.437000 195 210 196
0.166794 -0.204226 0.437000 173 188 174
0.167924 -0.204226 0.437000 146 159 154
0.169441 -0.204693 0.438000 154 167 162
0.170573 -0.204693 0.438000 157 168 166
0.171705 -0.204693 0.438000 115 126 124
0.172837 -0.204693 0.438000 73 87 76
0.173969 -0.204693 0.438000 71 85 74
0.175102 -0.204693 0.438000 83 105 85
0.176234 -0.204693 0.438000 78 100 80
0.177366 -0.204693 0.438000 82 112 87
0.178498 -0.204693 0.438000 80 110 85
0.179630 -0.204693 0.438000 72 107 80
0.180350 -0.204226 0.437000 68 103 76
0.181480 -0.204226 0.437000 63 98 71
0.182609 -0.204226 0.437000 66 101 74
0.183318 -0.203758 0.436000 71 109 81
0.184446 -0.203758 0.436000 71 109 81
0.185573 -0.203758 0.436000 73 108 79
0.186700 -0.203758 0.436000 69 104 75
0.187827 -0.203758 0.436000 68 103 74
0.189387 -0.204226 0.437000 68 103 74
0.190517 -0.204226 0.437000 69 104 75
0.191646 -0.204226 0.437000 68 103 74
0.193217 -0.204693 0.438000 70 104 73
0.194349 -0.204693 0.438000 76 110 79
0.195482 -0.204693 0.438000 75 109 78
0.197063 -0.205160 0.439000 73 107 76
0.198197 -0.205160 0.439000 73 107 76
0.199332 -0.205160 0.439000 75 109 78
0.200467 -0.205160 0.439000 78 112 79
0.201602 -0.205160 0.439000 64 98 65
0.202737 -0.205160 0.439000 70 104 71
0.203872 -0.205160 0.439000 88 122 89
0.205006 -0.205160 0.439000 75 106 74
0.206141 -0.205160 0.439000 73 104 72
0.207276 -0.205160 0.439000 73 104 74
0.207936 -0.204693 0.438000 76 107 77
0.209068 -0.204693 0.438000 76 107 77
0.209721 -0.204226 0.437000 75 106 76
0.210850 -0.204226 0.437000 68 102 71
0.211495 -0.203758 0.436000 66 100 69
0.212622 -0.203758 0.436000 65 94 64
0.213749 -0.203758 0.436000 67 96 66
0.214876 -0.203758 0.436000 79 106 75
0.216498 -0.204226 0.437000 85 112 81
0.217628 -0.204226 0.437000 82 111 79
0.218758 -0.204226 0.437000 81 110 78
0.219887 -0.204226 0.437000 80 109 77
0.221523 -0.204693 0.438000 74 103 71
0.222655 -0.204693 0.438000 71 102 72
0.223787 -0.204693 0.438000 72 103 73
0.224919 -0.204693 0.438000 75 106 74
0.225535 -0.204226 0.437000 75 106 74
0.226665 -0.204226 0.437000 90 121 89
0.227795 -0.204226 0.437000 84 115 83
0.228924 -0.204226 0.437000 75 111 77
0.230054 -0.204226 0.437000 91 127 93
0.231184 -0.204226 0.437000 78 112 79
0.232313 -0.204226 0.437000 89 123 90
0.232909 -0.203758 0.436000 91 122 90
0.234036 -0.203758 0.436000 100 131 99
0.235163 -0.203758 0.436000 110 141 109
0.236290 -0.203758 0.436000 115 146 114
0.237417 -0.203758 0.436000 119 148 116
0.238544 -0.203758 0.436000 122 151 119
0.239671 -0.203758 0.436000 132 156 126
0.240246 -0.203291 0.435000 131 155 125
0.241925 -0.203758 0.436000 132 155 130
0.242495 -0.203291 0.435000 137 160 135
0.122444 -0.204489 0.440000 150 171 149
0.123581 -0.204489 0.440000 147 169 142
0.125002 -0.204954 0.441000 143 165 138
0.126142 -0.204954 0.441000 141 163 134
0.127282 -0.204954 0.441000 134 156 127
0.128713 -0.205418 0.442000 125 147 118
0.129856 -0.205418 0.442000 123 145 116
0.130998 -0.205418 0.442000 113 137 107
0.132141 -0.205418 0.442000 116 140 110
0.132982 -0.204954 0.441000 111 138 107
0.134122 -0.204954 0.441000 113 140 109
0.135262 -0.204954 0.441000 92 121 89
0.136402 -0.204954 0.441000 89 118 86
0.137542 -0.204954 0.441000 84 113 81
0.138682 -0.204954 0.441000 86 115 83
0.139822 -0.204954 0.441000 90 121 89
0.140962 -0.204954 0.441000 80 111 79
0.142102 -0.204954 0.441000 79 110 78
0.143242 -0.204954 0.441000 79 110 78
0.144382 -0.204954 0.441000 82 113 81
0.145522 -0.204954 0.441000 77 108 76
0.146662 -0.204954 0.441000 79 110 76
0.147466 -0.204489 0.440000 76 107 73
0.148604 -0.204489 0.440000 87 118 84
0.149741 -0.204489 0.440000 83 114 80
0.150879 -0.204489 0.440000 82 113 79
0.152016 -0.204489 0.440000 78 109 75
0.153153 -0.204489 0.440000 82 113 81
0.153940 -0.204024 0.439000 80 111 79
0.155075 -0.204024 0.439000 73 107 74
0.156210 -0.204024 0.439000 74 108 75
0.157345 -0.204024 0.439000 78 112 81
0.158479 -0.204024 0.439000 81 115 84
0.159614 -0.204024 0.439000 82 113 83
0.160749 -0.204024 0.439000 75 106 76
0.161884 -0.204024 0.439000 76 102 78
0.162647 -0.203559 0.438000 121 147 123
0.163779 -0.203559 0.438000 164 184 169
0.164912 -0.203559 0.438000 182 202 187
0.166044 -0.203559 0.438000 157 173 164
0.167176 -0.203559 0.438000 150 166 157
0.168308 -0.203559 0.438000 157 175 171
0.169441 -0.203559 0.438000 124 142 138
0.170573 -0.203559 0.438000 87 102 97
0.172097 -0.204024 0.439000 73 88 83
0.173232 -0.204024 0.439000 76 96 79
0.174367 -0.204024 0.439000 77 97 80
0.175501 -0.204024 0.439000 80 103 80
0.176636 -0.204024 0.439000 81 104 81
0.177366 -0.203559 0.438000 77 107 82
0.178498 -0.203559 0.438000 73 103 78
0.179630 -0.203559 0.438000 75 105 80
0.180763 -0.203559 0.438000 73 103 78
0.181480 -0.203095 0.437000 73 103 78
0.182609 -0.203095 0.437000 73 103 78
0.183739 -0.203095 0.437000 77 107 82
0.184446 -0.202630 0.436000 75 105 80
0.185573 -0.202630 0.436000 73 106 78
0.186700 -0.202630 0.436000 70 103 75
0.188257 -0.203095 0.437000 69 102 74
0.189387 -0.203095 0.437000 67 100 72
0.190517 -0.203095 0.437000 71 104 76
0.191646 -0.203095 0.437000 73 106 78
0.193217 -0.203559 0.438000 70 103 75
0.194349 -0.203559 0.438000 69 102 74
0.195928 -0.204024 0.439000 76 107 77
0.197063 -0.204024 0.439000 73 104 74
0.198197 -0.204024 0.439000 72 103 73
0.199332 -0.204024 0.439000 72 103 73
0.200467 -0.204024 0.439000 75 106 76
0.201602 -0.204024 0.439000 75 106 76
0.202737 -0.204024 0.439000 70 101 71
0.203872 -0.204024 0.439000 76 107 77
0.205006 -0.204024 0.439000 71 102 72
0.206141 -0.204024 0.439000 70 101 71
0.207276 -0.204024 0.439000 69 100 70
0.207936 -0.203559 0.438000 69 100 70
0.209068 -0.203559 0.438000 69 99 72
0.209721 -0.203095 0.437000 70 100 73
0.210850 -0.203095 0.437000 69 99 72
0.211495 -0.202630 0.436000 66 96 69
0.212622 -0.202630 0.436000 72 100 73
0.213749 -0.202630 0.436000 74 102 75
0.214876 -0.202630 0.436000 82 109 80
0.216498 -0.203095 0.437000 79 106 77
0.217628 -0.203095 0.437000 77 106 74
0.218758 -0.203095 0.437000 79 108 76
0.219887 -0.203095 0.437000 81 110 78
0.221523 -0.203559 0.438000 75 104 72
0.222655 -0.203559 0.438000 72 103 73
0.223787 -0.203559 0.438000 75 106 76
0.224919 -0.203559 0.438000 72 103 73
0.225535 -0.203095 0.437000 70 101 71
0.226665 -0.203095 0.437000 85 116 84
0.227795 -0.203095 0.437000 77 108 76
0.228924 -0.203095 0.437000 69 105 71
0.230054 -0.203095 0.437000 80 116 82
0.231184 -0.203095 0.437000 66 100 65
0.232313 -0.203095 0.437000 82 116 81
0.232909 -0.202630 0.436000 72 103 69
0.234036 -0.202630 0.436000 75 106 72
0.235163 -0.202630 0.436000 73 104 70
0.236290 -0.202630 0.436000 79 110 76
0.236872 -0.202165 0.435000 84 118 83
0.237997 -0.202165 0.435000 90 124 89
0.239121 -0.202165 0.435000 101 130 98
0.240246 -0.202165 0.435000 106 135 103
0.241370 -0.202165 0.435000 101 128 97
0.242495 -0.202165 0.435000 107 134 103
0.243619 -0.202165 0.435000 111 138 107
0.244744 -0.202165 0.435000 118 145 114
0.245868 -0.202165 0.435000 116 140 110
0.246992 -0.202165 0.435000 130 154 124
0.248117 -0.202165 0.435000 142 166 138
0.249241 -0.202165 0.435000 134 158 130
0.250366 -0.202165 0.435000 132 155 130
0.251490 -0.202165 0.435000 140 163 138
0.116492 -0.202888 0.439000 132 158 132
0.117626 -0.202888 0.439000 132 158 132
0.118761 -0.202888 0.439000 122 148 122
0.119896 -0.202888 0.439000 122 148 122
0.121306 -0.203350 0.440000 116 143 114
0.122444 -0.203350 0.440000 108 135 106
0.123581 -0.203350 0.440000 103 130 99
0.125002 -0.203812 0.441000 109 136 105
0.126142 -0.203812 0.441000 102 129 98
0.127282 -0.203812 0.441000 88 115 84
0.128422 -0.203812 0.441000 97 121 89
0.129562 -0.203812 0.441000 97 121 89
0.130702 -0.203812 0.441000 91 115 83
0.131842 -0.203812 0.441000 88 112 80
0.132982 -0.203812 0.441000 91 120 86
0.134122 -0.203812 0.441000 79 108 74
0.135262 -0.203812 0.441000 64 98 65
0.136402 -0.203812 0.441000 69 103 70
0.137542 -0.203812 0.441000 70 104 71
0.138682 -0.203812 0.441000 76 110 77
0.139822 -0.203812 0.441000 84 118 85
0.140642 -0.203350 0.440000 84 118 85
0.142102 -0.203812 0.441000 78 112 79
0.142917 -0.203350 0.440000 76 110 77
0.144054 -0.203350 0.440000 80 111 77
0.145192 -0.203350 0.440000 79 110 76
0.146329 -0.203350 0.440000 78 109 75
0.147466 -0.203350 0.440000 80 111 77
0.148604 -0.203350 0.440000 85 116 82
0.149741 -0.203350 0.440000 83 114 80
0.150879 -0.203350 0.440000 86 117 83
0.151671 -0.202888 0.439000 82 113 79
0.152805 -0.202888 0.439000 83 114 80
0.153940 -0.202888 0.439000 78 109 75
0.155075 -0.202888 0.439000 74 108 75
0.156210 -0.202888 0.439000 76 110 77
0.157345 -0.202888 0.439000 80 111 81
0.158479 -0.202888 0.439000 83 114 84
0.159614 -0.202888 0.439000 80 108 81
0.160749 -0.202888 0.439000 88 116 89
0.161884 -0.202888 0.439000 154 174 157
0.162647 -0.202426 0.438000 188 208 191
0.163779 -0.202426 0.438000 161 180 170
0.164912 -0.202426 0.438000 146 165 155
0.166044 -0.202426 0.438000 149 167 163
0.167176 -0.202426 0.438000 153 171 167
0.168308 -0.202426 0.438000 108 123 118
0.169827 -0.202888 0.439000 72 87 82
0.170962 -0.202888 0.439000 76 95 85
0.172097 -0.202888 0.439000 82 101 91
0.173232 -0.202888 0.439000 82 102 85
0.174367 -0.202888 0.439000 81 101 84
0.175501 -0.202888 0.439000 81 104 81
0.176636 -0.202888 0.439000 81 104 81
0.177771 -0.202888 0.439000 84 112 87
0.178906 -0.202888 0.439000 78 106 81
0.180041 -0.202888 0.439000 77 105 80
0.180763 -0.202426 0.438000 78 106 81
0.181895 -0.202426 0.438000 79 105 79
0.183027 -0.202426 0.438000 80 106 80
0.183739 -0.201963 0.437000 83 109 83
0.184869 -0.201963 0.437000 79 105 79
0.185998 -0.201963 0.437000 79 105 79
0.187128 -0.201963 0.437000 78 104 78
0.188257 -0.201963 0.437000 80 106 80
0.189387 -0.201963 0.437000 74 100 74
0.190517 -0.201963 0.437000 75 103 76
0.192085 -0.202426 0.438000 75 103 76
0.193217 -0.202426 0.438000 77 105 78
0.194793 -0.202888 0.439000 77 105 78
0.195928 -0.202888 0.439000 80 106 80
0.197063 -0.202888 0.439000 76 102 76
0.198197 -0.202888 0.439000 77 105 78
0.199332 -0.202888 0.439000 75 103 76
0.200467 -0.202888 0.439000 70 100 73
0.201602 -0.202888 0.439000 76 106 79
0.202737 -0.202888 0.439000 76 106 79
0.203872 -0.202888 0.439000 79 109 82
0.205006 -0.202888 0.439000 75 105 78
0.206141 -0.202888 0.439000 76 106 79
0.207276 -0.202888 0.439000 73 103 78
0.208411 -0.202888 0.439000 73 103 78
0.209068 -0.202426 0.438000 73 103 78
0.210200 -0.202426 0.438000 73 103 78
0.210850 -0.201963 0.437000 72 102 77
0.211980 -0.201963 0.437000 71 101 76
0.213109 -0.201963 0.437000 74 102 77
0.214239 -0.201963 0.437000 77 105 80
0.215369 -0.201963 0.437000 80 106 80
0.216498 -0.201963 0.437000 79 105 79
0.217628 -0.201963 0.437000 75 102 71
0.218758 -0.201963 0.437000 76 103 72
0.220390 -0.202426 0.438000 73 102 72
0.221523 -0.202426 0.438000 70 99 69
0.222655 -0.202426 0.438000 73 102 72
0.223787 -0.202426 0.438000 74 103 73
0.224919 -0.202426 0.438000 69 100 68
0.226051 -0.202426 0.438000 75 106 74
0.227184 -0.202426 0.438000 85 116 84
0.228316 -0.202426 0.438000 70 101 69
0.229448 -0.202426 0.438000 76 107 75
0.230054 -0.201963 0.437000 76 107 75
0.231184 -0.201963 0.437000 73 104 72
0.232313 -0.201963 0.437000 75 106 74
0.233443 -0.201963 0.437000 72 103 69
0.234572 -0.201963 0.437000 75 106 72
0.235702 -0.201963 0.437000 70 101 69
0.236290 -0.201501 0.436000 65 96 64
0.237417 -0.201501 0.436000 66 100 65
0.237997 -0.201039 0.435000 76 110 75
0.239121 -0.201039 0.435000 77 108 74
0.240246 -0.201039 0.435000 71 102 68
0.241370 -0.201039 0.435000 73 102 68
0.242495 -0.201039 0.435000 78 107 73
0.243619 -0.201039 0.435000 90 118 82
0.244181 -0.200577 0.434000 99 127 91
0.245303 -0.200577 0.434000 95 124 90
0.246425 -0.200577 0.434000 108 137 103
0.247547 -0.200577 0.434000 97 128 96
0.248668 -0.200577 0.434000 99 130 98
0.249790 -0.200577 0.434000 108 137 105
0.250912 -0.200577 0.434000 119 148 116
0.252034 -0.200577 0.434000 124 151 120
0.253156 -0.200577 0.434000 134 161 130
0.254278 -0.200577 0.434000 136 163 134
0.106278 -0.201751 0.439000 134 156 129
0.107413 -0.201751 0.439000 133 157 127
0.108548 -0.201751 0.439000 124 148 118
0.109683 -0.201751 0.439000 117 144 113
0.110818 -0.201751 0.439000 114 141 110
0.111952 -0.201751 0.439000 108 135 104
0.113087 -0.201751 0.439000 101 128 97
0.114222 -0.201751 0.439000 93 122 90
0.115357 -0.201751 0.439000 89 118 86
0.116492 -0.201751 0.439000 83 114 84
0.117626 -0.201751 0.439000 86 117 87
0.118761 -0.201751 0.439000 90 121 91
0.119896 -0.201751 0.439000 83 114 84
0.121031 -0.201751 0.439000 80 111 81
0.122444 -0.202211 0.440000 83 114 84
0.123581 -0.202211 0.440000 77 108 76
0.124719 -0.202211 0.440000 77 108 76
0.126142 -0.202671 0.441000 76 107 75
0.127282 -0.202671 0.441000 73 104 72
0.128422 -0.202671 0.441000 82 111 77
0.129562 -0.202671 0.441000 89 118 84
0.130702 -0.202671 0.441000 92 120 84
0.131842 -0.202671 0.441000 87 115 79
0.132982 -0.202671 0.441000 85 116 84
0.134122 -0.202671 0.441000 78 109 77
0.134955 -0.202211 0.440000 68 103 74
0.136093 -0.202211 0.440000 67 102 73
0.137230 -0.202211 0.440000 68 104 72
0.138682 -0.202671 0.441000 75 111 79
0.139822 -0.202671 0.441000 83 117 84
0.140962 -0.202671 0.441000 81 115 82
0.141779 -0.202211 0.440000 78 112 77
0.142917 -0.202211 0.440000 80 114 79
0.144054 -0.202211 0.440000 81 115 80
0.145192 -0.202211 0.440000 84 118 83
0.146329 -0.202211 0.440000 84 118 83
0.147466 -0.202211 0.440000 83 117 82
0.148604 -0.202211 0.440000 83 117 84
0.149741 -0.202211 0.440000 83 117 84
0.150536 -0.201751 0.439000 84 118 85
0.151671 -0.201751 0.439000 82 116 83
0.152805 -0.201751 0.439000 82 113 81
0.153940 -0.201751 0.439000 80 111 79
0.155075 -0.201751 0.439000 79 110 80
0.156210 -0.201751 0.439000 83 114 84
0.157345 -0.201751 0.439000 83 109 83
0.158479 -0.201751 0.439000 88 114 88
0.159614 -0.201751 0.439000 137 157 138
0.160749 -0.201751 0.439000 175 195 176
0.161884 -0.201751 0.439000 179 195 184
0.163019 -0.201751 0.439000 158 174 163
0.164153 -0.201751 0.439000 152 167 164
0.165288 -0.201751 0.439000 156 171 168
0.166423 -0.201751 0.439000 132 145 142
0.167558 -0.201751 0.439000 100 113 110
0.168693 -0.201751 0.439000 80 95 90
0.173232 -0.201751 0.439000 92 109 95
0.174367 -0.201751 0.439000 92 109 95
0.175501 -0.201751 0.439000 88 108 93
0.176636 -0.201751 0.439000 85 105 90
0.177771 -0.201751 0.439000 91 113 95
0.178906 -0.201751 0.439000 98 120 102
0.180041 -0.201751 0.439000 97 119 99
0.181175 -0.201751 0.439000 98 120 100
0.181895 -0.201292 0.438000 96 118 98
0.183027 -0.201292 0.438000 99 121 101
0.184159 -0.201292 0.438000 106 129 106
0.185292 -0.201292 0.438000 98 121 98
0.185998 -0.200832 0.437000 99 120 98
0.187128 -0.200832 0.437000 104 125 103
0.188688 -0.201292 0.438000 102 124 104
0.189820 -0.201292 0.438000 102 124 104
0.190953 -0.201292 0.438000 106 129 106
0.192085 -0.201292 0.438000 109 132 109
0.193217 -0.201292 0.438000 104 127 104
0.194793 -0.201751 0.439000 98 121 98
0.195928 -0.201751 0.439000 97 120 97
0.197063 -0.201751 0.439000 101 124 101
0.198197 -0.201751 0.439000 98 121 98
0.199332 -0.201751 0.439000 96 119 96
0.200467 -0.201751 0.439000 95 120 99
0.201602 -0.201751 0.439000 90 115 94
0.202737 -0.201751 0.439000 81 109 84
0.203872 -0.201751 0.439000 87 115 90
0.205006 -0.201751 0.439000 85 113 88
0.206141 -0.201751 0.439000 81 109 84
0.207276 -0.201751 0.439000 75 104 82
0.208411 -0.201751 0.439000 83 112 90
0.209546 -0.201751 0.439000 84 113 91
0.210200 -0.201292 0.438000 86 115 93
0.211333 -0.201292 0.438000 79 108 86
0.211980 -0.200832 0.437000 73 102 80
0.213109 -0.200832 0.437000 78 105 83
0.214239 -0.200832 0.437000 81 108 86
0.215861 -0.201292 0.438000 79 106 84
0.216994 -0.201292 0.438000 77 104 82
0.218126 -0.201292 0.438000 74 101 72
0.219258 -0.201292 0.438000 76 103 74
0.220390 -0.201292 0.438000 76 103 74
0.221523 -0.201292 0.438000 76 103 74
0.222655 -0.201292 0.438000 75 102 73
0.223787 -0.201292 0.438000 73 100 71
0.224919 -0.201292 0.438000 70 99 69
0.226051 -0.201292 0.438000 71 100 70
0.227184 -0.201292 0.438000 71 102 72
0.228316 -0.201292 0.438000 68 99 69
0.229448 -0.201292 0.438000 75 106 76
0.230580 -0.201292 0.438000 73 104 74
0.231713 -0.201292 0.438000 72 103 73
0.232313 -0.200832 0.437000 71 102 72
0.233977 -0.201292 0.438000 66 100 69
0.234572 -0.200832 0.437000 62 96 65
0.235702 -0.200832 0.437000 66 100 69
0.236832 -0.200832 0.437000 70 104 73
0.237961 -0.200832 0.437000 67 101 70
0.238544 -0.200373 0.436000 64 98 67
0.239121 -0.199913 0.435000 73 102 68
0.240246 -0.199913 0.435000 72 101 67
0.241370 -0.199913 0.435000 77 107 70
0.242495 -0.199913 0.435000 75 105 68
0.243619 -0.199913 0.435000 77 107 70
0.244181 -0.199454 0.434000 71 101 64
0.245303 -0.199454 0.434000 66 97 63
0.246425 -0.199454 0.434000 79 110 76
0.247547 -0.199454 0.434000 82 118 84
0.248668 -0.199454 0.434000 89 125 91
0.249790 -0.199454 0.434000 78 112 79
0.250912 -0.199454 0.434000 88 122 89
0.252034 -0.199454 0.434000 89 120 88
0.253156 -0.199454 0.434000 98 129 97
0.254278 -0.199454 0.434000 94 125 93
0.255400 -0.199454 0.434000 101 132 100
0.256522 -0.199454 0.434000 120 148 121
0.257643 -0.199454 0.434000 130 158 131
0.258765 -0.199454 0.434000 138 164 140
0.259887 -0.199454 0.434000 144 170 146
0.096284 -0.201072 0.440000 136 159 134
0.097421 -0.201072 0.440000 137 160 135
0.098335 -0.200615 0.439000 129 153 123
0.099470 -0.200615 0.439000 126 150 120
0.100604 -0.200615 0.439000 118 142 112
0.101739 -0.200615 0.439000 116 140 110
0.102874 -0.200615 0.439000 109 133 103
0.104009 -0.200615 0.439000 108 132 102
0.105144 -0.200615 0.439000 101 128 97
0.106278 -0.200615 0.439000 103 130 99
0.107413 -0.200615 0.439000 100 131 97
0.108548 -0.200615 0.439000 92 123 89
0.109683 -0.200615 0.439000 83 117 82
0.110565 -0.200158 0.438000 77 111 76
0.111697 -0.200158 0.438000 85 119 84
0.112830 -0.200158 0.438000 90 124 89
0.113962 -0.200158 0.438000 91 122 88
0.115357 -0.200615 0.439000 86 117 83
0.116492 -0.200615 0.439000 79 110 80
0.117626 -0.200615 0.439000 78 109 79
0.118761 -0.200615 0.439000 76 110 79
0.119896 -0.200615 0.439000 75 109 78
0.121031 -0.200615 0.439000 75 109 78
0.122166 -0.200615 0.439000 82 116 85
0.123581 -0.201072 0.440000 73 107 76
0.124719 -0.201072 0.440000 73 107 76
0.125856 -0.201072 0.440000 74 110 78
0.127282 -0.201529 0.441000 70 106 74
0.128422 -0.201529 0.441000 75 109 76
0.129268 -0.201072 0.440000 83 117 84
0.130702 -0.201529 0.441000 86 115 81
0.131842 -0.201529 0.441000 85 114 80
0.132680 -0.201072 0.440000 83 114 82
0.133818 -0.201072 0.440000 78 109 77
0.134955 -0.201072 0.440000 74 109 80
0.136093 -0.201072 0.440000 76 111 82
0.137230 -0.201072 0.440000 77 112 83
0.138682 -0.201529 0.441000 80 115 86
0.139822 -0.201529 0.441000 81 117 85
0.140962 -0.201529 0.441000 79 115 83
0.141779 -0.201072 0.440000 80 114 81
0.142917 -0.201072 0.440000 81 115 82
0.144054 -0.201072 0.440000 85 116 84
0.145192 -0.201072 0.440000 85 116 84
0.146329 -0.201072 0.440000 85 116 86
0.147466 -0.201072 0.440000 85 116 86
0.148604 -0.201072 0.440000 86 116 89
0.149741 -0.201072 0.440000 89 119 92
0.150536 -0.200615 0.439000 95 123 96
0.151671 -0.200615 0.439000 88 116 89
0.152805 -0.200615 0.439000 86 114 87
0.153940 -0.200615 0.439000 87 115 88
0.155075 -0.200615 0.439000 80 107 85
0.156210 -0.200615 0.439000 81 108 86
0.157345 -0.200615 0.439000 106 126 107
0.158479 -0.200615 0.439000 174 194 175
0.159614 -0.200615 0.439000 182 199 185
0.160749 -0.200615 0.439000 164 181 167
0.161884 -0.200615 0.439000 149 164 159
0.163019 -0.200615 0.439000 148 163 158
0.164153 -0.200615 0.439000 154 167 166
0.165288 -0.200615 0.439000 121 134 133
0.166423 -0.200615 0.439000 97 108 106
0.194793 -0.200615 0.439000 107 127 110
0.195928 -0.200615 0.439000 112 129 113
0.197063 -0.200615 0.439000 113 130 114
0.198197 -0.200615 0.439000 109 126 110
0.199332 -0.200615 0.439000 109 126 110
0.200467 -0.200615 0.439000 107 127 110
0.201602 -0.200615 0.439000 110 130 113
0.202737 -0.200615 0.439000 111 131 114
0.203872 -0.200615 0.439000 110 130 113
0.205006 -0.200615 0.439000 105 125 108
0.206141 -0.200615 0.439000 106 126 109
0.207276 -0.200615 0.439000 109 131 113
0.208411 -0.200615 0.439000 109 131 113
0.209546 -0.200615 0.439000 108 130 114
0.210680 -0.200615 0.439000 105 127 111
0.211815 -0.200615 0.439000 107 127 110
0.212465 -0.200158 0.438000 111 131 114
0.213597 -0.200158 0.438000 114 134 117
0.214729 -0.200158 0.438000 105 125 108
0.215861 -0.200158 0.438000 105 125 108
0.216994 -0.200158 0.438000 106 126 109
0.218126 -0.200158 0.438000 106 127 105
0.219258 -0.200158 0.438000 99 120 98
0.220390 -0.200158 0.438000 95 116 92
0.222028 -0.200615 0.439000 93 114 90
0.223163 -0.200615 0.439000 89 110 88
0.224298 -0.200615 0.439000 88 109 87
0.225433 -0.200615 0.439000 82 105 82
0.226568 -0.200615 0.439000 76 99 76
0.227702 -0.200615 0.439000 71 97 73
0.228316 -0.200158 0.438000 74 100 76
0.229448 -0.200158 0.438000 71 96 75
0.231107 -0.200615 0.439000 71 96 75
0.231713 -0.200158 0.438000 71 98 76
0.232845 -0.200158 0.438000 75 102 80
0.233977 -0.200158 0.438000 77 107 82
0.235109 -0.200158 0.438000 70 100 75
0.236241 -0.200158 0.438000 70 100 75
0.237374 -0.200158 0.438000 71 101 76
0.237961 -0.199701 0.437000 70 100 75
0.239091 -0.199701 0.437000 68 98 73
0.239121 -0.198787 0.435000 75 106 74
0.240246 -0.198787 0.435000 75 106 74
0.241370 -0.198787 0.435000 72 101 67
0.242495 -0.198787 0.435000 74 103 69
0.243619 -0.198787 0.435000 73 102 68
0.244181 -0.198330 0.434000 72 101 67
0.245303 -0.198330 0.434000 73 102 70
0.246425 -0.198330 0.434000 78 107 75
0.247547 -0.198330 0.434000 74 110 78
0.248668 -0.198330 0.434000 74 110 78
0.249790 -0.198330 0.434000 75 111 79
0.250912 -0.198330 0.434000 76 112 80
0.252034 -0.198330 0.434000 74 110 78
0.253156 -0.198330 0.434000 86 122 90
0.253692 -0.197873 0.433000 87 121 90
0.255400 -0.198330 0.434000 87 121 90
0.256522 -0.198330 0.434000 89 122 94
0.257643 -0.198330 0.434000 89 122 94
0.258765 -0.198330 0.434000 103 133 106
0.259887 -0.198330 0.434000 114 144 117
0.261009 -0.198330 0.434000 114 145 115
0.262131 -0.198330 0.434000 119 150 120
0.263253 -0.198330 0.434000 127 154 125
0.264375 -0.198330 0.434000 136 163 134
0.265497 -0.198330 0.434000 143 164 140
0.086987 -0.199479 0.439000 130 156 132
0.088121 -0.199479 0.439000 123 149 125
0.089256 -0.199479 0.439000 122 148 122
0.090597 -0.199933 0.440000 118 144 118
0.091526 -0.199479 0.439000 113 139 113
0.092661 -0.199479 0.439000 110 136 110
0.093796 -0.199479 0.439000 107 135 108
0.094930 -0.199479 0.439000 109 137 110
0.096065 -0.199479 0.439000 99 129 102
0.097200 -0.199479 0.439000 94 124 97
0.098335 -0.199479 0.439000 91 122 92
0.099470 -0.199479 0.439000 89 120 90
0.100604 -0.199479 0.439000 87 116 86
0.101739 -0.199479 0.439000 81 110 80
0.102874 -0.199479 0.439000 70 99 69
0.104009 -0.199479 0.439000 82 111 81
0.105144 -0.199479 0.439000 97 124 93
0.106036 -0.199024 0.438000 92 119 88
0.107168 -0.199024 0.438000 82 116 81
0.108301 -0.199024 0.438000 81 115 80
0.109433 -0.199024 0.438000 81 117 81
0.110565 -0.199024 0.438000 79 115 79
0.111697 -0.199024 0.438000 82 118 82
0.112830 -0.199024 0.438000 83 119 83
0.114222 -0.199479 0.439000 84 118 83
0.115357 -0.199479 0.439000 81 115 80
0.116492 -0.199479 0.439000 78 112 79
0.117626 -0.199479 0.439000 74 108 75
0.118761 -0.199479 0.439000 77 111 80
0.119896 -0.199479 0.439000 76 110 79
0.121031 -0.199479 0.439000 80 114 83
0.122444 -0.199933 0.440000 80 114 83
0.123581 -0.199933 0.440000 75 109 78
0.124719 -0.199933 0.440000 75 109 78
0.125856 -0.199933 0.440000 75 110 81
0.127282 -0.200387 0.441000 74 109 80
0.128422 -0.200387 0.441000 76 109 81
0.129562 -0.200387 0.441000 80 113 85
0.130702 -0.200387 0.441000 83 114 84
0.131842 -0.200387 0.441000 82 113 83
0.132982 -0.200387 0.441000 80 111 81
0.134122 -0.200387 0.441000 80 111 81
0.135262 -0.200387 0.441000 79 109 84
0.136402 -0.200387 0.441000 79 109 84
0.137542 -0.200387 0.441000 80 110 85
0.138682 -0.200387 0.441000 82 112 87
0.139822 -0.200387 0.441000 83 113 86
0.140962 -0.200387 0.441000 83 113 86
0.141779 -0.199933 0.440000 88 117 87
0.142917 -0.199933 0.440000 93 122 92
0.144054 -0.199933 0.440000 94 120 94
0.145192 -0.199933 0.440000 93 119 93
0.146329 -0.199933 0.440000 96 119 96
0.147466 -0.199933 0.440000 102 125 102
0.148604 -0.199933 0.440000 101 123 103
0.149741 -0.199933 0.440000 101 123 103
0.150536 -0.199479 0.439000 103 123 104
0.151671 -0.199479 0.439000 103 123 104
0.152805 -0.199479 0.439000 102 122 105
0.153940 -0.199479 0.439000 99 119 102
0.155075 -0.199479 0.439000 119 141 123
0.156210 -0.199479 0.439000 163 185 167
0.157345 -0.199479 0.439000 178 198 183
0.158479 -0.199479 0.439000 170 190 175
0.159614 -0.199479 0.439000 156 169 164
0.160749 -0.199479 0.439000 149 162 157
0.161884 -0.199479 0.439000 151 164 163
0.163019 -0.199479 0.439000 143 156 155
0.218624 -0.199479 0.439000 111 128 112
0.219759 -0.199479 0.439000 112 129 113
0.220894 -0.199479 0.439000 107 124 106
0.222028 -0.199479 0.439000 109 126 108
0.223163 -0.199479 0.439000 112 129 111
0.224298 -0.199479 0.439000 114 131 113
0.225433 -0.199479 0.439000 113 133 116
0.226568 -0.199479 0.439000 114 134 117
0.227702 -0.199479 0.439000 114 134 117
0.228837 -0.199479 0.439000 113 133 116
0.229972 -0.199479 0.439000 111 131 114
0.231107 -0.199479 0.439000 107 127 110
0.232242 -0.199479 0.439000 97 119 99
0.233376 -0.199479 0.439000 97 119 99
0.234511 -0.199479 0.439000 87 112 91
0.235646 -0.199479 0.439000 78 103 82
0.236781 -0.199479 0.439000 74 101 79
0.237374 -0.199024 0.438000 74 101 79
0.238506 -0.199024 0.438000 68 95 75
0.239638 -0.199024 0.438000 68 95 75
0.239671 -0.198116 0.436000 67 94 72
0.240798 -0.198116 0.436000 80 107 85
0.241925 -0.198116 0.436000 74 100 76
0.242495 -0.197661 0.435000 76 102 78
0.243619 -0.197661 0.435000 75 101 75
0.244744 -0.197661 0.435000 73 99 73
0.245303 -0.197207 0.434000 71 99 72
0.246425 -0.197207 0.434000 74 102 75
0.247547 -0.197207 0.434000 71 101 74
0.248668 -0.197207 0.434000 66 96 69
0.249790 -0.197207 0.434000 66 101 72
0.250912 -0.197207 0.434000 65 100 71
0.252034 -0.197207 0.434000 70 105 76
0.252573 -0.196752 0.433000 70 105 76
0.253692 -0.196752 0.433000 68 103 74
0.254811 -0.196752 0.433000 63 98 69
0.255931 -0.196752 0.433000 68 101 73
0.257050 -0.196752 0.433000 77 110 82
0.258169 -0.196752 0.433000 78 111 83
0.259288 -0.196752 0.433000 82 115 87
0.260408 -0.196752 0.433000 85 116 86
0.261527 -0.196752 0.433000 91 122 92
0.262646 -0.196752 0.433000 95 124 94
0.263766 -0.196752 0.433000 103 132 102
0.264885 -0.196752 0.433000 114 141 112
0.266618 -0.197207 0.434000 121 148 119
0.267740 -0.197207 0.434000 126 150 122
0.268862 -0.197207 0.434000 138 162 134
0.269984 -0.197207 0.434000 134 156 129
0.075639 -0.198342 0.439000 148 171 146
0.076773 -0.198342 0.439000 145 168 143
0.077908 -0.198342 0.439000 142 166 136
0.079043 -0.198342 0.439000 136 160 130
0.080178 -0.198342 0.439000 122 149 116
0.081313 -0.198342 0.439000 116 143 110
0.082447 -0.198342 0.439000 113 140 109
0.083582 -0.198342 0.439000 114 141 110
0.084717 -0.198342 0.439000 106 136 109
0.085852 -0.198342 0.439000 97 127 100
0.086987 -0.198342 0.439000 92 122 95
0.088121 -0.198342 0.439000 86 116 89
0.089256 -0.198342 0.439000 87 116 86
0.090391 -0.198342 0.439000 86 115 85
0.091526 -0.198342 0.439000 79 110 80
0.092661 -0.198342 0.439000 77 108 78
0.093796 -0.198342 0.439000 73 104 74
0.094930 -0.198342 0.439000 72 103 73
0.096065 -0.198342 0.439000 67 102 73
0.097200 -0.198342 0.439000 65 100 71
0.098335 -0.198342 0.439000 63 98 71
0.099470 -0.198342 0.439000 66 101 74
0.100604 -0.198342 0.439000 67 102 73
0.101739 -0.198342 0.439000 65 100 71
0.102874 -0.198342 0.439000 75 106 76
0.104009 -0.198342 0.439000 77 108 78
0.105144 -0.198342 0.439000 85 116 84
0.106278 -0.198342 0.439000 85 116 84
0.107168 -0.197891 0.438000 84 118 83
0.108301 -0.197891 0.438000 82 116 81
0.109433 -0.197891 0.438000 76 112 76
0.110565 -0.197891 0.438000 76 112 76
0.111952 -0.198342 0.439000 80 116 80
0.113087 -0.198342 0.439000 82 118 82
0.114222 -0.198342 0.439000 82 118 82
0.115357 -0.198342 0.439000 79 115 79
0.116492 -0.198342 0.439000 77 113 79
0.117626 -0.198342 0.439000 75 111 77
0.118761 -0.198342 0.439000 75 110 81
0.119896 -0.198342 0.439000 81 116 87
0.121031 -0.198342 0.439000 82 112 85
0.122444 -0.198794 0.440000 82 112 85
0.123581 -0.198794 0.440000 79 109 84
0.124719 -0.198794 0.440000 80 110 85
0.126142 -0.199246 0.441000 80 109 87
0.127282 -0.199246 0.441000 80 109 87
0.128422 -0.199246 0.441000 78 107 85
0.129562 -0.199246 0.441000 84 113 91
0.130702 -0.199246 0.441000 83 112 90
0.131842 -0.199246 0.441000 83 112 90
0.132982 -0.199246 0.441000 86 113 91
0.134122 -0.199246 0.441000 88 115 93
0.135262 -0.199246 0.441000 85 110 89
0.136402 -0.199246 0.441000 88 113 92
0.137542 -0.199246 0.441000 92 114 94
0.138682 -0.199246 0.441000 91 113 93
0.139822 -0.199246 0.441000 92 114 94
0.140962 -0.199246 0.441000 97 119 99
0.142102 -0.199246 0.441000 96 119 96
0.142917 -0.198794 0.440000 101 124 101
0.144054 -0.198794 0.440000 103 125 107
0.145192 -0.198794 0.440000 108 130 112
0.146329 -0.198794 0.440000 104 123 111
0.147466 -0.198794 0.440000 116 135 123
0.148604 -0.198794 0.440000 118 137 125
0.149741 -0.198794 0.440000 117 136 124
0.150536 -0.198342 0.439000 122 137 123
0.151671 -0.198342 0.439000 117 132 118
0.152805 -0.198342 0.439000 121 134 119
0.153940 -0.198342 0.439000 152 165 150
0.155075 -0.198342 0.439000 182 198 187
0.156210 -0.198342 0.439000 176 192 181
0.157345 -0.198342 0.439000 156 172 163
0.158479 -0.198342 0.439000 151 167 158
0.159614 -0.198342 0.439000 151 164 163
0.160749 -0.198342 0.439000 147 160 159
0.161884 -0.198342 0.439000 128 140 142
0.228837 -0.198342 0.439000 116 131 117
0.229972 -0.198342 0.439000 115 128 113
0.231107 -0.198342 0.439000 119 132 117
0.232242 -0.198342 0.439000 122 137 119
0.233376 -0.198342 0.439000 124 139 121
0.234511 -0.198342 0.439000 127 144 126
0.235646 -0.198342 0.439000 128 145 127
0.236781 -0.198342 0.439000 121 141 122
0.237916 -0.198342 0.439000 118 138 119
0.239050 -0.198342 0.439000 116 136 119
0.239638 -0.197891 0.438000 107 127 110
0.240770 -0.197891 0.438000 86 106 89
0.241350 -0.197439 0.437000 93 113 96
0.241925 -0.196987 0.436000 82 102 85
0.243052 -0.196987 0.436000 83 103 86
0.243619 -0.196535 0.435000 81 103 85
0.244744 -0.196535 0.435000 77 99 81
0.245868 -0.196535 0.435000 75 100 83
0.246425 -0.196083 0.434000 74 99 82
0.247547 -0.196083 0.434000 72 101 81
0.248668 -0.196083 0.434000 69 98 78
0.249790 -0.196083 0.434000 70 99 77
0.250912 -0.196083 0.434000 69 98 76
0.252034 -0.196083 0.434000 67 99 76
0.253156 -0.196083 0.434000 67 99 76
0.253692 -0.195632 0.433000 70 100 75
0.254811 -0.195632 0.433000 69 99 74
0.255931 -0.195632 0.433000 69 99 72
0.257050 -0.195632 0.433000 75 105 78
0.257573 -0.195180 0.432000 70 100 73
0.258690 -0.195180 0.432000 64 94 67
0.260408 -0.195632 0.433000 59 89 62
0.261527 -0.195632 0.433000 71 101 74
0.262646 -0.195632 0.433000 81 109 82
0.263766 -0.195632 0.433000 84 112 85
0.264885 -0.195632 0.433000 92 121 91
0.266004 -0.195632 0.433000 92 121 91
0.267740 -0.196083 0.434000 97 121 93
0.268862 -0.196083 0.434000 108 132 104
0.269984 -0.196083 0.434000 118 142 110
0.271106 -0.196083 0.434000 124 148 116
0.272228 -0.196083 0.434000 130 154 124
0.273980 -0.196535 0.435000 142 166 136
0.275104 -0.196535 0.435000 135 156 132
0.066712 -0.197655 0.440000 136 163 132
0.067849 -0.197655 0.440000 124 151 120
0.068830 -0.197206 0.439000 117 144 111
0.069965 -0.197206 0.439000 117 144 111
0.071099 -0.197206 0.439000 115 144 110
0.072234 -0.197206 0.439000 112 141 107
0.073369 -0.197206 0.439000 94 125 93
0.074504 -0.197206 0.439000 93 124 92
0.075639 -0.197206 0.439000 94 125 93
0.076773 -0.197206 0.439000 92 123 91
0.077908 -0.197206 0.439000 87 121 88
0.079043 -0.197206 0.439000 84 118 85
0.080178 -0.197206 0.439000 88 118 81
0.081313 -0.197206 0.439000 89 119 82
0.082447 -0.197206 0.439000 92 122 85
0.083582 -0.197206 0.439000 84 114 77
0.084717 -0.197206 0.439000 77 105 78
0.085852 -0.197206 0.439000 75 103 76
0.086987 -0.197206 0.439000 75 103 76
0.088121 -0.197206 0.439000 75 103 76
0.089256 -0.197206 0.439000 82 110 83
0.090391 -0.197206 0.439000 81 109 82
0.091526 -0.197206 0.439000 82 113 83
0.092661 -0.197206 0.439000 78 109 79
0.093796 -0.197206 0.439000 76 110 79
0.094930 -0.197206 0.439000 73 107 76
0.096065 -0.197206 0.439000 74 110 78
0.097200 -0.197206 0.439000 73 109 77
0.098335 -0.197206 0.439000 70 105 76
0.099470 -0.197206 0.439000 72 107 78
0.100604 -0.197206 0.439000 76 111 82
0.101739 -0.197206 0.439000 76 111 82
0.102874 -0.197206 0.439000 76 109 81
0.104009 -0.197206 0.439000 76 109 81
0.105144 -0.197206 0.439000 81 115 84
0.106278 -0.197206 0.439000 82 116 85
0.107413 -0.197206 0.439000 82 116 85
0.108548 -0.197206 0.439000 82 116 85
0.109683 -0.197206 0.439000 81 115 84
0.110818 -0.197206 0.439000 80 114 83
0.111952 -0.197206 0.439000 81 114 86
0.113087 -0.197206 0.439000 80 113 85
0.114222 -0.197206 0.439000 80 113 85
0.115357 -0.197206 0.439000 80 113 85
0.116492 -0.197206 0.439000 82 115 89
0.117626 -0.197206 0.439000 83 116 90
0.118761 -0.197206 0.439000 79 108 86
0.119896 -0.197206 0.439000 85 114 92
0.121306 -0.197655 0.440000 88 115 95
0.122444 -0.197655 0.440000 84 111 91
0.123581 -0.197655 0.440000 89 116 98
0.124719 -0.197655 0.440000 94 121 103
0.126142 -0.198104 0.441000 93 120 102
0.127282 -0.198104 0.441000 92 119 101
0.128422 -0.198104 0.441000 99 125 110
0.129562 -0.198104 0.441000 102 128 113
0.130702 -0.198104 0.441000 102 126 112
0.131842 -0.198104 0.441000 102 126 112
0.132982 -0.198104 0.441000 104 124 109
0.134122 -0.198104 0.441000 98 118 103
0.135262 -0.198104 0.441000 95 112 94
0.136402 -0.198104 0.441000 97 114 96
0.137542 -0.198104 0.441000 98 115 97
0.138682 -0.198104 0.441000 98 115 97
0.151671 -0.197206 0.439000 163 172 163
0.152805 -0.197206 0.439000 184 193 184
0.153940 -0.197206 0.439000 183 192 183
0.155075 -0.197206 0.439000 157 170 165
0.156210 -0.197206 0.439000 150 163 158
0.157345 -0.197206 0.439000 146 159 158
0.158479 -0.197206 0.439000 156 169 168
0.237916 -0.197206 0.439000 115 128 111
0.239050 -0.197206 0.439000 117 130 115
0.240185 -0.197206 0.439000 125 138 123
0.241320 -0.197206 0.439000 127 142 126
0.241903 -0.196757 0.438000 124 139 123
0.243035 -0.196757 0.438000 125 140 124
0.243052 -0.195858 0.436000 123 138 122
0.244179 -0.195858 0.436000 118 135 121
0.244744 -0.195409 0.435000 109 126 112
0.245868 -0.195409 0.435000 91 113 97
0.246992 -0.195409 0.435000 81 103 87
0.248117 -0.195409 0.435000 75 97 81
0.249241 -0.195409 0.435000 73 95 79
0.249790 -0.194960 0.434000 69 94 75
0.250912 -0.194960 0.434000 69 94 75
0.252034 -0.194960 0.434000 69 94 73
0.253156 -0.194960 0.434000 74 99 78
0.254278 -0.194960 0.434000 72 97 76
0.255400 -0.194960 0.434000 69 94 73
0.255931 -0.194511 0.433000 71 96 75
0.257050 -0.194511 0.433000 76 101 80
0.258169 -0.194511 0.433000 67 93 69
0.259288 -0.194511 0.433000 69 95 71
0.260408 -0.194511 0.433000 64 90 64
0.261527 -0.194511 0.433000 66 92 66
0.262646 -0.194511 0.433000 66 92 68
0.263766 -0.194511 0.433000 69 95 71
0.264885 -0.194511 0.433000 69 95 71
0.266004 -0.194511 0.433000 73 99 75
0.267123 -0.194511 0.433000 74 100 74
0.268862 -0.194960 0.434000 85 111 85
0.269984 -0.194960 0.434000 92 116 86
0.271106 -0.194960 0.434000 101 125 95
0.272228 -0.194960 0.434000 95 122 91
0.273350 -0.194960 0.434000 106 133 102
0.274472 -0.194960 0.434000 112 141 111
0.275594 -0.194960 0.434000 126 155 125
0.277353 -0.195409 0.435000 127 153 129
0.057875 -0.197409 0.442000 138 164 138
0.059017 -0.197409 0.442000 131 157 131
0.060160 -0.197409 0.442000 124 151 120
0.061302 -0.197409 0.442000 120 147 116
0.062304 -0.196963 0.441000 113 140 107
0.063444 -0.196963 0.441000 108 135 102
0.064437 -0.196516 0.440000 102 131 97
0.065574 -0.196516 0.440000 101 130 96
0.066712 -0.196516 0.440000 100 130 93
0.067849 -0.196516 0.440000 98 128 91
0.068830 -0.196070 0.439000 93 125 88
0.069965 -0.196070 0.439000 91 123 86
0.071099 -0.196070 0.439000 87 119 82
0.072234 -0.196070 0.439000 86 118 81
0.073369 -0.196070 0.439000 87 121 86
0.074504 -0.196070 0.439000 88 122 87
0.075639 -0.196070 0.439000 90 124 89
0.076773 -0.196070 0.439000 85 119 84
0.077908 -0.196070 0.439000 85 119 84
0.079043 -0.196070 0.439000 84 118 83
0.080178 -0.196070 0.439000 89 121 84
0.081313 -0.196070 0.439000 84 116 79
0.082447 -0.196070 0.439000 84 113 79
0.083582 -0.196070 0.439000 87 116 82
0.084717 -0.196070 0.439000 80 109 77
0.085852 -0.196070 0.439000 77 106 74
0.086987 -0.196070 0.439000 77 106 76
0.088121 -0.196070 0.439000 80 109 79
0.089256 -0.196070 0.439000 81 110 80
0.090391 -0.196070 0.439000 82 111 81
0.091526 -0.196070 0.439000 80 109 79
0.092661 -0.196070 0.439000 80 109 79
0.093796 -0.196070 0.439000 77 108 78
0.094930 -0.196070 0.439000 76 107 77
0.096065 -0.196070 0.439000 77 110 82
0.097200 -0.196070 0.439000 80 113 85
0.098335 -0.196070 0.439000 76 111 82
0.099470 -0.196070 0.439000 75 110 81
0.100604 -0.196070 0.439000 80 113 87
0.101739 -0.196070 0.439000 77 110 84
0.102874 -0.196070 0.439000 80 109 87
0.104009 -0.196070 0.439000 82 111 89
0.105144 -0.196070 0.439000 78 107 85
0.106278 -0.196070 0.439000 80 109 87
0.107413 -0.196070 0.439000 80 109 87
0.108548 -0.196070 0.439000 79 108 86
0.109683 -0.196070 0.439000 83 112 90
0.110818 -0.196070 0.439000 87 116 94
0.111952 -0.196070 0.439000 92 119 99
0.113087 -0.196070 0.439000 88 115 95
0.114222 -0.196070 0.439000 91 118 98
0.115357 -0.196070 0.439000 93 120 100
0.116492 -0.196070 0.439000 94 121 103
0.117626 -0.196070 0.439000 94 121 103
0.118761 -0.196070 0.439000 94 120 105
0.120169 -0.196516 0.440000 99 125 110
0.121306 -0.196516 0.440000 107 133 118
0.122444 -0.196516 0.440000 106 132 117
0.123581 -0.196516 0.440000 110 136 123
0.150536 -0.196070 0.439000 181 190 183
0.151671 -0.196070 0.439000 192 201 194
0.152805 -0.196070 0.439000 167 178 174
0.153940 -0.196070 0.439000 153 164 160
0.155075 -0.196070 0.439000 150 163 162
0.245299 -0.195623 0.438000 122 137 121
0.246431 -0.195623 0.438000 124 139 123
0.246998 -0.195176 0.437000 128 145 131
0.247560 -0.194730 0.436000 130 147 133
0.248687 -0.194730 0.436000 128 148 133
0.249241 -0.194283 0.435000 118 138 123
0.250366 -0.194283 0.435000 108 133 114
0.251490 -0.194283 0.435000 96 121 102
0.252615 -0.194283 0.435000 89 111 93
0.253156 -0.193836 0.434000 81 103 85
0.254278 -0.193836 0.434000 75 97 81
0.255400 -0.193836 0.434000 66 88 72
0.256522 -0.193836 0.434000 67 94 76
0.257643 -0.193836 0.434000 70 97 79
0.258765 -0.193836 0.434000 66 93 73
0.259288 -0.193390 0.433000 68 95 75
0.260408 -0.193390 0.433000 66 91 70
0.261527 -0.193390 0.433000 69 94 73
0.262646 -0.193390 0.433000 69 92 69
0.263766 -0.193390 0.433000 69 92 69
0.264885 -0.193390 0.433000 68 91 68
0.266004 -0.193390 0.433000 68 91 68
0.267740 -0.193836 0.434000 66 89 66
0.268862 -0.193836 0.434000 70 93 70
0.269984 -0.193836 0.434000 77 108 76
0.271106 -0.193836 0.434000 82 113 81
0.272228 -0.193836 0.434000 81 115 82
0.273350 -0.193836 0.434000 84 118 85
0.274472 -0.193836 0.434000 84 118 85
0.275594 -0.193836 0.434000 87 121 88
0.276715 -0.193836 0.434000 100 130 103
0.277837 -0.193836 0.434000 111 141 114
0.278959 -0.193836 0.434000 120 148 123
0.280726 -0.194283 0.435000 126 154 129
0.281203 -0.193836 0.434000 134 157 132
0.046239 -0.195377 0.440000 131 160 130
0.047376 -0.195377 0.440000 130 159 129
0.048514 -0.195377 0.440000 127 154 125
0.049651 -0.195377 0.440000 122 149 120
0.050788 -0.195377 0.440000 121 148 119
0.052044 -0.195821 0.441000 121 148 119
0.053184 -0.195821 0.441000 105 136 106
0.054324 -0.195821 0.441000 97 128 98
0.055464 -0.195821 0.441000 88 122 91
0.056604 -0.195821 0.441000 89 123 92
0.057744 -0.195821 0.441000 88 122 91
0.059017 -0.196265 0.442000 80 114 83
0.060160 -0.196265 0.442000 80 111 79
0.061302 -0.196265 0.442000 85 116 84
0.062304 -0.195821 0.441000 80 111 79
0.063444 -0.195821 0.441000 76 107 75
0.064437 -0.195377 0.440000 80 111 77
0.065574 -0.195377 0.440000 86 117 83
0.066712 -0.195377 0.440000 87 122 84
0.067849 -0.195377 0.440000 88 123 85
0.068830 -0.194933 0.439000 87 122 84
0.069965 -0.194933 0.439000 85 120 82
0.071099 -0.194933 0.439000 84 119 81
0.072234 -0.194933 0.439000 85 120 82
0.073369 -0.194933 0.439000 84 119 81
0.074504 -0.194933 0.439000 83 118 80
0.075639 -0.194933 0.439000 85 119 84
0.076773 -0.194933 0.439000 84 118 83
0.077908 -0.194933 0.439000 84 118 83
0.079043 -0.194933 0.439000 83 117 82
0.080178 -0.194933 0.439000 86 117 83
0.081313 -0.194933 0.439000 84 115 81
0.082447 -0.194933 0.439000 85 112 81
0.083582 -0.194933 0.439000 87 114 83
0.084717 -0.194933 0.439000 80 109 79
0.085852 -0.194933 0.439000 82 111 81
0.086987 -0.194933 0.439000 80 111 81
0.088121 -0.194933 0.439000 80 111 81
0.089256 -0.194933 0.439000 79 109 82
0.090391 -0.194933 0.439000 80 110 83
0.091526 -0.194933 0.439000 81 109 82
0.092661 -0.194933 0.439000 84 112 85
0.093796 -0.194933 0.439000 85 113 88
0.094930 -0.194933 0.439000 85 113 88
0.096065 -0.194933 0.439000 82 112 87
0.097200 -0.194933 0.439000 84 114 89
0.098335 -0.194933 0.439000 80 109 87
0.099470 -0.194933 0.439000 76 105 83
0.100604 -0.194933 0.439000 89 118 98
0.101739 -0.194933 0.439000 82 111 91
0.102874 -0.194933 0.439000 80 109 91
0.104009 -0.194933 0.439000 83 112 94
0.105144 -0.194933 0.439000 86 114 99
0.106278 -0.194933 0.439000 94 122 107
0.107413 -0.194933 0.439000 101 127 114
0.108548 -0.194933 0.439000 96 122 109
0.109683 -0.194933 0.439000 106 131 122
0.110818 -0.194933 0.439000 102 127 118
0.111952 -0.194933 0.439000 105 130 121
0.113087 -0.194933 0.439000 116 141 132
0.114222 -0.194933 0.439000 117 140 132
0.115357 -0.194933 0.439000 113 136 128
0.116492 -0.194933 0.439000 107 130 122
0.117626 -0.194933 0.439000 116 139 131
0.148604 -0.195377 0.440000 169 180 178
0.149401 -0.194933 0.439000 182 193 191
0.150536 -0.194933 0.439000 175 186 184
0.151671 -0.194933 0.439000 158 169 167
0.152805 -0.194933 0.439000 147 160 159
0.153940 -0.194933 0.439000 151 164 163
0.250366 -0.193157 0.435000 128 145 129
0.251490 -0.193157 0.435000 127 144 128
0.252615 -0.193157 0.435000 130 150 133
0.253739 -0.193157 0.435000 130 150 133
0.254864 -0.193157 0.435000 120 144 132
0.255400 -0.192713 0.434000 103 127 115
0.256522 -0.192713 0.434000 84 110 97
0.257643 -0.192713 0.434000 68 94 81
0.258765 -0.192713 0.434000 67 93 78
0.259887 -0.192713 0.434000 68 94 79
0.261009 -0.192713 0.434000 73 95 79
0.262131 -0.192713 0.434000 74 96 80
0.263253 -0.192713 0.434000 74 94 77
0.264375 -0.192713 0.434000 72 92 75
0.265497 -0.192713 0.434000 73 90 72
0.266618 -0.192713 0.434000 70 87 69
0.267740 -0.192713 0.434000 71 93 73
0.268862 -0.192713 0.434000 70 92 72
0.269984 -0.192713 0.434000 72 103 73
0.271106 -0.192713 0.434000 72 103 73
0.272228 -0.192713 0.434000 73 107 74
0.273350 -0.192713 0.434000 76 110 77
0.274472 -0.192713 0.434000 66 100 67
0.275594 -0.192713 0.434000 81 115 82
0.276715 -0.192713 0.434000 88 122 91
0.277837 -0.192713 0.434000 89 123 92
0.278959 -0.192713 0.434000 93 122 92
0.280081 -0.192713 0.434000 101 130 100
0.281203 -0.192713 0.434000 116 140 110
0.282325 -0.192713 0.434000 126 150 120
0.283447 -0.192713 0.434000 131 154 129
0.284569 -0.192713 0.434000 131 154 129
0.036002 -0.194238 0.440000 141 165 137
0.037140 -0.194238 0.440000 142 166 138
0.038277 -0.194238 0.440000 137 161 133
0.039414 -0.194238 0.440000 124 151 122
0.040552 -0.194238 0.440000 113 140 111
0.041689 -0.194238 0.440000 109 138 108
0.042827 -0.194238 0.440000 112 141 111
0.043964 -0.194238 0.440000 103 134 102
0.045101 -0.194238 0.440000 96 127 95
0.046239 -0.194238 0.440000 87 118 84
0.047376 -0.194238 0.440000 84 115 81
0.048514 -0.194238 0.440000 88 115 84
0.049651 -0.194238 0.440000 87 114 83
0.050788 -0.194238 0.440000 86 115 83
0.051926 -0.194238 0.440000 86 115 83
0.053063 -0.194238 0.440000 82 116 83
0.054201 -0.194238 0.440000 80 114 81
0.055464 -0.194680 0.441000 77 113 79
0.056604 -0.194680 0.441000 79 115 81
0.057744 -0.194680 0.441000 81 117 85
0.058884 -0.194680 0.441000 81 117 85
0.060024 -0.194680 0.441000 81 117 85
0.061164 -0.194680 0.441000 81 117 85
0.062304 -0.194680 0.441000 81 117 85
0.063444 -0.194680 0.441000 76 112 80
0.064437 -0.194238 0.440000 77 113 81
0.065574 -0.194238 0.440000 76 112 80
0.066712 -0.194238 0.440000 80 114 83
0.067849 -0.194238 0.440000 81 115 84
0.068987 -0.194238 0.440000 83 117 84
0.069965 -0.193797 0.439000 82 116 83
0.071099 -0.193797 0.439000 82 116 83
0.072234 -0.193797 0.439000 81 115 82
0.073369 -0.193797 0.439000 80 114 81
0.074504 -0.193797 0.439000 80 114 81
0.075639 -0.193797 0.439000 83 114 82
0.076773 -0.193797 0.439000 82 113 81
0.077908 -0.193797 0.439000 83 114 82
0.079043 -0.193797 0.439000 84 115 83
0.080178 -0.193797 0.439000 86 115 85
0.081313 -0.193797 0.439000 84 113 83
0.082447 -0.193797 0.439000 85 113 86
0.083582 -0.193797 0.439000 88 116 89
0.084717 -0.193797 0.439000 84 112 87
0.085852 -0.193797 0.439000 85 113 88
0.086987 -0.193797 0.439000 80 107 85
0.088121 -0.193797 0.439000 81 108 86
0.089256 -0.193797 0.439000 78 105 85
0.090391 -0.193797 0.439000 79 106 86
0.091526 -0.193797 0.439000 82 109 91
0.092872 -0.194238 0.440000 85 112 94
0.094009 -0.194238 0.440000 91 118 100
0.095147 -0.194238 0.440000 95 122 104
0.096284 -0.194238 0.440000 88 114 99
0.097421 -0.194238 0.440000 92 118 103
0.098559 -0.194238 0.440000 95 121 108
0.099696 -0.194238 0.440000 103 129 116
0.100604 -0.193797 0.439000 101 127 114
0.101739 -0.193797 0.439000 102 128 115
0.102874 -0.193797 0.439000 113 138 129
0.104009 -0.193797 0.439000 109 134 125
0.105144 -0.193797 0.439000 115 140 131
0.146329 -0.194238 0.440000 164 172 171
0.147466 -0.194238 0.440000 182 190 189
0.148604 -0.194238 0.440000 180 188 187
0.149741 -0.194238 0.440000 160 168 167
0.150536 -0.193797 0.439000 151 164 163
0.151671 -0.193797 0.439000 150 163 162
0.254864 -0.192031 0.435000 130 147 133
0.255988 -0.192031 0.435000 130 147 133
0.257113 -0.192031 0.435000 127 148 137
0.258237 -0.192031 0.435000 129 150 139
0.258765 -0.191590 0.434000 120 144 132
0.259887 -0.191590 0.434000 107 131 119
0.261009 -0.191590 0.434000 92 111 101
0.262131 -0.191590 0.434000 76 95 85
0.263253 -0.191590 0.434000 70 86 75
0.264375 -0.191590 0.434000 70 86 75
0.265497 -0.191590 0.434000 65 85 70
0.266618 -0.191590 0.434000 67 87 72
0.267740 -0.191590 0.434000 71 93 75
0.268862 -0.191590 0.434000 73 95 77
0.269984 -0.191590 0.434000 72 100 75
0.271106 -0.191590 0.434000 72 100 75
0.272228 -0.191590 0.434000 72 102 75
0.273350 -0.191590 0.434000 73 103 76
0.274472 -0.191590 0.434000 61 92 62
0.275594 -0.191590 0.434000 69 100 70
0.276715 -0.191590 0.434000 69 100 70
0.277837 -0.191590 0.434000 77 108 78
0.278959 -0.191590 0.434000 80 107 76
0.280081 -0.191590 0.434000 82 109 78
0.281203 -0.191590 0.434000 90 112 81
0.282325 -0.191590 0.434000 97 119 88
0.283447 -0.191590 0.434000 115 139 109
0.284569 -0.191590 0.434000 118 142 112
0.285690 -0.191590 0.434000 123 147 119
0.286812 -0.191590 0.434000 125 149 121
0.287934 -0.191590 0.434000 124 147 124
0.025824 -0.193538 0.441000 138 161 136
0.026964 -0.193538 0.441000 134 157 132
0.028041 -0.193099 0.440000 130 153 128
0.029178 -0.193099 0.440000 120 143 118
0.030315 -0.193099 0.440000 118 142 114
0.031453 -0.193099 0.440000 117 141 113
0.032590 -0.193099 0.440000 114 141 112
0.033728 -0.193099 0.440000 109 136 107
0.034865 -0.193099 0.440000 101 130 98
0.036002 -0.193099 0.440000 98 127 95
0.037140 -0.193099 0.440000 98 127 95
0.038277 -0.193099 0.440000 94 123 91
0.039414 -0.193099 0.440000 89 120 88
0.040552 -0.193099 0.440000 87 118 86
0.041689 -0.193099 0.440000 81 115 84
0.042827 -0.193099 0.440000 81 115 84
0.043964 -0.193099 0.440000 82 116 83
0.045101 -0.193099 0.440000 83 117 84
0.046239 -0.193099 0.440000 84 118 85
0.047376 -0.193099 0.440000 83 117 84
0.048514 -0.193099 0.440000 74 103 71
0.049651 -0.193099 0.440000 78 107 75
0.050788 -0.193099 0.440000 85 114 84
0.051926 -0.193099 0.440000 86 115 85
0.053063 -0.193099 0.440000 82 116 85
0.054324 -0.193538 0.441000 80 114 83
0.055464 -0.193538 0.441000 74 113 80
0.056604 -0.193538 0.441000 75 114 81
0.057744 -0.193538 0.441000 74 113 80
0.058884 -0.193538 0.441000 78 117 84
0.060024 -0.193538 0.441000 77 116 83
0.061164 -0.193538 0.441000 71 110 77
0.062304 -0.193538 0.441000 74 109 80
0.063444 -0.193538 0.441000 76 111 82
0.064583 -0.193538 0.441000 75 110 81
0.065574 -0.193099 0.440000 75 110 81
0.066712 -0.193099 0.440000 78 111 83
0.067849 -0.193099 0.440000 77 110 82
0.068987 -0.193099 0.440000 77 110 82
0.070124 -0.193099 0.440000 76 109 81
0.071261 -0.193099 0.440000 87 117 90
0.072234 -0.192661 0.439000 82 112 85
0.073369 -0.192661 0.439000 80 110 83
0.074504 -0.192661 0.439000 83 113 86
0.075639 -0.192661 0.439000 80 108 83
0.076773 -0.192661 0.439000 79 107 82
0.077908 -0.192661 0.439000 82 109 87
0.079043 -0.192661 0.439000 82 109 87
0.080178 -0.192661 0.439000 81 108 88
0.081313 -0.192661 0.439000 82 109 89
0.082447 -0.192661 0.439000 81 106 89
0.083582 -0.192661 0.439000 85 110 93
0.084717 -0.192661 0.439000 82 109 91
0.086047 -0.193099 0.440000 87 114 96
0.086987 -0.192661 0.439000 96 122 107
0.088322 -0.193099 0.440000 101 127 112
0.089460 -0.193099 0.440000 91 117 104
0.090597 -0.193099 0.440000 99 125 112
0.091734 -0.193099 0.440000 115 141 128
0.092872 -0.193099 0.440000 109 135 122
0.094009 -0.193099 0.440000 107 130 122
0.095147 -0.193099 0.440000 114 137 129
0.144054 -0.193099 0.440000 148 156 155
0.145192 -0.193099 0.440000 182 190 189
0.146329 -0.193099 0.440000 184 190 190
0.147466 -0.193099 0.440000 168 174 174
0.148604 -0.193099 0.440000 152 162 165
0.149741 -0.193099 0.440000 155 165 168
0.260486 -0.190905 0.435000 135 151 140
0.261611 -0.190905 0.435000 133 152 140
0.262735 -0.190905 0.435000 131 150 138
0.263253 -0.190466 0.434000 123 142 132
0.264375 -0.190466 0.434000 111 130 120
0.265497 -0.190466 0.434000 96 115 105
0.266618 -0.190466 0.434000 77 96 86
0.267740 -0.190466 0.434000 67 88 75
0.268862 -0.190466 0.434000 71 92 79
0.269984 -0.190466 0.434000 71 96 79
0.271106 -0.190466 0.434000 72 97 80
0.272228 -0.190466 0.434000 70 97 77
0.273350 -0.190466 0.434000 71 98 78
0.274472 -0.190466 0.434000 61 91 64
0.275594 -0.190466 0.434000 61 91 64
0.276715 -0.190466 0.434000 57 88 58
0.277837 -0.190466 0.434000 76 107 77
0.278959 -0.190466 0.434000 71 100 70
0.280081 -0.190466 0.434000 68 97 67
0.281203 -0.190466 0.434000 71 95 65
0.281674 -0.190027 0.433000 75 99 69
0.282794 -0.190027 0.433000 91 115 85
0.283913 -0.190027 0.433000 92 116 86
0.285032 -0.190027 0.433000 104 128 98
0.286151 -0.190027 0.433000 112 136 106
0.287271 -0.190027 0.433000 114 140 114
0.288390 -0.190027 0.433000 128 154 128
0.289509 -0.190027 0.433000 131 157 133
0.018941 -0.191960 0.440000 140 164 134
0.020125 -0.192397 0.441000 131 155 125
0.021264 -0.192397 0.441000 119 148 116
0.022404 -0.192397 0.441000 110 139 107
0.023544 -0.192397 0.441000 108 137 105
0.024684 -0.192397 0.441000 105 134 102
0.025766 -0.191960 0.440000 99 126 95
0.026903 -0.191960 0.440000 95 122 91
0.028041 -0.191960 0.440000 92 119 88
0.029178 -0.191960 0.440000 90 117 86
0.030315 -0.191960 0.440000 93 122 92
0.031381 -0.191524 0.439000 89 118 88
0.032516 -0.191524 0.439000 82 113 83
0.033651 -0.191524 0.439000 82 113 83
0.034786 -0.191524 0.439000 85 116 86
0.036002 -0.191960 0.440000 90 121 91
0.037140 -0.191960 0.440000 78 109 79
0.038277 -0.191960 0.440000 85 116 86
0.039414 -0.191960 0.440000 83 114 84
0.040552 -0.191960 0.440000 84 115 85
0.041689 -0.191960 0.440000 80 114 83
0.042827 -0.191960 0.440000 83 117 86
0.043964 -0.191960 0.440000 82 116 85
0.045101 -0.191960 0.440000 80 114 83
0.046239 -0.191960 0.440000 80 114 83
0.047376 -0.191960 0.440000 82 116 85
0.048514 -0.191960 0.440000 75 105 78
0.049651 -0.191960 0.440000 79 109 82
0.050788 -0.191960 0.440000 79 109 82
0.051926 -0.191960 0.440000 82 112 85
0.053063 -0.191960 0.440000 80 113 85
0.054324 -0.192397 0.441000 78 111 83
0.055464 -0.192397 0.441000 75 108 80
0.056604 -0.192397 0.441000 76 109 81
0.057744 -0.192397 0.441000 76 111 82
0.058884 -0.192397 0.441000 76 111 82
0.060024 -0.192397 0.441000 75 110 83
0.061164 -0.192397 0.441000 74 109 82
0.062304 -0.192397 0.441000 76 109 83
0.063444 -0.192397 0.441000 76 109 83
0.064583 -0.192397 0.441000 78 110 87
0.065723 -0.192397 0.441000 80 112 89
0.066712 -0.191960 0.440000 82 111 89
0.067849 -0.191960 0.440000 77 106 84
0.068987 -0.191960 0.440000 78 107 85
0.070124 -0.191960 0.440000 79 108 86
0.071261 -0.191960 0.440000 87 114 92
0.072399 -0.191960 0.440000 82 109 87
0.073536 -0.191960 0.440000 85 110 91
0.074674 -0.191960 0.440000 90 115 96
0.075639 -0.191524 0.439000 94 119 102
0.076773 -0.191524 0.439000 96 121 104
0.077908 -0.191524 0.439000 103 125 109
0.079043 -0.191524 0.439000 101 123 107
0.080360 -0.191960 0.440000 98 119 108
0.081498 -0.191960 0.440000 111 132 121
0.082635 -0.191960 0.440000 115 139 127
0.142917 -0.191960 0.440000 177 183 181
0.144054 -0.191960 0.440000 184 190 190
0.145192 -0.191960 0.440000 178 184 184
0.146329 -0.191960 0.440000 154 161 165
0.147466 -0.191960 0.440000 153 160 164
0.148604 -0.191960 0.440000 145 157 159
0.264984 -0.189779 0.435000 137 156 144
0.266108 -0.189779 0.435000 135 154 144
0.267233 -0.189779 0.435000 130 149 139
0.267740 -0.189343 0.434000 112 132 125
0.268862 -0.189343 0.434000 92 112 105
0.269984 -0.189343 0.434000 73 96 88
0.271106 -0.189343 0.434000 66 89 81
0.272228 -0.189343 0.434000 57 84 75
0.273350 -0.189343 0.434000 54 81 72
0.274472 -0.189343 0.434000 55 82 62
0.275594 -0.189343 0.434000 65 92 72
0.276715 -0.189343 0.434000 67 95 70
0.277837 -0.189343 0.434000 66 94 69
0.278959 -0.189343 0.434000 61 91 64
0.280081 -0.189343 0.434000 58 88 61
0.281203 -0.189343 0.434000 58 87 57
0.281674 -0.188907 0.433000 58 87 57
0.282794 -0.188907 0.433000 58 87 55
0.283913 -0.188907 0.433000 65 94 62
0.285032 -0.188907 0.433000 71 100 68
0.286151 -0.188907 0.433000 74 103 71
0.287271 -0.188907 0.433000 82 108 82
0.288390 -0.188907 0.433000 97 123 97
0.289509 -0.188907 0.433000 109 135 109
0.009842 -0.190821 0.440000 138 162 134
0.010980 -0.190821 0.440000 131 155 127
0.012117 -0.190821 0.440000 123 146 121
0.013255 -0.190821 0.440000 123 146 121
0.014392 -0.190821 0.440000 120 144 116
0.015529 -0.190821 0.440000 111 135 107
0.016667 -0.190821 0.440000 97 128 94
0.017804 -0.190821 0.440000 92 123 89
0.018941 -0.190821 0.440000 89 123 88
0.020079 -0.190821 0.440000 90 124 89
0.021216 -0.190821 0.440000 90 121 87
0.022354 -0.190821 0.440000 85 116 82
0.023491 -0.190821 0.440000 85 116 82
0.024628 -0.190821 0.440000 86 117 83
0.025766 -0.190821 0.440000 93 122 88
0.026903 -0.190821 0.440000 92 121 87
0.028041 -0.190821 0.440000 86 115 81
0.029178 -0.190821 0.440000 86 115 81
0.030246 -0.190388 0.439000 80 111 79
0.031381 -0.190388 0.439000 80 111 79
0.032516 -0.190388 0.439000 83 114 84
0.033651 -0.190388 0.439000 83 114 84
0.034865 -0.190821 0.440000 84 115 85
0.036002 -0.190821 0.440000 82 113 83
0.037140 -0.190821 0.440000 82 113 83
0.038277 -0.190821 0.440000 82 113 83
0.039414 -0.190821 0.440000 78 108 81
0.040552 -0.190821 0.440000 80 110 83
0.041689 -0.190821 0.440000 81 114 86
0.042827 -0.190821 0.440000 78 111 83
0.043964 -0.190821 0.440000 76 109 81
0.045101 -0.190821 0.440000 75 108 80
0.046239 -0.190821 0.440000 76 109 81
0.047376 -0.190821 0.440000 77 110 82
0.048514 -0.190821 0.440000 76 106 81
0.049651 -0.190821 0.440000 79 109 84
0.050788 -0.190821 0.440000 79 109 84
0.051926 -0.190821 0.440000 78 108 83
0.053184 -0.191255 0.441000 79 109 84
0.054324 -0.191255 0.441000 79 109 84
0.055464 -0.191255 0.441000 80 109 87
0.056732 -0.191689 0.442000 77 106 84
0.057875 -0.191689 0.442000 73 102 80
0.059017 -0.191689 0.442000 75 104 82
0.060160 -0.191689 0.442000 82 111 91
0.061302 -0.191689 0.442000 84 113 93
0.062445 -0.191689 0.442000 89 116 98
0.063587 -0.191689 0.442000 89 116 98
0.064730 -0.191689 0.442000 92 117 100
0.065723 -0.191255 0.441000 92 117 100
0.066863 -0.191255 0.441000 97 121 107
0.068003 -0.191255 0.441000 103 127 113
0.069143 -0.191255 0.441000 108 129 116
0.070124 -0.190821 0.440000 104 125 112
0.071261 -0.190821 0.440000 106 127 114
0.072399 -0.190821 0.440000 115 136 123
0.073536 -0.190821 0.440000 119 138 126
0.140642 -0.190821 0.440000 158 159 155
0.141779 -0.190821 0.440000 193 199 197
0.142917 -0.190821 0.440000 179 185 183
0.144054 -0.190821 0.440000 162 168 168
0.145192 -0.190821 0.440000 156 162 162
0.146329 -0.190821 0.440000 154 164 167
0.268357 -0.188653 0.435000 130 149 139
0.269482 -0.188653 0.435000 130 149 139
0.270606 -0.188653 0.435000 128 152 140
0.271106 -0.188219 0.434000 118 142 130
0.272228 -0.188219 0.434000 106 129 121
0.273350 -0.188219 0.434000 85 108 100
0.274472 -0.188219 0.434000 74 98 86
0.275594 -0.188219 0.434000 68 92 80
0.276715 -0.188219 0.434000 61 88 70
0.277837 -0.188219 0.434000 64 91 73
0.278959 -0.188219 0.434000 64 93 71
0.280081 -0.188219 0.434000 63 92 70
0.281203 -0.188219 0.434000 63 91 66
0.281674 -0.187786 0.433000 64 92 67
0.282794 -0.187786 0.433000 66 95 65
0.283913 -0.187786 0.433000 66 95 65
0.285032 -0.187786 0.433000 71 100 70
0.286151 -0.187786 0.433000 65 94 64
0.287271 -0.187786 0.433000 66 95 65
0.288390 -0.187786 0.433000 66 95 65
0.289509 -0.187786 0.433000 76 102 76
0.001881 -0.189683 0.440000 141 160 134
0.003018 -0.189683 0.440000 133 157 129
0.004155 -0.189683 0.440000 123 147 119
0.005281 -0.189251 0.439000 103 132 102
0.006430 -0.189683 0.440000 108 137 107
0.007550 -0.189251 0.439000 101 130 98
0.008685 -0.189251 0.439000 95 124 92
0.009842 -0.189683 0.440000 94 123 91
0.010980 -0.189683 0.440000 89 118 86
0.012117 -0.189683 0.440000 86 115 85
0.013255 -0.189683 0.440000 87 116 86
0.014392 -0.189683 0.440000 86 117 87
0.015529 -0.189683 0.440000 86 117 87
0.016667 -0.189683 0.440000 85 119 86
0.017804 -0.189683 0.440000 82 116 83
0.018941 -0.189683 0.440000 78 112 79
0.020079 -0.189683 0.440000 83 117 84
0.021216 -0.189683 0.440000 83 117 84
0.022354 -0.189683 0.440000 81 115 82
0.023491 -0.189683 0.440000 80 111 77
0.024628 -0.189683 0.440000 80 111 77
0.025766 -0.189683 0.440000 82 113 79
0.026903 -0.189683 0.440000 85 116 82
0.028041 -0.189683 0.440000 84 115 81
0.029112 -0.189251 0.439000 80 111 77
0.030246 -0.189251 0.439000 78 109 79
0.031381 -0.189251 0.439000 76 107 77
0.032516 -0.189251 0.439000 77 108 78
0.033651 -0.189251 0.439000 77 108 78
0.034786 -0.189251 0.439000 80 110 83
0.036002 -0.189683 0.440000 79 109 82
0.037140 -0.189683 0.440000 79 109 82
0.038277 -0.189683 0.440000 79 109 82
0.039414 -0.189683 0.440000 79 109 84
0.040552 -0.189683 0.440000 79 109 84
0.041689 -0.189683 0.440000 82 111 91
0.042827 -0.189683 0.440000 82 111 91
0.043964 -0.189683 0.440000 82 111 91
0.045101 -0.189683 0.440000 78 107 87
0.046239 -0.189683 0.440000 79 108 88
0.047376 -0.189683 0.440000 78 107 87
0.048514 -0.189683 0.440000 82 109 89
0.049651 -0.189683 0.440000 82 109 89
0.050788 -0.189683 0.440000 81 106 89
0.052044 -0.190114 0.441000 80 105 88
0.053184 -0.190114 0.441000 83 108 91
0.054324 -0.190114 0.441000 86 111 94
0.055589 -0.190545 0.442000 96 117 104
0.056732 -0.190545 0.442000 97 118 105
0.057875 -0.190545 0.442000 99 120 109
0.059017 -0.190545 0.442000 99 120 109
0.060160 -0.190545 0.442000 99 123 111
0.061302 -0.190545 0.442000 103 127 115
0.138367 -0.189683 0.440000 147 154 148
0.139188 -0.189251 0.439000 179 183 178
0.140322 -0.189251 0.439000 192 196 191
0.141779 -0.189683 0.440000 175 181 179
0.142917 -0.189683 0.440000 153 159 157
0.144054 -0.189683 0.440000 155 163 164
0.272228 -0.187096 0.434000 127 148 137
0.273350 -0.187096 0.434000 130 151 140
0.274472 -0.187096 0.434000 127 150 144
0.275594 -0.187096 0.434000 107 130 124
0.276715 -0.187096 0.434000 78 104 91
0.277837 -0.187096 0.434000 70 96 83
0.278959 -0.187096 0.434000 68 93 74
0.280081 -0.187096 0.434000 66 91 72
0.281203 -0.187096 0.434000 67 89 69
0.281674 -0.186665 0.433000 74 96 76
0.282794 -0.186665 0.433000 68 94 70
0.283913 -0.186665 0.433000 65 91 67
0.285032 -0.186665 0.433000 61 90 60
0.286151 -0.186665 0.433000 63 92 62
0.287271 -0.186665 0.433000 61 90 60
0.288390 -0.186665 0.433000 56 85 55
0.289509 -0.186665 0.433000 73 100 69
-0.004944 -0.188544 0.440000 141 165 133
-0.003806 -0.188544 0.440000 134 161 128
-0.002663 -0.188115 0.439000 128 155 122
-0.001528 -0.188115 0.439000 121 151 114
-0.000393 -0.188115 0.439000 107 137 100
0.000742 -0.188115 0.439000 104 131 98
0.001876 -0.188115 0.439000 99 126 93
0.003011 -0.188115 0.439000 93 122 90
0.004146 -0.188115 0.439000 94 123 91
0.005281 -0.188115 0.439000 87 118 86
0.006416 -0.188115 0.439000 87 118 86
0.007550 -0.188115 0.439000 82 113 81
0.008685 -0.188115 0.439000 87 118 86
0.009842 -0.188544 0.440000 83 114 82
0.010955 -0.188115 0.439000 80 111 79
0.012090 -0.188115 0.439000 82 113 83
0.013224 -0.188115 0.439000 82 113 83
0.014359 -0.188115 0.439000 81 115 84
0.015494 -0.188115 0.439000 80 114 83
0.016667 -0.188544 0.440000 80 114 83
0.017804 -0.188544 0.440000 78 112 81
0.018941 -0.188544 0.440000 77 111 80
0.020079 -0.188544 0.440000 81 115 84
0.021216 -0.188544 0.440000 78 112 81
0.022354 -0.188544 0.440000 75 109 78
0.023491 -0.188544 0.440000 76 110 79
0.024628 -0.188544 0.440000 77 111 80
0.025766 -0.188544 0.440000 82 113 83
0.026903 -0.188544 0.440000 82 113 83
0.028041 -0.188544 0.440000 78 109 79
0.029112 -0.188115 0.439000 78 109 79
0.030246 -0.188115 0.439000 78 108 81
0.031381 -0.188115 0.439000 80 110 83
0.032590 -0.188544 0.440000 80 109 87
0.033728 -0.188544 0.440000 79 108 86
0.034865 -0.188544 0.440000 81 108 86
0.036002 -0.188544 0.440000 81 108 86
0.037140 -0.188544 0.440000 84 111 91
0.038364 -0.188972 0.441000 85 112 92
0.039504 -0.188972 0.441000 79 106 88
0.040644 -0.188972 0.441000 79 106 88
0.041784 -0.188972 0.441000 86 110 96
0.042924 -0.188972 0.441000 93 117 103
0.043964 -0.188544 0.440000 94 120 105
0.045101 -0.188544 0.440000 98 124 109
0.046239 -0.188544 0.440000 98 124 109
0.047376 -0.188544 0.440000 98 124 109
0.048514 -0.188544 0.440000 104 128 116
0.049651 -0.188544 0.440000 104 128 116
0.050904 -0.188972 0.441000 109 130 119
0.052044 -0.188972 0.441000 115 136 125
0.136918 -0.188115 0.439000 168 174 172
0.138053 -0.188115 0.439000 186 192 190
0.139188 -0.188115 0.439000 176 184 181
0.140322 -0.188115 0.439000 162 170 167
0.141457 -0.188115 0.439000 155 166 166
0.142592 -0.188115 0.439000 157 168 168
0.275594 -0.185973 0.434000 128 147 135
0.276715 -0.185973 0.434000 130 154 140
0.277837 -0.185973 0.434000 127 151 137
0.278959 -0.185973 0.434000 117 136 124
0.280081 -0.185973 0.434000 96 115 103
0.281203 -0.185973 0.434000 81 97 88
0.282325 -0.185973 0.434000 73 89 80
0.283447 -0.185973 0.434000 69 91 75
0.284569 -0.185973 0.434000 66 88 72
0.285032 -0.185544 0.433000 65 93 68
0.286151 -0.185544 0.433000 66 94 69
0.287271 -0.185544 0.433000 64 93 63
0.288390 -0.185544 0.433000 56 85 55
0.289509 -0.185544 0.433000 71 98 67
-0.014075 -0.187831 0.441000 150 169 143
-0.012905 -0.187405 0.440000 141 165 135
-0.011768 -0.187405 0.440000 133 157 127
-0.010631 -0.187405 0.440000 122 149 118
-0.009493 -0.187405 0.440000 117 144 113
-0.008356 -0.187405 0.440000 109 138 104
-0.007218 -0.187405 0.440000 103 132 98
-0.006067 -0.186979 0.439000 97 128 94
-0.004932 -0.186979 0.439000 91 122 88
-0.003798 -0.186979 0.439000 87 121 86
-0.002663 -0.186979 0.439000 84 118 83
-0.001528 -0.186979 0.439000 81 115 80
-0.000393 -0.186979 0.439000 83 117 82
0.000742 -0.186979 0.439000 89 120 86
0.001876 -0.186979 0.439000 85 116 82
0.003011 -0.186979 0.439000 86 117 83
0.004146 -0.186979 0.439000 90 121 87
0.005281 -0.186979 0.439000 82 116 85
0.006416 -0.186979 0.439000 77 111 80
0.007550 -0.186979 0.439000 80 114 83
0.008685 -0.186979 0.439000 82 116 85
0.009842 -0.187405 0.440000 78 112 81
0.010980 -0.187405 0.440000 75 109 78
0.012117 -0.187405 0.440000 77 107 80
0.013255 -0.187405 0.440000 80 110 83
0.014392 -0.187405 0.440000 78 111 83
0.015529 -0.187405 0.440000 75 108 80
0.016667 -0.187405 0.440000 76 109 83
0.017804 -0.187405 0.440000 78 111 85
0.018941 -0.187405 0.440000 78 111 85
0.020079 -0.187405 0.440000 78 111 85
0.021216 -0.187405 0.440000 78 107 85
0.022354 -0.187405 0.440000 77 106 84
0.023491 -0.187405 0.440000 73 102 80
0.024628 -0.187405 0.440000 72 101 79
0.025766 -0.187405 0.440000 76 105 83
0.026903 -0.187405 0.440000 77 106 84
0.028041 -0.187405 0.440000 82 109 87
0.029178 -0.187405 0.440000 85 112 90
0.030315 -0.187405 0.440000 85 112 94
0.031453 -0.187405 0.440000 82 109 91
0.032590 -0.187405 0.440000 88 113 96
0.033728 -0.187405 0.440000 90 115 98
0.034865 -0.187405 0.440000 92 116 102
0.036002 -0.187405 0.440000 94 118 104
0.037224 -0.187831 0.441000 99 123 109
0.038364 -0.187831 0.441000 97 121 107
0.039504 -0.187831 0.441000 108 129 118
0.040644 -0.187831 0.441000 111 132 121
0.041784 -0.187831 0.441000 105 125 118
0.042924 -0.187831 0.441000 113 133 126
0.044064 -0.187831 0.441000 112 132 125
0.135783 -0.186979 0.439000 179 183 178
0.136918 -0.186979 0.439000 184 192 189
0.138053 -0.186979 0.439000 168 176 173
0.139188 -0.186979 0.439000 157 168 164
0.140322 -0.186979 0.439000 159 170 166
0.141457 -0.186979 0.439000 154 167 166
0.278959 -0.184849 0.434000 133 152 140
0.280081 -0.184849 0.434000 133 152 140
0.281203 -0.184849 0.434000 132 147 142
0.282325 -0.184849 0.434000 119 134 129
0.283447 -0.184849 0.434000 99 119 112
0.284569 -0.184849 0.434000 73 93 86
0.285690 -0.184849 0.434000 64 91 73
0.286812 -0.184849 0.434000 67 94 76
0.287934 -0.184849 0.434000 66 95 73
0.288390 -0.184423 0.433000 63 92 70
0.290178 -0.184849 0.434000 71 99 72
-0.018635 -0.186689 0.441000 138 160 133
-0.017455 -0.186266 0.440000 122 146 114
-0.016318 -0.186266 0.440000 112 136 104
-0.015180 -0.186266 0.440000 103 130 97
-0.014043 -0.186266 0.440000 102 129 96
-0.012905 -0.186266 0.440000 92 123 89
-0.011768 -0.186266 0.440000 87 118 84
-0.010631 -0.186266 0.440000 84 118 83
-0.009493 -0.186266 0.440000 82 116 81
-0.008356 -0.186266 0.440000 80 116 80
-0.007202 -0.185842 0.439000 81 117 81
-0.006067 -0.185842 0.439000 83 119 85
-0.004932 -0.185842 0.439000 81 117 83
-0.003798 -0.185842 0.439000 76 112 78
-0.002663 -0.185842 0.439000 75 111 77
-0.001528 -0.185842 0.439000 83 119 83
-0.000393 -0.185842 0.439000 81 117 81
0.000742 -0.185842 0.439000 80 114 81
0.001876 -0.185842 0.439000 77 111 78
0.003011 -0.185842 0.439000 80 114 81
0.004146 -0.185842 0.439000 78 112 79
0.005281 -0.185842 0.439000 76 110 79
0.006430 -0.186266 0.440000 76 110 79
0.007568 -0.186266 0.440000 78 111 83
0.008705 -0.186266 0.440000 77 110 82
0.009842 -0.186266 0.440000 78 108 83
0.010980 -0.186266 0.440000 79 109 84
0.012117 -0.186266 0.440000 78 108 83
0.013255 -0.186266 0.440000 79 109 84
0.014392 -0.186266 0.440000 78 107 85
0.015529 -0.186266 0.440000 76 105 83
0.016667 -0.186266 0.440000 73 102 84
0.017804 -0.186266 0.440000 77 106 88
0.018941 -0.186266 0.440000 79 106 88
0.020079 -0.186266 0.440000 80 107 89
0.021216 -0.186266 0.440000 78 107 89
0.022354 -0.186266 0.440000 83 112 94
0.023491 -0.186266 0.440000 85 114 96
0.024628 -0.186266 0.440000 91 120 102
0.025766 -0.186266 0.440000 94 120 105
0.026903 -0.186266 0.440000 96 122 107
0.028041 -0.186266 0.440000 96 120 106
0.029178 -0.186266 0.440000 97 121 107
0.030315 -0.186266 0.440000 103 124 113
0.031453 -0.186266 0.440000 108 129 118
0.032590 -0.186266 0.440000 109 128 118
0.134648 -0.185842 0.439000 188 192 185
0.135783 -0.185842 0.439000 186 190 183
0.136918 -0.185842 0.439000 157 170 165
0.138053 -0.185842 0.439000 153 166 161
0.282325 -0.183726 0.434000 129 145 136
0.283447 -0.183726 0.434000 134 153 143
0.284569 -0.183726 0.434000 124 143 133
0.285690 -0.183726 0.434000 101 124 116
0.286812 -0.183726 0.434000 76 99 91
0.287934 -0.183726 0.434000 63 84 73
0.289056 -0.183726 0.434000 63 84 73
0.290178 -0.183726 0.434000 70 91 78
-0.025474 -0.185547 0.441000 149 171 144
-0.024279 -0.185127 0.440000 134 161 128
-0.023142 -0.185127 0.440000 118 145 112
-0.022005 -0.185127 0.440000 107 136 102
-0.020867 -0.185127 0.440000 100 129 95
-0.019730 -0.185127 0.440000 100 129 95
-0.018592 -0.185127 0.440000 98 127 93
-0.017455 -0.185127 0.440000 87 119 82
-0.016318 -0.185127 0.440000 84 116 79
-0.015180 -0.185127 0.440000 83 115 78
-0.014043 -0.185127 0.440000 79 111 74
-0.012905 -0.185127 0.440000 82 116 81
-0.011768 -0.185127 0.440000 80 114 79
-0.010631 -0.185127 0.440000 79 115 81
-0.009493 -0.185127 0.440000 81 117 83
-0.008337 -0.184706 0.439000 81 117 83
-0.007202 -0.184706 0.439000 76 112 78
-0.006067 -0.184706 0.439000 76 112 78
-0.004932 -0.184706 0.439000 76 112 78
-0.003798 -0.184706 0.439000 75 111 79
-0.002663 -0.184706 0.439000 76 112 80
-0.001528 -0.184706 0.439000 76 112 80
-0.000393 -0.184706 0.439000 75 111 79
0.000742 -0.184706 0.439000 74 110 78
0.001881 -0.185127 0.440000 74 110 78
0.003018 -0.185127 0.440000 75 108 80
0.004155 -0.185127 0.440000 76 109 81
0.005293 -0.185127 0.440000 75 105 80
0.006430 -0.185127 0.440000 78 108 83
0.007568 -0.185127 0.440000 83 112 90
0.008705 -0.185127 0.440000 79 108 86
0.009842 -0.185127 0.440000 80 107 87
0.010980 -0.185127 0.440000 81 108 88
0.012117 -0.185127 0.440000 83 108 91
0.013255 -0.185127 0.440000 83 108 91
0.014392 -0.185127 0.440000 83 107 93
0.015529 -0.185127 0.440000 80 104 90
0.016667 -0.185127 0.440000 86 110 98
0.017804 -0.185127 0.440000 94 118 106
0.018985 -0.185547 0.441000 97 121 109
0.020079 -0.185127 0.440000 97 121 109
0.021216 -0.185127 0.440000 101 124 116
0.022354 -0.185127 0.440000 104 127 119
0.132077 -0.184285 0.438000 175 175 169
0.133210 -0.184285 0.438000 200 200 194
0.134342 -0.184285 0.438000 164 173 166
0.135474 -0.184285 0.438000 159 168 161
0.136606 -0.184285 0.438000 157 172 171
0.285690 -0.182602 0.434000 129 149 144
0.286812 -0.182602 0.434000 130 150 145
0.287934 -0.182602 0.434000 120 138 134
0.289056 -0.182602 0.434000 99 117 113
0.290178 -0.182602 0.434000 70 88 82
-0.031174 -0.184406 0.441000 145 167 138
-0.030034 -0.184406 0.441000 135 157 128
-0.028829 -0.183988 0.440000 116 143 110
-0.027691 -0.183988 0.440000 106 133 100
-0.026554 -0.183988 0.440000 102 129 96
-0.025417 -0.183988 0.440000 101 128 95
-0.024279 -0.183988 0.440000 88 117 83
-0.023142 -0.183988 0.440000 87 116 82
-0.022005 -0.183988 0.440000 91 122 88
-0.020867 -0.183988 0.440000 91 122 88
-0.019730 -0.183988 0.440000 87 118 84
-0.018592 -0.183988 0.440000 85 116 82
-0.017455 -0.183988 0.440000 83 114 80
-0.016318 -0.183988 0.440000 84 115 81
-0.015180 -0.183988 0.440000 83 114 80
-0.014043 -0.183988 0.440000 82 113 79
-0.012905 -0.183988 0.440000 80 114 81
-0.011768 -0.183988 0.440000 77 111 78
-0.010631 -0.183988 0.440000 78 112 79
-0.009472 -0.183570 0.439000 78 112 79
-0.008337 -0.183570 0.439000 76 110 79
-0.007202 -0.183570 0.439000 76 110 79
-0.006067 -0.183570 0.439000 78 112 81
-0.004932 -0.183570 0.439000 78 112 81
-0.003798 -0.183570 0.439000 76 109 81
-0.002663 -0.183570 0.439000 76 109 81
-0.001528 -0.183570 0.439000 79 109 82
-0.000393 -0.183570 0.439000 80 110 83
0.000743 -0.183988 0.440000 78 107 85
0.001881 -0.183988 0.440000 77 106 84
0.003018 -0.183988 0.440000 77 106 84
0.004155 -0.183988 0.440000 79 108 86
0.005293 -0.183988 0.440000 85 110 91
0.006430 -0.183988 0.440000 87 112 93
0.007568 -0.183988 0.440000 94 119 102
0.008705 -0.183988 0.440000 93 118 101
0.009842 -0.183988 0.440000 94 118 106
0.010980 -0.183988 0.440000 97 121 109
0.012145 -0.184406 0.441000 111 131 124
0.013285 -0.184406 0.441000 104 124 117
0.014425 -0.184406 0.441000 111 129 123
0.015565 -0.184406 0.441000 113 131 125
0.130945 -0.183151 0.438000 192 189 184
0.132077 -0.183151 0.438000 189 189 189
0.133210 -0.183151 0.438000 166 166 166
0.134342 -0.183151 0.438000 160 171 171
0.289056 -0.181479 0.434000 130 148 142
0.290178 -0.181479 0.434000 133 151 147
-0.036874 -0.183264 0.441000 141 163 134
-0.035734 -0.183264 0.441000 125 149 117
-0.034594 -0.183264 0.441000 115 139 107
-0.033454 -0.183264 0.441000 104 128 96
-0.032241 -0.182849 0.440000 94 118 86
-0.031104 -0.182849 0.440000 89 116 83
-0.029966 -0.182849 0.440000 92 119 86
-0.028829 -0.182849 0.440000 86 116 79
-0.027691 -0.182849 0.440000 87 117 80
-0.026554 -0.182849 0.440000 86 118 81
-0.025417 -0.182849 0.440000 85 117 80
-0.024279 -0.182849 0.440000 86 117 83
-0.023142 -0.182849 0.440000 84 115 81
-0.022005 -0.182849 0.440000 82 113 79
-0.020867 -0.182849 0.440000 82 113 79
-0.019730 -0.182849 0.440000 83 114 80
-0.018592 -0.182849 0.440000 83 114 80
-0.017455 -0.182849 0.440000 80 111 79
-0.016318 -0.182849 0.440000 80 111 79
-0.015180 -0.182849 0.440000 79 110 80
-0.014043 -0.182849 0.440000 80 111 81
-0.012905 -0.182849 0.440000 78 109 79
-0.011768 -0.182849 0.440000 78 109 79
-0.010631 -0.182849 0.440000 79 109 84
-0.009493 -0.182849 0.440000 79 109 84
-0.008356 -0.182849 0.440000 79 108 86
-0.007202 -0.182433 0.439000 78 107 85
-0.006067 -0.182433 0.439000 78 107 85
-0.004932 -0.182433 0.439000 80 109 87
-0.003798 -0.182433 0.439000 82 109 89
-0.002669 -0.182849 0.440000 80 107 87
-0.001532 -0.182849 0.440000 82 107 88
-0.000394 -0.182849 0.440000 87 112 93
0.000743 -0.182849 0.440000 90 115 98
0.001881 -0.182849 0.440000 97 122 105
0.003018 -0.182849 0.440000 104 125 112
0.004155 -0.182849 0.440000 106 127 114
0.005293 -0.182849 0.440000 112 133 122
0.006430 -0.182849 0.440000 117 138 127
0.007585 -0.183264 0.441000 112 133 122
0.129813 -0.182018 0.438000 196 196 190
0.130945 -0.182018 0.438000 191 191 185
0.132077 -0.182018 0.438000 155 161 163
0.133210 -0.182018 0.438000 158 164 166
-0.042574 -0.182123 0.441000 141 162 140
-0.041434 -0.182123 0.441000 127 148 126
-0.040294 -0.182123 0.441000 108 137 107
-0.039154 -0.182123 0.441000 96 125 95
-0.038014 -0.182123 0.441000 91 120 88
-0.036791 -0.181710 0.440000 91 120 88
-0.035653 -0.181710 0.440000 89 118 84
-0.034516 -0.181710 0.440000 86 115 81
-0.033378 -0.181710 0.440000 85 112 79
-0.032241 -0.181710 0.440000 83 110 77
-0.031104 -0.181710 0.440000 84 113 79
-0.029966 -0.181710 0.440000 84 113 79
-0.028829 -0.181710 0.440000 84 113 79
-0.027691 -0.181710 0.440000 87 116 82
-0.026554 -0.181710 0.440000 82 113 79
-0.025417 -0.181710 0.440000 83 114 80
-0.024279 -0.181710 0.440000 82 113 81
-0.023142 -0.181710 0.440000 80 111 79
-0.022005 -0.181710 0.440000 79 110 78
-0.020867 -0.181710 0.440000 78 109 77
-0.019730 -0.181710 0.440000 79 109 82
-0.018592 -0.181710 0.440000 80 110 83
-0.017455 -0.181710 0.440000 80 110 83
-0.016318 -0.181710 0.440000 77 107 80
-0.015180 -0.181710 0.440000 77 107 82
-0.014043 -0.181710 0.440000 78 108 83
-0.012905 -0.181710 0.440000 77 106 84
-0.011768 -0.181710 0.440000 78 107 85
-0.010631 -0.181710 0.440000 79 106 86
-0.009493 -0.181710 0.440000 82 109 89
-0.008356 -0.181710 0.440000 87 112 95
-0.007218 -0.181710 0.440000 83 108 91
-0.006081 -0.181710 0.440000 97 121 109
-0.004944 -0.181710 0.440000 103 127 115
-0.003806 -0.181710 0.440000 105 125 118
-0.002669 -0.181710 0.440000 109 129 122
-0.001532 -0.181710 0.440000 115 135 128
-0.000394 -0.181710 0.440000 117 137 130
0.127548 -0.180884 0.438000 176 177 168
0.128681 -0.180884 0.438000 196 197 188
0.129516 -0.180471 0.437000 177 180 179
0.130646 -0.180471 0.437000 164 167 166
0.131776 -0.180471 0.437000 159 166 170
0.132905 -0.180471 0.437000 160 167 171
-0.048164 -0.180571 0.440000 157 176 148
-0.047027 -0.180571 0.440000 144 163 137
-0.045890 -0.180571 0.440000 129 148 122
-0.044752 -0.180571 0.440000 114 133 107
-0.043615 -0.180571 0.440000 101 120 94
-0.042478 -0.180571 0.440000 86 115 85
-0.041340 -0.180571 0.440000 82 111 81
-0.040203 -0.180571 0.440000 81 115 84
-0.039065 -0.180571 0.440000 81 115 84
-0.037928 -0.180571 0.440000 81 115 82
-0.036791 -0.180571 0.440000 80 114 81
-0.035653 -0.180571 0.440000 81 115 82
-0.034516 -0.180571 0.440000 84 118 85
-0.033378 -0.180571 0.440000 84 115 81
-0.032241 -0.180571 0.440000 82 113 79
-0.031104 -0.180571 0.440000 80 111 77
-0.029966 -0.180571 0.440000 80 111 77
-0.028829 -0.180571 0.440000 82 113 81
-0.027691 -0.180571 0.440000 83 114 82
-0.026554 -0.180571 0.440000 78 108 81
-0.025417 -0.180571 0.440000 80 110 83
-0.024279 -0.180571 0.440000 78 108 83
-0.023142 -0.180571 0.440000 79 109 84
-0.022005 -0.180571 0.440000 82 112 87
-0.020867 -0.180571 0.440000 77 107 82
-0.019730 -0.180571 0.440000 79 106 84
-0.018592 -0.180571 0.440000 80 107 85
-0.017455 -0.180571 0.440000 81 108 90
-0.016318 -0.180571 0.440000 78 105 87
-0.015180 -0.180571 0.440000 79 106 88
-0.014043 -0.180571 0.440000 92 119 101
-0.012905 -0.180571 0.440000 98 124 109
-0.011768 -0.180571 0.440000 94 120 105
-0.010631 -0.180571 0.440000 99 120 107
-0.009493 -0.180571 0.440000 109 130 117
-0.008356 -0.180571 0.440000 112 131 119
-0.007218 -0.180571 0.440000 118 137 125
0.126416 -0.179750 0.438000 179 177 169
0.127548 -0.179750 0.438000 193 197 190
0.128387 -0.179340 0.437000 174 178 171
0.129516 -0.179340 0.437000 162 170 171
0.130646 -0.179340 0.437000 162 170 171
-0.053851 -0.179432 0.440000 151 175 143
-0.052714 -0.179432 0.440000 141 165 133
-0.051577 -0.179432 0.440000 132 157 122
-0.050439 -0.179432 0.440000 120 145 110
-0.049302 -0.179432 0.440000 105 134 102
-0.048164 -0.179432 0.440000 94 123 91
-0.047027 -0.179432 0.440000 85 116 86
-0.045890 -0.179432 0.440000 89 120 90
-0.044752 -0.179432 0.440000 93 124 94
-0.043615 -0.179432 0.440000 87 118 88
-0.042478 -0.179432 0.440000 88 122 89
-0.041340 -0.179432 0.440000 83 117 84
-0.040203 -0.179432 0.440000 81 117 83
-0.039065 -0.179432 0.440000 81 117 83
-0.037928 -0.179432 0.440000 82 116 83
-0.036791 -0.179432 0.440000 80 114 81
-0.035653 -0.179432 0.440000 82 116 83
-0.034516 -0.179432 0.440000 82 116 83
-0.033378 -0.179432 0.440000 83 114 82
-0.032241 -0.179432 0.440000 82 113 81
-0.031104 -0.179432 0.440000 80 111 81
-0.029966 -0.179432 0.440000 83 114 84
-0.028829 -0.179432 0.440000 82 112 87
-0.027691 -0.179432 0.440000 77 107 82
-0.026554 -0.179432 0.440000 76 105 85
-0.025417 -0.179432 0.440000 77 106 86
-0.024279 -0.179432 0.440000 80 107 89
-0.023142 -0.179432 0.440000 84 111 93
-0.022005 -0.179432 0.440000 93 119 104
-0.020867 -0.179432 0.440000 92 118 103
-0.019730 -0.179432 0.440000 95 119 105
-0.018592 -0.179432 0.440000 100 124 110
-0.017455 -0.179432 0.440000 109 130 119
-0.016318 -0.179432 0.440000 115 136 125
-0.015180 -0.179432 0.440000 117 138 127
-0.014043 -0.179432 0.440000 122 143 132
0.124435 -0.179024 0.439000 150 146 139
0.125284 -0.178616 0.438000 194 195 186
0.126416 -0.178616 0.438000 188 189 180
0.127548 -0.178616 0.438000 163 171 168
0.128387 -0.178209 0.437000 163 171 168
-0.058401 -0.178293 0.440000 142 171 141
-0.057264 -0.178293 0.440000 131 160 130
-0.056126 -0.178293 0.440000 113 144 112
-0.054989 -0.178293 0.440000 101 132 100
-0.053851 -0.178293 0.440000 95 124 90
-0.052714 -0.178293 0.440000 93 122 88
-0.051577 -0.178293 0.440000 91 121 84
-0.050325 -0.177888 0.439000 88 118 81
-0.048055 -0.177888 0.439000 87 118 84
-0.046920 -0.177888 0.439000 83 117 84
-0.044752 -0.178293 0.440000 82 118 84
-0.043615 -0.178293 0.440000 82 118 84
-0.042478 -0.178293 0.440000 81 117 83
-0.041340 -0.178293 0.440000 79 115 81
-0.040203 -0.178293 0.440000 77 113 79
-0.039065 -0.178293 0.440000 80 116 82
-0.037928 -0.178293 0.440000 81 115 82
-0.036791 -0.178293 0.440000 81 115 82
-0.035653 -0.178293 0.440000 82 113 83
-0.034516 -0.178293 0.440000 80 111 81
-0.033378 -0.178293 0.440000 85 113 86
-0.032241 -0.178293 0.440000 86 114 87
-0.031104 -0.178293 0.440000 86 113 91
-0.029966 -0.178293 0.440000 87 114 92
-0.028829 -0.178293 0.440000 86 111 94
-0.027691 -0.178293 0.440000 90 115 98
-0.026554 -0.178293 0.440000 99 120 109
-0.025417 -0.178293 0.440000 99 120 109
-0.024279 -0.178293 0.440000 102 126 114
-0.023142 -0.178293 0.440000 108 132 120
-0.022005 -0.178293 0.440000 110 133 125
0.123300 -0.177888 0.439000 166 167 158
0.124152 -0.177483 0.438000 184 185 176
0.125284 -0.177483 0.438000 177 183 181
0.126416 -0.177483 0.438000 160 166 164
0.127257 -0.177077 0.437000 158 171 170
-0.061813 -0.177154 0.440000 126 148 119
-0.060676 -0.177154 0.440000 103 130 101
-0.059538 -0.177154 0.440000 101 128 99
-0.058401 -0.177154 0.440000 90 124 93
-0.057264 -0.177154 0.440000 82 116 85
-0.056126 -0.177154 0.440000 80 116 80
-0.054989 -0.177154 0.440000 84 120 84
-0.053851 -0.177154 0.440000 84 120 84
-0.052714 -0.177154 0.440000 82 118 82
-0.051577 -0.177154 0.440000 84 118 83
-0.050439 -0.177154 0.440000 83 117 82
-0.049190 -0.176751 0.439000 83 117 84
-0.048055 -0.176751 0.439000 84 118 85
-0.046920 -0.176751 0.439000 82 116 83
-0.044752 -0.177154 0.440000 80 116 84
-0.043615 -0.177154 0.440000 79 115 83
-0.042478 -0.177154 0.440000 77 113 81
-0.041340 -0.177154 0.440000 77 113 81
-0.040203 -0.177154 0.440000 77 111 80
-0.039065 -0.177154 0.440000 77 111 80
-0.037928 -0.177154 0.440000 83 113 88
-0.036791 -0.177154 0.440000 83 113 88
-0.035653 -0.177154 0.440000 83 108 87
-0.034516 -0.177154 0.440000 89 114 93
-0.033378 -0.177154 0.440000 95 120 101
-0.032241 -0.177154 0.440000 96 121 102
-0.031104 -0.177154 0.440000 101 122 109
-0.029966 -0.177154 0.440000 106 127 114
-0.028829 -0.177154 0.440000 115 135 128
-0.027691 -0.177154 0.440000 116 136 129
0.121031 -0.176751 0.439000 140 137 132
0.122166 -0.176751 0.439000 182 179 174
0.123020 -0.176349 0.438000 190 194 187
0.124152 -0.176349 0.438000 171 175 168
0.125284 -0.176349 0.438000 164 172 171
0.126128 -0.175946 0.437000 164 172 171
-0.069775 -0.176015 0.440000 164 182 159
-0.068637 -0.176015 0.440000 161 179 156
-0.067500 -0.176015 0.440000 149 176 147
-0.066363 -0.176015 0.440000 134 161 132
-0.065225 -0.176015 0.440000 114 141 112
-0.064088 -0.176015 0.440000 103 130 101
-0.062951 -0.176015 0.440000 96 123 94
-0.061813 -0.176015 0.440000 88 115 86
-0.060676 -0.176015 0.440000 88 115 86
-0.059538 -0.176015 0.440000 86 113 84
-0.058401 -0.176015 0.440000 87 118 86
-0.057264 -0.176015 0.440000 86 117 85
-0.056126 -0.176015 0.440000 82 118 84
-0.054989 -0.176015 0.440000 82 118 84
-0.053851 -0.176015 0.440000 83 119 83
-0.052714 -0.176015 0.440000 82 118 82
-0.051577 -0.176015 0.440000 83 119 83
-0.050439 -0.176015 0.440000 80 116 80
-0.049302 -0.176015 0.440000 81 115 84
-0.048164 -0.176015 0.440000 80 114 83
-0.047027 -0.176015 0.440000 77 111 80
-0.045890 -0.176015 0.440000 75 109 78
-0.044752 -0.176015 0.440000 75 110 81
-0.043615 -0.176015 0.440000 75 110 81
-0.042478 -0.176015 0.440000 75 108 82
-0.041340 -0.176015 0.440000 75 108 82
-0.040203 -0.176015 0.440000 87 116 96
-0.039065 -0.176015 0.440000 94 123 103
-0.037928 -0.176015 0.440000 104 128 114
-0.036791 -0.176015 0.440000 109 133 119
-0.034594 -0.176415 0.441000 113 137 123
-0.033454 -0.176415 0.441000 117 141 129
-0.032314 -0.176415 0.441000 121 145 133
0.118761 -0.175615 0.439000 146 141 139
0.119896 -0.175615 0.439000 143 138 136
0.120755 -0.175215 0.438000 193 193 189
0.121887 -0.175215 0.438000 195 195 191
0.123020 -0.175215 0.438000 163 171 170
0.124152 -0.175215 0.438000 164 172 171
0.125284 -0.175215 0.438000 164 175 175
-0.073187 -0.174876 0.440000 153 175 144
-0.072050 -0.174876 0.440000 135 157 126
-0.070912 -0.174876 0.440000 119 141 110
-0.069775 -0.174876 0.440000 104 131 98
-0.068637 -0.174876 0.440000 94 121 88
-0.067500 -0.174876 0.440000 85 116 84
-0.066363 -0.174876 0.440000 82 113 81
-0.065225 -0.174876 0.440000 78 112 81
-0.064088 -0.174876 0.440000 83 117 86
-0.062951 -0.174876 0.440000 85 116 86
-0.061813 -0.174876 0.440000 87 118 88
-0.060676 -0.174876 0.440000 87 116 84
-0.059538 -0.174876 0.440000 87 116 84
-0.058401 -0.174876 0.440000 86 115 85
-0.057264 -0.174876 0.440000 85 114 84
-0.056126 -0.174876 0.440000 84 115 85
-0.054989 -0.174876 0.440000 83 114 84
-0.053851 -0.174876 0.440000 81 115 84
-0.052714 -0.174876 0.440000 83 117 86
-0.051577 -0.174876 0.440000 83 117 86
-0.050439 -0.174876 0.440000 82 116 85
-0.049302 -0.174876 0.440000 80 113 87
-0.048164 -0.174876 0.440000 84 117 91
-0.047027 -0.174876 0.440000 85 117 96
-0.045890 -0.174876 0.440000 80 112 91
-0.044752 -0.174876 0.440000 84 113 95
-0.043615 -0.174876 0.440000 96 125 107
-0.042478 -0.174876 0.440000 107 133 118
-0.041340 -0.174876 0.440000 116 142 127
0.116492 -0.174479 0.439000 139 140 134
0.117626 -0.174479 0.439000 137 138 132
0.118761 -0.174479 0.439000 147 144 141
0.119623 -0.174081 0.438000 200 197 194
0.120755 -0.174081 0.438000 186 189 188
0.121887 -0.174081 0.438000 169 172 171
0.123020 -0.174081 0.438000 162 172 175
-0.078874 -0.173737 0.440000 157 179 148
-0.077737 -0.173737 0.440000 141 163 132
-0.076599 -0.173737 0.440000 127 151 119
-0.075462 -0.173737 0.440000 109 133 101
-0.074324 -0.173737 0.440000 92 119 86
-0.073021 -0.173342 0.439000 87 114 81
-0.071886 -0.173342 0.439000 84 114 77
-0.070912 -0.173737 0.440000 81 111 74
-0.069775 -0.173737 0.440000 82 114 77
-0.068637 -0.173737 0.440000 80 112 75
-0.067500 -0.173737 0.440000 77 111 78
-0.066212 -0.173342 0.439000 81 115 82
-0.065225 -0.173737 0.440000 82 118 86
-0.064088 -0.173737 0.440000 81 117 85
-0.062951 -0.173737 0.440000 81 117 85
-0.061813 -0.173737 0.440000 80 116 84
-0.060676 -0.173737 0.440000 80 114 83
-0.059538 -0.173737 0.440000 78 112 81
-0.058401 -0.173737 0.440000 80 114 83
-0.057264 -0.173737 0.440000 82 116 85
-0.056126 -0.173737 0.440000 82 115 89
-0.054989 -0.173737 0.440000 80 113 87
-0.053851 -0.173737 0.440000 84 113 91
-0.052714 -0.173737 0.440000 89 118 96
-0.051577 -0.173737 0.440000 85 114 94
-0.050439 -0.173737 0.440000 85 114 94
-0.049302 -0.173737 0.440000 90 118 103
-0.048164 -0.173737 0.440000 106 134 119
-0.047027 -0.173737 0.440000 109 135 122
-0.045890 -0.173737 0.440000 109 135 122
0.115357 -0.173342 0.439000 138 142 135
0.116226 -0.172948 0.438000 138 139 133
0.117358 -0.172948 0.438000 171 172 166
0.118491 -0.172948 0.438000 200 201 197
0.119623 -0.172948 0.438000 182 183 179
0.120755 -0.172948 0.438000 162 170 171
0.121887 -0.172948 0.438000 166 174 175
0.123020 -0.172948 0.438000 165 175 180
-0.312845 -0.176913 0.451000 110 111 102
-0.311679 -0.176913 0.451000 98 96 86
-0.310513 -0.176913 0.451000 103 101 91
-0.309347 -0.176913 0.451000 106 104 92
-0.307498 -0.176521 0.450000 107 105 93
-0.306335 -0.176521 0.450000 104 105 94
-0.305172 -0.176521 0.450000 111 112 101
-0.083424 -0.172598 0.440000 155 179 147
-0.082286 -0.172598 0.440000 146 170 138
-0.081149 -0.172598 0.440000 118 145 112
-0.080011 -0.172598 0.440000 103 130 97
-0.078695 -0.172206 0.439000 92 121 87
-0.077560 -0.172206 0.439000 87 116 82
-0.076425 -0.172206 0.439000 85 116 82
-0.075290 -0.172206 0.439000 85 116 82
-0.074156 -0.172206 0.439000 81 115 80
-0.073021 -0.172206 0.439000 84 118 83
-0.071886 -0.172206 0.439000 84 118 83
-0.070751 -0.172206 0.439000 83 117 82
-0.069616 -0.172206 0.439000 83 119 83
-0.068481 -0.172206 0.439000 83 119 83
-0.067347 -0.172206 0.439000 80 116 82
-0.066212 -0.172206 0.439000 79 115 81
-0.065225 -0.172598 0.440000 80 116 84
-0.064088 -0.172598 0.440000 80 116 84
-0.062951 -0.172598 0.440000 80 116 84
-0.061813 -0.172598 0.440000 79 115 83
-0.060676 -0.172598 0.440000 73 108 79
-0.059538 -0.172598 0.440000 77 112 83
-0.058401 -0.172598 0.440000 79 108 86
-0.057394 -0.172991 0.441000 82 111 89
-0.056254 -0.172991 0.441000 86 113 95
-0.055114 -0.172991 0.441000 92 119 101
-0.053974 -0.172991 0.441000 94 118 104
-0.052834 -0.172991 0.441000 103 127 113
-0.051694 -0.172991 0.441000 110 136 123
-0.050554 -0.172991 0.441000 116 142 129
0.113962 -0.171814 0.438000 137 141 134
0.115094 -0.171814 0.438000 140 144 137
0.116226 -0.171814 0.438000 176 177 171
0.117358 -0.171814 0.438000 195 196 190
0.118491 -0.171814 0.438000 172 178 178
0.119623 -0.171814 0.438000 168 174 174
0.120755 -0.171814 0.438000 168 180 184
0.121887 -0.171814 0.438000 165 177 181
-0.318674 -0.175746 0.451000 52 55 56
-0.317508 -0.175746 0.451000 53 56 57
-0.315641 -0.175356 0.450000 54 53 55
-0.314478 -0.175356 0.450000 52 51 53
-0.312151 -0.175356 0.450000 48 44 45
-0.310988 -0.175356 0.450000 46 46 42
-0.305172 -0.175356 0.450000 33 44 40
-0.304008 -0.175356 0.450000 41 47 47
-0.302845 -0.175356 0.450000 44 50 50
-0.295208 -0.174966 0.449000 101 98 93
-0.087773 -0.171070 0.439000 154 175 151
-0.086638 -0.171070 0.439000 138 159 135
-0.085504 -0.171070 0.439000 122 146 114
-0.084369 -0.171070 0.439000 110 134 102
-0.083234 -0.171070 0.439000 94 125 91
-0.082099 -0.171070 0.439000 87 118 84
-0.080964 -0.171070 0.439000 82 116 81
-0.079830 -0.171070 0.439000 83 117 82
-0.078695 -0.171070 0.439000 81 115 80
-0.077560 -0.171070 0.439000 76 110 75
-0.076425 -0.171070 0.439000 86 122 86
-0.075290 -0.171070 0.439000 82 118 82
-0.074156 -0.171070 0.439000 81 117 83
-0.073021 -0.171070 0.439000 81 117 83
-0.071886 -0.171070 0.439000 80 119 84
-0.070751 -0.171070 0.439000 79 118 83
-0.069616 -0.171070 0.439000 78 117 84
-0.068481 -0.171070 0.439000 79 118 85
-0.067347 -0.171070 0.439000 80 115 86
-0.066363 -0.171459 0.440000 80 115 86
-0.065225 -0.171459 0.440000 80 115 88
-0.064088 -0.171459 0.440000 80 115 88
-0.062951 -0.171459 0.440000 77 111 87
-0.061813 -0.171459 0.440000 80 114 90
-0.060814 -0.171849 0.441000 90 119 99
-0.059674 -0.171849 0.441000 96 125 105
-0.058534 -0.171849 0.441000 108 132 118
-0.057394 -0.171849 0.441000 111 135 121
-0.056254 -0.171849 0.441000 111 135 123
-0.055114 -0.171849 0.441000 115 139 127
0.112830 -0.170680 0.438000 140 141 132
0.113962 -0.170680 0.438000 140 145 135
0.115094 -0.170680 0.438000 183 188 178
0.116226 -0.170680 0.438000 193 200 194
0.117358 -0.170680 0.438000 167 174 168
0.118491 -0.170680 0.438000 167 178 178
0.119623 -0.170680 0.438000 173 184 184
-0.322171 -0.174578 0.451000 46 49 50
-0.321006 -0.174578 0.451000 47 52 57
-0.319840 -0.174578 0.451000 43 48 53
-0.318674 -0.174578 0.451000 37 42 47
-0.316804 -0.174191 0.450000 36 41 46
-0.315641 -0.174191 0.450000 39 38 45
-0.314478 -0.174191 0.450000 41 40 47
-0.313314 -0.174191 0.450000 45 43 50
-0.312151 -0.174191 0.450000 47 45 52
-0.310988 -0.174191 0.450000 46 45 52
-0.309825 -0.174191 0.450000 40 39 46
-0.303333 -0.173804 0.449000 39 50 48
-0.302172 -0.173804 0.449000 41 52 50
-0.286318 -0.172643 0.446000 95 107 99
-0.285166 -0.172643 0.446000 117 124 118
-0.093660 -0.170320 0.440000 167 183 160
-0.092523 -0.170320 0.440000 149 176 147
-0.091385 -0.170320 0.440000 127 154 125
-0.090043 -0.169933 0.439000 106 139 111
-0.088908 -0.169933 0.439000 96 129 101
-0.087773 -0.169933 0.439000 91 127 95
-0.086638 -0.169933 0.439000 89 125 93
-0.085504 -0.169933 0.439000 87 121 86
-0.084369 -0.169933 0.439000 82 116 81
-0.083234 -0.169933 0.439000 80 116 80
-0.082099 -0.169933 0.439000 82 118 82
-0.080964 -0.169933 0.439000 80 116 80
-0.079830 -0.169933 0.439000 80 116 80
-0.078695 -0.169933 0.439000 78 117 80
-0.077560 -0.169933 0.439000 75 114 77
-0.076425 -0.169933 0.439000 78 117 82
-0.075290 -0.169933 0.439000 77 116 81
-0.074156 -0.169933 0.439000 78 117 84
-0.073021 -0.169933 0.439000 78 117 84
-0.071886 -0.169933 0.439000 78 116 86
-0.070751 -0.169933 0.439000 74 112 82
-0.069616 -0.169933 0.439000 76 111 84
-0.068481 -0.169933 0.439000 77 112 85
-0.067347 -0.169933 0.439000 86 115 97
-0.066363 -0.170320 0.440000 87 116 98
-0.065225 -0.170320 0.440000 89 117 102
-0.064088 -0.170320 0.440000 94 122 107
-0.063094 -0.170707 0.441000 108 134 119
-0.061954 -0.170707 0.441000 115 141 126
-0.060814 -0.170707 0.441000 124 145 134
0.111697 -0.169546 0.438000 143 144 135
0.112830 -0.169546 0.438000 146 147 138
0.113962 -0.169546 0.438000 189 196 188
0.114831 -0.169159 0.437000 189 196 188
0.115961 -0.169159 0.437000 176 184 181
0.117091 -0.169159 0.437000 176 184 181
0.118220 -0.169159 0.437000 170 182 184
-0.322886 -0.173795 0.452000 43 46 45
-0.321006 -0.173411 0.451000 44 46 52
-0.319840 -0.173411 0.451000 43 45 51
-0.318674 -0.173411 0.451000 40 45 52
-0.316804 -0.173026 0.450000 35 40 47
-0.315641 -0.173026 0.450000 26 31 38
-0.314478 -0.173026 0.450000 35 40 47
-0.313314 -0.173026 0.450000 39 44 53
-0.312151 -0.173026 0.450000 39 44 53
-0.310988 -0.173026 0.450000 36 43 51
-0.309825 -0.173026 0.450000 34 41 49
-0.307975 -0.172642 0.449000 33 40 48
-0.304493 -0.172642 0.449000 40 50 55
-0.302657 -0.172257 0.448000 40 47 51
-0.280028 -0.171873 0.447000 94 108 97
-0.097072 -0.169181 0.440000 158 175 145
-0.095935 -0.169181 0.440000 146 163 133
-0.094797 -0.169181 0.440000 119 143 113
-0.093660 -0.169181 0.440000 106 130 100
-0.092312 -0.168797 0.439000 86 122 90
-0.091178 -0.168797 0.439000 81 117 85
-0.090043 -0.168797 0.439000 76 119 85
-0.088908 -0.168797 0.439000 67 110 76
-0.087773 -0.168797 0.439000 74 116 85
-0.086638 -0.168797 0.439000 78 120 89
-0.085504 -0.168797 0.439000 82 121 86
-0.084369 -0.168797 0.439000 81 120 85
-0.083234 -0.168797 0.439000 79 118 81
-0.082099 -0.168797 0.439000 81 120 83
-0.080964 -0.168797 0.439000 75 114 77
-0.079830 -0.168797 0.439000 75 114 77
-0.078695 -0.168797 0.439000 74 113 80
-0.077560 -0.168797 0.439000 74 113 80
-0.076425 -0.168797 0.439000 74 112 82
-0.075290 -0.168797 0.439000 75 113 83
-0.074156 -0.168797 0.439000 81 116 89
-0.073021 -0.168797 0.439000 80 115 88
-0.071886 -0.168797 0.439000 81 113 90
-0.070751 -0.168797 0.439000 84 116 93
-0.069616 -0.168797 0.439000 94 122 107
-0.068637 -0.169181 0.440000 103 131 116
-0.067500 -0.169181 0.440000 115 138 130
-0.066363 -0.169181 0.440000 118 141 133
0.110313 -0.168028 0.437000 148 144 137
0.111442 -0.168028 0.437000 146 147 138
0.112572 -0.168028 0.437000 200 201 192
0.113702 -0.168028 0.437000 185 192 186
0.114831 -0.168028 0.437000 176 183 177
0.115961 -0.168028 0.437000 178 189 189
0.117091 -0.168028 0.437000 181 192 192
-0.322886 -0.172625 0.452000 41 45 40
-0.321717 -0.172625 0.452000 46 49 50
-0.319840 -0.172244 0.451000 42 45 46
-0.318674 -0.172244 0.451000 41 48 56
-0.316804 -0.171862 0.450000 46 53 61
-0.315641 -0.171862 0.450000 50 61 70
-0.314478 -0.171862 0.450000 50 61 70
-0.313314 -0.171862 0.450000 38 51 60
-0.311457 -0.171480 0.449000 36 49 58
-0.310297 -0.171480 0.449000 35 46 55
-0.309136 -0.171480 0.449000 31 42 51
-0.307975 -0.171480 0.449000 29 39 46
-0.306815 -0.171480 0.449000 27 37 44
-0.304973 -0.171098 0.448000 32 39 45
-0.303815 -0.171098 0.448000 36 43 49
-0.301982 -0.170716 0.447000 36 41 48
-0.102759 -0.168042 0.440000 159 176 148
-0.101622 -0.168042 0.440000 144 168 138
-0.100484 -0.168042 0.440000 126 150 120
-0.099347 -0.168042 0.440000 112 136 104
-0.098210 -0.168042 0.440000 103 127 95
-0.097072 -0.168042 0.440000 98 122 90
-0.095935 -0.168042 0.440000 92 116 84
-0.094797 -0.168042 0.440000 86 115 81
-0.093660 -0.168042 0.440000 89 118 84
-0.092312 -0.167661 0.439000 81 120 85
-0.091178 -0.167661 0.439000 77 116 81
-0.090043 -0.167661 0.439000 74 120 85
-0.088908 -0.167661 0.439000 67 113 78
-0.087773 -0.167661 0.439000 71 114 80
-0.086638 -0.167661 0.439000 78 121 87
-0.085504 -0.167661 0.439000 79 120 86
-0.084369 -0.167661 0.439000 77 118 84
-0.083234 -0.167661 0.439000 79 117 87
-0.082099 -0.167661 0.439000 79 117 87
-0.080964 -0.167661 0.439000 79 117 87
-0.079830 -0.167661 0.439000 79 117 87
-0.078695 -0.167661 0.439000 80 114 90
-0.077737 -0.168042 0.440000 77 111 87
-0.076425 -0.167661 0.439000 86 115 95
-0.075290 -0.167661 0.439000 91 120 100
-0.074156 -0.167661 0.439000 101 128 110
-0.073021 -0.167661 0.439000 107 134 116
-0.071886 -0.167661 0.439000 113 137 123
-0.070912 -0.168042 0.440000 116 140 126
-0.069775 -0.168042 0.440000 120 143 135
0.109183 -0.166897 0.437000 147 143 136
0.110313 -0.166897 0.437000 159 155 148
0.111442 -0.166897 0.437000 196 197 191
0.112572 -0.166897 0.437000 189 190 184
0.113702 -0.166897 0.437000 174 183 176
0.114831 -0.166897 0.437000 175 184 177
0.115961 -0.166897 0.437000 172 185 184
-0.323600 -0.171835 0.453000 39 46 38
-0.321717 -0.171455 0.452000 49 55 55
-0.319840 -0.171076 0.451000 55 61 61
-0.318674 -0.171076 0.451000 77 84 90
-0.307290 -0.169938 0.448000 130 137 141
-0.306131 -0.169938 0.448000 121 128 132
-0.304293 -0.169559 0.447000 110 113 116
-0.303137 -0.169559 0.447000 96 99 102
-0.301982 -0.169559 0.447000 79 84 89
-0.300153 -0.169179 0.446000 64 69 74
-0.296695 -0.169179 0.446000 32 42 49
-0.295542 -0.169179 0.446000 29 39 46
-0.294389 -0.169179 0.446000 28 35 41
-0.293236 -0.169179 0.446000 29 36 42
-0.107065 -0.166524 0.439000 154 170 147
-0.105930 -0.166524 0.439000 133 157 129
-0.104795 -0.166524 0.439000 120 144 116
-0.103660 -0.166524 0.439000 106 137 105
-0.102526 -0.166524 0.439000 97 128 96
-0.101391 -0.166524 0.439000 85 119 86
-0.100484 -0.166904 0.440000 84 118 85
-0.099347 -0.166904 0.440000 84 118 83
-0.098210 -0.166904 0.440000 83 117 82
-0.097072 -0.166904 0.440000 91 120 86
-0.095935 -0.166904 0.440000 93 122 88
-0.094797 -0.166904 0.440000 86 115 81
-0.093447 -0.166524 0.439000 86 115 81
-0.092312 -0.166524 0.439000 82 116 83
-0.091178 -0.166524 0.439000 81 115 82
-0.090043 -0.166524 0.439000 78 119 85
-0.088908 -0.166524 0.439000 78 119 85
-0.087773 -0.166524 0.439000 78 116 86
-0.086638 -0.166524 0.439000 84 122 92
-0.085504 -0.166524 0.439000 80 118 88
-0.084369 -0.166524 0.439000 77 115 85
-0.083234 -0.166524 0.439000 81 118 93
-0.082286 -0.166904 0.440000 81 118 93
-0.081149 -0.166904 0.440000 87 116 96
-0.080011 -0.166904 0.440000 93 122 102
-0.078874 -0.166904 0.440000 102 128 113
-0.077737 -0.166904 0.440000 105 131 116
-0.076599 -0.166904 0.440000 115 136 123
-0.075462 -0.166904 0.440000 124 145 132
0.107806 -0.165386 0.436000 153 142 137
0.108933 -0.165386 0.436000 158 153 149
0.110060 -0.165386 0.436000 203 198 194
0.111187 -0.165386 0.436000 186 190 183
0.112314 -0.165386 0.436000 181 185 178
0.113441 -0.165386 0.436000 189 200 198
0.114568 -0.165386 0.436000 175 186 184
-0.323600 -0.170662 0.453000 42 51 42
-0.321717 -0.170285 0.452000 48 56 53
-0.320549 -0.170285 0.452000 47 55 52
-0.297847 -0.168025 0.446000 139 149 152
-0.296695 -0.168025 0.446000 133 144 144
-0.294879 -0.167648 0.445000 126 137 137
-0.293729 -0.167648 0.445000 110 116 116
-0.292578 -0.167648 0.445000 84 90 90
-0.291428 -0.167648 0.445000 69 72 75
-0.289127 -0.167648 0.445000 46 48 56
-0.287977 -0.167648 0.445000 37 39 47
-0.286827 -0.167648 0.445000 32 36 48
-0.285676 -0.167648 0.445000 29 33 45
-0.257496 -0.168025 0.446000 128 135 129
-0.112739 -0.165388 0.439000 160 183 158
-0.111604 -0.165388 0.439000 153 176 151
-0.110469 -0.165388 0.439000 142 168 142
-0.109334 -0.165388 0.439000 122 148 122
-0.108200 -0.165388 0.439000 99 129 102
-0.107065 -0.165388 0.439000 87 117 90
-0.105930 -0.165388 0.439000 82 117 88
-0.104795 -0.165388 0.439000 82 117 88
-0.103660 -0.165388 0.439000 74 115 81
-0.102526 -0.165388 0.439000 79 120 86
-0.101391 -0.165388 0.439000 81 120 85
-0.100256 -0.165388 0.439000 84 123 88
-0.099347 -0.165765 0.440000 85 124 87
-0.098210 -0.165765 0.440000 85 124 87
-0.097072 -0.165765 0.440000 85 119 84
-0.095935 -0.165765 0.440000 80 114 79
-0.094797 -0.165765 0.440000 83 117 84
-0.093660 -0.165765 0.440000 82 116 83
-0.092312 -0.165388 0.439000 80 114 83
-0.091178 -0.165388 0.439000 81 115 84
-0.090043 -0.165388 0.439000 82 115 87
-0.088908 -0.165388 0.439000 82 115 87
-0.087773 -0.165388 0.439000 78 110 87
-0.086638 -0.165388 0.439000 80 112 89
-0.085698 -0.165765 0.440000 89 118 98
-0.084561 -0.165765 0.440000 97 126 106
-0.083424 -0.165765 0.440000 106 134 121
-0.082286 -0.165765 0.440000 108 136 123
-0.081149 -0.165765 0.440000 109 133 121
0.106679 -0.164258 0.436000 148 136 134
0.107806 -0.164258 0.436000 169 157 155
0.108933 -0.164258 0.436000 201 196 194
0.110060 -0.164258 0.436000 186 181 179
0.111187 -0.164258 0.436000 180 188 185
0.112314 -0.164258 0.436000 197 205 202
-0.324314 -0.169864 0.454000 39 53 44
-0.321717 -0.169115 0.452000 40 51 47
-0.289127 -0.166496 0.445000 144 144 146
-0.287977 -0.166496 0.445000 129 129 131
-0.286827 -0.166496 0.445000 114 116 122
-0.285676 -0.166496 0.445000 101 103 109
-0.284526 -0.166496 0.445000 78 81 84
-0.283376 -0.166496 0.445000 57 60 63
-0.118413 -0.164251 0.439000 165 181 160
-0.117278 -0.164251 0.439000 157 178 154
-0.116143 -0.164251 0.439000 149 170 146
-0.115270 -0.164626 0.440000 128 154 128
-0.113874 -0.164251 0.439000 117 143 117
-0.112739 -0.164251 0.439000 101 130 100
-0.111604 -0.164251 0.439000 91 120 90
-0.110469 -0.164251 0.439000 81 114 86
-0.109334 -0.164251 0.439000 82 115 87
-0.108200 -0.164251 0.439000 80 120 89
-0.107065 -0.164251 0.439000 80 120 89
-0.105930 -0.164251 0.439000 76 118 87
-0.104795 -0.164251 0.439000 78 120 89
-0.103660 -0.164251 0.439000 81 121 90
-0.102526 -0.164251 0.439000 81 121 90
-0.101391 -0.164251 0.439000 81 120 87
-0.100256 -0.164251 0.439000 80 119 86
-0.099347 -0.164626 0.440000 78 117 84
-0.098210 -0.164626 0.440000 79 118 85
-0.097072 -0.164626 0.440000 84 118 87
-0.095935 -0.164626 0.440000 85 119 88
-0.094797 -0.164626 0.440000 84 117 91
-0.093660 -0.164626 0.440000 84 117 91
-0.092523 -0.164626 0.440000 87 117 92
-0.091385 -0.164626 0.440000 83 113 88
-0.090043 -0.164251 0.439000 93 120 100
-0.088908 -0.164251 0.439000 101 128 108
-0.087973 -0.164626 0.440000 106 131 114
-0.086836 -0.164626 0.440000 111 136 119
-0.085698 -0.164626 0.440000 114 138 126
-0.084561 -0.164626 0.440000 115 139 127
0.105310 -0.162755 0.435000 144 137 131
0.106434 -0.162755 0.435000 166 156 156
0.107559 -0.162755 0.435000 208 198 198
0.108683 -0.162755 0.435000 190 189 191
0.109808 -0.162755 0.435000 186 185 187
0.112057 -0.162755 0.435000 173 184 184
-0.282226 -0.165344 0.445000 141 144 145
-0.281075 -0.165344 0.445000 119 122 123
-0.279925 -0.165344 0.445000 91 94 97
-0.278775 -0.165344 0.445000 78 81 84
-0.122952 -0.163115 0.439000 168 183 165
-0.121817 -0.163115 0.439000 155 179 151
-0.120682 -0.163115 0.439000 141 165 137
-0.119548 -0.163115 0.439000 124 153 123
-0.118413 -0.163115 0.439000 113 142 112
-0.117545 -0.163487 0.440000 98 129 99
-0.116408 -0.163487 0.440000 91 122 92
-0.115008 -0.163115 0.439000 83 117 86
-0.113874 -0.163115 0.439000 84 118 87
-0.112739 -0.163115 0.439000 87 121 88
-0.111604 -0.163115 0.439000 90 124 91
-0.110469 -0.163115 0.439000 81 120 85
-0.109334 -0.163115 0.439000 80 119 84
-0.108200 -0.163115 0.439000 80 121 87
-0.107065 -0.163115 0.439000 80 121 87
-0.105930 -0.163115 0.439000 78 118 87
-0.104795 -0.163115 0.439000 77 117 86
-0.103660 -0.163115 0.439000 79 119 90
-0.102526 -0.163115 0.439000 81 121 92
-0.101391 -0.163115 0.439000 84 118 94
-0.100256 -0.163115 0.439000 82 116 92
-0.099347 -0.163487 0.440000 82 114 91
-0.098210 -0.163487 0.440000 83 115 92
-0.097072 -0.163487 0.440000 86 115 93
-0.095935 -0.163487 0.440000 86 115 93
-0.094797 -0.163487 0.440000 92 119 99
-0.093660 -0.163487 0.440000 91 118 98
-0.092523 -0.163487 0.440000 110 135 118
-0.091385 -0.163487 0.440000 108 133 116
-0.090248 -0.163487 0.440000 116 140 126
-0.089110 -0.163487 0.440000 118 142 128
0.104186 -0.161629 0.435000 146 142 135
0.105310 -0.161629 0.435000 176 172 165
0.106434 -0.161629 0.435000 203 197 201
0.107559 -0.161629 0.435000 189 183 187
0.108683 -0.161629 0.435000 183 188 193
0.109808 -0.161629 0.435000 189 194 199
-0.128626 -0.161979 0.439000 170 187 161
-0.127491 -0.161979 0.439000 166 183 157
-0.126356 -0.161979 0.439000 150 171 147
-0.125222 -0.161979 0.439000 133 154 130
-0.124087 -0.161979 0.439000 115 141 117
-0.122952 -0.161979 0.439000 104 130 106
-0.121817 -0.161979 0.439000 93 122 92
-0.120682 -0.161979 0.439000 89 118 88
-0.119548 -0.161979 0.439000 89 120 88
-0.118413 -0.161979 0.439000 87 118 86
-0.117278 -0.161979 0.439000 84 118 85
-0.116143 -0.161979 0.439000 84 118 85
-0.115008 -0.161979 0.439000 82 118 84
-0.113874 -0.161979 0.439000 84 120 86
-0.112739 -0.161979 0.439000 87 123 89
-0.111604 -0.161979 0.439000 84 120 86
-0.110469 -0.161979 0.439000 83 119 85
-0.109334 -0.161979 0.439000 82 118 84
-0.108200 -0.161979 0.439000 81 117 85
-0.107065 -0.161979 0.439000 82 118 86
-0.105930 -0.161979 0.439000 77 115 87
-0.104795 -0.161979 0.439000 75 113 85
-0.103660 -0.161979 0.439000 81 113 90
-0.102526 -0.161979 0.439000 85 117 94
-0.101622 -0.162348 0.440000 88 115 97
-0.100484 -0.162348 0.440000 88 115 97
-0.099347 -0.162348 0.440000 96 122 107
-0.098210 -0.162348 0.440000 101 127 112
-0.097072 -0.162348 0.440000 102 126 112
-0.095935 -0.162348 0.440000 107 131 117
-0.094797 -0.162348 0.440000 118 142 128
0.103061 -0.160503 0.435000 146 142 135
0.104186 -0.160503 0.435000 188 185 182
0.105310 -0.160503 0.435000 200 197 194
0.106434 -0.160503 0.435000 177 180 183
0.107559 -0.160503 0.435000 186 189 192
-0.132862 -0.160476 0.438000 158 177 147
-0.131730 -0.160476 0.438000 147 166 136
-0.130598 -0.160476 0.438000 132 156 124
-0.129465 -0.160476 0.438000 116 140 108
-0.128626 -0.160842 0.439000 104 131 100
-0.127491 -0.160842 0.439000 97 124 93
-0.126356 -0.160842 0.439000 92 121 91
-0.125222 -0.160842 0.439000 91 120 90
-0.124087 -0.160842 0.439000 90 123 95
-0.122952 -0.160842 0.439000 83 116 88
-0.121817 -0.160842 0.439000 87 120 94
-0.120682 -0.160842 0.439000 85 118 92
-0.119548 -0.160842 0.439000 82 115 87
-0.118413 -0.160842 0.439000 82 115 87
-0.117278 -0.160842 0.439000 84 117 89
-0.116143 -0.160842 0.439000 85 118 90
-0.115008 -0.160842 0.439000 81 117 85
-0.114133 -0.161209 0.440000 81 117 85
-0.112739 -0.160842 0.439000 86 122 90
-0.111604 -0.160842 0.439000 87 123 91
-0.110469 -0.160842 0.439000 84 120 88
-0.109334 -0.160842 0.439000 84 120 88
-0.108200 -0.160842 0.439000 81 116 87
-0.107065 -0.160842 0.439000 82 117 88
-0.105930 -0.160842 0.439000 89 118 96
-0.104795 -0.160842 0.439000 92 121 99
-0.103660 -0.160842 0.439000 101 126 109
-0.102526 -0.160842 0.439000 110 135 118
-0.101622 -0.161209 0.440000 117 138 127
-0.100484 -0.161209 0.440000 118 139 128
-0.099347 -0.161209 0.440000 123 141 135
0.101937 -0.159377 0.435000 157 154 149
0.103061 -0.159377 0.435000 192 189 184
0.104186 -0.159377 0.435000 188 188 190
0.105310 -0.159377 0.435000 176 176 178
0.106434 -0.159377 0.435000 175 185 190
-0.262080 -0.161525 0.444000 100 108 109
-0.137391 -0.159342 0.438000 158 177 151
-0.136259 -0.159342 0.438000 145 164 138
-0.134818 -0.158978 0.437000 123 142 112
-0.133688 -0.158978 0.437000 111 130 100
-0.132559 -0.158978 0.437000 103 128 93
-0.131429 -0.158978 0.437000 101 126 91
-0.130598 -0.159342 0.438000 96 123 90
-0.129465 -0.159342 0.438000 94 121 88
-0.128333 -0.159342 0.438000 93 120 89
-0.127491 -0.159706 0.439000 90 117 86
-0.126356 -0.159706 0.439000 86 117 87
-0.125222 -0.159706 0.439000 86 117 87
-0.124087 -0.159706 0.439000 83 116 88
-0.122952 -0.159706 0.439000 81 114 86
-0.121817 -0.159706 0.439000 83 116 90
-0.120682 -0.159706 0.439000 81 114 88
-0.119548 -0.159706 0.439000 81 114 88
-0.118413 -0.159706 0.439000 81 114 88
-0.117278 -0.159706 0.439000 82 115 89
-0.116408 -0.160070 0.440000 84 117 91
-0.115008 -0.159706 0.439000 82 115 89
-0.114133 -0.160070 0.440000 82 115 89
-0.112996 -0.160070 0.440000 83 115 92
-0.111604 -0.159706 0.439000 89 121 98
-0.110469 -0.159706 0.439000 92 121 99
-0.109334 -0.159706 0.439000 99 128 106
-0.108200 -0.159706 0.439000 109 136 116
-0.107065 -0.159706 0.439000 110 137 117
-0.105930 -0.159706 0.439000 120 142 126
-0.105034 -0.160070 0.440000 126 148 132
0.099688 -0.158251 0.435000 141 138 133
0.100812 -0.158251 0.435000 161 158 153
0.101937 -0.158251 0.435000 197 198 194
0.103061 -0.158251 0.435000 190 191 187
0.104186 -0.158251 0.435000 176 183 187
-0.259784 -0.160376 0.444000 154 162 161
-0.255764 -0.160015 0.443000 106 113 117
-0.254619 -0.160015 0.443000 76 83 87
-0.253474 -0.160015 0.443000 53 63 66
-0.252328 -0.160015 0.443000 41 51 54
-0.250038 -0.160015 0.443000 29 46 49
-0.248893 -0.160015 0.443000 32 49 50
-0.143379 -0.158570 0.439000 164 182 159
-0.142244 -0.158570 0.439000 156 178 147
-0.140788 -0.158208 0.438000 142 164 133
-0.139655 -0.158208 0.438000 118 142 112
-0.138523 -0.158208 0.438000 105 129 99
-0.137077 -0.157847 0.437000 97 124 95
-0.135948 -0.157847 0.437000 95 122 93
-0.134818 -0.157847 0.437000 96 123 90
-0.133688 -0.157847 0.437000 92 119 86
-0.132559 -0.157847 0.437000 93 121 85
-0.131429 -0.157847 0.437000 93 121 85
-0.130598 -0.158208 0.438000 93 122 88
-0.129465 -0.158208 0.438000 93 122 88
-0.128626 -0.158570 0.439000 93 122 90
-0.127491 -0.158570 0.439000 91 120 88
-0.126356 -0.158570 0.439000 84 115 85
-0.125222 -0.158570 0.439000 84 115 85
-0.124087 -0.158570 0.439000 83 113 86
-0.122952 -0.158570 0.439000 82 112 85
-0.121817 -0.158570 0.439000 84 114 89
-0.120682 -0.158570 0.439000 85 115 90
-0.119548 -0.158570 0.439000 85 114 94
-0.118683 -0.158931 0.440000 82 111 91
-0.117545 -0.158931 0.440000 85 112 92
-0.116408 -0.158931 0.440000 89 116 96
-0.115270 -0.158931 0.440000 96 123 103
-0.114133 -0.158931 0.440000 102 129 109
-0.112996 -0.158931 0.440000 108 134 119
-0.111858 -0.158931 0.440000 110 136 121
-0.110721 -0.158931 0.440000 116 140 126
0.097439 -0.157125 0.435000 151 143 142
0.098563 -0.157125 0.435000 159 151 150
0.099688 -0.157125 0.435000 168 168 164
0.100812 -0.157125 0.435000 203 203 199
0.101937 -0.157125 0.435000 184 192 191
0.103061 -0.157125 0.435000 176 184 183
-0.253474 -0.158868 0.443000 153 161 160
-0.252328 -0.158868 0.443000 135 143 142
-0.251183 -0.158868 0.443000 109 120 120
-0.250038 -0.158868 0.443000 98 109 109
-0.248893 -0.158868 0.443000 79 92 91
-0.247748 -0.158868 0.443000 53 66 65
-0.246603 -0.158868 0.443000 45 56 56
-0.147918 -0.157433 0.439000 162 183 159
-0.146783 -0.157433 0.439000 153 175 148
-0.145648 -0.157433 0.439000 137 159 132
-0.144513 -0.157433 0.439000 123 147 117
-0.143379 -0.157433 0.439000 112 136 106
-0.142244 -0.157433 0.439000 96 125 91
-0.140788 -0.157075 0.438000 93 122 88
-0.139336 -0.156716 0.437000 92 121 89
-0.138207 -0.156716 0.437000 88 117 85
-0.137077 -0.156716 0.437000 90 117 86
-0.135948 -0.156716 0.437000 90 117 86
-0.134818 -0.156716 0.437000 90 117 84
-0.133688 -0.156716 0.437000 93 120 87
-0.132559 -0.156716 0.437000 90 117 84
-0.131429 -0.156716 0.437000 92 119 86
-0.130598 -0.157075 0.438000 90 117 86
-0.129465 -0.157075 0.438000 88 115 84
-0.128626 -0.157433 0.439000 87 114 85
-0.127491 -0.157433 0.439000 88 115 86
-0.126356 -0.157433 0.439000 86 114 89
-0.125222 -0.157433 0.439000 86 114 89
-0.124087 -0.157433 0.439000 82 109 87
-0.122952 -0.157433 0.439000 85 112 90
-0.121817 -0.157433 0.439000 90 115 96
-0.120682 -0.157433 0.439000 99 124 105
-0.119548 -0.157433 0.439000 104 129 112
-0.118683 -0.157792 0.440000 114 139 122
-0.117545 -0.157792 0.440000 119 140 127
-0.116408 -0.157792 0.440000 118 139 126
0.096314 -0.155999 0.435000 143 140 135
0.097439 -0.155999 0.435000 147 142 140
0.098563 -0.155999 0.435000 187 182 180
0.099458 -0.155640 0.434000 195 198 199
0.100580 -0.155640 0.434000 180 183 184
0.101702 -0.155640 0.434000 172 184 186
-0.247748 -0.157721 0.443000 154 165 163
-0.246603 -0.157721 0.443000 143 154 154
-0.245458 -0.157721 0.443000 121 132 132
-0.244312 -0.157721 0.443000 94 105 105
-0.243167 -0.157721 0.443000 77 88 88
-0.242022 -0.157721 0.443000 63 69 69
-0.240877 -0.157721 0.443000 50 56 56
-0.237510 -0.157009 0.441000 44 50 52
-0.211467 -0.156297 0.439000 77 89 81
-0.209853 -0.155941 0.438000 83 96 93
-0.207768 -0.155229 0.436000 95 108 105
-0.206641 -0.155229 0.436000 116 129 126
-0.205042 -0.154873 0.435000 137 150 147
-0.153592 -0.156297 0.439000 161 184 159
-0.152457 -0.156297 0.439000 151 174 149
-0.151322 -0.156297 0.439000 141 165 137
-0.150187 -0.156297 0.439000 127 151 123
-0.149053 -0.156297 0.439000 110 137 106
-0.147918 -0.156297 0.439000 96 123 92
-0.146783 -0.156297 0.439000 86 115 85
-0.145648 -0.156297 0.439000 86 115 85
-0.144513 -0.156297 0.439000 83 114 82
-0.143379 -0.156297 0.439000 83 114 82
-0.141920 -0.155941 0.438000 90 121 87
-0.140788 -0.155941 0.438000 93 124 90
-0.139336 -0.155585 0.437000 92 123 89
-0.138207 -0.155585 0.437000 86 117 83
-0.137077 -0.155585 0.437000 91 120 88
-0.135948 -0.155585 0.437000 85 114 82
-0.134818 -0.155585 0.437000 86 115 83
-0.133688 -0.155585 0.437000 88 117 85
-0.132559 -0.155585 0.437000 87 116 84
-0.131730 -0.155941 0.438000 88 117 85
-0.130598 -0.155941 0.438000 86 112 86
-0.129761 -0.156297 0.439000 83 109 83
-0.128626 -0.156297 0.439000 84 106 86
-0.127491 -0.156297 0.439000 89 111 91
-0.126356 -0.156297 0.439000 90 115 96
-0.125222 -0.156297 0.439000 95 120 101
-0.124087 -0.156297 0.439000 103 129 114
-0.122952 -0.156297 0.439000 120 146 131
-0.121817 -0.156297 0.439000 125 149 135
-0.120682 -0.156297 0.439000 124 148 134
0.095190 -0.154873 0.435000 149 146 141
0.096314 -0.154873 0.435000 163 160 155
0.097439 -0.154873 0.435000 199 200 196
0.098337 -0.154517 0.434000 192 193 189
0.099458 -0.154517 0.434000 176 184 185
0.100580 -0.154517 0.434000 176 184 185
-0.240333 -0.156221 0.442000 150 149 149
-0.239191 -0.156221 0.442000 135 138 139
-0.236432 -0.155161 0.439000 116 119 120
-0.205693 -0.153393 0.434000 54 66 68
-0.204099 -0.153040 0.433000 65 77 79
-0.202980 -0.153040 0.433000 87 93 95
-0.202327 -0.153393 0.434000 99 105 107
-0.200742 -0.153040 0.433000 110 114 109
-0.199622 -0.153040 0.433000 131 135 130
-0.157411 -0.154454 0.437000 150 177 148
-0.156639 -0.154807 0.438000 140 167 138
-0.155506 -0.154807 0.438000 122 153 121
-0.154374 -0.154807 0.438000 110 141 109
-0.153242 -0.154807 0.438000 99 130 98
-0.152110 -0.154807 0.438000 91 122 90
-0.151322 -0.155161 0.439000 88 117 87
-0.150187 -0.155161 0.439000 91 120 90
-0.149053 -0.155161 0.439000 87 116 84
-0.147918 -0.155161 0.439000 89 118 86
-0.146783 -0.155161 0.439000 84 118 87
-0.145648 -0.155161 0.439000 83 117 86
-0.144513 -0.155161 0.439000 85 119 86
-0.143379 -0.155161 0.439000 84 118 85
-0.141920 -0.154807 0.438000 82 116 83
-0.140788 -0.154807 0.438000 81 115 82
-0.139655 -0.154807 0.438000 81 115 82
-0.138523 -0.154807 0.438000 82 116 83
-0.137391 -0.154807 0.438000 86 117 85
-0.136259 -0.154807 0.438000 85 116 84
-0.135126 -0.154807 0.438000 86 115 85
-0.133994 -0.154807 0.438000 86 115 85
-0.132862 -0.154807 0.438000 86 112 86
-0.131730 -0.154807 0.438000 83 109 83
-0.130896 -0.155161 0.439000 89 114 93
-0.129761 -0.155161 0.439000 107 132 111
-0.128626 -0.155161 0.439000 124 144 129
-0.127491 -0.155161 0.439000 130 150 135
-0.126356 -0.155161 0.439000 131 152 141
-0.125222 -0.155161 0.439000 132 153 142
0.092941 -0.153747 0.435000 148 145 140
0.094065 -0.153747 0.435000 148 145 140
0.095190 -0.153747 0.435000 182 182 178
0.096314 -0.153747 0.435000 202 202 198
0.097215 -0.153393 0.434000 183 189 187
0.098337 -0.153393 0.434000 168 174 172
-0.233559 -0.154375 0.440000 141 148 152
-0.232950 -0.154726 0.441000 125 132 136
-0.223195 -0.155077 0.442000 44 57 56
-0.222052 -0.155077 0.442000 49 62 61
-0.205861 -0.151568 0.432000 42 57 56
-0.204745 -0.151568 0.432000 40 57 58
-0.203157 -0.151217 0.431000 38 55 56
-0.202043 -0.151217 0.431000 44 54 57
-0.200928 -0.151217 0.431000 47 57 60
-0.199814 -0.151217 0.431000 57 63 63
-0.198700 -0.151217 0.431000 68 74 74
-0.198045 -0.151568 0.432000 74 85 81
-0.196928 -0.151568 0.432000 81 92 88
-0.161188 -0.152621 0.435000 156 178 151
-0.160432 -0.152972 0.436000 146 168 141
-0.159304 -0.152972 0.436000 130 158 131
-0.158540 -0.153323 0.437000 115 143 116
-0.157411 -0.153323 0.437000 95 131 99
-0.156281 -0.153323 0.437000 86 122 90
-0.155506 -0.153673 0.438000 83 119 87
-0.154374 -0.153673 0.438000 84 120 88
-0.153242 -0.153673 0.438000 88 122 91
-0.151322 -0.154024 0.439000 85 119 86
-0.150187 -0.154024 0.439000 80 114 81
-0.149053 -0.154024 0.439000 83 117 84
-0.147918 -0.154024 0.439000 87 121 88
-0.146783 -0.154024 0.439000 87 121 90
-0.145648 -0.154024 0.439000 83 117 86
-0.144513 -0.154024 0.439000 84 117 89
-0.143379 -0.154024 0.439000 85 118 90
-0.142244 -0.154024 0.439000 84 117 89
-0.140788 -0.153673 0.438000 78 111 83
-0.139655 -0.153673 0.438000 75 108 82
-0.138523 -0.153673 0.438000 77 110 84
-0.137391 -0.153673 0.438000 80 109 89
-0.136259 -0.153673 0.438000 91 120 100
-0.135126 -0.153673 0.438000 104 129 110
-0.133994 -0.153673 0.438000 110 135 116
-0.132862 -0.153673 0.438000 124 146 128
-0.132031 -0.154024 0.439000 131 153 135
-0.130896 -0.154024 0.439000 131 151 136
0.091816 -0.152621 0.435000 149 144 142
0.092941 -0.152621 0.435000 160 157 154
0.094065 -0.152621 0.435000 189 186 183
0.095190 -0.152621 0.435000 194 197 196
0.096314 -0.152621 0.435000 179 182 181
0.097215 -0.152270 0.434000 169 177 178
-0.228390 -0.153584 0.441000 145 158 155
-0.227250 -0.153584 0.441000 132 138 138
-0.226623 -0.153933 0.442000 99 105 105
-0.225480 -0.153933 0.442000 83 89 89
-0.224337 -0.153933 0.442000 67 73 73
-0.223195 -0.153933 0.442000 47 59 61
-0.222555 -0.154281 0.443000 40 52 54
-0.220910 -0.153933 0.442000 36 50 54
-0.219767 -0.153933 0.442000 35 49 53
-0.219119 -0.154281 0.443000 46 59 58
-0.217974 -0.154281 0.443000 50 63 62
-0.216340 -0.153933 0.442000 43 58 57
-0.203797 -0.149754 0.430000 41 58 59
-0.202685 -0.149754 0.430000 41 58 59
-0.201574 -0.149754 0.430000 50 62 64
-0.200462 -0.149754 0.430000 53 65 67
-0.199351 -0.149754 0.430000 53 64 64
-0.198239 -0.149754 0.430000 46 57 57
-0.197128 -0.149754 0.430000 42 55 54
-0.196016 -0.149754 0.430000 40 53 52
-0.194905 -0.149754 0.430000 42 55 54
-0.193793 -0.149754 0.430000 49 62 61
-0.193130 -0.150102 0.431000 62 70 71
-0.192015 -0.150102 0.431000 76 84 85
-0.191344 -0.150450 0.432000 92 100 101
-0.190228 -0.150450 0.432000 119 127 128
-0.165686 -0.151495 0.435000 161 177 154
-0.164561 -0.151495 0.435000 151 167 144
-0.163437 -0.151495 0.435000 134 158 130
-0.162312 -0.151495 0.435000 123 147 119
-0.161188 -0.151495 0.435000 104 135 105
-0.160064 -0.151495 0.435000 92 123 93
-0.158939 -0.151495 0.435000 82 121 88
-0.158177 -0.151843 0.436000 85 124 91
-0.157411 -0.152191 0.437000 76 119 85
-0.156281 -0.152191 0.437000 78 121 87
-0.155506 -0.152540 0.438000 82 121 88
-0.154374 -0.152540 0.438000 82 121 88
-0.153242 -0.152540 0.438000 80 119 86
-0.151322 -0.152888 0.439000 83 118 89
-0.150187 -0.152888 0.439000 83 118 89
-0.149053 -0.152888 0.439000 83 118 89
-0.147918 -0.152888 0.439000 84 119 90
-0.146783 -0.152888 0.439000 80 115 88
-0.145648 -0.152888 0.439000 75 110 83
-0.144513 -0.152888 0.439000 74 108 86
-0.143379 -0.152888 0.439000 76 110 88
-0.142244 -0.152888 0.439000 85 117 96
-0.141109 -0.152888 0.439000 88 120 99
-0.139974 -0.152888 0.439000 98 127 109
-0.138839 -0.152888 0.439000 104 133 115
-0.137705 -0.152888 0.439000 120 146 131
-0.136570 -0.152888 0.439000 127 153 138
-0.135435 -0.152888 0.439000 133 154 141
0.089567 -0.151495 0.435000 153 148 144
0.090692 -0.151495 0.435000 148 143 141
0.091605 -0.151147 0.434000 178 173 171
0.092727 -0.151147 0.434000 201 201 197
0.093849 -0.151147 0.434000 194 194 190
0.094971 -0.151147 0.434000 177 183 183
0.096093 -0.151147 0.434000 174 180 180
-0.223195 -0.152789 0.442000 148 156 155
-0.222052 -0.152789 0.442000 134 142 141
-0.220910 -0.152789 0.442000 116 126 129
-0.219767 -0.152789 0.442000 87 97 100
-0.218625 -0.152789 0.442000 66 74 73
-0.217482 -0.152789 0.442000 56 64 63
-0.216340 -0.152789 0.442000 38 56 54
-0.215197 -0.152789 0.442000 36 54 52
-0.204271 -0.148986 0.431000 41 58 59
-0.202685 -0.148640 0.430000 42 59 60
-0.201105 -0.148295 0.429000 50 64 66
-0.199996 -0.148295 0.429000 50 64 66
-0.198887 -0.148295 0.429000 47 59 61
-0.197778 -0.148295 0.429000 49 61 63
-0.196669 -0.148295 0.429000 51 64 63
-0.195560 -0.148295 0.429000 50 63 62
-0.194451 -0.148295 0.429000 45 60 59
-0.193342 -0.148295 0.429000 47 62 61
-0.192233 -0.148295 0.429000 49 62 61
-0.191124 -0.148295 0.429000 47 60 59
-0.190458 -0.148640 0.430000 45 60 59
-0.189347 -0.148640 0.430000 48 63 62
-0.188235 -0.148640 0.430000 52 67 66
-0.187559 -0.148986 0.431000 63 78 77
-0.186877 -0.149332 0.432000 83 96 91
-0.185761 -0.149332 0.432000 101 114 109
-0.185071 -0.149677 0.433000 125 138 133
-0.167935 -0.150369 0.435000 135 157 128
-0.166810 -0.150369 0.435000 118 140 111
-0.165686 -0.150369 0.435000 98 126 99
-0.164183 -0.150023 0.434000 89 117 90
-0.163437 -0.150369 0.435000 82 118 86
-0.162312 -0.150369 0.435000 80 116 84
-0.161188 -0.150369 0.435000 80 121 85
-0.160064 -0.150369 0.435000 83 124 88
-0.158939 -0.150369 0.435000 78 121 85
-0.158177 -0.150714 0.436000 78 121 85
-0.157050 -0.150714 0.436000 81 124 90
-0.156281 -0.151060 0.437000 75 118 84
-0.155506 -0.151406 0.438000 77 120 86
-0.154374 -0.151406 0.438000 72 115 81
-0.153242 -0.151406 0.438000 74 113 80
-0.151322 -0.151752 0.439000 73 105 82
-0.150187 -0.151752 0.439000 74 106 83
-0.149053 -0.151752 0.439000 78 107 87
-0.147918 -0.151752 0.439000 84 113 93
-0.146783 -0.151752 0.439000 90 119 101
-0.145648 -0.151752 0.439000 104 133 115
-0.144513 -0.151752 0.439000 113 144 128
-0.143379 -0.151752 0.439000 117 148 132
-0.142244 -0.151752 0.439000 122 153 137
-0.141109 -0.151752 0.439000 124 155 139
0.087118 -0.150023 0.434000 154 151 146
0.088240 -0.150023 0.434000 160 150 148
0.089362 -0.150023 0.434000 166 156 154
0.090483 -0.150023 0.434000 197 194 191
0.091605 -0.150023 0.434000 204 201 198
0.092727 -0.150023 0.434000 179 179 179
-0.217482 -0.151644 0.442000 152 160 159
-0.216340 -0.151644 0.442000 129 140 136
-0.214710 -0.151301 0.441000 107 118 114
-0.211467 -0.150615 0.439000 76 89 86
-0.202685 -0.147527 0.430000 40 52 54
-0.201574 -0.147527 0.430000 45 57 59
-0.199996 -0.147184 0.429000 51 63 65
-0.198887 -0.147184 0.429000 50 63 62
-0.197778 -0.147184 0.429000 46 59 58
-0.196669 -0.147184 0.429000 49 62 59
-0.195560 -0.147184 0.429000 49 62 59
-0.194451 -0.147184 0.429000 48 63 60
-0.193342 -0.147184 0.429000 48 63 60
-0.192233 -0.147184 0.429000 48 63 60
-0.191124 -0.147184 0.429000 49 64 61
-0.190015 -0.147184 0.429000 49 64 61
-0.188907 -0.147184 0.429000 45 60 57
-0.187798 -0.147184 0.429000 40 58 56
-0.186689 -0.147184 0.429000 41 59 57
-0.185580 -0.147184 0.429000 52 67 66
-0.184901 -0.147527 0.430000 54 69 68
-0.184217 -0.147870 0.431000 56 71 70
-0.183102 -0.147870 0.431000 67 82 81
-0.182411 -0.148214 0.432000 92 100 97
-0.181714 -0.148557 0.433000 124 132 129
-0.170914 -0.148900 0.434000 122 146 118
-0.169793 -0.148900 0.434000 100 127 96
-0.168671 -0.148900 0.434000 89 116 85
-0.167549 -0.148900 0.434000 85 112 83
-0.166427 -0.148900 0.434000 85 112 83
-0.165305 -0.148900 0.434000 82 115 87
-0.164183 -0.148900 0.434000 82 115 87
-0.163061 -0.148900 0.434000 79 117 87
-0.161939 -0.148900 0.434000 79 117 87
-0.161188 -0.149243 0.435000 77 116 83
-0.160064 -0.149243 0.435000 75 114 81
-0.158939 -0.149243 0.435000 73 112 79
-0.158177 -0.149586 0.436000 72 111 78
-0.157050 -0.149586 0.436000 75 114 81
-0.156281 -0.149929 0.437000 72 111 78
-0.155506 -0.150272 0.438000 73 108 81
-0.154374 -0.150272 0.438000 75 110 83
-0.152457 -0.150615 0.439000 85 114 92
-0.151322 -0.150615 0.439000 94 119 102
-0.150187 -0.150615 0.439000 108 133 116
-0.149053 -0.150615 0.439000 116 142 127
-0.147918 -0.150615 0.439000 129 155 140
-0.146783 -0.150615 0.439000 130 156 141
-0.145648 -0.150615 0.439000 130 156 141
0.085996 -0.148900 0.434000 151 146 142
0.087118 -0.148900 0.434000 159 154 150
0.088240 -0.148900 0.434000 180 175 171
0.089362 -0.148900 0.434000 194 189 185
0.090483 -0.148900 0.434000 193 193 193
0.091605 -0.148900 0.434000 178 178 178
-0.205219 -0.147436 0.433000 107 114 118
-0.203157 -0.146755 0.431000 79 86 90
-0.201574 -0.146414 0.430000 64 75 75
-0.199996 -0.146074 0.429000 51 62 62
-0.198887 -0.146074 0.429000 45 53 52
-0.197778 -0.146074 0.429000 40 48 47
-0.196669 -0.146074 0.429000 33 48 45
-0.195560 -0.146074 0.429000 33 48 45
-0.194451 -0.146074 0.429000 40 55 52
-0.193342 -0.146074 0.429000 45 60 57
-0.192233 -0.146074 0.429000 45 60 57
-0.191124 -0.146074 0.429000 44 59 56
-0.190015 -0.146074 0.429000 45 60 57
-0.188466 -0.145733 0.428000 44 59 56
-0.187798 -0.146074 0.429000 41 59 57
-0.186689 -0.146074 0.429000 46 64 62
-0.185580 -0.146074 0.429000 47 65 63
-0.184471 -0.146074 0.429000 39 57 55
-0.183362 -0.146074 0.429000 40 58 56
-0.182678 -0.146414 0.430000 42 60 58
-0.181566 -0.146414 0.430000 48 59 57
-0.180874 -0.146755 0.431000 55 66 64
-0.180177 -0.147095 0.432000 64 72 71
-0.179475 -0.147436 0.433000 75 83 82
-0.178356 -0.147436 0.433000 106 119 114
-0.177236 -0.147436 0.433000 141 154 149
-0.175402 -0.147776 0.434000 118 135 121
-0.174280 -0.147776 0.434000 97 122 101
-0.173158 -0.147776 0.434000 86 111 90
-0.171640 -0.147436 0.433000 78 108 83
-0.170914 -0.147776 0.434000 80 110 85
-0.169793 -0.147776 0.434000 85 116 86
-0.168671 -0.147776 0.434000 86 117 87
-0.167549 -0.147776 0.434000 87 116 86
-0.166427 -0.147776 0.434000 85 114 84
-0.165305 -0.147776 0.434000 84 114 87
-0.164183 -0.147776 0.434000 83 113 86
-0.163061 -0.147776 0.434000 78 111 83
-0.161939 -0.147776 0.434000 77 110 82
-0.160817 -0.147776 0.434000 78 111 83
-0.160064 -0.148117 0.435000 77 110 82
-0.158939 -0.148117 0.435000 77 110 82
-0.158177 -0.148457 0.436000 80 113 85
-0.157411 -0.148798 0.437000 85 112 90
-0.156281 -0.148798 0.437000 85 112 90
-0.155506 -0.149138 0.438000 93 119 104
-0.154374 -0.149138 0.438000 107 133 118
-0.152457 -0.149479 0.439000 134 153 143
-0.151322 -0.149479 0.439000 137 156 146
0.084874 -0.147776 0.434000 147 145 137
0.085996 -0.147776 0.434000 162 162 158
0.087118 -0.147776 0.434000 195 195 191
0.088240 -0.147776 0.434000 194 193 193
0.089362 -0.147776 0.434000 182 181 181
0.090483 -0.147776 0.434000 174 180 182
-0.198887 -0.144963 0.429000 130 138 139
-0.197778 -0.144963 0.429000 110 118 119
-0.196669 -0.144963 0.429000 70 85 84
-0.195560 -0.144963 0.429000 47 62 61
-0.194451 -0.144963 0.429000 40 53 50
-0.193342 -0.144963 0.429000 39 52 49
-0.192233 -0.144963 0.429000 39 50 48
-0.191124 -0.144963 0.429000 39 50 48
-0.190015 -0.144963 0.429000 40 58 56
-0.188907 -0.144963 0.429000 40 58 56
-0.187798 -0.144963 0.429000 41 59 57
-0.186689 -0.144963 0.429000 42 60 58
-0.185580 -0.144963 0.429000 42 60 58
-0.184471 -0.144963 0.429000 43 61 59
-0.183362 -0.144963 0.429000 45 63 61
-0.182253 -0.144963 0.429000 43 61 59
-0.181566 -0.145301 0.430000 42 60 58
-0.180455 -0.145301 0.430000 45 63 61
-0.179760 -0.145639 0.431000 49 62 59
-0.179060 -0.145977 0.432000 47 60 57
-0.177944 -0.145977 0.432000 54 69 66
-0.176827 -0.145977 0.432000 57 72 69
-0.175710 -0.145977 0.432000 63 81 75
-0.174594 -0.145977 0.432000 82 100 94
-0.173477 -0.145977 0.432000 80 104 90
-0.172360 -0.145977 0.432000 83 107 93
-0.171243 -0.145977 0.432000 83 112 94
-0.170127 -0.145977 0.432000 79 108 90
-0.169010 -0.145977 0.432000 75 107 84
-0.167893 -0.145977 0.432000 78 110 87
-0.167163 -0.146315 0.433000 80 112 89
-0.166043 -0.146315 0.433000 77 109 86
-0.164924 -0.146315 0.433000 77 110 84
-0.164183 -0.146653 0.434000 80 113 87
-0.163061 -0.146653 0.434000 79 109 84
-0.161939 -0.146653 0.434000 79 109 84
-0.161188 -0.146991 0.435000 77 107 82
-0.160064 -0.146991 0.435000 78 108 83
-0.158939 -0.146991 0.435000 93 120 100
-0.158177 -0.147329 0.436000 105 132 112
-0.157411 -0.147667 0.437000 120 142 126
-0.156639 -0.148005 0.438000 130 152 136
-0.155506 -0.148005 0.438000 137 156 146
0.083752 -0.146653 0.434000 156 156 150
0.084874 -0.146653 0.434000 168 168 162
0.085996 -0.146653 0.434000 199 203 198
0.087118 -0.146653 0.434000 187 191 186
0.088240 -0.146653 0.434000 174 177 178
-0.194451 -0.143853 0.429000 136 147 143
-0.193342 -0.143853 0.429000 111 122 118
-0.192233 -0.143853 0.429000 88 102 93
-0.191124 -0.143853 0.429000 64 78 69
-0.190015 -0.143853 0.429000 40 58 52
-0.188907 -0.143853 0.429000 34 52 46
-0.187798 -0.143853 0.429000 36 54 50
-0.186689 -0.143853 0.429000 41 59 55
-0.185580 -0.143853 0.429000 41 59 55
-0.184471 -0.143853 0.429000 41 59 55
-0.183362 -0.143853 0.429000 42 60 56
-0.182678 -0.144188 0.430000 43 61 57
-0.181566 -0.144188 0.430000 45 63 61
-0.180874 -0.144524 0.431000 46 64 62
-0.179760 -0.144524 0.431000 49 64 63
-0.179060 -0.144859 0.432000 52 67 66
-0.177944 -0.144859 0.432000 46 64 62
-0.176827 -0.144859 0.432000 42 60 58
-0.175710 -0.144859 0.432000 46 66 63
-0.174594 -0.144859 0.432000 49 69 66
-0.173075 -0.144524 0.431000 45 68 64
-0.171961 -0.144524 0.431000 58 81 77
-0.170847 -0.144524 0.431000 58 85 78
-0.169733 -0.144524 0.431000 73 100 93
-0.168619 -0.144524 0.431000 76 107 93
-0.167505 -0.144524 0.431000 77 108 94
-0.166777 -0.144859 0.432000 78 109 93
-0.165660 -0.144859 0.432000 78 109 93
-0.164543 -0.144859 0.432000 78 107 89
-0.163805 -0.145194 0.433000 86 115 97
-0.163061 -0.145529 0.434000 102 127 108
-0.161939 -0.145529 0.434000 115 140 121
-0.160817 -0.145529 0.434000 127 149 131
-0.160064 -0.145865 0.435000 136 158 140
-0.158939 -0.145865 0.435000 138 158 143
-0.158177 -0.146200 0.436000 140 160 145
0.081321 -0.145194 0.433000 149 144 140
0.082440 -0.145194 0.433000 171 166 162
0.083559 -0.145194 0.433000 190 194 189
0.084678 -0.145194 0.433000 194 198 193
0.085798 -0.145194 0.433000 176 182 182
-0.190458 -0.143075 0.430000 128 145 131
-0.188907 -0.142742 0.429000 111 128 114
-0.187798 -0.142742 0.429000 78 94 83
-0.186689 -0.142742 0.429000 49 65 54
-0.186012 -0.143075 0.430000 47 66 56
-0.184901 -0.143075 0.430000 43 62 52
-0.183789 -0.143075 0.430000 43 61 55
-0.182678 -0.143075 0.430000 45 63 57
-0.181988 -0.143408 0.431000 45 63 59
-0.181294 -0.143741 0.432000 45 63 59
-0.180177 -0.143741 0.432000 47 62 59
-0.179475 -0.144073 0.433000 49 64 61
-0.178356 -0.144073 0.433000 50 65 62
-0.176827 -0.143741 0.432000 49 64 61
-0.175710 -0.143741 0.432000 49 67 63
-0.174594 -0.143741 0.432000 46 64 60
-0.173075 -0.143408 0.431000 47 66 66
-0.171562 -0.143075 0.430000 48 67 67
-0.170451 -0.143075 0.430000 40 62 61
-0.169339 -0.143075 0.430000 49 71 70
-0.168228 -0.143075 0.430000 67 92 85
-0.167116 -0.143075 0.430000 64 89 82
-0.166005 -0.143075 0.430000 71 96 89
-0.165276 -0.143408 0.431000 105 130 123
-0.164162 -0.143408 0.431000 130 151 138
-0.163427 -0.143741 0.432000 139 160 147
-0.162686 -0.144073 0.433000 141 161 146
0.079082 -0.144073 0.433000 157 152 150
0.080201 -0.144073 0.433000 165 160 158
0.081321 -0.144073 0.433000 174 175 171
0.082440 -0.144073 0.433000 199 200 196
0.083559 -0.144073 0.433000 184 190 190
-0.190458 -0.141962 0.430000 105 122 106
-0.189347 -0.141962 0.430000 79 96 80
-0.188235 -0.141962 0.430000 69 86 70
-0.187124 -0.141962 0.430000 55 72 56
-0.186012 -0.141962 0.430000 52 72 55
-0.185331 -0.142292 0.431000 53 73 56
-0.184217 -0.142292 0.431000 53 74 61
-0.183527 -0.142622 0.432000 48 69 56
-0.182411 -0.142622 0.432000 44 65 54
-0.181714 -0.142952 0.433000 39 60 49
-0.180594 -0.142952 0.433000 40 58 52
-0.179889 -0.143283 0.434000 42 60 54
-0.178768 -0.143283 0.434000 43 61 55
-0.177236 -0.142952 0.433000 46 64 58
-0.175710 -0.142622 0.432000 48 66 62
-0.174594 -0.142622 0.432000 46 64 60
-0.173075 -0.142292 0.431000 44 63 63
-0.171562 -0.141962 0.430000 44 63 63
-0.170451 -0.141962 0.430000 45 67 68
-0.169339 -0.141962 0.430000 49 71 72
-0.168228 -0.141962 0.430000 46 69 65
-0.167116 -0.141962 0.430000 52 75 71
-0.166005 -0.141962 0.430000 44 67 61
-0.164893 -0.141962 0.430000 56 79 73
-0.163781 -0.141962 0.430000 75 95 90
-0.162670 -0.141962 0.430000 98 118 113
-0.161934 -0.142292 0.431000 130 149 139
0.076666 -0.142622 0.432000 155 152 149
0.078899 -0.142622 0.432000 170 170 164
0.080016 -0.142622 0.432000 193 193 187
0.081133 -0.142622 0.432000 195 195 195
0.082250 -0.142622 0.432000 178 178 178
-0.193578 -0.141504 0.432000 79 104 83
-0.192461 -0.141504 0.432000 64 89 68
-0.191344 -0.141504 0.432000 61 81 64
-0.190228 -0.141504 0.432000 64 84 67
-0.189111 -0.141504 0.432000 64 84 65
-0.187994 -0.141504 0.432000 67 87 68
-0.186877 -0.141504 0.432000 68 88 69
-0.186191 -0.141832 0.433000 64 84 65
-0.185071 -0.141832 0.433000 62 84 66
-0.183952 -0.141832 0.433000 68 90 72
-0.183255 -0.142159 0.434000 70 92 76
-0.182133 -0.142159 0.434000 63 85 69
-0.181011 -0.142159 0.434000 49 70 57
-0.179889 -0.142159 0.434000 41 62 49
-0.178768 -0.142159 0.434000 41 60 50
-0.177646 -0.142159 0.434000 42 61 51
-0.176117 -0.141832 0.433000 42 60 58
-0.174998 -0.141832 0.433000 43 61 59
-0.173477 -0.141504 0.432000 44 63 65
-0.171961 -0.141177 0.431000 44 63 65
-0.170451 -0.140849 0.430000 44 66 69
-0.169339 -0.140849 0.430000 46 68 71
-0.167836 -0.140521 0.429000 44 66 65
-0.166727 -0.140521 0.429000 49 71 70
-0.165618 -0.140521 0.429000 47 70 66
-0.164510 -0.140521 0.429000 47 70 66
-0.162670 -0.140849 0.430000 53 73 70
-0.161558 -0.140849 0.430000 65 80 79
-0.160820 -0.141177 0.431000 93 108 107
-0.160076 -0.141504 0.432000 112 132 127
0.074433 -0.141504 0.432000 156 151 147
0.075549 -0.141504 0.432000 157 152 148
0.076666 -0.141504 0.432000 164 165 161
0.077783 -0.141504 0.432000 178 179 175
0.078899 -0.141504 0.432000 202 205 204
0.080016 -0.141504 0.432000 183 186 185
0.081133 -0.141504 0.432000 172 178 178
-0.200083 -0.141036 0.434000 125 145 126
-0.198961 -0.141036 0.434000 106 132 108
-0.197839 -0.141036 0.434000 85 111 87
-0.196718 -0.141036 0.434000 72 102 75
-0.195596 -0.141036 0.434000 72 102 75
-0.194026 -0.140711 0.433000 81 109 82
-0.193352 -0.141036 0.434000 80 108 81
-0.192230 -0.141036 0.434000 72 97 76
-0.191108 -0.141036 0.434000 72 97 76
-0.189986 -0.141036 0.434000 73 95 75
-0.188864 -0.141036 0.434000 73 95 75
-0.187743 -0.141036 0.434000 75 95 76
-0.186621 -0.141036 0.434000 70 90 71
-0.185499 -0.141036 0.434000 64 86 68
-0.184377 -0.141036 0.434000 66 88 70
-0.183255 -0.141036 0.434000 67 89 73
-0.182133 -0.141036 0.434000 70 92 76
-0.181011 -0.141036 0.434000 84 101 87
-0.178768 -0.141036 0.434000 101 117 106
-0.177646 -0.141036 0.434000 76 92 81
-0.176524 -0.141036 0.434000 54 72 68
-0.173477 -0.140386 0.432000 34 53 55
-0.171961 -0.140061 0.431000 38 57 59
-0.170847 -0.140061 0.431000 39 61 64
-0.169339 -0.139736 0.430000 43 65 68
-0.167836 -0.139411 0.429000 44 66 65
-0.166727 -0.139411 0.429000 45 67 66
-0.165618 -0.139411 0.429000 44 69 64
-0.164510 -0.139411 0.429000 46 71 66
-0.163401 -0.139411 0.429000 48 68 65
-0.162292 -0.139411 0.429000 44 64 61
-0.160447 -0.139736 0.430000 55 69 71
-0.159335 -0.139736 0.430000 56 73 74
-0.158592 -0.140061 0.431000 72 89 90
-0.157843 -0.140386 0.432000 102 116 118
-0.157089 -0.140711 0.433000 129 143 145
0.073146 -0.140061 0.431000 161 157 150
0.074260 -0.140061 0.431000 160 160 156
0.075374 -0.140061 0.431000 179 179 175
0.076489 -0.140061 0.431000 192 195 194
0.077783 -0.140386 0.432000 194 197 196
0.078899 -0.140386 0.432000 177 183 185
-0.204571 -0.139912 0.434000 143 156 141
-0.203449 -0.139912 0.434000 136 153 135
-0.202327 -0.139912 0.434000 111 128 110
-0.201205 -0.139912 0.434000 93 118 97
-0.200083 -0.139912 0.434000 85 110 89
-0.198961 -0.139912 0.434000 85 115 90
-0.197839 -0.139912 0.434000 83 113 88
-0.196718 -0.139912 0.434000 80 114 83
-0.195596 -0.139912 0.434000 77 111 80
-0.194474 -0.139912 0.434000 80 111 81
-0.193352 -0.139912 0.434000 77 108 78
-0.192230 -0.139912 0.434000 78 106 79
-0.191108 -0.139912 0.434000 78 106 79
-0.190424 -0.140235 0.435000 76 102 78
-0.189300 -0.140235 0.435000 75 101 77
-0.188175 -0.140235 0.435000 70 93 70
-0.187051 -0.140235 0.435000 66 89 66
-0.185926 -0.140235 0.435000 68 88 69
-0.184802 -0.140235 0.435000 83 103 84
-0.183677 -0.140235 0.435000 114 134 119
-0.182553 -0.140235 0.435000 137 157 142
-0.175402 -0.139912 0.434000 121 139 133
-0.173878 -0.139590 0.433000 89 109 106
-0.171243 -0.139268 0.432000 35 57 58
-0.169733 -0.138945 0.431000 35 57 58
-0.168228 -0.138623 0.430000 45 64 64
-0.167116 -0.138623 0.430000 46 65 65
-0.165618 -0.138300 0.429000 46 66 63
-0.164510 -0.138300 0.429000 46 66 63
-0.163401 -0.138300 0.429000 48 66 64
-0.162292 -0.138300 0.429000 49 67 65
-0.161183 -0.138300 0.429000 50 65 64
-0.159335 -0.138623 0.430000 49 66 67
-0.158224 -0.138623 0.430000 48 65 66
-0.157112 -0.138623 0.430000 54 71 76
-0.156363 -0.138945 0.431000 67 84 89
-0.155610 -0.139268 0.432000 96 108 110
-0.154850 -0.139590 0.433000 121 133 135
0.070918 -0.138945 0.431000 159 154 150
0.072032 -0.138945 0.431000 158 155 152
0.072976 -0.138623 0.430000 169 166 163
0.074088 -0.138623 0.430000 189 189 189
0.075374 -0.138945 0.431000 201 201 201
0.076489 -0.138945 0.431000 176 182 184
0.077603 -0.138945 0.431000 169 175 177
-0.206815 -0.138789 0.434000 130 148 127
-0.205693 -0.138789 0.434000 117 140 115
-0.204571 -0.138789 0.434000 105 128 103
-0.203449 -0.138789 0.434000 89 115 91
-0.202327 -0.138789 0.434000 89 115 91
-0.201205 -0.138789 0.434000 89 119 94
-0.200083 -0.138789 0.434000 87 117 92
-0.198961 -0.138789 0.434000 82 117 90
-0.197171 -0.139109 0.435000 80 116 84
-0.196046 -0.139109 0.435000 80 116 84
-0.194922 -0.139109 0.435000 81 115 84
-0.193797 -0.139109 0.435000 81 115 84
-0.192673 -0.139109 0.435000 78 107 77
-0.191549 -0.139109 0.435000 79 108 78
-0.189735 -0.139429 0.436000 77 100 75
-0.188608 -0.139429 0.436000 99 116 98
-0.187481 -0.139429 0.436000 119 136 118
-0.186354 -0.139429 0.436000 135 150 134
-0.171640 -0.138469 0.433000 116 131 130
-0.170127 -0.138149 0.432000 86 101 100
-0.168619 -0.137830 0.431000 56 68 70
-0.167505 -0.137830 0.431000 40 52 54
-0.166005 -0.137510 0.430000 42 56 58
-0.164893 -0.137510 0.430000 43 57 59
-0.163401 -0.137190 0.429000 51 65 67
-0.162292 -0.137190 0.429000 50 64 66
-0.161183 -0.137190 0.429000 50 64 66
-0.160074 -0.137190 0.429000 51 65 67
-0.158224 -0.137510 0.430000 48 65 66
-0.157112 -0.137510 0.430000 43 60 61
-0.156001 -0.137510 0.430000 41 58 59
-0.154135 -0.137830 0.431000 51 65 67
-0.153376 -0.138149 0.432000 73 88 85
-0.152259 -0.138149 0.432000 107 122 119
0.068530 -0.137510 0.430000 159 154 152
0.069642 -0.137510 0.430000 154 154 150
0.070753 -0.137510 0.430000 161 161 157
0.071865 -0.137510 0.430000 187 191 186
0.072976 -0.137510 0.430000 194 198 193
0.074088 -0.137510 0.430000 188 194 194
-0.210180 -0.137666 0.434000 147 165 142
-0.209058 -0.137666 0.434000 141 159 136
-0.207936 -0.137666 0.434000 114 141 112
-0.206815 -0.137666 0.434000 95 122 93
-0.205693 -0.137666 0.434000 89 118 88
-0.204571 -0.137666 0.434000 93 122 92
-0.203449 -0.137666 0.434000 90 121 91
-0.202327 -0.137666 0.434000 89 120 90
-0.200544 -0.137983 0.435000 83 118 89
-0.199420 -0.137983 0.435000 81 116 87
-0.198295 -0.137983 0.435000 82 117 88
-0.197171 -0.137983 0.435000 79 117 87
-0.196046 -0.137983 0.435000 78 116 86
-0.195370 -0.138300 0.436000 80 114 83
-0.194243 -0.138300 0.436000 81 115 84
-0.193116 -0.138300 0.436000 84 106 79
-0.191989 -0.138300 0.436000 95 117 90
-0.191300 -0.138617 0.437000 123 138 113
-0.190170 -0.138617 0.437000 136 151 126
-0.169401 -0.137348 0.433000 140 148 147
-0.167893 -0.137031 0.432000 119 127 126
-0.166391 -0.136714 0.431000 79 92 91
-0.165276 -0.136714 0.431000 53 66 65
-0.163781 -0.136397 0.430000 41 58 59
-0.162670 -0.136397 0.430000 42 59 60
-0.161183 -0.136080 0.429000 48 62 64
-0.160074 -0.136080 0.429000 51 65 67
-0.158965 -0.136080 0.429000 47 64 65
-0.157856 -0.136080 0.429000 46 63 64
-0.156747 -0.136080 0.429000 45 64 64
-0.155638 -0.136080 0.429000 45 64 64
-0.154889 -0.136397 0.430000 49 66 67
-0.153778 -0.136397 0.430000 48 65 66
-0.152666 -0.136397 0.430000 45 63 61
-0.150793 -0.136714 0.431000 70 88 86
-0.149679 -0.136714 0.431000 105 123 121
-0.148909 -0.137031 0.432000 132 145 142
0.066307 -0.136397 0.430000 158 153 151
0.067419 -0.136397 0.430000 158 154 155
0.068530 -0.136397 0.430000 163 159 160
0.069642 -0.136397 0.430000 173 177 172
0.070753 -0.136397 0.430000 188 192 187
0.071865 -0.136397 0.430000 187 195 194
0.072976 -0.136397 0.430000 171 179 178
-0.213546 -0.136542 0.434000 155 166 147
-0.211302 -0.136542 0.434000 107 125 102
-0.210180 -0.136542 0.434000 94 118 90
-0.209058 -0.136542 0.434000 90 114 86
-0.207936 -0.136542 0.434000 92 119 88
-0.206815 -0.136542 0.434000 89 116 85
-0.205693 -0.136542 0.434000 91 122 90
-0.203918 -0.136857 0.435000 88 122 89
-0.202793 -0.136857 0.435000 87 121 88
-0.201669 -0.136857 0.435000 83 119 87
-0.200544 -0.136857 0.435000 83 119 87
-0.199420 -0.136857 0.435000 82 117 88
-0.198295 -0.136857 0.435000 81 116 87
-0.197624 -0.137171 0.436000 82 115 87
-0.196497 -0.137171 0.436000 83 116 88
-0.195818 -0.137486 0.437000 88 115 86
-0.194689 -0.137486 0.437000 109 136 107
-0.193559 -0.137486 0.437000 129 146 120
-0.165660 -0.135913 0.432000 130 143 140
-0.164162 -0.135598 0.431000 104 117 116
-0.163048 -0.135598 0.431000 72 85 84
-0.161558 -0.135284 0.430000 47 59 61
-0.160074 -0.134969 0.429000 45 57 59
-0.158965 -0.134969 0.429000 44 56 58
-0.157856 -0.134969 0.429000 47 59 61
-0.156747 -0.134969 0.429000 43 60 61
-0.155638 -0.134969 0.429000 43 60 61
-0.154529 -0.134969 0.429000 45 64 64
-0.153420 -0.134969 0.429000 45 64 64
-0.152311 -0.134969 0.429000 48 66 64
-0.151202 -0.134969 0.429000 49 67 65
-0.150093 -0.134969 0.429000 46 64 62
-0.149331 -0.135284 0.430000 45 63 61
-0.148220 -0.135284 0.430000 65 77 79
-0.146676 -0.135913 0.432000 130 141 141
0.065196 -0.135284 0.430000 156 151 149
0.068371 -0.134969 0.429000 195 196 192
0.069642 -0.135284 0.430000 189 195 195
0.070753 -0.135284 0.430000 172 178 178
0.071865 -0.135284 0.430000 167 175 176
-0.217411 -0.135731 0.435000 141 152 131
-0.215790 -0.135419 0.434000 141 152 131
-0.214668 -0.135419 0.434000 121 136 111
-0.213546 -0.135419 0.434000 91 106 81
-0.212424 -0.135419 0.434000 85 109 81
-0.211302 -0.135419 0.434000 90 114 86
-0.210180 -0.135419 0.434000 93 120 89
-0.209058 -0.135419 0.434000 96 123 92
-0.207936 -0.135419 0.434000 94 121 90
-0.206815 -0.135419 0.434000 92 119 88
-0.205693 -0.135419 0.434000 92 121 89
-0.205042 -0.135731 0.435000 91 120 88
-0.203918 -0.135731 0.435000 87 118 86
-0.202793 -0.135731 0.435000 84 115 83
-0.201669 -0.135731 0.435000 83 113 86
-0.200544 -0.135731 0.435000 87 117 90
-0.199878 -0.136043 0.436000 83 113 88
-0.198751 -0.136043 0.436000 100 130 105
-0.197624 -0.136043 0.436000 110 136 112
-0.196948 -0.136355 0.437000 116 142 118
-0.195818 -0.136355 0.437000 121 142 120
-0.163427 -0.134795 0.432000 134 142 141
-0.161934 -0.134483 0.431000 117 125 126
-0.160447 -0.134171 0.430000 91 99 100
-0.158965 -0.133859 0.429000 66 73 77
-0.157856 -0.133859 0.429000 50 57 61
-0.156747 -0.133859 0.429000 43 57 59
-0.155638 -0.133859 0.429000 43 57 59
-0.154169 -0.133547 0.428000 47 62 61
-0.153062 -0.133547 0.428000 49 64 63
-0.152311 -0.133859 0.429000 50 65 64
-0.151202 -0.133859 0.429000 48 63 62
-0.150093 -0.133859 0.429000 50 65 64
-0.148984 -0.133859 0.429000 49 64 63
-0.147875 -0.133859 0.429000 48 63 62
-0.147108 -0.134171 0.430000 48 63 62
-0.145997 -0.134171 0.430000 58 70 72
0.064084 -0.134171 0.430000 162 163 157
0.065044 -0.133859 0.429000 175 175 169
0.069480 -0.133859 0.429000 170 176 178
-0.221292 -0.134914 0.436000 137 152 136
-0.219660 -0.134605 0.435000 139 156 130
-0.218536 -0.134605 0.435000 130 147 121
-0.217411 -0.134605 0.435000 109 126 96
-0.215790 -0.134295 0.434000 94 111 81
-0.214668 -0.134295 0.434000 85 108 74
-0.213546 -0.134295 0.434000 91 114 80
-0.212424 -0.134295 0.434000 87 117 80
-0.211302 -0.134295 0.434000 89 119 82
-0.210180 -0.134295 0.434000 89 119 82
-0.209058 -0.134295 0.434000 94 124 87
-0.207936 -0.134295 0.434000 93 121 85
-0.206815 -0.134295 0.434000 92 120 84
-0.206167 -0.134605 0.435000 89 116 85
-0.205042 -0.134605 0.435000 89 116 85
-0.203918 -0.134605 0.435000 89 116 87
-0.202793 -0.134605 0.435000 92 119 90
-0.202132 -0.134914 0.436000 96 122 98
-0.201005 -0.134914 0.436000 99 125 101
-0.199878 -0.134914 0.436000 115 137 119
-0.199207 -0.135224 0.437000 125 147 129
-0.159335 -0.133058 0.430000 135 142 146
-0.157856 -0.132748 0.429000 110 117 121
-0.156747 -0.132748 0.429000 69 81 83
-0.155638 -0.132748 0.429000 46 58 60
-0.154169 -0.132439 0.428000 43 54 52
-0.153062 -0.132439 0.428000 46 57 55
-0.151956 -0.132439 0.428000 50 61 59
-0.150850 -0.132439 0.428000 50 61 59
-0.149743 -0.132439 0.428000 49 62 59
-0.148637 -0.132439 0.428000 51 64 61
-0.147875 -0.132748 0.429000 52 65 64
-0.146766 -0.132748 0.429000 53 66 65
-0.145657 -0.132748 0.429000 53 66 65
-0.144885 -0.133058 0.430000 47 60 59
-0.142209 -0.133676 0.432000 128 141 140
-0.141419 -0.133986 0.433000 142 155 154
0.061861 -0.133058 0.430000 160 161 155
0.062973 -0.133058 0.430000 174 175 171
0.063935 -0.132748 0.429000 189 190 186
0.065044 -0.132748 0.429000 195 196 192
-0.223546 -0.133786 0.436000 144 159 141
-0.222419 -0.133786 0.436000 131 157 131
-0.220785 -0.133479 0.435000 114 140 114
-0.219660 -0.133479 0.435000 95 122 89
-0.218536 -0.133479 0.435000 85 112 79
-0.217411 -0.133479 0.435000 92 115 81
-0.216287 -0.133479 0.435000 95 118 84
-0.214668 -0.133172 0.434000 94 119 82
-0.213546 -0.133172 0.434000 90 115 78
-0.212424 -0.133172 0.434000 90 118 80
-0.211302 -0.133172 0.434000 93 121 83
-0.210180 -0.133172 0.434000 91 121 82
-0.209058 -0.133172 0.434000 93 123 84
-0.208416 -0.133479 0.435000 93 120 87
-0.207291 -0.133479 0.435000 88 115 82
-0.206167 -0.133479 0.435000 92 118 92
-0.205042 -0.133479 0.435000 101 127 101
-0.203918 -0.133479 0.435000 112 134 114
-0.203259 -0.133786 0.436000 117 139 119
-0.202132 -0.133786 0.436000 124 144 127
-0.156747 -0.131638 0.429000 135 143 144
-0.155638 -0.131638 0.429000 125 133 134
-0.154529 -0.131638 0.429000 82 93 93
-0.153062 -0.131331 0.428000 54 65 65
-0.151956 -0.131331 0.428000 48 56 55
-0.150497 -0.131024 0.427000 48 56 55
-0.149743 -0.131331 0.428000 46 59 58
-0.148637 -0.131331 0.428000 49 62 61
-0.147531 -0.131331 0.428000 48 62 64
-0.146424 -0.131331 0.428000 48 62 64
-0.145657 -0.131638 0.429000 50 65 64
-0.144548 -0.131638 0.429000 49 64 63
-0.143439 -0.131638 0.429000 45 60 59
-0.142662 -0.131944 0.430000 50 65 64
-0.141880 -0.132251 0.431000 63 75 79
-0.139976 -0.132558 0.432000 121 133 135
-0.139180 -0.132865 0.433000 143 155 157
0.059638 -0.131944 0.430000 159 159 153
0.060749 -0.131944 0.430000 172 173 169
0.061861 -0.131944 0.430000 182 183 179
0.062826 -0.131638 0.429000 198 202 197
0.063935 -0.131638 0.429000 188 192 187
0.065044 -0.131638 0.429000 176 179 178
-0.226927 -0.132657 0.436000 139 155 134
-0.225800 -0.132657 0.436000 144 160 139
-0.224673 -0.132657 0.436000 118 141 116
-0.223546 -0.132657 0.436000 99 122 97
-0.222419 -0.132657 0.436000 86 115 83
-0.220785 -0.132353 0.435000 84 113 81
-0.219660 -0.132353 0.435000 85 117 80
-0.218536 -0.132353 0.435000 87 119 82
-0.217411 -0.132353 0.435000 92 122 85
-0.216287 -0.132353 0.435000 92 122 85
-0.214668 -0.132048 0.434000 93 121 83
-0.213546 -0.132048 0.434000 92 120 82
-0.212424 -0.132048 0.434000 94 122 86
-0.211302 -0.132048 0.434000 96 124 88
-0.210664 -0.132353 0.435000 97 124 95
-0.209540 -0.132353 0.435000 96 123 94
-0.208416 -0.132353 0.435000 104 127 104
-0.207291 -0.132353 0.435000 115 138 115
-0.206167 -0.132353 0.435000 125 145 128
-0.205513 -0.132657 0.436000 127 147 130
-0.204386 -0.132657 0.436000 131 151 136
-0.154529 -0.130527 0.429000 141 149 148
-0.153420 -0.130527 0.429000 134 142 141
-0.151956 -0.130223 0.428000 103 111 110
-0.150850 -0.130223 0.428000 71 79 78
-0.149743 -0.130223 0.428000 44 56 60
-0.148290 -0.129919 0.427000 46 58 62
-0.147186 -0.129919 0.427000 47 61 67
-0.146082 -0.129919 0.427000 44 58 64
-0.144978 -0.129919 0.427000 47 64 67
-0.144211 -0.130223 0.428000 48 65 68
-0.143439 -0.130527 0.429000 47 64 65
-0.142330 -0.130527 0.429000 50 67 68
-0.141221 -0.130527 0.429000 41 55 59
-0.140439 -0.130831 0.430000 44 58 62
-0.139652 -0.131136 0.431000 63 75 81
-0.138061 -0.131744 0.433000 128 139 139
0.058526 -0.130831 0.430000 169 170 166
0.059638 -0.130831 0.430000 187 188 184
0.060749 -0.130831 0.430000 198 201 200
0.061861 -0.130831 0.430000 185 188 187
0.062973 -0.130831 0.430000 172 175 176
0.063935 -0.130527 0.429000 169 172 173
-0.229182 -0.131528 0.436000 150 166 145
-0.228054 -0.131528 0.436000 141 157 136
-0.226927 -0.131528 0.436000 118 142 114
-0.225800 -0.131528 0.436000 98 122 94
-0.224673 -0.131528 0.436000 91 120 90
-0.223546 -0.131528 0.436000 93 122 92
-0.221909 -0.131227 0.435000 89 120 86
-0.220785 -0.131227 0.435000 89 120 86
-0.219660 -0.131227 0.435000 84 118 83
-0.218536 -0.131227 0.435000 84 118 83
-0.217411 -0.131227 0.435000 87 121 86
-0.216287 -0.131227 0.435000 85 119 84
-0.215162 -0.131227 0.435000 92 121 89
-0.214038 -0.131227 0.435000 91 120 88
-0.212913 -0.131227 0.435000 94 117 92
-0.211789 -0.131227 0.435000 96 119 94
-0.210664 -0.131227 0.435000 118 140 122
-0.209540 -0.131227 0.435000 129 151 133
-0.208416 -0.131227 0.435000 137 157 142
-0.151202 -0.129417 0.429000 137 145 144
-0.149743 -0.129115 0.428000 107 114 118
-0.148637 -0.129115 0.428000 70 77 81
-0.147186 -0.128813 0.427000 44 53 63
-0.146082 -0.128813 0.427000 38 47 57
-0.144978 -0.128813 0.427000 41 57 65
-0.143874 -0.128813 0.427000 42 58 66
-0.143105 -0.129115 0.428000 44 63 65
-0.141999 -0.129115 0.428000 45 64 66
-0.141221 -0.129417 0.429000 42 59 62
-0.140113 -0.129417 0.429000 43 60 63
-0.139328 -0.129718 0.430000 40 53 62
-0.138216 -0.129718 0.430000 43 56 65
-0.136625 -0.130322 0.432000 90 100 105
-0.135822 -0.130623 0.433000 130 141 141
0.056303 -0.129718 0.430000 172 169 164
0.057415 -0.129718 0.430000 192 189 184
0.058526 -0.129718 0.430000 194 195 191
0.059638 -0.129718 0.430000 190 191 187
0.060749 -0.129718 0.430000 175 181 181
0.061861 -0.129718 0.430000 164 170 170
-0.230905 -0.130101 0.435000 139 157 134
-0.229780 -0.130101 0.435000 132 150 127
-0.228656 -0.130101 0.435000 106 130 100
-0.228054 -0.130400 0.436000 91 115 85
-0.226927 -0.130400 0.436000 85 114 82
-0.225282 -0.130101 0.435000 88 117 85
-0.224673 -0.130400 0.436000 90 121 89
-0.223546 -0.130400 0.436000 90 121 89
-0.222419 -0.130400 0.436000 84 120 84
-0.220785 -0.130101 0.435000 84 120 84
-0.219660 -0.130101 0.435000 83 119 85
-0.218536 -0.130101 0.435000 82 118 84
-0.217411 -0.130101 0.435000 82 115 89
-0.216287 -0.130101 0.435000 88 121 95
-0.215162 -0.130101 0.435000 103 125 105
-0.214038 -0.130101 0.435000 115 137 117
-0.212913 -0.130101 0.435000 128 148 129
-0.211789 -0.130101 0.435000 133 153 134
-0.148984 -0.128306 0.429000 137 145 146
-0.147531 -0.128007 0.428000 110 117 125
-0.146424 -0.128007 0.428000 75 82 90
-0.145318 -0.128007 0.428000 45 57 63
-0.144211 -0.128007 0.428000 38 50 56
-0.142771 -0.127708 0.427000 40 54 60
-0.141999 -0.128007 0.428000 43 57 63
-0.140892 -0.128007 0.428000 45 59 65
-0.140113 -0.128306 0.429000 47 61 67
-0.139004 -0.128306 0.429000 48 62 68
-0.137895 -0.128306 0.429000 48 62 68
-0.137105 -0.128605 0.430000 45 57 63
-0.135993 -0.128605 0.430000 52 64 70
-0.135195 -0.128904 0.431000 64 76 78
-0.133584 -0.129503 0.433000 138 146 147
0.054080 -0.128605 0.430000 170 168 160
0.055192 -0.128605 0.430000 195 193 185
0.056303 -0.128605 0.430000 197 198 189
0.057415 -0.128605 0.430000 193 194 185
0.058526 -0.128605 0.430000 171 174 173
0.059638 -0.128605 0.430000 165 168 167
-0.234278 -0.128975 0.435000 144 154 138
-0.233154 -0.128975 0.435000 138 160 133
-0.232029 -0.128975 0.435000 125 147 120
-0.230905 -0.128975 0.435000 101 128 97
-0.229780 -0.128975 0.435000 93 120 89
-0.228656 -0.128975 0.435000 88 117 85
-0.227531 -0.128975 0.435000 89 118 86
-0.226407 -0.128975 0.435000 87 118 86
-0.225282 -0.128975 0.435000 89 120 88
-0.224673 -0.129271 0.436000 85 119 88
-0.223546 -0.129271 0.436000 85 119 88
-0.222419 -0.129271 0.436000 86 122 90
-0.221292 -0.129271 0.436000 82 118 86
-0.220165 -0.129271 0.436000 80 115 88
-0.218536 -0.128975 0.435000 81 116 89
-0.217411 -0.128975 0.435000 101 128 108
-0.216287 -0.128975 0.435000 108 135 115
-0.215162 -0.128975 0.435000 142 159 143
-0.214038 -0.128975 0.435000 148 165 149
-0.146766 -0.127196 0.429000 142 149 153
-0.145318 -0.126899 0.428000 118 128 133
-0.144211 -0.126899 0.428000 68 78 83
-0.143105 -0.126899 0.428000 46 56 61
-0.141999 -0.126899 0.428000 40 50 55
-0.140892 -0.126899 0.428000 46 58 64
-0.139786 -0.126899 0.428000 50 62 68
-0.138680 -0.126899 0.428000 47 61 67
-0.137573 -0.126899 0.428000 47 61 67
-0.136786 -0.127196 0.429000 43 60 65
-0.135677 -0.127196 0.429000 40 57 62
-0.134568 -0.127196 0.429000 43 55 59
-0.133770 -0.127492 0.430000 47 59 63
-0.132658 -0.127492 0.430000 69 77 78
-0.132159 -0.128085 0.432000 104 112 113
0.050746 -0.127492 0.430000 156 154 146
0.051857 -0.127492 0.430000 168 166 158
0.052969 -0.127492 0.430000 189 187 179
0.054080 -0.127492 0.430000 200 198 190
0.055192 -0.127492 0.430000 198 196 188
0.056303 -0.127492 0.430000 183 183 177
0.057415 -0.127492 0.430000 172 172 166
-0.235983 -0.127555 0.434000 147 157 141
-0.234862 -0.127555 0.434000 137 159 132
-0.233740 -0.127555 0.434000 116 138 111
-0.232618 -0.127555 0.434000 102 129 96
-0.231496 -0.127555 0.434000 87 114 81
-0.230374 -0.127555 0.434000 87 118 84
-0.229780 -0.127849 0.435000 87 118 84
-0.228656 -0.127849 0.435000 86 117 83
-0.227531 -0.127849 0.435000 86 117 83
-0.226407 -0.127849 0.435000 87 118 86
-0.225282 -0.127849 0.435000 87 118 86
-0.224673 -0.128143 0.436000 87 117 90
-0.223546 -0.128143 0.436000 87 117 90
-0.222419 -0.128143 0.436000 85 117 96
-0.221292 -0.128143 0.436000 95 127 106
-0.220165 -0.128143 0.436000 118 146 131
-0.219038 -0.128143 0.436000 133 161 146
-0.217911 -0.128143 0.436000 142 166 152
-0.143439 -0.126085 0.429000 121 131 136
-0.141999 -0.125791 0.428000 72 82 87
-0.140892 -0.125791 0.428000 46 56 63
-0.139786 -0.125791 0.428000 45 55 62
-0.138680 -0.125791 0.428000 47 61 67
-0.137252 -0.125497 0.427000 47 61 67
-0.136467 -0.125791 0.428000 47 61 67
-0.135360 -0.125791 0.428000 47 61 67
-0.134254 -0.125791 0.428000 50 62 64
-0.133459 -0.126085 0.429000 54 66 68
-0.131241 -0.126085 0.429000 48 58 61
-0.130435 -0.126379 0.430000 67 73 75
-0.129624 -0.126673 0.431000 107 113 115
-0.128809 -0.126967 0.432000 146 154 151
0.048523 -0.126379 0.430000 158 155 150
0.049634 -0.126379 0.430000 179 176 171
0.050746 -0.126379 0.430000 181 178 173
0.051857 -0.126379 0.430000 204 201 196
0.052969 -0.126379 0.430000 195 192 187
0.054080 -0.126379 0.430000 176 176 172
0.055192 -0.126379 0.430000 163 163 159
-0.239349 -0.126431 0.434000 137 151 131
-0.238227 -0.126431 0.434000 144 158 138
-0.237105 -0.126431 0.434000 127 145 122
-0.235983 -0.126431 0.434000 108 126 103
-0.234862 -0.126431 0.434000 89 118 88
-0.233740 -0.126431 0.434000 87 116 86
-0.232618 -0.126431 0.434000 85 116 82
-0.231496 -0.126431 0.434000 89 120 86
-0.230374 -0.126431 0.434000 88 122 87
-0.229780 -0.126723 0.435000 88 122 87
-0.228656 -0.126723 0.435000 88 122 89
-0.227531 -0.126723 0.435000 85 119 86
-0.226407 -0.126723 0.435000 89 119 92
-0.225282 -0.126723 0.435000 87 117 90
-0.224673 -0.127014 0.436000 86 115 97
-0.223546 -0.127014 0.436000 98 127 109
-0.222419 -0.127014 0.436000 117 144 135
-0.221292 -0.127014 0.436000 131 158 149
-0.220165 -0.127014 0.436000 138 162 150
-0.142330 -0.124975 0.429000 144 152 153
-0.140892 -0.124683 0.428000 122 132 137
-0.139786 -0.124683 0.428000 77 87 92
-0.138680 -0.124683 0.428000 48 58 65
-0.137252 -0.124392 0.427000 40 50 57
-0.136148 -0.124392 0.427000 45 55 60
-0.135044 -0.124392 0.427000 46 56 61
-0.133940 -0.124392 0.427000 51 61 66
-0.132837 -0.124392 0.427000 52 62 67
-0.132041 -0.124683 0.428000 53 65 67
-0.130935 -0.124683 0.428000 52 64 66
-0.130132 -0.124975 0.429000 51 61 66
-0.129023 -0.124975 0.429000 52 62 67
-0.128212 -0.125266 0.430000 79 87 88
-0.127396 -0.125557 0.431000 123 131 132
0.046299 -0.125266 0.430000 158 156 148
0.047411 -0.125266 0.430000 174 171 166
0.048523 -0.125266 0.430000 183 180 175
0.049634 -0.125266 0.430000 197 197 193
0.050746 -0.125266 0.430000 190 190 186
0.051857 -0.125266 0.430000 174 174 174
0.052969 -0.125266 0.430000 167 167 167
-0.241593 -0.125308 0.434000 141 157 136
-0.240471 -0.125308 0.434000 142 158 137
-0.239349 -0.125308 0.434000 132 154 127
-0.238227 -0.125308 0.434000 104 126 99
-0.237105 -0.125308 0.434000 87 115 88
-0.235983 -0.125308 0.434000 87 115 88
-0.234862 -0.125308 0.434000 87 118 88
-0.233740 -0.125308 0.434000 89 120 90
-0.232618 -0.125308 0.434000 85 119 84
-0.231496 -0.125308 0.434000 85 119 84
-0.230374 -0.125308 0.434000 83 119 83
-0.229780 -0.125597 0.435000 86 122 86
-0.228656 -0.125597 0.435000 88 121 93
-0.227531 -0.125597 0.435000 85 118 90
-0.226407 -0.125597 0.435000 92 117 96
-0.225282 -0.125597 0.435000 114 139 118
-0.224158 -0.125597 0.435000 129 153 139
-0.223546 -0.125885 0.436000 137 161 147
-0.140113 -0.123864 0.429000 139 146 150
-0.138680 -0.123576 0.428000 125 132 136
-0.137573 -0.123576 0.428000 75 82 86
-0.136148 -0.123287 0.427000 44 49 56
-0.135044 -0.123287 0.427000 42 47 54
-0.133627 -0.122998 0.426000 46 56 61
-0.132526 -0.122998 0.426000 50 60 65
-0.131424 -0.122998 0.426000 51 63 67
-0.130629 -0.123287 0.427000 51 63 67
-0.129525 -0.123287 0.427000 53 65 69
-0.128722 -0.123576 0.428000 47 59 63
-0.127914 -0.123864 0.429000 50 60 63
-0.126805 -0.123864 0.429000 58 68 71
-0.125989 -0.124153 0.430000 86 97 95
-0.125168 -0.124442 0.431000 130 141 139
0.044076 -0.124153 0.430000 160 158 150
0.045188 -0.124153 0.430000 173 174 165
0.046299 -0.124153 0.430000 188 189 180
0.047411 -0.124153 0.430000 197 197 191
0.048523 -0.124153 0.430000 187 187 181
0.049634 -0.124153 0.430000 175 175 171
0.050746 -0.124153 0.430000 163 163 159
0.051857 -0.124153 0.430000 165 165 167
-0.243837 -0.124185 0.434000 132 146 126
-0.242715 -0.124185 0.434000 144 158 138
-0.241593 -0.124185 0.434000 132 159 128
-0.240471 -0.124185 0.434000 101 128 97
-0.239349 -0.124185 0.434000 91 120 88
-0.237678 -0.123898 0.433000 94 123 91
-0.236559 -0.123898 0.433000 89 120 88
-0.235440 -0.123898 0.433000 91 122 90
-0.234862 -0.124185 0.434000 87 118 86
-0.233740 -0.124185 0.434000 89 120 88
-0.232618 -0.124185 0.434000 84 118 85
-0.231496 -0.124185 0.434000 85 119 86
-0.230374 -0.124185 0.434000 81 117 85
-0.229780 -0.124471 0.435000 81 117 85
-0.228656 -0.124471 0.435000 97 126 104
-0.227531 -0.124471 0.435000 114 143 121
-0.226407 -0.124471 0.435000 134 151 137
-0.225282 -0.124471 0.435000 142 159 145
-0.136467 -0.122468 0.428000 114 116 122
-0.135044 -0.122182 0.427000 64 66 72
-0.133627 -0.121895 0.426000 46 53 59
-0.132526 -0.121895 0.426000 43 50 56
-0.131424 -0.121895 0.426000 47 59 63
-0.130323 -0.121895 0.426000 51 63 67
-0.129222 -0.121895 0.426000 48 62 66
-0.128421 -0.122182 0.427000 49 63 67
-0.127318 -0.122182 0.427000 47 59 61
-0.126509 -0.122468 0.428000 39 51 53
-0.125696 -0.122754 0.429000 48 59 59
-0.124878 -0.123040 0.430000 64 75 75
-0.124054 -0.123326 0.431000 96 107 105
-0.123225 -0.123612 0.432000 136 147 145
0.041756 -0.122754 0.429000 158 158 152
0.042865 -0.122754 0.429000 171 168 163
0.043974 -0.122754 0.429000 193 190 185
0.045083 -0.122754 0.429000 198 198 192
0.046192 -0.122754 0.429000 190 190 184
0.047301 -0.122754 0.429000 174 175 171
0.048410 -0.122754 0.429000 165 166 162
-0.246647 -0.123345 0.435000 144 158 136
-0.244958 -0.123061 0.434000 143 157 135
-0.243837 -0.123061 0.434000 123 145 114
-0.242715 -0.123061 0.434000 98 120 89
-0.241593 -0.123061 0.434000 81 111 74
-0.240471 -0.123061 0.434000 87 117 80
-0.238798 -0.122778 0.433000 89 121 84
-0.237678 -0.122778 0.433000 87 119 82
-0.236559 -0.122778 0.433000 87 118 84
-0.235440 -0.122778 0.433000 91 122 88
-0.234862 -0.123061 0.434000 89 120 90
-0.233740 -0.123061 0.434000 87 118 88
-0.232618 -0.123061 0.434000 89 115 91
-0.231496 -0.123061 0.434000 92 118 94
-0.230374 -0.123061 0.434000 103 130 108
-0.229780 -0.123345 0.435000 121 148 126
-0.228656 -0.123345 0.435000 140 162 146
-0.227531 -0.123345 0.435000 140 162 146
-0.133940 -0.121076 0.427000 111 119 120
-0.132526 -0.120793 0.426000 68 76 77
-0.131116 -0.120509 0.425000 43 55 57
-0.130017 -0.120509 0.425000 40 52 54
-0.128919 -0.120509 0.425000 44 58 62
-0.128121 -0.120793 0.426000 48 62 66
-0.127020 -0.120793 0.426000 50 64 66
-0.126214 -0.121076 0.427000 49 63 65
-0.125403 -0.121360 0.428000 50 63 60
-0.124587 -0.121643 0.429000 47 60 57
-0.123478 -0.121643 0.429000 50 61 61
-0.122655 -0.121927 0.430000 64 75 75
-0.121826 -0.122210 0.431000 105 116 116
-0.120992 -0.122494 0.432000 140 151 151
0.038429 -0.121643 0.429000 156 157 148
0.039538 -0.121643 0.429000 163 164 155
0.040647 -0.121643 0.429000 178 179 173
0.041756 -0.121643 0.429000 190 191 185
0.042865 -0.121643 0.429000 192 193 189
0.043974 -0.121643 0.429000 181 182 178
0.045083 -0.121643 0.429000 167 167 167
0.046192 -0.121643 0.429000 165 165 165
-0.248896 -0.122219 0.435000 141 152 133
-0.247202 -0.121938 0.434000 144 155 136
-0.246080 -0.121938 0.434000 126 148 119
-0.244958 -0.121938 0.434000 105 127 98
-0.243837 -0.121938 0.434000 95 123 87
-0.242715 -0.121938 0.434000 96 124 88
-0.241593 -0.121938 0.434000 89 119 82
-0.239917 -0.121657 0.433000 92 122 85
-0.238798 -0.121657 0.433000 90 122 85
-0.237678 -0.121657 0.433000 90 122 85
-0.236559 -0.121657 0.433000 93 124 92
-0.235983 -0.121938 0.434000 87 118 86
-0.234862 -0.121938 0.434000 87 116 94
-0.233740 -0.121938 0.434000 85 114 92
-0.232618 -0.121938 0.434000 127 147 130
-0.231496 -0.121938 0.434000 135 155 138
-0.230374 -0.121938 0.434000 142 162 145
-0.131424 -0.119690 0.426000 96 109 108
-0.130017 -0.119409 0.425000 50 63 62
-0.128919 -0.119409 0.425000 35 49 51
-0.127820 -0.119409 0.425000 40 54 56
-0.126721 -0.119409 0.425000 47 61 63
-0.125918 -0.119690 0.426000 49 63 65
-0.125110 -0.119971 0.427000 54 65 63
-0.124297 -0.120252 0.428000 53 64 62
-0.123190 -0.120252 0.428000 54 65 65
-0.122369 -0.120533 0.429000 48 59 59
-0.121260 -0.120533 0.429000 51 61 64
-0.120431 -0.120814 0.430000 70 80 83
-0.119320 -0.120814 0.430000 118 129 129
0.036211 -0.120533 0.429000 159 159 153
0.037320 -0.120533 0.429000 172 172 166
0.038429 -0.120533 0.429000 179 179 173
0.039538 -0.120533 0.429000 196 196 190
0.040647 -0.120533 0.429000 192 193 189
0.041756 -0.120533 0.429000 181 182 178
0.042865 -0.120533 0.429000 168 168 168
0.043974 -0.120533 0.429000 165 165 165
-0.251145 -0.121093 0.435000 138 152 132
-0.250021 -0.121093 0.435000 140 154 134
-0.248324 -0.120814 0.434000 119 142 117
-0.247202 -0.120814 0.434000 103 126 101
-0.246080 -0.120814 0.434000 88 117 85
-0.244958 -0.120814 0.434000 92 121 89
-0.243837 -0.120814 0.434000 91 123 86
-0.242715 -0.120814 0.434000 91 123 86
-0.241593 -0.120814 0.434000 90 125 87
-0.239917 -0.120536 0.433000 90 125 87
-0.238798 -0.120536 0.433000 88 123 85
-0.237678 -0.120536 0.433000 88 123 85
-0.236559 -0.120536 0.433000 89 119 94
-0.235983 -0.120814 0.434000 93 123 98
-0.234862 -0.120814 0.434000 115 136 123
-0.233740 -0.120814 0.434000 131 152 139
-0.232618 -0.120814 0.434000 144 160 149
-0.130323 -0.118587 0.426000 123 136 133
-0.128919 -0.118309 0.425000 80 95 94
-0.127820 -0.118309 0.425000 45 60 59
-0.126721 -0.118309 0.425000 41 51 54
-0.125623 -0.118309 0.425000 45 55 58
-0.124524 -0.118309 0.425000 56 62 64
-0.123716 -0.118587 0.426000 54 60 62
-0.122903 -0.118866 0.427000 52 60 61
-0.122084 -0.119144 0.428000 53 61 62
-0.120978 -0.119144 0.428000 60 68 69
-0.120151 -0.119422 0.429000 52 60 61
-0.119042 -0.119422 0.429000 55 62 68
-0.117933 -0.119422 0.429000 86 93 99
-0.117097 -0.119701 0.430000 125 132 136
0.033993 -0.119422 0.429000 165 162 157
0.035102 -0.119422 0.429000 182 179 174
0.036211 -0.119422 0.429000 191 191 185
0.037320 -0.119422 0.429000 195 195 189
0.038429 -0.119422 0.429000 193 194 188
0.039538 -0.119422 0.429000 176 177 171
0.040647 -0.119422 0.429000 164 164 164
0.041756 -0.119422 0.429000 165 165 165
-0.252812 -0.119691 0.434000 142 153 134
-0.251690 -0.119691 0.434000 142 153 134
-0.251145 -0.119967 0.435000 117 143 117
-0.249446 -0.119691 0.434000 93 119 93
-0.248324 -0.119691 0.434000 83 113 86
-0.247202 -0.119691 0.434000 89 119 92
-0.246080 -0.119691 0.434000 89 123 90
-0.244958 -0.119691 0.434000 88 122 89
-0.243837 -0.119691 0.434000 88 122 87
-0.242715 -0.119691 0.434000 85 119 84
-0.241593 -0.119691 0.434000 91 125 90
-0.240471 -0.119691 0.434000 89 123 88
-0.239349 -0.119691 0.434000 84 115 85
-0.238227 -0.119691 0.434000 92 123 93
-0.237105 -0.119691 0.434000 122 144 128
-0.235983 -0.119691 0.434000 136 158 142
-0.234862 -0.119691 0.434000 142 161 149
-0.128121 -0.117485 0.426000 117 130 129
-0.126721 -0.117209 0.425000 61 72 72
-0.125623 -0.117209 0.425000 40 51 51
-0.124524 -0.117209 0.425000 45 52 56
-0.123426 -0.117209 0.425000 52 59 63
-0.122615 -0.117485 0.426000 50 57 61
-0.121514 -0.117485 0.426000 52 59 63
-0.120695 -0.117760 0.427000 55 62 66
-0.119591 -0.117760 0.427000 53 60 64
-0.118765 -0.118036 0.428000 52 59 63
-0.117659 -0.118036 0.428000 53 60 64
-0.116824 -0.118312 0.429000 63 68 73
-0.115716 -0.118312 0.429000 91 96 101
-0.114607 -0.118312 0.429000 140 139 146
0.029557 -0.118312 0.429000 156 151 147
0.030666 -0.118312 0.429000 157 152 148
0.031775 -0.118312 0.429000 169 164 160
0.032884 -0.118312 0.429000 191 186 182
0.033993 -0.118312 0.429000 200 197 192
0.035102 -0.118312 0.429000 203 200 195
0.036211 -0.118312 0.429000 187 187 183
0.037320 -0.118312 0.429000 176 176 172
0.038429 -0.118312 0.429000 166 167 163
-0.255055 -0.118567 0.434000 133 143 127
-0.253933 -0.118567 0.434000 138 148 132
-0.252812 -0.118567 0.434000 121 143 116
-0.251690 -0.118567 0.434000 107 129 102
-0.250568 -0.118567 0.434000 90 120 93
-0.249446 -0.118567 0.434000 82 112 85
-0.248324 -0.118567 0.434000 81 119 89
-0.247202 -0.118567 0.434000 81 119 89
-0.246080 -0.118567 0.434000 87 123 89
-0.244958 -0.118567 0.434000 87 123 89
-0.243837 -0.118567 0.434000 84 120 86
-0.242715 -0.118567 0.434000 83 119 85
-0.241593 -0.118567 0.434000 83 113 86
-0.240471 -0.118567 0.434000 100 130 103
-0.239349 -0.118567 0.434000 133 153 134
-0.238227 -0.118567 0.434000 142 162 143
-0.127020 -0.116382 0.426000 140 148 147
-0.125918 -0.116382 0.426000 112 120 119
-0.124524 -0.116109 0.425000 69 75 77
-0.123426 -0.116109 0.425000 42 48 50
-0.122327 -0.116109 0.425000 45 52 56
-0.121228 -0.116109 0.425000 50 57 61
-0.120130 -0.116109 0.425000 52 59 63
-0.119311 -0.116382 0.426000 53 60 64
-0.118210 -0.116382 0.426000 55 63 64
-0.117384 -0.116655 0.427000 56 64 65
-0.116280 -0.116655 0.427000 52 54 60
-0.115446 -0.116928 0.428000 53 55 61
-0.114339 -0.116928 0.428000 71 70 77
-0.113498 -0.117201 0.429000 100 99 106
-0.112389 -0.117201 0.429000 133 139 141
0.026231 -0.117201 0.429000 153 150 145
0.027340 -0.117201 0.429000 155 152 147
0.028449 -0.117201 0.429000 162 159 154
0.029557 -0.117201 0.429000 170 167 162
0.030666 -0.117201 0.429000 192 189 184
0.031775 -0.117201 0.429000 199 196 193
0.032884 -0.117201 0.429000 193 190 187
0.033993 -0.117201 0.429000 175 174 174
0.035102 -0.117201 0.429000 161 160 160
0.036211 -0.117201 0.429000 160 159 161
-0.256706 -0.117173 0.433000 130 143 126
-0.256177 -0.117444 0.434000 133 146 129
-0.255055 -0.117444 0.434000 128 147 121
-0.253933 -0.117444 0.434000 111 130 104
-0.252812 -0.117444 0.434000 94 121 90
-0.251690 -0.117444 0.434000 94 121 90
-0.250568 -0.117444 0.434000 90 121 91
-0.249446 -0.117444 0.434000 89 120 90
-0.248324 -0.117444 0.434000 87 123 91
-0.247202 -0.117444 0.434000 86 122 90
-0.246080 -0.117444 0.434000 90 126 94
-0.244958 -0.117444 0.434000 88 124 92
-0.243837 -0.117444 0.434000 83 118 89
-0.242715 -0.117444 0.434000 83 118 89
-0.241593 -0.117444 0.434000 124 149 130
-0.240471 -0.117444 0.434000 137 162 143
-0.124817 -0.115279 0.426000 142 148 148
-0.123716 -0.115279 0.426000 103 109 109
-0.122615 -0.115279 0.426000 55 63 64
-0.121228 -0.115009 0.425000 41 49 50
-0.120130 -0.115009 0.425000 43 50 54
-0.119031 -0.115009 0.425000 50 57 61
-0.117932 -0.115009 0.425000 54 61 65
-0.116008 -0.115279 0.426000 53 60 64
-0.114906 -0.115279 0.426000 50 57 61
-0.114072 -0.115550 0.427000 60 65 70
-0.112968 -0.115550 0.427000 53 58 63
-0.111865 -0.115550 0.427000 59 70 70
-0.111020 -0.115820 0.428000 91 102 102
-0.110171 -0.116091 0.429000 132 140 139
0.023957 -0.115820 0.428000 147 147 141
0.025063 -0.115820 0.428000 155 153 145
0.026169 -0.115820 0.428000 172 170 162
0.027276 -0.115820 0.428000 191 189 181
0.028382 -0.115820 0.428000 198 196 188
0.029489 -0.115820 0.428000 198 198 192
0.030595 -0.115820 0.428000 188 188 182
0.031701 -0.115820 0.428000 172 172 172
0.032884 -0.116091 0.429000 166 166 166
0.033993 -0.116091 0.429000 166 166 170
-0.258945 -0.116053 0.433000 131 146 128
-0.257826 -0.116053 0.433000 134 149 131
-0.256706 -0.116053 0.433000 123 144 120
-0.255587 -0.116053 0.433000 105 126 102
-0.255055 -0.116321 0.434000 89 116 85
-0.253933 -0.116321 0.434000 90 117 86
-0.252812 -0.116321 0.434000 94 121 90
-0.251690 -0.116321 0.434000 93 120 89
-0.250568 -0.116321 0.434000 92 121 89
-0.249446 -0.116321 0.434000 91 120 88
-0.248324 -0.116321 0.434000 89 120 88
-0.247202 -0.116321 0.434000 87 118 86
-0.246080 -0.116321 0.434000 98 128 101
-0.244958 -0.116321 0.434000 94 124 97
-0.243837 -0.116321 0.434000 119 148 126
-0.242715 -0.116321 0.434000 129 158 136
-0.122903 -0.114444 0.427000 132 140 139
-0.121514 -0.114176 0.426000 91 99 98
-0.120130 -0.113908 0.425000 49 57 58
-0.119031 -0.113908 0.425000 41 49 50
-0.117932 -0.113908 0.425000 43 50 54
-0.116834 -0.113908 0.425000 49 56 60
-0.115735 -0.113908 0.425000 46 56 59
-0.114637 -0.113908 0.425000 48 58 61
-0.113538 -0.113908 0.425000 53 64 64
-0.112439 -0.113908 0.425000 52 63 63
-0.110502 -0.114176 0.426000 46 59 58
-0.109657 -0.114444 0.427000 59 72 71
-0.108553 -0.114444 0.427000 96 109 108
-0.107701 -0.114712 0.428000 127 135 136
0.021744 -0.114712 0.428000 145 146 142
0.022850 -0.114712 0.428000 157 158 152
0.023957 -0.114712 0.428000 178 179 173
0.029489 -0.114712 0.428000 163 162 162
0.030595 -0.114712 0.428000 161 160 160
-0.260580 -0.114666 0.432000 125 140 124
-0.259464 -0.114666 0.432000 129 144 128
-0.258347 -0.114666 0.432000 130 153 128
-0.257230 -0.114666 0.432000 106 129 104
-0.256706 -0.114932 0.433000 87 114 85
-0.255587 -0.114932 0.433000 90 117 88
-0.254468 -0.114932 0.433000 95 124 92
-0.253933 -0.115197 0.434000 92 121 89
-0.252812 -0.115197 0.434000 94 123 91
-0.251690 -0.115197 0.434000 95 124 92
-0.250568 -0.115197 0.434000 95 124 92
-0.249446 -0.115197 0.434000 93 122 90
-0.248896 -0.115463 0.435000 95 118 93
-0.247772 -0.115463 0.435000 105 128 103
-0.246647 -0.115463 0.435000 122 144 124
-0.245523 -0.115463 0.435000 133 155 135
-0.244398 -0.115463 0.435000 139 161 143
-0.120130 -0.112808 0.425000 125 133 134
-0.119031 -0.112808 0.425000 84 92 93
-0.117932 -0.112808 0.425000 49 56 60
-0.116834 -0.112808 0.425000 43 50 54
-0.115463 -0.112543 0.424000 44 54 57
-0.114367 -0.112543 0.424000 47 57 60
-0.113271 -0.112543 0.424000 50 60 63
-0.112175 -0.112543 0.424000 50 60 63
-0.111079 -0.112543 0.424000 49 61 63
-0.110242 -0.112808 0.425000 53 65 67
-0.109144 -0.112808 0.425000 53 65 67
-0.108045 -0.112808 0.425000 51 63 65
-0.107198 -0.113074 0.426000 61 69 70
-0.105242 -0.113339 0.427000 132 138 138
0.018425 -0.113605 0.428000 148 145 140
0.019531 -0.113605 0.428000 157 154 149
0.020638 -0.113605 0.428000 168 169 165
0.021744 -0.113605 0.428000 193 194 190
0.022850 -0.113605 0.428000 197 201 196
-0.262205 -0.113285 0.431000 131 144 129
-0.261091 -0.113285 0.431000 132 145 130
-0.259977 -0.113285 0.431000 124 147 122
-0.258863 -0.113285 0.431000 109 132 107
-0.258347 -0.113548 0.432000 86 117 87
-0.257230 -0.113548 0.432000 86 117 87
-0.256113 -0.113548 0.432000 87 118 86
-0.255587 -0.113811 0.433000 90 121 89
-0.254468 -0.113811 0.433000 90 124 91
-0.253933 -0.114074 0.434000 88 122 89
-0.252812 -0.114074 0.434000 91 122 90
-0.251690 -0.114074 0.434000 93 124 92
-0.250568 -0.114074 0.434000 93 119 93
-0.250021 -0.114337 0.435000 103 129 103
-0.248896 -0.114337 0.435000 124 144 127
-0.247772 -0.114337 0.435000 135 155 138
-0.246647 -0.114337 0.435000 136 153 139
-0.117932 -0.111708 0.425000 120 128 129
-0.116834 -0.111708 0.425000 70 78 79
-0.115463 -0.111445 0.424000 42 49 53
-0.114367 -0.111445 0.424000 41 48 52
-0.113271 -0.111445 0.424000 48 58 61
-0.112175 -0.111445 0.424000 48 58 61
-0.111079 -0.111445 0.424000 48 58 61
-0.109983 -0.111445 0.424000 52 62 65
-0.108887 -0.111445 0.424000 54 64 67
-0.107791 -0.111445 0.424000 44 54 57
-0.106946 -0.111708 0.425000 48 54 56
-0.105848 -0.111708 0.425000 57 63 65
-0.104996 -0.111971 0.426000 57 63 65
-0.103034 -0.112234 0.427000 113 116 117
-0.101931 -0.112234 0.427000 148 151 152
0.015141 -0.112760 0.429000 149 145 138
0.016250 -0.112760 0.429000 150 148 140
0.017319 -0.112497 0.428000 175 173 165
0.018425 -0.112497 0.428000 195 192 187
0.019531 -0.112497 0.428000 199 196 191
0.020638 -0.112497 0.428000 194 194 190
0.021693 -0.112234 0.427000 175 175 171
0.022797 -0.112234 0.427000 167 170 169
0.023901 -0.112234 0.427000 165 168 167
-0.263319 -0.112170 0.431000 132 140 127
-0.262205 -0.112170 0.431000 127 145 124
-0.260485 -0.111909 0.430000 109 127 106
-0.259374 -0.111909 0.430000 87 120 92
-0.258863 -0.112170 0.431000 87 120 92
-0.257749 -0.112170 0.431000 88 124 92
-0.257230 -0.112430 0.432000 86 122 90
-0.256113 -0.112430 0.432000 88 124 90
-0.255587 -0.112690 0.433000 86 122 88
-0.254468 -0.112690 0.433000 84 120 86
-0.253933 -0.112950 0.434000 88 124 90
-0.252812 -0.112950 0.434000 84 117 91
-0.251690 -0.112950 0.434000 96 129 103
-0.250568 -0.112950 0.434000 115 137 119
-0.250021 -0.113211 0.435000 138 160 142
-0.248896 -0.113211 0.435000 142 158 147
-0.115463 -0.110348 0.424000 112 122 125
-0.114367 -0.110348 0.424000 67 77 80
-0.113271 -0.110348 0.424000 43 53 58
-0.112175 -0.110348 0.424000 39 49 54
-0.111079 -0.110348 0.424000 43 55 59
-0.109983 -0.110348 0.424000 47 59 63
-0.108887 -0.110348 0.424000 49 61 63
-0.107791 -0.110348 0.424000 47 59 61
-0.106695 -0.110348 0.424000 46 56 59
-0.105599 -0.110348 0.424000 45 55 58
-0.104749 -0.110608 0.425000 47 54 58
-0.103650 -0.110608 0.425000 46 53 57
-0.102793 -0.110868 0.426000 50 56 58
-0.101692 -0.110868 0.426000 63 69 71
-0.099723 -0.111129 0.427000 114 122 121
-0.098619 -0.111129 0.427000 141 147 147
0.011787 -0.111389 0.428000 157 150 144
0.012893 -0.111389 0.428000 160 153 147
0.013999 -0.111389 0.428000 175 171 164
0.015106 -0.111389 0.428000 191 187 180
0.017319 -0.111389 0.428000 190 186 179
0.018425 -0.111389 0.428000 179 176 171
0.019531 -0.111389 0.428000 171 168 163
0.020638 -0.111389 0.428000 165 165 161
0.021693 -0.111129 0.427000 163 163 159
-0.264932 -0.110796 0.430000 127 135 122
-0.263820 -0.110796 0.430000 132 146 126
-0.262708 -0.110796 0.430000 111 125 105
-0.261597 -0.110796 0.430000 90 116 90
-0.260485 -0.110796 0.430000 86 112 86
-0.259374 -0.110796 0.430000 84 119 90
-0.258863 -0.111054 0.431000 86 121 92
-0.257749 -0.111054 0.431000 85 126 92
-0.257230 -0.111312 0.432000 83 124 90
-0.256113 -0.111312 0.432000 86 127 91
-0.255587 -0.111569 0.433000 86 127 91
-0.254468 -0.111569 0.433000 82 117 90
-0.253933 -0.111827 0.434000 87 122 95
-0.252812 -0.111827 0.434000 114 143 125
-0.251690 -0.111827 0.434000 132 161 143
-0.250568 -0.111827 0.434000 137 158 145
-0.113271 -0.109250 0.424000 117 127 132
-0.112175 -0.109250 0.424000 75 85 90
-0.111079 -0.109250 0.424000 45 55 60
-0.109983 -0.109250 0.424000 40 50 55
-0.108887 -0.109250 0.424000 48 58 63
-0.107791 -0.109250 0.424000 48 58 63
-0.106695 -0.109250 0.424000 48 58 61
-0.105599 -0.109250 0.424000 47 57 60
-0.104503 -0.109250 0.424000 46 56 59
-0.103407 -0.109250 0.424000 45 55 58
-0.102311 -0.109250 0.424000 46 56 59
-0.101453 -0.109508 0.425000 45 55 58
-0.100355 -0.109508 0.425000 45 52 56
-0.099256 -0.109508 0.425000 45 52 56
-0.098388 -0.109766 0.426000 59 66 70
-0.096412 -0.110023 0.427000 113 125 127
-0.094425 -0.110281 0.428000 151 162 160
0.008468 -0.110281 0.428000 154 151 146
0.009574 -0.110281 0.428000 154 151 146
0.010655 -0.110023 0.427000 163 160 155
0.011759 -0.110023 0.427000 185 180 176
0.012863 -0.110023 0.427000 194 189 185
0.015106 -0.110281 0.428000 183 179 172
0.016212 -0.110281 0.428000 173 168 164
0.017319 -0.110281 0.428000 170 165 161
0.018382 -0.110023 0.427000 169 166 161
0.019531 -0.110281 0.428000 168 165 160
-0.267155 -0.109683 0.430000 136 145 127
-0.266043 -0.109683 0.430000 132 148 125
-0.264932 -0.109683 0.430000 108 124 101
-0.263820 -0.109683 0.430000 91 113 86
-0.262708 -0.109683 0.430000 92 114 87
-0.261597 -0.109683 0.430000 92 121 91
-0.260485 -0.109683 0.430000 89 118 88
-0.259374 -0.109683 0.430000 87 121 90
-0.258863 -0.109938 0.431000 87 121 90
-0.258347 -0.110193 0.432000 85 124 91
-0.257230 -0.110193 0.432000 86 125 92
-0.256113 -0.110193 0.432000 89 125 93
-0.255587 -0.110448 0.433000 96 132 100
-0.254468 -0.110448 0.433000 114 143 123
-0.253933 -0.110703 0.434000 128 157 137
-0.252812 -0.110703 0.434000 131 155 143
-0.111079 -0.108153 0.424000 116 123 127
-0.109983 -0.108153 0.424000 82 89 93
-0.108887 -0.108153 0.424000 46 56 59
-0.107536 -0.107898 0.423000 44 54 57
-0.106443 -0.107898 0.423000 50 57 61
-0.105350 -0.107898 0.423000 53 60 64
-0.104503 -0.108153 0.424000 48 58 61
-0.103407 -0.108153 0.424000 50 60 63
-0.102311 -0.108153 0.424000 50 60 63
-0.101215 -0.108153 0.424000 48 58 61
-0.100118 -0.108153 0.424000 46 56 59
-0.099022 -0.108153 0.424000 50 60 63
-0.094862 -0.108408 0.425000 50 62 66
-0.093984 -0.108663 0.426000 68 79 79
-0.093100 -0.108918 0.427000 90 101 101
-0.091997 -0.108918 0.427000 122 133 131
0.006255 -0.109173 0.428000 151 147 140
0.007361 -0.109173 0.428000 158 155 150
0.008448 -0.108918 0.427000 178 175 170
0.009552 -0.108918 0.427000 185 182 177
0.013967 -0.108918 0.427000 167 163 164
0.015070 -0.108918 0.427000 163 159 160
0.016212 -0.109173 0.428000 162 158 159
-0.269378 -0.108570 0.430000 138 149 128
-0.268266 -0.108570 0.430000 134 146 120
-0.267155 -0.108570 0.430000 131 143 117
-0.266043 -0.108570 0.430000 110 127 97
-0.264932 -0.108570 0.430000 106 123 93
-0.263820 -0.108570 0.430000 96 120 88
-0.262708 -0.108570 0.430000 92 116 84
-0.261597 -0.108570 0.430000 89 120 86
-0.260485 -0.108570 0.430000 89 120 86
-0.259977 -0.108823 0.431000 86 122 90
-0.258863 -0.108823 0.431000 86 122 90
-0.258347 -0.109075 0.432000 87 117 90
-0.257230 -0.109075 0.432000 97 127 100
-0.256113 -0.109075 0.432000 111 137 113
-0.255587 -0.109328 0.433000 124 150 126
-0.254468 -0.109328 0.433000 128 153 136
-0.108887 -0.107055 0.424000 113 119 121
-0.107791 -0.107055 0.424000 79 85 87
-0.106443 -0.106803 0.423000 53 59 61
-0.105350 -0.106803 0.423000 47 53 55
-0.104256 -0.106803 0.423000 46 53 57
-0.103407 -0.107055 0.424000 53 60 64
-0.102311 -0.107055 0.424000 50 57 61
-0.101215 -0.107055 0.424000 49 56 60
-0.100118 -0.107055 0.424000 44 54 57
-0.099022 -0.107055 0.424000 45 55 58
-0.097926 -0.107055 0.424000 47 57 60
-0.096830 -0.107055 0.424000 48 58 61
-0.095734 -0.107055 0.424000 43 53 56
-0.094638 -0.107055 0.424000 41 51 54
-0.091566 -0.107308 0.425000 44 55 53
-0.090467 -0.107308 0.425000 52 63 61
-0.089579 -0.107560 0.426000 69 82 81
-0.088478 -0.107560 0.426000 93 106 105
-0.087581 -0.107813 0.427000 118 129 127
-0.086478 -0.107813 0.427000 140 151 149
0.004042 -0.108065 0.428000 157 153 146
0.005148 -0.108065 0.428000 176 173 168
0.006240 -0.107813 0.427000 189 186 181
0.007344 -0.107813 0.427000 202 199 194
0.008448 -0.107813 0.427000 193 190 185
0.009552 -0.107813 0.427000 172 169 166
0.013967 -0.107813 0.427000 163 162 162
-0.271601 -0.107457 0.430000 121 130 112
-0.270489 -0.107457 0.430000 140 155 130
-0.269378 -0.107457 0.430000 136 151 126
-0.267642 -0.107207 0.429000 114 132 99
-0.267155 -0.107457 0.430000 96 114 81
-0.266043 -0.107457 0.430000 89 112 76
-0.264932 -0.107457 0.430000 95 118 82
-0.263820 -0.107457 0.430000 93 123 86
-0.262708 -0.107457 0.430000 92 122 85
-0.262205 -0.107707 0.431000 87 121 86
-0.261091 -0.107707 0.431000 88 122 87
-0.259977 -0.107707 0.431000 85 119 88
-0.259464 -0.107957 0.432000 88 122 91
-0.258347 -0.107957 0.432000 108 133 112
-0.257230 -0.107957 0.432000 123 148 127
-0.256706 -0.108207 0.433000 142 162 145
-0.105599 -0.105958 0.424000 90 96 98
-0.104503 -0.105958 0.424000 56 62 64
-0.103407 -0.105958 0.424000 46 52 54
-0.102311 -0.105958 0.424000 46 54 55
-0.101215 -0.105958 0.424000 52 60 61
-0.100118 -0.105958 0.424000 49 57 58
-0.099022 -0.105958 0.424000 49 57 58
-0.097926 -0.105958 0.424000 47 58 58
-0.096830 -0.105958 0.424000 46 57 57
-0.095734 -0.105958 0.424000 46 57 57
-0.094638 -0.105958 0.424000 46 57 57
-0.093542 -0.105958 0.424000 45 56 56
-0.092446 -0.105958 0.424000 45 56 56
-0.091350 -0.105958 0.424000 45 56 54
-0.087171 -0.106208 0.425000 44 54 57
-0.086073 -0.106208 0.425000 52 62 65
-0.084974 -0.106208 0.425000 64 72 73
-0.084073 -0.106457 0.426000 93 101 102
-0.083166 -0.106707 0.427000 124 132 133
-0.082063 -0.106707 0.427000 138 146 147
0.000725 -0.107207 0.429000 155 150 146
0.001834 -0.107207 0.429000 159 154 150
0.002936 -0.106957 0.428000 177 174 169
0.004042 -0.106957 0.428000 195 192 187
0.005136 -0.106707 0.427000 195 195 191
0.006240 -0.106707 0.427000 186 186 182
0.007344 -0.106707 0.427000 172 171 171
0.008448 -0.106707 0.427000 168 167 167
0.009529 -0.106457 0.426000 168 164 165
0.010630 -0.106457 0.426000 165 161 162
-0.273824 -0.106344 0.430000 134 143 125
-0.272712 -0.106344 0.430000 137 152 127
-0.270969 -0.106097 0.429000 133 148 123
-0.269860 -0.106097 0.429000 104 123 93
-0.268751 -0.106097 0.429000 100 119 89
-0.267642 -0.106097 0.429000 95 118 84
-0.267155 -0.106344 0.430000 93 116 82
-0.266043 -0.106344 0.430000 93 121 85
-0.264932 -0.106344 0.430000 92 120 84
-0.263820 -0.106344 0.430000 93 123 86
-0.263319 -0.106591 0.431000 91 121 84
-0.262205 -0.106591 0.431000 87 118 86
-0.261697 -0.106839 0.432000 91 122 90
-0.260580 -0.106839 0.432000 101 130 108
-0.259464 -0.106839 0.432000 121 150 128
-0.258347 -0.106839 0.432000 137 162 143
-0.103407 -0.104860 0.424000 109 117 118
-0.102311 -0.104860 0.424000 72 80 81
-0.101215 -0.104860 0.424000 50 58 59
-0.100118 -0.104860 0.424000 45 53 54
-0.099022 -0.104860 0.424000 43 51 52
-0.097926 -0.104860 0.424000 43 55 57
-0.096830 -0.104860 0.424000 44 56 58
-0.095734 -0.104860 0.424000 44 57 56
-0.094638 -0.104860 0.424000 45 58 57
-0.093542 -0.104860 0.424000 47 58 58
-0.092446 -0.104860 0.424000 45 56 56
-0.091350 -0.104860 0.424000 43 54 54
-0.090254 -0.104860 0.424000 43 54 54
-0.089158 -0.104860 0.424000 44 57 56
-0.088062 -0.104860 0.424000 42 55 54
-0.086966 -0.104860 0.424000 43 55 57
-0.081678 -0.105107 0.425000 48 58 61
-0.080580 -0.105107 0.425000 64 76 78
-0.079481 -0.105107 0.425000 83 95 97
-0.078567 -0.105355 0.426000 111 119 118
-0.002602 -0.106097 0.429000 150 145 141
-0.001493 -0.106097 0.429000 152 149 144
-0.000383 -0.105849 0.428000 170 167 162
0.000723 -0.105849 0.428000 183 183 179
0.001829 -0.105849 0.428000 187 187 183
0.002936 -0.105849 0.428000 181 181 177
0.004042 -0.105849 0.428000 170 170 166
0.005136 -0.105602 0.427000 167 166 166
0.006240 -0.105602 0.427000 167 166 166
0.007344 -0.105602 0.427000 165 164 164
0.008428 -0.105355 0.426000 163 162 162
-0.276047 -0.105231 0.430000 127 136 118
-0.274935 -0.105231 0.430000 126 141 116
-0.273187 -0.104986 0.429000 142 157 132
-0.272078 -0.104986 0.429000 120 140 107
-0.270969 -0.104986 0.429000 99 119 86
-0.269860 -0.104986 0.429000 81 109 71
-0.269378 -0.105231 0.430000 88 116 78
-0.268266 -0.105231 0.430000 89 117 79
-0.267155 -0.105231 0.430000 93 121 83
-0.266043 -0.105231 0.430000 91 121 84
-0.265548 -0.105476 0.431000 88 118 81
-0.264434 -0.105476 0.431000 91 120 88
-0.263319 -0.105476 0.431000 91 120 88
-0.262814 -0.105720 0.432000 93 120 100
-0.261697 -0.105720 0.432000 112 139 119
-0.260580 -0.105720 0.432000 127 151 137
-0.260064 -0.105965 0.433000 128 152 138
-0.101215 -0.103763 0.424000 124 127 128
-0.100118 -0.103763 0.424000 93 101 100
-0.099022 -0.103763 0.424000 67 75 74
-0.097926 -0.103763 0.424000 42 55 54
-0.096830 -0.103763 0.424000 35 48 47
-0.095734 -0.103763 0.424000 42 50 51
-0.094638 -0.103763 0.424000 45 53 54
-0.093542 -0.103763 0.424000 48 54 56
-0.092446 -0.103763 0.424000 48 54 56
-0.091350 -0.103763 0.424000 47 54 58
-0.090254 -0.103763 0.424000 47 54 58
-0.089158 -0.103763 0.424000 45 55 58
-0.088062 -0.103763 0.424000 45 55 58
-0.086966 -0.103763 0.424000 43 55 57
-0.085870 -0.103763 0.424000 44 56 58
-0.084774 -0.103763 0.424000 44 56 58
-0.083678 -0.103763 0.424000 43 55 57
-0.082582 -0.103763 0.424000 37 49 51
-0.081486 -0.103763 0.424000 39 51 53
-0.080390 -0.103763 0.424000 40 52 56
-0.079294 -0.103763 0.424000 37 49 53
-0.078382 -0.104007 0.425000 41 56 55
-0.077284 -0.104007 0.425000 49 64 63
-0.076364 -0.104252 0.426000 69 77 76
-0.075263 -0.104252 0.426000 91 99 98
-0.074336 -0.104497 0.427000 115 118 119
-0.073232 -0.104497 0.427000 137 140 141
-0.004820 -0.104986 0.429000 153 145 142
-0.003711 -0.104986 0.429000 163 160 155
-0.002596 -0.104741 0.428000 179 176 171
-0.001490 -0.104741 0.428000 194 194 190
-0.000383 -0.104741 0.428000 186 186 182
0.000723 -0.104741 0.428000 174 174 170
0.001829 -0.104741 0.428000 161 161 157
0.002929 -0.104497 0.427000 155 155 151
0.004033 -0.104497 0.427000 159 159 155
0.005136 -0.104497 0.427000 164 164 164
0.006240 -0.104497 0.427000 165 165 165
0.007344 -0.104497 0.427000 165 165 165
-0.278270 -0.104118 0.430000 122 130 115
-0.277158 -0.104118 0.430000 139 151 127
-0.276047 -0.104118 0.430000 142 154 130
-0.274935 -0.104118 0.430000 122 139 109
-0.273187 -0.103876 0.429000 100 117 87
-0.272712 -0.104118 0.430000 89 112 78
-0.271601 -0.104118 0.430000 93 116 82
-0.270489 -0.104118 0.430000 89 117 79
-0.269378 -0.104118 0.430000 90 118 80
-0.268266 -0.104118 0.430000 89 119 80
-0.267155 -0.104118 0.430000 93 123 84
-0.266662 -0.104360 0.431000 87 118 86
-0.265548 -0.104360 0.431000 85 116 84
-0.265047 -0.104602 0.432000 95 120 99
-0.263930 -0.104602 0.432000 106 131 110
-0.263422 -0.104844 0.433000 131 155 143
-0.096830 -0.102665 0.424000 107 113 111
-0.095734 -0.102665 0.424000 77 77 77
-0.094638 -0.102665 0.424000 61 61 61
-0.093542 -0.102665 0.424000 51 51 53
-0.092446 -0.102665 0.424000 46 46 48
-0.091350 -0.102665 0.424000 48 50 56
-0.090254 -0.102665 0.424000 50 52 58
-0.089158 -0.102665 0.424000 44 54 57
-0.088062 -0.102665 0.424000 45 55 58
-0.086966 -0.102665 0.424000 43 55 57
-0.085870 -0.102665 0.424000 42 54 56
-0.084774 -0.102665 0.424000 40 50 55
-0.083678 -0.102665 0.424000 39 49 54
-0.082582 -0.102665 0.424000 41 51 56
-0.081486 -0.102665 0.424000 41 51 56
-0.080390 -0.102665 0.424000 43 55 59
-0.079294 -0.102665 0.424000 43 55 59
-0.078198 -0.102665 0.424000 38 52 54
-0.077102 -0.102665 0.424000 37 51 53
-0.076006 -0.102665 0.424000 36 51 48
-0.075086 -0.102907 0.425000 36 51 48
-0.073988 -0.102907 0.425000 39 50 50
-0.072889 -0.102907 0.425000 47 58 58
-0.071960 -0.103149 0.426000 64 69 74
-0.071025 -0.103391 0.427000 82 87 92
-0.069921 -0.103391 0.427000 112 115 118
-0.068978 -0.103634 0.428000 130 133 136
-0.008147 -0.103876 0.429000 154 142 140
-0.007038 -0.103876 0.429000 160 148 146
-0.005929 -0.103876 0.429000 179 174 170
-0.004809 -0.103634 0.428000 193 188 184
-0.003702 -0.103634 0.428000 191 191 187
-0.002596 -0.103634 0.428000 188 188 184
-0.001490 -0.103634 0.428000 174 175 171
-0.000383 -0.103634 0.428000 155 156 152
0.000723 -0.103634 0.428000 164 164 164
-0.279382 -0.103005 0.430000 128 139 118
-0.278270 -0.103005 0.430000 134 145 124
-0.277158 -0.103005 0.430000 129 146 118
-0.276047 -0.103005 0.430000 102 119 91
-0.274935 -0.103005 0.430000 89 111 80
-0.273824 -0.103005 0.430000 95 117 86
-0.272712 -0.103005 0.430000 94 119 84
-0.271601 -0.103005 0.430000 95 120 85
-0.270489 -0.103005 0.430000 91 121 82
-0.269378 -0.103005 0.430000 93 123 84
-0.268890 -0.103244 0.431000 89 121 84
-0.267776 -0.103244 0.431000 89 121 84
-0.266662 -0.103244 0.431000 93 121 94
-0.266164 -0.103484 0.432000 113 141 114
-0.265047 -0.103484 0.432000 129 151 133
-0.264541 -0.103723 0.433000 130 152 134
-0.093542 -0.101568 0.424000 123 123 119
-0.092446 -0.101568 0.424000 105 105 101
-0.091350 -0.101568 0.424000 74 74 78
-0.090254 -0.101568 0.424000 51 51 55
-0.089158 -0.101568 0.424000 40 48 49
-0.088062 -0.101568 0.424000 39 47 48
-0.086966 -0.101568 0.424000 40 47 51
-0.085870 -0.101568 0.424000 46 53 57
-0.084574 -0.101328 0.423000 46 51 56
-0.083678 -0.101568 0.424000 44 49 54
-0.082387 -0.101328 0.423000 46 53 57
-0.081294 -0.101328 0.423000 48 55 59
-0.080200 -0.101328 0.423000 46 56 59
-0.079107 -0.101328 0.423000 45 55 58
-0.078198 -0.101568 0.424000 42 54 56
-0.077102 -0.101568 0.424000 39 51 53
-0.076006 -0.101568 0.424000 40 55 54
-0.074910 -0.101568 0.424000 40 55 54
-0.073814 -0.101568 0.424000 42 55 54
-0.072718 -0.101568 0.424000 38 51 50
-0.071791 -0.101807 0.425000 37 50 49
-0.070692 -0.101807 0.425000 39 52 51
-0.069757 -0.102047 0.426000 47 52 57
-0.068817 -0.102286 0.427000 50 55 60
-0.067872 -0.102526 0.428000 65 68 69
-0.066766 -0.102526 0.428000 84 87 88
-0.065813 -0.102765 0.429000 108 114 114
-0.064704 -0.102765 0.429000 136 142 142
-0.010341 -0.102526 0.428000 151 144 138
-0.009234 -0.102526 0.428000 160 153 147
-0.008128 -0.102526 0.428000 185 176 171
-0.007022 -0.102526 0.428000 197 188 183
-0.005915 -0.102526 0.428000 198 195 190
-0.004809 -0.102526 0.428000 186 183 178
-0.003702 -0.102526 0.428000 172 172 172
-0.002596 -0.102526 0.428000 166 166 166
-0.001486 -0.102286 0.427000 162 162 162
-0.281605 -0.101892 0.430000 118 126 111
-0.280493 -0.101892 0.430000 125 133 118
-0.279382 -0.101892 0.430000 123 140 114
-0.278270 -0.101892 0.430000 104 121 95
-0.277158 -0.101892 0.430000 91 114 80
-0.276047 -0.101892 0.430000 98 121 87
-0.274935 -0.101892 0.430000 94 122 86
-0.273824 -0.101892 0.430000 93 121 85
-0.272712 -0.101892 0.430000 95 125 88
-0.272232 -0.102129 0.431000 95 125 88
-0.271118 -0.102129 0.431000 93 122 88
-0.270004 -0.102129 0.431000 94 123 89
-0.268890 -0.102129 0.431000 92 121 91
-0.268397 -0.102366 0.432000 112 141 111
-0.267280 -0.102366 0.432000 131 153 133
-0.266780 -0.102603 0.433000 136 158 138
-0.089158 -0.100470 0.424000 116 119 118
-0.088062 -0.100470 0.424000 94 97 96
-0.086966 -0.100470 0.424000 71 74 75
-0.085870 -0.100470 0.424000 49 52 53
-0.084774 -0.100470 0.424000 41 41 43
-0.083481 -0.100233 0.423000 41 41 43
-0.082387 -0.100233 0.423000 43 49 51
-0.081294 -0.100233 0.423000 46 52 54
-0.080200 -0.100233 0.423000 43 51 52
-0.079107 -0.100233 0.423000 46 54 55
-0.078013 -0.100233 0.423000 43 51 52
-0.076920 -0.100233 0.423000 45 53 54
-0.076006 -0.100470 0.424000 44 55 55
-0.074910 -0.100470 0.424000 45 56 56
-0.073814 -0.100470 0.424000 44 55 55
-0.072718 -0.100470 0.424000 45 56 56
-0.071622 -0.100470 0.424000 46 57 57
-0.070692 -0.100707 0.425000 45 56 56
-0.069593 -0.100707 0.425000 46 54 55
-0.068495 -0.100707 0.425000 46 54 55
-0.067555 -0.100944 0.426000 48 54 54
-0.066610 -0.101181 0.427000 44 50 50
-0.065506 -0.101181 0.427000 44 50 52
-0.064553 -0.101418 0.428000 50 56 58
-0.063446 -0.101418 0.428000 56 64 65
-0.062340 -0.101418 0.428000 81 89 90
-0.061234 -0.101418 0.428000 111 119 118
-0.060127 -0.101418 0.428000 137 145 144
-0.012553 -0.101418 0.428000 152 149 144
-0.011447 -0.101418 0.428000 161 158 153
-0.010317 -0.101181 0.427000 190 188 180
-0.009234 -0.101418 0.428000 200 198 190
-0.008128 -0.101418 0.428000 193 191 183
-0.007022 -0.101418 0.428000 183 181 173
-0.005915 -0.101418 0.428000 172 172 168
-0.004798 -0.101181 0.427000 170 170 166
-0.282716 -0.100779 0.430000 124 129 115
-0.281605 -0.100779 0.430000 125 139 117
-0.279382 -0.100779 0.430000 92 116 86
-0.278270 -0.100779 0.430000 92 116 86
-0.277158 -0.100779 0.430000 89 119 82
-0.276047 -0.100779 0.430000 93 123 86
-0.274935 -0.100779 0.430000 93 123 86
-0.274461 -0.101013 0.431000 92 122 85
-0.273347 -0.101013 0.431000 87 119 82
-0.272232 -0.101013 0.431000 89 121 84
-0.271747 -0.101247 0.432000 89 119 92
-0.270631 -0.101247 0.432000 93 123 96
-0.269514 -0.101247 0.432000 109 134 115
-0.268397 -0.101247 0.432000 123 148 129
-0.084774 -0.099372 0.424000 118 119 115
-0.083678 -0.099372 0.424000 98 99 95
-0.082582 -0.099372 0.424000 64 67 66
-0.081294 -0.099138 0.423000 52 55 54
-0.080200 -0.099138 0.423000 51 50 52
-0.079107 -0.099138 0.423000 46 45 47
-0.078013 -0.099138 0.423000 43 43 47
-0.076920 -0.099138 0.423000 50 50 54
-0.075827 -0.099138 0.423000 47 53 55
-0.074733 -0.099138 0.423000 48 54 56
-0.073640 -0.099138 0.423000 48 56 57
-0.072718 -0.099372 0.424000 48 56 57
-0.071622 -0.099372 0.424000 48 56 57
-0.070526 -0.099372 0.424000 47 55 56
-0.069430 -0.099372 0.424000 48 56 57
-0.068495 -0.099607 0.425000 47 55 56
-0.067396 -0.099607 0.425000 49 57 58
-0.066298 -0.099607 0.425000 47 55 56
-0.065352 -0.099841 0.426000 47 55 56
-0.064251 -0.099841 0.426000 49 57 58
-0.063298 -0.100076 0.427000 43 51 52
-0.062194 -0.100076 0.427000 40 48 49
-0.061091 -0.100076 0.427000 45 52 56
-0.059987 -0.100076 0.427000 50 57 61
-0.058883 -0.100076 0.427000 63 68 73
-0.057779 -0.100076 0.427000 84 89 94
-0.056675 -0.100076 0.427000 116 124 123
-0.055572 -0.100076 0.427000 138 146 145
-0.014732 -0.100076 0.427000 157 154 149
-0.013628 -0.100076 0.427000 163 160 155
-0.012524 -0.100076 0.427000 193 194 190
-0.011420 -0.100076 0.427000 197 198 194
-0.010317 -0.100076 0.427000 188 189 185
-0.009213 -0.100076 0.427000 178 179 175
-0.008109 -0.100076 0.427000 175 176 172
-0.007005 -0.100076 0.427000 171 172 168
-0.284939 -0.099666 0.430000 132 140 127
-0.283828 -0.099666 0.430000 126 140 120
-0.282059 -0.099434 0.429000 109 123 103
-0.281605 -0.099666 0.430000 97 116 90
-0.280493 -0.099666 0.430000 91 110 84
-0.279382 -0.099666 0.430000 85 114 80
-0.278270 -0.099666 0.430000 91 120 86
-0.277158 -0.099666 0.430000 85 120 82
-0.276689 -0.099897 0.431000 88 123 85
-0.275575 -0.099897 0.431000 92 124 87
-0.274461 -0.099897 0.431000 92 124 87
-0.273981 -0.100129 0.432000 90 121 89
-0.272864 -0.100129 0.432000 93 124 92
-0.271747 -0.100129 0.432000 117 142 125
-0.271257 -0.100361 0.433000 128 153 136
-0.080390 -0.098275 0.424000 118 117 117
-0.079107 -0.098043 0.423000 106 105 105
-0.078013 -0.098043 0.423000 84 80 83
-0.076920 -0.098043 0.423000 61 57 60
-0.075827 -0.098043 0.423000 48 48 48
-0.074733 -0.098043 0.423000 50 50 50
-0.073640 -0.098043 0.423000 49 52 53
-0.072546 -0.098043 0.423000 48 51 52
-0.071622 -0.098275 0.424000 47 55 54
-0.070526 -0.098275 0.424000 47 55 54
-0.069430 -0.098275 0.424000 46 54 55
-0.068334 -0.098275 0.424000 45 53 54
-0.067238 -0.098275 0.424000 46 54 55
-0.066298 -0.098507 0.425000 46 54 55
-0.065199 -0.098507 0.425000 47 55 56
-0.064100 -0.098507 0.425000 48 56 57
-0.063002 -0.098507 0.425000 45 56 56
-0.062049 -0.098738 0.426000 45 56 56
-0.060948 -0.098738 0.426000 45 56 56
-0.059846 -0.098738 0.426000 40 51 51
-0.058745 -0.098738 0.426000 41 49 50
-0.057644 -0.098738 0.426000 40 48 49
-0.056543 -0.098738 0.426000 40 51 51
-0.055442 -0.098738 0.426000 45 56 56
-0.054340 -0.098738 0.426000 54 65 65
-0.053239 -0.098738 0.426000 73 84 84
-0.052138 -0.098738 0.426000 109 117 116
-0.051157 -0.098970 0.427000 139 147 146
-0.018043 -0.098970 0.427000 149 145 138
-0.016939 -0.098970 0.427000 156 149 143
-0.015835 -0.098970 0.427000 181 174 168
-0.014732 -0.098970 0.427000 192 189 184
-0.013628 -0.098970 0.427000 192 189 184
-0.012524 -0.098970 0.427000 178 178 178
-0.011420 -0.098970 0.427000 172 172 172
-0.010317 -0.098970 0.427000 165 168 169
-0.009213 -0.098970 0.427000 166 169 170
-0.287162 -0.098553 0.430000 122 130 115
-0.286051 -0.098553 0.430000 130 147 129
-0.284939 -0.098553 0.430000 109 126 108
-0.283828 -0.098553 0.430000 93 114 90
-0.282059 -0.098323 0.429000 84 105 81
-0.280950 -0.098323 0.429000 92 119 88
-0.280493 -0.098553 0.430000 89 116 85
-0.279382 -0.098553 0.430000 88 122 87
-0.278270 -0.098553 0.430000 85 119 84
-0.277158 -0.098553 0.430000 83 119 83
-0.276689 -0.098782 0.431000 87 123 87
-0.275575 -0.098782 0.431000 89 122 94
-0.275097 -0.099011 0.432000 96 129 101
-0.273981 -0.099011 0.432000 115 142 122
-0.272864 -0.099011 0.432000 120 147 127
-0.075827 -0.096948 0.423000 110 110 106
-0.074910 -0.097177 0.424000 94 94 90
-0.073640 -0.096948 0.423000 73 79 77
-0.072546 -0.096948 0.423000 56 62 60
-0.071622 -0.097177 0.424000 42 48 48
-0.070526 -0.097177 0.424000 41 47 47
-0.069430 -0.097177 0.424000 45 53 52
-0.068334 -0.097177 0.424000 45 53 52
-0.067238 -0.097177 0.424000 46 54 53
-0.066142 -0.097177 0.424000 47 55 54
-0.065046 -0.097177 0.424000 45 56 54
-0.064100 -0.097407 0.425000 48 59 57
-0.063002 -0.097407 0.425000 46 57 57
-0.061903 -0.097407 0.425000 41 52 52
-0.060804 -0.097407 0.425000 40 51 51
-0.059706 -0.097407 0.425000 43 54 54
-0.058607 -0.097407 0.425000 44 55 55
-0.057509 -0.097407 0.425000 43 54 54
-0.056410 -0.097407 0.425000 37 50 49
-0.055311 -0.097407 0.425000 38 51 50
-0.054213 -0.097407 0.425000 39 52 51
-0.053114 -0.097407 0.425000 37 50 49
-0.052016 -0.097407 0.425000 39 50 50
-0.050917 -0.097407 0.425000 48 59 59
-0.049936 -0.097636 0.426000 67 75 74
-0.048834 -0.097636 0.426000 96 104 103
-0.047845 -0.097865 0.427000 125 131 129
-0.046741 -0.097865 0.427000 148 154 152
-0.019102 -0.097636 0.426000 158 154 145
-0.018001 -0.097636 0.426000 175 171 162
-0.016900 -0.097636 0.426000 192 188 179
-0.015798 -0.097636 0.426000 192 188 179
-0.014697 -0.097636 0.426000 177 174 169
-0.013596 -0.097636 0.426000 164 161 156
-0.012495 -0.097636 0.426000 159 158 158
-0.011394 -0.097636 0.426000 163 162 162
-0.010292 -0.097636 0.426000 164 164 166
-0.290058 -0.097666 0.431000 123 128 114
-0.288274 -0.097439 0.430000 120 136 115
-0.287162 -0.097439 0.430000 116 132 111
-0.286051 -0.097439 0.430000 99 127 102
-0.284939 -0.097439 0.430000 75 103 78
-0.283828 -0.097439 0.430000 81 109 82
-0.282059 -0.097213 0.429000 84 112 85
-0.281605 -0.097439 0.430000 82 113 81
-0.280493 -0.097439 0.430000 90 121 89
-0.279382 -0.097439 0.430000 89 125 89
-0.278270 -0.097439 0.430000 84 120 84
-0.277803 -0.097666 0.431000 79 117 87
-0.276689 -0.097666 0.431000 81 119 89
-0.276214 -0.097893 0.432000 104 136 117
-0.275097 -0.097893 0.432000 113 145 126
-0.273981 -0.097893 0.432000 123 147 133
-0.071622 -0.096080 0.424000 105 111 109
-0.070526 -0.096080 0.424000 93 99 97
-0.069430 -0.096080 0.424000 70 73 72
-0.068334 -0.096080 0.424000 53 56 55
-0.067238 -0.096080 0.424000 47 53 51
-0.066142 -0.096080 0.424000 46 52 50
-0.065046 -0.096080 0.424000 47 55 52
-0.063950 -0.096080 0.424000 49 57 54
-0.062853 -0.096080 0.424000 45 56 54
-0.061757 -0.096080 0.424000 46 57 55
-0.060661 -0.096080 0.424000 45 56 56
-0.059565 -0.096080 0.424000 45 56 56
-0.058469 -0.096080 0.424000 43 56 55
-0.057373 -0.096080 0.424000 42 55 54
-0.056410 -0.096306 0.425000 40 55 54
-0.055311 -0.096306 0.425000 40 55 54
-0.054213 -0.096306 0.425000 43 58 57
-0.053114 -0.096306 0.425000 40 55 54
-0.052016 -0.096306 0.425000 40 54 56
-0.050917 -0.096306 0.425000 33 47 49
-0.049818 -0.096306 0.425000 39 51 53
-0.048720 -0.096306 0.425000 38 50 52
-0.047733 -0.096533 0.426000 41 52 52
-0.046632 -0.096533 0.426000 58 69 69
-0.045531 -0.096533 0.426000 77 85 84
-0.044430 -0.096533 0.426000 110 118 117
-0.043328 -0.096533 0.426000 139 145 145
-0.021254 -0.096306 0.425000 170 166 157
-0.020156 -0.096306 0.425000 190 186 177
-0.019057 -0.096306 0.425000 197 193 184
-0.017959 -0.096306 0.425000 196 192 183
-0.016860 -0.096306 0.425000 171 168 163
-0.015761 -0.096306 0.425000 158 155 150
-0.013596 -0.096533 0.426000 167 163 164
-0.012495 -0.096533 0.426000 166 165 167
-0.292965 -0.096774 0.432000 115 123 108
-0.291173 -0.096550 0.431000 120 131 110
-0.289385 -0.096326 0.430000 123 134 113
-0.288274 -0.096326 0.430000 101 125 97
-0.287162 -0.096326 0.430000 87 111 83
-0.286051 -0.096326 0.430000 76 110 79
-0.284939 -0.096326 0.430000 78 112 81
-0.283828 -0.096326 0.430000 83 117 86
-0.282716 -0.096326 0.430000 80 114 83
-0.281605 -0.096326 0.430000 84 118 85
-0.280493 -0.096326 0.430000 84 118 85
-0.279382 -0.096326 0.430000 89 125 93
-0.278270 -0.096326 0.430000 83 119 87
-0.277803 -0.096550 0.431000 97 129 108
-0.276689 -0.096550 0.431000 109 141 120
-0.276214 -0.096774 0.432000 123 149 134
-0.066142 -0.094982 0.424000 92 96 91
-0.065046 -0.094982 0.424000 77 78 74
-0.063950 -0.094982 0.424000 55 56 52
-0.062853 -0.094982 0.424000 42 50 49
-0.061757 -0.094982 0.424000 45 53 52
-0.060661 -0.094982 0.424000 41 52 50
-0.059565 -0.094982 0.424000 43 54 52
-0.058469 -0.094982 0.424000 45 56 54
-0.057373 -0.094982 0.424000 47 58 56
-0.056277 -0.094982 0.424000 45 58 55
-0.055181 -0.094982 0.424000 44 57 54
-0.054085 -0.094982 0.424000 43 56 53
-0.052989 -0.094982 0.424000 40 53 50
-0.051893 -0.094982 0.424000 42 55 54
-0.050917 -0.095206 0.425000 40 53 52
-0.049818 -0.095206 0.425000 40 53 52
-0.048720 -0.095206 0.425000 43 56 55
-0.047621 -0.095206 0.425000 42 55 52
-0.046523 -0.095206 0.425000 40 53 50
-0.045424 -0.095206 0.425000 41 52 50
-0.044325 -0.095206 0.425000 41 52 50
-0.043227 -0.095206 0.425000 53 56 59
-0.042128 -0.095206 0.425000 72 75 78
-0.041029 -0.095206 0.425000 97 97 101
-0.039931 -0.095206 0.425000 123 123 127
-0.023452 -0.095206 0.425000 162 160 152
-0.022353 -0.095206 0.425000 192 190 182
-0.021254 -0.095206 0.425000 196 194 186
-0.020156 -0.095206 0.425000 183 181 173
-0.019057 -0.095206 0.425000 167 164 159
-0.017959 -0.095206 0.425000 164 161 156
-0.016860 -0.095206 0.425000 162 162 158
-0.015761 -0.095206 0.425000 163 163 159
-0.293401 -0.095435 0.431000 125 139 117
-0.292287 -0.095435 0.431000 125 139 117
-0.291173 -0.095435 0.431000 114 133 103
-0.289385 -0.095213 0.430000 91 110 80
-0.288274 -0.095213 0.430000 83 114 80
-0.287162 -0.095213 0.430000 84 115 81
-0.286051 -0.095213 0.430000 80 116 80
-0.284939 -0.095213 0.430000 79 115 79
-0.283828 -0.095213 0.430000 88 124 90
-0.282716 -0.095213 0.430000 81 117 83
-0.281605 -0.095213 0.430000 80 116 84
-0.280493 -0.095213 0.430000 84 120 88
-0.279382 -0.095213 0.430000 92 121 101
-0.278917 -0.095435 0.431000 104 133 113
-0.277803 -0.095435 0.431000 127 154 136
-0.062853 -0.093885 0.424000 107 108 104
-0.061757 -0.093885 0.424000 88 89 85
-0.060661 -0.093885 0.424000 68 68 68
-0.059565 -0.093885 0.424000 61 61 61
-0.058469 -0.093885 0.424000 52 55 54
-0.057373 -0.093885 0.424000 49 52 51
-0.056277 -0.093885 0.424000 48 54 52
-0.055181 -0.093885 0.424000 49 55 53
-0.054085 -0.093885 0.424000 49 57 54
-0.052989 -0.093885 0.424000 47 55 52
-0.051893 -0.093885 0.424000 44 55 53
-0.050797 -0.093885 0.424000 44 55 53
-0.049818 -0.094106 0.425000 45 56 54
-0.048720 -0.094106 0.425000 45 56 54
-0.047621 -0.094106 0.425000 44 55 53
-0.046523 -0.094106 0.425000 45 56 54
-0.045424 -0.094106 0.425000 48 59 57
-0.044325 -0.094106 0.425000 46 57 55
-0.043227 -0.094106 0.425000 46 52 52
-0.042128 -0.094106 0.425000 43 49 49
-0.041029 -0.094106 0.425000 42 48 50
-0.039837 -0.093885 0.424000 44 50 52
-0.038741 -0.093885 0.424000 55 65 70
-0.037645 -0.093885 0.424000 81 91 96
-0.036549 -0.093885 0.424000 112 118 120
-0.035453 -0.093885 0.424000 132 138 140
-0.025649 -0.094106 0.425000 175 172 169
-0.024550 -0.094106 0.425000 197 194 191
-0.023452 -0.094106 0.425000 200 200 196
-0.022353 -0.094106 0.425000 184 184 180
-0.021204 -0.093885 0.424000 161 161 157
-0.020108 -0.093885 0.424000 158 158 154
-0.019012 -0.093885 0.424000 162 161 161
-0.017959 -0.094106 0.425000 163 162 162
-0.295629 -0.094319 0.431000 118 129 110
-0.294515 -0.094319 0.431000 123 134 115
-0.293401 -0.094319 0.431000 120 139 113
-0.292287 -0.094319 0.431000 98 117 91
-0.290497 -0.094100 0.430000 90 114 82
-0.289385 -0.094100 0.430000 88 112 80
-0.288274 -0.094100 0.430000 82 117 79
-0.287162 -0.094100 0.430000 83 118 80
-0.286051 -0.094100 0.430000 83 120 81
-0.284939 -0.094100 0.430000 83 120 81
-0.283828 -0.094100 0.430000 88 124 88
-0.282716 -0.094100 0.430000 87 123 87
-0.281605 -0.094100 0.430000 89 118 96
-0.280493 -0.094100 0.430000 105 134 112
-0.279382 -0.094100 0.430000 124 151 133
-0.278917 -0.094319 0.431000 120 147 129
-0.059565 -0.092787 0.424000 108 105 102
-0.058469 -0.092787 0.424000 104 101 98
-0.057373 -0.092787 0.424000 86 83 80
-0.056277 -0.092787 0.424000 66 66 60
-0.055181 -0.092787 0.424000 55 55 49
-0.054085 -0.092787 0.424000 52 56 49
-0.052989 -0.092787 0.424000 53 57 50
-0.051893 -0.092787 0.424000 50 59 52
-0.050797 -0.092787 0.424000 48 57 50
-0.049701 -0.092787 0.424000 47 58 54
-0.048605 -0.092787 0.424000 46 57 53
-0.047509 -0.092787 0.424000 45 56 52
-0.046413 -0.092787 0.424000 44 55 51
-0.045317 -0.092787 0.424000 45 53 50
-0.044221 -0.092787 0.424000 46 54 51
-0.043125 -0.092787 0.424000 48 56 53
-0.042029 -0.092787 0.424000 48 56 53
-0.040933 -0.092787 0.424000 49 57 56
-0.039837 -0.092787 0.424000 43 51 50
-0.038741 -0.092787 0.424000 38 49 49
-0.037645 -0.092787 0.424000 38 49 49
-0.036549 -0.092787 0.424000 43 48 53
-0.035453 -0.092787 0.424000 47 52 57
-0.034357 -0.092787 0.424000 68 68 70
-0.033261 -0.092787 0.424000 107 107 109
-0.032165 -0.092787 0.424000 140 135 133
-0.028877 -0.092787 0.424000 148 143 139
-0.027781 -0.092787 0.424000 176 173 170
-0.026685 -0.092787 0.424000 198 195 192
-0.025588 -0.092787 0.424000 194 193 193
-0.024492 -0.092787 0.424000 181 180 180
-0.023396 -0.092787 0.424000 168 167 167
-0.022300 -0.092787 0.424000 165 164 164
-0.021204 -0.092787 0.424000 162 162 162
-0.020108 -0.092787 0.424000 161 161 161
-0.019012 -0.092787 0.424000 161 161 163
-0.297857 -0.093203 0.431000 114 123 105
-0.296055 -0.092987 0.430000 128 137 119
-0.294943 -0.092987 0.430000 122 138 115
-0.294515 -0.093203 0.431000 102 118 95
-0.293401 -0.093203 0.431000 85 109 79
-0.292287 -0.093203 0.431000 85 109 79
-0.290497 -0.092987 0.430000 86 114 78
-0.289385 -0.092987 0.430000 87 115 79
-0.288944 -0.093203 0.431000 85 117 78
-0.287830 -0.093203 0.431000 89 121 82
-0.286051 -0.092987 0.430000 87 119 82
-0.285602 -0.093203 0.431000 87 119 82
-0.283828 -0.092987 0.430000 88 116 91
-0.282716 -0.092987 0.430000 94 122 97
-0.281605 -0.092987 0.430000 123 148 131
-0.281145 -0.093203 0.431000 121 146 129
-0.054085 -0.091690 0.424000 94 95 89
-0.052989 -0.091690 0.424000 77 78 72
-0.051893 -0.091690 0.424000 54 65 61
-0.050797 -0.091690 0.424000 47 58 54
-0.049701 -0.091690 0.424000 46 57 53
-0.048605 -0.091690 0.424000 44 55 51
-0.047509 -0.091690 0.424000 49 57 54
-0.046413 -0.091690 0.424000 50 58 55
-0.045317 -0.091690 0.424000 51 58 52
-0.044221 -0.091690 0.424000 48 55 49
-0.043125 -0.091690 0.424000 45 53 50
-0.042029 -0.091690 0.424000 46 54 51
-0.040933 -0.091690 0.424000 47 55 54
-0.039743 -0.091473 0.423000 47 55 54
-0.038649 -0.091473 0.423000 46 57 57
-0.037556 -0.091473 0.423000 46 57 57
-0.036463 -0.091473 0.423000 48 55 59
-0.035369 -0.091473 0.423000 47 54 58
-0.034276 -0.091473 0.423000 48 47 54
-0.033261 -0.091690 0.424000 53 52 59
-0.032165 -0.091690 0.424000 75 70 68
-0.031069 -0.091690 0.424000 102 97 95
-0.029973 -0.091690 0.424000 168 165 162
-0.028877 -0.091690 0.424000 197 194 191
-0.027781 -0.091690 0.424000 193 193 189
-0.026685 -0.091690 0.424000 174 174 170
-0.025588 -0.091690 0.424000 165 165 167
-0.024492 -0.091690 0.424000 165 165 167
-0.023396 -0.091690 0.424000 159 162 165
-0.022300 -0.091690 0.424000 163 166 169
-0.021204 -0.091690 0.424000 159 162 163
-0.298278 -0.091874 0.430000 117 122 108
-0.297166 -0.091874 0.430000 128 142 120
-0.296055 -0.091874 0.430000 111 125 103
-0.294943 -0.091874 0.430000 82 109 80
-0.293832 -0.091874 0.430000 86 113 84
-0.292720 -0.091874 0.430000 85 114 82
-0.291608 -0.091874 0.430000 86 115 83
-0.290497 -0.091874 0.430000 88 118 81
-0.290058 -0.092088 0.431000 89 119 82
-0.288944 -0.092088 0.431000 90 122 83
-0.287830 -0.092088 0.431000 87 119 80
-0.286716 -0.092088 0.431000 86 117 85
-0.285602 -0.092088 0.431000 94 125 93
-0.284488 -0.092088 0.431000 117 139 121
-0.283374 -0.092088 0.431000 123 145 127
-0.050797 -0.090592 0.424000 85 91 89
-0.049701 -0.090592 0.424000 76 82 80
-0.048605 -0.090592 0.424000 64 70 68
-0.047509 -0.090592 0.424000 60 64 59
-0.046413 -0.090592 0.424000 51 55 50
-0.045317 -0.090592 0.424000 52 53 49
-0.044221 -0.090592 0.424000 53 54 50
-0.043125 -0.090592 0.424000 48 54 54
-0.042029 -0.090592 0.424000 49 55 55
-0.040836 -0.090379 0.423000 46 56 59
-0.039743 -0.090379 0.423000 47 57 60
-0.038649 -0.090379 0.423000 47 57 60
-0.037556 -0.090379 0.423000 47 57 60
-0.036376 -0.090165 0.422000 47 54 58
-0.035286 -0.090165 0.422000 40 47 51
-0.034195 -0.090165 0.422000 47 47 51
-0.033182 -0.090379 0.423000 72 72 76
-0.032089 -0.090379 0.423000 140 140 136
-0.030995 -0.090379 0.423000 188 188 184
-0.029902 -0.090379 0.423000 198 198 194
-0.028808 -0.090379 0.423000 181 181 177
-0.027715 -0.090379 0.423000 159 159 161
-0.026622 -0.090379 0.423000 158 158 160
-0.025528 -0.090379 0.423000 163 170 174
-0.024435 -0.090379 0.423000 161 168 172
-0.023341 -0.090379 0.423000 156 164 165
-0.022248 -0.090379 0.423000 155 163 164
-0.300501 -0.090761 0.430000 113 118 106
-0.299389 -0.090761 0.430000 112 123 104
-0.298278 -0.090761 0.430000 116 127 108
-0.297166 -0.090761 0.430000 88 111 86
-0.296055 -0.090761 0.430000 78 101 76
-0.294943 -0.090761 0.430000 77 108 78
-0.293832 -0.090761 0.430000 82 113 83
-0.292720 -0.090761 0.430000 84 118 83
-0.291608 -0.090761 0.430000 82 116 81
-0.291173 -0.090972 0.431000 82 117 79
-0.290058 -0.090972 0.431000 84 119 81
-0.288944 -0.090972 0.431000 88 122 91
-0.287830 -0.090972 0.431000 94 128 97
-0.286716 -0.090972 0.431000 115 144 124
-0.286265 -0.091183 0.432000 114 143 123
-0.046413 -0.089495 0.424000 96 96 90
-0.045317 -0.089495 0.424000 89 89 85
-0.044221 -0.089495 0.424000 63 63 59
-0.043125 -0.089495 0.424000 47 47 47
-0.042029 -0.089495 0.424000 48 48 48
-0.040836 -0.089284 0.423000 48 53 58
-0.039743 -0.089284 0.423000 50 55 60
-0.038558 -0.089073 0.422000 50 57 63
-0.037467 -0.089073 0.422000 45 52 58
-0.036376 -0.089073 0.422000 49 52 55
-0.035286 -0.089073 0.422000 79 82 85
-0.034195 -0.089073 0.422000 152 155 156
-0.033104 -0.089073 0.422000 186 189 190
-0.032013 -0.089073 0.422000 195 194 194
-0.030922 -0.089073 0.422000 180 179 179
-0.029831 -0.089073 0.422000 165 165 165
-0.028740 -0.089073 0.422000 168 168 168
-0.027649 -0.089073 0.422000 166 169 172
-0.026559 -0.089073 0.422000 151 154 157
-0.025468 -0.089073 0.422000 102 112 117
-0.024377 -0.089073 0.422000 89 99 104
-0.023286 -0.089073 0.422000 118 130 136
-0.302724 -0.089648 0.430000 109 111 100
-0.301612 -0.089648 0.430000 125 135 119
-0.300501 -0.089648 0.430000 114 124 108
-0.299389 -0.089648 0.430000 92 113 89
-0.298278 -0.089648 0.430000 84 105 81
-0.297166 -0.089648 0.430000 79 105 79
-0.296055 -0.089648 0.430000 81 107 81
-0.294943 -0.089648 0.430000 83 114 84
-0.293832 -0.089648 0.430000 84 115 85
-0.292720 -0.089648 0.430000 84 118 85
-0.292287 -0.089857 0.431000 81 115 82
-0.291173 -0.089857 0.431000 83 117 84
-0.290058 -0.089857 0.431000 84 118 85
-0.289615 -0.090065 0.432000 109 136 114
-0.288498 -0.090065 0.432000 114 141 119
-0.287381 -0.090065 0.432000 123 148 131
-0.041930 -0.088189 0.423000 88 82 84
-0.040836 -0.088189 0.423000 63 62 64
-0.039649 -0.087980 0.422000 49 48 50
-0.038558 -0.087980 0.422000 53 52 56
-0.037467 -0.087980 0.422000 89 88 92
-0.036290 -0.087772 0.421000 140 140 142
-0.035202 -0.087772 0.421000 188 188 190
-0.034114 -0.087772 0.421000 194 194 196
-0.033025 -0.087772 0.421000 174 174 176
-0.031937 -0.087772 0.421000 165 165 165
-0.030849 -0.087772 0.421000 167 167 167
-0.029761 -0.087772 0.421000 166 166 168
-0.028672 -0.087772 0.421000 152 152 154
-0.027584 -0.087772 0.421000 105 107 113
-0.026496 -0.087772 0.421000 63 65 71
-0.025407 -0.087772 0.421000 39 44 51
-0.024319 -0.087772 0.421000 39 44 51
-0.023231 -0.087772 0.421000 39 46 54
-0.022143 -0.087772 0.421000 60 67 75
-0.021104 -0.087980 0.422000 96 98 106
-0.304947 -0.088535 0.430000 105 107 94
-0.303835 -0.088535 0.430000 104 113 95
-0.302724 -0.088535 0.430000 108 117 99
-0.301612 -0.088535 0.430000 90 108 87
-0.300501 -0.088535 0.430000 81 99 78
-0.299389 -0.088535 0.430000 80 108 81
-0.298278 -0.088535 0.430000 81 109 82
-0.297166 -0.088535 0.430000 84 112 85
-0.296055 -0.088535 0.430000 81 109 82
-0.294943 -0.088535 0.430000 88 117 87
-0.293832 -0.088535 0.430000 88 117 87
-0.293401 -0.088741 0.431000 86 117 87
-0.292287 -0.088741 0.431000 82 113 83
-0.291173 -0.088741 0.431000 103 131 104
-0.290058 -0.088741 0.431000 103 131 104
-0.289615 -0.088947 0.432000 123 143 126
-0.039649 -0.086888 0.422000 104 98 100
-0.038558 -0.086888 0.422000 126 125 125
-0.037467 -0.086888 0.422000 191 190 190
-0.036290 -0.086682 0.421000 195 194 196
-0.035202 -0.086682 0.421000 182 181 183
-0.034114 -0.086682 0.421000 165 164 166
-0.032947 -0.086476 0.420000 168 167 169
-0.031861 -0.086476 0.420000 172 171 173
-0.030776 -0.086476 0.420000 154 153 155
-0.029761 -0.086682 0.421000 108 108 110
-0.028604 -0.086476 0.420000 61 61 63
-0.027518 -0.086476 0.420000 40 45 50
-0.026496 -0.086682 0.421000 41 46 51
-0.025407 -0.086682 0.421000 45 52 56
-0.024319 -0.086682 0.421000 45 52 56
-0.023231 -0.086682 0.421000 44 49 54
-0.022143 -0.086682 0.421000 41 46 51
-0.021054 -0.086682 0.421000 44 43 52
-0.019966 -0.086682 0.421000 53 52 61
-0.018923 -0.086888 0.422000 73 72 79
-0.017832 -0.086888 0.422000 114 113 120
-0.307170 -0.087422 0.430000 108 109 96
-0.306058 -0.087422 0.430000 110 120 97
-0.304947 -0.087422 0.430000 111 121 98
-0.303835 -0.087422 0.430000 101 118 92
-0.302724 -0.087422 0.430000 88 105 79
-0.301612 -0.087422 0.430000 77 105 78
-0.300501 -0.087422 0.430000 78 106 79
-0.299389 -0.087422 0.430000 79 110 80
-0.298278 -0.087422 0.430000 83 114 84
-0.297166 -0.087422 0.430000 87 116 84
-0.296055 -0.087422 0.430000 88 117 85
-0.294943 -0.087422 0.430000 88 117 87
-0.293832 -0.087422 0.430000 86 115 85
-0.293401 -0.087625 0.431000 95 118 95
-0.292287 -0.087625 0.431000 113 136 113
-0.291173 -0.087625 0.431000 125 146 124
-0.042029 -0.086202 0.424000 107 100 94
-0.040836 -0.085999 0.423000 147 142 138
-0.039743 -0.085999 0.423000 189 184 180
-0.038558 -0.085795 0.422000 191 190 190
-0.037467 -0.085795 0.422000 177 176 176
-0.036290 -0.085592 0.421000 167 166 166
-0.035202 -0.085592 0.421000 169 168 168
-0.034114 -0.085592 0.421000 176 170 174
-0.032947 -0.085389 0.420000 156 150 154
-0.031861 -0.085389 0.420000 104 100 103
-0.030776 -0.085389 0.420000 69 65 68
-0.029690 -0.085389 0.420000 51 51 55
-0.028604 -0.085389 0.420000 51 51 55
-0.027518 -0.085389 0.420000 49 55 57
-0.026433 -0.085389 0.420000 50 56 58
-0.025347 -0.085389 0.420000 48 56 57
-0.024261 -0.085389 0.420000 43 51 52
-0.023176 -0.085389 0.420000 46 54 55
-0.022090 -0.085389 0.420000 47 55 56
-0.021054 -0.085592 0.421000 47 52 57
-0.019966 -0.085592 0.421000 44 49 54
-0.018878 -0.085592 0.421000 43 42 51
-0.017832 -0.085795 0.422000 45 44 53
-0.016741 -0.085795 0.422000 63 65 73
-0.015687 -0.085999 0.423000 102 104 112
-0.308282 -0.086309 0.430000 104 114 91
-0.307170 -0.086309 0.430000 105 115 92
-0.306058 -0.086309 0.430000 101 119 86
-0.304947 -0.086309 0.430000 82 100 67
-0.303835 -0.086309 0.430000 78 102 70
-0.302724 -0.086309 0.430000 81 105 73
-0.301612 -0.086309 0.430000 75 106 76
-0.300501 -0.086309 0.430000 76 107 77
-0.299389 -0.086309 0.430000 84 118 85
-0.298278 -0.086309 0.430000 84 118 85
-0.297166 -0.086309 0.430000 87 118 88
-0.296055 -0.086309 0.430000 90 121 91
-0.294943 -0.086309 0.430000 97 120 97
-0.294515 -0.086510 0.431000 106 129 106
-0.293401 -0.086510 0.431000 123 138 124
-0.292287 -0.086510 0.431000 130 145 131
-0.043125 -0.085105 0.424000 148 141 135
-0.042029 -0.085105 0.424000 181 174 168
-0.040836 -0.084904 0.423000 201 201 195
-0.039743 -0.084904 0.423000 179 179 173
-0.038649 -0.084904 0.423000 170 169 169
-0.037467 -0.084703 0.422000 170 169 169
-0.036290 -0.084502 0.421000 170 169 169
-0.035202 -0.084502 0.421000 147 146 146
-0.034114 -0.084502 0.421000 116 110 112
-0.033025 -0.084502 0.421000 88 82 84
-0.031861 -0.084302 0.420000 73 67 69
-0.030776 -0.084302 0.420000 64 58 60
-0.028604 -0.084302 0.420000 54 53 55
-0.027518 -0.084302 0.420000 48 54 54
-0.026433 -0.084302 0.420000 51 57 57
-0.025347 -0.084302 0.420000 49 57 56
-0.024261 -0.084302 0.420000 49 57 56
-0.023176 -0.084302 0.420000 47 55 56
-0.022090 -0.084302 0.420000 47 55 56
-0.021004 -0.084302 0.420000 48 53 58
-0.019919 -0.084302 0.420000 48 53 58
-0.018878 -0.084502 0.421000 46 51 56
-0.017790 -0.084502 0.421000 41 46 51
-0.016741 -0.084703 0.422000 43 45 53
-0.015650 -0.084703 0.422000 41 43 51
-0.014559 -0.084703 0.422000 48 53 60
-0.013500 -0.084904 0.423000 72 77 84
-0.012407 -0.084904 0.423000 103 111 112
-0.309393 -0.085196 0.430000 110 125 107
-0.308282 -0.085196 0.430000 111 130 100
-0.307170 -0.085196 0.430000 100 119 89
-0.306058 -0.085196 0.430000 81 106 71
-0.304238 -0.084998 0.429000 78 103 68
-0.303129 -0.084998 0.429000 79 108 74
-0.302724 -0.085196 0.430000 79 108 74
-0.301612 -0.085196 0.430000 78 109 75
-0.300501 -0.085196 0.430000 77 108 74
-0.299389 -0.085196 0.430000 77 111 80
-0.298278 -0.085196 0.430000 77 111 80
-0.297166 -0.085196 0.430000 87 115 90
-0.296055 -0.085196 0.430000 103 131 106
-0.294943 -0.085196 0.430000 116 136 119
-0.294515 -0.085394 0.431000 120 140 123
-0.293401 -0.085394 0.431000 125 140 124
-0.045317 -0.084007 0.424000 131 124 118
-0.044221 -0.084007 0.424000 182 175 169
-0.043125 -0.084007 0.424000 203 201 193
-0.042029 -0.084007 0.424000 188 186 178
-0.040836 -0.083809 0.423000 167 167 163
-0.039743 -0.083809 0.423000 162 162 158
-0.038649 -0.083809 0.423000 168 167 167
-0.037467 -0.083611 0.422000 161 160 160
-0.036376 -0.083611 0.422000 134 133 133
-0.035202 -0.083413 0.421000 106 105 105
-0.034114 -0.083413 0.421000 100 95 93
-0.027518 -0.083214 0.420000 72 72 72
-0.026433 -0.083214 0.420000 51 51 51
-0.025347 -0.083214 0.420000 49 52 53
-0.024261 -0.083214 0.420000 51 54 55
-0.023176 -0.083214 0.420000 49 55 57
-0.022090 -0.083214 0.420000 51 57 59
-0.021004 -0.083214 0.420000 49 54 59
-0.019919 -0.083214 0.420000 50 55 60
-0.018833 -0.083214 0.420000 48 53 60
-0.017747 -0.083214 0.420000 47 52 59
-0.016701 -0.083413 0.421000 48 53 60
-0.015613 -0.083413 0.421000 48 53 60
-0.014525 -0.083413 0.421000 42 47 54
-0.013468 -0.083611 0.422000 39 44 51
-0.012377 -0.083611 0.422000 40 50 53
-0.011313 -0.083809 0.423000 66 76 79
-0.010220 -0.083809 0.423000 100 107 111
-0.308282 -0.084083 0.430000 82 110 74
-0.306456 -0.083887 0.429000 75 103 67
-0.305347 -0.083887 0.429000 71 103 64
-0.304238 -0.083887 0.429000 76 108 69
-0.303129 -0.083887 0.429000 75 110 70
-0.302724 -0.084083 0.430000 78 113 73
-0.301612 -0.084083 0.430000 78 112 77
-0.300501 -0.084083 0.430000 78 112 77
-0.299389 -0.084083 0.430000 82 110 85
-0.298278 -0.084083 0.430000 89 117 92
-0.297166 -0.084083 0.430000 113 135 117
-0.296055 -0.084083 0.430000 120 142 124
-0.295629 -0.084278 0.431000 119 139 124
-0.047509 -0.082909 0.424000 145 137 134
-0.046413 -0.082909 0.424000 173 165 162
-0.045317 -0.082909 0.424000 192 188 181
-0.044221 -0.082909 0.424000 198 194 187
-0.043125 -0.082909 0.424000 174 174 168
-0.042029 -0.082909 0.424000 170 170 164
-0.040933 -0.082909 0.424000 170 169 169
-0.039743 -0.082714 0.423000 172 171 171
-0.038649 -0.082714 0.423000 141 137 138
-0.037556 -0.082714 0.423000 118 114 115
-0.036463 -0.082714 0.423000 113 108 106
-0.035286 -0.082518 0.422000 115 110 108
-0.025347 -0.082127 0.420000 77 77 73
-0.024261 -0.082127 0.420000 66 66 62
-0.023176 -0.082127 0.420000 57 57 59
-0.022090 -0.082127 0.420000 53 53 55
-0.021004 -0.082127 0.420000 53 56 59
-0.019919 -0.082127 0.420000 55 58 61
-0.018833 -0.082127 0.420000 52 59 63
-0.017747 -0.082127 0.420000 52 59 63
-0.016662 -0.082127 0.420000 47 54 58
-0.015613 -0.082323 0.421000 47 54 58
-0.014525 -0.082323 0.421000 48 55 59
-0.013436 -0.082323 0.421000 49 56 60
-0.012348 -0.082323 0.421000 33 45 47
-0.011287 -0.082518 0.422000 33 45 47
-0.010196 -0.082518 0.422000 38 50 54
-0.009105 -0.082518 0.422000 53 65 69
-0.008033 -0.082714 0.423000 88 95 101
-0.006940 -0.082714 0.423000 125 132 138
-0.311616 -0.082970 0.430000 99 122 99
-0.309783 -0.082777 0.429000 86 114 78
-0.308674 -0.082777 0.429000 78 106 70
-0.307565 -0.082777 0.429000 79 109 70
-0.306456 -0.082777 0.429000 77 107 68
-0.305347 -0.082777 0.429000 75 110 70
-0.304238 -0.082777 0.429000 76 111 71
-0.303129 -0.082777 0.429000 75 110 70
-0.302724 -0.082970 0.430000 81 116 76
-0.301612 -0.082970 0.430000 84 115 83
-0.300501 -0.082970 0.430000 86 117 85
-0.299389 -0.082970 0.430000 105 125 110
-0.298278 -0.082970 0.430000 124 144 129
-0.297166 -0.082970 0.430000 118 137 125
-0.049701 -0.081812 0.424000 150 142 139
-0.048605 -0.081812 0.424000 152 144 141
-0.047509 -0.081812 0.424000 196 188 185
-0.046413 -0.081812 0.424000 202 194 191
-0.045317 -0.081812 0.424000 184 181 176
-0.044221 -0.081812 0.424000 170 167 162
-0.043125 -0.081812 0.424000 169 169 165
-0.042029 -0.081812 0.424000 169 169 165
-0.040933 -0.081812 0.424000 159 158 158
-0.039837 -0.081812 0.424000 138 137 137
-0.038741 -0.081812 0.424000 126 121 119
-0.037645 -0.081812 0.424000 126 121 119
-0.022090 -0.081040 0.420000 79 76 73
-0.021004 -0.081040 0.420000 62 61 63
-0.019919 -0.081040 0.420000 53 52 54
-0.018833 -0.081040 0.420000 52 55 58
-0.017747 -0.081040 0.420000 58 61 64
-0.016662 -0.081040 0.420000 57 63 65
-0.015576 -0.081040 0.420000 55 61 63
-0.014525 -0.081233 0.421000 50 56 58
-0.013436 -0.081233 0.421000 47 53 55
-0.012348 -0.081233 0.421000 41 52 52
-0.011260 -0.081233 0.421000 44 55 55
-0.010172 -0.081233 0.421000 43 53 56
-0.009105 -0.081426 0.422000 38 48 51
-0.007995 -0.081233 0.421000 40 45 52
-0.006907 -0.081233 0.421000 49 54 61
-0.005818 -0.081233 0.421000 78 80 88
-0.004730 -0.081233 0.421000 117 119 127
-0.003642 -0.081233 0.421000 146 152 154
-0.310891 -0.081666 0.429000 75 104 72
-0.309783 -0.081666 0.429000 72 104 67
-0.308674 -0.081666 0.429000 75 107 70
-0.307565 -0.081666 0.429000 75 107 70
-0.306456 -0.081666 0.429000 78 110 73
-0.305347 -0.081666 0.429000 76 111 73
-0.304238 -0.081666 0.429000 76 111 73
-0.303129 -0.081666 0.429000 72 108 72
-0.302724 -0.081857 0.430000 79 115 79
-0.301612 -0.081857 0.430000 91 120 100
-0.300501 -0.081857 0.430000 101 130 110
-0.299389 -0.081857 0.430000 120 139 129
-0.050797 -0.080714 0.424000 156 151 147
-0.049701 -0.080714 0.424000 177 172 170
-0.048605 -0.080714 0.424000 208 203 201
-0.047509 -0.080714 0.424000 194 189 187
-0.046413 -0.080714 0.424000 168 163 161
-0.045317 -0.080714 0.424000 170 167 164
-0.044221 -0.080714 0.424000 171 168 165
-0.043125 -0.080714 0.424000 169 168 168
-0.042029 -0.080714 0.424000 147 146 146
-0.040933 -0.080714 0.424000 139 138 138
-0.018833 -0.079953 0.420000 69 66 63
-0.017747 -0.079953 0.420000 60 57 54
-0.016662 -0.079953 0.420000 55 54 54
-0.015576 -0.079953 0.420000 56 55 55
-0.014490 -0.079953 0.420000 59 59 59
-0.013404 -0.079953 0.420000 55 55 55
-0.012319 -0.079953 0.420000 47 53 53
-0.011233 -0.079953 0.420000 49 55 55
-0.010147 -0.079953 0.420000 45 53 54
-0.009062 -0.079953 0.420000 45 53 54
-0.007976 -0.079953 0.420000 40 48 49
-0.006890 -0.079953 0.420000 38 46 47
-0.005805 -0.079953 0.420000 40 45 52
-0.004719 -0.079953 0.420000 46 51 58
-0.003633 -0.079953 0.420000 62 69 73
-0.002548 -0.079953 0.420000 99 106 110
-0.001462 -0.079953 0.420000 134 141 145
-0.311616 -0.080744 0.430000 73 104 70
-0.310505 -0.080744 0.430000 73 109 73
-0.309393 -0.080744 0.430000 74 110 74
-0.308282 -0.080744 0.430000 77 116 79
-0.307170 -0.080744 0.430000 81 120 83
-0.306058 -0.080744 0.430000 74 113 78
-0.304947 -0.080744 0.430000 75 114 79
-0.303835 -0.080744 0.430000 85 117 96
-0.302724 -0.080744 0.430000 104 136 115
-0.301612 -0.080744 0.430000 113 139 126
-0.300501 -0.080744 0.430000 113 139 126
-0.052989 -0.079617 0.424000 152 149 144
-0.051893 -0.079617 0.424000 157 154 151
-0.050797 -0.079617 0.424000 197 194 191
-0.049701 -0.079617 0.424000 199 196 193
-0.048605 -0.079617 0.424000 177 174 171
-0.047509 -0.079617 0.424000 167 163 164
-0.046413 -0.079617 0.424000 168 164 165
-0.045317 -0.079617 0.424000 168 164 165
-0.044221 -0.079617 0.424000 163 159 160
-0.043125 -0.079617 0.424000 152 151 153
-0.016701 -0.079054 0.421000 87 82 80
-0.015613 -0.079054 0.421000 64 59 57
-0.014525 -0.079054 0.421000 54 54 50
-0.013436 -0.079054 0.421000 54 54 50
-0.012319 -0.078866 0.420000 55 58 57
-0.011260 -0.079054 0.421000 56 59 58
-0.010147 -0.078866 0.420000 55 58 61
-0.009062 -0.078866 0.420000 52 55 58
-0.007976 -0.078866 0.420000 48 53 58
-0.006890 -0.078866 0.420000 48 53 58
-0.005805 -0.078866 0.420000 47 54 58
-0.004719 -0.078866 0.420000 43 50 54
-0.003633 -0.078866 0.420000 41 48 52
-0.002548 -0.078866 0.420000 47 54 58
-0.001462 -0.078866 0.420000 57 67 70
-0.000375 -0.078678 0.419000 89 99 102
-0.312728 -0.079630 0.430000 71 105 70
-0.311616 -0.079630 0.430000 76 110 75
-0.310505 -0.079630 0.430000 73 112 75
-0.309393 -0.079630 0.430000 72 111 74
-0.308282 -0.079630 0.430000 72 113 77
-0.307170 -0.079630 0.430000 78 119 83
-0.305347 -0.079445 0.429000 74 111 86
-0.304947 -0.079630 0.430000 89 126 101
-0.303835 -0.079630 0.430000 101 131 121
-0.302724 -0.079630 0.430000 101 131 121
-0.055181 -0.078519 0.424000 157 154 149
-0.054085 -0.078519 0.424000 153 153 147
-0.052989 -0.078519 0.424000 167 167 161
-0.051893 -0.078519 0.424000 202 202 198
-0.050797 -0.078519 0.424000 190 190 186
-0.049701 -0.078519 0.424000 167 166 166
-0.048605 -0.078519 0.424000 163 162 162
-0.047509 -0.078519 0.424000 166 165 165
-0.046413 -0.078519 0.424000 163 162 162
-0.045317 -0.078519 0.424000 159 158 158
-0.044221 -0.078519 0.424000 155 154 154
-0.014525 -0.077964 0.421000 98 95 92
-0.013436 -0.077964 0.421000 83 80 77
-0.012348 -0.077964 0.421000 58 58 60
-0.011233 -0.077779 0.420000 54 54 56
-0.010172 -0.077964 0.421000 53 56 59
-0.009062 -0.077779 0.420000 58 61 64
-0.007976 -0.077779 0.420000 51 56 61
-0.006890 -0.077779 0.420000 50 55 60
-0.005805 -0.077779 0.420000 47 54 60
-0.004719 -0.077779 0.420000 47 54 60
-0.003625 -0.077593 0.419000 47 57 60
-0.002542 -0.077593 0.419000 45 55 58
-0.001458 -0.077593 0.419000 35 49 51
-0.000375 -0.077593 0.419000 38 52 54
0.000708 -0.077593 0.419000 54 71 74
0.001791 -0.077593 0.419000 81 98 101
0.002874 -0.077593 0.419000 120 135 134
-0.312728 -0.078517 0.430000 69 105 69
-0.311616 -0.078517 0.430000 77 113 77
-0.310505 -0.078517 0.430000 77 116 79
-0.309393 -0.078517 0.430000 75 114 77
-0.308282 -0.078517 0.430000 77 112 83
-0.307170 -0.078517 0.430000 82 117 88
-0.306058 -0.078517 0.430000 91 122 106
-0.304947 -0.078517 0.430000 104 135 119
-0.303835 -0.078517 0.430000 104 131 122
-0.056277 -0.077422 0.424000 157 152 148
-0.055181 -0.077422 0.424000 166 161 157
-0.054085 -0.077422 0.424000 183 180 175
-0.052989 -0.077422 0.424000 198 195 190
-0.051893 -0.077422 0.424000 182 181 183
-0.050797 -0.077422 0.424000 162 161 163
-0.049701 -0.077422 0.424000 165 165 167
-0.048605 -0.077422 0.424000 165 165 167
-0.047509 -0.077422 0.424000 164 164 166
-0.046413 -0.077422 0.424000 160 160 162
-0.045317 -0.077422 0.424000 157 157 157
-0.012348 -0.076874 0.421000 109 108 108
-0.011260 -0.076874 0.421000 84 83 83
-0.010172 -0.076874 0.421000 60 60 64
-0.009062 -0.076691 0.420000 50 50 54
-0.007976 -0.076691 0.420000 53 55 61
-0.006890 -0.076691 0.420000 53 55 61
-0.005805 -0.076691 0.420000 52 59 65
-0.004708 -0.076509 0.419000 50 57 63
-0.003625 -0.076509 0.419000 46 53 57
-0.002542 -0.076509 0.419000 47 54 58
-0.001458 -0.076509 0.419000 46 56 59
-0.000375 -0.076509 0.419000 39 49 52
0.000708 -0.076509 0.419000 33 50 53
0.001791 -0.076509 0.419000 34 51 54
0.002874 -0.076509 0.419000 52 66 68
0.003957 -0.076509 0.419000 84 98 100
0.005040 -0.076509 0.419000 124 135 135
-0.313455 -0.077584 0.431000 73 109 73
-0.312341 -0.077584 0.431000 76 112 76
-0.311227 -0.077584 0.431000 78 112 79
-0.310113 -0.077584 0.431000 81 115 82
-0.308998 -0.077584 0.431000 81 108 88
-0.307170 -0.077404 0.430000 105 132 112
-0.306058 -0.077404 0.430000 107 131 119
-0.058469 -0.076324 0.424000 164 155 150
-0.057373 -0.076324 0.424000 158 149 144
-0.056277 -0.076324 0.424000 180 173 167
-0.055051 -0.076144 0.423000 206 199 193
-0.053958 -0.076144 0.423000 191 186 184
-0.052989 -0.076324 0.424000 170 165 163
-0.051893 -0.076324 0.424000 162 158 161
-0.050797 -0.076324 0.424000 168 164 167
-0.049701 -0.076324 0.424000 164 164 166
-0.048605 -0.076324 0.424000 161 161 163
-0.047509 -0.076324 0.424000 159 159 161
-0.010172 -0.075784 0.421000 129 125 126
-0.009083 -0.075784 0.421000 113 109 110
-0.007976 -0.075604 0.420000 77 77 81
-0.006890 -0.075604 0.420000 52 52 56
-0.005805 -0.075604 0.420000 48 50 56
-0.004719 -0.075604 0.420000 53 55 61
-0.003625 -0.075424 0.419000 53 58 63
-0.002542 -0.075424 0.419000 53 58 63
-0.001458 -0.075424 0.419000 49 57 58
-0.000375 -0.075424 0.419000 45 53 54
0.000708 -0.075424 0.419000 41 52 52
0.001791 -0.075424 0.419000 40 51 51
0.002874 -0.075424 0.419000 38 51 50
0.003957 -0.075424 0.419000 40 53 52
0.005040 -0.075424 0.419000 51 63 65
0.006123 -0.075424 0.419000 73 85 87
0.008309 -0.075604 0.420000 146 153 157
-0.312341 -0.076469 0.431000 76 112 76
-0.311227 -0.076469 0.431000 89 116 94
-0.310113 -0.076469 0.431000 93 120 98
-0.308282 -0.076291 0.430000 104 125 114
-0.059565 -0.075227 0.424000 166 159 153
-0.058331 -0.075049 0.423000 162 152 150
-0.057238 -0.075049 0.423000 187 177 175
-0.056145 -0.075049 0.423000 209 199 197
-0.055051 -0.075049 0.423000 183 173 171
-0.053958 -0.075049 0.423000 169 163 165
-0.052864 -0.075049 0.423000 168 162 164
-0.051771 -0.075049 0.423000 166 160 164
-0.050797 -0.075227 0.424000 168 162 166
-0.049701 -0.075227 0.424000 163 159 162
-0.006890 -0.074517 0.420000 124 123 125
-0.005805 -0.074517 0.420000 91 90 94
-0.004719 -0.074517 0.420000 62 61 65
-0.003625 -0.074340 0.419000 48 54 56
-0.002542 -0.074340 0.419000 54 60 62
-0.001458 -0.074340 0.419000 55 61 63
-0.000375 -0.074340 0.419000 54 60 62
0.000708 -0.074340 0.419000 48 56 57
0.001787 -0.074162 0.418000 47 55 56
0.002867 -0.074162 0.418000 45 56 56
0.003957 -0.074340 0.419000 43 54 54
0.005040 -0.074340 0.419000 38 52 54
0.006123 -0.074340 0.419000 37 51 53
0.007206 -0.074340 0.419000 44 56 58
0.009395 -0.074517 0.420000 106 114 115
0.010481 -0.074517 0.420000 146 154 155
-0.314182 -0.075528 0.432000 79 109 84
-0.313066 -0.075528 0.432000 61 91 66
-0.311949 -0.075528 0.432000 76 95 85
-0.310113 -0.075353 0.431000 103 122 112
-0.061612 -0.073954 0.423000 163 159 152
-0.060518 -0.073954 0.423000 166 159 153
-0.059425 -0.073954 0.423000 161 154 148
-0.058331 -0.073954 0.423000 185 175 175
-0.057238 -0.073954 0.423000 206 196 196
-0.056145 -0.073954 0.423000 173 165 164
-0.055051 -0.073954 0.423000 168 160 159
-0.053958 -0.073954 0.423000 171 165 167
-0.052864 -0.073954 0.423000 170 164 166
-0.051771 -0.073954 0.423000 166 160 164
-0.050797 -0.074129 0.424000 164 158 162
-0.004719 -0.073430 0.420000 131 131 133
-0.003633 -0.073430 0.420000 93 96 97
-0.002542 -0.073255 0.419000 60 63 64
-0.001458 -0.073255 0.419000 53 56 57
-0.000375 -0.073255 0.419000 57 60 61
0.000708 -0.073255 0.419000 54 60 62
0.001787 -0.073080 0.418000 51 57 59
0.002867 -0.073080 0.418000 46 57 57
0.003957 -0.073255 0.419000 45 56 56
0.005040 -0.073255 0.419000 42 57 56
0.006123 -0.073255 0.419000 41 56 55
0.007206 -0.073255 0.419000 40 53 52
0.008290 -0.073255 0.419000 38 51 50
0.009373 -0.073255 0.419000 50 55 60
0.011566 -0.073430 0.420000 111 110 117
0.012652 -0.073430 0.420000 147 146 153
-0.314182 -0.074410 0.432000 30 56 41
-0.313066 -0.074410 0.432000 29 55 40
-0.062705 -0.072859 0.423000 164 160 153
-0.061612 -0.072859 0.423000 156 152 145
-0.060375 -0.072687 0.422000 178 171 165
-0.059284 -0.072687 0.422000 199 192 186
-0.058194 -0.072687 0.422000 195 187 186
-0.057103 -0.072687 0.422000 174 166 165
-0.055051 -0.072859 0.423000 171 165 167
-0.053958 -0.072859 0.423000 170 164 166
-0.052864 -0.072859 0.423000 168 162 164
-0.001458 -0.072170 0.419000 99 102 103
-0.000375 -0.072170 0.419000 60 63 64
0.000708 -0.072170 0.419000 50 55 60
0.001791 -0.072170 0.419000 49 54 59
0.002874 -0.072170 0.419000 48 58 61
0.003957 -0.072170 0.419000 46 56 59
0.005040 -0.072170 0.419000 42 57 56
0.006123 -0.072170 0.419000 41 56 55
0.007206 -0.072170 0.419000 42 57 56
0.008290 -0.072170 0.419000 40 55 54
0.009373 -0.072170 0.419000 40 47 51
0.010456 -0.072170 0.419000 43 50 54
0.012652 -0.072343 0.420000 75 77 83
0.013738 -0.072343 0.420000 115 115 119
0.014859 -0.072515 0.421000 149 149 153
-0.314182 -0.073291 0.432000 25 48 40
-0.063799 -0.071764 0.423000 168 164 157
-0.062557 -0.071595 0.422000 161 157 150
-0.061466 -0.071595 0.422000 184 180 173
-0.060375 -0.071595 0.422000 207 202 200
-0.059284 -0.071595 0.422000 182 177 175
-0.058194 -0.071595 0.422000 168 162 164
-0.057103 -0.071595 0.422000 172 166 168
-0.056012 -0.071595 0.422000 171 165 167
0.000708 -0.071086 0.419000 105 111 113
0.001791 -0.071086 0.419000 65 71 73
0.002874 -0.071086 0.419000 43 53 56
0.003957 -0.071086 0.419000 50 60 63
0.005040 -0.071086 0.419000 48 63 62
0.006123 -0.071086 0.419000 48 63 62
0.007206 -0.071086 0.419000 49 62 61
0.008290 -0.071086 0.419000 46 59 58
0.009373 -0.071086 0.419000 47 55 56
0.010456 -0.071086 0.419000 45 53 54
0.011539 -0.071086 0.419000 54 59 64
0.013738 -0.071255 0.420000 48 53 58
0.014823 -0.071255 0.420000 70 75 80
0.015909 -0.071255 0.420000 105 108 111
-0.065986 -0.070670 0.423000 163 160 155
-0.064892 -0.070670 0.423000 163 160 155
-0.063648 -0.070502 0.422000 158 155 150
-0.062557 -0.070502 0.422000 191 186 182
-0.061320 -0.070335 0.421000 206 201 197
-0.060232 -0.070335 0.421000 174 170 171
-0.059144 -0.070335 0.421000 167 163 164
-0.058194 -0.070502 0.422000 172 168 171
-0.057103 -0.070502 0.422000 170 166 169
-0.056012 -0.070502 0.422000 167 163 166
0.001791 -0.070001 0.419000 142 145 148
0.002874 -0.070001 0.419000 111 117 119
0.003957 -0.070001 0.419000 70 76 78
0.005040 -0.070001 0.419000 40 55 54
0.006123 -0.070001 0.419000 42 57 56
0.007206 -0.070001 0.419000 51 64 63
0.008290 -0.070001 0.419000 50 63 62
0.009373 -0.070001 0.419000 52 60 61
0.010456 -0.070001 0.419000 48 56 57
0.011539 -0.070001 0.419000 48 56 57
0.012622 -0.070001 0.419000 47 55 56
0.013705 -0.070001 0.419000 41 48 52
0.014788 -0.070001 0.419000 47 54 58
0.015909 -0.070168 0.420000 49 56 62
0.016995 -0.070168 0.420000 68 75 81
0.018081 -0.070168 0.420000 114 119 124
-0.066920 -0.069410 0.422000 163 160 155
-0.065830 -0.069410 0.422000 162 159 154
-0.064739 -0.069410 0.422000 168 166 158
-0.063497 -0.069246 0.421000 193 191 183
-0.061320 -0.069246 0.421000 169 166 163
-0.060232 -0.069246 0.421000 174 170 171
-0.059144 -0.069246 0.421000 174 170 171
-0.058194 -0.069410 0.422000 172 168 169
-0.057103 -0.069410 0.422000 169 165 166
0.005040 -0.068917 0.419000 110 118 117
0.006123 -0.068917 0.419000 71 79 78
0.007206 -0.068917 0.419000 49 57 58
0.008290 -0.068917 0.419000 48 56 57
0.009373 -0.068917 0.419000 54 60 62
0.010456 -0.068917 0.419000 55 61 63
0.011539 -0.068917 0.419000 50 58 59
0.012622 -0.068917 0.419000 48 56 57
0.013705 -0.068917 0.419000 48 55 59
0.014788 -0.068917 0.419000 46 53 57
0.015871 -0.068917 0.419000 39 49 52
0.016954 -0.068917 0.419000 38 48 51
0.018037 -0.068917 0.419000 54 59 66
0.019166 -0.069081 0.420000 77 82 89
0.020252 -0.069081 0.420000 116 124 125
0.021338 -0.069081 0.420000 142 150 151
-0.068011 -0.068318 0.422000 165 160 156
-0.066762 -0.068156 0.421000 162 159 154
-0.065674 -0.068156 0.421000 181 178 173
-0.064585 -0.068156 0.421000 200 197 192
-0.063346 -0.067994 0.420000 181 178 173
-0.062261 -0.067994 0.420000 165 164 164
-0.061320 -0.068156 0.421000 168 167 167
-0.060232 -0.068156 0.421000 172 171 173
-0.059144 -0.068156 0.421000 167 166 168
0.006123 -0.067832 0.419000 142 145 146
0.007206 -0.067832 0.419000 115 118 119
0.008290 -0.067832 0.419000 79 82 83
0.009373 -0.067832 0.419000 58 58 62
0.010456 -0.067832 0.419000 58 58 62
0.011539 -0.067832 0.419000 56 61 66
0.012622 -0.067832 0.419000 55 60 65
0.013705 -0.067832 0.419000 50 57 61
0.014753 -0.067670 0.418000 47 54 58
0.015833 -0.067670 0.418000 46 56 59
0.016954 -0.067832 0.419000 44 54 57
0.018037 -0.067832 0.419000 47 53 55
0.019121 -0.067832 0.419000 44 50 52
0.020204 -0.067832 0.419000 50 56 58
0.021287 -0.067832 0.419000 70 76 78
0.022370 -0.067832 0.419000 120 123 126
0.023509 -0.067994 0.420000 145 148 151
-0.068938 -0.067066 0.421000 168 163 159
-0.067850 -0.067066 0.421000 165 160 156
-0.066762 -0.067066 0.421000 190 186 179
-0.065518 -0.066907 0.420000 199 195 188
-0.064432 -0.066907 0.420000 175 175 171
-0.063346 -0.066907 0.420000 170 170 166
-0.062261 -0.066907 0.420000 167 167 171
-0.061175 -0.066907 0.420000 166 166 170
-0.060232 -0.067066 0.421000 164 164 166
0.009373 -0.066747 0.419000 126 126 130
0.010456 -0.066747 0.419000 82 82 86
0.011539 -0.066747 0.419000 57 56 63
0.012622 -0.066747 0.419000 52 51 58
0.013672 -0.066588 0.418000 54 60 62
0.014753 -0.066588 0.418000 49 55 57
0.015795 -0.066429 0.417000 49 55 57
0.016873 -0.066429 0.417000 50 56 58
0.017951 -0.066429 0.417000 50 56 56
0.019029 -0.066429 0.417000 50 56 56
0.020155 -0.066588 0.418000 49 55 55
0.021236 -0.066588 0.418000 46 52 52
0.022370 -0.066747 0.419000 49 54 59
0.023453 -0.066747 0.419000 72 77 82
0.024536 -0.066747 0.419000 119 119 123
0.025619 -0.066747 0.419000 151 151 155
0.269965 -0.066110 0.415000 114 123 116
0.271038 -0.066110 0.415000 110 118 115
0.272110 -0.066110 0.415000 105 113 110
0.273183 -0.066110 0.415000 91 97 95
0.274256 -0.066110 0.415000 76 82 80
-0.070027 -0.065976 0.421000 170 162 159
-0.067689 -0.065820 0.420000 195 188 182
-0.066603 -0.065820 0.420000 200 195 191
-0.065518 -0.065820 0.420000 177 172 168
-0.064432 -0.065820 0.420000 168 168 170
-0.063346 -0.065820 0.420000 168 168 170
-0.062261 -0.065820 0.420000 165 168 171
-0.061175 -0.065820 0.420000 164 167 170
0.011539 -0.065663 0.419000 122 122 126
0.012622 -0.065663 0.419000 84 84 88
0.013672 -0.065506 0.418000 55 58 61
0.014718 -0.065349 0.417000 52 55 58
0.015795 -0.065349 0.417000 60 66 68
0.016833 -0.065193 0.416000 55 61 63
0.017908 -0.065193 0.416000 50 56 56
0.018984 -0.065193 0.416000 51 57 57
0.020059 -0.065193 0.416000 52 60 59
0.021134 -0.065193 0.416000 53 61 60
0.022210 -0.065193 0.416000 52 59 63
0.023341 -0.065349 0.417000 47 54 58
0.024478 -0.065506 0.418000 55 57 65
0.025558 -0.065506 0.418000 82 84 92
0.026702 -0.065663 0.419000 125 125 129
0.027785 -0.065663 0.419000 157 157 161
0.259237 -0.065036 0.415000 126 137 133
0.260310 -0.065036 0.415000 121 133 125
0.261383 -0.065036 0.415000 116 128 120
0.262456 -0.065036 0.415000 101 116 111
0.263528 -0.065036 0.415000 83 98 93
0.264601 -0.065036 0.415000 69 84 79
0.265674 -0.065036 0.415000 64 79 74
0.266747 -0.065036 0.415000 68 81 76
0.267819 -0.065036 0.415000 64 77 72
0.268892 -0.065036 0.415000 57 68 66
0.269965 -0.065036 0.415000 48 59 57
0.271038 -0.065036 0.415000 46 57 57
0.272110 -0.065036 0.415000 44 55 55
0.273183 -0.065036 0.415000 45 53 54
0.274256 -0.065036 0.415000 41 49 50
-0.072203 -0.064887 0.421000 165 161 154
-0.071115 -0.064887 0.421000 167 159 156
-0.069860 -0.064732 0.420000 171 163 160
-0.067689 -0.064732 0.420000 200 192 189
-0.066603 -0.064732 0.420000 168 164 165
-0.065518 -0.064732 0.420000 171 167 168
-0.064432 -0.064732 0.420000 169 169 171
-0.063346 -0.064732 0.420000 169 169 171
-0.062261 -0.064732 0.420000 166 166 168
0.013672 -0.064424 0.418000 119 122 125
0.014718 -0.064270 0.417000 79 82 85
0.015795 -0.064270 0.417000 48 54 56
0.016833 -0.064116 0.416000 46 52 54
0.017908 -0.064116 0.416000 49 57 58
0.018984 -0.064116 0.416000 52 60 61
0.020011 -0.063962 0.415000 50 57 61
0.021084 -0.063962 0.415000 50 57 61
0.022156 -0.063962 0.415000 48 55 59
0.023285 -0.064116 0.416000 47 54 58
0.024360 -0.064116 0.416000 41 48 52
0.025436 -0.064116 0.416000 47 54 58
0.026575 -0.064270 0.417000 63 65 71
0.027653 -0.064270 0.417000 88 90 96
0.028800 -0.064424 0.418000 124 127 128
0.029880 -0.064424 0.418000 150 153 154
0.248510 -0.063962 0.415000 132 143 139
0.249582 -0.063962 0.415000 127 135 132
0.250655 -0.063962 0.415000 118 126 123
0.251728 -0.063962 0.415000 104 116 118
0.252801 -0.063962 0.415000 93 105 107
0.253873 -0.063962 0.415000 87 101 105
0.254946 -0.063962 0.415000 78 92 96
0.256019 -0.063962 0.415000 64 81 84
0.257092 -0.063962 0.415000 55 72 75
0.258165 -0.063962 0.415000 48 65 66
0.259237 -0.063962 0.415000 41 58 59
0.260310 -0.063962 0.415000 42 57 56
0.261383 -0.063962 0.415000 42 57 56
0.262456 -0.063962 0.415000 38 53 50
0.263528 -0.063962 0.415000 37 52 49
0.264601 -0.063962 0.415000 41 56 53
0.265674 -0.063962 0.415000 41 56 53
0.266747 -0.063962 0.415000 40 55 52
0.267819 -0.063962 0.415000 40 55 52
0.268892 -0.063962 0.415000 40 53 52
0.269965 -0.063962 0.415000 42 55 54
0.271038 -0.063962 0.415000 43 55 57
0.272110 -0.063962 0.415000 45 57 59
0.273183 -0.063962 0.415000 46 58 60
0.274256 -0.063962 0.415000 46 58 60
-0.073292 -0.063797 0.421000 164 159 155
-0.072203 -0.063797 0.421000 166 161 157
-0.070946 -0.063645 0.420000 172 164 161
-0.069860 -0.063645 0.420000 200 192 189
-0.068775 -0.063645 0.420000 192 187 183
-0.067689 -0.063645 0.420000 168 163 159
-0.066603 -0.063645 0.420000 168 167 167
-0.065518 -0.063645 0.420000 170 169 169
-0.064432 -0.063645 0.420000 170 169 171
0.015795 -0.063191 0.417000 119 122 123
0.016833 -0.063039 0.416000 81 84 85
0.017908 -0.063039 0.416000 47 53 55
0.018938 -0.062888 0.415000 46 52 54
0.020011 -0.062888 0.415000 51 56 61
0.021084 -0.062888 0.415000 55 60 65
0.022156 -0.062888 0.415000 49 56 60
0.023229 -0.062888 0.415000 46 53 57
0.024302 -0.062888 0.415000 45 55 58
0.025375 -0.062888 0.415000 45 55 58
0.026447 -0.062888 0.415000 43 53 56
0.027520 -0.062888 0.415000 48 58 61
0.028662 -0.063039 0.416000 64 70 72
0.029737 -0.063039 0.416000 94 100 102
0.030887 -0.063191 0.417000 132 138 138
0.242073 -0.062888 0.415000 121 134 133
0.243146 -0.062888 0.415000 105 122 123
0.244219 -0.062888 0.415000 89 106 107
0.245291 -0.062888 0.415000 75 93 91
0.246364 -0.062888 0.415000 63 81 79
0.247437 -0.062888 0.415000 61 74 71
0.248510 -0.062888 0.415000 58 71 68
0.249582 -0.062888 0.415000 52 63 63
0.250655 -0.062888 0.415000 46 57 57
0.251728 -0.062888 0.415000 40 52 58
0.252801 -0.062888 0.415000 38 50 56
0.253873 -0.062888 0.415000 34 48 54
0.254946 -0.062888 0.415000 30 44 50
0.256019 -0.062888 0.415000 29 46 51
0.257092 -0.062888 0.415000 31 48 53
0.258165 -0.062888 0.415000 37 55 62
0.259237 -0.062888 0.415000 41 59 66
0.260310 -0.062888 0.415000 41 60 64
0.261383 -0.062888 0.415000 40 59 63
0.262456 -0.062888 0.415000 38 57 57
0.262893 -0.062736 0.414000 38 57 57
0.263964 -0.062736 0.414000 40 59 59
0.265034 -0.062736 0.414000 40 59 59
0.266104 -0.062736 0.414000 40 57 58
0.267174 -0.062736 0.414000 38 55 56
0.268244 -0.062736 0.414000 37 51 53
0.269314 -0.062736 0.414000 41 55 57
0.272110 -0.062888 0.415000 38 52 54
0.273183 -0.062888 0.415000 37 51 53
0.274256 -0.062888 0.415000 40 54 56
-0.075468 -0.062707 0.421000 153 146 140
-0.074380 -0.062707 0.421000 172 165 159
-0.073117 -0.062558 0.420000 173 166 160
-0.072032 -0.062558 0.420000 177 170 164
-0.070946 -0.062558 0.420000 199 191 188
-0.069860 -0.062558 0.420000 185 177 174
-0.068775 -0.062558 0.420000 167 164 161
-0.067689 -0.062558 0.420000 175 172 169
-0.066603 -0.062558 0.420000 169 168 170
-0.065518 -0.062558 0.420000 170 169 171
0.017908 -0.061962 0.416000 115 118 119
0.018938 -0.061813 0.415000 77 80 81
0.020011 -0.061813 0.415000 50 55 60
0.021084 -0.061813 0.415000 46 51 56
0.022156 -0.061813 0.415000 47 54 60
0.023229 -0.061813 0.415000 48 55 61
0.024302 -0.061813 0.415000 44 54 57
0.025375 -0.061813 0.415000 41 51 54
0.026447 -0.061813 0.415000 44 56 58
0.027520 -0.061813 0.415000 43 55 57
0.028593 -0.061813 0.415000 42 54 56
0.029666 -0.061813 0.415000 42 54 56
0.030738 -0.061813 0.415000 56 68 70
0.031888 -0.061962 0.416000 93 105 107
0.032963 -0.061962 0.416000 132 138 138
0.232418 -0.061813 0.415000 131 142 140
0.233491 -0.061813 0.415000 117 128 126
0.234564 -0.061813 0.415000 101 112 110
0.235636 -0.061813 0.415000 89 100 98
0.236709 -0.061813 0.415000 81 89 86
0.237782 -0.061813 0.415000 70 78 75
0.238855 -0.061813 0.415000 58 69 67
0.239928 -0.061813 0.415000 48 59 57
0.241000 -0.061813 0.415000 40 53 52
0.242073 -0.061813 0.415000 38 51 50
0.243146 -0.061813 0.415000 37 49 53
0.244219 -0.061813 0.415000 37 49 53
0.245291 -0.061813 0.415000 36 50 54
0.246364 -0.061813 0.415000 40 54 58
0.247437 -0.061813 0.415000 40 57 58
0.248510 -0.061813 0.415000 38 55 56
0.249582 -0.061813 0.415000 35 49 53
0.250655 -0.061813 0.415000 41 55 59
0.251728 -0.061813 0.415000 38 52 58
0.252801 -0.061813 0.415000 40 54 60
0.253873 -0.061813 0.415000 40 54 60
0.254946 -0.061813 0.415000 38 52 58
0.256019 -0.061813 0.415000 35 52 57
0.257092 -0.061813 0.415000 32 49 54
0.258165 -0.061813 0.415000 33 49 57
0.258613 -0.061664 0.414000 36 52 60
0.259683 -0.061664 0.414000 39 57 64
0.260753 -0.061664 0.414000 38 56 63
0.261823 -0.061664 0.414000 37 56 60
0.262893 -0.061664 0.414000 39 58 62
0.263964 -0.061664 0.414000 39 58 60
0.265034 -0.061664 0.414000 37 56 58
0.266104 -0.061664 0.414000 38 57 57
0.267174 -0.061664 0.414000 38 57 57
0.268244 -0.061664 0.414000 34 51 52
0.269314 -0.061664 0.414000 40 57 58
0.270385 -0.061664 0.414000 39 56 57
0.271455 -0.061664 0.414000 36 53 54
0.272525 -0.061664 0.414000 35 52 55
0.273595 -0.061664 0.414000 35 52 55
-0.075468 -0.061617 0.421000 167 160 154
-0.074203 -0.061471 0.420000 181 174 168
-0.073117 -0.061471 0.420000 183 173 171
-0.072032 -0.061471 0.420000 190 180 178
-0.070946 -0.061471 0.420000 182 174 171
-0.069860 -0.061471 0.420000 171 163 160
-0.068775 -0.061471 0.420000 172 167 165
-0.067689 -0.061471 0.420000 178 173 171
-0.066603 -0.061471 0.420000 171 165 167
0.020011 -0.060739 0.415000 110 113 114
0.021084 -0.060739 0.415000 71 74 75
0.022156 -0.060739 0.415000 49 51 57
0.023173 -0.060593 0.414000 45 47 53
0.024243 -0.060593 0.414000 46 53 59
0.025313 -0.060593 0.414000 48 55 61
0.026384 -0.060593 0.414000 43 55 57
0.027454 -0.060593 0.414000 42 54 56
0.028524 -0.060593 0.414000 40 54 56
0.029666 -0.060739 0.415000 38 52 54
0.030738 -0.060739 0.415000 36 50 52
0.031811 -0.060739 0.415000 42 56 58
0.032884 -0.060739 0.415000 64 74 77
0.033957 -0.060739 0.415000 93 103 106
0.035114 -0.060885 0.416000 143 149 149
0.224909 -0.060739 0.415000 117 130 129
0.225982 -0.060739 0.415000 108 121 120
0.227054 -0.060739 0.415000 101 114 113
0.228127 -0.060739 0.415000 90 103 102
0.229200 -0.060739 0.415000 75 88 87
0.230273 -0.060739 0.415000 68 80 82
0.231345 -0.060739 0.415000 60 72 74
0.232418 -0.060739 0.415000 47 60 59
0.233491 -0.060739 0.415000 42 55 54
0.234564 -0.060739 0.415000 40 53 52
0.235636 -0.060739 0.415000 39 52 51
0.236709 -0.060739 0.415000 40 51 51
0.237782 -0.060739 0.415000 43 54 54
0.238855 -0.060739 0.415000 41 52 52
0.239928 -0.060739 0.415000 38 49 49
0.241000 -0.060739 0.415000 37 50 49
0.242073 -0.060739 0.415000 44 57 56
0.243146 -0.060739 0.415000 43 55 57
0.244219 -0.060739 0.415000 43 55 57
0.245291 -0.060739 0.415000 43 55 57
0.246364 -0.060739 0.415000 40 52 54
0.247437 -0.060739 0.415000 40 52 54
0.248510 -0.060739 0.415000 40 52 54
0.249582 -0.060739 0.415000 37 51 55
0.250655 -0.060739 0.415000 40 54 58
0.251728 -0.060739 0.415000 38 52 58
0.252801 -0.060739 0.415000 37 51 57
0.253873 -0.060739 0.415000 41 55 61
0.254946 -0.060739 0.415000 40 54 60
0.256019 -0.060739 0.415000 35 52 57
0.256472 -0.060593 0.414000 33 50 55
0.257542 -0.060593 0.414000 34 50 58
0.258613 -0.060593 0.414000 35 51 59
0.259683 -0.060593 0.414000 38 54 62
0.260753 -0.060593 0.414000 36 52 60
0.261823 -0.060593 0.414000 38 55 60
0.262893 -0.060593 0.414000 36 53 58
0.263964 -0.060593 0.414000 39 56 59
0.265034 -0.060593 0.414000 38 55 58
0.266104 -0.060593 0.414000 40 54 58
0.267174 -0.060593 0.414000 40 54 58
0.268244 -0.060593 0.414000 36 50 52
0.269314 -0.060593 0.414000 37 51 53
0.270385 -0.060593 0.414000 37 51 57
0.271455 -0.060593 0.414000 36 50 56
0.272525 -0.060593 0.414000 38 55 60
0.273595 -0.060593 0.414000 32 49 54
-0.076374 -0.060384 0.420000 163 156 150
-0.075289 -0.060384 0.420000 168 160 157
-0.074203 -0.060384 0.420000 184 176 173
-0.073117 -0.060384 0.420000 188 180 177
-0.072032 -0.060384 0.420000 181 173 170
-0.070946 -0.060384 0.420000 177 169 168
-0.069860 -0.060384 0.420000 178 170 169
-0.068775 -0.060384 0.420000 175 170 168
-0.067689 -0.060384 0.420000 171 166 164
0.022156 -0.059665 0.415000 109 109 113
0.023173 -0.059521 0.414000 64 64 68
0.024243 -0.059521 0.414000 45 47 53
0.025313 -0.059521 0.414000 45 47 53
0.026320 -0.059377 0.413000 45 52 58
0.028455 -0.059377 0.413000 44 56 58
0.030664 -0.059521 0.414000 41 55 57
0.031735 -0.059521 0.414000 41 55 57
0.032805 -0.059521 0.414000 44 56 58
0.033875 -0.059521 0.414000 40 52 54
0.035029 -0.059665 0.415000 68 74 76
0.036102 -0.059665 0.415000 110 116 118
0.037175 -0.059665 0.415000 147 150 151
0.217399 -0.059665 0.415000 129 135 135
0.218472 -0.059665 0.415000 118 124 124
0.219545 -0.059665 0.415000 96 102 102
0.220618 -0.059665 0.415000 75 81 81
0.221691 -0.059665 0.415000 58 69 69
0.222763 -0.059665 0.415000 50 61 61
0.223836 -0.059665 0.415000 42 56 58
0.224909 -0.059665 0.415000 42 56 58
0.225982 -0.059665 0.415000 41 55 57
0.227054 -0.059665 0.415000 37 51 53
0.228127 -0.059665 0.415000 39 49 52
0.229200 -0.059665 0.415000 37 47 50
0.230273 -0.059665 0.415000 36 46 49
0.231345 -0.059665 0.415000 37 47 50
0.232418 -0.059665 0.415000 44 56 58
0.233491 -0.059665 0.415000 42 54 56
0.234564 -0.059665 0.415000 42 56 58
0.235636 -0.059665 0.415000 33 47 49
0.236709 -0.059665 0.415000 36 50 52
0.237782 -0.059665 0.415000 40 54 56
0.238855 -0.059665 0.415000 40 54 56
0.239928 -0.059665 0.415000 40 54 56
0.241000 -0.059665 0.415000 40 54 56
0.242073 -0.059665 0.415000 40 54 56
0.243146 -0.059665 0.415000 40 52 54
0.244219 -0.059665 0.415000 40 52 54
0.245291 -0.059665 0.415000 42 54 56
0.246364 -0.059665 0.415000 39 51 53
0.247437 -0.059665 0.415000 37 49 51
0.248510 -0.059665 0.415000 36 48 50
0.249582 -0.059665 0.415000 34 48 52
0.250655 -0.059665 0.415000 36 50 54
0.251728 -0.059665 0.415000 37 51 57
0.252801 -0.059665 0.415000 38 52 58
0.253873 -0.059665 0.415000 40 54 60
0.254332 -0.059521 0.414000 40 54 60
0.255402 -0.059521 0.414000 37 51 57
0.256472 -0.059521 0.414000 37 51 57
0.257542 -0.059521 0.414000 37 51 57
0.258613 -0.059521 0.414000 37 51 57
0.259683 -0.059521 0.414000 34 51 56
0.260753 -0.059521 0.414000 35 52 57
0.261823 -0.059521 0.414000 36 53 58
0.262893 -0.059521 0.414000 33 50 55
0.263964 -0.059521 0.414000 33 45 47
0.265034 -0.059521 0.414000 35 47 49
0.266104 -0.059521 0.414000 37 50 49
0.267174 -0.059521 0.414000 38 51 50
0.268244 -0.059521 0.414000 38 51 50
0.269314 -0.059521 0.414000 39 52 51
0.270385 -0.059521 0.414000 46 58 62
0.271455 -0.059521 0.414000 53 65 69
0.272525 -0.059521 0.414000 56 73 78
0.272934 -0.059377 0.413000 76 93 98
-0.077460 -0.059297 0.420000 168 163 161
-0.076374 -0.059297 0.420000 172 167 165
-0.075289 -0.059297 0.420000 185 180 178
-0.074203 -0.059297 0.420000 196 191 189
-0.073117 -0.059297 0.420000 172 167 165
-0.072032 -0.059297 0.420000 172 167 165
-0.070946 -0.059297 0.420000 176 171 169
-0.069860 -0.059297 0.420000 177 172 170
-0.068775 -0.059297 0.420000 172 167 165
0.023229 -0.058591 0.415000 143 139 140
0.024243 -0.058449 0.414000 111 111 115
0.025252 -0.058308 0.413000 66 66 70
0.026320 -0.058308 0.413000 44 46 52
0.027388 -0.058308 0.413000 48 50 56
0.028455 -0.058308 0.413000 48 53 58
0.029523 -0.058308 0.413000 47 52 57
0.030590 -0.058308 0.413000 38 52 54
0.031658 -0.058308 0.413000 41 55 57
0.032725 -0.058308 0.413000 41 55 57
0.033793 -0.058308 0.413000 31 45 47
0.034945 -0.058449 0.414000 37 47 50
0.036015 -0.058449 0.414000 61 71 74
0.038248 -0.058591 0.415000 122 125 128
0.039321 -0.058591 0.415000 157 153 154
0.209890 -0.058591 0.415000 134 142 141
0.210963 -0.058591 0.415000 125 133 132
0.212036 -0.058591 0.415000 104 112 111
0.213108 -0.058591 0.415000 83 96 93
0.214181 -0.058591 0.415000 73 86 83
0.215254 -0.058591 0.415000 64 77 74
0.216327 -0.058591 0.415000 56 69 66
0.217399 -0.058591 0.415000 49 57 58
0.218472 -0.058591 0.415000 43 51 52
0.219545 -0.058591 0.415000 39 46 50
0.220618 -0.058591 0.415000 41 48 52
0.221691 -0.058591 0.415000 42 54 56
0.222763 -0.058591 0.415000 42 54 56
0.223836 -0.058591 0.415000 37 51 53
0.224909 -0.058591 0.415000 36 50 52
0.225982 -0.058591 0.415000 37 51 55
0.227054 -0.058591 0.415000 40 54 58
0.228127 -0.058591 0.415000 38 52 56
0.229200 -0.058591 0.415000 38 52 56
0.230273 -0.058591 0.415000 37 51 55
0.231345 -0.058591 0.415000 40 54 58
0.232418 -0.058591 0.415000 38 52 56
0.233491 -0.058591 0.415000 30 44 48
0.234564 -0.058591 0.415000 34 48 52
0.235636 -0.058591 0.415000 34 48 52
0.236709 -0.058591 0.415000 32 49 52
0.237782 -0.058591 0.415000 34 51 54
0.238855 -0.058591 0.415000 33 50 53
0.239928 -0.058591 0.415000 32 49 52
0.241000 -0.058591 0.415000 36 50 54
0.242073 -0.058591 0.415000 37 51 55
0.243146 -0.058591 0.415000 40 52 56
0.244219 -0.058591 0.415000 42 54 58
0.245291 -0.058591 0.415000 41 55 59
0.246364 -0.058591 0.415000 40 54 58
0.247437 -0.058591 0.415000 36 50 54
0.248510 -0.058591 0.415000 35 49 53
0.249582 -0.058591 0.415000 29 43 47
0.250655 -0.058591 0.415000 29 43 47
0.251728 -0.058591 0.415000 26 43 48
0.252801 -0.058591 0.415000 26 43 48
0.253262 -0.058449 0.414000 28 45 50
0.254332 -0.058449 0.414000 32 49 54
0.255402 -0.058449 0.414000 35 49 53
0.256472 -0.058449 0.414000 33 47 51
0.257542 -0.058449 0.414000 31 45 49
0.258613 -0.058449 0.414000 31 45 49
0.259683 -0.058449 0.414000 33 50 53
0.260753 -0.058449 0.414000 38 55 58
0.261823 -0.058449 0.414000 45 62 65
0.262893 -0.058449 0.414000 55 72 75
0.263964 -0.058449 0.414000 74 88 92
0.265034 -0.058449 0.414000 92 106 110
0.266104 -0.058449 0.414000 101 115 117
0.267174 -0.058449 0.414000 106 120 122
0.267596 -0.058308 0.413000 115 128 127
-0.078546 -0.058209 0.420000 162 153 148
-0.077460 -0.058209 0.420000 168 163 161
-0.076374 -0.058209 0.420000 193 188 186
-0.075289 -0.058209 0.420000 186 180 182
-0.074203 -0.058209 0.420000 172 166 168
-0.073117 -0.058209 0.420000 171 167 168
-0.072032 -0.058209 0.420000 174 170 171
-0.070946 -0.058209 0.420000 175 171 172
0.025313 -0.057378 0.414000 147 146 146
0.026384 -0.057378 0.414000 102 102 106
0.027388 -0.057239 0.413000 65 65 69
0.028386 -0.057101 0.412000 45 44 51
0.029451 -0.057101 0.412000 47 46 53
0.030442 -0.056962 0.411000 39 51 53
0.031505 -0.056962 0.411000 42 54 56
0.032567 -0.056962 0.411000 43 55 57
0.033629 -0.056962 0.411000 40 52 54
0.034776 -0.057101 0.412000 37 49 51
0.035928 -0.057239 0.413000 36 48 50
0.036996 -0.057239 0.413000 38 45 49
0.038156 -0.057378 0.414000 54 61 65
0.040393 -0.057516 0.415000 131 131 133
0.203454 -0.057516 0.415000 129 135 133
0.204526 -0.057516 0.415000 117 128 126
0.205599 -0.057516 0.415000 109 120 118
0.206672 -0.057516 0.415000 95 110 109
0.207745 -0.057516 0.415000 69 84 83
0.208817 -0.057516 0.415000 48 59 59
0.209890 -0.057516 0.415000 40 51 51
0.210963 -0.057516 0.415000 41 52 50
0.212036 -0.057516 0.415000 43 54 52
0.213108 -0.057516 0.415000 37 52 49
0.214181 -0.057516 0.415000 33 48 45
0.215254 -0.057516 0.415000 34 49 48
0.216327 -0.057516 0.415000 35 50 49
0.217399 -0.057516 0.415000 37 51 53
0.218472 -0.057516 0.415000 40 54 56
0.219545 -0.057516 0.415000 34 51 52
0.220618 -0.057516 0.415000 36 53 54
0.221691 -0.057516 0.415000 35 52 53
0.222763 -0.057516 0.415000 34 51 52
0.223836 -0.057516 0.415000 35 52 55
0.224909 -0.057516 0.415000 33 50 53
0.225982 -0.057516 0.415000 35 52 55
0.227054 -0.057516 0.415000 35 52 55
0.228127 -0.057516 0.415000 37 51 55
0.229200 -0.057516 0.415000 36 50 54
0.230273 -0.057516 0.415000 38 50 54
0.231345 -0.057516 0.415000 38 50 54
0.232418 -0.057516 0.415000 36 50 56
0.233491 -0.057516 0.415000 36 50 56
0.234564 -0.057516 0.415000 35 49 55
0.235636 -0.057516 0.415000 34 48 54
0.236709 -0.057516 0.415000 31 50 54
0.237782 -0.057516 0.415000 34 53 57
0.238279 -0.057378 0.414000 34 53 55
0.239928 -0.057516 0.415000 34 53 55
0.241000 -0.057516 0.415000 35 52 55
0.242073 -0.057516 0.415000 35 52 55
0.243146 -0.057516 0.415000 38 50 52
0.244219 -0.057516 0.415000 38 50 52
0.245291 -0.057516 0.415000 36 48 50
0.246364 -0.057516 0.415000 32 44 46
0.247437 -0.057516 0.415000 33 45 47
0.248510 -0.057516 0.415000 36 48 50
0.249582 -0.057516 0.415000 37 51 55
0.250051 -0.057378 0.414000 43 57 61
0.251121 -0.057378 0.414000 49 66 69
0.252192 -0.057378 0.414000 60 77 80
0.253262 -0.057378 0.414000 69 86 89
0.254332 -0.057378 0.414000 76 93 96
0.255402 -0.057378 0.414000 88 103 102
0.256472 -0.057378 0.414000 97 112 111
0.257542 -0.057378 0.414000 108 121 120
0.258613 -0.057378 0.414000 121 134 133
0.259683 -0.057378 0.414000 130 143 142
-0.079632 -0.057122 0.420000 156 151 147
-0.078546 -0.057122 0.420000 170 165 161
-0.077460 -0.057122 0.420000 201 196 192
-0.076374 -0.057122 0.420000 192 187 183
-0.075289 -0.057122 0.420000 170 166 169
-0.074203 -0.057122 0.420000 174 170 173
-0.073117 -0.057122 0.420000 175 171 174
-0.072032 -0.057122 0.420000 174 170 173
0.027454 -0.056306 0.414000 138 137 139
0.028455 -0.056170 0.413000 87 90 91
0.029451 -0.056034 0.412000 53 56 57
0.030442 -0.055898 0.411000 41 52 52
0.031505 -0.055898 0.411000 39 50 50
0.032567 -0.055898 0.411000 43 55 57
0.033629 -0.055898 0.411000 53 65 67
0.034692 -0.055898 0.411000 40 52 54
0.035754 -0.055898 0.411000 42 54 56
0.036817 -0.055898 0.411000 43 53 56
0.037879 -0.055898 0.411000 39 49 52
0.039036 -0.056034 0.412000 43 51 52
0.040199 -0.056170 0.413000 60 68 69
0.197017 -0.056442 0.415000 133 139 139
0.198090 -0.056442 0.415000 126 134 133
0.199162 -0.056442 0.415000 120 128 127
0.200235 -0.056442 0.415000 101 112 110
0.201308 -0.056442 0.415000 80 91 89
0.202381 -0.056442 0.415000 62 73 71
0.203454 -0.056442 0.415000 54 65 63
0.204526 -0.056442 0.415000 51 64 63
0.205599 -0.056442 0.415000 40 53 52
0.206672 -0.056442 0.415000 35 52 53
0.207745 -0.056442 0.415000 31 48 49
0.208817 -0.056442 0.415000 26 41 40
0.209890 -0.056442 0.415000 36 51 50
0.210963 -0.056442 0.415000 40 55 54
0.212036 -0.056442 0.415000 34 49 48
0.213108 -0.056442 0.415000 36 51 48
0.214181 -0.056442 0.415000 36 51 48
0.215254 -0.056442 0.415000 37 52 49
0.216327 -0.056442 0.415000 38 53 50
0.217399 -0.056442 0.415000 37 52 51
0.218472 -0.056442 0.415000 36 51 50
0.219545 -0.056442 0.415000 34 52 50
0.220618 -0.056442 0.415000 34 52 50
0.221691 -0.056442 0.415000 34 51 52
0.222763 -0.056442 0.415000 32 49 50
0.223836 -0.056442 0.415000 29 46 51
0.224367 -0.056306 0.414000 31 48 53
0.225982 -0.056442 0.415000 35 51 59
0.227054 -0.056442 0.415000 36 52 60
0.228127 -0.056442 0.415000 35 51 59
0.229200 -0.056442 0.415000 34 50 58
0.230273 -0.056442 0.415000 35 48 57
0.230788 -0.056306 0.414000 34 47 56
0.231858 -0.056306 0.414000 34 48 54
0.232928 -0.056306 0.414000 27 41 47
0.233999 -0.056306 0.414000 24 38 44
0.235636 -0.056442 0.415000 23 37 43
0.236709 -0.056442 0.415000 20 37 42
0.237782 -0.056442 0.415000 25 42 47
0.238279 -0.056306 0.414000 28 45 48
0.239928 -0.056442 0.415000 35 52 55
0.241000 -0.056442 0.415000 44 58 62
0.242073 -0.056442 0.415000 49 63 67
0.243146 -0.056442 0.415000 64 71 75
0.244219 -0.056442 0.415000 78 85 89
0.245291 -0.056442 0.415000 86 94 93
0.246364 -0.056442 0.415000 97 105 104
0.246841 -0.056306 0.414000 110 118 119
0.248510 -0.056442 0.415000 116 124 125
0.249582 -0.056442 0.415000 118 131 130
-0.080717 -0.056035 0.420000 153 146 138
-0.079632 -0.056035 0.420000 162 158 151
-0.078546 -0.056035 0.420000 196 192 185
-0.077460 -0.056035 0.420000 191 188 185
-0.076374 -0.056035 0.420000 163 160 157
-0.075289 -0.056035 0.420000 171 167 172
-0.074203 -0.056035 0.420000 175 171 176
-0.073117 -0.056035 0.420000 172 168 171
0.029523 -0.055101 0.413000 128 131 132
0.030516 -0.054968 0.412000 78 86 85
0.031505 -0.054834 0.411000 45 53 52
0.032567 -0.054834 0.411000 36 47 47
0.033548 -0.054701 0.410000 43 54 54
0.034607 -0.054701 0.410000 44 54 57
0.035667 -0.054701 0.410000 44 54 57
0.036727 -0.054701 0.410000 44 54 57
0.037787 -0.054701 0.410000 45 55 58
0.038847 -0.054701 0.410000 41 52 52
0.040004 -0.054834 0.411000 43 54 54
0.043507 -0.055234 0.414000 115 113 120
0.192262 -0.055234 0.414000 129 135 135
0.193332 -0.055234 0.414000 112 118 120
0.194402 -0.055234 0.414000 92 98 100
0.195472 -0.055234 0.414000 79 85 87
0.196542 -0.055234 0.414000 70 76 78
0.197612 -0.055234 0.414000 51 63 65
0.198683 -0.055234 0.414000 40 52 54
0.199753 -0.055234 0.414000 37 52 51
0.200823 -0.055234 0.414000 36 51 50
0.202381 -0.055368 0.415000 39 50 50
0.203454 -0.055368 0.415000 36 47 47
0.204526 -0.055368 0.415000 38 51 50
0.205599 -0.055368 0.415000 37 50 49
0.206672 -0.055368 0.415000 31 48 49
0.207745 -0.055368 0.415000 29 46 47
0.208817 -0.055368 0.415000 29 46 47
0.209890 -0.055368 0.415000 35 52 53
0.210963 -0.055368 0.415000 37 51 53
0.212036 -0.055368 0.415000 35 49 51
0.213108 -0.055368 0.415000 35 50 49
0.214181 -0.055368 0.415000 35 50 49
0.215254 -0.055368 0.415000 36 51 50
0.216327 -0.055368 0.415000 37 52 51
0.217399 -0.055368 0.415000 36 51 50
0.218472 -0.055368 0.415000 35 50 49
0.219545 -0.055368 0.415000 36 51 50
0.220618 -0.055368 0.415000 36 51 50
0.221691 -0.055368 0.415000 36 51 50
0.222227 -0.055234 0.414000 36 51 50
0.223836 -0.055368 0.415000 30 44 46
0.224367 -0.055234 0.414000 28 42 44
0.225437 -0.055234 0.414000 28 42 46
0.226507 -0.055234 0.414000 30 44 48
0.227577 -0.055234 0.414000 30 44 50
0.228648 -0.055234 0.414000 31 45 51
0.229718 -0.055234 0.414000 33 45 51
0.230788 -0.055234 0.414000 35 47 53
0.231858 -0.055234 0.414000 42 54 56
0.232928 -0.055234 0.414000 52 64 66
0.233999 -0.055234 0.414000 65 76 76
0.235069 -0.055234 0.414000 77 88 88
0.236139 -0.055234 0.414000 87 100 99
0.237782 -0.055368 0.415000 97 110 109
-0.081803 -0.054948 0.420000 152 145 137
-0.080717 -0.054948 0.420000 170 163 155
-0.079632 -0.054948 0.420000 198 196 188
-0.078359 -0.054817 0.419000 189 187 179
-0.077276 -0.054817 0.419000 170 170 166
-0.076374 -0.054948 0.420000 170 170 166
-0.075289 -0.054948 0.420000 172 171 175
-0.074203 -0.054948 0.420000 173 172 176
0.031505 -0.053770 0.411000 117 125 124
0.032567 -0.053770 0.411000 72 78 78
0.033629 -0.053770 0.411000 44 50 50
0.034607 -0.053640 0.410000 44 49 54
0.035667 -0.053640 0.410000 48 53 58
0.036727 -0.053640 0.410000 47 57 62
0.037787 -0.053640 0.410000 45 55 60
0.038847 -0.053640 0.410000 44 55 55
0.039907 -0.053640 0.410000 45 56 56
0.040966 -0.053640 0.410000 45 56 56
0.042129 -0.053770 0.411000 39 50 50
0.044469 -0.054032 0.413000 84 86 94
0.045647 -0.054163 0.414000 121 123 129
0.187981 -0.054163 0.414000 123 131 132
0.189051 -0.054163 0.414000 109 112 115
0.190121 -0.054163 0.414000 93 96 99
0.191191 -0.054163 0.414000 72 79 83
0.192262 -0.054163 0.414000 55 62 66
0.193332 -0.054163 0.414000 40 51 51
0.194402 -0.054163 0.414000 38 49 49
0.195472 -0.054163 0.414000 42 50 51
0.196542 -0.054163 0.414000 36 44 45
0.197612 -0.054163 0.414000 32 45 44
0.198683 -0.054163 0.414000 38 51 50
0.199753 -0.054163 0.414000 41 56 55
0.200823 -0.054163 0.414000 40 55 54
0.201893 -0.054163 0.414000 37 52 51
0.203454 -0.054294 0.415000 35 50 49
0.204526 -0.054294 0.415000 37 51 53
0.205599 -0.054294 0.415000 35 49 51
0.206672 -0.054294 0.415000 36 50 52
0.207745 -0.054294 0.415000 35 49 51
0.208817 -0.054294 0.415000 34 48 50
0.209890 -0.054294 0.415000 34 48 50
0.210963 -0.054294 0.415000 34 49 48
0.212036 -0.054294 0.415000 34 49 48
0.213108 -0.054294 0.415000 34 49 48
0.214181 -0.054294 0.415000 34 49 48
0.215254 -0.054294 0.415000 35 48 47
0.216327 -0.054294 0.415000 36 49 48
0.217399 -0.054294 0.415000 37 50 49
0.218472 -0.054294 0.415000 37 50 49
0.219545 -0.054294 0.415000 35 50 47
0.220618 -0.054294 0.415000 29 44 41
0.221691 -0.054294 0.415000 29 44 41
0.222763 -0.054294 0.415000 33 48 45
0.223297 -0.054163 0.414000 38 51 48
0.224367 -0.054163 0.414000 45 58 55
0.225437 -0.054163 0.414000 53 66 65
0.226507 -0.054163 0.414000 63 76 75
0.227577 -0.054163 0.414000 72 84 86
0.228648 -0.054163 0.414000 82 94 96
0.229718 -0.054163 0.414000 101 113 117
0.230788 -0.054163 0.414000 120 132 136
-0.082691 -0.053732 0.419000 154 143 136
-0.081608 -0.053732 0.419000 170 163 157
-0.080525 -0.053732 0.419000 209 202 196
-0.079442 -0.053732 0.419000 187 187 181
-0.078359 -0.053732 0.419000 170 170 164
-0.077276 -0.053732 0.419000 172 172 172
-0.076193 -0.053732 0.419000 171 171 171
-0.075289 -0.053861 0.420000 168 168 170
0.033629 -0.052706 0.411000 115 115 119
0.034607 -0.052578 0.410000 63 65 71
0.035667 -0.052578 0.410000 48 50 56
0.036727 -0.052578 0.410000 47 52 57
0.037787 -0.052578 0.410000 48 53 58
0.038847 -0.052578 0.410000 45 55 58
0.039907 -0.052578 0.410000 43 53 56
0.040966 -0.052578 0.410000 44 55 55
0.042026 -0.052578 0.410000 45 56 56
0.043191 -0.052706 0.411000 39 49 54
0.045426 -0.052835 0.412000 54 59 68
0.046604 -0.052963 0.413000 77 82 91
0.048975 -0.053219 0.415000 146 154 155
0.184144 -0.053219 0.415000 112 118 118
0.185217 -0.053219 0.415000 88 96 97
0.185840 -0.053091 0.414000 62 70 71
0.186911 -0.053091 0.414000 47 54 60
0.187981 -0.053091 0.414000 40 47 53
0.189051 -0.053091 0.414000 40 45 52
0.190121 -0.053091 0.414000 36 41 48
0.191191 -0.053091 0.414000 33 40 46
0.192262 -0.053091 0.414000 34 41 47
0.193332 -0.053091 0.414000 36 48 50
0.194402 -0.053091 0.414000 36 48 50
0.195472 -0.053091 0.414000 36 48 50
0.196542 -0.053091 0.414000 35 47 49
0.197612 -0.053091 0.414000 29 43 45
0.198683 -0.053091 0.414000 35 49 51
0.199753 -0.053091 0.414000 40 54 56
0.200823 -0.053091 0.414000 36 50 52
0.201893 -0.053091 0.414000 37 52 51
0.202963 -0.053091 0.414000 35 50 49
0.204033 -0.053091 0.414000 37 52 51
0.205104 -0.053091 0.414000 34 49 48
0.206672 -0.053219 0.415000 34 49 48
0.207745 -0.053219 0.415000 35 50 49
0.208817 -0.053219 0.415000 35 48 47
0.209890 -0.053219 0.415000 36 49 48
0.210963 -0.053219 0.415000 33 48 47
0.212036 -0.053219 0.415000 34 49 48
0.213108 -0.053219 0.415000 31 46 45
0.214181 -0.053219 0.415000 30 45 44
0.215254 -0.053219 0.415000 39 47 46
0.216327 -0.053219 0.415000 41 49 48
0.217399 -0.053219 0.415000 45 56 54
0.218472 -0.053219 0.415000 52 63 61
0.219016 -0.053091 0.414000 57 72 69
0.220086 -0.053091 0.414000 76 91 88
0.221156 -0.053091 0.414000 102 117 114
0.222227 -0.053091 0.414000 114 129 126
0.223297 -0.053091 0.414000 120 135 130
-0.084857 -0.052648 0.419000 156 145 138
-0.083774 -0.052648 0.419000 155 141 137
-0.082691 -0.052648 0.419000 173 159 155
-0.081608 -0.052648 0.419000 198 193 189
-0.080525 -0.052648 0.419000 180 175 171
-0.079442 -0.052648 0.419000 167 167 163
-0.078359 -0.052648 0.419000 169 169 165
-0.077276 -0.052648 0.419000 172 171 171
-0.076193 -0.052648 0.419000 172 171 171
0.035667 -0.051517 0.410000 104 103 110
0.036727 -0.051517 0.410000 60 59 68
0.037787 -0.051517 0.410000 44 43 52
0.038847 -0.051517 0.410000 41 48 52
0.039809 -0.051391 0.409000 43 50 54
0.040867 -0.051391 0.409000 42 54 56
0.042026 -0.051517 0.410000 43 55 57
0.043086 -0.051517 0.410000 40 52 56
0.044146 -0.051517 0.410000 42 54 58
0.047556 -0.051768 0.412000 52 62 65
0.048739 -0.051894 0.413000 84 94 97
0.049928 -0.052020 0.414000 127 135 134
0.051121 -0.052145 0.415000 147 155 154
0.179853 -0.052145 0.415000 103 109 109
0.180925 -0.052145 0.415000 79 92 91
0.181998 -0.052145 0.415000 66 79 78
0.183071 -0.052145 0.415000 55 66 66
0.184144 -0.052145 0.415000 43 54 54
0.184770 -0.052020 0.414000 34 44 47
0.185840 -0.052020 0.414000 30 40 43
0.186911 -0.052020 0.414000 33 43 50
0.187981 -0.052020 0.414000 38 48 55
0.189051 -0.052020 0.414000 37 47 54
0.190121 -0.052020 0.414000 36 46 53
0.190729 -0.051894 0.413000 38 48 53
0.192262 -0.052020 0.414000 34 44 49
0.192865 -0.051894 0.413000 37 49 53
0.193932 -0.051894 0.413000 38 50 54
0.195000 -0.051894 0.413000 37 49 53
0.196067 -0.051894 0.413000 38 50 54
0.197135 -0.051894 0.413000 36 48 52
0.198203 -0.051894 0.413000 36 48 52
0.199270 -0.051894 0.413000 35 52 55
0.200823 -0.052020 0.414000 33 50 53
0.201893 -0.052020 0.414000 35 52 53
0.202963 -0.052020 0.414000 35 52 53
0.204033 -0.052020 0.414000 37 51 53
0.205104 -0.052020 0.414000 31 45 47
0.206174 -0.052020 0.414000 34 45 45
0.207745 -0.052145 0.415000 32 43 43
0.208817 -0.052145 0.415000 32 43 43
0.209890 -0.052145 0.415000 34 45 45
0.210963 -0.052145 0.415000 42 57 56
0.212036 -0.052145 0.415000 62 77 76
0.213108 -0.052145 0.415000 79 94 93
0.214181 -0.052145 0.415000 83 98 97
0.214735 -0.052020 0.414000 104 112 111
-0.085941 -0.051563 0.419000 157 143 139
-0.084857 -0.051563 0.419000 151 137 133
-0.083774 -0.051563 0.419000 175 164 159
-0.082691 -0.051563 0.419000 205 194 189
-0.081608 -0.051563 0.419000 169 169 163
-0.080525 -0.051563 0.419000 166 166 160
-0.079442 -0.051563 0.419000 172 172 168
-0.078359 -0.051563 0.419000 172 172 168
-0.077276 -0.051563 0.419000 167 167 167
0.036727 -0.050456 0.410000 133 132 136
0.037787 -0.050456 0.410000 90 89 93
0.038847 -0.050456 0.410000 48 53 58
0.039907 -0.050456 0.410000 39 44 49
0.040867 -0.050333 0.409000 41 51 54
0.041924 -0.050333 0.409000 43 53 56
0.042981 -0.050333 0.409000 40 52 56
0.044038 -0.050333 0.409000 40 52 56
0.045206 -0.050456 0.410000 43 55 59
0.049686 -0.050702 0.412000 61 73 75
0.050875 -0.050825 0.413000 94 106 108
0.051942 -0.050825 0.413000 137 145 146
0.053138 -0.050948 0.414000 150 158 159
0.174489 -0.051071 0.415000 119 125 125
0.175562 -0.051071 0.415000 104 110 110
0.176634 -0.051071 0.415000 77 83 85
0.177707 -0.051071 0.415000 58 64 66
0.178780 -0.051071 0.415000 45 53 54
0.179853 -0.051071 0.415000 38 46 47
0.180925 -0.051071 0.415000 30 44 46
0.181998 -0.051071 0.415000 33 47 49
0.182630 -0.050948 0.414000 29 46 47
0.183700 -0.050948 0.414000 27 44 45
0.184770 -0.050948 0.414000 25 42 43
0.185840 -0.050948 0.414000 27 44 45
0.186911 -0.050948 0.414000 29 43 47
0.187981 -0.050948 0.414000 29 43 47
0.188594 -0.050825 0.413000 33 45 51
0.189662 -0.050825 0.413000 35 47 53
0.190729 -0.050825 0.413000 36 48 54
0.191797 -0.050825 0.413000 31 43 49
0.192865 -0.050825 0.413000 35 47 51
0.193932 -0.050825 0.413000 39 51 55
0.195000 -0.050825 0.413000 40 52 56
0.196067 -0.050825 0.413000 39 51 55
0.197135 -0.050825 0.413000 35 47 51
0.198203 -0.050825 0.413000 32 44 48
0.199270 -0.050825 0.413000 31 43 47
0.200823 -0.050948 0.414000 26 38 42
0.201893 -0.050948 0.414000 27 41 45
0.202963 -0.050948 0.414000 31 45 49
0.204033 -0.050948 0.414000 44 56 58
0.205104 -0.050948 0.414000 56 68 70
0.206174 -0.050948 0.414000 69 77 78
0.207244 -0.050948 0.414000 88 96 97
0.208314 -0.050948 0.414000 104 112 113
0.209384 -0.050948 0.414000 114 122 123
-0.087024 -0.050479 0.419000 149 142 134
-0.085941 -0.050479 0.419000 150 136 130
-0.084857 -0.050479 0.419000 184 170 164
-0.083774 -0.050479 0.419000 206 196 194
-0.082691 -0.050479 0.419000 174 164 162
-0.081608 -0.050479 0.419000 160 159 159
-0.080525 -0.050479 0.419000 176 175 175
-0.079442 -0.050479 0.419000 172 171 171
-0.078359 -0.050479 0.419000 167 166 166
0.038847 -0.049394 0.410000 128 128 132
0.039907 -0.049394 0.410000 84 84 88
0.040867 -0.049274 0.409000 47 52 57
0.041924 -0.049274 0.409000 36 41 46
0.042981 -0.049274 0.409000 42 54 58
0.044038 -0.049274 0.409000 42 54 58
0.045096 -0.049274 0.409000 38 52 56
0.047210 -0.049274 0.409000 35 49 53
0.048385 -0.049394 0.410000 36 50 54
0.051691 -0.049515 0.411000 66 78 84
0.052753 -0.049515 0.411000 92 104 110
0.054077 -0.049756 0.413000 140 145 150
0.055278 -0.049876 0.414000 150 155 160
0.169125 -0.049997 0.415000 135 138 141
0.170198 -0.049997 0.415000 115 121 121
0.171271 -0.049997 0.415000 100 106 106
0.172343 -0.049997 0.415000 86 92 92
0.173416 -0.049997 0.415000 70 76 76
0.174489 -0.049997 0.415000 50 58 59
0.175562 -0.049997 0.415000 43 51 52
0.176634 -0.049997 0.415000 39 46 50
0.177707 -0.049997 0.415000 38 45 49
0.178780 -0.049997 0.415000 32 45 44
0.179853 -0.049997 0.415000 35 48 47
0.180925 -0.049997 0.415000 29 47 45
0.181560 -0.049876 0.414000 31 49 47
0.182630 -0.049876 0.414000 28 47 47
0.183700 -0.049876 0.414000 30 49 49
0.184770 -0.049876 0.414000 30 49 49
0.185840 -0.049876 0.414000 30 49 49
0.186911 -0.049876 0.414000 28 45 46
0.187527 -0.049756 0.413000 28 45 46
0.188594 -0.049756 0.413000 31 45 49
0.189662 -0.049756 0.413000 33 47 51
0.190729 -0.049756 0.413000 32 44 48
0.191797 -0.049756 0.413000 31 43 47
0.192865 -0.049756 0.413000 29 41 45
0.193932 -0.049756 0.413000 26 38 42
0.195000 -0.049756 0.413000 26 38 42
0.196067 -0.049756 0.413000 31 43 47
0.197135 -0.049756 0.413000 33 45 49
0.198203 -0.049756 0.413000 38 50 54
0.199270 -0.049756 0.413000 61 68 72
0.200338 -0.049756 0.413000 83 90 94
0.201405 -0.049756 0.413000 101 111 114
0.202963 -0.049876 0.414000 108 118 121
-0.088107 -0.049394 0.419000 149 140 133
-0.087024 -0.049394 0.419000 156 147 140
-0.085941 -0.049394 0.419000 192 181 176
-0.084857 -0.049394 0.419000 197 186 181
-0.083774 -0.049394 0.419000 175 167 166
-0.082691 -0.049394 0.419000 172 164 163
-0.081608 -0.049394 0.419000 172 171 171
-0.080525 -0.049394 0.419000 172 171 171
0.040966 -0.048333 0.410000 121 121 123
0.041924 -0.048215 0.409000 73 73 75
0.042981 -0.048215 0.409000 37 42 47
0.043931 -0.048097 0.408000 37 42 47
0.044875 -0.047979 0.407000 40 52 56
0.047095 -0.048097 0.408000 38 55 58
0.048149 -0.048097 0.408000 39 56 59
0.049325 -0.048215 0.409000 41 58 61
0.052625 -0.048333 0.410000 45 56 65
0.053685 -0.048333 0.410000 61 71 78
0.054878 -0.048451 0.411000 102 112 119
0.056076 -0.048569 0.412000 144 146 152
0.164834 -0.048922 0.415000 122 133 131
0.165907 -0.048922 0.415000 105 116 116
0.166980 -0.048922 0.415000 89 100 100
0.168052 -0.048922 0.415000 66 77 75
0.169125 -0.048922 0.415000 51 62 60
0.170198 -0.048922 0.415000 46 54 53
0.171271 -0.048922 0.415000 47 55 54
0.172343 -0.048922 0.415000 36 44 45
0.173416 -0.048922 0.415000 36 44 45
0.174489 -0.048922 0.415000 38 46 47
0.175562 -0.048922 0.415000 38 46 47
0.176634 -0.048922 0.415000 36 47 47
0.177707 -0.048922 0.415000 39 50 50
0.178780 -0.048922 0.415000 37 50 49
0.179419 -0.048805 0.414000 36 49 48
0.180490 -0.048805 0.414000 33 46 45
0.181560 -0.048805 0.414000 33 46 45
0.182630 -0.048805 0.414000 31 46 45
0.183700 -0.048805 0.414000 33 48 47
0.184770 -0.048805 0.414000 29 46 47
0.185840 -0.048805 0.414000 32 49 50
0.186911 -0.048805 0.414000 28 45 48
0.187527 -0.048687 0.413000 28 45 48
0.188594 -0.048687 0.413000 32 44 48
0.189662 -0.048687 0.413000 31 43 47
0.190729 -0.048687 0.413000 32 42 47
0.191797 -0.048687 0.413000 33 43 48
0.192865 -0.048687 0.413000 44 56 58
0.193932 -0.048687 0.413000 66 78 80
0.195000 -0.048687 0.413000 83 93 98
0.196067 -0.048687 0.413000 96 106 111
-0.089190 -0.048309 0.419000 149 140 135
-0.088107 -0.048309 0.419000 157 150 142
-0.087024 -0.048309 0.419000 195 188 180
-0.085941 -0.048309 0.419000 187 182 178
-0.084857 -0.048309 0.419000 168 163 159
-0.083774 -0.048309 0.419000 175 169 171
-0.082691 -0.048309 0.419000 178 172 174
-0.081608 -0.048309 0.419000 173 172 172
0.042981 -0.047156 0.409000 102 105 106
0.043823 -0.046926 0.407000 60 63 64
0.044875 -0.046926 0.407000 39 46 50
0.045927 -0.046926 0.407000 43 50 54
0.046979 -0.046926 0.407000 40 54 60
0.048031 -0.046926 0.407000 38 52 58
0.049083 -0.046926 0.407000 35 49 55
0.051313 -0.047041 0.408000 45 56 65
0.052496 -0.047156 0.409000 43 54 63
0.053554 -0.047156 0.409000 50 57 65
0.055804 -0.047272 0.410000 77 82 87
0.057003 -0.047387 0.411000 111 116 121
0.058065 -0.047387 0.411000 142 148 150
0.159086 -0.047733 0.414000 133 139 141
0.160156 -0.047733 0.414000 124 130 132
0.161616 -0.047848 0.415000 106 114 115
0.162688 -0.047848 0.415000 82 90 91
0.163761 -0.047848 0.415000 56 68 72
0.164834 -0.047848 0.415000 46 58 62
0.165907 -0.047848 0.415000 41 56 55
0.166980 -0.047848 0.415000 35 50 49
0.168052 -0.047848 0.415000 33 46 43
0.169125 -0.047848 0.415000 33 46 43
0.170198 -0.047848 0.415000 32 45 42
0.171271 -0.047848 0.415000 36 49 46
0.172343 -0.047848 0.415000 33 46 43
0.173416 -0.047848 0.415000 37 50 47
0.174489 -0.047848 0.415000 35 48 47
0.175562 -0.047848 0.415000 35 48 47
0.176634 -0.047848 0.415000 33 46 45
0.177707 -0.047848 0.415000 33 46 45
0.178349 -0.047733 0.414000 35 48 47
0.179419 -0.047733 0.414000 35 48 47
0.180490 -0.047733 0.414000 33 46 45
0.181560 -0.047733 0.414000 33 46 45
0.182630 -0.047733 0.414000 30 44 46
0.183700 -0.047733 0.414000 29 43 45
0.184770 -0.047733 0.414000 24 38 40
0.185840 -0.047733 0.414000 22 36 38
0.186911 -0.047733 0.414000 26 40 44
0.187527 -0.047618 0.413000 35 49 53
0.188594 -0.047618 0.413000 52 62 65
0.189662 -0.047618 0.413000 66 76 79
0.190729 -0.047618 0.413000 89 99 102
0.191797 -0.047618 0.413000 110 120 123
-0.090273 -0.047225 0.419000 146 139 133
-0.089190 -0.047225 0.419000 157 150 144
-0.088107 -0.047225 0.419000 198 194 187
-0.087024 -0.047225 0.419000 189 185 178
-0.085941 -0.047225 0.419000 172 169 166
-0.084857 -0.047225 0.419000 174 171 168
-0.083774 -0.047225 0.419000 176 172 173
-0.082691 -0.047225 0.419000 171 167 168
0.044038 -0.046098 0.409000 136 139 140
0.044875 -0.045872 0.407000 96 102 104
0.045814 -0.045760 0.406000 54 60 62
0.046864 -0.045760 0.406000 32 44 50
0.047913 -0.045760 0.406000 36 48 54
0.048963 -0.045760 0.406000 39 51 57
0.050012 -0.045760 0.406000 38 50 56
0.051188 -0.045872 0.407000 46 53 61
0.052240 -0.045872 0.407000 47 54 62
0.053423 -0.045985 0.408000 48 55 63
0.055668 -0.046098 0.409000 51 56 63
0.060337 -0.046436 0.412000 146 154 155
0.155875 -0.046661 0.414000 129 129 129
0.156946 -0.046661 0.414000 105 108 111
0.158016 -0.046661 0.414000 78 81 84
0.159086 -0.046661 0.414000 58 68 73
0.160156 -0.046661 0.414000 52 62 67
0.161226 -0.046661 0.414000 46 56 59
0.162296 -0.046661 0.414000 43 53 56
0.163367 -0.046661 0.414000 37 51 53
0.164437 -0.046661 0.414000 35 49 51
0.165907 -0.046774 0.415000 35 52 53
0.166980 -0.046774 0.415000 34 51 52
0.168052 -0.046774 0.415000 32 52 47
0.169125 -0.046774 0.415000 32 52 47
0.170198 -0.046774 0.415000 34 52 46
0.171271 -0.046774 0.415000 31 49 43
0.172343 -0.046774 0.415000 30 45 42
0.173416 -0.046774 0.415000 30 45 42
0.174489 -0.046774 0.415000 30 45 42
0.175139 -0.046661 0.414000 33 48 45
0.176209 -0.046661 0.414000 31 46 43
0.177279 -0.046661 0.414000 31 46 43
0.178349 -0.046661 0.414000 31 46 45
0.179419 -0.046661 0.414000 24 39 38
0.180490 -0.046661 0.414000 23 37 39
0.181560 -0.046661 0.414000 24 38 40
0.182630 -0.046661 0.414000 29 41 45
0.183700 -0.046661 0.414000 33 45 49
0.184770 -0.046661 0.414000 52 66 70
0.185840 -0.046661 0.414000 80 94 98
0.186459 -0.046549 0.413000 101 113 117
-0.091574 -0.046250 0.420000 146 137 130
-0.090273 -0.046140 0.419000 159 152 146
-0.089190 -0.046140 0.419000 206 199 193
-0.088107 -0.046140 0.419000 183 180 175
-0.087024 -0.046140 0.419000 170 167 162
-0.085941 -0.046140 0.419000 173 172 172
-0.084857 -0.046140 0.419000 173 172 172
-0.083774 -0.046140 0.419000 169 168 168
0.045927 -0.044819 0.407000 131 134 137
0.046979 -0.044819 0.407000 82 92 95
0.047913 -0.044709 0.406000 41 51 54
0.048963 -0.044709 0.406000 36 42 53
0.050012 -0.044709 0.406000 38 44 55
0.051062 -0.044709 0.406000 48 52 64
0.052111 -0.044709 0.406000 49 53 65
0.053292 -0.044819 0.407000 49 51 61
0.054344 -0.044819 0.407000 48 50 60
0.056725 -0.045039 0.409000 51 56 65
0.060190 -0.045259 0.411000 88 95 101
0.061402 -0.045369 0.412000 120 127 133
0.062618 -0.045480 0.413000 149 152 153
0.151595 -0.045590 0.414000 124 127 126
0.152296 -0.045480 0.413000 107 107 109
0.153364 -0.045480 0.413000 88 88 90
0.154431 -0.045480 0.413000 72 74 80
0.155499 -0.045480 0.413000 64 66 72
0.156946 -0.045590 0.414000 50 57 61
0.158016 -0.045590 0.414000 35 42 46
0.159086 -0.045590 0.414000 33 43 48
0.160156 -0.045590 0.414000 36 46 51
0.161226 -0.045590 0.414000 36 48 52
0.162296 -0.045590 0.414000 37 49 53
0.163367 -0.045590 0.414000 31 48 51
0.164437 -0.045590 0.414000 32 49 52
0.165507 -0.045590 0.414000 31 48 49
0.166577 -0.045590 0.414000 31 48 49
0.167647 -0.045590 0.414000 28 48 45
0.168718 -0.045590 0.414000 30 50 47
0.169788 -0.045590 0.414000 32 52 49
0.170858 -0.045590 0.414000 30 50 47
0.171928 -0.045590 0.414000 28 46 44
0.172998 -0.045590 0.414000 29 47 45
0.174068 -0.045590 0.414000 28 46 44
0.175139 -0.045590 0.414000 26 44 42
0.176209 -0.045590 0.414000 24 42 40
0.177279 -0.045590 0.414000 21 39 37
0.178349 -0.045590 0.414000 28 42 44
0.179419 -0.045590 0.414000 43 57 59
0.180490 -0.045590 0.414000 67 79 83
0.181560 -0.045590 0.414000 90 102 106
0.182630 -0.045590 0.414000 101 113 117
-0.092439 -0.045056 0.419000 150 141 136
-0.091356 -0.045056 0.419000 171 162 157
-0.090273 -0.045056 0.419000 202 194 191
-0.089190 -0.045056 0.419000 186 178 175
-0.088107 -0.045056 0.419000 170 169 169
-0.087024 -0.045056 0.419000 176 175 175
-0.085941 -0.045056 0.419000 174 174 176
-0.084857 -0.045056 0.419000 167 167 169
0.047913 -0.043658 0.406000 121 127 129
0.048963 -0.043658 0.406000 77 82 89
0.050012 -0.043658 0.406000 43 48 55
0.051062 -0.043658 0.406000 47 45 59
0.052111 -0.043658 0.406000 51 49 63
0.053161 -0.043658 0.406000 51 50 61
0.054344 -0.043765 0.407000 51 50 61
0.055396 -0.043765 0.407000 48 50 58
0.056587 -0.043873 0.408000 45 47 55
0.058840 -0.043980 0.409000 47 54 60
0.060044 -0.044088 0.410000 49 56 62
0.061103 -0.044088 0.410000 63 70 76
0.062315 -0.044195 0.411000 89 95 97
0.063532 -0.044303 0.412000 121 127 129
0.064910 -0.044518 0.414000 148 151 152
0.146244 -0.044518 0.414000 127 130 131
0.146958 -0.044410 0.413000 112 115 116
0.148026 -0.044410 0.413000 89 95 97
0.149093 -0.044410 0.413000 71 77 79
0.150161 -0.044410 0.413000 53 61 62
0.151228 -0.044410 0.413000 45 53 54
0.152296 -0.044410 0.413000 42 47 52
0.153364 -0.044410 0.413000 41 46 51
0.154431 -0.044410 0.413000 43 50 56
0.155499 -0.044410 0.413000 40 47 53
0.156566 -0.044410 0.413000 36 46 51
0.158016 -0.044518 0.414000 38 48 53
0.159086 -0.044518 0.414000 36 48 52
0.160156 -0.044518 0.414000 37 49 53
0.161226 -0.044518 0.414000 33 47 51
0.162296 -0.044518 0.414000 33 47 51
0.163367 -0.044518 0.414000 33 47 51
0.164437 -0.044518 0.414000 33 47 51
0.165507 -0.044518 0.414000 28 45 48
0.166577 -0.044518 0.414000 29 46 49
0.167647 -0.044518 0.414000 27 46 46
0.168718 -0.044518 0.414000 25 44 44
0.169788 -0.044518 0.414000 27 45 43
0.170858 -0.044518 0.414000 29 47 45
0.171928 -0.044518 0.414000 22 40 38
0.172998 -0.044518 0.414000 25 43 41
0.174068 -0.044518 0.414000 35 52 53
0.175139 -0.044518 0.414000 50 67 68
0.176209 -0.044518 0.414000 73 87 89
0.177279 -0.044518 0.414000 91 105 107
-0.094605 -0.043971 0.419000 153 146 138
-0.093522 -0.043971 0.419000 146 139 131
-0.092439 -0.043971 0.419000 168 160 157
-0.091356 -0.043971 0.419000 198 190 187
-0.090273 -0.043971 0.419000 169 165 166
-0.089190 -0.043971 0.419000 174 170 171
-0.088107 -0.043971 0.419000 173 173 175
-0.087024 -0.043971 0.419000 173 173 175
-0.085941 -0.043971 0.419000 165 168 169
0.050135 -0.042712 0.407000 115 114 121
0.051062 -0.042607 0.406000 67 65 74
0.052111 -0.042607 0.406000 47 45 54
0.053161 -0.042607 0.406000 47 45 56
0.054210 -0.042607 0.406000 52 50 61
0.055396 -0.042712 0.407000 46 51 58
0.056448 -0.042712 0.407000 46 51 58
0.057641 -0.042817 0.408000 45 52 58
0.059897 -0.042922 0.409000 37 47 52
0.061103 -0.043027 0.410000 50 60 65
0.062163 -0.043027 0.410000 59 66 70
0.063377 -0.043132 0.411000 61 68 72
0.064597 -0.043236 0.412000 89 95 97
0.065821 -0.043341 0.413000 121 127 129
0.067050 -0.043446 0.414000 150 153 154
0.141620 -0.043341 0.413000 125 131 133
0.142688 -0.043341 0.413000 108 114 116
0.143755 -0.043341 0.413000 87 89 95
0.144823 -0.043341 0.413000 67 69 75
0.145891 -0.043341 0.413000 60 62 70
0.146958 -0.043341 0.413000 60 62 70
0.148026 -0.043341 0.413000 54 64 69
0.149093 -0.043341 0.413000 46 56 61
0.150161 -0.043341 0.413000 34 48 52
0.151228 -0.043341 0.413000 37 51 55
0.152296 -0.043341 0.413000 38 50 54
0.153364 -0.043341 0.413000 35 47 51
0.154431 -0.043341 0.413000 31 45 51
0.155499 -0.043341 0.413000 34 48 54
0.156566 -0.043341 0.413000 36 50 56
0.157634 -0.043341 0.413000 36 50 56
0.158702 -0.043341 0.413000 34 48 54
0.159769 -0.043341 0.413000 31 45 51
0.160837 -0.043341 0.413000 30 44 50
0.162296 -0.043446 0.414000 31 45 51
0.163367 -0.043446 0.414000 32 49 54
0.164437 -0.043446 0.414000 28 45 50
0.165507 -0.043446 0.414000 21 38 43
0.166577 -0.043446 0.414000 19 36 41
0.167647 -0.043446 0.414000 18 37 39
0.168718 -0.043446 0.414000 20 39 41
0.169788 -0.043446 0.414000 33 47 49
0.170858 -0.043446 0.414000 54 68 70
0.171928 -0.043446 0.414000 76 94 92
0.172998 -0.043446 0.414000 95 113 111
-0.095689 -0.042886 0.419000 150 143 135
-0.094605 -0.042886 0.419000 150 143 135
-0.093522 -0.042886 0.419000 187 180 172
-0.092439 -0.042886 0.419000 192 187 183
-0.091356 -0.042886 0.419000 173 168 164
-0.090273 -0.042886 0.419000 172 171 173
-0.089190 -0.042886 0.419000 174 173 175
-0.088107 -0.042886 0.419000 171 171 173
-0.087024 -0.042886 0.419000 167 167 169
0.052240 -0.041658 0.407000 105 104 108
0.053292 -0.041658 0.407000 63 61 68
0.054344 -0.041658 0.407000 44 42 49
0.055396 -0.041658 0.407000 45 44 51
0.056448 -0.041658 0.407000 48 47 54
0.057500 -0.041658 0.407000 44 49 56
0.058696 -0.041761 0.408000 47 52 59
0.060954 -0.041863 0.409000 43 50 54
0.062163 -0.041965 0.410000 49 56 60
0.063223 -0.041965 0.410000 52 59 63
0.064440 -0.042068 0.411000 48 53 58
0.065502 -0.042068 0.411000 54 59 64
0.066727 -0.042170 0.412000 79 85 87
0.067956 -0.042272 0.413000 121 127 129
0.069191 -0.042375 0.414000 149 152 151
0.070431 -0.042477 0.415000 150 153 152
0.136612 -0.042375 0.414000 134 138 133
0.137350 -0.042272 0.413000 121 124 123
0.138417 -0.042272 0.413000 105 108 107
0.139485 -0.042272 0.413000 87 93 95
0.140553 -0.042272 0.413000 68 74 76
0.141620 -0.042272 0.413000 50 55 62
0.142688 -0.042272 0.413000 42 47 54
0.143755 -0.042272 0.413000 43 48 57
0.144823 -0.042272 0.413000 48 53 62
0.145891 -0.042272 0.413000 47 52 61
0.146958 -0.042272 0.413000 43 48 57
0.148026 -0.042272 0.413000 41 51 56
0.149093 -0.042272 0.413000 40 50 55
0.150161 -0.042272 0.413000 36 50 54
0.151228 -0.042272 0.413000 36 50 54
0.152296 -0.042272 0.413000 34 48 52
0.153364 -0.042272 0.413000 34 48 52
0.154431 -0.042272 0.413000 33 47 51
0.155499 -0.042272 0.413000 31 45 49
0.156566 -0.042272 0.413000 33 47 51
0.157634 -0.042272 0.413000 33 47 51
0.158702 -0.042272 0.413000 30 44 50
0.159769 -0.042272 0.413000 27 41 47
0.160837 -0.042272 0.413000 26 40 46
0.161904 -0.042272 0.413000 27 41 47
0.162972 -0.042272 0.413000 26 40 44
0.164040 -0.042272 0.413000 27 41 45
0.165107 -0.042272 0.413000 33 52 54
0.166175 -0.042272 0.413000 52 71 73
0.167242 -0.042272 0.413000 72 89 92
0.168718 -0.042375 0.414000 96 113 116
-0.096772 -0.041802 0.419000 142 140 130
-0.095689 -0.041802 0.419000 149 147 137
-0.094605 -0.041802 0.419000 193 191 183
-0.093522 -0.041802 0.419000 192 190 182
-0.092439 -0.041802 0.419000 169 168 168
-0.091356 -0.041802 0.419000 172 171 171
-0.090273 -0.041802 0.419000 170 169 171
-0.089190 -0.041802 0.419000 174 173 175
-0.088107 -0.041802 0.419000 166 165 167
0.054477 -0.040704 0.408000 101 100 102
0.055532 -0.040704 0.408000 60 60 62
0.056587 -0.040704 0.408000 43 43 45
0.057641 -0.040704 0.408000 41 41 45
0.059897 -0.040804 0.409000 48 54 56
0.060954 -0.040804 0.409000 49 55 57
0.062012 -0.040804 0.409000 45 55 58
0.063069 -0.040804 0.409000 44 54 57
0.064283 -0.040904 0.410000 45 53 54
0.065343 -0.040904 0.410000 45 53 54
0.066565 -0.041004 0.411000 44 50 52
0.067627 -0.041004 0.411000 53 59 61
0.068689 -0.041004 0.411000 77 85 86
0.069922 -0.041104 0.412000 112 120 121
0.071159 -0.041203 0.413000 140 146 146
0.072401 -0.041303 0.414000 148 154 154
0.132331 -0.041303 0.414000 135 135 135
0.133402 -0.041303 0.414000 124 127 126
0.134147 -0.041203 0.413000 109 112 111
0.135215 -0.041203 0.413000 84 90 88
0.136282 -0.041203 0.413000 65 71 69
0.137350 -0.041203 0.413000 54 62 61
0.138417 -0.041203 0.413000 53 61 60
0.139485 -0.041203 0.413000 50 58 57
0.140553 -0.041203 0.413000 53 61 60
0.141620 -0.041203 0.413000 45 52 58
0.142688 -0.041203 0.413000 38 45 51
0.143755 -0.041203 0.413000 39 46 52
0.144823 -0.041203 0.413000 43 50 56
0.145891 -0.041203 0.413000 41 48 54
0.146958 -0.041203 0.413000 41 48 54
0.148026 -0.041203 0.413000 38 48 53
0.149093 -0.041203 0.413000 39 49 54
0.150161 -0.041203 0.413000 37 49 53
0.151228 -0.041203 0.413000 36 48 52
0.152296 -0.041203 0.413000 33 45 49
0.153364 -0.041203 0.413000 32 44 48
0.154431 -0.041203 0.413000 29 43 47
0.155499 -0.041203 0.413000 27 41 45
0.156566 -0.041203 0.413000 27 41 45
0.157634 -0.041203 0.413000 23 37 41
0.158702 -0.041203 0.413000 29 41 45
0.159769 -0.041203 0.413000 33 45 49
0.160837 -0.041203 0.413000 38 52 54
0.161904 -0.041203 0.413000 49 63 65
0.162972 -0.041203 0.413000 68 85 86
0.164040 -0.041203 0.413000 95 112 113
-0.097855 -0.040717 0.419000 144 140 129
-0.096772 -0.040717 0.419000 169 167 157
-0.095689 -0.040717 0.419000 196 194 184
-0.094605 -0.040717 0.419000 181 181 177
-0.093522 -0.040717 0.419000 176 176 172
-0.092439 -0.040717 0.419000 174 174 176
-0.091356 -0.040717 0.419000 175 175 177
-0.090273 -0.040717 0.419000 168 168 170
0.056725 -0.039746 0.409000 99 102 103
0.057783 -0.039746 0.409000 60 60 62
0.058840 -0.039746 0.409000 45 45 47
0.059751 -0.039648 0.408000 45 48 51
0.062012 -0.039746 0.409000 45 53 54
0.063069 -0.039746 0.409000 45 53 54
0.064283 -0.039843 0.410000 44 55 55
0.065343 -0.039843 0.410000 44 55 55
0.066403 -0.039843 0.410000 46 54 55
0.068522 -0.039843 0.410000 45 57 59
0.069752 -0.039940 0.411000 54 66 68
0.070814 -0.039940 0.411000 69 77 76
0.071877 -0.039940 0.411000 98 106 105
0.073117 -0.040037 0.412000 137 137 137
0.074362 -0.040134 0.413000 154 154 154
0.126674 -0.040134 0.413000 143 143 139
0.127432 -0.040037 0.412000 130 130 126
0.128809 -0.040134 0.413000 105 105 101
0.129877 -0.040134 0.413000 82 82 78
0.130944 -0.040134 0.413000 66 69 72
0.132012 -0.040134 0.413000 60 63 66
0.132757 -0.040037 0.412000 55 62 66
0.133822 -0.040037 0.412000 49 56 60
0.135215 -0.040134 0.413000 46 57 55
0.136282 -0.040134 0.413000 50 61 59
0.137017 -0.040037 0.412000 42 55 52
0.138082 -0.040037 0.412000 45 58 55
0.139147 -0.040037 0.412000 35 48 47
0.140212 -0.040037 0.412000 40 53 52
0.141277 -0.040037 0.412000 40 52 54
0.142342 -0.040037 0.412000 39 51 53
0.143407 -0.040037 0.412000 38 50 52
0.144823 -0.040134 0.413000 37 49 51
0.145891 -0.040134 0.413000 37 47 52
0.146958 -0.040134 0.413000 38 48 53
0.148026 -0.040134 0.413000 34 44 49
0.149093 -0.040134 0.413000 34 44 49
0.150161 -0.040134 0.413000 37 49 53
0.151228 -0.040134 0.413000 36 48 52
0.152296 -0.040134 0.413000 30 42 46
0.153364 -0.040134 0.413000 28 40 44
0.154431 -0.040134 0.413000 27 41 45
0.155499 -0.040134 0.413000 30 44 48
0.156566 -0.040134 0.413000 38 52 58
0.157634 -0.040134 0.413000 62 76 82
0.158702 -0.040134 0.413000 95 107 111
0.159769 -0.040134 0.413000 111 123 127
-0.100021 -0.039633 0.419000 153 146 140
-0.098938 -0.039633 0.419000 147 143 136
-0.097855 -0.039633 0.419000 170 166 159
-0.096772 -0.039633 0.419000 198 198 192
-0.095689 -0.039633 0.419000 173 173 167
-0.094605 -0.039633 0.419000 168 168 168
-0.093522 -0.039633 0.419000 175 175 175
-0.092439 -0.039633 0.419000 174 174 176
-0.091356 -0.039633 0.419000 171 171 173
0.058840 -0.038687 0.409000 92 95 98
0.059897 -0.038687 0.409000 52 51 58
0.060954 -0.038687 0.409000 44 43 50
0.062012 -0.038687 0.409000 43 48 53
0.063069 -0.038687 0.409000 46 51 56
0.064126 -0.038687 0.409000 43 56 55
0.065183 -0.038687 0.409000 42 55 54
0.066403 -0.038781 0.410000 42 55 54
0.067462 -0.038781 0.410000 43 56 55
0.068522 -0.038781 0.410000 42 55 54
0.069582 -0.038781 0.410000 43 56 55
0.070642 -0.038781 0.410000 44 57 56
0.071702 -0.038781 0.410000 42 55 54
0.072939 -0.038876 0.411000 54 60 58
0.074002 -0.038876 0.411000 82 88 86
0.075064 -0.038876 0.411000 121 122 118
0.076126 -0.038876 0.411000 147 148 144
0.122107 -0.038971 0.412000 139 140 136
0.123172 -0.038971 0.412000 122 123 119
0.123936 -0.038876 0.411000 102 103 99
0.124998 -0.038876 0.411000 87 88 84
0.126060 -0.038876 0.411000 76 76 76
0.127123 -0.038876 0.411000 67 67 67
0.128497 -0.038971 0.412000 56 59 60
0.129248 -0.038876 0.411000 49 52 53
0.130310 -0.038876 0.411000 40 50 55
0.131692 -0.038971 0.412000 41 51 56
0.132757 -0.038971 0.412000 38 52 56
0.133822 -0.038971 0.412000 38 52 56
0.134887 -0.038971 0.412000 35 52 53
0.135952 -0.038971 0.412000 35 52 53
0.137017 -0.038971 0.412000 36 53 54
0.138082 -0.038971 0.412000 36 53 54
0.139147 -0.038971 0.412000 33 50 51
0.140212 -0.038971 0.412000 33 50 51
0.141277 -0.038971 0.412000 38 52 54
0.142342 -0.038971 0.412000 36 50 52
0.143755 -0.039065 0.413000 34 48 52
0.144823 -0.039065 0.413000 34 48 52
0.145891 -0.039065 0.413000 33 45 49
0.146958 -0.039065 0.413000 32 44 48
0.148026 -0.039065 0.413000 24 36 40
0.149093 -0.039065 0.413000 24 36 40
0.150161 -0.039065 0.413000 24 38 42
0.151228 -0.039065 0.413000 31 45 49
0.152296 -0.039065 0.413000 49 63 67
0.153364 -0.039065 0.413000 71 85 89
0.154431 -0.039065 0.413000 92 106 110
-0.100863 -0.038456 0.418000 152 144 141
-0.098938 -0.038548 0.419000 171 166 162
-0.097855 -0.038548 0.419000 198 193 189
-0.096772 -0.038548 0.419000 179 178 178
-0.095689 -0.038548 0.419000 172 171 171
-0.094605 -0.038548 0.419000 172 175 176
-0.093522 -0.038548 0.419000 173 176 177
-0.092439 -0.038548 0.419000 165 168 171
0.061103 -0.037720 0.410000 90 89 93
0.062163 -0.037720 0.410000 50 55 60
0.063069 -0.037628 0.409000 40 45 50
0.064126 -0.037628 0.409000 38 50 52
0.065183 -0.037628 0.409000 42 54 56
0.066241 -0.037628 0.409000 42 55 54
0.067298 -0.037628 0.409000 43 56 55
0.068355 -0.037628 0.409000 41 56 55
0.069412 -0.037628 0.409000 42 57 56
0.071702 -0.037720 0.410000 37 52 51
0.072762 -0.037720 0.410000 39 47 46
0.073822 -0.037720 0.410000 42 50 49
0.074881 -0.037720 0.410000 58 58 58
0.075941 -0.037720 0.410000 76 76 76
0.077001 -0.037720 0.410000 99 103 98
0.078061 -0.037720 0.410000 128 132 127
0.079121 -0.037720 0.410000 147 150 149
0.080376 -0.037812 0.411000 152 155 154
0.117847 -0.037904 0.412000 126 129 130
0.118912 -0.037904 0.412000 112 115 116
0.119977 -0.037904 0.412000 86 94 95
0.120748 -0.037812 0.411000 68 76 77
0.121811 -0.037812 0.411000 60 60 62
0.122873 -0.037812 0.411000 54 54 56
0.123936 -0.037812 0.411000 51 51 53
0.124998 -0.037812 0.411000 48 48 50
0.126060 -0.037812 0.411000 47 53 53
0.127123 -0.037812 0.411000 54 60 60
0.128185 -0.037812 0.411000 38 45 49
0.129248 -0.037812 0.411000 35 42 46
0.130310 -0.037812 0.411000 37 49 53
0.131373 -0.037812 0.411000 38 50 54
0.132757 -0.037904 0.412000 35 52 55
0.133822 -0.037904 0.412000 36 53 56
0.134887 -0.037904 0.412000 37 56 58
0.135952 -0.037904 0.412000 32 51 53
0.137017 -0.037904 0.412000 32 51 53
0.138082 -0.037904 0.412000 30 49 51
0.139147 -0.037904 0.412000 29 46 49
0.140212 -0.037904 0.412000 29 46 49
0.141277 -0.037904 0.412000 31 48 51
0.142342 -0.037904 0.412000 31 48 51
0.143407 -0.037904 0.412000 28 40 44
0.144472 -0.037904 0.412000 28 40 44
0.145891 -0.037996 0.413000 32 42 45
0.146958 -0.037996 0.413000 40 50 53
0.148026 -0.037996 0.413000 55 65 68
0.149093 -0.037996 0.413000 76 86 89
0.150161 -0.037996 0.413000 102 114 116
-0.101943 -0.037374 0.418000 150 142 139
-0.100863 -0.037374 0.418000 147 137 137
-0.099782 -0.037374 0.418000 175 165 165
-0.098702 -0.037374 0.418000 196 192 193
-0.097621 -0.037374 0.418000 176 172 173
-0.096541 -0.037374 0.418000 171 171 171
-0.095460 -0.037374 0.418000 175 175 175
-0.094380 -0.037374 0.418000 169 175 175
-0.093299 -0.037374 0.418000 160 166 166
0.062163 -0.036659 0.410000 127 133 133
0.063223 -0.036659 0.410000 87 93 93
0.064283 -0.036659 0.410000 50 63 62
0.065343 -0.036659 0.410000 37 50 49
0.066241 -0.036569 0.409000 39 51 53
0.067298 -0.036569 0.409000 46 58 60
0.068188 -0.036480 0.408000 41 55 57
0.069243 -0.036480 0.408000 41 55 57
0.070297 -0.036480 0.408000 42 57 56
0.071527 -0.036569 0.409000 41 56 55
0.072407 -0.036480 0.408000 44 55 53
0.073641 -0.036569 0.409000 44 55 53
0.081240 -0.036659 0.410000 119 130 130
0.082300 -0.036659 0.410000 138 149 149
0.083360 -0.036659 0.410000 149 155 157
0.085688 -0.036748 0.411000 148 154 154
0.110928 -0.037016 0.414000 141 149 146
0.111727 -0.036927 0.413000 136 142 142
0.112795 -0.036927 0.413000 124 130 130
0.113863 -0.036927 0.413000 104 110 112
0.114652 -0.036838 0.412000 89 95 97
0.115717 -0.036838 0.412000 77 83 85
0.116782 -0.036838 0.412000 64 70 72
0.117847 -0.036838 0.412000 54 65 65
0.118623 -0.036748 0.411000 54 65 65
0.119686 -0.036748 0.411000 53 63 66
0.120748 -0.036748 0.411000 51 61 64
0.121811 -0.036748 0.411000 47 55 56
0.122873 -0.036748 0.411000 49 57 58
0.123936 -0.036748 0.411000 48 54 56
0.124998 -0.036748 0.411000 46 52 54
0.126060 -0.036748 0.411000 47 55 56
0.127123 -0.036748 0.411000 46 54 55
0.128185 -0.036748 0.411000 38 48 51
0.129248 -0.036748 0.411000 38 48 51
0.130310 -0.036748 0.411000 39 51 53
0.131373 -0.036748 0.411000 37 49 51
0.132435 -0.036748 0.411000 34 48 50
0.133497 -0.036748 0.411000 35 49 51
0.134887 -0.036838 0.412000 35 52 55
0.135952 -0.036838 0.412000 33 50 53
0.137017 -0.036838 0.412000 31 48 51
0.138082 -0.036838 0.412000 25 42 45
0.139147 -0.036838 0.412000 28 40 44
0.140212 -0.036838 0.412000 28 40 44
0.141277 -0.036838 0.412000 38 45 49
0.142342 -0.036838 0.412000 52 59 63
0.143407 -0.036838 0.412000 71 73 79
0.144472 -0.036838 0.412000 89 91 97
0.145891 -0.036927 0.413000 106 112 114
-0.102777 -0.036205 0.417000 155 147 144
-0.101699 -0.036205 0.417000 159 151 148
-0.100863 -0.036292 0.418000 185 180 178
-0.099782 -0.036292 0.418000 192 187 185
-0.098702 -0.036292 0.418000 177 176 176
-0.097621 -0.036292 0.418000 173 172 172
-0.096541 -0.036292 0.418000 179 179 179
-0.095460 -0.036292 0.418000 179 179 179
-0.094380 -0.036292 0.418000 165 165 165
0.067298 -0.035511 0.409000 39 50 50
0.068188 -0.035424 0.408000 37 51 53
0.069073 -0.035337 0.407000 42 56 58
0.070125 -0.035337 0.407000 45 57 59
0.071177 -0.035337 0.407000 46 58 60
0.072229 -0.035337 0.407000 44 55 55
0.073101 -0.035250 0.406000 41 52 52
0.074151 -0.035250 0.406000 43 51 52
0.078542 -0.035337 0.407000 43 54 54
0.079789 -0.035424 0.408000 41 52 52
0.080844 -0.035424 0.408000 43 53 56
0.082100 -0.035511 0.409000 53 63 66
0.083360 -0.035598 0.410000 72 79 83
0.084420 -0.035598 0.410000 93 100 104
0.085480 -0.035598 0.410000 109 117 118
0.087813 -0.035684 0.411000 133 144 144
0.088876 -0.035684 0.411000 144 155 155
0.090157 -0.035771 0.412000 146 157 157
0.091443 -0.035858 0.413000 147 158 158
0.092511 -0.035858 0.413000 147 155 154
0.099395 -0.036032 0.415000 149 152 151
0.100468 -0.036032 0.415000 148 151 150
0.101296 -0.035945 0.414000 147 150 149
0.102366 -0.035945 0.414000 147 150 149
0.103437 -0.035945 0.414000 142 148 148
0.104507 -0.035945 0.414000 140 146 146
0.105577 -0.035945 0.414000 135 143 142
0.106390 -0.035858 0.413000 123 131 130
0.107457 -0.035858 0.413000 107 115 114
0.108525 -0.035858 0.413000 96 104 103
0.109592 -0.035858 0.413000 85 93 94
0.110660 -0.035858 0.413000 71 79 80
0.111457 -0.035771 0.412000 62 67 72
0.112522 -0.035771 0.412000 56 61 66
0.113587 -0.035771 0.412000 49 56 62
0.114652 -0.035771 0.412000 45 52 58
0.115436 -0.035684 0.411000 38 50 54
0.116499 -0.035684 0.411000 38 50 54
0.117561 -0.035684 0.411000 42 56 60
0.118623 -0.035684 0.411000 43 57 61
0.119686 -0.035684 0.411000 43 57 61
0.120748 -0.035684 0.411000 38 52 56
0.121811 -0.035684 0.411000 42 54 56
0.122873 -0.035684 0.411000 43 55 57
0.123936 -0.035684 0.411000 44 56 58
0.124998 -0.035684 0.411000 42 54 56
0.126060 -0.035684 0.411000 40 50 53
0.127123 -0.035684 0.411000 38 48 51
0.128185 -0.035684 0.411000 38 48 51
0.129248 -0.035684 0.411000 38 48 51
0.130310 -0.035684 0.411000 43 53 56
0.131373 -0.035684 0.411000 40 50 53
0.132435 -0.035684 0.411000 37 49 51
0.133497 -0.035684 0.411000 35 47 49
0.134887 -0.035771 0.412000 31 43 45
0.135952 -0.035771 0.412000 30 42 44
0.137017 -0.035771 0.412000 41 52 52
0.138082 -0.035771 0.412000 57 68 68
0.139147 -0.035771 0.412000 76 84 85
0.140212 -0.035771 0.412000 97 105 106
0.141277 -0.035771 0.412000 118 123 128
-0.103855 -0.035126 0.417000 144 140 133
-0.102777 -0.035126 0.417000 156 151 147
-0.101699 -0.035126 0.417000 194 189 185
-0.100621 -0.035126 0.417000 188 185 182
-0.099544 -0.035126 0.417000 178 175 172
-0.098702 -0.035210 0.418000 173 173 175
-0.097388 -0.035126 0.417000 171 171 173
-0.096541 -0.035210 0.418000 171 171 173
-0.095460 -0.035210 0.418000 161 161 163
0.067298 -0.034452 0.409000 102 110 111
0.068188 -0.034368 0.408000 59 70 70
0.070125 -0.034284 0.407000 39 47 48
0.071177 -0.034284 0.407000 41 49 50
0.072052 -0.034199 0.406000 46 49 52
0.073101 -0.034199 0.406000 48 51 54
0.074151 -0.034199 0.406000 45 53 54
0.075200 -0.034199 0.406000 47 55 56
0.076250 -0.034199 0.406000 46 57 57
0.078349 -0.034199 0.406000 45 56 56
0.079398 -0.034199 0.406000 44 55 55
0.080646 -0.034284 0.407000 44 55 55
0.081698 -0.034284 0.407000 45 56 56
0.082953 -0.034368 0.408000 48 56 57
0.084214 -0.034452 0.409000 48 56 57
0.085480 -0.034536 0.410000 48 59 59
0.086540 -0.034536 0.410000 47 58 58
0.087599 -0.034536 0.410000 50 62 64
0.089938 -0.034620 0.411000 63 76 75
0.091000 -0.034620 0.411000 72 85 84
0.092287 -0.034705 0.412000 91 99 100
0.093578 -0.034789 0.413000 104 112 113
0.094646 -0.034789 0.413000 108 114 114
0.095945 -0.034873 0.414000 107 113 113
0.097016 -0.034873 0.414000 112 115 114
0.098086 -0.034873 0.414000 107 110 109
0.099156 -0.034873 0.414000 100 103 104
0.100226 -0.034873 0.414000 92 95 96
0.101296 -0.034873 0.414000 80 86 86
0.102119 -0.034789 0.413000 73 79 79
0.103187 -0.034789 0.413000 66 74 75
0.104254 -0.034789 0.413000 59 67 68
0.105322 -0.034789 0.413000 53 64 62
0.106132 -0.034705 0.412000 51 62 60
0.107197 -0.034705 0.412000 51 61 64
0.108262 -0.034705 0.412000 48 58 61
0.109327 -0.034705 0.412000 50 60 63
0.110392 -0.034705 0.412000 48 58 61
0.111457 -0.034705 0.412000 47 57 62
0.112249 -0.034620 0.411000 55 65 70
0.113311 -0.034620 0.411000 39 51 55
0.114374 -0.034620 0.411000 44 56 60
0.115436 -0.034620 0.411000 38 52 56
0.116499 -0.034620 0.411000 37 51 55
0.117561 -0.034620 0.411000 34 51 54
0.118623 -0.034620 0.411000 34 51 54
0.119686 -0.034620 0.411000 34 51 54
0.120748 -0.034620 0.411000 35 52 55
0.121811 -0.034620 0.411000 38 52 56
0.122873 -0.034620 0.411000 37 51 55
0.123936 -0.034620 0.411000 42 54 58
0.124998 -0.034620 0.411000 38 50 54
0.126060 -0.034620 0.411000 38 48 53
0.127123 -0.034620 0.411000 34 44 49
0.128185 -0.034620 0.411000 33 43 48
0.129248 -0.034620 0.411000 30 40 45
0.130310 -0.034620 0.411000 31 41 44
0.131373 -0.034620 0.411000 36 46 49
0.132435 -0.034620 0.411000 41 52 52
0.133497 -0.034620 0.411000 51 62 62
0.134560 -0.034620 0.411000 71 84 83
0.135952 -0.034705 0.412000 101 114 113
0.137017 -0.034705 0.412000 127 135 136
-0.106011 -0.034046 0.417000 153 146 140
-0.104933 -0.034046 0.417000 140 138 130
-0.103855 -0.034046 0.417000 158 156 148
-0.102777 -0.034046 0.417000 192 189 184
-0.101699 -0.034046 0.417000 188 185 180
-0.100621 -0.034046 0.417000 172 172 168
-0.099544 -0.034046 0.417000 173 173 169
-0.098466 -0.034046 0.417000 176 176 176
-0.097388 -0.034046 0.417000 165 165 165
-0.096310 -0.034046 0.417000 159 159 161
0.070297 -0.033312 0.408000 82 88 90
0.071177 -0.033230 0.407000 54 60 62
0.072229 -0.033230 0.407000 45 44 51
0.073101 -0.033148 0.406000 47 46 53
0.074151 -0.033148 0.406000 48 53 58
0.075200 -0.033148 0.406000 47 52 57
0.076250 -0.033148 0.406000 46 56 59
0.077299 -0.033148 0.406000 44 54 57
0.078349 -0.033148 0.406000 40 52 54
0.079398 -0.033148 0.406000 40 52 54
0.080448 -0.033148 0.406000 42 55 54
0.081698 -0.033230 0.407000 44 57 56
0.082750 -0.033230 0.407000 44 57 56
0.084214 -0.033393 0.409000 45 58 57
0.085271 -0.033393 0.409000 43 56 55
0.086540 -0.033475 0.410000 43 56 55
0.087599 -0.033475 0.410000 44 59 58
0.089938 -0.033557 0.411000 50 63 62
0.091000 -0.033557 0.411000 51 64 63
0.092063 -0.033557 0.411000 42 55 54
0.093352 -0.033638 0.412000 39 52 51
0.094646 -0.033720 0.413000 44 55 55
0.095714 -0.033720 0.413000 48 59 59
0.096781 -0.033720 0.413000 50 61 59
0.097849 -0.033720 0.413000 54 65 63
0.098916 -0.033720 0.413000 62 70 69
0.099984 -0.033720 0.413000 57 65 64
0.101052 -0.033720 0.413000 48 58 61
0.102119 -0.033720 0.413000 43 53 56
0.102937 -0.033638 0.412000 46 56 59
0.104002 -0.033638 0.412000 51 61 64
0.105067 -0.033638 0.412000 58 69 69
0.105874 -0.033557 0.411000 50 61 61
0.106937 -0.033557 0.411000 43 55 57
0.107999 -0.033557 0.411000 43 55 57
0.109062 -0.033557 0.411000 45 59 61
0.110124 -0.033557 0.411000 47 61 63
0.111186 -0.033557 0.411000 40 54 56
0.112249 -0.033557 0.411000 40 54 56
0.113311 -0.033557 0.411000 37 51 55
0.114374 -0.033557 0.411000 41 55 59
0.115436 -0.033557 0.411000 36 53 56
0.116499 -0.033557 0.411000 35 52 55
0.117561 -0.033557 0.411000 33 50 53
0.118623 -0.033557 0.411000 35 52 55
0.119686 -0.033557 0.411000 34 51 54
0.120748 -0.033557 0.411000 31 48 51
0.121811 -0.033557 0.411000 33 47 51
0.122873 -0.033557 0.411000 28 42 46
0.123936 -0.033557 0.411000 30 40 45
0.124998 -0.033557 0.411000 31 41 46
0.126060 -0.033557 0.411000 34 39 44
0.127123 -0.033557 0.411000 39 44 49
0.128185 -0.033557 0.411000 45 55 58
0.129248 -0.033557 0.411000 66 76 79
0.130310 -0.033557 0.411000 94 104 107
-0.107089 -0.032967 0.417000 153 146 140
-0.105757 -0.032888 0.416000 150 143 137
-0.104682 -0.032888 0.416000 168 166 158
-0.103606 -0.032888 0.416000 195 193 185
-0.102531 -0.032888 0.416000 180 180 174
-0.101456 -0.032888 0.416000 179 179 173
-0.100621 -0.032967 0.417000 174 175 171
-0.099544 -0.032967 0.417000 172 173 169
-0.098466 -0.032967 0.417000 168 168 168
0.071177 -0.032176 0.407000 129 128 128
0.072229 -0.032176 0.407000 97 96 100
0.073101 -0.032097 0.406000 67 66 70
0.074151 -0.032097 0.406000 47 46 53
0.075200 -0.032097 0.406000 44 43 50
0.076250 -0.032097 0.406000 39 49 54
0.077299 -0.032097 0.406000 40 50 55
0.078349 -0.032097 0.406000 38 52 54
0.079398 -0.032097 0.406000 38 52 54
0.080448 -0.032097 0.406000 40 54 56
0.081698 -0.032176 0.407000 40 54 56
0.082750 -0.032176 0.407000 42 56 58
0.084008 -0.032256 0.408000 41 55 57
0.085271 -0.032335 0.409000 37 51 53
0.086540 -0.032414 0.410000 41 55 57
0.087599 -0.032414 0.410000 42 56 58
0.088659 -0.032414 0.410000 42 56 58
0.091000 -0.032493 0.411000 41 55 57
0.092063 -0.032493 0.411000 43 57 59
0.093125 -0.032493 0.411000 44 58 60
0.094417 -0.032572 0.412000 43 58 57
0.095482 -0.032572 0.412000 45 60 59
0.096781 -0.032651 0.413000 42 57 56
0.097849 -0.032651 0.413000 44 59 58
0.098916 -0.032651 0.413000 41 58 59
0.099984 -0.032651 0.413000 42 59 60
0.100807 -0.032572 0.412000 41 58 59
0.101872 -0.032572 0.412000 41 58 59
0.102937 -0.032572 0.412000 41 58 61
0.103749 -0.032493 0.411000 40 57 60
0.104812 -0.032493 0.411000 42 56 60
0.105874 -0.032493 0.411000 38 52 56
0.106937 -0.032493 0.411000 38 52 56
0.107999 -0.032493 0.411000 40 54 58
0.109062 -0.032493 0.411000 42 56 60
0.110124 -0.032493 0.411000 43 57 61
0.111186 -0.032493 0.411000 38 55 58
0.112249 -0.032493 0.411000 36 53 56
0.113311 -0.032493 0.411000 36 53 56
0.114374 -0.032493 0.411000 36 53 56
0.115436 -0.032493 0.411000 35 52 57
0.116499 -0.032493 0.411000 34 51 56
0.117561 -0.032493 0.411000 32 49 52
0.118623 -0.032493 0.411000 33 50 53
0.119686 -0.032493 0.411000 31 45 49
0.120748 -0.032493 0.411000 28 42 46
0.121811 -0.032493 0.411000 31 41 44
0.122873 -0.032493 0.411000 38 48 51
0.123936 -0.032493 0.411000 54 64 67
0.124998 -0.032493 0.411000 79 89 92
0.126060 -0.032493 0.411000 105 108 111
0.127123 -0.032493 0.411000 122 125 128
-0.108983 -0.031811 0.416000 149 145 138
-0.107908 -0.031811 0.416000 144 140 133
-0.106832 -0.031811 0.416000 149 142 134
-0.105757 -0.031811 0.416000 184 177 169
-0.104682 -0.031811 0.416000 200 197 192
-0.103606 -0.031811 0.416000 178 175 170
-0.102531 -0.031811 0.416000 165 164 164
-0.101456 -0.031811 0.416000 179 178 178
-0.100380 -0.031811 0.416000 172 175 176
-0.099544 -0.031888 0.417000 157 160 161
0.074333 -0.031123 0.407000 121 116 124
0.075200 -0.031046 0.406000 98 93 101
0.076438 -0.031123 0.407000 65 64 71
0.077299 -0.031046 0.406000 47 46 53
0.078542 -0.031123 0.407000 36 43 47
0.079594 -0.031123 0.407000 35 42 46
0.080646 -0.031123 0.407000 40 50 53
0.081698 -0.031123 0.407000 43 53 56
0.082953 -0.031199 0.408000 42 54 56
0.084214 -0.031276 0.409000 39 51 53
0.085271 -0.031276 0.409000 38 50 52
0.086329 -0.031276 0.409000 40 52 54
0.087599 -0.031352 0.410000 42 56 58
0.088659 -0.031352 0.410000 41 55 57
0.089719 -0.031352 0.410000 40 54 56
0.092063 -0.031429 0.411000 40 54 56
0.093125 -0.031429 0.411000 41 55 57
0.094417 -0.031505 0.412000 42 56 58
0.095482 -0.031505 0.412000 41 55 57
0.096547 -0.031505 0.412000 40 54 56
0.097612 -0.031505 0.412000 36 50 52
0.098916 -0.031582 0.413000 33 50 51
0.099742 -0.031505 0.412000 35 52 53
0.100807 -0.031505 0.412000 36 53 54
0.101872 -0.031505 0.412000 38 55 56
0.102687 -0.031429 0.411000 39 56 57
0.103749 -0.031429 0.411000 38 55 56
0.104812 -0.031429 0.411000 35 52 55
0.105874 -0.031429 0.411000 35 52 55
0.106937 -0.031429 0.411000 36 53 56
0.107999 -0.031429 0.411000 36 53 56
0.109062 -0.031429 0.411000 37 56 58
0.110124 -0.031429 0.411000 35 54 56
0.111186 -0.031429 0.411000 33 52 54
0.112249 -0.031429 0.411000 34 53 55
0.113311 -0.031429 0.411000 36 50 54
0.114374 -0.031429 0.411000 33 47 51
0.115436 -0.031429 0.411000 31 45 51
0.116499 -0.031429 0.411000 31 45 51
0.117561 -0.031429 0.411000 35 49 51
0.118623 -0.031429 0.411000 47 61 63
0.119686 -0.031429 0.411000 74 82 81
0.120748 -0.031429 0.411000 98 106 105
0.121811 -0.031429 0.411000 122 125 124
-0.110058 -0.030734 0.416000 149 147 139
-0.108983 -0.030734 0.416000 151 144 138
-0.107908 -0.030734 0.416000 148 141 135
-0.106832 -0.030734 0.416000 195 187 184
-0.105757 -0.030734 0.416000 200 192 189
-0.104682 -0.030734 0.416000 171 168 165
-0.103606 -0.030734 0.416000 177 174 171
-0.102531 -0.030734 0.416000 181 181 185
-0.101456 -0.030734 0.416000 173 173 177
-0.100380 -0.030734 0.416000 162 165 166
0.080844 -0.030143 0.408000 48 51 54
0.081899 -0.030143 0.408000 44 47 50
0.083157 -0.030217 0.409000 41 47 49
0.084214 -0.030217 0.409000 40 46 48
0.087599 -0.030291 0.410000 43 54 54
0.088659 -0.030291 0.410000 44 55 55
0.091000 -0.030365 0.411000 42 55 54
0.092063 -0.030365 0.411000 40 55 54
0.093125 -0.030365 0.411000 42 57 56
0.094188 -0.030365 0.411000 43 58 57
0.095482 -0.030439 0.412000 41 56 55
0.096547 -0.030439 0.412000 41 55 57
0.097612 -0.030439 0.412000 41 55 57
0.098677 -0.030439 0.412000 36 53 54
0.099742 -0.030439 0.412000 36 53 54
0.100562 -0.030365 0.411000 36 53 54
0.101625 -0.030365 0.411000 36 53 54
0.102687 -0.030365 0.411000 38 55 56
0.103749 -0.030365 0.411000 38 55 56
0.104812 -0.030365 0.411000 38 52 54
0.105874 -0.030365 0.411000 34 48 50
0.106937 -0.030365 0.411000 31 45 47
0.107999 -0.030365 0.411000 31 45 47
0.109062 -0.030365 0.411000 31 48 49
0.110124 -0.030365 0.411000 31 48 49
0.111457 -0.030439 0.412000 29 46 47
0.112522 -0.030439 0.412000 34 51 52
0.113587 -0.030439 0.412000 49 56 60
0.114652 -0.030439 0.412000 64 71 75
0.115717 -0.030439 0.412000 93 98 103
0.116782 -0.030439 0.412000 112 117 122
0.117847 -0.030439 0.412000 125 133 132
-0.111134 -0.029658 0.416000 148 144 137
-0.110058 -0.029658 0.416000 144 140 133
-0.108983 -0.029658 0.416000 153 146 140
-0.107908 -0.029658 0.416000 185 178 172
-0.106832 -0.029658 0.416000 189 184 182
-0.105757 -0.029658 0.416000 170 165 163
-0.104682 -0.029658 0.416000 170 169 171
-0.103606 -0.029658 0.416000 179 178 180
-0.102531 -0.029658 0.416000 168 168 170
-0.101456 -0.029658 0.416000 154 154 156
0.082100 -0.029158 0.409000 105 105 107
0.083360 -0.029230 0.410000 87 87 89
0.084420 -0.029230 0.410000 75 75 77
0.085480 -0.029230 0.410000 59 59 61
0.086540 -0.029230 0.410000 53 53 55
0.087599 -0.029230 0.410000 50 50 52
0.088659 -0.029230 0.410000 48 48 50
0.091000 -0.029301 0.411000 36 44 43
0.092063 -0.029301 0.411000 37 48 46
0.093125 -0.029301 0.411000 40 51 49
0.094417 -0.029372 0.412000 39 52 49
0.095482 -0.029372 0.412000 39 52 49
0.096547 -0.029372 0.412000 39 52 49
0.097612 -0.029372 0.412000 40 53 50
0.098677 -0.029372 0.412000 37 50 49
0.099500 -0.029301 0.411000 36 49 48
0.100562 -0.029301 0.411000 36 49 48
0.101625 -0.029301 0.411000 38 51 50
0.102687 -0.029301 0.411000 38 49 49
0.103749 -0.029301 0.411000 38 49 49
0.104812 -0.029301 0.411000 42 50 49
0.105874 -0.029301 0.411000 48 56 55
0.106937 -0.029301 0.411000 54 62 61
0.107999 -0.029301 0.411000 63 71 70
0.109062 -0.029301 0.411000 73 86 83
0.110124 -0.029301 0.411000 83 96 93
0.111457 -0.029372 0.412000 102 115 114
0.112522 -0.029372 0.412000 123 136 135
-0.113284 -0.028581 0.416000 149 147 139
-0.112209 -0.028581 0.416000 150 148 140
-0.111134 -0.028581 0.416000 143 139 130
-0.110058 -0.028581 0.416000 163 159 150
-0.108983 -0.028581 0.416000 193 189 182
-0.107908 -0.028581 0.416000 183 179 172
-0.106832 -0.028581 0.416000 170 170 166
-0.105757 -0.028581 0.416000 173 173 169
-0.104682 -0.028581 0.416000 170 169 171
-0.103606 -0.028581 0.416000 167 166 168
-0.102531 -0.028581 0.416000 157 157 159
0.087599 -0.028168 0.410000 117 118 114
0.089938 -0.028237 0.411000 84 91 85
0.091000 -0.028237 0.411000 77 84 78
0.092063 -0.028237 0.411000 71 80 73
0.093125 -0.028237 0.411000 71 80 73
0.094188 -0.028237 0.411000 62 74 66
0.095250 -0.028237 0.411000 60 72 64
0.096313 -0.028237 0.411000 60 71 67
0.097375 -0.028237 0.411000 59 70 66
0.098437 -0.028237 0.411000 61 72 68
0.099500 -0.028237 0.411000 70 81 77
0.100562 -0.028237 0.411000 81 92 88
0.101625 -0.028237 0.411000 93 104 100
0.102687 -0.028237 0.411000 107 115 112
0.103749 -0.028237 0.411000 114 122 119
0.104812 -0.028237 0.411000 122 128 126
0.105874 -0.028237 0.411000 132 138 136
-0.114360 -0.027504 0.416000 149 144 140
-0.113284 -0.027504 0.416000 149 145 136
-0.112209 -0.027504 0.416000 151 147 138
-0.111134 -0.027504 0.416000 183 179 170
-0.110058 -0.027504 0.416000 197 193 184
-0.108983 -0.027504 0.416000 179 176 171
-0.107908 -0.027504 0.416000 170 167 162
-0.106832 -0.027504 0.416000 169 172 171
-0.105757 -0.027504 0.416000 173 176 175
-0.104682 -0.027504 0.416000 161 161 163
-0.115435 -0.026427 0.416000 150 146 139
-0.114360 -0.026427 0.416000 144 140 133
-0.113284 -0.026427 0.416000 146 142 133
-0.112209 -0.026427 0.416000 186 182 173
-0.111134 -0.026427 0.416000 196 194 184
-0.109794 -0.026364 0.415000 169 167 157
-0.108721 -0.026364 0.415000 168 168 168
-0.107648 -0.026364 0.415000 172 172 172
-0.106832 -0.026427 0.416000 165 171 171
-0.105757 -0.026427 0.416000 160 166 166
-0.117586 -0.025350 0.416000 148 143 139
-0.116510 -0.025350 0.416000 147 142 138
-0.115435 -0.025350 0.416000 149 141 138
-0.114360 -0.025350 0.416000 158 150 147
-0.113284 -0.025350 0.416000 193 191 183
-0.111939 -0.025289 0.415000 197 195 187
-0.110867 -0.025289 0.415000 177 177 171
-0.109794 -0.025289 0.415000 172 172 166
-0.108721 -0.025289 0.415000 175 181 181
-0.107648 -0.025289 0.415000 165 171 171
-0.106575 -0.025289 0.415000 155 163 162
-0.118661 -0.024273 0.416000 150 146 139
-0.117586 -0.024273 0.416000 146 142 135
-0.116510 -0.024273 0.416000 146 142 135
-0.115435 -0.024273 0.416000 165 160 156
-0.114360 -0.024273 0.416000 194 189 185
-0.113012 -0.024215 0.415000 186 183 180
-0.111939 -0.024215 0.415000 174 171 168
-0.110867 -0.024215 0.415000 172 175 174
-0.109794 -0.024215 0.415000 177 180 179
-0.108721 -0.024215 0.415000 156 164 165
-0.107648 -0.024215 0.415000 152 160 161
-0.119736 -0.023197 0.416000 149 145 136
-0.118661 -0.023197 0.416000 146 142 133
-0.117586 -0.023197 0.416000 150 146 139
-0.116510 -0.023197 0.416000 179 175 168
-0.115435 -0.023197 0.416000 189 183 185
-0.114085 -0.023141 0.415000 180 174 176
-0.113012 -0.023141 0.415000 167 166 168
-0.111939 -0.023141 0.415000 173 172 174
-0.110867 -0.023141 0.415000 172 175 178
-0.109794 -0.023141 0.415000 164 167 170
-0.108721 -0.023141 0.415000 144 152 151
-0.120812 -0.022120 0.416000 152 145 139
-0.119736 -0.022120 0.416000 139 135 124
-0.118661 -0.022120 0.416000 148 144 133
-0.117586 -0.022120 0.416000 193 191 183
-0.116510 -0.022120 0.416000 190 188 180
-0.115435 -0.022120 0.416000 178 174 175
-0.114085 -0.022067 0.415000 175 171 172
-0.113012 -0.022067 0.415000 173 172 176
-0.111939 -0.022067 0.415000 175 174 178
-0.110867 -0.022067 0.415000 155 158 161
-0.109794 -0.022067 0.415000 155 158 161
-0.121594 -0.020992 0.415000 155 148 140
-0.120521 -0.020992 0.415000 156 149 141
-0.119449 -0.020992 0.415000 158 154 145
-0.118376 -0.020992 0.415000 194 190 181
-0.117303 -0.020992 0.415000 187 187 181
-0.116230 -0.020992 0.415000 170 170 164
-0.115158 -0.020992 0.415000 172 171 173
-0.114085 -0.020992 0.415000 173 172 174
-0.113012 -0.020992 0.415000 174 173 177
-0.111939 -0.020992 0.415000 158 157 161
-0.122667 -0.019918 0.415000 151 144 138
-0.121594 -0.019918 0.415000 150 143 135
-0.120521 -0.019918 0.415000 167 160 152
-0.119449 -0.019918 0.415000 193 189 182
-0.118376 -0.019918 0.415000 182 178 171
-0.117303 -0.019918 0.415000 170 169 169
-0.116230 -0.019918 0.415000 175 174 174
-0.115158 -0.019918 0.415000 174 174 178
-0.114085 -0.019918 0.415000 164 164 168
-0.113012 -0.019918 0.415000 162 162 166
-0.123740 -0.018844 0.415000 150 143 135
-0.122667 -0.018844 0.415000 155 148 140
-0.121594 -0.018844 0.415000 177 173 166
-0.120521 -0.018844 0.415000 197 193 186
-0.119449 -0.018844 0.415000 176 173 170
-0.118376 -0.018844 0.415000 172 169 166
-0.117303 -0.018844 0.415000 174 174 176
-0.116230 -0.018844 0.415000 178 178 180
-0.115158 -0.018844 0.415000 158 161 162
-0.114085 -0.018844 0.415000 155 158 159
-0.124812 -0.017770 0.415000 147 142 138
-0.123740 -0.017770 0.415000 157 153 144
-0.122667 -0.017770 0.415000 194 190 181
-0.121594 -0.017770 0.415000 185 181 174
-0.120521 -0.017770 0.415000 178 174 167
-0.119449 -0.017770 0.415000 173 173 173
-0.118376 -0.017770 0.415000 180 180 180
-0.117303 -0.017770 0.415000 174 177 178
-0.116230 -0.017770 0.415000 157 160 161
-0.115158 -0.017770 0.415000 155 158 159
-0.126958 -0.016695 0.415000 150 145 141
-0.125885 -0.016695 0.415000 148 144 137
-0.124812 -0.016695 0.415000 159 155 148
-0.123740 -0.016695 0.415000 196 194 186
-0.122667 -0.016695 0.415000 186 184 176
-0.121594 -0.016695 0.415000 174 174 170
-0.120521 -0.016695 0.415000 177 177 173
-0.119449 -0.016695 0.415000 173 176 179
-0.118376 -0.016695 0.415000 165 168 171
-0.117303 -0.016695 0.415000 157 160 161
-0.116230 -0.016695 0.415000 156 159 160
-0.128031 -0.015621 0.415000 152 145 139
-0.126958 -0.015621 0.415000 145 138 132
-0.125885 -0.015621 0.415000 175 171 164
-0.124812 -0.015621 0.415000 194 190 183
-0.123740 -0.015621 0.415000 172 174 165
-0.122667 -0.015621 0.415000 172 174 165
-0.121594 -0.015621 0.415000 174 177 176
-0.120521 -0.015621 0.415000 181 184 183
-0.119449 -0.015621 0.415000 153 159 161
-0.118376 -0.015621 0.415000 149 155 157
-0.129103 -0.014547 0.415000 155 148 142
-0.128031 -0.014547 0.415000 152 145 139
-0.126958 -0.014547 0.415000 179 172 166
-0.125885 -0.014547 0.415000 190 188 180
-0.124812 -0.014547 0.415000 174 172 164
-0.123740 -0.014547 0.415000 173 174 168
-0.122667 -0.014547 0.415000 174 175 169
-0.121594 -0.014547 0.415000 169 175 175
-0.120521 -0.014547 0.415000 151 157 157
-0.119449 -0.014547 0.415000 148 154 154
-0.130176 -0.013473 0.415000 147 143 136
-0.129103 -0.013473 0.415000 159 155 148
-0.128031 -0.013473 0.415000 182 178 171
-0.126958 -0.013473 0.415000 186 182 175
-0.125885 -0.013473 0.415000 174 171 166
-0.124812 -0.013473 0.415000 175 172 167
-0.123740 -0.013473 0.415000 178 179 175
-0.122667 -0.013473 0.415000 175 176 172
-0.121594 -0.013473 0.415000 156 162 162
-0.132322 -0.012398 0.415000 152 145 137
-0.131249 -0.012398 0.415000 148 141 133
-0.130176 -0.012398 0.415000 151 147 140
-0.129103 -0.012398 0.415000 187 183 176
-0.128031 -0.012398 0.415000 179 176 171
-0.126958 -0.012398 0.415000 176 173 168
-0.125885 -0.012398 0.415000 177 174 171
-0.124812 -0.012398 0.415000 184 181 178
-0.123740 -0.012398 0.415000 170 173 172
-0.122667 -0.012398 0.415000 158 161 160
-0.133395 -0.011324 0.415000 155 148 142
-0.132322 -0.011324 0.415000 144 140 131
-0.131249 -0.011324 0.415000 166 162 153
-0.130176 -0.011324 0.415000 191 192 183
-0.129103 -0.011324 0.415000 180 181 172
-0.128031 -0.011324 0.415000 174 174 170
-0.126958 -0.011324 0.415000 176 176 172
-0.125885 -0.011324 0.415000 180 180 182
-0.124812 -0.011324 0.415000 164 164 166
-0.123740 -0.011324 0.415000 153 156 157
-0.134467 -0.010250 0.415000 151 144 138
-0.133395 -0.010250 0.415000 148 141 135
-0.132322 -0.010250 0.415000 169 170 161
-0.131249 -0.010250 0.415000 198 199 190
-0.130176 -0.010250 0.415000 180 181 175
-0.129103 -0.010250 0.415000 171 172 166
-0.128031 -0.010250 0.415000 175 175 177
-0.126958 -0.010250 0.415000 172 172 174
-0.125885 -0.010250 0.415000 164 164 166
-0.124812 -0.010250 0.415000 157 157 159
-0.135540 -0.009176 0.415000 153 143 141
-0.134467 -0.009176 0.415000 149 141 138
-0.133395 -0.009176 0.415000 170 162 159
-0.132322 -0.009176 0.415000 191 191 185
-0.131249 -0.009176 0.415000 173 173 167
-0.130176 -0.009176 0.415000 172 175 174
-0.129103 -0.009176 0.415000 177 180 179
-0.128031 -0.009176 0.415000 173 176 177
-0.126958 -0.009176 0.415000 160 163 164
-0.125582 -0.009154 0.414000 159 159 161
-0.136284 -0.008082 0.414000 154 145 140
-0.135213 -0.008082 0.414000 145 136 131
-0.134143 -0.008082 0.414000 176 171 167
-0.133073 -0.008082 0.414000 194 189 185
-0.132003 -0.008082 0.414000 175 176 172
-0.130933 -0.008082 0.414000 176 177 173
-0.129863 -0.008082 0.414000 180 183 182
-0.128792 -0.008082 0.414000 176 179 178
-0.127722 -0.008082 0.414000 153 159 159
-0.126652 -0.008082 0.414000 150 156 156
-0.137354 -0.007010 0.414000 154 145 140
-0.136284 -0.007010 0.414000 151 141 139
-0.135213 -0.007010 0.414000 169 159 157
-0.134143 -0.007010 0.414000 194 189 187
-0.133073 -0.007010 0.414000 172 167 165
-0.132003 -0.007010 0.414000 179 180 176
-0.130933 -0.007010 0.414000 189 190 186
-0.129863 -0.007010 0.414000 172 175 174
-0.128792 -0.007010 0.414000 159 162 161
-0.127722 -0.007010 0.414000 157 160 161
-0.138424 -0.005939 0.414000 156 145 140
-0.137022 -0.005924 0.413000 153 142 137
-0.135954 -0.005924 0.413000 186 176 176
-0.134887 -0.005924 0.413000 192 182 182
-0.134143 -0.005939 0.414000 173 172 172
-0.132752 -0.005924 0.413000 175 174 174
-0.132003 -0.005939 0.414000 180 183 182
-0.130933 -0.005939 0.414000 176 179 178
-0.129863 -0.005939 0.414000 155 158 159
-0.140225 -0.004855 0.413000 153 149 142
-0.139157 -0.004855 0.413000 154 150 143
-0.138090 -0.004855 0.413000 155 143 141
-0.137022 -0.004855 0.413000 194 182 180
-0.135954 -0.004855 0.413000 185 179 181
-0.134887 -0.004855 0.413000 177 171 173
-0.133819 -0.004855 0.413000 178 178 178
-0.132752 -0.004855 0.413000 190 190 190
-0.131684 -0.004855 0.413000 168 174 174
-0.130617 -0.004855 0.413000 151 157 157
-0.140950 -0.003777 0.412000 147 145 137
-0.139885 -0.003777 0.412000 146 139 133
-0.139157 -0.003786 0.413000 163 156 150
-0.138090 -0.003786 0.413000 186 178 175
-0.137022 -0.003786 0.413000 192 184 181
-0.135625 -0.003777 0.412000 177 173 174
-0.134560 -0.003777 0.412000 189 185 186
-0.133819 -0.003786 0.413000 179 185 185
-0.132752 -0.003786 0.413000 168 174 174
-0.131684 -0.003786 0.413000 149 157 156
-0.142015 -0.002711 0.412000 148 144 135
-0.140950 -0.002711 0.412000 141 137 128
-0.139885 -0.002711 0.412000 165 158 152
-0.138820 -0.002711 0.412000 198 191 185
-0.137755 -0.002711 0.412000 182 174 173
-0.136690 -0.002711 0.412000 181 173 172
-0.135625 -0.002711 0.412000 186 185 187
-0.134560 -0.002711 0.412000 189 188 190
-0.133495 -0.002711 0.412000 163 169 171
-0.132430 -0.002711 0.412000 153 159 161
-0.142733 -0.001640 0.411000 151 146 142
-0.141671 -0.001640 0.411000 144 140 131
-0.140608 -0.001640 0.411000 166 162 153
-0.139546 -0.001640 0.411000 196 192 185
-0.138820 -0.001644 0.412000 183 179 172
-0.137755 -0.001644 0.412000 180 174 176
-0.136359 -0.001640 0.411000 186 180 182
-0.135296 -0.001640 0.411000 184 183 187
-0.134234 -0.001640 0.411000 163 162 166
-0.133171 -0.001640 0.411000 155 155 159
-0.143796 -0.000576 0.411000 149 141 138
-0.142733 -0.000576 0.411000 150 142 139
-0.141671 -0.000576 0.411000 176 172 165
-0.140608 -0.000576 0.411000 191 187 180
-0.139546 -0.000576 0.411000 172 169 164
-0.138483 -0.000576 0.411000 177 174 169
-0.137421 -0.000576 0.411000 183 179 180
-0.136359 -0.000576 0.411000 186 182 183
-0.135296 -0.000576 0.411000 159 158 162
-0.134234 -0.000576 0.411000 154 153 157
-0.144858 0.000488 0.411000 148 143 139
-0.143796 0.000488 0.411000 146 138 135
-0.142733 0.000488 0.411000 186 178 175
-0.141671 0.000488 0.411000 190 187 182
-0.140608 0.000488 0.411000 179 176 171
-0.139546 0.000488 0.411000 180 180 176
-0.138483 0.000488 0.411000 183 183 179
-0.137421 0.000488 0.411000 177 176 176
-0.136359 0.000488 0.411000 163 162 162
-0.135296 0.000488 0.411000 158 158 162
-0.145920 0.001552 0.411000 150 140 138
-0.144858 0.001552 0.411000 149 139 137
-0.143796 0.001552 0.411000 184 179 177
-0.142733 0.001552 0.411000 190 185 183
-0.141671 0.001552 0.411000 175 176 172
-0.140608 0.001552 0.411000 179 180 176
-0.139546 0.001552 0.411000 184 187 186
-0.138483 0.001552 0.411000 176 179 178
-0.137421 0.001552 0.411000 169 168 170
-0.148045 0.002615 0.411000 151 144 138
-0.146983 0.002615 0.411000 149 142 136
-0.145920 0.002615 0.411000 168 160 157
-0.144858 0.002615 0.411000 192 184 181
-0.143796 0.002615 0.411000 182 179 176
-0.142733 0.002615 0.411000 181 178 175
-0.141671 0.002615 0.411000 181 181 181
-0.140608 0.002615 0.411000 183 183 183
-0.139546 0.002615 0.411000 174 174 176
-0.138483 0.002615 0.411000 157 157 159
-0.149108 0.003679 0.411000 151 143 140
-0.148045 0.003679 0.411000 146 139 133
-0.146983 0.003679 0.411000 171 164 158
-0.145920 0.003679 0.411000 195 187 184
-0.144858 0.003679 0.411000 185 177 174
-0.143796 0.003679 0.411000 179 179 175
-0.142733 0.003679 0.411000 183 183 179
-0.141671 0.003679 0.411000 180 180 180
-0.140608 0.003679 0.411000 173 173 173
-0.139546 0.003679 0.411000 165 165 167
-0.150170 0.004743 0.411000 150 143 137
-0.148745 0.004732 0.410000 142 135 129
-0.147685 0.004732 0.410000 181 173 170
-0.146625 0.004732 0.410000 194 186 183
-0.145565 0.004732 0.410000 178 173 169
-0.144505 0.004732 0.410000 182 177 173
-0.143446 0.004732 0.410000 189 189 185
-0.142733 0.004743 0.411000 183 183 179
-0.141671 0.004743 0.411000 166 165 167
-0.151232 0.005807 0.411000 149 145 138
-0.149805 0.005793 0.410000 144 137 131
-0.148745 0.005793 0.410000 186 179 173
-0.147685 0.005793 0.410000 191 186 182
-0.146625 0.005793 0.410000 178 173 169
-0.145565 0.005793 0.410000 177 174 171
-0.144505 0.005793 0.410000 182 179 176
-0.143446 0.005793 0.410000 188 184 185
-0.142386 0.005793 0.410000 161 157 158
-0.141326 0.005793 0.410000 166 165 167
-0.151924 0.006854 0.410000 148 141 135
-0.150865 0.006854 0.410000 153 146 140
-0.149805 0.006854 0.410000 191 186 182
-0.148745 0.006854 0.410000 191 186 182
-0.147685 0.006854 0.410000 179 174 170
-0.146625 0.006854 0.410000 186 181 177
-0.145565 0.006854 0.410000 190 186 187
-0.144505 0.006854 0.410000 177 173 174
-0.143446 0.006854 0.410000 169 165 168
-0.152984 0.007916 0.410000 145 143 133
-0.151924 0.007916 0.410000 151 147 140
-0.150865 0.007916 0.410000 191 187 180
-0.149805 0.007916 0.410000 185 182 179
-0.148745 0.007916 0.410000 181 178 175
-0.147685 0.007916 0.410000 181 178 175
-0.146625 0.007916 0.410000 188 185 182
-0.145565 0.007916 0.410000 177 173 174
-0.144505 0.007916 0.410000 160 156 157
-0.155104 0.008977 0.410000 144 140 133
-0.154044 0.008977 0.410000 145 143 133
-0.152984 0.008977 0.410000 175 173 163
-0.151924 0.008977 0.410000 187 187 181
-0.150865 0.008977 0.410000 179 179 173
-0.149805 0.008977 0.410000 177 177 173
-0.148745 0.008977 0.410000 181 181 177
-0.147685 0.008977 0.410000 179 180 176
-0.146625 0.008977 0.410000 171 172 168
-0.145565 0.008977 0.410000 162 158 159
-0.156164 0.010038 0.410000 143 139 132
-0.155104 0.010038 0.410000 142 138 131
-0.154044 0.010038 0.410000 186 184 174
-0.152984 0.010038 0.410000 192 190 180
-0.151924 0.010038 0.410000 179 179 175
-0.150865 0.010038 0.410000 179 179 175
-0.149805 0.010038 0.410000 180 180 180
-0.148745 0.010038 0.410000 183 183 183
-0.147685 0.010038 0.410000 169 169 169
-0.157224 0.011099 0.410000 143 138 134
-0.156164 0.011099 0.410000 151 147 140
-0.155104 0.011099 0.410000 198 194 187
-0.154044 0.011099 0.410000 188 185 180
-0.152984 0.011099 0.410000 175 172 167
-0.151924 0.011099 0.410000 179 179 179
-0.150865 0.011099 0.410000 179 179 179
-0.149805 0.011099 0.410000 174 174 174
-0.148745 0.011099 0.410000 164 164 164
-0.159343 0.012161 0.410000 147 142 138
-0.158283 0.012161 0.410000 150 142 141
-0.157224 0.012161 0.410000 168 160 159
-0.156164 0.012161 0.410000 192 189 186
-0.155104 0.012161 0.410000 186 183 180
-0.154044 0.012161 0.410000 173 174 170
-0.152984 0.012161 0.410000 178 179 175
-0.151924 0.012161 0.410000 183 183 183
-0.150865 0.012161 0.410000 166 166 166
-0.149805 0.012161 0.410000 162 162 162
-0.160403 0.013222 0.410000 148 140 137
-0.159343 0.013222 0.410000 139 131 128
-0.158283 0.013222 0.410000 179 171 170
-0.157224 0.013222 0.410000 188 180 179
-0.156164 0.013222 0.410000 177 176 176
-0.155104 0.013222 0.410000 176 175 175
-0.154044 0.013222 0.410000 177 180 181
-0.152984 0.013222 0.410000 174 177 178
-0.151924 0.013222 0.410000 165 165 165
-0.150865 0.013222 0.410000 166 166 166
-0.161463 0.014283 0.410000 148 140 137
-0.160012 0.014248 0.409000 149 141 138
-0.159343 0.014283 0.410000 178 170 167
-0.157897 0.014248 0.409000 186 182 183
-0.156840 0.014248 0.409000 177 173 174
-0.155783 0.014248 0.409000 175 175 177
-0.155104 0.014283 0.410000 180 180 182
-0.154044 0.014283 0.410000 177 180 181
-0.152984 0.014283 0.410000 162 165 166
-0.162126 0.015307 0.409000 149 141 138
-0.161069 0.015307 0.409000 159 151 148
-0.160012 0.015307 0.409000 190 186 187
-0.158955 0.015307 0.409000 182 178 179
-0.157897 0.015307 0.409000 169 172 173
-0.156840 0.015307 0.409000 174 177 178
-0.155783 0.015307 0.409000 177 180 181
-0.154726 0.015307 0.409000 173 176 177
-0.153668 0.015307 0.409000 164 164 166
-0.163184 0.016366 0.409000 148 141 135
-0.162126 0.016366 0.409000 164 161 158
-0.161069 0.016366 0.409000 190 187 184
-0.160012 0.016366 0.409000 169 169 171
-0.158955 0.016366 0.409000 168 168 170
-0.157897 0.016366 0.409000 171 174 175
-0.156840 0.016366 0.409000 176 179 180
-0.155783 0.016366 0.409000 172 175 176
-0.154726 0.016366 0.409000 162 165 166
-0.164894 0.017382 0.408000 144 140 133
-0.164241 0.017425 0.409000 153 148 144
-0.162785 0.017382 0.408000 168 163 159
-0.161730 0.017382 0.408000 177 177 173
-0.160675 0.017382 0.408000 173 173 169
-0.159621 0.017382 0.408000 166 169 168
-0.158566 0.017382 0.408000 173 176 175
-0.157897 0.017425 0.409000 174 177 176
-0.156840 0.017425 0.409000 166 169 168
-0.165949 0.018438 0.408000 140 138 130
-0.164894 0.018438 0.408000 158 156 148
-0.163839 0.018438 0.408000 188 189 180
-0.162785 0.018438 0.408000 179 180 171
-0.161730 0.018438 0.408000 175 175 171
-0.160675 0.018438 0.408000 174 174 170
-0.159621 0.018438 0.408000 172 176 171
-0.158566 0.018438 0.408000 171 175 170
-0.157511 0.018438 0.408000 163 166 165
-0.168058 0.019494 0.408000 148 145 140
-0.167003 0.019494 0.408000 153 150 145
-0.165949 0.019494 0.408000 172 172 168
-0.164490 0.019446 0.407000 190 190 186
-0.163438 0.019446 0.407000 177 177 173
-0.162386 0.019446 0.407000 174 174 170
-0.161334 0.019446 0.407000 177 176 176
-0.160281 0.019446 0.407000 177 176 176
-0.159229 0.019446 0.407000 169 170 166
-0.158566 0.019494 0.408000 166 167 163
-0.170167 0.020550 0.408000 147 143 136
-0.169113 0.020550 0.408000 143 139 132
-0.167646 0.020500 0.407000 149 147 139
-0.166594 0.020500 0.407000 177 175 167
-0.165542 0.020500 0.407000 183 187 182
-0.164490 0.020500 0.407000 173 177 172
-0.163438 0.020500 0.407000 173 176 177
-0.162386 0.020500 0.407000 176 179 180
-0.161334 0.020500 0.407000 176 176 178
-0.160281 0.020500 0.407000 165 165 167
-0.159229 0.020500 0.407000 161 162 158
-0.171222 0.021606 0.408000 149 142 136
-0.170167 0.021606 0.408000 144 139 135
-0.168698 0.021553 0.407000 169 164 160
-0.167646 0.021553 0.407000 186 186 182
-0.166594 0.021553 0.407000 177 177 173
-0.165542 0.021553 0.407000 170 173 172
-0.164490 0.021553 0.407000 173 176 175
-0.163438 0.021553 0.407000 172 175 176
-0.162386 0.021553 0.407000 173 176 177
-0.161334 0.021553 0.407000 162 162 164
-0.172277 0.022663 0.408000 150 142 139
-0.171222 0.022663 0.408000 149 141 138
-0.169750 0.022607 0.407000 174 170 171
-0.168698 0.022607 0.407000 192 188 189
-0.167646 0.022607 0.407000 171 174 175
-0.166594 0.022607 0.407000 171 174 175
-0.165542 0.022607 0.407000 173 176 177
-0.164490 0.022607 0.407000 178 181 182
-0.163438 0.022607 0.407000 172 175 176
-0.162386 0.022607 0.407000 163 166 167
-0.174386 0.023719 0.408000 145 142 137
-0.173331 0.023719 0.408000 143 140 135
-0.172277 0.023719 0.408000 148 143 141
-0.170802 0.023661 0.407000 187 182 180
-0.169750 0.023661 0.407000 184 183 185
-0.168698 0.023661 0.407000 174 173 175
-0.167646 0.023661 0.407000 170 176 176
-0.166594 0.023661 0.407000 174 180 180
-0.165542 0.023661 0.407000 170 176 176
-0.164490 0.023661 0.407000 169 175 175
-0.163438 0.023661 0.407000 158 164 164
-0.175441 0.024775 0.408000 143 140 135
-0.173959 0.024714 0.407000 139 136 131
-0.173331 0.024775 0.408000 179 176 171
-0.171854 0.024714 0.407000 191 188 185
-0.170802 0.024714 0.407000 181 178 175
-0.169750 0.024714 0.407000 169 169 173
-0.168698 0.024714 0.407000 178 178 182
-0.167646 0.024714 0.407000 176 182 184
-0.166594 0.024714 0.407000 169 175 177
-0.165542 0.024714 0.407000 160 166 166
-0.177115 0.025768 0.407000 144 139 135
-0.176063 0.025768 0.407000 140 135 131
-0.175011 0.025768 0.407000 150 145 141
-0.173959 0.025768 0.407000 185 182 179
-0.172907 0.025768 0.407000 190 187 184
-0.171854 0.025768 0.407000 175 174 176
-0.170802 0.025768 0.407000 172 171 173
-0.169750 0.025768 0.407000 181 181 185
-0.168698 0.025768 0.407000 176 176 180
-0.167646 0.025768 0.407000 164 167 170
-0.166594 0.025768 0.407000 163 166 169
-0.178167 0.026821 0.407000 148 140 139
-0.177115 0.026821 0.407000 153 145 144
-0.176063 0.026821 0.407000 156 153 150
-0.175011 0.026821 0.407000 192 189 186
-0.173959 0.026821 0.407000 186 185 187
-0.172907 0.026821 0.407000 175 174 176
-0.171854 0.026821 0.407000 174 177 180
-0.170802 0.026821 0.407000 173 176 179
-0.169750 0.026821 0.407000 173 176 179
-0.168698 0.026821 0.407000 165 168 171
-0.167646 0.026821 0.407000 162 165 168
-0.179828 0.027806 0.406000 143 138 136
-0.178779 0.027806 0.406000 139 134 132
-0.177729 0.027806 0.406000 157 152 150
-0.176680 0.027806 0.406000 184 179 177
-0.175630 0.027806 0.406000 182 181 181
-0.175011 0.027875 0.407000 179 178 178
-0.173959 0.027875 0.407000 176 176 176
-0.172907 0.027875 0.407000 180 180 180
-0.171854 0.027875 0.407000 180 183 186
-0.170802 0.027875 0.407000 170 173 176
-0.169750 0.027875 0.407000 162 165 168
-0.168698 0.027875 0.407000 159 162 165
-0.180878 0.028857 0.406000 137 138 132
-0.179828 0.028857 0.406000 143 143 139
-0.178779 0.028857 0.406000 161 161 157
-0.177729 0.028857 0.406000 191 188 185
-0.176680 0.028857 0.406000 179 176 173
-0.175630 0.028857 0.406000 174 174 174
-0.174581 0.028857 0.406000 175 175 175
-0.173531 0.028857 0.406000 178 181 180
-0.172907 0.028928 0.407000 179 182 181
-0.171854 0.028928 0.407000 159 162 163
-0.170802 0.028928 0.407000 156 159 160
-0.182977 0.029908 0.406000 142 144 135
-0.181927 0.029908 0.406000 140 141 135
-0.180878 0.029908 0.406000 155 156 150
-0.179828 0.029908 0.406000 188 189 183
-0.178779 0.029908 0.406000 180 181 175
-0.177729 0.029908 0.406000 178 179 175
-0.176680 0.029908 0.406000 175 176 172
-0.175630 0.029908 0.406000 178 181 180
-0.174581 0.029908 0.406000 174 177 176
-0.173531 0.029908 0.406000 172 175 174
-0.172482 0.029908 0.406000 162 165 164
-0.185076 0.030959 0.406000 144 144 138
-0.184026 0.030959 0.406000 136 136 130
-0.182977 0.030959 0.406000 141 141 135
-0.181927 0.030959 0.406000 168 169 165
-0.180878 0.030959 0.406000 196 197 193
-0.179828 0.030959 0.406000 183 184 180
-0.178779 0.030959 0.406000 176 177 173
-0.177729 0.030959 0.406000 176 179 180
-0.176680 0.030959 0.406000 176 179 180
-0.175630 0.030959 0.406000 179 182 183
-0.174581 0.030959 0.406000 166 169 170
-0.186125 0.032010 0.406000 142 139 134
-0.182526 0.031931 0.405000 193 193 187
-0.181479 0.031931 0.405000 182 183 179
-0.180432 0.031931 0.405000 178 179 175
-0.179828 0.032010 0.406000 177 180 181
-0.178779 0.032010 0.406000 177 180 181
-0.177729 0.032010 0.406000 174 180 180
-0.176680 0.032010 0.406000 167 173 173
-0.175630 0.032010 0.406000 160 163 162
-0.188224 0.033061 0.406000 147 148 139
-0.187175 0.033061 0.406000 145 146 137
-0.186125 0.033061 0.406000 158 155 150
-0.183573 0.032979 0.405000 199 199 199
-0.182526 0.032979 0.405000 180 180 180
-0.181479 0.032979 0.405000 176 176 178
-0.180432 0.032979 0.405000 178 178 180
-0.179385 0.032979 0.405000 176 179 182
-0.178338 0.032979 0.405000 174 177 180
-0.177729 0.033061 0.406000 161 169 168
-0.190323 0.034112 0.406000 137 138 132
-0.189274 0.034112 0.406000 146 147 141
-0.188224 0.034112 0.406000 153 154 145
-0.186714 0.034028 0.405000 186 187 178
-0.183573 0.034028 0.405000 174 177 176
-0.182526 0.034028 0.405000 176 179 178
-0.181479 0.034028 0.405000 178 181 182
-0.180432 0.034028 0.405000 178 181 182
-0.179385 0.034028 0.405000 165 168 171
-0.178779 0.034112 0.406000 157 160 163
-0.192422 0.035163 0.406000 138 139 133
-0.191373 0.035163 0.406000 144 145 139
-0.188807 0.035076 0.405000 181 185 178
-0.187761 0.035076 0.405000 193 194 190
-0.186714 0.035076 0.405000 187 188 184
-0.185667 0.035076 0.405000 179 182 181
-0.184164 0.034990 0.404000 178 181 180
-0.183573 0.035076 0.405000 174 180 180
-0.182526 0.035076 0.405000 170 176 176
-0.181479 0.035076 0.405000 170 176 176
-0.180432 0.035076 0.405000 160 166 166
-0.194521 0.036214 0.406000 144 145 139
-0.193472 0.036214 0.406000 144 145 139
-0.187761 0.036124 0.405000 174 178 173
-0.186253 0.036035 0.404000 173 177 172
-0.185208 0.036035 0.404000 171 177 175
-0.184164 0.036035 0.404000 170 176 174
-0.182526 0.036124 0.405000 164 170 170
-0.181479 0.036124 0.405000 161 167 167
-0.197183 0.037173 0.405000 139 140 134
-0.196136 0.037173 0.405000 137 138 134
-0.195089 0.037173 0.405000 145 146 142
-0.194042 0.037173 0.405000 167 168 162
-0.192995 0.037173 0.405000 189 190 184
-0.187297 0.037081 0.404000 170 177 171
-0.186253 0.037081 0.404000 169 176 170
-0.185208 0.037081 0.404000 167 174 168
-0.184164 0.037081 0.404000 163 170 164
-0.199277 0.038221 0.405000 148 145 140
-0.198230 0.038221 0.405000 140 141 137
-0.197183 0.038221 0.405000 150 151 147
-0.196136 0.038221 0.405000 171 175 170
-0.195089 0.038221 0.405000 184 188 183
-0.194042 0.038221 0.405000 186 190 185
-0.192995 0.038221 0.405000 183 187 182
-0.191474 0.038127 0.404000 177 181 176
-0.190430 0.038127 0.404000 172 176 171
-0.189386 0.038127 0.404000 173 177 172
-0.188341 0.038127 0.404000 173 177 172
-0.187297 0.038127 0.404000 170 177 171
-0.186253 0.038127 0.404000 165 172 166
-0.201418 0.039076 0.403000 146 143 140
-0.200376 0.039076 0.403000 140 137 134
-0.199829 0.039173 0.404000 141 141 135
-0.195652 0.039173 0.404000 186 192 190
-0.194607 0.039173 0.404000 177 183 181
-0.193563 0.039173 0.404000 170 178 175
-0.192519 0.039173 0.404000 170 178 175
-0.191474 0.039173 0.404000 171 177 175
-0.190430 0.039173 0.404000 165 171 169
-0.189386 0.039173 0.404000 162 169 163
-0.188341 0.039173 0.404000 160 167 161
-0.204035 0.040019 0.402000 147 147 143
-0.202996 0.040019 0.402000 144 144 140
-0.201957 0.040019 0.402000 141 141 137
-0.200918 0.040019 0.402000 152 153 149
-0.196209 0.040119 0.403000 172 178 180
-0.195167 0.040119 0.403000 169 175 177
-0.193084 0.040119 0.403000 172 178 178
-0.192042 0.040119 0.403000 167 173 173
-0.190430 0.040218 0.404000 161 167 165
-0.208184 0.041264 0.404000 140 141 137
-0.206114 0.041060 0.402000 139 140 136
-0.205075 0.041060 0.402000 137 138 134
-0.204035 0.041060 0.402000 154 155 151
-0.202996 0.041060 0.402000 173 174 170
-0.201957 0.041060 0.402000 187 188 184
-0.200918 0.041060 0.402000 195 195 195
-0.199879 0.041060 0.402000 193 193 193
-0.198840 0.041060 0.402000 184 187 188
-0.196761 0.041060 0.402000 170 173 176
-0.196209 0.041162 0.403000 170 173 176
-0.195167 0.041162 0.403000 167 170 173
-0.194126 0.041162 0.403000 167 170 173
-0.212887 0.042415 0.405000 140 144 139
-0.211840 0.042415 0.405000 135 139 134
-0.210793 0.042415 0.405000 138 142 137
-0.209228 0.042310 0.404000 143 147 142
-0.207668 0.042205 0.403000 150 151 147
-0.206114 0.042100 0.402000 173 174 170
-0.205075 0.042100 0.402000 189 190 186
-0.204035 0.042100 0.402000 193 194 190
-0.202996 0.042100 0.402000 187 191 186
-0.201957 0.042100 0.402000 179 183 178
-0.200918 0.042100 0.402000 173 176 175
-0.199879 0.042100 0.402000 171 174 173
-0.198840 0.042100 0.402000 171 174 175
-0.197801 0.042100 0.402000 167 170 171
-0.196761 0.042100 0.402000 165 168 169
-0.195722 0.042100 0.402000 165 168 169
-0.216561 0.043570 0.406000 139 140 136
-0.214980 0.043463 0.405000 140 141 137
-0.213933 0.043463 0.405000 145 146 142
-0.212887 0.043463 0.405000 157 158 154
-0.211840 0.043463 0.405000 172 173 169
-0.210272 0.043356 0.404000 183 187 182
-0.209228 0.043356 0.404000 190 194 189
-0.207668 0.043248 0.403000 190 193 192
-0.206114 0.043141 0.402000 183 186 185
-0.205075 0.043141 0.402000 181 184 183
-0.204035 0.043141 0.402000 171 174 173
-0.202996 0.043141 0.402000 170 174 169
-0.201957 0.043141 0.402000 170 174 169
-0.200918 0.043141 0.402000 170 174 169
-0.199879 0.043141 0.402000 170 174 169
-0.198840 0.043141 0.402000 168 169 165
-0.221808 0.044621 0.406000 140 144 139
-0.220759 0.044621 0.406000 138 142 137
-0.219709 0.044621 0.406000 138 142 135
-0.218660 0.044621 0.406000 148 152 145
-0.217610 0.044621 0.406000 160 161 155
-0.216561 0.044621 0.406000 168 169 163
-0.214980 0.044511 0.405000 183 184 180
-0.213933 0.044511 0.405000 195 196 192
-0.212887 0.044511 0.405000 192 192 192
-0.211840 0.044511 0.405000 183 183 183
-0.210272 0.044401 0.404000 178 181 180
-0.209228 0.044401 0.404000 172 175 174
-0.207668 0.044291 0.403000 167 170 169
-0.206114 0.044182 0.402000 166 169 168
-0.205075 0.044182 0.402000 171 174 173
-0.204035 0.044182 0.402000 166 169 168
-0.202996 0.044182 0.402000 166 170 165
-0.201957 0.044182 0.402000 167 171 166
-0.226006 0.045672 0.406000 140 137 134
-0.224957 0.045672 0.406000 142 139 136
-0.223907 0.045672 0.406000 142 143 139
-0.222858 0.045672 0.406000 146 147 143
-0.221808 0.045672 0.406000 165 171 169
-0.220759 0.045672 0.406000 183 189 187
-0.219709 0.045672 0.406000 189 196 190
-0.218660 0.045672 0.406000 188 195 189
-0.217610 0.045672 0.406000 186 190 185
-0.216561 0.045672 0.406000 180 184 179
-0.214980 0.045560 0.405000 173 177 172
-0.213933 0.045560 0.405000 171 175 170
-0.212887 0.045560 0.405000 172 173 169
-0.211840 0.045560 0.405000 171 172 168
-0.210793 0.045560 0.405000 168 169 165
-0.209228 0.045447 0.404000 168 169 165
-0.207668 0.045335 0.403000 168 168 168
-0.206626 0.045335 0.403000 166 166 166
-0.205075 0.045222 0.402000 164 168 163
-0.232303 0.046723 0.406000 143 144 140
-0.231254 0.046723 0.406000 140 141 137
-0.230204 0.046723 0.406000 142 143 139
-0.229155 0.046723 0.406000 145 146 142
-0.228105 0.046723 0.406000 158 157 157
-0.227056 0.046723 0.406000 175 174 174
-0.226006 0.046723 0.406000 183 183 179
-0.224957 0.046723 0.406000 189 189 185
-0.223907 0.046723 0.406000 192 192 192
-0.222858 0.046723 0.406000 192 192 192
-0.221808 0.046723 0.406000 181 184 183
-0.220759 0.046723 0.406000 177 180 179
-0.219709 0.046723 0.406000 177 183 181
-0.218660 0.046723 0.406000 162 168 166
-0.217610 0.046723 0.406000 170 174 169
-0.216027 0.046608 0.405000 166 170 165
-0.214980 0.046608 0.405000 165 166 162
-0.213933 0.046608 0.405000 171 172 168
-0.212887 0.046608 0.405000 170 170 166
-0.211840 0.046608 0.405000 169 169 165
-0.239650 0.047774 0.406000 143 144 140
-0.238600 0.047774 0.406000 143 144 140
-0.237551 0.047774 0.406000 140 141 137
-0.236501 0.047774 0.406000 139 140 136
-0.235452 0.047774 0.406000 142 143 139
-0.234402 0.047774 0.406000 149 153 148
-0.233353 0.047774 0.406000 153 157 152
-0.232303 0.047774 0.406000 158 162 157
-0.231254 0.047774 0.406000 170 174 169
-0.230204 0.047774 0.406000 181 182 178
-0.229155 0.047774 0.406000 188 189 185
-0.228105 0.047774 0.406000 190 191 187
-0.227056 0.047774 0.406000 186 187 183
-0.226006 0.047774 0.406000 182 183 179
-0.224957 0.047774 0.406000 178 179 175
-0.223907 0.047774 0.406000 169 173 168
-0.222858 0.047774 0.406000 167 171 166
-0.221808 0.047774 0.406000 158 164 162
-0.220759 0.047774 0.406000 160 166 164
-0.219709 0.047774 0.406000 164 171 165
-0.244897 0.048825 0.406000 134 141 135
-0.243848 0.048825 0.406000 136 143 137
-0.242798 0.048825 0.406000 138 145 139
-0.241749 0.048825 0.406000 141 148 142
-0.240699 0.048825 0.406000 145 149 142
-0.239650 0.048825 0.406000 152 156 149
-0.238600 0.048825 0.406000 165 169 162
-0.237551 0.048825 0.406000 178 182 175
-0.236501 0.048825 0.406000 184 188 181
-0.235452 0.048825 0.406000 185 189 182
-0.234402 0.048825 0.406000 186 190 183
-0.233353 0.048825 0.406000 184 188 181
-0.232303 0.048825 0.406000 180 184 177
-0.231254 0.048825 0.406000 171 175 168
-0.230204 0.048825 0.406000 169 173 166
-0.229155 0.048825 0.406000 167 171 164
-0.228105 0.048825 0.406000 167 171 164
-0.227056 0.048825 0.406000 165 169 162
-0.226006 0.048825 0.406000 162 166 159
-0.224957 0.048825 0.406000 160 164 157
-0.223907 0.048825 0.406000 160 164 159
-0.222858 0.048825 0.406000 160 164 159
-0.296323 0.049876 0.406000 140 148 147
-0.295273 0.049876 0.406000 135 143 142
-0.252244 0.049876 0.406000 135 142 136
-0.251194 0.049876 0.406000 137 141 134
-0.250145 0.049876 0.406000 138 142 135
-0.249095 0.049876 0.406000 143 145 136
-0.248046 0.049876 0.406000 149 151 142
-0.246996 0.049876 0.406000 158 160 151
-0.245947 0.049876 0.406000 167 169 160
-0.244897 0.049876 0.406000 170 174 167
-0.243848 0.049876 0.406000 174 178 171
-0.242798 0.049876 0.406000 177 184 176
-0.241749 0.049876 0.406000 182 189 181
-0.240699 0.049876 0.406000 183 190 182
-0.239650 0.049876 0.406000 182 189 181
-0.238600 0.049876 0.406000 176 180 173
-0.237551 0.049876 0.406000 167 171 164
-0.236501 0.049876 0.406000 169 173 166
-0.235452 0.049876 0.406000 165 169 162
-0.234402 0.049876 0.406000 163 167 160
-0.233353 0.049876 0.406000 159 163 156
-0.232303 0.049876 0.406000 162 166 159
-0.231254 0.049876 0.406000 163 167 160
-0.230204 0.049876 0.406000 163 167 160
-0.229155 0.049876 0.406000 160 164 157
-0.228105 0.049876 0.406000 156 163 157
-0.227056 0.049876 0.406000 161 168 162
-0.226006 0.049876 0.406000 156 163 157
-0.296323 0.050927 0.406000 150 156 156
-0.294546 0.050801 0.405000 125 131 129
-0.293499 0.050801 0.405000 104 110 108
-0.292452 0.050801 0.405000 126 132 130
-0.291405 0.050801 0.405000 138 144 142
-0.290358 0.050801 0.405000 135 144 137
-0.289311 0.050801 0.405000 137 146 139
-0.265887 0.050927 0.406000 138 142 137
-0.264838 0.050927 0.406000 140 144 139
-0.263788 0.050927 0.406000 144 145 141
-0.262739 0.050927 0.406000 145 146 142
-0.261689 0.050927 0.406000 143 144 138
-0.260640 0.050927 0.406000 143 144 138
-0.259590 0.050927 0.406000 152 153 147
-0.258541 0.050927 0.406000 149 150 144
-0.257491 0.050927 0.406000 150 151 145
-0.251622 0.050801 0.405000 172 179 173
-0.250575 0.050801 0.405000 179 183 176
-0.248482 0.050801 0.405000 180 185 175
-0.246996 0.050927 0.406000 173 178 168
-0.245947 0.050927 0.406000 172 177 167
-0.244897 0.050927 0.406000 173 177 170
-0.243848 0.050927 0.406000 173 177 170
-0.242798 0.050927 0.406000 170 174 167
-0.241749 0.050927 0.406000 163 167 160
-0.240699 0.050927 0.406000 165 169 162
-0.239650 0.050927 0.406000 165 169 162
-0.238600 0.050927 0.406000 165 169 162
-0.237551 0.050927 0.406000 162 166 159
-0.236501 0.050927 0.406000 162 163 157
-0.235452 0.050927 0.406000 162 163 157
-0.234402 0.050927 0.406000 162 163 157
-0.233353 0.050927 0.406000 159 160 154
-0.232303 0.050927 0.406000 160 161 155
-0.231254 0.050927 0.406000 159 160 154
-0.230204 0.050927 0.406000 159 163 156
-0.297372 0.051978 0.406000 147 150 149
-0.295593 0.051850 0.405000 159 162 161
-0.294546 0.051850 0.405000 162 165 164
-0.293499 0.051850 0.405000 158 161 160
-0.292452 0.051850 0.405000 158 162 157
-0.291405 0.051850 0.405000 151 155 150
-0.290358 0.051850 0.405000 141 147 145
-0.289311 0.051850 0.405000 143 149 147
-0.288264 0.051850 0.405000 138 145 139
-0.287217 0.051850 0.405000 139 146 140
-0.286171 0.051850 0.405000 141 148 142
-0.285828 0.051978 0.406000 140 147 141
-0.284778 0.051978 0.406000 139 148 141
-0.283729 0.051978 0.406000 138 147 140
-0.282679 0.051978 0.406000 137 146 139
-0.281630 0.051978 0.406000 141 150 143
-0.274283 0.051978 0.406000 139 150 146
-0.273234 0.051978 0.406000 138 149 145
-0.272184 0.051978 0.406000 145 156 152
-0.271135 0.051978 0.406000 143 154 150
-0.270085 0.051978 0.406000 144 155 151
-0.269036 0.051978 0.406000 153 164 160
-0.267986 0.051978 0.406000 152 161 154
-0.266937 0.051978 0.406000 160 169 162
-0.265887 0.051978 0.406000 167 171 166
-0.264838 0.051978 0.406000 169 173 168
-0.263788 0.051978 0.406000 173 174 170
-0.262739 0.051978 0.406000 174 175 171
-0.261689 0.051978 0.406000 175 175 171
-0.251622 0.051850 0.405000 164 165 159
-0.250575 0.051850 0.405000 165 166 160
-0.249529 0.051850 0.405000 167 168 162
-0.248482 0.051850 0.405000 164 168 161
-0.247435 0.051850 0.405000 165 169 162
-0.245947 0.051978 0.406000 160 165 155
-0.244897 0.051978 0.406000 165 167 158
-0.243848 0.051978 0.406000 165 167 158
-0.242798 0.051978 0.406000 161 162 156
-0.241749 0.051978 0.406000 160 161 155
-0.240699 0.051978 0.406000 162 162 156
-0.239650 0.051978 0.406000 159 159 153
-0.238600 0.051978 0.406000 162 162 156
-0.237551 0.051978 0.406000 160 160 154
-0.236501 0.051978 0.406000 157 158 152
-0.235452 0.051978 0.406000 155 156 150
-0.234402 0.051978 0.406000 154 155 149
-0.295593 0.052898 0.405000 127 126 126
-0.294546 0.052898 0.405000 139 136 133
-0.293499 0.052898 0.405000 143 140 137
-0.292452 0.052898 0.405000 144 145 141
-0.291405 0.052898 0.405000 145 146 142
-0.290358 0.052898 0.405000 145 145 145
-0.289311 0.052898 0.405000 147 147 147
-0.288264 0.052898 0.405000 151 154 153
-0.287217 0.052898 0.405000 147 150 149
-0.286171 0.052898 0.405000 145 149 144
-0.285124 0.052898 0.405000 144 148 143
-0.284778 0.053029 0.406000 144 148 143
-0.283729 0.053029 0.406000 145 149 144
-0.282679 0.053029 0.406000 145 149 144
-0.281630 0.053029 0.406000 149 153 148
-0.280580 0.053029 0.406000 150 154 149
-0.279531 0.053029 0.406000 153 157 152
-0.278481 0.053029 0.406000 148 155 149
-0.277432 0.053029 0.406000 149 156 150
-0.276382 0.053029 0.406000 154 161 155
-0.275333 0.053029 0.406000 158 165 159
-0.274283 0.053029 0.406000 158 165 159
-0.273234 0.053029 0.406000 155 162 156
-0.272184 0.053029 0.406000 151 158 152
-0.271135 0.053029 0.406000 151 158 152
-0.270085 0.053029 0.406000 150 157 151
-0.269036 0.053029 0.406000 151 158 152
-0.267986 0.053029 0.406000 156 160 153
-0.266937 0.053029 0.406000 153 157 150
-0.265887 0.053029 0.406000 155 156 150
-0.264838 0.053029 0.406000 155 156 150
-0.263788 0.053029 0.406000 155 155 149
-0.262092 0.052898 0.405000 154 154 148
-0.261045 0.052898 0.405000 153 153 147
-0.251622 0.052898 0.405000 163 160 155
-0.250575 0.052898 0.405000 163 160 155
-0.249529 0.052898 0.405000 162 159 154
-0.244294 0.052898 0.405000 159 159 153
-0.243848 0.053029 0.406000 160 160 154
-0.242200 0.052898 0.405000 155 155 149
-0.241749 0.053029 0.406000 154 154 148
-0.240106 0.052898 0.405000 153 153 147
-0.239650 0.053029 0.406000 153 153 147
-0.238600 0.053029 0.406000 155 155 151
-0.294546 0.053946 0.405000 134 134 130
-0.292774 0.053813 0.404000 133 133 129
-0.291730 0.053813 0.404000 132 132 128
-0.290686 0.053813 0.404000 132 132 128
-0.289641 0.053813 0.404000 128 129 125
-0.288597 0.053813 0.404000 128 129 125
-0.287553 0.053813 0.404000 130 131 127
-0.285124 0.053946 0.405000 143 144 140
-0.284778 0.054080 0.406000 142 143 139
-0.283030 0.053946 0.405000 142 143 139
-0.282679 0.054080 0.406000 140 141 137
-0.281630 0.054080 0.406000 143 144 140
-0.280580 0.054080 0.406000 144 145 141
-0.279531 0.054080 0.406000 140 141 137
-0.278481 0.054080 0.406000 138 139 135
-0.277432 0.054080 0.406000 146 147 143
-0.276382 0.054080 0.406000 146 147 143
-0.275333 0.054080 0.406000 146 147 143
-0.274283 0.054080 0.406000 145 146 142
-0.273234 0.054080 0.406000 146 147 143
-0.272184 0.054080 0.406000 149 150 146
-0.271135 0.054080 0.406000 153 154 150
-0.270085 0.054080 0.406000 154 155 149
-0.269036 0.054080 0.406000 153 154 148
-0.267986 0.054080 0.406000 155 157 148
-0.266937 0.054080 0.406000 152 154 145
-0.265887 0.054080 0.406000 153 154 145
-0.264185 0.053946 0.405000 153 154 145
-0.263138 0.053946 0.405000 153 154 145
-0.262092 0.053946 0.405000 152 153 144
-0.261045 0.053946 0.405000 154 151 146
-0.259998 0.053946 0.405000 157 154 149
-0.258951 0.053946 0.405000 157 155 147
