ply
format ascii 1.0
element vertex 2901
property float x
property float y
property float z
property uchar red
property uchar green
property uchar blue
end_header
0.382858 0.144707 0.504484 160 136 138
0.381234 0.144986 0.504218 200 176 178
0.379609 0.145266 0.503952 213 204 199
0.377985 0.145545 0.503686 147 138 133
0.376710 0.146800 0.503618 95 91 82
0.385752 0.143520 0.506523 106 80 76
0.384127 0.143799 0.506257 191 165 161
0.382144 0.143105 0.505790 224 193 191
0.380522 0.143384 0.505524 218 187 185
0.379254 0.144637 0.505460 255 251 242
0.377630 0.144916 0.505194 239 228 219
0.376355 0.146169 0.505128 140 136 125
0.374728 0.146449 0.504862 105 101 90
0.385397 0.142891 0.508031 209 193 190
0.383411 0.142199 0.507560 243 227 224
0.381790 0.142477 0.507295 234 206 203
0.380168 0.142756 0.507029 209 181 178
0.378546 0.143035 0.506764 255 253 239
0.377275 0.144287 0.506701 255 251 237
0.375999 0.145539 0.506638 193 187 172
0.374718 0.146793 0.506573 124 118 103
0.388290 0.141703 0.510070 172 176 169
0.386666 0.141982 0.509804 248 252 245
0.385042 0.142262 0.509538 255 252 246
0.383057 0.141570 0.509066 242 235 229
0.381435 0.141849 0.508800 186 167 163
0.380169 0.143099 0.508741 187 168 164
0.378545 0.143378 0.508475 238 229 210
0.377271 0.144630 0.508414 255 250 231
0.375644 0.144909 0.508148 247 245 222
0.375053 0.148108 0.508494 149 147 124
0.389930 0.141762 0.512054 55 56 50
0.387935 0.141074 0.511578 175 184 177
0.386311 0.141353 0.511312 248 255 250
0.384687 0.141632 0.511046 252 255 247
0.383062 0.141912 0.510780 243 248 238
0.381438 0.142191 0.510514 184 170 166
0.379814 0.142470 0.510248 194 180 176
0.378542 0.143720 0.510190 194 181 168
0.377265 0.144971 0.510131 206 193 180
0.376330 0.147194 0.510279 245 240 220
0.375040 0.148447 0.510218 219 214 194
0.393951 0.143470 0.514739 60 60 54
0.391945 0.142785 0.514258 74 71 66
0.389944 0.142099 0.513777 68 65 60
0.387947 0.141412 0.513298 71 75 70
0.386320 0.141692 0.513032 192 196 191
0.384332 0.141003 0.512553 252 255 247
0.383067 0.142251 0.512499 252 255 247
0.381440 0.142531 0.512233 245 238 230
0.379813 0.142810 0.511966 177 170 162
0.378890 0.145029 0.512120 202 182 172
0.377607 0.146280 0.512063 195 175 165
0.376666 0.148502 0.512214 203 191 175
0.375027 0.148784 0.511946 142 130 114
0.395605 0.143521 0.516740 69 69 63
0.393594 0.142837 0.516255 76 76 70
0.391960 0.143118 0.515988 80 75 71
0.389587 0.141468 0.515290 86 81 77
0.387958 0.141748 0.515023 72 69 64
0.386329 0.142028 0.514756 99 96 91
0.384699 0.142308 0.514489 233 233 227
0.383070 0.142588 0.514223 255 255 249
0.381797 0.143836 0.514169 255 253 242
0.380519 0.145085 0.514115 230 226 215
0.379236 0.146334 0.514060 205 190 178
0.377947 0.147585 0.514004 209 194 182
0.376654 0.148836 0.513948 137 127 115
0.397262 0.143568 0.518746 69 70 64
0.395623 0.143850 0.518478 77 75 67
0.393610 0.143168 0.517991 83 81 73
0.391973 0.143449 0.517723 101 99 89
0.390336 0.143731 0.517455 107 105 95
0.388334 0.143047 0.516970 106 104 96
0.387062 0.144294 0.516919 85 83 75
0.385426 0.144575 0.516651 147 129 137
0.383789 0.144856 0.516383 255 240 248
0.382507 0.146105 0.516331 255 252 247
0.380868 0.146386 0.516063 255 247 242
0.379579 0.147636 0.516009 215 204 195
0.378285 0.148886 0.515955 123 112 103
0.398924 0.143613 0.520759 69 71 62
0.396904 0.142933 0.520268 69 71 62
0.395265 0.143215 0.520000 83 79 70
0.393625 0.143497 0.519731 99 95 86
0.391986 0.143779 0.519463 108 106 96
0.390346 0.144060 0.519194 89 87 77
0.388707 0.144342 0.518926 97 95 85
0.387430 0.145589 0.518877 87 85 75
0.385788 0.145871 0.518608 70 54 63
0.384504 0.147119 0.518558 149 133 142
0.382859 0.147401 0.518289 238 218 221
0.381568 0.148650 0.518237 206 186 189
0.379921 0.148933 0.517967 94 87 81
0.400589 0.143655 0.522776 55 57 46
0.398945 0.143937 0.522507 77 75 65
0.396923 0.143259 0.522014 78 76 66
0.395281 0.143541 0.521745 93 89 80
0.393639 0.143824 0.521476 92 88 79
0.392367 0.145068 0.521430 76 72 63
0.390723 0.145351 0.521161 81 77 68
0.389443 0.146597 0.521114 85 83 73
0.387796 0.146880 0.520844 82 80 70
0.386149 0.147163 0.520575 72 67 63
0.384859 0.148411 0.520526 69 64 60
0.383209 0.148694 0.520256 78 68 68
0.400612 0.143977 0.524530 69 70 59
0.398965 0.144260 0.524260 83 84 71
0.397318 0.144543 0.523990 81 82 69
0.395671 0.144826 0.523721 80 78 68
0.394024 0.145110 0.523451 79 77 67
0.392377 0.145393 0.523182 83 79 70
0.390730 0.145676 0.522912 78 74 65
0.389447 0.146921 0.522867 79 77 67
0.387797 0.147205 0.522597 78 76 66
0.386148 0.147488 0.522327 75 73 65
0.384498 0.147772 0.522057 65 63 55
0.402283 0.144014 0.526558 68 70 59
0.400633 0.144297 0.526288 87 89 78
0.398605 0.143622 0.525789 92 93 80
0.396958 0.143905 0.525519 80 81 68
0.395311 0.144189 0.525249 83 81 69
0.392385 0.145715 0.524938 78 76 66
0.390736 0.145999 0.524668 76 74 64
0.389086 0.146282 0.524398 74 72 62
0.403572 0.143091 0.528359 46 50 45
0.401922 0.143375 0.528089 66 68 59
0.400273 0.143658 0.527819 74 76 67
0.398623 0.143942 0.527549 84 86 73
0.396974 0.144226 0.527279 82 84 71
0.395324 0.144509 0.527009 80 81 68
0.393675 0.144793 0.526739 78 79 66
0.392025 0.145076 0.526469 74 75 64
0.390376 0.145360 0.526199 70 71 60
0.405248 0.143124 0.530395 56 60 55
0.403596 0.143408 0.530125 63 67 62
0.401562 0.142736 0.529620 65 69 62
0.399912 0.143020 0.529350 67 71 64
0.398263 0.143303 0.529080 75 80 70
0.396613 0.143587 0.528810 74 79 69
0.394964 0.143870 0.528540 73 75 64
0.393684 0.145112 0.528502 65 67 56
0.392032 0.145396 0.528232 61 62 51
0.408191 0.141916 0.532470 42 47 35
0.406539 0.142200 0.532199 48 53 41
0.404887 0.142484 0.531929 64 69 59
0.403235 0.142768 0.531658 65 70 60
0.401583 0.143052 0.531388 66 70 63
0.399931 0.143336 0.531117 53 57 50
0.398279 0.143620 0.530847 55 59 52
0.413186 0.141375 0.535057 79 98 68
0.411531 0.141659 0.534786 120 138 103
0.409877 0.141944 0.534515 90 108 73
0.408222 0.142228 0.534244 70 81 60
0.406568 0.142513 0.533973 47 58 37
0.405300 0.143750 0.533942 61 69 58
0.403642 0.144035 0.533671 58 66 55
0.416537 0.141114 0.537379 54 69 42
0.414479 0.140450 0.536863 90 121 68
0.412824 0.140734 0.536592 117 148 95
0.411566 0.141969 0.536566 142 174 114
0.409909 0.142254 0.536294 144 176 116
0.408252 0.142539 0.536023 126 149 113
0.406595 0.142823 0.535752 75 98 62
0.404937 0.143108 0.535480 43 56 43
0.417832 0.140188 0.539189 72 98 47
0.416175 0.140472 0.538917 109 135 84
0.414518 0.140757 0.538646 132 170 97
0.412861 0.141042 0.538375 144 182 109
0.411204 0.141327 0.538103 144 184 115
0.409547 0.141612 0.537832 142 182 113
0.407890 0.141897 0.537561 116 144 106
0.406620 0.143132 0.537535 61 89 51
0.421194 0.139922 0.541520 51 68 29
0.419535 0.140207 0.541249 93 110 71
0.417470 0.139546 0.540727 123 156 89
0.415813 0.139831 0.540455 137 170 103
0.414156 0.140115 0.540184 141 182 106
0.412499 0.140400 0.539913 144 185 109
0.410842 0.140685 0.539641 135 174 110
0.409577 0.141919 0.539619 84 123 59
0.407917 0.142204 0.539347 42 64 35
0.422903 0.139938 0.543587 75 88 57
0.421241 0.140224 0.543314 112 139 81
0.419579 0.140509 0.543042 135 162 104
0.417512 0.139850 0.542517 139 177 102
0.415853 0.140135 0.542246 144 182 107
0.414193 0.140420 0.541974 144 185 111
0.412931 0.141652 0.541954 122 163 89
0.411268 0.141938 0.541682 67 97 49
0.409606 0.142224 0.541410 25 55 7
0.425030 0.140894 0.545915 81 107 56
0.422952 0.140237 0.545386 114 140 89
0.420878 0.139580 0.544857 131 167 92
0.419216 0.139866 0.544585 144 180 105
0.417554 0.140151 0.544313 144 182 107
0.415892 0.140437 0.544041 141 179 104
0.414229 0.140723 0.543769 98 131 73
0.412964 0.141954 0.543751 49 82 24
0.428419 0.140616 0.548268 46 65 25
0.426749 0.140903 0.547995 97 116 76
0.424666 0.140248 0.547462 119 156 88
0.422999 0.140535 0.547189 127 164 96
0.421332 0.140822 0.546917 139 180 102
0.419665 0.141108 0.546644 146 187 109
0.417594 0.140451 0.546113 127 163 98
0.416330 0.141681 0.546098 65 101 36
0.414663 0.141968 0.545825 34 57 23
0.429724 0.139683 0.550091 71 84 53
0.428054 0.139970 0.549818 107 134 74
0.426384 0.140257 0.549545 137 164 104
0.424715 0.140544 0.549271 137 175 98
0.422635 0.139889 0.548737 143 181 104
0.420967 0.140176 0.548464 141 182 108
0.419300 0.140463 0.548191 111 152 78
0.418036 0.141692 0.548178 49 76 29
0.416366 0.141979 0.547905 26 53 6
0.432698 0.138462 0.552188 37 47 24
0.431029 0.138749 0.551914 84 103 50
0.429359 0.139036 0.551641 125 144 91
0.427689 0.139323 0.551368 138 169 94
0.426020 0.139610 0.551094 145 176 101
0.424350 0.139897 0.550821 146 184 109
0.422680 0.140184 0.550548 139 177 102
0.421011 0.140471 0.550274 93 127 64
0.419341 0.140758 0.550001 41 75 12
0.418074 0.141987 0.549990 31 49 16
0.434003 0.137528 0.554011 50 65 22
0.432334 0.137815 0.553737 100 115 72
0.430664 0.138102 0.553464 128 154 83
0.428994 0.138389 0.553191 148 174 103
0.427324 0.138676 0.552917 150 184 108
0.425655 0.138963 0.552644 150 184 108
0.424397 0.140189 0.552637 127 162 94
0.422725 0.140477 0.552363 60 95 27
0.421053 0.140764 0.552089 35 56 14
0.419380 0.141052 0.551816 31 52 10
0.435737 0.137529 0.556105 65 80 51
0.433638 0.136882 0.555560 114 141 81
0.431969 0.137169 0.555287 133 160 100
0.430299 0.137456 0.555014 146 181 102
0.428629 0.137743 0.554740 149 184 105
0.427376 0.138967 0.554736 145 181 106
0.425704 0.139254 0.554463 109 145 70
0.424032 0.139542 0.554189 45 70 24
0.422768 0.140767 0.554183 29 54 8
0.438716 0.136307 0.558205 29 40 19
0.437044 0.136594 0.557931 75 100 52
0.435372 0.136882 0.557657 123 148 100
0.433699 0.137169 0.557383 136 170 96
0.432027 0.137457 0.557110 150 184 110
0.430355 0.137744 0.556836 151 188 108
0.428683 0.138032 0.556562 137 174 94
0.427011 0.138319 0.556288 81 112 55
0.425752 0.139543 0.556286 33 64 7
0.424077 0.139831 0.556012 32 49 23
0.440458 0.136303 0.560308 33 54 16
0.438784 0.136591 0.560034 87 108 70
0.437109 0.136879 0.559759 122 151 88
0.435434 0.137167 0.559485 145 174 111
0.433759 0.137455 0.559211 147 181 105
0.432085 0.137743 0.558937 154 188 112
0.430410 0.138031 0.558663 127 162 94
0.428735 0.138319 0.558389 63 98 30
0.427060 0.138607 0.558115 27 47 12
0.425386 0.138894 0.557840 33 53 18
0.441767 0.135367 0.562136 41 54 23
0.440092 0.135655 0.561862 91 118 60
0.438418 0.135943 0.561588 121 148 90
0.436743 0.136231 0.561314 143 179 104
0.435068 0.136518 0.561040 150 186 111
0.433393 0.136806 0.560766 150 186 111
0.431719 0.137094 0.560491 119 155 80
0.430044 0.137382 0.560217 49 71 24
0.428786 0.138604 0.560220 27 49 2
0.443515 0.135359 0.564248 47 68 18
0.441838 0.135648 0.563973 100 121 71
0.440161 0.135936 0.563699 124 158 84
0.438484 0.136224 0.563424 142 176 102
0.436806 0.136513 0.563149 150 188 113
0.435129 0.136801 0.562875 143 181 106
0.433452 0.137089 0.562600 99 133 70
0.431774 0.137378 0.562326 36 70 7
0.430097 0.137666 0.562051 40 50 23
0.444826 0.134421 0.566079 60 71 41
0.443149 0.134710 0.565804 110 137 77
0.441472 0.134998 0.565530 137 164 104
0.439794 0.135286 0.565255 141 179 104
0.438117 0.135575 0.564981 144 182 107
0.436868 0.136793 0.564990 140 177 107
0.435189 0.137081 0.564715 86 123 53
0.433509 0.137370 0.564440 32 56 13
0.431829 0.137659 0.564165 26 50 7
0.446137 0.133483 0.567910 59 79 34
0.444460 0.133772 0.567636 117 137 92
0.443221 0.134987 0.567649 135 171 96
0.441541 0.135276 0.567374 142 178 103
0.439861 0.135564 0.567099 147 185 110
0.438181 0.135853 0.566824 135 173 98
0.436501 0.136142 0.566549 80 113 57
0.434822 0.136431 0.566274 28 61 5
0.433142 0.136720 0.565999 37 52 25
0.447893 0.133470 0.570033 66 79 48
0.446213 0.133759 0.569758 118 147 86
0.444533 0.134048 0.569483 139 168 107
0.442853 0.134336 0.569208 146 185 105
0.441174 0.134625 0.568933 146 185 105
0.439494 0.134914 0.568658 128 164 99
0.438244 0.136130 0.568671 62 98 33
0.436562 0.136419 0.568396 26 49 15
0.434880 0.136708 0.568121 32 55 21
0.449206 0.132531 0.571867 73 96 46
0.447526 0.132820 0.571592 127 150 100
0.445846 0.133108 0.571317 135 171 96
0.444166 0.133397 0.571042 143 179 104
0.442924 0.134611 0.571059 148 186 111
0.441241 0.134900 0.570784 118 156 81
0.439559 0.135189 0.570508 51 77 33
0.437877 0.135478 0.570233 20 46 2
0.450518 0.131591 0.573701 69 86 49
0.448839 0.131880 0.573426 123 156 87
0.447603 0.133092 0.573447 142 175 106
0.445921 0.133381 0.573171 146 184 107
0.444238 0.133670 0.572896 147 185 108
0.442556 0.133959 0.572620 113 147 84
0.440874 0.134248 0.572345 41 75 12
0.439623 0.135462 0.572363 31 46 17
0.274326 0.153888 0.543072 137 138 125
0.272482 0.153206 0.542547 127 123 112
0.270643 0.152523 0.542023 127 123 112
0.269167 0.153776 0.542004 109 110 99
0.452282 0.131572 0.575834 61 84 32
0.450600 0.131862 0.575559 122 145 93
0.448918 0.132151 0.575283 142 178 103
0.447235 0.132440 0.575008 148 184 109
0.445553 0.132729 0.574733 150 188 115
0.444309 0.133941 0.574755 114 152 79
0.442624 0.134231 0.574479 48 69 27
0.440940 0.134520 0.574203 29 50 8
0.275434 0.151994 0.544627 131 132 119
0.273404 0.150347 0.543844 129 130 117
0.271568 0.149665 0.543318 127 124 110
0.269918 0.149949 0.543048 118 115 101
0.268269 0.150232 0.542778 109 110 97
0.266796 0.151483 0.542762 115 116 103
0.265491 0.153703 0.543000 105 106 95
0.453597 0.130632 0.577671 71 85 49
0.451915 0.130921 0.577396 123 153 87
0.450232 0.131210 0.577120 146 176 110
0.448550 0.131499 0.576845 143 181 104
0.447311 0.132709 0.576870 148 186 109
0.445626 0.132999 0.576594 116 151 83
0.443941 0.133288 0.576318 39 74 6
0.442692 0.134500 0.576342 34 49 20
0.274695 0.149424 0.545648 129 127 115
0.272857 0.148743 0.545119 125 123 111
0.271024 0.148061 0.544591 118 115 101
0.269377 0.148344 0.544321 111 108 94
0.267730 0.148627 0.544052 107 103 92
0.266259 0.149877 0.544039 105 101 90
0.264609 0.150160 0.543769 111 107 96
0.263131 0.151412 0.543755 120 116 105
0.455367 0.130609 0.579813 65 91 40
0.453682 0.130898 0.579537 124 150 99
0.451997 0.131188 0.579261 139 175 100
0.450312 0.131477 0.578985 144 180 105
0.448627 0.131767 0.578709 148 184 107
0.447385 0.132976 0.578736 103 139 62
0.445698 0.133267 0.578460 38 63 15
0.444448 0.134477 0.578486 27 52 4
0.274146 0.147820 0.546920 140 139 124
0.272311 0.147140 0.546389 131 130 115
0.270481 0.146459 0.545859 118 112 99
0.268657 0.145776 0.545330 101 95 82
0.267015 0.146059 0.545061 104 93 84
0.265548 0.147307 0.545051 107 96 87
0.264076 0.148555 0.545041 109 100 91
0.262599 0.149805 0.545030 123 114 105
0.261118 0.151056 0.545017 101 99 89
0.456683 0.129666 0.581652 61 73 47
0.454999 0.129956 0.581376 121 153 89
0.453314 0.130246 0.581101 135 167 103
0.451629 0.130535 0.580825 146 182 105
0.450391 0.131743 0.580855 150 186 109
0.449148 0.132951 0.580884 109 141 77
0.447459 0.133242 0.580608 36 68 4
0.445769 0.133532 0.580331 30 46 14
0.273973 0.148144 0.548714 157 155 143
0.271951 0.146502 0.547918 152 150 138
0.270122 0.145822 0.547385 142 136 121
0.268298 0.145140 0.546854 129 123 108
0.266479 0.144458 0.546323 109 91 82
0.265014 0.145705 0.546316 96 78 69
0.263544 0.146952 0.546309 79 70 63
0.262069 0.148201 0.546300 83 74 67
0.260590 0.149450 0.546291 76 77 66
0.259105 0.150700 0.546280 60 61 50
0.257777 0.152918 0.546529 58 60 49
0.458459 0.129639 0.583802 52 71 29
0.456772 0.129929 0.583526 120 139 97
0.455085 0.130219 0.583250 131 165 91
0.453397 0.130509 0.582973 149 183 109
0.452159 0.131716 0.583006 150 186 111
0.450469 0.132006 0.582729 119 155 80
0.449223 0.133214 0.582761 45 67 22
0.447531 0.133505 0.582484 30 52 7
0.273612 0.147504 0.550248 134 132 122
0.271776 0.146826 0.549712 132 130 120
0.269944 0.146147 0.549177 157 151 136
0.268118 0.145467 0.548642 185 179 164
0.266297 0.144787 0.548109 174 156 145
0.264655 0.145069 0.547840 143 125 114
0.263013 0.145351 0.547571 84 74 62
0.261710 0.147563 0.547828 54 44 32
0.260063 0.147846 0.547559 42 43 34
0.258580 0.149095 0.547551 53 54 45
0.257092 0.150344 0.547543 51 56 42
0.255598 0.151594 0.547534 49 54 40
0.459778 0.128695 0.585644 42 51 33
0.458090 0.128985 0.585368 104 128 71
0.456403 0.129276 0.585092 145 169 112
0.455169 0.130480 0.585128 145 182 102
0.453479 0.130771 0.584851 150 187 107
0.452238 0.131977 0.584886 125 158 91
0.450546 0.132268 0.584608 49 82 15
0.449297 0.133475 0.584642 31 47 15
0.271599 0.147148 0.551510 83 81 69
0.269766 0.146471 0.550973 130 127 113
0.267938 0.145792 0.550436 173 170 156
0.266115 0.145113 0.549899 197 185 169
0.264470 0.145396 0.549630 194 182 166
0.262655 0.144715 0.549095 166 161 143
0.261181 0.145961 0.549092 86 81 63
0.259703 0.147208 0.549087 31 32 19
0.258219 0.148456 0.549082 33 34 21
0.256570 0.148739 0.548812 28 33 19
0.255078 0.149988 0.548806 29 34 20
0.253582 0.151238 0.548799 42 47 33
0.461096 0.127752 0.587487 37 53 19
0.459870 0.128954 0.587526 101 117 83
0.458180 0.129245 0.587249 140 171 100
0.456490 0.129535 0.586973 151 182 111
0.455253 0.130739 0.587010 150 186 111
0.453561 0.131030 0.586733 122 158 83
0.452316 0.132236 0.586770 53 79 28
0.451067 0.133442 0.586805 24 50 0
0.267756 0.146115 0.552233 112 109 95
0.266106 0.146399 0.551963 164 156 144
0.264284 0.145721 0.551425 185 177 165
0.262637 0.146004 0.551155 173 167 154
0.260990 0.146287 0.550886 125 119 106
0.259343 0.146570 0.550616 38 39 26
0.257859 0.147817 0.550613 38 39 26
0.256209 0.148100 0.550343 32 34 23
0.254717 0.149348 0.550339 31 33 22
0.253221 0.150597 0.550334 27 29 18
0.251719 0.151847 0.550329 47 49 38
0.250363 0.154063 0.550587 59 61 48
0.462880 0.127719 0.589648 32 41 21
0.461190 0.128009 0.589371 83 104 52
0.459500 0.128300 0.589094 142 163 111
0.458268 0.129502 0.589135 146 180 104
0.456576 0.129793 0.588858 149 183 107
0.455336 0.130997 0.588898 128 161 92
0.454091 0.132201 0.588937 50 83 14
0.452393 0.132493 0.588659 30 48 13
0.451141 0.133699 0.588696 35 53 18
0.264096 0.146044 0.553224 115 106 97
0.262447 0.146327 0.552954 97 90 80
0.260797 0.146611 0.552684 64 57 47
0.259148 0.146894 0.552414 60 58 48
0.257498 0.147178 0.552144 65 63 53
0.256009 0.148425 0.552143 52 53 42
0.254357 0.148709 0.551872 40 41 30
0.252859 0.149956 0.551870 34 35 24
0.251357 0.151205 0.551867 34 35 24
0.249999 0.153419 0.552130 48 50 39
0.462511 0.127064 0.591216 68 83 54
0.460821 0.127355 0.590939 131 161 93
0.459591 0.128556 0.590983 148 178 110
0.457898 0.128847 0.590706 148 185 105
0.456660 0.130049 0.590748 141 178 98
0.455417 0.131252 0.590790 75 103 47
0.454169 0.132456 0.590831 28 56 0
0.255648 0.147785 0.553676 65 66 55
0.254152 0.149031 0.553676 62 63 52
0.252652 0.150278 0.553676 54 56 45
0.251147 0.151527 0.553674 45 47 36
0.249785 0.153739 0.553942 41 43 34
0.248414 0.155954 0.554207 52 54 45
0.247033 0.158170 0.554471 49 53 46
0.463831 0.126119 0.593061 56 76 31
0.462606 0.127318 0.593108 128 148 103
0.460913 0.127609 0.592831 145 179 103
0.459221 0.127900 0.592554 147 181 105
0.457985 0.129101 0.592599 143 181 104
0.456744 0.130303 0.592643 90 128 51
0.455498 0.131505 0.592687 29 50 12
0.454246 0.132709 0.592729 33 54 16
0.254103 0.150313 0.555758 62 63 52
0.252597 0.151560 0.555759 61 62 51
0.251086 0.152809 0.555759 56 57 46
0.249719 0.155020 0.556030 53 58 46
0.248195 0.156270 0.556028 62 67 55
0.246667 0.157521 0.556025 57 64 56
0.245133 0.158773 0.556022 49 56 48
0.465620 0.126081 0.595233 43 55 29
0.463928 0.126372 0.594956 104 131 69
0.462236 0.126663 0.594679 141 168 106
0.461004 0.127862 0.594727 141 180 100
0.459309 0.128153 0.594449 144 183 103
0.458070 0.129353 0.594496 102 134 72
0.456826 0.130555 0.594543 29 61 0
0.455577 0.131757 0.594588 34 49 24
0.251174 0.155048 0.558128 58 60 49
0.249650 0.156297 0.558128 59 64 52
0.248121 0.157547 0.558128 62 67 55
0.246444 0.157836 0.557853 63 70 62
0.244907 0.159087 0.557851 56 63 55
0.243227 0.159376 0.557576 51 55 50
0.466943 0.125135 0.597081 39 53 15
0.465719 0.126331 0.597132 99 113 75
0.464024 0.126623 0.596855 134 168 94
0.462329 0.126914 0.596577 146 180 106
0.461094 0.128113 0.596628 145 181 106
0.459397 0.128404 0.596350 124 160 85
0.458154 0.129604 0.596399 45 72 23
0.456907 0.130805 0.596447 31 58 9
0.247900 0.157859 0.559960 60 65 51
0.246220 0.158148 0.559685 64 68 61
0.244680 0.159398 0.559685 64 68 61
0.242998 0.159688 0.559410 63 67 60
0.241450 0.160940 0.559409 63 67 60
0.239766 0.161229 0.559133 49 56 48
0.238211 0.162483 0.559131 41 48 40
0.467513 0.126288 0.599315 69 92 40
0.465815 0.126580 0.599037 132 155 103
0.464118 0.126871 0.598759 144 178 102
0.462421 0.127163 0.598481 147 181 105
0.461183 0.128361 0.598533 139 172 103
0.459483 0.128653 0.598255 66 99 30
0.458238 0.129853 0.598306 32 50 15
0.246137 0.159418 0.561800 55 60 50
0.244452 0.159708 0.561524 58 63 53
0.242767 0.159998 0.561249 64 68 61
0.241082 0.160287 0.560973 64 68 61
0.239529 0.161539 0.560973 46 56 40
0.237971 0.162792 0.560973 85 95 79
0.236281 0.163083 0.560696 104 122 89
0.234716 0.164337 0.560695 92 110 77
0.469311 0.126242 0.601502 45 52 30
0.467142 0.125630 0.600890 114 142 77
0.465911 0.126826 0.600946 145 173 108
0.464211 0.127118 0.600667 146 183 103
0.462511 0.127411 0.600389 143 180 100
0.461271 0.128608 0.600443 91 120 57
0.459568 0.128901 0.600164 31 60 0
0.458320 0.130099 0.600217 33 48 21
0.242672 0.161266 0.563371 58 63 53
0.240982 0.161557 0.563095 56 61 51
0.239292 0.161847 0.562818 64 76 52
0.236038 0.163391 0.562543 138 169 116
0.234346 0.163682 0.562266 131 162 109
0.231199 0.166191 0.562265 69 99 49
0.470640 0.125291 0.603358 33 46 13
0.468940 0.125583 0.603080 92 105 72
0.467709 0.126778 0.603138 140 174 100
0.466006 0.127071 0.602859 147 181 107
0.464304 0.127363 0.602581 151 188 106
0.463062 0.128559 0.602637 116 153 71
0.461357 0.128853 0.602358 38 64 13
0.459652 0.129146 0.602079 27 53 2
0.241012 0.163782 0.565507 45 47 38
0.239184 0.163114 0.564948 86 98 72
0.237489 0.163405 0.564671 154 166 140
0.235669 0.162735 0.564113 151 184 126
0.233976 0.163026 0.563836 149 182 124
0.232284 0.163317 0.563559 136 172 107
0.230710 0.164571 0.563561 124 160 95
0.229130 0.165825 0.563562 82 107 59
0.470741 0.125533 0.605276 61 79 35
0.469039 0.125826 0.604997 129 147 103
0.467805 0.127020 0.605057 145 182 102
0.466100 0.127313 0.604778 152 189 109
0.464395 0.127606 0.604499 137 173 98
0.462690 0.127899 0.604219 56 92 17
0.460985 0.128192 0.603940 26 45 5
0.239074 0.164376 0.567088 44 53 33
0.237374 0.164669 0.566810 72 81 61
0.235549 0.164000 0.566249 132 160 108
0.233852 0.164292 0.565971 155 183 131
0.232034 0.163623 0.565412 147 184 114
0.230457 0.164876 0.565415 141 178 108
0.228759 0.165168 0.565138 129 164 94
0.227174 0.166422 0.565140 91 126 56
0.225585 0.167677 0.565142 44 65 27
0.472547 0.125480 0.607477 45 52 28
0.470842 0.125773 0.607197 100 124 65
0.469137 0.126066 0.606918 149 173 114
0.467432 0.126360 0.606639 149 188 108
0.466192 0.127553 0.606701 148 187 107
0.464485 0.127847 0.606421 93 125 61
0.462777 0.128141 0.606142 28 60 0
0.461070 0.128434 0.605862 37 53 21
0.235427 0.165262 0.568394 50 71 33
0.233603 0.164595 0.567831 118 139 101
0.231903 0.164887 0.567553 148 182 117
0.230086 0.164218 0.566991 150 184 119
0.228503 0.165471 0.566996 147 185 112
0.226915 0.166725 0.567001 135 173 100
0.225212 0.167018 0.566722 107 138 83
0.223617 0.168273 0.566725 58 89 34
0.472175 0.124820 0.609059 84 96 61
0.470470 0.125113 0.608780 134 165 94
0.469234 0.126305 0.608845 152 183 112
0.467527 0.126599 0.608565 147 185 108
0.465819 0.126892 0.608285 121 159 82
0.464112 0.127186 0.608006 40 66 13
0.462864 0.128380 0.608069 28 54 1
0.233474 0.165854 0.569982 49 61 35
0.231650 0.165188 0.569417 85 113 59
0.229948 0.165481 0.569138 144 172 118
0.228245 0.165773 0.568859 149 186 116
0.226543 0.166066 0.568581 144 181 111
0.224840 0.166359 0.568302 132 171 105
0.223244 0.167613 0.568308 108 147 81
0.221643 0.168868 0.568312 69 93 52
0.473984 0.124763 0.611268 44 62 16
0.472276 0.125057 0.610988 126 144 98
0.470569 0.125350 0.610709 149 184 105
0.468861 0.125644 0.610429 145 180 101
0.467620 0.126836 0.610496 145 181 108
0.465910 0.127130 0.610216 60 96 23
0.464200 0.127424 0.609936 31 50 12
0.231397 0.165487 0.571286 38 55 18
0.229692 0.165780 0.571007 58 75 38
0.227987 0.166073 0.570727 122 154 92
0.226282 0.166366 0.570448 151 183 121
0.224577 0.166659 0.570169 142 181 115
0.222872 0.166952 0.569890 137 176 110
0.221270 0.168206 0.569897 124 158 97
0.219563 0.168500 0.569618 78 112 51
0.217953 0.169755 0.569624 41 54 10
0.473610 0.124102 0.612853 91 115 56
0.471903 0.124395 0.612573 150 174 115
0.470666 0.125586 0.612643 148 184 107
0.468956 0.125880 0.612363 148 184 107
0.467246 0.126174 0.612083 102 133 76
0.465536 0.126467 0.611803 28 59 2
0.463826 0.126761 0.611523 39 54 27
0.227727 0.166371 0.572600 49 71 24
0.226020 0.166664 0.572321 107 129 82
0.224312 0.166958 0.572041 143 178 110
0.222605 0.167251 0.571761 145 180 112
0.220897 0.167545 0.571482 141 177 104
0.219290 0.168799 0.571491 122 158 85
0.217580 0.169093 0.571211 97 107 43
0.215870 0.169387 0.570931 90 100 36
0.475423 0.124041 0.615069 49 59 32
0.473713 0.124335 0.614789 134 164 98
0.472003 0.124629 0.614510 156 186 120
0.470293 0.124923 0.614230 153 189 112
0.468583 0.125217 0.613950 139 175 98
0.466873 0.125511 0.613670 50 74 31
0.465163 0.125805 0.613390 21 45 2
0.225646 0.166003 0.573905 42 55 22
0.223939 0.166297 0.573626 94 123 64
0.222231 0.166590 0.573346 144 173 114
0.220524 0.166884 0.573067 147 173 100
0.218916 0.168137 0.573078 134 160 87
0.217206 0.168430 0.572798 129 120 45
0.215496 0.168724 0.572518 168 159 84
0.213786 0.169018 0.572238 211 178 109
0.212166 0.170274 0.572247 174 141 72
0.210453 0.170568 0.571966 97 69 23
0.475049 0.123379 0.616657 96 110 72
0.473339 0.123673 0.616377 149 183 109
0.471629 0.123967 0.616097 146 180 106
0.469919 0.124261 0.615817 155 191 118
0.468209 0.124555 0.615537 93 129 56
0.466964 0.125744 0.615610 24 44 11
0.225383 0.166298 0.575785 42 49 27
0.223673 0.166592 0.575505 36 52 4
0.221963 0.166886 0.575225 83 99 51
0.220252 0.167180 0.574945 151 158 80
0.218542 0.167474 0.574665 129 136 58
0.216832 0.167768 0.574385 177 153 60
0.215122 0.168062 0.574105 227 203 110
0.213412 0.168356 0.573825 234 194 109
0.211791 0.169610 0.573836 171 131 46
0.210079 0.169905 0.573556 138 104 40
0.476386 0.122423 0.618524 53 73 26
0.474676 0.122717 0.618244 141 161 114
0.472966 0.123011 0.617964 151 187 110
0.471255 0.123305 0.617684 151 187 110
0.470015 0.124492 0.617760 131 164 97
0.468302 0.124787 0.617479 32 65 0
0.466590 0.125081 0.617199 36 51 26
0.223299 0.165930 0.577092 45 43 0
0.221589 0.166224 0.576812 62 60 12
0.219879 0.166518 0.576532 123 103 7
0.218169 0.166812 0.576252 190 170 74
0.216459 0.167106 0.575972 252 220 114
0.214749 0.167400 0.575692 252 220 114
0.213039 0.167694 0.575412 187 145 45
0.211417 0.168947 0.575426 200 158 58
0.209705 0.169241 0.575145 212 183 103
0.476491 0.122652 0.620471 104 127 73
0.474778 0.122946 0.620190 151 174 120
0.473066 0.123240 0.619910 151 187 110
0.471353 0.123535 0.619630 150 186 109
0.469641 0.123829 0.619349 84 113 52
0.468394 0.125017 0.619427 18 47 0
0.223031 0.166223 0.578978 86 60 0
0.221318 0.166517 0.578697 128 102 30
0.219505 0.165856 0.578119 200 164 55
0.217795 0.166150 0.577839 255 231 122
0.216085 0.166444 0.577559 255 224 102
0.214375 0.166738 0.577279 202 164 42
0.212755 0.167989 0.577296 184 149 33
0.211043 0.168284 0.577015 242 207 91
0.209416 0.169537 0.577030 243 222 135
0.207701 0.169832 0.576750 175 154 67
0.477829 0.121694 0.622340 62 69 45
0.476117 0.121988 0.622060 137 166 105
0.474404 0.122283 0.621780 149 178 117
0.472691 0.122577 0.621499 151 189 114
0.471450 0.123763 0.621580 120 158 83
0.469735 0.124058 0.621299 33 61 7
0.468020 0.124352 0.621018 32 60 6
0.224477 0.166219 0.581149 102 84 32
0.222762 0.166514 0.580868 190 154 61
0.220944 0.165854 0.580287 236 200 107
0.219231 0.166149 0.580006 255 223 101
0.217519 0.166443 0.579726 255 223 101
0.215806 0.166737 0.579446 214 176 39
0.214094 0.167032 0.579165 222 184 47
0.212381 0.167326 0.578885 247 217 92
0.210756 0.168578 0.578903 255 242 117
0.209041 0.168873 0.578622 239 228 135
0.207326 0.169167 0.578341 147 136 43
0.205691 0.170421 0.578358 65 70 19
0.477935 0.121919 0.624295 110 123 92
0.476220 0.122214 0.624014 145 178 111
0.474505 0.122509 0.623733 150 183 116
0.472790 0.122804 0.623453 149 187 112
0.471075 0.123099 0.623172 63 101 26
0.224209 0.166508 0.583045 223 198 123
0.222491 0.166803 0.582764 253 221 106
0.220672 0.166144 0.582179 255 226 111
0.218957 0.166439 0.581899 222 183 52
0.217242 0.166734 0.581618 189 150 19
0.215527 0.167029 0.581337 194 156 17
0.213811 0.167324 0.581056 255 231 92
0.212096 0.167619 0.580775 255 239 113
0.210381 0.167913 0.580495 246 220 94
0.208666 0.168208 0.580214 174 178 82
0.207033 0.169460 0.580233 160 164 68
0.205315 0.169755 0.579952 125 143 79
0.203598 0.170051 0.579670 68 86 22
0.479758 0.121847 0.626535 44 63 21
0.478040 0.122143 0.626254 138 157 115
0.476323 0.122438 0.625973 145 181 106
0.474605 0.122733 0.625692 152 188 113
0.472887 0.123028 0.625410 128 163 95
0.471170 0.123324 0.625129 29 64 0
0.469919 0.124509 0.625213 34 54 19
0.224047 0.167746 0.585251 255 236 142
0.222220 0.167090 0.584663 255 232 102
0.220500 0.167385 0.584382 255 242 112
0.218681 0.166728 0.583795 255 222 90
0.216963 0.167023 0.583514 226 192 60
0.215246 0.167319 0.583233 254 220 90
0.213528 0.167614 0.582952 255 228 98
0.211722 0.166954 0.582367 207 188 75
0.210093 0.168204 0.582389 159 140 27
0.208375 0.168500 0.582108 154 167 84
0.206658 0.168795 0.581827 167 180 97
0.204940 0.169090 0.581546 155 182 106
0.203299 0.170343 0.581566 130 157 81
0.201578 0.170638 0.581284 75 93 47
0.479864 0.122068 0.628499 82 108 55
0.478144 0.122364 0.628218 153 179 126
0.476424 0.122660 0.627936 142 180 105
0.474704 0.122955 0.627655 151 189 114
0.472984 0.123251 0.627373 80 114 53
0.471733 0.124435 0.627459 16 50 0
0.223776 0.168030 0.587159 255 231 145
0.221948 0.167375 0.586568 255 229 100
0.220225 0.167671 0.586286 255 238 109
0.218502 0.167967 0.586004 255 245 117
0.216684 0.167311 0.585415 255 226 98
0.214964 0.167606 0.585134 228 195 85
0.213244 0.167902 0.584852 187 154 44
0.211523 0.168198 0.584570 84 75 0
0.209803 0.168493 0.584289 74 65 0
0.208083 0.168789 0.584007 110 122 49
0.206363 0.169085 0.583726 167 179 106
0.204643 0.169381 0.583444 161 191 112
0.202923 0.169676 0.583162 156 186 107
0.201203 0.169972 0.582881 133 157 96
0.199553 0.171225 0.582902 72 96 35
0.481692 0.121991 0.630750 43 50 26
0.479970 0.122287 0.630468 125 152 90
0.478247 0.122583 0.630186 156 183 121
0.476524 0.122880 0.629904 150 186 111
0.474802 0.123176 0.629622 142 178 103
0.473079 0.123472 0.629340 31 62 9
0.471825 0.124655 0.629429 23 54 1
0.223505 0.168311 0.589071 185 162 103
0.221777 0.168608 0.588788 255 225 120
0.220049 0.168905 0.588505 255 230 125
0.218224 0.168251 0.587913 239 206 98
0.216498 0.168548 0.587630 175 142 34
0.214681 0.167892 0.587039 98 73 6
0.212958 0.168188 0.586757 82 57 0
0.211235 0.168485 0.586475 61 53 11
0.209513 0.168781 0.586193 59 51 9
0.207707 0.168123 0.585604 51 59 10
0.205987 0.168419 0.585322 115 123 74
0.204267 0.168714 0.585040 156 185 111
0.202547 0.169010 0.584759 163 192 118
0.200899 0.170261 0.584783 154 182 115
0.199177 0.170557 0.584501 125 153 86
0.197522 0.171810 0.584523 71 85 49
0.481316 0.121324 0.632349 79 90 60
0.480074 0.122504 0.632442 147 178 107
0.478349 0.122801 0.632159 156 187 116
0.476624 0.123098 0.631877 153 189 116
0.474898 0.123394 0.631595 96 132 59
0.473644 0.124577 0.631685 19 44 0
0.471916 0.124874 0.631402 34 59 11
0.219771 0.169186 0.590421 189 158 90
0.205691 0.168706 0.587228 47 53 20
0.203968 0.169002 0.586946 109 133 74
0.202246 0.169298 0.586664 161 185 126
0.200523 0.169594 0.586382 164 188 129
0.198800 0.169890 0.586100 149 173 114
0.197145 0.171142 0.586125 146 158 123
0.195484 0.172394 0.586149 107 119 84
0.481422 0.121540 0.634325 123 137 101
0.480177 0.122720 0.634420 150 184 110
0.478449 0.123017 0.634137 147 181 107
0.476722 0.123314 0.633854 144 179 109
0.474994 0.123611 0.633572 46 81 11
0.473736 0.124793 0.633664 24 48 5
0.203668 0.169287 0.588856 39 56 17
0.201943 0.169584 0.588573 102 119 80
0.200218 0.169880 0.588291 169 184 139
0.198493 0.170177 0.588008 181 196 151
0.196834 0.171428 0.588035 200 206 173
0.195106 0.171725 0.587752 178 184 151
0.193379 0.172022 0.587469 110 113 92
0.483255 0.121456 0.636589 54 72 26
0.481527 0.121753 0.636306 145 163 117
0.479799 0.122050 0.636024 148 184 107
0.478549 0.123230 0.636120 153 189 112
0.476819 0.123528 0.635837 109 143 78
0.475088 0.123825 0.635553 20 54 0
0.473358 0.124122 0.635270 35 56 16
0.201713 0.170820 0.590800 49 56 32
0.199983 0.171117 0.590517 139 145 112
0.198184 0.170462 0.589921 204 210 177
0.196456 0.170759 0.589639 217 221 191
0.194729 0.171056 0.589356 204 208 178
0.193001 0.171353 0.589073 161 161 141
0.191332 0.172605 0.589101 99 99 79
0.483361 0.121668 0.638575 90 113 59
0.481631 0.121965 0.638292 150 173 119
0.479901 0.122263 0.638009 149 185 110
0.478647 0.123442 0.638107 149 185 110
0.476914 0.123740 0.637823 65 97 37
0.475182 0.124038 0.637540 17 49 0
0.199605 0.170447 0.592123 68 71 48
0.197875 0.170745 0.591839 161 164 141
0.196144 0.171042 0.591556 215 219 191
0.194414 0.171340 0.591273 205 209 181
0.192684 0.171637 0.590990 152 155 132
0.191011 0.172888 0.591019 165 168 145
0.482983 0.120998 0.640181 126 153 95
0.481734 0.122175 0.640283 153 180 122
0.480001 0.122473 0.639999 150 184 110
0.478268 0.122771 0.639715 124 158 84
0.477009 0.123950 0.639815 33 59 6
0.475274 0.124248 0.639531 29 55 2
0.197564 0.171026 0.593762 72 74 56
0.195831 0.171324 0.593478 167 171 148
0.194098 0.171621 0.593195 215 219 196
0.192366 0.171919 0.592911 203 207 182
0.190633 0.172217 0.592627 202 206 181
0.188955 0.173468 0.592659 160 163 145
0.187219 0.173767 0.592375 76 79 61
0.484821 0.120908 0.642458 71 81 54
0.483088 0.121206 0.642174 142 172 106
0.481355 0.121504 0.641891 148 178 112
0.480101 0.122681 0.641994 152 186 112
0.478365 0.122979 0.641709 87 121 47
0.476630 0.123278 0.641425 21 46 0
0.475365 0.124457 0.641526 36 61 13
0.195517 0.171603 0.595405 87 90 72
0.193781 0.171901 0.595121 185 188 170
0.192046 0.172200 0.594837 221 225 202
0.190311 0.172498 0.594553 196 200 177
0.188576 0.172796 0.594269 192 196 175
0.186840 0.173094 0.593985 158 162 141
0.484927 0.121114 0.644456 110 121 89
0.483192 0.121412 0.644172 151 182 111
0.481457 0.121711 0.643888 146 177 106
0.479721 0.122009 0.643604 144 178 104
0.478461 0.123186 0.643708 47 81 7
0.476723 0.123485 0.643424 31 50 8
0.193463 0.172179 0.597053 106 107 94
0.191667 0.171527 0.596448 194 197 176
0.189932 0.171826 0.596164 204 207 186
0.188250 0.173075 0.596199 183 186 163
0.186512 0.173374 0.595915 191 194 171
0.184774 0.173673 0.595630 151 153 137
0.484548 0.120442 0.646067 133 147 109
0.483295 0.121617 0.646175 147 178 105
0.481557 0.121916 0.645890 149 180 107
0.479819 0.122214 0.645606 127 157 89
0.478081 0.122513 0.645321 26 56 0
0.476343 0.122812 0.645037 38 55 18
0.191346 0.171805 0.598381 135 134 119
0.189608 0.172104 0.598096 211 210 195
0.187870 0.172402 0.597812 205 205 181
0.186132 0.172701 0.597527 197 197 173
0.184443 0.173951 0.597564 202 202 182
0.182702 0.174250 0.597279 134 134 114
0.486390 0.120346 0.648356 62 80 34
0.484653 0.120645 0.648072 150 168 122
0.482915 0.120944 0.647788 143 177 103
0.481177 0.121243 0.647503 147 181 107
0.479439 0.121541 0.647219 87 116 53
0.478175 0.122717 0.647327 18 47 0
0.189283 0.172379 0.600034 144 145 132
0.187543 0.172679 0.599749 225 225 203
0.185803 0.172978 0.599464 227 227 205
0.184062 0.173277 0.599179 222 220 197
0.182322 0.173576 0.598894 197 195 172
0.180624 0.174826 0.598932 110 109 94
0.486011 0.119673 0.649969 94 115 63
0.484273 0.119972 0.649685 158 179 127
0.482535 0.120271 0.649400 143 177 101
0.481275 0.121445 0.649512 150 184 108
0.479535 0.121744 0.649227 60 87 29
0.477795 0.122043 0.648942 22 49 0
0.188903 0.171705 0.601649 66 67 56
0.187163 0.172004 0.601364 167 166 149
0.185422 0.172304 0.601079 231 230 213
0.183682 0.172603 0.600794 222 221 195
0.181942 0.172902 0.600509 226 225 199
0.180243 0.174151 0.600549 184 182 159
0.178501 0.174451 0.600264 94 92 69
0.486116 0.119873 0.651982 125 147 86
0.484376 0.120172 0.651697 158 180 119
0.482635 0.120472 0.651412 150 184 110
0.480895 0.120771 0.651127 139 173 99
0.479155 0.121070 0.650842 36 59 5
0.477415 0.121369 0.650558 28 51 0
0.186834 0.172278 0.603308 77 76 61
0.185091 0.172577 0.603023 176 175 160
0.183348 0.172877 0.602737 239 235 210
0.181605 0.173177 0.602452 238 234 209
0.179863 0.173476 0.602167 230 230 199
0.178120 0.173776 0.601882 177 177 146
0.487476 0.118900 0.653882 49 59 32
0.485736 0.119199 0.653597 143 171 106
0.483995 0.119498 0.653312 149 177 112
0.482255 0.119797 0.653027 151 185 111
0.480515 0.120097 0.652743 102 136 62
0.479249 0.121269 0.652858 23 46 0
0.184710 0.171902 0.604640 100 96 85
0.182967 0.172202 0.604355 209 205 180
0.181225 0.172502 0.604070 246 242 217
0.179482 0.172801 0.603784 237 242 205
0.177739 0.173101 0.603499 201 206 169
0.176032 0.174349 0.603542 96 104 75
0.487096 0.118226 0.655497 68 79 47
0.485355 0.118525 0.655212 149 180 109
0.483615 0.118824 0.654928 144 175 104
0.482354 0.119995 0.655046 151 182 109
0.480611 0.120295 0.654761 63 94 21
0.478868 0.120594 0.654476 29 48 6
0.182587 0.171527 0.605973 110 106 81
0.180844 0.171827 0.605687 207 203 178
0.179101 0.172126 0.605402 215 225 182
0.177396 0.173373 0.605448 167 177 134
0.175650 0.173673 0.605162 119 137 93
0.173905 0.173973 0.604877 53 71 27
0.486716 0.117552 0.657113 98 112 76
0.485459 0.118721 0.657234 152 183 112
0.483716 0.119020 0.656949 148 179 108
0.481973 0.119320 0.656664 140 170 102
0.480230 0.119620 0.656379 42 72 4
0.478487 0.119919 0.656093 36 52 18
0.180505 0.172097 0.607639 108 106 85
0.178760 0.172397 0.607354 168 184 136
0.177014 0.172697 0.607068 159 175 127
0.175269 0.172997 0.606782 149 173 116
0.173524 0.173297 0.606496 107 131 74
0.486821 0.117746 0.659137 132 149 110
0.485078 0.118046 0.658852 154 187 118
0.483335 0.118346 0.658567 156 189 120
0.481592 0.118645 0.658281 116 148 84
0.479849 0.118945 0.657996 29 61 0
0.478580 0.120115 0.658118 40 55 26
0.178378 0.171721 0.608974 112 128 80
0.176633 0.172021 0.608688 167 183 135
0.174888 0.172321 0.608402 156 183 121
0.173174 0.173568 0.608452 139 166 104
0.171426 0.173869 0.608166 83 102 62
0.486440 0.117071 0.660755 148 166 122
0.484697 0.117371 0.660470 151 186 118
0.482954 0.117671 0.660184 152 187 119
0.481689 0.118839 0.660310 96 130 69
0.479943 0.119139 0.660024 23 57 0
0.178035 0.171990 0.610932 54 68 28
0.176252 0.171346 0.610308 142 156 116
0.174540 0.172591 0.610360 163 191 126
0.172792 0.172891 0.610074 157 185 120
0.171044 0.173192 0.609788 118 144 89
0.169322 0.174438 0.609838 45 71 16
0.487802 0.116097 0.662658 71 92 42
0.486059 0.116396 0.662372 152 173 123
0.484798 0.117563 0.662501 143 178 108
0.483053 0.117863 0.662215 149 184 114
0.481307 0.118163 0.661929 62 98 37
0.480036 0.119331 0.662056 20 56 0
0.175906 0.171613 0.612268 80 91 59
0.174158 0.171914 0.611982 152 179 119
0.172410 0.172214 0.611696 162 189 129
0.170662 0.172515 0.611410 144 174 108
0.168940 0.173760 0.611463 84 114 48
0.487907 0.116287 0.664692 89 110 56
0.486162 0.116587 0.664407 154 175 121
0.484417 0.116887 0.664121 145 181 108
0.483150 0.118053 0.664251 143 179 106
0.481402 0.118354 0.663965 41 74 18
0.479655 0.118654 0.663679 20 53 0
0.175524 0.170936 0.613891 48 55 31
0.173776 0.171237 0.613604 106 132 77
0.172028 0.171537 0.613318 166 192 137
0.170307 0.172782 0.613374 157 191 119
0.168557 0.173083 0.613088 136 170 98
0.166829 0.174328 0.613142 70 92 45
0.487526 0.115611 0.666312 111 132 78
0.486264 0.116775 0.666445 154 175 121
0.484516 0.117076 0.666159 146 182 109
0.482768 0.117376 0.665873 133 169 96
0.481496 0.118543 0.666005 28 61 7
0.479746 0.118844 0.665718 27 60 6
0.173426 0.171502 0.615572 59 82 32
0.171675 0.171803 0.615285 150 173 123
0.169925 0.172104 0.614999 162 198 123
0.168199 0.173348 0.615056 151 187 112
0.166468 0.174593 0.615112 111 138 80
0.164712 0.174895 0.614825 36 63 5
0.487630 0.115798 0.668354 123 149 94
0.485882 0.116098 0.668068 150 176 121
0.484615 0.117263 0.668202 146 182 109
0.483342 0.118428 0.668336 115 151 78
0.482064 0.119594 0.668469 21 48 1
0.480309 0.119896 0.668182 31 58 11
0.173106 0.172706 0.617891 31 52 12
0.171350 0.173008 0.617604 87 108 68
0.169595 0.173310 0.617316 162 198 123
0.167840 0.173612 0.617029 151 187 112
0.166084 0.173913 0.616742 147 176 113
0.164347 0.175158 0.616800 64 93 30
0.488996 0.114821 0.670262 40 50 27
0.487248 0.115121 0.669976 137 163 108
0.485982 0.116284 0.670114 153 179 124
0.484712 0.117448 0.670250 149 185 112
0.483436 0.118613 0.670386 100 136 63
0.482155 0.119778 0.670521 18 43 0
0.480869 0.120945 0.670655 34 59 13
0.170995 0.173269 0.619582 46 61 32
0.169237 0.173571 0.619294 142 177 109
0.167479 0.173873 0.619007 155 190 122
0.165721 0.174175 0.618719 156 189 120
0.163981 0.175420 0.618779 114 147 78
0.162221 0.175723 0.618491 43 61 26
0.489101 0.115004 0.672311 46 56 31
0.487350 0.115305 0.672025 146 175 116
0.486082 0.116468 0.672164 154 183 124
0.484808 0.117631 0.672303 150 186 113
0.484006 0.119658 0.672866 80 116 43
0.482245 0.119960 0.672577 28 49 7
0.170639 0.173528 0.621566 33 44 23
0.168878 0.173830 0.621277 86 118 58
0.167118 0.174133 0.620989 156 188 128
0.165357 0.174435 0.620701 155 191 116
0.163597 0.174738 0.620413 146 182 107
0.161851 0.175983 0.620474 67 89 42
0.489204 0.115186 0.674365 53 63 36
0.487451 0.115487 0.674078 151 180 119
0.486180 0.116649 0.674219 149 178 117
0.485381 0.118673 0.674788 149 185 112
0.483621 0.118976 0.674500 68 104 31
0.168518 0.174087 0.623265 38 66 14
0.166755 0.174390 0.622976 132 160 108
0.164992 0.174694 0.622688 155 191 116
0.163229 0.174997 0.622399 149 185 110
0.161466 0.175300 0.622110 104 133 74
0.159715 0.176544 0.622173 27 56 0
0.489307 0.115366 0.676423 65 76 44
0.487552 0.115668 0.676136 153 183 115
0.486757 0.117689 0.676710 147 177 109
0.484997 0.117991 0.676422 144 180 107
0.481949 0.119458 0.676275 25 49 8
0.168157 0.174343 0.625257 27 48 6
0.166391 0.174646 0.624968 95 116 74
0.164626 0.174950 0.624679 152 188 115
0.162860 0.175253 0.624390 150 186 113
0.161095 0.175557 0.624101 139 168 105
0.159329 0.175860 0.623812 52 81 18
0.489408 0.115544 0.678486 78 87 53
0.486373 0.117007 0.678344 153 183 115
0.483327 0.118472 0.678200 45 80 10
0.482036 0.119635 0.678343 29 53 14
0.166026 0.174900 0.626964 46 64 31
0.164240 0.174266 0.626318 137 170 103
0.162474 0.174569 0.626029 153 186 119
0.160722 0.175812 0.626096 149 182 115
0.158954 0.176116 0.625807 103 136 69
0.489509 0.115720 0.680554 97 109 70
0.487748 0.116022 0.680266 158 188 120
0.485988 0.116325 0.679978 156 186 118
0.484704 0.117486 0.680124 132 168 103
0.483416 0.118647 0.680270 33 69 4
0.482122 0.119810 0.680415 37 61 29
0.165661 0.175152 0.628966 32 44 20
0.163872 0.174519 0.628316 88 117 58
0.162104 0.174823 0.628026 156 185 126
0.160336 0.175127 0.627737 149 184 114
0.158578 0.176369 0.627806 137 172 102
0.156808 0.176674 0.627516 52 73 31
0.489124 0.115038 0.682188 116 125 87
0.487845 0.116197 0.682338 158 188 120
0.486082 0.116500 0.682049 158 188 120
0.484796 0.117660 0.682198 126 162 101
0.483504 0.118821 0.682346 23 59 0
0.482207 0.119983 0.682493 34 58 28
0.165294 0.175402 0.630971 37 46 28
0.163503 0.174770 0.630319 46 74 22
0.161733 0.175075 0.630029 145 173 121
0.159962 0.175379 0.629739 152 187 117
0.158191 0.175684 0.629449 151 186 116
0.156428 0.176926 0.629520 90 115 67
0.489223 0.115211 0.684263 106 116 75
0.487941 0.116369 0.684415 159 189 123
0.486175 0.116673 0.684126 158 188 122
0.484886 0.117833 0.684276 125 161 100
0.483117 0.118136 0.683987 25 61 0
0.481820 0.119297 0.684136 31 53 22
0.163133 0.175020 0.632327 24 48 7
0.161346 0.174389 0.631673 117 141 100
0.159587 0.175629 0.631746 155 190 122
0.157814 0.175934 0.631456 153 188 120
0.156041 0.176239 0.631166 129 157 101
0.154268 0.176544 0.630875 35 63 7
0.489320 0.115382 0.686342 114 124 83
0.487555 0.115686 0.686053 158 188 120
0.486267 0.116844 0.686207 156 186 118
0.484499 0.117148 0.685917 124 158 95
0.483204 0.118307 0.686069 24 58 0
0.481904 0.119468 0.686221 37 57 22
0.162746 0.174333 0.633972 36 54 19
0.160972 0.174638 0.633682 67 85 50
0.159199 0.174943 0.633392 150 182 118
0.157426 0.175247 0.633102 154 186 122
0.155653 0.175552 0.632811 151 180 119
0.153880 0.175857 0.632521 61 90 29
0.489417 0.115551 0.688426 127 136 98
0.488129 0.116708 0.688582 155 185 117
0.486358 0.117013 0.688292 155 185 117
0.485062 0.118171 0.688447 123 157 92
0.483289 0.118476 0.688156 24 58 0
0.481516 0.118781 0.687866 37 57 22
0.160585 0.173951 0.635328 41 54 23
0.158812 0.174256 0.635038 131 160 97
0.157039 0.174561 0.634747 160 189 126
0.155266 0.174866 0.634457 154 187 120
0.153493 0.175170 0.634167 96 129 62
0.151719 0.175475 0.633876 36 51 22
0.489512 0.115718 0.690515 128 138 97
0.488221 0.116875 0.690673 153 182 112
0.486448 0.117180 0.690383 156 185 115
0.484675 0.117485 0.690092 114 146 82
0.482902 0.117790 0.689802 22 54 0
0.481129 0.118094 0.689512 40 60 25
0.160198 0.173264 0.636973 39 46 22
0.158424 0.173569 0.636683 96 125 66
0.156651 0.173874 0.636393 162 191 132
0.154878 0.174179 0.636103 154 187 118
0.153105 0.174484 0.635812 134 167 98
0.151332 0.174788 0.635522 43 62 24
0.489607 0.115884 0.692609 124 134 91
0.487834 0.116188 0.692319 155 184 114
0.486061 0.116493 0.692028 153 182 112
0.484287 0.116798 0.691738 121 153 91
0.482514 0.117103 0.691448 23 55 0
0.480741 0.117408 0.691157 40 60 27
0.159822 0.173509 0.638992 43 46 30
0.158037 0.172883 0.638329 62 85 35
0.156264 0.173187 0.638039 156 179 129
0.154491 0.173492 0.637748 158 191 124
0.152718 0.173797 0.637458 147 180 113
0.150944 0.175036 0.637539 64 85 43
0.489219 0.115197 0.694254 114 127 83
0.487446 0.115502 0.693964 155 184 112
0.485673 0.115806 0.693674 153 182 110
0.483900 0.116111 0.693384 124 156 94
0.482597 0.117268 0.693544 23 55 0
0.480822 0.117573 0.693254 41 61 28
0.157659 0.173127 0.640350 37 58 16
0.155883 0.173432 0.640059 137 158 116
0.154107 0.173737 0.639768 156 189 122
0.152332 0.174043 0.639478 152 185 118
0.150556 0.174348 0.639187 90 117 68
0.488832 0.114510 0.695900 114 127 83
0.487059 0.114815 0.695610 155 184 114
0.485761 0.115970 0.695774 152 181 111
0.483985 0.116275 0.695483 129 161 99
0.482209 0.116580 0.695192 26 58 0
0.480434 0.116885 0.694902 40 60 27
0.157271 0.172439 0.641998 31 50 12
0.155495 0.172744 0.641707 110 129 91
0.153719 0.173050 0.641416 154 186 122
0.151944 0.173355 0.641126 153 185 121
0.150168 0.173660 0.640835 123 151 99
0.148392 0.173965 0.640544 31 59 7
0.488924 0.114671 0.698003 119 132 90
0.487148 0.114977 0.697712 155 185 117
0.485373 0.115282 0.697422 152 182 114
0.483597 0.115587 0.697131 131 163 101
0.481821 0.115892 0.696840 25 57 0
0.480046 0.116198 0.696550 38 58 25
0.156890 0.172681 0.644026 39 55 23
0.155107 0.172057 0.643355 72 88 56
0.153331 0.172362 0.643064 152 184 122
0.151556 0.172667 0.642774 153 185 123
0.149780 0.172972 0.642483 144 172 118
0.148000 0.174209 0.642570 51 79 25
0.488536 0.113984 0.699651 108 121 79
0.486760 0.114289 0.699360 154 184 116
0.484985 0.114594 0.699070 152 182 114
0.483209 0.114899 0.698779 128 162 101
0.481433 0.115205 0.698488 24 58 0
0.480124 0.116359 0.698655 30 50 17
0.154724 0.172298 0.645385 45 57 33
0.152946 0.172603 0.645094 138 169 112
0.151167 0.172909 0.644803 156 187 130
0.149389 0.173215 0.644512 150 181 124
0.147611 0.173520 0.644221 85 116 59
0.488148 0.113296 0.701299 96 108 71
0.486372 0.113601 0.701008 156 186 120
0.484597 0.113907 0.700718 152 182 116
0.482821 0.114212 0.700427 128 162 101
0.481514 0.115365 0.700596 27 61 0
0.479736 0.115670 0.700305 30 50 17
0.154335 0.171609 0.647035 37 46 26
0.152557 0.171915 0.646744 119 147 93
0.150779 0.172220 0.646453 158 186 132
0.149001 0.172526 0.646162 152 183 126
0.147223 0.172832 0.645871 117 148 91
0.145436 0.174067 0.645962 31 51 18
0.488238 0.113453 0.703411 84 96 61
0.486460 0.113759 0.703120 158 190 126
0.484682 0.114065 0.702829 154 186 122
0.482903 0.114370 0.702538 131 165 104
0.481125 0.114676 0.702247 28 62 1
0.479347 0.114982 0.701956 30 50 17
0.153950 0.171847 0.649072 35 44 26
0.152169 0.171226 0.648395 77 104 55
0.150390 0.171532 0.648103 155 182 133
0.148608 0.172765 0.648198 151 185 124
0.146828 0.173071 0.647906 131 165 104
0.145038 0.174306 0.647999 40 63 27
0.487849 0.112765 0.705061 75 88 55
0.486071 0.113070 0.704770 157 189 127
0.484293 0.113376 0.704479 154 186 124
0.482515 0.113682 0.704188 137 171 108
0.480737 0.113987 0.703897 36 70 7
0.479423 0.115139 0.704071 30 50 17
0.151781 0.171463 0.650433 50 75 29
0.150000 0.171769 0.650142 148 173 127
0.148219 0.172075 0.649850 153 187 124
0.146432 0.173309 0.649946 144 178 115
0.144649 0.173616 0.649654 56 80 41
0.487461 0.112076 0.706712 69 85 53
0.485683 0.112382 0.706421 154 186 124
0.483904 0.112687 0.706130 149 181 119
0.482596 0.113838 0.706306 143 177 114
0.480815 0.114144 0.706015 49 83 20
0.479498 0.115295 0.706190 31 51 18
0.151392 0.171699 0.652477 34 58 17
0.149608 0.172005 0.652185 133 157 116
0.147825 0.172312 0.651893 153 185 121
0.146042 0.172618 0.651601 151 183 119
0.144249 0.173852 0.651699 76 100 57
0.487548 0.112230 0.708833 55 67 39
0.485768 0.112536 0.708542 151 183 123
0.483987 0.112842 0.708250 150 182 122
0.482206 0.113148 0.707959 144 178 113
0.480892 0.114298 0.708137 60 94 29
0.479109 0.114605 0.707845 29 49 14
0.151002 0.171932 0.654525 27 50 14
0.149216 0.172239 0.654233 110 133 97
0.147430 0.172546 0.653941 151 183 121
0.145644 0.172853 0.653648 149 181 119
0.143848 0.174086 0.653747 99 125 74
0.487159 0.111540 0.710486 48 60 32
0.485379 0.111846 0.710195 146 177 120
0.484069 0.112994 0.710376 152 183 126
0.482285 0.113301 0.710084 139 173 108
0.480968 0.114450 0.710264 72 106 41
0.479182 0.114757 0.709972 24 45 7
0.150610 0.172164 0.656578 30 50 17
0.148822 0.172471 0.656285 88 108 75
0.147034 0.172779 0.655993 148 182 119
0.145246 0.173086 0.655700 148 182 119
0.143446 0.174318 0.655801 123 151 97
0.141656 0.174626 0.655508 32 60 6
0.485462 0.111997 0.712323 141 169 113
0.483679 0.112304 0.712031 154 182 126
0.482363 0.113452 0.712214 141 176 108
0.480578 0.113759 0.711921 84 119 51
0.479254 0.114908 0.712103 24 45 5
0.150218 0.172393 0.658636 31 48 18
0.148427 0.172701 0.658343 68 85 55
0.146637 0.173009 0.658049 148 182 119
0.144846 0.173317 0.657756 148 182 119
0.143055 0.173625 0.657463 137 168 111
0.141250 0.174857 0.657566 33 64 7
0.485545 0.112146 0.714456 131 160 101
0.483759 0.112453 0.714163 155 184 125
0.481973 0.112760 0.713871 144 179 111
0.480652 0.113908 0.714055 89 124 56
0.479326 0.115057 0.714239 21 45 4
0.148031 0.172929 0.660404 52 68 36
0.146238 0.173237 0.660111 144 177 110
0.144445 0.173546 0.659817 145 178 111
0.142651 0.173854 0.659524 145 178 120
0.140858 0.174162 0.659230 49 82 24
0.485154 0.111455 0.716113 117 144 84
0.483369 0.111761 0.715821 157 184 124
0.482049 0.112908 0.716008 143 180 112
0.480725 0.114055 0.716194 101 138 70
0.478934 0.114363 0.715901 25 49 8
0.147639 0.172235 0.662069 42 55 24
0.145846 0.172543 0.661775 136 168 104
0.144053 0.172851 0.661482 149 181 117
0.142260 0.173160 0.661188 147 178 121
0.140466 0.173468 0.660895 75 106 49
0.485235 0.111601 0.718253 100 127 69
0.483915 0.112746 0.718442 157 184 126
0.482125 0.113054 0.718149 148 185 117
0.480797 0.114201 0.718337 108 145 77
0.479004 0.114509 0.718044 26 52 10
0.477669 0.115657 0.718231 33 59 17
0.147242 0.172460 0.664138 36 47 17
0.145446 0.172769 0.663844 124 153 90
0.143661 0.172157 0.663146 149 178 115
0.141868 0.172465 0.662853 149 180 123
0.140059 0.173695 0.662962 101 132 75
0.485315 0.111745 0.720397 94 117 65
0.483524 0.112053 0.720104 158 181 129
0.481733 0.112360 0.719811 153 187 122
0.480405 0.113506 0.720002 124 158 93
0.479072 0.114653 0.720191 27 53 9
0.477734 0.115801 0.720380 26 52 8
0.146843 0.172683 0.666211 37 44 18
0.145045 0.172992 0.665917 106 133 73
0.143258 0.172382 0.665216 150 177 117
0.141462 0.172690 0.664922 146 177 120
0.139666 0.172999 0.664629 113 144 87
0.485393 0.111887 0.722547 78 100 53
0.483600 0.112195 0.722253 161 183 136
0.481807 0.112503 0.721960 153 185 123
0.480476 0.113649 0.722152 135 167 105
0.479140 0.114795 0.722344 34 61 14
0.477342 0.115104 0.722049 20 47 0
0.146450 0.171986 0.667880 41 48 26
0.144652 0.172296 0.667586 92 118 63
0.142854 0.172605 0.667292 148 174 119
0.141055 0.172914 0.666997 145 177 117
0.139257 0.173223 0.666703 122 154 94
0.485002 0.111192 0.724211 54 76 31
0.483675 0.112336 0.724407 157 179 134
0.481879 0.112645 0.724113 154 186 122
0.480545 0.113789 0.724307 142 174 110
0.478747 0.114099 0.724013 59 85 34
0.477405 0.115245 0.724206 22 48 0
0.146050 0.172207 0.669961 46 52 35
0.144249 0.172516 0.669666 84 107 53
0.142461 0.171908 0.668961 151 174 120
0.140662 0.172217 0.668666 150 182 122
0.138864 0.172527 0.668372 130 162 102
0.137046 0.173755 0.668487 30 51 11
0.485078 0.111332 0.726367 36 57 17
0.483749 0.112475 0.726565 150 171 131
0.481951 0.112784 0.726271 153 185 121
0.480613 0.113928 0.726467 145 177 113
0.478813 0.114238 0.726172 89 115 60
0.477468 0.115383 0.726367 20 46 0
0.145648 0.172425 0.672046 48 53 39
0.143856 0.171819 0.671338 69 92 42
0.142055 0.172128 0.671043 148 171 121
0.140254 0.172438 0.670748 151 183 121
0.138453 0.172748 0.670453 140 172 110
0.136632 0.173975 0.670570 35 56 16
0.485154 0.111469 0.728528 32 51 13
0.483356 0.111778 0.728234 137 156 118
0.482021 0.112921 0.728433 154 186 122
0.480220 0.113230 0.728138 146 178 114
0.478877 0.114375 0.728336 100 127 69
0.477074 0.114685 0.728041 21 48 0
0.143451 0.172036 0.673425 59 82 32
0.141648 0.172347 0.673130 145 168 118
0.139844 0.172657 0.672834 150 182 120
0.138041 0.172967 0.672539 143 175 113
0.136238 0.173277 0.672244 42 63 23
0.483428 0.111914 0.730399 111 128 91
0.482090 0.113056 0.730600 159 192 123
0.480287 0.113366 0.730305 150 183 114
0.478941 0.114510 0.730505 119 148 89
0.477135 0.114820 0.730209 30 59 0
0.143057 0.171338 0.675098 48 73 25
0.141254 0.171648 0.674803 139 164 116
0.139450 0.171958 0.674508 146 178 116
0.137628 0.173184 0.674630 143 175 113
0.135822 0.173494 0.674334 45 66 26
0.483499 0.112048 0.732569 92 106 70
0.481696 0.112358 0.732274 161 191 123
0.480352 0.113500 0.732476 152 182 114
0.479003 0.114643 0.732678 130 159 96
0.477195 0.114954 0.732382 35 64 1
0.475386 0.115265 0.732086 36 49 18
0.142651 0.171553 0.677193 41 66 20
0.140845 0.171863 0.676897 134 159 113
0.139039 0.172174 0.676601 146 178 118
0.137233 0.172484 0.676306 143 175 115
0.135405 0.173710 0.676429 49 70 28
0.483569 0.112180 0.734744 71 80 46
0.481763 0.112490 0.734448 159 187 120
0.480416 0.113632 0.734653 155 183 116
0.478608 0.113943 0.734357 138 171 102
0.476800 0.114253 0.734060 49 82 13
0.474991 0.114564 0.733764 30 47 8
0.142256 0.170854 0.678869 40 64 23
0.140435 0.172077 0.678996 132 156 115
0.138627 0.172388 0.678699 146 178 118
0.136818 0.172698 0.678403 145 177 117
0.135010 0.173009 0.678107 52 74 29
0.483638 0.112310 0.736923 55 63 34
0.481830 0.112620 0.736627 155 182 120
0.480021 0.112931 0.736331 152 179 117
0.478213 0.113242 0.736035 143 177 105
0.476404 0.113553 0.735739 66 100 28
0.474596 0.113864 0.735443 21 40 0
0.141848 0.171065 0.680970 39 65 23
0.140040 0.171376 0.680674 131 157 115
0.138232 0.171687 0.680378 146 178 116
0.136423 0.171998 0.680082 149 181 119
0.134615 0.172309 0.679786 63 83 38
0.483243 0.111609 0.738601 42 49 25
0.481434 0.111920 0.738305 142 166 105
0.479626 0.112231 0.738009 157 181 120
0.477818 0.112542 0.737713 145 179 105
0.476009 0.112853 0.737417 87 121 47
0.474651 0.113994 0.737625 20 42 0
0.141453 0.170365 0.682648 38 64 22
0.139645 0.170676 0.682352 131 157 115
0.137836 0.170987 0.682056 140 172 110
0.136028 0.171298 0.681760 147 179 117
0.134196 0.172521 0.681890 65 87 42
0.481039 0.111220 0.739984 128 150 91
0.479231 0.111531 0.739688 160 182 123
0.477422 0.111841 0.739392 145 179 103
0.476066 0.112981 0.739602 115 149 73
0.474255 0.113293 0.739305 27 49 2
0.141058 0.169665 0.684327 38 62 19
0.139250 0.169975 0.684031 131 155 112
0.137441 0.170286 0.683735 145 177 115
0.135611 0.171508 0.683867 146 178 116
0.133800 0.171819 0.683571 64 86 41
0.481103 0.111346 0.742172 95 115 59
0.479292 0.111657 0.741876 162 182 126
0.477482 0.111969 0.741579 149 183 107
0.475671 0.112280 0.741283 131 165 89
0.474309 0.113420 0.741494 39 65 14
0.472495 0.113732 0.741198 26 52 1
0.140648 0.169873 0.686437 41 63 18
0.138837 0.170184 0.686141 133 155 110
0.137026 0.170495 0.685845 145 177 115
0.135215 0.170806 0.685548 146 178 116
0.133379 0.172028 0.685682 61 83 38
0.480708 0.110645 0.743853 68 84 34
0.478897 0.110956 0.743556 163 179 129
0.477086 0.111267 0.743260 154 188 114
0.475726 0.112406 0.743474 143 177 103
0.473913 0.112718 0.743178 57 83 32
0.472099 0.113029 0.742881 24 50 0
0.140252 0.169171 0.688118 41 63 18
0.138441 0.169483 0.687822 132 154 109
0.134797 0.171014 0.687662 145 177 115
0.132983 0.171326 0.687365 63 82 40
0.480770 0.110768 0.746048 48 63 20
0.478957 0.111080 0.745751 152 167 124
0.477143 0.111392 0.745454 159 190 117
0.475330 0.111703 0.745157 147 178 105
0.473516 0.112015 0.744861 76 103 45
0.472149 0.113154 0.745076 18 45 0
0.139841 0.169376 0.690236 42 67 21
0.138027 0.169688 0.689939 131 156 110
0.136214 0.170000 0.689642 140 172 110
0.134400 0.170311 0.689345 146 178 116
0.132561 0.171531 0.689484 56 75 33
0.480374 0.110066 0.747731 41 54 21
0.478560 0.110378 0.747434 130 143 110
0.476747 0.110689 0.747137 160 190 122
0.474934 0.111001 0.746841 151 181 113
0.473568 0.112139 0.747059 106 135 72
0.471752 0.112451 0.746762 18 47 0
0.139428 0.169579 0.692358 43 68 22
0.137612 0.169892 0.692061 133 158 112
0.135817 0.169297 0.691325 145 177 115
0.133980 0.170516 0.691466 143 175 113
0.132164 0.170828 0.691169 54 71 30
0.478619 0.110499 0.749636 102 114 86
0.476803 0.110811 0.749339 158 188 122
0.474987 0.111123 0.749042 154 184 118
0.473171 0.111435 0.748744 129 162 95
0.469981 0.112885 0.748667 33 51 18
0.139014 0.169780 0.694485 52 77 31
0.137215 0.169188 0.693746 135 160 114
0.135399 0.169500 0.693449 149 178 115
0.133558 0.170718 0.693592 145 174 111
0.131740 0.171031 0.693294 50 68 24
0.478676 0.110618 0.751843 71 81 54
0.476857 0.110930 0.751545 157 184 122
0.474590 0.110420 0.750727 157 184 122
0.471402 0.111868 0.750652 50 85 15
0.469584 0.112181 0.750354 24 44 9
0.138617 0.169076 0.696173 53 78 32
0.136798 0.169389 0.695875 135 160 114
0.134980 0.169701 0.695578 149 178 115
0.133161 0.170014 0.695280 142 171 108
0.131315 0.171232 0.695424 43 60 19
0.478279 0.109913 0.753531 52 56 31
0.476460 0.110226 0.753233 147 171 112
0.474642 0.110539 0.752935 164 188 129
0.472823 0.110851 0.752637 139 174 104
0.471005 0.111164 0.752340 80 115 45
0.469186 0.111477 0.752042 21 45 4
0.138183 0.170177 0.698753 60 85 37
0.136380 0.169587 0.698009 142 167 119
0.134559 0.169900 0.697711 145 177 115
0.132738 0.170213 0.697413 137 169 107
0.130889 0.171431 0.697559 38 57 19
0.478787 0.110850 0.756270 44 47 26
0.476063 0.109522 0.754921 114 135 81
0.474244 0.109834 0.754623 167 188 134
0.472426 0.110147 0.754325 154 188 116
0.470607 0.110460 0.754028 109 143 71
0.469229 0.111595 0.754254 25 52 5
0.468284 0.113554 0.755002 32 59 12
0.139592 0.170058 0.701193 40 48 33
0.137766 0.170372 0.700894 71 98 51
0.135940 0.170686 0.700595 141 168 121
0.134137 0.170098 0.699849 145 178 120
0.132314 0.170411 0.699550 127 160 102
0.130461 0.171628 0.699699 35 53 20
0.476565 0.110457 0.757664 73 94 44
0.474294 0.109950 0.756838 165 186 136
0.472473 0.110263 0.756540 159 193 121
0.470652 0.110577 0.756242 129 163 91
0.469711 0.112533 0.756996 37 68 15
0.467885 0.112847 0.756697 25 56 3
0.139176 0.170251 0.703339 39 48 30
0.137347 0.170565 0.703040 90 117 68
0.135541 0.169979 0.702290 142 169 120
0.133715 0.170293 0.701991 149 182 124
0.131888 0.170607 0.701692 115 148 90
0.476616 0.110570 0.759886 46 64 20
0.474343 0.110065 0.759058 151 169 125
0.472520 0.110378 0.758759 161 195 123
0.471138 0.111512 0.758990 143 177 105
0.469312 0.111826 0.758691 73 104 47
0.467922 0.112961 0.758920 18 49 0
0.138759 0.170442 0.705490 35 46 25
0.136948 0.169857 0.704737 110 138 82
0.135119 0.170172 0.704438 145 173 117
0.133291 0.170486 0.704139 149 180 123
0.131462 0.170800 0.703839 102 133 76
0.476666 0.110681 0.762114 36 50 10
0.474391 0.110177 0.761282 131 145 105
0.472565 0.110491 0.760983 160 194 122
0.470739 0.110804 0.760684 151 185 113
0.469351 0.111938 0.760916 108 142 79
0.467523 0.112252 0.760617 21 55 0
0.466128 0.113387 0.760847 27 49 20
0.138359 0.169733 0.707190 38 53 28
0.136528 0.170048 0.706890 126 155 94
0.134720 0.169463 0.706135 147 176 115
0.132891 0.169778 0.705836 151 180 121
0.131035 0.170992 0.705991 78 107 48
0.474438 0.110287 0.763511 96 108 73
0.472166 0.109783 0.762678 158 191 122
0.470780 0.110916 0.762913 153 186 117
0.468952 0.111230 0.762613 128 165 95
0.467559 0.112363 0.762847 42 79 9
0.466161 0.113498 0.763079 18 42 10
0.137940 0.169921 0.709348 50 65 38
0.136107 0.170236 0.709047 134 163 100
0.134297 0.169653 0.708290 148 177 114
0.132440 0.170867 0.708447 152 180 124
0.130606 0.171182 0.708147 51 79 23
0.474038 0.109579 0.765209 51 58 32
0.472209 0.109893 0.764909 147 177 111
0.470381 0.110207 0.764610 156 186 120
0.468990 0.111339 0.764846 139 177 102
0.467594 0.112472 0.765081 82 120 45
0.465760 0.112788 0.764781 14 39 2
0.137540 0.169211 0.711049 67 79 51
0.135706 0.169526 0.710749 139 171 109
0.133873 0.169841 0.710449 145 177 115
0.132039 0.170156 0.710149 139 167 111
0.130176 0.171369 0.710308 34 62 6
0.474528 0.110501 0.767984 43 47 24
0.472252 0.110001 0.767145 112 139 77
0.470860 0.111132 0.767383 161 188 126
0.469027 0.111447 0.767083 140 178 103
0.467193 0.111762 0.766783 113 151 76
0.465359 0.112077 0.766483 19 48 3
0.463955 0.113211 0.766719 25 54 9
0.138956 0.169080 0.713515 34 48 12
0.137120 0.169396 0.713214 91 105 69
0.135283 0.169711 0.712914 142 174 112
0.133447 0.170027 0.712613 150 182 120
0.131584 0.171239 0.712774 119 147 95
0.129745 0.171555 0.712473 27 55 3
0.472293 0.110106 0.769385 79 102 50
0.470460 0.110422 0.769085 163 186 134
0.468626 0.110737 0.768785 154 192 119
0.467226 0.111868 0.769024 131 169 96
0.465390 0.112184 0.768724 45 76 21
0.463983 0.113317 0.768962 16 47 0
0.138555 0.168369 0.715219 33 50 11
0.136718 0.168685 0.714918 114 131 92
0.134860 0.169895 0.715083 139 173 108
0.133021 0.170211 0.714782 151 185 120
0.131182 0.170527 0.714481 92 117 71
0.472333 0.110210 0.771630 40 62 17
0.470497 0.110526 0.771330 150 172 127
0.468661 0.110841 0.771029 154 192 119
0.467258 0.111972 0.771271 141 179 106
0.465420 0.112288 0.770970 86 120 59
0.463581 0.112604 0.770669 16 50 0
0.138135 0.168551 0.717391 39 58 16
0.136297 0.168867 0.717090 131 150 108
0.134458 0.169183 0.716789 141 175 110
0.132619 0.169499 0.716488 151 185 120
0.130781 0.169815 0.716187 74 95 53
0.472373 0.110312 0.773880 31 48 9
0.470534 0.110628 0.773579 108 125 86
0.468695 0.110944 0.773278 158 194 121
0.466857 0.111260 0.772977 153 189 116
0.465018 0.111576 0.772676 122 156 91
0.463179 0.111892 0.772375 36 70 5
0.461341 0.112208 0.772074 21 40 10
0.137733 0.167839 0.719098 69 91 46
0.135895 0.168155 0.718797 137 159 114
0.134056 0.168471 0.718496 149 182 115
0.132217 0.168787 0.718195 144 177 110
0.130350 0.169997 0.718363 50 69 31
0.470132 0.109916 0.775286 63 76 43
0.468294 0.110232 0.774985 151 184 117
0.466455 0.110548 0.774684 158 191 124
0.464616 0.110864 0.774383 139 174 104
0.462777 0.111180 0.774082 79 114 44
0.460939 0.111496 0.773781 14 38 0
0.139154 0.167701 0.721579 35 41 22
0.137332 0.167126 0.720804 101 124 74
0.135471 0.168334 0.720976 143 166 116
0.133630 0.168650 0.720674 152 182 116
0.131789 0.168967 0.720373 127 157 91
0.129918 0.170176 0.720543 35 53 18
0.470167 0.110015 0.777542 39 46 24
0.467892 0.109520 0.776691 123 147 90
0.466053 0.109836 0.776390 164 188 131
0.464214 0.110152 0.776089 149 185 112
0.462376 0.110468 0.775788 113 149 76
0.460537 0.110784 0.775487 32 59 12
0.459120 0.111914 0.775734 25 52 5
0.138751 0.166988 0.723287 44 51 29
0.136910 0.167304 0.722986 121 148 90
0.135069 0.167621 0.722685 142 169 111
0.133203 0.168828 0.722857 152 181 118
0.131359 0.169145 0.722556 88 117 54
0.467924 0.109619 0.778950 66 87 37
0.466083 0.109935 0.778648 158 179 129
0.464241 0.110252 0.778347 153 187 115
0.462400 0.110568 0.778045 138 172 100
0.460135 0.110072 0.777194 69 100 43
0.458718 0.111201 0.777443 16 47 0
0.138331 0.167163 0.725474 58 68 41
0.136488 0.167480 0.725172 139 167 102
0.134644 0.167797 0.724871 148 176 111
0.132800 0.168114 0.724569 148 175 115
0.130956 0.168431 0.724267 53 80 20
0.467955 0.109715 0.781213 34 51 12
0.466111 0.110032 0.780911 124 141 102
0.463839 0.109539 0.780056 157 192 122
0.461998 0.109855 0.779754 151 186 116
0.460157 0.110172 0.779453 105 139 74
0.458315 0.110488 0.779151 23 57 0
0.456474 0.110805 0.778850 33 51 18
0.139772 0.166132 0.727487 33 47 11
0.137928 0.166449 0.727185 96 110 74
0.136085 0.166766 0.726884 142 172 104
0.134241 0.167083 0.726582 149 179 111
0.132397 0.167400 0.726280 123 147 90
0.130525 0.168606 0.726457 34 58 1
0.465708 0.109318 0.782622 75 87 59
0.463864 0.109635 0.782320 158 190 126
0.462020 0.109952 0.782018 157 189 125
0.460177 0.110269 0.781716 133 170 102
0.458333 0.110586 0.781415 68 105 37
0.456489 0.110903 0.781113 18 41 5
0.139369 0.165418 0.729198 35 54 12
0.137525 0.165735 0.728896 118 137 95
0.135682 0.166052 0.728595 145 178 109
0.133814 0.167256 0.728775 151 184 115
0.131968 0.167574 0.728472 98 121 71
0.130122 0.167891 0.728170 34 57 7
0.465305 0.108604 0.784333 42 54 30
0.463461 0.108921 0.784031 138 164 109
0.461618 0.109238 0.783730 161 187 132
0.459774 0.109555 0.783428 148 183 113
0.457930 0.109872 0.783126 113 148 78
0.456086 0.110189 0.782824 26 55 10
0.454243 0.110506 0.782522 24 53 8
0.140796 0.165272 0.731697 37 43 26
0.138949 0.165589 0.731395 66 89 39
0.137103 0.165907 0.731093 139 162 112
0.135257 0.166224 0.730790 145 180 110
0.133411 0.166541 0.730488 145 180 110
0.131564 0.166859 0.730186 54 76 29
0.463485 0.109015 0.786303 76 99 49
0.461215 0.108524 0.785441 164 187 137
0.459371 0.108841 0.785139 152 188 115
0.457527 0.109158 0.784837 137 173 100
0.455684 0.109475 0.784535 55 88 32
0.453840 0.109792 0.784233 18 51 0
0.140392 0.164557 0.733411 32 42 19
0.138546 0.164874 0.733108 101 130 71
0.136700 0.165192 0.732806 144 173 114
0.134854 0.165509 0.732504 148 184 111
0.132982 0.166712 0.732688 123 159 86
0.131133 0.167030 0.732386 36 55 15
0.463081 0.108300 0.788016 38 58 13
0.461235 0.108617 0.787714 131 151 106
0.458968 0.108127 0.786850 160 194 122
0.457124 0.108444 0.786548 150 184 112
0.455281 0.108761 0.786246 105 141 76
0.453437 0.109078 0.785945 34 70 5
0.451593 0.109395 0.785643 21 43 14
0.139973 0.164724 0.735615 49 61 33
0.138125 0.165042 0.735312 129 159 93
0.136276 0.165360 0.735009 148 178 112
0.134427 0.165678 0.734707 152 185 118
0.132578 0.165996 0.734404 78 111 44
0.130701 0.167198 0.734590 39 55 23
0.460832 0.107902 0.789428 75 88 55
0.458986 0.108220 0.789125 155 185 117
0.457139 0.108537 0.788823 161 191 123
0.455293 0.108855 0.788521 133 171 98
0.453447 0.109172 0.788219 68 106 33
0.451601 0.109489 0.787916 23 48 11
0.449754 0.109807 0.787614 33 58 21
0.141405 0.164572 0.738126 27 43 9
0.139569 0.164008 0.737330 83 99 65
0.137721 0.164326 0.737028 142 176 104
0.135851 0.165527 0.737217 151 185 113
0.133999 0.165845 0.736914 144 173 112
0.132148 0.166163 0.736611 39 68 7
0.458582 0.107505 0.790839 111 138 78
0.456736 0.107822 0.790537 164 191 131
0.454890 0.108139 0.790235 148 186 111
0.453043 0.108457 0.789932 108 146 71
0.451197 0.108774 0.789630 44 74 24
0.449351 0.109092 0.789328 23 53 3
0.141000 0.163855 0.739845 37 59 12
0.139149 0.164173 0.739542 118 140 93
0.137297 0.164492 0.739238 147 181 109
0.135446 0.164810 0.738935 154 188 116
0.133595 0.165128 0.738632 112 135 85
0.131717 0.166329 0.738823 30 53 3
0.458598 0.107594 0.793121 66 84 38
0.456749 0.107912 0.792819 157 175 129
0.454486 0.107424 0.791948 160 194 122
0.452640 0.107742 0.791646 136 170 98
0.450794 0.108059 0.791344 85 117 55
0.449354 0.109184 0.791608 29 61 0
0.447505 0.109501 0.791305 37 54 28
0.142435 0.163699 0.742364 34 43 25
0.140581 0.164017 0.742061 63 89 36
0.138727 0.164336 0.741757 141 167 114
0.136873 0.164655 0.741454 150 185 117
0.135020 0.164973 0.741150 150 185 117
0.133166 0.165292 0.740847 64 85 45
0.456345 0.107196 0.794535 103 114 84
0.454496 0.107514 0.794232 161 190 120
0.452648 0.107832 0.793929 156 185 115
0.450799 0.108150 0.793627 131 162 91
0.448950 0.108467 0.793324 60 91 20
0.447101 0.108785 0.793021 30 50 15
0.142017 0.163859 0.744585 40 52 28
0.140176 0.163299 0.743781 118 147 86
0.138322 0.163618 0.743478 142 171 110
0.136448 0.164816 0.743674 156 188 126
0.134592 0.165135 0.743370 113 145 83
0.132710 0.166334 0.743564 39 54 25
0.456357 0.107284 0.796824 47 57 34
0.454505 0.107602 0.796521 135 159 98
0.452654 0.107920 0.796218 162 186 125
0.450803 0.108238 0.795914 147 178 103
0.448952 0.108557 0.795611 109 140 65
0.447100 0.108875 0.795308 40 65 19
0.445249 0.109193 0.795005 29 54 8
0.143457 0.163697 0.747115 31 47 15
0.141598 0.164017 0.746811 67 83 51
0.139739 0.164336 0.746507 134 167 100
0.137881 0.164656 0.746203 145 178 111
0.136001 0.165854 0.746400 151 182 125
0.134140 0.166174 0.746095 65 96 39
0.454513 0.107688 0.798814 88 109 57
0.452250 0.107203 0.797936 157 178 126
0.450398 0.107521 0.797633 154 185 110
0.448547 0.107840 0.797330 136 167 92
0.446696 0.108158 0.797027 79 111 49
0.445244 0.109281 0.797297 25 57 0
0.443788 0.110405 0.797566 32 54 27
0.143040 0.163853 0.749346 34 55 15
0.141178 0.164173 0.749042 118 139 99
0.139317 0.164493 0.748737 146 181 113
0.135573 0.166010 0.748632 123 151 97
0.133709 0.166330 0.748327 31 59 5
0.452255 0.107288 0.800231 120 134 94
0.450401 0.107607 0.799927 156 187 112
0.448547 0.107926 0.799624 151 182 107
0.446693 0.108244 0.799321 108 142 68
0.445239 0.109367 0.799592 58 92 18
0.443779 0.110490 0.799863 20 45 8
0.144467 0.165434 0.752904 39 44 30
0.142609 0.164881 0.752090 64 90 37
0.140757 0.164327 0.751277 138 164 111
0.138893 0.164647 0.750972 144 179 109
0.137029 0.164968 0.750667 149 184 114
0.135144 0.166165 0.750868 78 99 49
0.452667 0.108173 0.803110 58 65 41
0.450808 0.108492 0.802806 137 162 96
0.448546 0.108010 0.801923 163 188 122
0.446689 0.108329 0.801619 142 177 98
0.445232 0.109451 0.801893 102 137 58
0.443373 0.109770 0.801589 39 70 17
0.441908 0.110894 0.801861 26 57 4
0.144058 0.164711 0.754639 41 50 30
0.142189 0.165032 0.754333 113 142 79
0.140335 0.164479 0.753517 147 176 113
0.138451 0.165674 0.753721 154 184 116
0.136582 0.165996 0.753415 127 157 89
0.134713 0.166317 0.753109 41 55 17
0.450808 0.108573 0.805112 75 96 44
0.448543 0.108092 0.804227 151 172 120
0.446684 0.108411 0.803923 154 188 112
0.444826 0.108731 0.803618 132 166 90
0.443363 0.109853 0.803894 80 114 49
0.441894 0.110976 0.804168 25 59 0
0.440030 0.111296 0.803863 39 54 27
0.145511 0.164537 0.757193 29 44 15
0.143650 0.163987 0.756373 77 92 63
0.141781 0.164308 0.756067 138 168 100
0.139912 0.164629 0.755762 149 179 111
0.138043 0.164951 0.755456 153 180 120
0.136154 0.166146 0.755661 61 88 28
0.448943 0.108972 0.807119 109 125 91
0.446679 0.108492 0.806231 155 185 117
0.444817 0.108812 0.805926 149 179 111
0.443351 0.109933 0.806203 123 159 84
0.441487 0.110254 0.805898 68 104 29
0.440013 0.111377 0.806174 26 49 13
0.438534 0.112500 0.806449 35 58 22
0.146968 0.164361 0.759753 48 50 39
0.145094 0.164683 0.759446 37 58 16
0.143230 0.164134 0.758623 119 140 98
0.141359 0.164456 0.758317 151 181 113
0.139488 0.164778 0.758011 155 185 117
0.137598 0.165972 0.758219 122 145 93
0.135724 0.166294 0.757912 31 54 2
0.448535 0.108250 0.808849 56 66 41
0.446671 0.108571 0.808543 132 158 103
0.444808 0.108891 0.808238 156 182 127
0.442944 0.109212 0.807933 145 181 106
0.441080 0.109532 0.807628 114 150 75
0.439605 0.110654 0.807906 46 74 22
0.438126 0.111776 0.808184 17 45 0
0.146558 0.163635 0.761492 36 42 25
0.144684 0.163957 0.761185 86 112 59
0.142810 0.164280 0.760878 145 171 118
0.140936 0.164602 0.760571 154 184 116
0.139046 0.165795 0.760782 147 177 109
0.137169 0.166118 0.760475 58 75 34
0.447062 0.109446 0.811448 65 82 41
0.444400 0.108169 0.809968 145 162 121
0.442930 0.109289 0.810250 153 186 117
0.441064 0.109610 0.809944 139 172 103
0.439198 0.109931 0.809639 98 127 64
0.437718 0.111053 0.809918 41 70 7
0.435849 0.111374 0.809613 22 38 6
0.148023 0.162587 0.763538 34 46 18
0.146149 0.162910 0.763231 69 81 53
0.144265 0.164101 0.763445 126 156 90
0.142389 0.164423 0.763138 148 178 112
0.140512 0.164746 0.762831 160 188 123
0.138619 0.165938 0.763043 93 121 56
0.136720 0.167132 0.763254 41 52 20
0.444785 0.109044 0.812877 82 92 65
0.442916 0.109365 0.812571 155 179 120
0.441047 0.109686 0.812265 159 183 124
0.439178 0.110007 0.811959 130 164 92
0.437309 0.110329 0.811653 85 119 47
0.435440 0.110650 0.811347 38 60 13
0.433952 0.111772 0.811628 28 50 3
0.147608 0.162729 0.765801 44 64 17
0.145732 0.163051 0.765494 103 123 76
0.143845 0.164242 0.765710 140 174 102
0.141966 0.164565 0.765402 146 180 108
0.140087 0.164888 0.765094 135 159 102
0.138190 0.166080 0.765308 48 72 15
0.442901 0.109439 0.814897 100 120 73
0.440639 0.108962 0.814000 164 184 137
0.438770 0.109284 0.813694 154 185 114
0.436901 0.109605 0.813388 129 160 89
0.435032 0.109926 0.813082 88 117 56
0.433163 0.110247 0.812776 30 59 0
0.431672 0.111369 0.813059 37 52 25
0.149075 0.161679 0.767850 34 44 19
0.147192 0.162868 0.768069 77 104 42
0.145313 0.163191 0.767761 133 160 98
0.143424 0.164381 0.767979 152 183 112
0.141542 0.164704 0.767671 153 184 113
0.139661 0.165028 0.767363 75 94 52
0.442884 0.109510 0.817227 50 66 34
0.441010 0.109832 0.816921 123 139 107
0.438749 0.109357 0.816021 157 185 118
0.436877 0.109679 0.815715 154 182 115
0.435006 0.110001 0.815408 124 155 84
0.433134 0.110322 0.815102 74 105 34
0.431263 0.110644 0.814796 28 52 13
0.429766 0.111765 0.815080 29 53 14
0.150540 0.161494 0.770428 32 49 12
0.148661 0.161817 0.770120 57 74 37
0.146782 0.162140 0.769813 118 152 78
0.144894 0.163329 0.770033 150 184 110
0.143013 0.163652 0.769725 155 185 117
0.141131 0.163976 0.769417 111 141 73
0.139250 0.164299 0.769109 41 57 25
0.440990 0.109903 0.819256 53 62 42
0.438727 0.109429 0.818353 127 151 92
0.436853 0.109751 0.818046 162 186 127
0.434979 0.110073 0.817740 154 185 112
0.432725 0.109597 0.816839 126 157 84
0.430854 0.109919 0.816532 70 98 42
0.429357 0.111040 0.816819 23 51 0
0.427483 0.111362 0.816512 33 50 24
0.152009 0.161306 0.773011 37 42 28
0.150128 0.161630 0.772703 44 67 17
0.148246 0.161953 0.772395 111 134 84
0.146365 0.162276 0.772087 140 174 98
0.144483 0.162600 0.771779 156 190 114
0.142602 0.162923 0.771471 134 161 101
0.140720 0.163247 0.771163 53 80 20
0.438703 0.109498 0.820690 60 75 32
0.436827 0.109821 0.820383 138 153 110
0.434569 0.109347 0.819479 161 190 120
0.432695 0.109669 0.819172 155 184 114
0.430821 0.109992 0.818865 124 155 84
0.428947 0.110314 0.818559 70 101 30
0.427444 0.111434 0.818847 24 48 7
0.425568 0.111757 0.818540 32 56 15
0.151598 0.160577 0.774758 40 50 27
0.149717 0.160901 0.774450 83 110 48
0.147835 0.161224 0.774142 139 166 104
0.145954 0.161548 0.773834 153 184 109
0.144072 0.161871 0.773526 147 178 103
0.142178 0.163059 0.773750 78 99 49
0.140294 0.163383 0.773442 37 58 8
0.436800 0.109889 0.822724 66 71 43
0.434540 0.109417 0.821817 137 159 98
0.432664 0.109740 0.821510 159 181 120
0.430412 0.109266 0.820605 144 175 100
0.428538 0.109588 0.820298 124 155 80
0.427034 0.110707 0.820588 68 95 35
0.425158 0.111030 0.820281 27 54 0
0.423281 0.111352 0.819974 41 53 27
0.153069 0.159525 0.776812 28 46 11
0.151187 0.159849 0.776504 75 93 58
0.149305 0.160172 0.776196 133 164 93
0.147424 0.160496 0.775888 152 183 112
0.145535 0.161681 0.776115 155 184 114
0.143651 0.162005 0.775807 99 128 58
0.141766 0.162329 0.775499 42 55 22
0.434510 0.109485 0.824160 64 79 36
0.432631 0.109808 0.823853 142 157 114
0.430377 0.109335 0.822945 156 185 113
0.428501 0.109658 0.822637 146 175 103
0.426624 0.109980 0.822330 116 147 74
0.424748 0.110303 0.822023 74 105 32
0.423236 0.111423 0.822315 37 56 14
0.421357 0.111746 0.822007 32 51 9
0.154543 0.159332 0.779406 36 41 27
0.152659 0.159656 0.779098 64 87 37
0.150775 0.159980 0.778789 127 150 100
0.148891 0.160304 0.778481 149 180 109
0.147007 0.160628 0.778173 160 191 120
0.145123 0.160952 0.777864 120 144 87
0.143228 0.162137 0.778093 47 71 14
0.432598 0.109874 0.826200 65 72 50
0.430342 0.109403 0.825289 142 162 102
0.428463 0.109726 0.824981 165 185 125
0.426584 0.110049 0.824674 143 173 96
0.424338 0.109576 0.823765 121 151 74
0.422826 0.110695 0.824059 77 104 42
0.420947 0.111018 0.823751 34 61 0
0.419068 0.111341 0.823443 35 48 17
0.156022 0.159136 0.782006 31 43 15
0.154135 0.159460 0.781697 57 69 41
0.152249 0.159785 0.781388 118 150 88
0.150362 0.160109 0.781080 142 174 112
0.148476 0.160433 0.780771 152 185 116
0.146589 0.160758 0.780462 132 165 96
0.144702 0.161082 0.780153 54 72 37
0.430305 0.109468 0.827638 67 77 36
0.428424 0.109792 0.827330 145 155 114
0.426173 0.109321 0.826418 162 188 115
0.424294 0.109644 0.826110 148 174 101
0.422415 0.109967 0.825803 116 146 69
0.420536 0.110290 0.825495 85 115 38
0.418657 0.110613 0.825187 37 59 12
0.417134 0.111733 0.825482 30 52 5
0.157505 0.158937 0.784611 30 36 19
0.155615 0.159262 0.784302 42 66 23
0.153726 0.159587 0.783993 103 127 84
0.151837 0.159912 0.783683 136 171 101
0.149948 0.160236 0.783374 153 188 118
0.148059 0.160561 0.783065 146 174 118
0.146170 0.160886 0.782756 70 98 42
0.144271 0.162070 0.782989 36 50 30
0.428012 0.109063 0.829077 66 71 43
0.426131 0.109387 0.828768 137 157 97
0.423883 0.108916 0.827854 164 184 124
0.422004 0.109239 0.827546 146 176 97
0.420125 0.109562 0.827239 121 151 72
0.418246 0.109885 0.826931 78 108 42
0.416723 0.111004 0.827228 39 69 3
0.414842 0.111327 0.826920 28 46 11
0.412960 0.111651 0.826612 37 55 20
0.158991 0.158736 0.787222 31 46 17
0.157099 0.159061 0.786912 40 55 26
0.155208 0.159386 0.786603 93 127 64
0.153316 0.159711 0.786293 129 163 100
0.151425 0.160036 0.785983 148 183 115
0.149533 0.160362 0.785674 149 184 116
0.147641 0.160687 0.785364 83 107 66
0.145742 0.161870 0.785599 29 53 12
0.425720 0.108658 0.830515 60 73 29
0.423838 0.108981 0.830207 134 147 103
0.421957 0.109305 0.829899 159 188 116
0.420075 0.109628 0.829591 155 184 112
0.418194 0.109952 0.829283 124 158 82
0.416312 0.110275 0.828975 87 121 45
0.414430 0.110599 0.828667 48 76 22
0.412549 0.110922 0.828359 23 51 0
0.410667 0.111245 0.828051 33 48 23
0.160482 0.158531 0.789838 34 40 21
0.158587 0.158857 0.789528 33 55 8
0.156693 0.159182 0.789218 98 120 73
0.154799 0.159508 0.788908 130 165 95
0.152905 0.159834 0.788598 150 185 115
0.151010 0.161015 0.788837 151 183 121
0.149114 0.161341 0.788526 92 124 62
0.147217 0.161667 0.788216 38 50 22
0.423427 0.108253 0.831953 52 57 29
0.421546 0.108576 0.831645 118 138 78
0.419664 0.108899 0.831337 167 187 127
0.417782 0.109223 0.831029 158 189 116
0.415901 0.109546 0.830721 134 165 92
0.414019 0.109870 0.830413 100 134 62
0.412138 0.110193 0.830105 69 103 31
0.410256 0.110517 0.829797 29 50 10
0.408375 0.110840 0.829489 31 52 12
0.161976 0.158324 0.792460 26 42 10
0.160079 0.158650 0.792149 32 48 16
0.158183 0.158976 0.791839 89 122 55
0.156286 0.159302 0.791528 135 168 101
0.154389 0.159628 0.791218 149 185 112
0.152493 0.159954 0.790907 151 187 114
0.150596 0.160280 0.790597 104 124 77
0.148696 0.161461 0.790837 37 57 10
0.421134 0.107847 0.833391 50 59 21
0.419253 0.108171 0.833083 102 111 73
0.417371 0.108494 0.832775 158 184 115
0.415490 0.108818 0.832467 159 185 116
0.413608 0.109141 0.832159 134 170 93
0.411727 0.109465 0.831851 112 148 71
0.409845 0.109788 0.831543 73 105 45
0.407963 0.110111 0.831235 32 64 4
0.406082 0.110435 0.830927 35 52 24
0.163458 0.157263 0.794531 26 35 15
0.161562 0.157589 0.794220 29 54 6
0.159665 0.157915 0.793910 90 115 67
0.157768 0.158241 0.793599 134 172 99
0.155878 0.159420 0.793844 148 186 113
0.153978 0.159746 0.793533 153 186 119
0.152079 0.160073 0.793222 117 150 83
0.150180 0.160399 0.792911 44 55 23
0.418842 0.107442 0.834830 51 54 36
0.416960 0.107765 0.834522 86 100 51
0.415079 0.108089 0.834214 153 167 118
0.413197 0.108412 0.833906 152 187 108
0.411315 0.108736 0.833598 140 175 96
0.409434 0.109059 0.833290 111 149 74
0.407552 0.109383 0.832981 85 123 48
0.405671 0.109706 0.832673 38 64 20
0.404128 0.110824 0.832977 23 49 5
0.164959 0.157052 0.797161 22 42 9
0.163059 0.157378 0.796850 35 55 22
0.161160 0.157705 0.796539 92 126 65
0.159261 0.158031 0.796228 135 169 108
0.157362 0.158358 0.795917 148 183 113
0.155463 0.158684 0.795606 152 187 117
0.153566 0.159862 0.795852 125 148 98
0.151665 0.160189 0.795541 42 65 15
0.414667 0.107360 0.835960 69 77 48
0.412786 0.107684 0.835652 132 159 97
0.410904 0.108007 0.835344 156 183 121
0.409023 0.108331 0.835036 148 185 105
0.407141 0.108654 0.834728 126 163 83
0.405600 0.109770 0.835034 94 127 60
0.403716 0.110094 0.834726 51 84 17
0.401832 0.110418 0.834417 29 53 14
0.166463 0.156837 0.799796 24 35 14
0.164544 0.156316 0.798923 36 66 16
0.162644 0.156643 0.798613 95 125 75
0.160745 0.156969 0.798302 133 170 100
0.158846 0.157296 0.797991 146 183 113
0.156954 0.158472 0.798240 153 185 123
0.155053 0.158799 0.797928 117 149 87
0.153153 0.159977 0.798176 46 59 28
0.412725 0.107745 0.838017 55 69 33
0.410841 0.108069 0.837708 114 128 92
0.408956 0.108393 0.837400 155 181 112
0.407072 0.108717 0.837091 155 181 112
0.405188 0.109040 0.836783 137 169 91
0.403304 0.109364 0.836474 122 154 76
0.401755 0.110481 0.836782 80 109 50
0.399868 0.110805 0.836473 39 68 9
0.397982 0.111129 0.836164 24 45 7
0.167949 0.155774 0.801873 17 42 7
0.166047 0.156101 0.801561 47 72 37
0.164146 0.156428 0.801250 104 141 73
0.162244 0.156755 0.800939 134 171 103
0.160342 0.157082 0.800627 148 185 117
0.158440 0.157409 0.800316 151 188 120
0.156539 0.157735 0.800005 111 133 88
0.154641 0.158912 0.800255 37 59 14
0.410776 0.108128 0.840077 50 54 33
0.409233 0.109243 0.840388 89 105 55
0.407003 0.108777 0.839459 152 168 118
0.405116 0.109101 0.839150 155 184 114
0.403229 0.109426 0.838842 143 172 102
0.401343 0.109750 0.838533 124 154 86
0.399456 0.110074 0.838224 101 131 63
0.397570 0.110399 0.837915 61 88 28
0.396010 0.111516 0.838223 25 52 0
0.394445 0.112634 0.838530 29 47 12
0.169459 0.155555 0.804516 29 44 17
0.167555 0.155883 0.804205 58 86 30
0.165632 0.155364 0.803326 110 138 82
0.163730 0.155691 0.803015 139 177 104
0.161828 0.156018 0.802704 143 181 108
0.159927 0.156345 0.802392 147 179 117
0.158025 0.156672 0.802081 106 138 76
0.156130 0.157847 0.802334 37 48 18
0.407273 0.109625 0.842454 67 72 42
0.405042 0.109160 0.841523 135 155 99
0.403153 0.109485 0.841214 160 180 124
0.401264 0.109810 0.840904 153 186 119
0.399375 0.110135 0.840595 124 157 90
0.397486 0.110459 0.840286 102 136 64
0.395597 0.110784 0.839976 75 109 37
0.394031 0.111901 0.840286 40 66 13
0.392140 0.112226 0.839976 27 53 0
0.390248 0.112552 0.839667 37 52 23
0.172880 0.155006 0.807478 28 37 17
0.170973 0.155334 0.807166 34 55 13
0.169043 0.154818 0.806284 72 93 51
0.167139 0.155145 0.805972 116 149 80
0.165235 0.155473 0.805660 145 178 109
0.163330 0.155800 0.805349 153 190 120
0.161426 0.156127 0.805037 141 178 108
0.159522 0.156455 0.804725 100 120 73
0.157618 0.156782 0.804413 38 58 11
0.405644 0.110795 0.845147 53 62 26
0.403076 0.109543 0.843590 100 109 73
0.401185 0.109868 0.843280 148 172 111
0.399293 0.110193 0.842971 162 186 125
0.397401 0.110518 0.842661 140 174 102
0.395510 0.110843 0.842351 124 158 86
0.393618 0.111169 0.842042 95 128 61
0.391726 0.111494 0.841732 64 97 30
0.389835 0.111819 0.841422 32 56 13
0.388259 0.112937 0.841733 21 45 2
0.386364 0.113262 0.841423 35 47 23
0.174401 0.154782 0.810133 26 42 10
0.172464 0.154268 0.809248 41 57 25
0.170557 0.154595 0.808935 89 118 57
0.168650 0.154923 0.808623 127 156 95
0.166743 0.155251 0.808311 147 180 111
0.164819 0.154735 0.807428 158 191 122
0.162914 0.155062 0.807116 137 164 104
0.161010 0.155390 0.806804 78 105 45
0.159106 0.155717 0.806492 39 50 20
0.401436 0.110712 0.846287 66 76 35
0.399540 0.111039 0.845976 123 133 92
0.397315 0.110575 0.845041 153 181 114
0.395421 0.110901 0.844731 154 182 115
0.393205 0.110436 0.843797 129 163 91
0.391313 0.110761 0.843488 116 150 78
0.389421 0.111086 0.843178 91 125 62
0.387530 0.111412 0.842868 57 91 28
0.385950 0.112529 0.843181 34 58 19
0.384366 0.113647 0.843492 24 48 9
0.175925 0.154554 0.812794 31 43 17
0.174014 0.154883 0.812481 59 87 33
0.172102 0.155211 0.812168 108 136 82
0.170165 0.154699 0.811280 137 171 99
0.168233 0.154185 0.810393 150 184 112
0.166327 0.154513 0.810081 159 189 121
0.164420 0.154840 0.809769 129 159 91
0.162513 0.155168 0.809456 66 83 44
0.160606 0.155496 0.809144 33 50 11
0.399784 0.111880 0.848991 51 51 29
0.397229 0.110630 0.847426 89 101 62
0.395332 0.110956 0.847115 139 151 112
0.393113 0.110493 0.846179 153 183 115
0.391219 0.110818 0.845869 145 175 107
0.389008 0.110354 0.844934 130 166 93
0.387116 0.110679 0.844624 114 150 77
0.385225 0.111004 0.844314 82 116 53
0.383642 0.112121 0.844629 48 82 19
0.381748 0.112446 0.844319 22 46 5
0.380158 0.113564 0.844631 21 45 4
0.179368 0.153995 0.815773 31 35 14
0.177454 0.154324 0.815460 41 63 18
0.175540 0.154653 0.815147 83 105 60
0.173625 0.154982 0.814833 122 158 85
0.171711 0.155311 0.814520 143 179 106
0.169772 0.154800 0.813629 150 184 108
0.167860 0.155128 0.813316 151 185 109
0.165949 0.155457 0.813003 113 136 84
0.164037 0.155786 0.812690 49 72 20
0.395565 0.111797 0.850133 58 62 39
0.393342 0.111336 0.849194 91 113 66
0.391124 0.110874 0.848255 142 164 117
0.389227 0.111200 0.847944 150 183 114
0.387017 0.110736 0.847007 142 175 106
0.384811 0.110272 0.846070 130 164 90
0.383229 0.111387 0.846387 109 143 69
0.381334 0.111713 0.846076 78 110 46
0.379440 0.112039 0.845766 56 88 24
0.377847 0.113156 0.846081 25 49 8
0.375951 0.113482 0.845771 24 48 7
0.182820 0.153432 0.818759 34 40 23
0.180903 0.153761 0.818445 29 46 7
0.178986 0.154091 0.818132 64 81 42
0.177069 0.154420 0.817818 108 138 70
0.175153 0.154750 0.817504 137 167 99
0.173207 0.154241 0.816610 143 179 102
0.171293 0.154570 0.816297 151 187 110
0.169378 0.154899 0.815983 144 173 110
0.167464 0.155228 0.815670 85 114 51
0.165550 0.155557 0.815356 43 59 25
0.391346 0.111715 0.851276 62 72 45
0.388813 0.110465 0.849705 107 130 78
0.386916 0.110791 0.849394 151 174 122
0.385020 0.111117 0.849084 153 183 115
0.382815 0.110654 0.848145 145 175 107
0.380920 0.110979 0.847834 123 157 85
0.379026 0.111305 0.847524 101 135 63
0.377132 0.111631 0.847214 76 108 44
0.375536 0.112747 0.847531 50 82 18
0.373639 0.113073 0.847221 30 51 9
0.371743 0.113400 0.846910 30 51 9
0.184318 0.152360 0.820852 24 42 7
0.182401 0.152689 0.820538 45 63 28
0.180484 0.153019 0.820225 87 116 55
0.178567 0.153348 0.819911 125 154 93
0.176651 0.153678 0.819597 142 176 100
0.174734 0.154007 0.819283 144 178 102
0.172817 0.154337 0.818969 153 186 117
0.170900 0.154666 0.818656 123 156 87
0.168983 0.154996 0.818342 69 89 44
0.167066 0.155325 0.818028 36 56 11
0.387440 0.112420 0.853050 66 73 47
0.385226 0.111959 0.852107 115 138 84
0.382708 0.110709 0.850533 155 178 124
0.380812 0.111035 0.850223 153 186 117
0.378915 0.111361 0.849912 145 178 109
0.377018 0.111687 0.849602 123 159 84
0.375122 0.112013 0.849291 105 141 66
0.373225 0.112339 0.848981 85 117 53
0.371621 0.113456 0.849299 57 89 25
0.369722 0.113783 0.848988 35 57 12
0.368110 0.114901 0.849305 24 46 1
0.366493 0.116021 0.849620 35 47 19
0.187781 0.151791 0.823847 24 42 7
0.185861 0.152121 0.823533 44 62 27
0.183899 0.151617 0.822631 75 103 49
0.181982 0.151947 0.822317 109 137 83
0.180103 0.153111 0.822590 135 169 97
0.178184 0.153441 0.822276 145 179 107
0.176265 0.153771 0.821962 151 181 113
0.174345 0.154101 0.821648 147 177 109
0.172426 0.154431 0.821333 87 108 56
0.170506 0.154761 0.821019 45 66 14
0.383215 0.112337 0.854193 72 83 53
0.381311 0.112664 0.853882 125 152 94
0.379407 0.112992 0.853570 153 180 122
0.377203 0.112530 0.852626 153 189 116
0.375301 0.112857 0.852315 143 179 106
0.373400 0.113184 0.852004 117 153 78
0.371498 0.113511 0.851692 101 137 62
0.367981 0.114956 0.851700 60 93 24
0.366077 0.115283 0.851388 36 58 11
0.364173 0.115611 0.851076 26 48 1
0.362269 0.115938 0.850764 31 46 17
0.191200 0.150388 0.826257 27 43 11
0.189281 0.150718 0.825943 36 52 20
0.187361 0.151048 0.825629 66 94 42
0.185442 0.151378 0.825314 103 131 79
0.183523 0.151708 0.825000 129 164 96
0.181603 0.152038 0.824686 139 174 106
0.179684 0.152368 0.824372 150 184 112
0.177764 0.152698 0.824058 151 185 113
0.175845 0.153028 0.823743 124 146 89
0.173926 0.153358 0.823429 67 89 32
0.172006 0.153688 0.823115 44 52 23
0.379292 0.113042 0.855972 66 79 46
0.377386 0.113369 0.855660 115 139 82
0.375182 0.112909 0.854714 150 174 117
0.373278 0.113236 0.854402 154 188 114
0.371374 0.113564 0.854090 142 176 102
0.369470 0.113891 0.853779 121 156 77
0.367565 0.114218 0.853467 116 151 72
0.365661 0.114546 0.853155 98 128 60
0.363757 0.114873 0.852843 76 106 38
0.361574 0.114409 0.851901 46 73 26
0.359672 0.114736 0.851589 27 54 7
0.357770 0.115063 0.851278 30 45 16
0.355597 0.114597 0.850337 36 51 22
0.194620 0.148985 0.828667 24 41 11
0.192700 0.149315 0.828353 29 46 16
0.190781 0.149645 0.828038 54 82 28
0.188861 0.149975 0.827724 102 130 76
0.186942 0.150305 0.827410 123 159 86
0.185023 0.150635 0.827096 135 171 98
0.183103 0.150965 0.826782 145 181 108
0.181184 0.151295 0.826467 148 184 111
0.179264 0.151625 0.826153 140 167 105
0.177345 0.151955 0.825839 85 112 50
0.175426 0.152284 0.825525 52 61 27
0.377566 0.114205 0.858703 43 56 25
0.375654 0.114534 0.858390 66 79 48
0.373449 0.114074 0.857441 113 137 80
0.371540 0.114403 0.857129 147 171 114
0.369342 0.113942 0.856181 158 190 112
0.367435 0.114270 0.855869 154 186 108
0.365528 0.114598 0.855557 134 168 92
0.363341 0.114136 0.854611 118 152 76
0.361436 0.114463 0.854299 108 141 74
0.359256 0.113999 0.853354 93 126 59
0.357081 0.113535 0.852411 60 88 36
0.354911 0.113070 0.851467 41 69 17
0.353015 0.113396 0.851157 29 47 12
0.351118 0.113722 0.850847 28 46 11
0.198039 0.147582 0.831077 18 40 9
0.196120 0.147912 0.830763 26 48 17
0.194200 0.148242 0.830448 51 82 25
0.192281 0.148572 0.830134 94 125 68
0.190361 0.148901 0.829820 128 162 86
0.188442 0.149231 0.829506 144 178 102
0.186523 0.149561 0.829191 151 185 109
0.184603 0.149891 0.828877 152 186 110
0.182684 0.150221 0.828563 141 170 107
0.180764 0.150551 0.828249 108 137 74
0.178881 0.151713 0.828528 52 69 30
0.176959 0.152044 0.828214 34 51 12
0.373617 0.114909 0.860490 41 52 22
0.371703 0.115238 0.860176 58 69 39
0.369789 0.115567 0.859863 88 109 55
0.367589 0.115108 0.858912 138 159 105
0.365677 0.115436 0.858600 156 185 115
0.363485 0.114976 0.857650 156 185 115
0.361298 0.114515 0.856702 140 174 102
0.359116 0.114053 0.855755 130 164 92
0.357212 0.114380 0.855443 118 151 84
0.354767 0.113126 0.853862 99 132 65
0.352868 0.113452 0.853551 82 111 50
0.350969 0.113779 0.853240 61 90 29
0.349070 0.114105 0.852930 42 65 13
0.347170 0.114432 0.852619 27 50 0
0.345529 0.115551 0.852940 24 42 7
0.203378 0.145848 0.833801 33 44 23
0.201458 0.146178 0.833487 26 50 18
0.199539 0.146508 0.833172 45 69 37
0.197619 0.146838 0.832858 69 104 50
0.195700 0.147168 0.832544 99 134 80
0.193781 0.147498 0.832230 125 163 88
0.191861 0.147828 0.831915 142 180 105
0.189942 0.148158 0.831601 151 186 107
0.188023 0.148488 0.831287 153 188 109
0.186149 0.149647 0.831571 145 173 108
0.184227 0.149978 0.831256 104 132 67
0.182305 0.150308 0.830941 54 68 28
0.180383 0.150639 0.830627 39 53 13
0.367741 0.115942 0.861965 50 63 30
0.365824 0.116271 0.861652 80 99 50
0.363627 0.115813 0.860699 124 143 94
0.361436 0.115353 0.859748 152 179 121
0.359249 0.114893 0.858797 155 182 124
0.356796 0.113643 0.857210 152 181 118
0.354891 0.113970 0.856899 144 173 110
0.352987 0.114297 0.856587 124 158 86
0.350818 0.113834 0.855639 113 147 75
0.348917 0.114161 0.855328 100 134 60
0.347274 0.115279 0.855652 81 115 41
0.345370 0.115607 0.855340 58 87 28
0.343466 0.115934 0.855028 39 68 9
0.341814 0.117054 0.855350 27 48 6
0.339907 0.117382 0.855038 22 43 1
0.338000 0.117710 0.854726 31 48 18
0.206870 0.145269 0.836815 28 40 14
0.204948 0.145599 0.836501 32 56 17
0.203026 0.145930 0.836186 60 84 45
0.201104 0.146260 0.835871 82 115 61
0.199182 0.146590 0.835557 103 136 82
0.197260 0.146921 0.835242 120 159 93
0.195338 0.147251 0.834927 139 178 112
0.193417 0.147582 0.834613 147 185 112
0.191495 0.147912 0.834298 149 187 114
0.189573 0.148242 0.833984 143 171 106
0.187651 0.148573 0.833669 105 133 68
0.185729 0.148903 0.833354 64 79 34
0.183807 0.149233 0.833040 41 56 11
0.363767 0.116645 0.863758 43 53 26
0.361571 0.116188 0.862803 61 75 37
0.359380 0.115730 0.861849 95 109 71
0.357194 0.115270 0.860896 134 160 105
0.354744 0.114021 0.859305 153 179 124
0.352838 0.114349 0.858993 151 184 117
0.350931 0.114677 0.858681 146 179 112
0.348763 0.114215 0.857731 135 171 96
0.347117 0.115332 0.858057 128 164 89
0.345210 0.115660 0.857744 110 146 73
0.343304 0.115988 0.857432 101 137 64
0.341397 0.116316 0.857120 73 107 42
0.339739 0.117436 0.857444 60 94 29
0.337830 0.117764 0.857131 35 63 11
0.335677 0.117299 0.856184 26 54 2
0.334011 0.118421 0.856506 24 45 7
0.332102 0.118749 0.856194 22 43 5
0.330193 0.119077 0.855881 34 49 20
0.214138 0.143203 0.839857 34 41 17
0.212216 0.143533 0.839543 29 43 7
0.210294 0.143864 0.839228 34 48 12
0.208372 0.144194 0.838914 48 70 23
0.206450 0.144524 0.838599 76 98 51
0.204528 0.144855 0.838284 102 133 76
0.202606 0.145185 0.837970 122 153 96
0.200684 0.145516 0.837655 133 169 104
0.198762 0.145846 0.837340 139 175 110
0.196840 0.146176 0.837026 147 184 116
0.194918 0.146507 0.836711 151 188 120
0.192997 0.146837 0.836397 140 170 104
0.191075 0.147168 0.836082 96 126 60
0.189153 0.147498 0.835767 59 74 29
0.187231 0.147828 0.835453 39 54 9
0.357319 0.116105 0.863955 47 60 27
0.355133 0.115646 0.862999 77 90 57
0.353219 0.115975 0.862686 102 123 71
0.351041 0.115516 0.861732 141 162 110
0.348868 0.115055 0.860779 151 184 117
0.346959 0.115383 0.860466 153 186 119
0.343394 0.116830 0.860480 139 172 103
0.341482 0.117159 0.860167 124 160 87
0.339570 0.117488 0.859854 115 151 78
0.337658 0.117816 0.859541 108 143 73
0.335747 0.118145 0.859228 89 124 54
0.333835 0.118474 0.858915 68 100 40
0.331923 0.118802 0.858602 49 81 21
0.330011 0.119131 0.858289 31 58 9
0.328099 0.119460 0.857976 19 46 0
0.326187 0.119788 0.857663 26 47 7
0.324276 0.120117 0.857350 28 49 9
0.322589 0.121241 0.857672 36 48 22
0.221405 0.141137 0.842900 35 42 20
0.219483 0.141467 0.842585 25 41 9
0.217561 0.141798 0.842270 31 47 15
0.215640 0.142128 0.841956 38 60 15
0.213800 0.143279 0.842252 58 80 35
0.211875 0.143609 0.841937 73 101 45
0.209951 0.143940 0.841622 98 126 70
0.208026 0.144271 0.841307 119 149 83
0.206102 0.144602 0.840992 133 163 97
0.204177 0.144933 0.840677 143 176 107
0.202253 0.145263 0.840362 149 182 113
0.200328 0.145594 0.840047 153 188 120
0.198404 0.145925 0.839732 148 183 115
0.196480 0.146256 0.839417 129 158 99
0.194555 0.146587 0.839102 82 111 52
0.192631 0.146918 0.838787 54 71 32
0.190706 0.147248 0.838472 38 55 16
0.351149 0.116351 0.864792 48 58 31
0.348972 0.115892 0.863836 67 81 41
0.347058 0.116221 0.863522 104 118 78
0.345143 0.116550 0.863209 129 153 96
0.343229 0.116879 0.862896 150 174 117
0.341315 0.117209 0.862582 152 185 118
0.339400 0.117538 0.862269 153 186 119
0.337486 0.117867 0.861956 145 181 108
0.335572 0.118196 0.861642 131 167 94
0.333657 0.118525 0.861329 115 151 78
0.331743 0.118854 0.861015 102 138 65
0.329593 0.118391 0.860063 96 133 63
0.327682 0.118719 0.859751 83 120 50
0.325770 0.119048 0.859438 72 104 42
0.324086 0.120170 0.859762 54 86 24
0.322171 0.120499 0.859448 36 62 11
0.320257 0.120828 0.859135 27 53 2
0.318343 0.121158 0.858822 23 43 8
0.316646 0.122282 0.859144 24 44 9
0.314729 0.122612 0.858830 30 47 19
0.312812 0.122941 0.858516 28 45 17
0.230595 0.138741 0.846257 38 45 19
0.228673 0.139071 0.845942 36 43 17
0.226751 0.139402 0.845627 33 47 11
0.224829 0.139732 0.845313 40 54 18
0.222907 0.140062 0.844998 40 61 19
0.220985 0.140393 0.844684 50 71 29
0.219063 0.140723 0.844369 73 101 47
0.217228 0.141872 0.844668 97 125 71
0.215303 0.142202 0.844353 117 147 81
0.213379 0.142533 0.844038 127 157 91
0.211533 0.143683 0.844336 140 171 100
0.209606 0.144015 0.844021 146 177 106
0.207679 0.144346 0.843705 155 186 115
0.205753 0.144677 0.843390 158 189 118
0.203826 0.145008 0.843074 154 182 117
0.201899 0.145340 0.842759 135 163 98
0.199972 0.145671 0.842443 110 131 79
0.198045 0.146002 0.842128 63 84 32
0.196118 0.146333 0.841812 42 55 24
0.194191 0.146665 0.841497 38 51 20
0.345235 0.117385 0.866274 47 58 28
0.343315 0.117715 0.865960 64 75 45
0.341396 0.118045 0.865646 92 114 67
0.339476 0.118375 0.865331 133 155 108
0.337312 0.117915 0.864375 145 178 111
0.335395 0.118245 0.864061 158 191 124
0.333479 0.118574 0.863747 156 192 119
0.331325 0.118113 0.862792 145 181 108
0.329410 0.118442 0.862479 133 169 92
0.327496 0.118771 0.862165 123 159 82
0.325582 0.119100 0.861852 121 157 80
0.323667 0.119429 0.861539 113 149 72
0.321977 0.120551 0.861864 104 138 64
0.320061 0.120881 0.861550 94 128 54
0.318144 0.121210 0.861237 78 110 50
0.316227 0.121540 0.860923 61 93 33
0.314310 0.121869 0.860609 41 73 24
0.312605 0.122994 0.860932 30 62 13
0.310686 0.123324 0.860618 26 55 10
0.308766 0.123654 0.860304 21 50 5
0.306847 0.123984 0.859990 22 46 5
0.304927 0.124314 0.859675 26 50 9
0.303008 0.124644 0.859361 29 47 12
0.301089 0.124974 0.859047 28 46 11
0.299169 0.125304 0.858733 31 46 17
0.297058 0.124835 0.857785 38 53 24
0.245674 0.136164 0.851180 29 43 21
0.243749 0.136495 0.850865 26 40 18
0.241706 0.136014 0.849928 24 40 8
0.239784 0.136344 0.849614 26 42 10
0.237862 0.136675 0.849299 24 41 4
0.235941 0.137005 0.848984 26 43 6
0.234019 0.137336 0.848670 32 52 7
0.232097 0.137666 0.848355 39 59 14
0.230175 0.137996 0.848040 49 71 24
0.228253 0.138327 0.847726 66 88 41
0.226331 0.138657 0.847411 79 106 48
0.224409 0.138988 0.847097 97 124 66
0.222581 0.140134 0.847400 109 138 75
0.220656 0.140465 0.847085 123 152 89
0.218732 0.140795 0.846769 133 168 98
0.216893 0.141943 0.847071 137 172 102
0.214966 0.142275 0.846755 145 179 107
0.213120 0.143424 0.847056 152 186 114
0.211191 0.143755 0.846740 155 185 117
0.209261 0.144087 0.846424 155 185 117
0.207332 0.144419 0.846108 145 167 106
0.205402 0.144751 0.845792 118 140 79
0.203473 0.145082 0.845476 72 90 44
0.201543 0.145414 0.845160 47 65 19
0.199614 0.145746 0.844844 41 49 20
0.339057 0.117631 0.867113 44 54 31
0.337138 0.117961 0.866799 50 67 28
0.335218 0.118291 0.866484 79 96 57
0.333299 0.118621 0.866170 104 127 73
0.331379 0.118951 0.865856 140 163 109
0.329226 0.118491 0.864899 148 178 110
0.327309 0.118820 0.864585 156 186 118
0.325392 0.119150 0.864271 155 187 109
0.323475 0.119479 0.863957 148 180 102
0.321559 0.119809 0.863643 143 178 99
0.317944 0.121261 0.863656 126 164 91
0.316024 0.121591 0.863342 118 156 83
0.314105 0.121921 0.863028 105 144 78
0.312186 0.122251 0.862714 98 137 71
0.310266 0.122581 0.862400 93 128 60
0.308347 0.122911 0.862085 88 123 55
0.306427 0.123241 0.861771 78 108 42
0.304508 0.123571 0.861457 64 94 28
0.302589 0.123901 0.861143 56 85 26
0.300669 0.124231 0.860828 45 74 15
0.298750 0.124561 0.860514 32 60 8
0.296831 0.124890 0.860200 25 53 1
0.294911 0.125220 0.859886 23 45 0
0.292992 0.125550 0.859572 22 44 0
0.291072 0.125880 0.859257 25 42 1
0.289153 0.126210 0.858943 25 42 1
0.287234 0.126540 0.858629 30 47 10
0.285314 0.126870 0.858315 29 46 9
0.283395 0.127200 0.858001 29 45 11
0.281475 0.127530 0.857686 29 45 11
0.279556 0.127860 0.857372 28 46 13
0.277803 0.128992 0.857690 23 41 8
0.275881 0.129323 0.857375 23 41 8
0.273798 0.128850 0.856429 25 43 10
0.272037 0.129984 0.856746 24 43 13
0.270115 0.130314 0.856431 23 42 12
0.268193 0.130644 0.856117 23 42 12
0.266271 0.130975 0.855802 24 43 13
0.264349 0.131305 0.855487 24 44 11
0.262427 0.131635 0.855173 27 47 14
0.260505 0.131966 0.854858 30 48 13
0.258724 0.133103 0.855171 26 44 9
0.256800 0.133434 0.854856 25 43 8
0.254875 0.133764 0.854541 28 46 11
0.252951 0.134095 0.854226 29 47 12
0.251027 0.134426 0.853911 33 51 16
0.249230 0.135566 0.854222 36 57 19
0.247303 0.135897 0.853907 41 62 24
0.245376 0.136228 0.853591 42 67 21
0.243449 0.136559 0.853276 55 80 34
0.241404 0.136080 0.852336 63 91 37
0.239480 0.136411 0.852021 75 103 49
0.237556 0.136742 0.851706 81 110 51
0.235631 0.137073 0.851391 91 120 61
0.233707 0.137403 0.851076 102 131 70
0.231782 0.137734 0.850761 115 144 83
0.229858 0.138065 0.850446 117 151 86
0.227933 0.138396 0.850131 123 157 92
0.226009 0.138727 0.849816 134 169 101
0.224085 0.139058 0.849501 141 176 108
0.222160 0.139388 0.849186 144 179 109
0.220326 0.140534 0.849490 148 183 113
0.218399 0.140866 0.849175 153 186 117
0.216557 0.142013 0.849478 152 185 116
0.214628 0.142345 0.849162 149 176 114
0.212779 0.143494 0.849464 133 160 98
0.210847 0.143826 0.849148 97 118 68
0.208990 0.144976 0.849449 73 94 44
0.207055 0.145308 0.849132 47 59 22
0.205121 0.145641 0.848815 39 51 14
0.332879 0.117878 0.867952 42 53 23
0.330960 0.118208 0.867637 47 58 28
0.329041 0.118538 0.867323 53 71 25
0.327121 0.118868 0.867009 88 106 60
0.325202 0.119198 0.866695 121 141 81
0.323283 0.119528 0.866380 137 157 97
0.321363 0.119858 0.866066 150 178 111
0.319444 0.120188 0.865752 159 187 120
0.317524 0.120518 0.865438 155 190 120
0.315605 0.120848 0.865124 155 190 120
0.313686 0.121178 0.864809 146 183 115
0.311766 0.121507 0.864495 140 177 109
0.309847 0.121837 0.864181 135 169 97
0.307927 0.122167 0.863867 127 161 89
0.306008 0.122497 0.863552 118 152 78
0.304089 0.122827 0.863238 122 156 82
0.302169 0.123157 0.862924 119 154 84
0.300250 0.123487 0.862610 112 147 77
0.298330 0.123817 0.862296 106 143 75
0.296411 0.124147 0.861981 103 140 72
0.294492 0.124477 0.861667 99 134 66
0.292572 0.124807 0.861353 85 120 52
0.290653 0.125137 0.861039 78 110 46
0.288734 0.125467 0.860725 76 108 44
0.286992 0.126596 0.861047 66 95 36
0.285070 0.126926 0.860732 53 82 23
0.283148 0.127257 0.860417 52 80 24
0.281227 0.127587 0.860103 49 77 21
0.279305 0.127918 0.859788 50 76 23
0.277383 0.128248 0.859474 53 79 26
0.275461 0.128578 0.859159 53 79 24
0.273539 0.128909 0.858844 48 74 19
0.271617 0.129239 0.858530 48 76 20
0.269695 0.129570 0.858215 47 75 19
0.267773 0.129900 0.857901 45 76 19
0.266002 0.131034 0.858218 53 84 27
0.264077 0.131365 0.857903 65 96 39
0.262153 0.131696 0.857588 68 99 42
0.260228 0.132027 0.857273 75 106 49
0.258304 0.132357 0.856958 74 105 48
0.256517 0.133494 0.857272 82 110 54
0.254590 0.133826 0.856957 89 117 61
0.252663 0.134157 0.856641 95 126 69
0.250866 0.135295 0.856954 107 138 81
0.248937 0.135627 0.856639 105 139 78
0.247007 0.135959 0.856323 106 140 79
0.245078 0.136291 0.856007 108 142 77
0.243148 0.136622 0.855691 115 149 84
0.241101 0.136144 0.854749 120 157 89
0.239174 0.136476 0.854433 118 155 87
0.237248 0.136807 0.854118 131 166 98
0.235321 0.137138 0.853802 137 172 104
0.233394 0.137469 0.853487 138 171 104
0.231467 0.137801 0.853171 143 176 109
0.229540 0.138132 0.852856 148 183 115
0.227613 0.138463 0.852540 152 187 119
0.225686 0.138794 0.852225 149 185 120
0.223759 0.139126 0.851910 150 186 121
0.221924 0.140271 0.852216 148 182 119
0.219995 0.140602 0.851901 129 163 100
0.218152 0.141749 0.852206 116 139 85
0.216220 0.142081 0.851890 87 110 56
0.214371 0.143229 0.852194 53 68 23
0.212516 0.144377 0.852498 42 57 12
0.210656 0.145527 0.852801 39 47 16
0.322863 0.118784 0.868162 46 51 16
0.320944 0.119114 0.867848 53 66 24
0.319024 0.119444 0.867533 64 77 35
0.317105 0.119774 0.867219 85 106 56
0.315186 0.120104 0.866905 123 144 94
0.311557 0.121557 0.866921 149 176 118
0.309635 0.121887 0.866606 156 186 120
0.307713 0.122217 0.866291 161 191 125
0.305791 0.122548 0.865977 155 190 122
0.303869 0.122878 0.865662 150 185 117
0.301948 0.123209 0.865348 146 183 113
0.300026 0.123539 0.865033 141 178 108
0.298104 0.123869 0.864718 140 177 107
0.296182 0.124200 0.864404 139 176 106
0.294260 0.124530 0.864089 132 170 97
0.292338 0.124861 0.863774 132 170 97
0.290416 0.125191 0.863460 127 165 92
0.288494 0.125521 0.863145 124 162 89
0.286572 0.125852 0.862831 120 158 85
0.284650 0.126182 0.862516 119 157 84
0.282728 0.126512 0.862201 116 151 81
0.280807 0.126843 0.861887 123 158 88
0.278885 0.127173 0.861572 128 162 90
0.277128 0.128304 0.861894 117 151 79
0.275203 0.128635 0.861579 117 151 77
0.273279 0.128966 0.861264 120 154 80
0.271354 0.129296 0.860949 114 152 79
0.269430 0.129627 0.860634 122 160 87
0.267505 0.129958 0.860319 121 159 86
0.265731 0.131092 0.860638 121 159 86
0.263804 0.131423 0.860323 117 155 82
0.261877 0.131754 0.860007 114 152 79
0.259950 0.132086 0.859692 124 161 91
0.258163 0.133221 0.860009 125 162 92
0.256233 0.133553 0.859693 124 161 91
0.254438 0.134690 0.860009 127 164 94
0.252506 0.135022 0.859692 134 171 101
0.250574 0.135355 0.859376 139 176 106
0.248642 0.135687 0.859060 143 180 112
0.246710 0.136019 0.858744 146 183 115
0.244778 0.136351 0.858427 147 184 116
0.242846 0.136683 0.858111 148 185 117
0.240797 0.136207 0.857166 149 186 118
0.238982 0.137347 0.857478 149 186 118
0.237050 0.137679 0.857162 155 189 124
0.235118 0.138011 0.856846 156 190 125
0.233079 0.137533 0.855902 153 180 120
0.231150 0.137865 0.855587 142 169 109
0.229220 0.138197 0.855271 136 159 105
0.227291 0.138528 0.854955 118 141 87
0.225458 0.139672 0.855264 75 102 53
0.223526 0.140004 0.854948 55 82 33
0.221594 0.140336 0.854632 49 68 28
0.219752 0.141482 0.854940 36 55 15
0.217817 0.141814 0.854623 39 51 16
0.313059 0.120482 0.869019 48 57 21
0.311137 0.120812 0.868704 49 58 22
0.309215 0.121143 0.868390 61 81 34
0.307293 0.121473 0.868075 79 99 52
0.305371 0.121803 0.867761 83 109 58
0.303449 0.122134 0.867446 93 119 68
0.301528 0.122464 0.867131 118 145 87
0.299606 0.122795 0.866817 140 167 109
0.297684 0.123125 0.866502 148 176 109
0.295762 0.123455 0.866187 152 180 113
0.293840 0.123786 0.865873 155 184 114
0.291918 0.124116 0.865558 160 189 119
0.289996 0.124447 0.865244 161 191 123
0.288074 0.124777 0.864929 162 192 124
0.286152 0.125107 0.864614 160 195 125
0.284405 0.126235 0.864940 159 194 124
0.282480 0.126566 0.864625 157 192 122
0.280556 0.126897 0.864310 153 188 118
0.278632 0.127228 0.863995 150 186 113
0.276707 0.127559 0.863680 148 184 111
0.274944 0.128689 0.864004 151 189 114
0.273017 0.129020 0.863688 150 188 113
0.271091 0.129352 0.863373 151 192 118
0.269164 0.129683 0.863057 149 190 116
0.267388 0.130816 0.863379 149 190 116
0.265459 0.131147 0.863063 151 192 118
0.263529 0.131479 0.862747 158 196 123
0.261600 0.131811 0.862431 157 195 122
0.259812 0.132946 0.862751 157 192 122
0.257880 0.133278 0.862434 158 193 123
0.256085 0.134414 0.862753 157 190 121
0.254150 0.134747 0.862436 156 189 120
0.252216 0.135079 0.862119 156 184 117
0.250410 0.136217 0.862436 152 180 113
0.248473 0.136550 0.862119 154 177 113
0.246536 0.136883 0.861802 151 174 110
0.244599 0.137216 0.861484 137 161 102
0.242662 0.137549 0.861167 122 146 87
0.240609 0.137075 0.860219 102 130 78
0.238674 0.137407 0.859902 88 116 64
0.236740 0.137740 0.859586 82 107 61
0.234805 0.138072 0.859269 69 94 48
0.232764 0.137595 0.858323 59 73 33
0.230936 0.138737 0.858636 45 59 19
0.229001 0.139070 0.858319 46 55 21
0.299380 0.122843 0.869247 46 60 22
0.297455 0.123174 0.868932 50 66 16
0.295531 0.123505 0.868617 53 69 19
0.293606 0.123836 0.868302 56 71 15
0.291682 0.124167 0.867987 67 82 26
0.289758 0.124498 0.867671 84 103 52
0.287833 0.124828 0.867356 100 119 68
0.285909 0.125159 0.867041 106 132 79
0.283984 0.125490 0.866726 116 142 89
0.282231 0.126618 0.867054 114 145 90
0.280304 0.126949 0.866738 114 145 90
0.278377 0.127280 0.866423 112 145 87
0.276614 0.128410 0.866749 113 146 88
0.274685 0.128742 0.866433 114 147 89
0.272755 0.129073 0.866117 115 148 90
0.270982 0.130205 0.866441 113 148 92
0.269050 0.130537 0.866125 114 149 93
0.267118 0.130869 0.865809 115 148 92
0.265186 0.131201 0.865493 110 143 87
0.263400 0.132335 0.865815 107 138 83
0.261466 0.132667 0.865498 100 131 76
0.259672 0.133802 0.865819 97 123 70
0.257735 0.134135 0.865502 84 110 57
0.253995 0.135604 0.865504 64 87 35
0.252055 0.135938 0.865187 61 77 25
0.250115 0.136271 0.864869 55 71 19
0.248176 0.136605 0.864552 53 61 14
0.246236 0.136938 0.864234 50 58 11
0.244297 0.137272 0.863917 48 57 19
0.242357 0.137605 0.863599 42 51 13
0.280220 0.127796 0.869816 35 55 22
0.278288 0.128128 0.869500 31 54 20
0.276356 0.128460 0.869183 29 52 18
0.274424 0.128792 0.868867 29 52 18
0.272492 0.129124 0.868551 32 55 21
0.268934 0.131387 0.869202 29 52 18
0.266997 0.131720 0.868885 32 55 21
