ply
format ascii 1.0
element vertex 2974
property float x
property float y
property float z
property uchar red
property uchar green
property uchar blue
end_header
-0.286993 -0.149029 0.657000 158 151 145
-0.285288 -0.149029 0.657000 155 148 142
-0.283584 -0.149029 0.657000 148 141 131
-0.288697 -0.147322 0.657000 134 129 125
-0.286993 -0.147322 0.657000 175 165 153
-0.285288 -0.147322 0.657000 167 157 145
-0.283584 -0.147322 0.657000 145 136 127
-0.281879 -0.147322 0.657000 125 116 107
-0.281027 -0.147770 0.659000 130 126 117
-0.279742 -0.147995 0.660000 126 122 113
-0.288258 -0.145394 0.656000 149 142 134
-0.286556 -0.145394 0.656000 158 148 134
-0.284854 -0.145394 0.656000 148 138 124
-0.283584 -0.145615 0.657000 124 117 107
-0.281879 -0.145615 0.657000 100 93 83
-0.280601 -0.145837 0.658000 104 100 91
-0.279742 -0.146280 0.660000 111 107 98
-0.288258 -0.143689 0.656000 168 158 146
-0.286556 -0.143689 0.656000 128 115 102
-0.284854 -0.143689 0.656000 125 112 99
-0.283584 -0.143908 0.657000 121 114 104
-0.281879 -0.143908 0.657000 118 111 101
-0.281027 -0.144346 0.659000 106 102 93
-0.279742 -0.144565 0.660000 106 102 93
-0.290402 -0.142202 0.657000 174 159 147
-0.288697 -0.142202 0.657000 174 159 147
-0.286993 -0.142202 0.657000 104 91 78
-0.285288 -0.142202 0.657000 116 103 90
-0.283584 -0.142202 0.657000 120 116 107
-0.282308 -0.142418 0.658000 109 105 96
-0.281027 -0.142634 0.659000 92 88 81
-0.280165 -0.143067 0.661000 118 114 107
-0.290402 -0.140495 0.657000 186 168 157
-0.288697 -0.140495 0.657000 188 170 159
-0.286993 -0.140495 0.657000 133 120 107
-0.285288 -0.140495 0.657000 83 70 57
-0.284015 -0.140709 0.658000 83 80 75
-0.282308 -0.140709 0.658000 77 74 69
-0.281880 -0.141350 0.661000 76 74 66
-0.280589 -0.141564 0.662000 119 117 109
-0.290402 -0.138788 0.657000 184 169 159
-0.288697 -0.138788 0.657000 192 177 167
-0.287429 -0.138999 0.658000 146 135 126
-0.285722 -0.138999 0.658000 97 86 77
-0.284447 -0.139211 0.659000 91 89 81
-0.283166 -0.139422 0.660000 83 81 73
-0.281880 -0.139633 0.661000 65 65 59
-0.290402 -0.137081 0.657000 131 120 113
-0.289137 -0.137290 0.658000 151 140 133
-0.287429 -0.137290 0.658000 102 95 87
-0.286157 -0.137499 0.659000 104 97 89
-0.284878 -0.137707 0.660000 125 126 117
-0.283595 -0.137916 0.661000 122 123 114
-0.282307 -0.138125 0.662000 73 75 66
-0.292106 -0.135375 0.657000 50 52 43
-0.290402 -0.135375 0.657000 50 46 39
-0.289137 -0.135581 0.658000 48 44 37
-0.287866 -0.135787 0.659000 44 42 34
-0.286157 -0.135787 0.659000 67 65 57
-0.284878 -0.135993 0.660000 105 109 104
-0.283595 -0.136199 0.661000 79 83 78
-0.292106 -0.133668 0.657000 53 55 44
-0.290844 -0.133871 0.658000 54 56 47
-0.289137 -0.133871 0.658000 48 50 41
-0.287866 -0.134075 0.659000 40 41 32
-0.287025 -0.134482 0.661000 34 35 26
-0.285742 -0.134685 0.662000 30 31 25
-0.284024 -0.134685 0.662000 32 33 27
-0.293811 -0.131961 0.657000 51 53 42
-0.292551 -0.132162 0.658000 52 54 43
-0.290844 -0.132162 0.658000 51 56 44
-0.289576 -0.132363 0.659000 44 49 37
-0.288303 -0.132564 0.660000 38 43 33
-0.287025 -0.132764 0.661000 35 40 30
-0.285742 -0.132965 0.662000 32 37 27
0.060729 -0.131961 0.657000 113 111 103
0.062434 -0.131961 0.657000 119 117 109
0.064138 -0.131961 0.657000 129 122 116
-0.294258 -0.130452 0.658000 51 53 40
-0.292551 -0.130452 0.658000 51 53 40
-0.290844 -0.130452 0.658000 49 54 44
-0.289576 -0.130651 0.659000 42 47 37
-0.288740 -0.131047 0.661000 36 43 35
-0.287459 -0.131245 0.662000 34 41 33
-0.286173 -0.131444 0.663000 33 41 30
0.057320 -0.130254 0.657000 115 111 102
0.059025 -0.130254 0.657000 118 114 105
0.060729 -0.130254 0.657000 123 116 108
0.062434 -0.130254 0.657000 123 116 108
0.064138 -0.130254 0.657000 139 130 123
0.065943 -0.130452 0.658000 147 138 131
-0.295965 -0.128743 0.658000 51 53 40
-0.294258 -0.128743 0.658000 53 55 42
-0.292551 -0.128743 0.658000 52 54 41
-0.291286 -0.128939 0.659000 46 50 43
-0.290015 -0.129134 0.660000 41 45 38
-0.288740 -0.129330 0.661000 36 43 37
-0.287459 -0.129526 0.662000 34 41 35
0.057320 -0.128547 0.657000 127 123 112
0.058935 -0.128352 0.656000 134 130 119
0.060637 -0.128352 0.656000 150 143 133
0.062434 -0.128547 0.657000 141 134 124
0.064138 -0.128547 0.657000 137 128 119
0.065943 -0.128743 0.658000 156 147 138
-0.296415 -0.127227 0.659000 52 54 41
-0.294705 -0.127227 0.659000 52 54 41
-0.292995 -0.127227 0.659000 53 55 42
-0.291286 -0.127227 0.659000 44 48 41
-0.290455 -0.127613 0.661000 38 42 35
-0.289177 -0.127806 0.662000 35 42 36
0.057233 -0.126648 0.656000 93 89 78
0.058935 -0.126648 0.656000 140 136 125
0.060637 -0.126648 0.656000 166 156 144
0.062434 -0.126841 0.657000 144 134 122
0.064138 -0.126841 0.657000 146 137 128
0.065943 -0.127034 0.658000 143 134 125
-0.296415 -0.125515 0.659000 52 54 41
-0.294705 -0.125515 0.659000 53 55 44
-0.293440 -0.125705 0.660000 54 56 45
-0.292170 -0.125896 0.661000 44 46 37
-0.290455 -0.125896 0.661000 38 40 31
-0.289177 -0.126086 0.662000 38 43 33
0.057320 -0.125134 0.657000 71 64 58
0.058935 -0.124943 0.656000 138 131 125
0.060637 -0.124943 0.656000 182 163 157
0.062434 -0.125134 0.657000 157 138 132
0.064138 -0.125134 0.657000 160 150 138
0.065843 -0.125134 0.657000 140 130 118
0.067650 -0.125324 0.658000 117 110 102
-0.297314 -0.124179 0.661000 51 53 40
-0.295599 -0.124179 0.661000 53 54 41
-0.293885 -0.124179 0.661000 54 55 42
-0.292170 -0.124179 0.661000 43 45 36
-0.290894 -0.124366 0.662000 39 41 32
-0.289614 -0.124554 0.663000 39 41 32
0.057320 -0.123427 0.657000 62 53 48
0.058935 -0.123239 0.656000 116 107 102
0.060637 -0.123239 0.656000 189 168 163
0.062434 -0.123427 0.657000 173 152 147
0.064138 -0.123427 0.657000 148 135 122
0.065843 -0.123427 0.657000 123 110 97
0.067650 -0.123615 0.658000 129 122 112
-0.297314 -0.122461 0.661000 52 55 39
-0.295599 -0.122461 0.661000 52 54 41
-0.294329 -0.122647 0.662000 51 53 40
-0.292612 -0.122647 0.662000 41 43 34
-0.291334 -0.122832 0.663000 39 41 32
0.057320 -0.121720 0.657000 58 51 45
0.058935 -0.121535 0.656000 94 87 81
0.060637 -0.121535 0.656000 187 166 161
0.062339 -0.121535 0.656000 176 155 150
0.064138 -0.121720 0.657000 130 117 104
0.065843 -0.121720 0.657000 123 110 97
0.067547 -0.121720 0.657000 127 120 110
0.069357 -0.121906 0.658000 58 51 41
-0.297764 -0.120927 0.662000 53 56 40
-0.296047 -0.120927 0.662000 54 56 43
-0.294329 -0.120927 0.662000 52 54 41
-0.293054 -0.121110 0.663000 41 43 32
0.058935 -0.119831 0.656000 71 67 60
0.060637 -0.119831 0.656000 166 151 141
0.062339 -0.119831 0.656000 155 140 130
0.064138 -0.120014 0.657000 101 88 75
0.065843 -0.120014 0.657000 111 98 85
0.067547 -0.120014 0.657000 90 86 77
0.069357 -0.120196 0.658000 37 33 24
-0.299934 -0.119387 0.663000 48 50 34
-0.298214 -0.119387 0.663000 55 57 41
-0.296494 -0.119387 0.663000 58 59 46
-0.294774 -0.119387 0.663000 58 59 46
-0.293496 -0.119567 0.664000 37 42 28
0.059025 -0.118307 0.657000 45 45 39
0.060637 -0.118127 0.656000 92 85 75
0.062434 -0.118307 0.657000 74 67 57
0.064138 -0.118307 0.657000 42 35 25
0.065843 -0.118307 0.657000 72 65 55
0.067547 -0.118307 0.657000 54 52 42
0.069252 -0.118307 0.657000 49 47 37
-0.300386 -0.117842 0.664000 49 51 35
-0.298664 -0.117842 0.664000 55 57 41
-0.296941 -0.117842 0.664000 61 63 47
-0.295218 -0.117842 0.664000 59 61 45
-0.293496 -0.117842 0.664000 40 42 29
0.060637 -0.116423 0.656000 35 40 28
0.062339 -0.116423 0.656000 35 40 28
0.064138 -0.116600 0.657000 30 31 20
0.065843 -0.116600 0.657000 41 42 31
0.067547 -0.116600 0.657000 44 45 34
0.069252 -0.116600 0.657000 47 48 37
-0.300386 -0.116117 0.664000 52 54 38
-0.298664 -0.116117 0.664000 56 58 42
-0.296941 -0.116117 0.664000 61 63 47
-0.295218 -0.116117 0.664000 58 60 44
-0.293496 -0.116117 0.664000 40 42 29
0.060729 -0.114893 0.657000 41 46 36
0.062339 -0.114718 0.656000 41 46 36
0.064041 -0.114718 0.656000 36 38 27
0.065843 -0.114893 0.657000 26 28 17
0.067547 -0.114893 0.657000 35 36 25
0.069252 -0.114893 0.657000 45 46 35
-0.302564 -0.114565 0.665000 44 47 31
-0.300386 -0.114392 0.664000 53 55 39
-0.299114 -0.114565 0.665000 58 60 44
-0.297388 -0.114565 0.665000 59 61 45
-0.295663 -0.114565 0.665000 54 56 40
0.062339 -0.113014 0.656000 39 47 36
0.064041 -0.113014 0.656000 34 39 27
0.065743 -0.113014 0.656000 21 26 14
0.067547 -0.113187 0.657000 31 32 23
0.069252 -0.113187 0.657000 44 45 36
-0.302564 -0.112837 0.665000 40 43 27
-0.300839 -0.112837 0.665000 47 50 32
-0.299114 -0.112837 0.665000 59 62 44
-0.297388 -0.112837 0.665000 57 59 46
-0.295663 -0.112837 0.665000 48 50 37
0.062434 -0.111480 0.657000 37 45 32
0.064138 -0.111480 0.657000 36 41 31
0.065843 -0.111480 0.657000 20 25 15
0.067547 -0.111480 0.657000 32 34 25
0.069252 -0.111480 0.657000 40 42 33
-0.302564 -0.111110 0.665000 80 87 65
-0.300839 -0.111110 0.665000 59 72 41
-0.299114 -0.111110 0.665000 39 52 21
-0.297388 -0.111110 0.665000 36 45 25
-0.296108 -0.111277 0.666000 33 42 22
0.064138 -0.109773 0.657000 35 43 32
0.065843 -0.109773 0.657000 27 35 24
0.067547 -0.109773 0.657000 29 33 26
0.069357 -0.109940 0.658000 38 42 35
-0.304289 -0.109382 0.665000 56 66 39
-0.302564 -0.109382 0.665000 135 145 118
-0.300839 -0.109382 0.665000 134 159 111
-0.299563 -0.109547 0.666000 114 139 91
-0.297835 -0.109547 0.666000 73 91 58
-0.296108 -0.109547 0.666000 29 47 14
0.064236 -0.108231 0.658000 36 44 33
0.065943 -0.108231 0.658000 35 43 32
0.067650 -0.108231 0.658000 30 34 27
0.069463 -0.108395 0.659000 38 42 35
0.071172 -0.108395 0.659000 46 47 43
-0.304747 -0.107816 0.666000 92 106 68
-0.303019 -0.107816 0.666000 148 162 124
-0.301291 -0.107816 0.666000 134 163 104
-0.299563 -0.107816 0.666000 134 163 104
-0.297835 -0.107816 0.666000 92 115 79
0.064334 -0.106683 0.659000 42 47 35
0.066043 -0.106683 0.659000 41 46 34
0.067753 -0.106683 0.659000 28 32 25
0.069463 -0.106683 0.659000 43 47 40
0.071280 -0.106845 0.660000 47 48 42
-0.304747 -0.106086 0.666000 117 138 88
-0.303019 -0.106086 0.666000 143 164 114
-0.301291 -0.106086 0.666000 131 163 103
-0.300013 -0.106246 0.667000 129 161 101
-0.298283 -0.106246 0.667000 56 80 41
0.066144 -0.105131 0.660000 43 48 36
0.069674 -0.105290 0.661000 57 59 48
0.071388 -0.105290 0.661000 50 52 43
-0.306475 -0.104356 0.666000 49 59 32
-0.304747 -0.104356 0.666000 137 164 106
-0.303019 -0.104356 0.666000 137 164 106
-0.301744 -0.104513 0.667000 131 165 104
-0.300013 -0.104513 0.667000 117 151 90
-0.298283 -0.104513 0.667000 31 55 14
0.066244 -0.103573 0.661000 47 49 38
0.067959 -0.103573 0.661000 53 55 42
0.069674 -0.103573 0.661000 53 55 42
0.071496 -0.103729 0.662000 52 53 44
0.073214 -0.103729 0.662000 42 43 34
-0.306475 -0.102626 0.666000 82 93 61
-0.304747 -0.102626 0.666000 142 171 110
-0.303474 -0.102780 0.667000 129 158 97
-0.301744 -0.102780 0.667000 131 165 104
-0.300463 -0.102934 0.668000 81 115 54
-0.298730 -0.102934 0.668000 21 42 2
0.066344 -0.102010 0.662000 47 49 36
0.068061 -0.102010 0.662000 55 56 43
0.069779 -0.102010 0.662000 56 57 44
0.071604 -0.102164 0.663000 54 52 42
0.073325 -0.102164 0.663000 43 41 31
-0.306935 -0.101047 0.667000 118 132 96
-0.305205 -0.101047 0.667000 141 170 107
-0.303474 -0.101047 0.667000 129 158 95
-0.301744 -0.101047 0.667000 124 158 95
-0.300463 -0.101199 0.668000 53 87 24
-0.299177 -0.101350 0.669000 22 41 1
0.068164 -0.100441 0.663000 53 54 41
0.069884 -0.100441 0.663000 55 56 43
0.071604 -0.100441 0.663000 53 54 43
0.073435 -0.100593 0.664000 42 43 32
-0.308665 -0.099315 0.667000 36 53 12
-0.306935 -0.099315 0.667000 137 154 113
-0.305205 -0.099315 0.667000 132 165 98
-0.303474 -0.099315 0.667000 132 165 98
-0.302196 -0.099463 0.668000 114 148 87
-0.300913 -0.099612 0.669000 30 64 3
-0.299177 -0.099612 0.669000 22 43 5
0.068164 -0.098719 0.663000 51 52 39
0.069990 -0.098868 0.664000 55 56 43
0.071712 -0.098868 0.664000 54 55 44
0.073435 -0.098868 0.664000 47 48 37
-0.308665 -0.097582 0.667000 67 87 40
-0.306935 -0.097582 0.667000 143 163 116
-0.305205 -0.097582 0.667000 134 168 96
-0.303929 -0.097728 0.668000 131 165 93
-0.302196 -0.097728 0.668000 92 124 64
-0.300913 -0.097874 0.669000 14 46 0
0.068267 -0.097143 0.664000 48 49 38
0.069990 -0.097143 0.664000 54 55 44
0.071712 -0.097143 0.664000 54 55 44
0.073546 -0.097289 0.665000 47 48 37
-0.308665 -0.095849 0.667000 97 118 66
-0.306935 -0.095849 0.667000 142 163 111
-0.305662 -0.095993 0.668000 126 162 89
-0.303929 -0.095993 0.668000 127 163 90
-0.302648 -0.096136 0.669000 71 103 43
-0.301363 -0.096280 0.670000 10 42 0
0.068370 -0.095562 0.665000 42 43 32
0.070095 -0.095562 0.665000 51 52 41
0.071820 -0.095562 0.665000 52 53 42
0.073546 -0.095562 0.665000 47 48 37
-0.308665 -0.094116 0.667000 123 147 90
-0.306935 -0.094116 0.667000 137 161 104
-0.305662 -0.094257 0.668000 126 162 87
-0.303929 -0.094257 0.668000 120 156 81
-0.303101 -0.094540 0.670000 40 67 9
-0.301812 -0.094681 0.671000 24 51 0
0.070095 -0.093834 0.665000 46 47 36
0.071820 -0.093834 0.665000 45 46 33
0.073546 -0.093834 0.665000 46 47 34
0.075271 -0.093834 0.665000 39 41 30
-0.308665 -0.092384 0.667000 141 158 99
-0.307395 -0.092522 0.668000 139 156 97
-0.305662 -0.092522 0.668000 125 154 80
-0.304384 -0.092661 0.669000 111 140 66
-0.303101 -0.092799 0.670000 29 49 0
0.070095 -0.092107 0.665000 40 42 29
0.071820 -0.092107 0.665000 92 99 75
0.073546 -0.092107 0.665000 86 93 69
0.075384 -0.092245 0.666000 81 87 68
-0.310861 -0.090787 0.668000 85 87 53
-0.308665 -0.090651 0.667000 129 134 68
-0.307395 -0.090787 0.668000 134 139 73
-0.305662 -0.090787 0.668000 113 129 52
-0.304839 -0.091059 0.670000 93 109 32
-0.303553 -0.091194 0.671000 47 58 0
0.070201 -0.090515 0.666000 49 55 36
0.071928 -0.090515 0.666000 135 152 113
0.073656 -0.090515 0.666000 137 154 115
0.075384 -0.090515 0.666000 131 147 113
0.077112 -0.090515 0.666000 61 77 43
-0.310861 -0.089051 0.668000 153 145 101
-0.309128 -0.089051 0.668000 136 123 42
-0.307395 -0.089051 0.668000 123 110 29
-0.306120 -0.089185 0.669000 101 99 10
-0.304839 -0.089318 0.670000 114 112 23
-0.302262 -0.089585 0.672000 123 117 34
0.070201 -0.088785 0.666000 34 43 25
0.071928 -0.088785 0.666000 133 154 114
0.073656 -0.088785 0.666000 136 157 117
0.075384 -0.088785 0.666000 135 156 116
0.077228 -0.088918 0.667000 86 107 67
-0.310861 -0.087316 0.668000 200 184 136
-0.309128 -0.087316 0.668000 230 205 115
-0.307855 -0.087447 0.669000 215 190 100
-0.306577 -0.087577 0.670000 187 169 61
-0.303553 -0.087708 0.671000 151 131 23
-0.302712 -0.087970 0.673000 150 130 22
-0.301860 -0.088231 0.675000 180 148 42
0.070306 -0.087185 0.667000 20 29 11
0.072036 -0.087185 0.667000 113 137 94
0.073767 -0.087185 0.667000 131 155 112
0.075497 -0.087185 0.667000 134 159 113
0.077228 -0.087185 0.667000 111 136 90
-0.310861 -0.085581 0.668000 151 131 82
-0.309591 -0.085709 0.669000 201 170 73
-0.308316 -0.085837 0.670000 225 194 97
-0.305294 -0.085965 0.671000 230 205 90
-0.304458 -0.086221 0.673000 225 197 83
-0.303162 -0.086349 0.674000 213 185 71
-0.302307 -0.086606 0.676000 224 188 68
-0.300554 -0.086606 0.676000 218 182 62
0.072036 -0.085453 0.667000 85 109 66
0.073767 -0.085453 0.667000 138 162 119
0.075497 -0.085453 0.667000 132 160 108
0.077344 -0.085581 0.668000 125 153 101
0.079077 -0.085581 0.668000 45 57 29
-0.311327 -0.083971 0.669000 166 142 86
-0.310054 -0.084096 0.670000 158 128 26
-0.307035 -0.084222 0.671000 172 142 26
-0.306204 -0.084473 0.673000 203 173 57
-0.304910 -0.084598 0.674000 164 135 14
-0.303612 -0.084724 0.675000 180 151 30
-0.302307 -0.084849 0.676000 224 189 64
-0.300998 -0.084975 0.677000 217 182 57
-0.299242 -0.084975 0.677000 225 180 46
-0.297485 -0.084975 0.677000 228 183 49
-0.295729 -0.084975 0.677000 224 189 77
0.072144 -0.083845 0.668000 42 63 21
0.073767 -0.083720 0.667000 137 158 116
0.075611 -0.083845 0.668000 129 157 101
0.077344 -0.083845 0.668000 130 158 102
0.079195 -0.083971 0.669000 73 89 55
-0.311792 -0.082356 0.670000 213 197 135
-0.310054 -0.082356 0.670000 223 196 91
-0.308776 -0.082479 0.671000 199 172 67
-0.307492 -0.082602 0.672000 178 148 34
-0.306659 -0.082847 0.674000 146 116 2
-0.305363 -0.082970 0.675000 152 124 10
-0.304061 -0.083093 0.676000 211 183 69
-0.302755 -0.083216 0.677000 230 195 79
-0.300998 -0.083216 0.677000 219 184 68
-0.299242 -0.083216 0.677000 220 179 49
-0.297925 -0.083339 0.678000 223 182 52
-0.295729 -0.083216 0.677000 232 196 87
0.072144 -0.082110 0.668000 19 40 2
0.073878 -0.082110 0.668000 119 140 102
0.075611 -0.082110 0.668000 137 165 109
0.077344 -0.082110 0.668000 134 162 106
0.079195 -0.082233 0.669000 97 116 76
-0.313998 -0.080736 0.671000 156 149 89
-0.312257 -0.080736 0.671000 200 193 133
-0.310517 -0.080736 0.671000 228 209 106
-0.309696 -0.080976 0.673000 231 212 109
-0.308408 -0.081097 0.674000 230 206 95
-0.307114 -0.081217 0.675000 216 192 81
-0.305815 -0.081337 0.676000 190 167 65
0.072252 -0.080495 0.669000 13 33 0
0.073878 -0.080375 0.668000 91 111 76
0.075724 -0.080495 0.669000 136 164 108
0.077459 -0.080495 0.669000 134 162 106
0.079313 -0.080615 0.670000 115 137 92
0.081052 -0.080615 0.670000 27 49 4
-0.314934 -0.079228 0.673000 140 145 90
-0.313188 -0.079228 0.673000 141 146 91
-0.311442 -0.079228 0.673000 146 145 58
-0.310156 -0.079346 0.674000 143 142 55
-0.308865 -0.079463 0.675000 173 162 69
-0.307569 -0.079581 0.676000 165 154 61
0.072252 -0.078757 0.669000 18 36 1
0.073988 -0.078757 0.669000 66 84 49
0.075724 -0.078757 0.669000 139 168 109
0.077575 -0.078875 0.670000 139 168 109
0.079313 -0.078875 0.670000 126 149 99
0.081173 -0.078992 0.671000 49 72 22
-0.317621 -0.077710 0.675000 68 72 47
-0.315402 -0.077595 0.674000 149 161 106
-0.313653 -0.077595 0.674000 140 152 97
-0.312368 -0.077710 0.675000 132 151 80
-0.311077 -0.077825 0.676000 93 112 41
-0.309323 -0.077825 0.676000 46 53 0
0.074099 -0.077134 0.670000 40 51 19
0.075837 -0.077134 0.670000 132 159 101
0.077575 -0.077134 0.670000 139 166 108
0.079432 -0.077249 0.671000 134 157 103
0.081173 -0.077249 0.671000 74 97 43
-0.318092 -0.076069 0.676000 86 91 63
-0.316338 -0.076069 0.676000 150 167 108
-0.314584 -0.076069 0.676000 135 152 93
-0.312830 -0.076069 0.676000 130 155 89
-0.311537 -0.076181 0.677000 81 106 40
-0.309780 -0.076181 0.677000 27 41 0
0.074209 -0.075506 0.671000 28 36 7
0.075950 -0.075506 0.671000 118 142 85
0.077691 -0.075506 0.671000 140 164 107
0.079432 -0.075506 0.671000 136 160 103
0.081294 -0.075619 0.672000 98 122 65
-0.318562 -0.074423 0.677000 109 117 86
-0.316806 -0.074423 0.677000 144 166 105
-0.315050 -0.074423 0.677000 134 156 95
-0.313293 -0.074423 0.677000 126 153 91
-0.311997 -0.074533 0.678000 64 91 29
-0.310238 -0.074533 0.678000 25 39 0
0.074209 -0.073763 0.671000 23 30 6
0.075950 -0.073763 0.671000 90 111 59
0.077691 -0.073763 0.671000 143 164 112
0.079550 -0.073873 0.672000 135 162 104
0.081294 -0.073873 0.672000 116 143 85
0.083161 -0.073983 0.673000 29 47 12
-0.319033 -0.072771 0.678000 130 143 110
-0.317274 -0.072771 0.678000 140 164 103
-0.315515 -0.072771 0.678000 130 154 93
-0.313756 -0.072771 0.678000 120 147 87
-0.311997 -0.072771 0.678000 43 70 10
0.076177 -0.072235 0.673000 54 75 25
0.077923 -0.072235 0.673000 141 162 112
0.079669 -0.072235 0.673000 133 160 102
0.081415 -0.072235 0.673000 128 155 97
0.083161 -0.072235 0.673000 45 64 26
-0.320792 -0.071010 0.678000 43 57 19
-0.319033 -0.071010 0.678000 141 155 117
-0.317274 -0.071010 0.678000 137 164 102
-0.315515 -0.071010 0.678000 127 154 92
-0.314219 -0.071115 0.679000 104 131 73
-0.312457 -0.071115 0.679000 25 52 0
0.076177 -0.070486 0.673000 33 53 6
0.077923 -0.070486 0.673000 135 155 108
0.079669 -0.070486 0.673000 139 166 104
0.081415 -0.070486 0.673000 134 161 99
0.083284 -0.070591 0.674000 76 95 53
-0.320792 -0.069249 0.678000 64 78 40
-0.319033 -0.069249 0.678000 148 162 124
-0.317274 -0.069249 0.678000 132 159 99
-0.315980 -0.069351 0.679000 127 154 94
-0.314219 -0.069351 0.679000 90 118 62
-0.312917 -0.069453 0.680000 18 46 0
0.076290 -0.068840 0.674000 21 40 0
0.078038 -0.068840 0.674000 113 132 90
0.079787 -0.068840 0.674000 140 167 107
0.081536 -0.068840 0.674000 137 164 104
0.083284 -0.068840 0.674000 104 124 79
-0.320792 -0.067487 0.678000 87 98 68
-0.319033 -0.067487 0.678000 153 164 134
-0.317742 -0.067587 0.679000 132 155 101
-0.315980 -0.067587 0.679000 128 151 97
-0.314681 -0.067686 0.680000 73 96 46
-0.313377 -0.067786 0.681000 15 38 0
0.076516 -0.067288 0.676000 18 35 0
0.078154 -0.067189 0.675000 88 105 68
0.079905 -0.067189 0.675000 141 168 108
0.081657 -0.067189 0.675000 139 166 106
0.083408 -0.067189 0.675000 122 145 95
0.085285 -0.067288 0.676000 30 53 3
-0.321265 -0.065823 0.679000 138 145 121
-0.319503 -0.065823 0.679000 153 160 136
-0.317742 -0.065823 0.679000 134 149 104
-0.316446 -0.065920 0.680000 121 136 91
-0.315144 -0.066017 0.681000 63 78 35
-0.313838 -0.066114 0.682000 24 39 0
0.078270 -0.065532 0.676000 57 73 41
0.079905 -0.065435 0.675000 139 166 106
0.081657 -0.065435 0.675000 139 166 106
0.083408 -0.065435 0.675000 132 155 103
0.085285 -0.065532 0.676000 54 77 25
-0.321265 -0.064059 0.679000 167 171 150
-0.319974 -0.064153 0.680000 187 191 170
-0.318210 -0.064153 0.680000 180 189 155
-0.316911 -0.064248 0.681000 153 162 128
-0.315607 -0.064342 0.682000 67 76 42
0.078270 -0.063776 0.676000 31 43 17
0.080024 -0.063776 0.676000 131 158 100
0.081778 -0.063776 0.676000 139 166 108
0.083531 -0.063776 0.676000 135 158 104
0.085285 -0.063776 0.676000 79 102 48
-0.321738 -0.062387 0.680000 179 182 166
-0.319974 -0.062387 0.680000 195 198 182
-0.318678 -0.062479 0.681000 184 192 161
-0.317376 -0.062570 0.682000 137 145 114
-0.316070 -0.062662 0.683000 44 52 23
0.078270 -0.062020 0.676000 21 33 9
0.080024 -0.062020 0.676000 112 139 81
0.081778 -0.062020 0.676000 138 165 107
0.083531 -0.062020 0.676000 135 162 104
0.085285 -0.062020 0.676000 102 129 71
0.087168 -0.062112 0.677000 17 30 0
-0.323502 -0.060620 0.680000 73 75 64
-0.321738 -0.060620 0.680000 188 191 175
-0.320445 -0.060709 0.681000 193 196 180
-0.319146 -0.060799 0.682000 185 193 162
-0.317842 -0.060888 0.683000 120 128 97
-0.316533 -0.060977 0.684000 29 37 8
0.078386 -0.060353 0.677000 21 30 10
0.080024 -0.060264 0.676000 88 114 61
0.081778 -0.060264 0.676000 137 163 110
0.083531 -0.060264 0.676000 136 165 106
0.085411 -0.060353 0.677000 117 146 87
0.087168 -0.060353 0.677000 20 36 2
-0.323502 -0.058854 0.680000 86 88 77
-0.322211 -0.058940 0.681000 197 200 182
-0.320915 -0.059027 0.682000 199 202 184
-0.319146 -0.059027 0.682000 181 189 158
-0.318307 -0.059200 0.684000 112 120 89
-0.316995 -0.059286 0.685000 25 33 4
0.080142 -0.058594 0.677000 62 88 37
0.081898 -0.058594 0.677000 138 164 113
0.083655 -0.058594 0.677000 137 166 105
0.085411 -0.058594 0.677000 130 159 98
0.087168 -0.058594 0.677000 44 61 24
-0.323978 -0.057171 0.681000 134 135 124
-0.322211 -0.057171 0.681000 202 204 186
-0.320915 -0.057255 0.682000 200 202 184
-0.319614 -0.057339 0.683000 178 186 157
-0.318772 -0.057507 0.685000 95 103 74
-0.317458 -0.057591 0.686000 25 32 8
0.080142 -0.056835 0.677000 26 51 5
0.081898 -0.056835 0.677000 131 156 110
0.083655 -0.056835 0.677000 130 159 100
0.085411 -0.056835 0.677000 137 166 107
0.087296 -0.056919 0.678000 66 85 43
-0.323978 -0.055402 0.681000 155 156 145
-0.322684 -0.055483 0.682000 204 207 184
-0.321386 -0.055565 0.683000 198 201 178
-0.320082 -0.055646 0.684000 173 180 154
-0.318772 -0.055727 0.685000 71 78 52
-0.317458 -0.055809 0.686000 28 34 15
0.080260 -0.055158 0.678000 15 36 0
0.081898 -0.055077 0.677000 123 144 104
0.083655 -0.055077 0.677000 132 161 102
0.085537 -0.055158 0.678000 137 166 107
0.087296 -0.055158 0.678000 90 110 63
-0.324454 -0.053712 0.682000 176 174 164
-0.322684 -0.053712 0.682000 209 212 189
-0.321386 -0.053790 0.683000 201 204 181
-0.320550 -0.053948 0.685000 157 164 138
-0.319238 -0.054027 0.686000 58 65 39
0.080260 -0.053397 0.678000 14 33 0
0.082019 -0.053397 0.678000 104 123 83
0.083778 -0.053397 0.678000 140 169 108
0.085537 -0.053397 0.678000 136 165 104
0.087296 -0.053397 0.678000 109 131 84
0.089055 -0.053397 0.678000 22 44 0
-0.326223 -0.051940 0.682000 78 79 66
-0.324930 -0.052016 0.683000 191 192 179
-0.323158 -0.052016 0.683000 214 217 192
-0.322327 -0.052168 0.685000 204 207 182
-0.320550 -0.052168 0.685000 136 143 117
-0.319238 -0.052245 0.686000 45 52 26
0.082019 -0.051635 0.678000 70 87 50
0.083778 -0.051635 0.678000 138 165 107
0.085537 -0.051635 0.678000 134 161 103
0.087296 -0.051635 0.678000 121 147 96
0.089187 -0.051711 0.679000 27 53 2
-0.326702 -0.050242 0.683000 108 110 94
-0.325405 -0.050315 0.684000 201 203 187
-0.324104 -0.050389 0.685000 212 215 190
-0.322327 -0.050389 0.685000 197 200 175
-0.321018 -0.050462 0.686000 122 129 103
-0.319238 -0.050462 0.686000 35 42 16
0.082019 -0.049874 0.678000 44 60 28
0.083778 -0.049874 0.678000 131 159 103
0.085537 -0.049874 0.678000 136 164 108
0.087296 -0.049874 0.678000 130 156 105
0.089187 -0.049948 0.679000 41 67 16
-0.327658 -0.048609 0.685000 122 124 108
-0.325881 -0.048609 0.685000 207 209 193
-0.324104 -0.048609 0.685000 207 212 184
-0.322797 -0.048680 0.686000 188 193 165
-0.321018 -0.048680 0.686000 112 119 93
-0.319703 -0.048751 0.687000 29 36 10
0.082019 -0.048113 0.678000 31 43 17
0.083778 -0.048113 0.678000 119 147 93
0.085664 -0.048184 0.679000 137 165 111
0.087425 -0.048184 0.679000 134 160 107
0.089187 -0.048184 0.679000 61 87 34
-0.327658 -0.046830 0.685000 132 135 119
-0.326357 -0.046898 0.686000 203 206 190
-0.324577 -0.046898 0.686000 204 212 183
-0.322797 -0.046898 0.686000 177 185 156
-0.321485 -0.046967 0.687000 101 109 80
-0.319703 -0.046967 0.687000 27 35 6
0.082140 -0.046420 0.679000 21 32 11
0.083902 -0.046420 0.679000 104 130 77
0.085664 -0.046420 0.679000 135 161 108
0.087425 -0.046420 0.679000 135 161 106
0.089318 -0.046488 0.680000 89 115 60
-0.328137 -0.045116 0.686000 147 153 134
-0.326357 -0.045116 0.686000 200 206 187
-0.324577 -0.045116 0.686000 198 209 179
-0.323268 -0.045182 0.687000 168 179 149
-0.321485 -0.045182 0.687000 78 89 59
-0.319703 -0.045182 0.687000 22 33 3
0.082140 -0.044656 0.679000 20 31 10
0.083902 -0.044656 0.679000 86 109 57
0.085790 -0.044722 0.680000 140 163 111
0.087554 -0.044722 0.680000 137 161 102
0.089318 -0.044722 0.680000 114 138 79
0.091216 -0.044787 0.681000 23 42 2
-0.328615 -0.043397 0.687000 149 156 134
-0.326833 -0.043397 0.687000 194 201 179
-0.325050 -0.043397 0.687000 189 203 167
-0.323268 -0.043397 0.687000 156 170 134
-0.321485 -0.043397 0.687000 60 71 41
-0.320169 -0.043460 0.688000 22 33 3
0.084026 -0.042955 0.680000 57 80 28
0.085790 -0.042955 0.680000 140 163 111
0.087554 -0.042955 0.680000 137 164 102
0.089450 -0.043018 0.681000 126 153 91
-0.328615 -0.041613 0.687000 117 127 100
-0.326833 -0.041613 0.687000 171 181 154
-0.325050 -0.041613 0.687000 164 181 140
-0.323738 -0.041673 0.688000 135 152 111
-0.321953 -0.041673 0.688000 46 60 24
-0.320169 -0.041673 0.688000 21 35 0
0.084149 -0.041249 0.681000 33 56 4
0.085916 -0.041249 0.681000 132 155 103
0.087683 -0.041249 0.681000 138 165 103
0.089450 -0.041249 0.681000 132 159 97
0.091350 -0.041310 0.682000 63 82 40
-0.329093 -0.039886 0.688000 105 119 83
-0.327308 -0.039886 0.688000 150 164 128
-0.325523 -0.039886 0.688000 120 143 93
-0.323738 -0.039886 0.688000 108 131 81
-0.321953 -0.039886 0.688000 35 49 11
0.084273 -0.039538 0.682000 22 43 0
0.085916 -0.039480 0.681000 125 146 96
0.087811 -0.039538 0.682000 139 166 104
0.089581 -0.039538 0.682000 135 162 100
0.091350 -0.039538 0.682000 78 100 55
-0.329093 -0.038098 0.688000 107 124 83
-0.327308 -0.038098 0.688000 145 162 121
-0.325523 -0.038098 0.688000 128 154 99
-0.324209 -0.038154 0.689000 116 142 87
-0.322421 -0.038154 0.689000 28 47 7
0.084396 -0.037822 0.683000 17 37 0
0.086042 -0.037766 0.682000 106 126 81
0.087811 -0.037766 0.682000 140 167 105
0.089581 -0.037766 0.682000 138 165 103
0.091484 -0.037822 0.683000 92 114 67
0.093256 -0.037822 0.683000 16 38 0
-0.329572 -0.036364 0.689000 115 133 89
-0.327784 -0.036364 0.689000 143 161 117
-0.325996 -0.036364 0.689000 123 150 92
-0.324209 -0.036364 0.689000 109 136 78
-0.322421 -0.036364 0.689000 21 43 0
0.084520 -0.036100 0.684000 19 38 0
0.086168 -0.036047 0.683000 76 95 55
0.087940 -0.036047 0.683000 137 164 104
0.089712 -0.036047 0.683000 138 165 105
0.091484 -0.036047 0.683000 114 137 85
0.093393 -0.036100 0.684000 23 46 0
-0.329572 -0.034574 0.689000 116 136 89
-0.327784 -0.034574 0.689000 143 163 116
-0.325996 -0.034574 0.689000 123 152 91
-0.324209 -0.034574 0.689000 101 130 69
-0.322421 -0.034574 0.689000 19 41 0
0.084643 -0.034373 0.685000 21 39 4
0.086294 -0.034323 0.684000 58 76 41
0.088069 -0.034323 0.684000 139 168 109
0.089844 -0.034323 0.684000 139 168 109
0.091618 -0.034323 0.684000 126 149 95
0.093529 -0.034373 0.685000 28 51 0
-0.331359 -0.032784 0.689000 36 42 23
-0.329572 -0.032784 0.689000 123 143 96
-0.327784 -0.032784 0.689000 144 164 117
-0.325996 -0.032784 0.689000 122 151 90
-0.324679 -0.032832 0.690000 91 120 59
-0.322889 -0.032832 0.690000 17 42 0
0.086421 -0.032594 0.685000 42 60 27
0.088198 -0.032594 0.685000 138 167 108
0.089975 -0.032594 0.685000 139 168 109
0.091752 -0.032594 0.685000 132 158 103
0.093529 -0.032594 0.685000 35 61 6
-0.331840 -0.031039 0.690000 36 42 23
-0.330050 -0.031039 0.690000 129 150 100
-0.328260 -0.031039 0.690000 143 164 114
-0.326470 -0.031039 0.690000 122 151 90
-0.324679 -0.031039 0.690000 85 114 53
-0.322889 -0.031039 0.690000 17 42 0
0.086547 -0.030859 0.686000 27 42 13
0.088198 -0.030814 0.685000 130 159 100
0.089975 -0.030814 0.685000 140 169 110
0.091752 -0.030814 0.685000 137 163 108
0.093529 -0.030814 0.685000 53 79 24
-0.331840 -0.029247 0.690000 36 43 21
-0.330050 -0.029247 0.690000 131 152 100
-0.328260 -0.029247 0.690000 142 163 111
-0.326470 -0.029247 0.690000 126 155 94
-0.324679 -0.029247 0.690000 90 119 58
-0.322889 -0.029247 0.690000 15 40 0
0.086547 -0.029077 0.686000 22 34 6
0.088327 -0.029077 0.686000 122 151 92
0.090106 -0.029077 0.686000 139 168 109
0.091886 -0.029077 0.686000 137 166 107
0.093666 -0.029077 0.686000 78 107 48
-0.331840 -0.027454 0.690000 37 44 20
-0.330050 -0.027454 0.690000 132 154 97
-0.328260 -0.027454 0.690000 142 164 107
-0.326470 -0.027454 0.690000 126 155 94
-0.324679 -0.027454 0.690000 96 125 64
-0.322889 -0.027454 0.690000 17 42 0
0.086673 -0.027335 0.687000 20 30 5
0.088327 -0.027295 0.686000 105 131 76
0.090106 -0.027295 0.686000 139 165 110
0.091886 -0.027295 0.686000 136 165 106
0.093666 -0.027295 0.686000 98 127 68
-0.332321 -0.025699 0.691000 37 44 18
-0.330528 -0.025699 0.691000 130 154 97
-0.328736 -0.025699 0.691000 137 161 104
-0.326470 -0.025662 0.690000 120 149 88
-0.325150 -0.025699 0.691000 89 118 57
-0.323357 -0.025699 0.691000 15 39 0
0.086673 -0.025550 0.687000 23 30 8
0.088455 -0.025550 0.687000 89 115 60
0.090106 -0.025513 0.686000 139 165 110
0.091886 -0.025513 0.686000 137 164 106
0.093666 -0.025513 0.686000 107 134 76
-0.332321 -0.023904 0.691000 32 42 15
-0.330528 -0.023904 0.691000 132 155 101
-0.328736 -0.023904 0.691000 136 159 105
-0.326943 -0.023904 0.691000 116 145 86
-0.325150 -0.023904 0.691000 89 118 59
-0.323357 -0.023904 0.691000 14 40 0
0.086673 -0.023765 0.687000 31 34 16
0.088455 -0.023765 0.687000 77 100 48
0.090238 -0.023765 0.687000 140 163 111
0.091886 -0.023731 0.686000 137 164 106
0.093666 -0.023731 0.686000 118 145 87
0.095585 -0.023765 0.687000 23 40 3
-0.332321 -0.022109 0.691000 32 39 13
-0.330528 -0.022109 0.691000 127 150 96
-0.328736 -0.022109 0.691000 136 159 105
-0.326943 -0.022109 0.691000 116 145 86
-0.325150 -0.022109 0.691000 97 126 67
-0.323357 -0.022109 0.691000 17 43 1
0.088455 -0.021981 0.687000 54 75 25
0.090238 -0.021981 0.687000 136 157 107
0.092020 -0.021981 0.687000 138 165 107
0.093802 -0.021981 0.687000 125 152 94
0.095724 -0.022013 0.688000 31 50 12
-0.332802 -0.020343 0.692000 32 39 13
-0.331007 -0.020343 0.692000 124 145 91
-0.328736 -0.020314 0.691000 141 162 108
-0.326943 -0.020314 0.691000 116 145 86
-0.325621 -0.020343 0.692000 91 120 61
-0.323825 -0.020343 0.692000 18 44 0
0.088584 -0.020225 0.688000 38 58 11
0.090369 -0.020225 0.688000 132 152 105
0.092020 -0.020196 0.687000 138 166 110
0.093939 -0.020225 0.688000 129 157 101
0.095724 -0.020225 0.688000 40 59 21
-0.332802 -0.018545 0.692000 34 38 13
-0.331007 -0.018545 0.692000 116 137 83
-0.329211 -0.018545 0.692000 144 165 111
-0.327416 -0.018545 0.692000 125 154 95
-0.325621 -0.018545 0.692000 94 123 64
-0.323825 -0.018545 0.692000 18 42 0
0.088713 -0.018465 0.689000 30 52 7
0.090369 -0.018438 0.688000 126 148 103
0.092154 -0.018438 0.688000 138 166 110
0.093939 -0.018438 0.688000 133 161 105
0.095863 -0.018465 0.689000 49 70 32
-0.331007 -0.016748 0.692000 109 130 78
-0.329211 -0.016748 0.692000 146 167 115
-0.327889 -0.016772 0.693000 130 159 98
-0.326091 -0.016772 0.693000 92 121 60
-0.324293 -0.016772 0.693000 17 42 0
0.088713 -0.016675 0.689000 25 45 0
0.090500 -0.016675 0.689000 121 141 96
0.092288 -0.016675 0.689000 138 167 108
0.094075 -0.016675 0.689000 137 166 107
0.095863 -0.016675 0.689000 63 84 44
-0.331485 -0.014972 0.693000 99 122 72
-0.329687 -0.014972 0.693000 144 167 117
-0.327889 -0.014972 0.693000 124 153 92
-0.326091 -0.014972 0.693000 101 130 69
-0.324761 -0.014993 0.694000 22 47 0
0.088842 -0.014907 0.690000 21 41 0
0.090500 -0.014885 0.689000 113 133 88
0.092288 -0.014885 0.689000 138 165 105
0.094075 -0.014885 0.689000 138 165 105
0.096002 -0.014907 0.690000 81 102 60
-0.331485 -0.013171 0.693000 91 116 68
-0.329687 -0.013171 0.693000 143 168 120
-0.327889 -0.013171 0.693000 124 153 92
-0.326562 -0.013190 0.694000 109 138 77
-0.324761 -0.013190 0.694000 24 49 1
0.088842 -0.013114 0.690000 22 40 0
0.090632 -0.013114 0.690000 109 127 83
0.092422 -0.013114 0.690000 138 165 103
0.094212 -0.013114 0.690000 140 167 105
0.096002 -0.013114 0.690000 86 108 63
-0.331963 -0.011387 0.694000 85 110 62
-0.330163 -0.011387 0.694000 143 168 120
-0.328362 -0.011387 0.694000 129 158 95
-0.326562 -0.011387 0.694000 109 138 75
-0.325697 -0.011420 0.696000 29 54 6
-0.323891 -0.011420 0.696000 22 47 0
0.088970 -0.011338 0.691000 18 35 0
0.090632 -0.011322 0.690000 100 117 76
0.092422 -0.011322 0.690000 138 165 103
0.094212 -0.011322 0.690000 140 167 105
0.096002 -0.011322 0.690000 93 115 68
-0.331963 -0.009585 0.694000 78 103 55
-0.330638 -0.009598 0.695000 141 166 118
-0.328835 -0.009598 0.695000 134 163 100
-0.327032 -0.009598 0.695000 102 131 68
-0.325697 -0.009612 0.696000 32 57 9
-0.324822 -0.009640 0.698000 21 46 0
0.088970 -0.009543 0.691000 16 33 0
0.090763 -0.009543 0.691000 87 104 63
0.092556 -0.009543 0.691000 137 164 102
0.094348 -0.009543 0.691000 140 167 105
0.096141 -0.009543 0.691000 104 126 79
-0.332920 -0.007804 0.696000 71 96 50
-0.331114 -0.007804 0.696000 140 165 119
-0.329309 -0.007804 0.696000 134 163 100
-0.327503 -0.007804 0.696000 104 133 70
-0.326165 -0.007815 0.697000 40 65 17
-0.324822 -0.007826 0.698000 21 46 0
0.088970 -0.007748 0.691000 17 34 0
0.090763 -0.007748 0.691000 82 99 60
0.092556 -0.007748 0.691000 137 164 104
0.094348 -0.007748 0.691000 139 166 106
0.096141 -0.007748 0.691000 111 136 88
-0.332920 -0.005996 0.696000 63 88 42
-0.331114 -0.005996 0.696000 141 166 120
-0.329782 -0.006005 0.697000 129 159 93
-0.328444 -0.006013 0.698000 119 149 83
-0.326633 -0.006013 0.698000 49 75 24
-0.325287 -0.006022 0.699000 15 41 0
0.089099 -0.005961 0.692000 18 35 0
0.090763 -0.005953 0.691000 69 86 47
0.092556 -0.005953 0.691000 135 162 102
0.094348 -0.005953 0.691000 135 162 102
0.096141 -0.005953 0.691000 116 141 93
0.097934 -0.005953 0.691000 18 43 0
-0.333877 -0.004200 0.698000 57 79 34
-0.332066 -0.004200 0.698000 143 165 120
-0.330255 -0.004200 0.698000 133 163 97
-0.328444 -0.004200 0.698000 116 146 80
-0.327101 -0.004206 0.699000 59 85 34
-0.325287 -0.004206 0.699000 15 41 0
0.089099 -0.004164 0.692000 19 36 0
0.090894 -0.004164 0.692000 67 84 47
0.092556 -0.004158 0.691000 133 160 102
0.094348 -0.004158 0.691000 135 162 104
0.096141 -0.004158 0.691000 119 144 96
0.098076 -0.004164 0.692000 20 45 0
-0.333877 -0.002387 0.698000 43 63 18
-0.332066 -0.002387 0.698000 142 162 117
-0.330255 -0.002387 0.698000 137 167 101
-0.328444 -0.002387 0.698000 119 149 83
-0.327101 -0.002390 0.699000 74 100 47
-0.325753 -0.002393 0.700000 12 38 0
0.090894 -0.002366 0.692000 60 76 42
0.092690 -0.002366 0.692000 128 154 99
0.094485 -0.002366 0.692000 133 159 104
0.096280 -0.002366 0.692000 118 143 95
0.098076 -0.002366 0.692000 21 46 0
-0.333877 -0.000573 0.698000 32 50 6
-0.332066 -0.000573 0.698000 133 151 107
-0.330255 -0.000573 0.698000 138 166 101
-0.328914 -0.000574 0.699000 120 148 83
-0.327101 -0.000574 0.699000 87 115 61
-0.325753 -0.000575 0.700000 13 41 0
0.090894 -0.000568 0.692000 47 63 31
0.092690 -0.000568 0.692000 127 155 99
0.094485 -0.000568 0.692000 132 160 104
0.096280 -0.000568 0.692000 117 142 94
0.098217 -0.000569 0.693000 24 49 1
-0.334355 0.001242 0.699000 29 44 0
-0.332541 0.001242 0.699000 127 142 97
-0.330728 0.001242 0.699000 140 168 103
-0.328914 0.001242 0.699000 117 145 80
-0.327569 0.001243 0.700000 90 118 64
-0.325753 0.001243 0.700000 19 47 0
0.091026 0.001231 0.693000 39 56 28
0.092824 0.001231 0.693000 127 155 101
0.094622 0.001231 0.693000 130 158 104
0.096419 0.001231 0.693000 123 149 98
0.098217 0.001231 0.693000 25 51 0
-0.334833 0.003062 0.700000 27 41 1
-0.333017 0.003062 0.700000 112 126 86
-0.331201 0.003062 0.700000 139 167 102
-0.329385 0.003062 0.700000 121 149 84
-0.327569 0.003062 0.700000 101 129 73
-0.326218 0.003066 0.701000 26 54 0
0.091026 0.003031 0.693000 37 52 27
0.092824 0.003031 0.693000 126 154 102
0.094622 0.003031 0.693000 123 151 99
0.096419 0.003031 0.693000 121 147 96
0.098359 0.003036 0.694000 31 57 6
-0.333017 0.004880 0.700000 85 99 63
-0.331201 0.004880 0.700000 141 168 106
-0.329385 0.004880 0.700000 126 153 91
-0.328037 0.004887 0.701000 107 134 74
-0.326218 0.004887 0.701000 32 59 0
-0.324862 0.004894 0.702000 24 42 7
0.091157 0.004839 0.694000 33 48 23
0.092824 0.004832 0.693000 125 152 103
0.094622 0.004832 0.693000 125 152 103
0.096559 0.004839 0.694000 120 145 97
0.098359 0.004839 0.694000 33 58 10
-0.333493 0.006708 0.701000 63 76 43
-0.331674 0.006708 0.701000 140 167 107
-0.329856 0.006708 0.701000 133 160 100
-0.328037 0.006708 0.701000 107 134 74
-0.326218 0.006708 0.701000 39 66 6
-0.324862 0.006718 0.702000 24 43 5
0.091157 0.006641 0.694000 32 47 22
0.092958 0.006641 0.694000 123 150 101
0.094758 0.006641 0.694000 129 156 107
0.096559 0.006641 0.694000 119 144 96
0.098643 0.006661 0.696000 35 60 12
-0.333493 0.008530 0.701000 52 64 36
-0.331674 0.008530 0.701000 140 164 105
-0.329856 0.008530 0.701000 136 160 101
-0.328037 0.008530 0.701000 114 141 79
-0.326684 0.008542 0.702000 54 81 19
-0.324862 0.008542 0.702000 23 42 4
0.091157 0.008444 0.694000 34 46 22
0.092958 0.008444 0.694000 117 144 95
0.094758 0.008444 0.694000 127 154 105
0.096698 0.008457 0.695000 118 143 95
0.098643 0.008469 0.696000 38 63 15
-0.333969 0.010365 0.702000 40 50 23
-0.332147 0.010365 0.702000 138 160 103
-0.330326 0.010365 0.702000 139 161 104
-0.328505 0.010365 0.702000 125 152 90
-0.326684 0.010365 0.702000 64 91 29
-0.325325 0.010380 0.703000 21 40 2
0.091288 0.010262 0.695000 34 46 20
0.093092 0.010262 0.695000 118 143 95
0.095031 0.010277 0.696000 126 151 103
0.096837 0.010277 0.696000 117 142 96
0.098784 0.010292 0.697000 34 59 13
-0.334444 0.012206 0.703000 38 45 19
-0.332621 0.012206 0.703000 134 156 97
-0.330326 0.012189 0.702000 143 165 106
-0.328505 0.012189 0.702000 125 154 91
-0.327149 0.012206 0.703000 81 110 47
-0.325325 0.012206 0.703000 15 36 0
0.091420 0.012085 0.696000 33 45 19
0.093225 0.012085 0.696000 119 144 98
0.095031 0.012085 0.696000 126 151 105
0.096976 0.012102 0.697000 118 143 97
0.098926 0.012120 0.698000 34 59 13
-0.334444 0.014033 0.703000 36 40 15
-0.332621 0.014033 0.703000 124 146 87
-0.330797 0.014033 0.703000 144 166 107
-0.328973 0.014033 0.703000 125 154 91
-0.327149 0.014033 0.703000 97 126 63
-0.325325 0.014033 0.703000 16 37 0
0.091420 0.013893 0.696000 33 45 19
0.093225 0.013893 0.696000 120 145 97
0.095168 0.013913 0.697000 120 145 97
0.097115 0.013933 0.698000 118 143 97
0.099068 0.013953 0.699000 31 56 10
-0.332621 0.015859 0.703000 114 136 79
-0.330797 0.015859 0.703000 144 166 109
-0.328973 0.015859 0.703000 127 157 91
-0.327149 0.015859 0.703000 106 136 70
-0.325325 0.015859 0.703000 26 47 7
-0.323501 0.015859 0.703000 29 50 10
0.091551 0.015724 0.697000 39 51 23
0.093359 0.015724 0.697000 119 144 96
0.095304 0.015746 0.698000 120 145 97
0.097115 0.015746 0.698000 119 141 96
0.099068 0.015769 0.699000 28 50 5
-0.332621 0.017685 0.703000 88 107 54
-0.330797 0.017685 0.703000 147 166 113
-0.328973 0.017685 0.703000 129 159 93
-0.327149 0.017685 0.703000 112 142 76
-0.325325 0.017685 0.703000 40 64 21
-0.323501 0.017685 0.703000 19 43 0
0.091682 0.017559 0.698000 47 59 31
0.093493 0.017559 0.698000 120 143 93
0.095304 0.017559 0.698000 116 139 89
0.097254 0.017585 0.699000 115 137 92
0.099068 0.017585 0.699000 27 49 4
-0.332621 0.019512 0.703000 52 71 22
-0.330797 0.019512 0.703000 145 164 115
-0.328973 0.019512 0.703000 133 161 96
-0.327149 0.019512 0.703000 113 141 76
-0.325325 0.019512 0.703000 55 80 32
-0.323961 0.019539 0.704000 14 39 0
0.091682 0.019373 0.698000 54 66 38
0.093493 0.019373 0.698000 122 145 95
0.095304 0.019373 0.698000 116 139 89
0.097254 0.019400 0.699000 113 135 90
0.099209 0.019428 0.700000 24 46 1
-0.333094 0.021368 0.704000 35 50 5
-0.331267 0.021368 0.704000 139 154 109
-0.329441 0.021368 0.704000 138 166 99
-0.327614 0.021368 0.704000 113 141 74
-0.325788 0.021368 0.704000 83 109 58
-0.323961 0.021368 0.704000 13 39 0
0.091814 0.021216 0.699000 59 71 43
0.093627 0.021216 0.699000 119 144 96
0.095441 0.021216 0.699000 118 143 95
0.097393 0.021247 0.700000 111 136 90
0.099209 0.021247 0.700000 21 46 0
-0.331267 0.023197 0.704000 119 134 91
-0.329441 0.023197 0.704000 142 167 103
-0.327614 0.023197 0.704000 113 138 74
-0.325788 0.023197 0.704000 100 126 73
-0.323961 0.023197 0.704000 17 43 0
0.091814 0.023032 0.699000 66 81 52
0.093627 0.023032 0.699000 119 144 96
0.095441 0.023032 0.699000 121 146 98
0.097393 0.023065 0.700000 109 134 88
0.099351 0.023098 0.701000 15 40 0
-0.331267 0.025026 0.704000 96 110 74
-0.329441 0.025026 0.704000 147 171 110
-0.327614 0.025026 0.704000 125 149 88
-0.325788 0.025026 0.704000 104 131 73
-0.324422 0.025061 0.705000 21 48 0
-0.322592 0.025061 0.705000 27 43 9
0.091945 0.024884 0.700000 75 87 59
0.093627 0.024848 0.699000 121 144 94
0.095577 0.024884 0.700000 125 148 98
0.097393 0.024884 0.700000 102 126 83
-0.331738 0.026893 0.705000 68 79 47
-0.329441 0.026855 0.704000 147 171 112
-0.327614 0.026855 0.704000 140 164 105
-0.326251 0.026893 0.705000 107 134 74
-0.324422 0.026893 0.705000 45 72 12
-0.322592 0.026893 0.705000 24 41 4
0.091945 0.026702 0.700000 79 92 61
0.093761 0.026702 0.700000 121 144 92
0.095577 0.026702 0.700000 125 148 96
0.099351 0.026740 0.701000 11 35 0
-0.331738 0.028724 0.705000 35 45 20
-0.329909 0.028724 0.705000 139 163 106
-0.328080 0.028724 0.705000 145 169 112
-0.326251 0.028724 0.705000 113 140 78
-0.324422 0.028724 0.705000 67 94 32
-0.323050 0.028765 0.706000 16 37 0
0.092077 0.028561 0.701000 88 101 68
0.093895 0.028561 0.701000 122 145 93
0.095714 0.028561 0.701000 125 148 96
0.097533 0.028561 0.701000 88 112 71
0.099351 0.028561 0.701000 10 34 0
-0.331738 0.030556 0.705000 28 38 15
-0.329909 0.030556 0.705000 121 144 92
-0.328080 0.030556 0.705000 145 168 116
-0.326251 0.030556 0.705000 119 148 85
-0.324882 0.030599 0.706000 82 111 48
-0.323508 0.030643 0.707000 21 42 2
0.090387 0.030426 0.702000 16 33 0
0.092208 0.030426 0.702000 91 108 71
0.094029 0.030426 0.702000 123 146 92
0.095850 0.030426 0.702000 126 149 95
0.097672 0.030426 0.702000 77 101 60
0.099493 0.030426 0.702000 8 32 0
-0.330377 0.032433 0.706000 90 113 63
-0.328545 0.032433 0.706000 147 170 120
-0.326713 0.032433 0.706000 130 160 94
-0.325342 0.032479 0.707000 98 128 62
-0.323965 0.032525 0.708000 29 50 8
0.090515 0.032295 0.703000 16 33 0
0.092339 0.032295 0.703000 96 113 76
0.094029 0.032249 0.702000 121 147 92
0.095850 0.032249 0.702000 121 147 92
0.097672 0.032249 0.702000 65 89 50
-0.330377 0.034267 0.706000 61 81 34
-0.329010 0.034316 0.707000 147 167 120
-0.327176 0.034316 0.707000 134 164 98
-0.325802 0.034364 0.708000 99 129 63
-0.323965 0.034364 0.708000 36 61 15
-0.323038 0.034461 0.710000 14 39 0
0.090515 0.034122 0.703000 21 40 2
0.092339 0.034122 0.703000 101 120 82
0.094163 0.034122 0.703000 117 145 91
0.095987 0.034122 0.703000 116 144 90
0.097811 0.034122 0.703000 55 76 38
-0.330845 0.036152 0.707000 37 54 15
-0.329010 0.036152 0.707000 133 150 111
-0.327639 0.036204 0.708000 138 167 104
-0.325802 0.036204 0.708000 122 151 88
-0.324423 0.036255 0.709000 68 96 44
-0.323038 0.036306 0.710000 11 39 0
0.090515 0.035948 0.703000 26 44 9
0.092339 0.035948 0.703000 107 125 90
0.094163 0.035948 0.703000 116 144 92
0.095987 0.035948 0.703000 112 140 88
0.097811 0.035948 0.703000 43 61 26
-0.329476 0.038043 0.708000 117 130 97
-0.327639 0.038043 0.708000 143 170 110
-0.326262 0.038097 0.709000 133 160 100
-0.324880 0.038150 0.710000 83 114 59
-0.323038 0.038150 0.710000 15 46 0
0.090515 0.037774 0.703000 30 50 15
0.092339 0.037774 0.703000 109 129 94
0.094163 0.037774 0.703000 115 142 93
0.095987 0.037774 0.703000 112 139 90
0.097811 0.037774 0.703000 38 56 23
-0.329476 0.039882 0.708000 90 101 71
-0.328102 0.039938 0.709000 145 172 114
-0.326262 0.039938 0.709000 138 165 107
-0.324880 0.039995 0.710000 93 125 65
-0.323493 0.040051 0.711000 39 71 11
0.090644 0.039657 0.704000 37 58 20
0.092471 0.039657 0.704000 112 133 95
0.094297 0.039657 0.704000 108 135 88
0.096123 0.039657 0.704000 110 137 90
0.097950 0.039657 0.704000 28 46 13
-0.330406 0.041839 0.710000 51 58 34
-0.328564 0.041839 0.710000 141 167 112
-0.326722 0.041839 0.710000 142 168 113
-0.323493 0.041898 0.711000 59 91 29
0.090644 0.041486 0.704000 44 65 27
0.092471 0.041486 0.704000 112 133 95
0.094297 0.041486 0.704000 105 132 85
0.096123 0.041486 0.704000 103 130 83
0.097950 0.041486 0.704000 24 41 13
-0.330406 0.043684 0.710000 37 43 24
-0.328564 0.043684 0.710000 122 145 93
-0.326722 0.043684 0.710000 145 168 116
-0.323493 0.043745 0.711000 81 113 51
0.088818 0.043315 0.704000 20 28 13
0.090644 0.043315 0.704000 58 79 41
0.092471 0.043315 0.704000 113 134 96
0.094297 0.043315 0.704000 104 133 88
0.096123 0.043315 0.704000 92 121 76
0.098089 0.043376 0.705000 15 32 4
-0.329027 0.045592 0.711000 92 112 65
-0.327183 0.045592 0.711000 152 172 125
-0.325338 0.045592 0.711000 136 165 102
-0.323493 0.045592 0.711000 99 128 65
-0.320704 0.045721 0.713000 22 47 1
0.088944 0.045208 0.705000 18 28 12
0.090644 0.045143 0.704000 80 101 61
0.092471 0.045143 0.704000 114 135 95
0.094297 0.045143 0.704000 106 135 90
0.096123 0.045143 0.704000 82 111 66
0.098089 0.045208 0.705000 12 29 1
-0.329027 0.047439 0.711000 62 80 36
-0.327183 0.047439 0.711000 147 165 121
-0.325338 0.047439 0.711000 139 168 105
-0.323948 0.047506 0.712000 111 140 77
-0.322101 0.047506 0.712000 59 84 36
-0.320704 0.047573 0.713000 13 38 0
0.088944 0.047039 0.705000 19 30 11
0.090773 0.047039 0.705000 94 116 71
0.092602 0.047039 0.705000 109 131 86
0.094431 0.047039 0.705000 112 139 92
0.096260 0.047039 0.705000 68 95 48
-0.329953 0.049425 0.713000 35 49 13
-0.327643 0.049356 0.712000 130 144 108
-0.325796 0.049356 0.712000 142 171 108
-0.324403 0.049425 0.713000 129 158 95
-0.322554 0.049425 0.713000 82 110 56
-0.320704 0.049425 0.713000 16 44 0
0.088944 0.048870 0.705000 19 33 11
0.090773 0.048870 0.705000 100 125 79
0.092602 0.048870 0.705000 103 128 82
0.094431 0.048870 0.705000 110 135 87
0.096260 0.048870 0.705000 56 81 33
-0.328103 0.051277 0.713000 83 95 67
-0.326253 0.051277 0.713000 147 174 116
-0.324403 0.051277 0.713000 132 159 101
-0.322554 0.051277 0.713000 101 133 71
-0.321153 0.051349 0.714000 33 65 3
-0.319301 0.051349 0.714000 22 40 5
0.088944 0.050702 0.705000 33 49 26
0.090773 0.050702 0.705000 105 132 83
0.092602 0.050702 0.705000 101 128 79
0.094431 0.050702 0.705000 107 132 86
0.096260 0.050702 0.705000 35 60 14
-0.328563 0.053204 0.714000 47 57 32
-0.326711 0.053204 0.714000 140 163 109
-0.324858 0.053204 0.714000 137 160 106
-0.323006 0.053204 0.714000 122 154 90
-0.321153 0.053204 0.714000 67 99 35
-0.319748 0.053279 0.715000 19 38 0
0.089070 0.052608 0.706000 47 64 38
0.090773 0.052533 0.705000 106 133 86
0.092602 0.052533 0.705000 103 130 83
0.094431 0.052533 0.705000 104 128 85
0.096260 0.052533 0.705000 18 42 0
-0.329023 0.055136 0.715000 37 40 22
-0.326711 0.055059 0.714000 114 135 85
-0.324858 0.055059 0.714000 147 168 118
-0.323458 0.055136 0.715000 136 165 102
-0.321603 0.055136 0.715000 85 114 51
-0.319748 0.055136 0.715000 30 51 9
-0.318338 0.055213 0.716000 24 45 3
0.087485 0.054596 0.708000 14 31 3
0.089196 0.054519 0.707000 59 76 48
0.090902 0.054442 0.706000 104 131 84
0.092602 0.054365 0.705000 104 131 84
0.094431 0.054365 0.705000 95 116 78
0.096397 0.054442 0.706000 14 35 0
-0.327168 0.056993 0.715000 65 83 39
-0.325313 0.056993 0.715000 150 168 124
-0.323458 0.056993 0.715000 140 169 106
-0.321603 0.056993 0.715000 98 127 64
-0.319748 0.056993 0.715000 49 74 26
-0.318338 0.057073 0.716000 14 39 0
0.087485 0.056435 0.708000 15 30 1
0.089196 0.056356 0.707000 82 97 68
0.090902 0.056276 0.706000 104 131 84
0.092733 0.056276 0.706000 106 133 86
0.094565 0.056276 0.706000 70 91 53
-0.327626 0.058933 0.716000 36 50 12
-0.325768 0.058933 0.716000 135 149 111
-0.323911 0.058933 0.716000 147 174 112
-0.322053 0.058933 0.716000 118 145 83
-0.320196 0.058933 0.716000 74 102 48
-0.318338 0.058933 0.716000 14 42 0
0.087609 0.058357 0.709000 19 35 3
0.089322 0.058275 0.708000 98 114 82
0.091030 0.058192 0.707000 102 127 81
0.092865 0.058192 0.707000 106 131 85
0.094699 0.058192 0.707000 60 78 43
-0.326223 0.060878 0.717000 93 104 74
-0.323911 0.060793 0.716000 154 178 119
-0.322053 0.060793 0.716000 140 164 105
-0.320196 0.060793 0.716000 94 123 64
-0.318338 0.060793 0.716000 37 66 7
-0.316922 0.060878 0.717000 23 40 12
0.087609 0.060199 0.709000 30 48 13
0.089322 0.060114 0.708000 108 126 91
0.091159 0.060114 0.708000 101 123 76
0.092996 0.060114 0.708000 107 129 82
0.094833 0.060114 0.708000 42 60 25
-0.326223 0.062741 0.717000 53 60 36
-0.324363 0.062741 0.717000 149 171 114
-0.322503 0.062741 0.717000 147 169 112
-0.320643 0.062741 0.717000 110 139 76
-0.318783 0.062741 0.717000 63 92 29
-0.316922 0.062741 0.717000 17 37 4
0.086012 0.062216 0.711000 18 27 9
0.087733 0.062128 0.710000 54 75 37
0.089575 0.062128 0.710000 107 128 90
0.091288 0.062041 0.709000 102 124 77
0.093127 0.062041 0.709000 102 124 77
0.094967 0.062041 0.709000 19 34 5
-0.326223 0.064603 0.717000 37 41 20
-0.324363 0.064603 0.717000 121 140 89
-0.322503 0.064603 0.717000 152 171 120
-0.320643 0.064603 0.717000 127 157 89
-0.318783 0.064603 0.717000 90 120 52
-0.316922 0.064603 0.717000 26 50 9
-0.315062 0.064603 0.717000 17 41 0
0.086012 0.064063 0.711000 18 27 7
0.087856 0.064063 0.711000 79 100 60
0.089575 0.063973 0.710000 102 123 83
0.091417 0.063973 0.710000 105 129 86
0.093259 0.063973 0.710000 86 110 67
0.095101 0.063973 0.710000 15 30 5
-0.324363 0.066466 0.717000 61 80 38
-0.322503 0.066466 0.717000 146 165 123
-0.320643 0.066466 0.717000 138 168 100
-0.318783 0.066466 0.717000 110 140 72
-0.316922 0.066466 0.717000 56 84 32
-0.315062 0.066466 0.717000 12 40 0
0.086254 0.066095 0.713000 25 37 13
0.087856 0.065910 0.711000 90 114 71
0.089701 0.065910 0.711000 99 123 80
0.091545 0.065910 0.711000 103 127 84
0.093390 0.065910 0.711000 46 70 27
0.095235 0.065910 0.711000 15 30 5
-0.324363 0.068329 0.717000 30 47 10
-0.322503 0.068329 0.717000 118 135 98
-0.320643 0.068329 0.717000 143 171 106
-0.318783 0.068329 0.717000 131 159 94
-0.316922 0.068329 0.717000 83 112 53
-0.315062 0.068329 0.717000 25 54 0
-0.313202 0.068329 0.717000 25 37 11
0.086254 0.067948 0.713000 40 52 26
0.088103 0.067948 0.713000 100 125 77
0.089827 0.067852 0.712000 96 121 73
0.091674 0.067852 0.712000 104 128 85
0.093521 0.067852 0.712000 28 52 9
-0.322503 0.070191 0.717000 77 89 61
-0.320643 0.070191 0.717000 143 170 110
-0.318783 0.070191 0.717000 134 161 101
-0.316922 0.070191 0.717000 110 140 74
-0.315062 0.070191 0.717000 54 84 18
-0.313202 0.070191 0.717000 18 36 1
0.084522 0.069898 0.714000 17 32 3
0.086374 0.069898 0.714000 61 76 47
0.088103 0.069800 0.713000 103 131 79
0.089953 0.069800 0.713000 97 125 73
0.091803 0.069800 0.713000 98 119 79
0.093653 0.069800 0.713000 20 41 1
-0.322953 0.072154 0.718000 35 44 26
-0.320643 0.072054 0.717000 121 142 88
-0.318783 0.072054 0.717000 145 166 112
-0.316922 0.072054 0.717000 123 153 85
-0.315062 0.072054 0.717000 85 115 47
-0.313202 0.072054 0.717000 22 43 1
-0.311342 0.072054 0.717000 23 44 2
0.084640 0.071853 0.715000 17 33 1
0.086374 0.071753 0.714000 88 104 72
0.088227 0.071753 0.714000 102 130 78
0.090079 0.071753 0.714000 98 126 74
0.091932 0.071753 0.714000 79 100 62
0.093784 0.071753 0.714000 16 37 0
-0.321090 0.074020 0.718000 68 86 40
-0.319227 0.074020 0.718000 147 165 119
-0.316922 0.073917 0.717000 133 164 93
-0.315062 0.073917 0.717000 109 140 69
-0.313202 0.073917 0.717000 57 83 30
-0.311776 0.074020 0.718000 14 40 0
0.084640 0.073710 0.715000 31 50 10
0.086495 0.073710 0.715000 104 123 83
0.088350 0.073710 0.715000 98 126 74
0.090205 0.073710 0.715000 104 132 80
0.092060 0.073710 0.715000 41 61 26
-0.321090 0.075885 0.718000 34 47 14
-0.319227 0.075885 0.718000 128 141 108
-0.317364 0.075885 0.718000 142 170 103
-0.315502 0.075885 0.718000 125 153 86
-0.313639 0.075885 0.718000 77 106 47
-0.311776 0.075885 0.718000 23 52 0
-0.309913 0.075885 0.718000 25 42 14
0.082901 0.075674 0.716000 21 30 12
0.084759 0.075674 0.716000 52 73 31
0.086616 0.075674 0.716000 106 127 85
0.088474 0.075674 0.716000 102 130 76
0.090205 0.075568 0.715000 101 129 75
0.092189 0.075674 0.716000 19 37 2
-0.319672 0.077858 0.719000 61 71 46
-0.317364 0.077750 0.718000 149 173 114
-0.315502 0.077750 0.718000 143 167 108
-0.313639 0.077750 0.718000 110 139 76
-0.312210 0.077858 0.719000 55 84 21
-0.310345 0.077858 0.719000 17 35 2
0.083017 0.077642 0.717000 18 30 6
0.084877 0.077642 0.717000 79 101 56
0.086616 0.077534 0.716000 109 131 86
0.088474 0.077534 0.716000 110 136 85
0.090332 0.077534 0.716000 82 108 57
0.092189 0.077534 0.716000 16 32 0
-0.319672 0.079726 0.719000 38 45 23
-0.317806 0.079726 0.719000 129 150 96
-0.315941 0.079726 0.719000 150 171 117
-0.314076 0.079726 0.719000 131 159 92
-0.312210 0.079726 0.719000 86 114 47
-0.310345 0.079726 0.719000 26 47 7
-0.308909 0.079837 0.720000 19 40 0
0.083017 0.079505 0.717000 27 39 15
0.084877 0.079505 0.717000 104 126 79
0.086737 0.079505 0.717000 111 133 86
0.088598 0.079505 0.717000 112 135 85
0.090458 0.079505 0.717000 63 86 36
-0.318248 0.081708 0.720000 67 82 39
-0.316380 0.081708 0.720000 150 165 122
-0.314076 0.081594 0.719000 139 167 102
-0.312210 0.081594 0.719000 112 140 75
-0.310777 0.081708 0.720000 54 80 29
-0.308909 0.081708 0.720000 13 39 0
0.081157 0.081367 0.717000 16 31 4
0.083017 0.081367 0.717000 61 76 49
0.084877 0.081367 0.717000 110 136 85
0.086737 0.081367 0.717000 104 130 79
0.088598 0.081367 0.717000 109 131 86
0.090458 0.081367 0.717000 29 51 6
-0.318690 0.083694 0.721000 38 51 18
-0.316820 0.083694 0.721000 114 127 94
-0.314512 0.083578 0.720000 145 172 112
-0.312644 0.083578 0.720000 130 157 97
-0.310777 0.083578 0.720000 85 113 57
-0.309338 0.083694 0.721000 25 53 0
-0.307467 0.083694 0.721000 24 39 14
0.081157 0.083230 0.717000 14 34 1
0.083017 0.083230 0.717000 87 107 74
0.084877 0.083230 0.717000 106 134 80
0.086737 0.083230 0.717000 111 139 85
0.088598 0.083230 0.717000 95 115 70
0.090458 0.083230 0.717000 15 35 0
-0.316820 0.085567 0.721000 67 79 53
-0.314949 0.085567 0.721000 142 165 111
-0.313079 0.085567 0.721000 140 163 109
-0.311208 0.085567 0.721000 111 140 79
-0.309338 0.085567 0.721000 56 85 24
-0.307467 0.085567 0.721000 19 39 6
0.081270 0.085211 0.718000 33 54 16
0.083133 0.085211 0.718000 105 126 88
0.084996 0.085211 0.718000 104 132 78
0.086858 0.085211 0.718000 111 139 85
0.088721 0.085211 0.718000 47 64 27
-0.317259 0.087561 0.722000 33 42 24
-0.314949 0.087440 0.721000 99 121 74
-0.313079 0.087440 0.721000 150 172 125
-0.311208 0.087440 0.721000 129 159 93
-0.309338 0.087440 0.721000 89 119 53
-0.307467 0.087440 0.721000 34 58 15
-0.305596 0.087440 0.721000 14 38 0
0.079407 0.087076 0.718000 19 28 10
0.081270 0.087076 0.718000 70 91 49
0.083133 0.087076 0.718000 111 132 90
0.084996 0.087076 0.718000 104 132 80
0.086858 0.087076 0.718000 102 130 78
0.088721 0.087076 0.718000 26 41 12
-0.315386 0.089437 0.722000 48 62 24
-0.313079 0.089313 0.721000 138 152 114
-0.311208 0.089313 0.721000 143 170 108
-0.309338 0.089313 0.721000 110 137 75
-0.307893 0.089437 0.722000 81 108 50
-0.306020 0.089437 0.722000 22 49 0
0.079407 0.088942 0.718000 27 38 17
0.083249 0.089065 0.719000 105 131 80
0.085114 0.089065 0.719000 110 136 85
0.086979 0.089065 0.719000 71 97 46
0.088845 0.089065 0.719000 18 30 6
-0.315823 0.091439 0.723000 37 45 14
-0.313513 0.091313 0.722000 91 99 68
-0.311640 0.091313 0.722000 143 167 108
-0.309767 0.091313 0.722000 136 160 101
-0.308320 0.091439 0.723000 102 132 66
-0.306444 0.091439 0.723000 52 82 16
-0.304990 0.091566 0.724000 24 42 9
0.079518 0.090933 0.719000 51 66 39
0.081383 0.090933 0.719000 109 137 83
0.083249 0.090933 0.719000 103 131 77
0.085114 0.090933 0.719000 114 136 89
0.086979 0.090933 0.719000 35 57 10
-0.313947 0.093317 0.723000 47 51 26
-0.311640 0.093188 0.722000 117 138 84
-0.309767 0.093188 0.722000 146 167 113
-0.308320 0.093317 0.723000 117 145 80
-0.306444 0.093317 0.723000 84 112 47
-0.304990 0.093447 0.724000 27 48 8
-0.303530 0.093576 0.725000 24 45 5
0.077652 0.092801 0.719000 16 34 0
0.079518 0.092801 0.719000 90 108 73
0.081383 0.092801 0.719000 107 133 78
0.083249 0.092801 0.719000 111 137 82
0.085232 0.092930 0.720000 87 107 62
0.087100 0.092930 0.720000 17 37 0
-0.312071 0.095196 0.723000 74 89 46
-0.310196 0.095196 0.723000 144 159 116
-0.308320 0.095196 0.723000 134 162 97
-0.306868 0.095327 0.724000 110 138 73
-0.304990 0.095327 0.724000 56 81 33
-0.303530 0.095459 0.725000 18 43 0
0.077760 0.094801 0.720000 45 66 28
0.079628 0.094801 0.720000 104 125 87
0.081496 0.094801 0.720000 110 136 81
0.083364 0.094801 0.720000 113 139 84
0.085232 0.094801 0.720000 54 71 32
-0.312071 0.097074 0.723000 35 46 16
-0.310196 0.097074 0.723000 105 116 86
-0.308320 0.097074 0.723000 143 167 108
-0.306868 0.097208 0.724000 130 154 95
-0.305411 0.097342 0.725000 91 118 60
-0.303949 0.097477 0.726000 40 67 9
-0.302481 0.097611 0.727000 16 35 5
0.075893 0.096671 0.720000 20 31 10
0.077760 0.096671 0.720000 88 113 67
0.079739 0.096805 0.721000 110 135 89
0.081610 0.096805 0.721000 113 139 86
0.083480 0.096805 0.721000 102 128 75
0.085351 0.096805 0.721000 23 38 9
-0.310196 0.098952 0.723000 46 55 35
-0.308746 0.099089 0.724000 135 156 104
-0.306868 0.099089 0.724000 146 167 115
-0.305411 0.099226 0.725000 116 143 81
-0.304367 0.099500 0.727000 69 96 34
-0.302897 0.099636 0.728000 21 45 6
-0.301422 0.099773 0.729000 20 44 5
0.075998 0.098678 0.721000 33 48 21
0.077868 0.098678 0.721000 102 130 78
0.079739 0.098678 0.721000 106 134 82
0.081610 0.098678 0.721000 114 140 89
0.083480 0.098678 0.721000 67 93 42
0.085469 0.098815 0.722000 19 34 9
-0.308746 0.100970 0.724000 83 100 59
-0.306868 0.100970 0.724000 146 163 122
-0.305411 0.101109 0.725000 134 161 99
-0.304367 0.101388 0.727000 99 126 64
-0.303313 0.101667 0.729000 56 82 31
-0.301422 0.101667 0.729000 14 40 0
0.074127 0.100551 0.721000 16 32 0
0.075998 0.100551 0.721000 68 84 52
0.077868 0.100551 0.721000 110 138 82
0.079850 0.100691 0.722000 109 137 81
0.081836 0.100830 0.723000 106 131 85
0.083712 0.100830 0.723000 24 49 3
-0.308746 0.102851 0.724000 43 56 25
-0.307292 0.102993 0.725000 118 131 100
-0.305411 0.102993 0.725000 148 172 111
-0.304367 0.103277 0.727000 134 158 97
-0.303313 0.103561 0.729000 84 111 51
-0.301422 0.103561 0.729000 29 56 0
-0.299942 0.103703 0.730000 17 37 4
0.074127 0.102424 0.721000 31 50 12
0.076103 0.102567 0.722000 99 118 80
0.078084 0.102709 0.723000 115 143 89
0.079960 0.102709 0.723000 116 144 90
0.081949 0.102851 0.724000 76 97 59
0.083828 0.102851 0.724000 15 36 0
-0.307292 0.104876 0.725000 56 66 43
-0.305832 0.105021 0.726000 143 164 110
-0.304367 0.105165 0.727000 142 163 109
-0.303313 0.105455 0.729000 117 145 80
-0.301422 0.105455 0.729000 75 103 38
-0.299942 0.105599 0.730000 24 48 9
-0.298456 0.105744 0.731000 20 44 5
0.072357 0.104442 0.722000 21 32 11
0.074333 0.104587 0.723000 63 87 44
0.076209 0.104587 0.723000 113 137 94
0.078192 0.104731 0.724000 111 139 85
0.080071 0.104731 0.724000 110 138 84
0.082062 0.104876 0.725000 30 46 14
-0.306253 0.107054 0.727000 88 106 62
-0.304786 0.107201 0.728000 146 164 120
-0.303313 0.107349 0.729000 135 163 98
-0.301422 0.107349 0.729000 99 127 62
-0.299942 0.107496 0.730000 52 77 29
-0.298456 0.107643 0.731000 19 44 0
0.070484 0.106318 0.722000 28 40 16
0.072457 0.106465 0.723000 39 51 27
0.074436 0.106612 0.724000 104 129 81
0.076314 0.106612 0.724000 118 143 95
0.078192 0.106612 0.724000 119 147 95
0.080181 0.106760 0.725000 67 95 43
0.082062 0.106760 0.725000 20 35 8
-0.306253 0.108943 0.727000 43 56 23
-0.304786 0.109093 0.728000 121 134 101
-0.303313 0.109242 0.729000 143 170 110
-0.301422 0.109242 0.729000 120 147 87
-0.299942 0.109392 0.730000 81 110 51
-0.298048 0.109392 0.730000 38 67 8
-0.296559 0.109542 0.731000 19 39 6
0.070679 0.108493 0.724000 19 35 3
0.072557 0.108493 0.724000 72 88 56
0.074436 0.108493 0.724000 112 140 86
0.076420 0.108643 0.725000 113 141 87
0.078300 0.108643 0.725000 114 139 93
0.080292 0.108793 0.726000 32 57 11
-0.304786 0.110984 0.728000 65 75 52
-0.303313 0.111136 0.729000 135 157 100
-0.301422 0.111136 0.729000 138 160 103
-0.299942 0.111289 0.730000 113 140 78
-0.298048 0.111289 0.730000 70 97 35
-0.296154 0.111289 0.730000 27 51 12
-0.294663 0.111441 0.731000 19 43 4
0.068801 0.110374 0.724000 27 36 18
0.070679 0.110374 0.724000 35 56 16
0.072557 0.110374 0.724000 106 127 87
0.074539 0.110526 0.725000 112 140 84
0.076420 0.110526 0.725000 118 146 90
0.078408 0.110679 0.726000 73 94 56
0.080292 0.110679 0.726000 15 36 0
-0.303313 0.113030 0.729000 75 93 49
-0.301422 0.113030 0.729000 143 161 117
-0.299531 0.113030 0.729000 125 152 90
-0.298048 0.113185 0.730000 97 124 62
-0.296154 0.113185 0.730000 59 86 39
-0.294260 0.113185 0.730000 18 45 0
0.068801 0.112255 0.724000 22 33 12
0.070777 0.112410 0.725000 82 107 59
0.072658 0.112410 0.725000 113 138 90
0.074539 0.112410 0.725000 116 144 90
0.076525 0.112565 0.726000 109 137 83
0.078516 0.112720 0.727000 26 44 11
-0.303313 0.114924 0.729000 33 46 13
-0.301422 0.114924 0.729000 100 113 80
-0.299531 0.114924 0.729000 138 165 107
-0.297639 0.114924 0.729000 114 141 83
-0.296154 0.115081 0.730000 80 108 54
-0.294260 0.115081 0.730000 46 74 20
-0.292366 0.115081 0.730000 21 38 10
0.067015 0.114293 0.725000 18 33 4
0.068896 0.114293 0.725000 44 59 30
0.070777 0.114293 0.725000 108 136 82
0.072758 0.114451 0.726000 115 143 89
0.074641 0.114451 0.726000 120 145 97
0.076630 0.114609 0.727000 75 100 52
0.078516 0.114609 0.727000 19 34 9
-0.301835 0.116978 0.730000 59 66 40
-0.299531 0.116818 0.729000 126 149 99
-0.297639 0.116818 0.729000 136 159 109
-0.295748 0.116818 0.729000 96 124 68
-0.294260 0.116978 0.730000 75 103 47
-0.292366 0.116978 0.730000 41 62 24
-0.290472 0.116978 0.730000 22 43 5
0.067107 0.116337 0.726000 19 39 4
0.068991 0.116337 0.726000 85 105 70
0.070874 0.116337 0.726000 113 144 89
0.072858 0.116497 0.727000 118 149 94
0.074744 0.116497 0.727000 103 127 84
0.076630 0.116497 0.727000 25 49 6
-0.299942 0.118874 0.730000 75 92 55
-0.298048 0.118874 0.730000 138 155 118
-0.296154 0.118874 0.730000 126 154 98
-0.294260 0.118874 0.730000 95 123 67
-0.292366 0.118874 0.730000 68 95 46
-0.290472 0.118874 0.730000 21 48 0
-0.288578 0.118874 0.730000 25 42 14
0.065314 0.118386 0.727000 28 37 19
0.067200 0.118386 0.727000 47 71 28
0.069086 0.118386 0.727000 110 134 91
0.070972 0.118386 0.727000 116 147 90
0.072858 0.118386 0.727000 120 151 94
0.074847 0.118549 0.728000 62 83 45
0.076736 0.118549 0.728000 21 42 4
-0.300352 0.120936 0.731000 39 49 26
-0.298048 0.120771 0.730000 91 101 78
-0.296154 0.120771 0.730000 143 166 116
-0.294260 0.120771 0.730000 136 159 109
-0.292366 0.120771 0.730000 108 136 80
-0.290472 0.120771 0.730000 66 94 38
-0.288578 0.120771 0.730000 23 43 8
-0.286684 0.120771 0.730000 24 44 9
0.065403 0.120440 0.728000 31 43 19
0.067292 0.120440 0.728000 88 116 64
0.069181 0.120440 0.728000 117 145 93
0.071070 0.120440 0.728000 123 154 99
0.073059 0.120605 0.729000 93 124 69
0.074950 0.120605 0.729000 23 40 10
-0.298456 0.122835 0.731000 42 47 35
-0.296154 0.122667 0.730000 110 124 86
-0.294260 0.122667 0.730000 154 168 130
-0.292366 0.122667 0.730000 125 154 93
-0.290472 0.122667 0.730000 98 127 66
-0.288578 0.122667 0.730000 56 81 35
-0.286684 0.122667 0.730000 20 45 0
0.063602 0.122499 0.729000 18 36 3
0.065493 0.122499 0.729000 66 84 51
0.067385 0.122499 0.729000 113 144 87
0.069276 0.122499 0.729000 122 153 96
0.071167 0.122499 0.729000 116 143 96
0.073059 0.122499 0.729000 37 64 17
-0.296559 0.124734 0.731000 55 66 36
-0.294663 0.124734 0.731000 124 135 105
-0.292366 0.124564 0.730000 145 172 114
-0.290472 0.124564 0.730000 119 146 88
-0.288578 0.124564 0.730000 89 118 59
-0.287077 0.124734 0.731000 44 73 14
-0.285180 0.124734 0.731000 25 43 10
0.061711 0.124393 0.729000 32 41 23
0.063602 0.124393 0.729000 40 61 21
0.065493 0.124393 0.729000 101 122 82
0.067385 0.124393 0.729000 116 147 92
0.069276 0.124393 0.729000 123 154 99
0.071167 0.124393 0.729000 83 106 70
0.073059 0.124393 0.729000 22 45 9
-0.294663 0.126633 0.731000 69 75 56
-0.292766 0.126633 0.731000 132 155 105
-0.290870 0.126633 0.731000 142 165 115
-0.288973 0.126633 0.731000 110 139 80
-0.287077 0.126633 0.731000 81 110 51
-0.285180 0.126633 0.731000 38 62 19
-0.283284 0.126633 0.731000 24 48 5
0.061795 0.126460 0.730000 27 39 15
0.063689 0.126460 0.730000 76 103 54
0.065583 0.126460 0.730000 116 143 94
0.067477 0.126460 0.730000 121 152 97
0.069371 0.126460 0.730000 109 140 85
0.071265 0.126460 0.730000 37 54 28
-0.292766 0.128532 0.731000 72 89 50
-0.290870 0.128532 0.731000 142 159 120
-0.288973 0.128532 0.731000 139 168 109
-0.287077 0.128532 0.731000 109 138 79
-0.285180 0.128532 0.731000 76 104 50
-0.283284 0.128532 0.731000 32 60 6
-0.281387 0.128532 0.731000 22 41 15
0.059983 0.128532 0.731000 24 39 10
0.061880 0.128532 0.731000 64 79 50
0.063776 0.128532 0.731000 110 138 84
0.065673 0.128532 0.731000 119 147 93
0.067569 0.128532 0.731000 124 151 102
0.069466 0.128532 0.731000 62 89 40
0.071362 0.128532 0.731000 25 39 19
-0.290870 0.130431 0.731000 90 100 75
-0.288973 0.130431 0.731000 142 168 115
-0.287077 0.130431 0.731000 137 163 110
-0.285180 0.130431 0.731000 100 132 70
-0.283284 0.130431 0.731000 66 98 36
-0.281772 0.130610 0.732000 28 53 16
-0.279873 0.130610 0.732000 19 44 7
0.059983 0.130431 0.731000 37 56 16
0.061880 0.130431 0.731000 99 118 78
0.063776 0.130431 0.731000 119 147 91
0.065673 0.130431 0.731000 124 152 96
0.067569 0.130431 0.731000 100 124 81
0.069466 0.130431 0.731000 31 55 12
-0.291268 0.132511 0.732000 41 46 32
-0.289369 0.132511 0.732000 98 116 72
-0.287470 0.132511 0.732000 146 164 120
-0.285571 0.132511 0.732000 131 163 99
-0.283671 0.132511 0.732000 102 134 70
-0.281772 0.132511 0.732000 65 95 45
-0.279873 0.132511 0.732000 22 52 2
-0.277974 0.132511 0.732000 31 47 26
0.058166 0.132511 0.732000 29 40 19
0.060066 0.132511 0.732000 65 90 42
0.061965 0.132511 0.732000 116 141 93
0.063776 0.132330 0.731000 124 151 93
0.065673 0.132330 0.731000 125 152 94
0.067569 0.132330 0.731000 57 74 37
0.069466 0.132330 0.731000 27 44 7
-0.289369 0.134413 0.732000 42 52 27
-0.287470 0.134413 0.732000 111 121 96
-0.285571 0.134413 0.732000 143 170 112
-0.283671 0.134413 0.732000 131 158 100
-0.281772 0.134413 0.732000 94 126 64
-0.279873 0.134413 0.732000 58 90 28
-0.277974 0.134413 0.732000 20 42 11
-0.276452 0.134596 0.733000 27 49 18
0.056267 0.134413 0.732000 27 42 13
0.058166 0.134413 0.732000 54 69 40
0.060066 0.134413 0.732000 105 131 76
0.061965 0.134413 0.732000 120 146 91
0.063864 0.134413 0.732000 130 153 99
0.065763 0.134413 0.732000 81 104 50
0.067662 0.134413 0.732000 28 38 13
-0.287470 0.136314 0.732000 45 47 34
-0.285571 0.136314 0.732000 118 135 94
-0.283671 0.136314 0.732000 152 169 128
-0.281772 0.136314 0.732000 132 161 98
-0.279873 0.136314 0.732000 99 128 65
-0.277974 0.136314 0.732000 58 85 38
-0.276452 0.136501 0.733000 21 48 1
-0.274550 0.136501 0.733000 31 47 26
0.056267 0.136314 0.732000 31 52 14
0.058166 0.136314 0.732000 93 114 76
0.060066 0.136314 0.732000 118 145 87
0.061965 0.136314 0.732000 126 153 95
0.063864 0.136314 0.732000 109 131 84
0.065763 0.136314 0.732000 37 59 12
-0.285961 0.138405 0.733000 53 60 36
-0.283671 0.138216 0.732000 129 136 112
-0.281772 0.138216 0.732000 149 172 118
-0.279873 0.138216 0.732000 133 156 102
-0.277974 0.138216 0.732000 95 122 64
-0.276452 0.138405 0.733000 61 88 30
-0.274550 0.138405 0.733000 24 43 13
-0.272649 0.138405 0.733000 28 47 17
0.054442 0.138405 0.733000 34 43 23
0.056344 0.138405 0.733000 72 94 47
0.058246 0.138405 0.733000 118 140 93
0.060148 0.138405 0.733000 123 150 92
0.062049 0.138405 0.733000 121 148 90
0.063951 0.138405 0.733000 61 78 41
0.065853 0.138405 0.733000 26 43 6
-0.284059 0.140309 0.733000 57 59 46
-0.282157 0.140309 0.733000 130 145 102
-0.280256 0.140309 0.733000 155 170 127
-0.278354 0.140309 0.733000 125 149 90
-0.276452 0.140309 0.733000 83 107 48
-0.274550 0.140309 0.733000 61 83 38
-0.272649 0.140309 0.733000 29 51 6
-0.271116 0.140500 0.734000 31 47 24
0.052541 0.140309 0.733000 29 41 15
0.054442 0.140309 0.733000 54 66 40
0.056344 0.140309 0.733000 110 136 81
0.058246 0.140309 0.733000 125 151 96
0.060148 0.140309 0.733000 128 151 99
0.062049 0.140309 0.733000 86 109 57
0.063951 0.140309 0.733000 29 39 12
-0.282157 0.142213 0.733000 57 61 36
-0.280256 0.142213 0.733000 131 135 110
-0.278354 0.142213 0.733000 149 171 112
-0.276452 0.142213 0.733000 101 123 64
-0.274550 0.142213 0.733000 74 100 45
-0.272649 0.142213 0.733000 60 86 31
-0.271116 0.142407 0.734000 25 47 16
-0.269579 0.142601 0.735000 31 53 22
0.050708 0.142407 0.734000 28 37 19
0.052612 0.142407 0.734000 34 55 17
0.054517 0.142407 0.734000 92 113 75
0.056421 0.142407 0.734000 120 147 89
0.058325 0.142407 0.734000 127 154 96
0.060230 0.142407 0.734000 106 126 79
0.062134 0.142407 0.734000 39 59 12
-0.280638 0.144314 0.734000 53 55 42
-0.278354 0.144117 0.733000 127 142 97
-0.276452 0.144117 0.733000 152 167 122
-0.274550 0.144117 0.733000 116 143 85
-0.273021 0.144314 0.734000 89 116 58
-0.271116 0.144314 0.734000 63 89 47
-0.269579 0.144511 0.735000 30 56 14
-0.268036 0.144707 0.736000 24 40 17
0.050708 0.144314 0.734000 29 40 19
0.052612 0.144314 0.734000 74 101 52
0.054517 0.144314 0.734000 116 143 94
0.056421 0.144314 0.734000 130 156 101
0.058325 0.144314 0.734000 120 146 91
0.060230 0.144314 0.734000 62 74 39
0.062134 0.144314 0.734000 34 46 11
-0.278734 0.146221 0.734000 52 59 33
-0.276829 0.146221 0.734000 131 138 112
-0.274925 0.146221 0.734000 144 167 113
-0.273021 0.146221 0.734000 115 138 84
-0.271486 0.146420 0.735000 74 102 50
-0.269579 0.146420 0.735000 62 90 38
-0.268400 0.146819 0.737000 32 54 23
-0.266488 0.146819 0.737000 21 43 12
0.048870 0.146420 0.735000 29 46 16
0.050708 0.146221 0.734000 71 88 58
0.052612 0.146221 0.734000 106 134 80
0.054517 0.146221 0.734000 124 152 98
0.056421 0.146221 0.734000 129 152 102
0.058325 0.146221 0.734000 74 97 47
0.060230 0.146221 0.734000 34 38 15
-0.276829 0.148128 0.734000 53 59 42
-0.274925 0.148128 0.734000 121 135 95
-0.273393 0.148330 0.735000 148 162 122
-0.271486 0.148330 0.735000 106 134 78
-0.269946 0.148531 0.736000 78 106 50
-0.268400 0.148733 0.737000 69 95 53
-0.266850 0.148935 0.738000 28 54 12
-0.265294 0.149137 0.739000 28 44 21
0.046963 0.148330 0.735000 24 34 18
0.048870 0.148330 0.735000 52 73 33
0.050777 0.148330 0.735000 104 125 85
0.052684 0.148330 0.735000 122 151 92
0.054591 0.148330 0.735000 127 156 97
0.056498 0.148330 0.735000 98 115 74
0.058405 0.148330 0.735000 34 51 10
-0.275300 0.150239 0.735000 49 57 28
-0.273393 0.150239 0.735000 117 125 96
-0.271855 0.150443 0.736000 137 163 110
-0.269946 0.150443 0.736000 119 145 92
-0.268400 0.150648 0.737000 84 112 58
-0.266850 0.150852 0.738000 52 80 26
-0.265294 0.151057 0.739000 33 56 22
-0.263733 0.151261 0.740000 26 49 15
-0.262167 0.151465 0.741000 36 50 28
0.047091 0.150648 0.737000 34 49 24
0.049003 0.150648 0.737000 91 117 66
0.050777 0.150239 0.735000 117 143 92
0.052684 0.150239 0.735000 126 152 97
0.054591 0.150239 0.735000 114 140 85
0.056498 0.150239 0.735000 46 57 27
-0.274137 0.152562 0.737000 43 49 32
-0.272225 0.152562 0.737000 108 125 84
-0.270313 0.152562 0.737000 144 161 120
-0.268400 0.152562 0.737000 133 161 107
-0.266850 0.152769 0.738000 111 139 85
-0.265294 0.152976 0.739000 75 101 57
-0.263377 0.152976 0.739000 40 66 22
-0.262167 0.153390 0.741000 26 45 17
-0.260245 0.153390 0.741000 31 50 22
0.045241 0.152769 0.738000 26 45 7
0.047091 0.152562 0.737000 83 102 64
0.049003 0.152562 0.737000 115 144 85
0.050846 0.152355 0.736000 123 152 93
0.052756 0.152355 0.736000 119 142 92
0.054665 0.152355 0.736000 61 84 34
0.056575 0.152355 0.736000 38 45 23
-0.272594 0.154687 0.738000 44 54 29
-0.270679 0.154687 0.738000 97 107 82
-0.268765 0.154687 0.738000 141 164 114
-0.266850 0.154687 0.738000 141 164 114
-0.265294 0.154896 0.739000 110 137 88
-0.263377 0.154896 0.739000 74 101 52
-0.261814 0.155106 0.740000 46 71 36
-0.260245 0.155315 0.741000 27 52 17
-0.258671 0.155525 0.742000 30 46 25
0.043385 0.154896 0.739000 27 38 17
0.045302 0.154896 0.739000 70 95 47
0.047219 0.154896 0.739000 112 137 89
0.049070 0.154687 0.738000 126 155 96
0.050985 0.154687 0.738000 124 153 94
0.052827 0.154477 0.737000 76 95 53
0.054740 0.154477 0.737000 26 45 3
-0.271046 0.156816 0.739000 42 50 37
-0.269129 0.156816 0.739000 90 103 70
-0.267212 0.156816 0.739000 145 158 125
-0.265294 0.156816 0.739000 135 157 110
-0.263377 0.156816 0.739000 106 128 81
-0.261814 0.157028 0.740000 74 98 57
-0.260245 0.157240 0.741000 56 80 39
-0.258322 0.157240 0.741000 29 51 24
-0.256746 0.157453 0.742000 26 48 21
-0.255164 0.157665 0.743000 36 49 34
0.041467 0.156816 0.739000 23 40 10
0.043385 0.156816 0.739000 64 81 51
0.045302 0.156816 0.739000 109 138 79
0.047219 0.156816 0.739000 124 153 94
0.049136 0.156816 0.739000 130 156 101
0.051054 0.156816 0.739000 98 124 69
0.052899 0.156604 0.738000 35 47 19
-0.269493 0.158951 0.740000 40 49 29
-0.267573 0.158951 0.740000 82 91 71
-0.265653 0.158951 0.740000 141 155 117
-0.263733 0.158951 0.740000 140 154 116
-0.261814 0.158951 0.740000 101 123 78
-0.260245 0.159165 0.741000 80 102 57
-0.258322 0.159165 0.741000 63 89 49
-0.256746 0.159380 0.742000 39 65 25
-0.254821 0.159380 0.742000 22 40 19
-0.253237 0.159595 0.743000 34 52 31
0.039604 0.158951 0.740000 25 35 21
0.041523 0.158951 0.740000 55 76 34
0.043443 0.158951 0.740000 95 116 74
0.045363 0.158951 0.740000 124 151 91
0.047219 0.158736 0.739000 133 160 100
0.049136 0.158736 0.739000 114 134 89
0.051054 0.158736 0.739000 43 63 18
0.052971 0.158736 0.739000 44 50 33
-0.267935 0.161090 0.741000 43 48 36
-0.266012 0.161090 0.741000 72 76 53
-0.264090 0.161090 0.741000 122 126 103
-0.262167 0.161090 0.741000 138 155 114
-0.260245 0.161090 0.741000 126 143 102
-0.258322 0.161090 0.741000 82 110 58
-0.256746 0.161308 0.742000 68 96 44
-0.254821 0.161308 0.742000 44 69 32
-0.253237 0.161525 0.743000 24 49 12
-0.251309 0.161525 0.743000 26 44 23
0.037735 0.161090 0.741000 21 37 14
0.039657 0.161090 0.741000 44 60 37
0.041580 0.161090 0.741000 92 120 64
0.043502 0.161090 0.741000 119 147 91
0.045424 0.161090 0.741000 133 160 102
0.047347 0.161090 0.741000 119 146 88
0.049203 0.160873 0.740000 49 60 28
0.051123 0.160873 0.740000 40 51 19
-0.264446 0.163235 0.742000 61 63 50
-0.262167 0.163015 0.741000 104 117 84
-0.260245 0.163015 0.741000 142 155 122
-0.258322 0.163015 0.741000 123 149 98
-0.256400 0.163015 0.741000 91 117 66
-0.254821 0.163235 0.742000 83 111 59
-0.253237 0.163455 0.743000 52 80 28
-0.251309 0.163455 0.743000 29 51 20
-0.249381 0.163455 0.743000 26 48 17
0.035812 0.163015 0.741000 25 33 18
0.037735 0.163015 0.741000 33 57 18
0.039657 0.163015 0.741000 88 112 73
0.041580 0.163015 0.741000 118 147 86
0.043502 0.163015 0.741000 136 165 104
0.045424 0.163015 0.741000 126 149 97
0.047347 0.163015 0.741000 54 77 25
0.049269 0.163015 0.741000 38 45 21
-0.262875 0.165385 0.743000 40 50 27
-0.260596 0.165163 0.742000 93 103 80
-0.258671 0.165163 0.742000 132 154 107
-0.256746 0.165163 0.742000 133 155 108
-0.254821 0.165163 0.742000 103 131 75
-0.253237 0.165385 0.743000 77 105 49
-0.251309 0.165385 0.743000 56 83 36
-0.249381 0.165385 0.743000 28 55 8
-0.247454 0.165385 0.743000 29 46 18
-0.245857 0.165608 0.744000 38 55 27
0.033890 0.164940 0.741000 23 40 14
0.035812 0.164940 0.741000 33 50 24
0.037735 0.164940 0.741000 83 111 57
0.039711 0.165163 0.742000 120 148 94
0.041636 0.165163 0.742000 134 161 103
0.043561 0.165163 0.742000 131 158 100
0.045486 0.165163 0.742000 66 80 42
0.047411 0.165163 0.742000 34 48 10
-0.260947 0.167316 0.743000 43 48 36
-0.259020 0.167316 0.743000 76 89 56
-0.257092 0.167316 0.743000 128 141 108
-0.255164 0.167316 0.743000 141 164 110
-0.253237 0.167316 0.743000 120 143 89
-0.251309 0.167316 0.743000 85 113 57
-0.249381 0.167316 0.743000 64 92 36
-0.247454 0.167316 0.743000 46 70 31
-0.245526 0.167316 0.743000 26 50 11
-0.243926 0.167541 0.744000 30 46 25
0.033935 0.167090 0.742000 29 52 16
0.035861 0.167090 0.742000 81 104 68
0.037836 0.167316 0.743000 118 147 88
0.039764 0.167316 0.743000 131 160 101
0.041692 0.167316 0.743000 133 156 104
0.043619 0.167316 0.743000 71 94 42
0.045547 0.167316 0.743000 37 44 20
-0.257438 0.169474 0.744000 57 63 44
-0.255164 0.169246 0.743000 106 121 78
-0.253237 0.169246 0.743000 149 164 121
-0.251309 0.169246 0.743000 132 159 101
-0.249381 0.169246 0.743000 97 124 66
-0.247454 0.169246 0.743000 77 105 53
-0.245526 0.169246 0.743000 61 89 37
-0.243599 0.169246 0.743000 33 55 28
-0.241996 0.169474 0.744000 21 43 16
-0.240066 0.169474 0.744000 35 50 36
0.030126 0.169246 0.743000 20 39 13
0.032054 0.169246 0.743000 26 45 19
0.033981 0.169246 0.743000 82 110 58
0.035909 0.169246 0.743000 119 147 95
0.037836 0.169246 0.743000 137 166 105
0.039764 0.169246 0.743000 137 166 105
0.041748 0.169474 0.744000 82 99 60
0.043678 0.169474 0.744000 37 54 15
-0.255508 0.171406 0.744000 47 57 30
-0.253578 0.171406 0.744000 79 89 62
-0.251309 0.171176 0.743000 138 159 107
-0.249381 0.171176 0.743000 141 162 110
-0.247454 0.171176 0.743000 126 152 97
-0.245526 0.171176 0.743000 89 115 60
-0.243599 0.171176 0.743000 70 95 58
-0.241671 0.171176 0.743000 47 72 35
-0.239743 0.171176 0.743000 24 45 23
-0.237816 0.171176 0.743000 28 49 27
0.028236 0.171406 0.744000 26 37 18
0.030126 0.171176 0.743000 29 53 14
0.032054 0.171176 0.743000 76 100 61
0.033981 0.171176 0.743000 118 147 88
0.035909 0.171176 0.743000 139 168 109
0.037887 0.171406 0.744000 140 166 113
0.039818 0.171406 0.744000 91 117 64
0.041748 0.171406 0.744000 38 50 24
-0.253578 0.173339 0.744000 51 54 38
-0.251647 0.173339 0.744000 71 83 48
-0.249381 0.173106 0.743000 127 139 104
-0.247454 0.173106 0.743000 141 164 114
-0.245526 0.173106 0.743000 123 146 96
-0.243599 0.173106 0.743000 89 116 67
-0.241671 0.173106 0.743000 69 96 47
-0.239743 0.173106 0.743000 57 79 48
-0.237816 0.173106 0.743000 32 54 23
-0.235888 0.173106 0.743000 29 44 28
-0.233960 0.173106 0.743000 32 47 31
0.026306 0.173339 0.744000 23 40 14
0.028236 0.173339 0.744000 35 52 26
0.030166 0.173339 0.744000 75 103 51
0.032097 0.173339 0.744000 108 136 84
0.034027 0.173339 0.744000 137 163 108
0.035957 0.173339 0.744000 140 166 111
0.037887 0.173339 0.744000 96 115 75
0.039818 0.173339 0.744000 36 55 15
-0.252324 0.175743 0.746000 49 56 34
-0.249717 0.175272 0.744000 57 64 42
-0.247787 0.175272 0.744000 95 112 71
-0.245526 0.175036 0.743000 143 160 119
-0.243599 0.175036 0.743000 125 151 100
-0.241671 0.175036 0.743000 104 130 79
-0.239743 0.175036 0.743000 74 101 54
-0.237816 0.175036 0.743000 60 87 40
-0.235888 0.175036 0.743000 47 66 38
-0.233960 0.175036 0.743000 27 46 18
-0.232033 0.175036 0.743000 32 47 31
0.024376 0.175272 0.744000 26 34 19
0.026306 0.175272 0.744000 34 58 19
0.028274 0.175508 0.745000 81 105 66
0.030207 0.175508 0.745000 117 144 86
0.032097 0.175272 0.744000 137 164 106
0.034027 0.175272 0.744000 140 166 113
0.035957 0.175272 0.744000 90 116 63
0.037887 0.175272 0.744000 40 52 24
-0.248120 0.177443 0.745000 46 53 29
-0.245857 0.177205 0.744000 64 71 47
-0.243926 0.177205 0.744000 124 144 99
-0.241671 0.176967 0.743000 138 158 113
-0.239743 0.176967 0.743000 120 148 96
-0.237816 0.176967 0.743000 83 111 59
-0.235888 0.176967 0.743000 77 102 56
-0.233960 0.176967 0.743000 60 85 39
-0.232033 0.176967 0.743000 33 52 24
-0.230105 0.176967 0.743000 23 42 14
-0.228177 0.176967 0.743000 30 45 31
0.022476 0.177443 0.745000 20 35 8
0.024409 0.177443 0.745000 40 55 28
0.026341 0.177443 0.745000 88 114 61
0.028274 0.177443 0.745000 123 149 96
0.030207 0.177443 0.745000 140 167 109
0.032140 0.177443 0.745000 141 168 110
0.034073 0.177443 0.745000 90 108 64
0.036005 0.177443 0.745000 33 51 7
-0.244254 0.179378 0.745000 53 63 36
-0.241996 0.179137 0.744000 101 111 84
-0.240066 0.179137 0.744000 134 155 105
-0.237816 0.178897 0.743000 136 157 107
-0.235888 0.178897 0.743000 106 132 79
-0.233960 0.178897 0.743000 83 109 56
-0.232033 0.178897 0.743000 77 103 59
-0.230105 0.178897 0.743000 51 77 33
-0.228177 0.178897 0.743000 22 44 17
-0.226554 0.179137 0.744000 21 43 16
-0.224624 0.179137 0.744000 29 46 28
0.020543 0.179378 0.745000 30 36 19
0.022476 0.179378 0.745000 45 66 24
0.024441 0.179619 0.746000 92 113 71
0.026377 0.179619 0.746000 125 154 95
0.028312 0.179619 0.746000 140 169 110
0.030248 0.179619 0.746000 143 164 112
0.032183 0.179619 0.746000 89 110 58
0.034118 0.179619 0.746000 37 44 20
-0.242321 0.181314 0.745000 45 47 36
-0.240389 0.181314 0.745000 64 75 45
-0.238136 0.181070 0.744000 127 138 108
-0.236206 0.181070 0.744000 134 157 105
-0.234275 0.181070 0.744000 127 150 98
-0.232345 0.181070 0.744000 97 125 71
-0.230415 0.181070 0.744000 80 108 54
-0.228485 0.181070 0.744000 60 89 46
-0.226554 0.181070 0.744000 43 72 29
-0.224624 0.181070 0.744000 27 49 22
-0.222694 0.181070 0.744000 22 44 17
-0.220764 0.181070 0.744000 33 51 30
0.018635 0.181557 0.746000 27 43 11
0.020570 0.181557 0.746000 59 75 43
0.022506 0.181557 0.746000 96 122 67
0.024441 0.181557 0.746000 125 151 96
0.026377 0.181557 0.746000 143 170 110
0.028312 0.181557 0.746000 137 164 104
0.030248 0.181557 0.746000 79 93 57
0.032183 0.181557 0.746000 38 52 16
-0.238456 0.183249 0.745000 49 57 42
-0.236523 0.183249 0.745000 96 115 77
-0.234275 0.183003 0.744000 131 150 112
-0.232345 0.183003 0.744000 133 161 107
-0.230415 0.183003 0.744000 118 146 92
-0.228485 0.183003 0.744000 92 123 70
-0.226554 0.183003 0.744000 64 95 42
-0.224624 0.183003 0.744000 53 79 39
-0.222694 0.183003 0.744000 37 63 23
-0.221060 0.183249 0.745000 22 43 19
-0.219128 0.183249 0.745000 24 45 21
-0.217195 0.183249 0.745000 33 47 27
0.014764 0.183495 0.746000 31 43 19
0.016700 0.183495 0.746000 27 39 15
0.018635 0.183495 0.746000 64 87 37
0.020570 0.183495 0.746000 102 125 75
0.022506 0.183495 0.746000 135 159 98
0.024441 0.183495 0.746000 144 168 107
0.026377 0.183495 0.746000 135 155 108
0.028312 0.183495 0.746000 67 87 40
0.030248 0.183495 0.746000 39 46 24
-0.236840 0.185433 0.746000 40 51 32
-0.234590 0.185184 0.745000 53 64 45
-0.232657 0.185184 0.745000 98 118 83
-0.230725 0.185184 0.745000 133 153 118
-0.228792 0.185184 0.745000 132 159 110
-0.226859 0.185184 0.745000 108 135 86
-0.224926 0.185184 0.745000 78 105 56
-0.222993 0.185184 0.745000 67 94 45
-0.221060 0.185184 0.745000 49 72 36
-0.219128 0.185184 0.745000 28 51 15
-0.217195 0.185184 0.745000 24 43 17
-0.215262 0.185184 0.745000 29 48 22
0.012829 0.185433 0.746000 29 38 20
0.014764 0.185433 0.746000 38 57 15
0.016700 0.185433 0.746000 82 101 59
0.018635 0.185433 0.746000 111 135 74
0.020570 0.185433 0.746000 137 161 100
0.022506 0.185433 0.746000 141 165 108
0.024441 0.185433 0.746000 122 146 89
0.026377 0.185433 0.746000 54 65 35
0.028312 0.185433 0.746000 41 52 22
-0.232970 0.187371 0.746000 42 53 32
-0.231034 0.187371 0.746000 72 83 62
-0.228792 0.187120 0.745000 113 137 98
-0.226859 0.187120 0.745000 138 162 123
-0.224926 0.187120 0.745000 127 154 105
-0.222993 0.187120 0.745000 117 144 95
-0.221060 0.187120 0.745000 81 108 59
-0.219128 0.187120 0.745000 68 95 46
-0.216903 0.186869 0.744000 47 72 35
-0.214973 0.186869 0.744000 25 50 13
-0.213043 0.186869 0.744000 21 39 16
-0.211113 0.186869 0.744000 28 46 23
-0.209182 0.186869 0.744000 32 47 33
0.008958 0.187371 0.746000 29 38 20
0.010893 0.187371 0.746000 26 43 6
0.012829 0.187371 0.746000 58 75 38
0.014764 0.187371 0.746000 86 113 55
0.016700 0.187371 0.746000 110 137 79
0.018660 0.187622 0.747000 134 161 101
0.020598 0.187622 0.747000 138 165 105
0.022536 0.187622 0.747000 114 132 86
0.024474 0.187622 0.747000 51 69 23
0.026412 0.187622 0.747000 46 50 29
-0.231034 0.189309 0.746000 41 49 38
-0.229099 0.189309 0.746000 45 59 37
-0.227163 0.189309 0.746000 87 101 79
-0.225228 0.189309 0.746000 132 153 111
-0.222993 0.189055 0.745000 142 163 121
-0.221060 0.189055 0.745000 127 155 103
-0.218833 0.188801 0.744000 101 129 77
-0.216903 0.188801 0.744000 71 98 49
-0.214973 0.188801 0.744000 63 90 41
-0.213043 0.188801 0.744000 48 71 37
-0.211113 0.188801 0.744000 22 45 11
-0.209182 0.188801 0.744000 22 39 21
-0.207252 0.188801 0.744000 27 44 26
-0.205322 0.188801 0.744000 33 47 36
0.005087 0.189309 0.746000 33 41 26
0.007032 0.189563 0.747000 24 40 8
0.008970 0.189563 0.747000 39 55 23
0.010908 0.189563 0.747000 74 98 41
0.012846 0.189563 0.747000 100 124 67
0.014784 0.189563 0.747000 127 154 92
0.016722 0.189563 0.747000 139 166 104
0.018660 0.189563 0.747000 139 160 106
0.020598 0.189563 0.747000 90 111 57
0.022536 0.189563 0.747000 43 54 24
0.024474 0.189563 0.747000 46 57 27
-0.227163 0.191247 0.746000 43 51 38
-0.225228 0.191247 0.746000 59 71 45
-0.222993 0.190991 0.745000 97 109 83
-0.221060 0.190991 0.745000 135 158 108
-0.219128 0.190991 0.745000 136 159 109
-0.216903 0.190734 0.744000 104 132 78
-0.214973 0.190734 0.744000 87 115 61
-0.213043 0.190734 0.744000 71 102 56
-0.211113 0.190734 0.744000 59 90 44
-0.209182 0.190734 0.744000 40 64 32
-0.207252 0.190734 0.744000 25 49 17
-0.205322 0.190734 0.744000 23 40 24
-0.203392 0.190734 0.744000 26 43 27
-0.201461 0.190734 0.744000 32 45 32
0.003156 0.191503 0.747000 17 34 6
0.005094 0.191503 0.747000 30 47 19
0.007032 0.191503 0.747000 57 82 34
0.008970 0.191503 0.747000 93 118 70
0.010908 0.191503 0.747000 113 141 76
0.012863 0.191760 0.748000 135 163 98
0.014804 0.191760 0.748000 141 165 106
0.016744 0.191760 0.748000 127 151 92
0.018685 0.191760 0.748000 69 83 45
0.020626 0.191760 0.748000 38 52 14
-0.223293 0.193185 0.746000 43 48 36
-0.221060 0.192926 0.745000 57 69 41
-0.219128 0.192926 0.745000 100 112 84
-0.216903 0.192667 0.744000 130 155 107
-0.214973 0.192667 0.744000 132 157 109
-0.213043 0.192667 0.744000 110 143 89
-0.211113 0.192667 0.744000 85 118 64
-0.208901 0.192408 0.743000 77 108 62
-0.206973 0.192408 0.743000 60 91 45
-0.205322 0.192667 0.744000 41 65 35
-0.203118 0.192408 0.743000 25 49 19
-0.201461 0.192667 0.744000 18 39 17
-0.199531 0.192667 0.744000 20 41 19
-0.197601 0.192667 0.744000 31 44 27
-0.000721 0.193703 0.748000 19 36 10
0.001220 0.193703 0.748000 29 46 20
0.003160 0.193703 0.748000 52 79 32
0.005101 0.193703 0.748000 84 111 64
0.007041 0.193703 0.748000 114 142 77
0.008982 0.193703 0.748000 131 159 94
0.010923 0.193703 0.748000 142 170 105
0.012863 0.193703 0.748000 134 162 97
0.014804 0.193703 0.748000 96 113 72
0.016744 0.193703 0.748000 41 58 17
0.018685 0.193703 0.748000 39 45 26
-0.219128 0.194861 0.745000 44 49 35
-0.217195 0.194861 0.745000 51 67 35
-0.214973 0.194600 0.744000 103 119 87
-0.213043 0.194600 0.744000 130 155 107
-0.211113 0.194600 0.744000 131 156 108
-0.208901 0.194338 0.743000 120 151 98
-0.206973 0.194338 0.743000 102 133 80
-0.205322 0.194600 0.744000 78 105 58
-0.203118 0.194338 0.743000 66 93 46
-0.201191 0.194338 0.743000 48 73 36
-0.199531 0.194600 0.744000 30 55 18
-0.197601 0.194600 0.744000 19 38 12
-0.195934 0.194861 0.745000 19 38 12
-0.194001 0.194861 0.745000 26 39 22
-0.006552 0.195908 0.749000 27 32 18
-0.004608 0.195908 0.749000 18 33 8
-0.002662 0.195646 0.748000 32 47 22
-0.000721 0.195646 0.748000 55 80 34
0.001220 0.195646 0.748000 82 107 61
0.003160 0.195646 0.748000 104 131 69
0.005101 0.195646 0.748000 127 154 92
0.007051 0.195908 0.749000 139 167 102
0.008994 0.195908 0.749000 141 169 104
0.010937 0.195908 0.749000 118 139 89
0.012880 0.195908 0.749000 66 87 37
0.014824 0.195908 0.749000 39 49 22
-0.214973 0.196533 0.744000 43 49 32
-0.213329 0.196797 0.745000 57 70 39
-0.211113 0.196533 0.744000 107 120 89
-0.209182 0.196533 0.744000 133 155 110
-0.207252 0.196533 0.744000 137 159 114
-0.205322 0.196533 0.744000 125 151 100
-0.203392 0.196533 0.744000 102 128 77
-0.201191 0.196268 0.743000 81 107 54
-0.199531 0.196533 0.744000 68 94 41
-0.197601 0.196533 0.744000 54 78 37
-0.195671 0.196533 0.744000 34 58 17
-0.193740 0.196533 0.744000 21 40 14
-0.192068 0.196797 0.745000 16 35 9
-0.190135 0.196797 0.745000 24 39 23
-0.188455 0.197061 0.746000 28 43 27
-0.010452 0.198117 0.750000 24 34 18
-0.008506 0.198117 0.750000 17 32 5
-0.006560 0.198117 0.750000 32 47 20
-0.004608 0.197853 0.749000 57 82 36
-0.002665 0.197853 0.749000 81 106 60
-0.000722 0.197853 0.749000 102 129 69
0.001221 0.197853 0.749000 123 150 90
0.003164 0.197853 0.749000 141 165 104
0.005108 0.197853 0.749000 143 167 106
0.007051 0.197853 0.749000 129 150 96
0.008994 0.197853 0.749000 88 109 55
0.010937 0.197853 0.749000 43 54 24
0.012880 0.197853 0.749000 41 52 22
-0.211396 0.198732 0.745000 46 52 35
-0.209182 0.198465 0.744000 64 77 46
-0.207252 0.198465 0.744000 107 120 89
-0.205322 0.198465 0.744000 134 154 107
-0.203392 0.198465 0.744000 138 158 111
-0.201461 0.198465 0.744000 126 152 97
-0.199531 0.198465 0.744000 103 129 74
-0.197601 0.198465 0.744000 82 110 56
-0.195671 0.198465 0.744000 70 98 44
-0.193740 0.198465 0.744000 62 88 46
-0.192068 0.198732 0.745000 45 71 29
-0.190135 0.198732 0.745000 21 40 14
-0.188202 0.198732 0.745000 19 38 12
-0.186520 0.198999 0.746000 26 42 21
-0.184584 0.198999 0.746000 26 42 21
-0.182649 0.198999 0.746000 31 42 23
-0.016333 0.200599 0.752000 24 35 14
-0.014382 0.200599 0.752000 22 33 12
-0.012414 0.200333 0.751000 21 41 8
-0.010452 0.200066 0.750000 42 62 29
-0.008506 0.200066 0.750000 59 86 37
-0.006560 0.200066 0.750000 80 107 58
-0.004615 0.200066 0.750000 102 131 72
-0.002669 0.200066 0.750000 123 152 93
-0.000723 0.200066 0.750000 137 164 104
0.001223 0.200066 0.750000 141 168 108
0.003169 0.200066 0.750000 130 151 99
0.005114 0.200066 0.750000 85 106 54
0.007060 0.200066 0.750000 51 60 26
0.009006 0.200066 0.750000 39 48 14
-0.207531 0.200667 0.745000 42 50 35
-0.205598 0.200667 0.745000 53 66 35
-0.203665 0.200667 0.745000 85 98 67
-0.201461 0.200398 0.744000 128 148 101
-0.199799 0.200667 0.745000 139 159 112
-0.197866 0.200667 0.745000 125 151 98
-0.195934 0.200667 0.745000 112 138 85
-0.194001 0.200667 0.745000 91 119 67
-0.192068 0.200667 0.745000 80 108 56
-0.190135 0.200667 0.745000 69 98 55
-0.188455 0.200937 0.746000 58 87 44
-0.186520 0.200937 0.746000 42 65 31
-0.184584 0.200937 0.746000 24 47 13
-0.182649 0.200937 0.746000 19 36 10
-0.180713 0.200937 0.746000 19 36 10
-0.178778 0.200937 0.746000 28 39 18
-0.022215 0.202822 0.753000 24 34 18
-0.020262 0.202822 0.753000 17 34 6
-0.018308 0.202822 0.753000 21 38 10
-0.016355 0.202822 0.753000 29 53 12
-0.014401 0.202822 0.753000 53 77 36
-0.012431 0.202553 0.752000 72 103 50
-0.010480 0.202553 0.752000 92 123 70
-0.008529 0.202553 0.752000 115 147 85
-0.006569 0.202284 0.751000 130 162 100
-0.004621 0.202284 0.751000 141 170 109
-0.002669 0.202014 0.750000 140 169 108
-0.000723 0.202014 0.750000 128 149 97
0.001223 0.202014 0.750000 72 93 41
0.003169 0.202014 0.750000 44 55 23
0.005114 0.202014 0.750000 39 50 18
0.007070 0.202284 0.751000 47 49 31
-0.203938 0.202875 0.746000 42 50 35
-0.201732 0.202603 0.745000 49 61 33
-0.200067 0.202875 0.746000 77 89 61
-0.198132 0.202875 0.746000 114 132 88
-0.195934 0.202603 0.745000 137 155 111
-0.194261 0.202875 0.746000 133 161 109
-0.192326 0.202875 0.746000 124 152 100
-0.190390 0.202875 0.746000 100 130 80
-0.188455 0.202875 0.746000 79 109 59
-0.186520 0.202875 0.746000 69 96 49
-0.184584 0.202875 0.746000 60 87 40
-0.182649 0.202875 0.746000 48 72 33
-0.180713 0.202875 0.746000 39 63 24
-0.178778 0.202875 0.746000 28 45 15
-0.176842 0.202875 0.746000 22 39 9
-0.175141 0.203147 0.747000 23 38 13
-0.173203 0.203147 0.747000 26 41 16
-0.171265 0.203147 0.747000 33 44 25
-0.030109 0.205322 0.755000 28 36 21
-0.028151 0.205322 0.755000 20 34 14
-0.026192 0.205322 0.755000 20 34 14
-0.024233 0.205322 0.755000 21 40 12
-0.022274 0.205322 0.755000 35 54 26
-0.020316 0.205322 0.755000 46 75 30
-0.018357 0.205322 0.755000 67 96 51
-0.016398 0.205322 0.755000 90 118 64
-0.014439 0.205322 0.755000 110 138 84
-0.012464 0.205050 0.754000 126 155 94
-0.010494 0.204778 0.753000 138 167 106
-0.008540 0.204778 0.753000 144 173 112
-0.006578 0.204506 0.752000 140 169 108
-0.004627 0.204506 0.752000 117 138 88
-0.002672 0.204235 0.751000 74 95 45
-0.000724 0.204235 0.751000 46 57 27
0.001224 0.204235 0.751000 36 47 17
-0.200067 0.204813 0.746000 42 47 33
-0.198132 0.204813 0.746000 40 50 25
-0.196197 0.204813 0.746000 57 67 42
-0.194261 0.204813 0.746000 97 116 76
-0.192326 0.204813 0.746000 123 142 102
-0.190390 0.204813 0.746000 131 157 106
-0.188455 0.204813 0.746000 130 156 105
-0.186520 0.204813 0.746000 113 141 85
-0.184584 0.204813 0.746000 111 139 83
-0.182649 0.204813 0.746000 83 109 56
-0.180713 0.204813 0.746000 65 91 38
-0.178778 0.204813 0.746000 65 87 42
-0.176842 0.204813 0.746000 55 77 32
-0.175141 0.205087 0.747000 37 58 20
-0.173203 0.205087 0.747000 23 44 6
-0.171265 0.205087 0.747000 22 39 11
-0.169327 0.205087 0.747000 19 36 8
-0.167389 0.205087 0.747000 19 33 11
-0.165451 0.205087 0.747000 24 38 16
-0.163513 0.205087 0.747000 28 39 18
-0.036033 0.207558 0.756000 23 37 17
-0.034072 0.207558 0.756000 19 33 13
-0.032111 0.207558 0.756000 19 36 8
-0.030149 0.207558 0.756000 24 41 13
-0.028188 0.207558 0.756000 32 55 21
-0.026227 0.207558 0.756000 48 71 37
-0.024265 0.207558 0.756000 70 97 50
-0.022304 0.207558 0.756000 83 110 63
-0.020342 0.207558 0.756000 102 131 72
-0.018381 0.207558 0.756000 118 147 88
-0.016398 0.207284 0.755000 131 160 99
-0.014439 0.207284 0.755000 137 166 105
-0.012480 0.207284 0.755000 140 167 109
-0.010522 0.207284 0.755000 131 158 100
-0.008552 0.207009 0.754000 111 129 85
-0.006587 0.206735 0.753000 62 80 36
-0.004633 0.206735 0.753000 41 51 26
-0.002676 0.206460 0.752000 36 46 21
-0.194261 0.206751 0.746000 36 46 23
-0.192326 0.206751 0.746000 43 53 30
-0.190390 0.206751 0.746000 71 89 54
-0.188455 0.206751 0.746000 106 124 89
-0.186520 0.206751 0.746000 132 155 103
-0.184584 0.206751 0.746000 141 164 112
-0.182649 0.206751 0.746000 128 151 97
-0.180713 0.206751 0.746000 104 127 73
-0.178778 0.206751 0.746000 96 123 65
-0.176842 0.206751 0.746000 90 117 59
-0.175141 0.207028 0.747000 78 104 49
-0.173203 0.207028 0.747000 76 102 47
-0.171265 0.207028 0.747000 64 86 39
-0.169327 0.207028 0.747000 45 67 20
-0.167389 0.207028 0.747000 31 50 12
-0.165451 0.207028 0.747000 21 40 2
-0.163513 0.207028 0.747000 17 35 2
-0.161575 0.207028 0.747000 17 35 2
-0.159637 0.207028 0.747000 24 39 12
-0.157699 0.207028 0.747000 27 42 15
-0.046022 0.210354 0.759000 22 33 14
-0.044053 0.210354 0.759000 19 33 11
-0.042084 0.210354 0.759000 20 34 12
-0.040062 0.210076 0.758000 19 36 6
-0.038095 0.210076 0.758000 24 41 11
-0.036129 0.210076 0.758000 34 55 17
-0.034117 0.209799 0.757000 45 66 28
-0.032153 0.209799 0.757000 59 84 36
-0.030189 0.209799 0.757000 76 101 53
-0.028262 0.210076 0.758000 97 123 70
-0.026296 0.210076 0.758000 106 132 79
-0.024297 0.209799 0.757000 123 150 92
-0.022333 0.209799 0.757000 128 155 97
-0.020369 0.209799 0.757000 139 168 107
-0.018405 0.209799 0.757000 141 170 109
-0.016420 0.209522 0.756000 137 160 106
-0.014458 0.209522 0.756000 114 137 83
-0.012497 0.209522 0.756000 77 94 57
-0.010522 0.209245 0.755000 48 65 28
-0.008563 0.209245 0.755000 42 49 27
-0.006595 0.208968 0.754000 45 52 30
-0.188455 0.208689 0.746000 36 45 25
-0.186520 0.208689 0.746000 47 58 26
-0.184584 0.208689 0.746000 78 89 57
-0.182894 0.208968 0.747000 108 126 82
-0.180956 0.208968 0.747000 133 151 107
-0.179018 0.208968 0.747000 135 158 104
-0.177079 0.208968 0.747000 132 155 101
-0.175141 0.208968 0.747000 128 152 93
-0.173203 0.208968 0.747000 106 130 71
-0.171265 0.208968 0.747000 86 110 53
-0.169327 0.208968 0.747000 84 108 51
-0.167389 0.208968 0.747000 79 102 50
-0.165451 0.208968 0.747000 66 89 37
-0.163513 0.208968 0.747000 61 82 32
-0.161575 0.208968 0.747000 49 70 20
-0.159637 0.208968 0.747000 33 52 10
-0.157699 0.208968 0.747000 21 40 0
-0.155970 0.209248 0.748000 17 34 4
-0.154029 0.209248 0.748000 18 35 5
-0.152089 0.209248 0.748000 23 37 17
-0.150349 0.209528 0.749000 22 36 16
-0.057913 0.212605 0.760000 21 36 20
-0.056015 0.212885 0.761000 22 36 16
-0.054041 0.212885 0.761000 23 37 17
-0.052066 0.212885 0.761000 19 34 5
-0.050092 0.212885 0.761000 24 39 10
-0.048054 0.212605 0.760000 28 46 11
-0.046083 0.212605 0.760000 35 53 18
-0.044053 0.212325 0.759000 44 65 23
-0.042084 0.212325 0.759000 58 79 37
-0.040115 0.212325 0.759000 65 91 40
-0.038095 0.212046 0.758000 79 105 54
-0.036129 0.212046 0.758000 94 122 66
-0.034162 0.212046 0.758000 110 138 82
-0.032196 0.212046 0.758000 123 152 91
-0.030229 0.212046 0.758000 130 159 98
-0.028262 0.212046 0.758000 140 167 107
-0.026296 0.212046 0.758000 146 173 113
-0.024329 0.212046 0.758000 145 172 114
-0.022363 0.212046 0.758000 139 166 108
-0.020396 0.212046 0.758000 112 134 87
-0.018430 0.212046 0.758000 83 105 58
-0.016463 0.212046 0.758000 50 63 32
-0.014477 0.211766 0.757000 35 48 17
-0.012497 0.211486 0.756000 36 44 29
-0.182894 0.210909 0.747000 39 46 20
-0.180956 0.210909 0.747000 48 55 29
-0.179018 0.210909 0.747000 57 69 30
-0.177079 0.210909 0.747000 105 117 78
-0.175141 0.210909 0.747000 126 145 94
-0.173203 0.210909 0.747000 136 155 104
-0.171265 0.210909 0.747000 134 155 101
-0.169327 0.210909 0.747000 131 152 98
-0.167389 0.210909 0.747000 128 149 95
-0.165451 0.210909 0.747000 103 124 70
-0.163513 0.210909 0.747000 89 111 54
-0.161575 0.210909 0.747000 76 98 41
-0.159851 0.211191 0.748000 71 94 40
-0.157910 0.211191 0.748000 72 95 41
-0.155970 0.211191 0.748000 70 92 45
-0.154029 0.211191 0.748000 56 78 31
-0.152292 0.211474 0.749000 40 60 25
-0.150349 0.211474 0.749000 26 46 11
-0.148406 0.211474 0.749000 19 38 10
-0.146658 0.211756 0.750000 16 35 7
-0.144712 0.211756 0.750000 14 33 7
-0.142766 0.211756 0.750000 13 32 6
-0.141008 0.212038 0.751000 18 32 10
-0.139245 0.212321 0.752000 24 38 16
-0.137294 0.212321 0.752000 26 40 20
-0.071338 0.213450 0.756000 24 40 17
-0.069377 0.213450 0.756000 19 35 12
-0.067594 0.214015 0.758000 15 33 10
-0.065627 0.214015 0.758000 13 31 8
-0.063744 0.214297 0.759000 14 35 11
-0.061775 0.214297 0.759000 17 38 14
-0.059885 0.214579 0.760000 19 41 12
-0.057913 0.214579 0.760000 26 48 19
-0.056015 0.214862 0.761000 38 62 23
-0.054041 0.214862 0.761000 48 72 33
-0.052066 0.214862 0.761000 55 82 33
-0.050092 0.214862 0.761000 63 90 41
-0.048054 0.214579 0.760000 71 102 47
-0.046083 0.214579 0.760000 87 118 63
-0.044111 0.214579 0.760000 95 126 69
-0.042084 0.214297 0.759000 110 141 84
-0.040115 0.214297 0.759000 123 152 91
-0.038146 0.214297 0.759000 132 161 100
-0.036176 0.214297 0.759000 138 167 106
-0.034162 0.214015 0.758000 141 170 109
-0.032196 0.214015 0.758000 142 171 110
-0.030269 0.214297 0.759000 142 171 110
-0.028300 0.214297 0.759000 127 150 100
-0.026331 0.214297 0.759000 106 129 79
-0.024361 0.214297 0.759000 69 83 43
-0.022392 0.214297 0.759000 47 61 21
-0.020396 0.214015 0.758000 34 44 19
-0.018430 0.214015 0.758000 40 50 25
-0.177317 0.213135 0.748000 40 44 21
-0.175376 0.213135 0.748000 43 54 22
-0.173435 0.213135 0.748000 67 78 46
-0.171495 0.213135 0.748000 89 101 62
-0.169554 0.213135 0.748000 124 136 97
-0.167614 0.213135 0.748000 138 156 110
-0.165673 0.213135 0.748000 142 160 114
-0.163732 0.213135 0.748000 132 155 103
-0.161792 0.213135 0.748000 123 146 94
-0.159851 0.213135 0.748000 113 139 84
-0.157910 0.213135 0.748000 103 129 74
-0.155970 0.213135 0.748000 84 110 55
-0.154235 0.213419 0.749000 79 105 50
-0.152292 0.213419 0.749000 72 98 47
-0.150349 0.213419 0.749000 69 95 44
-0.148406 0.213419 0.749000 66 92 48
-0.146658 0.213704 0.750000 52 78 34
-0.144712 0.213704 0.750000 48 74 32
-0.142957 0.213989 0.751000 41 67 25
-0.141008 0.213989 0.751000 39 63 22
-0.139245 0.214274 0.752000 34 58 17
-0.137294 0.214274 0.752000 27 48 10
-0.135523 0.214559 0.753000 23 44 6
-0.133747 0.214844 0.754000 17 36 6
-0.131965 0.215129 0.755000 14 33 3
-0.130007 0.215129 0.755000 14 33 5
-0.128048 0.215129 0.755000 15 34 6
-0.126089 0.215129 0.755000 14 33 5
-0.124130 0.215129 0.755000 15 34 6
-0.122172 0.215129 0.755000 19 34 7
-0.120213 0.215129 0.755000 18 33 6
-0.118254 0.215129 0.755000 18 33 8
-0.116295 0.215129 0.755000 19 34 9
-0.114337 0.215129 0.755000 20 35 10
-0.112378 0.215129 0.755000 18 33 8
-0.110273 0.214844 0.754000 21 33 9
-0.108460 0.215129 0.755000 21 33 9
-0.106360 0.214844 0.754000 22 33 12
-0.104543 0.215129 0.755000 21 32 11
-0.102584 0.215129 0.755000 20 34 12
-0.100625 0.215129 0.755000 20 34 12
-0.098666 0.215129 0.755000 20 34 12
-0.096708 0.215129 0.755000 22 36 14
-0.094874 0.215414 0.756000 20 34 12
-0.092913 0.215414 0.756000 18 32 10
-0.090952 0.215414 0.756000 19 33 11
-0.088990 0.215414 0.756000 18 32 10
-0.087029 0.215414 0.756000 18 33 8
-0.085067 0.215414 0.756000 20 35 10
-0.083106 0.215414 0.756000 17 34 4
-0.081145 0.215414 0.756000 17 34 4
-0.079183 0.215414 0.756000 16 36 1
-0.077222 0.215414 0.756000 20 40 5
-0.075261 0.215414 0.756000 24 44 9
-0.073299 0.215414 0.756000 34 54 19
-0.071338 0.215414 0.756000 35 59 20
-0.069468 0.215699 0.757000 38 62 23
-0.067594 0.215984 0.758000 46 75 34
-0.065627 0.215984 0.758000 49 78 37
-0.063744 0.216269 0.759000 54 87 43
-0.061857 0.216554 0.760000 59 92 48
-0.059885 0.216554 0.760000 64 98 49
-0.057913 0.216554 0.760000 59 93 44
-0.056015 0.216839 0.761000 86 119 65
-0.054041 0.216839 0.761000 103 136 82
-0.052066 0.216839 0.761000 108 142 81
-0.050092 0.216839 0.761000 116 150 89
-0.048118 0.216839 0.761000 123 157 94
-0.046083 0.216554 0.760000 128 162 99
-0.044111 0.216554 0.760000 133 167 106
-0.042139 0.216554 0.760000 137 171 110
-0.040115 0.216269 0.759000 143 175 115
-0.038146 0.216269 0.759000 136 168 108
-0.036176 0.216269 0.759000 132 153 99
-0.034207 0.216269 0.759000 107 128 74
-0.032238 0.216269 0.759000 77 95 49
-0.030269 0.216269 0.759000 62 80 34
-0.028300 0.216269 0.759000 42 55 22
-0.026331 0.216269 0.759000 39 52 19
-0.171724 0.215365 0.749000 45 48 27
-0.169781 0.215365 0.749000 46 49 28
-0.167838 0.215365 0.749000 56 64 33
-0.165894 0.215365 0.749000 85 93 62
-0.163951 0.215365 0.749000 101 118 77
-0.162008 0.215365 0.749000 122 139 98
-0.160065 0.215365 0.749000 137 158 108
-0.158122 0.215365 0.749000 142 163 113
-0.156178 0.215365 0.749000 141 164 110
-0.154441 0.215653 0.750000 129 152 98
-0.152495 0.215653 0.750000 119 145 90
-0.150549 0.215653 0.750000 109 135 80
-0.148604 0.215653 0.750000 111 139 85
-0.146658 0.215653 0.750000 85 113 59
-0.144905 0.215940 0.751000 70 98 44
-0.143147 0.216228 0.752000 80 108 54
-0.141196 0.216228 0.752000 73 101 45
-0.139430 0.216515 0.753000 63 91 35
-0.137477 0.216515 0.753000 67 93 40
-0.135703 0.216803 0.754000 63 89 36
-0.133747 0.216803 0.754000 58 85 38
-0.131965 0.217090 0.755000 60 87 40
-0.130007 0.217090 0.755000 59 85 41
-0.128048 0.217090 0.755000 51 77 33
-0.126089 0.217090 0.755000 40 66 24
-0.124130 0.217090 0.755000 37 63 21
-0.122010 0.216803 0.754000 33 59 17
-0.120054 0.216803 0.754000 31 57 15
-0.118097 0.216803 0.754000 31 57 15
-0.116141 0.216803 0.754000 27 53 11
-0.114185 0.216803 0.754000 27 53 13
-0.112229 0.216803 0.754000 27 53 13
-0.110273 0.216803 0.754000 31 54 18
-0.108460 0.217090 0.755000 26 49 13
-0.106360 0.216803 0.754000 28 51 17
-0.104404 0.216803 0.754000 28 51 17
-0.102584 0.217090 0.755000 28 51 17
-0.100625 0.217090 0.755000 27 50 16
-0.098666 0.217090 0.755000 28 53 18
-0.096708 0.217090 0.755000 33 58 23
-0.094874 0.217378 0.756000 37 62 25
-0.092913 0.217378 0.756000 38 63 26
-0.090952 0.217378 0.756000 35 61 21
-0.089108 0.217666 0.757000 42 68 28
-0.087144 0.217666 0.757000 49 76 29
-0.085067 0.217378 0.756000 48 75 28
-0.083106 0.217378 0.756000 56 84 32
-0.081145 0.217378 0.756000 62 90 38
-0.079183 0.217378 0.756000 63 91 37
-0.077222 0.217378 0.756000 67 95 41
-0.075261 0.217378 0.756000 69 97 43
-0.073299 0.217378 0.756000 74 102 48
-0.071338 0.217378 0.756000 77 105 51
-0.069468 0.217666 0.757000 88 116 62
-0.067594 0.217953 0.758000 89 122 66
-0.065714 0.218241 0.759000 96 129 73
-0.063744 0.218241 0.759000 103 138 82
-0.061857 0.218528 0.760000 117 152 96
-0.059885 0.218528 0.760000 109 147 90
-0.057913 0.218528 0.760000 115 153 96
-0.056015 0.218816 0.761000 129 164 106
-0.054041 0.218816 0.761000 136 171 113
-0.052066 0.218816 0.761000 142 173 116
-0.050092 0.218816 0.761000 142 173 116
-0.048118 0.218816 0.761000 140 168 112
-0.046083 0.218528 0.760000 134 162 106
-0.044111 0.218528 0.760000 110 138 84
-0.042139 0.218528 0.760000 96 124 70
-0.040168 0.218528 0.760000 83 103 58
-0.038196 0.218528 0.760000 53 73 28
-0.036176 0.218241 0.759000 46 55 21
-0.034207 0.218241 0.759000 41 50 16
-0.032238 0.218241 0.759000 41 48 22
-0.164170 0.217601 0.750000 39 43 22
-0.162224 0.217601 0.750000 39 43 22
-0.160278 0.217601 0.750000 44 55 23
-0.158333 0.217601 0.750000 57 68 36
-0.156387 0.217601 0.750000 82 99 58
-0.154441 0.217601 0.750000 109 126 85
-0.152699 0.217891 0.751000 119 141 94
-0.150750 0.217891 0.751000 128 150 103
-0.148802 0.217891 0.751000 133 159 106
-0.147049 0.218181 0.752000 132 158 105
-0.145098 0.218181 0.752000 133 160 102
-0.143147 0.218181 0.752000 137 164 106
-0.141384 0.218472 0.753000 136 165 106
-0.139430 0.218472 0.753000 131 160 101
-0.137659 0.218762 0.754000 111 140 81
-0.135703 0.218762 0.754000 102 131 72
-0.133924 0.219052 0.755000 98 126 72
-0.131965 0.219052 0.755000 104 132 78
-0.130007 0.219052 0.755000 79 110 57
-0.128048 0.219052 0.755000 81 112 59
-0.126089 0.219052 0.755000 87 118 61
-0.124130 0.219052 0.755000 92 123 66
-0.122010 0.218762 0.754000 90 119 60
-0.120054 0.218762 0.754000 75 104 45
-0.118097 0.218762 0.754000 81 113 53
-0.116141 0.218762 0.754000 85 117 57
-0.114185 0.218762 0.754000 79 110 55
-0.112229 0.218762 0.754000 71 102 47
-0.110273 0.218762 0.754000 75 103 51
-0.108460 0.219052 0.755000 76 104 52
-0.106360 0.218762 0.754000 74 102 50
-0.104543 0.219052 0.755000 74 102 50
-0.102584 0.219052 0.755000 74 102 50
-0.100625 0.219052 0.755000 77 105 53
-0.098666 0.219052 0.755000 76 104 52
-0.096836 0.219342 0.756000 69 97 45
-0.094874 0.219342 0.756000 71 102 49
-0.092913 0.219342 0.756000 83 114 61
-0.091072 0.219632 0.757000 96 128 68
-0.089108 0.219632 0.757000 104 136 76
-0.087144 0.219632 0.757000 102 134 70
-0.085180 0.219632 0.757000 107 139 75
-0.083106 0.219342 0.756000 115 147 83
-0.081145 0.219342 0.756000 116 148 84
-0.079183 0.219342 0.756000 122 154 90
-0.077222 0.219342 0.756000 127 159 95
-0.075261 0.219342 0.756000 128 160 98
-0.073299 0.219342 0.756000 123 155 93
-0.071338 0.219342 0.756000 134 166 104
-0.069468 0.219632 0.757000 137 169 107
-0.067594 0.219922 0.758000 138 170 108
-0.065627 0.219922 0.758000 137 169 107
-0.063744 0.220212 0.759000 139 168 109
-0.061775 0.220212 0.759000 140 169 110
-0.059885 0.220502 0.760000 131 162 107
-0.057913 0.220502 0.760000 121 152 97
-0.055941 0.220502 0.760000 117 144 95
-0.053970 0.220502 0.760000 106 133 84
-0.051998 0.220502 0.760000 83 102 60
-0.050026 0.220502 0.760000 57 76 34
-0.048118 0.220793 0.761000 50 64 26
-0.046083 0.220502 0.760000 42 56 18
-0.044111 0.220502 0.760000 35 48 17
-0.042139 0.220502 0.760000 35 48 17
-0.040168 0.220502 0.760000 38 49 28
-0.154853 0.220135 0.752000 34 41 19
-0.152902 0.220135 0.752000 33 44 14
-0.150951 0.220135 0.752000 43 54 24
-0.149000 0.220135 0.752000 60 74 36
-0.147245 0.220428 0.753000 71 85 47
-0.145291 0.220428 0.753000 85 107 62
-0.143528 0.220720 0.754000 111 133 88
-0.141572 0.220720 0.754000 123 150 103
-0.139801 0.221013 0.755000 129 156 109
-0.137842 0.221013 0.755000 131 161 113
-0.135883 0.221013 0.755000 134 164 116
-0.133924 0.221013 0.755000 132 162 112
-0.131965 0.221013 0.755000 134 164 114
-0.130007 0.221013 0.755000 141 169 115
-0.128048 0.221013 0.755000 137 165 111
-0.126089 0.221013 0.755000 133 160 100
-0.124130 0.221013 0.755000 135 162 102
-0.122010 0.220720 0.754000 136 160 99
-0.120054 0.220720 0.754000 136 160 99
-0.118097 0.220720 0.754000 134 161 99
-0.116141 0.220720 0.754000 133 160 98
-0.114185 0.220720 0.754000 127 154 92
-0.112229 0.220720 0.754000 119 146 84
-0.110419 0.221013 0.755000 120 147 85
-0.108460 0.221013 0.755000 116 143 81
-0.106501 0.221013 0.755000 122 146 85
-0.104543 0.221013 0.755000 123 147 86
-0.102584 0.221013 0.755000 123 147 88
-0.100758 0.221306 0.756000 132 156 97
-0.098797 0.221306 0.756000 133 157 98
-0.096836 0.221306 0.756000 129 153 94
-0.094874 0.221306 0.756000 132 156 97
-0.093036 0.221599 0.757000 139 163 104
-0.091192 0.221891 0.758000 141 165 104
-0.089226 0.221891 0.758000 139 163 102
-0.087259 0.221891 0.758000 139 167 102
-0.085180 0.221599 0.757000 139 167 102
-0.083216 0.221599 0.757000 139 168 105
-0.081252 0.221599 0.757000 139 168 105
-0.079183 0.221306 0.756000 140 169 110
-0.077324 0.221599 0.757000 137 166 107
-0.075261 0.221306 0.756000 131 162 107
-0.073299 0.221306 0.756000 128 159 104
-0.071338 0.221306 0.756000 121 151 101
-0.069468 0.221599 0.757000 110 140 90
-0.067594 0.221891 0.758000 93 119 68
-0.065627 0.221891 0.758000 75 101 50
-0.063660 0.221891 0.758000 75 90 47
-0.061775 0.222184 0.759000 64 79 36
-0.059806 0.222184 0.759000 50 67 30
-0.057837 0.222184 0.759000 40 57 20
-0.055868 0.222184 0.759000 38 53 24
-0.053970 0.222477 0.760000 38 53 24
-0.051998 0.222477 0.760000 40 50 27
-0.145677 0.222975 0.755000 29 46 20
-0.143718 0.222975 0.755000 26 43 17
-0.141759 0.222975 0.755000 26 45 19
-0.139801 0.222975 0.755000 29 48 22
-0.137842 0.222975 0.755000 29 51 20
-0.135883 0.222975 0.755000 38 60 29
-0.133924 0.222975 0.755000 55 75 40
-0.131965 0.222975 0.755000 72 92 57
-0.130007 0.222975 0.755000 84 101 60
-0.128048 0.222975 0.755000 94 111 70
-0.126089 0.222975 0.755000 100 115 70
-0.124130 0.222975 0.755000 106 121 76
-0.122172 0.222975 0.755000 115 129 80
-0.120213 0.222975 0.755000 118 132 83
-0.118254 0.222975 0.755000 118 137 86
-0.116295 0.222975 0.755000 123 142 91
-0.114337 0.222975 0.755000 123 142 91
-0.112378 0.222975 0.755000 124 143 92
-0.110419 0.222975 0.755000 129 148 97
-0.108460 0.222975 0.755000 129 148 97
-0.106501 0.222975 0.755000 129 148 97
-0.104543 0.222975 0.755000 128 147 96
-0.102720 0.223270 0.756000 129 148 97
-0.100758 0.223270 0.756000 128 147 96
-0.098797 0.223270 0.756000 125 141 91
-0.096836 0.223270 0.756000 121 137 87
-0.095000 0.223565 0.757000 116 132 82
-0.093036 0.223565 0.757000 112 128 78
-0.091192 0.223861 0.758000 109 125 75
-0.089226 0.223861 0.758000 105 121 71
-0.087259 0.223861 0.758000 99 113 62
-0.085293 0.223861 0.758000 92 106 55
-0.083326 0.223861 0.758000 85 101 53
-0.081359 0.223861 0.758000 70 86 38
-0.079288 0.223565 0.757000 55 72 31
-0.077426 0.223861 0.758000 50 67 26
-0.075460 0.223861 0.758000 38 58 23
-0.073493 0.223861 0.758000 36 56 21
-0.071432 0.223565 0.757000 34 53 23
-0.069560 0.223861 0.758000 30 49 19
-0.067594 0.223861 0.758000 32 47 18
-0.065627 0.223861 0.758000 39 54 25
-0.128218 0.225234 0.756000 31 38 14
-0.126256 0.225234 0.756000 34 42 13
-0.124295 0.225234 0.756000 34 42 13
-0.122333 0.225234 0.756000 37 42 12
-0.120213 0.224936 0.755000 39 44 14
-0.118411 0.225234 0.756000 37 45 14
-0.116449 0.225234 0.756000 37 45 14
-0.114488 0.225234 0.756000 38 46 15
-0.112527 0.225234 0.756000 42 50 19
-0.110565 0.225234 0.756000 41 49 18
-0.108460 0.224936 0.755000 41 49 18
-0.106501 0.224936 0.755000 42 50 19
-0.104543 0.224936 0.755000 43 51 20
-0.102720 0.225234 0.756000 44 53 19
-0.100758 0.225234 0.756000 44 53 19
-0.098797 0.225234 0.756000 45 53 22
-0.096836 0.225234 0.756000 43 51 20
-0.095000 0.225532 0.757000 41 49 18
-0.093036 0.225532 0.757000 41 49 18
-0.091192 0.225830 0.758000 43 48 20
-0.089226 0.225830 0.758000 41 46 18
-0.087259 0.225830 0.758000 45 50 22
-0.085293 0.225830 0.758000 43 48 20
