ply
format ascii 1.0
element vertex 3017
property float x
property float y
property float z
property uchar red
property uchar green
property uchar blue
end_header
-0.060108 -0.155381 0.655000 92 114 94
-0.058409 -0.155381 0.655000 93 112 86
-0.056709 -0.155381 0.655000 91 110 84
-0.054926 -0.155144 0.654000 95 112 82
-0.053229 -0.155144 0.654000 95 112 82
-0.051533 -0.155144 0.654000 95 110 81
-0.049836 -0.155144 0.654000 91 106 77
-0.048139 -0.155144 0.654000 89 106 76
-0.046442 -0.155144 0.654000 89 106 76
-0.044677 -0.154907 0.653000 90 107 77
-0.042983 -0.154907 0.653000 88 105 75
-0.041289 -0.154907 0.653000 86 103 73
-0.039595 -0.154907 0.653000 93 110 80
-0.037843 -0.154670 0.652000 91 110 80
-0.036151 -0.154670 0.652000 91 110 80
-0.034407 -0.154432 0.651000 92 111 81
-0.032718 -0.154432 0.651000 93 112 82
-0.031076 -0.154670 0.652000 93 112 82
-0.029385 -0.154670 0.652000 95 114 84
-0.027693 -0.154670 0.652000 95 112 84
-0.026002 -0.154670 0.652000 97 114 86
-0.024310 -0.154670 0.652000 102 119 91
-0.022653 -0.154907 0.653000 107 124 96
-0.020959 -0.154907 0.653000 111 128 102
-0.019265 -0.154907 0.653000 111 128 102
-0.017571 -0.154907 0.653000 110 126 103
-0.073703 -0.153680 0.655000 112 120 107
-0.072003 -0.153680 0.655000 108 117 99
-0.070304 -0.153680 0.655000 100 109 91
-0.068605 -0.153680 0.655000 93 104 83
-0.066905 -0.153680 0.655000 88 99 78
-0.065206 -0.153680 0.655000 79 100 76
-0.063507 -0.153680 0.655000 83 104 80
-0.061807 -0.153680 0.655000 87 111 83
-0.060108 -0.153680 0.655000 88 112 84
-0.058409 -0.153680 0.655000 87 111 81
-0.056709 -0.153680 0.655000 85 109 79
-0.055010 -0.153680 0.655000 86 109 75
-0.053311 -0.153680 0.655000 86 109 75
-0.051533 -0.153445 0.654000 86 109 75
-0.049836 -0.153445 0.654000 83 106 72
-0.048139 -0.153445 0.654000 79 102 66
-0.046442 -0.153445 0.654000 79 102 66
-0.044746 -0.153445 0.654000 79 103 64
-0.042983 -0.153210 0.653000 84 108 69
-0.041289 -0.153210 0.653000 84 108 69
-0.039595 -0.153210 0.653000 82 106 67
-0.037843 -0.152976 0.652000 79 103 64
-0.036151 -0.152976 0.652000 83 107 68
-0.034407 -0.152741 0.651000 83 108 71
-0.032718 -0.152741 0.651000 85 110 73
-0.031029 -0.152741 0.651000 85 110 73
-0.029385 -0.152976 0.652000 85 110 73
-0.027693 -0.152976 0.652000 85 110 73
-0.026002 -0.152976 0.652000 89 114 77
-0.024310 -0.152976 0.652000 89 114 79
-0.022619 -0.152976 0.652000 85 110 75
-0.020927 -0.152976 0.652000 84 109 74
-0.019236 -0.152976 0.652000 87 112 77
-0.017571 -0.153210 0.653000 89 111 80
-0.015877 -0.153210 0.653000 90 112 81
-0.014183 -0.153210 0.653000 97 116 90
-0.012489 -0.153210 0.653000 104 123 97
-0.010811 -0.153445 0.654000 111 127 104
-0.009114 -0.153445 0.654000 115 131 108
-0.082074 -0.151746 0.654000 107 121 101
-0.080377 -0.151746 0.654000 94 108 88
-0.078680 -0.151746 0.654000 86 102 79
-0.077101 -0.151978 0.655000 80 96 73
-0.075402 -0.151978 0.655000 79 95 72
-0.073703 -0.151978 0.655000 81 97 74
-0.072003 -0.151978 0.655000 88 103 78
-0.070304 -0.151978 0.655000 87 102 77
-0.068709 -0.152210 0.656000 87 102 75
-0.067007 -0.152210 0.656000 87 102 75
-0.065306 -0.152210 0.656000 86 104 71
-0.063604 -0.152210 0.656000 85 103 70
-0.061807 -0.151978 0.655000 79 99 64
-0.060200 -0.152210 0.656000 81 101 66
-0.058498 -0.152210 0.656000 81 104 68
-0.056709 -0.151978 0.655000 81 104 68
-0.055010 -0.151978 0.655000 83 108 71
-0.053311 -0.151978 0.655000 94 119 82
-0.051611 -0.151978 0.655000 92 117 80
-0.049836 -0.151746 0.654000 88 113 76
-0.048139 -0.151746 0.654000 95 120 83
-0.046442 -0.151746 0.654000 92 117 80
-0.044746 -0.151746 0.654000 95 119 80
-0.042983 -0.151514 0.653000 90 114 75
-0.041289 -0.151514 0.653000 86 110 71
-0.039595 -0.151514 0.653000 88 112 73
-0.037901 -0.151514 0.653000 85 111 71
-0.036151 -0.151282 0.652000 81 107 67
-0.034459 -0.151282 0.652000 77 103 63
-0.032718 -0.151050 0.651000 78 104 64
-0.031029 -0.151050 0.651000 80 105 68
-0.029385 -0.151282 0.652000 78 103 66
-0.027693 -0.151282 0.652000 76 102 62
-0.026002 -0.151282 0.652000 82 108 68
-0.024310 -0.151282 0.652000 81 107 67
-0.022619 -0.151282 0.652000 83 109 69
-0.020927 -0.151282 0.652000 84 110 70
-0.019236 -0.151282 0.652000 87 113 73
-0.017571 -0.151514 0.653000 88 113 76
-0.015877 -0.151514 0.653000 90 115 78
-0.014183 -0.151514 0.653000 91 114 80
-0.012489 -0.151514 0.653000 90 113 79
-0.010811 -0.151746 0.654000 89 111 80
-0.009114 -0.151746 0.654000 91 113 82
-0.007417 -0.151746 0.654000 101 118 90
-0.005721 -0.151746 0.654000 106 123 95
-0.004024 -0.151746 0.654000 116 132 109
-0.002327 -0.151746 0.654000 116 132 109
-0.088725 -0.149818 0.653000 99 110 89
-0.087031 -0.149818 0.653000 95 106 85
-0.085337 -0.149818 0.653000 89 104 79
-0.083771 -0.150047 0.654000 90 105 80
-0.082074 -0.150047 0.654000 87 104 76
-0.080377 -0.150047 0.654000 85 102 74
-0.078801 -0.150277 0.655000 83 102 72
-0.077101 -0.150277 0.655000 80 99 69
-0.075402 -0.150277 0.655000 80 99 69
-0.073703 -0.150277 0.655000 87 106 76
-0.072113 -0.150506 0.656000 87 106 76
-0.070411 -0.150506 0.656000 91 110 80
-0.068709 -0.150506 0.656000 101 119 86
-0.067007 -0.150506 0.656000 102 120 87
-0.065405 -0.150735 0.657000 108 126 91
-0.063701 -0.150735 0.657000 107 125 90
-0.061902 -0.150506 0.656000 116 134 99
-0.060200 -0.150506 0.656000 122 140 105
-0.058498 -0.150506 0.656000 120 140 105
-0.056796 -0.150506 0.656000 116 136 101
-0.055094 -0.150506 0.656000 113 133 100
-0.053311 -0.150277 0.655000 116 136 103
-0.051611 -0.150277 0.655000 113 132 102
-0.049912 -0.150277 0.655000 111 130 100
-0.048213 -0.150277 0.655000 115 134 104
-0.046442 -0.150047 0.654000 115 134 104
-0.044746 -0.150047 0.654000 116 136 103
-0.043049 -0.150047 0.654000 116 136 103
-0.041289 -0.149818 0.653000 118 138 105
-0.039595 -0.149818 0.653000 119 139 106
-0.037901 -0.149818 0.653000 110 133 99
-0.036206 -0.149818 0.653000 113 136 102
-0.034459 -0.149588 0.652000 118 140 109
-0.032768 -0.149588 0.652000 117 139 108
-0.031076 -0.149588 0.652000 116 138 107
-0.029385 -0.149588 0.652000 116 138 107
-0.027693 -0.149588 0.652000 114 137 103
-0.026002 -0.149588 0.652000 110 133 99
-0.024310 -0.149588 0.652000 104 127 93
-0.022619 -0.149588 0.652000 99 122 88
-0.020927 -0.149588 0.652000 99 122 86
-0.019236 -0.149588 0.652000 97 120 84
-0.017571 -0.149818 0.653000 91 114 78
-0.015877 -0.149818 0.653000 85 108 72
-0.014183 -0.149818 0.653000 84 107 71
-0.012489 -0.149818 0.653000 86 109 73
-0.010811 -0.150047 0.654000 86 109 73
-0.009114 -0.150047 0.654000 88 111 75
-0.007417 -0.150047 0.654000 88 111 75
-0.005721 -0.150047 0.654000 86 109 73
-0.004024 -0.150047 0.654000 90 112 81
-0.002331 -0.150277 0.655000 96 118 87
-0.000630 -0.150047 0.654000 88 112 82
0.001066 -0.150047 0.654000 95 119 89
0.002763 -0.150047 0.654000 106 125 99
0.004460 -0.150047 0.654000 112 131 105
-0.093807 -0.148121 0.653000 97 111 91
-0.092113 -0.148121 0.653000 88 105 79
-0.090419 -0.148121 0.653000 88 105 79
-0.088725 -0.148121 0.653000 93 110 80
-0.087031 -0.148121 0.653000 87 104 74
-0.085467 -0.148348 0.654000 83 103 70
-0.083771 -0.148348 0.654000 81 101 68
-0.082074 -0.148348 0.654000 81 104 70
-0.080377 -0.148348 0.654000 82 105 71
-0.078801 -0.148575 0.655000 87 112 77
-0.077101 -0.148575 0.655000 98 123 88
-0.075402 -0.148575 0.655000 110 132 101
-0.073815 -0.148802 0.656000 107 129 98
-0.072113 -0.148802 0.656000 123 142 112
-0.070519 -0.149029 0.657000 123 142 112
-0.068814 -0.149029 0.657000 123 140 110
-0.067110 -0.149029 0.657000 121 138 108
-0.065405 -0.149029 0.657000 120 138 105
-0.063701 -0.149029 0.657000 115 133 100
-0.061996 -0.149029 0.657000 116 132 100
-0.024347 -0.148121 0.653000 123 138 113
-0.022653 -0.148121 0.653000 123 138 113
-0.020959 -0.148121 0.653000 125 140 113
-0.019265 -0.148121 0.653000 123 138 111
-0.017571 -0.148121 0.653000 112 131 103
-0.015877 -0.148121 0.653000 104 123 95
-0.014183 -0.148121 0.653000 97 116 86
-0.012489 -0.148121 0.653000 100 119 89
-0.010811 -0.148348 0.654000 93 116 82
-0.009114 -0.148348 0.654000 93 116 82
-0.007417 -0.148348 0.654000 85 108 74
-0.005721 -0.148348 0.654000 83 106 72
-0.004024 -0.148348 0.654000 73 101 65
-0.002331 -0.148575 0.655000 79 107 71
-0.000631 -0.148575 0.655000 83 111 75
0.001068 -0.148575 0.655000 86 114 78
0.002763 -0.148348 0.654000 89 112 78
0.004460 -0.148348 0.654000 84 107 73
0.006156 -0.148348 0.654000 95 114 84
0.007853 -0.148348 0.654000 101 120 90
0.009550 -0.148348 0.654000 113 130 104
0.011247 -0.148348 0.654000 120 137 111
-0.100584 -0.146425 0.653000 105 113 100
-0.098890 -0.146425 0.653000 96 112 89
-0.097196 -0.146425 0.653000 85 101 78
-0.095501 -0.146425 0.653000 76 98 69
-0.093807 -0.146425 0.653000 72 94 65
-0.092113 -0.146425 0.653000 73 97 65
-0.090419 -0.146425 0.653000 75 99 67
-0.088725 -0.146425 0.653000 83 106 70
-0.087164 -0.146649 0.654000 78 101 65
-0.085467 -0.146649 0.654000 83 106 70
-0.083771 -0.146649 0.654000 99 122 86
-0.082074 -0.146649 0.654000 112 135 99
-0.080377 -0.146649 0.654000 121 144 108
-0.078801 -0.146873 0.655000 120 142 111
-0.077101 -0.146873 0.655000 117 139 108
-0.075517 -0.147098 0.656000 118 140 111
-0.015901 -0.146649 0.654000 132 143 124
-0.014204 -0.146649 0.654000 126 140 118
-0.012508 -0.146649 0.654000 124 138 116
-0.010811 -0.146649 0.654000 120 137 111
-0.009114 -0.146649 0.654000 114 131 105
-0.007417 -0.146649 0.654000 106 128 99
-0.005729 -0.146873 0.655000 111 133 104
-0.004030 -0.146873 0.655000 96 120 88
-0.002331 -0.146873 0.655000 88 112 80
-0.000631 -0.146873 0.655000 82 110 74
0.001068 -0.146873 0.655000 86 114 78
0.002767 -0.146873 0.655000 88 111 75
0.004467 -0.146873 0.655000 89 112 76
0.006166 -0.146873 0.655000 88 111 75
0.007865 -0.146873 0.655000 89 112 76
0.009565 -0.146873 0.655000 85 108 74
0.011264 -0.146873 0.655000 89 112 78
0.012963 -0.146873 0.655000 95 117 88
0.014663 -0.146873 0.655000 89 111 82
0.016362 -0.146873 0.655000 123 139 118
0.018061 -0.146873 0.655000 127 143 122
-0.105828 -0.144950 0.654000 110 121 102
-0.104131 -0.144950 0.654000 102 113 94
-0.102435 -0.144950 0.654000 89 105 82
-0.100738 -0.144950 0.654000 88 104 81
-0.098890 -0.144729 0.653000 83 105 76
-0.097196 -0.144729 0.653000 75 97 68
-0.095501 -0.144729 0.653000 75 98 64
-0.093807 -0.144729 0.653000 78 101 67
-0.092113 -0.144729 0.653000 85 108 72
-0.090557 -0.144950 0.654000 100 123 87
-0.088861 -0.144950 0.654000 104 127 91
-0.087164 -0.144950 0.654000 114 137 101
-0.085467 -0.144950 0.654000 123 146 112
-0.083771 -0.144950 0.654000 128 151 117
-0.082074 -0.144950 0.654000 116 135 105
-0.007429 -0.145172 0.655000 129 143 123
-0.005729 -0.145172 0.655000 128 142 122
-0.004030 -0.145172 0.655000 122 140 117
-0.002334 -0.145394 0.656000 116 134 111
-0.000631 -0.145172 0.655000 113 132 106
0.001068 -0.145172 0.655000 107 126 100
0.002767 -0.145172 0.655000 102 122 89
0.004467 -0.145172 0.655000 99 119 86
0.006166 -0.145172 0.655000 86 109 73
0.007865 -0.145172 0.655000 83 106 70
0.009565 -0.145172 0.655000 86 109 73
0.011264 -0.145172 0.655000 90 113 77
0.012963 -0.145172 0.655000 89 112 76
0.014663 -0.145172 0.655000 89 112 76
0.016362 -0.145172 0.655000 92 111 81
0.018061 -0.145172 0.655000 95 114 84
0.019761 -0.145172 0.655000 101 120 94
0.021460 -0.145172 0.655000 111 130 104
0.023159 -0.145172 0.655000 125 139 117
0.024859 -0.145172 0.655000 128 142 120
-0.109389 -0.143470 0.655000 90 105 78
-0.107689 -0.143470 0.655000 83 98 71
-0.105990 -0.143470 0.655000 86 103 75
-0.104131 -0.143251 0.654000 82 99 71
-0.102435 -0.143251 0.654000 77 99 70
-0.100738 -0.143251 0.654000 78 100 71
-0.099041 -0.143251 0.654000 86 109 73
-0.097344 -0.143251 0.654000 93 116 80
-0.095648 -0.143251 0.654000 106 126 91
-0.093951 -0.143251 0.654000 118 138 103
-0.092254 -0.143251 0.654000 128 148 113
-0.090557 -0.143251 0.654000 123 143 108
-0.088861 -0.143251 0.654000 116 136 103
-0.087164 -0.143251 0.654000 121 141 108
-0.085467 -0.143251 0.654000 127 144 118
-0.000632 -0.143689 0.656000 134 144 130
0.001071 -0.143908 0.657000 135 145 131
0.002776 -0.143908 0.657000 130 146 125
0.004473 -0.143689 0.656000 122 138 117
0.006185 -0.143908 0.657000 118 137 107
0.007877 -0.143689 0.656000 116 135 105
0.009579 -0.143689 0.656000 106 126 93
0.011281 -0.143689 0.656000 98 118 85
0.012983 -0.143689 0.656000 92 112 77
0.014663 -0.143470 0.655000 91 111 76
0.016362 -0.143470 0.655000 92 110 75
0.018061 -0.143470 0.655000 93 111 76
0.019761 -0.143470 0.655000 91 111 76
0.021460 -0.143470 0.655000 91 111 76
0.023159 -0.143470 0.655000 93 113 80
0.024859 -0.143470 0.655000 98 118 85
0.026558 -0.143470 0.655000 106 123 93
0.028257 -0.143470 0.655000 110 127 97
0.029957 -0.143470 0.655000 125 140 115
-0.112959 -0.141985 0.656000 110 122 96
-0.111088 -0.141769 0.655000 93 105 79
-0.109556 -0.141985 0.656000 81 99 64
-0.107689 -0.141769 0.655000 82 100 65
-0.105990 -0.141769 0.655000 77 97 64
-0.104291 -0.141769 0.655000 83 103 70
-0.102591 -0.141769 0.655000 88 111 77
-0.100738 -0.141552 0.654000 98 121 87
-0.099041 -0.141552 0.654000 114 134 101
-0.097344 -0.141552 0.654000 125 145 112
-0.095648 -0.141552 0.654000 127 145 110
-0.093951 -0.141552 0.654000 122 140 105
-0.092254 -0.141552 0.654000 125 140 111
0.004480 -0.142202 0.657000 135 143 132
0.006185 -0.142202 0.657000 134 144 128
0.007889 -0.142202 0.657000 134 144 128
0.009594 -0.142202 0.657000 129 144 119
0.011298 -0.142202 0.657000 124 139 114
0.013003 -0.142202 0.657000 116 131 102
0.014707 -0.142202 0.657000 109 124 95
0.016387 -0.141985 0.656000 103 119 85
0.018061 -0.141769 0.655000 97 113 79
0.019761 -0.141769 0.655000 95 114 76
0.021460 -0.141769 0.655000 94 113 75
0.023159 -0.141769 0.655000 95 116 76
0.024859 -0.141769 0.655000 93 114 74
0.026517 -0.141552 0.654000 93 114 76
0.028257 -0.141769 0.655000 102 123 85
0.029957 -0.141769 0.655000 103 121 88
0.031656 -0.141769 0.655000 115 133 100
0.033355 -0.141769 0.655000 120 130 105
0.035108 -0.141985 0.656000 129 139 114
-0.116541 -0.140495 0.657000 92 104 80
-0.114661 -0.140281 0.656000 91 103 79
-0.112959 -0.140281 0.656000 83 100 61
-0.111258 -0.140281 0.656000 83 100 61
-0.109556 -0.140281 0.656000 80 101 61
-0.108018 -0.140495 0.657000 95 116 76
-0.106152 -0.140281 0.656000 102 126 87
-0.104450 -0.140281 0.656000 113 137 98
-0.102591 -0.140067 0.655000 116 139 105
-0.100892 -0.140067 0.655000 114 137 103
-0.099193 -0.140067 0.655000 117 134 106
-0.097493 -0.140067 0.655000 115 132 104
0.013023 -0.140709 0.658000 135 144 126
0.014707 -0.140495 0.657000 136 145 127
0.016412 -0.140495 0.657000 130 142 116
0.018116 -0.140495 0.657000 114 126 100
0.019761 -0.140067 0.655000 105 121 89
0.021460 -0.140067 0.655000 100 116 84
0.023159 -0.140067 0.655000 95 114 76
0.024859 -0.140067 0.655000 95 114 76
0.026558 -0.140067 0.655000 97 116 78
0.028257 -0.140067 0.655000 97 116 78
0.029957 -0.140067 0.655000 93 112 74
0.031656 -0.140067 0.655000 95 114 76
0.033406 -0.140281 0.656000 107 120 89
0.035162 -0.140495 0.657000 109 122 91
0.036866 -0.140495 0.657000 107 118 97
0.038571 -0.140495 0.657000 118 129 108
-0.120132 -0.138999 0.658000 88 103 85
-0.118245 -0.138788 0.657000 85 100 82
-0.116541 -0.138788 0.657000 80 100 67
-0.115011 -0.138999 0.658000 80 100 67
-0.113132 -0.138788 0.657000 85 106 64
-0.111427 -0.138788 0.657000 95 116 74
-0.109723 -0.138788 0.657000 106 130 89
-0.108018 -0.138788 0.657000 113 137 96
-0.106314 -0.138788 0.657000 121 144 108
-0.104609 -0.138788 0.657000 120 143 107
-0.102905 -0.138788 0.657000 119 138 108
-0.101046 -0.138577 0.656000 118 137 107
0.018116 -0.138788 0.657000 140 145 131
0.019821 -0.138788 0.657000 138 147 127
0.021493 -0.138577 0.656000 129 138 118
0.023195 -0.138577 0.656000 117 129 101
0.024859 -0.138366 0.655000 109 121 93
0.026558 -0.138366 0.655000 102 118 86
0.028257 -0.138366 0.655000 95 111 79
0.030002 -0.138577 0.656000 89 105 73
0.031704 -0.138577 0.656000 91 107 75
0.033457 -0.138788 0.657000 95 111 79
0.035162 -0.138788 0.657000 97 113 81
0.036866 -0.138788 0.657000 98 113 84
0.038571 -0.138788 0.657000 98 113 84
0.040275 -0.138788 0.657000 108 124 101
0.041980 -0.138788 0.657000 114 130 107
-0.123734 -0.137499 0.659000 94 110 87
-0.122025 -0.137499 0.659000 79 95 72
-0.120315 -0.137499 0.659000 77 101 69
-0.118605 -0.137499 0.659000 74 98 66
-0.116895 -0.137499 0.659000 77 101 60
-0.115011 -0.137290 0.658000 91 115 74
-0.113304 -0.137290 0.658000 110 134 93
-0.111597 -0.137290 0.658000 118 142 101
-0.109890 -0.137290 0.658000 115 140 103
-0.108182 -0.137290 0.658000 115 140 103
-0.106475 -0.137290 0.658000 117 139 108
0.024896 -0.136873 0.656000 134 139 125
0.026598 -0.136873 0.656000 126 135 115
0.028300 -0.136873 0.656000 122 131 111
0.030048 -0.137081 0.657000 114 126 100
0.031752 -0.137081 0.657000 105 117 91
0.033457 -0.137081 0.657000 94 110 78
0.035162 -0.137081 0.657000 97 113 81
0.036866 -0.137081 0.657000 94 112 77
0.038571 -0.137081 0.657000 94 112 77
0.040275 -0.137081 0.657000 91 111 78
0.041980 -0.137081 0.657000 86 106 73
0.043684 -0.137081 0.657000 92 111 85
0.045389 -0.137081 0.657000 109 128 102
-0.125634 -0.135993 0.660000 82 99 73
-0.123922 -0.135993 0.660000 70 93 57
-0.122210 -0.135993 0.660000 72 95 59
-0.120497 -0.135993 0.660000 75 101 61
-0.118785 -0.135993 0.660000 98 124 84
-0.116895 -0.135787 0.659000 117 141 102
-0.115361 -0.135993 0.660000 123 147 108
-0.113476 -0.135787 0.659000 118 141 107
-0.111766 -0.135787 0.659000 114 137 103
-0.110057 -0.135787 0.659000 116 138 111
0.030048 -0.135375 0.657000 128 139 120
0.033508 -0.135581 0.658000 116 128 102
0.035215 -0.135581 0.658000 109 121 95
0.036922 -0.135581 0.658000 95 113 78
0.038629 -0.135581 0.658000 94 112 77
0.040336 -0.135581 0.658000 93 113 78
0.041980 -0.135375 0.657000 88 108 73
0.043684 -0.135375 0.657000 87 107 74
0.045389 -0.135375 0.657000 90 110 77
0.047093 -0.135375 0.657000 90 109 79
0.048798 -0.135375 0.657000 101 120 90
-0.129254 -0.134482 0.661000 94 108 88
-0.127540 -0.134482 0.661000 86 104 71
-0.125825 -0.134482 0.661000 83 101 68
-0.124110 -0.134482 0.661000 83 107 64
-0.122395 -0.134482 0.661000 99 123 80
-0.120680 -0.134482 0.661000 113 139 99
-0.118965 -0.134482 0.661000 122 148 108
-0.117250 -0.134482 0.661000 120 143 109
-0.115710 -0.134685 0.662000 119 142 108
-0.113820 -0.134482 0.661000 116 137 113
0.035269 -0.134075 0.659000 129 137 124
0.036978 -0.134075 0.659000 125 137 111
0.038688 -0.134075 0.659000 118 130 104
0.040336 -0.133871 0.658000 102 119 89
0.042044 -0.133871 0.658000 93 110 80
0.043684 -0.133668 0.657000 94 112 79
0.045389 -0.133668 0.657000 89 107 74
0.047093 -0.133668 0.657000 90 109 79
0.048798 -0.133668 0.657000 88 107 77
0.050502 -0.133668 0.657000 82 98 77
0.052207 -0.133668 0.657000 46 62 41
0.053911 -0.133668 0.657000 36 48 38
0.055616 -0.133668 0.657000 36 48 38
0.057320 -0.133668 0.657000 56 63 57
0.059025 -0.133668 0.657000 80 87 81
-0.132885 -0.132965 0.662000 105 115 99
-0.131168 -0.132965 0.662000 81 98 70
-0.129450 -0.132965 0.662000 82 99 71
-0.127733 -0.132965 0.662000 83 104 66
-0.126015 -0.132965 0.662000 98 119 81
-0.124298 -0.132965 0.662000 107 128 88
-0.122765 -0.133166 0.663000 118 139 99
-0.121045 -0.133166 0.663000 120 140 107
-0.119325 -0.133166 0.663000 116 136 103
-0.117605 -0.133166 0.663000 120 138 115
0.042107 -0.132363 0.659000 124 133 113
0.043751 -0.132162 0.658000 111 126 101
0.045458 -0.132162 0.658000 100 115 90
0.047165 -0.132162 0.658000 97 116 90
0.048798 -0.131961 0.657000 78 97 71
0.050502 -0.131961 0.657000 56 71 53
0.052207 -0.131961 0.657000 36 51 33
0.053911 -0.131961 0.657000 40 53 40
0.055616 -0.131961 0.657000 38 51 38
0.057320 -0.131961 0.657000 38 47 40
0.059025 -0.131961 0.657000 38 47 40
0.060729 -0.131961 0.657000 42 50 49
0.062434 -0.131961 0.657000 46 54 53
0.064138 -0.131961 0.657000 45 53 52
0.065943 -0.132162 0.658000 45 53 52
0.067650 -0.132162 0.658000 42 50 49
0.069357 -0.132162 0.658000 45 53 52
-0.134603 -0.131245 0.662000 93 110 84
-0.132885 -0.131245 0.662000 86 103 77
-0.131168 -0.131245 0.662000 80 100 65
-0.129646 -0.131444 0.663000 90 110 75
-0.127925 -0.131444 0.663000 116 135 97
-0.126205 -0.131444 0.663000 122 141 103
-0.124485 -0.131444 0.663000 120 138 103
-0.122950 -0.131642 0.664000 123 141 106
-0.121228 -0.131642 0.664000 122 137 112
0.045527 -0.130651 0.659000 125 135 121
0.047165 -0.130452 0.658000 111 126 110
0.048872 -0.130452 0.658000 101 116 100
0.050579 -0.130452 0.658000 51 64 51
0.052286 -0.130452 0.658000 43 56 43
0.053911 -0.130254 0.657000 43 52 43
0.055616 -0.130254 0.657000 41 50 41
0.057320 -0.130254 0.657000 40 52 44
0.059025 -0.130254 0.657000 41 53 45
0.060729 -0.130254 0.657000 44 55 53
0.062434 -0.130254 0.657000 43 54 52
0.064138 -0.130254 0.657000 41 52 50
0.065843 -0.130254 0.657000 40 51 49
0.067547 -0.130254 0.657000 39 50 48
0.069252 -0.130254 0.657000 39 50 48
0.070956 -0.130254 0.657000 41 49 48
0.072772 -0.130452 0.658000 40 48 47
0.074592 -0.130651 0.659000 40 46 44
0.076533 -0.131047 0.661000 54 60 58
-0.138246 -0.129721 0.663000 83 104 80
-0.136526 -0.129721 0.663000 70 91 67
-0.134806 -0.129721 0.663000 83 103 68
-0.133086 -0.129721 0.663000 85 105 70
-0.131366 -0.129721 0.663000 100 121 81
-0.129841 -0.129917 0.664000 119 140 100
-0.128118 -0.129917 0.664000 124 143 105
-0.126396 -0.129917 0.664000 122 141 103
-0.124673 -0.129917 0.664000 119 134 107
0.049021 -0.129134 0.660000 115 127 117
0.050656 -0.128939 0.659000 47 54 46
0.052366 -0.128939 0.659000 43 50 42
0.054075 -0.128939 0.659000 44 51 45
0.055700 -0.128743 0.658000 40 47 41
0.057320 -0.128547 0.657000 39 50 46
0.059025 -0.128547 0.657000 41 52 48
0.060729 -0.128547 0.657000 40 53 50
0.062434 -0.128547 0.657000 42 55 52
0.064138 -0.128547 0.657000 39 52 49
0.065843 -0.128547 0.657000 39 52 49
0.067445 -0.128352 0.656000 39 52 49
0.069147 -0.128352 0.656000 38 51 48
0.070956 -0.128547 0.657000 43 56 53
0.072661 -0.128547 0.657000 45 58 55
0.074479 -0.128743 0.658000 46 54 53
0.076302 -0.128939 0.659000 43 51 50
0.078248 -0.129330 0.661000 43 46 49
-0.141900 -0.128192 0.664000 99 120 96
-0.140177 -0.128192 0.664000 79 100 76
-0.138455 -0.128192 0.664000 73 97 65
-0.136732 -0.128192 0.664000 76 100 68
-0.135009 -0.128192 0.664000 96 120 79
-0.133286 -0.128192 0.664000 116 140 99
-0.131564 -0.128192 0.664000 126 147 107
-0.129841 -0.128192 0.664000 123 144 104
-0.128311 -0.128385 0.665000 123 141 108
-0.126586 -0.128385 0.665000 124 142 109
0.054239 -0.127613 0.661000 48 51 52
0.055785 -0.127227 0.659000 39 42 43
0.057408 -0.127034 0.658000 35 43 44
0.059115 -0.127034 0.658000 41 49 50
0.060729 -0.126841 0.657000 39 52 49
0.062434 -0.126841 0.657000 39 52 49
0.064041 -0.126648 0.656000 38 51 48
0.065743 -0.126648 0.656000 37 50 47
0.067445 -0.126648 0.656000 39 52 49
0.069147 -0.126648 0.656000 40 53 50
0.070848 -0.126648 0.656000 42 55 52
0.072661 -0.126841 0.657000 40 53 50
0.074365 -0.126841 0.657000 39 52 49
0.076186 -0.127034 0.658000 39 52 49
0.078130 -0.127420 0.660000 37 43 43
0.080084 -0.127806 0.662000 60 66 66
-0.143839 -0.126658 0.665000 97 113 92
-0.142114 -0.126658 0.665000 74 102 66
-0.140388 -0.126658 0.665000 71 99 63
-0.138663 -0.126658 0.665000 80 105 68
-0.136938 -0.126658 0.665000 109 134 97
-0.135212 -0.126658 0.665000 128 149 111
-0.133487 -0.126658 0.665000 128 149 111
-0.131762 -0.126658 0.665000 125 143 108
-0.130037 -0.126658 0.665000 123 141 106
0.054322 -0.126086 0.662000 124 124 128
0.055954 -0.125896 0.661000 97 97 101
0.057582 -0.125705 0.660000 60 62 68
0.059204 -0.125515 0.659000 37 39 45
0.060822 -0.125324 0.658000 41 49 50
0.062434 -0.125134 0.657000 39 47 48
0.064138 -0.125134 0.657000 37 48 46
0.065743 -0.124943 0.656000 37 48 46
0.067445 -0.124943 0.656000 40 51 49
0.069041 -0.124753 0.655000 38 49 47
0.070740 -0.124753 0.655000 40 51 49
0.072550 -0.124943 0.656000 38 49 47
0.074365 -0.125134 0.657000 37 48 46
0.076070 -0.125134 0.657000 38 49 47
0.077893 -0.125324 0.658000 37 43 43
0.079842 -0.125705 0.660000 72 78 78
0.081801 -0.126086 0.662000 120 115 111
0.083645 -0.126277 0.663000 120 115 111
-0.147511 -0.125118 0.666000 103 113 97
-0.145564 -0.124930 0.665000 81 103 72
-0.143839 -0.124930 0.665000 84 106 75
-0.142114 -0.124930 0.665000 78 107 66
-0.140388 -0.124930 0.665000 104 133 92
-0.138663 -0.124930 0.665000 126 149 113
-0.136938 -0.124930 0.665000 126 149 113
-0.135212 -0.124930 0.665000 127 145 112
-0.133487 -0.124930 0.665000 125 143 110
0.057844 -0.124554 0.663000 128 128 132
0.059474 -0.124366 0.662000 60 60 64
0.061007 -0.123991 0.660000 38 38 42
0.062624 -0.123803 0.659000 44 44 48
0.064236 -0.123615 0.658000 42 50 49
0.065843 -0.123427 0.657000 39 47 46
0.067547 -0.123427 0.657000 39 47 46
0.069147 -0.123239 0.656000 39 47 46
0.070848 -0.123239 0.656000 40 48 47
0.072550 -0.123239 0.656000 40 48 47
0.074365 -0.123427 0.657000 39 50 48
0.076070 -0.123427 0.657000 34 45 43
0.077893 -0.123615 0.658000 46 50 45
0.079721 -0.123803 0.659000 95 99 94
0.081678 -0.124179 0.661000 107 100 90
0.083519 -0.124366 0.662000 114 107 97
-0.149239 -0.123388 0.666000 80 99 73
-0.147511 -0.123388 0.666000 81 100 74
-0.145783 -0.123388 0.666000 78 103 66
-0.144055 -0.123388 0.666000 80 105 68
-0.142327 -0.123388 0.666000 96 122 80
-0.140388 -0.123203 0.665000 127 153 111
-0.138663 -0.123203 0.665000 126 146 111
-0.136938 -0.123203 0.665000 125 145 110
-0.135416 -0.123388 0.666000 127 144 116
0.061376 -0.123017 0.664000 81 80 84
0.063004 -0.122832 0.663000 47 46 50
0.064431 -0.122276 0.660000 40 40 44
0.066043 -0.122091 0.659000 46 46 50
0.067650 -0.121906 0.658000 44 50 52
0.069252 -0.121720 0.657000 44 50 52
0.070956 -0.121720 0.657000 43 49 49
0.072661 -0.121720 0.657000 42 48 48
0.074365 -0.121720 0.657000 39 47 46
0.076070 -0.121720 0.657000 38 46 45
0.077893 -0.121906 0.658000 85 86 77
0.079721 -0.122091 0.659000 116 117 108
0.081678 -0.122461 0.661000 110 104 91
0.083519 -0.122647 0.662000 99 93 80
0.087217 -0.123017 0.664000 130 123 115
-0.151193 -0.121840 0.667000 86 101 85
-0.149463 -0.121840 0.667000 76 100 68
-0.147732 -0.121840 0.667000 75 99 67
-0.145783 -0.121658 0.666000 88 114 74
-0.144055 -0.121658 0.666000 106 132 92
-0.142327 -0.121658 0.666000 131 154 118
-0.140599 -0.121658 0.666000 127 150 114
-0.138872 -0.121658 0.666000 127 144 114
0.063099 -0.121292 0.664000 92 88 91
0.064822 -0.121292 0.664000 35 38 41
0.066444 -0.121110 0.663000 36 39 42
0.067959 -0.120744 0.661000 42 45 48
0.069463 -0.120379 0.659000 44 47 50
0.071172 -0.120379 0.659000 44 50 52
0.072772 -0.120196 0.658000 43 49 51
0.074479 -0.120196 0.658000 38 41 40
0.076302 -0.120379 0.659000 48 51 50
0.078011 -0.120379 0.659000 107 103 94
0.079963 -0.120744 0.661000 109 105 96
0.081801 -0.120927 0.662000 108 102 89
0.083645 -0.121110 0.663000 101 95 82
0.087217 -0.121292 0.664000 125 118 112
0.089073 -0.121475 0.665000 119 109 107
-0.152924 -0.120108 0.667000 78 101 78
-0.151193 -0.120108 0.667000 78 101 78
-0.149463 -0.120108 0.667000 70 100 63
-0.147732 -0.120108 0.667000 88 118 81
-0.146002 -0.120108 0.667000 127 152 115
-0.144271 -0.120108 0.667000 137 162 125
-0.142541 -0.120108 0.667000 134 153 123
-0.140811 -0.120108 0.667000 129 148 118
0.066544 -0.119567 0.664000 59 62 63
0.068164 -0.119387 0.663000 36 41 46
0.069779 -0.119207 0.662000 39 44 49
0.071388 -0.119027 0.661000 46 51 56
0.073103 -0.119027 0.661000 46 51 56
0.074818 -0.119027 0.661000 41 41 43
0.076533 -0.119027 0.661000 69 69 71
0.078248 -0.119027 0.661000 115 108 102
0.080084 -0.119207 0.662000 113 106 100
0.081925 -0.119387 0.663000 111 104 96
0.085494 -0.119567 0.664000 115 107 104
0.087348 -0.119747 0.665000 117 109 106
0.089073 -0.119747 0.665000 96 88 85
-0.156619 -0.118552 0.668000 91 108 90
-0.154886 -0.118552 0.668000 85 102 84
-0.153153 -0.118552 0.668000 74 103 71
-0.151420 -0.118552 0.668000 74 103 71
-0.149687 -0.118552 0.668000 99 129 90
-0.147954 -0.118552 0.668000 126 156 117
-0.146002 -0.118375 0.667000 139 162 128
-0.144271 -0.118375 0.667000 131 154 120
0.069990 -0.117842 0.664000 61 67 67
0.071712 -0.117842 0.664000 43 48 53
0.073325 -0.117665 0.663000 40 45 50
0.074931 -0.117487 0.662000 46 45 47
0.078485 -0.117665 0.663000 101 93 92
0.080205 -0.117665 0.663000 107 99 98
0.083771 -0.117842 0.664000 103 93 91
0.085623 -0.118020 0.665000 134 126 125
0.087348 -0.118020 0.665000 108 100 99
0.089207 -0.118197 0.666000 100 92 89
-0.158589 -0.116992 0.669000 96 104 89
-0.156854 -0.116992 0.669000 83 105 76
-0.155118 -0.116992 0.669000 75 97 68
-0.153382 -0.116992 0.669000 82 110 74
-0.151647 -0.116992 0.669000 123 151 115
-0.149687 -0.116817 0.668000 129 157 121
-0.147954 -0.116817 0.668000 125 153 117
-0.146221 -0.116817 0.668000 132 151 121
-0.144488 -0.116817 0.668000 130 149 119
0.080326 -0.116117 0.664000 107 101 103
0.082172 -0.116292 0.665000 89 79 79
0.083897 -0.116292 0.665000 107 97 97
0.085623 -0.116292 0.665000 136 128 127
-0.160565 -0.115426 0.670000 99 111 87
-0.158826 -0.115426 0.670000 85 97 73
-0.156854 -0.115254 0.669000 74 98 59
-0.155118 -0.115254 0.669000 96 120 81
-0.153382 -0.115254 0.669000 129 154 117
-0.151647 -0.115254 0.669000 140 165 128
-0.149911 -0.115254 0.669000 131 156 121
-0.148175 -0.115254 0.669000 130 155 120
-0.162545 -0.113855 0.671000 98 107 89
-0.160565 -0.113686 0.670000 79 97 64
-0.158826 -0.113686 0.670000 87 105 72
-0.157088 -0.113686 0.670000 106 130 89
-0.155350 -0.113686 0.670000 141 165 124
-0.153612 -0.113686 0.670000 142 165 129
-0.151647 -0.113516 0.669000 132 155 119
-0.149911 -0.113516 0.669000 132 151 123
-0.164286 -0.112112 0.671000 95 110 85
-0.162787 -0.112279 0.672000 75 90 65
-0.160804 -0.112112 0.671000 78 102 63
-0.159063 -0.112112 0.671000 107 131 92
-0.157088 -0.111945 0.670000 135 156 118
-0.155350 -0.111945 0.670000 145 166 128
-0.153612 -0.111945 0.670000 136 155 125
-0.151873 -0.111945 0.670000 134 153 123
-0.166274 -0.110533 0.672000 83 94 75
-0.164776 -0.110698 0.673000 81 100 72
-0.162787 -0.110533 0.672000 77 96 68
-0.161044 -0.110533 0.672000 111 134 98
-0.159063 -0.110369 0.671000 142 165 129
-0.157088 -0.110204 0.670000 144 164 131
-0.155350 -0.110204 0.670000 139 159 126
-0.153612 -0.110204 0.670000 140 155 130
-0.168268 -0.108950 0.673000 86 105 79
-0.166522 -0.108950 0.673000 79 98 72
-0.164776 -0.108950 0.673000 75 98 64
-0.163030 -0.108950 0.673000 114 137 103
-0.161044 -0.108788 0.672000 147 167 134
-0.159300 -0.108788 0.672000 141 161 128
-0.157323 -0.108626 0.671000 141 158 132
-0.155350 -0.108464 0.670000 138 155 129
-0.170014 -0.107201 0.673000 92 107 91
-0.168268 -0.107201 0.673000 84 106 75
-0.166522 -0.107201 0.673000 74 96 65
-0.164776 -0.107201 0.673000 113 136 102
-0.163030 -0.107201 0.673000 147 170 136
-0.161284 -0.107201 0.673000 140 159 131
-0.159300 -0.107042 0.672000 139 158 130
-0.157557 -0.107042 0.672000 142 155 138
-0.171760 -0.105453 0.673000 82 105 82
-0.170014 -0.105453 0.673000 74 97 74
-0.168518 -0.105610 0.674000 78 103 66
-0.166769 -0.105610 0.674000 118 143 106
-0.164776 -0.105453 0.673000 146 169 135
-0.163030 -0.105453 0.673000 139 162 128
-0.161284 -0.105453 0.673000 139 158 132
-0.159537 -0.105453 0.673000 139 158 132
-0.173506 -0.103705 0.673000 77 90 77
-0.171760 -0.103705 0.673000 68 95 64
-0.170266 -0.103859 0.674000 72 99 68
-0.168518 -0.103859 0.674000 119 145 105
-0.166769 -0.103859 0.674000 148 174 134
-0.165020 -0.103859 0.674000 139 162 126
-0.163030 -0.103705 0.673000 140 163 127
-0.175252 -0.101956 0.673000 94 110 89
-0.173764 -0.102108 0.674000 81 97 76
-0.172015 -0.102108 0.674000 74 103 62
-0.170266 -0.102108 0.674000 122 151 110
-0.168518 -0.102108 0.674000 152 178 138
-0.166769 -0.102108 0.674000 139 165 125
-0.165020 -0.102108 0.674000 139 158 128
-0.177261 -0.100357 0.674000 95 105 89
-0.175512 -0.100357 0.674000 74 96 65
-0.173764 -0.100357 0.674000 79 101 70
-0.172015 -0.100357 0.674000 116 145 102
-0.170519 -0.100506 0.675000 151 180 137
-0.168768 -0.100506 0.675000 145 168 132
-0.166769 -0.100357 0.674000 138 161 125
-0.165020 -0.100357 0.674000 139 156 130
-0.179275 -0.098752 0.675000 79 97 74
-0.177261 -0.098606 0.674000 78 96 73
-0.175773 -0.098752 0.675000 89 113 74
-0.173764 -0.098606 0.674000 123 147 108
-0.172270 -0.098752 0.675000 150 174 133
-0.170519 -0.098752 0.675000 142 166 125
-0.168768 -0.098752 0.675000 136 153 123
-0.167016 -0.098752 0.675000 141 158 128
-0.181026 -0.096999 0.675000 96 109 92
-0.179275 -0.096999 0.675000 74 94 61
-0.177524 -0.096999 0.675000 79 99 66
-0.175773 -0.096999 0.675000 121 142 102
-0.174021 -0.096999 0.675000 149 170 130
-0.172270 -0.096999 0.675000 144 165 127
-0.170519 -0.096999 0.675000 142 163 125
-0.183048 -0.095386 0.676000 93 107 85
-0.181294 -0.095386 0.676000 81 95 73
-0.179541 -0.095386 0.676000 82 106 65
-0.177524 -0.095245 0.675000 121 145 104
-0.175773 -0.095245 0.675000 152 171 131
-0.174279 -0.095386 0.676000 151 170 130
-0.172525 -0.095386 0.676000 144 159 130
-0.183048 -0.093630 0.676000 89 106 76
-0.181294 -0.093630 0.676000 85 102 72
-0.179541 -0.093630 0.676000 99 120 78
-0.177787 -0.093630 0.676000 149 170 128
-0.176033 -0.093630 0.676000 150 169 131
-0.174279 -0.093630 0.676000 142 161 123
-0.172525 -0.093630 0.676000 143 153 130
-0.185075 -0.092010 0.677000 82 97 72
-0.183319 -0.092010 0.677000 84 105 67
-0.181563 -0.092010 0.677000 93 114 76
-0.179806 -0.092010 0.677000 143 167 126
-0.178050 -0.092010 0.677000 150 174 133
-0.176293 -0.092010 0.677000 146 164 131
-0.174537 -0.092010 0.677000 139 157 124
-0.186832 -0.090251 0.677000 91 107 75
-0.185075 -0.090251 0.677000 77 93 61
-0.183319 -0.090251 0.677000 83 107 66
-0.181563 -0.090251 0.677000 128 152 111
-0.179806 -0.090251 0.677000 146 170 131
-0.178050 -0.090251 0.677000 138 162 123
-0.176293 -0.090251 0.677000 141 160 132
-0.188867 -0.088623 0.678000 107 116 96
-0.187108 -0.088623 0.678000 81 102 64
-0.185349 -0.088623 0.678000 83 104 66
-0.183590 -0.088623 0.678000 124 153 110
-0.181831 -0.088623 0.678000 143 172 129
-0.180072 -0.088623 0.678000 140 165 130
-0.178313 -0.088623 0.678000 139 164 129
-0.188867 -0.086862 0.678000 90 105 78
-0.187108 -0.086862 0.678000 78 104 62
-0.185349 -0.086862 0.678000 116 142 100
-0.183590 -0.086862 0.678000 146 175 132
-0.181831 -0.086862 0.678000 137 166 123
-0.180072 -0.086862 0.678000 136 160 128
-0.190626 -0.085100 0.678000 85 105 70
-0.188867 -0.085100 0.678000 78 98 63
-0.187108 -0.085100 0.678000 104 133 88
-0.185349 -0.085100 0.678000 139 168 123
-0.183590 -0.085100 0.678000 145 176 134
-0.181831 -0.085100 0.678000 136 167 125
-0.192385 -0.083339 0.678000 104 113 93
-0.190626 -0.083339 0.678000 85 109 68
-0.188867 -0.083339 0.678000 92 116 75
-0.187108 -0.083339 0.678000 136 165 120
-0.185349 -0.083339 0.678000 151 180 135
-0.183590 -0.083339 0.678000 137 162 127
-0.181831 -0.083339 0.678000 136 161 126
-0.192385 -0.081578 0.678000 93 105 79
-0.190626 -0.081578 0.678000 88 112 69
-0.188867 -0.081578 0.678000 125 149 106
-0.187108 -0.081578 0.678000 144 170 128
-0.185349 -0.081578 0.678000 139 165 123
-0.183590 -0.081578 0.678000 135 157 126
-0.194430 -0.079934 0.679000 90 107 77
-0.192669 -0.079934 0.679000 85 102 72
-0.190626 -0.079817 0.678000 106 131 85
-0.189145 -0.079934 0.679000 149 174 128
-0.187384 -0.079934 0.679000 143 166 130
-0.185622 -0.079934 0.679000 139 162 126
-0.194430 -0.078170 0.679000 86 110 71
-0.192669 -0.078170 0.679000 98 122 83
-0.190907 -0.078170 0.679000 147 171 128
-0.189145 -0.078170 0.679000 147 171 128
-0.187384 -0.078170 0.679000 140 163 129
-0.185622 -0.078170 0.679000 140 163 129
-0.196192 -0.076406 0.679000 89 103 81
-0.194430 -0.076406 0.679000 87 113 71
-0.192669 -0.076406 0.679000 120 146 104
-0.190907 -0.076406 0.679000 147 176 133
-0.189145 -0.076406 0.679000 137 166 123
-0.187660 -0.076519 0.680000 138 160 131
-0.196481 -0.074752 0.680000 81 98 70
-0.194716 -0.074752 0.680000 97 126 85
-0.192952 -0.074752 0.680000 140 169 128
-0.190907 -0.074642 0.679000 140 169 128
-0.189424 -0.074752 0.680000 132 161 120
-0.187660 -0.074752 0.680000 133 157 129
-0.198245 -0.072986 0.680000 88 105 75
-0.196481 -0.072986 0.680000 87 104 74
-0.194716 -0.072986 0.680000 134 163 122
-0.192952 -0.072986 0.680000 146 175 134
-0.191188 -0.072986 0.680000 136 164 128
-0.189424 -0.072986 0.680000 131 159 123
-0.200303 -0.071324 0.681000 100 109 89
-0.198245 -0.071219 0.680000 81 104 68
-0.196481 -0.071219 0.680000 104 127 91
-0.194716 -0.071219 0.680000 151 176 139
-0.192952 -0.071219 0.680000 142 167 130
-0.191188 -0.071219 0.680000 134 158 126
-0.189424 -0.071219 0.680000 132 156 124
-0.200303 -0.069555 0.681000 87 102 77
-0.198536 -0.069555 0.681000 88 116 78
-0.196770 -0.069555 0.681000 131 159 121
-0.195003 -0.069555 0.681000 142 170 132
-0.192952 -0.069453 0.680000 135 163 125
-0.191469 -0.069555 0.681000 133 157 129
-0.202367 -0.067885 0.682000 91 110 82
-0.200597 -0.067885 0.682000 83 102 74
-0.198828 -0.067885 0.682000 112 143 101
-0.197059 -0.067885 0.682000 143 174 132
-0.195289 -0.067885 0.682000 135 165 126
-0.193520 -0.067885 0.682000 130 160 121
-0.191750 -0.067885 0.682000 137 155 134
-0.202367 -0.066114 0.682000 79 102 68
-0.200891 -0.066211 0.683000 89 112 78
-0.199119 -0.066211 0.683000 137 168 124
-0.197348 -0.066211 0.683000 143 174 130
-0.195576 -0.066211 0.683000 135 163 127
-0.193804 -0.066211 0.683000 130 158 122
-0.192032 -0.066211 0.683000 141 156 138
-0.202663 -0.064436 0.683000 78 103 66
-0.200891 -0.064436 0.683000 108 133 96
-0.199119 -0.064436 0.683000 151 180 135
-0.197636 -0.064531 0.684000 140 169 124
-0.195862 -0.064531 0.684000 137 162 127
-0.194087 -0.064531 0.684000 133 158 123
-0.202960 -0.062754 0.684000 90 116 76
-0.201186 -0.062754 0.684000 130 156 116
-0.199703 -0.062845 0.685000 155 181 139
-0.197925 -0.062845 0.685000 141 167 125
-0.196148 -0.062845 0.685000 138 160 131
-0.194371 -0.062845 0.685000 135 157 128
-0.204735 -0.060977 0.684000 81 98 72
-0.203257 -0.061066 0.685000 108 137 94
-0.201480 -0.061066 0.685000 147 176 133
-0.199994 -0.061155 0.686000 146 172 130
-0.198214 -0.061155 0.686000 139 165 123
-0.196435 -0.061155 0.686000 142 159 133
-0.206509 -0.059200 0.684000 92 111 81
-0.205034 -0.059286 0.685000 81 100 70
-0.203257 -0.059286 0.685000 129 158 115
-0.201774 -0.059373 0.686000 150 179 136
-0.200286 -0.059460 0.687000 141 167 127
-0.198503 -0.059460 0.687000 139 165 125
-0.197007 -0.059546 0.688000 144 158 136
-0.206811 -0.057507 0.685000 86 109 75
-0.205333 -0.057591 0.686000 88 111 77
-0.203554 -0.057591 0.686000 143 172 131
-0.202068 -0.057675 0.687000 145 174 133
-0.200577 -0.057759 0.688000 142 165 129
-0.198792 -0.057759 0.688000 140 163 127
-0.197294 -0.057843 0.689000 145 159 139
-0.207113 -0.055809 0.686000 82 105 69
-0.205633 -0.055890 0.687000 113 136 100
-0.203850 -0.055890 0.687000 151 177 135
-0.202362 -0.055972 0.688000 141 167 125
-0.200869 -0.056053 0.689000 142 162 129
-0.199081 -0.056053 0.689000 139 159 126
-0.197294 -0.056053 0.689000 145 159 139
0.155957 -0.055809 0.686000 155 162 154
0.157737 -0.055809 0.686000 171 178 170
0.159517 -0.055809 0.686000 181 185 178
-0.208893 -0.054027 0.686000 99 105 86
-0.207415 -0.054105 0.687000 83 107 68
-0.205633 -0.054105 0.687000 138 162 123
-0.204147 -0.054184 0.688000 148 174 132
-0.202656 -0.054263 0.689000 142 168 126
-0.200869 -0.054263 0.689000 144 161 133
-0.199370 -0.054342 0.690000 139 156 128
0.154402 -0.054105 0.687000 130 138 137
0.156185 -0.054105 0.687000 131 141 129
0.157737 -0.054027 0.686000 156 166 154
0.159749 -0.054105 0.687000 179 180 174
-0.209197 -0.052321 0.687000 93 104 83
-0.207717 -0.052397 0.688000 90 116 76
-0.205932 -0.052397 0.688000 149 175 135
-0.204444 -0.052473 0.689000 148 172 131
-0.202656 -0.052473 0.689000 139 163 122
-0.201160 -0.052549 0.690000 141 158 130
-0.199370 -0.052549 0.690000 139 156 128
0.154402 -0.052321 0.687000 130 138 135
0.156185 -0.052321 0.687000 125 135 123
0.157967 -0.052321 0.687000 140 150 138
0.159749 -0.052321 0.687000 162 166 161
0.161767 -0.052397 0.688000 184 188 183
-0.209502 -0.050610 0.688000 86 101 76
-0.207717 -0.050610 0.688000 111 137 95
-0.206231 -0.050683 0.689000 153 179 137
-0.204740 -0.050757 0.690000 142 166 127
-0.202950 -0.050757 0.690000 135 159 120
-0.201160 -0.050757 0.690000 144 156 130
0.154402 -0.050536 0.687000 123 132 123
0.156185 -0.050536 0.687000 119 127 114
0.157967 -0.050536 0.687000 138 146 133
0.159749 -0.050536 0.687000 163 163 157
0.161767 -0.050610 0.688000 182 182 176
0.163789 -0.050683 0.689000 145 145 145
-0.209806 -0.048893 0.689000 91 106 79
-0.208019 -0.048893 0.689000 139 168 125
-0.206231 -0.048893 0.689000 145 174 131
-0.204740 -0.048964 0.690000 138 162 123
-0.202950 -0.048964 0.690000 135 159 120
-0.201160 -0.048964 0.690000 144 156 132
0.152620 -0.048751 0.687000 124 134 122
0.154402 -0.048751 0.687000 105 115 103
0.156185 -0.048751 0.687000 111 119 106
0.157967 -0.048751 0.687000 140 148 135
0.159982 -0.048822 0.688000 156 156 150
0.162002 -0.048893 0.689000 173 173 167
0.163789 -0.048893 0.689000 138 139 135
-0.210111 -0.047172 0.690000 103 120 90
-0.208321 -0.047172 0.690000 151 177 135
-0.206531 -0.047172 0.690000 144 170 128
-0.204740 -0.047172 0.690000 138 161 125
-0.203244 -0.047240 0.691000 139 162 126
-0.201452 -0.047240 0.691000 142 157 132
0.151057 -0.047035 0.688000 164 170 172
0.152620 -0.046967 0.687000 103 111 98
0.154402 -0.046967 0.687000 96 104 91
0.156185 -0.046967 0.687000 105 113 98
0.158197 -0.047035 0.688000 133 141 126
0.159982 -0.047035 0.688000 144 145 139
0.162002 -0.047103 0.689000 160 161 155
0.164027 -0.047172 0.690000 133 134 130
0.165817 -0.047172 0.690000 138 139 135
-0.211901 -0.045379 0.690000 85 102 72
-0.210111 -0.045379 0.690000 115 132 102
-0.208321 -0.045379 0.690000 151 177 135
-0.206531 -0.045379 0.690000 141 167 125
-0.204740 -0.045379 0.690000 141 161 128
-0.203244 -0.045445 0.691000 141 161 128
0.151057 -0.045248 0.688000 131 136 141
0.152842 -0.045248 0.688000 92 100 89
0.154627 -0.045248 0.688000 97 105 94
0.156412 -0.045248 0.688000 108 116 103
0.158197 -0.045248 0.688000 114 122 109
0.160214 -0.045313 0.689000 113 117 110
0.162002 -0.045313 0.689000 145 149 142
0.164027 -0.045379 0.690000 130 134 129
0.165817 -0.045379 0.690000 141 145 140
-0.211901 -0.043587 0.690000 86 106 71
-0.210111 -0.043587 0.690000 137 157 122
-0.208321 -0.043587 0.690000 149 175 131
-0.206830 -0.043650 0.691000 138 164 120
-0.205037 -0.043650 0.691000 138 155 125
-0.203244 -0.043650 0.691000 139 156 126
0.151057 -0.043460 0.688000 66 73 79
0.152842 -0.043460 0.688000 83 91 88
0.154627 -0.043460 0.688000 89 97 94
0.156412 -0.043460 0.688000 100 109 100
0.158427 -0.043524 0.689000 76 85 76
0.160214 -0.043524 0.689000 96 100 95
0.162237 -0.043587 0.690000 131 135 130
0.164027 -0.043587 0.690000 96 99 98
0.166058 -0.043650 0.691000 92 95 94
-0.212208 -0.041855 0.691000 90 113 77
-0.210415 -0.041855 0.691000 146 169 133
-0.208623 -0.041855 0.691000 146 172 130
-0.206830 -0.041855 0.691000 134 160 118
-0.205037 -0.041855 0.691000 138 155 127
0.149489 -0.041734 0.689000 72 81 93
0.151057 -0.041673 0.688000 43 52 64
0.152842 -0.041673 0.688000 50 61 61
0.154627 -0.041673 0.688000 55 66 66
0.156412 -0.041673 0.688000 64 72 69
0.158427 -0.041734 0.689000 55 63 60
0.160214 -0.041734 0.689000 97 96 96
0.162237 -0.041794 0.690000 120 119 119
0.164027 -0.041794 0.690000 61 61 63
0.166058 -0.041855 0.691000 84 84 86
-0.214001 -0.040060 0.691000 91 102 81
-0.212208 -0.040060 0.691000 90 118 82
-0.210415 -0.040060 0.691000 149 177 141
-0.208623 -0.040060 0.691000 144 173 132
-0.206830 -0.040060 0.691000 130 159 118
-0.205037 -0.040060 0.691000 138 155 129
0.149489 -0.039944 0.689000 52 63 74
0.151057 -0.039886 0.688000 43 54 65
0.152842 -0.039886 0.688000 47 60 59
0.154627 -0.039886 0.688000 47 60 59
0.156412 -0.039886 0.688000 54 62 59
0.158427 -0.039944 0.689000 54 62 59
0.160447 -0.040002 0.690000 99 99 95
0.162237 -0.040002 0.690000 101 101 97
0.166058 -0.040060 0.691000 110 110 112
-0.214001 -0.038265 0.691000 86 101 76
-0.212208 -0.038265 0.691000 100 128 90
-0.210415 -0.038265 0.691000 149 177 139
-0.208623 -0.038265 0.691000 138 166 128
-0.207129 -0.038320 0.692000 130 158 120
-0.205334 -0.038320 0.692000 137 153 130
0.147916 -0.038209 0.690000 133 142 154
0.149489 -0.038154 0.689000 41 54 63
0.151057 -0.038098 0.688000 47 60 69
0.152620 -0.038043 0.687000 50 61 61
0.154627 -0.038098 0.688000 50 61 61
0.156412 -0.038098 0.688000 57 61 56
0.158427 -0.038154 0.689000 66 70 65
0.160447 -0.038209 0.690000 96 96 96
0.164265 -0.038265 0.691000 63 62 62
0.166058 -0.038265 0.691000 129 128 128
-0.214311 -0.036522 0.692000 86 101 76
-0.212515 -0.036522 0.692000 113 142 101
-0.210720 -0.036522 0.692000 145 174 133
-0.208925 -0.036522 0.692000 135 163 125
-0.207129 -0.036522 0.692000 130 158 120
-0.205334 -0.036522 0.692000 139 153 133
0.147916 -0.036417 0.690000 126 136 143
0.149489 -0.036364 0.689000 40 54 60
0.151057 -0.036311 0.688000 47 61 67
0.152842 -0.036311 0.688000 48 59 57
0.154627 -0.036311 0.688000 51 62 60
0.156639 -0.036364 0.689000 63 66 65
0.158657 -0.036417 0.690000 66 69 68
0.160447 -0.036417 0.690000 72 72 72
0.164265 -0.036470 0.691000 95 94 94
-0.214311 -0.034725 0.692000 88 103 76
-0.212515 -0.034725 0.692000 120 149 106
-0.210720 -0.034725 0.692000 145 174 131
-0.208925 -0.034725 0.692000 137 162 125
-0.207429 -0.034775 0.693000 131 156 119
0.147916 -0.034624 0.690000 126 133 137
0.149706 -0.034624 0.690000 43 55 59
0.151277 -0.034574 0.689000 50 62 66
0.153064 -0.034574 0.689000 52 63 63
0.154852 -0.034574 0.689000 53 64 64
0.158657 -0.034624 0.690000 42 48 48
0.162472 -0.034674 0.691000 58 59 55
0.164503 -0.034725 0.692000 137 133 126
-0.214620 -0.032974 0.693000 89 104 77
-0.212822 -0.032974 0.693000 131 155 114
-0.211024 -0.032974 0.693000 146 170 129
-0.209227 -0.032974 0.693000 136 162 122
-0.207429 -0.032974 0.693000 132 158 118
0.148130 -0.032879 0.691000 133 133 137
0.149706 -0.032832 0.690000 44 50 50
0.151277 -0.032784 0.689000 55 61 61
0.153064 -0.032784 0.689000 59 62 63
0.156867 -0.032832 0.690000 64 64 64
0.158657 -0.032832 0.690000 40 40 40
0.160679 -0.032879 0.691000 46 39 31
0.162707 -0.032927 0.692000 114 107 99
0.164503 -0.032927 0.692000 153 140 127
-0.214620 -0.031174 0.693000 91 106 77
-0.212822 -0.031174 0.693000 141 165 122
-0.211024 -0.031174 0.693000 143 167 124
-0.209528 -0.031219 0.694000 132 157 120
-0.207728 -0.031219 0.694000 131 156 119
0.148130 -0.031084 0.691000 101 95 97
0.149706 -0.031039 0.690000 58 49 42
0.151496 -0.031039 0.690000 64 55 48
0.153286 -0.031039 0.690000 63 59 50
0.155077 -0.031039 0.690000 63 59 50
0.157094 -0.031084 0.691000 66 58 46
0.158887 -0.031084 0.691000 50 42 30
0.160912 -0.031129 0.692000 115 92 71
0.162942 -0.031174 0.693000 165 142 121
0.164978 -0.031219 0.694000 161 134 112
-0.214930 -0.029416 0.694000 98 113 84
-0.213129 -0.029416 0.694000 148 169 127
-0.211329 -0.029416 0.694000 142 163 121
-0.209528 -0.029416 0.694000 132 155 121
-0.207728 -0.029416 0.694000 130 153 119
0.148130 -0.029289 0.691000 132 121 114
0.149923 -0.029289 0.691000 99 75 50
0.151716 -0.029289 0.691000 84 60 35
0.153286 -0.029247 0.690000 68 51 22
0.155301 -0.029289 0.691000 73 56 27
0.157094 -0.029289 0.691000 92 70 35
0.159117 -0.029332 0.692000 141 119 84
0.161145 -0.029374 0.693000 186 146 104
0.163178 -0.029416 0.694000 176 136 94
-0.215240 -0.027653 0.695000 107 120 89
-0.213437 -0.027653 0.695000 152 171 131
-0.211633 -0.027653 0.695000 143 162 122
-0.209830 -0.027653 0.695000 133 152 122
0.148345 -0.027534 0.692000 198 183 173
0.149923 -0.027494 0.691000 206 177 138
0.151716 -0.027494 0.691000 192 163 124
0.153509 -0.027494 0.691000 175 148 97
0.155301 -0.027494 0.691000 176 149 98
0.157321 -0.027534 0.692000 197 163 110
0.159347 -0.027574 0.693000 211 177 124
0.161377 -0.027613 0.694000 196 152 95
0.163648 -0.027693 0.696000 183 139 82
-0.215549 -0.025885 0.696000 110 123 92
-0.213744 -0.025885 0.696000 151 170 130
-0.211938 -0.025885 0.696000 143 162 122
-0.210434 -0.025922 0.697000 137 155 122
0.148345 -0.025736 0.692000 170 151 136
0.150140 -0.025736 0.692000 187 155 108
0.151935 -0.025736 0.692000 188 156 109
0.153731 -0.025736 0.692000 197 163 103
0.155526 -0.025736 0.692000 207 173 113
0.157549 -0.025773 0.693000 213 176 117
0.159577 -0.025811 0.694000 200 163 104
0.161842 -0.025885 0.696000 187 145 90
-0.215859 -0.024111 0.697000 112 124 96
-0.214358 -0.024146 0.698000 151 170 132
-0.212547 -0.024146 0.698000 142 161 123
-0.210736 -0.024146 0.698000 138 156 123
0.148559 -0.023973 0.693000 146 130 109
0.150357 -0.023973 0.693000 147 113 60
0.152155 -0.023973 0.693000 141 107 54
0.153953 -0.023973 0.693000 145 108 47
0.155976 -0.024008 0.694000 156 119 58
0.158231 -0.024077 0.696000 174 140 80
0.160036 -0.024077 0.696000 188 154 94
0.162307 -0.024146 0.698000 179 140 91
-0.218292 -0.022365 0.699000 88 103 74
-0.216478 -0.022365 0.699000 114 129 100
-0.214665 -0.022365 0.699000 147 166 128
-0.212851 -0.022365 0.699000 142 161 123
-0.211038 -0.022365 0.699000 137 155 122
-0.209524 -0.022397 0.700000 136 154 121
0.148988 -0.022237 0.695000 190 184 160
0.150791 -0.022237 0.695000 205 176 123
0.152814 -0.022269 0.696000 191 162 109
0.154619 -0.022269 0.696000 189 157 96
0.156425 -0.022269 0.696000 197 165 104
0.158685 -0.022333 0.698000 211 177 126
0.160496 -0.022333 0.698000 187 153 102
0.162772 -0.022397 0.700000 166 139 106
-0.218292 -0.020549 0.699000 89 106 78
-0.216788 -0.020578 0.700000 117 134 106
-0.214665 -0.020549 0.699000 149 167 132
-0.213156 -0.020578 0.700000 143 161 126
-0.211340 -0.020578 0.700000 137 153 121
-0.209524 -0.020578 0.700000 138 154 122
-0.207708 -0.020578 0.700000 141 150 130
0.149202 -0.020461 0.696000 175 174 159
0.151225 -0.020490 0.697000 198 177 135
0.153033 -0.020490 0.697000 199 178 136
0.155064 -0.020519 0.698000 210 179 129
0.156875 -0.020519 0.698000 213 182 132
0.158913 -0.020549 0.699000 192 165 130
0.160726 -0.020549 0.699000 174 147 112
-0.218604 -0.018760 0.700000 88 107 79
-0.216788 -0.018760 0.700000 113 132 104
-0.214972 -0.018760 0.700000 146 169 133
-0.213156 -0.018760 0.700000 139 162 126
-0.211340 -0.018760 0.700000 135 151 119
-0.209823 -0.018787 0.701000 137 153 121
0.149631 -0.018706 0.698000 114 116 105
0.151442 -0.018706 0.698000 86 80 54
0.153253 -0.018706 0.698000 89 83 57
0.155064 -0.018706 0.698000 113 90 58
0.157099 -0.018733 0.699000 127 104 72
0.159140 -0.018760 0.700000 153 138 112
-0.218604 -0.016941 0.700000 93 112 82
-0.216788 -0.016941 0.700000 107 126 96
-0.214972 -0.016941 0.700000 148 174 134
-0.213460 -0.016965 0.701000 142 168 128
-0.211642 -0.016965 0.701000 145 163 130
-0.209823 -0.016965 0.701000 139 157 124
0.149845 -0.016917 0.699000 149 157 146
0.151659 -0.016917 0.699000 107 114 92
0.153472 -0.016917 0.699000 88 95 73
0.155508 -0.016941 0.700000 129 125 100
0.157324 -0.016941 0.700000 144 140 115
0.159367 -0.016965 0.701000 157 152 134
-0.218917 -0.015144 0.701000 98 120 89
-0.217098 -0.015144 0.701000 104 126 95
-0.215279 -0.015144 0.701000 149 175 133
-0.213460 -0.015144 0.701000 140 166 124
-0.211944 -0.015166 0.702000 140 160 125
-0.210122 -0.015166 0.702000 136 156 121
0.150060 -0.015123 0.700000 157 169 159
0.152093 -0.015144 0.701000 119 138 112
0.153911 -0.015144 0.701000 122 141 115
0.155730 -0.015144 0.701000 159 166 142
0.157773 -0.015166 0.702000 155 162 138
-0.219229 -0.013342 0.702000 99 121 90
-0.217408 -0.013342 0.702000 103 125 94
-0.215586 -0.013342 0.702000 149 173 134
-0.213765 -0.013342 0.702000 139 163 124
-0.211944 -0.013342 0.702000 136 156 123
-0.210122 -0.013342 0.702000 135 155 122
0.150488 -0.013342 0.702000 144 158 147
0.152310 -0.013342 0.702000 108 132 104
0.154131 -0.013342 0.702000 123 147 119
0.156174 -0.013361 0.703000 149 161 135
0.157998 -0.013361 0.703000 147 159 133
-0.219229 -0.011519 0.702000 95 117 86
-0.215893 -0.011535 0.703000 147 170 134
-0.214070 -0.011535 0.703000 141 164 128
-0.212246 -0.011535 0.703000 136 153 125
-0.210422 -0.011535 0.703000 138 155 127
0.150703 -0.011535 0.703000 134 151 137
0.152527 -0.011535 0.703000 104 131 100
0.154351 -0.011535 0.703000 129 156 125
0.156174 -0.011535 0.703000 146 161 134
0.157998 -0.011535 0.703000 145 160 133
-0.219541 -0.009709 0.703000 90 112 81
-0.217717 -0.009709 0.703000 102 124 93
-0.215893 -0.009709 0.703000 149 170 132
-0.214070 -0.009709 0.703000 142 163 125
-0.212246 -0.009709 0.703000 137 154 124
-0.210422 -0.009709 0.703000 137 154 124
0.148879 -0.009709 0.703000 152 169 151
0.150703 -0.009709 0.703000 126 143 125
0.152527 -0.009709 0.703000 107 134 101
0.154351 -0.009709 0.703000 140 167 134
0.156174 -0.009709 0.703000 144 161 131
0.158223 -0.009723 0.704000 142 159 129
0.159822 -0.009709 0.703000 147 156 138
-0.219541 -0.007883 0.703000 91 113 82
-0.217717 -0.007883 0.703000 102 124 93
-0.215893 -0.007883 0.703000 151 172 134
-0.214070 -0.007883 0.703000 147 168 130
-0.212246 -0.007883 0.703000 139 154 125
-0.210422 -0.007883 0.703000 139 154 125
0.148879 -0.007883 0.703000 148 166 145
0.150703 -0.007883 0.703000 116 134 113
0.152527 -0.007883 0.703000 109 136 103
0.154570 -0.007894 0.704000 150 177 144
0.156397 -0.007894 0.704000 148 167 137
0.158223 -0.007894 0.704000 142 161 131
0.160049 -0.007894 0.704000 146 157 138
-0.219541 -0.006056 0.703000 96 118 89
-0.217717 -0.006056 0.703000 100 122 93
-0.216200 -0.006065 0.704000 154 175 137
-0.214374 -0.006065 0.704000 147 168 130
-0.212246 -0.006056 0.703000 139 157 124
-0.210422 -0.006056 0.703000 138 156 123
-0.208598 -0.006056 0.703000 138 154 131
0.149091 -0.006065 0.704000 142 163 139
0.150917 -0.006065 0.704000 113 134 110
0.152744 -0.006065 0.704000 116 144 108
0.154570 -0.006065 0.704000 151 179 143
0.156397 -0.006065 0.704000 148 167 137
0.158223 -0.006065 0.704000 142 161 131
0.160277 -0.006073 0.705000 144 157 140
-0.218027 -0.004236 0.704000 101 120 92
-0.216200 -0.004236 0.704000 151 172 132
-0.214374 -0.004236 0.704000 148 169 129
-0.212548 -0.004236 0.704000 140 160 127
-0.210721 -0.004236 0.704000 137 157 124
-0.208895 -0.004236 0.704000 143 159 138
0.149091 -0.004236 0.704000 133 162 132
0.150917 -0.004236 0.704000 108 137 107
0.152961 -0.004242 0.705000 123 151 115
0.154790 -0.004242 0.705000 149 177 141
0.156619 -0.004242 0.705000 147 166 136
0.158448 -0.004242 0.705000 142 161 131
0.160277 -0.004242 0.705000 144 157 140
-0.218027 -0.002407 0.704000 102 117 88
-0.216200 -0.002407 0.704000 145 169 130
-0.214374 -0.002407 0.704000 145 169 130
-0.212548 -0.002407 0.704000 137 160 126
-0.210721 -0.002407 0.704000 137 160 126
-0.209191 -0.002411 0.705000 139 157 136
0.147473 -0.002411 0.705000 161 177 166
0.149302 -0.002411 0.705000 116 150 117
0.151132 -0.002411 0.705000 108 142 109
0.152961 -0.002411 0.705000 127 157 120
0.155009 -0.002414 0.706000 142 172 135
0.156841 -0.002414 0.706000 149 166 136
0.158672 -0.002414 0.706000 149 166 136
-0.218337 -0.000579 0.705000 103 115 87
-0.216508 -0.000579 0.705000 140 163 127
-0.214679 -0.000579 0.705000 142 165 129
-0.212849 -0.000579 0.705000 136 161 126
-0.211020 -0.000579 0.705000 133 158 123
-0.209191 -0.000579 0.705000 139 155 132
0.147473 -0.000579 0.705000 150 169 157
0.149514 -0.000580 0.706000 106 140 107
0.151346 -0.000580 0.706000 106 140 107
0.153178 -0.000580 0.706000 138 166 130
0.155229 -0.000581 0.707000 142 170 134
0.157063 -0.000581 0.707000 148 163 138
0.159122 -0.000582 0.708000 148 163 138
-0.218337 0.001252 0.705000 100 112 86
-0.216508 0.001252 0.705000 130 155 120
-0.214679 0.001252 0.705000 141 166 131
-0.212849 0.001252 0.705000 137 162 127
-0.211020 0.001252 0.705000 136 161 126
-0.209191 0.001252 0.705000 143 157 135
-0.207362 0.001252 0.705000 142 156 134
0.147683 0.001254 0.706000 141 162 149
0.149726 0.001256 0.707000 104 138 105
0.151560 0.001256 0.707000 111 145 112
0.153395 0.001256 0.707000 139 167 131
0.155448 0.001258 0.708000 140 168 132
0.157285 0.001258 0.708000 148 162 140
0.159347 0.001259 0.709000 147 161 139
-0.218337 0.003084 0.705000 100 111 90
-0.216508 0.003084 0.705000 117 142 107
-0.214679 0.003084 0.705000 140 165 130
-0.213151 0.003088 0.706000 134 159 124
-0.211320 0.003088 0.706000 133 158 123
-0.209488 0.003088 0.706000 141 158 132
-0.207656 0.003088 0.706000 141 158 132
0.147892 0.003093 0.707000 127 152 135
0.149726 0.003093 0.707000 97 133 99
0.151775 0.003097 0.708000 124 160 126
0.153611 0.003097 0.708000 143 170 137
0.157729 0.003106 0.710000 146 162 141
0.159571 0.003106 0.710000 147 163 142
-0.218646 0.004922 0.706000 98 112 90
-0.216815 0.004922 0.706000 104 132 96
-0.214983 0.004922 0.706000 137 165 129
-0.213151 0.004922 0.706000 132 160 124
-0.211320 0.004922 0.706000 131 159 123
-0.209785 0.004929 0.707000 142 159 133
-0.207951 0.004929 0.707000 139 156 130
0.146264 0.004936 0.708000 139 166 146
0.148101 0.004936 0.708000 121 148 128
0.149938 0.004936 0.708000 99 133 100
0.153828 0.004943 0.709000 146 170 140
0.155887 0.004950 0.710000 145 169 139
0.157952 0.004957 0.711000 146 162 141
-0.216815 0.006756 0.706000 96 124 86
-0.214983 0.006756 0.706000 137 165 127
-0.213453 0.006766 0.707000 139 168 127
-0.211619 0.006766 0.707000 134 163 122
-0.210082 0.006775 0.708000 142 157 130
-0.208245 0.006775 0.708000 143 158 131
0.146471 0.006785 0.709000 132 158 134
0.148519 0.006795 0.710000 118 144 120
0.150361 0.006795 0.710000 108 139 107
0.152203 0.006795 0.710000 144 175 143
0.154045 0.006795 0.710000 149 168 142
0.156107 0.006804 0.711000 148 167 141
0.158396 0.006823 0.713000 152 162 148
-0.217122 0.008603 0.707000 88 116 80
-0.215288 0.008603 0.707000 131 159 123
-0.213755 0.008615 0.708000 144 173 132
-0.211918 0.008615 0.708000 132 161 120
-0.210082 0.008615 0.708000 139 154 127
-0.208245 0.008615 0.708000 140 155 128
0.146677 0.008639 0.710000 129 152 127
0.148729 0.008651 0.711000 115 138 113
0.150573 0.008651 0.711000 124 151 120
0.152418 0.008651 0.711000 145 172 141
0.154262 0.008651 0.711000 154 166 142
0.156546 0.008676 0.713000 154 166 142
0.158396 0.008676 0.713000 155 163 152
-0.217429 0.010454 0.708000 88 112 82
-0.215592 0.010454 0.708000 129 153 123
-0.213755 0.010454 0.708000 145 173 137
-0.212218 0.010469 0.709000 134 162 126
-0.210675 0.010484 0.710000 141 158 132
-0.208833 0.010484 0.710000 142 159 133
-0.206991 0.010484 0.710000 148 156 141
0.145039 0.010498 0.711000 150 162 154
0.146884 0.010498 0.711000 125 152 123
0.148938 0.010513 0.712000 109 136 107
0.150785 0.010513 0.712000 139 163 131
0.152632 0.010513 0.712000 147 171 139
0.154696 0.010528 0.713000 153 164 143
0.156766 0.010543 0.714000 152 163 142
0.158618 0.010543 0.714000 156 160 155
-0.217736 0.012311 0.709000 88 114 88
-0.215592 0.012293 0.708000 121 147 121
-0.214057 0.012311 0.709000 144 171 138
-0.212517 0.012328 0.710000 135 162 129
-0.210675 0.012328 0.710000 137 156 130
-0.208833 0.012328 0.710000 136 155 129
-0.207283 0.012345 0.711000 141 151 135
0.145447 0.012380 0.713000 137 153 142
0.147297 0.012380 0.713000 122 151 119
0.149147 0.012380 0.713000 114 143 111
0.150997 0.012380 0.713000 141 163 132
0.152847 0.012380 0.713000 146 168 137
0.154913 0.012397 0.714000 150 161 140
0.156766 0.012397 0.714000 152 163 142
-0.218043 0.014172 0.710000 93 119 93
-0.216201 0.014172 0.710000 104 130 104
-0.214359 0.014172 0.710000 142 169 138
-0.212517 0.014172 0.710000 134 161 130
-0.210972 0.014192 0.711000 136 155 129
-0.209127 0.014192 0.711000 137 156 130
-0.207283 0.014192 0.711000 145 154 136
-0.205438 0.014192 0.711000 149 158 140
0.145651 0.014252 0.714000 138 160 144
0.147297 0.014232 0.713000 113 144 112
0.149356 0.014252 0.714000 117 148 116
0.151208 0.014252 0.714000 145 167 136
0.153061 0.014252 0.714000 147 169 138
0.154913 0.014252 0.714000 153 162 142
0.156985 0.014272 0.715000 154 163 143
-0.218350 0.016039 0.711000 97 123 99
-0.216506 0.016039 0.711000 92 118 94
-0.214359 0.016017 0.710000 140 167 134
-0.212816 0.016039 0.711000 136 163 130
-0.210972 0.016039 0.711000 135 154 124
-0.209127 0.016039 0.711000 136 155 125
-0.207283 0.016039 0.711000 143 152 132
-0.205727 0.016062 0.712000 148 157 137
0.144000 0.016130 0.715000 136 163 141
0.145855 0.016130 0.715000 128 155 133
0.147504 0.016107 0.714000 113 142 108
0.149565 0.016130 0.715000 126 155 121
0.151420 0.016130 0.715000 152 169 139
0.153275 0.016130 0.715000 152 169 139
0.155130 0.016130 0.715000 158 164 147
0.156985 0.016130 0.715000 156 162 145
-0.216506 0.017887 0.711000 90 113 90
-0.214661 0.017887 0.711000 130 157 124
-0.212816 0.017887 0.711000 139 166 133
-0.210972 0.017887 0.711000 134 156 125
-0.209421 0.017912 0.712000 134 156 125
-0.207574 0.017912 0.712000 142 151 131
-0.206016 0.017937 0.713000 146 155 135
0.144000 0.017987 0.715000 134 162 137
0.145855 0.017987 0.715000 113 141 116
0.147710 0.017987 0.715000 109 139 102
0.149774 0.018012 0.716000 135 165 128
0.151632 0.018012 0.716000 153 168 141
0.153490 0.018012 0.716000 153 168 141
0.155347 0.018012 0.716000 158 163 149
-0.216810 0.019761 0.712000 97 118 96
-0.214661 0.019734 0.711000 113 143 106
-0.212816 0.019734 0.711000 142 172 135
-0.211268 0.019761 0.712000 132 160 124
-0.209421 0.019761 0.712000 131 159 123
-0.207866 0.019789 0.713000 140 151 130
-0.206016 0.019789 0.713000 144 155 134
-0.204166 0.019789 0.713000 158 156 148
0.144202 0.019872 0.716000 133 162 130
0.146059 0.019872 0.716000 113 142 110
0.147917 0.019872 0.716000 110 138 102
0.149774 0.019872 0.716000 146 174 138
0.151844 0.019900 0.717000 153 170 144
0.153704 0.019900 0.717000 153 170 144
0.155564 0.019900 0.717000 158 166 153
-0.217115 0.021641 0.713000 106 123 105
-0.214963 0.021611 0.712000 96 125 91
-0.213116 0.021611 0.712000 139 168 134
-0.211268 0.021611 0.712000 128 158 119
-0.209715 0.021641 0.713000 128 158 119
-0.207866 0.021641 0.713000 135 154 128
-0.206016 0.021641 0.713000 136 155 129
-0.204166 0.021641 0.713000 151 153 142
0.144202 0.021732 0.716000 123 150 117
0.146263 0.021763 0.717000 108 135 102
0.148123 0.021763 0.717000 128 156 120
0.149984 0.021763 0.717000 144 172 136
0.151844 0.021763 0.717000 151 170 144
0.153704 0.021763 0.717000 151 170 144
0.155564 0.021763 0.717000 158 166 155
-0.215265 0.023494 0.713000 91 120 88
-0.213415 0.023494 0.713000 128 157 125
-0.211565 0.023494 0.713000 129 161 122
-0.209715 0.023494 0.713000 125 157 118
-0.207866 0.023494 0.713000 134 156 127
-0.206016 0.023494 0.713000 137 159 130
-0.204452 0.023527 0.714000 151 156 142
0.142543 0.023625 0.717000 145 159 148
0.144403 0.023625 0.717000 115 142 109
0.146263 0.023625 0.717000 109 136 103
0.148123 0.023625 0.717000 144 169 134
0.149984 0.023625 0.717000 148 173 138
0.151844 0.023625 0.717000 154 170 147
0.153704 0.023625 0.717000 153 169 146
-0.215265 0.025346 0.713000 92 116 84
-0.213415 0.025346 0.713000 111 135 103
-0.211565 0.025346 0.713000 134 166 127
-0.209715 0.025346 0.713000 124 156 117
-0.207866 0.025346 0.713000 132 156 124
-0.206016 0.025346 0.713000 136 160 128
-0.204452 0.025381 0.714000 146 157 138
-0.202600 0.025381 0.714000 150 161 142
0.142543 0.025488 0.717000 143 157 148
0.144403 0.025488 0.717000 115 139 109
0.146263 0.025488 0.717000 116 140 110
0.148123 0.025488 0.717000 156 179 145
0.149984 0.025488 0.717000 149 172 138
0.152056 0.025524 0.718000 156 167 148
0.153704 0.025488 0.717000 155 166 147
-0.215265 0.027198 0.713000 97 121 91
-0.213415 0.027198 0.713000 103 127 97
-0.211565 0.027198 0.713000 134 164 125
-0.209715 0.027198 0.713000 128 158 119
-0.207866 0.027198 0.713000 129 157 121
-0.206305 0.027236 0.714000 132 160 124
-0.204452 0.027236 0.714000 142 155 138
-0.202600 0.027236 0.714000 146 159 142
0.142543 0.027351 0.717000 153 166 161
0.144403 0.027351 0.717000 113 136 111
0.146263 0.027351 0.717000 130 153 128
0.148123 0.027351 0.717000 164 181 155
0.150193 0.027389 0.718000 153 170 144
0.152056 0.027389 0.718000 158 163 151
-0.215567 0.029091 0.714000 109 128 100
-0.213714 0.029091 0.714000 101 120 92
-0.211862 0.029091 0.714000 122 151 110
-0.210010 0.029091 0.714000 131 160 119
-0.208157 0.029091 0.714000 129 154 117
-0.206305 0.029091 0.714000 132 157 120
-0.204452 0.029091 0.714000 139 155 132
-0.202884 0.029132 0.715000 146 162 139
0.142543 0.029213 0.717000 168 179 177
0.144403 0.029213 0.717000 150 170 155
0.146467 0.029254 0.718000 170 190 175
0.148330 0.029254 0.718000 167 182 166
0.150402 0.029295 0.719000 153 168 152
0.152267 0.029295 0.719000 159 160 154
-0.213714 0.030946 0.714000 109 124 99
-0.211862 0.030946 0.714000 109 135 95
-0.210010 0.030946 0.714000 134 160 120
-0.208157 0.030946 0.714000 131 157 117
-0.206305 0.030946 0.714000 131 157 117
-0.204739 0.030989 0.715000 138 155 129
-0.202884 0.030989 0.715000 143 160 134
0.142543 0.031076 0.717000 154 165 165
0.144604 0.031119 0.718000 171 185 174
0.146467 0.031119 0.718000 181 195 184
0.148537 0.031163 0.719000 156 166 154
0.150402 0.031163 0.719000 156 166 154
-0.214014 0.032847 0.715000 112 124 100
-0.212159 0.032847 0.715000 104 130 88
-0.210304 0.032847 0.715000 133 159 117
-0.208449 0.032847 0.715000 134 160 118
-0.206594 0.032847 0.715000 130 156 114
-0.204739 0.032847 0.715000 137 154 126
-0.203167 0.032893 0.716000 141 158 130
-0.201310 0.032893 0.716000 149 159 147
0.140683 0.032939 0.717000 150 165 162
0.142543 0.032939 0.717000 140 155 152
0.144604 0.032985 0.718000 166 179 166
0.146671 0.033030 0.719000 174 187 174
0.148537 0.033030 0.719000 160 168 157
0.150611 0.033076 0.720000 156 164 153
-0.214014 0.034704 0.715000 119 128 110
-0.212159 0.034704 0.715000 101 126 89
-0.210304 0.034704 0.715000 122 147 110
-0.208449 0.034704 0.715000 134 160 118
-0.206594 0.034704 0.715000 132 158 116
-0.205025 0.034753 0.716000 135 154 126
-0.203167 0.034753 0.716000 137 156 128
-0.201591 0.034801 0.717000 145 158 145
0.140683 0.034801 0.717000 154 169 166
0.142742 0.034850 0.718000 141 156 153
0.144604 0.034850 0.718000 163 173 161
0.146671 0.034898 0.719000 160 170 158
0.148743 0.034947 0.720000 166 168 159
-0.212455 0.036613 0.716000 104 127 93
-0.210598 0.036613 0.716000 111 134 100
-0.208740 0.036613 0.716000 124 153 110
-0.206883 0.036613 0.716000 128 157 114
-0.205311 0.036664 0.717000 131 153 122
-0.203451 0.036664 0.717000 138 160 129
-0.201591 0.036664 0.717000 152 162 148
0.140879 0.036715 0.718000 161 174 171
0.142742 0.036715 0.718000 174 187 184
0.144806 0.036766 0.719000 185 186 180
0.146875 0.036817 0.720000 159 160 154
0.148950 0.036868 0.721000 162 162 156
-0.212752 0.038526 0.717000 111 130 100
-0.210892 0.038526 0.717000 108 127 97
-0.209032 0.038526 0.717000 120 149 106
-0.207172 0.038526 0.717000 127 156 113
-0.205311 0.038526 0.717000 130 150 117
-0.203451 0.038526 0.717000 132 152 119
-0.201591 0.038526 0.717000 148 156 143
-0.199731 0.038526 0.717000 154 162 149
0.141075 0.038634 0.719000 148 159 155
0.142940 0.038634 0.719000 173 184 180
0.145007 0.038688 0.720000 174 175 171
0.147079 0.038741 0.721000 164 165 161
-0.212752 0.040389 0.717000 125 144 118
-0.210892 0.040389 0.717000 105 124 98
-0.209032 0.040389 0.717000 111 137 97
-0.207172 0.040389 0.717000 129 155 115
-0.205311 0.040389 0.717000 132 152 117
-0.203451 0.040389 0.717000 132 152 117
-0.201591 0.040389 0.717000 141 152 133
-0.200009 0.040445 0.718000 148 159 140
0.139210 0.040502 0.719000 161 167 167
0.141271 0.040558 0.720000 160 169 162
0.143139 0.040558 0.720000 171 180 173
0.145209 0.040614 0.721000 165 166 162
0.147079 0.040614 0.721000 161 162 158
-0.210892 0.042252 0.717000 105 123 100
-0.209032 0.042252 0.717000 103 129 89
-0.207172 0.042252 0.717000 123 149 109
-0.205311 0.042252 0.717000 132 153 115
-0.203735 0.042311 0.718000 129 150 112
-0.201872 0.042311 0.718000 139 153 133
-0.200009 0.042311 0.718000 145 159 139
0.137535 0.042429 0.720000 166 169 170
0.139597 0.042487 0.721000 159 162 163
0.141468 0.042487 0.721000 174 181 173
0.143338 0.042487 0.721000 170 177 169
0.145611 0.042605 0.723000 160 164 159
-0.210892 0.044114 0.717000 124 137 120
-0.209032 0.044114 0.717000 103 126 90
-0.207172 0.044114 0.717000 116 139 103
-0.205598 0.044176 0.718000 130 154 115
-0.203735 0.044176 0.718000 126 150 111
-0.202153 0.044237 0.719000 133 147 125
-0.200288 0.044237 0.719000 143 157 135
-0.198423 0.044237 0.719000 155 165 153
0.137726 0.044361 0.721000 164 170 168
0.139791 0.044422 0.722000 163 169 167
0.141860 0.044484 0.723000 178 185 179
0.143935 0.044545 0.724000 169 176 170
0.145813 0.044545 0.724000 157 161 156
-0.209323 0.046041 0.718000 103 125 94
-0.207460 0.046041 0.718000 107 129 98
-0.205598 0.046041 0.718000 123 147 108
-0.204019 0.046105 0.719000 125 149 110
-0.202153 0.046105 0.719000 131 148 122
-0.200288 0.046105 0.719000 138 155 129
-0.198699 0.046169 0.720000 147 156 147
0.136044 0.046298 0.722000 176 180 175
0.138108 0.046362 0.723000 168 175 167
0.140178 0.046426 0.724000 174 181 173
0.142252 0.046490 0.725000 175 183 172
0.144133 0.046490 0.725000 160 168 157
-0.209323 0.047906 0.718000 122 141 115
-0.207460 0.047906 0.718000 109 128 102
-0.205884 0.047973 0.719000 120 143 109
-0.204019 0.047973 0.719000 126 149 115
-0.202153 0.047973 0.719000 128 147 119
-0.200567 0.048040 0.720000 133 152 124
-0.198975 0.048107 0.721000 139 151 141
-0.197104 0.048107 0.721000 150 162 152
0.134543 0.048307 0.724000 178 186 175
0.136421 0.048307 0.724000 169 177 166
0.138491 0.048373 0.725000 167 175 162
0.140371 0.048373 0.725000 177 185 172
0.142449 0.048440 0.726000 173 177 170
0.144531 0.048507 0.727000 164 168 161
-0.207749 0.049841 0.719000 116 132 111
-0.205884 0.049841 0.719000 107 130 96
-0.204302 0.049910 0.720000 123 146 112
-0.202434 0.049910 0.720000 124 146 115
-0.200845 0.049980 0.721000 127 149 118
-0.198975 0.049980 0.721000 141 156 142
-0.197377 0.050049 0.722000 144 159 145
0.132848 0.050257 0.725000 160 166 164
0.134729 0.050257 0.725000 174 184 172
0.136798 0.050326 0.726000 164 174 162
0.138682 0.050326 0.726000 167 180 165
0.140759 0.050396 0.727000 171 184 169
0.142645 0.050396 0.727000 162 169 161
-0.207749 0.051709 0.719000 128 138 124
-0.206170 0.051781 0.720000 101 126 91
-0.204302 0.051781 0.720000 110 135 100
-0.202716 0.051853 0.721000 120 148 110
-0.200845 0.051853 0.721000 122 150 112
-0.199250 0.051925 0.722000 132 150 129
-0.197924 0.052068 0.724000 139 157 136
-0.196317 0.052140 0.725000 148 154 152
0.135100 0.052284 0.727000 137 154 136
0.136986 0.052284 0.727000 142 159 141
0.140952 0.052356 0.728000 161 174 159
-0.206170 0.053651 0.720000 104 126 97
-0.204586 0.053726 0.721000 110 132 103
-0.202716 0.053726 0.721000 117 143 103
-0.200845 0.053726 0.721000 122 148 108
-0.199526 0.053875 0.723000 126 145 117
-0.197924 0.053949 0.724000 135 154 126
-0.196317 0.054024 0.725000 151 155 148
0.131328 0.054173 0.727000 148 166 143
0.133214 0.054173 0.727000 120 138 115
0.135100 0.054173 0.727000 119 141 114
0.139064 0.054247 0.728000 162 175 158
0.141146 0.054322 0.729000 153 166 149
-0.206170 0.055522 0.720000 123 140 112
-0.204586 0.055599 0.721000 111 128 100
-0.202716 0.055599 0.721000 115 141 101
-0.201124 0.055676 0.722000 122 148 108
-0.199802 0.055830 0.724000 130 146 114
-0.197924 0.055830 0.724000 136 152 120
-0.196317 0.055907 0.725000 150 155 143
-0.194972 0.056061 0.727000 149 154 142
0.129442 0.056061 0.727000 161 168 160
0.131328 0.056061 0.727000 136 160 128
0.133397 0.056138 0.728000 113 137 105
0.135286 0.056138 0.728000 124 146 115
0.137363 0.056216 0.729000 139 161 130
0.139255 0.056216 0.729000 148 161 144
-0.204586 0.057472 0.721000 111 125 103
-0.202997 0.057551 0.722000 112 132 97
-0.201402 0.057631 0.723000 121 141 106
-0.199802 0.057711 0.724000 128 146 111
-0.198197 0.057791 0.725000 132 150 115
-0.196587 0.057870 0.726000 142 150 135
-0.194972 0.057950 0.727000 147 155 140
0.129442 0.057950 0.727000 150 160 146
0.131328 0.057950 0.727000 123 151 115
0.133397 0.058030 0.728000 107 135 99
0.135472 0.058109 0.729000 134 156 125
0.137363 0.058109 0.729000 143 165 134
0.139255 0.058109 0.729000 149 160 141
-0.204870 0.059427 0.722000 142 152 136
-0.203278 0.059509 0.723000 104 122 87
-0.201402 0.059509 0.723000 115 133 98
-0.199802 0.059592 0.724000 125 144 106
-0.198197 0.059674 0.725000 131 150 112
-0.196317 0.059674 0.725000 134 145 124
-0.194972 0.059839 0.727000 139 150 129
-0.193086 0.059839 0.727000 151 155 148
0.127556 0.059839 0.727000 154 170 147
0.129620 0.059921 0.728000 129 145 122
0.131689 0.060003 0.729000 116 142 102
0.133581 0.060003 0.729000 118 144 104
0.135472 0.060003 0.729000 151 170 140
0.137363 0.060003 0.729000 144 163 133
-0.203278 0.061388 0.723000 124 141 111
-0.201681 0.061473 0.724000 107 124 94
-0.199802 0.061473 0.724000 117 141 102
-0.198197 0.061557 0.725000 124 148 109
-0.196317 0.061557 0.725000 128 147 119
-0.194972 0.061727 0.727000 129 148 120
-0.193086 0.061727 0.727000 149 157 146
-0.191463 0.061812 0.728000 150 158 147
0.126015 0.061897 0.729000 164 172 161
0.127907 0.061897 0.729000 144 163 133
0.129798 0.061897 0.729000 122 141 111
0.131689 0.061897 0.729000 107 131 92
0.133581 0.061897 0.729000 138 162 123
0.135472 0.061897 0.729000 152 169 141
0.137363 0.061897 0.729000 151 168 140
-0.203559 0.063353 0.724000 144 163 137
-0.201681 0.063353 0.724000 112 131 105
-0.199802 0.063353 0.724000 111 137 97
-0.198197 0.063441 0.725000 115 141 101
-0.196317 0.063441 0.725000 120 145 110
-0.194704 0.063528 0.726000 119 144 109
-0.193086 0.063616 0.727000 142 155 140
-0.191463 0.063703 0.728000 148 161 146
0.124124 0.063791 0.729000 168 178 162
0.126015 0.063791 0.729000 156 166 150
0.127907 0.063791 0.729000 114 137 101
0.129798 0.063791 0.729000 109 132 96
0.131689 0.063791 0.729000 132 153 115
0.133581 0.063791 0.729000 147 168 130
0.135472 0.063791 0.729000 146 161 136
-0.201959 0.065324 0.725000 124 144 127
-0.200078 0.065324 0.725000 101 126 91
-0.198197 0.065324 0.725000 111 136 101
-0.196317 0.065324 0.725000 113 141 105
-0.194704 0.065414 0.726000 116 144 108
-0.193086 0.065504 0.727000 134 150 129
-0.191200 0.065504 0.727000 142 158 137
-0.189574 0.065595 0.728000 151 156 146
0.124124 0.065685 0.729000 159 173 151
0.126015 0.065685 0.729000 132 146 124
0.127907 0.065685 0.729000 112 135 99
0.129798 0.065685 0.729000 114 137 101
0.131689 0.065685 0.729000 154 172 139
0.133581 0.065685 0.729000 146 164 131
0.135658 0.065775 0.730000 146 155 135
-0.200078 0.067208 0.725000 111 135 105
-0.198197 0.067208 0.725000 106 130 100
-0.196317 0.067208 0.725000 109 137 101
-0.194704 0.067300 0.726000 116 144 108
-0.193086 0.067393 0.727000 127 144 116
-0.191200 0.067393 0.727000 134 151 123
-0.189574 0.067486 0.728000 145 150 138
-0.187685 0.067486 0.728000 152 157 145
0.122400 0.067671 0.730000 170 180 168
0.124294 0.067671 0.730000 129 148 120
0.126188 0.067671 0.730000 114 133 105
0.127907 0.067578 0.729000 105 128 92
0.129798 0.067578 0.729000 128 151 115
0.131870 0.067671 0.730000 147 164 136
0.133764 0.067671 0.730000 141 158 130
-0.200078 0.069091 0.725000 135 157 130
-0.198197 0.069091 0.725000 107 129 102
-0.196587 0.069186 0.726000 100 130 93
-0.194704 0.069186 0.726000 107 137 100
-0.193086 0.069282 0.727000 121 144 110
-0.191200 0.069282 0.727000 124 147 113
-0.189574 0.069377 0.728000 144 149 135
0.120672 0.069663 0.731000 172 185 168
0.122400 0.069568 0.730000 148 161 144
0.124465 0.069663 0.731000 119 141 110
0.126361 0.069663 0.731000 105 127 96
0.128082 0.069568 0.730000 131 153 122
0.129976 0.069568 0.730000 141 163 132
0.131870 0.069568 0.730000 140 154 132
0.133947 0.069663 0.731000 139 153 131
-0.198744 0.071170 0.727000 132 147 131
-0.196858 0.071170 0.727000 98 128 91
-0.194972 0.071170 0.727000 105 135 98
-0.193086 0.071170 0.727000 110 140 101
-0.191463 0.071268 0.728000 123 153 114
-0.189574 0.071268 0.728000 135 146 125
-0.186052 0.071366 0.729000 159 161 152
0.118775 0.071562 0.731000 163 172 165
0.120672 0.071562 0.731000 157 175 152
0.122568 0.071562 0.731000 129 147 124
0.124465 0.071562 0.731000 116 139 105
0.126361 0.071562 0.731000 113 136 102
0.128258 0.071562 0.731000 139 161 130
0.130154 0.071562 0.731000 135 157 126
0.132051 0.071562 0.731000 137 152 134
-0.196858 0.073059 0.727000 101 128 99
-0.194972 0.073059 0.727000 100 127 98
-0.193351 0.073159 0.728000 109 139 100
-0.191463 0.073159 0.728000 114 144 105
-0.187943 0.073260 0.729000 128 147 119
-0.186052 0.073260 0.729000 152 157 147
0.117038 0.073561 0.732000 164 177 164
0.118938 0.073561 0.732000 154 167 154
0.120672 0.073461 0.731000 125 147 118
0.122568 0.073461 0.731000 120 142 113
0.124465 0.073461 0.731000 109 132 96
0.126361 0.073461 0.731000 131 154 118
0.128433 0.073561 0.732000 132 154 123
0.130332 0.073561 0.732000 131 153 122
0.132231 0.073561 0.732000 136 152 131
-0.197129 0.075051 0.728000 143 163 144
-0.195240 0.075051 0.728000 107 127 108
-0.193351 0.075051 0.728000 106 134 98
-0.191726 0.075154 0.729000 108 136 100
-0.189834 0.075154 0.729000 116 139 105
-0.187943 0.075154 0.729000 118 141 107
-0.186052 0.075154 0.729000 143 148 138
-0.184413 0.075257 0.730000 150 155 145
0.117198 0.075566 0.733000 165 180 162
0.118938 0.075463 0.732000 127 142 124
0.120837 0.075463 0.732000 113 138 103
0.122736 0.075463 0.732000 104 129 94
0.124635 0.075463 0.732000 133 156 122
0.126534 0.075463 0.732000 138 161 127
0.128433 0.075463 0.732000 134 153 127
0.130332 0.075463 0.732000 132 151 125
-0.195508 0.077048 0.729000 127 143 132
-0.193617 0.077048 0.729000 105 127 96
-0.191726 0.077048 0.729000 111 133 102
-0.189834 0.077048 0.729000 113 138 103
-0.187943 0.077048 0.729000 117 142 107
-0.186307 0.077153 0.730000 135 145 129
-0.184413 0.077153 0.730000 142 152 136
-0.182519 0.077153 0.730000 155 156 152
0.115297 0.077470 0.733000 166 175 166
0.117198 0.077470 0.733000 130 151 127
0.119100 0.077470 0.733000 116 137 113
0.121002 0.077470 0.733000 112 137 100
0.122903 0.077470 0.733000 115 140 103
0.124805 0.077470 0.733000 140 162 131
0.126707 0.077470 0.733000 132 154 123
0.128609 0.077470 0.733000 136 150 130
-0.193883 0.079050 0.730000 116 137 113
-0.191989 0.079050 0.730000 104 125 101
-0.190095 0.079050 0.730000 113 138 103
-0.188201 0.079050 0.730000 116 141 106
-0.186307 0.079050 0.730000 128 144 121
-0.184413 0.079050 0.730000 137 153 130
-0.182769 0.079158 0.731000 153 157 152
0.113550 0.079483 0.734000 159 174 158
0.115454 0.079483 0.734000 146 161 145
0.117358 0.079483 0.734000 112 136 106
0.119263 0.079483 0.734000 110 134 104
0.121167 0.079483 0.734000 120 143 107
0.123071 0.079483 0.734000 138 161 125
0.124975 0.079483 0.734000 137 156 128
0.126880 0.079483 0.734000 132 151 123
0.128609 0.079375 0.733000 139 147 132
-0.194148 0.081057 0.731000 154 169 151
-0.191989 0.080946 0.730000 117 132 114
-0.190095 0.080946 0.730000 109 133 101
-0.188459 0.081057 0.731000 112 136 104
-0.186562 0.081057 0.731000 112 136 106
-0.184666 0.081057 0.731000 119 143 113
-0.182769 0.081057 0.731000 137 147 135
-0.180873 0.081057 0.731000 146 156 144
0.113704 0.081500 0.735000 132 153 129
0.115611 0.081500 0.735000 118 139 115
0.117518 0.081500 0.735000 105 130 95
0.119425 0.081500 0.735000 111 136 101
0.121332 0.081500 0.735000 144 164 131
0.123239 0.081500 0.735000 137 157 124
0.124975 0.081390 0.734000 136 151 126
0.126880 0.081390 0.734000 136 151 126
-0.192252 0.082956 0.731000 149 159 147
-0.190355 0.082956 0.731000 102 124 95
-0.188459 0.082956 0.731000 103 125 96
-0.186562 0.082956 0.731000 108 135 102
-0.184666 0.082956 0.731000 115 142 109
-0.182769 0.082956 0.731000 125 141 120
-0.181120 0.083069 0.732000 135 151 130
-0.179221 0.083069 0.732000 145 153 150
0.111950 0.083523 0.736000 147 160 145
0.113859 0.083523 0.736000 119 143 115
0.115769 0.083523 0.736000 105 129 101
0.117678 0.083523 0.736000 105 130 95
0.119588 0.083523 0.736000 136 161 126
0.121497 0.083523 0.736000 136 155 125
0.123239 0.083410 0.735000 130 149 119
0.125146 0.083410 0.735000 138 149 130
0.126880 0.083296 0.734000 137 148 129
-0.190355 0.084855 0.731000 146 162 139
-0.188459 0.084855 0.731000 107 123 100
-0.186562 0.084855 0.731000 106 134 98
-0.184666 0.084855 0.731000 113 141 105
-0.182769 0.084855 0.731000 118 142 112
-0.181120 0.084971 0.732000 129 153 123
-0.179221 0.084971 0.732000 142 155 142
-0.177322 0.084971 0.732000 145 158 145
-0.175423 0.084971 0.732000 155 166 164
0.110190 0.085551 0.737000 154 170 149
0.112102 0.085551 0.737000 128 144 123
0.114014 0.085551 0.737000 113 137 105
0.115926 0.085551 0.737000 105 129 97
0.117838 0.085551 0.737000 137 160 126
0.119750 0.085551 0.737000 138 161 127
0.121662 0.085551 0.737000 136 153 127
0.123574 0.085551 0.737000 131 148 122
0.125316 0.085435 0.736000 137 147 131
-0.188716 0.086873 0.732000 123 136 123
-0.186562 0.086754 0.731000 102 126 94
-0.184918 0.086873 0.732000 110 134 102
-0.183019 0.086873 0.732000 110 138 100
-0.181120 0.086873 0.732000 117 145 107
-0.179221 0.086873 0.732000 130 146 125
-0.177322 0.086873 0.732000 145 161 140
-0.175423 0.086873 0.732000 151 162 158
-0.173761 0.086991 0.733000 158 169 165
0.108424 0.087585 0.738000 147 160 147
0.110339 0.087585 0.738000 131 153 124
0.112406 0.087703 0.739000 113 135 106
0.114323 0.087703 0.739000 113 136 102
0.116240 0.087703 0.739000 130 153 119
0.118158 0.087703 0.739000 142 161 131
0.120075 0.087703 0.739000 128 147 117
0.121827 0.087585 0.738000 133 147 125
0.123742 0.087585 0.738000 133 147 125
-0.186817 0.088774 0.732000 111 133 106
-0.184918 0.088774 0.732000 100 122 95
-0.183019 0.088774 0.732000 99 129 90
-0.181120 0.088774 0.732000 117 147 108
-0.179221 0.088774 0.732000 123 145 114
-0.177322 0.088774 0.732000 130 152 121
-0.175662 0.088896 0.733000 144 157 144
-0.173761 0.088896 0.733000 146 159 146
-0.172094 0.089017 0.734000 161 169 168
0.106654 0.089623 0.739000 143 161 140
0.108571 0.089623 0.739000 122 140 119
0.110638 0.089744 0.740000 109 131 100
0.112558 0.089744 0.740000 102 124 93
0.114478 0.089744 0.740000 123 146 112
0.116398 0.089744 0.740000 134 157 123
0.118318 0.089744 0.740000 129 146 120
0.120075 0.089623 0.739000 131 148 122
0.121992 0.089623 0.739000 135 145 129
-0.186817 0.090676 0.732000 160 175 157
-0.184918 0.090676 0.732000 110 125 107
-0.183019 0.090676 0.732000 99 126 93
-0.181120 0.090676 0.732000 109 136 103
-0.179221 0.090676 0.732000 111 139 101
-0.177322 0.090676 0.732000 117 145 107
-0.175662 0.090800 0.733000 138 154 131
-0.173761 0.090800 0.733000 139 155 132
-0.172094 0.090924 0.734000 138 147 140
-0.170189 0.090924 0.734000 157 166 159
0.102820 0.091543 0.739000 150 165 149
0.104879 0.091667 0.740000 145 160 144
0.106943 0.091791 0.741000 124 146 117
0.108865 0.091791 0.741000 110 132 103
0.110788 0.091791 0.741000 104 129 94
0.112710 0.091791 0.741000 125 150 115
0.114633 0.091791 0.741000 136 155 125
0.116555 0.091791 0.741000 129 148 118
0.118477 0.091791 0.741000 133 143 127
0.120400 0.091791 0.741000 132 142 126
-0.184918 0.092577 0.732000 162 172 160
-0.183019 0.092577 0.732000 102 126 96
-0.181120 0.092577 0.732000 108 132 102
-0.179221 0.092577 0.732000 110 140 103
-0.177564 0.092704 0.733000 113 143 106
-0.175662 0.092704 0.733000 128 147 117
-0.173761 0.092704 0.733000 130 149 119
-0.172094 0.092830 0.734000 140 150 138
-0.170421 0.092957 0.735000 154 164 152
-0.168973 0.093210 0.737000 164 170 168
0.101039 0.093589 0.740000 163 172 165
0.103098 0.093716 0.741000 142 160 139
0.105020 0.093716 0.741000 130 148 127
0.107087 0.093842 0.742000 111 134 100
0.109159 0.093969 0.743000 102 125 91
0.111087 0.093969 0.743000 121 144 110
0.113014 0.093969 0.743000 140 163 129
0.114942 0.093969 0.743000 131 148 122
0.116870 0.093969 0.743000 131 148 122
0.118637 0.093842 0.742000 135 143 128
-0.183019 0.094479 0.732000 143 161 140
-0.181120 0.094479 0.732000 108 126 105
-0.179466 0.094608 0.733000 103 133 96
-0.177564 0.094608 0.733000 108 138 101
-0.175662 0.094608 0.733000 116 141 104
-0.173998 0.094737 0.734000 124 149 112
-0.172094 0.094737 0.734000 136 150 130
-0.170421 0.094866 0.735000 138 152 132
-0.168973 0.095124 0.737000 158 164 162
0.099253 0.095641 0.741000 159 172 159
0.101175 0.095641 0.741000 142 155 142
0.103237 0.095770 0.742000 120 139 111
0.105304 0.095899 0.743000 116 135 107
0.107376 0.096028 0.744000 102 125 91
0.109306 0.096028 0.744000 120 143 109
0.111236 0.096028 0.744000 143 162 132
0.113166 0.096028 0.744000 129 148 118
0.115097 0.096028 0.744000 135 144 126
-0.181368 0.096512 0.733000 140 152 142
-0.179466 0.096512 0.733000 95 122 91
-0.177564 0.096512 0.733000 100 127 96
-0.175662 0.096512 0.733000 108 139 97
-0.173998 0.096644 0.734000 113 144 102
-0.172328 0.096776 0.735000 122 141 113
-0.170421 0.096776 0.735000 128 147 119
-0.168973 0.097039 0.737000 149 153 148
-0.167514 0.097302 0.739000 152 156 151
0.097331 0.097566 0.741000 160 172 164
0.099253 0.097566 0.741000 144 162 139
0.101312 0.097697 0.742000 129 147 124
0.103376 0.097829 0.743000 116 136 103
0.105446 0.097961 0.744000 104 124 91
0.107376 0.097961 0.744000 122 140 107
0.109453 0.098092 0.745000 139 157 124
0.111386 0.098092 0.745000 132 147 122
0.113319 0.098092 0.745000 132 147 122
-0.179466 0.098417 0.733000 130 151 129
-0.177564 0.098417 0.733000 98 119 97
-0.175902 0.098551 0.734000 105 135 96
-0.173998 0.098551 0.734000 107 137 98
-0.172328 0.098685 0.735000 114 142 106
-0.170653 0.098819 0.736000 121 149 113
-0.168973 0.098954 0.737000 138 148 136
-0.167514 0.099222 0.739000 142 152 140
-0.165597 0.099222 0.739000 166 166 170
0.095408 0.099491 0.741000 164 179 161
0.097462 0.099625 0.742000 147 162 144
0.099387 0.099625 0.742000 121 144 110
0.101449 0.099759 0.743000 116 139 105
0.103515 0.099893 0.744000 105 125 90
0.105587 0.100028 0.745000 127 147 112
0.107520 0.100028 0.745000 142 154 126
0.109453 0.100028 0.745000 134 146 118
-0.177806 0.100458 0.734000 143 157 146
-0.175902 0.100458 0.734000 95 124 92
-0.173998 0.100458 0.734000 102 131 99
-0.172328 0.100594 0.735000 106 138 99
-0.170653 0.100731 0.736000 107 139 100
-0.169202 0.101005 0.738000 108 126 105
-0.167514 0.101142 0.739000 127 145 124
-0.165597 0.101142 0.739000 145 148 149
-0.164122 0.101416 0.741000 167 170 171
0.093612 0.101553 0.742000 166 175 166
0.095537 0.101553 0.742000 126 148 121
0.097462 0.101553 0.742000 128 150 123
0.099521 0.101689 0.743000 111 134 98
0.101585 0.101826 0.744000 103 126 90
0.105587 0.101963 0.745000 140 160 125
0.109600 0.102100 0.746000 133 143 118
-0.175902 0.102364 0.734000 133 156 133
-0.174235 0.102504 0.735000 96 119 96
-0.172328 0.102504 0.735000 99 131 94
-0.170885 0.102783 0.737000 106 138 101
-0.168973 0.102783 0.737000 112 141 109
-0.167514 0.103062 0.739000 113 142 110
-0.165597 0.103062 0.739000 124 133 126
-0.164122 0.103341 0.741000 138 147 140
-0.162200 0.103341 0.741000 167 169 175
0.091687 0.103480 0.742000 151 176 157
0.093738 0.103620 0.743000 127 152 133
0.095666 0.103620 0.743000 122 149 116
0.097725 0.103759 0.744000 106 133 100
0.099655 0.103759 0.744000 113 138 101
0.103654 0.103899 0.745000 137 155 122
0.105587 0.103899 0.745000 134 152 119
0.107664 0.104038 0.746000 135 145 122
-0.174235 0.104413 0.735000 136 151 137
-0.172562 0.104555 0.736000 93 122 90
-0.170885 0.104697 0.737000 103 132 100
-0.168973 0.104697 0.737000 106 137 103
-0.167287 0.104839 0.738000 108 139 105
-0.165597 0.104982 0.739000 123 141 120
-0.163680 0.104982 0.739000 126 144 123
-0.162200 0.105266 0.741000 146 152 152
-0.160494 0.105408 0.742000 161 167 167
0.087955 0.105550 0.743000 154 170 159
0.089883 0.105550 0.743000 149 165 154
0.091810 0.105550 0.743000 124 155 125
0.093738 0.105550 0.743000 120 151 121
0.097725 0.105692 0.744000 108 135 102
0.099655 0.105692 0.744000 126 148 117
0.101722 0.105834 0.745000 131 153 122
0.103654 0.105834 0.745000 136 151 124
0.105729 0.105976 0.746000 136 151 124
-0.172797 0.106612 0.737000 125 146 124
-0.170885 0.106612 0.737000 103 124 102
-0.169202 0.106757 0.738000 102 131 97
-0.167287 0.106757 0.738000 107 136 102
-0.165597 0.106901 0.739000 113 142 108
-0.163680 0.106901 0.739000 112 141 107
-0.161981 0.107046 0.740000 122 137 123
-0.160278 0.107191 0.741000 143 158 144
-0.158355 0.107191 0.741000 167 175 174
0.086143 0.107625 0.744000 154 166 156
0.087955 0.107480 0.743000 142 168 144
0.089883 0.107480 0.743000 124 150 126
0.091810 0.107480 0.743000 114 145 111
0.095794 0.107625 0.744000 105 134 100
0.097725 0.107625 0.744000 121 150 116
0.099655 0.107625 0.744000 125 147 116
0.101722 0.107769 0.745000 125 147 116
0.103654 0.107769 0.745000 133 147 125
-0.171117 0.108674 0.738000 143 156 141
-0.169202 0.108674 0.738000 100 122 95
-0.167287 0.108674 0.738000 106 128 101
-0.165597 0.108821 0.739000 110 138 102
-0.163680 0.108821 0.739000 109 137 101
-0.161762 0.108821 0.739000 116 138 111
-0.160061 0.108968 0.740000 126 148 121
-0.158355 0.109116 0.741000 146 155 148
-0.156644 0.109263 0.742000 163 172 165
0.084213 0.109557 0.744000 153 168 150
0.086143 0.109557 0.744000 139 154 136
0.088073 0.109557 0.744000 118 145 112
0.090004 0.109557 0.744000 115 142 109
0.091934 0.109557 0.744000 100 128 90
0.093864 0.109557 0.744000 117 145 107
0.095794 0.109557 0.744000 122 149 116
0.097725 0.109557 0.744000 122 149 116
0.099789 0.109705 0.745000 125 147 118
0.101722 0.109705 0.745000 127 149 120
-0.169431 0.110741 0.739000 152 168 147
-0.167514 0.110741 0.739000 111 127 106
-0.165597 0.110741 0.739000 100 129 95
-0.163680 0.110741 0.739000 107 136 102
-0.161762 0.110741 0.739000 110 138 102
-0.160061 0.110891 0.740000 109 137 101
-0.158141 0.110891 0.740000 125 139 119
-0.156433 0.111041 0.741000 144 158 138
-0.154510 0.111041 0.741000 169 176 170
0.082393 0.111640 0.745000 138 151 138
0.084326 0.111640 0.745000 129 148 120
0.086259 0.111640 0.745000 128 147 119
0.088073 0.111490 0.744000 112 137 100
0.090004 0.111490 0.744000 104 129 92
0.091934 0.111490 0.744000 123 148 111
0.093864 0.111490 0.744000 132 157 120
0.095794 0.111490 0.744000 127 149 118
0.097856 0.111640 0.745000 125 147 116
0.099789 0.111640 0.745000 132 147 122
-0.167514 0.112661 0.739000 164 171 163
-0.165597 0.112661 0.739000 103 126 101
-0.163680 0.112661 0.739000 102 125 100
-0.161762 0.112661 0.739000 106 134 98
-0.159845 0.112661 0.739000 109 137 101
-0.157928 0.112661 0.739000 114 136 105
-0.156433 0.112966 0.741000 121 143 112
-0.154510 0.112966 0.741000 141 151 135
-0.152588 0.112966 0.741000 168 178 162
0.078633 0.113728 0.746000 149 158 149
0.080568 0.113728 0.746000 145 161 138
0.082504 0.113728 0.746000 127 143 120
0.084439 0.113728 0.746000 125 148 112
0.086375 0.113728 0.746000 118 141 105
0.088310 0.113728 0.746000 110 133 97
0.090125 0.113575 0.745000 128 151 115
0.092057 0.113575 0.745000 135 155 122
0.093990 0.113575 0.745000 126 146 113
0.095923 0.113575 0.745000 130 145 118
-0.165821 0.114736 0.740000 163 180 164
-0.163901 0.114736 0.740000 116 133 117
-0.161762 0.114580 0.739000 99 123 93
-0.159845 0.114580 0.739000 109 133 103
-0.157928 0.114580 0.739000 109 137 101
-0.156222 0.114736 0.740000 106 134 98
-0.154302 0.114736 0.740000 111 133 106
-0.152588 0.114891 0.741000 126 148 121
-0.150665 0.114891 0.741000 152 165 152
-0.148743 0.114891 0.741000 158 171 158
0.076698 0.115666 0.746000 147 160 143
0.078633 0.115666 0.746000 138 151 134
0.080568 0.115666 0.746000 123 145 114
0.082504 0.115666 0.746000 118 140 109
0.084439 0.115666 0.746000 104 129 92
0.086375 0.115666 0.746000 118 143 106
0.088310 0.115666 0.746000 134 154 119
0.090246 0.115666 0.746000 132 152 117
0.092181 0.115666 0.746000 131 146 119
0.094116 0.115666 0.746000 131 146 119
-0.162200 0.116816 0.741000 128 149 127
-0.160061 0.116658 0.740000 98 119 97
-0.158141 0.116658 0.740000 103 130 97
-0.156222 0.116658 0.740000 108 135 102
-0.154302 0.116658 0.740000 108 135 102
-0.152588 0.116816 0.741000 111 138 105
-0.150665 0.116816 0.741000 118 138 119
-0.148743 0.116816 0.741000 147 167 148
-0.147019 0.116973 0.742000 168 180 170
0.072827 0.117604 0.746000 150 165 149
0.074762 0.117604 0.746000 141 156 140
0.076698 0.117604 0.746000 133 152 124
0.078633 0.117604 0.746000 116 135 107
0.080568 0.117604 0.746000 112 135 101
0.082504 0.117604 0.746000 113 136 102
0.084439 0.117604 0.746000 122 142 107
0.086375 0.117604 0.746000 133 153 118
0.088310 0.117604 0.746000 132 148 116
0.090246 0.117604 0.746000 131 147 115
0.092181 0.117604 0.746000 135 145 122
-0.160494 0.118901 0.742000 133 149 138
-0.158355 0.118741 0.741000 101 125 97
-0.156433 0.118741 0.741000 106 130 102
-0.154510 0.118741 0.741000 107 134 101
-0.152588 0.118741 0.741000 111 138 105
-0.150665 0.118741 0.741000 113 140 111
-0.148944 0.118901 0.742000 114 141 112
-0.147019 0.118901 0.742000 144 161 147
-0.145094 0.118901 0.742000 164 181 167
0.068956 0.119542 0.746000 153 166 153
0.070891 0.119542 0.746000 145 158 145
0.072827 0.119542 0.746000 121 143 116
0.074762 0.119542 0.746000 120 142 115
0.076698 0.119542 0.746000 113 136 100
0.078633 0.119542 0.746000 110 133 97
0.080568 0.119542 0.746000 112 135 99
0.082504 0.119542 0.746000 125 148 112
0.084439 0.119542 0.746000 133 149 117
0.086375 0.119542 0.746000 133 149 117
0.088310 0.119542 0.746000 134 146 120
-0.158783 0.120991 0.743000 144 159 143
-0.156855 0.120991 0.743000 117 132 116
-0.154927 0.120991 0.743000 103 130 99
-0.153000 0.120991 0.743000 109 136 105
-0.151072 0.120991 0.743000 105 134 100
-0.149144 0.120991 0.743000 106 135 101
-0.147217 0.120991 0.743000 111 135 107
-0.145289 0.120991 0.743000 129 153 125
-0.143361 0.120991 0.743000 166 180 169
-0.141434 0.120991 0.743000 168 182 171
0.067021 0.121480 0.746000 148 161 148
0.068956 0.121480 0.746000 132 150 127
0.070891 0.121480 0.746000 127 145 122
0.072827 0.121480 0.746000 119 144 109
0.074762 0.121480 0.746000 111 136 101
0.076698 0.121480 0.746000 103 128 91
0.078633 0.121480 0.746000 124 149 112
0.080568 0.121480 0.746000 129 149 116
0.082504 0.121480 0.746000 130 150 117
0.084553 0.121643 0.747000 131 146 117
0.086491 0.121643 0.747000 131 146 117
-0.157066 0.123087 0.744000 163 171 168
-0.155136 0.123087 0.744000 127 144 126
-0.153206 0.123087 0.744000 105 122 104
-0.151275 0.123087 0.744000 100 129 97
-0.149144 0.122921 0.743000 107 136 104
-0.147217 0.122921 0.743000 109 139 100
-0.145289 0.122921 0.743000 101 131 92
-0.143361 0.122921 0.743000 125 146 122
-0.141434 0.122921 0.743000 146 167 143
-0.139506 0.122921 0.743000 164 178 167
0.063234 0.123583 0.747000 149 164 150
0.065172 0.123583 0.747000 137 159 132
0.067110 0.123583 0.747000 124 146 119
0.069048 0.123583 0.747000 117 142 105
0.070891 0.123418 0.746000 118 143 106
0.072924 0.123583 0.747000 113 138 101
0.074762 0.123418 0.746000 112 137 100
0.076800 0.123583 0.747000 130 153 119
0.078738 0.123583 0.747000 132 155 121
0.080676 0.123583 0.747000 128 147 121
0.082615 0.123583 0.747000 128 147 121
-0.153411 0.125188 0.745000 157 166 157
-0.151479 0.125188 0.745000 110 131 107
-0.149546 0.125188 0.745000 103 124 100
-0.147415 0.125020 0.744000 106 136 99
-0.145485 0.125020 0.744000 105 135 98
-0.143554 0.125020 0.744000 103 131 95
-0.141624 0.125020 0.744000 107 135 99
-0.139694 0.125020 0.744000 123 140 122
-0.137579 0.124852 0.743000 154 171 153
-0.135651 0.124852 0.743000 164 178 167
0.059438 0.125692 0.748000 152 164 154
0.061378 0.125692 0.748000 139 162 137
0.063234 0.125524 0.747000 113 136 111
0.065172 0.125524 0.747000 115 144 110
0.067110 0.125524 0.747000 112 141 107
0.069048 0.125524 0.747000 107 135 97
0.070986 0.125524 0.747000 113 141 103
0.072924 0.125524 0.747000 124 147 111
0.074862 0.125524 0.747000 131 154 118
0.076800 0.125524 0.747000 132 149 119
0.078844 0.125692 0.748000 131 148 118
-0.151682 0.127294 0.746000 163 178 164
-0.149747 0.127294 0.746000 132 147 133
-0.147613 0.127123 0.745000 108 132 102
-0.145680 0.127123 0.745000 101 125 95
-0.143554 0.126952 0.744000 107 137 100
-0.141624 0.126952 0.744000 108 138 101
-0.139694 0.126952 0.744000 111 138 107
-0.137764 0.126952 0.744000 111 138 107
-0.135651 0.126782 0.743000 144 161 145
-0.133903 0.126952 0.744000 154 171 155
-0.131973 0.126952 0.744000 161 176 162
0.055557 0.127635 0.748000 150 162 152
0.057497 0.127635 0.748000 131 157 133
0.059438 0.127635 0.748000 124 150 126
0.061378 0.127635 0.748000 120 151 119
0.063319 0.127635 0.748000 103 134 102
0.065260 0.127635 0.748000 108 138 101
0.067200 0.127635 0.748000 105 135 98
0.069141 0.127635 0.748000 115 140 105
0.071081 0.127635 0.748000 126 151 116
0.073022 0.127635 0.748000 136 152 120
0.074963 0.127635 0.748000 135 151 119
0.076903 0.127635 0.748000 135 147 121
-0.147811 0.129232 0.746000 152 167 149
-0.145876 0.129232 0.746000 118 133 115
-0.143747 0.129058 0.745000 104 128 96
-0.141815 0.129058 0.745000 108 132 100
-0.139882 0.129058 0.745000 110 140 103
-0.137764 0.128885 0.744000 110 140 103
-0.135833 0.128885 0.744000 110 137 108
-0.133903 0.128885 0.744000 123 150 121
-0.131973 0.128885 0.744000 144 161 145
-0.130218 0.129058 0.745000 151 168 152
-0.128285 0.129058 0.745000 160 174 163
0.051675 0.129578 0.748000 150 159 150
0.053616 0.129578 0.748000 140 161 139
0.055557 0.129578 0.748000 128 149 127
0.057497 0.129578 0.748000 113 144 110
0.059438 0.129578 0.748000 108 139 105
0.061378 0.129578 0.748000 108 139 105
0.063319 0.129578 0.748000 100 131 97
0.065347 0.129751 0.749000 109 136 103
0.067290 0.129751 0.749000 128 155 122
0.069233 0.129751 0.749000 132 149 121
0.071272 0.129925 0.750000 132 149 121
0.073120 0.129751 0.749000 137 149 125
-0.145876 0.131170 0.746000 168 181 176
-0.143940 0.131170 0.746000 137 155 134
-0.142005 0.131170 0.746000 111 129 108
-0.139882 0.130994 0.745000 102 126 96
-0.137949 0.130994 0.745000 106 130 100
-0.135833 0.130818 0.744000 108 137 103
-0.133903 0.130818 0.744000 103 132 98
-0.131973 0.130818 0.744000 109 138 108
-0.130218 0.130994 0.745000 127 156 126
-0.128285 0.130994 0.745000 148 168 153
-0.126522 0.131170 0.746000 160 180 165
-0.124586 0.131170 0.746000 157 173 164
0.045854 0.131521 0.748000 155 168 155
0.047794 0.131521 0.748000 152 165 152
0.049735 0.131521 0.748000 136 154 133
0.051675 0.131521 0.748000 129 147 126
0.053616 0.131521 0.748000 126 156 119
0.055557 0.131521 0.748000 121 151 114
0.057574 0.131697 0.749000 110 142 103
0.059517 0.131697 0.749000 107 139 100
0.061460 0.131697 0.749000 110 142 105
0.063488 0.131873 0.750000 113 145 108
0.065434 0.131873 0.750000 133 152 126
0.067380 0.131873 0.750000 132 151 125
0.069418 0.132049 0.751000 135 144 124
-0.142005 0.133108 0.746000 160 174 163
-0.140069 0.133108 0.746000 113 134 110
-0.138134 0.133108 0.746000 106 127 103
-0.136016 0.132929 0.745000 102 131 97
-0.134083 0.132929 0.745000 106 135 101
-0.132150 0.132929 0.745000 107 139 102
-0.130218 0.132929 0.745000 106 138 101
-0.128457 0.133108 0.746000 108 135 106
-0.126522 0.133108 0.746000 122 149 120
-0.124586 0.133108 0.746000 145 162 148
-0.122651 0.133108 0.746000 156 173 159
-0.120715 0.133108 0.746000 156 170 161
0.042085 0.133821 0.750000 147 164 148
0.043972 0.133643 0.749000 142 159 143
0.045915 0.133643 0.749000 131 154 129
0.047858 0.133643 0.749000 125 148 123
0.049801 0.133643 0.749000 121 148 117
0.051744 0.133643 0.749000 122 149 118
0.053688 0.133643 0.749000 109 139 102
0.055705 0.133821 0.750000 103 133 96
0.057651 0.133821 0.750000 114 144 107
0.059597 0.133821 0.750000 122 152 115
0.061625 0.134000 0.751000 122 151 117
0.063573 0.134000 0.751000 122 151 117
0.065609 0.134178 0.752000 134 150 127
0.067560 0.134178 0.752000 135 151 128
-0.138134 0.135046 0.746000 145 158 145
-0.136199 0.135046 0.746000 119 141 114
-0.134263 0.135046 0.746000 107 129 102
-0.132328 0.135046 0.746000 100 132 95
-0.130392 0.135046 0.746000 100 132 95
-0.128457 0.135046 0.746000 101 133 96
-0.126522 0.135046 0.746000 105 137 100
-0.124586 0.135046 0.746000 114 133 107
-0.122651 0.135046 0.746000 129 148 122
-0.120715 0.135046 0.746000 153 168 154
-0.118780 0.135046 0.746000 165 180 166
-0.117001 0.135227 0.747000 164 178 167
0.036295 0.135951 0.751000 157 169 159
0.038193 0.135770 0.750000 153 169 148
0.040139 0.135770 0.750000 143 159 138
0.042085 0.135770 0.750000 124 151 120
0.044030 0.135770 0.750000 118 145 114
0.045976 0.135770 0.750000 116 146 109
0.047922 0.135770 0.750000 114 144 107
0.049868 0.135770 0.750000 113 143 104
0.051883 0.135951 0.751000 113 143 104
0.053831 0.135951 0.751000 109 139 100
0.055779 0.135951 0.751000 123 153 114
0.057805 0.136132 0.752000 125 153 117
0.059756 0.136132 0.752000 125 153 117
0.061707 0.136132 0.752000 128 150 123
0.063742 0.136313 0.753000 128 150 123
-0.136199 0.136984 0.746000 167 180 165
-0.134263 0.136984 0.746000 144 157 142
-0.132328 0.136984 0.746000 112 136 108
-0.130392 0.136984 0.746000 103 127 99
-0.128457 0.136984 0.746000 103 134 100
-0.126522 0.136984 0.746000 105 136 102
-0.124586 0.136984 0.746000 110 137 104
-0.122651 0.136984 0.746000 111 138 105
-0.120715 0.136984 0.746000 113 134 110
-0.118780 0.136984 0.746000 125 146 122
-0.117001 0.137167 0.747000 147 164 148
-0.115063 0.137167 0.747000 161 178 162
-0.113276 0.137351 0.748000 164 179 165
0.030572 0.138453 0.754000 158 171 158
0.032485 0.138269 0.753000 151 164 151
0.034393 0.138085 0.752000 136 154 131
0.036344 0.138085 0.752000 132 150 127
0.038295 0.138085 0.752000 123 148 113
0.040246 0.138085 0.752000 117 142 107
0.042197 0.138085 0.752000 109 139 100
0.044148 0.138085 0.752000 106 136 97
0.046099 0.138085 0.752000 108 138 99
0.048050 0.138085 0.752000 110 140 101
0.050001 0.138085 0.752000 116 144 106
0.051952 0.138085 0.752000 121 149 111
0.053974 0.138269 0.753000 126 151 116
0.055928 0.138269 0.753000 129 154 119
0.057958 0.138453 0.754000 129 148 122
0.059915 0.138453 0.754000 132 151 125
-0.132328 0.138922 0.746000 165 180 166
-0.130392 0.138922 0.746000 146 161 147
-0.128457 0.138922 0.746000 119 140 116
-0.126522 0.138922 0.746000 105 126 102
-0.124586 0.138922 0.746000 104 131 98
-0.122651 0.138922 0.746000 110 137 104
-0.120877 0.139108 0.747000 109 136 103
-0.118939 0.139108 0.747000 109 136 103
-0.117001 0.139108 0.747000 111 135 107
-0.115217 0.139294 0.748000 119 143 115
-0.113276 0.139294 0.748000 139 156 138
-0.111336 0.139294 0.748000 149 166 148
-0.109395 0.139294 0.748000 157 170 155
-0.107598 0.139480 0.749000 161 174 159
0.024769 0.140784 0.756000 155 167 159
0.026730 0.140784 0.756000 150 165 147
0.028654 0.140598 0.755000 143 158 140
0.030612 0.140598 0.755000 126 148 121
0.032571 0.140598 0.755000 118 140 113
0.034484 0.140411 0.754000 117 145 107
0.036392 0.140225 0.753000 118 146 108
0.038295 0.140039 0.752000 116 145 102
0.040299 0.140225 0.753000 100 129 86
0.042253 0.140225 0.753000 99 128 85
0.044206 0.140225 0.753000 103 132 89
0.046160 0.140225 0.753000 119 142 106
0.048178 0.140411 0.754000 125 148 112
0.050134 0.140411 0.754000 128 147 117
0.052159 0.140598 0.755000 128 147 117
0.054118 0.140598 0.755000 134 150 127
0.056076 0.140598 0.755000 134 150 127
-0.126691 0.141048 0.747000 140 153 140
-0.124753 0.141048 0.747000 119 140 116
-0.122815 0.141048 0.747000 105 126 102
-0.120877 0.141048 0.747000 105 129 97
-0.118939 0.141048 0.747000 110 134 102
-0.117158 0.141237 0.748000 108 135 102
-0.115217 0.141237 0.748000 109 136 103
-0.113276 0.141237 0.748000 109 136 105
-0.111485 0.141426 0.749000 114 141 110
-0.109541 0.141426 0.749000 140 158 135
-0.107598 0.141426 0.749000 144 162 139
-0.105796 0.141615 0.750000 156 173 155
-0.103850 0.141615 0.750000 158 175 157
-0.101905 0.141615 0.750000 157 172 158
0.016923 0.142748 0.756000 152 163 159
0.018885 0.142748 0.756000 153 167 156
0.020846 0.142748 0.756000 150 164 153
0.022808 0.142748 0.756000 141 158 140
0.024769 0.142748 0.756000 134 151 133
0.026730 0.142748 0.756000 119 143 111
0.028692 0.142748 0.756000 111 135 103
0.030653 0.142748 0.756000 115 140 105
0.032571 0.142559 0.755000 112 137 102
0.034530 0.142559 0.755000 111 136 99
0.036440 0.142370 0.754000 101 126 89
0.038397 0.142370 0.754000 102 127 90
0.040406 0.142559 0.755000 109 134 97
0.042365 0.142559 0.755000 125 145 110
0.044324 0.142559 0.755000 128 148 113
0.046283 0.142559 0.755000 132 147 118
0.048241 0.142559 0.755000 132 147 118
0.050267 0.142748 0.756000 134 146 122
-0.122979 0.143180 0.748000 147 162 148
-0.121039 0.143180 0.748000 121 142 120
-0.119098 0.143180 0.748000 105 126 104
-0.117158 0.143180 0.748000 100 127 96
-0.115371 0.143372 0.749000 106 133 102
-0.113428 0.143372 0.749000 106 134 98
-0.111634 0.143563 0.750000 111 139 103
-0.109688 0.143563 0.750000 110 135 100
-0.107742 0.143563 0.750000 111 136 101
-0.105796 0.143563 0.750000 118 140 111
-0.103850 0.143563 0.750000 132 154 125
-0.101905 0.143563 0.750000 146 167 145
-0.099959 0.143563 0.750000 159 180 158
-0.098144 0.143755 0.751000 166 182 161
-0.096195 0.143755 0.751000 161 177 156
0.009030 0.143946 0.752000 151 162 158
0.011010 0.144329 0.754000 154 166 158
0.012966 0.144329 0.754000 157 169 161
0.014942 0.144520 0.755000 145 165 150
0.016923 0.144712 0.756000 135 155 140
0.020874 0.144903 0.757000 116 139 116
0.022838 0.144903 0.757000 118 142 112
0.024802 0.144903 0.757000 120 144 114
0.026766 0.144903 0.757000 118 146 108
0.028692 0.144712 0.756000 111 139 101
0.030653 0.144712 0.756000 109 137 99
0.032614 0.144712 0.756000 103 131 93
0.034530 0.144520 0.755000 110 135 100
0.036489 0.144520 0.755000 118 143 108
0.038448 0.144520 0.755000 123 143 110
0.040460 0.144712 0.756000 129 149 116
0.042421 0.144712 0.756000 133 145 119
0.044383 0.144712 0.756000 134 146 120
0.046344 0.144712 0.756000 136 146 123
-0.119257 0.145318 0.749000 143 156 143
-0.117314 0.145318 0.749000 129 145 124
-0.115525 0.145512 0.750000 113 129 108
-0.113579 0.145512 0.750000 104 126 97
-0.111634 0.145512 0.750000 107 129 100
-0.109688 0.145512 0.750000 112 137 100
-0.107742 0.145512 0.750000 112 137 100
-0.105796 0.145512 0.750000 106 134 96
-0.103850 0.145512 0.750000 111 139 101
-0.101905 0.145512 0.750000 115 145 106
-0.100092 0.145706 0.751000 117 147 108
-0.098144 0.145706 0.751000 133 158 123
-0.096195 0.145706 0.751000 146 171 136
-0.094372 0.145900 0.752000 141 160 130
-0.092421 0.145900 0.752000 139 158 128
-0.090470 0.145900 0.752000 168 176 163
-0.088519 0.145900 0.752000 164 172 159
-0.000723 0.145512 0.750000 145 160 155
0.001223 0.145512 0.750000 144 159 154
0.003169 0.145512 0.750000 142 161 151
0.005121 0.145706 0.751000 142 161 151
0.007079 0.145900 0.752000 144 161 147
0.009030 0.145900 0.752000 139 156 142
0.010996 0.146094 0.753000 129 146 128
0.012966 0.146288 0.754000 122 139 121
0.014942 0.146482 0.755000 117 140 115
0.016923 0.146676 0.756000 118 141 116
0.020874 0.146870 0.757000 110 137 106
0.022838 0.146870 0.757000 110 138 102
0.024802 0.146870 0.757000 108 136 100
0.026766 0.146870 0.757000 101 129 93
0.028730 0.146870 0.757000 109 137 101
0.030653 0.146676 0.756000 116 141 106
0.032614 0.146676 0.756000 120 145 110
0.034576 0.146676 0.756000 126 145 117
0.036537 0.146676 0.756000 127 146 118
0.038498 0.146676 0.756000 134 144 121
0.040460 0.146676 0.756000 136 146 123
-0.113731 0.147657 0.751000 150 166 145
-0.111782 0.147657 0.751000 135 151 130
-0.109834 0.147657 0.751000 113 135 106
-0.108029 0.147853 0.752000 103 125 96
-0.106078 0.147853 0.752000 102 130 92
-0.103989 0.147657 0.751000 103 131 93
-0.102040 0.147657 0.751000 106 139 97
-0.100092 0.147657 0.751000 107 140 98
-0.098274 0.147853 0.752000 108 139 95
-0.096323 0.147853 0.752000 110 141 97
-0.094372 0.147853 0.752000 111 140 97
-0.092421 0.147853 0.752000 111 140 97
-0.090470 0.147853 0.752000 136 155 125
-0.088637 0.148050 0.753000 141 160 130
-0.086684 0.148050 0.753000 143 160 142
-0.084730 0.148050 0.753000 149 166 148
-0.082776 0.148050 0.753000 150 167 153
-0.080823 0.148050 0.753000 151 168 154
-0.078974 0.148246 0.754000 154 170 159
-0.077018 0.148246 0.754000 157 173 162
-0.010452 0.147460 0.750000 153 164 160
-0.008506 0.147460 0.750000 147 161 152
-0.006560 0.147460 0.750000 147 161 152
-0.004615 0.147460 0.750000 148 164 153
-0.002669 0.147460 0.750000 144 160 149
-0.000723 0.147460 0.750000 136 158 138
0.001223 0.147460 0.750000 130 152 132
0.003169 0.147460 0.750000 129 152 129
0.005121 0.147657 0.751000 123 146 123
0.007079 0.147853 0.752000 119 143 115
0.009030 0.147853 0.752000 117 141 113
0.010996 0.148050 0.753000 116 140 108
0.012966 0.148246 0.754000 115 139 107
0.014942 0.148443 0.755000 111 135 103
0.016923 0.148640 0.756000 109 133 101
0.020874 0.148836 0.757000 108 132 100
0.022838 0.148836 0.757000 108 132 100
0.024802 0.148836 0.757000 116 140 108
0.028730 0.148836 0.757000 130 149 119
0.030653 0.148640 0.756000 130 145 120
0.032614 0.148640 0.756000 130 145 120
0.034576 0.148640 0.756000 135 146 127
-0.108029 0.149807 0.752000 146 161 143
-0.106078 0.149807 0.752000 126 148 121
-0.104127 0.149807 0.752000 111 133 106
-0.102176 0.149807 0.752000 105 129 97
-0.100225 0.149807 0.752000 108 132 100
-0.098274 0.149807 0.752000 106 135 92
-0.096323 0.149807 0.752000 107 136 93
-0.094372 0.149807 0.752000 108 137 92
-0.092544 0.150006 0.753000 111 140 95
-0.090591 0.150006 0.753000 114 143 102
-0.088637 0.150006 0.753000 110 139 98
-0.086799 0.150205 0.754000 109 137 101
-0.084842 0.150205 0.754000 116 144 108
-0.082886 0.150205 0.754000 121 148 117
-0.080930 0.150205 0.754000 129 156 125
-0.078974 0.150205 0.754000 134 160 134
-0.077018 0.150205 0.754000 136 162 136
-0.075062 0.150205 0.754000 142 165 142
-0.073008 0.150006 0.753000 148 171 148
-0.071149 0.150205 0.754000 141 164 141
-0.069193 0.150205 0.754000 146 169 146
-0.067237 0.150205 0.754000 150 170 153
-0.065367 0.150404 0.755000 152 172 155
-0.063408 0.150404 0.755000 154 171 155
-0.061531 0.150604 0.756000 149 166 150
-0.059570 0.150604 0.756000 157 172 156
-0.057608 0.150604 0.756000 157 172 156
-0.055721 0.150803 0.757000 155 172 158
-0.053828 0.151002 0.758000 155 172 158
-0.026122 0.150006 0.753000 148 164 155
-0.024137 0.149807 0.752000 148 164 155
-0.022186 0.149807 0.752000 151 167 158
-0.020235 0.149807 0.752000 149 163 152
-0.018284 0.149807 0.752000 141 155 144
-0.016311 0.149607 0.751000 135 150 136
-0.014363 0.149607 0.751000 141 156 142
-0.012398 0.149408 0.750000 142 157 143
-0.010452 0.149408 0.750000 143 158 144
-0.008506 0.149408 0.750000 135 152 136
-0.006560 0.149408 0.750000 135 152 136
-0.004615 0.149408 0.750000 128 149 127
-0.002669 0.149408 0.750000 123 144 122
-0.000723 0.149408 0.750000 115 142 109
0.001223 0.149408 0.750000 113 140 107
0.003169 0.149408 0.750000 111 139 103
0.005121 0.149607 0.751000 113 141 105
0.007079 0.149807 0.752000 113 141 103
0.009030 0.149807 0.752000 111 139 101
0.010996 0.150006 0.753000 110 135 98
0.012966 0.150205 0.754000 111 136 99
0.014942 0.150404 0.755000 109 132 96
0.016923 0.150604 0.756000 111 134 98
0.018885 0.150604 0.756000 123 140 110
0.022838 0.150803 0.757000 133 145 119
0.024769 0.150604 0.756000 141 153 127
-0.102176 0.151760 0.752000 136 152 129
-0.100225 0.151760 0.752000 130 146 123
-0.098274 0.151760 0.752000 113 135 104
-0.096323 0.151760 0.752000 110 132 101
-0.094372 0.151760 0.752000 110 134 95
-0.092544 0.151962 0.753000 110 134 95
-0.090591 0.151962 0.753000 110 136 96
-0.088755 0.152164 0.754000 111 137 97
-0.086799 0.152164 0.754000 109 138 97
-0.084955 0.152366 0.755000 109 138 97
-0.082996 0.152366 0.755000 110 139 98
-0.080930 0.152164 0.754000 113 142 101
-0.078974 0.152164 0.754000 112 143 101
-0.077018 0.152164 0.754000 110 141 99
-0.075062 0.152164 0.754000 112 142 103
-0.073105 0.152164 0.754000 116 146 107
-0.071244 0.152366 0.755000 122 150 114
-0.069285 0.152366 0.755000 127 155 119
-0.067326 0.152366 0.755000 122 149 116
-0.065367 0.152366 0.755000 124 151 118
-0.063408 0.152366 0.755000 127 154 123
-0.061531 0.152567 0.756000 134 161 130
-0.059570 0.152567 0.756000 144 168 138
-0.057608 0.152567 0.756000 144 168 138
-0.055794 0.152971 0.758000 141 165 137
-0.053757 0.152769 0.757000 144 168 140
-0.051861 0.152971 0.758000 137 160 135
-0.049895 0.152971 0.758000 140 163 138
-0.047928 0.152971 0.758000 142 165 142
-0.045961 0.152971 0.758000 142 165 142
-0.043995 0.152971 0.758000 145 167 147
-0.042028 0.152971 0.758000 145 167 147
-0.040009 0.152769 0.757000 145 167 147
-0.038045 0.152769 0.757000 145 167 147
-0.036033 0.152567 0.756000 138 163 144
-0.034072 0.152567 0.756000 135 160 141
-0.032068 0.152366 0.755000 134 159 140
-0.030109 0.152366 0.755000 134 159 140
-0.028113 0.152164 0.754000 135 162 142
-0.026157 0.152164 0.754000 133 160 140
-0.024169 0.151962 0.753000 128 155 135
-0.022186 0.151760 0.752000 124 151 131
-0.020235 0.151760 0.752000 124 150 126
-0.018284 0.151760 0.752000 125 151 127
-0.016333 0.151760 0.752000 126 149 124
-0.014363 0.151558 0.751000 119 142 117
-0.012414 0.151558 0.751000 119 143 115
-0.010466 0.151558 0.751000 117 141 113
-0.008506 0.151357 0.750000 118 142 114
-0.006560 0.151357 0.750000 117 141 113
-0.004615 0.151357 0.750000 116 141 106
-0.002669 0.151357 0.750000 116 141 106
-0.000723 0.151357 0.750000 112 138 98
0.001223 0.151357 0.750000 110 136 96
0.003169 0.151357 0.750000 108 134 94
0.005121 0.151558 0.751000 106 132 92
0.007079 0.151760 0.752000 107 131 92
0.009042 0.151962 0.753000 113 137 98
0.011010 0.152164 0.754000 119 139 104
0.012984 0.152366 0.755000 123 143 108
0.016923 0.152567 0.756000 136 153 123
0.018885 0.152567 0.756000 141 151 126
-0.096579 0.154123 0.754000 142 155 138
-0.094623 0.154123 0.754000 124 139 114
-0.092667 0.154123 0.754000 114 129 104
-0.090711 0.154123 0.754000 113 130 100
-0.088755 0.154123 0.754000 113 130 100
-0.086914 0.154327 0.755000 110 128 93
-0.084955 0.154327 0.755000 115 133 98
-0.082996 0.154327 0.755000 114 137 101
-0.081037 0.154327 0.755000 114 137 101
-0.079079 0.154327 0.755000 111 136 99
-0.077120 0.154327 0.755000 110 135 98
-0.075161 0.154327 0.755000 108 137 96
-0.073202 0.154327 0.755000 115 144 103
-0.071244 0.154327 0.755000 115 144 103
-0.069285 0.154327 0.755000 117 146 105
-0.067326 0.154327 0.755000 114 143 100
-0.065367 0.154327 0.755000 116 145 102
-0.063492 0.154531 0.756000 115 144 101
-0.061531 0.154531 0.756000 117 146 103
-0.059570 0.154531 0.756000 116 145 102
-0.057685 0.154736 0.757000 114 143 100
-0.055794 0.154940 0.758000 113 142 101
-0.053828 0.154940 0.758000 115 144 103
-0.051861 0.154940 0.758000 115 143 105
-0.049960 0.155145 0.759000 117 145 107
-0.047991 0.155145 0.759000 120 148 112
-0.046022 0.155145 0.759000 121 149 113
-0.043995 0.154940 0.758000 122 149 116
-0.042028 0.154940 0.758000 120 147 114
-0.040062 0.154940 0.758000 114 143 109
-0.038045 0.154736 0.757000 110 139 105
-0.036081 0.154736 0.757000 113 142 108
-0.034072 0.154531 0.756000 113 142 108
-0.032111 0.154531 0.756000 113 142 110
-0.030109 0.154327 0.755000 113 142 110
-0.028151 0.154327 0.755000 112 143 109
-0.026192 0.154327 0.755000 112 143 109
-0.024201 0.154123 0.754000 117 148 114
-0.022245 0.154123 0.754000 121 152 118
-0.020262 0.153918 0.753000 117 149 112
-0.018332 0.154123 0.754000 117 149 112
-0.016333 0.153714 0.752000 114 144 107
-0.014382 0.153714 0.752000 110 140 103
-0.012431 0.153714 0.752000 112 142 105
-0.010480 0.153714 0.752000 108 138 101
-0.008518 0.153509 0.751000 110 135 100
-0.006569 0.153509 0.751000 105 130 95
-0.004621 0.153509 0.751000 100 123 87
-0.002669 0.153305 0.750000 102 125 89
-0.000724 0.153509 0.751000 105 128 92
0.001224 0.153509 0.751000 110 133 97
0.003177 0.153714 0.752000 122 142 107
0.005128 0.153714 0.752000 120 140 105
0.007088 0.153918 0.753000 133 149 117
0.009054 0.154123 0.754000 131 147 115
0.011025 0.154327 0.755000 137 152 123
0.012984 0.154327 0.755000 136 151 122
-0.086914 0.156288 0.755000 137 151 129
-0.084955 0.156288 0.755000 132 146 124
-0.083106 0.156495 0.756000 122 139 111
-0.081037 0.156288 0.755000 118 135 107
-0.079079 0.156288 0.755000 113 132 102
-0.077120 0.156288 0.755000 108 127 97
-0.075161 0.156288 0.755000 106 128 97
-0.073202 0.156288 0.755000 109 131 100
-0.071244 0.156288 0.755000 104 129 92
-0.069377 0.156495 0.756000 109 134 97
-0.067415 0.156495 0.756000 110 136 96
-0.065454 0.156495 0.756000 110 136 96
-0.063492 0.156495 0.756000 109 135 93
-0.061613 0.156702 0.757000 106 132 90
-0.059727 0.156909 0.758000 113 139 97
-0.057761 0.156909 0.758000 115 141 99
-0.055794 0.156909 0.758000 115 141 99
-0.053899 0.157116 0.759000 115 141 99
-0.051930 0.157116 0.759000 110 139 96
-0.049960 0.157116 0.759000 111 140 97
-0.047991 0.157116 0.759000 111 140 97
-0.046022 0.157116 0.759000 114 143 100
-0.044053 0.157116 0.759000 110 139 96
-0.042084 0.157116 0.759000 107 136 93
-0.040062 0.156909 0.758000 110 139 96
-0.038095 0.156909 0.758000 111 140 97
-0.036081 0.156702 0.757000 113 144 100
-0.034117 0.156702 0.757000 113 144 100
-0.032111 0.156495 0.756000 114 145 101
-0.030149 0.156495 0.756000 113 144 100
-0.028151 0.156288 0.755000 109 140 98
-0.026192 0.156288 0.755000 101 132 90
-0.024233 0.156288 0.755000 99 130 88
-0.022274 0.156288 0.755000 96 127 85
-0.020316 0.156288 0.755000 98 128 89
-0.018357 0.156288 0.755000 103 133 94
-0.016376 0.156081 0.754000 110 138 100
-0.014420 0.156081 0.754000 104 132 94
-0.012431 0.155667 0.752000 109 137 99
-0.010480 0.155667 0.752000 113 141 103
-0.008529 0.155667 0.752000 119 142 108
-0.006578 0.155667 0.752000 119 142 108
-0.004627 0.155667 0.752000 129 147 114
-0.002676 0.155667 0.752000 132 150 117
-0.000725 0.155667 0.752000 138 153 124
0.001226 0.155667 0.752000 138 153 124
0.003181 0.155874 0.753000 138 148 121
-0.077222 0.158459 0.756000 137 150 133
-0.075261 0.158459 0.756000 129 145 124
-0.073299 0.158459 0.756000 132 148 127
-0.071338 0.158459 0.756000 132 148 125
-0.069377 0.158459 0.756000 129 145 122
-0.067415 0.158459 0.756000 125 140 113
-0.065454 0.158459 0.756000 121 136 109
-0.063576 0.158669 0.757000 122 139 111
-0.061694 0.158879 0.758000 120 137 109
-0.059727 0.158879 0.758000 119 138 108
-0.057761 0.158879 0.758000 120 139 109
-0.055868 0.159088 0.759000 119 138 108
-0.053899 0.159088 0.759000 114 133 103
-0.051930 0.159088 0.759000 111 131 98
-0.049960 0.159088 0.759000 109 129 96
-0.048054 0.159298 0.760000 105 128 94
-0.046083 0.159298 0.760000 105 128 94
-0.044053 0.159088 0.759000 102 125 89
-0.042084 0.159088 0.759000 107 130 94
-0.040115 0.159088 0.759000 104 129 92
-0.038095 0.158879 0.758000 106 131 94
-0.036129 0.158879 0.758000 109 134 97
-0.034117 0.158669 0.757000 112 137 100
-0.032153 0.158669 0.757000 112 137 100
-0.030149 0.158459 0.756000 113 138 101
-0.028188 0.158459 0.756000 109 134 99
-0.026227 0.158459 0.756000 108 133 98
-0.024233 0.158250 0.755000 113 138 103
-0.022274 0.158250 0.755000 116 141 106
-0.020316 0.158250 0.755000 121 140 110
-0.018357 0.158250 0.755000 126 145 115
-0.016398 0.158250 0.755000 126 145 117
-0.014439 0.158250 0.755000 127 146 118
-0.012464 0.158040 0.754000 129 148 120
-0.010508 0.158040 0.754000 130 149 121
-0.008552 0.158040 0.754000 135 150 125
-0.006595 0.158040 0.754000 136 151 126
-0.059806 0.161060 0.759000 129 142 125
-0.057837 0.161060 0.759000 124 137 120
-0.055868 0.161060 0.759000 128 142 122
-0.053970 0.161272 0.760000 132 146 126
-0.051998 0.161272 0.760000 135 146 127
-0.050026 0.161272 0.760000 135 146 127
-0.048054 0.161272 0.760000 133 147 125
-0.046083 0.161272 0.760000 132 146 124
-0.044111 0.161272 0.760000 129 143 121
-0.042139 0.161272 0.760000 125 139 117
-0.040115 0.161060 0.759000 123 139 116
-0.038146 0.161060 0.759000 124 140 117
-0.036129 0.160848 0.758000 128 144 121
-0.034162 0.160848 0.758000 127 143 120
-0.032196 0.160848 0.758000 125 141 118
-0.030229 0.160848 0.758000 124 140 117
-0.028225 0.160636 0.757000 125 141 118
-0.026227 0.160423 0.756000 129 145 122
-0.024265 0.160423 0.756000 132 146 124
-0.022304 0.160423 0.756000 131 145 123
-0.020342 0.160423 0.756000 133 144 125
