ply
format ascii 1.0
element vertex 26158
property float x
property float y
property float z
property uchar red
property uchar green
property uchar blue
end_header
0.031410 -0.301466 0.561000 44 57 52
0.032860 -0.301466 0.561000 44 57 52
0.034311 -0.301466 0.561000 42 55 50
0.037212 -0.301466 0.561000 40 51 47
0.038663 -0.301466 0.561000 42 50 47
0.040113 -0.301466 0.561000 42 50 47
0.041564 -0.301466 0.561000 41 48 42
0.043014 -0.301466 0.561000 40 47 41
0.045834 -0.300929 0.560000 41 44 43
0.047282 -0.300929 0.560000 43 43 43
0.048730 -0.300929 0.560000 43 43 43
0.050088 -0.300391 0.559000 42 42 38
0.051533 -0.300391 0.559000 45 45 41
0.052979 -0.300391 0.559000 44 44 40
0.054424 -0.300391 0.559000 41 41 37
0.055870 -0.300391 0.559000 41 41 35
0.057315 -0.300391 0.559000 44 44 38
0.058655 -0.299854 0.558000 44 44 40
0.060098 -0.299854 0.558000 44 44 40
0.061541 -0.299854 0.558000 44 44 40
0.062871 -0.299316 0.557000 45 45 41
0.064311 -0.299316 0.557000 42 42 36
0.065633 -0.298779 0.556000 40 40 34
0.066950 -0.298242 0.555000 39 39 33
0.068385 -0.298242 0.555000 40 40 34
0.069820 -0.298242 0.555000 41 41 35
0.071255 -0.298242 0.555000 40 40 34
0.072690 -0.298242 0.555000 41 41 35
0.074259 -0.298779 0.556000 42 42 36
0.075697 -0.298779 0.556000 38 42 35
0.078713 -0.299316 0.557000 37 44 36
0.081740 -0.299854 0.558000 39 46 40
0.083183 -0.299854 0.558000 39 46 40
0.084777 -0.300391 0.559000 39 46 40
0.086223 -0.300391 0.559000 40 47 41
0.087668 -0.300391 0.559000 41 50 43
0.089273 -0.300929 0.560000 40 49 42
0.090721 -0.300929 0.560000 38 50 40
0.092169 -0.300929 0.560000 39 51 41
0.093617 -0.300929 0.560000 39 53 44
0.095065 -0.300929 0.560000 39 53 44
0.096513 -0.300929 0.560000 38 54 45
0.097961 -0.300929 0.560000 43 59 50
0.099409 -0.300929 0.560000 45 64 54
-0.006282 -0.298944 0.559000 65 78 75
-0.004837 -0.298944 0.559000 64 75 73
-0.003392 -0.298944 0.559000 61 72 70
-0.001943 -0.298409 0.558000 57 68 64
-0.000500 -0.298409 0.558000 52 63 59
0.000941 -0.297874 0.557000 54 62 59
0.002381 -0.297874 0.557000 50 58 55
0.003815 -0.297339 0.556000 46 53 47
0.005252 -0.297339 0.556000 42 49 43
0.006678 -0.296805 0.555000 43 47 40
0.008113 -0.296805 0.555000 43 47 40
0.009531 -0.296270 0.554000 45 46 40
0.010963 -0.296270 0.554000 46 47 41
0.012396 -0.296270 0.554000 44 48 43
0.013828 -0.296270 0.554000 44 48 43
0.015261 -0.296270 0.554000 41 50 43
0.016723 -0.296805 0.555000 40 49 42
0.018126 -0.296270 0.554000 41 52 48
0.019593 -0.296805 0.555000 40 51 47
0.021028 -0.296805 0.555000 38 49 47
0.022504 -0.297339 0.556000 37 48 46
0.023985 -0.297874 0.557000 38 51 50
0.025471 -0.298409 0.558000 44 57 56
0.026913 -0.298409 0.558000 40 53 52
0.028356 -0.298409 0.558000 40 53 52
0.029852 -0.298944 0.559000 42 55 54
0.031298 -0.298944 0.559000 40 53 52
0.032743 -0.298944 0.559000 39 52 51
0.034189 -0.298944 0.559000 40 53 52
0.035634 -0.298944 0.559000 41 52 50
0.037079 -0.298944 0.559000 41 52 50
0.038525 -0.298944 0.559000 44 55 53
0.039970 -0.298944 0.559000 43 54 52
0.041416 -0.298944 0.559000 43 51 50
0.042861 -0.298944 0.559000 45 53 52
0.044306 -0.298944 0.559000 44 50 50
0.045752 -0.298944 0.559000 46 52 52
0.048643 -0.298944 0.559000 42 48 50
0.049998 -0.298409 0.558000 43 49 51
0.051441 -0.298409 0.558000 46 52 54
0.052884 -0.298409 0.558000 43 49 49
0.054327 -0.298409 0.558000 43 49 49
0.055770 -0.298409 0.558000 43 49 49
0.057212 -0.298409 0.558000 43 49 49
0.058655 -0.298409 0.558000 46 52 52
0.059990 -0.297874 0.557000 43 49 49
0.061320 -0.297339 0.556000 42 50 49
0.062645 -0.296805 0.555000 43 51 50
0.063965 -0.296270 0.554000 41 52 50
0.065279 -0.295735 0.553000 41 52 50
0.066588 -0.295200 0.552000 43 54 52
0.068016 -0.295200 0.552000 40 51 49
0.069443 -0.295200 0.552000 42 50 49
0.070870 -0.295200 0.552000 41 49 48
0.072297 -0.295200 0.552000 41 49 48
0.073725 -0.295200 0.552000 40 48 47
0.075288 -0.295735 0.553000 38 49 45
0.076718 -0.295735 0.553000 39 50 46
0.078289 -0.296270 0.554000 37 50 45
0.079866 -0.296805 0.555000 36 49 44
0.081447 -0.297339 0.556000 36 49 46
0.083034 -0.297874 0.557000 35 48 45
0.084474 -0.297874 0.557000 35 48 45
0.085914 -0.297874 0.557000 36 49 46
0.088954 -0.298409 0.558000 36 49 46
0.090397 -0.298409 0.558000 36 49 44
0.091840 -0.298409 0.558000 36 49 44
0.093283 -0.298409 0.558000 37 50 45
0.094725 -0.298409 0.558000 37 50 45
0.096168 -0.298409 0.558000 35 48 45
0.097611 -0.298409 0.558000 37 50 47
0.099054 -0.298409 0.558000 37 52 49
0.100497 -0.298409 0.558000 36 51 48
0.101939 -0.298409 0.558000 37 52 49
0.103382 -0.298409 0.558000 37 52 49
0.104825 -0.298409 0.558000 32 45 42
0.106268 -0.298409 0.558000 31 44 41
0.107711 -0.298409 0.558000 33 44 40
0.109349 -0.298944 0.559000 34 45 41
0.110795 -0.298944 0.559000 35 44 37
0.112240 -0.298944 0.559000 38 47 40
0.113685 -0.298944 0.559000 41 48 40
0.115337 -0.299479 0.560000 41 48 40
0.116785 -0.299479 0.560000 43 44 38
0.118233 -0.299479 0.560000 45 46 40
0.121345 -0.300013 0.561000 46 46 40
0.122577 -0.299479 0.560000 49 46 43
0.124025 -0.299479 0.560000 50 47 44
0.125473 -0.299479 0.560000 50 47 44
0.126920 -0.299479 0.560000 53 50 47
0.128368 -0.299479 0.560000 53 53 49
0.129816 -0.299479 0.560000 58 58 54
0.131030 -0.298944 0.559000 55 59 52
0.132475 -0.298944 0.559000 53 57 50
0.133921 -0.298944 0.559000 54 61 53
0.135124 -0.298409 0.558000 56 63 55
0.136567 -0.298409 0.558000 62 66 61
0.138010 -0.298409 0.558000 63 67 62
0.139203 -0.297874 0.557000 61 67 65
0.140390 -0.297339 0.556000 63 69 67
0.141573 -0.296805 0.555000 64 75 71
0.143008 -0.296805 0.555000 67 78 74
0.144183 -0.296270 0.554000 66 78 68
0.145615 -0.296270 0.554000 68 80 70
0.146782 -0.295735 0.553000 69 83 74
0.147944 -0.295200 0.552000 74 88 79
0.149371 -0.295200 0.552000 73 88 85
-0.030468 -0.293771 0.552000 69 78 69
-0.028988 -0.293239 0.551000 66 75 66
-0.027563 -0.293239 0.551000 61 68 60
-0.026138 -0.293239 0.551000 56 63 55
-0.024714 -0.293239 0.551000 55 56 50
-0.023247 -0.292707 0.550000 53 54 48
-0.021825 -0.292707 0.550000 51 52 46
-0.020440 -0.293239 0.551000 48 49 43
-0.019015 -0.293239 0.551000 45 50 40
-0.017622 -0.293771 0.552000 46 51 41
-0.016195 -0.293771 0.552000 44 51 43
-0.014794 -0.294303 0.553000 43 50 42
-0.013389 -0.294835 0.554000 38 49 45
-0.011978 -0.295368 0.555000 37 48 44
-0.010543 -0.295368 0.555000 36 49 46
-0.009124 -0.295900 0.556000 40 53 50
-0.007700 -0.296432 0.557000 42 56 58
-0.006260 -0.296432 0.557000 40 54 56
-0.004820 -0.296432 0.557000 38 52 54
-0.003380 -0.296432 0.557000 36 50 52
-0.001936 -0.295900 0.556000 36 51 50
0.000938 -0.295368 0.555000 36 51 50
0.002369 -0.294835 0.554000 36 51 50
0.003794 -0.294303 0.553000 37 52 51
0.005224 -0.294303 0.553000 35 50 49
0.006642 -0.293771 0.552000 36 51 48
0.008069 -0.293771 0.552000 37 52 49
0.009479 -0.293239 0.551000 38 51 48
0.010904 -0.293239 0.551000 39 52 49
0.012329 -0.293239 0.551000 43 56 53
0.013753 -0.293239 0.551000 42 55 52
0.015178 -0.293239 0.551000 40 53 50
0.016603 -0.293239 0.551000 42 55 52
0.018060 -0.293771 0.552000 40 53 52
0.019488 -0.293771 0.552000 40 53 52
0.020915 -0.293771 0.552000 42 55 52
0.022423 -0.294835 0.554000 42 55 52
0.023899 -0.295368 0.555000 43 56 53
0.025379 -0.295900 0.556000 43 56 53
0.026865 -0.296432 0.557000 40 55 52
0.028305 -0.296432 0.557000 40 55 52
0.029799 -0.296964 0.558000 42 55 52
0.031242 -0.296964 0.558000 39 52 49
0.032685 -0.296964 0.558000 43 56 53
0.034127 -0.296964 0.558000 43 56 53
0.035570 -0.296964 0.558000 44 55 55
0.037013 -0.296964 0.558000 45 56 56
0.038456 -0.296964 0.558000 45 56 54
0.039899 -0.296964 0.558000 46 57 55
0.041341 -0.296964 0.558000 45 56 54
0.042784 -0.296964 0.558000 48 59 57
0.044227 -0.296964 0.558000 46 57 55
0.045670 -0.296964 0.558000 45 56 54
0.047113 -0.296964 0.558000 45 56 54
0.048556 -0.296964 0.558000 45 56 54
0.049998 -0.296964 0.558000 46 57 57
0.051349 -0.296432 0.557000 44 55 55
0.052789 -0.296432 0.557000 43 51 50
0.054229 -0.296432 0.557000 43 51 50
0.055670 -0.296432 0.557000 43 51 50
0.057110 -0.296432 0.557000 45 53 52
0.058550 -0.296432 0.557000 43 54 52
0.059775 -0.295368 0.555000 44 55 53
0.061100 -0.294835 0.554000 45 58 55
0.062532 -0.294835 0.554000 43 56 53
0.063849 -0.294303 0.553000 41 56 51
0.065161 -0.293771 0.552000 42 57 52
0.066588 -0.293771 0.552000 43 58 53
0.067892 -0.293239 0.551000 40 55 50
0.069317 -0.293239 0.551000 44 57 54
0.070742 -0.293239 0.551000 43 56 53
0.072166 -0.293239 0.551000 43 56 53
0.073591 -0.293239 0.551000 44 57 54
0.075016 -0.293239 0.551000 41 56 55
0.076441 -0.293239 0.551000 42 57 56
0.078007 -0.293771 0.552000 38 56 52
0.079578 -0.294303 0.553000 36 54 50
0.081154 -0.294835 0.554000 38 56 52
0.082587 -0.294835 0.554000 36 54 50
0.084171 -0.295368 0.555000 38 53 50
0.085760 -0.295900 0.556000 40 55 52
0.087198 -0.295900 0.556000 38 53 50
0.088795 -0.296432 0.557000 41 56 53
0.090235 -0.296432 0.557000 42 55 52
0.091675 -0.296432 0.557000 44 57 54
0.093115 -0.296432 0.557000 44 57 54
0.094556 -0.296432 0.557000 42 55 52
0.095996 -0.296432 0.557000 41 56 53
0.097436 -0.296432 0.557000 37 52 49
0.098876 -0.296432 0.557000 40 55 54
0.100317 -0.296432 0.557000 42 57 56
0.101757 -0.296432 0.557000 43 58 55
0.103197 -0.296432 0.557000 38 53 50
0.104637 -0.296432 0.557000 42 57 54
0.106077 -0.296432 0.557000 40 55 52
0.107518 -0.296432 0.557000 40 53 50
0.109154 -0.296964 0.558000 43 56 53
0.110596 -0.296964 0.558000 43 56 53
0.112039 -0.296964 0.558000 42 55 52
0.113482 -0.296964 0.558000 40 53 50
0.115131 -0.297496 0.559000 42 55 52
0.116576 -0.297496 0.559000 43 56 51
0.118021 -0.297496 0.559000 43 56 51
0.119467 -0.297496 0.559000 38 49 45
0.120912 -0.297496 0.559000 39 50 46
0.122358 -0.297496 0.559000 41 49 48
0.123803 -0.297496 0.559000 45 53 52
0.125248 -0.297496 0.559000 45 53 54
0.126694 -0.297496 0.559000 41 49 50
0.128139 -0.297496 0.559000 37 48 46
0.129585 -0.297496 0.559000 38 49 47
0.131030 -0.297496 0.559000 37 50 47
0.132238 -0.296964 0.558000 38 51 48
0.133681 -0.296964 0.558000 40 53 50
0.135124 -0.296964 0.558000 39 52 49
0.136322 -0.296432 0.557000 40 51 47
0.137762 -0.296432 0.557000 41 52 48
0.139203 -0.296432 0.557000 43 51 48
0.140643 -0.296432 0.557000 41 49 46
0.141828 -0.295900 0.556000 38 51 48
0.143266 -0.295900 0.556000 37 50 47
0.144443 -0.295368 0.555000 36 49 44
0.145878 -0.295368 0.555000 36 49 44
0.147048 -0.294835 0.554000 37 50 45
0.148480 -0.294835 0.554000 42 55 50
0.149913 -0.294835 0.554000 38 53 52
0.151072 -0.294303 0.553000 35 50 49
0.152502 -0.294303 0.553000 35 48 47
0.153932 -0.294303 0.553000 35 48 47
0.155361 -0.294303 0.553000 37 50 47
0.156508 -0.293771 0.552000 36 49 46
0.157935 -0.293771 0.552000 37 48 44
0.159362 -0.293771 0.552000 34 45 41
0.160790 -0.293771 0.552000 36 45 38
0.162217 -0.293771 0.552000 38 47 40
0.163644 -0.293771 0.552000 40 49 40
0.165371 -0.294303 0.553000 41 50 41
0.166801 -0.294303 0.553000 46 53 47
0.168535 -0.294835 0.554000 47 54 48
0.169967 -0.294835 0.554000 53 53 49
0.171400 -0.294835 0.554000 51 51 47
0.172832 -0.294835 0.554000 54 51 48
0.174579 -0.295368 0.555000 58 55 52
0.176014 -0.295368 0.555000 64 59 55
-0.056159 -0.292342 0.552000 92 101 94
-0.054831 -0.292871 0.553000 75 84 77
-0.053498 -0.293401 0.554000 71 75 68
-0.052065 -0.293401 0.554000 67 71 64
-0.050633 -0.293401 0.554000 64 68 63
-0.049289 -0.293931 0.555000 60 64 59
-0.047854 -0.293931 0.555000 54 63 56
-0.046419 -0.293931 0.555000 53 62 55
-0.044903 -0.293401 0.554000 47 58 54
-0.043470 -0.293401 0.554000 44 55 51
-0.042038 -0.293401 0.554000 42 55 54
-0.040532 -0.292871 0.553000 42 55 54
-0.039102 -0.292871 0.553000 40 53 52
-0.037604 -0.292342 0.552000 42 55 54
-0.036177 -0.292342 0.552000 44 57 56
-0.034687 -0.291812 0.551000 44 57 56
-0.033262 -0.291812 0.551000 44 57 56
-0.031780 -0.291283 0.550000 42 55 54
-0.030357 -0.291283 0.550000 37 50 47
-0.028935 -0.291283 0.550000 39 52 49
-0.027513 -0.291283 0.550000 38 51 48
-0.026044 -0.290753 0.549000 37 50 47
-0.024669 -0.291283 0.550000 41 52 50
-0.023205 -0.290753 0.549000 40 51 49
-0.021785 -0.290753 0.549000 43 54 52
-0.020403 -0.291283 0.550000 44 55 53
-0.018980 -0.291283 0.550000 44 55 53
-0.017558 -0.291283 0.550000 46 57 55
-0.016136 -0.291283 0.550000 47 58 56
-0.014741 -0.291812 0.551000 46 57 55
-0.013340 -0.292342 0.552000 45 56 56
-0.011913 -0.292342 0.552000 45 56 56
-0.010505 -0.292871 0.553000 44 55 55
-0.009091 -0.293401 0.554000 45 56 56
-0.007659 -0.293401 0.554000 43 56 55
-0.006226 -0.293401 0.554000 42 55 54
-0.004794 -0.293401 0.554000 43 56 55
-0.003361 -0.293401 0.554000 43 56 55
-0.001929 -0.293401 0.554000 44 57 56
-0.000495 -0.292871 0.553000 40 53 52
0.000933 -0.292342 0.552000 40 55 54
0.002360 -0.292342 0.552000 38 53 52
0.003780 -0.291812 0.551000 38 53 52
0.005205 -0.291812 0.551000 37 52 51
0.006630 -0.291812 0.551000 36 54 52
0.008055 -0.291812 0.551000 35 53 51
0.009462 -0.291283 0.550000 38 56 52
0.010884 -0.291283 0.550000 36 54 50
0.013753 -0.291812 0.551000 38 53 50
0.015178 -0.291812 0.551000 39 57 53
0.016603 -0.291812 0.551000 40 58 54
0.018028 -0.291812 0.551000 40 58 56
0.019488 -0.292342 0.552000 39 57 55
0.020915 -0.292342 0.552000 42 57 56
0.022383 -0.292871 0.553000 41 56 55
0.023856 -0.293401 0.554000 43 56 53
0.025334 -0.293931 0.555000 45 58 55
0.026817 -0.294460 0.556000 46 59 56
0.028305 -0.294990 0.557000 45 58 55
0.029746 -0.294990 0.557000 44 57 54
0.031242 -0.295519 0.558000 45 58 55
0.032626 -0.294990 0.557000 46 59 56
0.034127 -0.295519 0.558000 46 59 56
0.035570 -0.295519 0.558000 48 59 57
0.037013 -0.295519 0.558000 48 59 57
0.038456 -0.295519 0.558000 49 57 56
0.039899 -0.295519 0.558000 50 58 57
0.041341 -0.295519 0.558000 48 59 57
0.042784 -0.295519 0.558000 48 59 57
0.044227 -0.295519 0.558000 50 61 59
0.045670 -0.295519 0.558000 50 61 59
0.047113 -0.295519 0.558000 47 58 56
0.048469 -0.294990 0.557000 48 59 57
0.049909 -0.294990 0.557000 47 58 56
0.051349 -0.294990 0.557000 47 58 56
0.052789 -0.294990 0.557000 46 57 55
0.054229 -0.294990 0.557000 47 58 56
0.055670 -0.294990 0.557000 48 59 57
0.057007 -0.294460 0.556000 47 58 56
0.058445 -0.294460 0.556000 47 58 56
0.059775 -0.293931 0.555000 48 59 57
0.061210 -0.293931 0.555000 46 59 54
0.062532 -0.293401 0.554000 45 58 53
0.063849 -0.292871 0.553000 42 58 49
0.065161 -0.292342 0.552000 43 59 50
0.066588 -0.292342 0.552000 43 58 53
0.067892 -0.291812 0.551000 42 57 52
0.069317 -0.291812 0.551000 41 56 51
0.070742 -0.291812 0.551000 41 56 51
0.072166 -0.291812 0.551000 43 58 55
0.073591 -0.291812 0.551000 44 59 56
0.075152 -0.292342 0.552000 43 58 55
0.076579 -0.292342 0.552000 42 57 54
0.078007 -0.292342 0.552000 42 57 54
0.079578 -0.292871 0.553000 41 56 53
0.081154 -0.293401 0.554000 40 58 54
0.082736 -0.293931 0.555000 41 59 55
0.084171 -0.293931 0.555000 43 58 55
0.085606 -0.293931 0.555000 42 57 54
0.087198 -0.294460 0.556000 43 58 55
0.088635 -0.294460 0.556000 47 62 59
0.090073 -0.294460 0.556000 49 62 59
0.091511 -0.294460 0.556000 49 62 59
0.092948 -0.294460 0.556000 47 60 57
0.094386 -0.294460 0.556000 45 58 55
0.095824 -0.294460 0.556000 44 59 58
0.097261 -0.294460 0.556000 44 59 58
0.098699 -0.294460 0.556000 45 60 59
0.100136 -0.294460 0.556000 45 60 59
0.101574 -0.294460 0.556000 44 59 56
0.103012 -0.294460 0.556000 43 58 55
0.104449 -0.294460 0.556000 47 60 57
0.106077 -0.294990 0.557000 49 62 59
0.107518 -0.294990 0.557000 47 60 57
0.109154 -0.295519 0.558000 47 60 57
0.110596 -0.295519 0.558000 46 59 56
0.112039 -0.295519 0.558000 45 58 55
0.113482 -0.295519 0.558000 44 59 54
0.115131 -0.296049 0.559000 45 60 55
0.116576 -0.296049 0.559000 45 60 55
0.118021 -0.296049 0.559000 45 60 55
0.119467 -0.296049 0.559000 44 59 54
0.120912 -0.296049 0.559000 45 60 55
0.122358 -0.296049 0.559000 47 62 57
0.123803 -0.296049 0.559000 44 59 54
0.125248 -0.296049 0.559000 46 59 56
0.126694 -0.296049 0.559000 46 59 56
0.127910 -0.295519 0.558000 46 59 56
0.129353 -0.295519 0.558000 45 58 55
0.130796 -0.295519 0.558000 44 59 56
0.132238 -0.295519 0.558000 45 60 57
0.133681 -0.295519 0.558000 43 58 55
0.135124 -0.295519 0.558000 42 57 54
0.136567 -0.295519 0.558000 42 55 50
0.138010 -0.295519 0.558000 45 58 53
0.139203 -0.294990 0.557000 45 56 52
0.140643 -0.294990 0.557000 44 55 51
0.142083 -0.294990 0.557000 43 56 51
0.143523 -0.294990 0.557000 43 56 51
0.144963 -0.294990 0.557000 42 55 50
0.146404 -0.294990 0.557000 42 55 50
0.147578 -0.294460 0.556000 44 57 54
0.149016 -0.294460 0.556000 45 58 55
0.150454 -0.294460 0.556000 45 58 57
0.151618 -0.293931 0.555000 44 57 56
0.153053 -0.293931 0.555000 43 56 53
0.154488 -0.293931 0.555000 44 57 54
0.155923 -0.293931 0.555000 46 59 56
0.157075 -0.293401 0.554000 43 56 53
0.158507 -0.293401 0.554000 42 55 52
0.159940 -0.293401 0.554000 40 53 50
0.161372 -0.293401 0.554000 43 54 50
0.162805 -0.293401 0.554000 44 55 51
0.164237 -0.293401 0.554000 44 55 51
0.165670 -0.293401 0.554000 44 55 51
0.167102 -0.293401 0.554000 46 59 54
0.168839 -0.293931 0.555000 46 59 54
0.170274 -0.293931 0.555000 44 57 54
0.171709 -0.293931 0.555000 43 56 53
0.173456 -0.294460 0.556000 48 56 57
0.174894 -0.294460 0.556000 45 53 54
0.176648 -0.294990 0.557000 44 47 48
0.178089 -0.294990 0.557000 45 48 49
0.179207 -0.294460 0.556000 43 46 47
0.180969 -0.294990 0.557000 43 46 47
0.182409 -0.294990 0.557000 42 45 46
0.183519 -0.294460 0.556000 38 41 42
0.184957 -0.294460 0.556000 39 45 47
0.186395 -0.294460 0.556000 43 49 51
0.187832 -0.294460 0.556000 40 51 51
0.189270 -0.294460 0.556000 39 50 50
0.190708 -0.294460 0.556000 42 55 54
0.192491 -0.294990 0.557000 40 53 52
0.193931 -0.294990 0.557000 41 49 48
0.195371 -0.294990 0.557000 42 50 49
0.196811 -0.294990 0.557000 46 52 50
-0.071729 -0.290386 0.551000 100 104 97
-0.070177 -0.289859 0.550000 87 99 91
-0.068755 -0.289859 0.550000 76 88 80
-0.067333 -0.289859 0.550000 64 77 74
-0.065910 -0.289859 0.550000 52 65 62
-0.064488 -0.289859 0.550000 45 60 57
-0.063066 -0.289859 0.550000 44 59 56
-0.061644 -0.289859 0.550000 39 57 55
-0.060222 -0.289859 0.550000 38 56 54
-0.058800 -0.289859 0.550000 37 52 51
-0.057378 -0.289859 0.550000 38 53 52
-0.055956 -0.289859 0.550000 42 55 52
-0.054633 -0.290386 0.551000 43 56 53
-0.053208 -0.290386 0.551000 44 57 54
-0.051783 -0.290386 0.551000 43 56 53
-0.050450 -0.290913 0.552000 50 61 59
-0.049023 -0.290913 0.552000 50 61 59
-0.047595 -0.290913 0.552000 44 55 55
-0.046168 -0.290913 0.552000 46 57 57
-0.044741 -0.290913 0.552000 46 57 57
-0.043235 -0.290386 0.551000 48 59 59
-0.041810 -0.290386 0.551000 46 59 58
-0.040386 -0.290386 0.551000 44 57 56
-0.038961 -0.290386 0.551000 45 57 59
-0.037468 -0.289859 0.550000 45 57 59
-0.036046 -0.289859 0.550000 46 58 60
-0.034624 -0.289859 0.550000 46 58 60
-0.033141 -0.289332 0.549000 47 59 61
-0.031722 -0.289332 0.549000 45 57 59
-0.030302 -0.289332 0.549000 44 57 54
-0.028883 -0.289332 0.549000 43 56 53
-0.027413 -0.288804 0.548000 42 55 50
-0.025996 -0.288804 0.548000 43 56 51
-0.024579 -0.288804 0.548000 43 56 53
-0.023162 -0.288804 0.548000 43 56 53
-0.021745 -0.288804 0.548000 42 55 52
-0.020365 -0.289332 0.549000 43 56 53
-0.018946 -0.289332 0.549000 42 55 52
-0.017526 -0.289332 0.549000 44 57 54
-0.016136 -0.289859 0.550000 44 57 54
-0.014714 -0.289859 0.550000 45 58 55
-0.013292 -0.289859 0.550000 45 58 57
-0.011891 -0.290386 0.551000 46 59 58
-0.010486 -0.290913 0.552000 45 58 55
-0.009058 -0.290913 0.552000 45 58 55
-0.007645 -0.291440 0.553000 43 56 53
-0.006215 -0.291440 0.553000 45 58 55
-0.004785 -0.291440 0.553000 45 58 55
-0.003355 -0.291440 0.553000 45 58 55
-0.001922 -0.290913 0.552000 45 58 55
-0.000495 -0.290913 0.552000 44 57 54
0.000931 -0.290386 0.551000 42 57 56
0.002356 -0.290386 0.551000 43 58 57
0.003780 -0.290386 0.551000 40 58 56
0.005196 -0.289859 0.550000 41 59 57
0.006618 -0.289859 0.550000 42 59 60
0.008040 -0.289859 0.550000 42 59 60
0.009462 -0.289859 0.550000 41 59 55
0.010884 -0.289859 0.550000 39 57 53
0.012306 -0.289859 0.550000 40 58 52
0.015178 -0.290386 0.551000 41 59 55
0.016603 -0.290386 0.551000 41 59 55
0.018028 -0.290386 0.551000 41 59 57
0.019488 -0.290913 0.552000 42 60 58
0.020915 -0.290913 0.552000 41 59 57
0.022342 -0.290913 0.552000 41 59 57
0.023856 -0.291967 0.554000 41 56 53
0.025334 -0.292494 0.555000 41 56 53
0.026769 -0.292494 0.555000 42 57 52
0.028255 -0.293021 0.556000 42 57 52
0.029746 -0.293548 0.557000 40 55 50
0.031186 -0.293548 0.557000 40 55 50
0.032626 -0.293548 0.557000 41 56 51
0.034066 -0.293548 0.557000 41 56 51
0.035570 -0.294075 0.558000 44 57 54
0.036947 -0.293548 0.557000 45 58 55
0.038387 -0.293548 0.557000 45 56 54
0.039827 -0.293548 0.557000 44 55 53
0.041267 -0.293548 0.557000 44 55 53
0.042708 -0.293548 0.557000 44 55 53
0.044148 -0.293548 0.557000 40 53 50
0.045588 -0.293548 0.557000 40 53 50
0.047028 -0.293548 0.557000 43 56 53
0.048469 -0.293548 0.557000 40 53 50
0.049909 -0.293548 0.557000 39 52 51
0.051349 -0.293548 0.557000 40 53 52
0.052789 -0.293548 0.557000 38 51 48
0.054229 -0.293548 0.557000 42 55 52
0.055670 -0.293548 0.557000 37 50 47
0.057110 -0.293548 0.557000 37 50 47
0.058550 -0.293548 0.557000 39 52 47
0.059883 -0.293021 0.556000 40 53 48
0.061210 -0.292494 0.555000 38 51 46
0.062645 -0.292494 0.555000 39 52 47
0.063965 -0.291967 0.554000 34 50 41
0.065397 -0.291967 0.554000 33 49 40
0.066709 -0.291440 0.553000 34 50 41
0.068016 -0.290913 0.552000 35 51 42
0.069443 -0.290913 0.552000 33 48 43
0.070870 -0.290913 0.552000 33 48 43
0.072297 -0.290913 0.552000 33 48 45
0.073725 -0.290913 0.552000 33 48 45
0.075288 -0.291440 0.553000 33 48 47
0.076718 -0.291440 0.553000 34 49 48
0.078289 -0.291967 0.554000 34 49 48
0.079722 -0.291967 0.554000 35 50 49
0.081154 -0.291967 0.554000 36 51 48
0.082736 -0.292494 0.555000 36 51 48
0.084322 -0.293021 0.556000 37 52 49
0.085760 -0.293021 0.556000 35 50 47
0.087198 -0.293021 0.556000 35 50 47
0.088635 -0.293021 0.556000 37 52 49
0.090235 -0.293548 0.557000 39 52 51
0.091511 -0.293021 0.556000 40 53 52
0.092948 -0.293021 0.556000 42 54 56
0.094386 -0.293021 0.556000 43 55 57
0.095824 -0.293021 0.556000 38 52 54
0.097261 -0.293021 0.556000 40 54 56
0.098699 -0.293021 0.556000 40 55 54
0.100136 -0.293021 0.556000 41 56 55
0.101574 -0.293021 0.556000 40 55 54
0.103012 -0.293021 0.556000 38 53 52
0.104449 -0.293021 0.556000 43 56 53
0.106077 -0.293548 0.557000 47 60 57
0.107518 -0.293548 0.557000 48 59 57
0.108958 -0.293548 0.557000 47 58 56
0.110596 -0.294075 0.558000 46 59 54
0.112039 -0.294075 0.558000 46 59 54
0.113482 -0.294075 0.558000 43 58 53
0.114925 -0.294075 0.558000 41 56 51
0.116576 -0.294602 0.559000 49 65 56
0.118021 -0.294602 0.559000 48 64 55
0.119467 -0.294602 0.559000 44 60 51
0.120912 -0.294602 0.559000 43 59 50
0.122358 -0.294602 0.559000 42 58 49
0.123803 -0.294602 0.559000 45 61 52
0.125248 -0.294602 0.559000 47 62 57
0.126694 -0.294602 0.559000 48 63 58
0.128139 -0.294602 0.559000 49 64 61
0.129585 -0.294602 0.559000 49 64 61
0.130796 -0.294075 0.558000 45 60 55
0.132475 -0.294602 0.559000 48 63 58
0.133921 -0.294602 0.559000 47 62 57
0.135366 -0.294602 0.559000 45 60 55
0.136812 -0.294602 0.559000 45 58 53
0.138010 -0.294075 0.558000 47 60 55
0.139453 -0.294075 0.558000 50 63 58
0.140895 -0.294075 0.558000 50 63 58
0.142338 -0.294075 0.558000 49 62 57
0.144039 -0.294602 0.559000 50 63 58
0.145224 -0.294075 0.558000 50 63 58
0.146667 -0.294075 0.558000 49 62 57
0.148109 -0.294075 0.558000 49 62 57
0.149552 -0.294075 0.558000 46 59 54
0.150995 -0.294075 0.558000 48 59 55
0.152165 -0.293548 0.557000 50 61 57
0.153605 -0.293548 0.557000 51 64 59
0.155045 -0.293548 0.557000 49 62 57
0.156485 -0.293548 0.557000 50 63 58
0.157925 -0.293548 0.557000 46 59 54
0.159080 -0.293021 0.556000 44 57 52
0.160806 -0.293548 0.557000 44 57 52
0.161955 -0.293021 0.556000 46 60 51
0.163686 -0.293548 0.557000 46 60 51
0.165127 -0.293548 0.557000 45 59 50
0.166567 -0.293548 0.557000 45 59 50
0.168007 -0.293548 0.557000 47 61 52
0.169447 -0.293548 0.557000 49 63 54
0.171194 -0.294075 0.558000 46 59 56
0.172637 -0.294075 0.558000 46 59 56
0.174080 -0.294075 0.558000 46 59 56
0.175523 -0.294075 0.558000 47 60 57
0.176966 -0.294075 0.558000 46 57 55
0.178408 -0.294075 0.558000 48 59 57
0.179851 -0.294075 0.558000 48 56 55
0.181294 -0.294075 0.558000 49 57 56
0.182737 -0.294075 0.558000 49 57 56
0.184180 -0.294075 0.558000 48 56 55
0.185622 -0.294075 0.558000 47 55 54
0.187065 -0.294075 0.558000 48 56 55
0.188170 -0.293548 0.557000 46 57 55
0.189610 -0.293548 0.557000 46 57 55
0.191051 -0.293548 0.557000 46 59 56
0.192491 -0.293548 0.557000 46 59 56
0.193931 -0.293548 0.557000 44 57 54
0.195371 -0.293548 0.557000 45 58 55
0.196811 -0.293548 0.557000 44 55 53
0.198252 -0.293548 0.557000 43 54 52
0.199692 -0.293548 0.557000 43 54 52
0.201132 -0.293548 0.557000 43 54 52
0.202572 -0.293548 0.557000 39 52 49
0.204013 -0.293548 0.557000 36 49 46
0.205453 -0.293548 0.557000 42 56 58
0.206893 -0.293548 0.557000 45 59 61
-0.083730 -0.291057 0.555000 82 90 89
-0.082295 -0.291057 0.555000 67 78 78
-0.080714 -0.290532 0.554000 58 69 69
-0.078996 -0.289483 0.552000 50 63 62
-0.077569 -0.289483 0.552000 45 58 57
-0.076003 -0.288959 0.551000 40 55 52
-0.074443 -0.288434 0.550000 40 55 52
-0.073021 -0.288434 0.550000 39 52 49
-0.071469 -0.287910 0.549000 38 51 48
-0.070049 -0.287910 0.549000 36 51 48
-0.068630 -0.287910 0.549000 40 55 52
-0.067088 -0.287386 0.548000 44 57 56
-0.065671 -0.287386 0.548000 44 57 56
-0.064254 -0.287386 0.548000 42 57 56
-0.062837 -0.287386 0.548000 42 57 56
-0.061420 -0.287386 0.548000 41 56 55
-0.060003 -0.287386 0.548000 43 58 57
-0.058586 -0.287386 0.548000 42 55 52
-0.057273 -0.287910 0.549000 46 59 56
-0.055854 -0.287910 0.549000 47 60 57
-0.054434 -0.287910 0.549000 46 59 56
-0.053111 -0.288434 0.550000 44 59 56
-0.051689 -0.288434 0.550000 43 58 55
-0.050267 -0.288434 0.550000 45 60 57
-0.048845 -0.288434 0.550000 44 59 56
-0.047423 -0.288434 0.550000 46 59 58
-0.046001 -0.288434 0.550000 46 59 58
-0.044579 -0.288434 0.550000 46 59 58
-0.043157 -0.288434 0.550000 49 62 61
-0.041734 -0.288434 0.550000 47 57 60
-0.040312 -0.288434 0.550000 47 57 60
-0.038890 -0.288434 0.550000 47 57 60
-0.037468 -0.288434 0.550000 47 57 60
-0.035980 -0.287910 0.549000 48 58 61
-0.034561 -0.287910 0.549000 47 57 60
-0.033141 -0.287910 0.549000 51 62 62
-0.031664 -0.287386 0.548000 47 58 58
-0.030247 -0.287386 0.548000 45 58 55
-0.028830 -0.287386 0.548000 44 57 54
-0.027363 -0.286861 0.547000 44 57 54
-0.025949 -0.286861 0.547000 46 59 56
-0.024534 -0.286861 0.547000 45 58 55
-0.023120 -0.286861 0.547000 46 59 56
-0.021745 -0.287386 0.548000 47 60 57
-0.020328 -0.287386 0.548000 47 60 57
-0.018946 -0.287910 0.549000 46 59 56
-0.017526 -0.287910 0.549000 46 59 56
-0.016107 -0.287910 0.549000 45 58 55
-0.014714 -0.288434 0.550000 45 58 55
-0.013292 -0.288434 0.550000 46 59 58
-0.011891 -0.288959 0.551000 46 59 58
-0.010467 -0.288959 0.551000 46 59 56
-0.009058 -0.289483 0.552000 47 60 57
-0.007631 -0.289483 0.552000 45 58 55
-0.006215 -0.290008 0.553000 44 57 54
-0.004785 -0.290008 0.553000 44 57 54
-0.003355 -0.290008 0.553000 45 58 55
-0.001922 -0.289483 0.552000 43 58 55
-0.000495 -0.289483 0.552000 43 58 55
0.000933 -0.289483 0.552000 42 57 54
0.002356 -0.288959 0.551000 40 55 52
0.003780 -0.288959 0.551000 38 56 54
0.005205 -0.288959 0.551000 38 56 54
0.006630 -0.288959 0.551000 38 56 54
0.008055 -0.288959 0.551000 38 56 54
0.009479 -0.288959 0.551000 35 53 49
0.010904 -0.288959 0.551000 36 54 50
0.012329 -0.288959 0.551000 34 52 46
0.013753 -0.288959 0.551000 36 54 48
0.015178 -0.288959 0.551000 38 56 52
0.016633 -0.289483 0.552000 36 54 50
0.018060 -0.289483 0.552000 36 54 52
0.019488 -0.289483 0.552000 36 54 52
0.020915 -0.289483 0.552000 34 52 50
0.022383 -0.290008 0.553000 36 54 52
0.023856 -0.290532 0.554000 35 53 49
0.025334 -0.291057 0.555000 34 52 48
0.026769 -0.291057 0.555000 36 51 48
0.028255 -0.291581 0.556000 36 51 48
0.029692 -0.291581 0.556000 34 52 48
0.031186 -0.292105 0.557000 34 52 48
0.032626 -0.292105 0.557000 35 53 49
0.034066 -0.292105 0.557000 38 56 52
0.035507 -0.292105 0.557000 36 53 54
0.036947 -0.292105 0.557000 34 51 52
0.038387 -0.292105 0.557000 34 48 50
0.039827 -0.292105 0.557000 35 49 51
0.041267 -0.292105 0.557000 35 50 49
0.042708 -0.292105 0.557000 33 48 47
0.044148 -0.292105 0.557000 33 48 47
0.045588 -0.292105 0.557000 34 49 48
0.047028 -0.292105 0.557000 34 49 48
0.048556 -0.292630 0.558000 35 50 49
0.049909 -0.292105 0.557000 38 50 52
0.051441 -0.292630 0.558000 37 49 51
0.052884 -0.292630 0.558000 36 48 50
0.054327 -0.292630 0.558000 33 45 47
0.055770 -0.292630 0.558000 33 46 45
0.057212 -0.292630 0.558000 33 46 45
0.058550 -0.292105 0.557000 37 50 49
0.059990 -0.292105 0.557000 36 49 48
0.061431 -0.292105 0.557000 35 48 47
0.062871 -0.292105 0.557000 33 46 45
0.064080 -0.291057 0.555000 32 45 44
0.065515 -0.291057 0.555000 32 45 44
0.066830 -0.290532 0.554000 35 48 45
0.068262 -0.290532 0.554000 33 46 43
0.069694 -0.290532 0.554000 31 45 47
0.071127 -0.290532 0.554000 30 44 46
0.072559 -0.290532 0.554000 30 44 48
0.073992 -0.290532 0.554000 31 45 49
0.075424 -0.290532 0.554000 30 44 46
0.076857 -0.290532 0.554000 30 44 46
0.078431 -0.291057 0.555000 29 43 45
0.079866 -0.291057 0.555000 31 45 47
0.081301 -0.291057 0.555000 30 44 46
0.082885 -0.291581 0.556000 29 43 45
0.084322 -0.291581 0.556000 30 45 44
0.085760 -0.291581 0.556000 30 45 44
0.087355 -0.292105 0.557000 31 45 47
0.088795 -0.292105 0.557000 31 45 47
0.090235 -0.292105 0.557000 36 48 50
0.091675 -0.292105 0.557000 36 48 50
0.093115 -0.292105 0.557000 36 50 54
0.094556 -0.292105 0.557000 33 47 51
0.095996 -0.292105 0.557000 31 45 49
0.097436 -0.292105 0.557000 33 47 51
0.098876 -0.292105 0.557000 31 45 47
0.100317 -0.292105 0.557000 26 40 42
0.101757 -0.292105 0.557000 28 42 44
0.103197 -0.292105 0.557000 30 44 46
0.104637 -0.292105 0.557000 33 45 47
0.106077 -0.292105 0.557000 37 49 51
0.107518 -0.292105 0.557000 37 48 48
0.109154 -0.292630 0.558000 37 48 48
0.110596 -0.292630 0.558000 37 48 46
0.112039 -0.292630 0.558000 38 49 47
0.113482 -0.292630 0.558000 33 46 41
0.114925 -0.292630 0.558000 33 46 41
0.116576 -0.293154 0.559000 35 49 40
0.118021 -0.293154 0.559000 37 51 42
0.119467 -0.293154 0.559000 37 51 42
0.120912 -0.293154 0.559000 35 49 40
0.122358 -0.293154 0.559000 37 51 42
0.123803 -0.293154 0.559000 38 52 43
0.125248 -0.293154 0.559000 36 51 46
0.126694 -0.293154 0.559000 37 52 47
0.128139 -0.293154 0.559000 36 51 46
0.129585 -0.293154 0.559000 38 53 48
0.131030 -0.293154 0.559000 36 51 46
0.132475 -0.293154 0.559000 38 53 48
0.133921 -0.293154 0.559000 37 52 47
0.135366 -0.293154 0.559000 37 52 47
0.136812 -0.293154 0.559000 39 52 47
0.138257 -0.293154 0.559000 44 57 52
0.139702 -0.293154 0.559000 45 56 52
0.141148 -0.293154 0.559000 44 55 51
0.142593 -0.293154 0.559000 40 53 48
0.144039 -0.293154 0.559000 37 50 45
0.145484 -0.293154 0.559000 43 56 51
0.146929 -0.293154 0.559000 43 56 51
0.148375 -0.293154 0.559000 41 52 48
0.149820 -0.293154 0.559000 43 54 50
0.150995 -0.292630 0.558000 44 56 48
0.152438 -0.292630 0.558000 47 59 51
0.153881 -0.292630 0.558000 51 63 55
0.155323 -0.292630 0.558000 47 59 51
0.156766 -0.292630 0.558000 45 59 50
0.158209 -0.292630 0.558000 44 58 49
0.159652 -0.292630 0.558000 44 58 49
0.161095 -0.292630 0.558000 43 57 48
0.162537 -0.292630 0.558000 45 57 49
0.163980 -0.292630 0.558000 44 56 48
0.165423 -0.292630 0.558000 45 59 50
0.166866 -0.292630 0.558000 46 60 51
0.168309 -0.292630 0.558000 47 61 52
0.169751 -0.292630 0.558000 49 63 54
0.171501 -0.293154 0.559000 46 59 56
0.172946 -0.293154 0.559000 46 59 56
0.174392 -0.293154 0.559000 49 62 59
0.175837 -0.293154 0.559000 49 62 59
0.177283 -0.293154 0.559000 49 62 59
0.178728 -0.293154 0.559000 51 64 61
0.180173 -0.293154 0.559000 50 63 60
0.181619 -0.293154 0.559000 49 62 59
0.183064 -0.293154 0.559000 49 62 59
0.184510 -0.293154 0.559000 49 62 59
0.185622 -0.292630 0.558000 50 61 59
0.187065 -0.292630 0.558000 48 59 57
0.188508 -0.292630 0.558000 48 59 57
0.189951 -0.292630 0.558000 50 61 59
0.191394 -0.292630 0.558000 45 58 55
0.192836 -0.292630 0.558000 45 58 55
0.194279 -0.292630 0.558000 49 62 59
0.195722 -0.292630 0.558000 50 63 60
0.197165 -0.292630 0.558000 46 59 56
0.198608 -0.292630 0.558000 45 58 55
0.200050 -0.292630 0.558000 44 57 54
0.201493 -0.292630 0.558000 44 57 54
0.202572 -0.292105 0.557000 45 58 55
0.204379 -0.292630 0.558000 45 58 55
0.205453 -0.292105 0.557000 46 58 60
0.207265 -0.292630 0.558000 45 57 59
0.208333 -0.292105 0.557000 46 58 60
0.210150 -0.292630 0.558000 47 59 61
0.211593 -0.292630 0.558000 46 58 60
0.213036 -0.292630 0.558000 43 55 57
0.214479 -0.292630 0.558000 47 59 61
0.215921 -0.292630 0.558000 47 59 61
0.217364 -0.292630 0.558000 48 62 66
0.218807 -0.292630 0.558000 49 63 67
-0.093100 -0.287532 0.551000 60 73 68
-0.091675 -0.287532 0.551000 53 66 61
-0.090250 -0.287532 0.551000 48 60 52
-0.088987 -0.288054 0.552000 46 58 50
-0.087560 -0.288054 0.552000 45 56 52
-0.086288 -0.288576 0.553000 47 58 54
-0.084858 -0.288576 0.553000 47 58 58
-0.083278 -0.288054 0.552000 47 58 58
-0.081850 -0.288054 0.552000 44 56 60
-0.080423 -0.288054 0.552000 42 54 58
-0.078853 -0.287532 0.551000 47 59 61
-0.077287 -0.287010 0.550000 47 59 61
-0.075865 -0.287010 0.550000 44 58 60
-0.074443 -0.287010 0.550000 44 58 60
-0.072888 -0.286489 0.549000 44 58 60
-0.071469 -0.286489 0.549000 42 56 58
-0.069922 -0.285967 0.548000 43 57 59
-0.068380 -0.285445 0.547000 44 58 60
-0.066965 -0.285445 0.547000 44 58 60
-0.065551 -0.285445 0.547000 44 58 60
-0.064137 -0.285445 0.547000 42 56 58
-0.062722 -0.285445 0.547000 45 59 61
-0.061308 -0.285445 0.547000 44 58 60
-0.059894 -0.285445 0.547000 42 56 58
-0.058479 -0.285445 0.547000 43 58 57
-0.057169 -0.285967 0.548000 44 59 58
-0.055752 -0.285967 0.548000 44 59 58
-0.054434 -0.286489 0.549000 47 62 61
-0.053015 -0.286489 0.549000 44 59 58
-0.051689 -0.287010 0.550000 45 60 59
-0.050267 -0.287010 0.550000 48 63 62
-0.048845 -0.287010 0.550000 47 62 61
-0.047423 -0.287010 0.550000 47 60 59
-0.046001 -0.287010 0.550000 46 59 58
-0.044579 -0.287010 0.550000 47 59 61
-0.043157 -0.287010 0.550000 47 59 61
-0.041734 -0.287010 0.550000 49 61 63
-0.040312 -0.287010 0.550000 47 59 61
-0.038890 -0.287010 0.550000 49 61 63
-0.037400 -0.286489 0.549000 49 61 63
-0.035980 -0.286489 0.549000 47 59 61
-0.034561 -0.286489 0.549000 46 58 60
-0.033141 -0.286489 0.549000 49 61 63
-0.031664 -0.285967 0.548000 47 59 61
-0.030247 -0.285967 0.548000 46 59 58
-0.028830 -0.285967 0.548000 47 60 59
-0.027413 -0.285967 0.548000 47 60 57
-0.025996 -0.285967 0.548000 46 59 56
-0.024534 -0.285445 0.547000 44 57 54
-0.023162 -0.285967 0.548000 45 58 55
-0.021745 -0.285967 0.548000 46 59 58
-0.020328 -0.285967 0.548000 49 62 61
-0.018946 -0.286489 0.549000 47 58 58
-0.017526 -0.286489 0.549000 46 57 57
-0.016107 -0.286489 0.549000 43 56 55
-0.014714 -0.287010 0.550000 42 55 54
-0.013292 -0.287010 0.550000 40 52 54
-0.011891 -0.287532 0.551000 40 52 54
-0.010467 -0.287532 0.551000 40 53 52
-0.009058 -0.288054 0.552000 43 56 55
-0.007631 -0.288054 0.552000 40 55 54
-0.006204 -0.288054 0.552000 37 52 51
-0.004776 -0.288054 0.552000 37 52 51
-0.003349 -0.288054 0.552000 38 53 52
-0.001922 -0.288054 0.552000 38 53 52
-0.000495 -0.288054 0.552000 37 52 51
0.000933 -0.288054 0.552000 34 51 52
0.002356 -0.287532 0.551000 36 53 54
0.003780 -0.287532 0.551000 35 52 53
0.005205 -0.287532 0.551000 36 53 54
0.006630 -0.287532 0.551000 36 53 54
0.008055 -0.287532 0.551000 35 52 53
0.009479 -0.287532 0.551000 37 51 53
0.010904 -0.287532 0.551000 38 52 54
0.012351 -0.288054 0.552000 37 52 51
0.013778 -0.288054 0.552000 37 52 51
0.015206 -0.288054 0.552000 38 53 52
0.016633 -0.288054 0.552000 37 52 51
0.018060 -0.288054 0.552000 37 52 51
0.019523 -0.288576 0.553000 38 53 52
0.020953 -0.288576 0.553000 38 53 52
0.022423 -0.289098 0.554000 40 55 54
0.023856 -0.289098 0.554000 40 55 54
0.025334 -0.289620 0.555000 38 53 52
0.026769 -0.289620 0.555000 35 50 49
0.028255 -0.290141 0.556000 37 52 51
0.029692 -0.290141 0.556000 38 56 54
0.031186 -0.290663 0.557000 35 53 51
0.032626 -0.290663 0.557000 33 50 51
0.034066 -0.290663 0.557000 36 53 54
0.035507 -0.290663 0.557000 39 56 59
0.036947 -0.290663 0.557000 39 56 59
0.038387 -0.290663 0.557000 34 51 54
0.039827 -0.290663 0.557000 35 52 55
0.041267 -0.290663 0.557000 33 50 53
0.042708 -0.290663 0.557000 33 50 53
0.044227 -0.291185 0.558000 33 50 53
0.045670 -0.291185 0.558000 33 50 53
0.047113 -0.291185 0.558000 34 51 54
0.048556 -0.291185 0.558000 36 53 56
0.049998 -0.291185 0.558000 40 54 60
0.051441 -0.291185 0.558000 37 51 57
0.052884 -0.291185 0.558000 37 51 57
0.054327 -0.291185 0.558000 35 49 55
0.055770 -0.291185 0.558000 31 45 49
0.057212 -0.291185 0.558000 33 47 51
0.058655 -0.291185 0.558000 34 48 50
0.060098 -0.291185 0.558000 36 50 52
0.061541 -0.291185 0.558000 31 45 47
0.062871 -0.290663 0.557000 33 47 49
0.064311 -0.290663 0.557000 36 50 54
0.065633 -0.290141 0.556000 36 50 54
0.067071 -0.290141 0.556000 37 49 53
0.068508 -0.290141 0.556000 36 48 52
0.069820 -0.289620 0.555000 34 48 54
0.071255 -0.289620 0.555000 36 50 56
0.072690 -0.289620 0.555000 37 50 59
0.074125 -0.289620 0.555000 33 46 55
0.075560 -0.289620 0.555000 29 42 51
0.076996 -0.289620 0.555000 30 43 52
0.078572 -0.290141 0.556000 30 44 50
0.080010 -0.290141 0.556000 33 47 53
0.081447 -0.290141 0.556000 33 49 57
0.083034 -0.290663 0.557000 32 48 56
0.084474 -0.290663 0.557000 28 45 50
0.085914 -0.290663 0.557000 32 49 54
0.087355 -0.290663 0.557000 32 49 54
0.088795 -0.290663 0.557000 33 50 55
0.090235 -0.290663 0.557000 36 50 56
0.091675 -0.290663 0.557000 36 50 56
0.093115 -0.290663 0.557000 35 49 55
0.094556 -0.290663 0.557000 35 49 55
0.095996 -0.290663 0.557000 36 50 56
0.097436 -0.290663 0.557000 36 50 56
0.098876 -0.290663 0.557000 31 45 49
0.100317 -0.290663 0.557000 30 44 48
0.101757 -0.290663 0.557000 36 48 50
0.103197 -0.290663 0.557000 36 48 50
0.104637 -0.290663 0.557000 36 48 50
0.106077 -0.290663 0.557000 35 47 49
0.107711 -0.291185 0.558000 38 48 51
0.109154 -0.291185 0.558000 37 47 50
0.110596 -0.291185 0.558000 38 46 47
0.112039 -0.291185 0.558000 38 46 47
0.113685 -0.291707 0.559000 33 44 42
0.115131 -0.291707 0.559000 34 45 43
0.116576 -0.291707 0.559000 36 47 43
0.118021 -0.291707 0.559000 34 45 41
0.119467 -0.291707 0.559000 34 45 41
0.120912 -0.291707 0.559000 34 45 41
0.122358 -0.291707 0.559000 34 45 41
0.123803 -0.291707 0.559000 36 47 43
0.125248 -0.291707 0.559000 37 48 46
0.126694 -0.291707 0.559000 36 47 45
0.128139 -0.291707 0.559000 33 46 43
0.129585 -0.291707 0.559000 32 45 42
0.131030 -0.291707 0.559000 30 45 42
0.132475 -0.291707 0.559000 33 48 45
0.133921 -0.291707 0.559000 33 48 45
0.135608 -0.292229 0.560000 31 46 43
0.137056 -0.292229 0.560000 34 49 46
0.138504 -0.292229 0.560000 35 50 47
0.139952 -0.292229 0.560000 37 50 45
0.141400 -0.292229 0.560000 36 49 44
0.142848 -0.292229 0.560000 31 44 39
0.144296 -0.292229 0.560000 31 44 39
0.145744 -0.292229 0.560000 33 46 41
0.147192 -0.292229 0.560000 35 48 43
0.148375 -0.291707 0.559000 37 48 44
0.149820 -0.291707 0.559000 37 48 44
0.151266 -0.291707 0.559000 34 45 41
0.152711 -0.291707 0.559000 36 47 43
0.154156 -0.291707 0.559000 31 42 38
0.155602 -0.291707 0.559000 32 43 39
0.157047 -0.291707 0.559000 35 48 43
0.158209 -0.291185 0.558000 36 49 44
0.159652 -0.291185 0.558000 35 48 45
0.161383 -0.291707 0.559000 32 45 42
0.162829 -0.291707 0.559000 32 45 42
0.164274 -0.291707 0.559000 33 46 43
0.165720 -0.291707 0.559000 33 46 43
0.167165 -0.291707 0.559000 35 48 45
0.168610 -0.291707 0.559000 36 49 44
0.170056 -0.291707 0.559000 37 50 45
0.171501 -0.291707 0.559000 37 50 45
0.173256 -0.292229 0.560000 37 50 45
0.174704 -0.292229 0.560000 35 50 47
0.176152 -0.292229 0.560000 37 52 49
0.177600 -0.292229 0.560000 35 50 47
0.179048 -0.292229 0.560000 37 52 49
0.180496 -0.292229 0.560000 35 50 47
0.181619 -0.291707 0.559000 37 52 49
0.183064 -0.291707 0.559000 37 52 49
0.184510 -0.291707 0.559000 40 55 52
0.185955 -0.291707 0.559000 40 53 50
0.187400 -0.291707 0.559000 42 55 52
0.188846 -0.291707 0.559000 44 57 54
0.190291 -0.291707 0.559000 44 57 54
0.191394 -0.291185 0.558000 44 57 54
0.192836 -0.291185 0.558000 45 58 55
0.194279 -0.291185 0.558000 47 60 59
0.195722 -0.291185 0.558000 50 63 62
0.197165 -0.291185 0.558000 50 63 60
0.198608 -0.291185 0.558000 49 62 59
0.200050 -0.291185 0.558000 46 59 54
0.201493 -0.291185 0.558000 45 58 53
0.202936 -0.291185 0.558000 47 62 61
0.204379 -0.291185 0.558000 45 60 59
0.205453 -0.290663 0.557000 47 61 63
0.206893 -0.290663 0.557000 48 62 64
0.208333 -0.290663 0.557000 50 64 66
0.210150 -0.291185 0.558000 49 63 65
0.211593 -0.291185 0.558000 48 62 64
0.213036 -0.291185 0.558000 47 61 63
0.214479 -0.291185 0.558000 45 59 61
0.215921 -0.291185 0.558000 44 58 60
0.217364 -0.291185 0.558000 44 58 62
0.218807 -0.291185 0.558000 42 56 60
0.220250 -0.291185 0.558000 43 57 61
0.221693 -0.291185 0.558000 42 56 60
0.223135 -0.291185 0.558000 44 54 57
0.224578 -0.291185 0.558000 48 58 61
0.226021 -0.291185 0.558000 50 61 61
0.227464 -0.291185 0.558000 53 64 64
-0.101279 -0.285067 0.549000 61 72 72
-0.099860 -0.285067 0.549000 52 63 63
-0.098440 -0.285067 0.549000 50 57 61
-0.097197 -0.285586 0.550000 47 54 58
-0.095775 -0.285586 0.550000 43 55 57
-0.094353 -0.285586 0.550000 46 58 60
-0.092931 -0.285586 0.550000 45 60 55
-0.091509 -0.285586 0.550000 44 59 54
-0.088826 -0.286106 0.551000 45 60 55
-0.087401 -0.286106 0.551000 47 60 55
-0.085976 -0.286106 0.551000 52 65 60
-0.084552 -0.286106 0.551000 51 63 65
-0.083127 -0.286106 0.551000 51 63 65
-0.081702 -0.286106 0.551000 47 59 63
-0.078710 -0.285586 0.550000 49 61 63
-0.077287 -0.285586 0.550000 47 59 61
-0.075727 -0.285067 0.549000 45 57 59
-0.074308 -0.285067 0.549000 49 61 63
-0.072756 -0.284548 0.548000 47 61 63
-0.071208 -0.284029 0.547000 45 59 61
-0.069794 -0.284029 0.547000 47 61 63
-0.068255 -0.283509 0.546000 48 62 64
-0.066843 -0.283509 0.546000 44 58 60
-0.065551 -0.284029 0.547000 45 59 61
-0.064019 -0.283509 0.546000 45 62 63
-0.062608 -0.283509 0.546000 46 63 64
-0.061308 -0.284029 0.547000 45 62 63
-0.059894 -0.284029 0.547000 47 64 65
-0.058479 -0.284029 0.547000 47 64 65
-0.057169 -0.284548 0.548000 45 62 63
-0.055752 -0.284548 0.548000 45 60 59
-0.054434 -0.285067 0.549000 44 59 58
-0.053015 -0.285067 0.549000 44 59 58
-0.051595 -0.285067 0.549000 45 60 59
-0.050267 -0.285586 0.550000 48 63 62
-0.048845 -0.285586 0.550000 48 63 62
-0.047423 -0.285586 0.550000 45 60 59
-0.046001 -0.285586 0.550000 44 59 58
-0.044579 -0.285586 0.550000 44 58 60
-0.043157 -0.285586 0.550000 44 58 60
-0.041734 -0.285586 0.550000 43 57 61
-0.040312 -0.285586 0.550000 42 56 60
-0.038819 -0.285067 0.549000 41 55 59
-0.037400 -0.285067 0.549000 41 55 59
-0.035980 -0.285067 0.549000 42 56 60
-0.034561 -0.285067 0.549000 42 56 60
-0.033141 -0.285067 0.549000 42 56 58
-0.031722 -0.285067 0.549000 43 57 59
-0.030247 -0.284548 0.548000 42 56 58
-0.028830 -0.284548 0.548000 40 54 56
-0.027413 -0.284548 0.548000 38 52 54
-0.025996 -0.284548 0.548000 38 52 54
-0.024579 -0.284548 0.548000 42 56 60
-0.023162 -0.284548 0.548000 41 55 59
-0.021745 -0.284548 0.548000 45 57 61
-0.020328 -0.284548 0.548000 44 56 60
-0.018946 -0.285067 0.549000 43 53 58
-0.017526 -0.285067 0.549000 43 53 58
-0.016107 -0.285067 0.549000 43 55 57
-0.014714 -0.285586 0.550000 42 54 56
-0.013292 -0.285586 0.550000 43 55 57
-0.011891 -0.286106 0.551000 42 54 56
-0.010467 -0.286106 0.551000 42 54 56
-0.009058 -0.286625 0.552000 44 56 58
-0.007631 -0.286625 0.552000 39 51 53
-0.006204 -0.286625 0.552000 40 52 54
-0.004776 -0.286625 0.552000 40 54 56
-0.003349 -0.286625 0.552000 40 54 56
-0.001922 -0.286625 0.552000 38 52 54
-0.000495 -0.286625 0.552000 36 50 52
0.000933 -0.286625 0.552000 33 50 53
0.002360 -0.286625 0.552000 35 52 55
0.003787 -0.286625 0.552000 35 52 55
0.005215 -0.286625 0.552000 38 55 58
0.006642 -0.286625 0.552000 40 57 60
0.008069 -0.286625 0.552000 33 50 53
0.009496 -0.286625 0.552000 38 52 56
0.010924 -0.286625 0.552000 41 55 59
0.012351 -0.286625 0.552000 37 51 55
0.013778 -0.286625 0.552000 35 49 53
0.015233 -0.287144 0.553000 34 48 50
0.016663 -0.287144 0.553000 37 51 53
0.018093 -0.287144 0.553000 36 49 48
0.019523 -0.287144 0.553000 38 51 50
0.020991 -0.287663 0.554000 38 50 52
0.022423 -0.287663 0.554000 39 51 53
0.023899 -0.288183 0.555000 40 50 53
0.025334 -0.288183 0.555000 43 53 56
0.026769 -0.288183 0.555000 39 50 50
0.028255 -0.288702 0.556000 39 50 50
0.029746 -0.289221 0.557000 40 52 54
0.031186 -0.289221 0.557000 40 52 54
0.032626 -0.289221 0.557000 40 54 58
0.034066 -0.289221 0.557000 41 55 59
0.035507 -0.289221 0.557000 42 56 60
0.036947 -0.289221 0.557000 41 55 59
0.038387 -0.289221 0.557000 36 53 56
0.039827 -0.289221 0.557000 38 55 58
0.041341 -0.289740 0.558000 40 57 60
0.042784 -0.289740 0.558000 40 57 60
0.044227 -0.289740 0.558000 40 57 60
0.045670 -0.289740 0.558000 41 58 61
0.047113 -0.289740 0.558000 40 57 60
0.048556 -0.289740 0.558000 46 63 66
0.049998 -0.289740 0.558000 41 58 63
0.051441 -0.289740 0.558000 42 59 64
0.052884 -0.289740 0.558000 53 70 75
0.054327 -0.289740 0.558000 52 69 74
0.055770 -0.289740 0.558000 50 64 68
0.057212 -0.289740 0.558000 48 62 66
0.058655 -0.289740 0.558000 49 63 67
0.060098 -0.289740 0.558000 48 62 66
0.061541 -0.289740 0.558000 51 65 67
0.062984 -0.289740 0.558000 50 64 66
0.064426 -0.289740 0.558000 44 58 62
0.065751 -0.289221 0.557000 43 57 61
0.067191 -0.289221 0.557000 47 59 65
0.068632 -0.289221 0.557000 44 56 62
0.069946 -0.288702 0.556000 42 55 64
0.071384 -0.288702 0.556000 45 58 67
0.072821 -0.288702 0.556000 47 60 69
0.074259 -0.288702 0.556000 41 54 63
0.075697 -0.288702 0.556000 37 50 59
0.077134 -0.288702 0.556000 43 56 65
0.078572 -0.288702 0.556000 38 51 60
0.080153 -0.289221 0.557000 36 49 58
0.081594 -0.289221 0.557000 37 50 59
0.083034 -0.289221 0.557000 38 51 60
0.084474 -0.289221 0.557000 36 50 56
0.085914 -0.289221 0.557000 35 49 55
0.087355 -0.289221 0.557000 35 49 55
0.088795 -0.289221 0.557000 36 50 56
0.090235 -0.289221 0.557000 35 49 55
0.091675 -0.289221 0.557000 33 47 53
0.093115 -0.289221 0.557000 34 48 54
0.094556 -0.289221 0.557000 35 49 55
0.095996 -0.289221 0.557000 35 49 53
0.097436 -0.289221 0.557000 34 48 52
0.098876 -0.289221 0.557000 36 48 52
0.100497 -0.289740 0.558000 35 47 51
0.101757 -0.289221 0.557000 41 51 54
0.103382 -0.289740 0.558000 40 50 53
0.104825 -0.289740 0.558000 41 51 56
0.106268 -0.289740 0.558000 41 51 56
0.107711 -0.289740 0.558000 42 49 53
0.109154 -0.289740 0.558000 42 49 53
0.110596 -0.289740 0.558000 41 49 50
0.112240 -0.290260 0.559000 36 44 45
0.113685 -0.290260 0.559000 38 46 47
0.115131 -0.290260 0.559000 40 48 49
0.116576 -0.290260 0.559000 39 50 48
0.118021 -0.290260 0.559000 38 49 47
0.119467 -0.290260 0.559000 39 50 50
0.120912 -0.290260 0.559000 41 52 52
0.122358 -0.290260 0.559000 38 49 49
0.123803 -0.290260 0.559000 38 49 49
0.125248 -0.290260 0.559000 38 48 51
0.126694 -0.290260 0.559000 40 50 53
0.128139 -0.290260 0.559000 40 52 56
0.129585 -0.290260 0.559000 38 50 54
0.131030 -0.290260 0.559000 39 51 55
0.132475 -0.290260 0.559000 38 50 54
0.134160 -0.290779 0.560000 34 48 50
0.135608 -0.290779 0.560000 34 48 50
0.137056 -0.290779 0.560000 35 50 49
0.138504 -0.290779 0.560000 36 51 50
0.139952 -0.290779 0.560000 36 49 46
0.141400 -0.290779 0.560000 35 48 45
0.143103 -0.291298 0.561000 32 45 40
0.144554 -0.291298 0.561000 33 46 41
0.146004 -0.291298 0.561000 36 49 44
0.147192 -0.290779 0.560000 36 49 44
0.148640 -0.290779 0.560000 37 48 44
0.150088 -0.290779 0.560000 37 48 44
0.151536 -0.290779 0.560000 38 46 45
0.152711 -0.290260 0.559000 38 46 45
0.154156 -0.290260 0.559000 37 48 46
0.155602 -0.290260 0.559000 37 48 46
0.157047 -0.290260 0.559000 34 45 43
0.158493 -0.290260 0.559000 38 49 47
0.159938 -0.290260 0.559000 33 46 45
0.161383 -0.290260 0.559000 33 46 45
0.162829 -0.290260 0.559000 33 46 45
0.164274 -0.290260 0.559000 36 49 48
0.165720 -0.290260 0.559000 33 45 47
0.167165 -0.290260 0.559000 32 44 46
0.168912 -0.290779 0.560000 32 45 44
0.170360 -0.290779 0.560000 35 48 47
0.171808 -0.290779 0.560000 31 46 45
0.173256 -0.290779 0.560000 31 46 45
0.175016 -0.291298 0.561000 30 45 44
0.176466 -0.291298 0.561000 29 44 43
0.177917 -0.291298 0.561000 29 44 41
0.179368 -0.291298 0.561000 30 45 42
0.180818 -0.291298 0.561000 31 46 43
0.181944 -0.290779 0.560000 31 46 43
0.183392 -0.290779 0.560000 30 45 42
0.184840 -0.290779 0.560000 30 45 42
0.186288 -0.290779 0.560000 33 46 43
0.187736 -0.290779 0.560000 32 45 42
0.188846 -0.290260 0.559000 33 46 43
0.190291 -0.290260 0.559000 35 48 45
0.191737 -0.290260 0.559000 36 49 46
0.193182 -0.290260 0.559000 35 48 45
0.194627 -0.290260 0.559000 37 50 49
0.196073 -0.290260 0.559000 39 52 51
0.197518 -0.290260 0.559000 38 51 50
0.198608 -0.289740 0.558000 39 52 51
0.200050 -0.289740 0.558000 35 50 47
0.201493 -0.289740 0.558000 37 52 49
0.202936 -0.289740 0.558000 38 56 54
0.204379 -0.289740 0.558000 39 57 55
0.205822 -0.289740 0.558000 41 59 57
0.207265 -0.289740 0.558000 42 60 58
0.208707 -0.289740 0.558000 45 60 59
0.210150 -0.289740 0.558000 48 63 62
0.211593 -0.289740 0.558000 48 63 62
0.213036 -0.289740 0.558000 48 63 62
0.214479 -0.289740 0.558000 47 62 61
0.215921 -0.289740 0.558000 45 60 59
0.217364 -0.289740 0.558000 44 58 60
0.218807 -0.289740 0.558000 44 58 60
0.220250 -0.289740 0.558000 41 55 59
0.221693 -0.289740 0.558000 42 56 60
0.223135 -0.289740 0.558000 45 57 61
0.224578 -0.289740 0.558000 44 56 60
0.226021 -0.289740 0.558000 43 56 55
0.227464 -0.289740 0.558000 44 57 56
0.228907 -0.289740 0.558000 44 57 56
0.230349 -0.289740 0.558000 39 52 51
0.231792 -0.289740 0.558000 45 53 54
0.233235 -0.289740 0.558000 48 56 57
0.234678 -0.289740 0.558000 55 62 66
-0.111216 -0.283646 0.549000 76 85 78
-0.109596 -0.283129 0.548000 62 68 66
-0.108377 -0.283646 0.549000 57 63 61
-0.106762 -0.283129 0.548000 47 58 58
-0.105345 -0.283129 0.548000 44 55 55
-0.103929 -0.283129 0.548000 43 57 59
-0.102512 -0.283129 0.548000 43 57 59
-0.101095 -0.283129 0.548000 39 56 59
-0.099678 -0.283129 0.548000 40 57 60
-0.098440 -0.283646 0.549000 42 59 62
-0.097020 -0.283646 0.549000 46 63 66
-0.095601 -0.283646 0.549000 46 63 66
-0.094181 -0.283646 0.549000 43 60 63
-0.092762 -0.283646 0.549000 45 63 61
-0.091342 -0.283646 0.549000 46 64 62
-0.089923 -0.283646 0.549000 45 63 57
-0.088664 -0.284162 0.550000 46 64 58
-0.087242 -0.284162 0.550000 47 62 57
-0.085820 -0.284162 0.550000 50 65 60
-0.084398 -0.284162 0.550000 47 62 61
-0.082976 -0.284162 0.550000 50 65 64
-0.081554 -0.284162 0.550000 48 62 64
-0.080132 -0.284162 0.550000 48 62 64
-0.078710 -0.284162 0.550000 49 63 65
-0.077147 -0.283646 0.549000 49 63 65
-0.075727 -0.283646 0.549000 51 63 65
-0.074173 -0.283129 0.548000 51 63 65
-0.072756 -0.283129 0.548000 50 62 64
-0.071208 -0.282612 0.547000 50 62 64
-0.069794 -0.282612 0.547000 49 61 63
-0.068255 -0.282096 0.546000 49 61 63
-0.066843 -0.282096 0.546000 48 62 64
-0.065431 -0.282096 0.546000 45 59 61
-0.064019 -0.282096 0.546000 43 60 61
-0.062608 -0.282096 0.546000 43 60 61
-0.061308 -0.282612 0.547000 43 60 61
-0.059894 -0.282612 0.547000 42 59 60
-0.058586 -0.283129 0.548000 42 59 60
-0.057169 -0.283129 0.548000 42 59 60
-0.055752 -0.283129 0.548000 42 59 62
-0.054434 -0.283646 0.549000 40 57 60
-0.053015 -0.283646 0.549000 41 58 59
-0.051595 -0.283646 0.549000 42 59 60
-0.050267 -0.284162 0.550000 43 60 61
-0.048845 -0.284162 0.550000 45 62 63
-0.047423 -0.284162 0.550000 45 59 61
-0.046001 -0.284162 0.550000 42 56 58
-0.044579 -0.284162 0.550000 45 57 59
-0.043157 -0.284162 0.550000 45 57 59
-0.041734 -0.284162 0.550000 44 58 62
-0.040312 -0.284162 0.550000 41 55 59
-0.038890 -0.284162 0.550000 41 55 59
-0.037468 -0.284162 0.550000 41 55 59
-0.035980 -0.283646 0.549000 42 56 60
-0.034561 -0.283646 0.549000 43 57 61
-0.033141 -0.283646 0.549000 41 55 59
-0.031722 -0.283646 0.549000 44 58 62
-0.030302 -0.283646 0.549000 43 57 61
-0.028883 -0.283646 0.549000 41 55 59
-0.027463 -0.283646 0.549000 44 58 62
-0.025996 -0.283129 0.548000 43 57 61
-0.024579 -0.283129 0.548000 43 57 63
-0.023162 -0.283129 0.548000 44 58 64
-0.021785 -0.283646 0.549000 49 61 67
-0.020365 -0.283646 0.549000 46 58 64
-0.018946 -0.283646 0.549000 46 56 63
-0.017526 -0.283646 0.549000 47 57 64
-0.016136 -0.284162 0.550000 46 56 63
-0.014714 -0.284162 0.550000 41 51 58
-0.013292 -0.284162 0.550000 46 56 63
-0.011891 -0.284679 0.551000 46 56 63
-0.010467 -0.284679 0.551000 46 53 61
-0.009058 -0.285196 0.552000 45 52 60
-0.007631 -0.285196 0.552000 38 48 55
-0.006204 -0.285196 0.552000 44 54 61
-0.004776 -0.285196 0.552000 43 55 61
-0.003349 -0.285196 0.552000 43 55 61
-0.001922 -0.285196 0.552000 44 56 62
-0.000495 -0.285196 0.552000 43 55 61
0.000933 -0.285196 0.552000 37 51 57
0.002360 -0.285196 0.552000 37 51 57
0.003787 -0.285196 0.552000 37 51 57
0.005215 -0.285196 0.552000 42 56 62
0.006642 -0.285196 0.552000 40 54 60
0.008069 -0.285196 0.552000 49 63 69
0.009496 -0.285196 0.552000 52 66 72
0.010944 -0.285712 0.553000 51 65 71
0.012373 -0.285712 0.553000 55 69 75
0.013828 -0.286229 0.554000 62 76 82
0.015261 -0.286229 0.554000 63 77 81
0.016693 -0.286229 0.554000 66 80 84
0.018126 -0.286229 0.554000 78 90 92
0.019593 -0.286746 0.555000 80 92 94
0.021028 -0.286746 0.555000 81 93 95
0.022464 -0.286746 0.555000 82 94 96
0.023899 -0.286746 0.555000 88 95 99
0.025379 -0.287262 0.556000 91 98 102
0.026817 -0.287262 0.556000 93 100 104
0.028255 -0.287262 0.556000 93 100 104
0.029746 -0.287779 0.557000 93 103 106
0.031186 -0.287779 0.557000 100 110 113
0.032626 -0.287779 0.557000 100 112 114
0.034066 -0.287779 0.557000 100 112 114
0.035507 -0.287779 0.557000 103 115 117
0.037013 -0.288296 0.558000 107 119 121
0.038456 -0.288296 0.558000 108 120 122
0.039899 -0.288296 0.558000 110 122 124
0.041341 -0.288296 0.558000 115 127 129
0.042784 -0.288296 0.558000 113 125 127
0.044227 -0.288296 0.558000 110 122 124
0.045670 -0.288296 0.558000 113 125 127
0.047113 -0.288296 0.558000 109 123 125
0.048556 -0.288296 0.558000 111 125 127
0.049998 -0.288296 0.558000 109 123 127
0.051533 -0.288812 0.559000 111 125 129
0.052979 -0.288812 0.559000 109 123 127
0.054424 -0.288812 0.559000 108 122 126
0.055870 -0.288812 0.559000 112 126 130
0.057315 -0.288812 0.559000 111 125 129
0.058760 -0.288812 0.559000 113 125 127
0.060206 -0.288812 0.559000 111 123 125
0.061541 -0.288296 0.558000 110 123 122
0.062984 -0.288296 0.558000 111 124 123
0.064426 -0.288296 0.558000 117 130 129
0.065869 -0.288296 0.558000 113 126 125
0.067312 -0.288296 0.558000 114 124 127
0.068755 -0.288296 0.558000 112 122 125
0.070198 -0.288296 0.558000 113 125 129
0.071512 -0.287779 0.557000 111 123 127
0.072952 -0.287779 0.557000 110 122 126
0.074393 -0.287779 0.557000 109 121 125
0.075833 -0.287779 0.557000 109 121 127
0.077273 -0.287779 0.557000 108 120 126
0.078713 -0.287779 0.557000 104 116 122
0.080153 -0.287779 0.557000 107 119 125
0.081594 -0.287779 0.557000 100 112 118
0.084626 -0.288296 0.558000 102 114 120
0.086069 -0.288296 0.558000 101 113 119
0.087511 -0.288296 0.558000 96 108 114
0.088954 -0.288296 0.558000 88 100 106
0.090397 -0.288296 0.558000 88 100 106
0.091840 -0.288296 0.558000 81 93 99
0.093283 -0.288296 0.558000 78 90 96
0.094725 -0.288296 0.558000 80 92 98
0.096168 -0.288296 0.558000 79 91 95
0.097611 -0.288296 0.558000 75 87 91
0.099054 -0.288296 0.558000 74 84 87
0.100497 -0.288296 0.558000 75 85 88
0.101939 -0.288296 0.558000 69 79 82
0.103382 -0.288296 0.558000 66 76 79
0.104825 -0.288296 0.558000 60 70 73
0.106268 -0.288296 0.558000 58 68 71
0.107711 -0.288296 0.558000 53 63 68
0.109349 -0.288812 0.559000 59 69 74
0.110795 -0.288812 0.559000 55 65 68
0.112240 -0.288812 0.559000 53 63 66
0.113685 -0.288812 0.559000 50 57 61
0.115131 -0.288812 0.559000 47 54 58
0.116576 -0.288812 0.559000 44 54 59
0.118021 -0.288812 0.559000 45 55 60
0.119467 -0.288812 0.559000 43 53 58
0.120912 -0.288812 0.559000 43 53 58
0.122358 -0.288812 0.559000 37 49 53
0.123803 -0.288812 0.559000 40 52 56
0.125248 -0.288812 0.559000 37 49 53
0.126694 -0.288812 0.559000 39 51 55
0.128139 -0.288812 0.559000 42 54 60
0.129585 -0.288812 0.559000 40 52 58
0.131264 -0.289329 0.560000 42 54 60
0.132712 -0.289329 0.560000 38 50 56
0.134160 -0.289329 0.560000 38 52 58
0.135608 -0.289329 0.560000 37 51 57
0.137056 -0.289329 0.560000 37 51 55
0.138752 -0.289845 0.561000 38 52 56
0.140202 -0.289845 0.561000 36 50 52
0.141653 -0.289845 0.561000 34 48 50
0.143103 -0.289845 0.561000 39 51 53
0.144554 -0.289845 0.561000 39 51 53
0.146004 -0.289845 0.561000 42 55 54
0.147455 -0.289845 0.561000 39 52 51
0.148906 -0.289845 0.561000 38 51 50
0.150088 -0.289329 0.560000 38 51 50
0.151536 -0.289329 0.560000 41 51 54
0.152984 -0.289329 0.560000 40 50 53
0.154432 -0.289329 0.560000 44 54 59
0.155880 -0.289329 0.560000 43 53 58
0.157047 -0.288812 0.559000 41 51 56
0.158493 -0.288812 0.559000 40 50 55
0.160224 -0.289329 0.560000 40 50 55
0.161672 -0.289329 0.560000 40 50 55
0.163120 -0.289329 0.560000 40 50 55
0.164568 -0.289329 0.560000 38 48 53
0.166016 -0.289329 0.560000 37 47 52
0.167464 -0.289329 0.560000 38 48 53
0.168912 -0.289329 0.560000 37 49 53
0.170664 -0.289845 0.561000 36 48 52
0.172115 -0.289845 0.561000 35 49 51
0.173565 -0.289845 0.561000 34 48 50
0.175016 -0.289845 0.561000 35 49 51
0.176781 -0.290362 0.562000 33 47 49
0.178234 -0.290362 0.562000 31 46 45
0.179687 -0.290362 0.562000 31 46 45
0.181140 -0.290362 0.562000 33 46 43
0.182594 -0.290362 0.562000 36 49 46
0.184047 -0.290362 0.562000 33 46 43
0.185170 -0.289845 0.561000 32 45 42
0.186620 -0.289845 0.561000 33 46 43
0.188071 -0.289845 0.561000 35 48 45
0.189521 -0.289845 0.561000 35 48 45
0.190972 -0.289845 0.561000 37 50 47
0.192080 -0.289329 0.560000 34 45 43
0.193528 -0.289329 0.560000 33 44 42
0.194976 -0.289329 0.560000 35 48 45
0.196073 -0.288812 0.559000 36 49 46
0.197518 -0.288812 0.559000 35 48 47
0.198964 -0.288812 0.559000 35 48 47
0.200409 -0.288812 0.559000 31 46 45
0.201854 -0.288812 0.559000 30 45 44
0.203300 -0.288812 0.559000 28 46 44
0.204379 -0.288296 0.558000 29 47 45
0.205822 -0.288296 0.558000 33 51 49
0.207265 -0.288296 0.558000 33 51 49
0.208707 -0.288296 0.558000 35 50 47
0.210150 -0.288296 0.558000 37 52 49
0.211593 -0.288296 0.558000 37 52 49
0.213036 -0.288296 0.558000 42 57 54
0.214479 -0.288296 0.558000 44 59 56
0.216308 -0.288812 0.559000 43 58 55
0.217754 -0.288812 0.559000 44 59 58
0.219199 -0.288812 0.559000 44 59 58
0.220645 -0.288812 0.559000 41 55 57
0.222090 -0.288812 0.559000 44 58 60
0.223535 -0.288812 0.559000 49 62 61
0.224981 -0.288812 0.559000 49 62 61
0.226021 -0.288296 0.558000 46 59 56
0.227871 -0.288812 0.559000 45 58 55
0.228907 -0.288296 0.558000 45 58 53
0.230349 -0.288296 0.558000 43 56 51
0.231792 -0.288296 0.558000 45 58 55
0.233235 -0.288296 0.558000 43 56 53
0.234678 -0.288296 0.558000 40 52 54
0.236121 -0.288296 0.558000 44 56 58
0.237564 -0.288296 0.558000 44 56 58
0.238578 -0.287779 0.557000 43 55 57
0.240018 -0.287779 0.557000 49 61 63
-0.116681 -0.281710 0.548000 63 69 69
-0.115264 -0.281710 0.548000 49 61 63
-0.113847 -0.281710 0.548000 43 55 57
-0.112225 -0.281196 0.547000 40 52 54
-0.110811 -0.281196 0.547000 40 52 54
-0.109396 -0.281196 0.547000 45 57 59
-0.107982 -0.281196 0.547000 50 62 64
-0.106568 -0.281196 0.547000 50 62 64
-0.105153 -0.281196 0.547000 49 61 63
-0.103739 -0.281196 0.547000 45 59 61
-0.102325 -0.281196 0.547000 48 62 64
-0.100910 -0.281196 0.547000 43 60 63
-0.099496 -0.281196 0.547000 45 62 65
-0.098261 -0.281710 0.548000 46 63 66
-0.096844 -0.281710 0.548000 47 64 67
-0.095427 -0.281710 0.548000 44 63 63
-0.094010 -0.281710 0.548000 44 63 63
-0.092593 -0.281710 0.548000 47 66 66
-0.091342 -0.282224 0.549000 48 67 67
-0.089923 -0.282224 0.549000 48 68 63
-0.088503 -0.282224 0.549000 48 68 63
-0.087242 -0.282738 0.550000 47 67 60
-0.085820 -0.282738 0.550000 47 67 60
-0.084398 -0.282738 0.550000 44 64 59
-0.082976 -0.282738 0.550000 46 66 61
-0.081554 -0.282738 0.550000 46 64 62
-0.080132 -0.282738 0.550000 47 65 63
-0.078566 -0.282224 0.549000 45 63 61
-0.077147 -0.282224 0.549000 43 61 59
-0.075727 -0.282224 0.549000 45 60 59
-0.074173 -0.281710 0.548000 44 59 58
-0.072623 -0.281196 0.547000 44 59 58
-0.071208 -0.281196 0.547000 43 58 57
-0.069794 -0.281196 0.547000 43 58 57
-0.068380 -0.281196 0.547000 43 58 57
-0.066965 -0.281196 0.547000 41 56 55
-0.065551 -0.281196 0.547000 40 55 54
-0.064019 -0.280682 0.546000 39 56 57
-0.062722 -0.281196 0.547000 40 57 58
-0.061308 -0.281196 0.547000 41 58 59
-0.059894 -0.281196 0.547000 42 59 60
-0.058586 -0.281710 0.548000 41 60 62
-0.057169 -0.281710 0.548000 40 59 61
-0.055854 -0.282224 0.549000 40 59 63
-0.054434 -0.282224 0.549000 41 60 64
-0.053015 -0.282224 0.549000 39 58 62
-0.051595 -0.282224 0.549000 41 60 64
-0.050176 -0.282224 0.549000 42 59 64
-0.048845 -0.282738 0.550000 43 60 65
-0.047423 -0.282738 0.550000 45 62 65
-0.046001 -0.282738 0.550000 42 59 62
-0.044579 -0.282738 0.550000 45 59 63
-0.043157 -0.282738 0.550000 43 57 61
-0.041734 -0.282738 0.550000 43 57 61
-0.040312 -0.282738 0.550000 44 58 62
-0.038890 -0.282738 0.550000 47 61 65
-0.037468 -0.282738 0.550000 47 61 65
-0.036046 -0.282738 0.550000 47 61 65
-0.034624 -0.282738 0.550000 45 59 63
-0.033141 -0.282224 0.549000 41 58 61
-0.031722 -0.282224 0.549000 43 60 63
-0.030302 -0.282224 0.549000 43 60 65
-0.028883 -0.282224 0.549000 42 59 64
-0.027463 -0.282224 0.549000 47 60 69
-0.026044 -0.282224 0.549000 43 56 65
-0.024624 -0.282224 0.549000 38 51 60
-0.023205 -0.282224 0.549000 40 53 62
-0.021785 -0.282224 0.549000 46 57 66
-0.020365 -0.282224 0.549000 51 62 71
-0.018946 -0.282224 0.549000 45 56 65
-0.017558 -0.282738 0.550000 44 55 64
-0.016136 -0.282738 0.550000 50 61 70
-0.014714 -0.282738 0.550000 53 64 73
-0.013292 -0.282738 0.550000 57 66 76
-0.011891 -0.283252 0.551000 61 70 80
-0.010467 -0.283252 0.551000 63 68 77
-0.009058 -0.283766 0.552000 68 73 82
-0.007631 -0.283766 0.552000 70 75 84
-0.006204 -0.283766 0.552000 70 75 84
-0.004776 -0.283766 0.552000 79 86 94
-0.003355 -0.284280 0.553000 78 85 93
-0.001925 -0.284280 0.553000 77 87 92
-0.000495 -0.283766 0.552000 83 93 98
0.000933 -0.283766 0.552000 87 97 102
0.002364 -0.284280 0.553000 88 98 103
0.003794 -0.284280 0.553000 95 107 111
0.005224 -0.284280 0.553000 101 113 117
0.006654 -0.284280 0.553000 96 108 114
0.008084 -0.284280 0.553000 106 118 124
0.009531 -0.284794 0.554000 109 121 127
0.010963 -0.284794 0.554000 108 120 126
0.012396 -0.284794 0.554000 111 125 131
0.013828 -0.284794 0.554000 112 126 132
0.015288 -0.285309 0.555000 112 126 130
0.105013 -0.287365 0.559000 101 111 114
0.106458 -0.287365 0.559000 102 112 115
0.107904 -0.287365 0.559000 94 104 107
0.109349 -0.287365 0.559000 93 103 106
0.110795 -0.287365 0.559000 91 101 104
0.112240 -0.287365 0.559000 89 99 102
0.113685 -0.287365 0.559000 97 107 110
0.115131 -0.287365 0.559000 84 94 97
0.116576 -0.287365 0.559000 88 98 103
0.118233 -0.287879 0.560000 81 91 96
0.119467 -0.287365 0.559000 82 92 97
0.120912 -0.287365 0.559000 79 89 94
0.122577 -0.287879 0.560000 80 92 96
0.124025 -0.287879 0.560000 79 91 95
0.125248 -0.287365 0.559000 70 84 90
0.126920 -0.287879 0.560000 70 84 90
0.128368 -0.287879 0.560000 69 82 91
0.129816 -0.287879 0.560000 62 75 84
0.131264 -0.287879 0.560000 61 74 83
0.132712 -0.287879 0.560000 62 75 84
0.134160 -0.287879 0.560000 54 71 76
0.135608 -0.287879 0.560000 56 73 78
0.137056 -0.287879 0.560000 48 65 68
0.138752 -0.288393 0.561000 48 65 68
0.140202 -0.288393 0.561000 50 64 68
0.141653 -0.288393 0.561000 48 62 66
0.143103 -0.288393 0.561000 45 59 63
0.144812 -0.288907 0.562000 47 61 65
0.146004 -0.288393 0.561000 50 65 64
0.147455 -0.288393 0.561000 42 57 56
0.148906 -0.288393 0.561000 45 58 57
0.150356 -0.288393 0.561000 54 67 66
0.151807 -0.288393 0.561000 51 61 64
0.152984 -0.287879 0.560000 44 54 57
0.154432 -0.287879 0.560000 48 58 65
0.155880 -0.287879 0.560000 46 56 63
0.157328 -0.287879 0.560000 41 51 58
0.158776 -0.287879 0.560000 46 56 63
0.160224 -0.287879 0.560000 46 58 64
0.161672 -0.287879 0.560000 42 54 60
0.163120 -0.287879 0.560000 46 58 64
0.164568 -0.287879 0.560000 43 55 61
0.166312 -0.288393 0.561000 38 49 58
0.167763 -0.288393 0.561000 40 51 60
0.169214 -0.288393 0.561000 38 51 60
0.170664 -0.288393 0.561000 35 48 57
0.172115 -0.288393 0.561000 40 54 60
0.173875 -0.288907 0.562000 38 52 58
0.175328 -0.288907 0.562000 38 52 58
0.176781 -0.288907 0.562000 37 51 57
0.178551 -0.289421 0.563000 36 48 50
0.180007 -0.289421 0.563000 39 51 53
0.181463 -0.289421 0.563000 39 52 51
0.182918 -0.289421 0.563000 39 52 51
0.184374 -0.289421 0.563000 35 50 49
0.185830 -0.289421 0.563000 31 46 45
0.187286 -0.289421 0.563000 34 49 46
0.188741 -0.289421 0.563000 35 50 47
0.189859 -0.288907 0.562000 37 50 47
0.191312 -0.288907 0.562000 37 50 47
0.192423 -0.288393 0.561000 36 47 45
0.193873 -0.288393 0.561000 34 45 43
0.195324 -0.288393 0.561000 37 48 48
0.196424 -0.287879 0.560000 37 48 48
0.197872 -0.287879 0.560000 37 49 51
0.199320 -0.287879 0.560000 35 47 49
0.200409 -0.287365 0.559000 34 48 50
0.201854 -0.287365 0.559000 31 45 47
0.203300 -0.287365 0.559000 29 46 47
0.204745 -0.287365 0.559000 32 49 50
0.206191 -0.287365 0.559000 29 46 47
0.207636 -0.287365 0.559000 32 49 50
0.209081 -0.287365 0.559000 29 47 45
0.210527 -0.287365 0.559000 27 45 43
0.211972 -0.287365 0.559000 27 45 41
0.213418 -0.287365 0.559000 29 47 43
0.214863 -0.287365 0.559000 33 48 45
0.216308 -0.287365 0.559000 36 51 48
0.217754 -0.287365 0.559000 36 51 48
0.219199 -0.287365 0.559000 36 51 48
0.220645 -0.287365 0.559000 35 50 49
0.222090 -0.287365 0.559000 37 52 51
0.223535 -0.287365 0.559000 42 57 54
0.224981 -0.287365 0.559000 40 55 52
0.226426 -0.287365 0.559000 41 56 51
0.227871 -0.287365 0.559000 42 57 52
0.229317 -0.287365 0.559000 43 59 50
0.230762 -0.287365 0.559000 41 57 48
0.232208 -0.287365 0.559000 41 57 48
0.233235 -0.286851 0.558000 40 56 47
0.234678 -0.286851 0.558000 40 55 52
0.236121 -0.286851 0.558000 42 57 54
0.237564 -0.286851 0.558000 42 57 56
0.239006 -0.286851 0.558000 42 57 56
0.240018 -0.286337 0.557000 41 55 57
0.241458 -0.286337 0.557000 37 51 53
0.242463 -0.285823 0.556000 34 48 50
0.243462 -0.285309 0.555000 35 49 51
0.244897 -0.285309 0.555000 53 64 64
-0.123766 -0.280291 0.548000 62 68 66
-0.122349 -0.280291 0.548000 53 59 57
-0.120711 -0.279780 0.547000 50 56 58
-0.119297 -0.279780 0.547000 46 52 54
-0.117883 -0.279780 0.547000 46 56 59
-0.116468 -0.279780 0.547000 46 56 59
-0.114843 -0.279268 0.546000 47 59 63
-0.113432 -0.279268 0.546000 46 58 62
-0.112020 -0.279268 0.546000 45 59 63
-0.110608 -0.279268 0.546000 45 59 63
-0.108996 -0.278757 0.545000 49 64 63
-0.107785 -0.279268 0.546000 49 64 63
-0.106373 -0.279268 0.546000 49 64 63
-0.104961 -0.279268 0.546000 49 64 63
-0.103549 -0.279268 0.546000 52 66 68
-0.102137 -0.279268 0.546000 51 65 67
-0.100726 -0.279268 0.546000 50 64 68
-0.099496 -0.279780 0.547000 50 64 68
-0.098081 -0.279780 0.547000 49 63 67
-0.096667 -0.279780 0.547000 50 64 68
-0.095253 -0.279780 0.547000 49 66 67
-0.094010 -0.280291 0.548000 49 66 67
-0.092593 -0.280291 0.548000 47 66 66
-0.091176 -0.280291 0.548000 45 64 64
-0.089759 -0.280291 0.548000 45 65 62
-0.088503 -0.280803 0.549000 46 66 63
-0.087084 -0.280803 0.549000 46 66 63
-0.085664 -0.280803 0.549000 41 61 58
-0.084245 -0.280803 0.549000 39 58 58
-0.082825 -0.280803 0.549000 41 60 60
-0.081406 -0.280803 0.549000 41 58 59
-0.079986 -0.280803 0.549000 42 59 60
-0.078566 -0.280803 0.549000 42 59 60
-0.077147 -0.280803 0.549000 42 59 60
-0.075727 -0.280803 0.549000 42 59 60
-0.074173 -0.280291 0.548000 41 58 59
-0.072756 -0.280291 0.548000 44 58 60
-0.071208 -0.279780 0.547000 45 59 61
-0.069794 -0.279780 0.547000 44 58 60
-0.068380 -0.279780 0.547000 47 61 63
-0.066965 -0.279780 0.547000 44 58 60
-0.065551 -0.279780 0.547000 43 57 59
-0.064137 -0.279780 0.547000 44 58 62
-0.062722 -0.279780 0.547000 45 59 63
-0.061308 -0.279780 0.547000 45 62 65
-0.060003 -0.280291 0.548000 43 60 63
-0.058586 -0.280291 0.548000 42 61 65
-0.057169 -0.280291 0.548000 44 63 67
-0.055854 -0.280803 0.549000 44 62 69
-0.054434 -0.280803 0.549000 42 60 67
-0.053015 -0.280803 0.549000 45 63 72
-0.051595 -0.280803 0.549000 46 64 73
-0.050267 -0.281314 0.550000 43 59 69
-0.048845 -0.281314 0.550000 42 58 68
-0.047423 -0.281314 0.550000 48 61 70
-0.046001 -0.281314 0.550000 44 57 66
-0.044579 -0.281314 0.550000 45 59 63
-0.043157 -0.281314 0.550000 45 59 63
-0.041734 -0.281314 0.550000 43 57 61
-0.040312 -0.281314 0.550000 44 58 62
-0.038890 -0.281314 0.550000 52 66 68
-0.037468 -0.281314 0.550000 55 69 71
-0.036046 -0.281314 0.550000 64 76 78
-0.034624 -0.281314 0.550000 65 77 79
-0.033202 -0.281314 0.550000 66 80 82
-0.031722 -0.280803 0.549000 67 81 83
-0.030302 -0.280803 0.549000 67 81 85
-0.028883 -0.280803 0.549000 69 83 87
-0.027463 -0.280803 0.549000 78 90 96
-0.026044 -0.280803 0.549000 80 92 98
-0.024624 -0.280803 0.549000 83 95 101
-0.023205 -0.280803 0.549000 87 99 105
-0.021785 -0.280803 0.549000 85 97 103
-0.020365 -0.280803 0.549000 92 104 110
-0.018980 -0.281314 0.550000 95 107 113
-0.017558 -0.281314 0.550000 92 104 110
-0.016136 -0.281314 0.550000 92 104 110
-0.014714 -0.281314 0.550000 99 111 117
-0.013316 -0.281826 0.551000 100 110 117
-0.011891 -0.281826 0.551000 101 111 118
-0.010467 -0.281826 0.551000 106 113 119
-0.009058 -0.282337 0.552000 110 117 123
0.137301 -0.286940 0.561000 86 100 104
0.138752 -0.286940 0.561000 87 101 105
0.140202 -0.286940 0.561000 91 105 107
0.141653 -0.286940 0.561000 87 101 103
0.143358 -0.287452 0.562000 85 99 101
0.144812 -0.287452 0.562000 80 94 96
0.146004 -0.286940 0.561000 83 98 97
0.147455 -0.286940 0.561000 81 96 95
0.148906 -0.286940 0.561000 82 95 94
0.150356 -0.286940 0.561000 83 96 95
0.151807 -0.286940 0.561000 81 91 94
0.153257 -0.286940 0.561000 81 91 94
0.154708 -0.286940 0.561000 80 90 93
0.155880 -0.286429 0.560000 79 89 92
0.157328 -0.286429 0.560000 82 92 97
0.158776 -0.286429 0.560000 76 86 91
0.160224 -0.286429 0.560000 73 83 88
0.161672 -0.286429 0.560000 77 87 92
0.163120 -0.286429 0.560000 69 79 84
0.164862 -0.286940 0.561000 75 85 90
0.166312 -0.286940 0.561000 71 83 89
0.167763 -0.286940 0.561000 71 83 89
0.169214 -0.286940 0.561000 67 78 87
0.170968 -0.287452 0.562000 64 75 84
0.172421 -0.287452 0.562000 61 75 81
0.174184 -0.287963 0.563000 57 71 77
0.175640 -0.287963 0.563000 58 72 78
0.177096 -0.287963 0.563000 57 71 77
0.178868 -0.288475 0.564000 53 65 67
0.180327 -0.288475 0.564000 49 61 63
0.181785 -0.288475 0.564000 46 58 60
0.183243 -0.288475 0.564000 43 55 57
0.184702 -0.288475 0.564000 44 56 58
0.186160 -0.288475 0.564000 47 59 61
0.187618 -0.288475 0.564000 47 59 61
0.189077 -0.288475 0.564000 39 51 53
0.190197 -0.287963 0.563000 33 45 47
0.191653 -0.287963 0.563000 38 50 52
0.192766 -0.287452 0.562000 36 46 49
0.194219 -0.287452 0.562000 36 46 49
0.195324 -0.286940 0.561000 39 49 52
0.196774 -0.286940 0.561000 39 49 52
0.198225 -0.286940 0.561000 40 52 56
0.199320 -0.286429 0.560000 42 54 58
0.200767 -0.286429 0.560000 38 52 58
0.202215 -0.286429 0.560000 37 51 57
0.203663 -0.286429 0.560000 34 51 56
0.204745 -0.285917 0.559000 33 50 55
0.206191 -0.285917 0.559000 31 48 53
0.207636 -0.285917 0.559000 35 52 57
0.209081 -0.285917 0.559000 33 50 51
0.210527 -0.285917 0.559000 33 50 51
0.211972 -0.285917 0.559000 33 51 49
0.213418 -0.285917 0.559000 33 51 49
0.214863 -0.285917 0.559000 35 50 49
0.216308 -0.285917 0.559000 34 49 48
0.217754 -0.285917 0.559000 34 49 48
0.219199 -0.285917 0.559000 33 48 47
0.220645 -0.285917 0.559000 33 48 45
0.222090 -0.285917 0.559000 34 49 46
0.223535 -0.285917 0.559000 31 46 43
0.224981 -0.285917 0.559000 31 46 43
0.226426 -0.285917 0.559000 31 46 41
0.227871 -0.285917 0.559000 33 48 43
0.229317 -0.285917 0.559000 35 51 42
0.230762 -0.285917 0.559000 37 53 44
0.232208 -0.285917 0.559000 37 53 44
0.233653 -0.285917 0.559000 38 54 45
0.234678 -0.285406 0.558000 41 56 53
0.236121 -0.285406 0.558000 41 56 53
0.237564 -0.285406 0.558000 38 56 54
0.239006 -0.285406 0.558000 35 53 51
0.240449 -0.285406 0.558000 36 54 52
0.241458 -0.284894 0.557000 39 57 55
0.242899 -0.284894 0.557000 38 55 56
0.243900 -0.284383 0.556000 39 56 57
0.244897 -0.283871 0.555000 44 57 56
0.246332 -0.283871 0.555000 43 56 55
0.247320 -0.283360 0.554000 43 54 54
0.248753 -0.283360 0.554000 45 56 56
-0.131089 -0.279381 0.549000 68 80 72
-0.129670 -0.279381 0.549000 55 67 59
-0.128250 -0.279381 0.549000 48 60 52
-0.126600 -0.278872 0.548000 45 56 52
-0.125183 -0.278872 0.548000 48 59 55
-0.123766 -0.278872 0.548000 52 60 59
-0.122126 -0.278363 0.547000 50 58 57
-0.120491 -0.277854 0.546000 54 62 61
-0.119079 -0.277854 0.546000 53 61 60
-0.117667 -0.277854 0.546000 52 63 63
-0.116042 -0.277346 0.545000 51 62 62
-0.114633 -0.277346 0.545000 50 64 66
-0.113224 -0.277346 0.545000 45 59 61
-0.111815 -0.277346 0.545000 48 62 64
-0.110406 -0.277346 0.545000 49 63 65
-0.108996 -0.277346 0.545000 51 66 65
-0.107587 -0.277346 0.545000 52 67 66
-0.106178 -0.277346 0.545000 51 66 65
-0.104769 -0.277346 0.545000 52 67 66
-0.103549 -0.277854 0.546000 51 65 67
-0.102137 -0.277854 0.546000 51 65 67
-0.100726 -0.277854 0.546000 49 63 67
-0.099314 -0.277854 0.546000 49 63 67
-0.097902 -0.277854 0.546000 47 61 65
-0.096490 -0.277854 0.546000 45 59 63
-0.095253 -0.278363 0.547000 43 57 59
-0.093838 -0.278363 0.547000 44 58 60
-0.092424 -0.278363 0.547000 43 60 61
-0.091010 -0.278363 0.547000 42 59 60
-0.089759 -0.278872 0.548000 41 58 59
-0.088342 -0.278872 0.548000 42 59 60
-0.086925 -0.278872 0.548000 40 57 58
-0.085508 -0.278872 0.548000 42 59 60
-0.084245 -0.279381 0.549000 42 59 62
-0.082825 -0.279381 0.549000 43 60 63
-0.081406 -0.279381 0.549000 45 62 65
-0.079986 -0.279381 0.549000 45 62 65
-0.078566 -0.279381 0.549000 45 59 63
-0.077147 -0.279381 0.549000 44 58 62
-0.075589 -0.278872 0.548000 47 61 65
-0.074173 -0.278872 0.548000 44 58 62
-0.072756 -0.278872 0.548000 48 62 68
-0.071339 -0.278872 0.548000 45 59 65
-0.069794 -0.278363 0.547000 43 57 63
-0.068380 -0.278363 0.547000 44 58 64
-0.066965 -0.278363 0.547000 45 57 63
-0.065551 -0.278363 0.547000 45 57 63
-0.064137 -0.278363 0.547000 45 57 63
-0.062722 -0.278363 0.547000 51 63 69
-0.061420 -0.278872 0.548000 47 59 63
-0.060003 -0.278872 0.548000 49 61 65
-0.058586 -0.278872 0.548000 43 57 61
-0.057273 -0.279381 0.549000 43 57 61
-0.055854 -0.279381 0.549000 49 65 73
-0.054434 -0.279381 0.549000 49 65 73
-0.053015 -0.279381 0.549000 59 72 81
-0.051595 -0.279381 0.549000 59 72 81
-0.050267 -0.279890 0.550000 66 77 86
-0.048845 -0.279890 0.550000 68 79 88
-0.047423 -0.279890 0.550000 75 86 95
-0.046001 -0.279890 0.550000 75 86 95
-0.044579 -0.279890 0.550000 82 94 98
-0.043157 -0.279890 0.550000 82 94 98
-0.041734 -0.279890 0.550000 87 99 101
-0.040312 -0.279890 0.550000 90 102 104
-0.038890 -0.279890 0.550000 92 104 106
-0.037468 -0.279890 0.550000 93 105 107
-0.036046 -0.279890 0.550000 98 108 111
-0.034624 -0.279890 0.550000 97 107 110
0.183243 -0.287014 0.564000 83 96 95
0.184702 -0.287014 0.564000 79 90 90
0.186160 -0.287014 0.564000 77 88 88
0.187618 -0.287014 0.564000 77 87 90
0.189077 -0.287014 0.564000 73 83 86
0.190535 -0.287014 0.564000 67 77 82
0.191653 -0.286506 0.563000 57 67 72
0.193109 -0.286506 0.563000 59 66 72
0.194564 -0.286506 0.563000 56 63 69
0.195672 -0.285997 0.562000 50 57 61
0.197125 -0.285997 0.562000 50 57 61
0.198578 -0.285997 0.562000 40 50 55
0.199675 -0.285488 0.561000 40 50 55
0.201126 -0.285488 0.561000 42 54 58
0.202577 -0.285488 0.561000 40 52 56
0.203663 -0.284979 0.560000 38 50 56
0.205111 -0.284979 0.560000 39 51 57
0.206559 -0.284979 0.560000 37 49 55
0.208007 -0.284979 0.560000 43 55 61
0.209455 -0.284979 0.560000 37 49 55
0.210903 -0.284979 0.560000 37 49 55
0.212351 -0.284979 0.560000 40 54 60
0.213799 -0.284979 0.560000 37 51 57
0.215247 -0.284979 0.560000 36 50 54
0.216695 -0.284979 0.560000 36 50 54
0.218143 -0.284979 0.560000 38 52 56
0.219591 -0.284979 0.560000 36 50 54
0.221039 -0.284979 0.560000 38 51 50
0.222487 -0.284979 0.560000 36 49 48
0.223935 -0.284979 0.560000 33 46 43
0.225383 -0.284979 0.560000 33 46 43
0.226831 -0.284979 0.560000 33 48 45
0.228279 -0.284979 0.560000 29 44 41
0.229727 -0.284979 0.560000 30 45 42
0.230762 -0.284470 0.559000 33 48 45
0.232208 -0.284470 0.559000 35 48 45
0.233653 -0.284470 0.559000 37 50 47
0.235098 -0.284470 0.559000 40 55 52
0.236544 -0.284470 0.559000 36 51 48
0.237564 -0.283961 0.558000 40 55 54
0.239006 -0.283961 0.558000 40 55 54
0.240449 -0.283961 0.558000 38 52 54
0.241458 -0.283452 0.557000 38 52 54
0.242899 -0.283452 0.557000 37 51 53
0.243900 -0.282943 0.556000 38 52 54
0.245338 -0.282943 0.556000 37 52 51
0.246332 -0.282434 0.555000 41 56 55
0.247767 -0.282434 0.555000 40 53 50
0.248753 -0.281926 0.554000 42 55 52
0.250185 -0.281926 0.554000 40 48 47
0.251163 -0.281417 0.553000 40 48 47
0.252593 -0.281417 0.553000 53 61 60
0.254023 -0.281417 0.553000 72 80 79
0.255453 -0.281417 0.553000 103 107 102
-0.136518 -0.277453 0.548000 76 85 76
-0.135101 -0.277453 0.548000 63 71 68
-0.133685 -0.277453 0.548000 54 62 59
-0.132268 -0.277453 0.548000 47 55 52
-0.130851 -0.277453 0.548000 47 55 52
-0.129434 -0.277453 0.548000 45 56 54
-0.128017 -0.277453 0.548000 44 55 53
-0.126369 -0.276947 0.547000 48 59 57
-0.124954 -0.276947 0.547000 52 63 61
-0.123540 -0.276947 0.547000 53 64 62
-0.121902 -0.276441 0.546000 53 64 62
-0.120491 -0.276441 0.546000 53 64 62
-0.118861 -0.275934 0.545000 54 65 63
-0.117452 -0.275934 0.545000 53 66 65
-0.116042 -0.275934 0.545000 53 66 65
-0.114633 -0.275934 0.545000 51 66 65
-0.113224 -0.275934 0.545000 50 65 64
-0.111815 -0.275934 0.545000 48 66 64
-0.110406 -0.275934 0.545000 47 65 63
-0.108996 -0.275934 0.545000 47 65 61
-0.107587 -0.275934 0.545000 46 64 60
-0.106373 -0.276441 0.546000 49 64 61
-0.104961 -0.276441 0.546000 44 59 56
-0.103549 -0.276441 0.546000 44 58 60
-0.102137 -0.276441 0.546000 44 58 60
-0.100726 -0.276441 0.546000 45 59 63
-0.099314 -0.276441 0.546000 47 61 65
-0.097902 -0.276441 0.546000 45 59 63
-0.096490 -0.276441 0.546000 44 58 62
-0.095253 -0.276947 0.547000 45 57 61
-0.093838 -0.276947 0.547000 47 59 63
-0.092424 -0.276947 0.547000 45 59 63
-0.091010 -0.276947 0.547000 45 59 63
-0.089595 -0.276947 0.547000 47 61 65
-0.088181 -0.276947 0.547000 47 61 65
-0.086925 -0.277453 0.548000 47 61 65
-0.085508 -0.277453 0.548000 49 63 67
-0.084091 -0.277453 0.548000 45 58 67
-0.082674 -0.277453 0.548000 49 62 71
-0.081406 -0.277960 0.549000 49 62 71
-0.079986 -0.277960 0.549000 47 60 69
-0.078423 -0.277453 0.548000 42 56 62
-0.077147 -0.277960 0.549000 43 57 63
-0.075589 -0.277453 0.548000 50 62 68
-0.074173 -0.277453 0.548000 54 66 72
-0.072756 -0.277453 0.548000 52 64 70
-0.071339 -0.277453 0.548000 53 65 71
-0.069922 -0.277453 0.548000 60 72 78
-0.068380 -0.276947 0.547000 67 79 85
-0.066965 -0.276947 0.547000 66 78 84
-0.065551 -0.276947 0.547000 64 76 82
-0.064254 -0.277453 0.548000 73 85 89
-0.062837 -0.277453 0.548000 75 87 91
-0.061420 -0.277453 0.548000 82 92 97
-0.060003 -0.277453 0.548000 94 104 109
-0.058693 -0.277960 0.549000 93 103 108
-0.057273 -0.277960 0.549000 100 110 115
-0.055854 -0.277960 0.549000 102 114 120
-0.054434 -0.277960 0.549000 101 113 119
-0.053015 -0.277960 0.549000 107 119 125
-0.051595 -0.277960 0.549000 111 123 129
-0.050267 -0.278466 0.550000 109 121 127
-0.048845 -0.278466 0.550000 115 127 133
-0.047423 -0.278466 0.550000 114 124 129
0.193109 -0.285048 0.563000 111 118 122
0.194564 -0.285048 0.563000 111 118 122
0.196020 -0.285048 0.563000 99 107 108
0.197125 -0.284542 0.562000 98 106 107
0.198578 -0.284542 0.562000 89 97 98
0.200031 -0.284542 0.562000 92 100 101
0.201126 -0.284035 0.561000 77 87 92
0.202577 -0.284035 0.561000 68 78 83
0.204027 -0.284035 0.561000 68 78 83
0.205478 -0.284035 0.561000 62 72 77
0.206928 -0.284035 0.561000 58 68 73
0.208379 -0.284035 0.561000 51 61 66
0.209829 -0.284035 0.561000 51 63 69
0.211280 -0.284035 0.561000 47 59 65
0.212731 -0.284035 0.561000 40 51 62
0.214181 -0.284035 0.561000 42 53 64
0.215632 -0.284035 0.561000 40 51 62
0.217082 -0.284035 0.561000 35 46 57
0.218533 -0.284035 0.561000 42 54 60
0.219983 -0.284035 0.561000 43 55 61
0.221039 -0.283529 0.560000 42 54 58
0.222487 -0.283529 0.560000 38 50 54
0.223935 -0.283529 0.560000 37 47 50
0.225383 -0.283529 0.560000 38 48 51
0.226831 -0.283529 0.560000 37 49 51
0.228279 -0.283529 0.560000 37 49 51
0.229727 -0.283529 0.560000 36 50 52
0.231175 -0.283529 0.560000 35 49 51
0.232623 -0.283529 0.560000 34 48 50
0.234071 -0.283529 0.560000 33 47 49
0.235519 -0.283529 0.560000 36 50 52
0.236544 -0.283023 0.559000 34 48 50
0.237989 -0.283023 0.559000 33 51 49
0.239006 -0.282516 0.558000 35 53 51
0.240449 -0.282516 0.558000 34 51 52
0.241892 -0.282516 0.558000 34 51 52
0.242899 -0.282010 0.557000 36 53 54
0.244339 -0.282010 0.557000 36 53 54
0.245779 -0.282010 0.557000 39 57 55
0.246775 -0.281504 0.556000 38 56 54
0.247767 -0.280997 0.555000 38 53 50
0.249202 -0.280997 0.555000 37 52 49
0.250637 -0.280997 0.555000 42 55 50
0.251618 -0.280491 0.554000 43 56 51
0.253050 -0.280491 0.554000 40 51 49
0.254483 -0.280491 0.554000 41 52 50
0.255915 -0.280491 0.554000 46 54 53
0.257348 -0.280491 0.554000 54 62 61
0.258780 -0.280491 0.554000 68 74 72
-0.140512 -0.275531 0.547000 73 84 80
-0.139098 -0.275531 0.547000 59 70 66
-0.137684 -0.275531 0.547000 51 62 60
-0.136269 -0.275531 0.547000 50 61 59
-0.134855 -0.275531 0.547000 51 62 62
-0.133441 -0.275531 0.547000 48 59 59
-0.132026 -0.275531 0.547000 48 59 57
-0.130612 -0.275531 0.547000 52 63 61
-0.129197 -0.275531 0.547000 49 62 59
-0.127783 -0.275531 0.547000 51 64 61
-0.126138 -0.275027 0.546000 53 66 65
-0.124726 -0.275027 0.546000 53 66 65
-0.123314 -0.275027 0.546000 56 69 68
-0.121679 -0.274523 0.545000 56 69 68
-0.120270 -0.274523 0.545000 56 69 68
-0.118861 -0.274523 0.545000 56 69 68
-0.117236 -0.274020 0.544000 51 66 65
-0.115829 -0.274020 0.544000 48 63 62
-0.114633 -0.274523 0.545000 45 63 61
-0.113224 -0.274523 0.545000 43 61 59
-0.111815 -0.274523 0.545000 44 64 59
-0.110406 -0.274523 0.545000 42 62 57
-0.108996 -0.274523 0.545000 42 60 56
-0.107587 -0.274523 0.545000 42 60 56
-0.106178 -0.274523 0.545000 42 60 56
-0.104769 -0.274523 0.545000 42 60 56
-0.103549 -0.275027 0.546000 45 62 63
-0.102137 -0.275027 0.546000 42 59 60
-0.100726 -0.275027 0.546000 43 60 65
-0.099314 -0.275027 0.546000 42 59 64
-0.097902 -0.275027 0.546000 46 63 68
-0.096490 -0.275027 0.546000 43 60 65
-0.095079 -0.275027 0.546000 47 61 65
-0.093667 -0.275027 0.546000 44 58 62
-0.092424 -0.275531 0.547000 45 57 61
-0.091010 -0.275531 0.547000 49 61 65
-0.089595 -0.275531 0.547000 47 59 63
-0.088181 -0.275531 0.547000 46 58 62
-0.086766 -0.275531 0.547000 50 62 68
-0.085508 -0.276034 0.548000 51 63 69
-0.084091 -0.276034 0.548000 45 58 67
-0.082674 -0.276034 0.548000 52 65 74
-0.081257 -0.276034 0.548000 57 70 79
-0.079840 -0.276034 0.548000 62 75 84
-0.078423 -0.276034 0.548000 74 88 94
-0.077006 -0.276034 0.548000 81 95 101
-0.075589 -0.276034 0.548000 94 104 111
-0.074173 -0.276034 0.548000 97 107 114
-0.072756 -0.276034 0.548000 100 112 118
-0.071339 -0.276034 0.548000 99 111 117
-0.069922 -0.276034 0.548000 106 118 124
-0.068380 -0.275531 0.547000 109 121 127
-0.067088 -0.276034 0.548000 113 125 129
-0.065671 -0.276034 0.548000 114 126 130
0.208379 -0.282583 0.561000 108 118 121
0.209829 -0.282583 0.561000 97 109 113
0.211280 -0.282583 0.561000 92 104 108
0.212731 -0.282583 0.561000 80 91 102
0.214181 -0.282583 0.561000 71 82 93
0.215632 -0.282583 0.561000 62 75 86
0.217082 -0.282583 0.561000 56 69 80
0.218533 -0.282583 0.561000 45 58 67
0.219983 -0.282583 0.561000 41 54 63
0.221434 -0.282583 0.561000 40 51 60
0.222884 -0.282583 0.561000 42 53 62
0.224335 -0.282583 0.561000 40 50 57
0.225786 -0.282583 0.561000 38 48 55
0.227236 -0.282583 0.561000 45 57 63
0.228687 -0.282583 0.561000 38 50 56
0.230137 -0.282583 0.561000 36 50 56
0.231588 -0.282583 0.561000 37 51 57
0.232623 -0.282079 0.560000 37 51 57
0.234071 -0.282079 0.560000 36 50 56
0.235519 -0.282079 0.560000 39 51 57
0.236967 -0.282079 0.560000 38 50 56
0.238415 -0.282079 0.560000 32 49 50
0.239435 -0.281575 0.559000 32 49 50
0.240880 -0.281575 0.559000 33 51 49
0.241892 -0.281072 0.558000 33 51 49
0.243335 -0.281072 0.558000 34 52 50
0.244778 -0.281072 0.558000 32 50 48
0.245779 -0.280568 0.557000 34 52 50
0.247219 -0.280568 0.557000 35 53 51
0.248213 -0.280064 0.556000 33 51 47
0.249651 -0.280064 0.556000 34 52 48
0.251088 -0.280064 0.556000 37 52 49
0.252072 -0.279560 0.555000 36 51 48
0.253507 -0.279560 0.555000 36 51 48
0.254942 -0.279560 0.555000 42 57 54
0.256377 -0.279560 0.555000 40 53 50
0.257812 -0.279560 0.555000 40 53 50
0.259247 -0.279560 0.555000 42 50 51
0.260682 -0.279560 0.555000 46 54 55
0.262117 -0.279560 0.555000 60 68 65
0.263552 -0.279560 0.555000 90 98 95
0.265465 -0.280064 0.556000 135 140 128
-0.144491 -0.273613 0.546000 63 69 67
-0.143079 -0.273613 0.546000 52 60 61
-0.141667 -0.273613 0.546000 45 53 54
-0.140256 -0.273613 0.546000 40 55 54
-0.138844 -0.273613 0.546000 43 58 57
-0.137432 -0.273613 0.546000 45 60 59
-0.136020 -0.273613 0.546000 50 65 64
-0.134608 -0.273613 0.546000 51 64 63
-0.133197 -0.273613 0.546000 54 67 66
-0.131785 -0.273613 0.546000 54 67 64
-0.130373 -0.273613 0.546000 54 67 64
-0.128961 -0.273613 0.546000 54 69 66
-0.127549 -0.273613 0.546000 56 71 68
-0.125907 -0.273112 0.545000 55 70 69
-0.124497 -0.273112 0.545000 51 66 65
-0.123088 -0.273112 0.545000 50 65 64
-0.121679 -0.273112 0.545000 48 63 62
-0.120049 -0.272611 0.544000 45 62 63
-0.118643 -0.272611 0.544000 46 63 64
-0.117236 -0.272611 0.544000 45 62 63
-0.115829 -0.272611 0.544000 42 59 60
-0.114423 -0.272611 0.544000 42 60 58
-0.113016 -0.272611 0.544000 41 59 57
-0.111815 -0.273112 0.545000 42 62 59
-0.110203 -0.272611 0.544000 41 61 58
-0.108996 -0.273112 0.545000 42 61 61
-0.107587 -0.273112 0.545000 45 64 64
-0.106178 -0.273112 0.545000 45 64 66
-0.104769 -0.273112 0.545000 45 64 66
-0.103360 -0.273112 0.545000 44 63 67
-0.102137 -0.273613 0.546000 39 58 62
-0.100541 -0.273112 0.545000 42 60 67
-0.099314 -0.273613 0.546000 39 57 64
-0.097902 -0.273613 0.546000 42 55 64
-0.096490 -0.273613 0.546000 47 60 69
-0.095079 -0.273613 0.546000 54 66 72
-0.093667 -0.273613 0.546000 58 70 76
-0.092255 -0.273613 0.546000 72 82 87
-0.091010 -0.274114 0.547000 79 89 94
-0.089595 -0.274114 0.547000 83 93 98
-0.088181 -0.274114 0.547000 87 97 102
-0.086766 -0.274114 0.547000 99 106 112
-0.085352 -0.274114 0.547000 106 113 119
-0.084091 -0.274616 0.548000 107 119 125
-0.082674 -0.274616 0.548000 116 128 134
-0.081257 -0.274616 0.548000 118 130 136
-0.079840 -0.274616 0.548000 116 128 134
0.218922 -0.281631 0.562000 110 122 128
0.220375 -0.281631 0.562000 96 108 114
0.221434 -0.281130 0.561000 87 97 104
0.222884 -0.281130 0.561000 81 91 98
0.224335 -0.281130 0.561000 65 75 82
0.225786 -0.281130 0.561000 57 67 74
0.227236 -0.281130 0.561000 52 61 71
0.228687 -0.281130 0.561000 48 57 67
0.230137 -0.281130 0.561000 39 48 58
0.231588 -0.281130 0.561000 38 47 57
0.233038 -0.281130 0.561000 39 48 58
0.234489 -0.281130 0.561000 40 49 59
0.235940 -0.281130 0.561000 42 53 62
0.236967 -0.280629 0.560000 39 50 59
0.238415 -0.280629 0.560000 35 49 53
0.239863 -0.280629 0.560000 36 50 54
0.240880 -0.280128 0.559000 34 49 48
0.242325 -0.280128 0.559000 35 50 49
0.243335 -0.279627 0.558000 34 49 48
0.244778 -0.279627 0.558000 34 49 48
0.246220 -0.279627 0.558000 35 50 49
0.247663 -0.279627 0.558000 36 51 50
0.248660 -0.279126 0.557000 33 48 47
0.250100 -0.279126 0.557000 33 48 47
0.251540 -0.279126 0.557000 35 50 47
0.252526 -0.278625 0.556000 34 49 46
0.253964 -0.278625 0.556000 36 51 48
0.255401 -0.278625 0.556000 35 50 47
0.256839 -0.278625 0.556000 35 50 47
0.258277 -0.278625 0.556000 36 51 48
0.259714 -0.278625 0.556000 40 55 52
0.261152 -0.278625 0.556000 36 51 48
0.262589 -0.278625 0.556000 38 51 48
0.264027 -0.278625 0.556000 39 52 49
0.265942 -0.279126 0.557000 52 60 57
0.267382 -0.279126 0.557000 84 92 89
-0.148454 -0.271701 0.545000 59 70 66
-0.147045 -0.271701 0.545000 47 58 54
-0.145635 -0.271701 0.545000 45 55 58
-0.144226 -0.271701 0.545000 44 54 57
-0.142817 -0.271701 0.545000 48 58 61
-0.141408 -0.271701 0.545000 48 58 61
-0.139999 -0.271701 0.545000 48 62 64
-0.138589 -0.271701 0.545000 50 64 66
-0.137180 -0.271701 0.545000 52 67 64
-0.135771 -0.271701 0.545000 52 67 64
-0.134362 -0.271701 0.545000 52 67 64
-0.132953 -0.271701 0.545000 52 67 64
-0.131543 -0.271701 0.545000 55 70 67
-0.130134 -0.271701 0.545000 52 67 64
-0.128725 -0.271701 0.545000 50 65 62
-0.127316 -0.271701 0.545000 49 64 61
-0.125907 -0.271701 0.545000 45 60 59
-0.124269 -0.271203 0.544000 45 60 59
-0.122862 -0.271203 0.544000 42 59 62
-0.121456 -0.271203 0.544000 42 59 62
-0.120049 -0.271203 0.544000 42 59 62
-0.118643 -0.271203 0.544000 42 59 62
-0.117236 -0.271203 0.544000 42 61 63
-0.115829 -0.271203 0.544000 44 63 65
-0.114423 -0.271203 0.544000 44 63 65
-0.113016 -0.271203 0.544000 44 63 65
-0.111610 -0.271203 0.544000 42 61 63
-0.110203 -0.271203 0.544000 42 61 63
-0.108996 -0.271701 0.545000 44 63 67
-0.107587 -0.271701 0.545000 42 61 65
-0.106178 -0.271701 0.545000 40 58 65
-0.104769 -0.271701 0.545000 42 60 67
-0.103360 -0.271701 0.545000 43 59 67
-0.101950 -0.271701 0.545000 56 72 80
-0.100541 -0.271701 0.545000 63 76 85
-0.099314 -0.272200 0.546000 72 85 94
-0.097902 -0.272200 0.546000 86 97 106
-0.096490 -0.272200 0.546000 100 111 120
-0.095079 -0.272200 0.546000 108 118 123
-0.093667 -0.272200 0.546000 118 128 133
-0.092255 -0.272200 0.546000 121 131 136
0.229094 -0.280176 0.562000 90 97 105
0.230548 -0.280176 0.562000 84 88 100
0.232001 -0.280176 0.562000 69 73 85
0.233038 -0.279678 0.561000 62 71 81
0.234489 -0.279678 0.561000 51 60 70
0.235940 -0.279678 0.561000 44 54 68
0.237390 -0.279678 0.561000 42 52 66
0.238841 -0.279678 0.561000 38 47 59
0.239863 -0.279179 0.560000 41 50 62
0.241311 -0.279179 0.560000 40 52 56
0.242325 -0.278681 0.559000 40 52 56
0.243771 -0.278681 0.559000 38 50 52
0.245216 -0.278681 0.559000 38 50 52
0.246220 -0.278182 0.558000 37 51 53
0.247663 -0.278182 0.558000 37 51 53
0.249106 -0.278182 0.558000 35 49 51
0.250549 -0.278182 0.558000 34 48 50
0.251540 -0.277683 0.557000 34 49 46
0.252980 -0.277683 0.557000 31 46 43
0.254420 -0.277683 0.557000 34 49 44
0.255861 -0.277683 0.557000 34 49 44
0.257301 -0.277683 0.557000 33 48 43
0.258741 -0.277683 0.557000 35 50 45
0.260181 -0.277683 0.557000 37 52 47
0.261622 -0.277683 0.557000 35 50 45
0.263062 -0.277683 0.557000 35 50 47
0.264502 -0.277683 0.557000 36 51 48
0.265942 -0.277683 0.557000 34 45 43
0.267862 -0.278182 0.558000 38 49 47
0.269305 -0.278182 0.558000 47 53 51
0.270748 -0.278182 0.558000 65 71 69
-0.152401 -0.269794 0.544000 66 75 68
-0.150995 -0.269794 0.544000 47 58 54
-0.149588 -0.269794 0.544000 45 56 52
-0.148181 -0.269794 0.544000 47 60 57
-0.146775 -0.269794 0.544000 50 63 60
-0.145368 -0.269794 0.544000 52 63 63
-0.143962 -0.269794 0.544000 53 64 64
-0.142555 -0.269794 0.544000 53 64 64
-0.141148 -0.269794 0.544000 53 64 64
-0.139742 -0.269794 0.544000 54 69 66
-0.138335 -0.269794 0.544000 55 70 67
-0.136929 -0.269794 0.544000 54 69 66
-0.135522 -0.269794 0.544000 52 67 64
-0.134115 -0.269794 0.544000 48 63 58
-0.132709 -0.269794 0.544000 48 63 58
-0.131302 -0.269794 0.544000 49 64 61
-0.129895 -0.269794 0.544000 48 63 60
-0.128489 -0.269794 0.544000 45 60 59
-0.127082 -0.269794 0.544000 45 60 59
-0.125676 -0.269794 0.544000 43 60 61
-0.124269 -0.269794 0.544000 45 62 63
-0.122862 -0.269794 0.544000 43 60 65
-0.121233 -0.269298 0.543000 42 59 64
-0.119829 -0.269298 0.543000 46 63 68
-0.118425 -0.269298 0.543000 47 64 69
-0.117020 -0.269298 0.543000 42 59 64
-0.115616 -0.269298 0.543000 41 58 63
-0.114423 -0.269794 0.544000 40 57 62
-0.113016 -0.269794 0.544000 41 58 63
-0.111610 -0.269794 0.544000 43 60 65
-0.110203 -0.269794 0.544000 48 65 70
-0.108796 -0.269794 0.544000 55 69 75
-0.107587 -0.270290 0.545000 69 83 89
-0.106178 -0.270290 0.545000 83 95 101
-0.104769 -0.270290 0.545000 92 104 110
-0.103360 -0.270290 0.545000 103 113 120
-0.101950 -0.270290 0.545000 115 125 132
0.234907 -0.278721 0.562000 94 99 108
0.235940 -0.278225 0.561000 84 90 103
0.237390 -0.278225 0.561000 66 72 85
0.238841 -0.278225 0.561000 54 63 75
0.239863 -0.277729 0.560000 54 63 75
0.241311 -0.277729 0.560000 43 52 62
0.242759 -0.277729 0.560000 40 49 59
0.243771 -0.277233 0.559000 39 51 57
0.245216 -0.277233 0.559000 40 52 58
0.246662 -0.277233 0.559000 40 52 56
0.247663 -0.276737 0.558000 42 54 58
0.249106 -0.276737 0.558000 40 52 54
0.250549 -0.276737 0.558000 38 50 52
0.251992 -0.276737 0.558000 34 49 46
0.253434 -0.276737 0.558000 35 50 47
0.254877 -0.276737 0.558000 33 49 40
0.256320 -0.276737 0.558000 34 50 41
0.257763 -0.276737 0.558000 33 49 40
0.259206 -0.276737 0.558000 34 50 41
0.260648 -0.276737 0.558000 35 50 45
0.262091 -0.276737 0.558000 34 49 44
0.263534 -0.276737 0.558000 35 50 47
0.264977 -0.276737 0.558000 36 51 48
0.266420 -0.276737 0.558000 38 51 48
0.267862 -0.276737 0.558000 40 53 50
0.269305 -0.276737 0.558000 41 47 45
0.270748 -0.276737 0.558000 41 47 45
0.272191 -0.276737 0.558000 48 52 45
0.274124 -0.277233 0.559000 72 76 69
0.275569 -0.277233 0.559000 110 114 107
-0.156333 -0.267892 0.543000 63 71 70
-0.154929 -0.267892 0.543000 53 61 60
-0.153525 -0.267892 0.543000 48 56 55
-0.152121 -0.267892 0.543000 46 54 53
-0.150717 -0.267892 0.543000 47 60 57
-0.149313 -0.267892 0.543000 54 67 64
-0.147909 -0.267892 0.543000 51 64 59
-0.146505 -0.267892 0.543000 51 64 59
-0.145101 -0.267892 0.543000 56 69 64
-0.143697 -0.267892 0.543000 57 70 65
-0.142293 -0.267892 0.543000 58 71 68
-0.140889 -0.267892 0.543000 56 69 66
-0.139485 -0.267892 0.543000 50 65 62
-0.138081 -0.267892 0.543000 50 65 62
-0.136677 -0.267892 0.543000 48 63 60
-0.135273 -0.267892 0.543000 45 60 57
-0.133869 -0.267892 0.543000 44 59 56
-0.132465 -0.267892 0.543000 42 57 54
-0.131061 -0.267892 0.543000 43 58 57
-0.129657 -0.267892 0.543000 44 59 58
-0.128253 -0.267892 0.543000 45 59 61
-0.126849 -0.267892 0.543000 48 62 64
-0.125445 -0.267892 0.543000 47 61 65
-0.124041 -0.267892 0.543000 49 63 67
-0.122637 -0.267892 0.543000 47 61 67
-0.121233 -0.267892 0.543000 44 58 64
-0.119829 -0.267892 0.543000 47 59 65
-0.118425 -0.267892 0.543000 50 62 68
-0.117020 -0.267892 0.543000 53 65 71
-0.115616 -0.267892 0.543000 61 73 79
-0.114212 -0.267892 0.543000 73 85 91
-0.112808 -0.267892 0.543000 83 95 101
-0.111610 -0.268385 0.544000 94 106 110
-0.110203 -0.268385 0.544000 106 118 122
-0.108796 -0.268385 0.544000 117 129 133
-0.107390 -0.268385 0.544000 123 135 139
-0.105983 -0.268385 0.544000 126 136 139
0.240291 -0.276772 0.561000 93 97 109
0.241311 -0.276279 0.560000 75 80 87
0.242759 -0.276279 0.560000 64 69 76
0.244207 -0.276279 0.560000 54 61 67
0.245216 -0.275786 0.559000 49 56 62
0.246662 -0.275786 0.559000 41 48 54
0.248107 -0.275786 0.559000 41 48 54
0.249552 -0.275786 0.559000 38 50 56
0.250549 -0.275292 0.558000 40 52 58
0.251992 -0.275292 0.558000 39 52 51
0.253434 -0.275292 0.558000 38 51 50
0.254877 -0.275292 0.558000 37 50 45
0.256320 -0.275292 0.558000 37 50 45
0.257763 -0.275292 0.558000 36 49 44
0.259206 -0.275292 0.558000 36 49 44
0.260648 -0.275292 0.558000 36 49 46
0.262091 -0.275292 0.558000 37 50 47
0.263534 -0.275292 0.558000 38 51 50
0.264977 -0.275292 0.558000 37 50 49
0.266420 -0.275292 0.558000 38 51 50
0.267862 -0.275292 0.558000 38 51 50
0.269305 -0.275292 0.558000 41 49 46
0.270748 -0.275292 0.558000 43 51 48
0.272191 -0.275292 0.558000 35 42 34
0.273634 -0.275292 0.558000 43 50 42
0.275569 -0.275786 0.559000 55 59 52
0.277015 -0.275786 0.559000 70 74 67
-0.160545 -0.266486 0.543000 78 85 77
-0.159141 -0.266486 0.543000 60 66 66
-0.157447 -0.265995 0.542000 48 54 54
-0.156045 -0.265995 0.542000 50 58 59
-0.154644 -0.265995 0.542000 54 62 63
-0.153242 -0.265995 0.542000 51 62 60
-0.151841 -0.265995 0.542000 50 61 59
-0.150440 -0.265995 0.542000 49 64 59
-0.149038 -0.265995 0.542000 54 69 64
-0.147909 -0.266486 0.543000 55 70 65
-0.146505 -0.266486 0.543000 54 69 64
-0.145101 -0.266486 0.543000 57 71 62
-0.143697 -0.266486 0.543000 56 70 61
-0.142293 -0.266486 0.543000 52 65 60
-0.140889 -0.266486 0.543000 52 65 60
-0.139485 -0.266486 0.543000 46 59 54
-0.138081 -0.266486 0.543000 47 60 55
-0.136677 -0.266486 0.543000 44 59 54
-0.135273 -0.266486 0.543000 43 58 53
-0.133869 -0.266486 0.543000 47 62 61
-0.132465 -0.266486 0.543000 45 60 59
-0.131061 -0.266486 0.543000 42 56 58
-0.129657 -0.266486 0.543000 44 58 60
-0.128253 -0.266486 0.543000 50 62 68
-0.126849 -0.266486 0.543000 51 63 69
-0.125445 -0.266486 0.543000 57 69 75
-0.124041 -0.266486 0.543000 50 62 68
-0.122637 -0.266486 0.543000 55 65 70
-0.121233 -0.266486 0.543000 72 82 87
-0.119829 -0.266486 0.543000 84 91 97
-0.118425 -0.266486 0.543000 95 102 108
-0.117020 -0.266486 0.543000 109 119 124
-0.115616 -0.266486 0.543000 121 131 136
-0.114212 -0.266486 0.543000 124 136 140
0.245216 -0.274338 0.559000 88 90 96
0.246662 -0.274338 0.559000 77 82 89
0.248107 -0.274338 0.559000 61 66 73
0.249552 -0.274338 0.559000 46 53 61
0.250998 -0.274338 0.559000 41 48 56
0.252443 -0.274338 0.559000 38 50 54
0.253889 -0.274338 0.559000 38 50 54
0.254877 -0.273848 0.558000 39 52 51
0.256320 -0.273848 0.558000 40 53 52
0.257763 -0.273848 0.558000 39 52 51
0.259206 -0.273848 0.558000 39 52 51
0.260648 -0.273848 0.558000 38 50 52
0.262091 -0.273848 0.558000 39 51 53
0.263534 -0.273848 0.558000 38 50 54
0.264977 -0.273848 0.558000 37 49 53
0.266420 -0.273848 0.558000 38 50 54
0.267862 -0.273848 0.558000 38 50 54
0.269305 -0.273848 0.558000 40 51 49
0.270748 -0.273848 0.558000 39 50 48
0.272191 -0.273848 0.558000 41 48 42
0.273634 -0.273848 0.558000 44 51 45
0.275077 -0.273848 0.558000 43 47 40
0.276519 -0.273848 0.558000 41 45 38
0.277962 -0.273848 0.558000 52 56 51
0.279906 -0.274338 0.559000 74 78 73
-0.164454 -0.264592 0.542000 80 86 84
-0.163052 -0.264592 0.542000 58 64 62
-0.161651 -0.264592 0.542000 50 58 59
-0.160250 -0.264592 0.542000 50 58 59
-0.158848 -0.264592 0.542000 52 62 67
-0.157447 -0.264592 0.542000 48 58 63
-0.156045 -0.264592 0.542000 51 62 62
-0.154644 -0.264592 0.542000 54 65 65
-0.153242 -0.264592 0.542000 57 68 66
-0.151841 -0.264592 0.542000 58 69 67
-0.150440 -0.264592 0.542000 55 70 65
-0.149038 -0.264592 0.542000 54 69 64
-0.147637 -0.264592 0.542000 54 69 64
-0.146235 -0.264592 0.542000 49 64 59
-0.144834 -0.264592 0.542000 49 62 57
-0.143432 -0.264592 0.542000 49 62 57
-0.142031 -0.264592 0.542000 46 59 54
-0.140629 -0.264592 0.542000 46 59 54
-0.139485 -0.265080 0.543000 46 59 54
-0.138081 -0.265080 0.543000 50 63 58
-0.136677 -0.265080 0.543000 47 60 57
-0.135273 -0.265080 0.543000 45 58 55
-0.133869 -0.265080 0.543000 43 55 57
-0.132465 -0.265080 0.543000 45 57 59
-0.131061 -0.265080 0.543000 50 62 68
-0.129657 -0.265080 0.543000 53 65 71
-0.128253 -0.265080 0.543000 53 64 73
-0.126849 -0.265080 0.543000 74 85 94
-0.125445 -0.265080 0.543000 83 93 100
-0.123812 -0.264592 0.542000 94 104 111
-0.122411 -0.264592 0.542000 112 117 122
-0.121009 -0.264592 0.542000 125 130 135
-0.119608 -0.264592 0.542000 131 137 139
-0.118425 -0.265080 0.543000 129 135 137
-0.117020 -0.265080 0.543000 126 133 137
0.249552 -0.272891 0.559000 79 86 92
0.250998 -0.272891 0.559000 68 75 81
0.252443 -0.272891 0.559000 59 69 76
0.253889 -0.272891 0.559000 43 53 60
0.255334 -0.272891 0.559000 40 50 57
0.256779 -0.272891 0.559000 44 54 61
0.258225 -0.272891 0.559000 44 54 59
0.259670 -0.272891 0.559000 43 53 58
0.261116 -0.272891 0.559000 40 52 56
0.262561 -0.272891 0.559000 40 52 56
0.264006 -0.272891 0.559000 37 49 53
0.264977 -0.272403 0.558000 37 49 53
0.266420 -0.272403 0.558000 35 49 53
0.267862 -0.272403 0.558000 37 51 55
0.269305 -0.272403 0.558000 37 50 49
0.270748 -0.272403 0.558000 38 51 50
0.272191 -0.272403 0.558000 38 49 45
0.273634 -0.272403 0.558000 38 49 45
0.275077 -0.272403 0.558000 41 50 43
0.276519 -0.272403 0.558000 40 49 42
0.277962 -0.272403 0.558000 38 47 40
0.279405 -0.272403 0.558000 40 49 42
0.280848 -0.272403 0.558000 47 53 51
0.282291 -0.272403 0.558000 80 86 84
-0.166640 -0.262217 0.540000 66 74 73
-0.165243 -0.262217 0.540000 53 61 60
-0.164150 -0.262703 0.541000 43 55 59
-0.162752 -0.262703 0.541000 44 56 60
-0.161353 -0.262703 0.541000 51 63 67
-0.159954 -0.262703 0.541000 53 65 69
-0.158555 -0.262703 0.541000 53 65 69
-0.157156 -0.262703 0.541000 56 68 72
-0.155757 -0.262703 0.541000 57 69 73
-0.154359 -0.262703 0.541000 57 69 73
-0.152960 -0.262703 0.541000 59 71 73
-0.151841 -0.263189 0.542000 58 70 72
-0.150440 -0.263189 0.542000 50 65 64
-0.149038 -0.263189 0.542000 47 62 61
-0.147637 -0.263189 0.542000 48 63 62
-0.146235 -0.263189 0.542000 45 60 59
-0.144834 -0.263189 0.542000 47 60 59
-0.143432 -0.263189 0.542000 46 59 58
-0.142031 -0.263189 0.542000 47 60 59
-0.140629 -0.263189 0.542000 51 64 63
-0.139228 -0.263189 0.542000 51 64 63
-0.137827 -0.263189 0.542000 49 62 61
-0.136425 -0.263189 0.542000 49 61 63
-0.135024 -0.263189 0.542000 51 63 65
-0.133622 -0.263189 0.542000 60 72 78
-0.132221 -0.263189 0.542000 65 77 83
-0.130819 -0.263189 0.542000 79 89 96
-0.129418 -0.263189 0.542000 95 105 112
-0.128017 -0.263189 0.542000 102 109 115
-0.126615 -0.263189 0.542000 116 123 129
-0.125214 -0.263189 0.542000 124 129 134
0.253889 -0.271444 0.559000 86 91 100
0.255334 -0.271444 0.559000 58 68 75
0.256779 -0.271444 0.559000 53 63 70
0.258225 -0.271444 0.559000 39 51 57
0.259670 -0.271444 0.559000 42 54 60
0.261116 -0.271444 0.559000 40 52 56
0.262561 -0.271444 0.559000 43 55 59
0.264006 -0.271444 0.559000 39 51 55
0.265452 -0.271444 0.559000 38 50 54
0.266897 -0.271444 0.559000 36 50 54
0.267862 -0.270958 0.558000 35 49 53
0.269305 -0.270958 0.558000 34 49 48
0.270748 -0.270958 0.558000 34 49 48
0.272191 -0.270958 0.558000 40 51 47
0.273634 -0.270958 0.558000 40 51 47
0.274584 -0.270472 0.557000 40 51 47
0.276024 -0.270472 0.557000 38 49 45
0.277464 -0.270472 0.557000 37 48 44
0.278403 -0.269987 0.556000 40 51 47
0.279841 -0.269987 0.556000 41 49 46
0.281279 -0.269987 0.556000 42 50 47
0.282716 -0.269987 0.556000 57 65 62
0.284665 -0.270472 0.557000 84 92 89
-0.170196 -0.259853 0.538000 91 96 86
-0.168805 -0.259853 0.538000 61 69 66
-0.167413 -0.259853 0.538000 50 58 55
-0.166331 -0.260336 0.539000 50 61 61
-0.164937 -0.260336 0.539000 53 64 64
-0.163544 -0.260336 0.539000 50 62 64
-0.162150 -0.260336 0.539000 50 62 64
-0.161055 -0.260819 0.540000 57 69 71
-0.159658 -0.260819 0.540000 57 69 71
-0.158262 -0.260819 0.540000 59 71 73
-0.156866 -0.260819 0.540000 59 71 73
-0.155757 -0.261302 0.541000 56 68 72
-0.154359 -0.261302 0.541000 53 65 69
-0.152960 -0.261302 0.541000 50 62 66
-0.151561 -0.261302 0.541000 49 61 65
-0.150162 -0.261302 0.541000 45 59 63
-0.148763 -0.261302 0.541000 45 59 63
-0.147637 -0.261785 0.542000 48 62 66
-0.146235 -0.261785 0.542000 49 63 67
-0.144834 -0.261785 0.542000 48 62 66
-0.143432 -0.261785 0.542000 47 61 65
-0.142031 -0.261785 0.542000 46 58 62
-0.140629 -0.261785 0.542000 50 62 66
-0.139228 -0.261785 0.542000 53 65 69
-0.137827 -0.261785 0.542000 59 71 75
-0.136425 -0.261785 0.542000 66 78 82
-0.135024 -0.261785 0.542000 88 100 104
-0.133622 -0.261785 0.542000 100 110 115
-0.132221 -0.261785 0.542000 117 127 132
0.258225 -0.269996 0.559000 75 85 92
0.259670 -0.269996 0.559000 60 70 77
0.261116 -0.269996 0.559000 46 56 61
0.262561 -0.269996 0.559000 39 49 54
0.264006 -0.269996 0.559000 40 50 57
0.265452 -0.269996 0.559000 43 53 60
0.266897 -0.269996 0.559000 37 51 55
0.268343 -0.269996 0.559000 36 50 54
0.269305 -0.269513 0.558000 35 50 47
0.270748 -0.269513 0.558000 36 51 48
0.272191 -0.269513 0.558000 40 53 48
0.273634 -0.269513 0.558000 42 55 50
0.274584 -0.269030 0.557000 38 51 50
0.275528 -0.268547 0.556000 38 51 50
0.276468 -0.268064 0.555000 37 50 47
0.277903 -0.268064 0.555000 39 52 49
0.278835 -0.267581 0.554000 39 52 47
0.280267 -0.267581 0.554000 39 52 47
0.281699 -0.267581 0.554000 42 50 49
0.283132 -0.267581 0.554000 45 53 52
0.284564 -0.267581 0.554000 69 76 70
-0.172335 -0.257499 0.536000 77 86 77
-0.170949 -0.257499 0.536000 52 63 59
-0.169563 -0.257499 0.536000 46 57 53
-0.168177 -0.257499 0.536000 50 61 61
-0.167102 -0.257980 0.537000 53 64 64
-0.165714 -0.257980 0.537000 53 64 62
-0.164631 -0.258460 0.538000 55 66 64
-0.163240 -0.258460 0.538000 58 71 68
-0.161849 -0.258460 0.538000 59 72 69
-0.160756 -0.258941 0.539000 60 73 70
-0.159363 -0.258941 0.539000 58 71 68
-0.157969 -0.258941 0.539000 54 67 66
-0.156866 -0.259421 0.540000 52 65 64
-0.155469 -0.259421 0.540000 52 64 66
-0.154073 -0.259421 0.540000 51 63 65
-0.152960 -0.259901 0.541000 49 61 65
-0.151561 -0.259901 0.541000 46 58 62
-0.150162 -0.259901 0.541000 45 59 63
-0.148763 -0.259901 0.541000 45 59 63
-0.147364 -0.259901 0.541000 45 59 65
-0.145965 -0.259901 0.541000 44 58 64
-0.144567 -0.259901 0.541000 52 64 70
-0.143432 -0.260382 0.542000 57 69 75
-0.142031 -0.260382 0.542000 64 74 81
-0.140629 -0.260382 0.542000 77 87 94
-0.139228 -0.260382 0.542000 95 105 110
-0.137827 -0.260382 0.542000 111 121 126
0.261116 -0.268549 0.559000 82 89 95
0.262561 -0.268549 0.559000 68 75 81
0.264006 -0.268549 0.559000 50 57 65
0.265452 -0.268549 0.559000 50 57 65
0.266897 -0.268549 0.559000 40 50 57
0.268343 -0.268549 0.559000 44 54 61
0.269305 -0.268068 0.558000 43 54 54
0.270748 -0.268068 0.558000 39 50 50
0.272191 -0.268068 0.558000 40 53 52
0.273143 -0.267588 0.557000 42 55 54
0.274584 -0.267588 0.557000 39 51 53
0.275528 -0.267108 0.556000 39 51 53
0.276468 -0.266627 0.555000 39 52 51
0.277402 -0.266147 0.554000 38 51 50
0.278331 -0.265666 0.553000 39 52 49
0.279255 -0.265186 0.552000 39 52 49
0.280682 -0.265186 0.552000 40 51 47
0.281599 -0.264706 0.551000 43 54 50
0.283023 -0.264706 0.551000 47 56 49
0.284448 -0.264706 0.551000 55 64 57
-0.174780 -0.255634 0.535000 74 83 74
-0.173397 -0.255634 0.535000 52 63 59
-0.172013 -0.255634 0.535000 45 56 52
-0.170630 -0.255634 0.535000 45 58 57
-0.169247 -0.255634 0.535000 50 63 62
-0.167863 -0.255634 0.535000 52 65 64
-0.166791 -0.256112 0.536000 57 70 69
-0.165405 -0.256112 0.536000 58 71 68
-0.164019 -0.256112 0.536000 58 71 68
-0.162937 -0.256589 0.537000 58 71 68
-0.161548 -0.256589 0.537000 56 69 66
-0.160458 -0.257067 0.538000 51 66 63
-0.159067 -0.257067 0.538000 45 60 57
-0.157969 -0.257545 0.539000 45 60 59
-0.156575 -0.257545 0.539000 47 62 61
-0.155182 -0.257545 0.539000 48 62 64
-0.154073 -0.258023 0.540000 48 62 64
-0.152677 -0.258023 0.540000 50 62 66
-0.151281 -0.258023 0.540000 49 61 65
-0.149884 -0.258023 0.540000 50 61 70
-0.148763 -0.258501 0.541000 47 58 67
-0.147364 -0.258501 0.541000 53 62 72
-0.145965 -0.258501 0.541000 64 73 83
-0.144567 -0.258501 0.541000 81 88 96
-0.143168 -0.258501 0.541000 95 102 110
-0.141769 -0.258501 0.541000 111 118 124
0.265452 -0.267101 0.559000 76 83 91
0.266897 -0.267101 0.559000 52 59 67
0.268343 -0.267101 0.559000 46 53 61
0.269305 -0.266624 0.558000 43 50 56
0.270748 -0.266624 0.558000 39 46 52
0.272191 -0.266624 0.558000 40 50 55
0.273143 -0.266146 0.557000 43 53 58
0.274584 -0.266146 0.557000 39 51 55
0.275528 -0.265668 0.556000 40 52 56
0.276468 -0.265190 0.555000 39 51 53
0.276901 -0.264235 0.553000 39 51 53
0.277828 -0.263757 0.552000 37 52 51
0.278749 -0.263279 0.551000 37 52 51
0.280174 -0.263279 0.551000 37 52 49
0.281088 -0.262801 0.550000 37 52 49
0.282510 -0.262801 0.550000 44 55 51
0.283932 -0.262801 0.550000 46 57 53
0.285354 -0.262801 0.550000 55 58 57
0.287298 -0.263279 0.551000 67 70 69
-0.177215 -0.253773 0.534000 72 79 71
-0.175834 -0.253773 0.534000 51 62 60
-0.174453 -0.253773 0.534000 44 55 53
-0.173073 -0.253773 0.534000 44 54 57
-0.171692 -0.253773 0.534000 50 60 63
-0.170311 -0.253773 0.534000 51 65 67
-0.169247 -0.254249 0.535000 52 66 68
-0.167863 -0.254249 0.535000 56 71 70
-0.166480 -0.254249 0.535000 56 71 70
-0.165097 -0.254249 0.535000 57 72 71
-0.164019 -0.254724 0.536000 55 70 69
-0.162633 -0.254724 0.536000 50 65 62
-0.161247 -0.254724 0.536000 47 62 59
-0.160160 -0.255199 0.537000 44 59 58
-0.158771 -0.255199 0.537000 43 58 57
-0.157676 -0.255674 0.538000 43 57 59
-0.156285 -0.255674 0.538000 47 61 63
-0.155182 -0.256149 0.539000 50 62 66
-0.153788 -0.256149 0.539000 52 64 68
-0.152394 -0.256149 0.539000 49 60 69
-0.151281 -0.256625 0.540000 51 62 71
-0.149884 -0.256625 0.540000 67 76 86
-0.148488 -0.256625 0.540000 83 92 102
-0.147092 -0.256625 0.540000 99 106 114
-0.145965 -0.257100 0.541000 117 124 132
0.268343 -0.265654 0.559000 70 75 82
0.269305 -0.265179 0.558000 60 65 72
0.270748 -0.265179 0.558000 47 52 59
0.272191 -0.265179 0.558000 44 54 61
0.273143 -0.264704 0.557000 43 53 60
0.274091 -0.264228 0.556000 42 54 60
0.275033 -0.263753 0.555000 42 54 60
0.275970 -0.263278 0.554000 40 54 58
0.276901 -0.262803 0.553000 40 54 58
0.277828 -0.262327 0.552000 37 51 53
0.278749 -0.261852 0.551000 37 51 53
0.279666 -0.261377 0.550000 36 51 48
0.281088 -0.261377 0.550000 36 51 48
0.282510 -0.261377 0.550000 44 57 52
0.283932 -0.261377 0.550000 46 59 54
0.285354 -0.261377 0.550000 48 56 55
0.286776 -0.261377 0.550000 47 55 54
-0.179976 -0.252391 0.534000 74 78 73
-0.178596 -0.252391 0.534000 54 62 63
-0.177215 -0.252391 0.534000 48 56 57
-0.175834 -0.252391 0.534000 50 62 64
-0.174453 -0.252391 0.534000 52 64 66
-0.173073 -0.252391 0.534000 52 64 66
-0.171692 -0.252391 0.534000 54 66 68
-0.170311 -0.252391 0.534000 58 72 74
-0.168930 -0.252391 0.534000 58 72 74
-0.167550 -0.252391 0.534000 53 70 71
-0.166480 -0.252863 0.535000 50 67 68
-0.165097 -0.252863 0.535000 46 63 64
-0.163713 -0.252863 0.535000 45 62 63
-0.162633 -0.253336 0.536000 43 60 61
-0.161247 -0.253336 0.536000 43 60 61
-0.159862 -0.253336 0.536000 45 62 65
-0.158771 -0.253809 0.537000 46 63 66
-0.157676 -0.254281 0.538000 48 62 68
-0.156285 -0.254281 0.538000 45 59 65
-0.154894 -0.254281 0.538000 52 61 71
-0.153788 -0.254754 0.539000 58 67 77
-0.152394 -0.254754 0.539000 70 79 89
-0.151000 -0.254754 0.539000 91 100 110
-0.149607 -0.254754 0.539000 110 117 123
0.270748 -0.263734 0.558000 68 75 81
0.272191 -0.263734 0.558000 54 64 71
0.273143 -0.263261 0.557000 46 56 63
0.274091 -0.262789 0.556000 39 50 59
0.275033 -0.262316 0.555000 43 54 63
0.275970 -0.261844 0.554000 40 54 60
0.276901 -0.261371 0.553000 38 52 58
0.277828 -0.260898 0.552000 38 52 54
0.278749 -0.260426 0.551000 38 52 54
0.279666 -0.259953 0.550000 42 55 52
0.281088 -0.259953 0.550000 43 56 53
0.282510 -0.259953 0.550000 40 54 45
0.283932 -0.259953 0.550000 38 52 43
0.285354 -0.259953 0.550000 41 56 53
0.287298 -0.260426 0.551000 73 88 85
0.289246 -0.260898 0.552000 123 131 132
0.291200 -0.261371 0.553000 103 111 112
-0.182738 -0.251008 0.534000 74 77 76
-0.181357 -0.251008 0.534000 48 55 59
-0.179976 -0.251008 0.534000 45 52 56
-0.178596 -0.251008 0.534000 48 58 61
-0.177215 -0.251008 0.534000 54 64 67
-0.175834 -0.251008 0.534000 50 64 66
-0.174453 -0.251008 0.534000 57 71 73
-0.173073 -0.251008 0.534000 58 72 74
-0.171692 -0.251008 0.534000 59 73 75
-0.170311 -0.251008 0.534000 57 71 73
-0.168930 -0.251008 0.534000 51 65 67
-0.167550 -0.251008 0.534000 48 62 66
-0.166169 -0.251008 0.534000 47 61 65
-0.165097 -0.251478 0.535000 42 59 60
-0.163713 -0.251478 0.535000 43 60 61
-0.162330 -0.251478 0.535000 45 62 65
-0.160947 -0.251478 0.535000 46 63 66
-0.159862 -0.251948 0.536000 50 66 76
-0.158476 -0.251948 0.536000 49 65 75
-0.157383 -0.252418 0.537000 59 70 79
-0.156285 -0.252888 0.538000 71 82 91
-0.154894 -0.252888 0.538000 91 101 108
-0.153503 -0.252888 0.538000 109 119 126
0.271703 -0.261819 0.557000 84 94 101
0.273143 -0.261819 0.557000 57 67 74
0.274091 -0.261349 0.556000 52 63 72
0.275033 -0.260879 0.555000 45 56 65
0.275970 -0.260409 0.554000 39 50 59
0.276401 -0.259469 0.552000 42 53 62
0.277325 -0.258999 0.551000 40 52 56
0.278243 -0.258529 0.550000 40 52 56
0.279666 -0.258529 0.550000 40 51 47
0.281088 -0.258529 0.550000 38 49 45
0.282510 -0.258529 0.550000 43 58 44
0.283932 -0.258529 0.550000 83 98 84
0.285354 -0.258529 0.550000 128 143 138
0.287298 -0.258999 0.551000 130 145 140
0.289246 -0.259469 0.552000 96 106 113
0.291200 -0.259939 0.553000 75 85 92
0.293159 -0.260409 0.554000 88 86 95
-0.185152 -0.249158 0.533000 71 77 75
-0.183774 -0.249158 0.533000 46 56 59
-0.182396 -0.249158 0.533000 43 53 56
-0.181017 -0.249158 0.533000 48 58 61
-0.179639 -0.249158 0.533000 51 61 64
-0.178261 -0.249158 0.533000 52 65 64
-0.177215 -0.249625 0.534000 56 69 68
-0.175834 -0.249625 0.534000 57 72 71
-0.174453 -0.249625 0.534000 58 73 72
-0.173073 -0.249625 0.534000 54 69 68
-0.171692 -0.249625 0.534000 51 66 65
-0.170311 -0.249625 0.534000 49 63 67
-0.168930 -0.249625 0.534000 45 59 63
-0.167550 -0.249625 0.534000 45 59 63
-0.166169 -0.249625 0.534000 45 59 63
-0.164788 -0.249625 0.534000 48 62 64
-0.163713 -0.250093 0.535000 47 61 63
-0.162330 -0.250093 0.535000 45 62 67
-0.160947 -0.250093 0.535000 47 64 69
-0.159563 -0.250093 0.535000 57 73 83
-0.158476 -0.250560 0.536000 70 86 96
-0.157090 -0.250560 0.536000 96 106 113
-0.155994 -0.251028 0.537000 108 118 125
0.273598 -0.259442 0.555000 71 83 89
0.275033 -0.259442 0.555000 63 75 81
0.275970 -0.258975 0.554000 51 62 71
0.276401 -0.258040 0.552000 38 49 58
0.277325 -0.257572 0.551000 38 45 51
0.278749 -0.257572 0.551000 35 42 48
0.279666 -0.257105 0.550000 55 57 48
0.281088 -0.257105 0.550000 110 112 103
0.282510 -0.257105 0.550000 138 146 135
0.283932 -0.257105 0.550000 151 159 148
0.285873 -0.257572 0.551000 80 92 94
0.287819 -0.258040 0.552000 73 85 87
0.289246 -0.258040 0.552000 79 84 91
0.291727 -0.258975 0.554000 103 108 115
0.294592 -0.258975 0.554000 186 184 191
-0.187556 -0.247313 0.532000 82 89 83
-0.186180 -0.247313 0.532000 47 58 58
-0.184805 -0.247313 0.532000 44 55 55
-0.183429 -0.247313 0.532000 46 58 62
-0.182053 -0.247313 0.532000 50 62 66
-0.180678 -0.247313 0.532000 48 63 62
-0.179639 -0.247778 0.533000 56 71 70
-0.178261 -0.247778 0.533000 57 72 71
-0.176883 -0.247778 0.533000 56 71 70
-0.175505 -0.247778 0.533000 49 64 63
-0.174453 -0.248243 0.534000 50 65 64
-0.173073 -0.248243 0.534000 48 63 62
-0.171692 -0.248243 0.534000 45 60 59
-0.170311 -0.248243 0.534000 48 62 66
-0.168930 -0.248243 0.534000 47 61 65
-0.167550 -0.248243 0.534000 48 62 68
-0.166169 -0.248243 0.534000 45 59 65
-0.164788 -0.248243 0.534000 44 56 58
-0.163407 -0.248243 0.534000 46 58 60
-0.162330 -0.248708 0.535000 61 75 79
-0.160947 -0.248708 0.535000 84 98 102
-0.159563 -0.248708 0.535000 108 122 128
0.274475 -0.256146 0.551000 57 71 75
0.275399 -0.255681 0.550000 48 62 66
0.276821 -0.255681 0.550000 62 65 68
0.278243 -0.255681 0.550000 116 119 122
0.279666 -0.255681 0.550000 140 137 134
0.281088 -0.255681 0.550000 148 145 142
0.282510 -0.255681 0.550000 93 96 95
0.283932 -0.255681 0.550000 72 75 74
0.285354 -0.255681 0.550000 80 86 88
0.287298 -0.256146 0.551000 106 112 114
0.288722 -0.256146 0.551000 154 153 155
0.290147 -0.256146 0.551000 180 179 181
0.291572 -0.256146 0.551000 186 177 180
0.292465 -0.255681 0.550000 196 187 190
0.293887 -0.255681 0.550000 194 184 184
0.295309 -0.255681 0.550000 190 180 180
-0.188576 -0.245473 0.531000 59 67 64
-0.186851 -0.245011 0.530000 47 55 52
-0.185830 -0.245473 0.531000 47 59 61
-0.184457 -0.245473 0.531000 50 62 64
-0.183084 -0.245473 0.531000 46 63 64
-0.182053 -0.245936 0.532000 49 66 67
-0.180678 -0.245936 0.532000 52 70 68
-0.179302 -0.245936 0.532000 54 72 70
-0.177927 -0.245936 0.532000 53 71 69
-0.176883 -0.246398 0.533000 46 64 62
-0.175505 -0.246398 0.533000 47 62 61
-0.174127 -0.246398 0.533000 45 60 59
-0.172748 -0.246398 0.533000 47 61 63
-0.171692 -0.246860 0.534000 47 61 63
-0.170311 -0.246860 0.534000 48 61 70
-0.168930 -0.246860 0.534000 48 61 70
-0.167550 -0.246860 0.534000 52 62 67
-0.166169 -0.246860 0.534000 61 71 76
-0.164788 -0.246860 0.534000 77 87 90
-0.163407 -0.246860 0.534000 95 105 108
-0.162330 -0.247322 0.535000 104 118 122
0.272981 -0.253332 0.548000 77 92 91
0.274398 -0.253332 0.548000 112 127 126
0.275311 -0.252870 0.547000 131 142 142
0.276726 -0.252870 0.547000 119 130 130
0.278140 -0.252870 0.547000 84 87 90
0.280066 -0.253332 0.548000 78 81 84
0.281996 -0.253794 0.549000 89 92 95
0.283416 -0.253794 0.549000 108 111 114
0.284835 -0.253794 0.549000 157 157 161
0.286255 -0.253794 0.549000 179 179 183
0.287674 -0.253794 0.549000 180 174 176
0.289620 -0.254257 0.550000 176 170 172
0.290513 -0.253794 0.549000 188 179 174
0.291401 -0.253332 0.548000 192 183 178
0.292284 -0.252870 0.547000 204 200 193
0.293698 -0.252870 0.547000 232 228 221
0.295112 -0.252870 0.547000 239 235 238
-0.190602 -0.243179 0.529000 66 71 61
-0.189234 -0.243179 0.529000 50 55 45
-0.187866 -0.243179 0.529000 50 58 55
-0.186498 -0.243179 0.529000 54 62 59
-0.184110 -0.243639 0.530000 54 67 64
-0.182739 -0.243639 0.530000 55 75 72
-0.181711 -0.244098 0.531000 53 73 70
-0.180338 -0.244098 0.531000 48 68 65
-0.179302 -0.244558 0.532000 47 67 64
-0.177927 -0.244558 0.532000 47 65 63
-0.176551 -0.244558 0.532000 46 64 62
-0.175505 -0.245018 0.533000 45 60 59
-0.174127 -0.245018 0.533000 49 64 63
-0.172748 -0.245018 0.533000 49 63 69
-0.171370 -0.245018 0.533000 43 57 63
-0.169992 -0.245018 0.533000 47 60 71
-0.168930 -0.245477 0.534000 57 70 81
-0.167550 -0.245477 0.534000 85 92 98
-0.166169 -0.245477 0.534000 102 109 115
0.270077 -0.250534 0.545000 132 143 143
0.271486 -0.250534 0.545000 141 156 155
0.272395 -0.250074 0.544000 102 117 116
0.273801 -0.250074 0.544000 79 90 90
0.275208 -0.250074 0.544000 75 86 86
0.276615 -0.250074 0.544000 92 94 100
0.278532 -0.250534 0.545000 115 117 123
0.280455 -0.250994 0.546000 173 173 177
0.281867 -0.250994 0.546000 174 174 178
0.283798 -0.251453 0.547000 175 169 171
0.285212 -0.251453 0.547000 178 172 174
0.286102 -0.250994 0.546000 189 178 171
0.287514 -0.250994 0.546000 187 176 169
0.287868 -0.250074 0.544000 196 188 174
0.288742 -0.249615 0.543000 243 235 221
0.290146 -0.249615 0.543000 235 232 227
0.291550 -0.249615 0.543000 200 197 192
0.292954 -0.249615 0.543000 138 137 144
0.294358 -0.249615 0.543000 147 146 153
-0.192972 -0.241352 0.528000 81 86 76
-0.191606 -0.241352 0.528000 52 57 47
-0.190241 -0.241352 0.528000 46 55 48
-0.188876 -0.241352 0.528000 49 58 51
-0.187511 -0.241352 0.528000 51 62 58
-0.186146 -0.241352 0.528000 54 65 61
-0.185130 -0.241809 0.529000 58 71 66
-0.183762 -0.241809 0.529000 59 72 67
-0.181369 -0.242266 0.530000 46 66 63
-0.180338 -0.242723 0.531000 42 61 61
-0.178965 -0.242723 0.531000 40 59 59
-0.177927 -0.243181 0.532000 41 60 60
-0.176551 -0.243181 0.532000 44 63 63
-0.175176 -0.243181 0.532000 47 61 65
-0.173800 -0.243181 0.532000 47 61 65
-0.172748 -0.243638 0.533000 51 64 73
-0.171370 -0.243638 0.533000 62 75 84
-0.169992 -0.243638 0.533000 93 102 112
-0.168930 -0.244095 0.534000 104 113 123
0.075747 -0.249580 0.546000 49 56 50
0.077300 -0.250037 0.547000 50 53 52
0.078714 -0.250037 0.547000 52 55 54
0.080275 -0.250494 0.548000 72 78 76
0.081692 -0.250494 0.548000 73 79 77
0.083109 -0.250494 0.548000 58 64 62
0.084526 -0.250494 0.548000 61 67 65
0.267189 -0.247752 0.542000 122 127 132
0.268590 -0.247752 0.542000 118 123 128
0.269494 -0.247295 0.541000 67 75 76
0.270893 -0.247295 0.541000 70 78 79
0.271788 -0.246837 0.540000 103 111 112
0.273690 -0.247295 0.541000 120 128 129
0.276999 -0.247752 0.542000 172 175 178
0.278914 -0.248209 0.543000 172 168 171
0.280318 -0.248209 0.543000 163 159 162
0.282241 -0.248666 0.544000 172 164 161
0.283126 -0.248209 0.543000 182 174 171
0.284530 -0.248209 0.543000 207 199 187
0.285408 -0.247752 0.542000 246 238 226
0.290477 -0.247295 0.541000 135 131 136
0.291875 -0.247295 0.541000 109 108 119
0.293274 -0.247295 0.541000 107 106 117
0.295218 -0.247752 0.542000 93 95 105
-0.195332 -0.239531 0.527000 88 97 88
-0.193969 -0.239531 0.527000 61 70 61
-0.192606 -0.239531 0.527000 46 57 55
-0.191244 -0.239531 0.527000 45 56 54
-0.189881 -0.239531 0.527000 49 62 59
-0.188518 -0.239531 0.527000 52 65 62
-0.187511 -0.239985 0.528000 57 70 65
-0.186146 -0.239985 0.528000 58 71 66
-0.184780 -0.239985 0.528000 54 69 64
-0.183415 -0.239985 0.528000 51 66 61
-0.182395 -0.240440 0.529000 44 64 61
-0.179999 -0.240894 0.530000 42 61 61
-0.178965 -0.241349 0.531000 42 61 61
-0.177592 -0.241349 0.531000 47 64 69
-0.176219 -0.241349 0.531000 45 62 67
-0.175176 -0.241803 0.532000 48 64 72
-0.173800 -0.241803 0.532000 57 73 81
-0.172748 -0.242258 0.533000 80 91 100
-0.171370 -0.242258 0.533000 109 120 129
0.072656 -0.247257 0.544000 38 49 45
0.074199 -0.247712 0.545000 43 54 52
0.075608 -0.247712 0.545000 46 57 55
0.077159 -0.248166 0.546000 49 62 59
0.078571 -0.248166 0.546000 49 62 59
0.080129 -0.248621 0.547000 42 55 52
0.081543 -0.248621 0.547000 44 57 54
0.082957 -0.248621 0.547000 44 57 54
0.084372 -0.248621 0.547000 45 58 55
0.085786 -0.248621 0.547000 45 58 57
0.087201 -0.248621 0.547000 45 58 57
0.263411 -0.245439 0.540000 77 82 89
0.263826 -0.244530 0.538000 57 62 69
0.264724 -0.244076 0.537000 56 58 68
0.265122 -0.243167 0.535000 60 62 72
0.266505 -0.243167 0.535000 66 68 76
0.267388 -0.242712 0.534000 93 95 103
0.268768 -0.242712 0.534000 114 117 118
0.270655 -0.243167 0.535000 172 175 176
0.282958 -0.245439 0.540000 249 238 231
0.284355 -0.245439 0.540000 213 202 195
0.285751 -0.245439 0.540000 169 163 165
0.286615 -0.244985 0.539000 133 127 129
0.288009 -0.244985 0.539000 119 117 128
0.289403 -0.244985 0.539000 102 100 111
0.290257 -0.244530 0.538000 98 102 116
0.292190 -0.244985 0.539000 93 97 111
0.294128 -0.245439 0.540000 84 92 107
-0.196321 -0.237714 0.526000 67 76 69
-0.194961 -0.237714 0.526000 41 56 55
-0.193969 -0.238166 0.527000 40 55 54
-0.192606 -0.238166 0.527000 43 57 61
-0.191244 -0.238166 0.527000 50 64 68
-0.189881 -0.238166 0.527000 55 69 71
-0.188518 -0.238166 0.527000 58 72 74
-0.187156 -0.238166 0.527000 55 73 69
-0.185793 -0.238166 0.527000 52 70 66
-0.184780 -0.238618 0.528000 46 66 61
-0.183415 -0.238618 0.528000 42 62 57
-0.182395 -0.239070 0.529000 40 60 57
-0.181027 -0.239070 0.529000 41 61 58
-0.178628 -0.239522 0.530000 41 60 64
-0.177592 -0.239974 0.531000 45 58 67
-0.176219 -0.239974 0.531000 59 72 81
-0.175176 -0.240426 0.532000 83 97 103
-0.173800 -0.240426 0.532000 112 126 132
0.075469 -0.245849 0.544000 43 56 55
0.260618 -0.244041 0.540000 151 161 164
0.261044 -0.243137 0.538000 165 175 178
0.260484 -0.241329 0.534000 161 160 167
0.261865 -0.241329 0.534000 112 111 118
0.262752 -0.240878 0.533000 136 129 140
0.263635 -0.240426 0.532000 111 104 115
0.264512 -0.239974 0.531000 79 78 89
0.265885 -0.239974 0.531000 81 80 91
0.267258 -0.239974 0.531000 92 91 93
0.269643 -0.240878 0.533000 167 166 168
0.271021 -0.240878 0.533000 186 187 176
0.272911 -0.241329 0.534000 177 178 167
0.274291 -0.241329 0.534000 191 191 171
0.276188 -0.241781 0.535000 243 243 223
0.277053 -0.241329 0.534000 250 246 235
0.278955 -0.241781 0.535000 205 201 190
0.280338 -0.241781 0.535000 163 159 164
0.282248 -0.242233 0.536000 127 123 128
0.283634 -0.242233 0.536000 116 114 130
0.285020 -0.242233 0.536000 94 92 108
0.285872 -0.241781 0.535000 94 91 110
0.287255 -0.241781 0.535000 93 90 109
0.289178 -0.242233 0.536000 89 99 115
0.293039 -0.243137 0.538000 136 152 173
-0.199041 -0.236352 0.526000 83 90 84
-0.197681 -0.236352 0.526000 54 62 59
-0.196321 -0.236352 0.526000 46 54 51
-0.194961 -0.236352 0.526000 46 58 60
-0.193601 -0.236352 0.526000 47 59 61
-0.192241 -0.236352 0.526000 54 68 74
-0.190881 -0.236352 0.526000 57 71 77
-0.189881 -0.236801 0.527000 55 72 77
-0.188518 -0.236801 0.527000 50 67 72
-0.187156 -0.236801 0.527000 46 68 67
-0.185793 -0.236801 0.527000 43 65 64
-0.184430 -0.236801 0.527000 40 63 59
-0.183415 -0.237251 0.528000 39 62 58
-0.182050 -0.237251 0.528000 42 61 63
-0.181027 -0.237700 0.529000 44 63 65
-0.178628 -0.238149 0.530000 66 79 88
-0.176219 -0.238599 0.531000 107 116 126
0.067800 -0.223771 0.498000 34 49 48
0.071663 -0.223771 0.498000 37 52 51
0.075526 -0.223771 0.498000 49 62 57
0.258742 -0.242194 0.539000 139 149 156
0.258205 -0.240396 0.535000 165 167 175
0.259103 -0.239947 0.534000 140 142 150
0.259508 -0.239048 0.532000 143 137 143
0.259903 -0.238149 0.530000 141 135 141
0.260780 -0.237700 0.529000 186 180 186
0.261653 -0.237251 0.528000 121 115 121
0.263018 -0.237251 0.528000 73 71 82
0.267970 -0.236801 0.527000 155 155 149
0.271377 -0.238599 0.531000 198 198 192
0.271209 -0.237251 0.528000 195 197 181
0.272575 -0.237251 0.528000 184 186 170
0.276015 -0.239048 0.532000 182 182 178
0.277912 -0.239498 0.533000 129 129 125
0.279290 -0.239498 0.533000 114 114 132
0.281195 -0.239947 0.534000 96 96 114
0.282576 -0.239947 0.534000 95 92 111
0.283957 -0.239947 0.534000 93 90 109
0.285337 -0.239947 0.534000 94 97 114
0.286718 -0.239947 0.534000 113 116 133
0.288099 -0.239947 0.534000 147 173 189
0.290022 -0.240396 0.535000 173 199 215
0.292494 -0.241295 0.537000 201 226 249
-0.200020 -0.234543 0.525000 62 71 64
-0.198663 -0.234543 0.525000 48 57 50
-0.197305 -0.234543 0.525000 50 58 57
-0.195948 -0.234543 0.525000 52 60 59
-0.194590 -0.234543 0.525000 53 63 66
-0.193601 -0.234990 0.526000 61 71 74
-0.192241 -0.234990 0.526000 58 72 78
-0.190881 -0.234990 0.526000 57 71 77
-0.189521 -0.234990 0.526000 50 67 72
-0.188518 -0.235437 0.527000 46 63 68
-0.187156 -0.235437 0.527000 42 61 63
-0.185793 -0.235437 0.527000 41 60 62
-0.184430 -0.235437 0.527000 41 60 60
-0.183415 -0.235884 0.528000 41 60 60
-0.182050 -0.235884 0.528000 44 57 66
-0.180685 -0.235884 0.528000 61 74 83
-0.179659 -0.236330 0.529000 86 98 104
-0.178291 -0.236330 0.529000 106 118 124
0.065225 -0.222481 0.498000 36 49 48
0.066513 -0.222481 0.498000 33 46 45
0.067800 -0.222481 0.498000 34 49 48
0.069088 -0.222481 0.498000 33 48 47
0.070376 -0.222481 0.498000 34 49 46
0.071663 -0.222481 0.498000 33 48 45
0.072951 -0.222481 0.498000 31 46 43
0.074239 -0.222481 0.498000 35 50 47
0.075526 -0.222481 0.498000 47 60 55
0.076814 -0.222481 0.498000 47 60 55
0.256429 -0.241245 0.540000 81 88 92
0.256342 -0.238564 0.534000 120 127 135
0.257240 -0.238117 0.533000 122 121 128
0.257647 -0.237224 0.531000 126 125 132
0.257557 -0.235884 0.528000 138 129 134
0.258432 -0.235437 0.527000 177 168 173
0.259795 -0.235437 0.527000 192 186 192
0.260662 -0.234990 0.526000 180 174 180
0.261524 -0.234543 0.525000 104 103 107
0.263735 -0.234097 0.524000 106 109 112
0.265090 -0.234097 0.524000 99 102 105
0.266953 -0.234543 0.525000 69 72 71
0.268822 -0.234990 0.526000 121 124 123
0.270182 -0.234990 0.526000 146 147 143
0.272058 -0.235437 0.527000 145 146 142
0.273940 -0.235884 0.528000 126 124 133
0.275305 -0.235884 0.528000 102 100 109
0.277718 -0.236777 0.530000 98 94 115
0.279615 -0.237224 0.531000 95 91 112
0.280988 -0.237224 0.531000 102 100 116
0.282893 -0.237671 0.532000 131 129 145
0.284803 -0.238117 0.533000 150 165 178
0.286718 -0.238564 0.534000 188 203 216
0.288099 -0.238564 0.534000 199 227 242
0.290022 -0.239011 0.535000 165 193 208
0.291950 -0.239458 0.536000 115 136 155
0.294430 -0.240351 0.538000 64 85 104
-0.202349 -0.232740 0.524000 91 97 95
-0.200611 -0.232296 0.523000 60 66 64
-0.199258 -0.232296 0.523000 43 54 50
-0.198284 -0.232740 0.524000 47 58 54
-0.196929 -0.232740 0.524000 53 61 60
-0.195575 -0.232740 0.524000 57 65 64
-0.194590 -0.233184 0.525000 59 72 71
-0.193233 -0.233184 0.525000 61 74 73
-0.192241 -0.233628 0.526000 57 71 75
-0.190881 -0.233628 0.526000 52 66 70
-0.189521 -0.233628 0.526000 48 62 68
-0.188161 -0.233628 0.526000 47 61 67
-0.187156 -0.234072 0.527000 48 62 66
-0.185793 -0.234072 0.527000 48 62 66
-0.184430 -0.234072 0.527000 49 61 65
-0.183068 -0.234072 0.527000 56 68 72
-0.182050 -0.234517 0.528000 80 91 100
-0.180685 -0.234517 0.528000 106 117 126
0.061485 -0.221636 0.499000 37 49 53
0.062775 -0.221636 0.499000 34 48 50
0.064066 -0.221636 0.499000 31 45 47
0.065225 -0.221192 0.498000 31 46 45
0.066513 -0.221192 0.498000 30 45 44
0.067800 -0.221192 0.498000 31 49 45
0.069088 -0.221192 0.498000 32 50 46
0.070376 -0.221192 0.498000 32 50 46
0.071663 -0.221192 0.498000 28 46 42
0.072951 -0.221192 0.498000 27 45 41
0.074239 -0.221192 0.498000 29 47 43
0.075526 -0.221192 0.498000 38 53 50
0.076814 -0.221192 0.498000 41 56 53
0.078258 -0.221636 0.499000 46 59 54
0.253637 -0.239847 0.540000 82 88 90
0.254088 -0.238958 0.538000 80 85 90
0.254530 -0.238070 0.536000 90 95 100
0.254961 -0.237182 0.534000 100 100 104
0.255861 -0.236737 0.533000 122 122 126
0.255792 -0.235405 0.530000 179 173 177
0.256192 -0.234517 0.528000 168 162 166
0.257069 -0.234072 0.527000 175 169 171
0.257941 -0.233628 0.526000 193 187 189
0.258809 -0.233184 0.525000 189 183 185
0.259670 -0.232740 0.524000 142 136 138
0.260527 -0.232296 0.523000 125 125 127
0.261379 -0.231852 0.522000 107 107 109
0.263232 -0.232296 0.523000 80 83 86
0.264584 -0.232296 0.523000 128 131 134
0.266445 -0.232740 0.524000 70 76 78
0.269668 -0.233184 0.525000 114 114 118
0.271542 -0.233628 0.526000 102 102 106
0.273421 -0.234072 0.527000 96 93 107
0.274784 -0.234072 0.527000 101 98 112
0.276670 -0.234517 0.528000 105 105 123
0.278036 -0.234517 0.528000 140 140 158
0.280988 -0.235849 0.531000 164 170 181
0.282893 -0.236293 0.532000 213 219 230
0.284803 -0.236737 0.533000 208 228 239
0.286718 -0.237182 0.534000 182 202 213
0.288099 -0.237182 0.534000 106 123 139
0.290022 -0.237626 0.535000 81 98 114
0.291950 -0.238070 0.536000 65 77 93
0.294430 -0.238958 0.538000 52 64 80
0.297765 -0.239402 0.539000 52 64 70
-0.203315 -0.230942 0.523000 74 83 76
-0.201963 -0.230942 0.523000 50 61 59
-0.200611 -0.230942 0.523000 44 55 53
-0.199258 -0.230942 0.523000 47 58 56
-0.197906 -0.230942 0.523000 52 63 61
-0.196554 -0.230942 0.523000 56 69 66
-0.195575 -0.231383 0.524000 59 72 69
-0.194590 -0.231825 0.525000 57 72 69
-0.193233 -0.231825 0.525000 56 71 68
-0.191875 -0.231825 0.525000 54 68 70
-0.190881 -0.232266 0.526000 49 63 65
-0.189521 -0.232266 0.526000 47 61 65
-0.188161 -0.232266 0.526000 47 61 65
-0.187156 -0.232708 0.527000 44 58 62
-0.185793 -0.232708 0.527000 44 58 62
-0.184430 -0.232708 0.527000 72 84 86
-0.183068 -0.232708 0.527000 100 112 114
0.057730 -0.220785 0.500000 46 55 65
0.059023 -0.220785 0.500000 44 53 63
0.060315 -0.220785 0.500000 40 54 60
0.061485 -0.220344 0.499000 37 51 57
0.062775 -0.220344 0.499000 32 49 54
0.064066 -0.220344 0.499000 32 49 54
0.065225 -0.219902 0.498000 31 48 49
0.066513 -0.219902 0.498000 27 44 45
0.067800 -0.219902 0.498000 29 47 45
0.069088 -0.219902 0.498000 34 52 50
0.070376 -0.219902 0.498000 32 52 49
0.071663 -0.219902 0.498000 30 50 47
0.072951 -0.219902 0.498000 30 49 49
0.074239 -0.219902 0.498000 26 45 45
0.075526 -0.219902 0.498000 28 46 44
0.076814 -0.219902 0.498000 32 50 48
0.078258 -0.220344 0.499000 44 57 54
0.081325 -0.221669 0.502000 42 57 54
0.084590 -0.223435 0.506000 49 64 63
0.086237 -0.224318 0.508000 51 66 65
0.089214 -0.225201 0.510000 52 69 70
0.090888 -0.226084 0.512000 49 66 71
0.092392 -0.226526 0.513000 32 49 54
0.093719 -0.226526 0.513000 31 45 51
0.098626 -0.231825 0.525000 26 38 44
0.100174 -0.232266 0.526000 33 45 51
0.249905 -0.236240 0.535000 89 92 95
0.251288 -0.236240 0.535000 94 97 100
0.252199 -0.235799 0.534000 94 94 98
0.253580 -0.235799 0.534000 110 110 114
0.254006 -0.234916 0.532000 149 145 148
0.254421 -0.234033 0.530000 195 191 194
0.254827 -0.233149 0.528000 204 198 200
0.255707 -0.232708 0.527000 204 198 200
0.256581 -0.232266 0.526000 176 171 169
0.257451 -0.231825 0.525000 139 134 132
0.257823 -0.230942 0.523000 108 107 107
0.258679 -0.230500 0.522000 105 104 104
0.260029 -0.230500 0.522000 117 117 117
0.261379 -0.230500 0.522000 149 149 149
0.262729 -0.230500 0.522000 77 83 83
0.264584 -0.230942 0.523000 98 104 104
0.265936 -0.230942 0.523000 106 108 114
0.267800 -0.231383 0.524000 74 76 82
0.271026 -0.231825 0.525000 98 96 103
0.272902 -0.232266 0.526000 119 117 133
0.274784 -0.232708 0.527000 152 150 166
0.276146 -0.232708 0.527000 183 187 201
0.278562 -0.233591 0.529000 220 224 238
0.280988 -0.234474 0.531000 211 219 234
0.282893 -0.234916 0.532000 178 186 201
0.284803 -0.235357 0.533000 111 126 143
0.286718 -0.235799 0.534000 79 94 111
0.288099 -0.235799 0.534000 76 86 104
0.290022 -0.236240 0.535000 69 79 97
0.291950 -0.236682 0.536000 71 81 95
0.293883 -0.237124 0.537000 54 64 78
0.297765 -0.238007 0.539000 42 54 60
0.299713 -0.238448 0.540000 61 72 70
-0.205626 -0.229148 0.522000 104 113 106
-0.204276 -0.229148 0.522000 60 73 72
-0.202926 -0.229148 0.522000 40 53 52
-0.201577 -0.229148 0.522000 46 57 57
-0.200227 -0.229148 0.522000 50 61 61
-0.198877 -0.229148 0.522000 54 65 63
-0.197906 -0.229587 0.523000 61 72 70
-0.196554 -0.229587 0.523000 60 73 70
-0.195575 -0.230026 0.524000 57 70 67
-0.194220 -0.230026 0.524000 55 70 67
-0.193233 -0.230465 0.525000 49 64 61
-0.191875 -0.230465 0.525000 49 63 65
-0.190881 -0.230904 0.526000 48 62 64
-0.189521 -0.230904 0.526000 45 58 67
-0.188161 -0.230904 0.526000 50 63 72
-0.187156 -0.231343 0.527000 63 75 79
-0.185793 -0.231343 0.527000 93 105 109
-0.184430 -0.231343 0.527000 118 129 129
0.056663 -0.220369 0.502000 41 47 49
0.057845 -0.219930 0.501000 41 50 60
0.060315 -0.219491 0.500000 37 49 55
0.061485 -0.219052 0.499000 38 50 56
0.062775 -0.219052 0.499000 32 48 56
0.064066 -0.219052 0.499000 32 48 56
0.065225 -0.218613 0.498000 28 47 51
0.066513 -0.218613 0.498000 28 47 51
0.067800 -0.218613 0.498000 31 51 48
0.069088 -0.218613 0.498000 34 54 51
0.070376 -0.218613 0.498000 32 51 51
0.071663 -0.218613 0.498000 32 51 51
0.072951 -0.218613 0.498000 30 49 49
0.074239 -0.218613 0.498000 26 45 45
0.075526 -0.218613 0.498000 26 44 42
0.076814 -0.218613 0.498000 26 44 42
0.078258 -0.219052 0.499000 36 49 48
0.079708 -0.219491 0.500000 43 56 55
0.082952 -0.221247 0.504000 50 65 62
0.084590 -0.222125 0.506000 51 66 63
0.086237 -0.223003 0.508000 50 65 62
0.089214 -0.223881 0.510000 47 64 65
0.090888 -0.224759 0.512000 48 65 68
0.092212 -0.224759 0.512000 41 58 61
0.093719 -0.225198 0.513000 30 44 50
0.095786 -0.226954 0.517000 28 42 48
0.099412 -0.229148 0.522000 29 42 51
0.101341 -0.230465 0.525000 31 38 42
0.103089 -0.231343 0.527000 41 48 52
0.242080 -0.233977 0.533000 101 99 106
0.243458 -0.233977 0.533000 84 83 92
0.244377 -0.233538 0.532000 98 97 106
0.245752 -0.233538 0.532000 96 99 102
0.247128 -0.233538 0.532000 96 99 102
0.248971 -0.233977 0.533000 102 101 108
0.249879 -0.233538 0.532000 108 107 114
0.251255 -0.233538 0.532000 131 127 132
0.252155 -0.233099 0.531000 146 142 147
0.253051 -0.232660 0.530000 178 172 176
0.253461 -0.231782 0.528000 191 185 189
0.254344 -0.231343 0.527000 198 189 194
0.255221 -0.230904 0.526000 155 146 151
0.256094 -0.230465 0.525000 104 100 101
0.256470 -0.229587 0.523000 108 104 105
0.257330 -0.229148 0.522000 111 110 110
0.258184 -0.228710 0.521000 110 109 109
0.259531 -0.228710 0.521000 111 111 113
0.260878 -0.228710 0.521000 116 116 118
0.262729 -0.229148 0.522000 99 102 105
0.264078 -0.229148 0.522000 71 74 77
0.265936 -0.229587 0.523000 93 95 101
0.267800 -0.230026 0.524000 67 69 75
0.271026 -0.230465 0.525000 137 135 146
0.272902 -0.230904 0.526000 190 191 204
0.274784 -0.231343 0.527000 240 241 254
0.276670 -0.231782 0.528000 226 229 246
0.278562 -0.232221 0.529000 175 178 195
0.280988 -0.233099 0.531000 102 112 130
0.283425 -0.233977 0.533000 79 89 107
0.285337 -0.234416 0.534000 73 85 103
0.287255 -0.234855 0.535000 72 84 102
0.289178 -0.235294 0.536000 79 90 101
0.290564 -0.235294 0.536000 99 110 121
0.292494 -0.235733 0.537000 109 118 128
0.294430 -0.236172 0.538000 65 74 84
0.297765 -0.236611 0.539000 43 57 63
0.299713 -0.237050 0.540000 51 63 65
0.301667 -0.237489 0.541000 58 70 72
-0.206579 -0.227361 0.521000 95 108 107
-0.205232 -0.227361 0.521000 49 62 61
-0.203885 -0.227361 0.521000 43 57 61
-0.202538 -0.227361 0.521000 41 55 59
-0.201191 -0.227361 0.521000 48 63 62
-0.199843 -0.227361 0.521000 54 69 68
-0.198877 -0.227797 0.522000 58 71 68
-0.197527 -0.227797 0.522000 59 72 69
-0.196554 -0.228233 0.523000 56 71 70
-0.195575 -0.228670 0.524000 48 63 62
-0.194220 -0.228670 0.524000 47 62 61
-0.193233 -0.229106 0.525000 45 60 59
-0.191875 -0.229106 0.525000 48 62 68
-0.190881 -0.229542 0.526000 43 57 63
-0.189521 -0.229542 0.526000 49 62 71
-0.188161 -0.229542 0.526000 72 85 94
-0.187156 -0.229979 0.527000 110 122 126
-0.185793 -0.229979 0.527000 130 142 146
0.058076 -0.219505 0.503000 67 72 81
0.059259 -0.219069 0.502000 86 91 100
0.060436 -0.218633 0.501000 91 98 104
0.061608 -0.218196 0.500000 47 54 60
0.062901 -0.218196 0.500000 38 49 60
0.064066 -0.217760 0.499000 32 43 54
0.065356 -0.217760 0.499000 27 46 48
0.066646 -0.217760 0.499000 33 52 54
0.067800 -0.217323 0.498000 29 52 48
0.069088 -0.217323 0.498000 26 49 45
0.070376 -0.217323 0.498000 31 50 52
0.071663 -0.217323 0.498000 32 51 53
0.072951 -0.217323 0.498000 28 47 49
0.074239 -0.217323 0.498000 26 45 47
0.075526 -0.217323 0.498000 24 42 40
0.076814 -0.217323 0.498000 25 43 41
0.078258 -0.217760 0.499000 30 45 44
0.079708 -0.218196 0.500000 31 46 45
0.081163 -0.218633 0.501000 45 60 57
0.082952 -0.219942 0.504000 49 64 61
0.084422 -0.220378 0.505000 49 64 61
0.086068 -0.221251 0.507000 48 63 60
0.089214 -0.222560 0.510000 48 62 64
0.090888 -0.223433 0.512000 48 62 64
0.092392 -0.223869 0.513000 45 59 61
0.093719 -0.223869 0.513000 37 51 55
0.095045 -0.223869 0.513000 31 45 49
0.097499 -0.226488 0.519000 30 44 50
0.099031 -0.226924 0.520000 30 44 50
0.102503 -0.228670 0.524000 28 40 46
0.104452 -0.229979 0.527000 41 49 48
0.238874 -0.232161 0.532000 143 143 145
0.238895 -0.230852 0.529000 194 192 199
0.239809 -0.230415 0.528000 148 146 153
0.241174 -0.230415 0.528000 90 88 102
0.242539 -0.230415 0.528000 95 93 107
0.243905 -0.230415 0.528000 98 100 106
0.245270 -0.230415 0.528000 100 102 108
0.247102 -0.230852 0.529000 133 133 135
0.248470 -0.230852 0.529000 158 158 160
0.249838 -0.230852 0.529000 176 170 174
0.250256 -0.229979 0.527000 178 172 176
0.252096 -0.230415 0.528000 204 198 200
0.252981 -0.229979 0.527000 236 230 232
0.253861 -0.229542 0.526000 237 231 235
0.254736 -0.229106 0.525000 210 204 208
0.254630 -0.227797 0.522000 101 97 100
0.255980 -0.227797 0.522000 110 106 109
0.256837 -0.227361 0.521000 108 108 110
0.258184 -0.227361 0.521000 107 107 109
0.259531 -0.227361 0.521000 107 107 109
0.260878 -0.227361 0.521000 115 115 117
0.262729 -0.227797 0.522000 108 110 116
0.264584 -0.228233 0.523000 63 65 71
0.266445 -0.228670 0.524000 110 109 118
0.267800 -0.228670 0.524000 72 71 80
0.271026 -0.229106 0.525000 197 195 206
0.272902 -0.229542 0.526000 197 201 213
0.274784 -0.229979 0.527000 158 162 174
0.276670 -0.230415 0.528000 111 119 134
0.279615 -0.231724 0.531000 81 89 104
0.282047 -0.232597 0.533000 70 85 100
0.283957 -0.233034 0.534000 77 92 107
0.285872 -0.233470 0.535000 75 90 103
0.287255 -0.233470 0.535000 97 112 125
0.289178 -0.233906 0.536000 107 118 129
0.293039 -0.234779 0.538000 57 68 77
0.294430 -0.234779 0.538000 45 56 65
0.296371 -0.235216 0.539000 48 62 68
0.297765 -0.235216 0.539000 47 61 67
0.299158 -0.235216 0.539000 48 62 64
0.301110 -0.235652 0.540000 48 62 64
-0.207527 -0.225578 0.520000 79 90 86
-0.206183 -0.225578 0.520000 44 58 62
-0.204838 -0.225578 0.520000 38 52 56
-0.203493 -0.225578 0.520000 44 58 62
-0.202538 -0.226012 0.521000 50 64 68
-0.201191 -0.226012 0.521000 54 66 68
-0.199843 -0.226012 0.521000 59 71 73
-0.198496 -0.226012 0.521000 59 72 71
-0.197527 -0.226445 0.522000 58 71 70
-0.196554 -0.226879 0.523000 52 67 66
-0.195201 -0.226879 0.523000 47 62 61
-0.194220 -0.227313 0.524000 45 59 63
-0.192865 -0.227313 0.524000 45 59 63
-0.191875 -0.227747 0.525000 49 60 69
-0.190518 -0.227747 0.525000 61 72 81
-0.189521 -0.228181 0.526000 107 117 124
-0.188161 -0.228181 0.526000 126 136 143
0.055696 -0.219071 0.505000 98 101 104
0.057001 -0.219071 0.505000 99 102 105
0.059495 -0.218637 0.504000 69 71 79
0.060677 -0.218203 0.503000 111 110 119
0.061732 -0.217335 0.501000 93 92 101
0.063027 -0.217335 0.501000 45 55 58
0.064194 -0.216902 0.500000 68 78 81
0.065356 -0.216468 0.499000 108 123 118
0.066646 -0.216468 0.499000 136 151 146
0.067936 -0.216468 0.499000 112 132 129
0.069088 -0.216034 0.498000 53 73 70
0.070376 -0.216034 0.498000 26 43 46
0.071663 -0.216034 0.498000 31 48 51
0.072951 -0.216034 0.498000 27 44 47
0.074239 -0.216034 0.498000 25 42 45
0.075526 -0.216034 0.498000 25 42 43
0.076814 -0.216034 0.498000 24 41 42
0.078258 -0.216468 0.499000 26 43 44
0.079708 -0.216902 0.500000 27 44 45
0.081163 -0.217335 0.501000 31 48 49
0.082952 -0.218637 0.504000 45 62 63
0.084422 -0.219071 0.505000 45 59 61
0.087723 -0.220806 0.509000 45 59 61
0.090711 -0.221673 0.511000 42 56 58
0.092212 -0.222107 0.512000 40 54 56
0.093536 -0.222107 0.512000 40 54 58
0.095045 -0.222541 0.513000 35 49 53
0.096559 -0.222975 0.514000 35 49 53
0.098841 -0.225144 0.519000 34 48 52
0.100376 -0.225578 0.520000 35 47 51
0.103857 -0.227313 0.524000 27 38 38
0.105815 -0.228614 0.527000 66 77 77
0.234820 -0.228181 0.526000 107 107 107
0.235731 -0.227747 0.525000 201 201 201
0.236637 -0.227313 0.524000 247 247 249
0.237538 -0.226879 0.523000 218 218 220
0.238434 -0.226445 0.522000 110 109 120
0.239783 -0.226445 0.522000 84 83 94
0.241595 -0.226879 0.523000 119 118 125
0.243412 -0.227313 0.524000 160 159 166
0.245234 -0.227747 0.525000 175 172 169
0.246591 -0.227747 0.525000 183 180 177
0.248893 -0.228614 0.527000 207 202 198
0.249781 -0.228181 0.526000 242 237 233
0.251141 -0.228181 0.526000 255 254 251
0.252501 -0.228181 0.526000 255 253 250
0.253379 -0.227747 0.525000 224 220 221
0.253766 -0.226879 0.523000 188 184 185
0.254630 -0.226445 0.522000 108 107 111
0.255980 -0.226445 0.522000 104 103 107
0.256837 -0.226012 0.521000 103 103 107
0.258184 -0.226012 0.521000 102 102 106
0.260029 -0.226445 0.522000 103 103 105
0.261379 -0.226445 0.522000 110 110 112
0.262729 -0.226445 0.522000 93 99 101
0.264584 -0.226879 0.523000 67 73 75
0.266445 -0.227313 0.524000 116 118 128
0.269668 -0.227747 0.525000 74 73 84
0.271542 -0.228181 0.526000 115 114 125
0.273421 -0.228614 0.527000 91 96 105
0.275305 -0.229048 0.528000 83 88 97
0.277194 -0.229482 0.529000 72 83 92
0.280142 -0.230783 0.532000 78 89 98
0.282047 -0.231217 0.533000 80 98 107
0.283957 -0.231651 0.534000 101 119 128
0.285872 -0.232085 0.535000 100 115 128
0.287792 -0.232519 0.536000 78 93 106
0.291648 -0.233386 0.538000 35 46 57
0.293039 -0.233386 0.538000 38 49 60
0.294977 -0.233820 0.539000 40 51 62
0.296371 -0.233820 0.539000 45 62 67
0.297765 -0.233820 0.539000 40 57 62
0.299158 -0.233820 0.539000 49 63 65
0.301110 -0.234254 0.540000 54 68 70
0.303066 -0.234688 0.541000 59 70 66
-0.208872 -0.224231 0.520000 73 84 84
-0.207527 -0.224231 0.520000 44 55 55
-0.206183 -0.224231 0.520000 42 56 62
-0.204838 -0.224231 0.520000 44 58 64
-0.203493 -0.224231 0.520000 52 66 70
-0.202149 -0.224231 0.520000 57 71 75
-0.200804 -0.224231 0.520000 55 70 69
-0.199843 -0.224663 0.521000 56 71 70
-0.198496 -0.224663 0.521000 54 69 68
-0.197527 -0.225094 0.522000 48 63 62
-0.196178 -0.225094 0.522000 48 62 64
-0.195201 -0.225525 0.523000 47 61 63
-0.193849 -0.225525 0.523000 49 60 69
-0.192865 -0.225956 0.524000 56 67 76
-0.191875 -0.226387 0.525000 75 84 94
-0.190518 -0.226387 0.525000 118 127 137
0.055806 -0.218194 0.506000 68 74 76
0.057001 -0.217763 0.505000 96 102 104
0.058307 -0.217763 0.505000 52 51 58
0.059495 -0.217332 0.504000 46 45 52
0.060798 -0.217332 0.504000 112 108 113
0.061978 -0.216901 0.503000 115 111 116
0.063153 -0.216469 0.502000 110 122 114
0.064322 -0.216038 0.501000 150 162 154
0.065487 -0.215607 0.500000 148 163 158
0.066780 -0.215607 0.500000 115 130 125
0.067936 -0.215176 0.499000 43 61 57
0.069227 -0.215176 0.499000 21 39 35
0.070517 -0.215176 0.499000 27 44 47
0.071807 -0.215176 0.499000 26 43 46
0.072951 -0.214745 0.498000 26 43 46
0.074239 -0.214745 0.498000 21 38 41
0.075526 -0.214745 0.498000 22 39 40
0.076968 -0.215176 0.499000 22 39 40
0.078258 -0.215176 0.499000 25 42 43
0.079708 -0.215607 0.500000 24 41 42
0.081325 -0.216469 0.502000 24 43 45
0.082952 -0.217332 0.504000 41 60 62
0.084422 -0.217763 0.505000 40 57 60
0.086068 -0.218626 0.507000 42 59 62
0.087723 -0.219488 0.509000 42 59 62
0.090711 -0.220350 0.511000 41 55 57
0.092212 -0.220782 0.512000 38 52 54
0.093536 -0.220782 0.512000 40 54 56
0.095045 -0.221213 0.513000 43 57 59
0.096371 -0.221213 0.513000 47 61 63
0.098269 -0.222506 0.516000 42 56 58
0.100183 -0.223800 0.519000 40 52 54
0.101720 -0.224231 0.520000 39 51 53
0.105012 -0.225525 0.523000 69 79 82
0.233460 -0.226819 0.526000 87 86 95
0.233927 -0.225956 0.524000 155 156 150
0.234833 -0.225525 0.523000 243 244 238
0.235282 -0.224663 0.521000 249 249 249
0.236630 -0.224663 0.521000 195 195 195
0.237977 -0.224663 0.521000 102 101 110
0.239324 -0.224663 0.521000 83 82 91
0.241133 -0.225094 0.522000 87 86 88
0.244300 -0.225525 0.523000 205 201 190
0.245652 -0.225525 0.523000 247 243 232
0.247476 -0.225956 0.524000 255 253 243
0.248831 -0.225956 0.524000 254 252 242
0.250664 -0.226387 0.525000 239 235 236
0.251541 -0.225956 0.524000 209 205 206
0.252413 -0.225525 0.523000 167 163 168
0.253766 -0.225525 0.523000 149 145 150
0.254630 -0.225094 0.522000 102 101 110
0.255980 -0.225094 0.522000 103 102 111
0.257330 -0.225094 0.522000 102 101 110
0.258679 -0.225094 0.522000 100 99 108
0.260029 -0.225094 0.522000 100 103 106
0.261379 -0.225094 0.522000 105 108 111
0.263232 -0.225525 0.523000 113 118 123
0.265090 -0.225956 0.524000 82 87 92
0.268311 -0.226387 0.525000 79 86 94
0.269668 -0.226387 0.525000 72 74 82
0.271542 -0.226819 0.526000 85 87 95
0.273421 -0.227250 0.527000 76 86 89
0.275305 -0.227681 0.528000 79 89 92
0.277718 -0.228543 0.530000 80 94 98
0.280668 -0.229837 0.533000 104 118 122
0.282576 -0.230268 0.534000 97 115 124
0.284488 -0.230700 0.535000 74 92 101
0.286406 -0.231131 0.536000 41 54 65
0.290257 -0.231993 0.538000 50 59 71
0.292190 -0.232424 0.539000 44 53 65
0.293584 -0.232424 0.539000 44 55 66
0.294977 -0.232424 0.539000 42 53 64
0.296371 -0.232424 0.539000 43 60 65
0.297765 -0.232424 0.539000 42 59 64
0.299158 -0.232424 0.539000 41 59 57
0.300552 -0.232424 0.539000 46 64 62
0.302506 -0.232856 0.540000 57 68 66
0.304465 -0.233287 0.541000 76 87 85
-0.209812 -0.222456 0.519000 63 69 67
-0.208470 -0.222456 0.519000 43 55 61
-0.207128 -0.222456 0.519000 43 55 61
-0.205786 -0.222456 0.519000 47 60 69
-0.204444 -0.222456 0.519000 51 64 73
-0.203102 -0.222456 0.519000 53 70 75
-0.202149 -0.222885 0.520000 55 72 77
-0.200804 -0.222885 0.520000 54 72 70
-0.199460 -0.222885 0.520000 49 67 65
-0.198496 -0.223314 0.521000 47 60 59
-0.197149 -0.223314 0.521000 50 63 62
-0.196178 -0.223742 0.522000 50 60 65
-0.194828 -0.223742 0.522000 44 54 59
-0.193849 -0.224171 0.523000 68 78 85
-0.192497 -0.224171 0.523000 102 112 119
-0.191510 -0.224599 0.524000 128 138 143
0.056247 -0.218599 0.510000 59 67 66
0.057114 -0.216884 0.506000 95 103 102
0.058423 -0.216884 0.506000 42 45 46
0.059613 -0.216456 0.505000 44 47 48
0.060919 -0.216456 0.505000 140 139 139
0.062224 -0.216456 0.505000 105 104 104
0.063279 -0.215598 0.503000 148 160 150
0.064579 -0.215598 0.503000 130 142 132
0.065749 -0.215170 0.502000 49 64 59
0.066913 -0.214741 0.501000 27 42 37
0.068072 -0.214312 0.500000 29 44 41
0.069365 -0.214312 0.500000 30 45 42
0.070517 -0.213884 0.499000 31 46 45
0.071807 -0.213884 0.499000 28 43 42
0.073097 -0.213884 0.499000 24 38 40
0.074388 -0.213884 0.499000 24 38 40
0.075678 -0.213884 0.499000 21 38 39
0.076968 -0.213884 0.499000 22 39 40
0.078415 -0.214312 0.500000 26 43 44
0.079708 -0.214312 0.500000 25 42 43
0.081325 -0.215170 0.502000 24 43 45
0.082952 -0.216027 0.504000 34 53 55
0.084422 -0.216456 0.505000 38 57 59
0.087723 -0.218170 0.509000 39 56 59
0.090533 -0.218599 0.510000 38 52 56
0.092212 -0.219456 0.512000 38 52 56
0.093536 -0.219456 0.512000 38 52 54
0.095045 -0.219885 0.513000 44 58 60
0.096371 -0.219885 0.513000 48 62 64
0.098079 -0.220742 0.515000 49 63 65
0.099796 -0.221599 0.517000 49 64 63
0.101524 -0.222456 0.519000 44 59 58
0.103065 -0.222885 0.520000 41 51 54
0.232573 -0.224599 0.524000 100 100 104
0.233035 -0.223742 0.522000 199 200 194
0.233935 -0.223314 0.521000 246 247 241
0.235282 -0.223314 0.521000 187 187 183
0.236175 -0.222885 0.520000 120 120 116
0.237520 -0.222885 0.520000 88 86 93
0.238865 -0.222885 0.520000 88 86 93
0.240209 -0.222885 0.520000 80 76 79
0.242018 -0.223314 0.521000 122 118 121
0.243365 -0.223314 0.521000 246 242 231
0.245182 -0.223742 0.522000 255 251 240
0.246532 -0.223742 0.522000 239 234 230
0.247882 -0.223742 0.522000 201 196 192
0.249231 -0.223742 0.522000 158 152 158
0.250581 -0.223742 0.522000 137 131 137
0.251931 -0.223742 0.522000 118 116 127
0.253280 -0.223742 0.522000 110 108 119
0.254630 -0.223742 0.522000 99 105 116
0.255980 -0.223742 0.522000 113 119 130
0.257330 -0.223742 0.522000 100 107 115
0.258679 -0.223742 0.522000 100 107 115
0.260527 -0.224171 0.523000 99 105 107
0.261880 -0.224171 0.523000 101 107 109
0.265090 -0.224599 0.524000 70 77 81
0.268311 -0.225028 0.525000 45 56 65
0.270182 -0.225457 0.526000 68 75 81
0.272058 -0.225885 0.527000 84 91 97
0.273940 -0.226314 0.528000 101 113 115
0.275826 -0.226743 0.529000 110 122 124
0.278766 -0.228028 0.532000 107 124 129
0.281195 -0.228886 0.534000 59 76 81
0.283105 -0.229314 0.535000 46 64 71
0.285020 -0.229743 0.536000 38 56 63
0.286940 -0.230172 0.537000 42 59 64
0.290796 -0.231029 0.539000 109 120 129
0.292190 -0.231029 0.539000 49 60 69
0.293584 -0.231029 0.539000 42 55 64
0.294977 -0.231029 0.539000 40 53 62
0.296371 -0.231029 0.539000 43 60 63
0.297765 -0.231029 0.539000 42 59 62
0.299158 -0.231029 0.539000 43 58 55
0.300552 -0.231029 0.539000 44 59 56
0.301946 -0.231029 0.539000 55 63 62
0.303902 -0.231457 0.540000 66 74 73
-0.211154 -0.221112 0.519000 59 69 74
-0.209812 -0.221112 0.519000 41 51 56
-0.208470 -0.221112 0.519000 46 57 66
-0.207128 -0.221112 0.519000 49 60 69
-0.205786 -0.221112 0.519000 51 64 73
-0.204444 -0.221112 0.519000 55 68 77
-0.203102 -0.221112 0.519000 54 71 76
-0.201760 -0.221112 0.519000 53 70 75
-0.200804 -0.221539 0.520000 49 66 67
-0.199460 -0.221539 0.520000 45 62 63
-0.198496 -0.221965 0.521000 49 61 63
-0.197149 -0.221965 0.521000 45 57 59
-0.195802 -0.221965 0.521000 54 61 67
-0.194828 -0.222391 0.522000 76 83 89
-0.193849 -0.222817 0.523000 120 127 131
0.055144 -0.218130 0.512000 38 46 43
0.056357 -0.217704 0.511000 55 66 64
0.057453 -0.216852 0.509000 83 94 92
0.058653 -0.216426 0.508000 65 71 69
0.059731 -0.215574 0.506000 46 52 50
0.061039 -0.215574 0.506000 101 101 97
0.062224 -0.215148 0.505000 70 70 66
0.063530 -0.215148 0.505000 93 100 94
0.064708 -0.214722 0.504000 41 48 42
0.066011 -0.214722 0.504000 25 38 33
0.067180 -0.214296 0.503000 31 44 39
0.068345 -0.213870 0.502000 33 46 43
0.069504 -0.213444 0.501000 32 45 42
0.070658 -0.213018 0.500000 29 44 43
0.071951 -0.213018 0.500000 27 42 41
0.073244 -0.213018 0.500000 24 39 38
0.074388 -0.212592 0.499000 26 41 40
0.075678 -0.212592 0.499000 22 40 38
0.077122 -0.213018 0.500000 21 39 37
0.078415 -0.213018 0.500000 24 41 42
0.079867 -0.213444 0.501000 24 41 42
0.081325 -0.213870 0.502000 24 41 44
0.082952 -0.214722 0.504000 27 44 47
0.084422 -0.215148 0.505000 36 53 56
0.085898 -0.215574 0.506000 38 55 58
0.087551 -0.216426 0.508000 40 57 60
0.090533 -0.217278 0.510000 40 54 58
0.092032 -0.217704 0.511000 40 54 58
0.093536 -0.218130 0.512000 40 54 56
0.095045 -0.218556 0.513000 42 56 58
0.096371 -0.218556 0.513000 44 59 58
0.097888 -0.218982 0.514000 51 66 65
0.099603 -0.219834 0.516000 52 67 64
0.101329 -0.220686 0.518000 45 60 57
0.102866 -0.221112 0.519000 52 63 63
0.104610 -0.221965 0.521000 52 63 63
0.108128 -0.223669 0.525000 88 96 97
0.231659 -0.223669 0.525000 140 140 142
0.232129 -0.222817 0.523000 142 142 144
0.232588 -0.221965 0.521000 147 147 147
0.233935 -0.221965 0.521000 186 186 186
0.234831 -0.221539 0.520000 181 182 178
0.236175 -0.221539 0.520000 103 104 100
0.237520 -0.221539 0.520000 82 82 86
0.238405 -0.221112 0.519000 91 91 95
0.240209 -0.221539 0.520000 84 84 86
0.241554 -0.221539 0.520000 94 94 96
0.242898 -0.221539 0.520000 205 200 196
0.245587 -0.221539 0.520000 151 145 149
0.247407 -0.221965 0.521000 135 129 133
0.248754 -0.221965 0.521000 111 109 118
0.250101 -0.221965 0.521000 103 101 110
0.251448 -0.221965 0.521000 102 101 112
0.253280 -0.222391 0.522000 105 104 115
0.254630 -0.222391 0.522000 141 151 165
0.255980 -0.222391 0.522000 163 173 187
0.257330 -0.222391 0.522000 137 147 154
0.258679 -0.222391 0.522000 110 120 127
0.260527 -0.222817 0.523000 110 120 123
0.263735 -0.223243 0.524000 113 127 131
0.265090 -0.223243 0.524000 42 56 60
0.266953 -0.223669 0.525000 52 63 74
0.268822 -0.224095 0.526000 49 60 71
0.270696 -0.224521 0.527000 82 92 99
0.272575 -0.224947 0.528000 89 99 106
0.274977 -0.225799 0.530000 84 94 101
0.277391 -0.226651 0.532000 57 67 74
0.279814 -0.227503 0.534000 45 58 67
0.281195 -0.227503 0.534000 49 62 71
0.283105 -0.227929 0.535000 69 86 91
0.285552 -0.228781 0.537000 96 113 118
0.288866 -0.229207 0.538000 91 110 110
0.290796 -0.229633 0.539000 84 98 104
0.292732 -0.230059 0.540000 40 54 60
0.294128 -0.230059 0.540000 42 55 64
0.294977 -0.229633 0.539000 41 54 63
0.296371 -0.229633 0.539000 43 57 61
0.297765 -0.229633 0.539000 47 61 65
0.299158 -0.229633 0.539000 51 64 63
0.300552 -0.229633 0.539000 49 62 61
0.301946 -0.229633 0.539000 54 62 61
0.303339 -0.229633 0.539000 74 82 81
0.305299 -0.230059 0.540000 86 93 87
-0.212086 -0.219345 0.518000 60 68 65
-0.210747 -0.219345 0.518000 38 50 54
-0.209408 -0.219345 0.518000 46 58 62
-0.208068 -0.219345 0.518000 45 62 67
-0.207128 -0.219769 0.519000 53 70 75
-0.205786 -0.219769 0.519000 56 73 78
-0.204444 -0.219769 0.519000 54 71 76
-0.203102 -0.219769 0.519000 50 67 70
-0.201760 -0.219769 0.519000 48 65 68
-0.200804 -0.220192 0.520000 46 63 64
-0.199460 -0.220192 0.520000 46 63 64
-0.198115 -0.220192 0.520000 50 62 66
-0.197149 -0.220616 0.521000 58 70 74
-0.195802 -0.220616 0.521000 91 96 103
-0.194828 -0.221039 0.522000 121 126 133
0.055144 -0.216805 0.512000 38 46 43
0.056468 -0.216805 0.512000 36 47 45
0.057679 -0.216381 0.511000 66 77 75
0.058884 -0.215958 0.510000 93 100 94
0.059967 -0.215111 0.508000 80 87 81
0.061160 -0.214687 0.507000 76 77 68
0.062348 -0.214264 0.506000 67 68 59
0.063656 -0.214264 0.506000 55 55 55
0.064836 -0.213840 0.505000 44 44 44
0.066142 -0.213840 0.505000 43 54 52
0.067314 -0.213417 0.504000 38 49 47
0.068481 -0.212994 0.503000 31 44 43
0.069782 -0.212994 0.503000 31 44 43
0.070941 -0.212570 0.502000 28 43 42
0.072095 -0.212147 0.501000 28 43 42
0.073390 -0.212147 0.501000 27 42 41
0.074537 -0.211723 0.500000 26 41 40
0.075830 -0.211723 0.500000 24 42 40
0.077277 -0.212147 0.501000 22 40 38
0.078572 -0.212147 0.501000 21 39 37
0.079867 -0.212147 0.501000 22 40 38
0.081487 -0.212994 0.503000 22 39 40
0.082952 -0.213417 0.504000 26 43 44
0.084422 -0.213840 0.505000 38 52 54
0.085898 -0.214264 0.506000 40 54 56
0.087379 -0.214687 0.507000 42 56 58
0.089039 -0.215534 0.509000 40 54 56
0.092032 -0.216381 0.511000 36 53 54
0.093536 -0.216805 0.512000 35 52 53
0.094860 -0.216805 0.512000 32 49 50
0.096371 -0.217228 0.513000 41 56 55
0.097698 -0.217228 0.513000 49 64 63
0.099410 -0.218075 0.515000 47 65 61
0.101133 -0.218922 0.517000 41 59 55
0.102866 -0.219769 0.519000 43 58 55
0.104208 -0.219769 0.519000 48 63 60
0.106161 -0.221039 0.522000 45 58 57
0.230740 -0.222733 0.526000 124 124 124
0.231659 -0.222309 0.525000 95 98 101
0.231241 -0.220616 0.521000 77 80 83
0.232588 -0.220616 0.521000 76 81 86
0.233486 -0.220192 0.520000 105 110 115
0.234831 -0.220192 0.520000 141 147 147
0.235721 -0.219769 0.519000 145 151 151
0.237063 -0.219769 0.519000 80 86 86
0.238405 -0.219769 0.519000 87 93 93
0.239747 -0.219769 0.519000 87 93 93
0.241089 -0.219769 0.519000 72 78 78
0.242431 -0.219769 0.519000 174 174 170
0.243773 -0.219769 0.519000 170 170 166
0.245587 -0.220192 0.520000 117 117 119
0.246932 -0.220192 0.520000 103 103 105
0.248276 -0.220192 0.520000 96 101 106
0.250101 -0.220616 0.521000 110 115 120
0.251448 -0.220616 0.521000 138 145 153
0.252795 -0.220616 0.521000 174 181 189
0.254630 -0.221039 0.522000 179 191 205
0.255980 -0.221039 0.522000 125 137 151
0.257823 -0.221462 0.523000 109 120 131
0.259175 -0.221462 0.523000 109 120 131
0.262380 -0.221886 0.524000 109 121 123
0.264238 -0.222309 0.525000 131 150 154
0.266102 -0.222733 0.526000 35 54 58
0.267462 -0.222733 0.526000 49 64 79
0.269333 -0.223156 0.527000 46 61 76
0.271209 -0.223580 0.528000 52 63 74
0.273091 -0.224003 0.529000 53 64 75
0.276015 -0.225273 0.532000 50 63 72
0.278434 -0.226120 0.534000 51 64 73
0.279814 -0.226120 0.534000 61 78 81
0.281722 -0.226544 0.535000 109 126 129
0.284163 -0.227391 0.537000 106 123 126
0.288009 -0.228238 0.539000 63 80 81
0.289403 -0.228238 0.539000 69 86 87
0.291336 -0.228661 0.540000 80 94 96
0.292732 -0.228661 0.540000 64 78 80
0.294128 -0.228661 0.540000 38 52 58
0.294977 -0.228238 0.539000 42 56 62
0.296371 -0.228238 0.539000 42 56 58
0.297212 -0.227814 0.538000 50 64 66
0.298603 -0.227814 0.538000 52 65 64
0.299995 -0.227814 0.538000 51 64 63
0.301386 -0.227814 0.538000 51 62 58
0.304733 -0.228238 0.539000 70 77 71
-0.214351 -0.217583 0.517000 95 107 97
-0.213014 -0.217583 0.517000 55 65 68
-0.211677 -0.217583 0.517000 41 51 54
-0.210340 -0.217583 0.517000 47 59 63
-0.209003 -0.217583 0.517000 53 65 69
-0.208068 -0.218004 0.518000 54 71 74
-0.206729 -0.218004 0.518000 57 74 77
-0.205390 -0.218004 0.518000 55 72 75
-0.204444 -0.218425 0.519000 50 67 70
-0.203102 -0.218425 0.519000 45 62 65
-0.201760 -0.218425 0.519000 45 62 65
-0.200418 -0.218425 0.519000 45 59 63
-0.199460 -0.218846 0.520000 42 56 60
-0.198115 -0.218846 0.520000 64 74 77
-0.196771 -0.218846 0.520000 105 115 118
0.055144 -0.215479 0.512000 35 43 40
0.056468 -0.215479 0.512000 39 52 49
0.057791 -0.215479 0.512000 33 46 43
0.059000 -0.215058 0.511000 77 85 82
0.060203 -0.214637 0.510000 103 111 108
0.061522 -0.214637 0.510000 110 112 103
0.062594 -0.213795 0.508000 97 99 90
0.063782 -0.213375 0.507000 66 70 63
0.064964 -0.212954 0.506000 55 59 52
0.066142 -0.212533 0.505000 45 56 54
0.067447 -0.212533 0.505000 39 50 48
0.068753 -0.212533 0.505000 30 43 42
0.069920 -0.212112 0.504000 29 42 41
0.071082 -0.211691 0.503000 30 43 40
0.072383 -0.211691 0.503000 29 42 39
0.073537 -0.211270 0.502000 27 42 39
0.074686 -0.210849 0.501000 26 41 38
0.075981 -0.210849 0.501000 24 42 40
0.077277 -0.210849 0.501000 22 40 38
0.078729 -0.211270 0.502000 24 42 40
0.080186 -0.211691 0.503000 24 42 40
0.081487 -0.211691 0.503000 24 39 38
0.083117 -0.212533 0.505000 27 42 41
0.084422 -0.212533 0.505000 39 52 51
0.085898 -0.212954 0.506000 42 55 54
0.087551 -0.213795 0.508000 40 55 54
0.090533 -0.214637 0.510000 37 52 51
0.092032 -0.215058 0.511000 34 49 48
0.093536 -0.215479 0.512000 30 45 44
0.094860 -0.215479 0.512000 31 46 45
0.096371 -0.215900 0.513000 39 57 53
0.097698 -0.215900 0.513000 45 63 59
0.099217 -0.216321 0.514000 40 58 52
0.100938 -0.217162 0.516000 34 52 46
0.102470 -0.217583 0.517000 33 51 47
0.104208 -0.218425 0.519000 31 49 45
0.105550 -0.218425 0.519000 29 42 39
0.107304 -0.219267 0.521000 36 49 46
0.110632 -0.220529 0.524000 44 57 56
0.229816 -0.221792 0.527000 124 130 130
0.230740 -0.221371 0.526000 70 76 76
0.231218 -0.220529 0.524000 55 65 68
0.231241 -0.219267 0.521000 47 57 60
0.232142 -0.218846 0.520000 42 54 56
0.233486 -0.218846 0.520000 40 52 54
0.234831 -0.218846 0.520000 61 69 70
0.235721 -0.218425 0.519000 123 131 132
0.237063 -0.218425 0.519000 103 111 110
0.238405 -0.218425 0.519000 81 89 88
0.239747 -0.218425 0.519000 83 91 90
0.241089 -0.218425 0.519000 69 77 76
0.242431 -0.218425 0.519000 153 162 155
0.243773 -0.218425 0.519000 160 169 162
0.245587 -0.218846 0.520000 95 104 97
0.246932 -0.218846 0.520000 99 108 101
0.248754 -0.219267 0.521000 141 149 150
0.250101 -0.219267 0.521000 159 167 168
0.251448 -0.219267 0.521000 158 169 178
0.253280 -0.219687 0.522000 152 163 172
0.254630 -0.219687 0.522000 120 140 151
0.256470 -0.220108 0.523000 96 116 127
0.257823 -0.220108 0.523000 99 115 125
0.261025 -0.220529 0.524000 114 128 132
0.262881 -0.220950 0.525000 139 153 157
0.264742 -0.221371 0.526000 142 160 167
0.266102 -0.221371 0.526000 62 80 87
0.267970 -0.221792 0.527000 40 57 73
0.269844 -0.222213 0.528000 45 62 78
0.272237 -0.223054 0.530000 59 75 85
0.274640 -0.223896 0.532000 54 70 80
0.277053 -0.224738 0.534000 71 88 91
0.278434 -0.224738 0.534000 124 141 144
0.280338 -0.225159 0.535000 119 133 137
0.288009 -0.226842 0.539000 65 82 85
0.289940 -0.227263 0.540000 70 87 90
0.291336 -0.227263 0.540000 77 91 93
0.292732 -0.227263 0.540000 80 94 96
0.293584 -0.226842 0.539000 40 52 56
0.294977 -0.226842 0.539000 45 57 61
0.295821 -0.226421 0.538000 43 55 59
0.297212 -0.226421 0.538000 52 64 68
0.298048 -0.226000 0.537000 52 65 64
0.299437 -0.226000 0.537000 51 64 63
0.300265 -0.225579 0.536000 50 61 59
0.302777 -0.226421 0.538000 69 80 78
-0.215687 -0.216245 0.517000 87 98 96
-0.213936 -0.215826 0.516000 52 63 61
-0.212602 -0.215826 0.516000 43 53 56
-0.211268 -0.215826 0.516000 45 55 58
-0.209933 -0.215826 0.516000 50 62 64
-0.209003 -0.216245 0.517000 58 70 72
-0.207667 -0.216245 0.517000 57 74 77
-0.206330 -0.216245 0.517000 56 73 76
-0.205390 -0.216663 0.518000 51 70 72
-0.204050 -0.216663 0.518000 45 64 66
-0.203102 -0.217081 0.519000 44 63 65
-0.201760 -0.217081 0.519000 44 63 65
-0.200418 -0.217081 0.519000 50 62 66
-0.199076 -0.217081 0.519000 68 80 84
-0.198115 -0.217499 0.520000 121 128 132
0.055251 -0.214571 0.513000 36 44 43
0.056578 -0.214571 0.513000 37 52 51
0.057791 -0.214153 0.512000 34 49 48
0.059115 -0.214153 0.512000 31 44 41
0.060321 -0.213735 0.511000 42 55 52
0.061642 -0.213735 0.511000 74 86 78
0.062840 -0.213317 0.510000 81 93 85
0.064033 -0.212898 0.509000 70 78 75
0.065093 -0.212062 0.507000 50 58 55
0.066273 -0.211644 0.506000 43 54 50
0.067581 -0.211644 0.506000 37 48 44
0.068753 -0.211225 0.505000 31 44 43
0.070059 -0.211225 0.505000 30 43 42
0.071365 -0.211225 0.505000 28 41 40
0.072527 -0.210807 0.504000 28 41 40
0.073830 -0.210807 0.504000 29 42 41
0.074984 -0.210389 0.503000 29 42 41
0.076285 -0.210389 0.503000 25 43 41
0.077585 -0.210389 0.503000 25 43 41
0.078886 -0.210389 0.503000 24 42 40
0.080346 -0.210807 0.504000 24 42 40
0.081649 -0.210807 0.504000 28 41 40
0.083117 -0.211225 0.505000 28 41 40
0.084422 -0.211225 0.505000 33 46 45
0.085898 -0.211644 0.506000 36 49 48
0.087551 -0.212480 0.508000 33 48 47
0.090533 -0.213317 0.510000 30 45 44
0.092032 -0.213735 0.511000 29 44 43
0.093536 -0.214153 0.512000 28 43 42
0.094860 -0.214153 0.512000 29 44 43
0.096371 -0.214571 0.513000 35 53 49
0.097698 -0.214571 0.513000 42 60 56
0.099217 -0.214990 0.514000 40 58 54
0.100546 -0.214990 0.514000 32 50 46
0.102272 -0.215826 0.516000 28 46 42
0.103807 -0.216245 0.517000 26 44 40
0.105550 -0.217081 0.519000 31 46 43
0.106892 -0.217081 0.519000 40 55 52
0.108651 -0.217918 0.521000 47 60 59
0.227953 -0.221264 0.529000 144 147 146
0.228887 -0.220845 0.528000 134 137 136
0.229816 -0.220427 0.527000 81 89 90
0.230301 -0.219591 0.525000 59 67 68
0.230776 -0.218754 0.523000 56 68 70
0.231241 -0.217918 0.521000 52 64 66
0.232142 -0.217499 0.520000 47 60 59
0.233486 -0.217499 0.520000 43 56 55
0.234379 -0.217081 0.519000 30 41 39
0.235721 -0.217081 0.519000 65 76 74
0.237063 -0.217081 0.519000 90 98 95
0.238405 -0.217081 0.519000 78 86 83
0.239747 -0.217081 0.519000 82 91 84
0.241089 -0.217081 0.519000 77 86 79
0.242431 -0.217081 0.519000 130 145 131
0.243773 -0.217081 0.519000 174 189 175
0.245587 -0.217499 0.520000 159 178 166
0.246932 -0.217499 0.520000 149 168 156
0.248754 -0.217918 0.521000 121 134 133
0.250101 -0.217918 0.521000 69 82 81
0.251448 -0.217918 0.521000 58 72 76
0.253280 -0.218336 0.522000 57 71 75
0.255118 -0.218754 0.523000 77 95 102
0.256470 -0.218754 0.523000 115 133 140
0.260166 -0.219591 0.525000 76 89 98
0.262022 -0.220009 0.526000 78 90 94
0.263382 -0.220009 0.526000 81 93 97
0.265245 -0.220427 0.527000 72 88 98
0.266608 -0.220427 0.527000 42 58 68
0.268479 -0.220845 0.528000 33 50 64
0.271377 -0.222100 0.531000 60 77 91
0.273264 -0.222519 0.532000 81 99 106
0.289940 -0.225865 0.540000 69 83 87
0.291336 -0.225865 0.540000 76 88 90
0.292190 -0.225446 0.539000 87 99 101
0.293584 -0.225446 0.539000 58 70 74
0.294430 -0.225028 0.538000 46 58 62
0.295821 -0.225028 0.538000 44 56 60
0.296660 -0.224610 0.537000 49 61 65
0.297493 -0.224192 0.536000 51 63 65
0.298879 -0.224192 0.536000 51 63 65
0.300265 -0.224192 0.536000 49 62 61
0.301651 -0.224192 0.536000 66 79 78
0.304168 -0.225028 0.538000 74 77 76
-0.214853 -0.214075 0.515000 58 68 71
-0.213521 -0.214075 0.515000 51 61 64
-0.212190 -0.214075 0.515000 50 60 63
-0.210858 -0.214075 0.515000 52 62 65
-0.209527 -0.214075 0.515000 56 69 68
-0.208599 -0.214490 0.516000 57 70 69
-0.207667 -0.214906 0.517000 53 70 71
-0.206330 -0.214906 0.517000 49 66 67
-0.205390 -0.215322 0.518000 46 65 67
-0.204050 -0.215322 0.518000 44 63 65
-0.203102 -0.215737 0.519000 47 61 65
-0.201760 -0.215737 0.519000 43 57 61
-0.200418 -0.215737 0.519000 83 90 94
-0.199076 -0.215737 0.519000 125 132 136
0.055359 -0.213659 0.514000 36 47 47
0.056578 -0.213243 0.513000 36 50 52
0.057904 -0.213243 0.513000 34 48 50
0.059115 -0.212828 0.512000 33 47 49
0.060439 -0.212828 0.512000 30 44 46
0.061763 -0.212828 0.512000 29 42 41
0.063087 -0.212828 0.512000 26 39 38
0.064285 -0.212412 0.511000 39 52 47
0.065478 -0.211996 0.510000 47 60 55
0.066666 -0.211580 0.509000 40 53 50
0.067715 -0.210749 0.507000 35 48 45
0.068889 -0.210333 0.506000 30 43 40
0.070198 -0.210333 0.506000 31 44 41
0.071365 -0.209918 0.505000 30 43 42
0.072671 -0.209918 0.505000 28 41 40
0.073976 -0.209918 0.505000 28 41 40
0.075133 -0.209502 0.504000 31 44 43
0.076436 -0.209502 0.504000 28 43 42
0.077739 -0.209502 0.504000 27 42 41
0.079043 -0.209502 0.504000 28 41 40
0.080346 -0.209502 0.504000 28 41 40
0.081811 -0.209918 0.505000 28 41 40
0.083117 -0.209918 0.505000 30 43 42
0.084590 -0.210333 0.506000 32 45 44
0.086068 -0.210749 0.507000 33 46 45
0.087551 -0.211165 0.508000 30 45 44
0.090533 -0.211996 0.510000 28 42 44
0.092032 -0.212412 0.511000 27 41 43
0.093536 -0.212828 0.512000 26 41 40
0.094860 -0.212828 0.512000 28 43 42
0.096371 -0.213243 0.513000 32 50 46
0.097698 -0.213243 0.513000 34 52 48
0.099217 -0.213659 0.514000 36 54 50
0.100546 -0.213659 0.514000 28 46 42
0.102074 -0.214075 0.515000 25 43 39
0.103807 -0.214906 0.517000 26 44 40
0.105144 -0.214906 0.517000 31 46 43
0.106892 -0.215737 0.519000 38 53 50
0.108234 -0.215737 0.519000 37 52 51
0.109787 -0.216153 0.520000 26 41 40
0.112693 -0.216569 0.521000 59 71 75
0.116052 -0.217816 0.524000 60 70 73
0.227013 -0.220310 0.530000 143 150 144
0.227522 -0.219478 0.528000 124 130 132
0.228453 -0.219063 0.527000 80 86 88
0.229380 -0.218647 0.526000 51 57 59
0.229863 -0.217816 0.524000 58 64 66
0.230776 -0.217400 0.523000 60 71 71
0.231241 -0.216569 0.521000 58 69 69
0.232142 -0.216153 0.520000 53 66 63
0.233486 -0.216153 0.520000 46 59 56
0.234831 -0.216153 0.520000 40 53 50
0.236175 -0.216153 0.520000 30 43 40
0.237520 -0.216153 0.520000 64 70 68
0.238405 -0.215737 0.519000 83 89 87
0.240209 -0.216153 0.520000 86 93 87
0.241554 -0.216153 0.520000 86 93 87
0.242898 -0.216153 0.520000 89 102 89
0.244243 -0.216153 0.520000 131 144 131
0.245587 -0.216153 0.520000 109 128 118
0.247407 -0.216569 0.521000 62 81 71
0.248754 -0.216569 0.521000 57 70 69
0.250101 -0.216569 0.521000 69 82 81
0.251931 -0.216984 0.522000 68 80 82
0.253766 -0.217400 0.523000 54 66 68
0.256961 -0.217816 0.524000 125 137 141
0.258809 -0.218231 0.525000 98 105 113
0.260662 -0.218647 0.526000 76 83 91
0.262022 -0.218647 0.526000 85 92 96
0.263882 -0.219063 0.527000 84 91 95
0.265748 -0.219478 0.528000 70 79 89
0.267620 -0.219894 0.529000 40 49 59
0.270004 -0.220725 0.531000 76 93 105
0.290796 -0.224051 0.539000 76 86 89
0.292190 -0.224051 0.539000 82 92 95
0.293584 -0.224051 0.539000 69 81 85
0.293883 -0.223219 0.537000 42 54 58
0.295271 -0.223219 0.537000 44 56 60
0.296107 -0.222804 0.536000 45 57 61
0.297493 -0.222804 0.536000 47 61 63
0.298322 -0.222388 0.535000 50 64 66
0.299705 -0.222388 0.535000 54 66 68
0.301651 -0.222804 0.536000 64 76 78
0.303602 -0.223219 0.537000 73 76 77
-0.217094 -0.212328 0.514000 99 105 105
-0.215765 -0.212328 0.514000 60 66 66
-0.214436 -0.212328 0.514000 45 55 60
-0.213107 -0.212328 0.514000 48 58 63
-0.211778 -0.212328 0.514000 52 64 66
-0.210858 -0.212741 0.515000 59 71 73
-0.209527 -0.212741 0.515000 57 72 71
-0.208599 -0.213154 0.516000 56 71 70
-0.207667 -0.213567 0.517000 48 65 66
-0.206330 -0.213567 0.517000 46 63 64
-0.205390 -0.213980 0.518000 46 63 68
-0.204050 -0.213980 0.518000 39 56 61
-0.203102 -0.214393 0.519000 50 62 66
-0.201760 -0.214393 0.519000 100 112 116
0.055467 -0.212741 0.515000 32 40 41
0.056688 -0.212328 0.514000 35 49 51
0.057904 -0.211915 0.513000 34 48 50
0.059231 -0.211915 0.513000 33 47 51
0.060439 -0.211502 0.512000 30 44 48
0.061763 -0.211502 0.512000 31 45 47
0.063087 -0.211502 0.512000 33 47 49
0.064411 -0.211502 0.512000 30 45 44
0.065606 -0.211089 0.511000 37 52 51
0.066928 -0.211089 0.511000 37 50 49
0.068115 -0.210676 0.510000 32 45 44
0.069026 -0.209436 0.507000 30 42 44
0.070336 -0.209436 0.507000 31 43 45
0.071506 -0.209023 0.506000 31 44 43
0.072671 -0.208610 0.505000 30 43 42
0.073976 -0.208610 0.505000 29 42 41
0.075282 -0.208610 0.505000 29 42 41
0.076588 -0.208610 0.505000 29 42 41
0.077894 -0.208610 0.505000 28 41 40
0.079199 -0.208610 0.505000 30 43 42
0.080505 -0.208610 0.505000 24 37 36
0.081811 -0.208610 0.505000 26 37 35
0.083117 -0.208610 0.505000 27 38 36
0.084590 -0.209023 0.506000 30 43 40
0.086068 -0.209436 0.507000 31 44 41
0.087723 -0.210263 0.509000 28 42 44
0.090711 -0.211089 0.511000 26 40 42
0.092212 -0.211502 0.512000 24 38 40
0.093536 -0.211502 0.512000 26 41 40
0.095045 -0.211915 0.513000 27 42 41
0.096371 -0.211915 0.513000 31 46 41
0.097888 -0.212328 0.514000 31 46 41
0.099217 -0.212328 0.514000 33 48 43
0.100742 -0.212741 0.515000 27 42 37
0.102074 -0.212741 0.515000 24 39 34
0.103405 -0.212741 0.515000 27 42 37
0.105144 -0.213567 0.517000 29 47 43
0.106480 -0.213567 0.517000 33 51 47
0.107817 -0.213567 0.517000 24 43 43
0.109365 -0.213980 0.518000 32 51 51
0.110918 -0.214393 0.519000 42 59 62
0.112260 -0.214393 0.519000 45 62 65
0.113821 -0.214807 0.520000 31 43 45
0.115609 -0.215633 0.522000 39 51 53
0.225119 -0.219764 0.532000 141 149 148
0.225643 -0.218937 0.530000 116 124 125
0.226157 -0.218111 0.528000 82 90 91
0.227091 -0.217698 0.527000 56 63 67
0.228453 -0.217698 0.527000 56 63 67
0.229380 -0.217285 0.526000 62 70 71
0.230301 -0.216872 0.525000 68 76 77
0.231218 -0.216459 0.524000 66 77 77
0.231685 -0.215633 0.522000 65 76 76
0.232588 -0.215220 0.521000 60 73 72
0.233935 -0.215220 0.521000 46 59 58
0.234831 -0.214807 0.520000 44 55 55
0.236175 -0.214807 0.520000 34 45 45
0.237520 -0.214807 0.520000 44 50 48
0.238865 -0.214807 0.520000 79 85 83
0.240209 -0.214807 0.520000 82 86 79
0.241554 -0.214807 0.520000 79 83 76
0.242898 -0.214807 0.520000 71 80 71
0.244243 -0.214807 0.520000 57 66 57
0.246060 -0.215220 0.521000 58 73 70
0.247407 -0.215220 0.521000 59 74 71
0.248754 -0.215220 0.521000 59 74 73
0.250581 -0.215633 0.522000 64 79 78
0.252413 -0.216046 0.523000 65 76 76
0.255606 -0.216459 0.524000 70 76 78
0.257451 -0.216872 0.525000 94 100 102
0.259302 -0.217285 0.526000 102 105 108
0.261157 -0.217698 0.527000 93 96 99
0.262520 -0.217698 0.527000 94 100 102
0.264383 -0.218111 0.528000 87 93 95
0.266755 -0.218937 0.530000 64 74 79
0.292190 -0.222655 0.539000 81 92 92
0.292494 -0.221829 0.537000 79 91 93
0.293336 -0.221416 0.536000 42 54 56
0.294722 -0.221416 0.536000 43 55 59
0.295555 -0.221003 0.535000 44 56 60
0.296938 -0.221003 0.535000 49 63 65
0.298322 -0.221003 0.535000 48 62 64
0.299705 -0.221003 0.535000 58 69 69
0.301088 -0.221003 0.535000 67 78 78
0.303037 -0.221416 0.536000 72 75 76
0.304991 -0.221829 0.537000 89 92 93
-0.217094 -0.210997 0.514000 60 67 71
-0.215345 -0.210587 0.513000 47 54 58
-0.213107 -0.210997 0.514000 51 61 66
-0.211778 -0.210997 0.514000 56 68 70
-0.210449 -0.210997 0.514000 58 70 72
-0.209527 -0.211408 0.515000 55 72 73
-0.208599 -0.211818 0.516000 50 67 68
-0.207667 -0.212229 0.517000 45 64 68
-0.206330 -0.212229 0.517000 44 63 67
-0.205390 -0.212639 0.518000 43 59 67
-0.204050 -0.212639 0.518000 46 62 70
-0.203102 -0.213050 0.519000 99 111 115
0.055574 -0.211818 0.516000 34 40 40
0.056798 -0.211408 0.515000 29 43 45
0.058017 -0.210997 0.514000 31 45 47
0.059231 -0.210587 0.513000 31 45 49
0.060557 -0.210587 0.513000 33 47 51
0.061763 -0.210176 0.512000 33 47 51
0.063087 -0.210176 0.512000 33 47 51
0.064411 -0.210176 0.512000 33 48 47
0.065735 -0.210176 0.512000 31 46 45
0.066928 -0.209766 0.511000 33 48 47
0.068249 -0.209766 0.511000 29 44 43
0.069434 -0.209355 0.510000 29 44 43
0.070614 -0.208945 0.509000 27 42 41
0.071647 -0.208124 0.507000 28 43 42
0.072814 -0.207713 0.506000 27 42 41
0.074123 -0.207713 0.506000 28 41 40
0.075431 -0.207713 0.506000 28 41 40
0.076588 -0.207303 0.505000 26 37 35
0.077894 -0.207303 0.505000 34 45 43
0.079199 -0.207303 0.505000 57 68 66
0.080505 -0.207303 0.505000 31 42 40
0.081811 -0.207303 0.505000 27 38 36
0.083281 -0.207713 0.506000 27 38 36
0.084757 -0.208124 0.507000 28 41 38
0.086237 -0.208534 0.508000 28 41 38
0.088068 -0.209766 0.511000 26 40 42
0.089214 -0.209355 0.510000 24 38 40
0.090711 -0.209766 0.511000 23 37 41
0.092212 -0.210176 0.512000 23 37 41
0.093719 -0.210587 0.513000 24 42 40
0.095230 -0.210997 0.514000 25 43 41
0.097123 -0.212229 0.517000 28 46 42
0.098460 -0.212229 0.517000 27 45 41
0.099796 -0.212229 0.517000 32 45 40
0.101133 -0.212229 0.517000 29 42 37
0.102470 -0.212229 0.517000 23 39 30
0.103807 -0.212229 0.517000 26 42 33
0.105144 -0.212229 0.517000 28 46 42
0.106480 -0.212229 0.517000 27 45 41
0.107817 -0.212229 0.517000 26 45 45
0.109154 -0.212229 0.517000 32 51 51
0.110705 -0.212639 0.518000 34 51 54
0.112260 -0.213050 0.519000 35 52 55
0.113602 -0.213050 0.519000 36 50 52
0.114944 -0.213050 0.519000 45 59 61
0.116734 -0.213871 0.521000 54 65 65
0.223203 -0.219207 0.534000 135 138 141
0.223323 -0.217976 0.531000 98 105 111
0.223849 -0.217155 0.529000 74 81 87
0.224791 -0.216744 0.528000 57 67 72
0.226157 -0.216744 0.528000 58 68 73
0.227091 -0.216334 0.527000 67 78 78
0.228020 -0.215923 0.526000 72 83 83
0.229380 -0.215923 0.526000 73 84 84
0.230301 -0.215513 0.525000 68 79 79
0.231218 -0.215102 0.524000 65 75 78
0.232129 -0.214692 0.523000 61 71 74
0.233481 -0.214692 0.523000 56 68 70
0.234384 -0.214281 0.522000 53 65 67
0.235282 -0.213871 0.521000 42 54 56
0.236630 -0.213871 0.521000 38 50 52
0.237977 -0.213871 0.521000 41 47 47
0.239324 -0.213871 0.521000 71 77 77
0.240671 -0.213871 0.521000 73 79 77
0.242018 -0.213871 0.521000 70 76 74
0.243832 -0.214281 0.522000 64 72 69
0.245182 -0.214281 0.522000 63 71 68
0.246532 -0.214281 0.522000 57 72 71
0.249709 -0.214692 0.523000 56 74 72
0.251061 -0.214692 0.523000 59 77 75
0.252896 -0.215102 0.524000 63 71 72
0.254736 -0.215513 0.525000 75 83 84
0.291106 -0.220439 0.537000 79 87 88
0.291950 -0.220028 0.536000 83 93 96
0.293336 -0.220028 0.536000 44 54 57
0.294172 -0.219618 0.535000 46 58 62
0.295555 -0.219618 0.535000 45 57 61
0.296383 -0.219207 0.534000 49 63 67
0.297764 -0.219207 0.534000 48 62 66
0.299145 -0.219207 0.534000 54 67 66
0.300526 -0.219207 0.534000 65 78 77
0.302472 -0.219618 0.535000 69 77 74
0.304423 -0.220028 0.536000 79 87 84
-0.217998 -0.209258 0.513000 69 72 71
-0.216672 -0.209258 0.513000 43 53 58
-0.215345 -0.209258 0.513000 46 56 61
-0.214019 -0.209258 0.513000 50 60 65
-0.211778 -0.209666 0.514000 57 71 75
-0.210449 -0.209666 0.514000 56 70 74
-0.209527 -0.210074 0.515000 49 66 71
-0.208195 -0.210074 0.515000 45 62 67
-0.207265 -0.210482 0.516000 44 62 71
-0.206330 -0.210890 0.517000 34 52 61
-0.204993 -0.210890 0.517000 51 64 73
-0.204050 -0.211298 0.518000 101 114 123
0.056798 -0.210074 0.515000 28 40 44
0.058017 -0.209666 0.514000 36 48 52
0.059231 -0.209258 0.513000 28 45 50
0.060557 -0.209258 0.513000 31 48 53
0.061884 -0.209258 0.513000 31 48 51
0.063087 -0.208850 0.512000 31 48 51
0.064411 -0.208850 0.512000 31 49 47
0.065735 -0.208850 0.512000 33 51 49
0.067058 -0.208850 0.512000 31 49 47
0.068249 -0.208443 0.511000 26 44 42
0.069570 -0.208443 0.511000 27 45 43
0.070753 -0.208035 0.510000 26 44 42
0.071930 -0.207627 0.509000 27 42 39
0.072958 -0.206811 0.507000 27 42 39
0.074269 -0.206811 0.507000 30 41 39
0.075431 -0.206403 0.506000 30 41 39
0.076739 -0.206403 0.506000 27 33 31
0.078048 -0.206403 0.506000 58 64 62
0.079513 -0.206811 0.507000 57 65 64
0.080824 -0.206811 0.507000 38 46 45
0.082135 -0.206811 0.507000 30 41 39
0.085091 -0.207627 0.509000 28 41 40
0.086747 -0.208443 0.511000 29 42 41
0.088240 -0.208850 0.512000 29 41 43
0.089739 -0.209258 0.513000 24 36 38
0.091243 -0.209666 0.514000 19 36 39
0.092932 -0.210482 0.516000 22 39 42
0.094449 -0.210890 0.517000 27 45 43
0.095971 -0.211298 0.518000 25 43 41
0.097499 -0.211706 0.519000 29 47 43
0.098650 -0.211298 0.518000 27 45 41
0.099989 -0.211298 0.518000 30 43 38
0.101329 -0.211298 0.518000 26 39 34
0.102668 -0.211298 0.518000 28 42 33
0.104008 -0.211298 0.518000 25 39 30
0.105347 -0.211298 0.518000 27 42 37
0.106480 -0.210890 0.517000 29 44 39
0.107817 -0.210890 0.517000 27 45 41
0.109365 -0.211298 0.518000 31 49 45
0.110491 -0.210890 0.517000 31 49 47
0.112044 -0.211298 0.518000 29 47 45
0.113383 -0.211298 0.518000 33 51 49
0.114944 -0.211706 0.519000 42 60 58
0.116286 -0.211706 0.519000 38 51 50
0.117855 -0.212114 0.520000 29 42 41
0.119658 -0.212930 0.522000 45 60 57
0.122826 -0.213745 0.524000 50 62 54
0.220442 -0.217824 0.534000 130 133 134
0.220992 -0.217009 0.532000 80 85 92
0.221532 -0.216193 0.530000 62 67 74
0.222481 -0.215785 0.529000 55 65 70
0.223426 -0.215377 0.528000 61 71 76
0.224366 -0.214969 0.527000 67 79 83
0.225728 -0.214969 0.527000 69 81 85
0.227091 -0.214969 0.527000 68 80 82
0.228020 -0.214561 0.526000 66 78 80
0.229380 -0.214561 0.526000 57 69 71
0.230740 -0.214561 0.526000 54 66 68
0.231659 -0.214153 0.525000 51 65 67
0.233016 -0.214153 0.525000 54 68 70
0.233927 -0.213745 0.524000 52 69 72
0.235282 -0.213745 0.524000 49 66 69
0.236186 -0.213337 0.523000 41 55 59
0.237538 -0.213337 0.523000 34 48 52
0.238890 -0.213337 0.523000 52 60 61
0.240243 -0.213337 0.523000 61 69 70
0.241595 -0.213337 0.523000 62 70 69
0.242947 -0.213337 0.523000 62 70 69
0.244300 -0.213337 0.523000 62 70 71
0.245652 -0.213337 0.523000 62 70 71
0.247004 -0.213337 0.523000 53 70 73
0.248831 -0.213745 0.524000 56 73 76
0.250664 -0.214153 0.525000 56 71 70
0.252021 -0.214153 0.525000 54 69 68
0.290564 -0.218640 0.536000 76 84 85
0.291950 -0.218640 0.536000 79 91 93
0.292788 -0.218232 0.535000 54 66 68
0.294172 -0.218232 0.535000 42 56 62
0.295003 -0.217824 0.534000 44 58 64
0.296383 -0.217824 0.534000 43 57 63
0.297764 -0.217824 0.534000 48 62 68
0.299145 -0.217824 0.534000 52 65 64
0.300526 -0.217824 0.534000 65 78 77
0.301906 -0.217824 0.534000 67 79 71
0.303855 -0.218232 0.535000 74 86 78
-0.219324 -0.207930 0.513000 76 82 84
-0.217573 -0.207525 0.512000 53 59 61
-0.216672 -0.207930 0.513000 44 54 57
-0.215345 -0.207930 0.513000 48 58 61
-0.214019 -0.207930 0.513000 54 66 68
-0.211778 -0.208335 0.514000 57 71 75
-0.210449 -0.208335 0.514000 55 69 73
-0.209527 -0.208741 0.515000 43 60 65
-0.208195 -0.208741 0.515000 42 59 64
-0.207265 -0.209146 0.516000 48 64 72
-0.206330 -0.209551 0.517000 56 72 80
-0.204993 -0.209551 0.517000 112 122 127
0.056798 -0.208741 0.515000 27 37 42
0.058017 -0.208335 0.514000 34 44 49
0.059346 -0.208335 0.514000 33 46 55
0.060557 -0.207930 0.513000 34 47 56
0.061884 -0.207930 0.513000 31 48 49
0.063210 -0.207930 0.513000 29 46 47
0.064537 -0.207930 0.513000 32 50 48
0.065735 -0.207525 0.512000 33 51 49
0.067058 -0.207525 0.512000 33 51 47
0.068382 -0.207525 0.512000 26 44 40
0.069706 -0.207525 0.512000 25 43 39
0.070891 -0.207119 0.511000 25 43 39
0.072213 -0.207119 0.511000 26 39 36
0.073390 -0.206714 0.510000 26 39 36
0.074709 -0.206714 0.510000 27 38 36
0.075878 -0.206309 0.509000 29 40 38
0.077043 -0.205903 0.508000 34 40 38
0.078356 -0.205903 0.508000 70 76 74
0.079670 -0.205903 0.508000 55 61 61
0.082459 -0.206309 0.509000 44 57 56
0.083940 -0.206714 0.510000 37 50 49
0.085425 -0.207119 0.511000 32 44 46
0.086917 -0.207525 0.512000 31 43 45
0.088585 -0.208335 0.514000 26 38 42
0.090264 -0.209146 0.516000 26 38 42
0.093473 -0.210362 0.519000 27 41 43
0.094815 -0.210362 0.519000 28 45 46
0.096157 -0.210362 0.519000 28 45 46
0.097499 -0.210362 0.519000 27 45 41
0.098841 -0.210362 0.519000 24 42 38
0.100183 -0.210362 0.519000 28 41 36
0.101524 -0.210362 0.519000 24 37 32
0.102866 -0.210362 0.519000 26 40 31
0.104208 -0.210362 0.519000 28 42 33
0.105347 -0.209957 0.518000 29 45 36
0.106686 -0.209957 0.518000 29 45 36
0.108026 -0.209957 0.518000 26 44 38
0.109365 -0.209957 0.518000 26 44 38
0.110491 -0.209551 0.517000 25 43 39
0.111828 -0.209551 0.517000 26 44 40
0.113164 -0.209551 0.517000 34 52 48
0.114723 -0.209957 0.518000 28 46 42
0.116062 -0.209957 0.518000 31 44 41
0.117628 -0.210362 0.519000 38 51 48
0.119199 -0.210767 0.520000 49 62 59
0.120776 -0.211173 0.521000 46 59 56
0.122592 -0.211983 0.523000 51 65 56
0.216705 -0.216847 0.535000 150 156 156
0.217680 -0.216442 0.534000 120 126 126
0.219061 -0.216442 0.534000 74 81 87
0.219204 -0.215226 0.531000 59 66 72
0.219746 -0.214415 0.529000 56 61 68
0.220696 -0.214010 0.528000 67 72 79
0.222061 -0.214010 0.528000 69 79 82
0.223003 -0.213605 0.527000 70 80 83
0.224366 -0.213605 0.527000 66 78 80
0.225728 -0.213605 0.527000 60 72 74
0.227091 -0.213605 0.527000 57 71 73
0.228020 -0.213199 0.526000 54 68 70
0.229380 -0.213199 0.526000 52 66 68
0.230740 -0.213199 0.526000 54 68 70
0.232100 -0.213199 0.526000 49 66 69
0.233460 -0.213199 0.526000 45 62 65
0.234820 -0.213199 0.526000 39 61 64
0.235731 -0.212794 0.525000 36 58 61
0.237089 -0.212794 0.525000 35 52 57
0.238446 -0.212794 0.525000 31 48 53
0.239804 -0.212794 0.525000 86 94 95
0.240702 -0.212389 0.524000 60 68 69
0.242057 -0.212389 0.524000 61 69 68
0.243876 -0.212794 0.525000 62 70 69
0.245234 -0.212794 0.525000 61 71 76
0.246591 -0.212794 0.525000 60 70 75
0.247949 -0.212794 0.525000 50 64 68
0.290022 -0.216847 0.535000 76 86 89
0.291405 -0.216847 0.535000 80 92 96
0.292241 -0.216442 0.534000 60 72 76
0.293622 -0.216442 0.534000 45 59 65
0.295003 -0.216442 0.534000 45 59 65
0.296383 -0.216442 0.534000 47 60 69
0.297764 -0.216442 0.534000 50 63 72
0.298585 -0.216037 0.533000 54 67 66
0.300526 -0.216442 0.534000 67 80 79
0.301906 -0.216442 0.534000 69 80 76
0.303287 -0.216442 0.534000 75 86 82
-0.220221 -0.206199 0.512000 83 90 84
-0.218897 -0.206199 0.512000 49 55 57
-0.217573 -0.206199 0.512000 44 50 52
-0.216249 -0.206199 0.512000 50 58 59
-0.215345 -0.206602 0.513000 56 64 65
-0.214019 -0.206602 0.513000 60 72 74
-0.212692 -0.206602 0.513000 58 70 72
-0.210449 -0.207005 0.514000 49 63 67
-0.209527 -0.207407 0.515000 45 58 67
-0.208195 -0.207407 0.515000 42 55 64
-0.207265 -0.207810 0.516000 59 71 77
-0.206330 -0.208213 0.517000 113 125 131
-0.204993 -0.208213 0.517000 138 146 147
0.058130 -0.207407 0.515000 36 43 47
0.059346 -0.207005 0.514000 33 47 53
0.060675 -0.207005 0.514000 34 48 54
0.061884 -0.206602 0.513000 35 49 53
0.063210 -0.206602 0.513000 34 48 52
0.064537 -0.206602 0.513000 28 43 42
0.065863 -0.206602 0.513000 30 45 44
0.067058 -0.206199 0.512000 30 45 40
0.068382 -0.206199 0.512000 28 43 38
0.069706 -0.206199 0.512000 23 38 33
0.071030 -0.206199 0.512000 24 39 34
0.072213 -0.205796 0.511000 24 39 36
0.073534 -0.205796 0.511000 26 41 38
0.074855 -0.205796 0.511000 28 41 38
0.076176 -0.205796 0.511000 25 38 35
0.077346 -0.205394 0.510000 38 46 45
0.078665 -0.205394 0.510000 62 70 69
0.080140 -0.205796 0.511000 39 47 46
0.081462 -0.205796 0.511000 45 53 52
0.082783 -0.205796 0.511000 49 62 61
0.084269 -0.206199 0.512000 39 52 51
0.085760 -0.206602 0.513000 29 41 45
0.087426 -0.207407 0.515000 28 40 44
0.089274 -0.208615 0.518000 31 43 47
0.093653 -0.209421 0.520000 33 47 49
0.095180 -0.209824 0.521000 36 51 50
0.097874 -0.209824 0.521000 29 44 43
0.099031 -0.209421 0.520000 29 44 43
0.100376 -0.209421 0.520000 28 41 36
0.101720 -0.209421 0.520000 26 39 34
0.102866 -0.209018 0.519000 26 40 31
0.104208 -0.209018 0.519000 28 42 33
0.105550 -0.209018 0.519000 27 42 37
0.106892 -0.209018 0.519000 27 42 37
0.108026 -0.208615 0.518000 26 44 40
0.109365 -0.208615 0.518000 28 46 42
0.110705 -0.208615 0.518000 27 45 43
0.112044 -0.208615 0.518000 27 45 43
0.113383 -0.208615 0.518000 29 47 45
0.114501 -0.208213 0.517000 25 43 41
0.116062 -0.208615 0.518000 30 43 40
0.117628 -0.209018 0.519000 38 51 48
0.118970 -0.209018 0.519000 47 58 56
0.120544 -0.209421 0.520000 46 57 55
0.122123 -0.209824 0.521000 67 80 75
0.123944 -0.210629 0.523000 138 151 146
0.213938 -0.215462 0.535000 139 145 143
0.214919 -0.215059 0.534000 114 120 118
0.216300 -0.215059 0.534000 72 80 81
0.216458 -0.213851 0.531000 57 65 66
0.217010 -0.213046 0.529000 62 69 75
0.217965 -0.212643 0.528000 70 77 83
0.219330 -0.212643 0.528000 74 81 87
0.220278 -0.212240 0.527000 74 81 87
0.221640 -0.212240 0.527000 68 78 83
0.223003 -0.212240 0.527000 65 75 80
0.224366 -0.212240 0.527000 55 69 73
0.225728 -0.212240 0.527000 51 65 69
0.227091 -0.212240 0.527000 50 67 70
0.228453 -0.212240 0.527000 50 67 70
0.229816 -0.212240 0.527000 50 67 70
0.231179 -0.212240 0.527000 46 63 66
0.232541 -0.212240 0.527000 41 58 61
0.233904 -0.212240 0.527000 41 58 61
0.235267 -0.212240 0.527000 41 58 61
0.236180 -0.211837 0.526000 39 56 59
0.237540 -0.211837 0.526000 34 44 49
0.238901 -0.211837 0.526000 48 58 63
0.240261 -0.211837 0.526000 106 109 108
0.241621 -0.211837 0.526000 74 77 76
0.242981 -0.211837 0.526000 62 65 66
0.244341 -0.211837 0.526000 62 65 66
0.245701 -0.211837 0.526000 57 64 70
0.290022 -0.215462 0.535000 81 91 94
0.290860 -0.215059 0.534000 80 92 96
0.292241 -0.215059 0.534000 61 73 77
0.293622 -0.215059 0.534000 49 61 67
0.294450 -0.214656 0.533000 49 61 67
0.295828 -0.214656 0.533000 52 64 70
0.297206 -0.214656 0.533000 53 65 71
0.298024 -0.214254 0.532000 52 64 66
0.299963 -0.214656 0.533000 71 83 85
0.301906 -0.215059 0.534000 73 84 82
0.303287 -0.215059 0.534000 75 86 84
-0.221545 -0.204873 0.512000 77 88 84
-0.220221 -0.204873 0.512000 53 64 60
-0.218897 -0.204873 0.512000 47 55 56
-0.217573 -0.204873 0.512000 48 56 57
-0.216249 -0.204873 0.512000 55 63 64
-0.214925 -0.204873 0.512000 62 70 71
-0.214019 -0.205274 0.513000 59 72 71
-0.212692 -0.205274 0.513000 53 66 65
-0.210449 -0.205674 0.514000 45 59 63
-0.208195 -0.206074 0.515000 58 71 82
-0.207265 -0.206474 0.516000 111 121 126
-0.206330 -0.206874 0.517000 136 146 151
0.058243 -0.206474 0.516000 39 46 50
0.059462 -0.206074 0.515000 44 54 61
0.060793 -0.206074 0.515000 52 62 69
0.062004 -0.205674 0.514000 50 62 66
0.063333 -0.205674 0.514000 35 47 51
0.064662 -0.205674 0.514000 30 43 40
0.065863 -0.205274 0.513000 30 43 40
0.067189 -0.205274 0.513000 29 42 37
0.068516 -0.205274 0.513000 28 41 36
0.069706 -0.204873 0.512000 21 36 31
0.071030 -0.204873 0.512000 23 38 33
0.072354 -0.204873 0.512000 24 39 36
0.073678 -0.204873 0.512000 24 39 36
0.075002 -0.204873 0.512000 26 41 40
0.076326 -0.204873 0.512000 24 39 38
0.077649 -0.204873 0.512000 39 50 48
0.078973 -0.204873 0.512000 50 61 59
0.080297 -0.204873 0.512000 35 48 47
0.081621 -0.204873 0.512000 36 49 48
0.083107 -0.205274 0.513000 32 45 44
0.084598 -0.205674 0.514000 28 41 40
0.086429 -0.206874 0.517000 33 45 47
0.088105 -0.207674 0.519000 40 52 54
0.089447 -0.207674 0.519000 39 51 53
0.090964 -0.208075 0.520000 40 52 54
0.094013 -0.208875 0.522000 40 53 52
0.095545 -0.209275 0.523000 43 56 55
0.096898 -0.209275 0.523000 49 62 61
0.098438 -0.209675 0.524000 51 64 61
0.100569 -0.208475 0.521000 43 56 51
0.101916 -0.208475 0.521000 54 67 62
0.103065 -0.208075 0.520000 21 39 33
0.104409 -0.208075 0.520000 21 39 33
0.105550 -0.207674 0.519000 24 42 40
0.106892 -0.207674 0.519000 25 43 41
0.108234 -0.207674 0.519000 27 44 45
0.109576 -0.207674 0.519000 26 43 44
0.110918 -0.207674 0.519000 27 44 45
0.112044 -0.207274 0.518000 26 43 44
0.113383 -0.207274 0.518000 26 43 44
0.114723 -0.207274 0.518000 26 43 44
0.116062 -0.207274 0.518000 29 44 43
0.117628 -0.207674 0.519000 34 49 48
0.118970 -0.207674 0.519000 42 55 52
0.120312 -0.207674 0.519000 42 55 52
0.121888 -0.208075 0.520000 38 49 47
0.123470 -0.208475 0.521000 60 71 69
0.125057 -0.208875 0.522000 119 128 121
0.211171 -0.214077 0.535000 121 127 125
0.212157 -0.213677 0.534000 84 90 88
0.213538 -0.213677 0.534000 60 66 66
0.214516 -0.213276 0.533000 61 67 67
0.214679 -0.212076 0.530000 69 76 80
0.215235 -0.211276 0.528000 71 78 82
0.216600 -0.211276 0.528000 71 78 84
0.217552 -0.210876 0.527000 71 78 84
0.218915 -0.210876 0.527000 68 78 83
0.220278 -0.210876 0.527000 66 76 81
0.221640 -0.210876 0.527000 55 69 75
0.223003 -0.210876 0.527000 54 68 74
0.224366 -0.210876 0.527000 49 66 71
0.225728 -0.210876 0.527000 48 65 70
0.227522 -0.211276 0.528000 49 66 71
0.228887 -0.211276 0.528000 40 57 62
0.230252 -0.211276 0.528000 39 56 59
0.231617 -0.211276 0.528000 43 60 63
0.232983 -0.211276 0.528000 43 57 61
0.233904 -0.210876 0.527000 52 66 70
0.235267 -0.210876 0.527000 54 68 72
0.236629 -0.210876 0.527000 51 65 69
0.237992 -0.210876 0.527000 50 56 58
0.239355 -0.210876 0.527000 96 102 104
0.240717 -0.210876 0.527000 116 116 112
0.289480 -0.213677 0.534000 85 92 96
0.290316 -0.213276 0.533000 82 94 98
0.291694 -0.213276 0.533000 56 68 72
0.292522 -0.212876 0.532000 47 61 67
0.293898 -0.212876 0.532000 49 63 69
0.295273 -0.212876 0.532000 52 66 72
0.296649 -0.212876 0.532000 51 65 71
0.297464 -0.212476 0.531000 63 75 77
0.299400 -0.212876 0.532000 73 85 87
0.301341 -0.213276 0.533000 69 80 80
0.303287 -0.213677 0.534000 79 90 90
-0.222869 -0.203548 0.512000 90 99 90
-0.221112 -0.203150 0.511000 47 60 59
-0.219791 -0.203150 0.511000 46 59 58
-0.218897 -0.203548 0.512000 46 57 57
-0.217573 -0.203548 0.512000 52 63 63
-0.216249 -0.203548 0.512000 58 69 67
-0.214925 -0.203548 0.512000 59 70 68
-0.214019 -0.203945 0.513000 52 67 66
-0.212692 -0.203945 0.513000 49 64 63
-0.210449 -0.204343 0.514000 40 54 58
-0.208195 -0.204740 0.515000 115 126 135
0.059693 -0.205536 0.517000 55 62 70
0.061029 -0.205536 0.517000 45 52 60
0.062246 -0.205138 0.516000 39 49 54
0.063580 -0.205138 0.516000 36 46 51
0.064788 -0.204740 0.515000 32 45 44
0.065991 -0.204343 0.514000 29 42 41
0.067320 -0.204343 0.514000 28 41 36
0.068516 -0.203945 0.513000 25 38 33
0.069842 -0.203945 0.513000 24 39 34
0.071169 -0.203945 0.513000 26 41 36
0.072495 -0.203945 0.513000 27 42 39
0.073822 -0.203945 0.513000 26 41 38
0.075002 -0.203548 0.512000 24 39 36
0.076475 -0.203945 0.513000 24 39 36
0.077801 -0.203945 0.513000 29 42 39
0.079128 -0.203945 0.513000 30 43 40
0.080611 -0.204343 0.514000 31 44 43
0.082099 -0.204740 0.515000 32 45 44
0.083593 -0.205138 0.516000 33 45 47
0.085256 -0.205933 0.518000 38 50 52
0.103461 -0.207523 0.522000 28 43 42
0.104610 -0.207126 0.521000 36 51 50
0.105754 -0.206728 0.520000 34 51 54
0.107098 -0.206728 0.520000 27 44 47
0.108234 -0.206331 0.519000 27 43 51
0.109576 -0.206331 0.519000 27 43 51
0.110918 -0.206331 0.519000 27 44 49
0.112260 -0.206331 0.519000 26 43 48
0.113602 -0.206331 0.519000 27 41 45
0.114944 -0.206331 0.519000 28 42 46
0.116286 -0.206331 0.519000 30 45 44
0.117628 -0.206331 0.519000 31 46 45
0.118970 -0.206331 0.519000 31 46 43
0.120312 -0.206331 0.519000 35 50 47
0.121654 -0.206331 0.519000 39 52 49
0.123233 -0.206728 0.520000 32 45 42
0.124817 -0.207126 0.521000 39 47 44
0.126164 -0.207126 0.521000 69 77 74
0.128001 -0.207921 0.523000 126 133 125
0.206634 -0.212294 0.534000 128 139 137
0.208015 -0.212294 0.534000 83 89 87
0.209396 -0.212294 0.534000 63 69 67
0.210382 -0.211896 0.533000 62 68 66
0.210966 -0.211101 0.531000 68 74 72
0.211539 -0.210306 0.529000 70 76 76
0.212504 -0.209909 0.528000 75 81 81
0.213869 -0.209909 0.528000 76 87 87
0.214827 -0.209511 0.527000 69 80 80
0.216190 -0.209511 0.527000 61 71 74
0.217552 -0.209511 0.527000 59 69 72
0.218915 -0.209511 0.527000 52 66 70
0.220278 -0.209511 0.527000 51 65 69
0.221640 -0.209511 0.527000 49 66 71
0.223426 -0.209909 0.528000 50 67 72
0.224791 -0.209909 0.528000 47 64 69
0.226157 -0.209909 0.528000 45 62 67
0.227522 -0.209909 0.528000 42 59 64
0.228887 -0.209909 0.528000 45 62 67
0.230688 -0.210306 0.529000 45 59 63
0.232056 -0.210306 0.529000 51 65 69
0.233424 -0.210306 0.529000 72 82 87
0.234348 -0.209909 0.528000 79 89 94
0.235713 -0.209909 0.528000 68 78 81
0.237078 -0.209909 0.528000 72 82 85
0.288937 -0.211896 0.533000 83 90 94
0.289771 -0.211499 0.532000 81 91 94
0.291147 -0.211499 0.532000 48 58 61
0.291972 -0.211101 0.531000 51 63 67
0.293345 -0.211101 0.531000 54 66 70
0.294163 -0.210704 0.530000 52 66 70
0.295534 -0.210704 0.530000 54 68 72
0.296904 -0.210704 0.530000 65 79 81
0.298837 -0.211101 0.531000 71 85 87
0.300776 -0.211499 0.532000 67 80 79
-0.223755 -0.201827 0.511000 98 109 105
-0.222433 -0.201827 0.511000 58 69 65
-0.221112 -0.201827 0.511000 47 61 65
-0.219791 -0.201827 0.511000 48 62 66
-0.218469 -0.201827 0.511000 47 60 59
-0.217573 -0.202222 0.512000 57 70 69
-0.216249 -0.202222 0.512000 58 71 68
-0.214925 -0.202222 0.512000 54 67 64
-0.213601 -0.202222 0.512000 46 64 62
-0.212692 -0.202617 0.513000 43 61 59
-0.210449 -0.203012 0.514000 55 69 73
0.062366 -0.204197 0.517000 27 37 40
0.063703 -0.204197 0.517000 30 40 43
0.065040 -0.204197 0.517000 30 43 42
0.066248 -0.203802 0.516000 30 43 42
0.067451 -0.203407 0.515000 27 42 41
0.068783 -0.203407 0.515000 26 41 40
0.069979 -0.203012 0.514000 26 41 40
0.071308 -0.203012 0.514000 24 39 38
0.072637 -0.203012 0.514000 24 39 34
0.073966 -0.203012 0.514000 26 41 36
0.075295 -0.203012 0.514000 24 37 32
0.076624 -0.203012 0.514000 24 37 32
0.078104 -0.203407 0.515000 28 41 36
0.079590 -0.203802 0.516000 29 42 37
0.081081 -0.204197 0.517000 29 39 42
0.082578 -0.204592 0.518000 26 36 39
0.107304 -0.205777 0.521000 29 43 47
0.108443 -0.205382 0.520000 26 40 46
0.109787 -0.205382 0.520000 28 42 48
0.110918 -0.204987 0.519000 32 44 50
0.112260 -0.204987 0.519000 31 43 49
0.113602 -0.204987 0.519000 30 42 48
0.114944 -0.204987 0.519000 30 42 48
0.116286 -0.204987 0.519000 30 42 46
0.117628 -0.204987 0.519000 32 44 48
0.118970 -0.204987 0.519000 33 45 47
0.120312 -0.204987 0.519000 33 45 47
0.121654 -0.204987 0.519000 36 48 50
0.122996 -0.204987 0.519000 37 49 51
0.124578 -0.205382 0.520000 31 44 43
0.125922 -0.205382 0.520000 30 43 42
0.127511 -0.205777 0.521000 45 53 50
0.129106 -0.206172 0.522000 83 91 88
0.203109 -0.210121 0.532000 104 115 113
0.204101 -0.209726 0.531000 64 75 75
0.205087 -0.209331 0.530000 53 64 64
0.206067 -0.208936 0.529000 57 65 64
0.207435 -0.208936 0.529000 63 71 70
0.208408 -0.208541 0.528000 73 79 77
0.209774 -0.208541 0.528000 73 79 77
0.210739 -0.208147 0.527000 72 78 76
0.212102 -0.208147 0.527000 67 73 71
0.213464 -0.208147 0.527000 60 71 71
0.214827 -0.208147 0.527000 53 64 64
0.216190 -0.208147 0.527000 50 65 64
0.217552 -0.208147 0.527000 51 66 65
0.218915 -0.208147 0.527000 52 69 72
0.220696 -0.208541 0.528000 48 65 68
0.222061 -0.208541 0.528000 45 62 67
0.223426 -0.208541 0.528000 43 60 65
0.225217 -0.208936 0.529000 41 55 61
0.226585 -0.208936 0.529000 42 56 62
0.228384 -0.209331 0.530000 44 58 64
0.229754 -0.209331 0.530000 55 69 75
0.231560 -0.209726 0.531000 78 90 94
0.232933 -0.209726 0.531000 87 99 103
0.234306 -0.209726 0.531000 101 111 114
0.235679 -0.209726 0.531000 100 110 113
0.286181 -0.210516 0.533000 82 89 93
0.287020 -0.210121 0.532000 80 90 93
0.288395 -0.210121 0.532000 81 91 94
0.289226 -0.209726 0.531000 77 85 86
0.290052 -0.209331 0.530000 50 58 59
0.290873 -0.208936 0.529000 53 63 66
0.292240 -0.208936 0.529000 59 69 72
0.293053 -0.208541 0.528000 51 65 69
0.294418 -0.208541 0.528000 52 66 70
0.296344 -0.208936 0.529000 67 81 83
0.298274 -0.209331 0.530000 71 85 87
0.300776 -0.210121 0.532000 63 76 75
-0.223317 -0.200112 0.510000 71 84 81
-0.221998 -0.200112 0.510000 49 62 59
-0.220679 -0.200112 0.510000 41 55 57
-0.219361 -0.200112 0.510000 44 58 60
-0.218469 -0.200504 0.511000 52 65 62
-0.217148 -0.200504 0.511000 58 71 68
-0.216249 -0.200896 0.512000 54 69 66
-0.214925 -0.200896 0.512000 48 63 60
-0.213601 -0.200896 0.512000 39 61 60
-0.212692 -0.201289 0.513000 37 59 58
-0.211366 -0.201289 0.513000 51 65 69
-0.210449 -0.201681 0.514000 107 121 125
0.062487 -0.203251 0.518000 54 64 67
0.063826 -0.203251 0.518000 40 50 53
0.065166 -0.203251 0.518000 32 44 46
0.066377 -0.202858 0.517000 29 41 43
0.067713 -0.202858 0.517000 26 43 46
0.069050 -0.202858 0.517000 22 39 42
0.070251 -0.202466 0.516000 22 39 42
0.071585 -0.202466 0.516000 22 39 42
0.072919 -0.202466 0.516000 22 40 36
0.074253 -0.202466 0.516000 24 42 38
0.075734 -0.202858 0.517000 23 38 33
0.077071 -0.202858 0.517000 23 38 33
0.078559 -0.203251 0.518000 29 42 39
0.079899 -0.203251 0.518000 29 42 39
0.111132 -0.204035 0.520000 28 40 46
0.112477 -0.204035 0.520000 25 37 43
0.113821 -0.204035 0.520000 30 42 48
0.115166 -0.204035 0.520000 33 45 51
0.116286 -0.203643 0.519000 27 41 45
0.117628 -0.203643 0.519000 27 41 45
0.118970 -0.203643 0.519000 31 45 49
0.120312 -0.203643 0.519000 27 41 45
0.121654 -0.203643 0.519000 30 44 50
0.122996 -0.203643 0.519000 31 45 51
0.124338 -0.203643 0.519000 34 48 52
0.125922 -0.204035 0.520000 35 49 53
0.127267 -0.204035 0.520000 33 44 44
0.128611 -0.204035 0.520000 32 43 43
0.130206 -0.204428 0.521000 52 63 59
0.132058 -0.205212 0.523000 105 116 112
0.197486 -0.207174 0.528000 119 130 128
0.198852 -0.207174 0.528000 81 92 90
0.199838 -0.206782 0.527000 59 70 70
0.201200 -0.206782 0.527000 54 65 65
0.202563 -0.206782 0.527000 64 72 73
0.203926 -0.206782 0.527000 69 77 78
0.205288 -0.206782 0.527000 71 79 78
0.206259 -0.206390 0.526000 71 79 78
0.207619 -0.206390 0.526000 69 77 74
0.208979 -0.206390 0.526000 70 78 75
0.210339 -0.206390 0.526000 55 63 62
0.211699 -0.206390 0.526000 56 64 63
0.213464 -0.206782 0.527000 53 66 65
0.214827 -0.206782 0.527000 51 64 63
0.216190 -0.206782 0.527000 48 65 66
0.217552 -0.206782 0.527000 47 64 65
0.219330 -0.207174 0.528000 41 60 62
0.220696 -0.207174 0.528000 40 59 61
0.222061 -0.207174 0.528000 42 59 64
0.223849 -0.207567 0.529000 40 57 62
0.225643 -0.207959 0.530000 42 56 62
0.227441 -0.208351 0.531000 49 63 69
0.228814 -0.208351 0.531000 79 91 95
0.230187 -0.208351 0.531000 99 111 115
0.284803 -0.209136 0.533000 82 89 93
0.285644 -0.208744 0.532000 81 88 92
0.285941 -0.207959 0.530000 80 90 93
0.286769 -0.207567 0.529000 80 90 93
0.288137 -0.207567 0.529000 77 84 88
0.288957 -0.207174 0.528000 56 63 67
0.290323 -0.207174 0.528000 53 64 64
0.291688 -0.207174 0.528000 59 70 70
0.293053 -0.207174 0.528000 53 66 65
0.294418 -0.207174 0.528000 59 72 71
0.295784 -0.207174 0.528000 70 84 86
0.297712 -0.207567 0.529000 70 84 86
0.299645 -0.207959 0.530000 61 74 71
-0.224195 -0.198401 0.509000 92 101 92
-0.222879 -0.198401 0.509000 49 62 59
-0.221563 -0.198401 0.509000 45 58 55
-0.220247 -0.198401 0.509000 45 58 57
-0.219361 -0.198791 0.510000 51 64 63
-0.218042 -0.198791 0.510000 56 69 64
-0.217148 -0.199181 0.511000 56 69 64
-0.216249 -0.199571 0.512000 47 65 63
-0.214925 -0.199571 0.512000 40 58 56
-0.213601 -0.199571 0.512000 40 59 61
-0.212692 -0.199960 0.513000 35 54 56
-0.211366 -0.199960 0.513000 97 109 113
0.065291 -0.202299 0.519000 30 42 46
0.066633 -0.202299 0.519000 29 41 45
0.067844 -0.201909 0.518000 28 42 48
0.069184 -0.201909 0.518000 26 40 46
0.070523 -0.201909 0.518000 26 43 48
0.071724 -0.201520 0.517000 24 41 46
0.073061 -0.201520 0.517000 22 39 40
0.074541 -0.201909 0.518000 22 39 40
0.075881 -0.201909 0.518000 24 39 36
0.077369 -0.202299 0.519000 26 41 38
0.078711 -0.202299 0.519000 30 40 43
0.080053 -0.202299 0.519000 26 36 39
0.112693 -0.203079 0.521000 70 80 85
0.114040 -0.203079 0.521000 35 47 51
0.115166 -0.202689 0.520000 31 43 47
0.116510 -0.202689 0.520000 24 36 40
0.117855 -0.202689 0.520000 56 68 72
0.119199 -0.202689 0.520000 101 113 115
0.120544 -0.202689 0.520000 81 93 95
0.121654 -0.202299 0.519000 42 54 58
0.122996 -0.202299 0.519000 31 43 47
0.124338 -0.202299 0.519000 33 44 53
0.125680 -0.202299 0.519000 35 46 55
0.127022 -0.202299 0.519000 36 48 52
0.128364 -0.202299 0.519000 38 50 54
0.129956 -0.202689 0.520000 32 42 45
0.131553 -0.203079 0.521000 37 47 50
0.132900 -0.203079 0.521000 66 77 75
0.134762 -0.203858 0.523000 109 120 118
0.193025 -0.205417 0.527000 126 134 131
0.194018 -0.205028 0.526000 91 99 96
0.195378 -0.205028 0.526000 68 76 73
0.196738 -0.205028 0.526000 57 65 64
0.197722 -0.204638 0.525000 63 71 70
0.199079 -0.204638 0.525000 68 79 79
0.200437 -0.204638 0.525000 70 81 81
0.201794 -0.204638 0.525000 69 80 80
0.202765 -0.204248 0.524000 67 78 78
0.204509 -0.204638 0.525000 65 76 74
0.205867 -0.204638 0.525000 61 72 70
0.207224 -0.204638 0.525000 57 68 68
0.208582 -0.204638 0.525000 52 63 63
0.209939 -0.204638 0.525000 53 64 64
0.211699 -0.205028 0.526000 52 63 63
0.213059 -0.205028 0.526000 49 66 67
0.214827 -0.205417 0.527000 43 60 61
0.216190 -0.205417 0.527000 38 57 61
0.217552 -0.205417 0.527000 34 53 57
0.219330 -0.205807 0.528000 39 56 61
0.221114 -0.206197 0.529000 43 60 65
0.222481 -0.206197 0.529000 49 61 65
0.224696 -0.206977 0.531000 64 76 80
0.226068 -0.206977 0.531000 100 110 113
0.227870 -0.207366 0.532000 118 128 131
0.283734 -0.206977 0.531000 83 88 93
0.284033 -0.206197 0.529000 82 87 92
0.284862 -0.205807 0.528000 79 86 92
0.286227 -0.205807 0.528000 82 89 95
0.287048 -0.205417 0.527000 68 75 79
0.288410 -0.205417 0.527000 56 63 67
0.289773 -0.205417 0.527000 54 65 65
0.291136 -0.205417 0.527000 57 68 68
0.292498 -0.205417 0.527000 57 70 67
0.293861 -0.205417 0.527000 67 80 77
0.295223 -0.205417 0.527000 73 86 85
0.297149 -0.205807 0.528000 72 85 84
0.299080 -0.206197 0.529000 66 77 77
-0.225511 -0.197083 0.509000 91 100 93
-0.223754 -0.196696 0.508000 63 72 65
-0.222441 -0.196696 0.508000 38 51 48
-0.221127 -0.196696 0.508000 46 59 56
-0.220247 -0.197083 0.509000 48 63 60
-0.218930 -0.197083 0.509000 55 70 67
-0.218042 -0.197471 0.510000 54 69 66
-0.217148 -0.197858 0.511000 51 66 63
-0.215827 -0.197858 0.511000 45 62 63
-0.214925 -0.198245 0.512000 40 57 58
-0.213601 -0.198245 0.512000 38 55 60
-0.212278 -0.198245 0.512000 71 88 93
-0.125509 -0.201343 0.520000 104 116 108
-0.123926 -0.200955 0.519000 91 103 95
-0.122584 -0.200955 0.519000 81 96 91
-0.121476 -0.201343 0.520000 76 91 86
-0.120131 -0.201343 0.520000 68 86 82
-0.118787 -0.201343 0.520000 62 80 76
-0.117442 -0.201343 0.520000 58 78 75
-0.116097 -0.201343 0.520000 56 76 73
-0.114753 -0.201343 0.520000 54 77 73
-0.113408 -0.201343 0.520000 54 77 73
-0.112064 -0.201343 0.520000 53 76 72
-0.110719 -0.201343 0.520000 51 74 70
-0.109375 -0.201343 0.520000 51 73 72
-0.107822 -0.200955 0.519000 49 71 70
-0.106480 -0.200955 0.519000 49 72 68
-0.105138 -0.200955 0.519000 47 70 66
-0.103997 -0.201343 0.520000 49 69 62
-0.102652 -0.201343 0.520000 48 68 61
-0.101307 -0.201343 0.520000 50 65 60
-0.100155 -0.201730 0.521000 51 66 61
-0.098808 -0.201730 0.521000 48 63 58
-0.097461 -0.201730 0.521000 49 64 59
-0.096114 -0.201730 0.521000 50 65 62
-0.094585 -0.201343 0.520000 51 66 63
-0.093419 -0.201730 0.521000 51 66 63
-0.092249 -0.202117 0.522000 50 65 62
-0.091073 -0.202504 0.523000 49 64 63
-0.089550 -0.202117 0.522000 52 67 66
-0.087862 -0.201343 0.520000 55 70 69
-0.086351 -0.200955 0.519000 54 69 68
-0.085009 -0.200955 0.519000 48 66 64
-0.083667 -0.200955 0.519000 50 68 66
-0.082325 -0.200955 0.519000 49 69 66
-0.080983 -0.200955 0.519000 51 71 68
-0.079641 -0.200955 0.519000 54 73 75
-0.078299 -0.200955 0.519000 55 74 76
-0.076957 -0.200955 0.519000 56 75 77
-0.075615 -0.200955 0.519000 61 80 82
-0.074416 -0.201343 0.520000 67 86 86
-0.073212 -0.201730 0.521000 70 89 89
-0.071865 -0.201730 0.521000 76 95 95
-0.070383 -0.201343 0.520000 81 100 100
-0.069038 -0.201343 0.520000 92 110 106
-0.067694 -0.201343 0.520000 97 115 111
0.067975 -0.200955 0.519000 35 47 51
0.069317 -0.200955 0.519000 23 35 39
0.070659 -0.200955 0.519000 21 38 43
0.072001 -0.200955 0.519000 24 41 46
0.073343 -0.200955 0.519000 22 39 42
0.074685 -0.200955 0.519000 22 39 42
0.076027 -0.200955 0.519000 25 35 40
0.077369 -0.200955 0.519000 27 37 42
0.118081 -0.201730 0.521000 111 124 123
0.119429 -0.201730 0.521000 138 149 149
0.120544 -0.201343 0.520000 137 148 148
0.121888 -0.201343 0.520000 121 128 132
0.123233 -0.201343 0.520000 72 79 83
0.124338 -0.200955 0.519000 37 47 52
0.125680 -0.200955 0.519000 31 41 46
0.127022 -0.200955 0.519000 38 48 55
0.128364 -0.200955 0.519000 39 49 56
0.129706 -0.200955 0.519000 38 48 55
0.131048 -0.200955 0.519000 38 48 55
0.132645 -0.201343 0.520000 36 46 49
0.134247 -0.201730 0.521000 39 49 52
0.135854 -0.202117 0.522000 84 90 90
0.137467 -0.202504 0.523000 127 133 133
0.188578 -0.203666 0.526000 126 134 131
0.189577 -0.203279 0.525000 95 103 100
0.190571 -0.202891 0.524000 64 72 71
0.191559 -0.202504 0.523000 54 62 61
0.192543 -0.202117 0.522000 57 65 64
0.193893 -0.202117 0.522000 64 72 71
0.194868 -0.201730 0.521000 70 78 77
0.196215 -0.201730 0.521000 71 79 78
0.197563 -0.201730 0.521000 65 78 75
0.198910 -0.201730 0.521000 61 74 71
0.200257 -0.201730 0.521000 59 72 71
0.201991 -0.202117 0.522000 56 69 68
0.203341 -0.202117 0.522000 56 68 70
0.205083 -0.202504 0.523000 54 66 68
0.206435 -0.202504 0.523000 52 66 70
0.208184 -0.202891 0.524000 48 62 66
0.209939 -0.203279 0.525000 47 61 67
0.211699 -0.203666 0.526000 44 58 64
0.213059 -0.203666 0.526000 41 58 63
0.214827 -0.204053 0.527000 38 55 60
0.216190 -0.204053 0.527000 35 52 57
0.217965 -0.204440 0.528000 36 53 58
0.219330 -0.204440 0.528000 53 63 66
0.221114 -0.204827 0.529000 75 85 88
0.222902 -0.205215 0.530000 107 114 118
0.282666 -0.204827 0.529000 83 90 98
0.283497 -0.204440 0.528000 82 89 97
0.284322 -0.204053 0.527000 81 88 94
0.285685 -0.204053 0.527000 82 89 95
0.287048 -0.204053 0.527000 54 64 67
0.288410 -0.204053 0.527000 55 65 68
0.289223 -0.203666 0.526000 54 67 66
0.290583 -0.203666 0.526000 54 67 66
0.291943 -0.203666 0.526000 64 77 74
0.295223 -0.204053 0.527000 69 82 81
0.297149 -0.204440 0.528000 65 78 77
-0.226381 -0.195381 0.508000 119 123 118
-0.224625 -0.194996 0.507000 58 69 65
-0.223314 -0.194996 0.507000 51 62 58
-0.222003 -0.194996 0.507000 42 57 56
-0.220692 -0.194996 0.507000 45 60 59
-0.219814 -0.195381 0.508000 52 70 68
-0.218930 -0.195765 0.509000 53 71 69
-0.218042 -0.196150 0.510000 49 67 65
-0.217148 -0.196535 0.511000 45 63 61
-0.215827 -0.196535 0.511000 42 59 62
-0.214925 -0.196919 0.512000 36 53 56
-0.213601 -0.196919 0.512000 73 85 91
-0.143156 -0.196535 0.511000 137 141 134
-0.141835 -0.196535 0.511000 112 123 121
-0.140239 -0.196150 0.510000 96 107 105
-0.138920 -0.196150 0.510000 76 94 92
-0.137601 -0.196150 0.510000 70 88 86
-0.135229 -0.196535 0.511000 67 82 81
-0.134169 -0.196919 0.512000 64 77 76
-0.132846 -0.196919 0.512000 60 73 72
-0.131522 -0.196919 0.512000 60 71 67
-0.130452 -0.197304 0.513000 59 70 66
-0.129377 -0.197689 0.514000 58 64 62
-0.128796 -0.198842 0.517000 54 60 58
-0.126610 -0.199612 0.519000 50 56 54
-0.125268 -0.199612 0.519000 44 55 51
-0.123926 -0.199612 0.519000 44 55 51
-0.121476 -0.199996 0.520000 43 56 51
-0.120131 -0.199996 0.520000 43 58 55
-0.118787 -0.199996 0.520000 44 59 56
-0.116097 -0.199996 0.520000 36 54 50
-0.114753 -0.199996 0.520000 36 54 52
-0.113408 -0.199996 0.520000 39 57 55
-0.112064 -0.199996 0.520000 35 55 52
-0.110506 -0.199612 0.519000 33 53 50
-0.109164 -0.199612 0.519000 37 57 54
-0.107822 -0.199612 0.519000 37 57 54
-0.106480 -0.199612 0.519000 37 57 54
-0.105138 -0.199612 0.519000 37 57 54
-0.103797 -0.199612 0.519000 36 54 50
-0.102455 -0.199612 0.519000 33 51 47
-0.101113 -0.199612 0.519000 37 52 47
0.072001 -0.199612 0.519000 20 34 40
0.073343 -0.199612 0.519000 21 33 39
0.123233 -0.199996 0.520000 138 146 147
0.124578 -0.199996 0.520000 112 117 122
0.125922 -0.199996 0.520000 57 62 67
0.127022 -0.199612 0.519000 35 42 50
0.128364 -0.199612 0.519000 32 39 47
0.129706 -0.199612 0.519000 34 43 55
0.131048 -0.199612 0.519000 37 46 58
0.132390 -0.199612 0.519000 37 46 56
0.133989 -0.199996 0.520000 34 43 53
0.135334 -0.199996 0.520000 35 43 44
0.136941 -0.200381 0.521000 55 63 64
0.138554 -0.200765 0.522000 95 99 92
0.183796 -0.201535 0.524000 136 143 137
0.184798 -0.201150 0.523000 101 108 102
0.185794 -0.200765 0.522000 65 72 66
0.186785 -0.200381 0.521000 55 63 62
0.187771 -0.199996 0.520000 59 67 66
0.189116 -0.199996 0.520000 64 72 71
0.192778 -0.199612 0.519000 70 81 79
0.194120 -0.199612 0.519000 65 78 77
0.195462 -0.199612 0.519000 61 74 73
0.196804 -0.199612 0.519000 54 69 68
0.198528 -0.199996 0.520000 52 67 66
0.199872 -0.199996 0.520000 50 68 66
0.201604 -0.200381 0.521000 50 68 66
0.202951 -0.200381 0.521000 50 67 68
0.204690 -0.200765 0.522000 49 66 67
0.206435 -0.201150 0.523000 47 61 65
0.208184 -0.201535 0.524000 44 58 62
0.209939 -0.201919 0.525000 43 57 63
0.211699 -0.202304 0.526000 40 54 60
0.213059 -0.202304 0.526000 44 56 60
0.214827 -0.202688 0.527000 46 58 62
0.216190 -0.202688 0.527000 56 68 70
0.217965 -0.203073 0.528000 86 98 100
0.219330 -0.203073 0.528000 117 128 128
0.282131 -0.203073 0.528000 81 91 98
0.282960 -0.202688 0.527000 80 90 97
0.284322 -0.202688 0.527000 79 86 92
0.285143 -0.202304 0.526000 69 76 82
0.286503 -0.202304 0.526000 57 67 70
0.287863 -0.202304 0.526000 55 65 68
0.289223 -0.202304 0.526000 56 69 66
0.290583 -0.202304 0.526000 57 70 67
0.291943 -0.202304 0.526000 64 79 76
0.295223 -0.202688 0.527000 66 79 76
0.296586 -0.202688 0.527000 59 72 69
-0.225936 -0.193684 0.507000 79 85 83
-0.224182 -0.193301 0.506000 45 58 57
-0.222873 -0.193301 0.506000 45 58 57
-0.221565 -0.193301 0.506000 42 59 60
-0.220692 -0.193684 0.507000 46 63 64
-0.219381 -0.193684 0.507000 53 71 69
-0.218500 -0.194066 0.508000 52 70 68
-0.217614 -0.194448 0.509000 49 67 65
-0.216723 -0.194830 0.510000 45 63 61
-0.215827 -0.195212 0.511000 43 57 63
-0.214925 -0.195594 0.512000 52 66 72
-0.213601 -0.195594 0.512000 117 124 128
-0.151809 -0.194448 0.509000 105 116 112
-0.150197 -0.194066 0.508000 95 106 102
-0.148883 -0.194066 0.508000 89 101 93
-0.147570 -0.194066 0.508000 81 93 85
-0.145969 -0.193684 0.507000 69 76 68
-0.134170 -0.193684 0.507000 42 56 58
-0.125268 -0.198268 0.519000 43 54 54
-0.123926 -0.198268 0.519000 45 56 56
-0.122584 -0.198268 0.519000 44 57 56
-0.119900 -0.198268 0.519000 44 59 58
-0.118558 -0.198268 0.519000 44 59 58
-0.117442 -0.198650 0.520000 41 59 57
-0.113190 -0.198268 0.519000 40 57 58
-0.111633 -0.197886 0.518000 40 57 58
-0.109655 -0.196740 0.515000 39 56 57
-0.107902 -0.195976 0.513000 39 58 58
-0.106576 -0.195976 0.513000 39 58 58
-0.105044 -0.195594 0.512000 38 57 57
-0.103720 -0.195594 0.512000 38 57 57
-0.090192 -0.192155 0.503000 39 57 55
-0.088184 -0.190627 0.499000 40 58 56
-0.080120 -0.189863 0.497000 39 57 55
-0.079153 -0.190627 0.499000 40 58 56
-0.066648 -0.191773 0.502000 39 58 58
-0.059095 -0.192537 0.504000 45 58 55
-0.057792 -0.192537 0.504000 44 57 54
-0.056488 -0.192537 0.504000 43 56 55
-0.055185 -0.192537 0.504000 43 56 55
-0.053775 -0.192155 0.503000 46 57 57
-0.051276 -0.192537 0.504000 42 55 54
-0.050072 -0.192919 0.505000 40 53 52
-0.033359 -0.194448 0.509000 51 57 57
-0.028150 -0.194830 0.510000 66 74 71
-0.026831 -0.194830 0.510000 71 79 76
-0.020317 -0.195594 0.512000 98 116 112
-0.018993 -0.195594 0.512000 113 131 127
0.124578 -0.198650 0.520000 136 139 142
0.125922 -0.198650 0.520000 136 139 142
0.127022 -0.198268 0.519000 93 100 104
0.128364 -0.198268 0.519000 56 63 67
0.129706 -0.198268 0.519000 30 39 51
0.131048 -0.198268 0.519000 31 40 52
0.132390 -0.198268 0.519000 35 45 59
0.133732 -0.198268 0.519000 36 46 60
0.135334 -0.198650 0.520000 31 45 47
0.136678 -0.198650 0.520000 27 41 43
0.138288 -0.199032 0.521000 36 47 45
0.139904 -0.199414 0.522000 66 77 75
0.141524 -0.199796 0.523000 115 122 116
0.180050 -0.199032 0.521000 100 106 104
0.181049 -0.198650 0.520000 73 79 77
0.182393 -0.198650 0.520000 55 61 59
0.183385 -0.198268 0.519000 56 62 62
0.184726 -0.198268 0.519000 65 71 71
0.186068 -0.198268 0.519000 67 75 74
0.188389 -0.197886 0.518000 68 76 75
0.189362 -0.197504 0.517000 64 72 71
0.190699 -0.197504 0.517000 60 73 72
0.192407 -0.197886 0.518000 56 69 68
0.193746 -0.197886 0.518000 47 66 66
0.196804 -0.198268 0.519000 47 66 66
0.198146 -0.198268 0.519000 47 66 66
0.199488 -0.198268 0.519000 48 65 66
0.201217 -0.198650 0.520000 46 63 64
0.202951 -0.199032 0.521000 43 60 63
0.204690 -0.199414 0.522000 40 57 60
0.206435 -0.199796 0.523000 43 57 63
0.208184 -0.200178 0.524000 45 59 65
0.209539 -0.200178 0.524000 45 57 63
0.211699 -0.200942 0.526000 49 61 67
0.213059 -0.200942 0.526000 74 84 87
0.214827 -0.201324 0.527000 105 115 118
0.216190 -0.201324 0.527000 127 135 136
0.280234 -0.201324 0.527000 83 92 102
0.281597 -0.201324 0.527000 82 91 103
0.282423 -0.200942 0.526000 80 89 101
0.283783 -0.200942 0.526000 75 85 92
0.284601 -0.200560 0.525000 57 67 74
0.285958 -0.200560 0.525000 57 67 70
0.287316 -0.200560 0.525000 57 67 70
0.288673 -0.200560 0.525000 58 71 68
0.290031 -0.200560 0.525000 69 82 79
0.291943 -0.200942 0.526000 65 83 79
0.295223 -0.201324 0.527000 58 71 68
0.296586 -0.201324 0.527000 76 89 86
-0.226799 -0.191991 0.506000 105 113 110
-0.225490 -0.191991 0.506000 70 78 75
-0.224182 -0.191991 0.506000 34 51 52
-0.222873 -0.191991 0.506000 40 57 58
-0.221565 -0.191991 0.506000 43 60 61
-0.220257 -0.191991 0.506000 49 66 67
-0.219381 -0.192371 0.507000 52 70 68
-0.218500 -0.192750 0.508000 47 65 63
-0.217614 -0.193130 0.509000 46 63 64
-0.216723 -0.193509 0.510000 45 62 63
-0.215827 -0.193888 0.511000 44 56 60
-0.214506 -0.193888 0.511000 100 112 116
-0.160073 -0.191991 0.506000 121 131 119
-0.158764 -0.191991 0.506000 109 119 107
-0.157456 -0.191991 0.506000 90 100 88
-0.156147 -0.191991 0.506000 80 85 75
-0.154839 -0.191991 0.506000 69 74 64
-0.153531 -0.191991 0.506000 60 69 62
-0.145393 -0.191612 0.505000 40 55 52
-0.144087 -0.191612 0.505000 42 57 54
-0.142498 -0.191233 0.504000 46 58 60
-0.141195 -0.191233 0.504000 44 56 58
-0.139892 -0.191233 0.504000 45 57 59
-0.138314 -0.190853 0.503000 40 52 54
-0.137013 -0.190853 0.503000 42 56 58
-0.134634 -0.189335 0.499000 43 57 59
-0.133343 -0.189335 0.499000 45 60 59
-0.132053 -0.189335 0.499000 45 60 59
-0.130763 -0.189335 0.499000 45 60 59
-0.130770 -0.191233 0.504000 44 59 58
-0.106576 -0.194647 0.513000 35 54 54
-0.105044 -0.194268 0.512000 39 58 58
-0.103720 -0.194268 0.512000 38 57 57
-0.102397 -0.194268 0.512000 37 56 56
-0.092609 -0.190474 0.502000 38 56 54
-0.091129 -0.190094 0.501000 38 56 54
-0.090192 -0.190853 0.503000 36 54 52
-0.088715 -0.190474 0.502000 38 56 54
-0.086720 -0.188956 0.498000 39 57 55
-0.082857 -0.188956 0.498000 40 58 56
-0.081733 -0.189335 0.499000 39 57 55
-0.080443 -0.189335 0.499000 39 57 55
-0.078835 -0.188576 0.497000 38 56 54
-0.077862 -0.189335 0.499000 38 56 54
-0.073695 -0.188576 0.497000 38 55 56
-0.072701 -0.189335 0.499000 38 55 56
-0.067405 -0.188956 0.498000 34 53 53
-0.066250 -0.189335 0.499000 38 57 57
-0.064960 -0.189335 0.499000 38 57 57
-0.061089 -0.189335 0.499000 39 57 55
-0.059799 -0.189335 0.499000 39 57 55
-0.058509 -0.189335 0.499000 39 57 55
-0.057218 -0.189335 0.499000 40 58 56
-0.055928 -0.189335 0.499000 41 55 57
-0.054747 -0.189715 0.500000 42 56 58
-0.053454 -0.189715 0.500000 41 55 57
-0.052162 -0.189715 0.500000 38 52 54
-0.050869 -0.189715 0.500000 35 53 51
-0.049675 -0.190094 0.501000 36 54 52
-0.048380 -0.190094 0.501000 38 56 52
-0.047178 -0.190474 0.502000 38 56 52
-0.045972 -0.190853 0.503000 40 55 54
-0.035779 -0.191991 0.506000 38 52 54
-0.031854 -0.191991 0.506000 38 52 54
-0.030546 -0.191991 0.506000 43 56 55
-0.029237 -0.191991 0.506000 37 50 49
-0.027929 -0.191991 0.506000 37 50 49
-0.026620 -0.191991 0.506000 36 49 48
-0.025312 -0.191991 0.506000 36 50 52
-0.024004 -0.191991 0.506000 35 49 51
-0.022740 -0.192371 0.507000 33 50 51
-0.021429 -0.192371 0.507000 32 49 50
-0.020158 -0.192750 0.508000 32 51 51
-0.018845 -0.192750 0.508000 35 54 54
-0.017531 -0.192750 0.508000 45 57 59
-0.016217 -0.192750 0.508000 49 61 63
-0.014933 -0.193130 0.509000 55 61 63
-0.007078 -0.194268 0.512000 116 129 128
-0.004439 -0.194647 0.513000 127 142 137
0.125922 -0.197303 0.520000 131 134 135
0.127267 -0.197303 0.520000 138 144 144
0.128611 -0.197303 0.520000 120 126 126
0.129706 -0.196924 0.519000 72 82 89
0.131048 -0.196924 0.519000 36 46 53
0.132390 -0.196924 0.519000 22 35 46
0.133732 -0.196924 0.519000 29 42 53
0.135074 -0.196924 0.519000 31 48 53
0.136678 -0.197303 0.520000 29 46 51
0.138023 -0.197303 0.520000 31 43 45
0.139368 -0.197303 0.520000 29 41 43
0.140983 -0.197683 0.521000 49 57 58
0.142876 -0.198442 0.523000 89 97 98
0.174326 -0.197303 0.520000 140 147 141
0.175671 -0.197303 0.520000 112 118 116
0.176675 -0.196924 0.519000 77 83 81
0.178017 -0.196924 0.519000 54 65 63
0.179013 -0.196545 0.518000 46 57 55
0.180352 -0.196545 0.518000 53 64 62
0.181971 -0.195406 0.515000 66 77 75
0.183303 -0.195406 0.515000 68 79 77
0.184276 -0.195027 0.514000 65 76 74
0.185605 -0.195027 0.514000 62 73 71
0.186934 -0.195027 0.514000 59 70 70
0.188629 -0.195406 0.515000 54 65 65
0.190330 -0.195786 0.516000 49 63 67
0.192035 -0.196165 0.517000 50 64 68
0.193746 -0.196545 0.518000 48 67 69
0.196804 -0.196924 0.519000 41 60 60
0.198146 -0.196924 0.519000 40 59 59
0.199872 -0.197303 0.520000 42 59 60
0.201217 -0.197303 0.520000 38 55 56
0.202951 -0.197683 0.521000 36 50 56
0.204690 -0.198062 0.522000 35 49 55
0.206435 -0.198442 0.523000 45 57 63
0.208184 -0.198821 0.524000 57 69 75
0.209939 -0.199201 0.525000 84 94 99
0.211699 -0.199580 0.526000 114 124 129
0.213059 -0.199580 0.526000 135 141 141
0.278872 -0.199959 0.527000 86 95 107
0.280234 -0.199959 0.527000 84 93 105
0.281063 -0.199580 0.526000 82 91 103
0.281886 -0.199201 0.525000 81 90 102
0.283243 -0.199201 0.525000 64 74 81
0.284059 -0.198821 0.524000 57 67 74
0.285414 -0.198821 0.524000 54 65 65
0.287316 -0.199201 0.525000 58 69 69
0.288673 -0.199201 0.525000 64 77 74
0.290031 -0.199201 0.525000 72 85 82
0.291943 -0.199580 0.526000 64 82 80
0.295223 -0.199959 0.527000 51 62 60
-0.226350 -0.190304 0.505000 66 77 75
-0.225045 -0.190304 0.505000 57 68 66
-0.223739 -0.190304 0.505000 40 57 58
-0.222873 -0.190681 0.506000 39 56 57
-0.221565 -0.190681 0.506000 47 67 64
-0.220257 -0.190681 0.506000 52 72 69
-0.219381 -0.191058 0.507000 49 67 65
-0.218500 -0.191435 0.508000 45 63 61
-0.217614 -0.191812 0.509000 47 61 63
-0.216723 -0.192189 0.510000 40 54 56
-0.215404 -0.192189 0.510000 88 95 99
-0.214506 -0.192565 0.511000 137 144 148
-0.167591 -0.190304 0.505000 121 130 121
-0.166285 -0.190304 0.505000 100 105 93
-0.164979 -0.190304 0.505000 78 83 71
-0.153003 -0.188420 0.500000 48 60 52
-0.151710 -0.188420 0.500000 52 63 59
-0.150417 -0.188420 0.500000 52 63 59
-0.149125 -0.188420 0.500000 40 55 52
-0.147536 -0.188043 0.499000 45 60 57
-0.146246 -0.188043 0.499000 42 57 54
-0.144665 -0.187666 0.498000 40 55 52
-0.143377 -0.187666 0.498000 40 55 52
-0.142090 -0.187666 0.498000 42 57 54
-0.140802 -0.187666 0.498000 44 59 58
-0.139514 -0.187666 0.498000 42 57 56
-0.137949 -0.187290 0.497000 44 58 60
-0.136664 -0.187290 0.497000 42 56 58
-0.135379 -0.187290 0.497000 40 54 56
-0.134364 -0.187666 0.498000 42 56 58
-0.133076 -0.187666 0.498000 43 58 57
-0.132053 -0.188043 0.499000 42 57 56
-0.130763 -0.188043 0.499000 44 57 56
-0.106368 -0.192942 0.512000 36 53 56
-0.105044 -0.192942 0.512000 38 57 59
-0.103720 -0.192942 0.512000 37 56 58
-0.102397 -0.192942 0.512000 37 56 58
-0.101073 -0.192942 0.512000 35 54 56
-0.099749 -0.192942 0.512000 40 57 60
-0.098233 -0.192565 0.511000 39 56 59
-0.096532 -0.191812 0.509000 38 52 54
-0.093162 -0.190304 0.505000 37 51 53
-0.091856 -0.190304 0.505000 38 52 54
-0.090371 -0.189928 0.504000 36 54 52
-0.088891 -0.189551 0.503000 36 54 52
-0.087242 -0.188797 0.501000 40 55 54
-0.085775 -0.188420 0.500000 41 56 55
-0.084483 -0.188420 0.500000 40 55 54
-0.083190 -0.188420 0.500000 41 56 55
-0.081897 -0.188420 0.500000 38 55 56
-0.080604 -0.188420 0.500000 38 55 56
-0.079153 -0.188043 0.499000 35 52 53
-0.077862 -0.188043 0.499000 34 51 52
-0.076572 -0.188043 0.499000 34 53 53
-0.075282 -0.188043 0.499000 34 53 53
-0.074140 -0.188420 0.500000 33 52 52
-0.072701 -0.188043 0.499000 33 52 52
-0.071554 -0.188420 0.500000 34 53 53
-0.070261 -0.188420 0.500000 35 54 54
-0.068968 -0.188420 0.500000 34 53 53
-0.067676 -0.188420 0.500000 33 52 52
-0.066383 -0.188420 0.500000 37 56 56
-0.065090 -0.188420 0.500000 39 58 58
-0.062379 -0.188043 0.499000 38 57 57
-0.061089 -0.188043 0.499000 37 56 56
-0.059799 -0.188043 0.499000 37 56 56
-0.058509 -0.188043 0.499000 35 55 52
-0.057218 -0.188043 0.499000 35 55 52
-0.055928 -0.188043 0.499000 35 54 54
-0.054638 -0.188043 0.499000 37 56 56
-0.053348 -0.188043 0.499000 37 56 56
-0.052057 -0.188043 0.499000 35 54 54
-0.050767 -0.188043 0.499000 33 50 51
-0.049477 -0.188043 0.499000 33 50 51
-0.048283 -0.188420 0.500000 35 52 53
-0.047084 -0.188797 0.501000 38 55 56
-0.045789 -0.188797 0.501000 38 55 56
-0.036941 -0.189928 0.504000 35 54 54
-0.035638 -0.189928 0.504000 35 54 54
-0.034334 -0.189928 0.504000 34 53 53
-0.032966 -0.189551 0.503000 38 55 56
-0.031665 -0.189551 0.503000 34 51 52
-0.030364 -0.189551 0.503000 38 55 56
-0.029122 -0.189928 0.504000 36 53 54
-0.027818 -0.189928 0.504000 37 51 53
-0.026463 -0.189551 0.503000 38 52 54
-0.025212 -0.189928 0.504000 40 54 56
-0.023909 -0.189928 0.504000 38 52 54
-0.022651 -0.190304 0.505000 36 53 54
-0.021345 -0.190304 0.505000 35 52 53
-0.020039 -0.190304 0.505000 35 54 54
-0.018733 -0.190304 0.505000 38 57 57
-0.017427 -0.190304 0.505000 34 51 52
-0.016122 -0.190304 0.505000 33 50 51
-0.014816 -0.190304 0.505000 38 50 52
-0.013537 -0.190681 0.506000 38 50 52
-0.012229 -0.190681 0.506000 35 49 51
-0.010920 -0.190681 0.506000 36 50 52
0.000863 -0.192565 0.511000 61 68 62
0.128611 -0.195957 0.520000 126 132 130
0.129956 -0.195957 0.520000 134 141 145
0.131048 -0.195580 0.519000 110 117 121
0.132390 -0.195580 0.519000 68 80 86
0.133732 -0.195580 0.519000 31 43 49
0.135074 -0.195580 0.519000 25 42 47
0.136416 -0.195580 0.519000 27 44 49
0.137758 -0.195580 0.519000 33 47 53
0.139368 -0.195957 0.520000 31 45 51
0.140712 -0.195957 0.520000 29 41 47
0.142330 -0.196334 0.521000 36 48 54
0.143953 -0.196711 0.522000 60 67 71
0.145859 -0.197464 0.524000 116 123 127
0.169965 -0.195580 0.519000 137 145 142
0.171307 -0.195580 0.519000 105 113 110
0.172649 -0.195580 0.519000 67 73 73
0.173655 -0.195203 0.518000 51 57 57
0.173981 -0.194073 0.515000 50 58 59
0.174973 -0.193696 0.514000 59 67 68
0.176302 -0.193696 0.514000 60 71 69
0.177285 -0.193319 0.513000 62 73 71
0.178612 -0.193319 0.513000 65 78 73
0.179938 -0.193319 0.513000 63 76 71
0.180911 -0.192942 0.512000 61 74 71
0.182235 -0.192942 0.512000 57 70 67
0.183559 -0.192942 0.512000 54 67 66
0.185244 -0.193319 0.513000 54 67 66
0.186570 -0.193319 0.513000 51 65 67
0.188263 -0.193696 0.514000 51 65 67
0.189961 -0.194073 0.515000 48 65 68
0.192035 -0.194826 0.517000 46 63 66
0.193746 -0.195203 0.518000 42 59 62
0.196804 -0.195580 0.519000 40 54 58
0.198146 -0.195580 0.519000 38 52 56
0.199872 -0.195957 0.520000 39 49 54
0.201604 -0.196334 0.521000 41 51 56
0.202951 -0.196334 0.521000 58 68 73
0.204690 -0.196711 0.522000 82 92 97
0.206435 -0.197087 0.523000 113 120 124
0.208184 -0.197464 0.524000 137 144 148
0.278872 -0.198595 0.527000 85 96 107
0.279171 -0.197841 0.525000 82 93 104
0.280528 -0.197841 0.525000 79 90 99
0.281349 -0.197464 0.524000 72 83 92
0.282704 -0.197464 0.524000 60 70 77
0.284059 -0.197464 0.524000 59 69 76
0.285414 -0.197464 0.524000 58 69 69
0.286768 -0.197464 0.524000 68 79 79
0.288673 -0.197841 0.525000 75 86 84
0.290031 -0.197841 0.525000 72 83 81
0.291943 -0.198218 0.526000 61 76 75
0.295223 -0.198595 0.527000 78 86 83
-0.227656 -0.188997 0.505000 83 90 84
-0.226350 -0.188997 0.505000 64 75 75
-0.225045 -0.188997 0.505000 41 52 52
-0.223739 -0.188997 0.505000 42 57 56
-0.222433 -0.188997 0.505000 44 59 58
-0.221565 -0.189371 0.506000 50 68 64
-0.220257 -0.189371 0.506000 50 68 64
-0.219381 -0.189745 0.507000 46 64 60
-0.218070 -0.189745 0.507000 45 63 59
-0.217187 -0.190120 0.508000 47 59 63
-0.216298 -0.190494 0.509000 58 70 74
-0.215404 -0.190868 0.510000 124 129 134
-0.174120 -0.188997 0.505000 121 125 120
-0.172472 -0.188623 0.504000 102 106 101
-0.170829 -0.188248 0.503000 86 92 92
-0.168854 -0.187500 0.501000 71 77 77
-0.167559 -0.187500 0.501000 57 65 64
-0.165600 -0.186751 0.499000 52 60 59
-0.164309 -0.186751 0.499000 50 59 52
-0.163019 -0.186751 0.499000 48 57 50
-0.161729 -0.186751 0.499000 47 55 52
-0.160439 -0.186751 0.499000 47 55 52
-0.158829 -0.186377 0.498000 48 56 53
-0.157542 -0.186377 0.498000 50 58 55
-0.156568 -0.186751 0.499000 44 55 53
-0.155278 -0.186751 0.499000 44 55 53
-0.153987 -0.186751 0.499000 46 58 50
-0.152697 -0.186751 0.499000 47 59 51
-0.151407 -0.186751 0.499000 44 57 52
-0.150117 -0.186751 0.499000 45 58 53
-0.148826 -0.186751 0.499000 43 56 53
-0.147536 -0.186751 0.499000 43 56 53
-0.145953 -0.186377 0.498000 42 55 50
-0.144665 -0.186377 0.498000 43 56 51
-0.143377 -0.186377 0.498000 44 57 52
-0.142090 -0.186377 0.498000 44 57 52
-0.140802 -0.186377 0.498000 45 58 55
-0.139234 -0.186003 0.497000 43 56 53
-0.137949 -0.186003 0.497000 45 58 57
-0.136664 -0.186003 0.497000 45 58 57
-0.135651 -0.186377 0.498000 41 55 57
-0.134364 -0.186377 0.498000 42 56 58
-0.133076 -0.186377 0.498000 41 56 55
-0.132053 -0.186751 0.499000 41 56 55
-0.130763 -0.186751 0.499000 43 56 53
-0.128439 -0.187126 0.500000 43 56 53
-0.126860 -0.188623 0.504000 43 56 55
-0.119607 -0.191617 0.512000 36 54 52
-0.109229 -0.191991 0.513000 39 56 59
-0.107692 -0.191617 0.512000 38 55 58
-0.105044 -0.191617 0.512000 36 53 56
-0.103720 -0.191617 0.512000 36 53 56
-0.102397 -0.191617 0.512000 35 52 55
-0.098233 -0.191242 0.511000 38 55 58
-0.096911 -0.191242 0.511000 36 53 56
-0.092038 -0.189371 0.506000 38 52 56
-0.090730 -0.189371 0.506000 40 54 56
-0.089245 -0.188997 0.505000 38 52 54
-0.087939 -0.188997 0.505000 38 52 54
-0.086290 -0.188248 0.503000 42 56 58
-0.084989 -0.188248 0.503000 38 52 54
-0.083522 -0.187874 0.502000 38 52 54
-0.082388 -0.188248 0.503000 38 52 56
-0.081088 -0.188248 0.503000 40 54 58
-0.079628 -0.187874 0.502000 35 52 55
-0.078174 -0.187500 0.501000 34 51 54
-0.076879 -0.187500 0.501000 37 56 58
-0.075734 -0.187874 0.502000 34 53 55
-0.074585 -0.188248 0.503000 32 51 53
-0.073284 -0.188248 0.503000 33 52 54
-0.071840 -0.187874 0.502000 32 51 51
-0.070683 -0.188248 0.503000 33 52 52
-0.069382 -0.188248 0.503000 34 53 53
-0.068082 -0.188248 0.503000 34 53 53
-0.066781 -0.188248 0.503000 36 53 54
-0.065481 -0.188248 0.503000 39 56 57
-0.064052 -0.187874 0.502000 36 53 54
-0.062754 -0.187874 0.502000 36 53 54
-0.061456 -0.187874 0.502000 35 52 53
-0.060038 -0.187500 0.501000 36 53 54
-0.058743 -0.187500 0.501000 36 53 54
-0.057333 -0.187126 0.500000 36 53 54
-0.056040 -0.187126 0.500000 34 51 52
-0.054747 -0.187126 0.500000 35 52 53
-0.053454 -0.187126 0.500000 36 53 54
-0.052162 -0.187126 0.500000 34 51 52
-0.050869 -0.187126 0.500000 33 50 51
-0.049576 -0.187126 0.500000 35 52 53
-0.048283 -0.187126 0.500000 35 52 53
-0.047084 -0.187500 0.501000 36 53 54
-0.045789 -0.187500 0.501000 36 53 54
-0.044671 -0.188248 0.503000 35 52 53
-0.043370 -0.188248 0.503000 33 52 54
-0.042153 -0.188623 0.504000 34 53 55
-0.040850 -0.188623 0.504000 31 53 54
-0.039547 -0.188623 0.504000 32 54 55
-0.038244 -0.188623 0.504000 32 54 55
-0.036941 -0.188623 0.504000 33 55 56
-0.035638 -0.188623 0.504000 32 54 55
-0.034266 -0.188248 0.503000 30 52 53
-0.032900 -0.187874 0.502000 32 51 51
-0.031602 -0.187874 0.502000 33 52 52
-0.030304 -0.187874 0.502000 34 52 50
-0.028948 -0.187500 0.501000 36 54 52
-0.027653 -0.187500 0.501000 34 52 50
-0.026305 -0.187126 0.500000 34 52 50
-0.025012 -0.187126 0.500000 35 53 51
-0.023767 -0.187500 0.501000 33 51 49
-0.022471 -0.187500 0.501000 35 53 51
-0.021176 -0.187500 0.501000 35 53 51
-0.019880 -0.187500 0.501000 35 53 51
-0.018622 -0.187874 0.502000 38 56 54
-0.017324 -0.187874 0.502000 36 54 52
-0.016058 -0.188248 0.503000 38 56 54
-0.014757 -0.188248 0.503000 40 55 54
-0.013457 -0.188248 0.503000 37 52 51
-0.012180 -0.188623 0.504000 40 54 56
-0.010877 -0.188623 0.504000 38 52 54
-0.009593 -0.188997 0.505000 36 53 56
-0.008287 -0.188997 0.505000 36 53 56
0.002163 -0.189371 0.506000 33 46 43
0.003465 -0.188997 0.505000 35 48 45
0.004733 -0.187500 0.501000 35 48 45
0.006004 -0.186751 0.499000 35 48 45
0.007265 -0.186003 0.497000 36 49 46
0.008550 -0.186003 0.497000 40 51 51
0.009835 -0.186003 0.497000 51 62 62
0.011120 -0.186003 0.497000 69 77 74
0.012430 -0.186377 0.498000 79 87 84
0.131300 -0.194611 0.520000 127 135 136
0.132390 -0.194236 0.519000 126 136 139
0.133732 -0.194236 0.519000 91 101 104
0.135074 -0.194236 0.519000 40 52 56
0.136416 -0.194236 0.519000 24 36 40
0.137758 -0.194236 0.519000 28 41 50
0.139100 -0.194236 0.519000 30 43 52
0.140712 -0.194611 0.520000 31 44 53
0.142057 -0.194611 0.520000 30 43 52
0.143401 -0.194611 0.520000 31 43 47
0.145024 -0.194985 0.521000 45 57 61
0.146933 -0.195733 0.523000 90 96 94
0.148569 -0.196108 0.524000 140 146 144
0.166959 -0.193862 0.518000 100 108 105
0.167323 -0.192739 0.515000 74 82 79
0.168655 -0.192739 0.515000 53 61 60
0.169656 -0.192365 0.514000 48 56 55
0.170653 -0.191991 0.513000 54 62 63
0.171644 -0.191617 0.512000 62 70 71
0.172968 -0.191617 0.512000 65 76 76
0.174292 -0.191617 0.512000 65 76 76
0.175616 -0.191617 0.512000 64 77 74
0.176594 -0.191242 0.511000 64 77 74
0.177915 -0.191242 0.511000 59 74 69
0.179236 -0.191242 0.511000 52 67 62
0.180558 -0.191242 0.511000 47 62 59
0.181879 -0.191242 0.511000 45 60 57
0.183559 -0.191617 0.512000 46 63 64
0.184883 -0.191617 0.512000 47 64 65
0.186570 -0.191991 0.513000 47 64 69
0.187897 -0.191991 0.513000 43 60 65
0.189961 -0.192739 0.515000 40 57 62
0.192035 -0.193488 0.517000 39 56 61
0.193746 -0.193862 0.518000 38 55 60
0.196804 -0.194236 0.519000 39 49 54
0.198146 -0.194236 0.519000 48 58 63
0.199872 -0.194611 0.520000 76 83 87
0.201604 -0.194985 0.521000 103 110 114
0.203341 -0.195359 0.522000 129 135 137
0.205083 -0.195733 0.523000 141 147 149
0.277509 -0.197230 0.527000 83 93 100
0.278342 -0.196856 0.526000 83 95 101
0.279171 -0.196482 0.525000 89 101 107
0.279994 -0.196108 0.524000 72 83 92
0.281349 -0.196108 0.524000 54 65 74
0.282164 -0.195733 0.523000 56 68 74
0.283517 -0.195733 0.523000 59 71 77
0.284869 -0.195733 0.523000 64 74 77
0.286768 -0.196108 0.524000 75 85 88
0.288673 -0.196482 0.525000 68 79 79
0.290031 -0.196482 0.525000 59 70 70
0.291943 -0.196856 0.526000 51 63 65
-0.227656 -0.187689 0.505000 71 78 72
-0.226350 -0.187689 0.505000 50 61 61
-0.225045 -0.187689 0.505000 39 50 50
-0.223739 -0.187689 0.505000 43 58 55
-0.222433 -0.187689 0.505000 51 66 63
-0.221127 -0.187689 0.505000 50 68 64
-0.220257 -0.188061 0.506000 49 67 63
-0.218948 -0.188061 0.506000 43 60 61
-0.218070 -0.188433 0.507000 45 62 63
-0.217187 -0.188804 0.508000 44 56 60
-0.216298 -0.189176 0.509000 96 108 112
-0.181006 -0.188061 0.506000 136 143 137
-0.179343 -0.187689 0.505000 122 128 126
-0.178037 -0.187689 0.505000 96 102 100
-0.176381 -0.187318 0.504000 68 76 77
-0.174731 -0.186946 0.503000 68 76 77
-0.172740 -0.186203 0.501000 60 68 69
-0.171103 -0.185831 0.500000 52 60 61
-0.169470 -0.185459 0.499000 51 57 59
-0.168180 -0.185459 0.499000 49 55 57
-0.166890 -0.185459 0.499000 47 55 56
-0.165268 -0.185088 0.498000 49 57 58
-0.163980 -0.185088 0.498000 45 56 54
-0.162692 -0.185088 0.498000 41 52 50
-0.161405 -0.185088 0.498000 44 55 53
-0.159796 -0.184716 0.497000 45 56 54
-0.158829 -0.185088 0.498000 45 56 54
-0.157542 -0.185088 0.498000 44 55 53
-0.156254 -0.185088 0.498000 43 56 53
-0.154966 -0.185088 0.498000 43 56 53
-0.153679 -0.185088 0.498000 44 55 53
-0.152391 -0.185088 0.498000 44 55 53
-0.151407 -0.185459 0.499000 43 54 52
-0.150117 -0.185459 0.499000 45 56 54
-0.148826 -0.185459 0.499000 43 56 53
-0.147536 -0.185459 0.499000 44 57 54
-0.146246 -0.185459 0.499000 43 56 51
-0.144956 -0.185459 0.499000 44 57 52
-0.143665 -0.185459 0.499000 43 56 51
-0.142375 -0.185459 0.499000 44 57 52
-0.141085 -0.185459 0.499000 44 57 54
-0.139514 -0.185088 0.498000 43 56 53
-0.137214 -0.185459 0.499000 43 56 55
-0.135924 -0.185459 0.499000 43 56 55
-0.134634 -0.185459 0.499000 44 57 56
-0.133343 -0.185459 0.499000 40 55 52
-0.131025 -0.185831 0.500000 42 55 52
-0.129991 -0.186203 0.501000 43 56 53
-0.128953 -0.186574 0.502000 44 57 56
-0.128163 -0.187318 0.504000 42 55 54
-0.127112 -0.187689 0.505000 43 56 55
-0.125806 -0.187689 0.505000 43 56 55
-0.124994 -0.188433 0.507000 42 55 54
-0.123683 -0.188433 0.507000 40 53 52
-0.122613 -0.188804 0.508000 40 55 54
-0.121777 -0.189548 0.510000 40 55 54
-0.120695 -0.189919 0.511000 38 55 56
-0.119607 -0.190291 0.512000 38 55 56
-0.107692 -0.190291 0.512000 45 57 61
-0.106368 -0.190291 0.512000 40 52 56
-0.105044 -0.190291 0.512000 40 50 55
-0.103720 -0.190291 0.512000 41 51 56
-0.102397 -0.190291 0.512000 41 51 56
-0.092220 -0.188433 0.507000 44 54 59
-0.090909 -0.188433 0.507000 45 55 58
-0.089421 -0.188061 0.506000 44 54 57
-0.087939 -0.187689 0.505000 40 50 53
-0.086633 -0.187689 0.505000 41 51 54
-0.085158 -0.187318 0.504000 43 50 54
-0.083855 -0.187318 0.504000 42 49 53
-0.082552 -0.187318 0.504000 40 50 55
-0.079946 -0.187318 0.504000 41 51 56
-0.078643 -0.187318 0.504000 43 53 58
-0.077339 -0.187318 0.504000 46 58 62
-0.076036 -0.187318 0.504000 44 56 60
-0.074733 -0.187318 0.504000 36 50 56
-0.073430 -0.187318 0.504000 40 54 60
-0.072127 -0.187318 0.504000 36 50 56
-0.070823 -0.187318 0.504000 41 55 61
-0.069520 -0.187318 0.504000 41 55 59
-0.068217 -0.187318 0.504000 40 54 58
-0.066914 -0.187318 0.504000 40 54 58
-0.065611 -0.187318 0.504000 38 52 56
-0.064308 -0.187318 0.504000 38 55 56
-0.063004 -0.187318 0.504000 38 55 56
-0.061701 -0.187318 0.504000 38 55 56
-0.060398 -0.187318 0.504000 36 53 54
-0.058978 -0.186946 0.503000 35 54 54
-0.057677 -0.186946 0.503000 34 53 53
-0.056264 -0.186574 0.502000 35 54 54
-0.054966 -0.186574 0.502000 33 52 52
-0.053668 -0.186574 0.502000 34 53 53
-0.052370 -0.186574 0.502000 34 53 53
-0.051072 -0.186574 0.502000 35 54 56
-0.049873 -0.186946 0.503000 35 54 56
-0.048573 -0.186946 0.503000 34 53 55
-0.047272 -0.186946 0.503000 34 53 55
-0.046063 -0.187318 0.504000 33 52 52
-0.044760 -0.187318 0.504000 33 52 52
-0.043543 -0.187689 0.505000 33 52 54
-0.042237 -0.187689 0.505000 33 52 54
-0.040931 -0.187689 0.505000 33 52 54
-0.039626 -0.187689 0.505000 32 51 53
-0.038320 -0.187689 0.505000 30 52 53
-0.037014 -0.187689 0.505000 31 53 54
-0.035638 -0.187318 0.504000 31 53 54
-0.034334 -0.187318 0.504000 28 50 51
-0.032966 -0.186946 0.503000 30 49 49
-0.031665 -0.186946 0.503000 31 50 50
-0.030364 -0.186946 0.503000 33 51 49
-0.029006 -0.186574 0.502000 32 50 48
-0.027708 -0.186574 0.502000 34 52 50
-0.026357 -0.186203 0.501000 33 51 49
-0.025062 -0.186203 0.501000 35 50 49
-0.023767 -0.186203 0.501000 34 49 48
-0.022471 -0.186203 0.501000 37 52 51
-0.021218 -0.186574 0.502000 35 50 49
-0.019920 -0.186574 0.502000 36 51 50
-0.018622 -0.186574 0.502000 36 51 50
-0.017289 -0.186203 0.501000 38 53 52
-0.015994 -0.186203 0.501000 38 53 52
-0.014699 -0.186203 0.501000 37 52 51
-0.013403 -0.186203 0.501000 37 52 51
-0.012108 -0.186203 0.501000 36 50 52
-0.010834 -0.186574 0.502000 34 48 50
-0.009536 -0.186574 0.502000 36 50 52
-0.008254 -0.186946 0.503000 36 50 52
-0.006954 -0.186946 0.503000 35 52 53
-0.003064 -0.187689 0.505000 36 54 52
0.000852 -0.187318 0.504000 36 54 52
0.002142 -0.186203 0.501000 35 53 51
0.003431 -0.185831 0.500000 36 54 52
0.004714 -0.185459 0.499000 34 52 50
0.005992 -0.185088 0.498000 37 52 51
0.007265 -0.184716 0.497000 38 53 52
0.008550 -0.184716 0.497000 38 51 48
0.009835 -0.184716 0.497000 36 49 46
0.011120 -0.184716 0.497000 39 47 46
0.012430 -0.185088 0.498000 36 44 43
0.013718 -0.185088 0.498000 36 42 42
0.015036 -0.185459 0.499000 39 45 45
0.016326 -0.185459 0.499000 37 48 48
0.017652 -0.185831 0.500000 40 51 51
0.025968 -0.189919 0.511000 122 126 121
0.027289 -0.189919 0.511000 133 134 130
0.028666 -0.190291 0.512000 143 144 140
0.132645 -0.193264 0.520000 121 132 132
0.133732 -0.192893 0.519000 129 140 140
0.135074 -0.192893 0.519000 111 124 123
0.136416 -0.192893 0.519000 78 91 90
0.137758 -0.192893 0.519000 32 44 50
0.139100 -0.192893 0.519000 24 36 42
0.140442 -0.192893 0.519000 28 44 54
0.141784 -0.192893 0.519000 28 44 54
0.143125 -0.192893 0.519000 28 45 50
0.144746 -0.193264 0.520000 28 45 50
0.146090 -0.193264 0.520000 37 48 48
0.147718 -0.193636 0.521000 64 75 75
0.149638 -0.194379 0.523000 124 130 128
0.161913 -0.192893 0.519000 142 149 143
0.163011 -0.191034 0.514000 78 82 77
0.164021 -0.190663 0.513000 59 63 58
0.165025 -0.190291 0.512000 53 59 57
0.166349 -0.190291 0.512000 55 61 59
0.167672 -0.190291 0.512000 61 69 68
0.168666 -0.189919 0.511000 62 70 69
0.169988 -0.189919 0.511000 66 74 75
0.170974 -0.189548 0.510000 67 75 76
0.171954 -0.189176 0.509000 63 76 75
0.173271 -0.189176 0.509000 60 73 72
0.174244 -0.188804 0.508000 54 67 64
0.175557 -0.188804 0.508000 52 65 62
0.177219 -0.189176 0.509000 46 64 58
0.178535 -0.189176 0.509000 48 66 60
0.180204 -0.189548 0.510000 47 66 66
0.181879 -0.189919 0.511000 46 65 65
0.183559 -0.190291 0.512000 45 62 65
0.184883 -0.190291 0.512000 40 57 60
0.186570 -0.190663 0.513000 40 56 64
0.188263 -0.191034 0.514000 36 52 60
0.190330 -0.191778 0.516000 34 51 56
0.192407 -0.192521 0.518000 33 50 55
0.195462 -0.192893 0.519000 54 66 70
0.196804 -0.192893 0.519000 79 86 90
0.198528 -0.193264 0.520000 111 118 122
0.200257 -0.193636 0.521000 135 143 144
0.276146 -0.195866 0.527000 89 101 107
0.276982 -0.195494 0.526000 86 98 104
0.277813 -0.195122 0.525000 86 97 106
0.278639 -0.194751 0.524000 72 83 92
0.279460 -0.194379 0.523000 49 63 69
0.280812 -0.194379 0.523000 54 68 74
0.282164 -0.194379 0.523000 54 68 72
0.283517 -0.194379 0.523000 65 79 83
0.284869 -0.194379 0.523000 74 84 87
0.286768 -0.194751 0.524000 72 82 85
0.288673 -0.195122 0.525000 62 72 77
0.291943 -0.195494 0.526000 53 64 62
-0.228508 -0.186013 0.504000 75 83 80
-0.227205 -0.186013 0.504000 71 79 76
-0.225902 -0.186013 0.504000 43 54 52
-0.224599 -0.186013 0.504000 45 56 54
-0.223296 -0.186013 0.504000 47 62 59
-0.222433 -0.186382 0.505000 52 67 64
-0.221127 -0.186382 0.505000 48 66 62
-0.219821 -0.186382 0.505000 43 61 57
-0.218948 -0.186751 0.506000 43 60 63
-0.218070 -0.187120 0.507000 39 56 59
-0.216759 -0.187120 0.507000 76 86 89
-0.215873 -0.187489 0.508000 130 140 143
-0.186240 -0.186751 0.506000 142 146 141
-0.184566 -0.186382 0.505000 115 121 119
-0.183260 -0.186382 0.505000 90 96 94
-0.181954 -0.186382 0.505000 77 85 84
-0.180291 -0.186013 0.504000 63 71 70
-0.178632 -0.185644 0.503000 54 62 63
-0.176979 -0.185274 0.502000 45 53 54
-0.174981 -0.184536 0.500000 41 48 52
-0.173341 -0.184167 0.499000 40 47 51
-0.172051 -0.184167 0.499000 47 54 60
-0.170418 -0.183798 0.498000 46 53 59
-0.169131 -0.183798 0.498000 48 55 61
-0.167843 -0.183798 0.498000 50 57 63
-0.166221 -0.183429 0.497000 46 56 61
-0.164604 -0.183060 0.496000 45 55 60
-0.162366 -0.183429 0.497000 42 57 56
-0.161081 -0.183429 0.497000 43 56 55
-0.159796 -0.183429 0.497000 43 56 55
-0.158510 -0.183429 0.497000 43 56 55
-0.157225 -0.183429 0.497000 42 55 54
-0.156254 -0.183798 0.498000 44 57 54
-0.154966 -0.183798 0.498000 44 57 54
-0.153987 -0.184167 0.499000 44 57 54
-0.152697 -0.184167 0.499000 43 56 53
-0.151407 -0.184167 0.499000 44 57 54
-0.150117 -0.184167 0.499000 46 59 56
-0.149125 -0.184536 0.500000 43 58 57
-0.147832 -0.184536 0.500000 42 57 56
-0.146539 -0.184536 0.500000 40 55 54
-0.145246 -0.184536 0.500000 38 53 52
-0.143953 -0.184536 0.500000 39 52 51
-0.142660 -0.184536 0.500000 40 53 52
-0.141368 -0.184536 0.500000 43 56 53
-0.140075 -0.184536 0.500000 43 56 53
-0.138504 -0.184167 0.499000 43 56 53
-0.137214 -0.184167 0.499000 43 56 53
-0.136196 -0.184536 0.500000 43 56 53
-0.134903 -0.184536 0.500000 43 56 53
-0.133610 -0.184536 0.500000 44 57 54
-0.132582 -0.184905 0.501000 44 57 54
-0.131549 -0.185274 0.502000 44 55 55
-0.130510 -0.185644 0.503000 45 56 56
-0.115635 -0.188965 0.512000 35 52 55
-0.113208 -0.189334 0.513000 40 52 54
-0.111882 -0.189334 0.513000 39 51 53
-0.110340 -0.188965 0.512000 43 50 54
-0.109016 -0.188965 0.512000 46 53 57
-0.107692 -0.188965 0.512000 48 54 56
-0.106368 -0.188965 0.512000 46 52 54
-0.105044 -0.188965 0.512000 48 51 54
-0.103720 -0.188965 0.512000 49 52 55
-0.102397 -0.188965 0.512000 49 52 55
-0.101073 -0.188965 0.512000 50 53 56
-0.099749 -0.188965 0.512000 49 51 57
-0.098425 -0.188965 0.512000 50 52 58
-0.097101 -0.188965 0.512000 50 52 58
-0.095590 -0.188596 0.511000 46 48 54
-0.094269 -0.188596 0.511000 48 51 54
-0.092766 -0.188227 0.510000 52 55 58
-0.091268 -0.187858 0.509000 50 53 54
-0.089775 -0.187489 0.508000 48 51 52
-0.088287 -0.187120 0.507000 44 47 50
-0.086805 -0.186751 0.506000 45 48 51
-0.085496 -0.186751 0.506000 48 51 54
-0.084188 -0.186751 0.506000 48 51 54
-0.082716 -0.186382 0.505000 45 48 51
-0.081410 -0.186382 0.505000 45 48 51
-0.078799 -0.186382 0.505000 48 51 54
-0.073575 -0.186382 0.505000 43 50 56
-0.072270 -0.186382 0.505000 45 55 60
-0.070964 -0.186382 0.505000 44 54 59
-0.067047 -0.186382 0.505000 35 49 53
-0.065741 -0.186382 0.505000 35 49 53
-0.063129 -0.186382 0.505000 43 57 59
-0.061824 -0.186382 0.505000 40 57 58
-0.060518 -0.186382 0.505000 41 58 59
-0.059212 -0.186382 0.505000 35 54 56
-0.057792 -0.186013 0.504000 37 56 58
-0.056488 -0.186013 0.504000 37 56 58
-0.055185 -0.186013 0.504000 35 54 56
-0.053882 -0.186013 0.504000 34 53 55
-0.052579 -0.186013 0.504000 35 54 56
-0.051276 -0.186013 0.504000 36 53 56
-0.049973 -0.186013 0.504000 36 53 56
-0.048669 -0.186013 0.504000 34 51 54
-0.047460 -0.186382 0.505000 34 51 54
-0.046154 -0.186382 0.505000 35 49 51
-0.044849 -0.186382 0.505000 36 50 52
-0.043543 -0.186382 0.505000 37 51 53
-0.042237 -0.186382 0.505000 35 49 51
-0.040931 -0.186382 0.505000 35 49 53
-0.039704 -0.186751 0.506000 34 48 52
-0.038320 -0.186382 0.505000 33 50 53
-0.037014 -0.186382 0.505000 33 50 53
-0.035708 -0.186382 0.505000 33 50 53
-0.034402 -0.186382 0.505000 31 48 51
-0.033031 -0.186013 0.504000 32 49 52
-0.031728 -0.186013 0.504000 32 49 52
-0.030425 -0.186013 0.504000 34 49 48
-0.029122 -0.186013 0.504000 33 48 47
-0.027818 -0.186013 0.504000 34 49 48
-0.026463 -0.185644 0.503000 31 46 45
-0.025162 -0.185644 0.503000 34 49 48
-0.023861 -0.185644 0.503000 34 49 48
-0.022561 -0.185644 0.503000 35 50 49
-0.021260 -0.185644 0.503000 33 48 47
-0.019960 -0.185644 0.503000 34 49 48
-0.018659 -0.185644 0.503000 35 50 49
-0.017358 -0.185644 0.503000 36 51 50
-0.016026 -0.185274 0.502000 38 53 52
-0.014728 -0.185274 0.502000 35 52 53
-0.013430 -0.185274 0.502000 35 52 53
-0.012132 -0.185274 0.502000 35 52 53
-0.010834 -0.185274 0.502000 33 50 51
-0.009536 -0.185274 0.502000 32 49 50
-0.008254 -0.185644 0.503000 34 51 52
-0.006954 -0.185644 0.503000 34 51 52
-0.005653 -0.185644 0.503000 34 51 52
-0.004361 -0.186013 0.504000 32 50 48
-0.003058 -0.186013 0.504000 34 52 50
-0.001751 -0.185644 0.503000 32 52 49
-0.000449 -0.184905 0.501000 33 53 50
0.000845 -0.184536 0.500000 34 54 51
0.002133 -0.184167 0.499000 32 52 49
0.003424 -0.184167 0.499000 33 51 49
0.004704 -0.183798 0.498000 34 52 50
0.005992 -0.183798 0.498000 33 51 49
0.007280 -0.183798 0.498000 33 51 49
0.008550 -0.183429 0.497000 36 51 50
0.009835 -0.183429 0.497000 37 52 51
0.011143 -0.183798 0.498000 38 53 52
0.012430 -0.183798 0.498000 37 52 51
0.013718 -0.183798 0.498000 39 49 52
0.015006 -0.183798 0.498000 39 49 52
0.016293 -0.183798 0.498000 37 49 51
0.017616 -0.184167 0.499000 38 50 52
0.020359 -0.185644 0.503000 30 45 44
0.021746 -0.186382 0.505000 28 41 36
0.023051 -0.186382 0.505000 29 42 37
0.024405 -0.186751 0.506000 37 43 43
0.025714 -0.186751 0.506000 41 47 47
0.027075 -0.187120 0.507000 42 48 50
0.028442 -0.187489 0.508000 47 53 55
0.029814 -0.187858 0.509000 48 59 59
0.031253 -0.188596 0.511000 58 69 69
0.032638 -0.188965 0.512000 61 73 65
0.033962 -0.188965 0.512000 72 84 76
0.035355 -0.189334 0.513000 91 100 91
0.036824 -0.190072 0.515000 112 121 112
0.135074 -0.191549 0.519000 123 134 134
0.136416 -0.191549 0.519000 124 135 135
0.137758 -0.191549 0.519000 100 112 116
0.139100 -0.191549 0.519000 43 55 59
0.140442 -0.191549 0.519000 26 39 50
0.141784 -0.191549 0.519000 24 37 48
0.143125 -0.191549 0.519000 27 43 51
0.144467 -0.191549 0.519000 29 45 53
0.145809 -0.191549 0.519000 29 43 47
0.147151 -0.191549 0.519000 29 43 47
0.148493 -0.191549 0.519000 48 56 57
0.150124 -0.191918 0.520000 95 103 104
0.157887 -0.191549 0.519000 149 156 150
0.158002 -0.190072 0.515000 126 129 128
0.158715 -0.189334 0.513000 85 88 87
0.161053 -0.188965 0.512000 48 55 49
0.162060 -0.188596 0.511000 55 61 59
0.163381 -0.188596 0.511000 57 63 61
0.164380 -0.188227 0.510000 62 70 67
0.165049 -0.187489 0.508000 66 74 71
0.166362 -0.187489 0.508000 65 76 72
0.167346 -0.187120 0.507000 61 72 68
0.168657 -0.187120 0.507000 58 73 72
0.169968 -0.187120 0.507000 52 67 66
0.170941 -0.186751 0.506000 50 65 64
0.172249 -0.186751 0.506000 49 64 63
0.173901 -0.187120 0.507000 49 64 61
0.175212 -0.187120 0.507000 52 67 64
0.176871 -0.187489 0.508000 49 67 63
0.178535 -0.187858 0.509000 48 66 62
0.180204 -0.188227 0.510000 40 59 61
0.181879 -0.188596 0.511000 35 54 56
0.183559 -0.188965 0.512000 35 54 58
0.185244 -0.189334 0.513000 28 47 51
0.186934 -0.189703 0.514000 28 44 52
0.188629 -0.190072 0.515000 32 48 56
0.190699 -0.190811 0.517000 45 59 65
0.194120 -0.191549 0.519000 100 114 118
0.195462 -0.191549 0.519000 130 144 148
0.197183 -0.191918 0.520000 138 148 151
0.274262 -0.194132 0.526000 112 123 123
0.275622 -0.194132 0.526000 89 101 105
0.275929 -0.193394 0.524000 87 99 103
0.276755 -0.193025 0.523000 72 85 94
0.278107 -0.193025 0.523000 55 68 77
0.279460 -0.193025 0.523000 52 66 72
0.280275 -0.192656 0.522000 55 69 75
0.282164 -0.193025 0.523000 68 80 84
0.283517 -0.193025 0.523000 76 88 92
0.284869 -0.193025 0.523000 68 80 84
0.286768 -0.193394 0.524000 61 73 77
0.288673 -0.193763 0.525000 57 69 73
0.291943 -0.194132 0.526000 69 80 76
-0.227602 -0.183975 0.502000 69 77 74
-0.225853 -0.183608 0.501000 56 64 61
-0.225006 -0.183975 0.502000 36 49 46
-0.223708 -0.183975 0.502000 44 57 54
-0.222853 -0.184341 0.503000 47 65 61
-0.221993 -0.184708 0.504000 50 68 64
-0.220689 -0.184708 0.504000 48 68 63
-0.219821 -0.185074 0.505000 42 62 57
-0.218516 -0.185074 0.505000 40 54 58
-0.217640 -0.185441 0.506000 49 63 67
-0.216332 -0.185441 0.506000 125 133 134
-0.189789 -0.185074 0.505000 101 105 100
-0.188110 -0.184708 0.504000 87 91 86
-0.186807 -0.184708 0.504000 66 74 71
-0.185503 -0.184708 0.504000 56 64 61
-0.183835 -0.184341 0.503000 44 55 53
-0.182171 -0.183975 0.502000 39 50 48
-0.180513 -0.183608 0.501000 39 50 50
-0.178860 -0.183242 0.500000 41 52 52
-0.177567 -0.183242 0.500000 43 53 56
-0.175922 -0.182875 0.499000 41 51 54
-0.174281 -0.182509 0.498000 44 54 57
-0.172994 -0.182509 0.498000 44 54 57
-0.171361 -0.182142 0.497000 46 56 61
-0.170076 -0.182142 0.497000 46 56 61
-0.168791 -0.182142 0.497000 45 55 60
-0.167506 -0.182142 0.497000 45 55 60
-0.165887 -0.181776 0.496000 45 57 61
-0.164604 -0.181776 0.496000 45 57 61
-0.163651 -0.182142 0.497000 43 57 59
-0.162366 -0.182142 0.497000 43 57 59
-0.161081 -0.182142 0.497000 41 55 57
-0.160117 -0.182509 0.498000 41 55 57
-0.158829 -0.182509 0.498000 41 55 57
-0.157542 -0.182509 0.498000 41 55 57
-0.156568 -0.182875 0.499000 41 56 55
-0.155278 -0.182875 0.499000 42 57 56
-0.153987 -0.182875 0.499000 41 56 53
-0.153003 -0.183242 0.500000 38 53 50
-0.152014 -0.183608 0.501000 37 52 49
-0.150718 -0.183608 0.501000 41 56 53
-0.149423 -0.183608 0.501000 43 58 57
-0.148127 -0.183608 0.501000 41 56 55
-0.146832 -0.183608 0.501000 40 54 56
-0.145537 -0.183608 0.501000 40 54 56
-0.144241 -0.183608 0.501000 42 54 58
-0.142946 -0.183608 0.501000 43 55 59
-0.141650 -0.183608 0.501000 43 55 59
-0.140355 -0.183608 0.501000 43 55 59
-0.139059 -0.183608 0.501000 45 57 59
-0.137764 -0.183608 0.501000 45 57 59
-0.136469 -0.183608 0.501000 42 54 56
-0.135443 -0.183975 0.502000 44 56 58
-0.134145 -0.183975 0.502000 46 53 57
-0.133112 -0.184341 0.503000 45 52 56
-0.132073 -0.184708 0.504000 45 52 56
-0.131029 -0.185074 0.505000 47 54 58
-0.129724 -0.185074 0.505000 47 54 60
-0.128672 -0.185441 0.506000 47 54 60
-0.127364 -0.185441 0.506000 42 54 58
-0.126304 -0.185807 0.507000 39 51 55
-0.125487 -0.186540 0.509000 38 52 56
-0.124170 -0.186540 0.509000 42 56 60
-0.123096 -0.186907 0.510000 39 56 59
-0.121777 -0.186907 0.510000 43 60 63
-0.120695 -0.187273 0.511000 45 64 66
-0.119373 -0.187273 0.511000 51 70 72
-0.118283 -0.187640 0.512000 59 78 80
-0.116959 -0.187640 0.512000 66 85 87
-0.115635 -0.187640 0.512000 81 95 97
-0.114311 -0.187640 0.512000 83 97 99
-0.111882 -0.188006 0.513000 97 110 109
-0.110340 -0.187640 0.512000 104 112 111
-0.109016 -0.187640 0.512000 106 114 113
-0.107692 -0.187640 0.512000 112 118 118
-0.106368 -0.187640 0.512000 114 120 120
-0.105044 -0.187640 0.512000 117 120 121
-0.103720 -0.187640 0.512000 117 120 121
-0.102397 -0.187640 0.512000 117 120 121
-0.101073 -0.187640 0.512000 117 120 121
-0.099749 -0.187640 0.512000 115 118 119
-0.098425 -0.187640 0.512000 117 120 121
-0.097101 -0.187640 0.512000 122 125 126
-0.095777 -0.187640 0.512000 121 124 125
-0.094453 -0.187640 0.512000 116 119 120
-0.092948 -0.187273 0.511000 116 119 120
-0.091626 -0.187273 0.511000 121 121 121
-0.090305 -0.187273 0.511000 121 121 121
-0.088635 -0.186540 0.509000 119 119 119
-0.087148 -0.186174 0.508000 121 121 121
-0.085834 -0.186174 0.508000 119 119 119
-0.084354 -0.185807 0.507000 122 122 122
-0.083043 -0.185807 0.507000 118 118 118
-0.081733 -0.185807 0.507000 116 116 116
-0.080263 -0.185441 0.506000 113 116 115
-0.078955 -0.185441 0.506000 109 112 111
-0.077646 -0.185441 0.506000 103 109 109
-0.076338 -0.185441 0.506000 99 105 105
-0.075030 -0.185441 0.506000 96 103 107
-0.073721 -0.185441 0.506000 90 97 101
-0.072413 -0.185441 0.506000 77 87 92
-0.071104 -0.185441 0.506000 76 86 91
-0.069796 -0.185441 0.506000 73 85 89
-0.068623 -0.185807 0.507000 66 78 82
-0.067179 -0.185441 0.506000 66 80 84
-0.065871 -0.185441 0.506000 61 75 79
-0.064563 -0.185441 0.506000 50 67 70
-0.063254 -0.185441 0.506000 45 62 65
-0.061946 -0.185441 0.506000 40 57 60
-0.060638 -0.185441 0.506000 40 57 60
-0.059212 -0.185074 0.505000 36 58 59
-0.057906 -0.185074 0.505000 36 58 59
-0.056601 -0.185074 0.505000 35 57 58
-0.055295 -0.185074 0.505000 33 55 56
-0.053989 -0.185074 0.505000 34 53 55
-0.051377 -0.185074 0.505000 36 50 54
-0.048862 -0.185441 0.506000 38 48 53
-0.047554 -0.185441 0.506000 38 48 53
-0.044937 -0.185441 0.506000 41 48 52
-0.043629 -0.185441 0.506000 41 46 51
-0.042321 -0.185441 0.506000 40 45 50
-0.041012 -0.185441 0.506000 39 44 49
-0.039704 -0.185441 0.506000 37 42 47
-0.038472 -0.185807 0.507000 36 50 56
-0.037087 -0.185441 0.506000 34 48 54
-0.035779 -0.185441 0.506000 33 50 55
-0.034471 -0.185441 0.506000 36 53 58
-0.033162 -0.185441 0.506000 36 53 58
-0.031791 -0.185074 0.505000 34 51 56
-0.030485 -0.185074 0.505000 34 51 56
-0.029179 -0.185074 0.505000 33 50 55
-0.027874 -0.185074 0.505000 33 50 53
-0.026568 -0.185074 0.505000 31 48 51
-0.025262 -0.185074 0.505000 32 49 52
-0.023956 -0.185074 0.505000 31 48 51
-0.022651 -0.185074 0.505000 31 45 49
-0.021345 -0.185074 0.505000 31 45 49
-0.019999 -0.184708 0.504000 33 47 51
-0.018696 -0.184708 0.504000 34 48 52
-0.017393 -0.184708 0.504000 34 48 52
-0.016090 -0.184708 0.504000 34 48 52
-0.014787 -0.184708 0.504000 34 51 54
-0.013483 -0.184708 0.504000 31 48 51
-0.012180 -0.184708 0.504000 32 49 50
-0.010877 -0.184708 0.504000 31 48 49
-0.009574 -0.184708 0.504000 33 47 49
-0.008271 -0.184708 0.504000 35 49 51
-0.006967 -0.184708 0.504000 36 50 52
-0.005664 -0.184708 0.504000 35 49 51
-0.004361 -0.184708 0.504000 30 49 49
-0.003058 -0.184708 0.504000 30 49 49
-0.001755 -0.184708 0.504000 30 49 49
-0.000451 -0.184341 0.503000 30 49 49
0.000847 -0.183608 0.501000 31 51 48
0.002138 -0.183242 0.500000 32 52 49
0.003424 -0.182875 0.499000 30 50 47
0.004714 -0.182875 0.499000 28 48 45
0.005992 -0.182509 0.498000 31 51 48
0.007280 -0.182509 0.498000 31 51 48
0.008567 -0.182509 0.498000 32 52 49
0.009855 -0.182509 0.498000 32 52 49
0.011143 -0.182509 0.498000 34 51 52
0.012430 -0.182509 0.498000 35 52 53
0.013718 -0.182509 0.498000 36 50 52
0.015006 -0.182509 0.498000 33 47 49
0.016326 -0.182875 0.499000 31 48 49
0.017616 -0.182875 0.499000 32 49 50
0.018945 -0.183242 0.500000 31 48 49
0.020278 -0.183608 0.501000 29 46 47
0.021659 -0.184341 0.503000 31 49 47
0.024309 -0.184708 0.504000 35 50 47
0.025612 -0.184708 0.504000 35 50 47
0.026969 -0.185074 0.505000 35 47 49
0.028274 -0.185074 0.505000 33 45 47
0.029639 -0.185441 0.506000 36 48 50
0.031008 -0.185807 0.507000 36 48 50
0.032383 -0.186174 0.508000 32 45 42
0.035286 -0.187640 0.512000 33 47 38
0.036610 -0.187640 0.512000 32 46 37
0.038082 -0.188372 0.514000 33 45 35
0.039564 -0.189105 0.516000 34 46 36
0.042314 -0.189472 0.517000 51 63 53
0.043820 -0.190205 0.519000 60 73 70
0.045162 -0.190205 0.519000 68 81 78
0.136416 -0.190205 0.519000 115 126 124
0.137758 -0.190205 0.519000 123 133 136
0.139100 -0.190205 0.519000 117 127 130
0.140442 -0.190205 0.519000 69 81 87
0.141510 -0.189838 0.518000 29 41 47
0.142574 -0.189472 0.517000 21 37 47
0.143632 -0.189105 0.516000 25 41 51
0.144686 -0.188739 0.515000 25 41 51
0.146301 -0.189105 0.516000 22 38 48
0.147349 -0.188739 0.515000 31 41 48
0.148969 -0.189105 0.516000 36 46 53
0.150303 -0.189105 0.516000 71 77 79
0.151638 -0.189105 0.516000 119 125 127
0.152379 -0.188372 0.514000 142 145 146
0.153708 -0.188372 0.514000 114 117 118
0.155758 -0.187640 0.512000 56 62 62
0.156775 -0.187273 0.511000 50 53 54
0.158481 -0.186174 0.508000 56 62 60
0.159480 -0.185807 0.507000 60 66 64
0.160474 -0.185441 0.506000 63 71 68
0.161782 -0.185441 0.506000 68 76 73
0.163091 -0.185441 0.506000 66 77 73
0.164074 -0.185074 0.505000 60 71 67
0.165380 -0.185074 0.505000 54 69 68
0.166686 -0.185074 0.505000 51 66 65
0.167992 -0.185074 0.505000 44 58 60
0.169633 -0.185441 0.506000 48 62 64
0.170941 -0.185441 0.506000 49 66 67
0.172249 -0.185441 0.506000 52 69 70
0.173901 -0.185807 0.507000 47 64 65
0.175557 -0.186174 0.508000 40 57 58
0.177219 -0.186540 0.509000 32 51 53
0.178886 -0.186907 0.510000 28 47 49
0.180558 -0.187273 0.511000 30 49 51
0.182235 -0.187640 0.512000 28 47 49
0.183917 -0.188006 0.513000 33 46 55
0.185605 -0.188372 0.514000 43 56 65
0.187661 -0.189105 0.516000 63 77 83
0.189362 -0.189472 0.517000 98 112 118
0.272902 -0.192770 0.526000 126 137 137
0.274262 -0.192770 0.526000 108 119 119
0.274574 -0.192037 0.524000 82 94 98
0.275403 -0.191671 0.523000 65 77 81
0.276755 -0.191671 0.523000 52 66 72
0.277576 -0.191304 0.522000 56 70 76
0.278925 -0.191304 0.522000 58 72 78
0.280275 -0.191304 0.522000 65 79 85
0.282164 -0.191671 0.523000 73 87 91
0.283517 -0.191671 0.523000 65 79 83
0.285414 -0.192037 0.524000 57 69 75
0.287316 -0.192404 0.525000 54 66 72
0.288673 -0.192404 0.525000 51 65 69
-0.227988 -0.181947 0.500000 87 92 82
-0.226695 -0.181947 0.500000 60 71 67
-0.224557 -0.182311 0.501000 38 53 52
-0.223262 -0.182311 0.501000 43 58 57
-0.222410 -0.182675 0.502000 49 67 63
-0.221552 -0.183039 0.503000 50 68 64
-0.220689 -0.183403 0.504000 45 65 62
-0.219821 -0.183767 0.505000 40 60 57
-0.218516 -0.183767 0.505000 35 49 53
-0.217210 -0.183767 0.505000 84 98 102
-0.216332 -0.184130 0.506000 138 144 146
-0.192939 -0.183039 0.503000 99 105 103
-0.191638 -0.183039 0.503000 80 86 84
-0.189959 -0.182675 0.502000 61 67 65
-0.188661 -0.182675 0.502000 47 55 54
-0.186990 -0.182311 0.501000 43 51 50
-0.185695 -0.182311 0.501000 39 52 51
-0.184031 -0.181947 0.500000 45 58 57
-0.182738 -0.181947 0.500000 40 53 52
-0.181083 -0.181583 0.499000 42 55 54
-0.179792 -0.181583 0.499000 42 55 54
-0.178502 -0.181583 0.499000 44 57 56
-0.176857 -0.181219 0.498000 46 58 60
-0.175569 -0.181219 0.498000 43 55 57
-0.174281 -0.181219 0.498000 43 55 57
-0.172646 -0.180855 0.497000 44 56 58
-0.171361 -0.180855 0.497000 46 58 62
-0.170076 -0.180855 0.497000 47 59 63
-0.168791 -0.180855 0.497000 46 58 62
-0.167506 -0.180855 0.497000 45 57 61
-0.166221 -0.180855 0.497000 42 56 60
-0.164936 -0.180855 0.497000 40 54 58
-0.163651 -0.180855 0.497000 39 56 57
-0.162692 -0.181219 0.498000 36 53 54
-0.161405 -0.181219 0.498000 39 56 57
-0.160117 -0.181219 0.498000 39 56 57
-0.159148 -0.181583 0.499000 41 55 57
-0.157858 -0.181583 0.499000 41 55 57
-0.156882 -0.181947 0.500000 42 56 58
-0.155900 -0.182311 0.501000 43 57 59
-0.154604 -0.182311 0.501000 42 57 56
-0.153615 -0.182675 0.502000 40 55 54
-0.152620 -0.183039 0.503000 41 55 57
-0.151320 -0.183039 0.503000 42 56 58
-0.150019 -0.183039 0.503000 45 59 63
-0.148719 -0.183039 0.503000 43 57 61
-0.147418 -0.183039 0.503000 41 55 61
-0.146408 -0.183403 0.504000 37 51 57
-0.145105 -0.183403 0.504000 43 53 60
-0.143802 -0.183403 0.504000 43 53 60
-0.142498 -0.183403 0.504000 42 54 58
-0.141195 -0.183403 0.504000 38 50 54
-0.139892 -0.183403 0.504000 37 51 55
-0.138589 -0.183403 0.504000 43 57 61
-0.137286 -0.183403 0.504000 50 64 68
-0.135983 -0.183403 0.504000 57 71 75
-0.134947 -0.183767 0.505000 68 78 81
-0.133641 -0.183767 0.505000 74 84 87
-0.132335 -0.183767 0.505000 82 89 93
-0.131029 -0.183767 0.505000 90 97 101
-0.129980 -0.184130 0.506000 99 105 107
-0.128926 -0.184494 0.507000 104 110 112
-0.127615 -0.184494 0.507000 108 118 121
-0.126554 -0.184858 0.508000 118 128 131
-0.125487 -0.185222 0.509000 126 136 139
-0.124414 -0.185586 0.510000 130 140 143
-0.123096 -0.185586 0.510000 130 145 144
-0.122016 -0.185950 0.511000 134 149 148
-0.120695 -0.185950 0.511000 134 148 150
-0.119373 -0.185950 0.511000 134 148 150
-0.118283 -0.186314 0.512000 133 150 151
-0.116959 -0.186314 0.512000 134 151 152
-0.115635 -0.186314 0.512000 137 150 149
-0.114311 -0.186314 0.512000 137 150 149
-0.106368 -0.186314 0.512000 140 146 146
-0.105044 -0.186314 0.512000 141 147 147
-0.103720 -0.186314 0.512000 141 147 147
-0.091806 -0.186314 0.512000 142 145 144
-0.090482 -0.186314 0.512000 142 145 144
-0.088984 -0.185950 0.511000 143 143 143
-0.087662 -0.185950 0.511000 145 145 145
-0.086341 -0.185950 0.511000 143 143 143
-0.084854 -0.185586 0.510000 143 143 143
-0.083535 -0.185586 0.510000 141 144 143
-0.082216 -0.185586 0.510000 141 144 143
-0.080897 -0.185586 0.510000 142 145 144
-0.079579 -0.185586 0.510000 144 147 146
-0.078107 -0.185222 0.509000 144 147 146
-0.076790 -0.185222 0.509000 143 146 145
-0.075474 -0.185222 0.509000 139 147 146
-0.074304 -0.185586 0.510000 140 148 147
-0.072842 -0.185222 0.509000 137 148 148
-0.071667 -0.185586 0.510000 137 148 148
-0.070210 -0.185222 0.509000 136 149 148
-0.068894 -0.185222 0.509000 137 150 149
-0.067578 -0.185222 0.509000 138 150 152
-0.066262 -0.185222 0.509000 136 148 150
-0.064945 -0.185222 0.509000 133 147 149
-0.063504 -0.184858 0.508000 134 148 150
-0.062191 -0.184858 0.508000 132 146 148
-0.060877 -0.184858 0.508000 132 146 148
-0.059447 -0.184494 0.507000 132 147 146
-0.058136 -0.184494 0.507000 129 144 143
-0.056713 -0.184130 0.506000 124 142 140
-0.055404 -0.184130 0.506000 117 135 133
-0.054096 -0.184130 0.506000 113 128 127
-0.052788 -0.184130 0.506000 109 124 123
-0.051581 -0.184494 0.507000 107 118 118
-0.050270 -0.184494 0.507000 100 111 111
-0.048959 -0.184494 0.507000 99 105 107
-0.047648 -0.184494 0.507000 97 103 105
-0.046337 -0.184494 0.507000 93 93 95
-0.045026 -0.184494 0.507000 87 87 89
-0.043801 -0.184858 0.508000 84 84 86
-0.042488 -0.184858 0.508000 81 81 83
-0.041174 -0.184858 0.508000 72 78 80
-0.039861 -0.184858 0.508000 63 69 71
-0.038547 -0.184858 0.508000 53 65 67
-0.037234 -0.184858 0.508000 46 58 60
-0.035920 -0.184858 0.508000 38 52 58
-0.034539 -0.184494 0.507000 38 52 58
-0.033228 -0.184494 0.507000 31 47 55
-0.031854 -0.184130 0.506000 29 45 53
-0.027929 -0.184130 0.506000 29 46 51
-0.026620 -0.184130 0.506000 29 46 51
-0.025312 -0.184130 0.506000 29 43 47
-0.024004 -0.184130 0.506000 31 45 49
-0.022695 -0.184130 0.506000 36 48 54
-0.021387 -0.184130 0.506000 37 49 55
-0.020079 -0.184130 0.506000 36 48 54
-0.018733 -0.183767 0.505000 36 48 54
-0.017427 -0.183767 0.505000 36 50 56
-0.016122 -0.183767 0.505000 33 47 53
-0.014816 -0.183767 0.505000 34 50 58
-0.013510 -0.183767 0.505000 31 47 55
-0.012204 -0.183767 0.505000 32 49 54
-0.010899 -0.183767 0.505000 31 48 53
-0.009593 -0.183767 0.505000 30 44 48
-0.008287 -0.183767 0.505000 33 47 51
-0.006981 -0.183767 0.505000 34 48 52
-0.005676 -0.183767 0.505000 35 49 53
-0.004370 -0.183767 0.505000 32 49 52
-0.003064 -0.183767 0.505000 31 48 51
-0.001758 -0.183767 0.505000 28 47 49
-0.000452 -0.183403 0.504000 27 46 48
0.000852 -0.183403 0.504000 28 47 47
0.002151 -0.183039 0.503000 28 47 47
0.003437 -0.182311 0.501000 27 47 44
0.004723 -0.181947 0.500000 27 47 44
0.006004 -0.181583 0.499000 28 48 45
0.007294 -0.181583 0.499000 27 47 44
0.008585 -0.181583 0.499000 27 47 44
0.009855 -0.181219 0.498000 28 48 45
0.011143 -0.181219 0.498000 30 49 49
0.012430 -0.181219 0.498000 27 46 46
0.013718 -0.181219 0.498000 31 48 49
0.015006 -0.181219 0.498000 31 48 49
0.016293 -0.181219 0.498000 32 49 50
0.017616 -0.181583 0.499000 29 46 47
0.018907 -0.181583 0.499000 27 46 46
0.020237 -0.181947 0.500000 27 46 46
0.021530 -0.181947 0.500000 28 48 45
0.022869 -0.182311 0.501000 28 48 45
0.024212 -0.182675 0.502000 32 50 48
0.025561 -0.183039 0.503000 29 47 45
0.028218 -0.183403 0.504000 30 45 44
0.029522 -0.183403 0.504000 34 48 50
0.030886 -0.183767 0.505000 34 48 50
0.032255 -0.184130 0.506000 33 48 47
0.033630 -0.184494 0.507000 31 46 45
0.035079 -0.185222 0.509000 30 45 42
0.036538 -0.185950 0.511000 28 43 40
0.037933 -0.186314 0.512000 29 44 39
0.039334 -0.186678 0.513000 30 45 40
0.040740 -0.187042 0.514000 29 45 36
0.044988 -0.188133 0.517000 28 43 40
0.052496 -0.186314 0.512000 58 61 60
0.136678 -0.189225 0.520000 109 120 120
0.137758 -0.188861 0.519000 113 121 122
0.138832 -0.188497 0.518000 123 131 132
0.139630 -0.187769 0.516000 124 131 137
0.139871 -0.186314 0.512000 98 105 111
0.141195 -0.186314 0.512000 43 55 61
0.142241 -0.185950 0.511000 22 34 40
0.143562 -0.185950 0.511000 24 40 50
0.144883 -0.185950 0.511000 24 40 50
0.146204 -0.185950 0.511000 29 39 46
0.147526 -0.185950 0.511000 38 48 55
0.148847 -0.185950 0.511000 49 54 61
0.149874 -0.185586 0.510000 63 68 75
0.151193 -0.185586 0.510000 54 59 64
0.152213 -0.185222 0.509000 47 52 57
0.154237 -0.184494 0.507000 54 60 62
0.155241 -0.184130 0.506000 61 67 67
0.156549 -0.184130 0.506000 63 69 69
0.157545 -0.183767 0.505000 65 71 69
0.158851 -0.183767 0.505000 68 74 72
0.160157 -0.183767 0.505000 60 71 67
0.161143 -0.183403 0.504000 55 66 62
0.164074 -0.183767 0.505000 50 65 64
0.165380 -0.183767 0.505000 51 65 67
0.166686 -0.183767 0.505000 55 69 71
0.167992 -0.183767 0.505000 52 66 70
0.169633 -0.184130 0.506000 49 63 67
0.170941 -0.184130 0.506000 40 54 60
0.172590 -0.184494 0.507000 35 49 55
0.174587 -0.185222 0.509000 36 50 56
0.176248 -0.185586 0.510000 30 44 50
0.177915 -0.185950 0.511000 20 37 42
0.179587 -0.186314 0.512000 22 39 44
0.180911 -0.186314 0.512000 33 50 53
0.182591 -0.186678 0.513000 56 73 76
0.184276 -0.187042 0.514000 87 101 105
0.186327 -0.187769 0.516000 118 132 136
0.271542 -0.191408 0.526000 131 139 138
0.271865 -0.190681 0.524000 120 133 132
0.272698 -0.190317 0.523000 85 98 97
0.274050 -0.190317 0.523000 55 69 75
0.274876 -0.189953 0.522000 56 70 76
0.276226 -0.189953 0.522000 57 70 79
0.277576 -0.189953 0.522000 66 79 88
0.278925 -0.189953 0.522000 71 85 91
0.280275 -0.189953 0.522000 69 83 89
0.282164 -0.190317 0.523000 63 77 83
0.283517 -0.190317 0.523000 56 70 76
0.285414 -0.190681 0.524000 55 68 77
0.287316 -0.191044 0.525000 54 67 76
-0.227532 -0.180291 0.499000 75 82 74
-0.226242 -0.180291 0.499000 50 65 64
-0.225402 -0.180652 0.500000 37 52 51
-0.224109 -0.180652 0.500000 38 55 58
-0.221967 -0.181014 0.501000 47 66 66
-0.221112 -0.181375 0.502000 46 65 65
-0.220252 -0.181736 0.503000 40 59 59
-0.219386 -0.182098 0.504000 37 56 56
-0.218083 -0.182098 0.504000 54 64 67
-0.217210 -0.182459 0.505000 129 139 142
-0.195667 -0.180652 0.500000 98 106 105
-0.194374 -0.180652 0.500000 79 87 86
-0.193081 -0.180652 0.500000 56 64 63
-0.191788 -0.180652 0.500000 42 50 49
-0.190114 -0.180291 0.499000 41 49 50
-0.188824 -0.180291 0.499000 39 47 48
-0.187534 -0.180291 0.499000 42 49 53
-0.186244 -0.180291 0.499000 43 50 54
-0.184953 -0.180291 0.499000 40 54 56
-0.183663 -0.180291 0.499000 40 54 56
-0.182373 -0.180291 0.499000 41 56 55
-0.180720 -0.179930 0.498000 42 57 56
-0.179432 -0.179930 0.498000 44 57 56
-0.178144 -0.179930 0.498000 45 58 57
-0.176857 -0.179930 0.498000 47 60 59
-0.175569 -0.179930 0.498000 45 58 57
-0.174281 -0.179930 0.498000 42 57 56
-0.172646 -0.179569 0.497000 41 56 55
-0.171706 -0.179930 0.498000 42 56 58
-0.170418 -0.179930 0.498000 41 55 57
-0.169131 -0.179930 0.498000 40 54 56
-0.167843 -0.179930 0.498000 41 55 57
-0.166555 -0.179930 0.498000 35 52 55
-0.165268 -0.179930 0.498000 34 51 54
-0.163980 -0.179930 0.498000 36 53 58
-0.163019 -0.180291 0.499000 38 55 60
-0.161729 -0.180291 0.499000 38 55 60
-0.160439 -0.180291 0.499000 40 57 62
-0.159467 -0.180652 0.500000 41 58 63
-0.158491 -0.181014 0.501000 40 57 62
-0.157509 -0.181375 0.502000 41 55 61
-0.156522 -0.181736 0.503000 40 54 60
-0.155222 -0.181736 0.503000 36 50 56
-0.154227 -0.182098 0.504000 35 49 55
-0.152924 -0.182098 0.504000 34 51 56
-0.151621 -0.182098 0.504000 36 53 58
-0.150616 -0.182459 0.505000 39 56 61
-0.149310 -0.182459 0.505000 41 58 63
-0.148004 -0.182459 0.505000 49 61 67
-0.146698 -0.182459 0.505000 58 70 76
-0.145393 -0.182459 0.505000 69 76 82
-0.144087 -0.182459 0.505000 82 89 95
-0.142781 -0.182459 0.505000 95 105 108
-0.141475 -0.182459 0.505000 111 121 124
-0.140170 -0.182459 0.505000 118 131 130
-0.138864 -0.182459 0.505000 127 140 139
-0.137558 -0.182459 0.505000 130 143 142
-0.136252 -0.182459 0.505000 132 145 144
-0.135214 -0.182820 0.506000 136 147 147
-0.133905 -0.182820 0.506000 140 151 151
-0.132859 -0.183182 0.507000 141 149 148
-0.131548 -0.183182 0.507000 140 148 147
-0.130494 -0.183543 0.508000 140 148 147
-0.129181 -0.183543 0.508000 142 150 149
-0.128119 -0.183904 0.509000 142 150 149
-0.127052 -0.184266 0.510000 134 142 141
-0.040096 -0.184627 0.511000 141 144 143
-0.038775 -0.184627 0.511000 135 143 142
-0.037454 -0.184627 0.511000 133 141 140
-0.036062 -0.184266 0.510000 126 136 139
-0.034811 -0.184627 0.511000 122 132 135
-0.033359 -0.183904 0.509000 121 133 135
-0.032043 -0.183904 0.509000 111 123 125
-0.030666 -0.183543 0.508000 102 114 118
-0.029353 -0.183543 0.508000 92 104 108
-0.028039 -0.183543 0.508000 86 96 99
-0.026726 -0.183543 0.508000 77 87 90
-0.025362 -0.183182 0.507000 69 76 80
-0.024099 -0.183543 0.508000 61 68 72
-0.022740 -0.183182 0.507000 59 61 67
-0.021429 -0.183182 0.507000 55 57 63
-0.020118 -0.183182 0.507000 43 50 58
-0.018807 -0.183182 0.507000 40 47 55
-0.017496 -0.183182 0.507000 34 48 54
-0.016186 -0.183182 0.507000 30 44 50
-0.005687 -0.182820 0.506000 38 48 55
-0.004378 -0.182820 0.506000 34 48 54
-0.003070 -0.182820 0.506000 33 47 53
-0.001758 -0.182459 0.505000 31 48 53
-0.000452 -0.182459 0.505000 31 48 53
0.000853 -0.182459 0.505000 28 47 51
0.002159 -0.182459 0.505000 28 47 51
0.003458 -0.182098 0.504000 28 47 49
0.004761 -0.182098 0.504000 25 44 46
0.006028 -0.181014 0.501000 25 44 44
0.007324 -0.181014 0.501000 25 44 44
0.008619 -0.181014 0.501000 25 44 44
0.009895 -0.180652 0.500000 27 46 46
0.011188 -0.180652 0.500000 27 46 46
0.012480 -0.180652 0.500000 25 44 44
0.013746 -0.180291 0.499000 27 47 44
0.015036 -0.180291 0.499000 27 47 44
0.016326 -0.180291 0.499000 27 45 43
0.017652 -0.180652 0.500000 26 44 42
0.018945 -0.180652 0.500000 26 46 43
0.020237 -0.180652 0.500000 26 46 43
0.021573 -0.181014 0.501000 26 46 43
0.022869 -0.181014 0.501000 27 47 44
0.024212 -0.181375 0.502000 31 49 45
0.025561 -0.181736 0.503000 31 49 45
0.026862 -0.181736 0.503000 28 46 44
0.029522 -0.182098 0.504000 31 49 47
0.030886 -0.182459 0.505000 29 47 45
0.032192 -0.182459 0.505000 29 47 45
0.033564 -0.182820 0.506000 26 44 42
0.034941 -0.183182 0.507000 29 47 43
0.036324 -0.183543 0.508000 29 47 43
0.037859 -0.184627 0.511000 27 45 41
0.039257 -0.184988 0.512000 27 45 41
0.042069 -0.185711 0.514000 29 47 41
0.044901 -0.186433 0.516000 33 48 45
0.047661 -0.186795 0.517000 29 44 41
0.053504 -0.183904 0.509000 24 37 34
0.054713 -0.183543 0.508000 25 38 35
0.055806 -0.182820 0.506000 26 41 40
0.057114 -0.182820 0.506000 26 41 40
0.058423 -0.182820 0.506000 27 42 37
0.059731 -0.182820 0.506000 31 46 41
0.061039 -0.182820 0.506000 45 54 47
0.062348 -0.182820 0.506000 53 62 55
0.063656 -0.182820 0.506000 66 70 65
0.070475 -0.183543 0.508000 139 148 141
0.138277 -0.184627 0.511000 114 122 123
0.139052 -0.183904 0.509000 119 127 128
0.139540 -0.182820 0.506000 117 122 127
0.140849 -0.182820 0.506000 65 70 75
0.142157 -0.182820 0.506000 36 45 57
0.143466 -0.182820 0.506000 41 50 62
0.144774 -0.182820 0.506000 50 59 69
0.146082 -0.182820 0.506000 57 66 76
0.148699 -0.182820 0.506000 46 56 61
0.149711 -0.182459 0.505000 50 57 61
0.151017 -0.182459 0.505000 53 60 64
0.153628 -0.182459 0.505000 67 75 74
0.154627 -0.182098 0.504000 68 76 75
0.155621 -0.181736 0.503000 68 76 75
0.156921 -0.181736 0.503000 62 70 69
0.158222 -0.181736 0.503000 57 65 64
0.159523 -0.181736 0.503000 52 65 62
0.160823 -0.181736 0.503000 51 64 61
0.162446 -0.182098 0.504000 50 65 64
0.165380 -0.182459 0.505000 54 68 72
0.166686 -0.182459 0.505000 47 61 65
0.168324 -0.182820 0.506000 30 43 54
0.169633 -0.182820 0.506000 27 40 51
0.171279 -0.183182 0.507000 31 47 57
0.173271 -0.183904 0.509000 25 41 51
0.175273 -0.184627 0.511000 23 36 45
0.176940 -0.184988 0.512000 28 41 50
0.178263 -0.184988 0.512000 53 65 69
0.179938 -0.185349 0.513000 80 92 96
0.181618 -0.185711 0.514000 122 132 135
0.183303 -0.186072 0.515000 137 147 150
0.185351 -0.186795 0.517000 142 153 153
0.269155 -0.189324 0.524000 140 148 149
0.270510 -0.189324 0.524000 127 135 136
0.271346 -0.188962 0.523000 66 78 80
0.272177 -0.188601 0.522000 51 63 65
0.273526 -0.188601 0.522000 57 71 75
0.274350 -0.188240 0.521000 59 73 77
0.275697 -0.188240 0.521000 63 80 85
0.277044 -0.188240 0.521000 70 87 92
0.278925 -0.188601 0.522000 66 80 86
0.280275 -0.188601 0.522000 57 71 77
0.282164 -0.188962 0.523000 55 69 75
0.284059 -0.189324 0.524000 54 68 74
0.285958 -0.189685 0.525000 52 65 74
-0.228822 -0.178999 0.499000 82 91 84
-0.227532 -0.178999 0.499000 62 71 64
-0.226242 -0.178999 0.499000 42 56 58
-0.224951 -0.178999 0.499000 40 54 56
-0.223661 -0.178999 0.499000 42 59 62
-0.222816 -0.179358 0.500000 50 67 70
-0.221967 -0.179717 0.501000 47 66 68
-0.220671 -0.179717 0.501000 42 61 63
-0.218951 -0.180434 0.503000 36 53 58
-0.217650 -0.180434 0.503000 88 95 99
-0.216350 -0.180434 0.503000 135 142 146
-0.199146 -0.178999 0.499000 98 104 104
-0.197856 -0.178999 0.499000 81 89 90
-0.196566 -0.178999 0.499000 60 68 69
-0.195275 -0.178999 0.499000 45 56 56
-0.193596 -0.178640 0.498000 37 48 48
-0.192309 -0.178640 0.498000 39 50 48
-0.191021 -0.178640 0.498000 40 51 49
-0.189733 -0.178640 0.498000 44 55 53
-0.188446 -0.178640 0.498000 43 54 52
-0.187158 -0.178640 0.498000 44 55 55
-0.185870 -0.178640 0.498000 44 55 55
-0.184583 -0.178640 0.498000 42 57 56
-0.183663 -0.178999 0.499000 44 59 58
-0.182007 -0.178640 0.498000 42 60 58
-0.180720 -0.178640 0.498000 41 59 57
-0.179432 -0.178640 0.498000 41 56 53
-0.178144 -0.178640 0.498000 40 55 52
-0.176857 -0.178640 0.498000 42 55 50
-0.175569 -0.178640 0.498000 42 55 50
-0.174281 -0.178640 0.498000 39 52 49
-0.172994 -0.178640 0.498000 39 52 49
-0.171706 -0.178640 0.498000 38 53 52
-0.170418 -0.178640 0.498000 38 53 52
-0.169131 -0.178640 0.498000 37 51 53
-0.167843 -0.178640 0.498000 36 50 52
-0.166555 -0.178640 0.498000 36 50 56
-0.165600 -0.178999 0.499000 38 52 58
-0.164309 -0.178999 0.499000 38 52 58
-0.163346 -0.179358 0.500000 40 54 60
-0.162053 -0.179358 0.500000 37 51 57
-0.161082 -0.179717 0.501000 41 55 61
-0.160105 -0.180075 0.502000 40 57 62
-0.159123 -0.180434 0.503000 41 58 63
-0.158137 -0.180793 0.504000 43 55 61
-0.156833 -0.180793 0.504000 46 58 64
-0.155839 -0.181151 0.505000 61 68 76
-0.154533 -0.181151 0.505000 71 78 86
-0.153227 -0.181151 0.505000 83 95 99
-0.151922 -0.181151 0.505000 94 106 110
-0.150616 -0.181151 0.505000 102 114 116
-0.149310 -0.181151 0.505000 116 128 130
-0.148004 -0.181151 0.505000 128 140 144
-0.146989 -0.181510 0.506000 135 147 151
-0.145681 -0.181510 0.506000 139 149 152
-0.144372 -0.181510 0.506000 139 149 152
-0.143064 -0.181510 0.506000 135 146 146
-0.141756 -0.181510 0.506000 136 147 147
-0.024193 -0.182945 0.510000 142 148 148
-0.022875 -0.182945 0.510000 140 146 146
-0.021556 -0.182945 0.510000 134 140 140
-0.020237 -0.182945 0.510000 128 136 137
-0.018919 -0.182945 0.510000 120 128 129
-0.017600 -0.182945 0.510000 109 121 123
-0.016281 -0.182945 0.510000 99 111 113
-0.014963 -0.182945 0.510000 90 104 110
-0.013617 -0.182586 0.509000 81 95 101
-0.012301 -0.182586 0.509000 74 86 88
-0.010985 -0.182586 0.509000 65 77 79
-0.009669 -0.182586 0.509000 57 62 67
-0.008353 -0.182586 0.509000 49 54 59
-0.007023 -0.182228 0.508000 46 48 54
-0.005709 -0.182228 0.508000 41 43 49
-0.004396 -0.182228 0.508000 32 42 47
-0.003076 -0.181869 0.507000 32 42 47
0.000855 -0.181510 0.506000 26 43 48
0.002163 -0.181510 0.506000 26 43 48
0.003465 -0.181151 0.505000 24 41 44
0.004771 -0.181151 0.505000 25 42 45
0.006076 -0.181151 0.505000 27 41 43
0.007368 -0.180793 0.504000 27 41 43
0.008671 -0.180793 0.504000 30 44 46
0.009974 -0.180793 0.504000 30 44 46
0.011255 -0.180434 0.503000 27 44 45
0.012555 -0.180434 0.503000 24 41 42
0.013828 -0.180075 0.502000 25 42 43
0.015126 -0.180075 0.502000 26 43 44
0.016424 -0.180075 0.502000 25 42 43
0.019020 -0.180075 0.502000 24 41 42
0.020318 -0.180075 0.502000 26 43 44
0.021659 -0.180434 0.503000 26 43 44
0.022960 -0.180434 0.503000 26 43 44
0.024261 -0.180434 0.503000 27 44 45
0.026915 -0.180793 0.504000 29 43 45
0.028218 -0.180793 0.504000 30 44 46
0.029522 -0.180793 0.504000 31 46 45
0.030886 -0.181151 0.505000 31 46 45
0.032192 -0.181151 0.505000 29 44 41
0.033564 -0.181510 0.506000 29 44 41
0.034872 -0.181510 0.506000 30 45 42
0.036252 -0.181869 0.507000 30 45 42
0.037711 -0.182586 0.509000 30 45 40
0.039181 -0.183304 0.511000 30 45 40
0.040502 -0.183304 0.511000 28 43 38
0.041905 -0.183662 0.512000 31 46 41
0.043313 -0.184021 0.513000 30 45 40
0.044727 -0.184380 0.514000 29 44 39
0.051983 -0.181869 0.507000 31 46 43
0.053084 -0.181151 0.505000 31 44 39
0.054390 -0.181151 0.505000 35 48 43
0.055585 -0.180793 0.504000 36 49 44
0.056776 -0.180434 0.503000 35 48 43
0.058192 -0.180793 0.504000 30 43 38
0.059495 -0.180793 0.504000 29 42 37
0.060798 -0.180793 0.504000 32 43 39
0.062101 -0.180793 0.504000 32 43 39
0.063404 -0.180793 0.504000 28 36 35
0.064836 -0.181151 0.505000 27 35 34
0.066142 -0.181151 0.505000 29 37 38
0.067447 -0.181151 0.505000 32 40 41
0.068753 -0.181151 0.505000 32 43 39
0.070198 -0.181510 0.506000 38 49 45
0.071506 -0.181510 0.506000 54 63 56
0.072814 -0.181510 0.506000 70 79 72
0.081302 -0.182945 0.510000 138 148 136
0.141314 -0.180434 0.503000 51 60 70
0.142615 -0.180434 0.503000 51 60 70
0.144202 -0.180793 0.504000 47 57 64
0.145216 -0.180434 0.503000 48 58 65
0.146517 -0.180434 0.503000 51 61 66
0.147817 -0.180434 0.503000 51 61 66
0.149118 -0.180434 0.503000 60 67 71
0.151417 -0.180075 0.502000 64 72 73
0.152715 -0.180075 0.502000 60 68 69
0.153707 -0.179717 0.501000 53 61 62
0.156610 -0.180075 0.502000 51 61 64
0.157908 -0.180075 0.502000 52 62 65
0.159206 -0.180075 0.502000 54 66 68
0.160823 -0.180434 0.503000 53 65 67
0.162446 -0.180793 0.504000 48 62 64
0.165380 -0.181151 0.505000 36 48 52
0.166686 -0.181151 0.505000 35 47 51
0.168324 -0.181510 0.506000 33 44 53
0.170303 -0.182228 0.508000 29 40 49
0.172292 -0.182945 0.510000 24 35 44
0.174292 -0.183662 0.512000 35 46 55
0.175616 -0.183662 0.512000 72 82 85
0.177285 -0.184021 0.513000 103 113 116
0.178960 -0.184380 0.514000 134 142 141
0.180640 -0.184739 0.515000 144 152 151
0.182324 -0.185097 0.516000 140 148 147
0.267462 -0.188684 0.526000 146 152 152
0.267800 -0.187967 0.524000 127 133 133
0.268641 -0.187608 0.523000 90 98 99
0.269477 -0.187250 0.522000 63 71 72
0.270827 -0.187250 0.522000 57 69 71
0.271655 -0.186891 0.521000 60 72 74
0.273002 -0.186891 0.521000 63 77 81
0.274350 -0.186891 0.521000 65 79 83
0.275697 -0.186891 0.521000 65 82 87
0.277576 -0.187250 0.522000 62 79 84
0.278925 -0.187250 0.522000 52 69 74
0.280812 -0.187608 0.523000 56 73 78
0.282164 -0.187608 0.523000 61 75 81
0.284059 -0.187967 0.524000 52 66 72
0.285958 -0.188326 0.525000 57 67 70
-0.228363 -0.177351 0.498000 65 76 74
-0.227076 -0.177351 0.498000 59 70 68
-0.225788 -0.177351 0.498000 36 50 54
-0.224500 -0.177351 0.498000 43 57 61
-0.223661 -0.177707 0.499000 46 63 66
-0.222371 -0.177707 0.499000 52 69 72
-0.221081 -0.177707 0.499000 45 62 65
-0.220231 -0.178063 0.500000 41 58 61
-0.218938 -0.178063 0.500000 37 49 55
-0.218080 -0.178419 0.501000 60 72 78
-0.216785 -0.178419 0.501000 127 130 133
-0.215489 -0.178419 0.501000 137 140 143
-0.202203 -0.176995 0.497000 104 110 112
-0.200918 -0.176995 0.497000 79 85 87
-0.199633 -0.176995 0.497000 64 69 74
-0.198348 -0.176995 0.497000 60 65 70
-0.197063 -0.176995 0.497000 43 51 52
-0.195778 -0.176995 0.497000 38 46 47
-0.194493 -0.176995 0.497000 41 52 52
-0.193208 -0.176995 0.497000 41 52 52
-0.191923 -0.176995 0.497000 39 52 49
-0.190638 -0.176995 0.497000 40 53 50
-0.189733 -0.177351 0.498000 43 56 53
-0.188446 -0.177351 0.498000 45 58 55
-0.187158 -0.177351 0.498000 46 59 56
-0.185870 -0.177351 0.498000 46 59 56
-0.184583 -0.177351 0.498000 43 58 55
-0.183295 -0.177351 0.498000 42 57 54
-0.182007 -0.177351 0.498000 42 57 56
-0.180720 -0.177351 0.498000 40 55 54
-0.179792 -0.177707 0.499000 37 52 49
-0.178502 -0.177707 0.499000 38 53 50
-0.176857 -0.177351 0.498000 40 53 48
-0.175569 -0.177351 0.498000 38 51 46
-0.174281 -0.177351 0.498000 38 51 48
-0.172994 -0.177351 0.498000 40 53 50
-0.172051 -0.177707 0.499000 39 52 51
-0.170761 -0.177707 0.499000 42 55 54
-0.169470 -0.177707 0.499000 40 54 58
-0.168180 -0.177707 0.499000 38 52 56
-0.166890 -0.177707 0.499000 33 47 53
-0.165931 -0.178063 0.500000 37 51 57
-0.164968 -0.178419 0.501000 41 51 58
-0.163672 -0.178419 0.501000 46 56 63
-0.163025 -0.179132 0.503000 57 67 72
-0.161725 -0.179132 0.503000 67 77 82
-0.160743 -0.179488 0.504000 78 90 96
-0.159440 -0.179488 0.504000 96 108 114
-0.158450 -0.179844 0.505000 116 126 131
-0.157145 -0.179844 0.505000 129 139 144
-0.155839 -0.179844 0.505000 138 145 151
-0.154839 -0.180200 0.506000 141 148 154
-0.153531 -0.180200 0.506000 137 147 152
-0.011028 -0.181981 0.511000 139 147 144
-0.009707 -0.181981 0.511000 140 146 144
-0.008386 -0.181981 0.511000 140 146 144
-0.007064 -0.181981 0.511000 135 141 141
-0.005743 -0.181981 0.511000 128 134 134
-0.004413 -0.181625 0.510000 118 129 129
-0.003088 -0.181268 0.509000 105 116 116
-0.001772 -0.181268 0.509000 91 105 107
-0.000455 -0.180912 0.508000 79 93 95
0.000858 -0.180912 0.508000 74 86 90
0.002168 -0.180556 0.507000 65 77 81
0.003479 -0.180556 0.507000 59 66 70
0.004780 -0.180200 0.506000 47 54 58
0.006088 -0.180200 0.506000 41 47 47
0.008705 -0.180200 0.506000 35 41 41
0.009994 -0.179844 0.505000 33 39 39
0.011299 -0.179844 0.505000 25 37 39
0.012605 -0.179844 0.505000 25 37 39
0.013911 -0.179844 0.505000 26 40 44
0.015217 -0.179844 0.505000 24 38 42
0.016490 -0.179488 0.504000 25 42 43
0.017793 -0.179488 0.504000 25 42 43
0.019134 -0.179844 0.505000 27 41 43
0.020399 -0.179488 0.504000 28 42 44
0.021703 -0.179488 0.504000 28 42 44
0.023006 -0.179488 0.504000 27 41 43
0.024309 -0.179488 0.504000 24 38 40
0.025663 -0.179844 0.505000 23 37 39
0.026969 -0.179844 0.505000 23 37 39
0.028274 -0.179844 0.505000 27 41 43
0.029580 -0.179844 0.505000 27 42 41
0.030886 -0.179844 0.505000 26 41 40
0.032192 -0.179844 0.505000 27 42 39
0.033564 -0.180200 0.506000 26 41 38
0.034872 -0.180200 0.506000 28 41 36
0.036181 -0.180200 0.506000 29 42 37
0.037563 -0.180556 0.507000 29 42 37
0.039027 -0.181268 0.509000 30 43 38
0.040423 -0.181625 0.510000 27 42 37
0.041905 -0.182337 0.512000 28 43 38
0.043229 -0.182337 0.512000 29 44 39
0.044553 -0.182337 0.512000 28 43 38
0.045877 -0.182337 0.512000 27 45 41
0.047200 -0.182337 0.512000 27 45 41
0.048524 -0.182337 0.512000 28 46 44
0.049653 -0.181625 0.510000 29 47 45
0.050572 -0.180200 0.506000 28 46 42
0.051573 -0.179132 0.503000 28 46 42
0.052769 -0.178776 0.502000 29 44 39
0.053959 -0.178419 0.501000 31 46 41
0.055144 -0.178063 0.500000 33 46 41
0.056324 -0.177707 0.499000 33 46 41
0.057730 -0.178063 0.500000 28 43 38
0.059023 -0.178063 0.500000 30 45 40
0.060315 -0.178063 0.500000 30 45 42
0.061608 -0.178063 0.500000 31 46 43
0.062901 -0.178063 0.500000 31 44 41
0.064322 -0.178419 0.501000 32 45 42
0.065618 -0.178419 0.501000 36 49 48
0.067047 -0.178776 0.502000 35 48 47
0.068345 -0.178776 0.502000 33 46 43
0.069782 -0.179132 0.503000 32 45 42
0.071223 -0.179488 0.504000 30 42 34
0.072527 -0.179488 0.504000 31 43 35
0.073830 -0.179488 0.504000 34 41 35
0.075282 -0.179844 0.505000 33 40 34
0.076588 -0.179844 0.505000 30 37 31
0.077894 -0.179844 0.505000 33 40 34
0.079356 -0.180200 0.506000 31 42 38
0.080665 -0.180200 0.506000 36 47 43
0.082135 -0.180556 0.507000 42 50 49
0.083446 -0.180556 0.507000 60 68 67
0.090711 -0.181981 0.511000 128 131 130
0.136678 -0.185186 0.520000 112 120 119
0.136047 -0.177351 0.498000 57 64 70
0.137610 -0.177707 0.499000 45 51 62
0.138900 -0.177707 0.499000 45 51 62
0.140191 -0.177707 0.499000 47 56 66
0.141764 -0.178063 0.500000 50 59 69
0.143057 -0.178063 0.500000 52 62 67
0.144350 -0.178063 0.500000 55 65 70
0.145643 -0.178063 0.500000 59 69 74
0.147230 -0.178419 0.501000 62 72 77
0.148525 -0.178419 0.501000 58 68 71
0.149820 -0.178419 0.501000 55 65 68
0.151116 -0.178419 0.501000 50 60 63
0.152411 -0.178419 0.501000 51 61 64
0.153707 -0.178419 0.501000 47 59 63
0.154693 -0.178063 0.500000 49 61 65
0.156298 -0.178419 0.501000 47 61 65
0.157908 -0.178776 0.502000 44 58 62
0.159523 -0.179132 0.503000 39 51 55
0.161143 -0.179488 0.504000 32 44 48
0.164074 -0.179844 0.505000 30 42 46
0.165380 -0.179844 0.505000 29 41 47
0.167016 -0.180200 0.506000 26 38 44
0.168990 -0.180912 0.508000 31 41 48
0.170974 -0.181625 0.510000 51 61 68
0.172968 -0.182337 0.512000 89 96 104
0.174292 -0.182337 0.512000 125 132 140
0.175959 -0.182693 0.513000 139 149 152
0.177976 -0.183405 0.515000 139 149 152
0.265596 -0.186966 0.525000 121 129 128
0.265936 -0.186254 0.523000 88 96 97
0.266778 -0.185898 0.522000 57 65 66
0.267614 -0.185542 0.521000 58 69 69
0.268961 -0.185542 0.521000 64 75 75
0.270308 -0.185542 0.521000 68 81 80
0.271655 -0.185542 0.521000 69 82 81
0.273002 -0.185542 0.521000 70 84 88
0.274350 -0.185542 0.521000 66 80 84
0.275697 -0.185542 0.521000 57 74 79
0.277576 -0.185898 0.522000 57 74 79
0.279460 -0.186254 0.523000 59 76 81
0.280812 -0.186254 0.523000 60 77 82
0.282704 -0.186610 0.524000 57 67 70
0.284601 -0.186966 0.525000 64 74 77
-0.229651 -0.176062 0.498000 108 112 107
-0.227905 -0.175708 0.497000 65 78 77
-0.226620 -0.175708 0.497000 49 62 61
-0.225335 -0.175708 0.497000 41 55 57
-0.224500 -0.176062 0.498000 43 57 59
-0.223213 -0.176062 0.498000 49 63 65
-0.221925 -0.176062 0.498000 51 65 67
-0.220637 -0.176062 0.498000 47 61 63
-0.219350 -0.176062 0.498000 40 54 56
-0.218500 -0.176415 0.499000 41 48 54
-0.217210 -0.176415 0.499000 98 105 111
-0.215920 -0.176415 0.499000 136 139 142
-0.214629 -0.176415 0.499000 129 132 135
-0.206926 -0.175354 0.496000 133 141 138
-0.205229 -0.175001 0.495000 114 122 119
-0.203949 -0.175001 0.495000 79 87 84
-0.202260 -0.174647 0.494000 70 78 75
-0.200983 -0.174647 0.494000 53 59 61
-0.199705 -0.174647 0.494000 42 48 50
-0.198428 -0.174647 0.494000 43 50 54
-0.197151 -0.174647 0.494000 47 54 58
-0.195873 -0.174647 0.494000 45 53 54
-0.194596 -0.174647 0.494000 41 49 50
-0.193710 -0.175001 0.495000 44 55 53
-0.192430 -0.175001 0.495000 44 55 53
-0.191536 -0.175354 0.496000 45 58 55
-0.190638 -0.175708 0.497000 47 60 57
-0.189352 -0.175708 0.497000 49 62 57
-0.188446 -0.176062 0.498000 47 60 55
-0.187158 -0.176062 0.498000 44 57 52
-0.185870 -0.176062 0.498000 43 56 51
-0.184583 -0.176062 0.498000 40 53 48
-0.183663 -0.176415 0.499000 39 52 47
-0.182373 -0.176415 0.499000 37 50 47
-0.181083 -0.176415 0.499000 40 53 50
-0.179792 -0.176415 0.499000 43 56 53
-0.178502 -0.176415 0.499000 42 55 52
-0.177212 -0.176415 0.499000 41 52 50
-0.175922 -0.176415 0.499000 40 51 49
-0.174631 -0.176415 0.499000 40 51 49
-0.173341 -0.176415 0.499000 41 52 50
-0.172051 -0.176415 0.499000 40 51 51
-0.171103 -0.176769 0.500000 43 54 54
-0.169810 -0.176769 0.500000 43 55 59
-0.168517 -0.176769 0.500000 49 61 65
-0.167559 -0.177122 0.501000 63 75 79
-0.166595 -0.177476 0.502000 89 101 105
-0.165626 -0.177829 0.503000 111 121 126
-0.164653 -0.178183 0.504000 124 134 139
-0.163349 -0.178183 0.504000 134 141 145
-0.162368 -0.178536 0.505000 138 145 149
-0.003100 -0.180658 0.511000 134 142 141
-0.001779 -0.180658 0.511000 134 147 144
-0.000457 -0.180304 0.510000 135 148 145
0.000862 -0.180304 0.510000 136 147 145
0.002180 -0.180304 0.510000 133 144 142
0.003492 -0.179950 0.509000 134 142 139
0.004808 -0.179950 0.509000 132 140 137
0.006124 -0.179950 0.509000 128 134 132
0.007426 -0.179597 0.508000 124 130 128
0.008740 -0.179597 0.508000 110 118 119
0.010033 -0.179243 0.507000 95 103 104
0.011322 -0.178890 0.506000 69 81 83
0.013939 -0.178890 0.506000 41 55 59
0.015247 -0.178890 0.506000 34 48 52
0.016522 -0.178536 0.505000 30 41 41
0.017828 -0.178536 0.505000 29 40 40
0.019134 -0.178536 0.505000 29 37 36
0.020440 -0.178536 0.505000 29 37 36
0.021746 -0.178536 0.505000 26 37 37
0.023051 -0.178536 0.505000 27 38 38
0.024357 -0.178536 0.505000 29 41 45
0.025663 -0.178536 0.505000 29 41 45
0.026969 -0.178536 0.505000 24 38 42
0.028274 -0.178536 0.505000 24 38 42
0.029580 -0.178536 0.505000 28 40 42
0.030886 -0.178536 0.505000 25 37 39
0.032192 -0.178536 0.505000 27 38 38
0.033564 -0.178890 0.506000 25 36 36
0.034872 -0.178890 0.506000 25 36 32
0.036181 -0.178890 0.506000 25 36 32
0.037563 -0.179243 0.507000 25 37 29
0.038951 -0.179597 0.508000 25 37 29
0.040343 -0.179950 0.509000 24 38 29
0.041741 -0.180304 0.510000 24 38 29
0.043144 -0.180658 0.511000 26 42 33
0.044553 -0.181011 0.512000 27 43 34
0.045877 -0.181011 0.512000 26 41 36
0.047108 -0.180658 0.511000 27 42 37
0.049069 -0.178183 0.504000 28 46 42
0.057499 -0.176062 0.498000 31 47 38
0.058787 -0.176062 0.498000 31 47 38
0.060074 -0.176062 0.498000 31 46 41
0.061362 -0.176062 0.498000 30 45 40
0.062650 -0.176062 0.498000 30 45 42
0.063937 -0.176062 0.498000 30 45 42
0.065225 -0.176062 0.498000 30 45 42
0.066646 -0.176415 0.499000 30 45 42
0.067936 -0.176415 0.499000 30 45 40
0.069227 -0.176415 0.499000 31 46 41
0.070517 -0.176415 0.499000 33 46 41
0.071951 -0.176769 0.500000 33 46 41
0.073244 -0.176769 0.500000 33 46 41
0.074686 -0.177122 0.501000 30 43 38
0.075981 -0.177122 0.501000 31 42 38
0.077431 -0.177476 0.502000 32 43 39
0.078886 -0.177829 0.503000 33 45 37
0.080346 -0.178183 0.504000 34 46 38
0.081649 -0.178183 0.504000 36 47 43
0.083117 -0.178536 0.505000 30 41 37
0.084422 -0.178536 0.505000 33 40 34
0.085898 -0.178890 0.506000 34 41 35
0.087206 -0.178890 0.506000 39 39 39
0.088515 -0.178890 0.506000 40 40 40
0.090001 -0.179243 0.507000 37 43 43
0.091311 -0.179243 0.507000 46 52 52
0.092805 -0.179597 0.508000 52 60 59
0.094304 -0.179950 0.509000 57 65 64
0.095620 -0.179950 0.509000 65 76 72
0.098445 -0.180304 0.510000 112 116 111
0.127006 -0.172526 0.488000 117 125 124
0.130591 -0.173940 0.492000 67 75 76
0.131863 -0.173940 0.492000 47 55 56
0.133406 -0.174294 0.493000 45 52 58
0.134954 -0.174647 0.494000 47 54 60
0.136507 -0.175001 0.495000 48 55 63
0.138065 -0.175354 0.496000 48 55 63
0.139629 -0.175708 0.497000 52 59 65
0.140914 -0.175708 0.497000 61 68 74
0.142485 -0.176062 0.498000 61 71 76
0.143773 -0.176062 0.498000 60 70 75
0.145060 -0.176062 0.498000 54 66 70
0.146642 -0.176415 0.499000 53 65 69
0.147932 -0.176415 0.499000 51 63 67
0.149222 -0.176415 0.499000 49 61 65
0.150814 -0.176769 0.500000 52 64 68
0.152107 -0.176769 0.500000 54 66 70
0.153400 -0.176769 0.500000 48 62 66
0.155002 -0.177122 0.501000 42 56 60
0.156298 -0.177122 0.501000 34 48 54
0.157593 -0.177122 0.501000 28 42 48
0.159523 -0.177829 0.503000 29 43 47
0.161143 -0.178183 0.504000 26 40 44
0.164074 -0.178536 0.505000 25 37 41
0.165380 -0.178536 0.505000 41 51 56
0.171309 -0.180658 0.511000 135 145 148
0.172968 -0.181011 0.512000 142 147 152
0.174973 -0.181718 0.514000 139 144 149
0.176988 -0.182425 0.516000 134 141 145
0.261524 -0.185607 0.525000 138 144 144
0.262881 -0.185607 0.525000 100 106 106
0.263232 -0.184900 0.523000 72 78 80
0.264078 -0.184546 0.522000 60 66 68
0.265428 -0.184546 0.522000 60 68 69
0.266267 -0.184193 0.521000 64 72 73
0.267614 -0.184193 0.521000 66 79 78
0.268445 -0.183839 0.520000 71 84 83
0.269789 -0.183839 0.520000 69 83 85
0.271134 -0.183839 0.520000 64 78 80
0.272478 -0.183839 0.520000 62 76 80
0.274350 -0.184193 0.521000 58 72 76
0.276226 -0.184546 0.522000 61 78 81
0.277576 -0.184546 0.522000 59 76 79
0.279460 -0.184900 0.523000 58 72 76
0.281349 -0.185254 0.524000 54 68 72
-0.228729 -0.174070 0.496000 82 89 83
-0.227446 -0.174070 0.496000 65 76 74
-0.226164 -0.174070 0.496000 44 55 53
-0.224881 -0.174070 0.496000 42 55 54
-0.223599 -0.174070 0.496000 47 60 59
-0.222765 -0.174421 0.497000 51 63 65
-0.221480 -0.174421 0.497000 50 62 64
-0.220194 -0.174421 0.497000 47 59 61
-0.218909 -0.174421 0.497000 45 57 59
-0.217624 -0.174421 0.497000 51 56 61
-0.216339 -0.174421 0.497000 121 126 131
-0.215054 -0.174421 0.497000 131 134 133
-0.213769 -0.174421 0.497000 128 131 130
-0.210349 -0.173719 0.495000 135 139 132
-0.208224 -0.173017 0.493000 121 127 125
-0.206950 -0.173017 0.493000 100 106 104
-0.205675 -0.173017 0.493000 76 84 83
-0.203985 -0.172666 0.492000 64 72 71
-0.202713 -0.172666 0.492000 44 55 55
-0.201441 -0.172666 0.492000 38 49 49
-0.200169 -0.172666 0.492000 39 49 52
-0.198897 -0.172666 0.492000 40 50 53
-0.197625 -0.172666 0.492000 44 54 59
-0.196353 -0.172666 0.492000 46 56 61
-0.194202 -0.173017 0.493000 45 57 59
-0.193319 -0.173368 0.494000 45 58 57
-0.192430 -0.173719 0.495000 45 58 57
-0.191150 -0.173719 0.495000 44 57 54
-0.190254 -0.174070 0.496000 44 57 54
-0.189352 -0.174421 0.497000 42 55 52
-0.188446 -0.174772 0.498000 38 51 48
-0.187158 -0.174772 0.498000 37 50 47
-0.185870 -0.174772 0.498000 37 50 47
-0.184953 -0.175123 0.499000 38 49 47
-0.183663 -0.175123 0.499000 38 49 47
-0.182373 -0.175123 0.499000 40 51 51
-0.181083 -0.175123 0.499000 41 52 52
-0.179792 -0.175123 0.499000 44 55 55
-0.178860 -0.175474 0.500000 43 54 54
-0.177567 -0.175474 0.500000 41 49 50
-0.176274 -0.175474 0.500000 39 47 48
-0.174981 -0.175474 0.500000 44 54 57
-0.173689 -0.175474 0.500000 55 65 68
-0.172740 -0.175825 0.501000 81 91 94
-0.171445 -0.175825 0.501000 98 108 111
-0.170489 -0.176176 0.502000 115 126 126
-0.169191 -0.176176 0.502000 129 140 140
-0.168228 -0.176527 0.503000 136 147 147
-0.167259 -0.176878 0.504000 137 148 148
0.008774 -0.178984 0.510000 134 140 138
0.010093 -0.178984 0.510000 134 140 138
0.011389 -0.178633 0.509000 135 143 142
0.012680 -0.178282 0.508000 135 143 142
0.013966 -0.177931 0.507000 130 141 139
0.015277 -0.177931 0.507000 125 136 134
0.016588 -0.177931 0.507000 120 123 122
0.017864 -0.177580 0.506000 109 112 111
0.019172 -0.177580 0.506000 96 102 100
0.020480 -0.177580 0.506000 86 92 90
0.021789 -0.177580 0.506000 69 82 81
0.023097 -0.177580 0.506000 50 63 62
0.024405 -0.177580 0.506000 32 49 52
0.025714 -0.177580 0.506000 25 42 45
0.027022 -0.177580 0.506000 20 37 40
0.028330 -0.177580 0.506000 18 35 38
0.029639 -0.177580 0.506000 24 36 38
0.030947 -0.177580 0.506000 24 36 38
0.032255 -0.177580 0.506000 25 36 36
0.033564 -0.177580 0.506000 26 37 37
0.034941 -0.177931 0.507000 26 37 35
0.036252 -0.177931 0.507000 27 38 36
0.037563 -0.177931 0.507000 22 37 34
0.038951 -0.178282 0.508000 23 38 35
0.040343 -0.178633 0.509000 22 37 36
0.041741 -0.178984 0.510000 21 36 35
0.043144 -0.179334 0.511000 22 37 34
0.044466 -0.179334 0.511000 22 37 34
0.045787 -0.179334 0.511000 20 35 32
0.047108 -0.179334 0.511000 20 35 32
0.049069 -0.176878 0.504000 22 37 34
0.053636 -0.174772 0.498000 26 42 33
0.056098 -0.174421 0.497000 27 43 34
0.057383 -0.174421 0.497000 30 46 37
0.058668 -0.174421 0.497000 30 46 37
0.059833 -0.174070 0.496000 28 43 38
0.061115 -0.174070 0.496000 29 44 39
0.062524 -0.174421 0.497000 30 45 42
0.063809 -0.174421 0.497000 30 45 42
0.065094 -0.174421 0.497000 31 46 43
0.066379 -0.174421 0.497000 33 48 45
0.067664 -0.174421 0.497000 33 48 43
0.068949 -0.174421 0.497000 31 46 41
0.070234 -0.174421 0.497000 30 45 40
0.071663 -0.174772 0.498000 30 45 40
0.072951 -0.174772 0.498000 31 44 39
0.074239 -0.174772 0.498000 31 44 39
0.075678 -0.175123 0.499000 32 45 40
0.076968 -0.175123 0.499000 35 48 43
0.078258 -0.175123 0.499000 33 46 41
0.079708 -0.175474 0.500000 33 46 41
0.081163 -0.175825 0.501000 37 48 44
0.082458 -0.175825 0.501000 34 45 41
0.084088 -0.176527 0.503000 38 46 43
0.085389 -0.176527 0.503000 34 42 39
0.086862 -0.176878 0.504000 32 40 37
0.088165 -0.176878 0.504000 35 43 40
0.089645 -0.177229 0.505000 31 42 42
0.090951 -0.177229 0.505000 30 41 41
0.092257 -0.177229 0.505000 31 42 42
0.093563 -0.177229 0.505000 32 43 43
0.094869 -0.177229 0.505000 32 43 39
0.096365 -0.177580 0.506000 29 40 36
0.097673 -0.177580 0.506000 33 39 37
0.099373 -0.178282 0.508000 35 41 39
0.100884 -0.178633 0.509000 41 44 43
0.106775 -0.179685 0.512000 70 82 72
0.108098 -0.179685 0.512000 80 92 82
0.109850 -0.180387 0.514000 90 102 94
0.121459 -0.170561 0.486000 134 142 139
0.122715 -0.170561 0.486000 133 141 138
0.123972 -0.170561 0.486000 118 124 122
0.125486 -0.170912 0.487000 84 90 88
0.127006 -0.171263 0.488000 54 60 62
0.128530 -0.171614 0.489000 41 47 49
0.130326 -0.172315 0.491000 42 47 52
0.131595 -0.172315 0.491000 43 48 53
0.134408 -0.172666 0.492000 50 57 61
0.135680 -0.172666 0.492000 54 61 65
0.137230 -0.173017 0.493000 56 63 67
0.138786 -0.173368 0.494000 59 66 70
0.140347 -0.173719 0.495000 60 67 71
0.141627 -0.173719 0.495000 53 65 67
0.143484 -0.174421 0.497000 50 62 64
0.144769 -0.174421 0.497000 47 61 65
0.146348 -0.174772 0.498000 49 63 67
0.147932 -0.175123 0.499000 50 64 68
0.149222 -0.175123 0.499000 47 61 65
0.150513 -0.175123 0.499000 37 51 55
0.151803 -0.175123 0.499000 30 44 48
0.153400 -0.175474 0.500000 31 43 47
0.154693 -0.175474 0.500000 30 42 46
0.156298 -0.175825 0.501000 28 42 46
0.157593 -0.175825 0.501000 24 38 42
0.159523 -0.176527 0.503000 19 33 39
0.161143 -0.176878 0.504000 41 55 61
0.164074 -0.177229 0.505000 108 119 119
0.165708 -0.177580 0.506000 134 142 143
0.169655 -0.178984 0.510000 141 147 149
0.171644 -0.179685 0.512000 138 144 146
0.173306 -0.180036 0.513000 135 141 143
0.257941 -0.184599 0.526000 139 145 145
0.258809 -0.184248 0.525000 110 113 114
0.260166 -0.184248 0.525000 81 84 85
0.260527 -0.183546 0.523000 63 69 71
0.261379 -0.183195 0.522000 58 64 66
0.262729 -0.183195 0.522000 63 69 71
0.263572 -0.182844 0.521000 68 74 76
0.264920 -0.182844 0.521000 71 78 82
0.265756 -0.182493 0.520000 74 81 85
0.267100 -0.182493 0.520000 69 83 85
0.268445 -0.182493 0.520000 66 80 82
0.269789 -0.182493 0.520000 60 77 80
0.271134 -0.182493 0.520000 59 76 79
0.273002 -0.182844 0.521000 61 78 83
0.274350 -0.182844 0.521000 61 78 83
0.276226 -0.183195 0.522000 61 75 81
0.278107 -0.183546 0.523000 57 71 77
0.279994 -0.183897 0.524000 60 72 76
-0.228268 -0.172438 0.495000 78 86 83
-0.226529 -0.172089 0.494000 54 67 66
-0.225252 -0.172089 0.494000 36 49 48
-0.223975 -0.172089 0.494000 42 55 54
-0.222697 -0.172089 0.494000 51 64 63
-0.221420 -0.172089 0.494000 52 64 66
-0.220588 -0.172438 0.495000 50 62 64
-0.219308 -0.172438 0.495000 47 59 61
-0.218028 -0.172438 0.495000 42 54 56
-0.216311 -0.172089 0.494000 90 96 98
-0.215033 -0.172089 0.494000 133 139 141
-0.213323 -0.171741 0.493000 128 131 130
-0.212049 -0.171741 0.493000 130 133 132
-0.210346 -0.171393 0.492000 121 128 120
-0.209074 -0.171393 0.492000 93 100 92
-0.207380 -0.171044 0.491000 71 79 78
-0.206110 -0.171044 0.491000 55 63 62
-0.204840 -0.171044 0.491000 38 48 53
-0.203571 -0.171044 0.491000 33 43 48
-0.201889 -0.170696 0.490000 36 48 50
-0.201032 -0.171044 0.491000 39 51 53
-0.199762 -0.171044 0.491000 39 51 53
-0.198897 -0.171393 0.492000 42 54 56
-0.197625 -0.171393 0.492000 46 58 60
-0.196353 -0.171393 0.492000 51 63 65
-0.194202 -0.171741 0.493000 46 58 60
-0.193319 -0.172089 0.494000 42 57 56
-0.192430 -0.172438 0.495000 37 52 51
-0.191536 -0.172786 0.496000 35 50 47
-0.190638 -0.173134 0.497000 35 50 47
-0.189352 -0.173134 0.497000 35 50 47
-0.188446 -0.173483 0.498000 36 51 48
-0.187158 -0.173483 0.498000 36 51 50
-0.186244 -0.173831 0.499000 35 50 49
-0.184953 -0.173831 0.499000 40 52 56
-0.183663 -0.173831 0.499000 40 52 56
-0.182738 -0.174179 0.500000 40 52 56
-0.181446 -0.174179 0.500000 38 50 54
-0.180513 -0.174528 0.501000 45 56 56
-0.179218 -0.174528 0.501000 59 70 70
-0.177922 -0.174528 0.501000 79 87 88
-0.176627 -0.174528 0.501000 105 113 114
-0.175331 -0.174528 0.501000 125 133 134
-0.174383 -0.174876 0.502000 134 142 143
-0.173085 -0.174876 0.502000 137 144 148
-0.172129 -0.175224 0.503000 138 145 149
0.015337 -0.177315 0.509000 125 133 130
0.016653 -0.177315 0.509000 128 135 129
0.017934 -0.176966 0.508000 129 136 130
0.019248 -0.176966 0.508000 134 138 131
0.020561 -0.176966 0.508000 135 139 132
0.021875 -0.176966 0.508000 130 139 132
0.023143 -0.176618 0.507000 125 134 127
0.024454 -0.176618 0.507000 120 133 132
0.025765 -0.176618 0.507000 110 123 122
0.027075 -0.176618 0.507000 95 108 107
0.028386 -0.176618 0.507000 82 95 94
0.029639 -0.176270 0.506000 70 81 79
0.030947 -0.176270 0.506000 55 66 64
0.032255 -0.176270 0.506000 49 57 56
0.033564 -0.176270 0.506000 42 50 49
0.034872 -0.176270 0.506000 33 48 43
0.036252 -0.176618 0.507000 24 39 34
0.037489 -0.176270 0.506000 16 36 31
0.038797 -0.176270 0.506000 14 34 29
0.040185 -0.176618 0.507000 14 33 33
0.041496 -0.176618 0.507000 13 32 32
0.042891 -0.176966 0.508000 21 36 33
0.044205 -0.176966 0.508000 21 36 33
0.045518 -0.176966 0.508000 23 36 31
0.046740 -0.176618 0.507000 21 34 29
0.047861 -0.175921 0.505000 21 34 29
0.048972 -0.175224 0.503000 22 35 30
0.053636 -0.173483 0.498000 20 35 30
0.054924 -0.173483 0.498000 20 38 32
0.056211 -0.173483 0.498000 20 38 32
0.057383 -0.173134 0.497000 20 38 32
0.058668 -0.173134 0.497000 24 42 36
0.059954 -0.173134 0.497000 22 40 36
0.061239 -0.173134 0.497000 22 40 36
0.062398 -0.172786 0.496000 22 40 36
0.063680 -0.172786 0.496000 22 40 36
0.064963 -0.172786 0.496000 25 43 39
0.066245 -0.172786 0.496000 27 45 41
0.067528 -0.172786 0.496000 28 46 40
0.070093 -0.172786 0.496000 31 46 41
0.072804 -0.173134 0.497000 30 45 40
0.074089 -0.173134 0.497000 33 48 43
0.075526 -0.173483 0.498000 36 49 44
0.076814 -0.173483 0.498000 36 49 44
0.078102 -0.173483 0.498000 36 49 44
0.079389 -0.173483 0.498000 32 45 40
0.080839 -0.173831 0.499000 33 46 41
0.082129 -0.173831 0.499000 33 46 41
0.083419 -0.173831 0.499000 32 46 37
0.084879 -0.174179 0.500000 31 45 36
0.086172 -0.174179 0.500000 32 44 36
0.087640 -0.174528 0.501000 34 46 38
0.088935 -0.174528 0.501000 32 45 42
0.090411 -0.174876 0.502000 33 46 43
0.091709 -0.174876 0.502000 33 48 45
0.093192 -0.175224 0.503000 34 49 46
0.094493 -0.175224 0.503000 36 49 44
0.095984 -0.175573 0.504000 35 48 43
0.097287 -0.175573 0.504000 36 47 43
0.098786 -0.175921 0.505000 36 47 43
0.100092 -0.175921 0.505000 36 47 45
0.101598 -0.176270 0.506000 31 42 40
0.102907 -0.176270 0.506000 30 43 38
0.115175 -0.169302 0.486000 102 111 102
0.116432 -0.169302 0.486000 107 119 111
0.117689 -0.169302 0.486000 114 126 118
0.120202 -0.169302 0.486000 120 133 128
0.121459 -0.169302 0.486000 103 114 112
0.122715 -0.169302 0.486000 68 79 77
0.123972 -0.169302 0.486000 47 53 55
0.125229 -0.169302 0.486000 39 45 47
0.126745 -0.169651 0.487000 40 46 48
0.128268 -0.169999 0.488000 44 50 52
0.129795 -0.170347 0.489000 49 55 57
0.131059 -0.170347 0.489000 53 59 61
0.132594 -0.170696 0.490000 56 61 66
0.134134 -0.171044 0.491000 58 63 68
0.136952 -0.171393 0.492000 59 66 70
0.138224 -0.171393 0.492000 50 62 64
0.141054 -0.171741 0.493000 48 62 64
0.142618 -0.172089 0.494000 49 63 65
0.144186 -0.172438 0.495000 46 63 64
0.146054 -0.173134 0.497000 43 60 61
0.147636 -0.173483 0.498000 32 49 50
0.148923 -0.173483 0.498000 27 44 45
0.150211 -0.173483 0.498000 30 42 44
0.151803 -0.173831 0.499000 29 41 43
0.153093 -0.173831 0.499000 24 38 40
0.154693 -0.174179 0.500000 24 38 40
0.156298 -0.174528 0.501000 21 38 41
0.157593 -0.174528 0.501000 19 36 39
0.159523 -0.175224 0.503000 47 57 60
0.161143 -0.175573 0.504000 103 113 116
0.164074 -0.175921 0.505000 136 143 137
0.167676 -0.176966 0.508000 133 139 137
0.251141 -0.183237 0.526000 155 155 155
0.252501 -0.183237 0.526000 146 146 146
0.253861 -0.183237 0.526000 126 132 134
0.255221 -0.183237 0.526000 108 114 116
0.256094 -0.182888 0.525000 75 81 83
0.257451 -0.182888 0.525000 63 69 71
0.257823 -0.182192 0.523000 60 66 66
0.258679 -0.181843 0.522000 63 69 69
0.259531 -0.181495 0.521000 71 77 77
0.260878 -0.181495 0.521000 70 76 76
0.261722 -0.181147 0.520000 74 82 81
0.263066 -0.181147 0.520000 78 86 85
0.264411 -0.181147 0.520000 71 78 82
0.265245 -0.180798 0.519000 68 75 79
0.266586 -0.180798 0.519000 63 75 77
0.268445 -0.181147 0.520000 61 73 75
0.269789 -0.181147 0.520000 59 76 79
0.271134 -0.181147 0.520000 62 79 82
0.273002 -0.181495 0.521000 60 79 83
0.274350 -0.181495 0.521000 54 73 77
0.276226 -0.181843 0.522000 54 68 74
0.278107 -0.182192 0.523000 58 72 78
-0.229084 -0.170810 0.494000 84 92 91
-0.227345 -0.170464 0.493000 82 90 89
-0.226071 -0.170464 0.493000 40 52 54
-0.224340 -0.170119 0.492000 38 50 52
-0.223068 -0.170119 0.492000 42 54 56
-0.221796 -0.170119 0.492000 52 64 66
-0.220523 -0.170119 0.492000 52 64 66
-0.219251 -0.170119 0.492000 45 57 59
-0.217979 -0.170119 0.492000 46 58 60
-0.216707 -0.170119 0.492000 40 52 54
-0.215435 -0.170119 0.492000 109 120 118
-0.214163 -0.170119 0.492000 123 134 132
-0.212891 -0.170119 0.492000 119 127 124
-0.210758 -0.169427 0.490000 89 97 94
-0.209491 -0.169427 0.490000 72 83 81
-0.207799 -0.169081 0.489000 46 57 55
-0.206535 -0.169081 0.489000 39 51 55
-0.205270 -0.169081 0.489000 38 50 54
-0.204006 -0.169081 0.489000 36 50 54
-0.202742 -0.169081 0.489000 38 52 56
-0.201477 -0.169081 0.489000 40 54 56
-0.200622 -0.169427 0.490000 42 56 58
-0.199762 -0.169773 0.491000 44 59 58
-0.198493 -0.169773 0.491000 45 60 59
-0.197625 -0.170119 0.492000 46 59 58
-0.196353 -0.170119 0.492000 42 55 54
-0.194202 -0.170464 0.493000 36 50 52
-0.193319 -0.170810 0.494000 36 50 52
-0.192430 -0.171156 0.495000 35 49 51
-0.191536 -0.171502 0.496000 34 48 50
-0.190638 -0.171847 0.497000 36 50 52
-0.189733 -0.172193 0.498000 37 51 53
-0.188446 -0.172193 0.498000 41 55 57
-0.187534 -0.172539 0.499000 39 51 55
-0.186244 -0.172539 0.499000 36 48 52
-0.185324 -0.172885 0.500000 40 52 58
-0.184031 -0.172885 0.500000 50 62 68
-0.183104 -0.173231 0.501000 74 86 88
-0.181808 -0.173231 0.501000 99 111 113
-0.180873 -0.173576 0.502000 123 131 132
-0.179575 -0.173576 0.502000 134 142 143
-0.178632 -0.173922 0.503000 140 146 148
-0.177332 -0.173922 0.503000 139 145 147
-0.176031 -0.173922 0.503000 133 136 139
0.016719 -0.176688 0.511000 121 133 125
0.018040 -0.176688 0.511000 116 128 120
0.019323 -0.176342 0.510000 119 128 119
0.020642 -0.176342 0.510000 124 133 124
0.021918 -0.175997 0.509000 128 132 125
0.023234 -0.175997 0.509000 127 131 124
0.024502 -0.175651 0.508000 124 131 123
0.025815 -0.175651 0.508000 122 129 121
0.027075 -0.175305 0.507000 121 127 125
0.028386 -0.175305 0.507000 120 126 124
0.029697 -0.175305 0.507000 118 126 123
0.031008 -0.175305 0.507000 117 125 122
0.032255 -0.174959 0.506000 112 121 114
0.033564 -0.174959 0.506000 110 119 112
0.034872 -0.174959 0.506000 102 114 104
0.036181 -0.174959 0.506000 97 109 99
0.037489 -0.174959 0.506000 88 104 93
0.038797 -0.174959 0.506000 83 99 88
0.040106 -0.174959 0.506000 75 89 80
0.041414 -0.174959 0.506000 65 79 70
0.042722 -0.174959 0.506000 57 66 57
0.044031 -0.174959 0.506000 45 54 45
0.045339 -0.174959 0.506000 43 47 40
0.046647 -0.174959 0.506000 43 47 40
0.047766 -0.174268 0.504000 34 46 38
0.048972 -0.173922 0.503000 32 44 36
0.050073 -0.173231 0.501000 20 35 30
0.051266 -0.172885 0.500000 22 37 32
0.052453 -0.172539 0.499000 18 36 32
0.053744 -0.172539 0.499000 18 36 32
0.056211 -0.172193 0.498000 17 35 29
0.057383 -0.171847 0.497000 19 34 29
0.058668 -0.171847 0.497000 20 35 30
0.059954 -0.171847 0.497000 18 36 32
0.061239 -0.171847 0.497000 19 37 33
0.062398 -0.171502 0.496000 19 36 37
0.063680 -0.171502 0.496000 15 32 33
0.064963 -0.171502 0.496000 19 36 37
0.066245 -0.171502 0.496000 20 37 38
0.067528 -0.171502 0.496000 21 39 37
0.068810 -0.171502 0.496000 20 38 36
0.070093 -0.171502 0.496000 22 37 34
0.072804 -0.171847 0.497000 26 41 38
0.074089 -0.171847 0.497000 28 43 40
0.076814 -0.172193 0.498000 29 44 41
0.078102 -0.172193 0.498000 30 45 42
0.079389 -0.172193 0.498000 33 48 45
0.080677 -0.172193 0.498000 31 46 41
0.082129 -0.172539 0.499000 30 45 40
0.083419 -0.172539 0.499000 29 44 39
0.084710 -0.172539 0.499000 29 44 39
0.086000 -0.172539 0.499000 29 44 39
0.087290 -0.172539 0.499000 33 48 43
0.088758 -0.172885 0.500000 32 50 46
0.090051 -0.172885 0.500000 32 50 46
0.091344 -0.172885 0.500000 32 50 44
0.092636 -0.172885 0.500000 33 51 45
0.093929 -0.172885 0.500000 35 48 43
0.095222 -0.172885 0.500000 35 48 43
0.096515 -0.172885 0.500000 35 49 40
0.098003 -0.173231 0.501000 33 47 38
0.099497 -0.173576 0.502000 33 46 41
0.111405 -0.168044 0.486000 30 41 37
0.112662 -0.168044 0.486000 32 43 39
0.113919 -0.168044 0.486000 30 41 39
0.114938 -0.167698 0.485000 29 40 38
0.116192 -0.167698 0.485000 30 43 42
0.117447 -0.167698 0.485000 35 48 47
0.118701 -0.167698 0.485000 39 52 51
0.119955 -0.167698 0.485000 40 53 52
0.121209 -0.167698 0.485000 38 48 51
0.122715 -0.168044 0.486000 37 47 50
0.123972 -0.168044 0.486000 42 47 52
0.125229 -0.168044 0.486000 44 49 54
0.126485 -0.168044 0.486000 44 50 52
0.128005 -0.168390 0.487000 56 62 64
0.129529 -0.168736 0.488000 58 64 66
0.131059 -0.169081 0.489000 60 66 68
0.132594 -0.169427 0.490000 57 64 68
0.134134 -0.169773 0.491000 56 63 67
0.135404 -0.169773 0.491000 51 63 65
0.138224 -0.170119 0.492000 43 60 63
0.139496 -0.170119 0.492000 43 60 63
0.142329 -0.170464 0.493000 36 53 56
0.143895 -0.170810 0.494000 28 45 46
0.145466 -0.171156 0.495000 26 43 44
0.147339 -0.171847 0.497000 28 43 42
0.148923 -0.172193 0.498000 28 43 42
0.150211 -0.172193 0.498000 30 43 42
0.151803 -0.172539 0.499000 29 42 41
0.153093 -0.172539 0.499000 22 37 36
0.154693 -0.172885 0.500000 22 37 36
0.156298 -0.173231 0.501000 18 36 34
0.157593 -0.173231 0.501000 15 33 31
0.159523 -0.173922 0.503000 25 33 32
0.161143 -0.174268 0.504000 48 56 55
0.164074 -0.174614 0.505000 141 144 143
0.165708 -0.174959 0.506000 138 142 137
0.168006 -0.175997 0.509000 136 140 135
0.242981 -0.181875 0.526000 159 163 158
0.244341 -0.181875 0.526000 159 163 158
0.245701 -0.181875 0.526000 150 158 159
0.247061 -0.181875 0.526000 139 147 148
0.248421 -0.181875 0.526000 123 131 130
0.249781 -0.181875 0.526000 90 98 97
0.251141 -0.181875 0.526000 76 76 80
0.252021 -0.181529 0.525000 67 67 71
0.253379 -0.181529 0.525000 60 62 68
0.254251 -0.181183 0.524000 60 62 68
0.255118 -0.180837 0.523000 69 77 78
0.255980 -0.180492 0.522000 70 78 79
0.256837 -0.180146 0.521000 71 79 78
0.258184 -0.180146 0.521000 72 80 79
0.259033 -0.179800 0.520000 74 82 81
0.260377 -0.179800 0.520000 72 80 79
0.261722 -0.179800 0.520000 67 78 78
0.262561 -0.179454 0.519000 64 75 75
0.263903 -0.179454 0.519000 62 72 77
0.265245 -0.179454 0.519000 64 74 79
0.266586 -0.179454 0.519000 64 76 82
0.267928 -0.179454 0.519000 67 79 85
0.269789 -0.179800 0.520000 56 73 78
0.271134 -0.179800 0.520000 55 72 77
0.272478 -0.179800 0.520000 52 69 74
0.274350 -0.180146 0.521000 53 70 75
0.276226 -0.180492 0.522000 76 86 91
-0.228620 -0.169188 0.493000 73 84 82
-0.226884 -0.168845 0.492000 55 66 64
-0.225612 -0.168845 0.492000 38 50 52
-0.224340 -0.168845 0.492000 42 54 56
-0.222614 -0.168502 0.491000 46 58 62
-0.221345 -0.168502 0.491000 54 66 70
-0.220075 -0.168502 0.491000 51 63 67
-0.218806 -0.168502 0.491000 44 56 60
-0.217536 -0.168502 0.491000 40 55 54
-0.215826 -0.168158 0.490000 65 80 79
-0.214121 -0.167815 0.489000 105 120 119
-0.212857 -0.167815 0.489000 78 93 92
-0.211160 -0.167472 0.488000 58 71 70
-0.209468 -0.167129 0.487000 43 56 55
-0.208209 -0.167129 0.487000 33 44 44
-0.206949 -0.167129 0.487000 34 45 45
-0.205690 -0.167129 0.487000 38 50 52
-0.204431 -0.167129 0.487000 39 51 53
-0.203172 -0.167129 0.487000 38 52 54
-0.201912 -0.167129 0.487000 41 55 57
-0.201477 -0.167815 0.489000 42 57 56
-0.200213 -0.167815 0.489000 42 57 56
-0.199355 -0.168158 0.490000 41 56 53
-0.198493 -0.168502 0.491000 40 55 52
-0.197625 -0.168845 0.492000 42 55 54
-0.196353 -0.168845 0.492000 39 52 51
-0.194202 -0.169188 0.493000 34 48 52
-0.193319 -0.169531 0.494000 34 48 54
-0.192430 -0.169874 0.495000 34 48 54
-0.191923 -0.170561 0.497000 35 47 53
-0.190638 -0.170561 0.497000 37 49 55
-0.189733 -0.170904 0.498000 39 49 52
-0.188824 -0.171247 0.499000 44 54 57
-0.187534 -0.171247 0.499000 60 67 73
-0.186617 -0.171590 0.500000 79 86 92
-0.185324 -0.171590 0.500000 107 114 120
-0.184399 -0.171933 0.501000 126 133 139
-0.183469 -0.172277 0.502000 133 140 144
-0.182534 -0.172620 0.503000 131 138 142
-0.181234 -0.172620 0.503000 132 138 140
0.016752 -0.175708 0.512000 118 136 132
0.018075 -0.175708 0.512000 114 132 128
0.019399 -0.175708 0.512000 113 126 123
0.020723 -0.175708 0.512000 104 117 114
0.022004 -0.175365 0.511000 92 99 93
0.023325 -0.175365 0.511000 79 86 80
0.024598 -0.175022 0.510000 77 81 74
0.025866 -0.174679 0.509000 72 76 69
0.027182 -0.174679 0.509000 69 72 71
0.028442 -0.174336 0.508000 67 70 69
0.029697 -0.173992 0.507000 56 64 61
0.031008 -0.173992 0.507000 59 67 64
0.032255 -0.173649 0.506000 51 63 55
0.033564 -0.173649 0.506000 52 64 56
0.034872 -0.173649 0.506000 53 65 55
0.036181 -0.173649 0.506000 53 65 55
0.037489 -0.173649 0.506000 53 65 55
0.038721 -0.173306 0.505000 55 67 57
0.040106 -0.173649 0.506000 59 68 59
0.041414 -0.173649 0.506000 57 66 57
0.042638 -0.173306 0.505000 65 72 64
0.043944 -0.173306 0.505000 64 71 63
0.047766 -0.172963 0.504000 57 69 61
0.051266 -0.171590 0.500000 36 54 50
0.052453 -0.171247 0.499000 32 50 48
0.053744 -0.171247 0.499000 26 44 42
0.054924 -0.170904 0.498000 29 44 39
0.056211 -0.170904 0.498000 26 41 36
0.057383 -0.170561 0.497000 26 39 34
0.058668 -0.170561 0.497000 21 34 29
0.059954 -0.170561 0.497000 17 32 29
0.061239 -0.170561 0.497000 16 31 28
0.062398 -0.170217 0.496000 15 32 33
0.063680 -0.170217 0.496000 14 31 32
0.064963 -0.170217 0.496000 15 30 29
0.066245 -0.170217 0.496000 14 29 28
0.067528 -0.170217 0.496000 19 32 31
0.068810 -0.170217 0.496000 21 34 33
0.071519 -0.170561 0.497000 22 35 34
0.072804 -0.170561 0.497000 21 34 33
0.074089 -0.170561 0.497000 18 31 30
0.075526 -0.170904 0.498000 21 34 31
0.076814 -0.170904 0.498000 23 36 33
0.078102 -0.170904 0.498000 24 37 34
0.079549 -0.171247 0.499000 25 38 35
0.080839 -0.171247 0.499000 26 39 36
0.082129 -0.171247 0.499000 28 41 38
0.083419 -0.171247 0.499000 24 37 34
0.084879 -0.171590 0.500000 25 38 35
0.086172 -0.171590 0.500000 28 41 38
0.087465 -0.171590 0.500000 30 43 40
0.088758 -0.171590 0.500000 29 44 39
0.090051 -0.171590 0.500000 30 45 40
0.091344 -0.171590 0.500000 30 45 40
0.092451 -0.171247 0.499000 34 49 44
0.093741 -0.171247 0.499000 33 48 43
0.095032 -0.171247 0.499000 33 48 43
0.096322 -0.171247 0.499000 31 45 36
0.097612 -0.171247 0.499000 32 46 37
0.098704 -0.170904 0.498000 33 47 36
0.102812 -0.169188 0.493000 32 46 35
0.105122 -0.166786 0.486000 34 46 38
0.107036 -0.167815 0.489000 36 48 40
0.107414 -0.166442 0.485000 34 46 38
0.108668 -0.166442 0.485000 34 46 38
0.109922 -0.166442 0.485000 34 46 38
0.112430 -0.166442 0.485000 38 49 45
0.113684 -0.166442 0.485000 40 51 49
0.114938 -0.166442 0.485000 43 54 52
0.116192 -0.166442 0.485000 45 56 54
0.117447 -0.166442 0.485000 43 54 52
0.118701 -0.166442 0.485000 43 54 54
0.119955 -0.166442 0.485000 44 55 55
0.121209 -0.166442 0.485000 39 50 50
0.122463 -0.166442 0.485000 39 50 50
0.123972 -0.166786 0.486000 45 55 58
0.125229 -0.166786 0.486000 52 62 65
0.126485 -0.166786 0.486000 57 64 68
0.128005 -0.167129 0.487000 56 63 67
0.129264 -0.167129 0.487000 55 62 66
0.131059 -0.167815 0.489000 54 61 65
0.132594 -0.168158 0.490000 51 61 64
0.133861 -0.168158 0.490000 50 60 63
0.135404 -0.168502 0.491000 46 63 66
0.138224 -0.168845 0.492000 34 51 54
0.139496 -0.168845 0.492000 29 46 49
0.142329 -0.169188 0.493000 26 43 46
0.143604 -0.169188 0.493000 25 42 43
0.145172 -0.169531 0.494000 22 39 40
0.147043 -0.170217 0.496000 26 39 38
0.148624 -0.170561 0.497000 30 43 42
0.150211 -0.170904 0.498000 32 45 44
0.151499 -0.170904 0.498000 33 46 45
0.153093 -0.171247 0.499000 28 43 42
0.154693 -0.171590 0.500000 24 39 38
0.155986 -0.171590 0.500000 23 38 35
0.157593 -0.171933 0.501000 24 39 36
0.159523 -0.172620 0.503000 24 35 31
0.161143 -0.172963 0.504000 24 35 31
0.164074 -0.173306 0.505000 85 89 84
0.166035 -0.173992 0.507000 133 137 132
0.168006 -0.174679 0.509000 143 147 142
0.169988 -0.175365 0.511000 142 146 139
0.236180 -0.180513 0.526000 148 156 155
0.237540 -0.180513 0.526000 143 154 152
0.238901 -0.180513 0.526000 136 147 145
0.240261 -0.180513 0.526000 124 125 121
0.241621 -0.180513 0.526000 110 111 107
0.242981 -0.180513 0.526000 100 100 100
0.244341 -0.180513 0.526000 87 87 87
0.245234 -0.180170 0.525000 68 75 81
0.246591 -0.180170 0.525000 57 64 70
0.247949 -0.180170 0.525000 59 66 70
0.249306 -0.180170 0.525000 63 70 74
0.250186 -0.179827 0.524000 70 76 78
0.251541 -0.179827 0.524000 71 77 79
0.252413 -0.179483 0.523000 69 77 78
0.253280 -0.179140 0.522000 70 78 79
0.254142 -0.178797 0.521000 69 80 80
0.255490 -0.178797 0.521000 69 80 80
0.256344 -0.178454 0.520000 68 79 79
0.257688 -0.178454 0.520000 66 77 77
0.259033 -0.178454 0.520000 64 75 75
0.259877 -0.178111 0.519000 60 71 71
0.261219 -0.178111 0.519000 59 71 73
0.262561 -0.178111 0.519000 61 73 75
0.263903 -0.178111 0.519000 63 75 81
0.265245 -0.178111 0.519000 63 75 81
0.266586 -0.178111 0.519000 56 69 78
0.267928 -0.178111 0.519000 54 67 76
0.269270 -0.178111 0.519000 52 65 74
0.271134 -0.178454 0.520000 50 63 72
0.272478 -0.178454 0.520000 65 79 83
-0.228156 -0.167571 0.492000 75 83 80
-0.226423 -0.167230 0.491000 57 65 62
-0.224695 -0.166890 0.490000 43 55 59
-0.222972 -0.166549 0.489000 43 55 59
-0.221708 -0.166549 0.489000 49 61 65
-0.220443 -0.166549 0.489000 53 65 69
-0.218731 -0.166208 0.488000 47 59 63
-0.217469 -0.166208 0.488000 40 52 56
-0.215764 -0.165868 0.487000 53 71 67
-0.214505 -0.165868 0.487000 65 83 79
-0.213245 -0.165868 0.487000 68 88 85
-0.211551 -0.165527 0.486000 40 60 57
-0.210294 -0.165527 0.486000 34 48 50
-0.209038 -0.165527 0.486000 33 47 49
-0.207781 -0.165527 0.486000 37 50 49
-0.206524 -0.165527 0.486000 39 52 51
-0.205268 -0.165527 0.486000 39 52 49
-0.204011 -0.165527 0.486000 43 56 53
-0.203172 -0.165868 0.487000 40 55 52
-0.201912 -0.165868 0.487000 41 56 53
-0.201065 -0.166208 0.488000 37 52 49
-0.200213 -0.166549 0.489000 35 50 47
-0.199355 -0.166890 0.490000 35 48 45
-0.198493 -0.167230 0.491000 37 50 47
-0.197625 -0.167571 0.492000 39 52 51
-0.196353 -0.167571 0.492000 37 50 49
-0.194202 -0.167911 0.493000 35 47 53
-0.193319 -0.168252 0.494000 35 48 59
-0.192819 -0.168933 0.496000 34 47 58
-0.191923 -0.169274 0.497000 47 57 62
-0.191021 -0.169614 0.498000 61 71 76
-0.189733 -0.169614 0.498000 84 92 93
-0.188824 -0.169955 0.499000 117 125 126
-0.187910 -0.170296 0.500000 131 138 142
-0.186617 -0.170296 0.500000 128 135 139
-0.185695 -0.170636 0.501000 129 134 139
0.010073 -0.173361 0.509000 120 124 119
0.011389 -0.173361 0.509000 110 113 112
0.012730 -0.173701 0.510000 95 98 97
0.014076 -0.174042 0.511000 74 82 81
0.015398 -0.174042 0.511000 49 57 56
0.016752 -0.174383 0.512000 28 46 44
0.018075 -0.174383 0.512000 25 43 41
0.020723 -0.174383 0.512000 21 38 39
0.022047 -0.174383 0.512000 25 36 34
0.023325 -0.174042 0.511000 31 42 40
0.027182 -0.173361 0.509000 36 43 37
0.033564 -0.172339 0.506000 33 42 35
0.034872 -0.172339 0.506000 33 42 33
0.036181 -0.172339 0.506000 31 40 31
0.037415 -0.171999 0.505000 31 40 31
0.038721 -0.171999 0.505000 32 41 32
0.041332 -0.171999 0.505000 31 40 31
0.042638 -0.171999 0.505000 33 40 32
0.050073 -0.170636 0.501000 37 50 45
0.051266 -0.170296 0.500000 39 52 47
0.052453 -0.169955 0.499000 38 53 52
0.053744 -0.169955 0.499000 48 63 62
0.054924 -0.169614 0.498000 53 66 63
0.056211 -0.169614 0.498000 57 70 67
0.057499 -0.169614 0.498000 60 73 70
0.058668 -0.169274 0.497000 61 74 71
0.059833 -0.168933 0.496000 46 64 62
0.061239 -0.169274 0.497000 36 54 52
0.062398 -0.168933 0.496000 32 50 48
0.063680 -0.168933 0.496000 28 46 44
0.064963 -0.168933 0.496000 29 37 34
0.066245 -0.168933 0.496000 24 32 29
0.068949 -0.169274 0.497000 20 28 25
0.070234 -0.169274 0.497000 17 30 27
0.071519 -0.169274 0.497000 19 32 29
0.072804 -0.169274 0.497000 17 30 29
0.074239 -0.169614 0.498000 17 30 29
0.075526 -0.169614 0.498000 17 30 29
0.076814 -0.169614 0.498000 21 34 33
0.078258 -0.169955 0.499000 22 35 34
0.079549 -0.169955 0.499000 22 35 34
0.081001 -0.170296 0.500000 24 35 35
0.082294 -0.170296 0.500000 22 33 33
0.083754 -0.170636 0.501000 20 31 29
0.085049 -0.170636 0.501000 23 34 32
0.086345 -0.170636 0.501000 24 37 34
0.087640 -0.170636 0.501000 24 37 34
0.088935 -0.170636 0.501000 22 35 30
0.090051 -0.170296 0.500000 23 36 31
0.091344 -0.170296 0.500000 23 36 31
0.092636 -0.170296 0.500000 19 32 27
0.093554 -0.169614 0.498000 25 38 33
0.094841 -0.169614 0.498000 28 41 36
0.095936 -0.169274 0.497000 24 38 27
0.097025 -0.168933 0.496000 24 38 27
0.097911 -0.168252 0.494000 28 42 31
0.098787 -0.167571 0.492000 30 44 33
0.100508 -0.166208 0.488000 31 45 34
0.101561 -0.165868 0.487000 30 43 30
0.102609 -0.165527 0.486000 30 43 30
0.103652 -0.165187 0.485000 29 42 29
0.104906 -0.165187 0.485000 29 42 29
0.106160 -0.165187 0.485000 30 42 32
0.107414 -0.165187 0.485000 31 43 33
0.108444 -0.164846 0.484000 28 42 33
0.109922 -0.165187 0.485000 32 46 37
0.111176 -0.165187 0.485000 37 49 41
0.112430 -0.165187 0.485000 40 52 44
0.113684 -0.165187 0.485000 43 54 50
0.114938 -0.165187 0.485000 43 54 50
0.116192 -0.165187 0.485000 40 51 49
0.117447 -0.165187 0.485000 40 51 49
0.118701 -0.165187 0.485000 43 54 52
0.119955 -0.165187 0.485000 44 55 53
0.121209 -0.165187 0.485000 47 58 58
0.122463 -0.165187 0.485000 51 62 62
0.123717 -0.165187 0.485000 51 64 63
0.125229 -0.165527 0.486000 53 66 65
0.126485 -0.165527 0.486000 51 63 65
0.128005 -0.165868 0.487000 47 59 61
0.129264 -0.165868 0.487000 44 56 60
0.131059 -0.166549 0.489000 46 58 62
0.132324 -0.166549 0.489000 46 58 62
0.133861 -0.166890 0.490000 43 55 59
0.135404 -0.167230 0.491000 32 49 52
0.138224 -0.167571 0.492000 26 43 44
0.139496 -0.167571 0.492000 26 43 44
0.142329 -0.167911 0.493000 22 39 40
0.143604 -0.167911 0.493000 20 37 38
0.145172 -0.168252 0.494000 19 36 37
0.146746 -0.168593 0.495000 25 37 39
0.148325 -0.168933 0.496000 31 43 45
0.149909 -0.169274 0.497000 32 45 44
0.151499 -0.169614 0.498000 35 48 47
0.153093 -0.169955 0.499000 33 48 47
0.154383 -0.169955 0.499000 33 48 47
0.155986 -0.170296 0.500000 32 50 48
0.157593 -0.170636 0.501000 34 52 50
0.159206 -0.170977 0.502000 37 52 49
0.161143 -0.171658 0.504000 40 55 52
0.164074 -0.171999 0.505000 42 48 46
0.165708 -0.172339 0.506000 76 76 76
0.167676 -0.173020 0.508000 111 111 111
0.169655 -0.173701 0.510000 119 119 115
0.171644 -0.174383 0.512000 123 123 119
0.173306 -0.174723 0.513000 126 126 120
0.175313 -0.175404 0.515000 130 130 124
0.178667 -0.176086 0.517000 136 140 135
0.180352 -0.176426 0.518000 139 146 140
0.182043 -0.176767 0.519000 141 148 142
0.183385 -0.176767 0.519000 145 152 146
0.184726 -0.176767 0.519000 146 153 147
0.186427 -0.177107 0.520000 146 155 148
0.187771 -0.177107 0.520000 147 156 149
0.189480 -0.177448 0.521000 148 159 155
0.228944 -0.178810 0.525000 128 129 123
0.230301 -0.178810 0.525000 116 117 111
0.231659 -0.178810 0.525000 100 103 102
0.233016 -0.178810 0.525000 86 89 88
0.234374 -0.178810 0.525000 69 76 80
0.235731 -0.178810 0.525000 61 68 72
0.237089 -0.178810 0.525000 57 68 68
0.238446 -0.178810 0.525000 59 70 70
0.239804 -0.178810 0.525000 61 67 65
0.240702 -0.178470 0.524000 61 67 65
0.242057 -0.178470 0.524000 64 71 65
0.243412 -0.178470 0.524000 69 76 70
0.244767 -0.178470 0.524000 69 77 78
0.246122 -0.178470 0.524000 69 77 78
0.247004 -0.178129 0.523000 71 79 80
0.248356 -0.178129 0.523000 72 80 81
0.249231 -0.177789 0.522000 69 80 80
0.250101 -0.177448 0.521000 70 81 81
0.251448 -0.177448 0.521000 72 83 83
0.252310 -0.177107 0.520000 67 78 78
0.253655 -0.177107 0.520000 61 73 75
0.254999 -0.177107 0.520000 60 72 74
0.256344 -0.177107 0.520000 56 70 72
0.257193 -0.176767 0.519000 56 70 72
0.258535 -0.176767 0.519000 58 72 76
0.259877 -0.176767 0.519000 61 75 79
0.261219 -0.176767 0.519000 61 75 81
0.262561 -0.176767 0.519000 58 72 78
0.263903 -0.176767 0.519000 54 67 76
0.265245 -0.176767 0.519000 50 63 72
0.266586 -0.176767 0.519000 52 63 74
0.267928 -0.176767 0.519000 52 63 74
0.269270 -0.176767 0.519000 63 75 81
-0.226301 -0.164945 0.488000 72 83 83
-0.224579 -0.164607 0.487000 46 57 57
-0.223319 -0.164607 0.487000 45 57 61
-0.222060 -0.164607 0.487000 42 54 58
-0.220347 -0.164269 0.486000 56 68 72
-0.219091 -0.164269 0.486000 56 68 72
-0.217834 -0.164269 0.486000 64 77 76
-0.216578 -0.164269 0.486000 71 84 83
-0.214878 -0.163931 0.485000 68 86 82
-0.213624 -0.163931 0.485000 50 68 64
-0.212370 -0.163931 0.485000 37 56 56
-0.211116 -0.163931 0.485000 31 50 50
-0.209862 -0.163931 0.485000 33 52 52
-0.208608 -0.163931 0.485000 33 52 52
-0.207354 -0.163931 0.485000 38 53 50
-0.206099 -0.163931 0.485000 44 59 56
-0.205268 -0.164269 0.486000 44 60 51
-0.204011 -0.164269 0.486000 43 59 50
-0.202754 -0.164269 0.486000 41 57 48
-0.201912 -0.164607 0.487000 35 51 42
-0.201065 -0.164945 0.488000 33 46 41
-0.200213 -0.165283 0.489000 32 45 40
-0.199355 -0.165621 0.490000 32 45 42
-0.198493 -0.165959 0.491000 33 46 43
-0.197625 -0.166297 0.492000 42 54 56
-0.195477 -0.166635 0.493000 36 47 56
-0.194596 -0.166973 0.494000 40 51 60
-0.193710 -0.167311 0.495000 59 69 76
-0.193208 -0.167987 0.497000 90 100 107
-0.192309 -0.168325 0.498000 116 123 127
-0.191021 -0.168325 0.498000 127 134 138
-0.190114 -0.168663 0.499000 131 139 140
-0.188824 -0.168663 0.499000 126 134 135
0.007411 -0.171367 0.507000 58 64 66
0.008740 -0.171705 0.508000 47 55 56
0.010033 -0.171367 0.507000 35 43 44
0.014021 -0.172043 0.509000 30 41 39
0.022004 -0.172719 0.511000 35 50 47
0.028386 -0.171367 0.507000 53 64 62
0.029697 -0.171367 0.507000 54 65 63
0.030947 -0.171029 0.506000 53 64 62
0.032255 -0.171029 0.506000 50 61 57
0.033564 -0.171029 0.506000 46 57 53
0.034872 -0.171029 0.506000 46 57 53
0.036181 -0.171029 0.506000 45 56 52
0.037415 -0.170691 0.505000 52 64 56
0.038721 -0.170691 0.505000 52 64 56
0.040026 -0.170691 0.505000 51 63 55
0.041332 -0.170691 0.505000 46 58 50
0.042638 -0.170691 0.505000 45 57 49
0.043944 -0.170691 0.505000 44 56 48
0.045160 -0.170353 0.504000 44 56 48
0.046463 -0.170353 0.504000 43 55 47
0.047766 -0.170353 0.504000 43 57 48
0.048972 -0.170015 0.503000 42 56 47
0.050173 -0.169677 0.502000 39 52 47
0.051368 -0.169339 0.501000 36 49 44
0.052558 -0.169001 0.500000 35 48 45
0.053744 -0.168663 0.499000 33 46 43
0.055034 -0.168663 0.499000 35 48 45
0.056211 -0.168325 0.498000 37 50 47
0.057499 -0.168325 0.498000 34 49 46
0.058668 -0.167987 0.497000 36 51 48
0.059954 -0.167987 0.497000 40 58 54
0.061239 -0.167987 0.497000 60 78 74
0.062398 -0.167649 0.496000 83 96 93
0.063680 -0.167649 0.496000 89 102 99
0.066379 -0.167987 0.497000 90 98 95
0.067664 -0.167987 0.497000 80 94 85
0.068949 -0.167987 0.497000 68 82 73
0.070234 -0.167987 0.497000 45 60 55
0.071519 -0.167987 0.497000 28 43 38
0.072951 -0.168325 0.498000 21 34 33
0.074239 -0.168325 0.498000 15 28 27
0.075526 -0.168325 0.498000 14 27 26
0.076968 -0.168663 0.499000 16 29 28
0.078258 -0.168663 0.499000 20 28 29
0.079708 -0.169001 0.500000 21 29 30
0.081001 -0.169001 0.500000 22 28 28
0.082458 -0.169339 0.501000 23 29 29
0.083754 -0.169339 0.501000 20 31 29
0.085219 -0.169677 0.502000 20 31 29
0.086517 -0.169677 0.502000 18 31 30
0.087815 -0.169677 0.502000 19 32 31
0.088935 -0.169339 0.501000 19 32 29
0.090231 -0.169339 0.501000 17 30 27
0.091344 -0.169001 0.500000 19 32 27
0.092266 -0.168325 0.498000 19 32 27
0.093554 -0.168325 0.498000 22 33 29
0.094651 -0.167987 0.497000 23 34 30
0.095550 -0.167311 0.495000 22 34 26
0.096438 -0.166635 0.493000 20 32 24
0.097515 -0.166297 0.492000 20 32 22
0.098586 -0.165959 0.491000 20 32 22
0.098839 -0.164269 0.486000 22 34 24
0.100096 -0.164269 0.486000 22 34 24
0.101144 -0.163931 0.485000 22 35 22
0.102398 -0.163931 0.485000 22 35 22
0.103652 -0.163931 0.485000 22 35 22
0.104690 -0.163593 0.484000 23 36 23
0.105941 -0.163593 0.484000 24 36 26
0.107193 -0.163593 0.484000 27 39 29
0.108444 -0.163593 0.484000 32 44 34
0.109696 -0.163593 0.484000 38 50 40
0.110947 -0.163593 0.484000 37 49 41
0.112199 -0.163593 0.484000 37 49 41
0.113450 -0.163593 0.484000 37 48 44
0.114701 -0.163593 0.484000 37 48 44
0.116192 -0.163931 0.485000 35 48 47
0.117447 -0.163931 0.485000 46 59 58
0.118701 -0.163931 0.485000 49 62 61
0.119955 -0.163931 0.485000 52 65 64
0.121209 -0.163931 0.485000 56 69 68
0.122463 -0.163931 0.485000 53 66 65
0.123717 -0.163931 0.485000 47 60 59
0.124971 -0.163931 0.485000 47 60 59
0.126485 -0.164269 0.486000 46 58 60
0.128005 -0.164607 0.487000 43 55 57
0.129264 -0.164607 0.487000 38 52 54
0.131059 -0.165283 0.489000 35 49 51
0.132594 -0.165621 0.490000 33 47 51
0.134134 -0.165959 0.491000 29 43 47
0.135404 -0.165959 0.491000 28 42 44
0.138224 -0.166297 0.492000 23 38 37
0.139496 -0.166297 0.492000 23 38 37
0.142329 -0.166635 0.493000 22 37 34
0.143604 -0.166635 0.493000 22 37 34
0.145172 -0.166973 0.494000 21 36 33
0.146746 -0.167311 0.495000 23 38 37
0.148325 -0.167649 0.496000 24 39 38
0.149909 -0.167987 0.497000 26 41 40
0.151194 -0.167987 0.497000 24 39 38
0.152786 -0.168325 0.498000 24 39 38
0.154383 -0.168663 0.499000 27 42 41
0.155674 -0.168663 0.499000 27 45 43
0.157278 -0.169001 0.500000 28 46 44
0.159206 -0.169677 0.502000 28 45 46
0.161143 -0.170353 0.504000 28 45 46
0.164074 -0.170691 0.505000 31 44 43
0.165708 -0.171029 0.506000 30 36 38
0.167346 -0.171367 0.507000 29 35 37
0.168990 -0.171705 0.508000 37 37 41
0.170974 -0.172381 0.510000 40 40 44
0.172968 -0.173057 0.512000 44 44 46
0.174632 -0.173395 0.513000 43 43 45
0.176302 -0.173733 0.514000 39 47 46
0.177976 -0.174071 0.515000 41 49 48
0.181341 -0.174747 0.517000 47 55 54
0.183031 -0.175085 0.518000 48 59 59
0.184726 -0.175423 0.519000 51 62 62
0.186068 -0.175423 0.519000 53 64 62
0.187410 -0.175423 0.519000 57 68 66
0.189116 -0.175761 0.520000 60 73 70
0.190461 -0.175761 0.520000 65 78 75
0.191805 -0.175761 0.520000 64 79 76
0.193150 -0.175761 0.520000 65 80 77
0.194494 -0.175761 0.520000 65 80 77
0.195839 -0.175761 0.520000 66 81 78
0.197563 -0.176099 0.521000 65 80 79
0.198910 -0.176099 0.521000 66 81 80
0.200257 -0.176099 0.521000 68 86 84
0.201604 -0.176099 0.521000 69 87 85
0.202951 -0.176099 0.521000 70 88 86
0.205645 -0.176099 0.521000 70 88 86
0.206993 -0.176099 0.521000 71 89 87
0.208340 -0.176099 0.521000 70 88 86
0.209687 -0.176099 0.521000 70 88 86
0.211034 -0.176099 0.521000 67 87 84
0.212381 -0.176099 0.521000 64 84 81
0.213728 -0.176099 0.521000 63 83 80
0.215075 -0.176099 0.521000 63 83 80
0.216838 -0.176437 0.522000 62 80 78
0.218188 -0.176437 0.522000 59 77 75
0.219537 -0.176437 0.522000 61 76 75
0.220887 -0.176437 0.522000 59 74 73
0.222663 -0.176775 0.523000 59 70 66
0.224015 -0.176775 0.523000 58 69 65
0.225798 -0.177113 0.524000 57 63 61
0.227153 -0.177113 0.524000 55 61 59
0.228944 -0.177451 0.525000 60 63 62
0.230301 -0.177451 0.525000 62 65 64
0.231659 -0.177451 0.525000 65 71 71
0.233016 -0.177451 0.525000 68 74 74
0.234374 -0.177451 0.525000 67 75 76
0.235731 -0.177451 0.525000 67 75 76
0.236637 -0.177113 0.524000 65 76 76
0.237992 -0.177113 0.524000 67 78 78
0.239347 -0.177113 0.524000 70 78 75
0.240243 -0.176775 0.523000 70 78 75
0.241595 -0.176775 0.523000 70 78 75
0.242947 -0.176775 0.523000 70 78 75
0.244300 -0.176775 0.523000 71 79 76
0.245182 -0.176437 0.522000 72 80 77
0.246532 -0.176437 0.522000 72 80 79
0.247407 -0.176099 0.521000 70 78 77
0.248754 -0.176099 0.521000 66 79 76
0.249621 -0.175761 0.520000 58 71 68
0.250966 -0.175761 0.520000 59 73 75
0.252310 -0.175761 0.520000 55 69 71
0.253167 -0.175423 0.519000 49 66 67
0.254509 -0.175423 0.519000 50 67 68
0.255851 -0.175423 0.519000 52 69 72
0.257193 -0.175423 0.519000 56 73 76
0.258535 -0.175423 0.519000 55 72 77
0.259877 -0.175423 0.519000 53 70 75
0.261219 -0.175423 0.519000 52 68 78
0.262561 -0.175423 0.519000 50 66 76
0.263903 -0.175423 0.519000 51 64 75
0.265245 -0.175423 0.519000 54 67 78
0.266586 -0.175423 0.519000 60 71 80
-0.225374 -0.163011 0.486000 66 76 79
-0.223656 -0.162675 0.485000 44 54 57
-0.222402 -0.162675 0.485000 44 56 62
-0.221148 -0.162675 0.485000 40 52 58
-0.219894 -0.162675 0.485000 59 73 75
-0.218640 -0.162675 0.485000 70 84 86
-0.216938 -0.162340 0.484000 72 84 86
-0.215686 -0.162340 0.484000 61 73 75
-0.214435 -0.162340 0.484000 35 52 53
-0.213183 -0.162340 0.484000 28 45 46
-0.211932 -0.162340 0.484000 29 51 52
-0.210680 -0.162340 0.484000 33 55 56
-0.209429 -0.162340 0.484000 40 62 61
-0.208608 -0.162675 0.485000 43 65 64
-0.207354 -0.162675 0.485000 49 67 63
-0.206099 -0.162675 0.485000 41 59 55
-0.204845 -0.162675 0.485000 40 56 47
-0.204011 -0.163011 0.486000 33 49 40
-0.202754 -0.163011 0.486000 35 49 40
-0.201912 -0.163346 0.487000 32 46 37
-0.200653 -0.163346 0.487000 35 48 43
-0.200213 -0.164017 0.489000 35 48 43
-0.199355 -0.164352 0.490000 37 50 49
-0.198493 -0.164688 0.491000 36 49 48
-0.197625 -0.165023 0.492000 43 53 56
-0.195477 -0.165358 0.493000 73 83 88
-0.194596 -0.165694 0.494000 108 118 123
-0.193710 -0.166029 0.495000 126 133 137
-0.193208 -0.166700 0.497000 126 133 137
-0.000452 -0.169383 0.505000 82 91 84
0.000853 -0.169383 0.505000 61 69 66
0.002159 -0.169383 0.505000 47 55 52
0.003465 -0.169383 0.505000 38 41 40
0.004771 -0.169383 0.505000 37 40 39
0.007382 -0.169383 0.505000 37 43 45
0.008705 -0.169719 0.506000 38 46 47
0.010013 -0.169719 0.506000 40 48 49
0.011322 -0.169719 0.506000 42 55 54
0.012630 -0.169719 0.506000 49 62 61
0.013966 -0.170054 0.507000 50 63 62
0.015307 -0.170390 0.508000 50 63 62
0.020642 -0.171060 0.510000 43 58 57
0.021918 -0.170725 0.509000 42 55 54
0.023188 -0.170390 0.508000 37 50 49
0.024454 -0.170054 0.507000 39 52 51
0.027075 -0.170054 0.507000 33 46 45
0.028330 -0.169719 0.506000 35 48 47
0.029639 -0.169719 0.506000 32 44 46
0.032192 -0.169383 0.505000 30 42 46
0.033497 -0.169383 0.505000 29 41 45
0.034803 -0.169383 0.505000 28 40 44
0.036109 -0.169383 0.505000 26 38 42
0.037415 -0.169383 0.505000 25 37 39
0.038721 -0.169383 0.505000 25 37 39
0.040026 -0.169383 0.505000 25 37 39
0.041332 -0.169383 0.505000 29 41 43
0.042638 -0.169383 0.505000 30 43 42
0.043944 -0.169383 0.505000 32 45 44
0.045249 -0.169383 0.505000 37 50 49
0.046463 -0.169048 0.504000 38 51 50
0.047766 -0.169048 0.504000 43 56 53
0.049069 -0.169048 0.504000 44 57 54
0.050273 -0.168713 0.503000 45 58 55
0.051471 -0.168377 0.502000 45 58 55
0.052664 -0.168042 0.501000 44 57 54
0.053851 -0.167706 0.500000 44 57 54
0.055034 -0.167371 0.499000 38 53 50
0.056324 -0.167371 0.499000 37 52 49
0.057499 -0.167036 0.498000 37 52 49
0.058787 -0.167036 0.498000 36 51 48
0.060074 -0.167036 0.498000 29 47 43
0.061239 -0.166700 0.497000 28 46 42
0.062524 -0.166700 0.497000 31 44 39
0.063809 -0.166700 0.497000 32 45 40
0.065094 -0.166700 0.497000 42 55 50
0.066379 -0.166700 0.497000 56 69 64
0.067664 -0.166700 0.497000 62 78 69
0.068949 -0.166700 0.497000 91 107 98
0.070376 -0.167036 0.498000 107 123 112
0.071663 -0.167036 0.498000 111 127 116
0.072951 -0.167036 0.498000 106 122 111
0.074239 -0.167036 0.498000 99 115 104
0.075678 -0.167371 0.499000 96 110 101
0.076968 -0.167371 0.499000 88 102 93
0.078415 -0.167706 0.500000 79 86 80
0.079708 -0.167706 0.500000 71 78 72
0.081163 -0.168042 0.501000 58 64 62
0.082458 -0.168042 0.501000 44 50 48
0.083921 -0.168377 0.502000 31 44 39
0.085389 -0.168713 0.503000 24 37 32
0.086689 -0.168713 0.503000 21 34 31
0.087990 -0.168713 0.503000 16 29 26
0.089113 -0.168377 0.502000 11 22 20
0.090231 -0.168042 0.501000 12 23 21
0.091344 -0.167706 0.500000 20 28 27
0.092266 -0.167036 0.498000 19 27 26
0.093178 -0.166365 0.496000 19 27 26
0.094270 -0.166029 0.495000 19 27 26
0.094971 -0.165023 0.492000 19 32 27
0.096722 -0.163681 0.488000 21 34 29
0.097582 -0.163011 0.486000 18 31 26
0.098636 -0.162675 0.485000 18 31 26
0.099890 -0.162675 0.485000 21 34 29
0.101144 -0.162675 0.485000 21 34 29
0.102187 -0.162340 0.484000 21 34 29
0.103438 -0.162340 0.484000 22 36 27
0.104690 -0.162340 0.484000 25 39 30
0.105722 -0.162004 0.483000 30 42 34
0.106971 -0.162004 0.483000 36 48 40
0.108220 -0.162004 0.483000 38 50 42
0.109469 -0.162004 0.483000 36 48 40
0.110718 -0.162004 0.483000 33 46 41
0.111967 -0.162004 0.483000 35 48 43
0.113216 -0.162004 0.483000 38 51 48
0.114464 -0.162004 0.483000 43 56 53
0.115953 -0.162340 0.484000 54 67 66
0.117204 -0.162340 0.484000 52 65 64
0.118456 -0.162340 0.484000 53 65 67
0.119707 -0.162340 0.484000 50 62 64
0.121209 -0.162675 0.485000 46 58 60
0.122463 -0.162675 0.485000 47 59 61
0.123717 -0.162675 0.485000 44 56 58
0.124971 -0.162675 0.485000 39 51 53
0.126485 -0.163011 0.486000 37 49 51
0.128005 -0.163346 0.487000 35 47 49
0.129529 -0.163681 0.488000 28 42 44
0.131059 -0.164017 0.489000 27 41 43
0.132594 -0.164352 0.490000 26 40 42
0.134134 -0.164688 0.491000 24 38 40
0.136952 -0.165023 0.492000 24 39 38
0.138224 -0.165023 0.492000 28 43 40
0.141054 -0.165358 0.493000 33 48 45
0.142329 -0.165358 0.493000 30 45 42
0.143604 -0.165358 0.493000 34 49 46
0.145172 -0.165694 0.494000 33 48 45
0.146746 -0.166029 0.495000 31 46 43
0.148026 -0.166029 0.495000 34 49 46
0.149608 -0.166365 0.496000 36 49 46
0.151194 -0.166700 0.497000 33 46 43
0.152786 -0.167036 0.498000 33 46 43
0.154074 -0.167036 0.498000 36 49 46
0.155674 -0.167371 0.499000 34 49 48
0.156964 -0.167371 0.499000 35 50 49
0.158571 -0.167706 0.500000 36 50 52
0.160504 -0.168377 0.502000 35 49 51
0.162124 -0.168713 0.503000 37 51 53
0.165380 -0.169383 0.505000 39 49 52
0.166686 -0.169383 0.505000 41 51 54
0.168324 -0.169719 0.506000 43 53 56
0.169968 -0.170054 0.507000 43 53 56
0.171617 -0.170390 0.508000 41 51 54
0.173951 -0.171396 0.511000 43 53 56
0.175616 -0.171731 0.512000 39 51 53
0.178612 -0.172067 0.513000 43 56 55
0.180289 -0.172402 0.514000 42 55 54
0.182324 -0.173073 0.516000 38 53 52
0.184015 -0.173408 0.517000 40 55 54
0.187049 -0.173744 0.518000 40 55 54
0.188752 -0.174079 0.519000 40 55 52
0.190094 -0.174079 0.519000 42 57 54
0.191436 -0.174079 0.519000 40 58 54
0.193150 -0.174415 0.520000 40 58 54
0.194494 -0.174415 0.520000 41 59 55
0.195839 -0.174415 0.520000 41 59 55
0.197183 -0.174415 0.520000 39 57 53
0.198528 -0.174415 0.520000 39 57 53
0.199872 -0.174415 0.520000 41 59 57
0.203906 -0.174415 0.520000 48 66 64
0.205251 -0.174415 0.520000 48 63 62
0.206595 -0.174415 0.520000 48 63 62
0.208340 -0.174750 0.521000 49 64 63
0.209687 -0.174750 0.521000 49 64 63
0.210629 -0.174415 0.520000 49 67 65
0.213728 -0.174750 0.521000 47 65 63
0.215075 -0.174750 0.521000 47 65 63
0.216423 -0.174750 0.521000 50 68 66
0.218188 -0.175085 0.522000 52 70 68
0.219537 -0.175085 0.522000 54 69 68
0.220887 -0.175085 0.522000 55 70 69
0.222237 -0.175085 0.522000 64 77 74
0.224015 -0.175421 0.523000 61 74 71
0.225367 -0.175421 0.523000 62 73 69
0.227153 -0.175756 0.524000 61 72 68
0.228508 -0.175756 0.524000 62 73 69
0.229863 -0.175756 0.524000 62 73 69
0.231218 -0.175756 0.524000 65 76 72
0.232573 -0.175756 0.524000 66 77 73
0.233927 -0.175756 0.524000 69 80 78
0.234833 -0.175421 0.523000 70 81 79
0.236186 -0.175421 0.523000 69 80 78
0.237538 -0.175421 0.523000 67 78 76
0.238890 -0.175421 0.523000 68 79 77
0.239783 -0.175085 0.522000 66 77 75
0.241133 -0.175085 0.522000 64 75 73
0.242018 -0.174750 0.521000 62 73 71
0.243365 -0.174750 0.521000 61 72 70
0.244712 -0.174750 0.521000 54 65 63
0.245587 -0.174415 0.520000 58 69 67
0.246932 -0.174415 0.520000 55 66 64
0.248276 -0.174415 0.520000 48 63 62
0.249621 -0.174415 0.520000 49 64 63
0.250483 -0.174079 0.519000 48 65 66
0.251825 -0.174079 0.519000 47 64 65
0.253167 -0.174079 0.519000 47 66 68
0.254509 -0.174079 0.519000 46 65 67
0.255851 -0.174079 0.519000 46 65 67
0.257193 -0.174079 0.519000 48 67 69
0.258535 -0.174079 0.519000 47 64 69
0.259877 -0.174079 0.519000 47 64 69
0.261219 -0.174079 0.519000 48 61 72
0.262561 -0.174079 0.519000 51 64 75
-0.224910 -0.161419 0.485000 63 75 81
-0.223195 -0.161087 0.484000 44 56 62
-0.221944 -0.161087 0.484000 44 58 64
-0.220692 -0.161087 0.484000 66 80 86
-0.218987 -0.160754 0.483000 72 86 90
-0.217738 -0.160754 0.483000 61 75 79
-0.216041 -0.160421 0.482000 39 51 53
-0.214795 -0.160421 0.482000 31 43 45
-0.213549 -0.160421 0.482000 31 48 49
-0.212302 -0.160421 0.482000 34 51 52
-0.211056 -0.160421 0.482000 35 57 56
-0.210245 -0.160754 0.483000 38 60 59
-0.208996 -0.160754 0.483000 43 65 64
-0.208177 -0.161087 0.484000 42 64 63
-0.206926 -0.161087 0.484000 35 53 49
-0.205675 -0.161087 0.484000 29 47 43
-0.204845 -0.161419 0.485000 30 45 40
-0.203591 -0.161419 0.485000 29 44 39
-0.202754 -0.161752 0.486000 33 47 38
-0.201498 -0.161752 0.486000 31 45 36
-0.200653 -0.162085 0.487000 35 48 47
-0.200213 -0.162751 0.489000 32 45 44
-0.199355 -0.163083 0.490000 36 49 48
-0.198493 -0.163416 0.491000 53 66 65
-0.197625 -0.163749 0.492000 82 92 95
-0.195477 -0.164082 0.493000 123 130 134
-0.194990 -0.164748 0.495000 121 128 132
-0.004361 -0.167743 0.504000 66 77 77
-0.003058 -0.167743 0.504000 46 57 57
-0.000452 -0.167743 0.504000 32 40 39
0.000852 -0.167743 0.504000 32 43 41
0.002155 -0.167743 0.504000 38 49 47
0.003458 -0.167743 0.504000 47 55 52
0.004761 -0.167743 0.504000 46 54 51
0.006076 -0.168076 0.505000 50 58 55
0.007382 -0.168076 0.505000 53 61 58
0.008688 -0.168076 0.505000 50 61 59
0.009994 -0.168076 0.505000 48 59 57
0.011299 -0.168076 0.505000 49 62 61
0.012605 -0.168076 0.505000 49 62 61
0.013939 -0.168409 0.506000 41 55 59
0.015247 -0.168409 0.506000 35 49 53
0.023143 -0.168742 0.507000 20 31 31
0.024405 -0.168409 0.506000 22 35 34
0.025714 -0.168409 0.506000 21 34 33
0.028330 -0.168409 0.506000 21 33 35
0.029639 -0.168409 0.506000 22 34 36
0.030886 -0.168076 0.505000 23 35 37
0.032192 -0.168076 0.505000 19 33 37
0.033497 -0.168076 0.505000 19 33 37
0.034803 -0.168076 0.505000 17 31 37
0.036109 -0.168076 0.505000 17 31 37
0.037415 -0.168076 0.505000 16 30 36
0.038721 -0.168076 0.505000 16 30 36
0.040026 -0.168076 0.505000 16 30 34
0.041332 -0.168076 0.505000 15 29 33
0.042638 -0.168076 0.505000 15 29 33
0.043944 -0.168076 0.505000 14 28 32
0.045249 -0.168076 0.505000 18 30 32
0.046555 -0.168076 0.505000 18 30 32
0.047766 -0.167743 0.504000 19 31 33
0.049069 -0.167743 0.504000 21 33 35
0.050373 -0.167743 0.504000 21 33 35
0.051573 -0.167410 0.503000 24 36 38
0.052769 -0.167077 0.502000 30 42 44
0.053959 -0.166745 0.501000 30 42 44
0.055144 -0.166412 0.500000 33 47 49
0.056324 -0.166079 0.499000 41 55 57
0.057614 -0.166079 0.499000 39 57 55
0.058905 -0.166079 0.499000 36 54 52
0.060074 -0.165746 0.498000 38 56 50
0.061362 -0.165746 0.498000 34 52 46
0.062650 -0.165746 0.498000 34 49 44
0.063937 -0.165746 0.498000 34 49 44
0.065094 -0.165413 0.497000 34 49 44
0.066513 -0.165746 0.498000 29 44 39
0.067800 -0.165746 0.498000 29 42 37
0.069088 -0.165746 0.498000 31 44 39
0.070376 -0.165746 0.498000 31 44 39
0.071663 -0.165746 0.498000 54 67 62
0.072951 -0.165746 0.498000 83 99 90
0.074388 -0.166079 0.499000 99 115 106
0.075678 -0.166079 0.499000 112 124 114
0.076968 -0.166079 0.499000 114 126 116
0.078415 -0.166412 0.500000 114 123 114
0.079867 -0.166745 0.501000 116 125 116
0.081163 -0.166745 0.501000 113 122 113
0.082623 -0.167077 0.502000 110 119 110
0.084088 -0.167410 0.503000 107 119 111
0.085389 -0.167410 0.503000 103 115 107
0.086689 -0.167410 0.503000 95 106 102
0.087990 -0.167410 0.503000 83 94 90
0.089113 -0.167077 0.502000 76 84 81
0.090051 -0.166412 0.500000 63 71 68
0.090978 -0.165746 0.498000 50 56 54
0.091895 -0.165080 0.496000 46 52 50
0.094778 -0.163416 0.491000 18 31 28
0.095656 -0.162751 0.489000 12 25 22
0.097382 -0.161419 0.485000 10 25 22
0.098636 -0.161419 0.485000 13 28 23
0.099890 -0.161419 0.485000 16 31 26
0.100935 -0.161087 0.484000 18 31 26
0.101976 -0.160754 0.483000 25 38 33
0.103225 -0.160754 0.483000 28 41 36
0.104473 -0.160754 0.483000 33 46 41
0.105722 -0.160754 0.483000 35 49 40
0.106971 -0.160754 0.483000 36 50 41
0.107772 -0.160088 0.481000 35 48 45
0.109242 -0.160421 0.482000 33 46 43
0.110489 -0.160421 0.482000 30 45 44
0.111735 -0.160421 0.482000 45 60 59
0.112981 -0.160421 0.482000 45 59 61
0.114464 -0.160754 0.483000 49 63 65
0.115713 -0.160754 0.483000 50 67 68
0.116962 -0.160754 0.483000 43 60 61
0.118456 -0.161087 0.484000 40 57 58
0.119707 -0.161087 0.484000 41 58 59
0.120959 -0.161087 0.484000 41 55 57
0.122463 -0.161419 0.485000 36 50 52
0.123717 -0.161419 0.485000 33 45 47
0.124971 -0.161419 0.485000 28 40 42
0.126485 -0.161752 0.486000 28 41 40
0.128005 -0.162085 0.487000 26 39 38
0.129529 -0.162418 0.488000 28 41 40
0.131327 -0.163083 0.490000 26 39 38
0.132865 -0.163416 0.491000 22 37 36
0.135680 -0.163749 0.492000 22 37 36
0.136952 -0.163749 0.492000 24 39 38
0.138224 -0.163749 0.492000 33 48 47
0.139780 -0.164082 0.493000 33 48 47
0.141054 -0.164082 0.493000 34 49 46
0.142329 -0.164082 0.493000 36 51 48
0.143895 -0.164415 0.494000 35 50 47
0.145172 -0.164415 0.494000 38 53 50
0.146746 -0.164748 0.495000 42 55 52
0.148026 -0.164748 0.495000 43 56 53
0.149608 -0.165080 0.496000 43 54 50
0.151194 -0.165413 0.497000 43 54 50
0.152479 -0.165413 0.497000 45 56 52
0.154074 -0.165746 0.498000 41 52 48
0.155362 -0.165746 0.498000 43 54 52
0.156964 -0.166079 0.499000 47 58 56
0.158254 -0.166079 0.499000 45 58 55
0.160184 -0.166745 0.501000 44 57 54
0.161479 -0.166745 0.501000 44 57 54
0.163424 -0.167410 0.503000 45 58 55
0.165053 -0.167743 0.504000 47 58 58
0.167992 -0.168076 0.505000 46 59 58
0.169297 -0.168076 0.505000 49 62 61
0.172590 -0.168742 0.507000 50 63 62
0.173901 -0.168742 0.507000 49 62 61
0.175903 -0.169407 0.509000 50 63 62
0.180911 -0.170406 0.512000 50 63 60
0.182591 -0.170738 0.513000 47 60 57
0.184634 -0.171404 0.515000 47 62 59
0.186688 -0.172070 0.517000 48 63 60
0.188025 -0.172070 0.517000 48 63 60
0.191067 -0.172403 0.518000 45 63 59
0.192778 -0.172735 0.519000 46 64 60
0.194120 -0.172735 0.519000 47 65 61
0.195462 -0.172735 0.519000 46 64 60
0.196804 -0.172735 0.519000 46 64 60
0.198528 -0.173068 0.520000 47 65 61
0.202562 -0.173068 0.520000 53 71 67
0.203906 -0.173068 0.520000 53 71 67
0.205251 -0.173068 0.520000 55 70 67
0.206595 -0.173068 0.520000 57 72 69
0.207940 -0.173068 0.520000 58 71 68
0.209284 -0.173068 0.520000 57 70 67
0.211973 -0.173068 0.520000 59 72 69
0.213318 -0.173068 0.520000 57 72 69
0.214663 -0.173068 0.520000 59 74 71
0.216007 -0.173068 0.520000 59 74 71
0.217770 -0.173401 0.521000 62 77 74
0.219117 -0.173401 0.521000 64 79 76
0.220887 -0.173734 0.522000 65 80 77
0.222237 -0.173734 0.522000 66 79 76
0.223587 -0.173734 0.522000 67 80 77
0.225367 -0.174067 0.523000 67 78 74
0.226719 -0.174067 0.523000 64 75 71
0.228072 -0.174067 0.523000 61 74 69
0.229424 -0.174067 0.523000 63 76 71
0.230776 -0.174067 0.523000 61 74 69
0.232129 -0.174067 0.523000 61 74 69
0.233035 -0.173734 0.522000 61 74 71
0.234384 -0.173734 0.522000 57 70 67
0.235282 -0.173401 0.521000 58 71 68
0.236630 -0.173401 0.521000 56 69 66
0.237977 -0.173401 0.521000 54 67 64
0.239324 -0.173401 0.521000 53 66 63
0.240671 -0.173401 0.521000 52 65 62
0.242018 -0.173401 0.521000 51 64 61
0.242898 -0.173068 0.520000 49 61 63
0.244243 -0.173068 0.520000 47 59 61
0.245587 -0.173068 0.520000 47 61 63
0.246932 -0.173068 0.520000 47 61 63
0.247799 -0.172735 0.519000 42 59 60
0.249141 -0.172735 0.519000 42 59 60
0.250483 -0.172735 0.519000 42 61 61
0.251825 -0.172735 0.519000 41 60 60
0.253167 -0.172735 0.519000 44 63 65
0.254509 -0.172735 0.519000 44 63 65
0.255851 -0.172735 0.519000 47 64 67
0.257193 -0.172735 0.519000 46 63 66
0.258037 -0.172403 0.518000 50 64 70
0.259376 -0.172403 0.518000 58 72 78
-0.225698 -0.159833 0.484000 74 85 81
-0.223983 -0.159503 0.483000 62 76 82
-0.222273 -0.159173 0.482000 56 70 76
-0.221026 -0.159173 0.482000 70 84 90
-0.219324 -0.158843 0.481000 67 81 87
-0.218081 -0.158843 0.481000 43 57 63
-0.216837 -0.158843 0.481000 30 44 50
-0.215145 -0.158512 0.480000 38 50 52
-0.213904 -0.158512 0.480000 39 51 53
-0.212663 -0.158512 0.480000 40 55 54
-0.211421 -0.158512 0.480000 43 58 57
-0.210180 -0.158512 0.480000 42 64 63
-0.208131 -0.158843 0.481000 30 52 51
-0.206887 -0.158843 0.481000 29 51 50
-0.206071 -0.159173 0.482000 31 46 43
-0.205250 -0.159503 0.483000 33 48 45
-0.204423 -0.159833 0.484000 34 49 46
-0.203591 -0.160164 0.485000 31 46 43
-0.202337 -0.160164 0.485000 26 39 38
-0.201498 -0.160494 0.486000 36 49 48
-0.200241 -0.160494 0.486000 37 48 48
-0.199803 -0.161154 0.488000 60 71 71
-0.199355 -0.161815 0.490000 92 100 101
-0.198493 -0.162145 0.491000 116 124 125
-0.197625 -0.162475 0.492000 123 130 134
-0.195873 -0.163136 0.494000 117 127 130
-0.008254 -0.166108 0.503000 67 75 74
-0.006954 -0.166108 0.503000 45 56 56
-0.005653 -0.166108 0.503000 41 52 52
-0.004344 -0.165778 0.502000 39 51 53
-0.003052 -0.166108 0.503000 43 55 57
-0.001748 -0.165778 0.502000 43 56 53
-0.000450 -0.165778 0.502000 45 58 55
0.000848 -0.165778 0.502000 48 59 57
0.002151 -0.166108 0.503000 50 61 59
0.003451 -0.166108 0.503000 54 65 63
0.004752 -0.166108 0.503000 47 58 56
0.006052 -0.166108 0.503000 38 49 47
0.007353 -0.166108 0.503000 33 44 42
0.008671 -0.166438 0.504000 32 43 43
0.009974 -0.166438 0.504000 34 45 45
0.015247 -0.167099 0.506000 19 33 37
0.016555 -0.167099 0.506000 20 34 38
0.017899 -0.167429 0.507000 19 33 37
0.019210 -0.167429 0.507000 25 38 37
0.020521 -0.167429 0.507000 31 44 43
0.021832 -0.167429 0.507000 41 47 47
0.023143 -0.167429 0.507000 46 52 52
0.024405 -0.167099 0.506000 45 53 52
0.025714 -0.167099 0.506000 56 64 63
0.027022 -0.167099 0.506000 58 69 67
0.028330 -0.167099 0.506000 67 78 76
0.029639 -0.167099 0.506000 69 80 80
0.030947 -0.167099 0.506000 72 83 83
0.032192 -0.166768 0.505000 73 86 85
0.033497 -0.166768 0.505000 79 92 91
0.034872 -0.167099 0.506000 80 92 94
0.036181 -0.167099 0.506000 76 88 90
0.037415 -0.166768 0.505000 71 83 85
0.038721 -0.166768 0.505000 66 78 80
0.040026 -0.166768 0.505000 60 73 72
0.041332 -0.166768 0.505000 60 73 72
0.042638 -0.166768 0.505000 57 68 68
0.043944 -0.166768 0.505000 47 58 58
0.045249 -0.166768 0.505000 45 53 54
0.046555 -0.166768 0.505000 36 44 45
0.047861 -0.166768 0.505000 28 36 37
0.049167 -0.166768 0.505000 26 34 35
0.050373 -0.166438 0.504000 22 30 31
0.051676 -0.166438 0.504000 21 29 30
0.052874 -0.166108 0.503000 20 34 38
0.054067 -0.165778 0.502000 19 33 37
0.055254 -0.165447 0.501000 16 30 34
0.056437 -0.165117 0.500000 17 31 35
0.057730 -0.165117 0.500000 22 36 38
0.058905 -0.164787 0.499000 23 37 39
0.060195 -0.164787 0.499000 24 39 38
0.061485 -0.164787 0.499000 29 44 43
0.062650 -0.164457 0.498000 32 50 46
0.063937 -0.164457 0.498000 41 59 55
0.065225 -0.164457 0.498000 43 61 57
0.066513 -0.164457 0.498000 40 58 54
0.067800 -0.164457 0.498000 38 53 48
0.069088 -0.164457 0.498000 35 50 45
0.070376 -0.164457 0.498000 36 49 44
0.071663 -0.164457 0.498000 35 48 43
0.073097 -0.164787 0.499000 28 41 38
0.074388 -0.164787 0.499000 35 48 45
0.075678 -0.164787 0.499000 50 58 55
0.077122 -0.165117 0.500000 70 78 75
0.078572 -0.165447 0.501000 104 113 106
0.079867 -0.165447 0.501000 110 119 112
0.081487 -0.166108 0.503000 112 119 111
0.082787 -0.166108 0.503000 105 112 104
0.084088 -0.166108 0.503000 102 111 102
0.085558 -0.166438 0.504000 105 114 105
0.086862 -0.166438 0.504000 104 113 106
0.087990 -0.166108 0.503000 104 113 106
0.088935 -0.165447 0.501000 105 112 106
0.089691 -0.164457 0.498000 108 115 109
0.092937 -0.161154 0.488000 104 111 105
0.093813 -0.160494 0.486000 94 106 98
0.094874 -0.160164 0.485000 86 98 90
0.096128 -0.160164 0.485000 79 91 83
0.097181 -0.159833 0.484000 68 80 72
0.098432 -0.159833 0.484000 55 63 60
0.099478 -0.159503 0.483000 27 35 32
0.100518 -0.159173 0.482000 28 42 33
0.101765 -0.159173 0.482000 33 47 38
0.103011 -0.159173 0.482000 32 46 37
0.104041 -0.158843 0.481000 35 49 40
0.105285 -0.158843 0.481000 36 49 46
0.106528 -0.158843 0.481000 38 51 48
0.107772 -0.158843 0.481000 39 52 51
0.109016 -0.158843 0.481000 43 56 55
0.110259 -0.158843 0.481000 45 60 59
0.111503 -0.158843 0.481000 52 67 66
0.112747 -0.158843 0.481000 47 64 65
0.114227 -0.159173 0.482000 41 58 59
0.115474 -0.159173 0.482000 35 54 54
0.116962 -0.159503 0.483000 34 53 53
0.118211 -0.159503 0.483000 32 51 51
0.119460 -0.159503 0.483000 27 46 46
0.120959 -0.159833 0.484000 26 43 44
0.122463 -0.160164 0.485000 27 44 45
0.123717 -0.160164 0.485000 25 42 43
0.124971 -0.160164 0.485000 21 38 39
0.126485 -0.160494 0.486000 23 37 39
0.128005 -0.160824 0.487000 22 36 38
0.129795 -0.161485 0.489000 26 39 38
0.131595 -0.162145 0.491000 25 38 37
0.132865 -0.162145 0.491000 23 36 35
0.135680 -0.162475 0.492000 20 35 34
0.136952 -0.162475 0.492000 20 35 34
0.138505 -0.162805 0.493000 21 36 35
0.139780 -0.162805 0.493000 22 37 36
0.141340 -0.163136 0.494000 22 37 36
0.142618 -0.163136 0.494000 20 35 34
0.143895 -0.163136 0.494000 22 37 36
0.145466 -0.163466 0.495000 27 42 41
0.146746 -0.163466 0.495000 27 42 39
0.148026 -0.163466 0.495000 29 44 41
0.149306 -0.163466 0.495000 31 42 38
0.150890 -0.163796 0.496000 33 44 40
0.152479 -0.164126 0.497000 37 48 44
0.153765 -0.164126 0.497000 38 49 45
0.155362 -0.164457 0.498000 36 49 44
0.156649 -0.164457 0.498000 40 53 48
0.158254 -0.164787 0.499000 43 56 51
0.159864 -0.165117 0.500000 45 58 53
0.161479 -0.165447 0.501000 45 58 55
0.162775 -0.165447 0.501000 47 60 57
0.164398 -0.165778 0.502000 52 65 62
0.166026 -0.166108 0.503000 53 66 63
0.167659 -0.166438 0.504000 52 65 62
0.168962 -0.166438 0.504000 49 62 59
0.170603 -0.166768 0.505000 54 67 66
0.171909 -0.166768 0.505000 57 70 69
0.174866 -0.167099 0.506000 51 64 61
0.176523 -0.167429 0.507000 51 64 59
0.182235 -0.169080 0.512000 53 66 61
0.183917 -0.169410 0.513000 56 69 64
0.185605 -0.169740 0.514000 57 70 65
0.187298 -0.170071 0.515000 55 70 65
0.189362 -0.170731 0.517000 55 70 65
0.192407 -0.171061 0.518000 61 76 71
0.194120 -0.171392 0.519000 60 78 72
0.195462 -0.171392 0.519000 54 72 66
0.196804 -0.171392 0.519000 52 70 64
0.198146 -0.171392 0.519000 55 73 67
0.199488 -0.171392 0.519000 57 72 67
0.200830 -0.171392 0.519000 59 74 69
0.202172 -0.171392 0.519000 64 79 74
0.203514 -0.171392 0.519000 59 74 69
0.204856 -0.171392 0.519000 59 72 67
0.206198 -0.171392 0.519000 61 74 69
0.207940 -0.171722 0.520000 63 76 71
0.209284 -0.171722 0.520000 61 74 69
0.210629 -0.171722 0.520000 66 79 74
0.211973 -0.171722 0.520000 68 81 76
0.213318 -0.171722 0.520000 62 77 74
0.214663 -0.171722 0.520000 62 77 74
0.216007 -0.171722 0.520000 62 77 74
0.217352 -0.171722 0.520000 63 78 75
0.219117 -0.172052 0.521000 61 76 73
0.220464 -0.172052 0.521000 59 74 71
0.221811 -0.172052 0.521000 56 71 68
0.223587 -0.172382 0.522000 59 74 71
0.224505 -0.172052 0.521000 54 67 64
0.226286 -0.172382 0.522000 53 66 63
0.227200 -0.172052 0.521000 48 63 60
0.228108 -0.171722 0.520000 43 58 55
0.229453 -0.171722 0.520000 47 60 57
0.230797 -0.171722 0.520000 49 62 59
0.231695 -0.171392 0.519000 44 57 54
0.233037 -0.171392 0.519000 42 55 52
0.234379 -0.171392 0.519000 42 57 54
0.235721 -0.171392 0.519000 42 57 54
0.237063 -0.171392 0.519000 47 62 61
0.238405 -0.171392 0.519000 44 59 58
0.239747 -0.171392 0.519000 41 58 61
0.241089 -0.171392 0.519000 40 57 60
0.242431 -0.171392 0.519000 39 56 59
0.243773 -0.171392 0.519000 40 57 60
0.245115 -0.171392 0.519000 43 60 63
0.246457 -0.171392 0.519000 41 58 61
0.247799 -0.171392 0.519000 39 58 60
0.249141 -0.171392 0.519000 40 59 61
0.250000 -0.171061 0.518000 41 60 62
0.251340 -0.171061 0.518000 37 56 58
0.252679 -0.171061 0.518000 36 53 56
0.254018 -0.171061 0.518000 42 59 62
0.255358 -0.171061 0.518000 61 75 77
0.256697 -0.171061 0.518000 78 92 94
-0.224765 -0.157925 0.482000 71 85 76
-0.223055 -0.157597 0.481000 70 87 88
-0.221350 -0.157270 0.480000 70 87 88
-0.220109 -0.157270 0.480000 57 74 77
-0.218868 -0.157270 0.480000 36 53 56
-0.217174 -0.156942 0.479000 38 50 54
-0.215935 -0.156942 0.479000 40 52 56
-0.214697 -0.156942 0.479000 43 53 56
-0.213458 -0.156942 0.479000 46 56 59
-0.212220 -0.156942 0.479000 44 59 58
-0.210981 -0.156942 0.479000 44 59 58
-0.209742 -0.156942 0.479000 25 47 46
-0.208504 -0.156942 0.479000 23 45 44
-0.207698 -0.157270 0.480000 46 68 67
-0.206457 -0.157270 0.480000 52 74 73
-0.205216 -0.157270 0.480000 55 70 69
-0.204400 -0.157597 0.481000 49 64 63
-0.202752 -0.158253 0.483000 47 60 57
-0.201920 -0.158580 0.484000 39 52 51
-0.201083 -0.158908 0.485000 45 58 57
-0.199829 -0.158908 0.485000 89 100 100
-0.198985 -0.159235 0.486000 112 123 123
-0.198948 -0.160218 0.489000 119 127 128
-0.195477 -0.161529 0.493000 124 131 135
-0.010812 -0.164150 0.501000 49 57 58
-0.009517 -0.164150 0.501000 36 44 43
-0.008221 -0.164150 0.501000 39 47 46
-0.006926 -0.164150 0.501000 40 51 51
-0.005631 -0.164150 0.501000 47 58 58
-0.004327 -0.163823 0.500000 50 63 62
-0.001744 -0.164150 0.501000 45 58 57
-0.000449 -0.164150 0.501000 44 57 56
0.000847 -0.164150 0.501000 38 51 48
0.002142 -0.164150 0.501000 31 44 41
0.004742 -0.164478 0.502000 20 31 29
0.006040 -0.164478 0.502000 22 35 34
0.013911 -0.165461 0.505000 55 65 68
0.015247 -0.165788 0.506000 67 77 80
0.016555 -0.165788 0.506000 79 89 92
0.017899 -0.166116 0.507000 89 99 102
0.019210 -0.166116 0.507000 97 108 106
0.020521 -0.166116 0.507000 109 120 118
0.021832 -0.166116 0.507000 117 128 124
0.023143 -0.166116 0.507000 118 129 125
0.024405 -0.165788 0.506000 121 129 126
0.025714 -0.165788 0.506000 120 128 125
0.027022 -0.165788 0.506000 123 131 128
0.029639 -0.165788 0.506000 117 125 124
0.030947 -0.165788 0.506000 117 125 124
0.032255 -0.165788 0.506000 114 122 121
0.033564 -0.165788 0.506000 112 120 119
0.034872 -0.165788 0.506000 112 120 119
0.036181 -0.165788 0.506000 113 121 120
0.037489 -0.165788 0.506000 113 121 122
0.038797 -0.165788 0.506000 114 122 123
0.040106 -0.165788 0.506000 116 124 125
0.041414 -0.165788 0.506000 112 120 121
0.042638 -0.165461 0.505000 113 121 120
0.043944 -0.165461 0.505000 113 121 120
0.045249 -0.165461 0.505000 111 119 118
0.046555 -0.165461 0.505000 109 117 116
0.047861 -0.165461 0.505000 105 113 112
0.049167 -0.165461 0.505000 97 105 104
0.050472 -0.165461 0.505000 90 98 97
0.051778 -0.165461 0.505000 79 87 86
0.052979 -0.165133 0.504000 62 72 75
0.054174 -0.164805 0.503000 53 63 66
0.055475 -0.164805 0.503000 44 54 57
0.056663 -0.164478 0.502000 30 40 43
0.057845 -0.164150 0.501000 18 29 29
0.059023 -0.163823 0.500000 17 28 28
0.060315 -0.163823 0.500000 16 29 28
0.061608 -0.163823 0.500000 19 32 31
0.062775 -0.163495 0.499000 19 34 31
0.064066 -0.163495 0.499000 20 35 32
0.065356 -0.163495 0.499000 21 36 33
0.066646 -0.163495 0.499000 33 48 45
0.067936 -0.163495 0.499000 34 49 46
0.069227 -0.163495 0.499000 35 50 47
0.070517 -0.163495 0.499000 42 55 52
0.071807 -0.163495 0.499000 40 53 50
0.073097 -0.163495 0.499000 39 52 47
0.074388 -0.163495 0.499000 37 50 45
0.075830 -0.163823 0.500000 32 43 39
0.077277 -0.164150 0.501000 31 42 38
0.078572 -0.164150 0.501000 35 42 36
0.080027 -0.164478 0.502000 50 57 51
0.081487 -0.164805 0.503000 76 83 77
0.082787 -0.164805 0.503000 96 103 97
0.084255 -0.165133 0.504000 109 118 111
0.085558 -0.165133 0.504000 107 116 109
0.086689 -0.164805 0.503000 103 112 105
0.087815 -0.164478 0.502000 100 109 102
0.088403 -0.163167 0.498000 98 107 100
0.089330 -0.162512 0.496000 98 107 100
0.090065 -0.161529 0.493000 99 108 101
0.090413 -0.159891 0.488000 98 107 100
0.092365 -0.158908 0.485000 103 110 104
0.093426 -0.158580 0.484000 107 114 108
0.094482 -0.158253 0.483000 108 115 109
0.095731 -0.158253 0.483000 98 106 103
0.096779 -0.157925 0.482000 77 85 82
0.097822 -0.157597 0.481000 61 69 66
0.098860 -0.157270 0.480000 36 44 41
0.100101 -0.157270 0.480000 36 44 41
0.101342 -0.157270 0.480000 35 43 40
0.102583 -0.157270 0.480000 36 47 43
0.103824 -0.157270 0.480000 37 48 44
0.105066 -0.157270 0.480000 44 55 53
0.106307 -0.157270 0.480000 47 58 56
0.107548 -0.157270 0.480000 50 61 59
0.108789 -0.157270 0.480000 51 62 60
0.110030 -0.157270 0.480000 47 62 61
0.111271 -0.157270 0.480000 43 58 57
0.112512 -0.157270 0.480000 39 56 57
0.113990 -0.157597 0.481000 35 52 53
0.115234 -0.157597 0.481000 33 52 54
0.116720 -0.157925 0.482000 24 43 45
0.118211 -0.158253 0.483000 20 39 39
0.119460 -0.158253 0.483000 23 42 42
0.120959 -0.158580 0.484000 24 41 42
0.122463 -0.158908 0.485000 21 38 39
0.123717 -0.158908 0.485000 22 39 40
0.124971 -0.158908 0.485000 18 35 36
0.126485 -0.159235 0.486000 23 38 37
0.128268 -0.159891 0.488000 17 32 31
0.130060 -0.160546 0.490000 21 34 31
0.131595 -0.160874 0.491000 19 32 29
0.134408 -0.161201 0.492000 21 29 28
0.135955 -0.161529 0.493000 22 33 31
0.137230 -0.161529 0.493000 24 35 33
0.138786 -0.161857 0.494000 22 35 32
0.140347 -0.162184 0.495000 19 32 29
0.141627 -0.162184 0.495000 21 34 31
0.142907 -0.162184 0.495000 19 32 29
0.144186 -0.162184 0.495000 19 34 31
0.145466 -0.162184 0.495000 21 36 33
0.146746 -0.162184 0.495000 21 36 31
0.148026 -0.162184 0.495000 21 36 31
0.149306 -0.162184 0.495000 24 37 32
0.150586 -0.162184 0.495000 24 37 32
0.152173 -0.162512 0.496000 23 36 31
0.153765 -0.162840 0.497000 24 37 32
0.155050 -0.162840 0.497000 24 37 32
0.156649 -0.163167 0.498000 23 36 31
0.157937 -0.163167 0.498000 25 38 33
0.159544 -0.163495 0.499000 26 39 34
0.160835 -0.163495 0.499000 30 43 38
0.162450 -0.163823 0.500000 31 44 39
0.164070 -0.164150 0.501000 30 43 40
0.165366 -0.164150 0.501000 29 42 39
0.166994 -0.164478 0.502000 29 42 39
0.168627 -0.164805 0.503000 32 45 42
0.169927 -0.164805 0.503000 33 46 45
0.171568 -0.165133 0.504000 36 49 48
0.173215 -0.165461 0.505000 38 51 48
0.174520 -0.165461 0.505000 35 48 45
0.177483 -0.165788 0.506000 37 50 47
0.179144 -0.166116 0.507000 42 55 52
0.183559 -0.167754 0.512000 45 56 54
0.184883 -0.167754 0.512000 44 55 53
0.186570 -0.168082 0.513000 46 59 56
0.188263 -0.168410 0.514000 51 64 61
0.190330 -0.169065 0.516000 44 59 56
0.193746 -0.169720 0.518000 42 60 56
0.196804 -0.170048 0.519000 48 63 58
0.198146 -0.170048 0.519000 43 58 53
0.199488 -0.170048 0.519000 42 57 52
0.200830 -0.170048 0.519000 48 63 58
0.202172 -0.170048 0.519000 45 60 55
0.203514 -0.170048 0.519000 44 59 54
0.205251 -0.170375 0.520000 46 59 54
0.206595 -0.170375 0.520000 47 60 55
0.207940 -0.170375 0.520000 49 62 57
0.209284 -0.170375 0.520000 53 66 61
0.210629 -0.170375 0.520000 45 60 55
0.211973 -0.170375 0.520000 45 60 55
0.213318 -0.170375 0.520000 44 59 56
0.214663 -0.170375 0.520000 42 57 54
0.216007 -0.170375 0.520000 40 55 52
0.217352 -0.170375 0.520000 38 53 50
0.220464 -0.170703 0.521000 37 52 51
0.221811 -0.170703 0.521000 37 52 51
0.223158 -0.170703 0.521000 36 51 50
0.224505 -0.170703 0.521000 40 55 54
0.225419 -0.170375 0.520000 40 55 54
0.226764 -0.170375 0.520000 40 55 54
0.227669 -0.170048 0.519000 37 52 51
0.229011 -0.170048 0.519000 35 50 47
0.229910 -0.169720 0.518000 37 52 49
0.231249 -0.169720 0.518000 40 55 52
0.232139 -0.169392 0.517000 38 53 50
0.233476 -0.169392 0.517000 40 55 52
0.234359 -0.169065 0.516000 36 51 48
0.235693 -0.169065 0.516000 40 54 56
0.237486 -0.169392 0.517000 40 54 56
0.238361 -0.169065 0.516000 38 52 56
0.239696 -0.169065 0.516000 38 52 56
0.241030 -0.169065 0.516000 37 51 55
0.242364 -0.169065 0.516000 40 54 58
0.243698 -0.169065 0.516000 39 56 59
0.245507 -0.169392 0.517000 38 55 58
0.246844 -0.169392 0.517000 36 53 56
0.247701 -0.169065 0.516000 36 53 56
0.249035 -0.169065 0.516000 51 63 65
0.249884 -0.168737 0.515000 66 78 80
0.251216 -0.168737 0.515000 83 95 97
-0.225543 -0.156352 0.481000 90 104 95
-0.223366 -0.155702 0.479000 79 93 84
-0.220889 -0.155702 0.479000 36 54 50
-0.219651 -0.155702 0.479000 30 45 44
-0.218412 -0.155702 0.479000 35 50 49
-0.217174 -0.155702 0.479000 39 52 51
-0.215935 -0.155702 0.479000 46 59 58
-0.214697 -0.155702 0.479000 48 59 59
-0.213458 -0.155702 0.479000 47 58 58
-0.212220 -0.155702 0.479000 36 54 52
-0.210541 -0.155377 0.478000 25 43 41
-0.209742 -0.155702 0.479000 21 43 42
-0.208504 -0.155702 0.479000 50 72 71
-0.207265 -0.155702 0.479000 58 77 77
-0.206027 -0.155702 0.479000 56 75 75
-0.204788 -0.155702 0.479000 57 72 71
-0.203550 -0.155702 0.479000 56 71 70
-0.202734 -0.156027 0.480000 54 67 66
-0.201912 -0.156352 0.481000 50 63 62
-0.199839 -0.156677 0.482000 51 62 62
-0.198593 -0.156677 0.482000 54 65 65
-0.198575 -0.157652 0.485000 94 105 105
-0.197321 -0.157652 0.485000 120 127 131
-0.196876 -0.158302 0.487000 123 130 134
-0.196821 -0.159277 0.490000 123 130 134
-0.196353 -0.159927 0.492000 126 133 137
-0.013350 -0.162203 0.499000 40 48 49
-0.012059 -0.162203 0.499000 36 44 43
-0.010769 -0.162203 0.499000 42 50 49
-0.009479 -0.162203 0.499000 48 56 55
-0.008189 -0.162203 0.499000 54 62 61
-0.006912 -0.162528 0.500000 50 61 59
-0.005608 -0.162203 0.499000 51 62 60
-0.004327 -0.162528 0.500000 37 50 49
-0.003034 -0.162528 0.500000 28 41 40
-0.001741 -0.162528 0.500000 28 41 40
-0.000448 -0.162528 0.500000 31 44 43
0.000847 -0.162853 0.501000 25 38 37
0.002142 -0.162853 0.501000 24 37 36
0.007353 -0.163503 0.503000 67 80 79
0.008653 -0.163503 0.503000 98 109 109
0.009974 -0.163828 0.504000 111 122 122
0.012605 -0.164153 0.505000 130 138 139
0.013911 -0.164153 0.505000 126 134 135
0.015247 -0.164478 0.506000 127 135 136
0.016555 -0.164478 0.506000 125 133 134
0.017899 -0.164803 0.507000 121 129 130
0.054282 -0.163828 0.504000 108 119 117
0.055585 -0.163828 0.504000 109 120 118
0.056888 -0.163828 0.504000 109 120 118
0.058076 -0.163503 0.503000 102 113 111
0.059377 -0.163503 0.503000 82 93 91
0.060436 -0.162853 0.501000 58 69 67
0.061732 -0.162853 0.501000 39 50 48
0.063027 -0.162853 0.501000 27 38 36
0.064194 -0.162528 0.500000 22 33 31
0.065487 -0.162528 0.500000 18 31 30
0.066780 -0.162528 0.500000 17 30 29
0.068072 -0.162528 0.500000 22 35 34
0.069365 -0.162528 0.500000 21 34 33
0.070658 -0.162528 0.500000 26 39 36
0.071951 -0.162528 0.500000 31 44 41
0.073244 -0.162528 0.500000 34 45 43
0.074537 -0.162528 0.500000 36 47 45
0.075981 -0.162853 0.501000 39 47 44
0.077277 -0.162853 0.501000 40 48 45
0.078729 -0.163178 0.502000 40 49 42
0.080027 -0.163178 0.502000 38 47 40
0.081487 -0.163503 0.503000 35 42 36
0.082787 -0.163503 0.503000 33 40 34
0.084088 -0.163503 0.503000 40 46 44
0.085389 -0.163503 0.503000 71 77 75
0.086172 -0.162528 0.500000 91 99 96
0.086940 -0.161553 0.497000 103 111 108
0.088969 -0.158302 0.487000 97 106 99
0.089857 -0.157652 0.485000 96 105 98
0.090924 -0.157327 0.484000 101 108 100
0.091794 -0.156677 0.482000 101 108 100
0.092847 -0.156352 0.481000 87 93 93
0.093895 -0.156027 0.480000 55 61 61
0.095137 -0.156027 0.480000 35 42 46
0.096378 -0.156027 0.480000 34 41 45
0.097619 -0.156027 0.480000 36 44 43
0.098654 -0.155702 0.479000 36 44 43
0.099893 -0.155702 0.479000 35 43 40
0.101131 -0.155702 0.479000 38 46 43
0.102370 -0.155702 0.479000 45 56 52
0.103608 -0.155702 0.479000 50 61 57
0.104847 -0.155702 0.479000 53 64 62
0.106085 -0.155702 0.479000 51 62 60
0.107324 -0.155702 0.479000 48 59 57
0.108562 -0.155702 0.479000 43 54 52
0.111271 -0.156027 0.480000 38 53 52
0.112512 -0.156027 0.480000 36 51 50
0.113753 -0.156027 0.480000 28 43 42
0.115234 -0.156352 0.481000 24 43 43
0.116720 -0.156677 0.482000 19 38 38
0.118211 -0.157002 0.483000 19 36 37
0.119460 -0.157002 0.483000 17 34 35
0.120959 -0.157327 0.484000 22 37 36
0.122463 -0.157652 0.485000 31 46 45
0.123717 -0.157652 0.485000 38 51 48
0.125229 -0.157977 0.486000 35 48 45
0.127006 -0.158627 0.488000 31 42 40
0.128530 -0.158952 0.489000 29 40 38
0.130326 -0.159602 0.491000 29 36 30
0.133135 -0.159927 0.492000 27 31 26
0.134681 -0.160252 0.493000 31 35 30
0.136231 -0.160578 0.494000 25 36 32
0.137787 -0.160903 0.495000 27 38 34
0.139067 -0.160903 0.495000 25 36 32
0.140347 -0.160903 0.495000 24 35 31
0.141627 -0.160903 0.495000 24 35 31
0.142907 -0.160903 0.495000 24 35 31
0.144186 -0.160903 0.495000 23 36 31
0.145466 -0.160903 0.495000 22 35 30
0.146746 -0.160903 0.495000 23 36 31
0.148026 -0.160903 0.495000 22 35 30
0.149306 -0.160903 0.495000 23 36 31
0.150586 -0.160903 0.495000 23 36 31
0.152173 -0.161228 0.496000 25 36 32
0.153765 -0.161553 0.497000 24 35 31
0.155050 -0.161553 0.497000 23 36 31
0.156649 -0.161878 0.498000 23 36 31
0.157937 -0.161878 0.498000 24 38 29
0.159544 -0.162203 0.499000 26 40 31
0.160835 -0.162203 0.499000 24 38 29
0.162125 -0.162203 0.499000 23 37 28
0.163743 -0.162528 0.500000 24 37 32
0.165035 -0.162528 0.500000 24 37 32
0.166661 -0.162853 0.501000 23 36 33
0.167956 -0.162853 0.501000 25 38 35
0.169252 -0.162853 0.501000 24 37 34
0.170888 -0.163178 0.502000 25 38 35
0.172529 -0.163503 0.503000 29 40 38
0.174175 -0.163828 0.504000 25 36 34
0.175826 -0.164153 0.505000 26 37 35
0.177132 -0.164153 0.505000 29 40 38
0.180099 -0.164478 0.506000 26 37 35
0.182483 -0.165453 0.509000 29 40 38
0.186207 -0.166429 0.512000 29 40 38
0.187530 -0.166429 0.512000 30 41 39
0.189592 -0.167079 0.514000 26 39 36
0.191293 -0.167404 0.515000 31 44 41
0.192998 -0.167729 0.516000 24 39 34
0.194709 -0.168054 0.517000 26 41 36
0.196046 -0.168054 0.517000 29 42 37
0.197764 -0.168379 0.518000 30 43 38
0.199104 -0.168379 0.518000 32 45 42
0.200443 -0.168379 0.518000 32 45 42
0.203514 -0.168704 0.519000 33 46 43
0.204856 -0.168704 0.519000 33 46 41
0.206198 -0.168704 0.519000 36 49 44
0.207540 -0.168704 0.519000 36 50 41
0.208882 -0.168704 0.519000 36 50 41
0.210224 -0.168704 0.519000 36 49 44
0.213318 -0.169029 0.520000 33 48 45
0.214663 -0.169029 0.520000 33 48 45
0.216007 -0.169029 0.520000 33 51 49
0.217352 -0.169029 0.520000 33 51 49
0.218696 -0.169029 0.520000 33 50 51
0.220041 -0.169029 0.520000 31 48 49
0.221385 -0.169029 0.520000 33 47 49
0.224074 -0.169029 0.520000 33 47 49
0.224985 -0.168704 0.519000 33 47 49
0.225891 -0.168379 0.518000 34 48 50
0.226792 -0.168054 0.517000 33 47 49
0.227246 -0.167404 0.515000 35 47 49
0.228578 -0.167404 0.515000 37 49 51
0.229017 -0.166754 0.513000 36 48 50
0.230343 -0.166754 0.513000 33 45 47
0.231670 -0.166754 0.513000 36 48 50
0.232542 -0.166429 0.512000 36 48 50
0.233866 -0.166429 0.512000 37 51 55
0.235649 -0.166754 0.513000 37 51 55
0.236976 -0.166754 0.513000 34 48 52
0.238302 -0.166754 0.513000 36 50 54
0.239628 -0.166754 0.513000 39 51 53
0.240955 -0.166754 0.513000 46 58 60
0.241809 -0.166429 0.512000 52 66 68
0.243608 -0.166754 0.513000 61 75 77
0.244934 -0.166754 0.513000 76 90 92
0.246261 -0.166754 0.513000 100 114 116
-0.226315 -0.154784 0.480000 107 117 105
-0.224605 -0.154461 0.479000 75 89 80
-0.223366 -0.154461 0.479000 47 61 52
-0.222128 -0.154461 0.479000 42 57 56
-0.220889 -0.154461 0.479000 34 49 48
-0.219651 -0.154461 0.479000 36 51 50
-0.218412 -0.154461 0.479000 37 52 51
-0.217174 -0.154461 0.479000 49 62 59
-0.215484 -0.154139 0.478000 51 64 61
-0.214248 -0.154139 0.478000 50 63 62
-0.213012 -0.154139 0.478000 39 52 51
-0.211777 -0.154139 0.478000 22 40 38
-0.210541 -0.154139 0.478000 22 40 38
-0.209305 -0.154139 0.478000 48 67 67
-0.208069 -0.154139 0.478000 58 77 77
-0.206833 -0.154139 0.478000 56 73 74
-0.205597 -0.154139 0.478000 59 76 77
-0.204361 -0.154139 0.478000 60 73 72
-0.203125 -0.154139 0.478000 59 72 71
-0.202311 -0.154461 0.479000 60 71 71
-0.201073 -0.154461 0.479000 59 70 70
-0.199834 -0.154461 0.479000 54 65 65
-0.198596 -0.154461 0.479000 54 65 65
-0.198181 -0.155106 0.481000 50 61 61
-0.196101 -0.155429 0.482000 75 82 86
-0.195663 -0.156074 0.484000 121 128 132
-0.194813 -0.156396 0.485000 120 126 128
-0.194357 -0.157041 0.487000 128 134 136
-0.015930 -0.160911 0.499000 39 47 48
-0.014640 -0.160911 0.499000 36 46 49
-0.013350 -0.160911 0.499000 41 51 54
-0.012059 -0.160911 0.499000 46 57 55
-0.010769 -0.160911 0.499000 53 64 62
-0.009479 -0.160911 0.499000 51 62 62
-0.008189 -0.160911 0.499000 39 50 50
-0.006898 -0.160911 0.499000 34 44 47
-0.005608 -0.160911 0.499000 30 40 43
-0.004318 -0.160911 0.499000 24 35 35
-0.003034 -0.161233 0.500000 25 36 36
-0.001741 -0.161233 0.500000 26 37 37
-0.000448 -0.161233 0.500000 34 45 45
0.000847 -0.161556 0.501000 64 75 75
0.002142 -0.161556 0.501000 96 107 107
0.004752 -0.162201 0.503000 127 135 134
0.006052 -0.162201 0.503000 130 141 139
0.007368 -0.162523 0.504000 130 141 139
0.008671 -0.162523 0.504000 126 137 137
0.009994 -0.162846 0.505000 124 135 135
0.011299 -0.162846 0.505000 122 133 131
0.012605 -0.162846 0.505000 119 130 128
0.013939 -0.163168 0.506000 119 127 126
0.058192 -0.162523 0.504000 101 112 110
0.059495 -0.162523 0.504000 102 113 111
0.060677 -0.162201 0.503000 102 113 109
0.061978 -0.162201 0.503000 102 113 109
0.063279 -0.162201 0.503000 97 108 106
0.064451 -0.161878 0.502000 87 98 96
0.065749 -0.161878 0.502000 63 78 77
0.067047 -0.161878 0.502000 35 50 49
0.068345 -0.161878 0.502000 19 34 33
0.069643 -0.161878 0.502000 14 29 28
0.070799 -0.161556 0.501000 19 30 28
0.072095 -0.161556 0.501000 22 33 31
0.073390 -0.161556 0.501000 27 35 34
0.074686 -0.161556 0.501000 27 35 34
0.075981 -0.161556 0.501000 28 36 33
0.077277 -0.161556 0.501000 31 39 36
0.078729 -0.161878 0.502000 35 44 37
0.080027 -0.161878 0.502000 38 47 40
0.081487 -0.162201 0.503000 39 48 41
0.082623 -0.161878 0.502000 38 47 40
0.083587 -0.161233 0.500000 36 44 41
0.084710 -0.160911 0.499000 33 41 38
0.085311 -0.159621 0.495000 33 41 38
0.086066 -0.158654 0.492000 45 53 50
0.086273 -0.156719 0.486000 68 76 73
0.087349 -0.156396 0.485000 96 104 101
0.088238 -0.155751 0.483000 100 109 102
0.089116 -0.155106 0.481000 99 108 101
0.090172 -0.154784 0.480000 82 89 83
0.091223 -0.154461 0.479000 47 54 48
0.092461 -0.154461 0.479000 35 43 44
0.093700 -0.154461 0.479000 36 44 45
0.094938 -0.154461 0.479000 34 44 47
0.096177 -0.154461 0.479000 34 44 47
0.097415 -0.154461 0.479000 34 45 43
0.098654 -0.154461 0.479000 33 44 42
0.099893 -0.154461 0.479000 47 55 52
0.101131 -0.154461 0.479000 53 61 58
0.102370 -0.154461 0.479000 50 63 58
0.103608 -0.154461 0.479000 47 60 55
0.104847 -0.154461 0.479000 47 60 55
0.106085 -0.154461 0.479000 40 53 48
0.107324 -0.154461 0.479000 39 52 47
0.108562 -0.154461 0.479000 33 46 41
0.109801 -0.154461 0.479000 31 44 41
0.112512 -0.154784 0.480000 24 39 38
0.113753 -0.154784 0.480000 24 39 38
0.115234 -0.155106 0.481000 25 43 41
0.116720 -0.155429 0.482000 19 37 35
0.118211 -0.155751 0.483000 24 43 43
0.119707 -0.156074 0.484000 55 74 74
0.121209 -0.156396 0.485000 82 100 98
0.122463 -0.156396 0.485000 91 109 107
0.123972 -0.156719 0.486000 95 108 105
0.125744 -0.157364 0.488000 92 105 102
0.127526 -0.158009 0.490000 92 98 96
0.129056 -0.158331 0.491000 85 91 89
0.131863 -0.158654 0.492000 75 79 72
0.133406 -0.158976 0.493000 70 74 69
0.134954 -0.159298 0.494000 60 64 59
0.136507 -0.159621 0.495000 42 50 47
0.138065 -0.159943 0.496000 33 41 38
0.139629 -0.160266 0.497000 27 38 34
0.140914 -0.160266 0.497000 27 38 34
0.142199 -0.160266 0.497000 28 41 36
0.143484 -0.160266 0.497000 26 39 34
0.144478 -0.159943 0.496000 24 39 36
0.145760 -0.159943 0.496000 23 38 35
0.146746 -0.159621 0.495000 26 41 38
0.148026 -0.159621 0.495000 24 39 36
0.149608 -0.159943 0.496000 24 37 32
0.150890 -0.159943 0.496000 28 41 36
0.152173 -0.159943 0.496000 28 41 36
0.153455 -0.159943 0.496000 28 41 36
0.155050 -0.160266 0.497000 24 37 32
0.156335 -0.160266 0.497000 29 42 37
0.157937 -0.160588 0.498000 29 42 37
0.159544 -0.160911 0.499000 30 43 38
0.160835 -0.160911 0.499000 24 37 32
0.162125 -0.160911 0.499000 23 36 31
0.163415 -0.160911 0.499000 26 39 36
0.165035 -0.161233 0.500000 31 44 41
0.166328 -0.161233 0.500000 29 42 41
0.167621 -0.161233 0.500000 23 36 35
0.169252 -0.161556 0.501000 23 34 32
0.170207 -0.161233 0.500000 27 38 36
0.171843 -0.161556 0.501000 27 38 36
0.173484 -0.161878 0.502000 29 40 38
0.175130 -0.162201 0.503000 28 36 35
0.178438 -0.162846 0.505000 26 37 35
0.181408 -0.163168 0.506000 27 38 36
0.183077 -0.163491 0.507000 26 37 35
0.187164 -0.164780 0.511000 27 38 36
0.194529 -0.165425 0.513000 24 37 32
0.196237 -0.165748 0.514000 25 38 33
0.197566 -0.165748 0.514000 28 41 38
0.199282 -0.166070 0.515000 28 41 38
0.200614 -0.166070 0.515000 29 42 39
0.205403 -0.166715 0.517000 31 44 41
0.206740 -0.166715 0.517000 31 44 39
0.208077 -0.166715 0.517000 30 43 38
0.209819 -0.167038 0.518000 31 44 39
0.211158 -0.167038 0.518000 30 43 38
0.212498 -0.167038 0.518000 28 43 40
0.214250 -0.167360 0.519000 30 45 42
0.215592 -0.167360 0.519000 31 48 49
0.216934 -0.167360 0.519000 28 45 46
0.218276 -0.167360 0.519000 28 45 48
0.219618 -0.167360 0.519000 27 44 47
0.221385 -0.167683 0.520000 27 44 47
0.222730 -0.167683 0.520000 28 45 48
0.224074 -0.167683 0.520000 31 48 51
0.224552 -0.167038 0.518000 32 49 52
0.224583 -0.166070 0.515000 27 41 43
0.225923 -0.165103 0.512000 30 42 44
0.227246 -0.165103 0.512000 31 43 45
0.228570 -0.165103 0.512000 32 42 45
0.229445 -0.164780 0.511000 32 42 45
0.230766 -0.164780 0.511000 33 43 46
0.231634 -0.164458 0.510000 37 47 50
0.233409 -0.164780 0.511000 42 56 60
0.234730 -0.164780 0.511000 51 65 69
0.236052 -0.164780 0.511000 64 78 82
0.237373 -0.164780 0.511000 85 99 103
-0.227082 -0.153221 0.479000 91 98 90
-0.225844 -0.153221 0.479000 70 77 69
-0.224605 -0.153221 0.479000 48 59 57
-0.223366 -0.153221 0.479000 38 49 47
-0.222128 -0.153221 0.479000 37 50 49
-0.220428 -0.152901 0.478000 39 52 51
-0.219651 -0.153221 0.479000 45 60 59
-0.217956 -0.152901 0.478000 50 65 64
-0.216720 -0.152901 0.478000 51 64 61
-0.215484 -0.152901 0.478000 43 56 53
-0.214248 -0.152901 0.478000 37 48 46
-0.212567 -0.152581 0.477000 29 40 38
-0.211333 -0.152581 0.477000 23 38 37
-0.210100 -0.152581 0.477000 51 66 65
-0.208867 -0.152581 0.477000 54 71 72
-0.207198 -0.152262 0.476000 55 72 73
-0.205967 -0.152262 0.476000 61 76 75
-0.204737 -0.152262 0.476000 61 76 75
-0.203506 -0.152262 0.476000 64 75 75
-0.202275 -0.152262 0.476000 62 73 73
-0.201467 -0.152581 0.477000 62 73 73
-0.200233 -0.152581 0.477000 61 72 72
-0.199000 -0.152581 0.477000 60 71 71
-0.197766 -0.152581 0.477000 58 69 69
-0.196945 -0.152901 0.478000 54 65 65
-0.196119 -0.153221 0.479000 50 61 61
-0.194880 -0.153221 0.479000 47 58 58
-0.194046 -0.153541 0.480000 62 73 73
-0.192305 -0.155141 0.485000 99 107 106
-0.018511 -0.159619 0.499000 38 46 45
-0.017186 -0.159299 0.498000 34 42 43
-0.015898 -0.159299 0.498000 40 48 49
-0.014611 -0.159299 0.498000 48 58 61
-0.013323 -0.159299 0.498000 51 61 64
-0.012035 -0.159299 0.498000 46 56 59
-0.010748 -0.159299 0.498000 33 43 46
-0.009460 -0.159299 0.498000 25 35 38
-0.008189 -0.159619 0.499000 25 35 38
-0.006898 -0.159619 0.499000 26 36 39
-0.005608 -0.159619 0.499000 31 41 44
-0.004318 -0.159619 0.499000 55 66 64
-0.003034 -0.159939 0.500000 82 93 91
-0.000449 -0.160259 0.501000 128 136 135
0.002146 -0.160578 0.502000 132 140 141
0.003451 -0.160898 0.503000 132 140 139
0.004761 -0.161218 0.504000 126 134 133
0.006064 -0.161218 0.504000 124 132 131
0.007382 -0.161538 0.505000 125 133 132
0.008688 -0.161538 0.505000 125 133 132
0.009994 -0.161538 0.505000 123 131 130
0.059613 -0.161538 0.505000 98 109 107
0.060919 -0.161538 0.505000 98 109 105
0.062101 -0.161218 0.504000 97 108 104
0.063404 -0.161218 0.504000 94 107 102
0.064708 -0.161218 0.504000 99 112 107
0.066011 -0.161218 0.504000 100 115 112
0.067314 -0.161218 0.504000 101 116 113
0.068617 -0.161218 0.504000 95 108 107
0.069782 -0.160898 0.503000 81 94 93
0.071082 -0.160898 0.503000 61 69 70
0.072383 -0.160898 0.503000 42 50 51
0.073390 -0.160259 0.501000 24 32 33
0.074835 -0.160578 0.502000 19 27 28
0.075981 -0.160259 0.501000 22 30 29
0.077122 -0.159939 0.500000 22 30 29
0.078415 -0.159939 0.500000 25 33 30
0.079708 -0.159939 0.500000 26 34 31
0.081163 -0.160259 0.501000 26 34 31
0.082458 -0.160259 0.501000 28 36 33
0.082584 -0.158019 0.494000 33 41 38
0.083521 -0.157380 0.492000 35 43 40
0.084276 -0.156420 0.489000 36 44 41
0.085740 -0.154501 0.483000 33 41 40
0.087690 -0.153541 0.480000 46 54 51
0.088746 -0.153221 0.479000 49 57 54
0.089984 -0.153221 0.479000 36 44 45
0.091223 -0.153221 0.479000 33 41 42
0.092268 -0.152901 0.478000 31 42 42
0.094938 -0.153221 0.479000 33 46 45
0.096177 -0.153221 0.479000 37 50 49
0.097415 -0.153221 0.479000 42 55 54
0.098654 -0.153221 0.479000 49 62 61
0.099893 -0.153221 0.479000 49 62 59
0.101131 -0.153221 0.479000 46 59 56
0.102370 -0.153221 0.479000 45 58 55
0.103608 -0.153221 0.479000 40 53 50
0.104847 -0.153221 0.479000 39 52 47
0.106085 -0.153221 0.479000 36 49 44
0.107324 -0.153221 0.479000 31 44 39
0.108562 -0.153221 0.479000 25 38 33
0.111271 -0.153541 0.480000 25 38 33
0.112512 -0.153541 0.480000 22 37 34
0.113990 -0.153861 0.481000 21 36 33
0.115474 -0.154181 0.482000 26 41 38
0.116962 -0.154501 0.483000 45 60 57
0.118456 -0.154821 0.484000 67 82 81
0.119955 -0.155141 0.485000 70 85 84
0.121209 -0.155141 0.485000 64 79 78
0.122715 -0.155460 0.486000 58 73 72
0.124482 -0.156100 0.488000 56 69 66
0.126259 -0.156740 0.490000 51 64 61
0.129319 -0.157380 0.492000 35 43 42
0.130591 -0.157380 0.492000 36 42 40
0.132131 -0.157700 0.493000 36 42 40
0.133677 -0.158019 0.494000 36 44 41
0.135227 -0.158339 0.495000 36 44 41
0.137059 -0.158979 0.497000 32 43 41
0.138344 -0.158979 0.497000 31 42 40
0.139629 -0.158979 0.497000 29 42 39
0.140914 -0.158979 0.497000 29 42 39
0.142199 -0.158979 0.497000 26 41 38
0.143484 -0.158979 0.497000 24 39 36
0.144769 -0.158979 0.497000 30 45 42
0.145760 -0.158659 0.496000 30 45 42
0.147043 -0.158659 0.496000 29 44 41
0.148325 -0.158659 0.496000 30 45 42
0.149608 -0.158659 0.496000 33 48 45
0.150890 -0.158659 0.496000 33 48 45
0.152173 -0.158659 0.496000 34 49 46
0.153455 -0.158659 0.496000 36 51 48
0.155050 -0.158979 0.497000 37 50 45
0.156335 -0.158979 0.497000 33 46 41
0.157937 -0.159299 0.498000 40 53 48
0.159225 -0.159299 0.498000 42 55 50
0.160835 -0.159619 0.499000 44 57 54
0.162125 -0.159619 0.499000 43 56 53
0.163415 -0.159619 0.499000 38 51 48
0.164705 -0.159619 0.499000 38 51 48
0.166328 -0.159939 0.500000 39 52 51
0.167286 -0.159619 0.499000 40 53 52
0.168914 -0.159939 0.500000 40 51 49
0.170207 -0.159939 0.500000 40 51 49
0.171500 -0.159939 0.500000 43 51 50
0.176080 -0.160578 0.502000 45 53 52
0.177731 -0.160898 0.503000 45 53 52
0.182355 -0.161538 0.505000 34 45 43
0.199445 -0.163777 0.512000 28 41 40
0.201161 -0.164097 0.513000 29 42 41
0.203814 -0.164097 0.513000 31 44 41
0.205540 -0.164417 0.514000 32 45 42
0.206870 -0.164417 0.514000 29 42 39
0.210857 -0.164417 0.514000 25 38 35
0.212599 -0.164737 0.515000 30 43 40
0.219194 -0.165696 0.518000 27 44 45
0.220534 -0.165696 0.518000 24 41 44
0.222302 -0.166016 0.519000 25 42 45
0.223213 -0.165696 0.518000 28 45 48
0.225481 -0.163457 0.511000 61 71 74
0.225915 -0.162818 0.509000 77 87 90
0.226785 -0.162498 0.508000 82 90 91
0.227649 -0.162178 0.507000 92 100 101
0.228960 -0.162178 0.507000 104 112 113
0.230271 -0.162178 0.507000 111 119 120
0.231582 -0.162178 0.507000 118 128 133
-0.227844 -0.151664 0.478000 80 81 75
-0.226608 -0.151664 0.478000 67 70 69
-0.225372 -0.151664 0.478000 52 55 54
-0.224136 -0.151664 0.478000 41 52 52
-0.222900 -0.151664 0.478000 41 52 52
-0.221664 -0.151664 0.478000 42 55 52
-0.220428 -0.151664 0.478000 50 63 60
-0.219192 -0.151664 0.478000 55 70 67
-0.217956 -0.151664 0.478000 49 64 61
-0.216720 -0.151664 0.478000 45 60 57
-0.215484 -0.151664 0.478000 28 43 40
-0.214248 -0.151664 0.478000 28 41 38
-0.212567 -0.151346 0.477000 25 38 35
-0.210890 -0.151029 0.476000 31 44 41
-0.209660 -0.151029 0.476000 61 74 71
-0.208429 -0.151029 0.476000 57 72 69
-0.206763 -0.150712 0.475000 58 73 70
-0.205535 -0.150712 0.475000 59 74 73
-0.204306 -0.150712 0.475000 61 76 75
-0.203078 -0.150712 0.475000 63 76 75
-0.201425 -0.150395 0.474000 61 74 73
-0.200199 -0.150395 0.474000 61 72 72
-0.198974 -0.150395 0.474000 60 71 71
-0.197748 -0.150395 0.474000 60 71 71
-0.196523 -0.150395 0.474000 59 70 70
-0.195297 -0.150395 0.474000 58 69 67
-0.194481 -0.150712 0.475000 52 63 61
-0.193253 -0.150712 0.475000 46 59 56
-0.192833 -0.151346 0.477000 43 56 53
-0.021091 -0.158327 0.499000 43 51 50
-0.019761 -0.158009 0.498000 32 43 41
-0.018474 -0.158009 0.498000 38 49 47
-0.017151 -0.157692 0.497000 47 58 58
-0.015866 -0.157692 0.497000 50 61 61
-0.014581 -0.157692 0.497000 45 57 59
-0.013296 -0.157692 0.497000 32 44 46
-0.012035 -0.158009 0.498000 32 44 48
-0.010748 -0.158009 0.498000 25 37 41
-0.009479 -0.158327 0.499000 33 43 46
-0.008189 -0.158327 0.499000 59 69 72
-0.006898 -0.158327 0.499000 98 104 104
-0.005619 -0.158644 0.500000 126 132 132
-0.004327 -0.158644 0.500000 139 145 143
-0.001744 -0.158961 0.501000 135 142 136
-0.000450 -0.159279 0.502000 128 135 129
0.000850 -0.159596 0.503000 125 133 130
0.002155 -0.159913 0.504000 126 134 131
0.003458 -0.159913 0.504000 127 135 134
0.004771 -0.160230 0.505000 126 134 133
0.006076 -0.160230 0.505000 127 133 133
0.007382 -0.160230 0.505000 127 133 133
0.008688 -0.160230 0.505000 128 134 134
0.063530 -0.160230 0.505000 94 105 101
0.064836 -0.160230 0.505000 96 107 103
0.066142 -0.160230 0.505000 94 107 102
0.067314 -0.159913 0.504000 93 106 101
0.068617 -0.159913 0.504000 93 106 101
0.069920 -0.159913 0.504000 97 110 105
0.071223 -0.159913 0.504000 100 111 111
0.072383 -0.159596 0.503000 98 109 109
0.073537 -0.159279 0.502000 93 101 100
0.074835 -0.159279 0.502000 72 80 79
0.075981 -0.158961 0.501000 43 51 50
0.077122 -0.158644 0.500000 25 33 32
0.078258 -0.158327 0.499000 17 28 28
0.079549 -0.158327 0.499000 16 27 27
0.080353 -0.157375 0.496000 18 29 27
0.081306 -0.156740 0.494000 18 29 27
0.081748 -0.155154 0.489000 19 30 26
0.083966 -0.152298 0.480000 27 38 34
0.085030 -0.151981 0.479000 36 47 43
0.086269 -0.151981 0.479000 36 47 43
0.087507 -0.151981 0.479000 34 45 43
0.088560 -0.151664 0.478000 34 45 43
0.089796 -0.151664 0.478000 33 44 44
0.091032 -0.151664 0.478000 32 43 43
0.092268 -0.151664 0.478000 33 44 44
0.093504 -0.151664 0.478000 37 48 48
0.094740 -0.151664 0.478000 43 56 55
0.095976 -0.151664 0.478000 54 67 66
0.098654 -0.151981 0.479000 44 59 58
0.099893 -0.151981 0.479000 42 57 56
0.101131 -0.151981 0.479000 37 52 51
0.102370 -0.151981 0.479000 36 49 46
0.103608 -0.151981 0.479000 31 44 41
0.104847 -0.151981 0.479000 24 37 34
0.106085 -0.151981 0.479000 24 37 34
0.107324 -0.151981 0.479000 25 38 33
0.110030 -0.152298 0.480000 24 37 32
0.111271 -0.152298 0.480000 25 38 33
0.112747 -0.152616 0.481000 22 37 34
0.114227 -0.152933 0.482000 23 38 35
0.115713 -0.153250 0.483000 27 42 39
0.117204 -0.153567 0.484000 27 42 39
0.118701 -0.153885 0.485000 22 37 36
0.119955 -0.153885 0.485000 17 32 31
0.121459 -0.154202 0.486000 15 30 29
0.123220 -0.154837 0.488000 15 30 29
0.124992 -0.155471 0.490000 16 31 30
0.128047 -0.156106 0.492000 26 39 38
0.129319 -0.156106 0.492000 26 39 38
0.130856 -0.156423 0.493000 25 36 36
0.132667 -0.157058 0.495000 26 37 37
0.134218 -0.157375 0.496000 26 37 37
0.135773 -0.157692 0.497000 33 44 44
0.137059 -0.157692 0.497000 35 48 47
0.138344 -0.157692 0.497000 31 44 43
0.139910 -0.158009 0.498000 37 50 47
0.141197 -0.158009 0.498000 40 53 50
0.142485 -0.158009 0.498000 41 56 53
0.143484 -0.157692 0.497000 43 58 55
0.144769 -0.157692 0.497000 42 60 56
0.146054 -0.157692 0.497000 41 59 55
0.147339 -0.157692 0.497000 42 60 54
0.148325 -0.157375 0.496000 43 61 55
0.149608 -0.157375 0.496000 48 63 58
0.150890 -0.157375 0.496000 49 64 59
0.152173 -0.157375 0.496000 49 64 59
0.153765 -0.157692 0.497000 50 65 60
0.155050 -0.157692 0.497000 52 67 62
0.156649 -0.158009 0.498000 49 64 59
0.157937 -0.158009 0.498000 58 71 66
0.159225 -0.158009 0.498000 56 69 64
0.160512 -0.158009 0.498000 57 70 65
0.162125 -0.158327 0.499000 52 65 60
0.163415 -0.158327 0.499000 49 62 57
0.164705 -0.158327 0.499000 45 58 53
0.165996 -0.158327 0.499000 47 58 54
0.167286 -0.158327 0.499000 47 58 54
0.168576 -0.158327 0.499000 47 55 52
0.170207 -0.158644 0.500000 55 63 60
0.171500 -0.158644 0.500000 56 64 61
0.172792 -0.158644 0.500000 55 63 60
0.174085 -0.158644 0.500000 54 62 59
0.175378 -0.158644 0.500000 52 60 57
0.177024 -0.158961 0.501000 54 62 61
0.178320 -0.158961 0.501000 52 60 59
0.181633 -0.159596 0.503000 50 61 59
0.189258 -0.160548 0.506000 50 63 60
0.190566 -0.160548 0.506000 46 59 56
0.207388 -0.162452 0.512000 60 71 69
0.210036 -0.162452 0.512000 82 88 86
0.211360 -0.162452 0.512000 89 95 93
0.215752 -0.162769 0.513000 96 107 103
0.222405 -0.160865 0.507000 105 123 121
0.223275 -0.160548 0.506000 114 125 125
0.224583 -0.160548 0.506000 115 126 126
-0.228601 -0.150111 0.477000 67 71 66
-0.227367 -0.150111 0.477000 58 62 57
-0.226134 -0.150111 0.477000 39 42 43
-0.225372 -0.150426 0.478000 45 48 49
-0.224136 -0.150426 0.478000 47 53 53
-0.222900 -0.150426 0.478000 50 56 56
-0.221664 -0.150426 0.478000 50 63 60
-0.220428 -0.150426 0.478000 51 64 61
-0.219192 -0.150426 0.478000 44 59 56
-0.217956 -0.150426 0.478000 34 49 46
-0.216720 -0.150426 0.478000 34 49 46
-0.215484 -0.150426 0.478000 28 43 40
-0.214248 -0.150426 0.478000 26 39 36
-0.212567 -0.150111 0.477000 28 41 38
-0.211333 -0.150111 0.477000 30 43 40
-0.209660 -0.149797 0.476000 51 64 61
-0.208429 -0.149797 0.476000 58 73 70
-0.206763 -0.149482 0.475000 58 73 70
-0.205535 -0.149482 0.475000 59 74 73
-0.203876 -0.149167 0.474000 61 76 75
-0.202651 -0.149167 0.474000 57 72 71
-0.201425 -0.149167 0.474000 56 71 70
-0.199777 -0.148853 0.473000 61 74 73
-0.198554 -0.148853 0.473000 61 74 73
-0.197331 -0.148853 0.473000 61 74 71
-0.196108 -0.148853 0.473000 58 71 68
-0.194885 -0.148853 0.473000 53 66 63
-0.193662 -0.148853 0.473000 52 65 62
-0.192439 -0.148853 0.473000 45 58 53
-0.191216 -0.148853 0.473000 44 57 52
-0.189190 -0.148223 0.471000 44 57 52
-0.187573 -0.147908 0.470000 44 57 52
-0.020922 -0.155776 0.495000 36 47 45
-0.019603 -0.155461 0.494000 44 57 54
-0.018325 -0.155461 0.494000 46 59 56
-0.017082 -0.155776 0.495000 42 55 54
-0.015802 -0.155776 0.495000 31 44 43
-0.014523 -0.155776 0.495000 25 35 38
-0.013269 -0.156091 0.496000 27 37 40
-0.012011 -0.156405 0.497000 46 54 55
-0.010748 -0.156720 0.498000 91 99 100
-0.009479 -0.157035 0.499000 121 129 128
-0.008189 -0.157035 0.499000 138 146 145
-0.006912 -0.157349 0.500000 140 147 141
-0.005619 -0.157349 0.500000 135 142 136
-0.003040 -0.157664 0.501000 133 137 132
-0.001748 -0.157979 0.502000 131 135 130
-0.000451 -0.158294 0.503000 133 137 132
0.000852 -0.158608 0.504000 129 136 130
0.002155 -0.158608 0.504000 128 135 129
0.003465 -0.158923 0.505000 128 134 132
0.004771 -0.158923 0.505000 129 135 133
0.006076 -0.158923 0.505000 131 137 135
0.007382 -0.158923 0.505000 131 137 135
0.066142 -0.158923 0.505000 91 102 98
0.067447 -0.158923 0.505000 90 101 97
0.068753 -0.158923 0.505000 91 99 98
0.070059 -0.158923 0.505000 92 100 99
0.071223 -0.158608 0.504000 90 98 97
0.072527 -0.158608 0.504000 91 99 98
0.073683 -0.158294 0.503000 93 101 100
0.074984 -0.158294 0.503000 100 108 107
0.076133 -0.157979 0.502000 98 106 105
0.077122 -0.157349 0.500000 95 103 102
0.078258 -0.157035 0.499000 81 89 90
0.081484 -0.151055 0.480000 21 34 29
0.082553 -0.150741 0.479000 30 41 37
0.083617 -0.150426 0.478000 36 47 43
0.084675 -0.150111 0.477000 36 49 46
0.085908 -0.150111 0.477000 32 45 42
0.087142 -0.150111 0.477000 29 42 41
0.088375 -0.150111 0.477000 30 43 42
0.089609 -0.150111 0.477000 30 43 42
0.090842 -0.150111 0.477000 35 48 47
0.092075 -0.150111 0.477000 44 57 54
0.093309 -0.150111 0.477000 49 62 59
0.094740 -0.150426 0.478000 51 64 63
0.095976 -0.150426 0.478000 46 59 58
0.097212 -0.150426 0.478000 42 57 56
0.098448 -0.150426 0.478000 37 52 51
0.101131 -0.150741 0.479000 26 41 40
0.102370 -0.150741 0.479000 23 38 35
0.103608 -0.150741 0.479000 22 37 34
0.104847 -0.150741 0.479000 21 36 33
0.107548 -0.151055 0.480000 22 37 34
0.108789 -0.151055 0.480000 22 37 34
0.110259 -0.151370 0.481000 20 35 32
0.111735 -0.151685 0.482000 19 34 31
0.113216 -0.152000 0.483000 21 36 33
0.114701 -0.152314 0.484000 21 36 33
0.116192 -0.152629 0.485000 23 36 33
0.117447 -0.152629 0.485000 24 37 34
0.118945 -0.152944 0.486000 22 33 31
0.120449 -0.153258 0.487000 25 36 34
0.122208 -0.153888 0.489000 25 36 34
0.125247 -0.154517 0.491000 35 48 45
0.126775 -0.154832 0.492000 37 50 47
0.128307 -0.155147 0.493000 35 48 45
0.130107 -0.155776 0.495000 39 52 49
0.131918 -0.156405 0.497000 46 57 55
0.133203 -0.156405 0.497000 52 63 61
0.134759 -0.156720 0.498000 54 65 63
0.136047 -0.156720 0.498000 57 68 66
0.137610 -0.157035 0.499000 57 72 69
0.138900 -0.157035 0.499000 55 70 67
0.140191 -0.157035 0.499000 54 69 66
0.141481 -0.157035 0.499000 52 67 64
0.142485 -0.156720 0.498000 49 67 63
0.143773 -0.156720 0.498000 49 67 63
0.145060 -0.156720 0.498000 50 68 64
0.146348 -0.156720 0.498000 53 71 67
0.147339 -0.156405 0.497000 60 78 74
0.148624 -0.156405 0.497000 61 79 75
0.149909 -0.156405 0.497000 63 78 75
0.151194 -0.156405 0.497000 56 71 68
0.152479 -0.156405 0.497000 62 77 74
0.154074 -0.156720 0.498000 61 76 73
0.155362 -0.156720 0.498000 57 72 67
0.156649 -0.156720 0.498000 56 71 66
0.157937 -0.156720 0.498000 57 72 69
0.159544 -0.157035 0.499000 57 72 69
0.160835 -0.157035 0.499000 56 71 68
0.162125 -0.157035 0.499000 55 70 67
0.163415 -0.157035 0.499000 54 69 64
0.164705 -0.157035 0.499000 57 72 67
0.165996 -0.157035 0.499000 69 80 76
0.167286 -0.157035 0.499000 68 79 75
0.168576 -0.157035 0.499000 62 73 69
0.170207 -0.157349 0.500000 59 70 66
0.171500 -0.157349 0.500000 62 73 69
0.172792 -0.157349 0.500000 64 75 71
0.174085 -0.157349 0.500000 65 76 72
0.175378 -0.157349 0.500000 58 69 65
0.177024 -0.157664 0.501000 55 66 62
0.178320 -0.157664 0.501000 54 65 61
0.179615 -0.157664 0.501000 57 70 65
0.183868 -0.157979 0.502000 52 65 60
0.191495 -0.158923 0.505000 51 64 59
0.192801 -0.158923 0.505000 54 67 62
0.194491 -0.159238 0.506000 58 71 66
0.222834 -0.158923 0.505000 105 113 110
0.224140 -0.158923 0.505000 106 114 111
0.247153 -0.158608 0.504000 191 190 190
0.248456 -0.158608 0.504000 191 186 182
0.250255 -0.158923 0.505000 189 184 180
0.251561 -0.158923 0.505000 183 180 175
0.252866 -0.158923 0.505000 176 173 168
-0.230583 -0.148564 0.476000 100 107 101
-0.229352 -0.148564 0.476000 58 65 59
-0.228121 -0.148564 0.476000 44 50 50
-0.226891 -0.148564 0.476000 44 50 50
-0.226134 -0.148876 0.477000 43 49 51
-0.224901 -0.148876 0.477000 47 53 55
-0.223667 -0.148876 0.477000 48 56 55
-0.222900 -0.149188 0.478000 56 64 63
-0.221664 -0.149188 0.478000 52 65 62
-0.220428 -0.149188 0.478000 46 59 56
-0.219192 -0.149188 0.478000 26 39 36
-0.217956 -0.149188 0.478000 30 43 40
-0.214248 -0.149188 0.478000 29 42 39
-0.213012 -0.149188 0.478000 31 44 41
-0.211333 -0.148876 0.477000 43 54 52
-0.210100 -0.148876 0.477000 33 44 42
-0.208429 -0.148564 0.476000 41 56 55
-0.207198 -0.148564 0.476000 55 70 69
-0.205535 -0.148252 0.475000 55 70 69
-0.203876 -0.147940 0.474000 54 69 68
-0.202651 -0.147940 0.474000 55 70 69
-0.201000 -0.147628 0.473000 56 71 70
-0.199777 -0.147628 0.473000 60 73 70
-0.198554 -0.147628 0.473000 59 72 69
-0.197331 -0.147628 0.473000 59 72 69
-0.195279 -0.147004 0.471000 56 69 66
-0.194061 -0.147004 0.471000 50 63 60
-0.192434 -0.146692 0.470000 49 62 59
-0.190812 -0.146379 0.469000 42 55 52
-0.189195 -0.146067 0.468000 42 55 52
-0.187984 -0.146067 0.468000 39 52 49
-0.186375 -0.145755 0.467000 40 53 50
-0.019483 -0.153246 0.491000 44 59 58
-0.018214 -0.153246 0.491000 34 49 48
-0.016979 -0.153558 0.492000 26 37 37
-0.015707 -0.153558 0.492000 31 42 42
-0.014464 -0.153870 0.493000 60 66 68
-0.013216 -0.154182 0.494000 105 111 113
-0.011987 -0.154806 0.496000 132 138 138
-0.010748 -0.155431 0.498000 139 145 145
-0.009479 -0.155743 0.499000 138 144 142
-0.008189 -0.155743 0.499000 132 138 136
-0.005631 -0.156367 0.501000 133 140 134
-0.004335 -0.156367 0.501000 133 140 134
-0.003052 -0.156991 0.503000 132 139 133
-0.001751 -0.156991 0.503000 136 140 135
-0.000452 -0.157303 0.504000 135 139 134
0.000852 -0.157303 0.504000 135 139 134
0.002159 -0.157615 0.505000 134 138 133
0.070059 -0.157615 0.505000 90 98 95
0.071365 -0.157615 0.505000 85 93 92
0.072527 -0.157303 0.504000 85 93 92
0.073830 -0.157303 0.504000 84 92 91
0.074984 -0.156991 0.503000 83 91 90
0.076285 -0.156991 0.503000 84 92 91
0.076968 -0.155743 0.499000 89 97 96
0.078508 -0.148876 0.477000 61 72 70
0.079742 -0.148876 0.477000 29 42 37
0.080975 -0.148876 0.477000 32 45 40
0.082036 -0.148564 0.476000 32 45 40
0.083267 -0.148564 0.476000 35 48 43
0.084498 -0.148564 0.476000 32 45 44
0.085548 -0.148252 0.475000 30 43 42
0.086959 -0.148564 0.476000 32 45 44
0.088190 -0.148564 0.476000 35 48 47
0.089421 -0.148564 0.476000 45 58 57
0.090651 -0.148564 0.476000 50 63 62
0.091882 -0.148564 0.476000 53 66 65
0.093309 -0.148876 0.477000 45 58 57
0.094542 -0.148876 0.477000 42 57 56
0.095976 -0.149188 0.478000 37 52 51
0.097212 -0.149188 0.478000 29 44 43
0.098448 -0.149188 0.478000 27 42 41
0.101131 -0.149501 0.479000 26 41 40
0.102370 -0.149501 0.479000 28 41 38
0.105066 -0.149813 0.480000 29 42 39
0.106307 -0.149813 0.480000 25 38 35
0.107772 -0.150125 0.481000 22 35 32
0.109242 -0.150437 0.482000 18 31 28
0.110947 -0.151061 0.484000 17 30 25
0.112199 -0.151061 0.484000 16 29 24
0.113684 -0.151373 0.485000 23 36 31
0.115175 -0.151685 0.486000 24 37 32
0.116672 -0.151997 0.487000 34 46 38
0.118173 -0.152310 0.488000 39 51 43
0.119924 -0.152934 0.490000 46 58 50
0.122708 -0.153246 0.491000 52 63 59
0.124230 -0.153558 0.492000 52 63 59
0.125758 -0.153870 0.493000 52 63 59
0.127548 -0.154494 0.495000 58 69 65
0.129348 -0.155118 0.497000 60 71 67
0.130896 -0.155431 0.498000 58 69 65
0.132449 -0.155743 0.499000 53 64 60
0.133739 -0.155743 0.499000 50 61 57
0.135030 -0.155743 0.499000 51 64 59
0.136593 -0.156055 0.500000 50 63 58
0.137886 -0.156055 0.500000 49 64 61
0.139179 -0.156055 0.500000 51 66 63
0.140472 -0.156055 0.500000 47 62 59
0.141764 -0.156055 0.500000 47 62 59
0.143057 -0.156055 0.500000 42 60 56
0.144061 -0.155743 0.499000 43 61 57
0.145352 -0.155743 0.499000 41 59 55
0.146642 -0.155743 0.499000 38 56 52
0.147636 -0.155431 0.498000 41 59 55
0.148923 -0.155431 0.498000 42 60 56
0.150211 -0.155431 0.498000 38 53 52
0.151499 -0.155431 0.498000 43 58 57
0.152786 -0.155431 0.498000 40 55 54
0.154383 -0.155743 0.499000 35 50 49
0.155674 -0.155743 0.499000 36 54 52
0.156964 -0.155743 0.499000 42 60 58
0.158254 -0.155743 0.499000 45 63 61
0.159864 -0.156055 0.500000 45 63 61
0.161157 -0.156055 0.500000 43 61 59
0.162450 -0.156055 0.500000 47 65 63
0.163743 -0.156055 0.500000 47 65 61
0.165035 -0.156055 0.500000 47 65 61
0.166661 -0.156367 0.501000 51 66 63
0.167956 -0.156367 0.501000 47 62 59
0.169252 -0.156367 0.501000 51 64 61
0.170547 -0.156367 0.501000 54 67 64
0.171843 -0.156367 0.501000 53 66 61
0.173138 -0.156367 0.501000 60 73 68
0.174433 -0.156367 0.501000 60 73 68
0.175729 -0.156367 0.501000 59 72 67
0.177024 -0.156367 0.501000 63 76 71
0.178320 -0.156367 0.501000 61 74 69
0.180911 -0.156367 0.501000 61 74 71
0.181842 -0.156055 0.500000 58 73 70
0.183135 -0.156055 0.500000 56 71 68
0.184797 -0.156367 0.501000 55 70 67
0.187388 -0.156367 0.501000 52 67 64
0.189060 -0.156679 0.502000 54 69 66
0.190737 -0.156991 0.503000 54 69 64
0.192038 -0.156991 0.503000 56 71 66
0.193723 -0.157303 0.504000 57 72 67
0.195026 -0.157303 0.504000 57 72 67
0.196718 -0.157615 0.505000 56 71 66
0.199330 -0.157615 0.505000 55 70 65
0.200636 -0.157615 0.505000 52 67 62
0.201942 -0.157615 0.505000 60 73 68
0.203247 -0.157615 0.505000 60 73 68
0.204553 -0.157615 0.505000 64 70 68
0.205859 -0.157615 0.505000 62 68 66
0.207165 -0.157615 0.505000 58 64 62
0.221510 -0.156679 0.502000 96 104 101
0.222808 -0.156679 0.502000 104 112 109
0.224106 -0.156679 0.502000 110 121 117
0.224955 -0.156367 0.501000 118 129 125
0.226250 -0.156367 0.501000 121 134 129
0.227546 -0.156367 0.501000 118 131 126
0.228385 -0.156055 0.500000 121 132 128
0.229218 -0.155743 0.499000 119 130 126
0.236960 -0.155743 0.499000 218 222 217
0.244386 -0.156367 0.501000 167 167 163
0.246172 -0.156679 0.502000 167 167 163
0.247470 -0.156679 0.502000 176 171 169
0.249264 -0.156991 0.503000 185 180 178
0.250564 -0.156991 0.503000 191 186 182
0.252366 -0.157303 0.504000 205 200 196
0.253669 -0.157303 0.504000 208 208 202
0.254972 -0.157303 0.504000 181 181 175
-0.231327 -0.147022 0.475000 100 105 95
-0.230099 -0.147022 0.475000 57 68 64
-0.228870 -0.147022 0.475000 41 52 48
-0.228121 -0.147332 0.476000 38 48 51
-0.226891 -0.147332 0.476000 41 51 54
-0.225660 -0.147332 0.476000 44 54 57
-0.224901 -0.147641 0.477000 51 61 64
-0.223667 -0.147641 0.477000 53 66 63
-0.222900 -0.147951 0.478000 47 60 57
-0.221664 -0.147951 0.478000 45 58 55
-0.220428 -0.147951 0.478000 31 44 41
-0.219651 -0.148260 0.479000 28 41 40
-0.218412 -0.148260 0.479000 28 41 40
-0.217174 -0.148260 0.479000 28 41 38
-0.215935 -0.148260 0.479000 28 41 38
-0.214697 -0.148260 0.479000 32 45 42
-0.213012 -0.147951 0.478000 57 70 67
-0.211777 -0.147951 0.478000 67 75 74
-0.210100 -0.147641 0.477000 42 50 49
-0.208867 -0.147641 0.477000 31 42 42
-0.207198 -0.147332 0.476000 30 41 41
-0.205535 -0.147022 0.475000 48 63 62
-0.203876 -0.146713 0.474000 52 67 66
-0.202651 -0.146713 0.474000 54 69 66
-0.201000 -0.146403 0.473000 56 71 68
-0.199777 -0.146403 0.473000 57 72 69
-0.198134 -0.146094 0.472000 56 71 68
-0.196497 -0.145784 0.471000 56 69 66
-0.194450 -0.145165 0.469000 51 64 61
-0.193237 -0.145165 0.469000 45 58 57
-0.191615 -0.144856 0.468000 44 57 56
-0.189998 -0.144546 0.467000 39 52 49
-0.188790 -0.144546 0.467000 38 51 48
-0.187583 -0.144546 0.467000 39 52 49
-0.185976 -0.144237 0.466000 37 50 47
-0.184375 -0.143927 0.465000 36 49 46
-0.182779 -0.143617 0.464000 38 51 48
-0.181579 -0.143617 0.464000 39 47 46
-0.019285 -0.150427 0.486000 30 45 44
-0.018103 -0.151046 0.488000 26 41 40
-0.015643 -0.151665 0.490000 91 102 100
-0.014405 -0.151975 0.491000 132 143 141
-0.013162 -0.152284 0.492000 137 148 146
-0.011939 -0.152903 0.494000 133 141 138
-0.010726 -0.153832 0.497000 132 140 137
-0.009460 -0.154141 0.498000 132 140 137
-0.008189 -0.154451 0.499000 133 141 138
-0.005631 -0.155070 0.501000 134 140 138
-0.004352 -0.155689 0.503000 135 142 136
-0.003058 -0.155998 0.504000 135 142 136
-0.001755 -0.155998 0.504000 138 142 137
0.071365 -0.156308 0.505000 86 94 91
0.072671 -0.156308 0.505000 83 91 88
0.074965 -0.147951 0.478000 77 88 88
0.076201 -0.147951 0.478000 75 86 86
0.077113 -0.147332 0.476000 47 58 58
0.078179 -0.147022 0.475000 45 56 56
0.079240 -0.146713 0.474000 35 48 45
0.080466 -0.146713 0.474000 32 45 42
0.081691 -0.146713 0.474000 31 44 41
0.082917 -0.146713 0.474000 31 44 41
0.084143 -0.146713 0.474000 30 45 42
0.085368 -0.146713 0.474000 38 53 50
0.086594 -0.146713 0.474000 41 56 55
0.087819 -0.146713 0.474000 44 59 58
0.089045 -0.146713 0.474000 45 60 59
0.090461 -0.147022 0.475000 44 59 58
0.091689 -0.147022 0.475000 37 49 51
0.093113 -0.147332 0.476000 36 48 50
0.094542 -0.147641 0.477000 33 48 47
0.095775 -0.147641 0.477000 28 43 42
0.097212 -0.147951 0.478000 22 37 34
0.098448 -0.147951 0.478000 24 39 36
0.101131 -0.148260 0.479000 29 42 39
0.102370 -0.148260 0.479000 30 43 38
0.103824 -0.148570 0.480000 28 41 36
0.105285 -0.148879 0.481000 22 35 30
0.106750 -0.149189 0.482000 22 35 30
0.108444 -0.149808 0.484000 22 35 30
0.109922 -0.150117 0.485000 24 37 32
0.111176 -0.150117 0.485000 35 50 45
0.112662 -0.150427 0.486000 47 62 57
0.114153 -0.150736 0.487000 54 70 61
0.115886 -0.151355 0.489000 57 73 64
0.117390 -0.151665 0.490000 59 73 62
0.120169 -0.151975 0.491000 58 72 63
0.121686 -0.152284 0.492000 57 71 62
0.123208 -0.152594 0.493000 56 70 61
0.124988 -0.153213 0.495000 52 66 57
0.126778 -0.153832 0.497000 47 61 52
0.128321 -0.154141 0.498000 45 59 50
0.129869 -0.154451 0.499000 41 53 45
0.131159 -0.154451 0.499000 39 51 43
0.132714 -0.154760 0.500000 37 49 41
0.134275 -0.155070 0.501000 34 46 38
0.135571 -0.155070 0.501000 37 51 42
0.136866 -0.155070 0.501000 37 51 42
0.138437 -0.155379 0.502000 31 44 39
0.141314 -0.155689 0.503000 27 42 37
0.142331 -0.155379 0.502000 29 44 39
0.143629 -0.155379 0.502000 28 43 38
0.144639 -0.155070 0.501000 27 42 37
0.145934 -0.155070 0.501000 22 40 34
0.147230 -0.155070 0.501000 22 40 34
0.148229 -0.154760 0.500000 28 46 40
0.149521 -0.154760 0.500000 27 45 39
0.150814 -0.154760 0.500000 21 36 35
0.152107 -0.154760 0.500000 27 42 41
0.153400 -0.154760 0.500000 26 41 40
0.154693 -0.154760 0.500000 27 42 41
0.155986 -0.154760 0.500000 26 44 42
0.157593 -0.155070 0.501000 25 43 41
0.158888 -0.155070 0.501000 24 41 44
0.160184 -0.155070 0.501000 19 36 39
0.161802 -0.155379 0.502000 19 36 39
0.163100 -0.155379 0.502000 25 42 45
0.164398 -0.155379 0.502000 27 45 43
0.166026 -0.155689 0.503000 22 40 38
0.168627 -0.155689 0.503000 29 44 41
0.169927 -0.155689 0.503000 30 43 40
0.171228 -0.155689 0.503000 33 46 43
0.172529 -0.155689 0.503000 28 41 36
0.173829 -0.155689 0.503000 33 46 41
0.175130 -0.155689 0.503000 32 45 40
0.176430 -0.155689 0.503000 36 49 44
0.177731 -0.155689 0.503000 36 49 46
0.179974 -0.155379 0.502000 37 52 49
0.180911 -0.155070 0.501000 43 58 55
0.182206 -0.155070 0.501000 45 60 57
0.183501 -0.155070 0.501000 47 62 59
0.184797 -0.155070 0.501000 47 62 59
0.186092 -0.155070 0.501000 48 63 60
0.187388 -0.155070 0.501000 50 65 62
0.188683 -0.155070 0.501000 57 72 69
0.190358 -0.155379 0.502000 61 76 73
0.191656 -0.155379 0.502000 61 76 73
0.193338 -0.155689 0.503000 62 77 74
0.194639 -0.155689 0.503000 62 77 74
0.195939 -0.155689 0.503000 57 75 71
0.197632 -0.155998 0.504000 57 75 71
0.198935 -0.155998 0.504000 57 72 69
0.200238 -0.155998 0.504000 58 73 70
0.201542 -0.155998 0.504000 59 74 71
0.202442 -0.155689 0.503000 59 74 71
0.203743 -0.155689 0.503000 64 75 71
0.205044 -0.155689 0.503000 59 70 66
0.205934 -0.155379 0.502000 60 68 65
0.206819 -0.155070 0.501000 60 68 65
0.209410 -0.155070 0.501000 61 69 66
0.212871 -0.154760 0.500000 59 72 67
0.215456 -0.154760 0.500000 60 73 70
0.216749 -0.154760 0.500000 63 76 73
0.218042 -0.154760 0.500000 65 76 72
0.219335 -0.154760 0.500000 69 80 76
0.220186 -0.154451 0.499000 67 78 76
0.221920 -0.154760 0.500000 62 73 71
0.223213 -0.154760 0.500000 63 77 79
0.224057 -0.154451 0.499000 65 79 81
0.225347 -0.154451 0.499000 69 84 81
0.226638 -0.154451 0.499000 83 98 95
0.227471 -0.154141 0.498000 110 118 115
0.228759 -0.154141 0.498000 117 125 122
0.230046 -0.154141 0.498000 100 108 109
0.230870 -0.153832 0.497000 53 61 62
0.232155 -0.153832 0.497000 54 61 65
0.233440 -0.153832 0.497000 105 112 116
0.234725 -0.153832 0.497000 229 229 223
0.236010 -0.153832 0.497000 229 229 223
0.240830 -0.154451 0.499000 110 116 118
0.242121 -0.154451 0.499000 153 159 161
0.243899 -0.154760 0.500000 155 155 155
0.245191 -0.154760 0.500000 158 158 158
0.248273 -0.155070 0.501000 170 165 163
0.249568 -0.155070 0.501000 171 163 162
0.250864 -0.155070 0.501000 172 164 163
0.252662 -0.155379 0.502000 176 171 167
0.255767 -0.155689 0.503000 142 139 134
0.257578 -0.155998 0.504000 177 174 169
-0.232555 -0.145792 0.475000 82 89 83
-0.230840 -0.145485 0.474000 60 67 61
-0.229614 -0.145485 0.474000 38 51 50
-0.228870 -0.145792 0.475000 35 48 47
-0.227642 -0.145792 0.475000 35 52 55
-0.226891 -0.146099 0.476000 41 58 61
-0.225660 -0.146099 0.476000 46 63 64
-0.224901 -0.146406 0.477000 49 66 67
-0.223667 -0.146406 0.477000 46 64 62
-0.222900 -0.146713 0.478000 35 53 51
-0.221664 -0.146713 0.478000 31 49 45
-0.220889 -0.147020 0.479000 26 44 40
-0.219651 -0.147020 0.479000 29 42 39
-0.218412 -0.147020 0.479000 26 39 36
-0.217174 -0.147020 0.479000 26 39 38
-0.215935 -0.147020 0.479000 33 46 45
-0.214697 -0.147020 0.479000 36 49 48
-0.213458 -0.147020 0.479000 71 84 83
-0.211777 -0.146713 0.478000 65 76 74
-0.210541 -0.146713 0.478000 62 73 71
-0.209305 -0.146713 0.478000 33 44 44
-0.207633 -0.146406 0.477000 27 38 38
-0.205967 -0.146099 0.476000 33 48 47
-0.204306 -0.145792 0.475000 44 59 58
-0.202651 -0.145485 0.474000 50 65 64
-0.201000 -0.145178 0.473000 58 73 72
-0.199777 -0.145178 0.473000 56 71 70
-0.197714 -0.144565 0.471000 52 67 66
-0.196079 -0.144258 0.470000 48 63 62
-0.194035 -0.143644 0.468000 45 60 59
-0.192825 -0.143644 0.468000 45 58 57
-0.191205 -0.143337 0.467000 40 53 52
-0.189998 -0.143337 0.467000 38 51 50
-0.188386 -0.143030 0.466000 37 50 49
-0.187181 -0.143030 0.466000 36 49 46
-0.185976 -0.143030 0.466000 33 46 43
-0.184375 -0.142723 0.465000 35 48 45
-0.182779 -0.142416 0.464000 35 48 45
-0.181579 -0.142416 0.464000 36 49 46
-0.180379 -0.142416 0.464000 32 45 42
-0.179179 -0.142416 0.464000 28 36 37
-0.019206 -0.148555 0.484000 31 48 49
-0.017991 -0.148862 0.485000 71 88 89
-0.016772 -0.149169 0.486000 123 138 137
-0.015579 -0.149782 0.488000 133 148 147
-0.013109 -0.150396 0.490000 132 145 140
-0.011890 -0.151010 0.492000 133 145 137
-0.010661 -0.151624 0.494000 132 144 136
-0.009441 -0.152545 0.497000 135 142 136
-0.008172 -0.152852 0.498000 136 143 137
-0.006912 -0.153466 0.500000 136 143 137
-0.004344 -0.154079 0.502000 136 143 135
-0.003052 -0.154386 0.503000 138 145 137
0.070198 -0.155307 0.506000 92 100 97
0.071583 -0.144872 0.472000 74 87 84
0.072958 -0.145178 0.473000 59 72 69
0.074181 -0.145178 0.473000 49 61 63
0.075404 -0.145178 0.473000 39 51 53
0.076627 -0.145178 0.473000 35 49 51
0.077850 -0.145178 0.473000 34 48 50
0.079073 -0.145178 0.473000 28 43 42
0.080296 -0.145178 0.473000 23 38 37
0.081519 -0.145178 0.473000 28 43 42
0.082742 -0.145178 0.473000 35 50 49
0.083965 -0.145178 0.473000 45 60 57
0.085188 -0.145178 0.473000 48 63 60
0.086411 -0.145178 0.473000 45 60 57
0.087819 -0.145485 0.474000 42 57 54
0.089045 -0.145485 0.474000 37 52 51
0.090271 -0.145485 0.474000 37 52 51
0.091689 -0.145792 0.475000 25 42 43
0.093113 -0.146099 0.476000 24 41 42
0.094344 -0.146099 0.476000 23 37 39
0.095775 -0.146406 0.477000 24 38 40
0.097212 -0.146713 0.478000 24 39 38
0.099893 -0.147020 0.479000 33 46 43
0.101131 -0.147020 0.479000 31 44 41
0.102583 -0.147327 0.480000 28 41 36
0.104041 -0.147634 0.481000 32 45 40
0.105722 -0.148248 0.483000 42 56 47
0.107414 -0.148862 0.485000 50 64 55
0.108668 -0.148862 0.485000 54 68 59
0.110149 -0.149169 0.486000 57 71 62
0.111864 -0.149782 0.488000 51 67 58
0.113358 -0.150089 0.489000 47 63 54
0.114856 -0.150396 0.490000 41 57 48
0.117869 -0.151010 0.492000 35 50 45
0.119142 -0.151010 0.492000 35 50 45
0.120659 -0.151317 0.493000 33 48 43
0.122428 -0.151931 0.495000 26 41 36
0.124208 -0.152545 0.497000 27 42 39
0.125745 -0.152852 0.498000 34 49 46
0.127288 -0.153159 0.499000 32 45 40
0.128578 -0.153159 0.499000 25 38 33
0.130389 -0.153773 0.501000 26 39 34
0.131684 -0.153773 0.501000 24 37 32
0.134811 -0.154386 0.503000 23 36 31
0.136112 -0.154386 0.503000 25 38 33
0.137413 -0.154386 0.503000 25 38 33
0.138713 -0.154386 0.503000 25 38 33
0.140292 -0.154693 0.504000 24 37 32
0.141595 -0.154693 0.504000 25 38 33
0.142898 -0.154693 0.504000 25 38 33
0.144202 -0.154693 0.504000 24 37 32
0.145505 -0.154693 0.504000 26 39 34
0.146517 -0.154386 0.503000 23 38 33
0.147817 -0.154386 0.503000 22 37 32
0.149118 -0.154386 0.503000 24 39 36
0.150119 -0.154079 0.502000 29 44 41
0.151417 -0.154079 0.502000 23 38 35
0.152715 -0.154079 0.502000 24 39 36
0.154013 -0.154079 0.502000 22 40 38
0.155311 -0.154079 0.502000 24 42 40
0.156921 -0.154386 0.503000 24 41 42
0.158222 -0.154386 0.503000 24 41 42
0.159523 -0.154386 0.503000 24 43 45
0.161143 -0.154693 0.504000 21 40 42
0.162446 -0.154693 0.504000 21 40 44
0.163749 -0.154693 0.504000 21 40 44
0.165053 -0.154693 0.504000 24 41 44
0.166356 -0.154693 0.504000 21 38 41
0.168962 -0.154693 0.504000 24 38 40
0.170265 -0.154693 0.504000 28 41 40
0.171568 -0.154693 0.504000 30 43 42
0.172872 -0.154693 0.504000 29 42 41
0.174175 -0.154693 0.504000 26 39 38
0.175478 -0.154693 0.504000 25 38 37
0.176781 -0.154693 0.504000 26 39 38
0.179032 -0.154386 0.503000 26 39 38
0.180332 -0.154386 0.503000 27 42 41
0.181272 -0.154079 0.502000 28 43 42
0.182570 -0.154079 0.502000 28 43 42
0.183868 -0.154079 0.502000 30 45 44
0.186092 -0.153773 0.501000 38 53 52
0.187388 -0.153773 0.501000 34 49 48
0.189060 -0.154079 0.502000 36 51 50
0.190358 -0.154079 0.502000 35 50 49
0.191656 -0.154079 0.502000 37 52 51
0.192954 -0.154079 0.502000 38 56 54
0.194252 -0.154079 0.502000 39 57 55
0.195550 -0.154079 0.502000 42 60 58
0.196848 -0.154079 0.502000 46 64 62
0.197751 -0.153773 0.501000 47 65 63
0.199047 -0.153773 0.501000 48 66 64
0.200342 -0.153773 0.501000 53 71 67
0.201637 -0.153773 0.501000 57 75 71
0.202528 -0.153466 0.500000 61 74 69
0.203821 -0.153466 0.500000 67 80 75
0.205113 -0.153466 0.500000 67 78 74
0.205994 -0.153159 0.499000 65 76 72
0.207284 -0.153159 0.499000 65 76 72
0.208574 -0.153159 0.499000 62 73 69
0.209864 -0.153159 0.499000 60 74 65
0.210731 -0.152852 0.498000 61 75 66
0.213307 -0.152852 0.498000 57 71 62
0.214594 -0.152852 0.498000 57 71 62
0.215882 -0.152852 0.498000 61 75 66
0.218896 -0.153159 0.499000 65 79 70
0.220186 -0.153159 0.499000 65 78 75
0.221477 -0.153159 0.499000 66 79 76
0.222320 -0.152852 0.498000 66 81 80
0.223608 -0.152852 0.498000 67 82 81
0.224896 -0.152852 0.498000 65 80 79
0.226183 -0.152852 0.498000 64 79 78
0.227014 -0.152545 0.497000 61 72 70
0.228299 -0.152545 0.497000 66 77 75
0.229123 -0.152238 0.496000 62 72 75
0.229940 -0.151931 0.495000 47 57 60
0.231220 -0.151931 0.495000 49 56 60
0.232500 -0.151931 0.495000 116 123 127
0.233780 -0.151931 0.495000 238 236 228
0.235060 -0.151931 0.495000 227 225 217
0.236817 -0.152238 0.496000 231 223 220
0.238580 -0.152545 0.497000 166 158 155
0.239865 -0.152545 0.497000 143 142 142
0.241635 -0.152852 0.498000 173 172 172
0.242923 -0.152852 0.498000 158 158 154
0.244701 -0.153159 0.499000 162 162 158
0.245991 -0.153159 0.499000 170 165 161
0.247282 -0.153159 0.499000 166 161 157
0.248572 -0.153159 0.499000 180 170 168
0.249862 -0.153159 0.499000 187 177 175
0.252949 -0.153466 0.500000 208 203 199
0.254241 -0.153466 0.500000 149 146 143
-0.233783 -0.144562 0.475000 80 80 80
-0.232065 -0.144258 0.474000 51 61 64
-0.230840 -0.144258 0.474000 33 43 46
-0.229614 -0.144258 0.474000 32 49 52
-0.228389 -0.144258 0.474000 35 52 55
-0.227642 -0.144562 0.475000 41 60 62
-0.226891 -0.144867 0.476000 47 66 68
-0.225660 -0.144867 0.476000 48 67 71
-0.224901 -0.145171 0.477000 47 66 70
-0.223667 -0.145171 0.477000 36 53 54
-0.222900 -0.145475 0.478000 28 45 46
-0.222128 -0.145780 0.479000 25 43 41
-0.220889 -0.145780 0.479000 25 43 41
-0.219651 -0.145780 0.479000 26 41 38
-0.218412 -0.145780 0.479000 24 39 36
-0.217174 -0.145780 0.479000 31 44 43
-0.215935 -0.145780 0.479000 33 46 45
-0.214697 -0.145780 0.479000 36 49 48
-0.213458 -0.145780 0.479000 67 80 79
-0.212220 -0.145780 0.479000 66 74 73
-0.210981 -0.145780 0.479000 64 72 71
-0.209305 -0.145475 0.478000 60 71 69
-0.208069 -0.145475 0.478000 30 41 39
-0.206400 -0.145171 0.477000 30 42 44
-0.204737 -0.144867 0.476000 31 43 45
-0.202651 -0.144258 0.474000 37 51 55
-0.201000 -0.143954 0.473000 48 62 66
-0.199777 -0.143954 0.473000 49 63 65
-0.197714 -0.143345 0.471000 49 63 65
-0.195662 -0.142736 0.469000 47 62 61
-0.194035 -0.142432 0.468000 44 59 58
-0.192413 -0.142128 0.467000 42 57 56
-0.191205 -0.142128 0.467000 40 55 54
-0.189591 -0.141823 0.466000 36 51 50
-0.188386 -0.141823 0.466000 31 46 45
-0.186779 -0.141519 0.465000 33 46 43
-0.185577 -0.141519 0.465000 31 44 41
-0.183978 -0.141215 0.464000 32 45 42
-0.182779 -0.141215 0.464000 32 45 42
-0.181187 -0.140910 0.463000 33 46 43
-0.179179 -0.141215 0.464000 33 44 42
-0.177979 -0.141215 0.464000 27 38 36
-0.030973 -0.149736 0.492000 102 116 107
-0.026715 -0.147302 0.484000 37 51 42
-0.025358 -0.146693 0.482000 40 54 45
-0.024062 -0.146388 0.481000 41 56 51
-0.022770 -0.146084 0.480000 40 55 50
-0.021529 -0.146084 0.480000 35 50 49
-0.020288 -0.146084 0.480000 35 50 49
-0.019087 -0.146388 0.481000 46 65 67
-0.017917 -0.146997 0.483000 62 81 83
-0.016737 -0.147606 0.485000 71 90 90
-0.015483 -0.147606 0.485000 81 100 100
-0.014288 -0.148215 0.487000 91 106 101
-0.011842 -0.149128 0.490000 121 128 122
-0.010618 -0.149736 0.492000 132 139 133
-0.009365 -0.150041 0.493000 144 144 138
-0.008139 -0.150954 0.496000 148 148 142
-0.006885 -0.151562 0.498000 150 151 145
-0.005608 -0.151867 0.499000 147 148 142
-0.003046 -0.152780 0.502000 140 149 140
-0.001755 -0.153388 0.504000 137 146 137
0.070214 -0.143345 0.471000 61 72 70
0.071583 -0.143649 0.472000 50 63 62
0.072804 -0.143649 0.472000 28 41 40
0.074024 -0.143649 0.472000 31 45 47
0.075244 -0.143649 0.472000 29 43 45
0.076627 -0.143954 0.473000 30 44 46
0.077685 -0.143649 0.472000 30 44 46
0.079073 -0.143954 0.473000 32 49 50
0.080296 -0.143954 0.473000 38 55 56
0.081519 -0.143954 0.473000 41 58 59
0.082742 -0.143954 0.473000 46 63 64
0.083965 -0.143954 0.473000 43 61 59
0.085188 -0.143954 0.473000 41 59 57
0.086411 -0.143954 0.473000 38 53 52
0.087634 -0.143954 0.473000 33 48 47
0.089045 -0.144258 0.474000 28 45 46
0.090271 -0.144258 0.474000 22 39 40
0.091689 -0.144562 0.475000 21 38 39
0.093113 -0.144867 0.476000 21 38 39
0.094344 -0.144867 0.476000 25 42 43
0.095976 -0.145475 0.478000 29 46 47
0.098654 -0.145780 0.479000 33 47 49
0.099893 -0.145780 0.479000 40 53 50
0.101342 -0.146084 0.480000 40 53 50
0.103011 -0.146693 0.482000 52 63 59
0.104690 -0.147302 0.484000 53 64 60
0.106160 -0.147606 0.485000 48 60 52
0.107636 -0.147910 0.486000 45 57 49
0.109116 -0.148215 0.487000 37 51 42
0.112322 -0.149128 0.490000 28 44 35
0.113821 -0.149432 0.491000 28 44 35
0.115325 -0.149736 0.492000 28 43 38
0.116597 -0.149736 0.492000 27 42 37
0.118109 -0.150041 0.493000 22 37 34
0.119868 -0.150649 0.495000 22 37 34
0.121393 -0.150954 0.496000 23 38 37
0.123170 -0.151562 0.498000 23 38 37
0.124458 -0.151562 0.498000 23 38 37
0.125998 -0.151867 0.499000 24 39 38
0.127543 -0.152171 0.500000 24 39 38
0.129094 -0.152475 0.501000 21 36 35
0.132210 -0.153084 0.503000 24 37 36
0.133776 -0.153388 0.504000 23 36 35
0.135079 -0.153388 0.504000 24 37 36
0.136383 -0.153388 0.504000 23 38 37
0.137686 -0.153388 0.504000 22 37 36
0.138989 -0.153388 0.504000 22 37 36
0.140570 -0.153693 0.505000 22 37 36
0.141876 -0.153693 0.505000 23 36 33
0.143182 -0.153693 0.505000 23 36 33
0.144488 -0.153693 0.505000 25 36 32
0.145794 -0.153693 0.505000 26 37 33
0.147099 -0.153693 0.505000 25 38 35
0.148405 -0.153693 0.505000 26 39 36
0.149414 -0.153388 0.504000 22 37 36
0.150718 -0.153388 0.504000 24 39 38
0.152021 -0.153388 0.504000 24 38 40
0.153324 -0.153388 0.504000 26 40 42
0.154627 -0.153388 0.504000 27 44 45
0.155930 -0.153388 0.504000 25 42 43
0.157233 -0.153388 0.504000 21 38 39
0.158537 -0.153388 0.504000 22 39 40
0.159840 -0.153388 0.504000 22 39 40
0.161143 -0.153388 0.504000 24 41 42
0.164074 -0.153693 0.505000 25 44 46
0.165380 -0.153693 0.505000 24 43 47
0.166686 -0.153693 0.505000 21 40 44
0.167992 -0.153693 0.505000 25 42 47
0.170603 -0.153693 0.505000 26 40 44
0.171909 -0.153693 0.505000 27 41 45
0.173215 -0.153693 0.505000 27 41 43
0.174520 -0.153693 0.505000 24 38 40
0.175826 -0.153693 0.505000 26 38 40
0.176781 -0.153388 0.504000 28 40 42
0.178084 -0.153388 0.504000 25 38 37
0.179388 -0.153388 0.504000 25 38 37
0.180332 -0.153084 0.503000 24 39 38
0.181633 -0.153084 0.503000 26 41 40
0.182933 -0.153084 0.503000 24 39 38
0.184234 -0.153084 0.503000 26 41 40
0.185166 -0.152780 0.502000 24 39 38
0.186092 -0.152475 0.501000 28 43 42
0.187388 -0.152475 0.501000 27 42 41
0.189060 -0.152780 0.502000 27 42 41
0.190358 -0.152780 0.502000 28 43 42
0.191274 -0.152475 0.501000 29 44 43
0.192569 -0.152475 0.501000 27 44 45
0.193865 -0.152475 0.501000 26 43 44
0.195160 -0.152475 0.501000 26 43 44
0.196456 -0.152475 0.501000 27 44 45
0.197751 -0.152475 0.501000 29 47 45
0.199047 -0.152475 0.501000 32 50 48
0.199942 -0.152171 0.500000 33 51 49
0.201235 -0.152171 0.500000 31 49 47
0.202123 -0.151867 0.499000 34 52 48
0.203413 -0.151867 0.499000 40 58 54
0.204703 -0.151867 0.499000 45 60 55
0.205994 -0.151867 0.499000 52 67 62
0.207284 -0.151867 0.499000 58 71 66
0.208574 -0.151867 0.499000 64 77 72
0.209864 -0.151867 0.499000 64 78 67
0.211155 -0.151867 0.499000 64 78 67
0.212445 -0.151867 0.499000 65 79 68
0.213307 -0.151562 0.498000 65 79 68
0.214594 -0.151562 0.498000 61 75 64
0.215882 -0.151562 0.498000 61 75 64
0.217170 -0.151562 0.498000 67 81 72
0.218457 -0.151562 0.498000 67 81 72
0.219745 -0.151562 0.498000 66 79 74
0.221033 -0.151562 0.498000 67 80 75
0.221874 -0.151258 0.497000 68 81 80
0.223159 -0.151258 0.497000 67 80 79
0.224444 -0.151258 0.497000 66 79 78
0.225275 -0.150954 0.496000 67 80 79
0.226558 -0.150954 0.496000 61 74 73
0.227381 -0.150649 0.495000 65 78 77
0.228199 -0.150345 0.494000 73 85 87
0.229476 -0.150345 0.494000 47 59 61
0.230753 -0.150345 0.494000 41 48 52
0.232031 -0.150345 0.494000 117 124 128
0.233308 -0.150345 0.494000 234 235 226
0.234585 -0.150345 0.494000 218 219 210
0.236340 -0.150649 0.495000 214 207 199
0.238100 -0.150954 0.496000 196 189 181
0.239865 -0.151258 0.497000 225 221 214
0.241150 -0.151258 0.497000 235 231 224
0.242923 -0.151562 0.498000 237 233 224
0.244211 -0.151562 0.498000 235 231 222
0.245498 -0.151562 0.498000 235 228 220
0.246786 -0.151562 0.498000 226 219 211
0.248074 -0.151562 0.498000 214 205 200
0.249361 -0.151562 0.498000 208 199 194
0.250649 -0.151562 0.498000 177 173 166
0.251937 -0.151562 0.498000 205 201 194
0.253224 -0.151562 0.498000 133 130 127
-0.236240 -0.143333 0.475000 130 130 126
-0.234517 -0.143031 0.474000 73 75 81
-0.233291 -0.143031 0.474000 64 66 72
-0.231576 -0.142729 0.473000 40 52 58
-0.230353 -0.142729 0.473000 38 50 56
-0.229614 -0.143031 0.474000 37 56 58
-0.228389 -0.143031 0.474000 45 64 66
-0.227642 -0.143333 0.475000 44 66 69
-0.226891 -0.143634 0.476000 45 67 70
-0.225660 -0.143634 0.476000 45 64 68
-0.224901 -0.143936 0.477000 31 50 54
-0.224136 -0.144238 0.478000 31 45 47
-0.222900 -0.144238 0.478000 27 41 43
-0.222128 -0.144540 0.479000 25 43 41
-0.220889 -0.144540 0.479000 24 42 40
-0.219651 -0.144540 0.479000 22 37 34
-0.218412 -0.144540 0.479000 26 41 38
-0.216386 -0.144841 0.480000 37 50 49
-0.215145 -0.144841 0.480000 44 54 57
-0.213904 -0.144841 0.480000 57 67 70
-0.212220 -0.144540 0.479000 67 75 74
-0.210981 -0.144540 0.479000 64 72 71
-0.209742 -0.144540 0.479000 67 75 72
-0.208504 -0.144540 0.479000 64 72 69
-0.206833 -0.144238 0.478000 28 42 44
-0.205167 -0.143936 0.477000 30 44 46
-0.203078 -0.143333 0.475000 28 42 44
-0.201425 -0.143031 0.474000 26 40 42
-0.199777 -0.142729 0.473000 38 53 52
-0.197295 -0.141824 0.470000 44 59 58
-0.195662 -0.141522 0.469000 47 62 61
-0.194035 -0.141220 0.468000 42 57 56
-0.192413 -0.140919 0.467000 41 56 53
-0.191205 -0.140919 0.467000 37 52 49
-0.189591 -0.140617 0.466000 34 49 46
-0.187982 -0.140315 0.465000 30 45 42
-0.186779 -0.140315 0.465000 30 45 42
-0.185178 -0.140013 0.464000 29 44 41
-0.183582 -0.139712 0.463000 30 45 42
-0.182385 -0.139712 0.463000 30 45 42
-0.179990 -0.139712 0.463000 36 49 46
-0.177979 -0.140013 0.464000 37 50 47
-0.176780 -0.140013 0.464000 29 40 40
-0.175958 -0.140315 0.465000 62 73 73
-0.056530 -0.148764 0.493000 59 70 66
-0.055256 -0.148764 0.493000 44 56 58
-0.053981 -0.148764 0.493000 44 56 58
-0.052706 -0.148764 0.493000 40 52 54
-0.051536 -0.149066 0.494000 46 58 60
-0.045423 -0.149971 0.497000 158 162 155
-0.044227 -0.150273 0.498000 156 160 153
-0.042853 -0.149971 0.497000 139 153 144
-0.041568 -0.149971 0.497000 129 143 134
-0.040202 -0.149669 0.496000 112 127 122
-0.038841 -0.149368 0.495000 91 106 101
-0.031786 -0.146350 0.485000 32 43 39
-0.030532 -0.146350 0.485000 29 40 36
-0.029217 -0.146048 0.484000 27 38 34
-0.027908 -0.145747 0.483000 27 38 34
-0.026494 -0.144841 0.480000 28 42 33
-0.025200 -0.144540 0.479000 33 47 38
-0.023961 -0.144540 0.479000 33 47 38
-0.022723 -0.144540 0.479000 33 47 38
-0.021484 -0.144540 0.479000 30 45 42
-0.020246 -0.144540 0.479000 30 45 42
-0.019047 -0.144841 0.480000 28 43 42
-0.017843 -0.145143 0.481000 21 36 35
-0.016634 -0.145445 0.482000 18 37 37
-0.015451 -0.146048 0.484000 18 37 37
-0.014229 -0.146350 0.485000 22 35 32
-0.008074 -0.148462 0.492000 66 66 66
-0.006829 -0.149066 0.494000 81 85 80
-0.005597 -0.150273 0.498000 105 109 104
-0.004309 -0.150273 0.498000 118 129 125
-0.001744 -0.151178 0.501000 139 148 139
-0.000452 -0.152083 0.504000 142 151 142
0.000852 -0.152083 0.504000 145 150 140
0.002155 -0.152083 0.504000 147 152 142
0.067778 -0.142126 0.471000 84 93 86
0.068996 -0.142126 0.471000 52 65 64
0.070214 -0.142126 0.471000 31 44 43
0.071583 -0.142427 0.472000 33 47 51
0.072804 -0.142427 0.472000 24 38 42
0.074024 -0.142427 0.472000 29 43 45
0.075244 -0.142427 0.472000 28 42 44
0.076465 -0.142427 0.472000 33 47 49
0.077685 -0.142427 0.472000 40 54 56
0.078906 -0.142427 0.472000 39 56 57
0.080296 -0.142729 0.473000 42 59 60
0.081519 -0.142729 0.473000 43 60 61
0.082742 -0.142729 0.473000 39 56 57
0.083965 -0.142729 0.473000 37 52 51
0.085188 -0.142729 0.473000 35 50 49
0.086411 -0.142729 0.473000 31 45 47
0.087634 -0.142729 0.473000 26 40 42
0.089045 -0.143031 0.474000 24 38 40
0.090271 -0.143031 0.474000 24 38 40
0.091689 -0.143333 0.475000 28 43 42
0.093113 -0.143634 0.476000 31 46 45
0.094542 -0.143936 0.477000 31 49 47
0.095976 -0.144238 0.478000 29 47 45
0.098654 -0.144540 0.479000 29 47 45
0.100101 -0.144841 0.480000 37 49 51
0.101765 -0.145445 0.482000 36 48 50
0.103438 -0.146048 0.484000 31 44 41
0.104906 -0.146350 0.485000 21 34 31
0.106598 -0.146954 0.487000 30 43 38
0.108300 -0.147557 0.489000 24 37 32
0.111282 -0.148161 0.491000 24 37 32
0.112781 -0.148462 0.492000 22 37 32
0.114053 -0.148462 0.492000 22 37 32
0.115560 -0.148764 0.493000 22 37 34
0.117308 -0.149368 0.495000 22 37 34
0.118828 -0.149669 0.496000 20 38 34
0.120352 -0.149971 0.497000 20 38 34
0.121882 -0.150273 0.498000 21 39 37
0.123417 -0.150575 0.499000 21 39 37
0.124708 -0.150575 0.499000 22 40 38
0.126250 -0.150876 0.500000 20 38 36
0.127798 -0.151178 0.501000 22 36 38
0.130910 -0.151782 0.503000 24 36 38
0.132473 -0.152083 0.504000 23 35 37
0.133776 -0.152083 0.504000 19 31 33
0.135347 -0.152385 0.505000 22 34 36
0.136653 -0.152385 0.505000 21 35 37
0.137959 -0.152385 0.505000 19 33 35
0.139265 -0.152385 0.505000 20 34 36
0.140570 -0.152385 0.505000 19 33 35
0.141876 -0.152385 0.505000 20 35 34
0.143182 -0.152385 0.505000 26 41 40
0.144488 -0.152385 0.505000 32 45 44
0.145794 -0.152385 0.505000 33 46 45
0.147099 -0.152385 0.505000 35 48 47
0.148405 -0.152385 0.505000 35 48 47
0.149711 -0.152385 0.505000 27 44 45
0.151017 -0.152385 0.505000 27 44 45
0.152322 -0.152385 0.505000 34 48 50
0.153628 -0.152385 0.505000 35 49 51
0.154934 -0.152385 0.505000 38 52 54
0.156240 -0.152385 0.505000 34 48 50
0.157545 -0.152385 0.505000 31 45 47
0.158851 -0.152385 0.505000 31 45 47
0.160157 -0.152385 0.505000 35 52 53
0.161463 -0.152385 0.505000 41 58 59
0.162768 -0.152385 0.505000 38 55 58
0.164074 -0.152385 0.505000 33 50 53
0.165380 -0.152385 0.505000 35 54 56
0.166686 -0.152385 0.505000 35 54 56
0.167992 -0.152385 0.505000 28 47 51
0.169633 -0.152687 0.506000 30 49 53
0.170941 -0.152687 0.506000 32 49 54
0.171909 -0.152385 0.505000 31 48 53
0.173215 -0.152385 0.505000 34 48 50
0.174520 -0.152385 0.505000 33 47 49
0.175826 -0.152385 0.505000 35 47 49
0.177132 -0.152385 0.505000 35 47 49
0.178438 -0.152385 0.505000 30 43 42
0.179388 -0.152083 0.504000 30 43 42
0.180691 -0.152083 0.504000 27 42 41
0.181994 -0.152083 0.504000 26 41 40
0.182933 -0.151782 0.503000 24 39 38
0.184234 -0.151782 0.503000 26 41 40
0.185535 -0.151782 0.503000 23 38 37
0.186464 -0.151480 0.502000 26 41 40
0.187762 -0.151480 0.502000 26 41 40
0.189060 -0.151480 0.502000 26 41 40
0.190358 -0.151480 0.502000 26 40 42
0.191656 -0.151480 0.502000 28 42 44
0.192954 -0.151480 0.502000 28 42 44
0.194252 -0.151480 0.502000 24 38 40
0.195550 -0.151480 0.502000 24 41 42
0.196848 -0.151480 0.502000 25 42 43
0.197751 -0.151178 0.501000 25 42 43
0.199047 -0.151178 0.501000 27 44 45
0.200342 -0.151178 0.501000 26 43 44
0.201235 -0.150876 0.500000 24 41 42
0.202528 -0.150876 0.500000 26 44 40
0.203821 -0.150876 0.500000 29 47 43
0.205113 -0.150876 0.500000 29 47 43
0.206406 -0.150876 0.500000 27 45 41
0.207699 -0.150876 0.500000 30 45 40
0.208574 -0.150575 0.499000 28 43 38
0.210285 -0.150876 0.500000 37 49 39
0.211578 -0.150876 0.500000 46 58 48
0.212871 -0.150876 0.500000 48 60 50
0.213735 -0.150575 0.499000 50 62 52
0.215025 -0.150575 0.499000 49 63 54
0.216316 -0.150575 0.499000 47 61 52
0.217170 -0.150273 0.498000 50 65 60
0.218457 -0.150273 0.498000 57 72 67
0.219745 -0.150273 0.498000 58 73 72
0.220589 -0.149971 0.497000 64 79 78
0.221874 -0.149971 0.497000 70 85 84
0.222710 -0.149669 0.496000 66 81 80
0.223993 -0.149669 0.496000 67 80 79
0.224821 -0.149368 0.495000 68 81 80
0.225644 -0.149066 0.494000 62 77 76
0.226921 -0.149066 0.494000 62 77 76
0.227737 -0.148764 0.493000 66 80 82
0.229011 -0.148764 0.493000 50 64 66
0.230286 -0.148764 0.493000 36 47 47
0.231561 -0.148764 0.493000 126 137 137
0.232836 -0.148764 0.493000 238 240 231
0.234585 -0.149066 0.494000 222 224 215
0.235863 -0.149066 0.494000 223 221 211
0.237620 -0.149368 0.495000 214 212 202
0.238900 -0.149368 0.495000 234 227 217
0.240665 -0.149669 0.496000 231 224 214
0.241947 -0.149669 0.496000 243 234 225
0.246291 -0.149971 0.497000 245 237 225
0.247576 -0.149971 0.497000 249 240 233
0.248360 -0.149669 0.496000 243 234 227
0.249642 -0.149669 0.496000 193 186 180
0.250925 -0.149669 0.496000 221 214 208
0.251699 -0.149368 0.495000 129 126 123
0.252979 -0.149368 0.495000 131 128 125
-0.235742 -0.141804 0.474000 71 71 71
-0.234022 -0.141504 0.473000 54 61 67
-0.232799 -0.141504 0.473000 35 42 48
-0.231576 -0.141504 0.473000 38 50 56
-0.230353 -0.141504 0.473000 39 51 57
-0.229614 -0.141804 0.474000 47 66 70
-0.228389 -0.141804 0.474000 53 72 76
-0.227642 -0.142103 0.475000 47 66 70
-0.226891 -0.142402 0.476000 45 64 68
-0.225660 -0.142402 0.476000 33 52 56
-0.224901 -0.142701 0.477000 30 49 53
-0.224136 -0.143000 0.478000 28 46 44
-0.222900 -0.143000 0.478000 25 43 41
-0.222128 -0.143299 0.479000 24 39 36
-0.220889 -0.143299 0.479000 24 39 36
-0.218868 -0.143598 0.480000 27 42 37
-0.217627 -0.143598 0.480000 33 46 45
-0.216386 -0.143598 0.480000 38 51 50
-0.215593 -0.143898 0.481000 48 55 59
-0.214349 -0.143898 0.481000 60 67 71
-0.212663 -0.143598 0.480000 68 76 75
-0.211421 -0.143598 0.480000 67 75 74
-0.210180 -0.143598 0.480000 66 74 71
-0.208504 -0.143299 0.479000 70 78 75
-0.207265 -0.143299 0.479000 48 63 62
-0.205597 -0.143000 0.478000 23 38 37
-0.203933 -0.142701 0.477000 31 46 45
-0.201425 -0.141804 0.474000 30 45 44
-0.199777 -0.141504 0.473000 31 46 43
-0.197714 -0.140906 0.471000 37 52 49
-0.195245 -0.140009 0.468000 40 55 52
-0.193620 -0.139709 0.467000 42 57 54
-0.192413 -0.139709 0.467000 40 55 52
-0.190796 -0.139410 0.466000 36 51 48
-0.189184 -0.139111 0.465000 33 48 45
-0.187578 -0.138812 0.464000 30 45 42
-0.186378 -0.138812 0.464000 28 43 40
-0.185178 -0.138812 0.464000 28 43 40
-0.183582 -0.138513 0.463000 30 43 38
-0.182385 -0.138513 0.463000 32 45 40
-0.181187 -0.138513 0.463000 31 44 39
-0.179990 -0.138513 0.463000 33 46 41
-0.178793 -0.138513 0.463000 35 48 45
-0.176780 -0.138812 0.464000 54 67 66
-0.175580 -0.138812 0.464000 57 70 69
-0.174756 -0.139111 0.465000 64 75 75
-0.064439 -0.148086 0.495000 113 116 119
-0.063032 -0.147787 0.494000 100 108 109
-0.061629 -0.147488 0.493000 91 99 100
-0.060232 -0.147188 0.492000 79 95 84
-0.058960 -0.147188 0.492000 113 129 118
-0.057571 -0.146889 0.491000 88 101 96
-0.056301 -0.146889 0.491000 35 48 43
-0.055031 -0.146889 0.491000 47 59 61
-0.053762 -0.146889 0.491000 49 61 63
-0.052492 -0.146889 0.491000 49 62 61
-0.051327 -0.147188 0.492000 45 58 57
-0.047511 -0.147188 0.492000 84 92 91
-0.046332 -0.147488 0.493000 93 101 100
-0.045058 -0.147488 0.493000 84 90 88
-0.043783 -0.147488 0.493000 67 73 71
-0.042508 -0.147488 0.493000 44 55 55
-0.041233 -0.147488 0.493000 31 42 42
-0.039878 -0.147188 0.492000 28 43 40
-0.038605 -0.147188 0.492000 27 42 39
-0.033040 -0.145094 0.485000 31 42 38
-0.031786 -0.145094 0.485000 36 47 43
-0.030469 -0.144795 0.484000 38 49 45
-0.029097 -0.144197 0.482000 39 51 43
-0.027735 -0.143598 0.480000 36 48 40
-0.026439 -0.143299 0.479000 35 49 40
-0.025147 -0.143000 0.478000 33 47 38
-0.023911 -0.143000 0.478000 35 49 40
-0.022675 -0.143000 0.478000 37 51 42
-0.020246 -0.143299 0.479000 38 52 43
-0.019007 -0.143299 0.479000 37 50 45
-0.017769 -0.143299 0.479000 36 49 44
-0.016565 -0.143598 0.480000 33 46 43
-0.015356 -0.143898 0.481000 33 46 43
-0.014141 -0.144197 0.482000 32 45 42
-0.012948 -0.144795 0.484000 35 48 45
-0.006788 -0.146889 0.491000 29 40 38
-0.005529 -0.147188 0.492000 29 40 38
-0.004266 -0.147488 0.493000 30 42 44
-0.003009 -0.148385 0.496000 31 43 45
-0.001734 -0.148983 0.498000 48 59 55
0.003451 -0.150479 0.503000 130 139 132
0.004761 -0.150778 0.504000 139 148 141
0.006076 -0.151078 0.505000 145 153 142
0.007368 -0.150778 0.504000 143 151 140
0.008688 -0.151078 0.505000 145 150 140
0.063988 -0.140607 0.470000 107 116 109
0.065203 -0.140607 0.470000 78 87 80
0.066419 -0.140607 0.470000 45 56 52
0.067634 -0.140607 0.470000 38 49 45
0.068996 -0.140906 0.471000 33 46 45
0.070214 -0.140906 0.471000 32 45 44
0.071431 -0.140906 0.471000 28 42 44
0.072649 -0.140906 0.471000 28 42 44
0.073867 -0.140906 0.471000 33 47 49
0.075085 -0.140906 0.471000 36 50 52
0.076303 -0.140906 0.471000 40 58 56
0.077685 -0.141205 0.472000 43 61 59
0.078906 -0.141205 0.472000 42 59 60
0.080126 -0.141205 0.472000 39 56 57
0.081347 -0.141205 0.472000 34 51 52
0.082567 -0.141205 0.472000 32 49 50
0.083965 -0.141504 0.473000 32 44 46
0.085188 -0.141504 0.473000 30 42 44
0.086411 -0.141504 0.473000 26 41 40
0.087634 -0.141504 0.473000 26 41 40
0.088857 -0.141504 0.473000 30 45 44
0.090271 -0.141804 0.474000 31 46 45
0.091882 -0.142402 0.476000 30 45 42
0.093309 -0.142701 0.477000 30 45 42
0.096177 -0.143299 0.479000 29 44 39
0.097619 -0.143598 0.480000 29 44 41
0.099066 -0.143898 0.481000 27 42 39
0.100727 -0.144496 0.483000 28 43 42
0.102398 -0.145094 0.485000 28 43 42
0.103866 -0.145393 0.486000 24 39 36
0.105555 -0.145992 0.488000 21 36 33
0.108521 -0.146590 0.490000 22 35 30
0.110237 -0.147188 0.492000 23 36 31
0.111509 -0.147188 0.492000 24 37 32
0.113010 -0.147488 0.493000 25 38 33
0.114748 -0.148086 0.495000 26 39 34
0.116263 -0.148385 0.496000 28 41 36
0.117782 -0.148684 0.497000 28 41 36
0.119067 -0.148684 0.497000 29 42 37
0.120595 -0.148983 0.498000 30 43 38
0.122127 -0.149283 0.499000 23 38 35
0.123417 -0.149283 0.499000 21 36 33
0.124957 -0.149582 0.500000 22 37 36
0.126503 -0.149881 0.501000 20 35 34
0.129609 -0.150479 0.503000 28 41 40
0.131170 -0.150778 0.504000 41 47 49
0.132473 -0.150778 0.504000 42 48 50
0.134042 -0.151078 0.505000 58 64 66
0.135347 -0.151078 0.505000 60 66 68
0.136653 -0.151078 0.505000 65 76 76
0.137959 -0.151078 0.505000 69 80 80
0.139265 -0.151078 0.505000 67 80 79
0.140570 -0.151078 0.505000 73 86 85
0.141876 -0.151078 0.505000 76 89 88
0.143182 -0.151078 0.505000 79 92 91
0.144488 -0.151078 0.505000 80 93 92
0.164399 -0.151377 0.506000 63 75 77
0.165708 -0.151377 0.506000 63 77 79
0.167016 -0.151377 0.506000 62 76 78
0.168324 -0.151377 0.506000 58 72 76
0.169633 -0.151377 0.506000 59 73 77
0.170941 -0.151377 0.506000 59 73 77
0.172249 -0.151377 0.506000 54 68 72
0.173558 -0.151377 0.506000 51 63 65
0.174866 -0.151377 0.506000 46 58 60
0.175826 -0.151078 0.505000 46 56 59
0.177132 -0.151078 0.505000 41 51 54
0.178438 -0.151078 0.505000 37 50 49
0.179388 -0.150778 0.504000 37 50 49
0.180691 -0.150778 0.504000 34 49 48
0.181994 -0.150778 0.504000 30 45 44
0.183297 -0.150778 0.504000 31 46 45
0.184234 -0.150479 0.503000 27 42 41
0.185535 -0.150479 0.503000 24 39 38
0.186835 -0.150479 0.503000 26 41 40
0.188136 -0.150479 0.503000 26 41 40
0.189436 -0.150479 0.503000 26 41 40
0.190737 -0.150479 0.503000 26 40 42
0.191656 -0.150180 0.502000 26 40 42
0.192954 -0.150180 0.502000 27 41 43
0.194252 -0.150180 0.502000 26 40 42
0.195550 -0.150180 0.502000 28 42 44
0.196848 -0.150180 0.502000 29 43 45
0.198146 -0.150180 0.502000 29 43 45
0.199444 -0.150180 0.502000 31 45 47
0.200342 -0.149881 0.501000 26 43 46
0.201637 -0.149881 0.501000 26 43 46
0.202933 -0.149881 0.501000 28 45 46
0.204228 -0.149881 0.501000 31 48 49
0.205524 -0.149881 0.501000 27 45 43
0.206819 -0.149881 0.501000 28 46 44
0.208115 -0.149881 0.501000 27 45 41
0.209410 -0.149881 0.501000 27 45 41
0.211126 -0.150180 0.502000 35 48 43
0.212424 -0.150180 0.502000 35 48 43
0.213722 -0.150180 0.502000 32 45 40
0.214592 -0.149881 0.501000 35 48 43
0.215456 -0.149582 0.500000 36 51 48
0.216749 -0.149582 0.500000 35 50 47
0.217606 -0.149283 0.499000 40 55 54
0.218896 -0.149283 0.499000 44 59 58
0.219745 -0.148983 0.498000 45 59 61
0.221033 -0.148983 0.498000 45 59 61
0.221874 -0.148684 0.497000 48 62 64
0.222710 -0.148385 0.496000 55 69 71
0.223541 -0.148086 0.495000 56 70 72
0.224367 -0.147787 0.494000 58 72 74
0.225644 -0.147787 0.494000 62 77 76
0.226462 -0.147488 0.493000 69 84 83
0.227737 -0.147488 0.493000 68 85 86
0.229011 -0.147488 0.493000 50 67 68
0.230286 -0.147488 0.493000 43 54 54
0.231561 -0.147488 0.493000 143 154 154
0.232836 -0.147488 0.493000 231 236 224
0.234110 -0.147488 0.493000 215 220 208
0.235385 -0.147488 0.493000 220 219 204
0.236660 -0.147488 0.493000 226 225 210
0.238417 -0.147787 0.494000 232 224 212
0.239695 -0.147787 0.494000 236 228 216
0.247359 -0.147787 0.494000 227 218 209
-0.236468 -0.140280 0.473000 73 76 77
-0.235245 -0.140280 0.473000 59 62 63
-0.234022 -0.140280 0.473000 33 43 48
-0.232799 -0.140280 0.473000 40 50 55
-0.231576 -0.140280 0.473000 40 54 58
-0.230353 -0.140280 0.473000 45 59 63
-0.229614 -0.140576 0.474000 53 70 73
-0.228389 -0.140576 0.474000 52 69 72
-0.227642 -0.140873 0.475000 51 70 74
-0.226891 -0.141169 0.476000 31 50 54
-0.226134 -0.141466 0.477000 29 46 49
-0.224901 -0.141466 0.477000 28 45 48
-0.224136 -0.141763 0.478000 27 42 41
-0.223366 -0.142059 0.479000 24 39 38
-0.222128 -0.142059 0.479000 24 37 34
-0.220889 -0.142059 0.479000 24 37 34
-0.218868 -0.142356 0.480000 28 41 36
-0.217627 -0.142356 0.480000 31 44 43
-0.216837 -0.142652 0.481000 37 50 49
-0.215593 -0.142652 0.481000 46 53 57
-0.214349 -0.142652 0.481000 67 74 78
-0.213549 -0.142949 0.482000 70 76 74
-0.212302 -0.142949 0.482000 69 75 73
-0.210618 -0.142652 0.481000 69 78 71
-0.208939 -0.142356 0.480000 68 77 70
-0.207265 -0.142059 0.479000 69 84 79
-0.206027 -0.142059 0.479000 36 51 46
-0.204361 -0.141763 0.478000 24 39 36
-0.202275 -0.141169 0.476000 30 45 42
-0.200199 -0.140576 0.474000 29 44 41
-0.197714 -0.139686 0.471000 35 50 47
-0.195662 -0.139093 0.469000 35 50 47
-0.193620 -0.138500 0.467000 37 52 49
-0.192413 -0.138500 0.467000 38 53 52
-0.190796 -0.138204 0.466000 36 51 50
-0.189184 -0.137907 0.465000 34 49 46
-0.187578 -0.137610 0.464000 30 45 42
-0.186378 -0.137610 0.464000 31 44 39
-0.184779 -0.137314 0.463000 31 44 39
-0.183582 -0.137314 0.463000 33 46 41
-0.182385 -0.137314 0.463000 33 46 41
-0.181187 -0.137314 0.463000 32 45 40
-0.179990 -0.137314 0.463000 32 45 40
-0.178793 -0.137314 0.463000 31 44 41
-0.177596 -0.137314 0.463000 50 63 60
-0.175580 -0.137610 0.464000 61 74 73
-0.174380 -0.137610 0.464000 52 65 64
-0.173180 -0.137610 0.464000 56 69 68
-0.066864 -0.146508 0.494000 127 130 129
-0.065453 -0.146211 0.493000 116 116 118
-0.064049 -0.145915 0.492000 122 122 124
-0.062776 -0.145915 0.492000 124 132 129
-0.061379 -0.145618 0.491000 121 129 126
-0.059987 -0.145321 0.490000 121 138 124
-0.058600 -0.145025 0.489000 178 195 181
-0.057219 -0.144728 0.488000 96 110 99
-0.055842 -0.144432 0.487000 29 43 32
-0.054583 -0.144432 0.487000 42 55 52
-0.053324 -0.144432 0.487000 46 59 56
-0.052172 -0.144728 0.488000 54 67 66
-0.051014 -0.145025 0.489000 57 70 69
-0.049750 -0.145025 0.489000 60 68 69
-0.048584 -0.145321 0.490000 48 56 57
-0.046144 -0.145618 0.491000 33 41 40
-0.044875 -0.145618 0.491000 33 39 39
-0.043605 -0.145618 0.491000 35 41 41
-0.042336 -0.145618 0.491000 32 43 41
-0.040982 -0.145321 0.490000 33 44 42
-0.039634 -0.145025 0.489000 38 49 45
-0.036878 -0.144135 0.486000 44 57 52
-0.035548 -0.143839 0.485000 46 59 54
-0.034294 -0.143839 0.485000 50 63 58
-0.032972 -0.143542 0.484000 54 67 62
-0.031655 -0.143245 0.483000 54 67 62
-0.030280 -0.142652 0.481000 47 60 55
-0.028976 -0.142356 0.480000 44 58 49
-0.027677 -0.142059 0.479000 45 59 50
-0.026439 -0.142059 0.479000 42 56 47
-0.025147 -0.141763 0.478000 35 49 40
-0.023911 -0.141763 0.478000 35 49 40
-0.022675 -0.141763 0.478000 36 50 41
-0.021440 -0.141763 0.478000 42 55 50
-0.019007 -0.142059 0.479000 43 56 51
-0.017769 -0.142059 0.479000 38 51 46
-0.016565 -0.142356 0.480000 36 49 46
-0.015324 -0.142356 0.480000 35 48 45
-0.014112 -0.142652 0.481000 36 51 50
-0.012922 -0.143245 0.483000 38 53 52
-0.011721 -0.143839 0.485000 38 53 52
-0.010467 -0.143839 0.485000 40 55 54
0.000843 -0.147991 0.499000 27 38 36
0.008671 -0.149473 0.504000 124 131 125
0.009974 -0.149473 0.504000 141 148 142
0.011277 -0.149473 0.504000 145 154 147
0.012580 -0.149473 0.504000 142 151 144
0.061558 -0.139390 0.470000 110 119 112
0.062773 -0.139390 0.470000 93 102 95
0.063988 -0.139390 0.470000 47 58 54
0.065065 -0.139093 0.469000 37 48 44
0.066419 -0.139390 0.470000 33 44 42
0.067634 -0.139390 0.470000 32 43 41
0.068849 -0.139390 0.470000 32 45 44
0.070064 -0.139390 0.470000 32 45 44
0.071280 -0.139390 0.470000 33 48 47
0.072495 -0.139390 0.470000 38 53 52
0.073867 -0.139686 0.471000 49 64 63
0.075085 -0.139686 0.471000 48 63 62
0.076141 -0.139390 0.470000 41 59 57
0.077521 -0.139686 0.471000 41 59 57
0.078739 -0.139686 0.471000 28 45 46
0.079956 -0.139686 0.471000 29 46 47
0.081347 -0.139983 0.472000 27 44 45
0.082567 -0.139983 0.472000 24 41 42
0.083787 -0.139983 0.472000 22 37 36
0.085188 -0.140280 0.473000 22 37 36
0.086411 -0.140280 0.473000 29 44 43
0.087634 -0.140280 0.473000 33 48 47
0.089045 -0.140576 0.474000 31 46 45
0.090651 -0.141169 0.476000 29 44 43
0.092268 -0.141763 0.478000 26 41 36
0.094938 -0.142059 0.479000 19 35 26
0.096579 -0.142652 0.481000 21 37 28
0.098229 -0.143245 0.483000 22 38 29
0.099890 -0.143839 0.485000 23 39 30
0.101352 -0.144135 0.486000 23 38 35
0.102820 -0.144432 0.487000 23 38 35
0.105988 -0.145321 0.490000 23 38 35
0.107473 -0.145618 0.491000 24 39 34
0.108964 -0.145915 0.492000 26 41 36
0.110461 -0.146211 0.493000 32 45 40
0.111962 -0.146508 0.494000 32 45 40
0.113698 -0.147101 0.496000 31 44 39
0.115212 -0.147397 0.497000 32 45 40
0.116497 -0.147397 0.497000 33 46 41
0.118019 -0.147694 0.498000 32 45 40
0.119307 -0.147694 0.498000 36 48 40
0.120595 -0.147694 0.498000 45 57 49
0.122127 -0.147991 0.499000 51 64 59
0.123665 -0.148287 0.500000 54 67 62
0.125207 -0.148584 0.501000 61 76 73
0.128053 -0.148880 0.502000 87 100 99
0.129609 -0.149177 0.503000 89 102 101
0.131170 -0.149473 0.504000 97 103 105
0.132473 -0.149473 0.504000 101 107 109
0.134042 -0.149770 0.505000 100 106 106
0.135347 -0.149770 0.505000 100 106 106
0.136653 -0.149770 0.505000 100 108 107
0.174866 -0.150067 0.506000 57 68 68
0.176174 -0.150067 0.506000 54 65 65
0.177132 -0.149770 0.505000 52 63 63
0.178438 -0.149770 0.505000 40 53 52
0.179743 -0.149770 0.505000 31 44 43
0.180691 -0.149473 0.504000 28 42 44
0.181994 -0.149473 0.504000 27 41 43
0.183297 -0.149473 0.504000 24 39 38
0.184600 -0.149473 0.504000 23 38 37
0.185535 -0.149177 0.503000 23 38 37
0.186835 -0.149177 0.503000 22 37 36
0.188136 -0.149177 0.503000 23 38 37
0.189436 -0.149177 0.503000 33 48 47
0.190737 -0.149177 0.503000 32 44 46
0.191656 -0.148880 0.502000 32 44 46
0.193338 -0.149177 0.503000 32 43 43
0.194639 -0.149177 0.503000 34 45 45
0.195550 -0.148880 0.502000 32 43 43
0.196848 -0.148880 0.502000 31 42 42
0.198541 -0.149177 0.503000 29 43 45
0.199444 -0.148880 0.502000 33 47 49
0.200742 -0.148880 0.502000 27 44 47
0.202442 -0.149177 0.503000 31 48 51
0.203743 -0.149177 0.503000 33 50 55
0.205044 -0.149177 0.503000 32 49 54
0.206344 -0.149177 0.503000 29 46 49
0.207645 -0.149177 0.503000 32 49 52
0.208945 -0.149177 0.503000 36 50 52
0.210246 -0.149177 0.503000 35 49 51
0.211547 -0.149177 0.503000 39 52 51
0.212847 -0.149177 0.503000 38 51 50
0.214148 -0.149177 0.503000 36 49 48
0.215448 -0.149177 0.503000 36 49 48
0.216318 -0.148880 0.502000 35 49 51
0.217183 -0.148584 0.501000 36 50 52
0.218478 -0.148584 0.501000 38 52 54
0.219335 -0.148287 0.500000 36 50 52
0.220186 -0.147991 0.499000 36 53 56
0.221033 -0.147694 0.498000 36 53 56
0.222320 -0.147694 0.498000 39 56 59
0.223159 -0.147397 0.497000 41 58 61
0.223993 -0.147101 0.496000 44 58 60
0.224821 -0.146804 0.495000 42 56 58
0.225644 -0.146508 0.494000 44 59 58
0.226921 -0.146508 0.494000 50 65 64
0.227737 -0.146211 0.493000 48 65 66
0.229011 -0.146211 0.493000 40 57 58
0.230286 -0.146211 0.493000 46 57 55
0.231561 -0.146211 0.493000 161 172 170
0.232836 -0.146211 0.493000 216 221 209
0.234110 -0.146211 0.493000 218 223 211
0.235385 -0.146211 0.493000 226 220 207
0.236660 -0.146211 0.493000 235 229 216
0.237935 -0.146211 0.493000 233 225 213
0.239209 -0.146211 0.493000 233 225 213
0.240484 -0.146211 0.493000 240 230 218
0.241759 -0.146211 0.493000 242 232 220
0.243034 -0.146211 0.493000 242 234 222
0.244308 -0.146211 0.493000 238 230 218
0.245085 -0.145915 0.492000 233 224 215
0.246357 -0.145915 0.492000 222 213 204
0.262742 -0.144432 0.487000 206 200 204
-0.237691 -0.139055 0.473000 68 68 68
-0.236468 -0.139055 0.473000 50 56 58
-0.235245 -0.139055 0.473000 43 49 51
-0.234022 -0.139055 0.473000 30 44 48
-0.232799 -0.139055 0.473000 36 50 54
-0.231576 -0.139055 0.473000 50 67 72
-0.230353 -0.139055 0.473000 52 69 74
-0.229614 -0.139349 0.474000 49 68 72
-0.228389 -0.139349 0.474000 40 59 63
-0.228121 -0.139937 0.476000 28 47 51
-0.226891 -0.139937 0.476000 27 46 50
-0.226134 -0.140231 0.477000 29 43 47
-0.225372 -0.140525 0.478000 26 40 44
-0.224136 -0.140525 0.478000 32 45 42
-0.223366 -0.140819 0.479000 25 38 35
-0.222128 -0.140819 0.479000 25 36 34
-0.220889 -0.140819 0.479000 26 37 35
-0.218868 -0.141113 0.480000 29 42 37
-0.217627 -0.141113 0.480000 32 45 42
-0.216837 -0.141407 0.481000 39 52 49
-0.216041 -0.141701 0.482000 38 46 47
-0.215241 -0.141995 0.483000 74 82 83
-0.213992 -0.141995 0.483000 71 78 72
-0.212743 -0.141995 0.483000 71 78 72
-0.211056 -0.141701 0.482000 69 81 71
-0.209810 -0.141701 0.482000 65 77 67
-0.207698 -0.141113 0.480000 63 78 73
-0.206457 -0.141113 0.480000 63 78 73
-0.204788 -0.140819 0.479000 41 56 51
-0.202700 -0.140231 0.477000 22 37 32
-0.200622 -0.139643 0.475000 28 43 40
-0.198554 -0.139055 0.473000 31 46 43
-0.195662 -0.137879 0.469000 31 46 45
-0.193620 -0.137291 0.467000 34 49 48
-0.192413 -0.137291 0.467000 36 50 52
-0.190796 -0.136997 0.466000 35 49 51
-0.188777 -0.136409 0.464000 33 48 45
-0.187578 -0.136409 0.464000 30 45 42
-0.185976 -0.136115 0.463000 28 43 38
-0.184779 -0.136115 0.463000 29 44 39
-0.183582 -0.136115 0.463000 30 45 40
-0.182385 -0.136115 0.463000 28 43 38
-0.180796 -0.135821 0.462000 33 46 45
-0.179990 -0.136115 0.463000 35 48 47
-0.178793 -0.136115 0.463000 49 62 61
-0.177596 -0.136115 0.463000 74 87 86
-0.175202 -0.136115 0.463000 52 67 66
-0.173180 -0.136409 0.464000 49 64 63
-0.068003 -0.144935 0.493000 137 137 137
-0.066593 -0.144641 0.492000 140 140 140
-0.065188 -0.144347 0.491000 129 130 126
-0.063788 -0.144053 0.490000 128 129 125
-0.062394 -0.143759 0.489000 122 126 121
-0.061004 -0.143465 0.488000 113 117 112
-0.059620 -0.143171 0.487000 145 154 145
-0.058241 -0.142877 0.486000 121 130 121
-0.056984 -0.142877 0.486000 76 88 80
-0.055728 -0.142877 0.486000 38 50 42
-0.054471 -0.142877 0.486000 57 70 67
-0.053214 -0.142877 0.486000 49 62 59
-0.051958 -0.142877 0.486000 39 50 50
-0.050701 -0.142877 0.486000 32 43 43
-0.049444 -0.142877 0.486000 31 42 42
-0.048188 -0.142877 0.486000 31 42 42
-0.047028 -0.143171 0.487000 34 45 41
-0.045768 -0.143171 0.487000 43 54 50
-0.044509 -0.143171 0.487000 41 52 48
-0.043250 -0.143171 0.487000 47 58 54
-0.041905 -0.142877 0.486000 55 66 62
-0.040648 -0.142877 0.486000 57 68 64
-0.039310 -0.142583 0.485000 55 66 62
-0.038056 -0.142583 0.485000 52 63 59
-0.036726 -0.142289 0.484000 44 56 48
-0.035401 -0.141995 0.483000 37 49 41
-0.034082 -0.141701 0.482000 29 45 36
-0.032767 -0.141407 0.481000 24 40 31
-0.031458 -0.141113 0.480000 21 36 31
-0.030217 -0.141113 0.480000 22 37 32
-0.028916 -0.140819 0.479000 27 42 39
-0.027677 -0.140819 0.479000 21 36 33
-0.026439 -0.140819 0.479000 21 34 31
-0.025200 -0.140819 0.479000 24 37 34
-0.023961 -0.140819 0.479000 19 32 29
-0.022723 -0.140819 0.479000 21 34 31
-0.021484 -0.140819 0.479000 21 34 31
-0.020246 -0.140819 0.479000 22 35 32
-0.019007 -0.140819 0.479000 21 36 33
-0.017769 -0.140819 0.479000 26 41 38
-0.016565 -0.141113 0.480000 22 39 40
-0.015356 -0.141407 0.481000 24 41 42
-0.014112 -0.141407 0.481000 25 42 47
-0.012922 -0.141995 0.483000 19 36 41
-0.011697 -0.142289 0.484000 19 33 39
-0.010467 -0.142583 0.485000 22 36 42
-0.009213 -0.142583 0.485000 29 41 43
-0.007975 -0.142877 0.486000 32 44 46
-0.006746 -0.143465 0.488000 34 45 45
0.011255 -0.147874 0.503000 67 78 74
0.012555 -0.147874 0.503000 101 112 108
0.013856 -0.147874 0.503000 123 135 127
0.015156 -0.147874 0.503000 138 150 142
0.060214 -0.137879 0.469000 84 92 89
0.061427 -0.137879 0.469000 41 49 48
0.062639 -0.137879 0.469000 38 46 45
0.063852 -0.137879 0.469000 31 42 40
0.065203 -0.138173 0.470000 29 40 38
0.066419 -0.138173 0.470000 30 43 42
0.067634 -0.138173 0.470000 32 45 44
0.068703 -0.137879 0.469000 32 45 44
0.069915 -0.137879 0.469000 43 56 55
0.071280 -0.138173 0.470000 52 67 66
0.072341 -0.137879 0.469000 50 65 64
0.073710 -0.138173 0.470000 44 59 58
0.074926 -0.138173 0.470000 40 55 54
0.076141 -0.138173 0.470000 34 49 48
0.077521 -0.138467 0.471000 29 44 43
0.078739 -0.138467 0.471000 24 39 38
0.079956 -0.138467 0.471000 26 41 40
0.081174 -0.138467 0.471000 26 41 40
0.082567 -0.138761 0.472000 28 43 42
0.083787 -0.138761 0.472000 33 48 47
0.085188 -0.139055 0.473000 42 57 56
0.086411 -0.139055 0.473000 36 51 50
0.087634 -0.139055 0.473000 29 44 43
0.089421 -0.139937 0.476000 21 39 37
0.091032 -0.140525 0.478000 19 37 35
0.093895 -0.141113 0.480000 17 35 29
0.095929 -0.142289 0.484000 19 33 22
0.097382 -0.142583 0.485000 21 35 24
0.098839 -0.142877 0.486000 18 32 23
0.100302 -0.143171 0.487000 18 32 23
0.103242 -0.143759 0.489000 26 39 36
0.104934 -0.144347 0.491000 26 39 36
0.106420 -0.144641 0.492000 35 48 45
0.107911 -0.144935 0.493000 35 50 47
0.109407 -0.145229 0.494000 35 50 47
0.111133 -0.145817 0.496000 36 51 46
0.112642 -0.146111 0.497000 40 55 50
0.113927 -0.146111 0.497000 31 44 39
0.115444 -0.146405 0.498000 28 41 36
0.116732 -0.146405 0.498000 26 38 30
0.118019 -0.146405 0.498000 25 37 29
0.119547 -0.146699 0.499000 26 38 30
0.120837 -0.146699 0.499000 53 65 57
0.122127 -0.146699 0.499000 73 88 83
0.123665 -0.146993 0.500000 85 100 95
0.125207 -0.147287 0.501000 91 106 103
0.126503 -0.147287 0.501000 90 105 102
0.129609 -0.147874 0.503000 86 101 98
0.131170 -0.148168 0.504000 94 105 103
0.132473 -0.148168 0.504000 95 106 104
0.134042 -0.148462 0.505000 95 103 102
0.178438 -0.148462 0.505000 57 70 69
0.179743 -0.148462 0.505000 43 56 55
0.181049 -0.148462 0.505000 24 38 42
0.182355 -0.148462 0.505000 29 43 47
0.183297 -0.148168 0.504000 24 41 42
0.184600 -0.148168 0.504000 21 38 39
0.185903 -0.148168 0.504000 20 38 36
0.186835 -0.147874 0.503000 20 38 36
0.188136 -0.147874 0.503000 32 45 44
0.189436 -0.147874 0.503000 72 85 84
0.190737 -0.147874 0.503000 82 93 93
0.192038 -0.147874 0.503000 82 93 93
0.192954 -0.147580 0.502000 85 93 94
0.194639 -0.147874 0.503000 84 92 93
0.195939 -0.147874 0.503000 81 92 92
0.196848 -0.147580 0.502000 77 88 88
0.198541 -0.147874 0.503000 65 79 81
0.199841 -0.147874 0.503000 64 78 80
0.201142 -0.147874 0.503000 54 71 74
0.202442 -0.147874 0.503000 47 64 67
0.203743 -0.147874 0.503000 42 61 63
0.205451 -0.148168 0.504000 38 57 59
0.206754 -0.148168 0.504000 33 50 51
0.208058 -0.148168 0.504000 35 52 53
0.209361 -0.148168 0.504000 44 55 55
0.210664 -0.148168 0.504000 37 48 48
0.211967 -0.148168 0.504000 40 48 49
0.213270 -0.148168 0.504000 45 53 54
0.214573 -0.148168 0.504000 34 48 50
0.215877 -0.148168 0.504000 36 50 52
0.216749 -0.147874 0.503000 37 51 53
0.218050 -0.147874 0.503000 37 51 53
0.218914 -0.147580 0.502000 37 51 53
0.219773 -0.147287 0.501000 41 55 57
0.220628 -0.146993 0.500000 40 54 58
0.221477 -0.146699 0.499000 38 52 56
0.222320 -0.146405 0.498000 38 55 60
0.223159 -0.146111 0.497000 36 53 58
0.224444 -0.146111 0.497000 39 56 59
0.225275 -0.145817 0.496000 39 56 59
0.226101 -0.145523 0.495000 38 55 56
0.226921 -0.145229 0.494000 38 55 56
0.228199 -0.145229 0.494000 39 56 57
0.229011 -0.144935 0.493000 38 55 56
0.230286 -0.144935 0.493000 51 62 62
0.231561 -0.144935 0.493000 142 153 153
0.232836 -0.144935 0.493000 166 170 163
0.234110 -0.144935 0.493000 181 185 178
0.235385 -0.144935 0.493000 205 199 186
0.236660 -0.144935 0.493000 237 231 218
0.237935 -0.144935 0.493000 244 230 213
0.239209 -0.144935 0.493000 242 228 211
0.240484 -0.144935 0.493000 240 228 210
0.241268 -0.144641 0.492000 240 228 210
0.242541 -0.144641 0.492000 239 231 217
0.243813 -0.144641 0.492000 237 229 215
0.245085 -0.144641 0.492000 234 230 221
0.246357 -0.144641 0.492000 222 218 209
0.247629 -0.144641 0.492000 221 217 210
0.248901 -0.144641 0.492000 146 142 135
0.249665 -0.144347 0.491000 208 204 197
0.264001 -0.143171 0.487000 165 161 166
-0.238914 -0.137830 0.473000 69 72 73
-0.237188 -0.137539 0.472000 60 63 64
-0.235968 -0.137539 0.472000 32 39 43
-0.235245 -0.137830 0.473000 39 46 50
-0.234022 -0.137830 0.473000 35 52 55
-0.232799 -0.137830 0.473000 48 65 68
-0.231576 -0.137830 0.473000 51 70 74
-0.230840 -0.138122 0.474000 47 66 70
-0.229614 -0.138122 0.474000 40 62 65
-0.228870 -0.138413 0.475000 28 50 53
-0.228121 -0.138704 0.476000 26 48 51
-0.227367 -0.138996 0.477000 22 44 47
-0.226608 -0.139287 0.478000 25 37 41
-0.225372 -0.139287 0.478000 43 55 59
-0.224136 -0.139287 0.478000 57 70 67
-0.223366 -0.139579 0.479000 22 35 32
-0.222128 -0.139579 0.479000 24 37 34
-0.220109 -0.139870 0.480000 25 38 33
-0.218868 -0.139870 0.480000 28 41 36
-0.218081 -0.140161 0.481000 31 44 41
-0.216837 -0.140161 0.481000 32 45 42
-0.216041 -0.140453 0.482000 36 42 42
-0.215241 -0.140744 0.483000 76 82 82
-0.213992 -0.140744 0.483000 72 79 71
-0.213183 -0.141036 0.484000 72 79 71
-0.211494 -0.140744 0.483000 68 80 70
-0.210245 -0.140744 0.483000 67 79 69
-0.208996 -0.140744 0.483000 62 77 72
-0.206457 -0.139870 0.480000 62 77 72
-0.205216 -0.139870 0.480000 66 79 74
-0.203550 -0.139579 0.479000 32 45 40
-0.201467 -0.138996 0.477000 26 39 36
-0.198554 -0.137830 0.473000 35 48 45
-0.196079 -0.136956 0.470000 34 49 48
-0.193620 -0.136082 0.467000 34 49 48
-0.192413 -0.136082 0.467000 34 48 50
-0.190796 -0.135790 0.466000 31 45 47
-0.188777 -0.135208 0.464000 31 46 45
-0.187578 -0.135208 0.464000 29 44 43
-0.185574 -0.134625 0.462000 28 43 40
-0.184380 -0.134625 0.462000 28 43 40
-0.183185 -0.134625 0.462000 29 44 41
-0.181991 -0.134625 0.462000 29 44 41
-0.180796 -0.134625 0.462000 35 47 49
-0.179602 -0.134625 0.462000 52 64 66
-0.178793 -0.134916 0.463000 71 84 83
-0.177596 -0.134916 0.463000 65 78 77
-0.176399 -0.134916 0.463000 51 66 65
-0.175202 -0.134916 0.463000 52 67 66
-0.174004 -0.134916 0.463000 36 54 52
-0.173180 -0.135208 0.464000 40 58 56
-0.171610 -0.134916 0.463000 47 65 63
-0.070982 -0.144532 0.496000 123 126 127
-0.069278 -0.143658 0.493000 121 124 125
-0.067865 -0.143367 0.492000 97 97 97
-0.066457 -0.143075 0.491000 98 98 98
-0.064922 -0.142493 0.489000 98 98 98
-0.063398 -0.141910 0.487000 102 102 102
-0.062138 -0.141910 0.487000 74 77 76
-0.060754 -0.141618 0.486000 65 68 67
-0.059375 -0.141327 0.485000 54 60 58
-0.058121 -0.141327 0.485000 50 56 54
-0.056867 -0.141327 0.485000 38 51 50
-0.055613 -0.141327 0.485000 33 46 45
-0.054359 -0.141327 0.485000 30 44 46
-0.053105 -0.141327 0.485000 31 45 47
-0.051851 -0.141327 0.485000 36 49 48
-0.050597 -0.141327 0.485000 39 52 51
-0.049343 -0.141327 0.485000 50 63 62
-0.048089 -0.141327 0.485000 57 70 69
-0.046835 -0.141327 0.485000 58 71 66
-0.045581 -0.141327 0.485000 54 67 62
-0.044326 -0.141327 0.485000 51 64 59
-0.043072 -0.141327 0.485000 40 53 48
-0.041732 -0.141036 0.484000 32 45 40
-0.040481 -0.141036 0.484000 26 39 34
-0.039148 -0.140744 0.483000 25 38 33
-0.037821 -0.140453 0.482000 28 41 36
-0.036499 -0.140161 0.481000 27 39 31
-0.035182 -0.139870 0.480000 27 39 31
-0.033940 -0.139870 0.480000 26 42 33
-0.032699 -0.139870 0.480000 27 43 34
-0.031393 -0.139579 0.479000 25 43 39
-0.030154 -0.139579 0.479000 25 43 39
-0.028916 -0.139579 0.479000 26 41 40
-0.027677 -0.139579 0.479000 15 30 29
-0.026439 -0.139579 0.479000 23 38 35
-0.025200 -0.139579 0.479000 31 46 43
-0.023961 -0.139579 0.479000 37 52 51
-0.022723 -0.139579 0.479000 38 53 52
-0.021484 -0.139579 0.479000 38 56 54
-0.020246 -0.139579 0.479000 39 57 55
-0.019047 -0.139870 0.480000 32 52 49
-0.017806 -0.139870 0.480000 27 47 44
-0.016599 -0.140161 0.481000 24 43 45
-0.015387 -0.140453 0.482000 21 40 42
-0.014170 -0.140744 0.483000 20 37 42
-0.012948 -0.141036 0.484000 18 35 40
-0.011721 -0.141327 0.485000 18 30 34
-0.010467 -0.141327 0.485000 18 30 34
-0.009213 -0.141327 0.485000 22 30 31
-0.007992 -0.141910 0.487000 25 33 34
-0.006760 -0.142493 0.489000 25 33 34
-0.004240 -0.142784 0.490000 29 40 40
-0.002985 -0.143367 0.492000 29 40 40
-0.001716 -0.143658 0.493000 29 41 43
0.009934 -0.146281 0.502000 32 45 44
0.011232 -0.146281 0.502000 25 38 35
0.013801 -0.145989 0.501000 31 46 41
0.015096 -0.145989 0.501000 47 62 57
0.016392 -0.145989 0.501000 68 81 76
0.017652 -0.145698 0.500000 106 119 114
0.018945 -0.145698 0.500000 134 143 136
0.058307 -0.147155 0.505000 129 136 130
0.057665 -0.136373 0.468000 82 91 84
0.059001 -0.136665 0.469000 44 55 53
0.060086 -0.136373 0.468000 31 42 40
0.061427 -0.136665 0.469000 32 45 44
0.062639 -0.136665 0.469000 28 41 40
0.063852 -0.136665 0.469000 30 43 42
0.065065 -0.136665 0.469000 32 45 44
0.066277 -0.136665 0.469000 36 49 48
0.067634 -0.136956 0.470000 42 55 54
0.068849 -0.136956 0.470000 46 59 58
0.069915 -0.136665 0.469000 46 59 58
0.071128 -0.136665 0.469000 42 57 56
0.072341 -0.136665 0.469000 36 51 50
0.073710 -0.136956 0.470000 31 46 45
0.074766 -0.136665 0.469000 28 43 42
0.076141 -0.136956 0.470000 24 39 36
0.077356 -0.136956 0.470000 23 38 35
0.078571 -0.136956 0.470000 25 38 33
0.079956 -0.137247 0.471000 28 41 36
0.081174 -0.137247 0.471000 37 50 47
0.082567 -0.137539 0.472000 43 56 53
0.083787 -0.137539 0.472000 40 53 52
0.085188 -0.137830 0.473000 28 41 40
0.086411 -0.137830 0.473000 23 36 35
0.087819 -0.138122 0.474000 23 36 35
0.089609 -0.138996 0.477000 24 39 38
0.093426 -0.141036 0.484000 22 37 34
0.095069 -0.141618 0.486000 16 31 28
0.096524 -0.141910 0.487000 19 31 23
0.097984 -0.142201 0.488000 24 36 28
0.100920 -0.142784 0.490000 45 57 49
0.102604 -0.143367 0.492000 54 65 63
0.103876 -0.143367 0.492000 57 68 66
0.105362 -0.143658 0.493000 58 69 67
0.107069 -0.144241 0.495000 48 59 57
0.108568 -0.144532 0.496000 33 48 47
0.110072 -0.144824 0.497000 22 37 36
0.111581 -0.145115 0.498000 19 34 33
0.112869 -0.145115 0.498000 20 35 34
0.114156 -0.145115 0.498000 22 35 30
0.115444 -0.145115 0.498000 22 35 30
0.116966 -0.145407 0.499000 25 34 27
0.118256 -0.145407 0.499000 24 33 26
0.119547 -0.145407 0.499000 20 32 24
0.120837 -0.145407 0.499000 20 32 24
0.122127 -0.145407 0.499000 30 44 35
0.123665 -0.145698 0.500000 58 72 63
0.125207 -0.145989 0.501000 81 96 91
0.128053 -0.146281 0.502000 95 108 105
0.129609 -0.146572 0.503000 95 108 105
0.130910 -0.146572 0.503000 97 108 106
0.179743 -0.147155 0.505000 62 73 73
0.181049 -0.147155 0.505000 42 56 60
0.182355 -0.147155 0.505000 29 43 47
0.183661 -0.147155 0.505000 21 38 43
0.184600 -0.146864 0.504000 24 41 46
0.185903 -0.146864 0.504000 22 40 38
0.186835 -0.146572 0.503000 21 39 37
0.188136 -0.146572 0.503000 22 35 34
0.189436 -0.146572 0.503000 33 46 45
0.190737 -0.146572 0.503000 79 90 88
0.192038 -0.146572 0.503000 82 93 91
0.209776 -0.147155 0.505000 78 86 85
0.211082 -0.147155 0.505000 75 83 82
0.212388 -0.147155 0.505000 72 80 79
0.213693 -0.147155 0.505000 66 74 73
0.214999 -0.147155 0.505000 54 67 66
0.215877 -0.146864 0.504000 44 57 56
0.217180 -0.146864 0.504000 36 50 52
0.218483 -0.146864 0.504000 40 54 56
0.219350 -0.146572 0.503000 38 52 54
0.220212 -0.146281 0.502000 40 54 56
0.221069 -0.145989 0.501000 40 54 58
0.221920 -0.145698 0.500000 41 55 59
0.222320 -0.145115 0.498000 41 58 61
0.223608 -0.145115 0.498000 41 58 61
0.224444 -0.144824 0.497000 39 56 59
0.225729 -0.144824 0.497000 41 58 61
0.226558 -0.144532 0.496000 40 57 58
0.227381 -0.144241 0.495000 41 58 59
0.228661 -0.144241 0.495000 40 54 56
0.229940 -0.144241 0.495000 36 50 52
0.230753 -0.143950 0.494000 64 75 75
0.232031 -0.143950 0.494000 100 111 111
0.233308 -0.143950 0.494000 108 114 112
0.234110 -0.143658 0.493000 118 124 122
0.235385 -0.143658 0.493000 142 135 125
0.236660 -0.143658 0.493000 212 205 195
0.237935 -0.143658 0.493000 253 237 216
0.238724 -0.143367 0.492000 255 242 221
0.239996 -0.143367 0.492000 249 240 221
0.241268 -0.143367 0.492000 245 236 217
0.242541 -0.143367 0.492000 233 235 219
0.243813 -0.143367 0.492000 232 234 218
0.244587 -0.143075 0.491000 232 234 225
0.245856 -0.143075 0.491000 213 215 206
0.247126 -0.143075 0.491000 169 169 165
0.247890 -0.142784 0.490000 106 106 102
0.249157 -0.142784 0.490000 195 188 178
0.250424 -0.142784 0.490000 246 239 229
0.251691 -0.142784 0.490000 255 248 236
0.252957 -0.142784 0.490000 253 245 233
0.256234 -0.142493 0.489000 247 249 240
0.257499 -0.142493 0.489000 202 204 195
0.258763 -0.142493 0.489000 223 219 220
0.259496 -0.142201 0.488000 224 220 221
0.260758 -0.142201 0.488000 107 103 108
0.262020 -0.142201 0.488000 121 117 122
0.264001 -0.141910 0.487000 156 151 159
0.265260 -0.141910 0.487000 172 167 163
-0.239629 -0.136317 0.472000 84 84 80
-0.238409 -0.136317 0.472000 56 62 62
-0.237188 -0.136317 0.472000 44 50 50
-0.235968 -0.136317 0.472000 37 48 48
-0.234747 -0.136317 0.472000 40 51 51
-0.234022 -0.136606 0.473000 46 63 66
-0.232799 -0.136606 0.473000 50 67 70
-0.231576 -0.136606 0.473000 47 66 70
-0.230840 -0.136894 0.474000 46 65 69
-0.229614 -0.136894 0.474000 32 51 55
-0.229352 -0.137472 0.476000 26 45 49
-0.228121 -0.137472 0.476000 24 42 49
-0.227367 -0.137761 0.477000 14 32 39
-0.226608 -0.138050 0.478000 54 65 65
-0.225372 -0.138050 0.478000 103 114 114
-0.223366 -0.138338 0.479000 22 33 31
-0.222128 -0.138338 0.479000 25 38 37
-0.220109 -0.138627 0.480000 29 42 37
-0.218868 -0.138627 0.480000 29 42 37
-0.218081 -0.138916 0.481000 31 44 39
-0.217288 -0.139205 0.482000 33 46 41
-0.216490 -0.139494 0.483000 39 45 43
-0.215241 -0.139494 0.483000 73 79 77
-0.214435 -0.139782 0.484000 73 81 70
-0.213183 -0.139782 0.484000 72 80 69
-0.210680 -0.139782 0.484000 68 80 70
-0.209429 -0.139782 0.484000 65 78 73
-0.207747 -0.139494 0.483000 64 77 72
-0.206071 -0.139205 0.482000 65 76 72
-0.203550 -0.138338 0.479000 67 78 74
-0.201889 -0.138050 0.478000 34 45 41
-0.199394 -0.137183 0.475000 33 44 40
-0.196497 -0.136028 0.471000 35 48 47
-0.194035 -0.135161 0.468000 36 49 48
-0.192413 -0.134873 0.467000 34 48 50
-0.190796 -0.134584 0.466000 33 47 49
-0.188777 -0.134006 0.464000 33 48 47
-0.187173 -0.133717 0.463000 30 45 44
-0.185976 -0.133717 0.463000 29 44 43
-0.184380 -0.133429 0.462000 28 43 42
-0.183185 -0.133429 0.462000 29 44 43
-0.181991 -0.133429 0.462000 29 44 43
-0.180796 -0.133429 0.462000 44 56 58
-0.179602 -0.133429 0.462000 63 75 77
-0.178407 -0.133429 0.462000 61 76 75
-0.177212 -0.133429 0.462000 52 67 66
-0.176018 -0.133429 0.462000 51 66 65
-0.175202 -0.133717 0.463000 43 58 57
-0.173629 -0.133429 0.462000 38 56 54
-0.172807 -0.133717 0.463000 40 58 56
-0.171610 -0.133717 0.463000 46 64 62
-0.073547 -0.143248 0.496000 136 142 140
-0.071973 -0.142670 0.494000 131 137 135
-0.070552 -0.142382 0.493000 120 123 124
-0.069137 -0.142093 0.492000 121 124 125
-0.067727 -0.141804 0.491000 105 105 107
-0.066187 -0.141226 0.489000 84 84 86
-0.064790 -0.140938 0.488000 64 70 70
-0.063267 -0.140360 0.486000 61 67 67
-0.062011 -0.140360 0.486000 47 53 51
-0.060629 -0.140071 0.485000 41 47 45
-0.059375 -0.140071 0.485000 39 47 44
-0.058121 -0.140071 0.485000 36 44 41
-0.056867 -0.140071 0.485000 30 44 46
-0.055613 -0.140071 0.485000 31 45 47
-0.054359 -0.140071 0.485000 36 50 52
-0.053105 -0.140071 0.485000 40 54 56
-0.051851 -0.140071 0.485000 40 55 54
-0.050492 -0.139782 0.484000 41 56 55
-0.049241 -0.139782 0.484000 37 52 49
-0.047989 -0.139782 0.484000 35 50 47
-0.046738 -0.139782 0.484000 29 44 41
-0.045487 -0.139782 0.484000 22 37 34
-0.044235 -0.139782 0.484000 19 34 29
-0.042895 -0.139494 0.483000 22 37 32
-0.041646 -0.139494 0.483000 27 42 39
-0.040397 -0.139494 0.483000 22 37 34
-0.038986 -0.138916 0.481000 26 39 36
-0.037742 -0.138916 0.481000 28 41 38
-0.036423 -0.138627 0.480000 32 46 37
-0.035182 -0.138627 0.480000 29 43 34
-0.033940 -0.138627 0.480000 22 38 29
-0.032699 -0.138627 0.480000 24 40 31
-0.031458 -0.138627 0.480000 25 43 41
-0.030217 -0.138627 0.480000 29 47 45
-0.028976 -0.138627 0.480000 17 35 31
-0.027677 -0.138338 0.479000 56 74 70
-0.026494 -0.138627 0.480000 122 135 132
-0.025253 -0.138627 0.480000 130 143 140
-0.024011 -0.138627 0.480000 132 147 142
-0.022770 -0.138627 0.480000 132 147 142
-0.021529 -0.138627 0.480000 133 148 143
-0.020330 -0.138916 0.481000 133 148 143
-0.019126 -0.139205 0.482000 132 147 144
-0.017917 -0.139494 0.483000 129 144 141
-0.016703 -0.139782 0.484000 127 145 141
-0.015451 -0.139782 0.484000 124 142 138
-0.014229 -0.140071 0.485000 123 136 135
-0.010489 -0.140360 0.486000 92 100 99
-0.009251 -0.140649 0.487000 79 82 81
-0.008008 -0.140938 0.488000 70 73 72
-0.005507 -0.141515 0.490000 34 45 43
-0.004249 -0.141804 0.491000 23 35 37
0.009895 -0.144403 0.500000 42 56 58
0.016293 -0.143826 0.498000 26 41 38
0.017581 -0.143826 0.498000 28 43 40
0.018869 -0.143826 0.498000 39 52 49
0.020116 -0.143537 0.497000 71 84 81
0.021401 -0.143537 0.497000 100 111 107
0.022686 -0.143537 0.497000 125 136 132
0.055245 -0.135161 0.468000 75 82 76
0.056455 -0.135161 0.468000 44 55 53
0.057665 -0.135161 0.468000 32 43 41
0.058875 -0.135161 0.468000 32 45 44
0.060214 -0.135450 0.469000 29 42 41
0.061427 -0.135450 0.469000 30 43 42
0.062639 -0.135450 0.469000 30 43 42
0.063716 -0.135161 0.468000 31 46 45
0.065065 -0.135450 0.469000 37 52 51
0.066277 -0.135450 0.469000 49 64 61
0.067490 -0.135450 0.469000 47 62 59
0.068703 -0.135450 0.469000 41 56 53
0.069915 -0.135450 0.469000 38 53 50
0.071128 -0.135450 0.469000 31 46 45
0.072341 -0.135450 0.469000 29 44 43
0.073710 -0.135739 0.470000 26 41 40
0.074766 -0.135450 0.469000 23 38 37
0.075979 -0.135450 0.469000 23 38 33
0.077356 -0.135739 0.470000 27 42 37
0.078571 -0.135739 0.470000 34 45 41
0.079956 -0.136028 0.471000 40 51 47
0.081174 -0.136028 0.471000 40 51 49
0.082392 -0.136028 0.471000 25 36 34
0.083787 -0.136317 0.472000 24 37 36
0.085188 -0.136606 0.473000 25 38 37
0.101537 -0.142382 0.493000 75 84 77
0.103229 -0.142959 0.495000 76 87 83
0.104509 -0.142959 0.495000 74 85 81
0.106217 -0.143537 0.497000 68 79 77
0.107502 -0.143537 0.497000 65 76 74
0.109006 -0.143826 0.498000 53 66 65
0.110293 -0.143826 0.498000 40 53 52
0.111581 -0.143826 0.498000 26 41 40
0.113095 -0.144114 0.499000 21 36 35
0.114385 -0.144114 0.499000 25 38 35
0.115676 -0.144114 0.499000 23 36 33
0.116966 -0.144114 0.499000 26 35 28
0.118256 -0.144114 0.499000 25 34 27
0.119547 -0.144114 0.499000 24 36 28
0.120837 -0.144114 0.499000 25 37 29
0.122127 -0.144114 0.499000 21 35 26
0.123665 -0.144403 0.500000 16 30 21
0.124957 -0.144403 0.500000 23 38 35
0.126503 -0.144692 0.501000 56 71 68
0.129351 -0.144981 0.502000 106 119 116
0.130910 -0.145270 0.503000 103 114 110
0.179743 -0.145847 0.505000 75 86 84
0.181049 -0.145847 0.505000 65 77 81
0.182355 -0.145847 0.505000 47 59 63
0.183661 -0.145847 0.505000 25 41 49
0.184600 -0.145559 0.504000 26 42 50
0.185903 -0.145559 0.504000 25 42 43
0.186835 -0.145270 0.503000 24 41 42
0.188136 -0.145270 0.503000 23 38 35
0.189436 -0.145270 0.503000 19 34 31
0.190737 -0.145270 0.503000 50 61 59
0.191656 -0.144981 0.502000 91 102 100
0.218483 -0.145559 0.504000 83 96 95
0.219786 -0.145559 0.504000 74 84 87
0.220651 -0.145270 0.503000 67 77 80
0.221510 -0.144981 0.502000 57 69 71
0.222364 -0.144692 0.501000 49 61 63
0.223213 -0.144403 0.500000 46 63 64
0.223608 -0.143826 0.498000 42 59 60
0.224896 -0.143826 0.498000 41 58 61
0.225729 -0.143537 0.497000 39 56 59
0.227014 -0.143537 0.497000 42 59 60
0.227840 -0.143248 0.496000 43 60 61
0.229123 -0.143248 0.496000 38 50 52
0.229940 -0.142959 0.495000 46 58 60
0.231220 -0.142959 0.495000 70 81 81
0.232500 -0.142959 0.495000 77 88 88
0.233780 -0.142959 0.495000 81 92 92
0.234585 -0.142670 0.494000 88 99 99
0.235863 -0.142670 0.494000 82 83 77
0.236660 -0.142382 0.493000 89 90 84
0.237935 -0.142382 0.493000 126 116 102
0.239209 -0.142382 0.493000 158 148 134
0.239996 -0.142093 0.492000 166 167 156
0.241268 -0.142093 0.492000 174 175 164
0.242541 -0.142093 0.492000 183 184 178
0.243813 -0.142093 0.492000 199 200 194
0.244587 -0.141804 0.491000 196 202 202
0.245856 -0.141804 0.491000 140 146 146
0.246623 -0.141515 0.490000 76 83 77
0.247890 -0.141515 0.490000 80 87 81
0.249157 -0.141515 0.490000 127 123 114
0.249912 -0.141226 0.489000 129 125 116
0.251691 -0.141515 0.490000 132 125 115
0.252957 -0.141515 0.490000 137 130 120
0.256234 -0.141226 0.489000 186 194 183
0.257499 -0.141226 0.489000 174 182 171
0.258763 -0.141226 0.489000 204 203 203
0.260028 -0.141226 0.489000 173 172 172
0.260758 -0.140938 0.488000 86 82 87
0.262020 -0.140938 0.488000 131 127 132
0.263281 -0.140938 0.488000 207 203 206
0.264001 -0.140649 0.487000 135 131 134
0.265260 -0.140649 0.487000 157 154 151
-0.240850 -0.135095 0.472000 82 89 81
-0.239122 -0.134808 0.471000 60 67 59
-0.237904 -0.134808 0.471000 40 48 45
-0.236686 -0.134808 0.471000 39 47 44
-0.235468 -0.134808 0.471000 41 52 48
-0.234747 -0.135095 0.472000 48 59 55
-0.234022 -0.135381 0.473000 52 67 66
-0.232799 -0.135381 0.473000 51 66 65
-0.231576 -0.135381 0.473000 45 62 65
-0.230840 -0.135667 0.474000 32 49 52
-0.230099 -0.135953 0.475000 28 46 53
-0.229352 -0.136239 0.476000 23 41 48
-0.228601 -0.136526 0.477000 19 33 37
-0.227844 -0.136812 0.478000 59 73 77
-0.226608 -0.136812 0.478000 116 124 121
-0.224605 -0.137098 0.479000 62 73 69
-0.223366 -0.137098 0.479000 26 37 33
-0.222128 -0.137098 0.479000 23 37 39
-0.220109 -0.137384 0.480000 24 39 38
-0.218868 -0.137384 0.480000 26 41 40
-0.218081 -0.137671 0.481000 29 42 39
-0.217288 -0.137957 0.482000 31 44 41
-0.216490 -0.138243 0.483000 37 44 38
-0.215686 -0.138529 0.484000 73 80 74
-0.214435 -0.138529 0.484000 73 81 70
-0.213183 -0.138529 0.484000 72 80 69
-0.209429 -0.138529 0.484000 66 80 69
-0.208177 -0.138529 0.484000 65 79 68
-0.206498 -0.138243 0.483000 66 78 68
-0.204400 -0.137671 0.481000 67 79 69
-0.202311 -0.137098 0.479000 69 76 70
-0.200653 -0.136812 0.478000 48 55 49
-0.197748 -0.135667 0.474000 32 43 41
-0.194450 -0.134236 0.469000 34 45 43
-0.192413 -0.133664 0.467000 32 45 44
-0.190796 -0.133377 0.466000 31 44 43
-0.188777 -0.132805 0.464000 31 46 45
-0.186769 -0.132232 0.462000 33 48 47
-0.185574 -0.132232 0.462000 30 44 46
-0.184380 -0.132232 0.462000 27 41 43
-0.183185 -0.132232 0.462000 29 43 45
-0.181991 -0.132232 0.462000 37 51 53
-0.180796 -0.132232 0.462000 58 72 74
-0.179602 -0.132232 0.462000 59 73 75
-0.178407 -0.132232 0.462000 51 66 65
-0.177212 -0.132232 0.462000 51 66 65
-0.176018 -0.132232 0.462000 44 59 58
-0.174823 -0.132232 0.462000 41 56 55
-0.173629 -0.132232 0.462000 40 55 54
-0.172434 -0.132232 0.462000 41 56 55
-0.171239 -0.132232 0.462000 45 60 59
-0.170045 -0.132232 0.462000 38 53 52
-0.076265 -0.142250 0.497000 154 160 158
-0.074829 -0.141964 0.496000 153 159 157
-0.073250 -0.141391 0.494000 121 127 127
-0.071827 -0.141105 0.493000 99 105 105
-0.070409 -0.140819 0.492000 78 85 89
-0.068856 -0.140247 0.490000 62 69 73
-0.067451 -0.139960 0.489000 49 52 55
-0.065916 -0.139388 0.487000 38 41 44
-0.064524 -0.139102 0.486000 32 40 41
-0.063267 -0.139102 0.486000 36 44 45
-0.061883 -0.138815 0.485000 38 49 45
-0.060629 -0.138815 0.485000 41 52 48
-0.059375 -0.138815 0.485000 46 57 53
-0.058121 -0.138815 0.485000 48 59 55
-0.056867 -0.138815 0.485000 47 62 61
-0.055613 -0.138815 0.485000 47 62 61
-0.054359 -0.138815 0.485000 36 54 52
-0.053105 -0.138815 0.485000 29 47 45
-0.051851 -0.138815 0.485000 22 40 36
-0.050492 -0.138529 0.484000 20 38 34
-0.049241 -0.138529 0.484000 22 40 36
-0.047989 -0.138529 0.484000 21 39 35
-0.046738 -0.138529 0.484000 21 39 35
-0.045393 -0.138243 0.483000 22 40 36
-0.044144 -0.138243 0.483000 25 43 39
-0.042806 -0.137957 0.482000 27 45 41
-0.041473 -0.137671 0.481000 31 46 43
-0.040230 -0.137671 0.481000 31 46 43
-0.038986 -0.137671 0.481000 30 45 42
-0.037664 -0.137384 0.480000 27 42 39
-0.036423 -0.137384 0.480000 45 60 55
-0.035182 -0.137384 0.480000 41 56 51
-0.033940 -0.137384 0.480000 23 38 33
-0.032699 -0.137384 0.480000 22 37 32
-0.031458 -0.137384 0.480000 32 49 50
-0.030217 -0.137384 0.480000 31 48 49
-0.028976 -0.137384 0.480000 48 63 60
-0.027735 -0.137384 0.480000 122 137 134
-0.026494 -0.137384 0.480000 134 143 136
-0.016737 -0.138815 0.485000 132 144 136
-0.015515 -0.139102 0.486000 131 143 135
-0.014259 -0.139102 0.486000 132 141 134
-0.013002 -0.139102 0.486000 135 144 137
-0.011769 -0.139388 0.487000 141 148 142
-0.010532 -0.139674 0.488000 143 150 144
-0.008025 -0.139960 0.489000 144 148 143
-0.005518 -0.140533 0.491000 132 139 133
-0.004257 -0.140819 0.492000 118 129 127
-0.002985 -0.140819 0.492000 102 113 111
-0.001716 -0.141105 0.493000 81 89 88
-0.000443 -0.141391 0.494000 57 65 64
0.003417 -0.142536 0.498000 18 30 32
0.019995 -0.141391 0.494000 29 44 41
0.021272 -0.141391 0.494000 29 42 41
0.022504 -0.141105 0.493000 38 51 50
0.023778 -0.141105 0.493000 61 72 72
0.025104 -0.141391 0.494000 95 106 106
0.052874 -0.143967 0.503000 132 141 132
0.054282 -0.144254 0.504000 132 141 132
0.054035 -0.133950 0.468000 44 55 53
0.055245 -0.133950 0.468000 30 41 39
0.056455 -0.133950 0.468000 30 43 42
0.057665 -0.133950 0.468000 30 43 42
0.058875 -0.133950 0.468000 31 44 43
0.060086 -0.133950 0.468000 32 45 44
0.061296 -0.133950 0.468000 35 48 45
0.062639 -0.134236 0.469000 43 56 53
0.063852 -0.134236 0.469000 44 59 54
0.065065 -0.134236 0.469000 44 59 54
0.066277 -0.134236 0.469000 41 56 51
0.067490 -0.134236 0.469000 35 50 45
0.068703 -0.134236 0.469000 31 46 43
0.069915 -0.134236 0.469000 28 43 40
0.071128 -0.134236 0.469000 23 38 37
0.072341 -0.134236 0.469000 21 36 35
0.073553 -0.134236 0.469000 22 37 36
0.074766 -0.134236 0.469000 28 43 42
0.075979 -0.134236 0.469000 31 46 43
0.077356 -0.134522 0.470000 35 50 47
0.078571 -0.134522 0.470000 35 48 43
0.079956 -0.134808 0.471000 23 36 31
0.081174 -0.134808 0.471000 22 35 32
0.082392 -0.134808 0.471000 22 35 32
0.083787 -0.135095 0.472000 22 34 36
0.098003 -0.143395 0.501000 93 104 104
0.099390 -0.141678 0.495000 84 92 89
0.100873 -0.141964 0.496000 86 95 88
0.102361 -0.142250 0.497000 86 95 88
0.103855 -0.142536 0.498000 88 96 95
0.105143 -0.142536 0.498000 84 92 91
0.106430 -0.142536 0.498000 81 89 88
0.107934 -0.142822 0.499000 81 89 88
0.109224 -0.142822 0.499000 76 87 85
0.110515 -0.142822 0.499000 70 81 79
0.111805 -0.142822 0.499000 58 71 68
0.113095 -0.142822 0.499000 36 49 46
0.114385 -0.142822 0.499000 25 38 37
0.115676 -0.142822 0.499000 23 36 35
0.116966 -0.142822 0.499000 27 35 34
0.118256 -0.142822 0.499000 25 33 32
0.119547 -0.142822 0.499000 23 34 30
0.120837 -0.142822 0.499000 25 36 32
0.122372 -0.143109 0.500000 23 38 33
0.123665 -0.143109 0.500000 23 38 33
0.124957 -0.143109 0.500000 24 39 36
0.126503 -0.143395 0.501000 17 32 29
0.127798 -0.143395 0.501000 27 42 41
0.130649 -0.143681 0.502000 100 111 107
0.132210 -0.143967 0.503000 109 120 116
0.133511 -0.143967 0.503000 107 119 111
0.181049 -0.144540 0.505000 81 93 95
0.182355 -0.144540 0.505000 54 66 68
0.183297 -0.144254 0.504000 34 51 56
0.184600 -0.144254 0.504000 25 42 47
0.185903 -0.144254 0.504000 27 44 45
0.186835 -0.143967 0.503000 25 42 43
0.188136 -0.143967 0.503000 24 42 38
0.189436 -0.143967 0.503000 20 38 34
0.190358 -0.143681 0.502000 22 35 32
0.191656 -0.143681 0.502000 60 73 70
0.226183 -0.142536 0.498000 57 74 75
0.227471 -0.142536 0.498000 52 65 64
0.228299 -0.142250 0.497000 40 53 52
0.229584 -0.142250 0.497000 48 59 57
0.230870 -0.142250 0.497000 73 84 82
0.232155 -0.142250 0.497000 79 90 88
0.232970 -0.141964 0.496000 80 91 89
0.234252 -0.141964 0.496000 77 88 86
0.235060 -0.141678 0.495000 73 84 82
0.236340 -0.141678 0.495000 75 81 81
0.237140 -0.141391 0.494000 67 73 73
0.237935 -0.141105 0.493000 66 66 66
0.239209 -0.141105 0.493000 65 65 65
0.240484 -0.141105 0.493000 62 69 73
0.241268 -0.140819 0.492000 62 69 73
0.242541 -0.140819 0.492000 68 76 77
0.243813 -0.140819 0.492000 78 86 87
0.244587 -0.140533 0.491000 81 89 90
0.245856 -0.140533 0.491000 64 72 73
0.247126 -0.140533 0.491000 68 76 75
0.247890 -0.140247 0.490000 85 93 92
0.249157 -0.140247 0.490000 122 125 124
0.250424 -0.140247 0.490000 121 124 123
0.251691 -0.140247 0.490000 108 114 112
0.252957 -0.140247 0.490000 138 144 142
0.254224 -0.140247 0.490000 141 156 151
0.255491 -0.140247 0.490000 151 166 161
0.256758 -0.140247 0.490000 125 134 125
0.257499 -0.139960 0.489000 113 122 113
0.258763 -0.139960 0.489000 114 117 116
0.260028 -0.139960 0.489000 96 99 98
0.261292 -0.139960 0.489000 73 72 74
0.262556 -0.139960 0.489000 125 124 126
0.263281 -0.139674 0.488000 161 161 163
0.264543 -0.139674 0.488000 100 100 102
0.265260 -0.139388 0.487000 123 126 127
-0.241557 -0.133589 0.471000 87 92 82
-0.239829 -0.133305 0.470000 50 62 52
-0.238614 -0.133305 0.470000 33 45 35
-0.237399 -0.133305 0.470000 34 46 38
-0.236183 -0.133305 0.470000 37 49 41
-0.235468 -0.133589 0.471000 53 64 60
-0.234747 -0.133872 0.472000 55 66 62
-0.234022 -0.134156 0.473000 52 65 62
-0.232799 -0.134156 0.473000 42 55 52
-0.232065 -0.134440 0.474000 35 49 53
-0.231327 -0.134723 0.475000 33 47 51
-0.230583 -0.135007 0.476000 27 40 49
-0.229834 -0.135291 0.477000 22 35 44
-0.229080 -0.135574 0.478000 79 89 92
-0.227844 -0.135574 0.478000 116 126 129
-0.225844 -0.135858 0.479000 108 119 115
-0.224605 -0.135858 0.479000 72 83 79
-0.223366 -0.135858 0.479000 24 35 31
-0.222128 -0.135858 0.479000 24 38 40
-0.220109 -0.136142 0.480000 27 41 43
-0.218868 -0.136142 0.480000 26 40 42
-0.218081 -0.136425 0.481000 27 42 39
-0.217288 -0.136709 0.482000 29 44 41
-0.216490 -0.136992 0.483000 31 42 38
-0.215686 -0.137276 0.484000 41 52 48
-0.214435 -0.137276 0.484000 76 85 76
-0.213624 -0.137560 0.485000 75 84 75
-0.201073 -0.135858 0.479000 70 79 70
-0.192825 -0.132738 0.468000 32 45 42
-0.191205 -0.132454 0.467000 32 45 42
-0.189184 -0.131887 0.465000 33 46 45
-0.186769 -0.131036 0.462000 35 48 47
-0.185574 -0.131036 0.462000 31 45 47
-0.184380 -0.131036 0.462000 31 45 47
-0.183185 -0.131036 0.462000 31 45 49
-0.181991 -0.131036 0.462000 38 52 56
-0.180796 -0.131036 0.462000 57 71 73
-0.179602 -0.131036 0.462000 52 66 68
-0.178407 -0.131036 0.462000 49 63 65
-0.177212 -0.131036 0.462000 45 59 61
-0.176018 -0.131036 0.462000 41 58 59
-0.174823 -0.131036 0.462000 39 56 57
-0.173629 -0.131036 0.462000 40 54 56
-0.172434 -0.131036 0.462000 40 54 56
-0.171239 -0.131036 0.462000 36 51 50
-0.170045 -0.131036 0.462000 37 52 51
-0.079959 -0.140680 0.496000 144 152 151
-0.078677 -0.140680 0.496000 154 162 163
-0.077550 -0.140963 0.497000 152 160 161
-0.076112 -0.140680 0.496000 144 147 146
-0.074528 -0.140112 0.494000 116 119 118
-0.070266 -0.139261 0.491000 30 40 43
-0.068716 -0.138694 0.489000 31 41 44
-0.067313 -0.138411 0.488000 35 43 44
-0.065781 -0.137843 0.486000 40 48 49
-0.064524 -0.137843 0.486000 38 49 49
-0.063137 -0.137560 0.485000 47 58 58
-0.061883 -0.137560 0.485000 55 66 64
-0.060629 -0.137560 0.485000 51 62 60
-0.059375 -0.137560 0.485000 44 55 55
-0.058121 -0.137560 0.485000 36 47 47
-0.056867 -0.137560 0.485000 29 44 43
-0.055613 -0.137560 0.485000 27 42 41
-0.054359 -0.137560 0.485000 19 37 35
-0.053105 -0.137560 0.485000 21 39 37
-0.051744 -0.137276 0.484000 24 42 38
-0.050492 -0.137276 0.484000 22 40 36
-0.049241 -0.137276 0.484000 24 42 38
-0.047989 -0.137276 0.484000 21 39 35
-0.046641 -0.136992 0.483000 21 39 35
-0.045393 -0.136992 0.483000 25 43 39
-0.044052 -0.136709 0.482000 27 45 43
-0.042806 -0.136709 0.482000 27 45 43
-0.041473 -0.136425 0.481000 31 46 43
-0.040230 -0.136425 0.481000 33 48 45
-0.038905 -0.136142 0.480000 30 45 42
-0.037664 -0.136142 0.480000 29 44 41
-0.036423 -0.136142 0.480000 40 55 50
-0.035182 -0.136142 0.480000 27 42 37
-0.033940 -0.136142 0.480000 23 38 33
-0.032699 -0.136142 0.480000 42 57 52
-0.031458 -0.136142 0.480000 35 52 53
-0.030217 -0.136142 0.480000 33 50 51
-0.028976 -0.136142 0.480000 54 72 70
-0.027735 -0.136142 0.480000 126 144 142
-0.026549 -0.136425 0.481000 134 141 133
-0.025358 -0.136709 0.482000 128 135 127
-0.020499 -0.137560 0.485000 132 139 131
-0.019245 -0.137560 0.485000 132 141 134
-0.005518 -0.139261 0.491000 136 143 135
-0.004257 -0.139545 0.492000 138 145 139
-0.002985 -0.139545 0.492000 139 146 140
-0.001716 -0.139829 0.493000 143 150 144
-0.000443 -0.140112 0.494000 142 149 143
0.000838 -0.140680 0.496000 139 146 140
0.002125 -0.140963 0.497000 121 128 122
0.005992 -0.141247 0.498000 53 61 60
0.007280 -0.141247 0.498000 35 43 42
0.009855 -0.141247 0.498000 15 29 31
0.012430 -0.141247 0.498000 21 35 39
0.023730 -0.139545 0.492000 32 45 44
0.025002 -0.139545 0.492000 29 42 41
0.026274 -0.139545 0.492000 32 45 44
0.027547 -0.139545 0.492000 53 66 65
0.028877 -0.139829 0.493000 88 96 95
0.031554 -0.140396 0.495000 143 150 142
0.050173 -0.142381 0.502000 135 144 137
0.051573 -0.142665 0.503000 130 139 132
0.051505 -0.132454 0.467000 48 56 57
0.052825 -0.132738 0.468000 34 42 43
0.054035 -0.132738 0.468000 33 46 45
0.055245 -0.132738 0.468000 32 45 44
0.056455 -0.132738 0.468000 29 42 41
0.057665 -0.132738 0.468000 28 41 40
0.058875 -0.132738 0.468000 35 48 45
0.060086 -0.132738 0.468000 45 58 55
0.061296 -0.132738 0.468000 45 56 52
0.062506 -0.132738 0.468000 44 55 51
0.063716 -0.132738 0.468000 43 56 51
0.064926 -0.132738 0.468000 35 48 43
0.066277 -0.133022 0.469000 33 46 41
0.067490 -0.133022 0.469000 28 41 36
0.068703 -0.133022 0.469000 28 41 38
0.069915 -0.133022 0.469000 25 38 35
0.071128 -0.133022 0.469000 23 38 37
0.072341 -0.133022 0.469000 23 38 37
0.073553 -0.133022 0.469000 36 51 50
0.074766 -0.133022 0.469000 36 51 50
0.075979 -0.133022 0.469000 37 50 49
0.077356 -0.133305 0.470000 31 44 43
0.078571 -0.133305 0.470000 25 36 34
0.079787 -0.133305 0.470000 25 36 34
0.081174 -0.133589 0.471000 33 44 44
0.082392 -0.133589 0.471000 52 63 63
0.095793 -0.142665 0.503000 99 111 113
0.097094 -0.142665 0.503000 100 110 113
0.110736 -0.141814 0.500000 92 100 99
0.112029 -0.141814 0.500000 86 97 93
0.113322 -0.141814 0.500000 70 81 77
0.114615 -0.141814 0.500000 57 68 66
0.115908 -0.141814 0.500000 50 61 59
0.117200 -0.141814 0.500000 36 47 45
0.118493 -0.141814 0.500000 24 35 33
0.119786 -0.141814 0.500000 22 35 32
0.120837 -0.141530 0.499000 24 37 34
0.122372 -0.141814 0.500000 23 38 37
0.123665 -0.141814 0.500000 24 39 38
0.124957 -0.141814 0.500000 23 38 37
0.126250 -0.141814 0.500000 22 37 36
0.127798 -0.142098 0.501000 21 36 35
0.129094 -0.142098 0.501000 19 34 33
0.131947 -0.142381 0.502000 61 74 69
0.133245 -0.142381 0.502000 101 113 105
0.182355 -0.143232 0.505000 76 87 87
0.183297 -0.142949 0.504000 51 65 69
0.184600 -0.142949 0.504000 31 45 49
0.185903 -0.142949 0.504000 29 43 45
0.186835 -0.142665 0.503000 28 42 44
0.188136 -0.142665 0.503000 29 43 45
0.189060 -0.142381 0.502000 27 41 43
0.190358 -0.142381 0.502000 23 36 35
0.191656 -0.142381 0.502000 28 41 40
0.192954 -0.142381 0.502000 82 93 91
0.231334 -0.141247 0.498000 105 114 107
0.232622 -0.141247 0.498000 96 105 96
0.233440 -0.140963 0.497000 78 87 78
0.234725 -0.140963 0.497000 79 85 83
0.235535 -0.140680 0.496000 79 85 83
0.236817 -0.140680 0.496000 70 73 72
0.237620 -0.140396 0.495000 65 68 67
0.238417 -0.140112 0.494000 65 68 67
0.239695 -0.140112 0.494000 71 74 73
0.240484 -0.139829 0.493000 71 77 77
0.241759 -0.139829 0.493000 73 79 79
0.242541 -0.139545 0.492000 69 77 76
0.243813 -0.139545 0.492000 66 74 73
0.245085 -0.139545 0.492000 67 75 74
0.246357 -0.139545 0.492000 69 77 76
0.247126 -0.139261 0.491000 76 84 83
0.248395 -0.139261 0.491000 71 79 78
0.249665 -0.139261 0.491000 67 74 78
0.250935 -0.139261 0.491000 70 77 81
0.252204 -0.139261 0.491000 69 76 82
0.252957 -0.138978 0.490000 70 77 83
0.255491 -0.138978 0.490000 80 91 91
0.256758 -0.138978 0.490000 102 110 107
0.258025 -0.138978 0.490000 120 128 125
0.259292 -0.138978 0.490000 89 95 97
0.260559 -0.138978 0.490000 67 73 75
0.261826 -0.138978 0.490000 69 72 75
0.262556 -0.138694 0.489000 112 115 118
0.263821 -0.138694 0.489000 100 103 104
0.265085 -0.138694 0.489000 78 81 82
0.266350 -0.138694 0.489000 77 85 86
-0.242260 -0.132088 0.470000 96 104 93
-0.240532 -0.131807 0.469000 62 70 59
-0.239319 -0.131807 0.469000 38 50 40
-0.238106 -0.131807 0.469000 36 48 38
-0.237399 -0.132088 0.470000 40 52 44
-0.236183 -0.132088 0.470000 50 62 54
-0.235468 -0.132369 0.471000 56 65 58
-0.234747 -0.132650 0.472000 56 65 58
-0.234022 -0.132931 0.473000 51 62 60
-0.232799 -0.132931 0.473000 39 50 48
-0.232065 -0.133212 0.474000 35 47 51
-0.231814 -0.133775 0.476000 31 43 47
-0.231067 -0.134056 0.477000 29 36 42
-0.230316 -0.134337 0.478000 81 88 94
-0.228321 -0.134618 0.479000 111 122 122
-0.224605 -0.134618 0.479000 82 95 92
-0.223366 -0.134618 0.479000 29 42 39
-0.222128 -0.134618 0.479000 25 37 39
-0.220109 -0.134899 0.480000 27 42 41
-0.218868 -0.134899 0.480000 27 42 41
-0.217627 -0.134899 0.480000 26 41 38
-0.216837 -0.135180 0.481000 28 43 40
-0.216490 -0.135742 0.483000 30 41 37
-0.215241 -0.135742 0.483000 33 44 40
-0.214435 -0.136023 0.484000 79 88 81
-0.213183 -0.136023 0.484000 77 86 79
-0.212370 -0.136304 0.485000 75 84 75
-0.211116 -0.136304 0.485000 75 84 75
-0.209862 -0.136304 0.485000 75 85 73
-0.201492 -0.134899 0.480000 71 81 69
-0.199834 -0.134618 0.479000 72 80 77
-0.191205 -0.131245 0.467000 32 43 41
-0.189591 -0.130964 0.466000 35 48 45
-0.187578 -0.130402 0.464000 35 48 45
-0.185574 -0.129840 0.462000 33 45 47
-0.184380 -0.129840 0.462000 36 48 50
-0.183185 -0.129840 0.462000 37 49 53
-0.181991 -0.129840 0.462000 37 49 53
-0.180796 -0.129840 0.462000 45 59 63
-0.179213 -0.129559 0.461000 52 66 70
-0.178407 -0.129840 0.462000 45 62 65
-0.176829 -0.129559 0.461000 40 57 60
-0.176018 -0.129840 0.462000 39 56 57
-0.174445 -0.129559 0.461000 38 55 56
-0.173253 -0.129559 0.461000 38 55 56
-0.172061 -0.129559 0.461000 34 51 52
-0.171239 -0.129840 0.462000 31 48 49
-0.169677 -0.129559 0.461000 34 51 52
-0.082358 -0.139114 0.495000 167 173 171
-0.081078 -0.139114 0.495000 146 159 158
-0.079959 -0.139395 0.496000 132 145 144
-0.078677 -0.139395 0.496000 150 157 163
-0.077238 -0.139114 0.495000 112 119 125
-0.076112 -0.139395 0.496000 165 164 164
-0.074678 -0.139114 0.495000 147 146 146
-0.072954 -0.138271 0.492000 44 47 48
-0.070123 -0.137709 0.490000 39 49 52
-0.068716 -0.137428 0.489000 47 57 60
-0.067175 -0.136866 0.487000 58 68 71
-0.065781 -0.136585 0.486000 52 62 65
-0.064524 -0.136585 0.486000 44 55 55
-0.063267 -0.136585 0.486000 36 47 47
-0.062011 -0.136585 0.486000 30 41 41
-0.060629 -0.136304 0.485000 25 36 36
-0.059375 -0.136304 0.485000 26 37 37
-0.058121 -0.136304 0.485000 31 42 42
-0.056867 -0.136304 0.485000 30 43 42
-0.055613 -0.136304 0.485000 32 45 44
-0.054359 -0.136304 0.485000 30 45 44
-0.052995 -0.136023 0.484000 31 46 45
-0.051744 -0.136023 0.484000 29 47 43
-0.050492 -0.136023 0.484000 26 44 40
-0.049241 -0.136023 0.484000 22 40 36
-0.047890 -0.135742 0.483000 20 38 34
-0.046641 -0.135742 0.483000 20 38 34
-0.045393 -0.135742 0.483000 21 39 35
-0.044052 -0.135461 0.482000 26 44 42
-0.042717 -0.135180 0.481000 26 44 42
-0.041473 -0.135180 0.481000 27 42 39
-0.040230 -0.135180 0.481000 29 44 41
-0.038905 -0.134899 0.480000 26 41 38
-0.037664 -0.134899 0.480000 28 43 40
-0.036423 -0.134899 0.480000 29 44 39
-0.035182 -0.134899 0.480000 23 38 33
-0.033940 -0.134899 0.480000 33 48 43
-0.032699 -0.134899 0.480000 42 57 52
-0.031458 -0.134899 0.480000 33 53 48
-0.030280 -0.135180 0.481000 30 50 45
-0.029036 -0.135180 0.481000 21 39 35
-0.027793 -0.135180 0.481000 69 87 83
-0.026604 -0.135461 0.482000 135 145 133
-0.025410 -0.135742 0.483000 130 140 128
-0.021753 -0.136304 0.485000 129 137 126
-0.001720 -0.138833 0.494000 133 140 134
-0.000444 -0.139114 0.495000 134 141 135
0.000838 -0.139395 0.496000 132 139 131
0.002125 -0.139676 0.497000 136 143 135
0.007265 -0.139676 0.497000 130 139 130
0.008550 -0.139676 0.497000 106 119 114
0.009835 -0.139676 0.497000 72 85 80
0.018641 -0.138271 0.492000 23 38 35
0.019914 -0.138271 0.492000 27 42 39
0.021143 -0.137990 0.491000 30 45 42
0.022367 -0.137709 0.490000 34 49 46
0.023682 -0.137990 0.491000 35 50 47
0.024901 -0.137709 0.490000 38 53 50
0.026168 -0.137709 0.490000 38 51 48
0.027491 -0.137990 0.491000 31 44 41
0.028819 -0.138271 0.492000 29 40 40
0.030091 -0.138271 0.492000 32 43 43
0.032702 -0.138552 0.493000 96 104 101
0.046002 -0.140238 0.499000 134 141 135
0.047387 -0.140519 0.500000 138 147 140
0.048777 -0.140800 0.501000 133 142 135
0.050073 -0.140800 0.501000 104 112 111
0.051505 -0.131245 0.467000 31 39 40
0.052712 -0.131245 0.467000 32 40 41
0.054035 -0.131526 0.468000 30 43 40
0.055245 -0.131526 0.468000 31 44 41
0.056455 -0.131526 0.468000 30 43 40
0.057665 -0.131526 0.468000 38 51 48
0.058875 -0.131526 0.468000 49 62 57
0.060086 -0.131526 0.468000 50 63 58
0.061296 -0.131526 0.468000 43 56 51
0.062506 -0.131526 0.468000 38 51 46
0.063716 -0.131526 0.468000 32 43 39
0.064926 -0.131526 0.468000 30 41 37
0.066277 -0.131807 0.469000 27 38 34
0.067346 -0.131526 0.468000 25 36 32
0.068703 -0.131807 0.469000 26 37 35
0.069915 -0.131807 0.469000 30 41 39
0.071128 -0.131807 0.469000 31 44 43
0.072341 -0.131807 0.469000 36 49 48
0.073553 -0.131807 0.469000 35 48 47
0.074766 -0.131807 0.469000 32 45 44
0.075979 -0.131807 0.469000 30 41 41
0.077356 -0.132088 0.470000 38 49 49
0.091892 -0.141363 0.503000 110 123 120
0.093192 -0.141363 0.503000 109 122 119
0.113322 -0.140519 0.500000 98 106 103
0.114615 -0.140519 0.500000 90 98 95
0.115908 -0.140519 0.500000 78 86 83
0.117200 -0.140519 0.500000 55 63 62
0.118493 -0.140519 0.500000 47 55 54
0.119786 -0.140519 0.500000 37 48 48
0.121079 -0.140519 0.500000 27 38 38
0.122372 -0.140519 0.500000 26 38 40
0.123665 -0.140519 0.500000 23 35 37
0.124957 -0.140519 0.500000 22 36 38
0.126250 -0.140519 0.500000 22 36 38
0.127543 -0.140519 0.500000 24 39 38
0.129094 -0.140800 0.501000 27 42 41
0.130389 -0.140800 0.501000 23 36 33
0.131684 -0.140800 0.501000 21 34 31
0.132980 -0.140800 0.501000 35 48 43
0.134543 -0.141082 0.502000 69 82 77
0.137413 -0.141363 0.503000 121 134 131
0.183297 -0.141644 0.504000 64 78 80
0.184600 -0.141644 0.504000 47 61 63
0.185903 -0.141644 0.504000 36 48 52
0.186835 -0.141363 0.503000 31 43 47
0.188136 -0.141363 0.503000 31 45 47
0.189060 -0.141082 0.502000 29 43 45
0.190358 -0.141082 0.502000 28 42 44
0.191656 -0.141082 0.502000 23 37 39
0.192954 -0.141082 0.502000 40 51 51
0.231334 -0.139957 0.498000 111 118 112
0.232622 -0.139957 0.498000 106 113 105
0.233909 -0.139957 0.498000 100 107 99
0.235197 -0.139957 0.498000 99 103 98
0.236010 -0.139676 0.497000 102 106 101
0.237295 -0.139676 0.497000 109 110 106
0.238100 -0.139395 0.496000 98 99 95
0.238900 -0.139114 0.495000 86 87 83
0.240180 -0.139114 0.495000 84 85 81
0.240972 -0.138833 0.494000 75 79 74
0.241759 -0.138552 0.493000 69 73 68
0.243034 -0.138552 0.493000 66 70 65
0.243813 -0.138271 0.492000 67 71 66
0.245085 -0.138271 0.492000 67 70 69
0.246357 -0.138271 0.492000 74 77 76
0.247629 -0.138271 0.492000 74 82 81
0.248901 -0.138271 0.492000 67 75 74
0.250174 -0.138271 0.492000 69 76 82
0.250935 -0.137990 0.491000 72 79 85
0.252204 -0.137990 0.491000 74 81 89
0.253474 -0.137990 0.491000 75 82 90
0.254743 -0.137990 0.491000 75 85 90
0.256013 -0.137990 0.491000 72 82 87
0.257282 -0.137990 0.491000 98 109 109
0.258552 -0.137990 0.491000 77 88 88
0.259822 -0.137990 0.491000 74 81 87
0.261091 -0.137990 0.491000 63 70 76
0.261826 -0.137709 0.490000 71 78 82
0.263093 -0.137709 0.490000 90 97 101
0.264360 -0.137709 0.490000 77 84 88
0.265627 -0.137709 0.490000 77 84 88
0.266894 -0.137709 0.490000 76 88 90
0.267614 -0.137428 0.489000 78 90 92
0.270143 -0.137428 0.489000 86 96 101
-0.241229 -0.130314 0.468000 68 75 67
-0.240019 -0.130314 0.468000 51 58 50
-0.238809 -0.130314 0.468000 36 48 40
-0.237598 -0.130314 0.468000 39 51 43
-0.236894 -0.130593 0.469000 45 57 49
-0.236183 -0.130871 0.470000 52 64 56
-0.235468 -0.131150 0.471000 52 63 59
-0.235245 -0.131707 0.473000 52 63 59
-0.234022 -0.131707 0.473000 39 49 52
-0.233291 -0.131985 0.474000 36 46 49
-0.233045 -0.132542 0.476000 34 41 49
-0.232301 -0.132821 0.477000 32 39 47
-0.231552 -0.133099 0.478000 83 88 95
-0.223366 -0.133377 0.479000 38 51 48
-0.222128 -0.133377 0.479000 25 37 41
-0.220109 -0.133656 0.480000 28 41 40
-0.218868 -0.133656 0.480000 28 41 40
-0.217627 -0.133656 0.480000 28 41 36
-0.216837 -0.133934 0.481000 30 43 38
-0.216041 -0.134213 0.482000 32 43 39
-0.215241 -0.134491 0.483000 32 43 39
-0.214435 -0.134770 0.484000 85 94 87
-0.213624 -0.135048 0.485000 79 88 81
-0.212370 -0.135048 0.485000 79 89 77
-0.211116 -0.135048 0.485000 77 87 75
-0.209862 -0.135048 0.485000 77 85 74
-0.192434 -0.130871 0.470000 54 60 58
-0.189998 -0.130036 0.467000 37 48 44
-0.188386 -0.129758 0.466000 37 48 44
-0.185574 -0.128644 0.462000 34 44 47
-0.184380 -0.128644 0.462000 37 47 50
-0.183185 -0.128644 0.462000 35 47 49
-0.181991 -0.128644 0.462000 35 47 49
-0.180405 -0.128365 0.461000 35 49 53
-0.179213 -0.128365 0.461000 41 55 59
-0.178021 -0.128365 0.461000 32 49 52
-0.176829 -0.128365 0.461000 33 50 53
-0.175637 -0.128365 0.461000 34 51 52
-0.174445 -0.128365 0.461000 34 51 52
-0.173253 -0.128365 0.461000 34 51 52
-0.172061 -0.128365 0.461000 31 48 49
-0.170869 -0.128365 0.461000 29 46 47
-0.169677 -0.128365 0.461000 35 52 53
-0.168485 -0.128365 0.461000 32 51 51
-0.164909 -0.128365 0.461000 35 52 53
-0.084746 -0.137554 0.494000 150 156 154
-0.083469 -0.137554 0.494000 175 186 184
-0.082191 -0.137554 0.494000 126 137 135
-0.080914 -0.137554 0.494000 136 148 150
-0.079798 -0.137833 0.495000 146 158 160
-0.078518 -0.137833 0.495000 134 140 151
-0.077238 -0.137833 0.495000 91 97 108
-0.075958 -0.137833 0.495000 167 163 164
-0.074528 -0.137554 0.494000 141 137 138
-0.070123 -0.136440 0.490000 52 59 65
-0.068716 -0.136162 0.489000 46 53 59
-0.067175 -0.135605 0.487000 31 41 46
-0.065916 -0.135605 0.487000 32 42 47
-0.064657 -0.135605 0.487000 27 38 38
-0.063398 -0.135605 0.487000 25 36 36
-0.062011 -0.135327 0.486000 28 36 37
-0.060754 -0.135327 0.486000 31 39 40
-0.059498 -0.135327 0.486000 50 61 61
-0.058121 -0.135048 0.485000 52 63 63
-0.056867 -0.135048 0.485000 29 44 43
-0.055613 -0.135048 0.485000 31 46 45
-0.054359 -0.135048 0.485000 31 46 45
-0.053105 -0.135048 0.485000 30 45 44
-0.051744 -0.134770 0.484000 28 46 44
-0.050492 -0.134770 0.484000 28 46 44
-0.049241 -0.134770 0.484000 27 45 43
-0.047890 -0.134491 0.483000 24 42 40
-0.046641 -0.134491 0.483000 22 40 38
-0.045393 -0.134491 0.483000 22 40 38
-0.044052 -0.134213 0.482000 24 42 38
-0.042717 -0.133934 0.481000 25 43 39
-0.041473 -0.133934 0.481000 24 39 34
-0.040230 -0.133934 0.481000 24 39 34
-0.038905 -0.133656 0.480000 23 38 33
-0.037664 -0.133656 0.480000 27 42 37
-0.036423 -0.133656 0.480000 24 38 29
-0.035182 -0.133656 0.480000 26 40 31
-0.033940 -0.133656 0.480000 40 56 45
-0.032699 -0.133656 0.480000 38 54 43
-0.031524 -0.133934 0.481000 29 47 41
-0.030280 -0.133934 0.481000 31 49 43
-0.029097 -0.134213 0.482000 21 42 31
-0.027850 -0.134213 0.482000 44 65 54
-0.026659 -0.134491 0.483000 107 124 106
-0.025463 -0.134770 0.484000 125 142 124
-0.024262 -0.135048 0.485000 130 143 126
-0.021798 -0.135327 0.486000 133 141 128
0.000840 -0.138389 0.497000 134 141 133
0.002125 -0.138389 0.497000 133 140 132
0.003410 -0.138389 0.497000 132 139 131
0.004695 -0.138389 0.497000 132 139 131
0.005980 -0.138389 0.497000 131 140 131
0.007265 -0.138389 0.497000 130 139 130
0.008550 -0.138389 0.497000 131 143 133
0.009835 -0.138389 0.497000 135 147 137
0.011120 -0.138389 0.497000 135 144 137
0.012406 -0.138389 0.497000 124 133 126
0.013663 -0.138111 0.496000 104 115 111
0.014915 -0.137833 0.495000 57 68 64
0.018641 -0.136997 0.492000 18 29 25
0.019873 -0.136719 0.491000 18 29 25
0.021100 -0.136440 0.490000 20 35 32
0.022321 -0.136162 0.489000 21 36 33
0.023585 -0.136162 0.489000 22 37 34
0.024850 -0.136162 0.489000 28 43 40
0.026061 -0.135883 0.488000 31 46 43
0.027379 -0.136162 0.489000 35 50 47
0.028702 -0.136440 0.490000 33 46 41
0.030030 -0.136719 0.491000 38 51 46
0.031299 -0.136719 0.491000 36 47 43
0.035179 -0.136997 0.492000 53 61 58
0.036526 -0.137276 0.493000 94 101 95
0.039392 -0.138389 0.497000 142 149 143
0.040759 -0.138668 0.498000 141 148 142
0.042047 -0.138668 0.498000 136 143 137
0.043335 -0.138668 0.498000 140 147 141
0.044712 -0.138946 0.499000 139 146 140
0.046675 -0.130036 0.467000 38 49 49
0.047882 -0.130036 0.467000 33 44 44
0.049090 -0.130036 0.467000 34 40 40
0.050297 -0.130036 0.467000 34 40 40
0.051505 -0.130036 0.467000 29 40 38
0.052712 -0.130036 0.467000 30 41 39
0.053920 -0.130036 0.467000 37 50 47
0.055127 -0.130036 0.467000 44 57 54
0.056335 -0.130036 0.467000 47 60 55
0.057665 -0.130314 0.468000 50 63 58
0.058875 -0.130314 0.468000 45 59 50
0.060086 -0.130314 0.468000 33 47 38
0.061296 -0.130314 0.468000 30 44 35
0.062506 -0.130314 0.468000 26 40 31
0.063716 -0.130314 0.468000 24 37 32
0.065065 -0.130593 0.469000 24 37 32
0.066136 -0.130314 0.468000 24 37 34
0.067490 -0.130593 0.469000 23 36 33
0.068703 -0.130593 0.469000 32 40 41
0.069915 -0.130593 0.469000 46 54 55
0.071128 -0.130593 0.469000 38 46 45
0.072341 -0.130593 0.469000 34 42 41
0.073553 -0.130593 0.469000 37 48 48
0.074766 -0.130593 0.469000 59 70 70
0.075979 -0.130593 0.469000 81 92 90
0.116139 -0.139503 0.501000 107 115 112
0.117435 -0.139503 0.501000 92 100 97
0.118730 -0.139503 0.501000 86 94 91
0.119786 -0.139225 0.500000 67 75 74
0.121079 -0.139225 0.500000 47 55 54
0.122372 -0.139225 0.500000 35 42 46
0.123665 -0.139225 0.500000 26 33 37
0.124957 -0.139225 0.500000 25 37 41
0.126250 -0.139225 0.500000 26 38 42
0.127543 -0.139225 0.500000 24 38 40
0.128836 -0.139225 0.500000 24 38 40
0.130129 -0.139225 0.500000 23 38 37
0.131422 -0.139225 0.500000 22 37 36
0.132980 -0.139503 0.501000 19 34 31
0.134275 -0.139503 0.501000 17 32 29
0.135571 -0.139503 0.501000 32 45 42
0.136866 -0.139503 0.501000 83 96 93
0.138437 -0.139782 0.502000 115 126 124
0.139735 -0.139782 0.502000 128 139 137
0.183297 -0.140339 0.504000 90 102 106
0.184600 -0.140339 0.504000 67 79 83
0.185903 -0.140339 0.504000 46 58 62
0.186835 -0.140060 0.503000 36 48 52
0.188136 -0.140060 0.503000 31 45 49
0.189060 -0.139782 0.502000 34 48 52
0.189979 -0.139503 0.501000 30 44 50
0.191274 -0.139503 0.501000 30 44 50
0.192569 -0.139503 0.501000 26 39 38
0.194252 -0.139782 0.502000 50 63 62
0.233089 -0.138946 0.499000 99 106 98
0.234379 -0.138946 0.499000 106 113 105
0.235197 -0.138668 0.498000 112 113 107
0.236485 -0.138668 0.498000 116 117 111
0.237772 -0.138668 0.498000 117 118 112
0.238580 -0.138389 0.497000 121 122 116
0.239865 -0.138389 0.497000 122 126 119
0.240665 -0.138111 0.496000 121 125 118
0.241947 -0.138111 0.496000 113 117 110
0.242740 -0.137833 0.495000 108 112 105
0.244020 -0.137833 0.495000 107 111 104
0.244804 -0.137554 0.494000 98 102 95
0.245583 -0.137276 0.493000 98 102 97
0.246858 -0.137276 0.493000 88 92 87
0.248133 -0.137276 0.493000 90 96 96
0.248901 -0.136997 0.492000 76 82 82
0.250174 -0.136997 0.492000 70 75 80
0.251446 -0.136997 0.492000 71 76 81
0.252718 -0.136997 0.492000 69 76 82
0.253990 -0.136997 0.492000 68 75 81
0.255262 -0.136997 0.492000 67 77 80
0.256534 -0.136997 0.492000 73 83 86
0.257806 -0.136997 0.492000 84 94 99
0.258552 -0.136719 0.491000 74 84 89
0.261623 -0.136997 0.492000 66 76 83
0.262361 -0.136719 0.491000 71 83 85
0.263630 -0.136719 0.491000 74 86 88
0.264900 -0.136719 0.491000 65 79 83
0.266169 -0.136719 0.491000 102 116 120
0.267439 -0.136719 0.491000 78 100 103
0.268709 -0.136719 0.491000 69 91 94
0.269978 -0.136719 0.491000 79 86 94
0.271800 -0.136997 0.492000 84 91 99
0.273072 -0.136997 0.492000 93 87 91
0.276177 -0.137276 0.493000 90 86 89
-0.242439 -0.129103 0.468000 72 73 67
-0.240713 -0.128827 0.467000 51 54 55
-0.238809 -0.129103 0.468000 41 50 43
-0.237598 -0.129103 0.468000 46 55 48
-0.236894 -0.129379 0.469000 49 62 57
-0.236183 -0.129654 0.470000 51 64 59
-0.235968 -0.130206 0.472000 49 62 61
-0.235245 -0.130482 0.473000 43 56 55
-0.234022 -0.130482 0.473000 35 47 53
-0.233783 -0.131034 0.475000 33 45 51
-0.233534 -0.131585 0.477000 31 38 46
-0.232788 -0.131861 0.478000 75 82 90
-0.223366 -0.132137 0.479000 65 76 74
-0.222128 -0.132137 0.479000 19 31 35
-0.220889 -0.132137 0.479000 26 38 42
-0.219651 -0.132137 0.479000 28 40 42
-0.217627 -0.132413 0.480000 30 43 38
-0.216837 -0.132689 0.481000 28 41 36
-0.215593 -0.132689 0.481000 30 41 37
-0.214795 -0.132965 0.482000 27 38 34
-0.213992 -0.133241 0.483000 82 91 84
-0.213183 -0.133516 0.484000 78 87 80
-0.191625 -0.129930 0.471000 52 60 59
-0.189195 -0.129103 0.468000 41 49 48
-0.187181 -0.128551 0.466000 33 44 42
-0.185577 -0.128275 0.465000 34 45 43
-0.183185 -0.127448 0.462000 33 46 45
-0.181991 -0.127448 0.462000 36 49 48
-0.180405 -0.127172 0.461000 33 48 47
-0.179213 -0.127172 0.461000 34 49 48
-0.178021 -0.127172 0.461000 30 45 44
-0.176829 -0.127172 0.461000 29 44 43
-0.175637 -0.127172 0.461000 31 46 45
-0.174445 -0.127172 0.461000 31 46 45
-0.173253 -0.127172 0.461000 34 52 50
-0.172061 -0.127172 0.461000 32 50 48
-0.170869 -0.127172 0.461000 31 50 50
-0.169677 -0.127172 0.461000 34 53 53
-0.168485 -0.127172 0.461000 32 51 51
-0.167293 -0.127172 0.461000 32 51 51
-0.166101 -0.127172 0.461000 34 51 52
-0.164909 -0.127172 0.461000 36 53 54
-0.163717 -0.127172 0.461000 44 56 58
-0.162525 -0.127172 0.461000 35 47 49
-0.089492 -0.135723 0.492000 155 162 166
-0.087124 -0.135999 0.493000 105 112 116
-0.085849 -0.135999 0.493000 133 141 142
-0.084575 -0.135999 0.493000 159 167 168
-0.083300 -0.135999 0.493000 149 162 161
-0.082025 -0.135999 0.493000 104 117 116
-0.079637 -0.136275 0.494000 75 87 91
-0.078359 -0.136275 0.494000 117 115 129
-0.070123 -0.135172 0.490000 42 47 54
-0.068716 -0.134896 0.489000 34 39 46
-0.067313 -0.134620 0.488000 29 36 42
-0.066051 -0.134620 0.488000 33 40 46
-0.064657 -0.134344 0.487000 47 58 58
-0.063398 -0.134344 0.487000 66 77 77
-0.062138 -0.134344 0.487000 82 93 93
-0.060879 -0.134344 0.487000 89 100 100
-0.059620 -0.134344 0.487000 93 101 102
-0.058241 -0.134068 0.486000 83 91 92
-0.056984 -0.134068 0.486000 26 39 38
-0.055613 -0.133792 0.485000 32 45 44
-0.054359 -0.133792 0.485000 32 45 44
-0.053105 -0.133792 0.485000 32 45 44
-0.051851 -0.133792 0.485000 30 45 44
-0.050492 -0.133516 0.484000 30 45 44
-0.049241 -0.133516 0.484000 27 45 43
-0.047989 -0.133516 0.484000 26 44 42
-0.046641 -0.133241 0.483000 24 42 38
-0.045393 -0.133241 0.483000 22 40 36
-0.044052 -0.132965 0.482000 22 40 36
-0.042717 -0.132689 0.481000 21 39 35
-0.041473 -0.132689 0.481000 21 39 33
-0.040230 -0.132689 0.481000 19 37 31
-0.038905 -0.132413 0.480000 24 39 34
-0.037664 -0.132413 0.480000 24 39 34
-0.036423 -0.132413 0.480000 26 40 31
-0.035182 -0.132413 0.480000 37 51 42
-0.033940 -0.132413 0.480000 43 57 48
-0.032767 -0.132689 0.481000 35 49 40
-0.031524 -0.132689 0.481000 28 47 37
-0.030343 -0.132965 0.482000 27 46 36
-0.029097 -0.132965 0.482000 49 74 57
-0.027850 -0.132965 0.482000 61 86 69
-0.026659 -0.133241 0.483000 66 94 67
-0.025463 -0.133516 0.484000 68 96 69
-0.024262 -0.133792 0.485000 88 109 85
-0.023008 -0.133792 0.485000 103 124 100
-0.021798 -0.134068 0.486000 130 141 122
-0.020584 -0.134344 0.487000 135 146 127
0.008550 -0.137103 0.497000 127 137 125
0.009816 -0.136827 0.496000 127 137 125
0.011098 -0.136827 0.496000 127 137 125
0.012381 -0.136827 0.496000 133 143 131
0.013635 -0.136551 0.495000 134 141 133
0.014915 -0.136551 0.495000 136 143 135
0.016130 -0.135999 0.493000 131 138 132
0.017369 -0.135723 0.492000 107 114 108
0.019833 -0.135172 0.490000 39 52 47
0.021100 -0.135172 0.490000 17 32 31
0.022275 -0.134620 0.488000 13 28 27
0.023537 -0.134620 0.488000 15 30 29
0.024748 -0.134344 0.487000 15 30 29
0.026007 -0.134344 0.487000 17 32 29
0.027267 -0.134344 0.487000 22 37 34
0.028526 -0.134344 0.487000 24 37 34
0.029846 -0.134620 0.488000 35 48 45
0.031108 -0.134620 0.488000 38 51 46
0.036081 -0.134344 0.487000 26 37 35
0.037340 -0.134344 0.487000 43 54 52
0.038520 -0.134068 0.486000 76 82 80
0.039695 -0.133792 0.485000 110 116 114
0.040865 -0.133516 0.484000 133 137 132
0.042960 -0.128551 0.466000 64 70 68
0.044165 -0.128551 0.466000 33 45 47
0.045370 -0.128551 0.466000 29 41 43
0.046575 -0.128551 0.466000 29 40 40
0.047780 -0.128551 0.466000 30 41 41
0.049090 -0.128827 0.467000 31 42 40
0.050297 -0.128827 0.467000 29 40 38
0.051505 -0.128827 0.467000 32 43 41
0.052712 -0.128827 0.467000 44 55 53
0.053920 -0.128827 0.467000 44 57 52
0.055127 -0.128827 0.467000 44 57 52
0.056335 -0.128827 0.467000 39 53 44
0.057665 -0.129103 0.468000 38 52 43
0.058875 -0.129103 0.468000 30 44 33
0.060086 -0.129103 0.468000 25 39 28
0.061296 -0.129103 0.468000 24 38 27
0.062506 -0.129103 0.468000 23 37 26
0.063716 -0.129103 0.468000 24 37 32
0.064926 -0.129103 0.468000 22 35 30
0.066277 -0.129379 0.469000 27 37 40
0.067490 -0.129379 0.469000 34 44 47
0.068703 -0.129379 0.469000 36 43 47
0.069915 -0.129379 0.469000 39 46 50
0.071128 -0.129379 0.469000 55 63 64
0.072341 -0.129379 0.469000 85 93 94
0.073553 -0.129379 0.469000 109 117 116
0.118730 -0.138206 0.501000 110 116 114
0.119786 -0.137930 0.500000 100 108 109
0.121079 -0.137930 0.500000 81 89 90
0.122372 -0.137930 0.500000 64 71 77
0.123665 -0.137930 0.500000 53 60 66
0.124957 -0.137930 0.500000 31 43 47
0.126250 -0.137930 0.500000 28 40 44
0.127543 -0.137930 0.500000 29 41 45
0.128836 -0.137930 0.500000 26 38 42
0.130129 -0.137930 0.500000 24 38 40
0.131422 -0.137930 0.500000 24 38 40
0.132714 -0.137930 0.500000 23 38 37
0.134007 -0.137930 0.500000 24 39 38
0.135300 -0.137930 0.500000 23 38 37
0.136593 -0.137930 0.500000 22 37 36
0.137886 -0.137930 0.500000 41 52 52
0.139457 -0.138206 0.501000 84 95 95
0.140752 -0.138206 0.501000 123 131 128
0.184600 -0.139034 0.504000 91 101 104
0.185903 -0.139034 0.504000 60 70 75
0.186835 -0.138758 0.503000 45 55 60
0.188136 -0.138758 0.503000 32 44 50
0.189060 -0.138482 0.502000 36 48 54
0.189979 -0.138206 0.501000 33 45 49
0.191274 -0.138206 0.501000 32 44 48
0.192569 -0.138206 0.501000 30 42 44
0.193865 -0.138206 0.501000 28 40 42
0.195550 -0.138482 0.502000 79 90 88
0.234379 -0.137654 0.499000 112 114 105
0.235669 -0.137654 0.499000 119 120 111
0.239060 -0.137379 0.498000 121 123 114
0.240348 -0.137379 0.498000 117 122 112
0.241150 -0.137103 0.497000 117 122 112
0.242435 -0.137103 0.497000 116 120 113
0.243720 -0.137103 0.497000 117 121 114
0.244512 -0.136827 0.496000 120 124 117
0.245795 -0.136827 0.496000 124 128 121
0.246579 -0.136551 0.495000 113 116 115
0.247859 -0.136551 0.495000 105 108 107
0.249139 -0.136551 0.495000 121 124 125
0.249913 -0.136275 0.494000 122 125 126
0.250682 -0.135999 0.493000 120 123 124
0.251957 -0.135999 0.493000 126 129 130
0.253231 -0.135999 0.493000 121 127 129
0.254506 -0.135999 0.493000 110 116 118
0.255262 -0.135723 0.492000 91 99 100
0.256534 -0.135723 0.492000 103 111 112
0.257806 -0.135723 0.492000 83 93 98
0.259079 -0.135723 0.492000 72 82 87
0.260351 -0.135723 0.492000 64 76 82
0.261623 -0.135723 0.492000 66 78 84
0.262895 -0.135723 0.492000 81 93 95
0.264167 -0.135723 0.492000 73 85 87
0.265439 -0.135723 0.492000 85 97 101
0.266712 -0.135723 0.492000 101 113 117
0.267984 -0.135723 0.492000 101 115 119
0.269256 -0.135723 0.492000 130 144 148
0.271078 -0.135999 0.493000 160 158 165
0.272353 -0.135999 0.493000 166 164 171
0.273627 -0.135999 0.493000 169 158 153
0.275460 -0.136275 0.494000 158 147 142
0.277857 -0.136827 0.496000 136 135 135
0.280265 -0.137379 0.498000 120 119 119
0.281553 -0.137379 0.498000 82 108 110
-0.243649 -0.127891 0.468000 73 76 75
-0.241921 -0.127618 0.467000 60 63 62
-0.240713 -0.127618 0.467000 39 45 47
-0.239506 -0.127618 0.467000 41 47 49
-0.237598 -0.127891 0.468000 50 59 52
-0.236894 -0.128164 0.469000 49 64 59
-0.236183 -0.128437 0.470000 47 62 57
-0.235968 -0.128984 0.472000 37 51 57
-0.235245 -0.129257 0.473000 34 48 54
-0.234517 -0.129531 0.474000 32 43 54
-0.234275 -0.130077 0.476000 24 35 46
-0.232788 -0.130624 0.478000 123 130 138
-0.223366 -0.130897 0.479000 70 79 72
-0.222128 -0.130897 0.479000 22 35 34
-0.220889 -0.130897 0.479000 29 42 41
-0.219651 -0.130897 0.479000 30 42 44
-0.218412 -0.130897 0.479000 30 42 44
-0.216386 -0.131170 0.480000 26 39 38
-0.215145 -0.131170 0.480000 29 42 37
-0.214349 -0.131443 0.481000 24 37 32
-0.213549 -0.131717 0.482000 67 78 74
-0.212743 -0.131990 0.483000 83 94 90
-0.190812 -0.128984 0.472000 60 68 67
-0.187984 -0.127891 0.468000 43 54 54
-0.186375 -0.127618 0.467000 39 50 50
-0.184771 -0.127344 0.466000 35 48 47
-0.181991 -0.126251 0.462000 33 46 45
-0.180405 -0.125978 0.461000 31 46 43
-0.179213 -0.125978 0.461000 34 49 46
-0.178021 -0.125978 0.461000 36 51 48
-0.176829 -0.125978 0.461000 31 46 43
-0.175637 -0.125978 0.461000 29 44 41
-0.174445 -0.125978 0.461000 30 45 42
-0.173253 -0.125978 0.461000 33 51 47
-0.172061 -0.125978 0.461000 36 54 50
-0.170869 -0.125978 0.461000 39 59 56
-0.169677 -0.125978 0.461000 35 55 52
-0.168485 -0.125978 0.461000 33 52 52
-0.167293 -0.125978 0.461000 31 50 50
-0.166101 -0.125978 0.461000 34 48 50
-0.164909 -0.125978 0.461000 37 51 53
-0.163717 -0.125978 0.461000 36 50 52
-0.162525 -0.125978 0.461000 37 51 53
-0.095463 -0.133903 0.490000 109 117 118
-0.094580 -0.134449 0.492000 117 125 126
-0.084403 -0.134449 0.492000 155 166 166
-0.070123 -0.133903 0.490000 58 63 68
-0.068716 -0.133630 0.489000 71 76 81
-0.067451 -0.133630 0.489000 103 109 111
-0.066187 -0.133630 0.489000 119 125 127
-0.064922 -0.133630 0.489000 121 129 128
-0.063658 -0.133630 0.489000 116 124 123
-0.062394 -0.133630 0.489000 104 112 111
-0.061004 -0.133356 0.488000 103 111 110
-0.059742 -0.133356 0.488000 97 103 103
-0.058361 -0.133083 0.487000 67 73 73
-0.057102 -0.133083 0.487000 35 43 44
-0.055728 -0.132810 0.486000 35 43 44
-0.054359 -0.132537 0.485000 37 47 50
-0.053105 -0.132537 0.485000 34 44 47
-0.051851 -0.132537 0.485000 33 44 44
-0.050492 -0.132263 0.484000 32 43 43
-0.049241 -0.132263 0.484000 29 44 43
-0.047989 -0.132263 0.484000 26 41 40
-0.046641 -0.131990 0.483000 25 43 41
-0.045299 -0.131717 0.482000 22 40 38
-0.043961 -0.131443 0.481000 22 40 36
-0.042717 -0.131443 0.481000 21 39 35
-0.041473 -0.131443 0.481000 21 39 33
-0.040146 -0.131170 0.480000 20 38 32
-0.038905 -0.131170 0.480000 26 41 36
-0.037664 -0.131170 0.480000 24 39 34
-0.036423 -0.131170 0.480000 28 41 36
-0.035182 -0.131170 0.480000 45 58 53
-0.033940 -0.131170 0.480000 43 55 47
-0.032767 -0.131443 0.481000 32 44 36
-0.031524 -0.131443 0.481000 30 46 35
-0.030343 -0.131717 0.482000 29 45 34
-0.029097 -0.131717 0.482000 54 79 58
-0.027908 -0.131990 0.483000 57 82 61
-0.026715 -0.132263 0.484000 55 86 52
-0.025516 -0.132537 0.485000 51 82 48
-0.024262 -0.132537 0.485000 51 81 44
-0.023008 -0.132537 0.485000 56 86 49
-0.021798 -0.132810 0.486000 67 89 58
-0.020542 -0.132810 0.486000 75 97 66
-0.019325 -0.133083 0.487000 100 118 95
0.011076 -0.135269 0.495000 126 134 123
0.012381 -0.135543 0.496000 128 136 125
0.013635 -0.135269 0.495000 126 134 123
0.014885 -0.134996 0.494000 128 136 125
0.016130 -0.134723 0.493000 133 137 130
0.017369 -0.134449 0.492000 134 138 131
0.018604 -0.134176 0.491000 133 144 140
0.019833 -0.133903 0.490000 130 141 137
0.021057 -0.133630 0.489000 115 128 127
0.024697 -0.132810 0.486000 23 36 35
0.025901 -0.132537 0.485000 14 27 26
0.027155 -0.132537 0.485000 11 24 23
0.028409 -0.132537 0.485000 15 30 29
0.029663 -0.132537 0.485000 17 32 31
0.030917 -0.132537 0.485000 22 35 32
0.032105 -0.132263 0.484000 22 35 32
0.035711 -0.131717 0.482000 24 37 34
0.041755 -0.127344 0.466000 33 44 42
0.042960 -0.127344 0.466000 26 37 35
0.044165 -0.127344 0.466000 29 42 41
0.045370 -0.127344 0.466000 30 43 42
0.046575 -0.127344 0.466000 31 44 41
0.047780 -0.127344 0.466000 32 45 42
0.049090 -0.127618 0.467000 39 50 48
0.050297 -0.127618 0.467000 48 59 57
0.051505 -0.127618 0.467000 59 70 66
0.052712 -0.127618 0.467000 57 68 64
0.053920 -0.127618 0.467000 41 52 48
0.055127 -0.127618 0.467000 33 44 40
0.056335 -0.127618 0.467000 26 40 31
0.057665 -0.127891 0.468000 28 42 33
0.058875 -0.127891 0.468000 25 39 28
0.060086 -0.127891 0.468000 24 38 27
0.061296 -0.127891 0.468000 25 39 30
0.062506 -0.127891 0.468000 23 37 28
0.063852 -0.128164 0.469000 26 37 35
0.065065 -0.128164 0.469000 24 35 33
0.066277 -0.128164 0.469000 41 49 50
0.067634 -0.128437 0.470000 52 60 61
0.121321 -0.136909 0.501000 113 119 121
0.122372 -0.136636 0.500000 102 109 115
0.123665 -0.136636 0.500000 86 93 99
0.124957 -0.136636 0.500000 57 69 73
0.126250 -0.136636 0.500000 39 51 55
0.127543 -0.136636 0.500000 29 41 45
0.128578 -0.136362 0.499000 29 41 45
0.129869 -0.136362 0.499000 29 39 44
0.131159 -0.136362 0.499000 31 41 46
0.132449 -0.136362 0.499000 23 38 37
0.133739 -0.136362 0.499000 24 39 38
0.135030 -0.136362 0.499000 28 43 42
0.136320 -0.136362 0.499000 27 42 41
0.137610 -0.136362 0.499000 24 37 36
0.138900 -0.136362 0.499000 19 32 31
0.140472 -0.136636 0.500000 50 58 57
0.141764 -0.136636 0.500000 93 101 100
0.143057 -0.136636 0.500000 126 134 135
0.185903 -0.137729 0.504000 82 87 92
0.186835 -0.137455 0.503000 55 60 65
0.188136 -0.137455 0.503000 38 50 56
0.189060 -0.137182 0.502000 36 48 54
0.189979 -0.136909 0.501000 36 48 50
0.191274 -0.136909 0.501000 35 47 49
0.192569 -0.136909 0.501000 35 47 49
0.193865 -0.136909 0.501000 30 42 44
0.195160 -0.136909 0.501000 38 51 50
0.240830 -0.136362 0.499000 122 127 117
0.241635 -0.136089 0.498000 122 127 117
0.242923 -0.136089 0.498000 120 125 115
0.244211 -0.136089 0.498000 119 124 114
0.245498 -0.136089 0.498000 119 120 114
0.246291 -0.135816 0.497000 122 123 117
0.247576 -0.135816 0.497000 104 104 104
0.248861 -0.135816 0.497000 112 112 112
0.249642 -0.135543 0.496000 123 123 125
0.250925 -0.135543 0.496000 124 124 126
0.251699 -0.135269 0.495000 124 124 124
0.252979 -0.135269 0.495000 124 124 124
0.254259 -0.135269 0.495000 123 123 123
0.255022 -0.134996 0.494000 121 121 121
0.256300 -0.134996 0.494000 120 123 122
0.257577 -0.134996 0.494000 115 118 117
0.258854 -0.134996 0.494000 107 112 117
0.259605 -0.134723 0.493000 77 82 87
0.260880 -0.134723 0.493000 68 78 81
0.262155 -0.134723 0.493000 98 108 111
0.263429 -0.134723 0.493000 95 106 104
0.264704 -0.134723 0.493000 84 95 93
0.265979 -0.134723 0.493000 87 98 98
0.267254 -0.134723 0.493000 84 95 95
0.268528 -0.134723 0.493000 85 92 96
0.270350 -0.134996 0.494000 82 89 93
0.272178 -0.135269 0.495000 80 82 88
0.273457 -0.135269 0.495000 81 83 89
0.275292 -0.135543 0.496000 95 90 88
0.277133 -0.135816 0.497000 119 114 112
0.278978 -0.136089 0.498000 130 133 132
0.280828 -0.136362 0.499000 140 143 142
0.282118 -0.136362 0.499000 133 152 154
0.284699 -0.136362 0.499000 148 167 171
-0.244336 -0.126409 0.467000 102 106 99
-0.243128 -0.126409 0.467000 69 72 73
-0.241403 -0.126138 0.466000 43 46 47
-0.240713 -0.126409 0.467000 42 48 48
-0.239506 -0.126409 0.467000 44 50 50
-0.237598 -0.126679 0.468000 51 63 55
-0.236894 -0.126950 0.469000 48 63 60
-0.236686 -0.127491 0.471000 44 59 56
-0.235968 -0.127762 0.472000 34 50 58
-0.235245 -0.128033 0.473000 29 45 53
-0.235011 -0.128574 0.475000 25 36 47
-0.234767 -0.129115 0.477000 59 70 81
-0.222128 -0.129657 0.479000 29 40 38
-0.220889 -0.129657 0.479000 32 43 41
-0.219651 -0.129657 0.479000 28 41 40
-0.218412 -0.129657 0.479000 30 43 42
-0.217174 -0.129657 0.479000 29 41 43
-0.215145 -0.129927 0.480000 26 39 38
-0.213904 -0.129927 0.480000 28 41 40
-0.213106 -0.130198 0.481000 31 42 38
-0.212302 -0.130469 0.482000 89 100 96
-0.187173 -0.126950 0.469000 49 62 61
-0.185564 -0.126679 0.468000 36 49 48
-0.183566 -0.126138 0.466000 35 48 47
-0.180796 -0.125055 0.462000 31 46 43
-0.179213 -0.124784 0.461000 33 48 45
-0.178021 -0.124784 0.461000 36 51 48
-0.176829 -0.124784 0.461000 38 53 50
-0.175637 -0.124784 0.461000 33 48 45
-0.174445 -0.124784 0.461000 30 45 42
-0.173253 -0.124784 0.461000 35 48 45
-0.172061 -0.124784 0.461000 39 52 49
-0.170869 -0.124784 0.461000 41 59 57
-0.169677 -0.124784 0.461000 41 59 57
-0.168485 -0.124784 0.461000 35 49 51
-0.167293 -0.124784 0.461000 30 44 46
-0.166101 -0.124784 0.461000 36 48 50
-0.164909 -0.124784 0.461000 38 50 52
-0.163362 -0.124514 0.460000 35 49 51
-0.162172 -0.124514 0.460000 37 51 53
-0.160983 -0.124514 0.460000 38 53 52
-0.159793 -0.124514 0.460000 40 55 54
-0.102854 -0.132363 0.489000 158 169 167
-0.102005 -0.132905 0.491000 151 162 160
-0.099915 -0.131822 0.487000 153 161 162
-0.081692 -0.132905 0.491000 106 123 124
-0.070123 -0.132634 0.490000 133 139 137
-0.068856 -0.132634 0.490000 139 145 143
-0.067589 -0.132634 0.490000 140 144 139
-0.066322 -0.132634 0.490000 135 139 134
-0.065055 -0.132634 0.490000 122 129 123
-0.063788 -0.132634 0.490000 112 119 113
-0.057219 -0.132093 0.488000 71 74 77
-0.055842 -0.131822 0.487000 39 42 45
-0.054583 -0.131822 0.487000 33 40 44
-0.053105 -0.131281 0.485000 29 36 40
-0.051851 -0.131281 0.485000 31 42 42
-0.050597 -0.131281 0.485000 32 43 43
-0.049241 -0.131010 0.484000 29 41 43
-0.047989 -0.131010 0.484000 29 41 43
-0.046641 -0.130739 0.483000 27 42 41
-0.045299 -0.130469 0.482000 23 38 37
-0.043961 -0.130198 0.481000 20 40 37
-0.042717 -0.130198 0.481000 20 40 37
-0.041387 -0.129927 0.480000 21 39 33
-0.040146 -0.129927 0.480000 20 38 32
-0.038905 -0.129927 0.480000 23 38 33
-0.037664 -0.129927 0.480000 26 41 36
-0.036423 -0.129927 0.480000 34 49 46
-0.035182 -0.129927 0.480000 50 65 62
-0.033940 -0.129927 0.480000 31 44 39
-0.032767 -0.130198 0.481000 30 43 38
-0.031589 -0.130469 0.482000 26 45 35
-0.030343 -0.130469 0.482000 26 45 35
-0.029157 -0.130739 0.483000 49 74 53
-0.027908 -0.130739 0.483000 50 75 54
-0.026715 -0.131010 0.484000 53 82 48
-0.025516 -0.131281 0.485000 57 86 52
-0.024262 -0.131281 0.485000 59 90 48
-0.023008 -0.131281 0.485000 60 91 49
-0.021753 -0.131281 0.485000 61 89 51
-0.020542 -0.131551 0.486000 64 92 54
-0.019285 -0.131551 0.486000 58 86 50
-0.018066 -0.131822 0.487000 58 86 50
-0.016806 -0.131822 0.487000 67 94 65
-0.015579 -0.132093 0.488000 86 113 84
-0.014347 -0.132363 0.489000 117 133 112
0.013635 -0.133988 0.495000 127 132 120
0.014885 -0.133717 0.494000 128 133 121
0.016130 -0.133446 0.493000 127 132 122
0.017369 -0.133176 0.492000 128 133 123
0.018604 -0.132905 0.491000 126 133 127
0.019833 -0.132634 0.490000 127 134 128
0.021057 -0.132363 0.489000 125 136 136
0.022230 -0.131822 0.487000 130 141 141
0.023441 -0.131551 0.486000 132 140 141
0.027099 -0.131010 0.484000 46 54 53
0.028174 -0.130198 0.481000 24 35 35
0.029357 -0.129927 0.480000 16 27 27
0.030534 -0.129657 0.479000 17 28 26
0.035266 -0.128845 0.476000 23 38 33
0.036420 -0.128574 0.475000 33 48 43
0.037014 -0.126409 0.467000 43 58 53
0.038222 -0.126409 0.467000 41 56 51
0.039345 -0.126138 0.466000 40 53 48
0.040550 -0.126138 0.466000 33 46 41
0.041755 -0.126138 0.466000 28 41 36
0.042960 -0.126138 0.466000 28 41 36
0.044165 -0.126138 0.466000 31 44 39
0.045370 -0.126138 0.466000 36 49 44
0.046575 -0.126138 0.466000 43 55 47
0.047780 -0.126138 0.466000 45 57 49
0.049090 -0.126409 0.467000 50 62 54
0.050297 -0.126409 0.467000 53 65 57
0.051505 -0.126409 0.467000 40 51 47
0.052712 -0.126409 0.467000 39 50 46
0.053920 -0.126409 0.467000 32 44 36
0.055127 -0.126409 0.467000 29 41 33
0.056455 -0.126679 0.468000 24 38 29
0.057665 -0.126679 0.468000 24 38 29
0.058875 -0.126679 0.468000 25 39 30
0.060086 -0.126679 0.468000 21 35 26
0.061427 -0.126950 0.469000 18 31 26
0.062773 -0.127221 0.470000 23 36 31
0.064124 -0.127491 0.471000 49 57 56
0.065342 -0.127491 0.471000 70 78 77
0.066560 -0.127491 0.471000 110 113 114
0.067922 -0.127762 0.472000 131 134 135
0.069142 -0.127762 0.472000 133 139 139
0.122372 -0.135341 0.500000 124 131 135
0.123665 -0.135341 0.500000 116 123 127
0.124957 -0.135341 0.500000 108 118 121
0.126250 -0.135341 0.500000 84 94 97
0.127543 -0.135341 0.500000 62 72 75
0.128578 -0.135070 0.499000 38 48 51
0.129869 -0.135070 0.499000 26 36 39
0.131159 -0.135070 0.499000 29 39 42
0.132449 -0.135070 0.499000 26 38 40
0.133739 -0.135070 0.499000 28 40 42
0.135030 -0.135070 0.499000 29 41 43
0.136320 -0.135070 0.499000 28 40 42
0.137610 -0.135070 0.499000 29 42 39
0.138900 -0.135070 0.499000 25 38 35
0.140191 -0.135070 0.499000 22 33 31
0.141481 -0.135070 0.499000 25 36 34
0.142771 -0.135070 0.499000 54 64 67
0.144061 -0.135070 0.499000 97 107 110
0.145643 -0.135341 0.500000 134 142 143
0.185903 -0.136424 0.504000 101 106 111
0.186835 -0.136153 0.503000 75 80 85
0.188136 -0.136153 0.503000 53 63 68
0.189060 -0.135882 0.502000 37 47 52
0.189979 -0.135612 0.501000 37 49 51
0.191274 -0.135612 0.501000 38 50 52
0.192569 -0.135612 0.501000 33 46 45
0.193865 -0.135612 0.501000 33 46 45
0.195160 -0.135612 0.501000 28 40 42
0.196848 -0.135882 0.502000 64 76 78
0.240830 -0.135070 0.499000 129 131 122
0.242121 -0.135070 0.499000 123 125 116
0.243411 -0.135070 0.499000 119 121 112
0.244701 -0.135070 0.499000 119 121 112
0.245498 -0.134800 0.498000 118 119 115
0.246786 -0.134800 0.498000 112 113 109
0.248074 -0.134800 0.498000 103 103 103
0.249361 -0.134800 0.498000 123 123 123
0.250649 -0.134800 0.498000 122 122 122
0.251937 -0.134800 0.498000 125 125 125
0.252716 -0.134529 0.497000 126 126 126
0.254001 -0.134529 0.497000 119 119 119
0.255286 -0.134529 0.497000 119 120 116
0.256055 -0.134258 0.496000 124 125 121
0.257337 -0.134258 0.496000 121 125 120
0.258620 -0.134258 0.496000 122 126 121
0.259378 -0.133988 0.495000 108 111 114
0.260658 -0.133988 0.495000 69 72 75
0.261938 -0.133988 0.495000 89 100 98
0.263218 -0.133988 0.495000 114 125 123
0.264498 -0.133988 0.495000 83 94 90
0.265778 -0.133988 0.495000 110 121 117
0.267058 -0.133988 0.495000 127 135 132
0.268338 -0.133988 0.495000 124 132 129
0.270162 -0.134258 0.496000 122 128 130
0.271992 -0.134529 0.497000 120 126 128
0.273277 -0.134529 0.497000 122 125 128
0.275115 -0.134800 0.498000 114 117 120
0.277690 -0.134800 0.498000 95 95 99
0.282684 -0.135341 0.500000 73 83 86
0.284545 -0.135612 0.501000 77 87 90
0.285840 -0.135612 0.501000 81 93 97
-0.243813 -0.124931 0.466000 62 69 61
-0.242608 -0.124931 0.466000 41 47 47
-0.241403 -0.124931 0.466000 39 45 45
-0.240713 -0.125199 0.467000 37 48 46
-0.239506 -0.125199 0.467000 45 56 54
-0.237598 -0.125467 0.468000 47 60 55
-0.237399 -0.126004 0.470000 42 59 60
-0.236686 -0.126272 0.471000 32 49 50
-0.236468 -0.126808 0.473000 29 45 55
-0.235742 -0.127076 0.474000 28 44 54
-0.235506 -0.127612 0.476000 54 63 73
-0.222128 -0.128416 0.479000 40 48 47
-0.220889 -0.128416 0.479000 27 35 34
-0.219651 -0.128416 0.479000 31 41 44
-0.218412 -0.128416 0.479000 31 41 44
-0.217174 -0.128416 0.479000 30 42 46
-0.215935 -0.128416 0.479000 29 41 45
-0.214697 -0.128416 0.479000 30 43 42
-0.213904 -0.128685 0.480000 26 39 38
-0.211862 -0.128953 0.481000 83 94 92
-0.211056 -0.129221 0.482000 86 92 90
-0.187547 -0.126808 0.473000 60 73 70
-0.184354 -0.125467 0.468000 42 55 52
-0.180796 -0.123859 0.462000 34 49 46
-0.179602 -0.123859 0.462000 35 50 47
-0.178021 -0.123591 0.461000 38 53 50
-0.176829 -0.123591 0.461000 38 53 50
-0.175637 -0.123591 0.461000 38 49 47
-0.174445 -0.123591 0.461000 37 48 46
-0.173253 -0.123591 0.461000 37 48 46
-0.172061 -0.123591 0.461000 38 49 47
-0.170869 -0.123591 0.461000 37 50 49
-0.169677 -0.123591 0.461000 38 51 50
-0.168485 -0.123591 0.461000 33 46 45
-0.167293 -0.123591 0.461000 35 48 47
-0.166101 -0.123591 0.461000 35 49 51
-0.164909 -0.123591 0.461000 36 50 52
-0.163362 -0.123323 0.460000 36 51 50
-0.162172 -0.123323 0.460000 34 49 48
-0.160983 -0.123323 0.460000 31 46 45
-0.159793 -0.123323 0.460000 37 52 51
-0.158604 -0.123323 0.460000 37 52 51
-0.157415 -0.123323 0.460000 35 50 49
-0.104952 -0.130561 0.487000 147 159 161
-0.104119 -0.131097 0.489000 123 135 137
-0.102013 -0.130025 0.485000 168 180 184
-0.099928 -0.128953 0.481000 156 168 172
-0.074075 -0.131634 0.491000 142 148 150
-0.072805 -0.131634 0.491000 141 147 145
-0.054695 -0.130829 0.488000 84 87 90
-0.053324 -0.130561 0.487000 59 62 65
-0.051851 -0.130025 0.485000 40 46 48
-0.050597 -0.130025 0.485000 33 39 41
-0.049241 -0.129757 0.484000 34 41 45
-0.047989 -0.129757 0.484000 31 38 42
-0.046641 -0.129489 0.483000 25 37 39
-0.045205 -0.128953 0.481000 23 35 37
-0.043961 -0.128953 0.481000 24 42 38
-0.042628 -0.128685 0.480000 22 40 36
-0.041387 -0.128685 0.480000 21 39 35
-0.040146 -0.128685 0.480000 24 42 38
-0.038905 -0.128685 0.480000 26 39 34
-0.037664 -0.128685 0.480000 28 41 36
-0.036423 -0.128685 0.480000 43 56 55
-0.035182 -0.128685 0.480000 43 56 55
-0.034011 -0.128953 0.481000 32 45 44
-0.032767 -0.128953 0.481000 28 41 40
-0.031589 -0.129221 0.482000 22 37 34
-0.030406 -0.129489 0.483000 28 43 40
-0.029157 -0.129489 0.483000 49 69 54
-0.027966 -0.129757 0.484000 53 73 58
-0.026715 -0.129757 0.484000 54 78 48
-0.025516 -0.130025 0.485000 56 80 50
-0.024262 -0.130025 0.485000 54 82 44
-0.023008 -0.130025 0.485000 58 86 48
-0.021753 -0.130025 0.485000 60 90 51
-0.020499 -0.130025 0.485000 63 93 54
-0.019285 -0.130293 0.486000 66 97 55
-0.018028 -0.130293 0.486000 67 98 56
-0.016772 -0.130293 0.486000 64 97 55
-0.015515 -0.130293 0.486000 63 96 54
-0.014259 -0.130293 0.486000 61 88 55
-0.013002 -0.130293 0.486000 71 98 65
-0.011745 -0.130293 0.486000 94 113 87
0.016130 -0.132170 0.493000 126 131 121
0.017405 -0.132170 0.493000 126 131 121
0.018641 -0.131902 0.492000 127 131 124
0.019873 -0.131634 0.491000 127 131 124
0.021100 -0.131365 0.490000 125 131 129
0.022321 -0.131097 0.489000 124 130 128
0.023489 -0.130561 0.487000 125 133 132
0.024697 -0.130293 0.486000 128 136 135
0.025901 -0.130025 0.485000 134 142 141
0.028057 -0.128416 0.479000 110 118 115
0.029112 -0.127612 0.476000 82 90 87
0.032391 -0.126004 0.470000 22 30 27
0.033463 -0.125467 0.468000 31 39 36
0.034599 -0.125199 0.467000 40 53 48
0.035807 -0.125199 0.467000 40 53 48
0.037014 -0.125199 0.467000 37 52 49
0.038222 -0.125199 0.467000 31 46 43
0.039345 -0.124931 0.466000 26 41 36
0.040550 -0.124931 0.466000 27 42 37
0.041755 -0.124931 0.466000 30 43 38
0.042960 -0.124931 0.466000 31 44 39
0.044165 -0.124931 0.466000 38 50 42
0.045370 -0.124931 0.466000 47 59 51
0.046575 -0.124931 0.466000 54 66 58
0.047780 -0.124931 0.466000 55 67 59
0.048984 -0.124931 0.466000 46 58 50
0.050297 -0.125199 0.467000 37 49 41
0.051505 -0.125199 0.467000 32 41 34
0.052712 -0.125199 0.467000 29 38 31
0.054035 -0.125467 0.468000 28 37 30
0.055245 -0.125467 0.468000 28 37 30
0.056455 -0.125467 0.468000 26 38 30
0.057665 -0.125467 0.468000 27 39 31
0.058875 -0.125467 0.468000 18 31 26
0.060342 -0.126004 0.470000 28 41 36
0.061558 -0.126004 0.470000 59 68 61
0.063040 -0.126540 0.472000 91 100 93
0.064397 -0.126808 0.473000 122 129 123
0.065620 -0.126808 0.473000 132 139 133
0.066843 -0.126808 0.473000 131 135 130
0.068066 -0.126808 0.473000 131 135 130
0.123665 -0.134046 0.500000 125 133 132
0.124957 -0.134046 0.500000 123 131 132
0.126250 -0.134046 0.500000 118 126 127
0.127543 -0.134046 0.500000 105 113 114
0.128578 -0.133778 0.499000 83 91 92
0.129869 -0.133778 0.499000 63 71 72
0.131159 -0.133778 0.499000 46 54 55
0.132449 -0.133778 0.499000 31 41 44
0.133739 -0.133778 0.499000 27 37 40
0.135030 -0.133778 0.499000 31 43 45
0.136047 -0.133510 0.498000 29 41 43
0.137334 -0.133510 0.498000 28 41 40
0.138622 -0.133510 0.498000 26 39 38
0.139910 -0.133510 0.498000 29 42 41
0.141197 -0.133510 0.498000 29 42 41
0.142485 -0.133510 0.498000 19 31 33
0.144061 -0.133778 0.499000 26 38 40
0.145352 -0.133778 0.499000 64 74 77
0.146642 -0.133778 0.499000 111 121 124
0.186835 -0.134851 0.503000 93 99 101
0.188136 -0.134851 0.503000 66 73 79
0.189060 -0.134583 0.502000 45 52 58
0.189979 -0.134314 0.501000 39 51 53
0.191274 -0.134314 0.501000 37 49 51
0.192185 -0.134046 0.500000 36 49 48
0.193478 -0.134046 0.500000 33 46 45
0.195160 -0.134314 0.501000 32 44 46
0.196456 -0.134314 0.501000 31 43 45
0.198146 -0.134583 0.502000 89 102 99
0.248572 -0.133778 0.499000 96 96 96
0.249862 -0.133778 0.499000 100 100 100
0.251152 -0.133778 0.499000 110 110 110
0.251937 -0.133510 0.498000 116 116 116
0.253224 -0.133510 0.498000 118 118 118
0.254512 -0.133510 0.498000 117 117 117
0.255800 -0.133510 0.498000 123 123 123
0.257087 -0.133510 0.498000 122 122 122
0.257856 -0.133242 0.497000 124 127 126
0.259141 -0.133242 0.497000 110 113 112
0.260426 -0.133242 0.497000 73 79 79
0.261712 -0.133242 0.497000 84 90 90
0.262997 -0.133242 0.497000 117 125 122
0.264282 -0.133242 0.497000 92 100 97
0.265567 -0.133242 0.497000 98 104 102
0.266852 -0.133242 0.497000 128 134 132
0.268137 -0.133242 0.497000 124 130 128
0.269964 -0.133510 0.498000 121 127 125
0.271252 -0.133510 0.498000 119 125 123
0.273827 -0.133510 0.498000 123 126 127
0.275667 -0.133778 0.499000 122 125 126
0.276957 -0.133778 0.499000 129 129 131
0.278248 -0.133778 0.499000 130 130 132
0.280098 -0.134046 0.500000 129 128 130
0.281954 -0.134314 0.501000 126 125 127
0.283815 -0.134583 0.502000 124 127 128
0.285113 -0.134583 0.502000 116 119 120
0.286981 -0.134851 0.503000 106 114 115
0.287709 -0.134583 0.502000 103 111 112
-0.245018 -0.123725 0.466000 64 71 65
-0.243289 -0.123459 0.465000 50 57 51
-0.242087 -0.123459 0.465000 42 50 51
-0.241403 -0.123725 0.466000 40 48 49
-0.240198 -0.123725 0.466000 43 56 55
-0.239506 -0.123990 0.467000 52 65 64
-0.237598 -0.124256 0.468000 42 57 56
-0.237399 -0.124787 0.470000 32 50 57
-0.237188 -0.125318 0.472000 30 48 55
-0.236468 -0.125583 0.473000 27 43 53
-0.236240 -0.126114 0.475000 36 52 62
-0.236001 -0.126645 0.477000 113 120 126
-0.222128 -0.127176 0.479000 62 70 67
-0.220428 -0.126911 0.478000 26 34 31
-0.219192 -0.126911 0.478000 30 40 45
-0.217956 -0.126911 0.478000 34 44 49
-0.217174 -0.127176 0.479000 37 47 52
-0.215935 -0.127176 0.479000 32 42 47
-0.214697 -0.127176 0.479000 32 43 43
-0.213458 -0.127176 0.479000 31 42 42
-0.212663 -0.127442 0.480000 24 35 35
-0.210618 -0.127707 0.481000 92 98 98
-0.179602 -0.122663 0.462000 46 59 56
-0.178407 -0.122663 0.462000 46 57 53
-0.177212 -0.122663 0.462000 46 57 53
-0.175637 -0.122397 0.461000 50 56 56
-0.174445 -0.122397 0.461000 40 46 46
-0.173253 -0.122397 0.461000 42 50 49
-0.172061 -0.122397 0.461000 43 51 50
-0.170869 -0.122397 0.461000 43 51 52
-0.169677 -0.122397 0.461000 39 47 48
-0.168485 -0.122397 0.461000 33 44 44
-0.167293 -0.122397 0.461000 37 48 48
-0.166101 -0.122397 0.461000 37 50 49
-0.164909 -0.122397 0.461000 38 51 50
-0.163362 -0.122132 0.460000 35 50 47
-0.162172 -0.122132 0.460000 30 45 42
-0.160983 -0.122132 0.460000 31 46 43
-0.159793 -0.122132 0.460000 35 50 47
-0.158259 -0.121866 0.459000 36 54 50
-0.157072 -0.121866 0.459000 34 52 48
-0.155886 -0.121866 0.459000 34 52 48
-0.154699 -0.121866 0.459000 36 54 50
-0.112390 -0.130628 0.492000 154 163 154
-0.111118 -0.130628 0.492000 153 161 158
-0.108060 -0.128504 0.484000 139 147 144
-0.099305 -0.126911 0.478000 125 138 147
-0.097035 -0.127176 0.479000 134 149 148
-0.089472 -0.128769 0.485000 87 106 108
-0.086064 -0.129300 0.487000 111 123 127
-0.082624 -0.129831 0.489000 104 110 110
-0.050597 -0.128769 0.485000 78 84 84
-0.049241 -0.128504 0.484000 56 64 65
-0.047989 -0.128504 0.484000 45 53 54
-0.046641 -0.128238 0.483000 38 49 49
-0.045205 -0.127707 0.481000 33 44 44
-0.043869 -0.127442 0.480000 28 41 38
-0.042628 -0.127442 0.480000 28 41 38
-0.041387 -0.127442 0.480000 27 42 37
-0.040062 -0.127176 0.479000 27 42 37
-0.038824 -0.127176 0.479000 26 39 36
-0.037664 -0.127442 0.480000 30 43 40
-0.036423 -0.127442 0.480000 50 61 61
-0.035182 -0.127442 0.480000 40 51 51
-0.034011 -0.127707 0.481000 32 45 44
-0.032836 -0.127973 0.482000 42 55 54
-0.031589 -0.127973 0.482000 25 38 37
-0.030406 -0.128238 0.483000 32 45 44
-0.029217 -0.128504 0.484000 57 71 62
-0.028024 -0.128769 0.485000 69 83 74
-0.026770 -0.128769 0.485000 57 75 54
-0.025516 -0.128769 0.485000 56 74 53
-0.024262 -0.128769 0.485000 53 77 47
-0.023008 -0.128769 0.485000 54 78 48
-0.021753 -0.128769 0.485000 53 80 47
-0.020499 -0.128769 0.485000 59 86 53
-0.019245 -0.128769 0.485000 61 91 54
-0.017991 -0.128769 0.485000 64 94 57
-0.016737 -0.128769 0.485000 63 96 54
-0.015483 -0.128769 0.485000 65 98 56
-0.014229 -0.128769 0.485000 66 99 57
-0.012975 -0.128769 0.485000 66 99 57
-0.011721 -0.128769 0.485000 66 96 57
-0.010467 -0.128769 0.485000 63 93 54
-0.009213 -0.128769 0.485000 70 94 62
-0.007959 -0.128769 0.485000 91 115 83
-0.006705 -0.128769 0.485000 111 129 106
0.017405 -0.130893 0.493000 121 128 120
0.018641 -0.130628 0.492000 120 127 119
0.019914 -0.130628 0.492000 120 127 119
0.021186 -0.130628 0.492000 120 127 121
0.022412 -0.130362 0.491000 122 129 123
0.023585 -0.129831 0.489000 122 128 126
0.024748 -0.129300 0.487000 121 127 125
0.025687 -0.127707 0.481000 123 131 128
0.026763 -0.126911 0.478000 124 132 129
0.027764 -0.125849 0.474000 130 138 135
0.028868 -0.125318 0.472000 137 145 142
0.029961 -0.124787 0.470000 121 129 128
0.032253 -0.124256 0.468000 46 57 55
0.033392 -0.123990 0.467000 52 63 61
0.034599 -0.123990 0.467000 42 57 54
0.035807 -0.123990 0.467000 34 49 46
0.037014 -0.123990 0.467000 22 40 38
0.038140 -0.123725 0.466000 25 43 41
0.039345 -0.123725 0.466000 22 40 36
0.040550 -0.123725 0.466000 27 45 41
0.041755 -0.123725 0.466000 40 54 45
0.042960 -0.123725 0.466000 47 61 52
0.044165 -0.123725 0.466000 49 63 52
0.045370 -0.123725 0.466000 49 63 52
0.046575 -0.123725 0.466000 41 53 43
0.047882 -0.123990 0.467000 30 42 32
0.049090 -0.123990 0.467000 31 43 35
0.050297 -0.123990 0.467000 25 37 29
0.051505 -0.123990 0.467000 25 37 29
0.052825 -0.124256 0.468000 25 37 29
0.054035 -0.124256 0.468000 27 36 27
0.055363 -0.124521 0.469000 25 34 25
0.056576 -0.124521 0.469000 24 35 31
0.057912 -0.124787 0.470000 27 38 34
0.059253 -0.125052 0.471000 62 74 66
0.060727 -0.125583 0.473000 101 113 105
0.061951 -0.125583 0.473000 130 139 132
0.063174 -0.125583 0.473000 132 141 134
0.066175 -0.126645 0.477000 127 134 128
0.067549 -0.126911 0.478000 126 133 125
0.076814 -0.132221 0.498000 131 139 136
0.126250 -0.132752 0.500000 131 139 138
0.127543 -0.132752 0.500000 119 127 128
0.128578 -0.132486 0.499000 116 124 125
0.129869 -0.132486 0.499000 111 117 117
0.131159 -0.132486 0.499000 80 86 86
0.132449 -0.132486 0.499000 44 54 57
0.133739 -0.132486 0.499000 38 48 51
0.134759 -0.132221 0.498000 31 43 45
0.136047 -0.132221 0.498000 29 41 43
0.137334 -0.132221 0.498000 28 40 42
0.138622 -0.132221 0.498000 26 38 40
0.139910 -0.132221 0.498000 28 40 42
0.141197 -0.132221 0.498000 26 38 40
0.142485 -0.132221 0.498000 28 40 42
0.143773 -0.132221 0.498000 26 38 40
0.145060 -0.132221 0.498000 22 32 37
0.146348 -0.132221 0.498000 38 48 53
0.147932 -0.132486 0.499000 78 86 87
0.149222 -0.132486 0.499000 127 135 136
0.186835 -0.133548 0.503000 107 113 115
0.187762 -0.133283 0.502000 86 91 96
0.188683 -0.133017 0.501000 62 67 72
0.189979 -0.133017 0.501000 42 54 58
0.190892 -0.132752 0.500000 37 49 53
0.192185 -0.132752 0.500000 35 49 51
0.193478 -0.132752 0.500000 36 50 52
0.194771 -0.132752 0.500000 34 49 48
0.196064 -0.132752 0.500000 27 42 41
0.197751 -0.133017 0.501000 51 66 63
0.256313 -0.132486 0.499000 85 88 89
0.257604 -0.132486 0.499000 87 90 91
0.258375 -0.132221 0.498000 80 83 84
0.259663 -0.132221 0.498000 73 76 77
0.260950 -0.132221 0.498000 76 82 84
0.262238 -0.132221 0.498000 100 106 108
0.263526 -0.132221 0.498000 83 89 89
0.264813 -0.132221 0.498000 91 97 97
0.266101 -0.132221 0.498000 133 136 135
0.267389 -0.132221 0.498000 133 136 135
0.269216 -0.132486 0.499000 129 132 131
0.270506 -0.132486 0.499000 130 133 132
0.271796 -0.132486 0.499000 127 133 131
0.273087 -0.132486 0.499000 125 131 129
0.274927 -0.132752 0.500000 124 127 128
0.276220 -0.132752 0.500000 123 126 127
0.278067 -0.133017 0.501000 127 126 126
0.279363 -0.133017 0.501000 127 126 126
0.281219 -0.133283 0.502000 129 128 128
0.283079 -0.133548 0.503000 127 126 126
0.284380 -0.133548 0.503000 125 125 125
0.285681 -0.133548 0.503000 123 123 123
0.286981 -0.133548 0.503000 121 127 127
0.290158 -0.133814 0.504000 130 138 137
-0.245166 -0.121992 0.464000 85 89 82
-0.243966 -0.121992 0.464000 67 78 78
-0.242766 -0.121992 0.464000 34 45 45
-0.241567 -0.121992 0.464000 35 49 51
-0.240885 -0.122255 0.465000 33 47 49
-0.240198 -0.122518 0.466000 46 58 60
-0.239506 -0.122781 0.467000 50 62 64
-0.237598 -0.123044 0.468000 36 50 54
-0.237399 -0.123570 0.470000 28 44 54
-0.237691 -0.124358 0.473000 32 48 58
-0.236468 -0.124358 0.473000 35 51 61
-0.236737 -0.125147 0.476000 91 107 117
-0.222128 -0.125936 0.479000 82 90 87
-0.220428 -0.125673 0.478000 38 46 43
-0.219192 -0.125673 0.478000 26 36 39
-0.217956 -0.125673 0.478000 43 53 56
-0.216720 -0.125673 0.478000 45 55 58
-0.215484 -0.125673 0.478000 37 47 50
-0.214697 -0.125936 0.479000 34 45 45
-0.213458 -0.125936 0.479000 30 41 41
-0.212220 -0.125936 0.479000 23 34 34
-0.211421 -0.126199 0.480000 39 50 50
-0.209375 -0.126462 0.481000 93 101 98
-0.178747 -0.122518 0.466000 66 74 71
-0.176399 -0.121729 0.463000 69 75 75
-0.174823 -0.121466 0.462000 56 62 62
-0.173629 -0.121466 0.462000 43 49 49
-0.172434 -0.121466 0.462000 48 54 54
-0.170869 -0.121204 0.461000 50 58 57
-0.169677 -0.121204 0.461000 50 58 57
-0.168485 -0.121204 0.461000 39 47 48
-0.167293 -0.121204 0.461000 35 43 44
-0.166101 -0.121204 0.461000 39 47 46
-0.164551 -0.120941 0.460000 41 49 48
-0.163362 -0.120941 0.460000 35 48 45
-0.162172 -0.120941 0.460000 31 44 41
-0.160983 -0.120941 0.460000 29 47 43
-0.159446 -0.120678 0.459000 33 51 47
-0.158259 -0.120678 0.459000 34 54 49
-0.157072 -0.120678 0.459000 34 54 49
-0.155546 -0.120415 0.458000 30 50 47
-0.154362 -0.120415 0.458000 32 52 49
-0.153177 -0.120415 0.458000 38 53 52
-0.154058 -0.129091 0.491000 142 150 147
-0.118751 -0.129354 0.492000 159 169 157
-0.117479 -0.129354 0.492000 153 163 151
-0.116207 -0.129354 0.492000 143 150 142
-0.113767 -0.128039 0.487000 125 132 124
-0.085887 -0.127776 0.486000 100 112 114
-0.084804 -0.128039 0.487000 113 121 122
-0.083717 -0.128302 0.488000 118 126 127
-0.047989 -0.127251 0.484000 99 107 106
-0.046641 -0.126988 0.483000 69 77 76
-0.045205 -0.126462 0.481000 56 64 63
-0.043869 -0.126199 0.480000 44 55 53
-0.042628 -0.126199 0.480000 51 62 60
-0.041301 -0.125936 0.479000 42 55 50
-0.040062 -0.125936 0.479000 31 44 39
-0.038824 -0.125936 0.479000 28 41 38
-0.037585 -0.125936 0.479000 38 51 48
-0.036423 -0.126199 0.480000 45 58 57
-0.035182 -0.126199 0.480000 33 46 45
-0.034011 -0.126462 0.481000 64 75 75
-0.032836 -0.126725 0.482000 70 81 81
-0.031655 -0.126988 0.483000 66 79 76
-0.026770 -0.127513 0.485000 92 107 93
-0.025516 -0.127513 0.485000 88 103 89
-0.024262 -0.127513 0.485000 72 89 73
-0.023008 -0.127513 0.485000 58 75 59
-0.021753 -0.127513 0.485000 54 77 54
-0.020499 -0.127513 0.485000 55 78 55
-0.019245 -0.127513 0.485000 57 85 58
-0.017991 -0.127513 0.485000 57 85 58
-0.016737 -0.127513 0.485000 54 88 53
-0.015483 -0.127513 0.485000 55 89 54
-0.014229 -0.127513 0.485000 61 97 54
-0.012975 -0.127513 0.485000 61 97 54
-0.011721 -0.127513 0.485000 60 96 51
-0.010445 -0.127251 0.484000 61 97 52
-0.009194 -0.127251 0.484000 68 101 59
-0.007942 -0.127251 0.484000 69 102 60
-0.006691 -0.127251 0.484000 65 97 60
-0.005451 -0.127513 0.485000 66 98 61
-0.004197 -0.127513 0.485000 83 107 79
-0.002943 -0.127513 0.485000 101 125 97
0.017405 -0.129617 0.493000 117 126 119
0.018679 -0.129617 0.493000 116 125 118
0.019954 -0.129617 0.493000 117 126 119
0.021186 -0.129354 0.492000 116 125 118
0.022458 -0.129354 0.492000 116 125 118
0.023682 -0.129091 0.491000 114 123 116
0.024392 -0.126199 0.480000 116 125 118
0.025473 -0.125410 0.477000 124 130 128
0.029833 -0.123044 0.468000 54 65 65
0.030977 -0.122781 0.467000 43 54 54
0.032184 -0.122781 0.467000 40 52 54
0.033320 -0.122518 0.466000 24 36 38
0.034525 -0.122518 0.466000 27 41 43
0.035730 -0.122518 0.466000 29 43 45
0.036935 -0.122518 0.466000 24 41 42
0.038140 -0.122518 0.466000 28 45 46
0.039261 -0.122255 0.465000 36 54 52
0.040550 -0.122518 0.466000 48 66 64
0.041755 -0.122518 0.466000 51 67 58
0.042960 -0.122518 0.466000 47 63 54
0.044165 -0.122518 0.466000 40 52 42
0.045370 -0.122518 0.466000 30 42 32
0.046575 -0.122518 0.466000 24 38 29
0.047882 -0.122781 0.467000 24 38 29
0.049090 -0.122781 0.467000 25 38 33
0.050297 -0.122781 0.467000 25 38 33
0.051615 -0.123044 0.468000 25 38 33
0.052825 -0.123044 0.468000 26 39 34
0.054266 -0.123570 0.470000 28 41 36
0.055599 -0.123833 0.471000 37 50 45
0.056817 -0.123833 0.471000 82 95 90
0.058158 -0.124096 0.472000 109 122 117
0.059504 -0.124358 0.473000 128 140 132
0.060856 -0.124621 0.474000 128 140 132
0.063708 -0.125410 0.477000 127 134 126
0.065213 -0.125936 0.479000 131 138 130
0.066729 -0.126462 0.481000 129 136 128
0.073344 -0.129354 0.492000 134 141 133
0.076814 -0.130931 0.498000 134 142 139
0.128836 -0.131457 0.500000 125 131 131
0.129869 -0.131194 0.499000 120 126 126
0.131159 -0.131194 0.499000 113 119 119
0.132449 -0.131194 0.499000 100 108 109
0.133739 -0.131194 0.499000 78 86 87
0.135030 -0.131194 0.499000 45 57 59
0.136047 -0.130931 0.498000 35 47 49
0.137334 -0.130931 0.498000 30 42 46
0.138622 -0.130931 0.498000 28 40 44
0.139910 -0.130931 0.498000 26 40 44
0.141197 -0.130931 0.498000 24 38 42
0.142485 -0.130931 0.498000 26 40 44
0.143773 -0.130931 0.498000 27 41 45
0.145060 -0.130931 0.498000 28 42 44
0.146348 -0.130931 0.498000 22 36 38
0.147636 -0.130931 0.498000 24 35 35
0.148923 -0.130931 0.498000 41 52 52
0.150513 -0.131194 0.499000 96 104 101
0.186835 -0.132246 0.503000 124 127 128
0.187762 -0.131983 0.502000 112 115 118
0.188683 -0.131720 0.501000 77 80 83
0.189979 -0.131720 0.501000 47 57 62
0.190892 -0.131457 0.500000 39 49 54
0.192185 -0.131457 0.500000 36 50 54
0.193091 -0.131194 0.499000 36 50 54
0.194381 -0.131194 0.499000 33 50 51
0.196064 -0.131457 0.500000 32 49 50
0.197356 -0.131457 0.500000 28 46 42
0.199047 -0.131720 0.501000 82 100 96
0.265345 -0.131194 0.499000 114 121 125
0.266635 -0.131194 0.499000 120 126 126
0.267926 -0.131194 0.499000 119 125 125
0.269755 -0.131457 0.500000 124 127 126
0.271048 -0.131457 0.500000 127 130 129
0.272341 -0.131457 0.500000 126 129 128
0.274181 -0.131720 0.501000 127 130 129
0.277877 -0.132246 0.503000 131 134 133
0.279178 -0.132246 0.503000 134 138 133
0.280478 -0.132246 0.503000 134 138 133
0.282339 -0.132509 0.504000 137 138 134
0.283642 -0.132509 0.504000 135 136 132
0.284945 -0.132509 0.504000 128 131 130
0.286249 -0.132509 0.504000 127 130 129
0.287552 -0.132509 0.504000 122 128 128
0.288855 -0.132509 0.504000 125 131 131
0.290158 -0.132509 0.504000 127 133 133
0.291461 -0.132509 0.504000 129 135 135
-0.244109 -0.120270 0.462000 69 76 70
-0.242914 -0.120270 0.462000 51 65 67
-0.242243 -0.120531 0.463000 36 50 52
-0.241046 -0.120531 0.463000 36 53 58
-0.240367 -0.120791 0.464000 42 59 64
-0.240198 -0.121311 0.466000 48 62 66
-0.239506 -0.121572 0.467000 45 59 63
-0.237598 -0.121832 0.468000 35 49 55
-0.237904 -0.122613 0.471000 31 46 59
-0.237691 -0.123134 0.473000 26 41 54
-0.236968 -0.123394 0.474000 67 80 91
-0.221664 -0.124435 0.478000 92 101 94
-0.220428 -0.124435 0.478000 59 68 61
-0.219192 -0.124435 0.478000 26 37 35
-0.217500 -0.124175 0.477000 51 62 60
-0.216267 -0.124175 0.477000 48 59 59
-0.215034 -0.124175 0.477000 41 52 52
-0.214248 -0.124435 0.478000 37 48 48
-0.213012 -0.124435 0.478000 34 45 45
-0.212220 -0.124696 0.479000 31 42 42
-0.210981 -0.124696 0.479000 20 31 31
-0.210180 -0.124956 0.480000 74 85 83
-0.176715 -0.121572 0.467000 82 88 88
-0.175132 -0.121311 0.466000 53 59 59
-0.173180 -0.120791 0.464000 41 47 47
-0.171610 -0.120531 0.463000 45 53 52
-0.170045 -0.120270 0.462000 49 57 56
-0.168850 -0.120270 0.462000 46 54 55
-0.167293 -0.120010 0.461000 38 46 47
-0.166101 -0.120010 0.461000 41 49 48
-0.164909 -0.120010 0.461000 38 46 45
-0.163362 -0.119750 0.460000 34 45 43
-0.162172 -0.119750 0.460000 30 41 39
-0.160983 -0.119750 0.460000 31 49 45
-0.159793 -0.119750 0.460000 33 51 47
-0.158259 -0.119489 0.459000 34 54 51
-0.157072 -0.119489 0.459000 31 51 48
-0.155886 -0.119489 0.459000 26 46 43
-0.154699 -0.119489 0.459000 32 52 49
-0.153512 -0.119489 0.459000 36 51 50
-0.151993 -0.119229 0.458000 38 53 52
-0.150809 -0.119229 0.458000 43 58 57
-0.151519 -0.127820 0.491000 147 150 149
-0.150249 -0.127820 0.491000 152 155 154
-0.148979 -0.127820 0.491000 155 159 154
-0.147710 -0.127820 0.491000 155 159 154
-0.138823 -0.127820 0.491000 145 159 150
-0.137553 -0.127820 0.491000 146 160 151
-0.129671 -0.127559 0.490000 157 165 154
-0.128404 -0.127559 0.490000 159 164 154
-0.127137 -0.127559 0.490000 159 164 154
-0.125870 -0.127559 0.490000 160 162 153
-0.124603 -0.127559 0.490000 155 157 148
-0.123336 -0.127559 0.490000 139 146 140
-0.122319 -0.127820 0.491000 125 132 126
-0.121049 -0.127820 0.491000 112 120 117
-0.119779 -0.127820 0.491000 102 110 107
-0.118510 -0.127820 0.491000 84 95 91
-0.117479 -0.128080 0.492000 58 69 65
-0.116207 -0.128080 0.492000 47 58 54
-0.114935 -0.128080 0.492000 41 52 48
-0.102286 -0.122092 0.469000 45 56 54
-0.101288 -0.122353 0.470000 47 59 61
-0.097453 -0.123654 0.475000 88 111 118
-0.043869 -0.124956 0.480000 62 73 71
-0.042540 -0.124696 0.479000 64 75 73
-0.041301 -0.124696 0.479000 47 60 57
-0.040062 -0.124696 0.479000 30 43 40
-0.038824 -0.124696 0.479000 23 36 35
-0.037585 -0.124696 0.479000 50 63 62
-0.036423 -0.124956 0.480000 36 48 50
-0.035182 -0.124956 0.480000 37 49 51
-0.034011 -0.125216 0.481000 88 99 99
-0.032904 -0.125737 0.483000 82 93 93
-0.021753 -0.126258 0.485000 92 107 93
-0.020499 -0.126258 0.485000 82 97 83
-0.019245 -0.126258 0.485000 64 84 67
-0.017991 -0.126258 0.485000 56 76 59
-0.016737 -0.126258 0.485000 51 79 52
-0.015451 -0.125997 0.484000 53 81 54
-0.014200 -0.125997 0.484000 54 86 49
-0.012948 -0.125997 0.484000 57 89 52
-0.011697 -0.125997 0.484000 56 92 49
-0.010445 -0.125997 0.484000 59 95 52
-0.009194 -0.125997 0.484000 63 99 56
-0.007926 -0.125737 0.483000 66 102 59
-0.006677 -0.125737 0.483000 67 103 60
-0.005440 -0.125997 0.484000 66 102 59
-0.004179 -0.125737 0.483000 66 99 57
-0.002931 -0.125737 0.483000 69 102 60
-0.001682 -0.125737 0.483000 76 101 66
-0.000433 -0.125737 0.483000 83 108 73
0.016097 -0.128080 0.492000 117 125 122
0.017369 -0.128080 0.492000 114 122 119
0.018641 -0.128080 0.492000 113 122 115
0.021186 -0.128080 0.492000 114 123 116
0.022458 -0.128080 0.492000 114 123 116
0.023585 -0.127299 0.489000 117 125 122
0.024697 -0.126518 0.486000 118 126 123
0.027413 -0.121832 0.468000 48 56 57
0.028562 -0.121572 0.467000 39 47 48
0.029769 -0.121572 0.467000 31 41 44
0.030977 -0.121572 0.467000 30 40 43
0.032115 -0.121311 0.466000 29 41 45
0.033320 -0.121311 0.466000 30 42 46
0.034525 -0.121311 0.466000 33 47 51
0.035730 -0.121311 0.466000 31 45 49
0.036935 -0.121311 0.466000 41 55 57
0.038140 -0.121311 0.466000 44 58 60
0.039345 -0.121311 0.466000 52 67 66
0.040550 -0.121311 0.466000 47 62 61
0.041755 -0.121311 0.466000 36 52 43
0.042960 -0.121311 0.466000 24 40 31
0.044165 -0.121311 0.466000 25 39 30
0.045370 -0.121311 0.466000 24 38 29
0.046675 -0.121572 0.467000 21 35 26
0.047882 -0.121572 0.467000 22 36 27
0.049090 -0.121572 0.467000 22 37 34
0.050405 -0.121832 0.468000 27 42 39
0.051725 -0.122092 0.469000 29 44 41
0.053051 -0.122353 0.470000 28 43 40
0.054497 -0.122873 0.472000 21 36 33
0.055835 -0.123134 0.473000 20 35 32
0.057058 -0.123134 0.473000 57 70 69
0.058281 -0.123134 0.473000 101 114 113
0.059756 -0.123654 0.475000 127 136 129
0.062474 -0.124175 0.477000 132 139 131
0.070224 -0.127039 0.488000 134 141 133
0.072072 -0.128080 0.492000 134 143 136
0.073791 -0.128861 0.495000 134 143 136
0.131159 -0.129902 0.499000 122 128 128
0.132449 -0.129902 0.499000 118 126 125
0.133739 -0.129902 0.499000 111 119 118
0.135030 -0.129902 0.499000 93 103 106
0.136047 -0.129642 0.498000 74 84 87
0.137334 -0.129642 0.498000 52 62 67
0.138622 -0.129642 0.498000 39 49 54
0.139910 -0.129642 0.498000 26 38 44
0.141197 -0.129642 0.498000 32 44 50
0.142199 -0.129382 0.497000 27 41 47
0.143484 -0.129382 0.497000 28 42 48
0.144769 -0.129382 0.497000 27 41 43
0.146348 -0.129642 0.498000 26 40 42
0.147636 -0.129642 0.498000 28 40 42
0.148923 -0.129642 0.498000 23 35 37
0.150211 -0.129642 0.498000 27 38 38
0.151499 -0.129642 0.498000 55 66 66
0.153093 -0.129902 0.499000 113 121 118
0.187762 -0.130683 0.502000 115 118 121
0.188683 -0.130423 0.501000 92 95 98
0.189599 -0.130163 0.500000 67 74 80
0.190892 -0.130163 0.500000 52 59 65
0.191801 -0.129902 0.499000 36 50 54
0.193091 -0.129902 0.499000 35 49 53
0.194381 -0.129902 0.499000 34 51 52
0.195671 -0.129902 0.499000 34 51 52
0.196962 -0.129902 0.499000 29 44 43
0.198649 -0.130163 0.500000 42 57 56
0.282339 -0.131204 0.504000 131 134 133
0.284205 -0.131464 0.505000 131 134 133
0.285511 -0.131464 0.505000 136 142 142
0.286816 -0.131464 0.505000 136 142 142
-0.245304 -0.119074 0.462000 74 85 83
-0.243581 -0.118816 0.461000 58 69 67
-0.242914 -0.119074 0.462000 33 50 53
-0.241720 -0.119074 0.462000 33 50 53
-0.240525 -0.119074 0.462000 35 52 57
-0.240367 -0.119589 0.464000 46 63 68
-0.240198 -0.120105 0.466000 45 62 67
-0.239506 -0.120363 0.467000 40 57 62
-0.237598 -0.120620 0.468000 30 44 50
-0.237904 -0.121394 0.471000 24 36 50
-0.237691 -0.121909 0.473000 56 68 82
-0.237468 -0.122425 0.475000 125 135 142
-0.219967 -0.122940 0.477000 57 68 64
-0.218734 -0.122940 0.477000 32 43 39
-0.217044 -0.122682 0.476000 48 59 55
-0.215814 -0.122682 0.476000 51 62 58
-0.214583 -0.122682 0.476000 46 57 53
-0.213352 -0.122682 0.476000 40 51 47
-0.212567 -0.122940 0.477000 37 48 44
-0.211777 -0.123198 0.478000 35 48 45
-0.210981 -0.123455 0.479000 26 39 36
-0.209742 -0.123455 0.479000 46 57 57
-0.208939 -0.123713 0.480000 101 112 112
-0.173093 -0.120363 0.467000 42 50 49
-0.171885 -0.120363 0.467000 47 55 54
-0.170312 -0.120105 0.466000 43 54 54
-0.168381 -0.119589 0.464000 45 56 56
-0.166821 -0.119332 0.463000 42 48 46
-0.165267 -0.119074 0.462000 44 50 48
-0.164072 -0.119074 0.462000 32 43 41
-0.162525 -0.118816 0.461000 31 42 40
-0.161333 -0.118816 0.461000 25 43 41
-0.160141 -0.118816 0.461000 31 49 47
-0.158949 -0.118816 0.461000 33 50 51
-0.157757 -0.118816 0.461000 29 46 47
-0.156565 -0.118816 0.461000 25 44 44
-0.155373 -0.118816 0.461000 33 52 52
-0.154181 -0.118816 0.461000 33 53 50
-0.152989 -0.118816 0.461000 35 55 52
-0.151468 -0.118559 0.460000 36 54 52
-0.150278 -0.118559 0.460000 32 50 48
-0.149413 -0.118816 0.461000 28 47 49
-0.148221 -0.118816 0.461000 32 51 53
-0.133472 -0.126291 0.490000 120 135 130
-0.132205 -0.126291 0.490000 115 130 125
-0.130671 -0.126033 0.489000 108 119 115
-0.129407 -0.126033 0.489000 94 105 101
-0.128142 -0.126033 0.489000 85 94 85
-0.111011 -0.121136 0.470000 34 49 46
-0.109562 -0.120878 0.469000 38 53 50
-0.108349 -0.120878 0.469000 40 55 52
-0.106908 -0.120620 0.468000 41 56 53
-0.104488 -0.120620 0.468000 40 54 56
-0.102722 -0.121394 0.471000 46 58 60
-0.101719 -0.121651 0.472000 40 56 66
-0.100712 -0.121909 0.473000 40 56 66
-0.099910 -0.122425 0.475000 36 60 74
-0.099097 -0.122940 0.477000 34 58 72
-0.098274 -0.123455 0.479000 51 69 76
-0.042540 -0.123455 0.479000 68 79 75
-0.041215 -0.123198 0.478000 38 49 47
-0.040062 -0.123455 0.479000 27 38 36
-0.038824 -0.123455 0.479000 28 40 42
-0.037585 -0.123455 0.479000 54 66 68
-0.036423 -0.123713 0.480000 30 42 44
-0.035182 -0.123713 0.480000 58 70 72
-0.034082 -0.124229 0.482000 104 112 111
-0.032904 -0.124486 0.483000 100 108 107
-0.017991 -0.125002 0.485000 97 112 98
-0.016737 -0.125002 0.485000 87 104 88
-0.015483 -0.125002 0.485000 76 93 77
-0.014200 -0.124744 0.484000 57 83 57
-0.012948 -0.124744 0.484000 49 75 49
-0.011697 -0.124744 0.484000 46 75 41
-0.010445 -0.124744 0.484000 51 80 46
-0.009175 -0.124486 0.483000 56 87 53
-0.007926 -0.124486 0.483000 59 90 56
-0.006677 -0.124486 0.483000 60 95 55
-0.005428 -0.124486 0.483000 63 98 58
-0.004179 -0.124486 0.483000 66 102 55
-0.002924 -0.124229 0.482000 64 100 53
-0.001678 -0.124229 0.482000 68 101 55
-0.000432 -0.124229 0.482000 70 103 57
0.000814 -0.124229 0.482000 70 101 59
0.002061 -0.124229 0.482000 70 101 59
0.003307 -0.124229 0.482000 87 111 79
0.004563 -0.124486 0.483000 103 127 95
0.012131 -0.125260 0.486000 117 129 119
0.013443 -0.125775 0.488000 116 128 120
0.014765 -0.126291 0.490000 115 127 119
0.016064 -0.126548 0.491000 115 127 119
0.017334 -0.126548 0.491000 112 124 116
0.018641 -0.126806 0.492000 112 124 116
0.019792 -0.126033 0.489000 114 126 118
0.020841 -0.124744 0.484000 119 128 121
0.023681 -0.120105 0.466000 56 64 63
0.024939 -0.120363 0.467000 39 47 48
0.026147 -0.120363 0.467000 41 49 50
0.027354 -0.120363 0.467000 34 45 45
0.028501 -0.120105 0.466000 31 42 42
0.029706 -0.120105 0.466000 32 44 46
0.030844 -0.119847 0.465000 31 43 45
0.032047 -0.119847 0.465000 33 45 47
0.033249 -0.119847 0.465000 37 49 51
0.034451 -0.119847 0.465000 42 56 58
0.035654 -0.119847 0.465000 52 66 68
0.036856 -0.119847 0.465000 47 62 61
0.038058 -0.119847 0.465000 41 56 55
0.039261 -0.119847 0.465000 30 45 42
0.040550 -0.120105 0.466000 24 39 36
0.041755 -0.120105 0.466000 24 40 31
0.042960 -0.120105 0.466000 23 39 30
0.044165 -0.120105 0.466000 21 37 28
0.045467 -0.120363 0.467000 22 38 29
0.046675 -0.120363 0.467000 23 38 35
0.047882 -0.120363 0.467000 31 46 43
0.049195 -0.120620 0.468000 35 50 49
0.050620 -0.121136 0.470000 31 46 45
0.051946 -0.121394 0.471000 26 44 40
0.053276 -0.121651 0.472000 24 42 38
0.054612 -0.121909 0.473000 20 35 34
0.055835 -0.121909 0.473000 15 30 29
0.057179 -0.122167 0.474000 13 27 29
0.059882 -0.122682 0.476000 45 56 56
0.061369 -0.123198 0.478000 95 106 106
0.062736 -0.123455 0.479000 124 131 123
0.067423 -0.125260 0.486000 134 142 131
0.070512 -0.126291 0.490000 134 142 131
0.072218 -0.127064 0.493000 138 145 137
0.135030 -0.128610 0.499000 114 120 122
0.136047 -0.128352 0.498000 108 114 116
0.137334 -0.128352 0.498000 90 95 100
0.138622 -0.128352 0.498000 72 77 82
0.139910 -0.128352 0.498000 33 45 51
0.141197 -0.128352 0.498000 33 45 51
0.142199 -0.128095 0.497000 27 43 51
0.143484 -0.128095 0.497000 27 43 51
0.144769 -0.128095 0.497000 23 42 44
0.146054 -0.128095 0.497000 23 42 44
0.147339 -0.128095 0.497000 25 43 41
0.148624 -0.128095 0.497000 25 43 41
0.149909 -0.128095 0.497000 28 40 42
0.151499 -0.128352 0.498000 22 34 36
0.152786 -0.128352 0.498000 32 45 44
0.154074 -0.128352 0.498000 78 91 90
0.155362 -0.128352 0.498000 131 139 138
0.188683 -0.129126 0.501000 110 113 116
0.189599 -0.128868 0.500000 79 86 92
0.190892 -0.128868 0.500000 62 69 75
0.191801 -0.128610 0.499000 43 55 61
0.193091 -0.128610 0.499000 37 49 55
0.194381 -0.128610 0.499000 37 51 53
0.195671 -0.128610 0.499000 37 51 53
0.196962 -0.128610 0.499000 34 49 48
0.198252 -0.128610 0.499000 33 48 47
0.199942 -0.128868 0.500000 86 97 93
-0.245965 -0.117623 0.461000 91 100 93
-0.244773 -0.117623 0.461000 60 73 72
-0.243581 -0.117623 0.461000 49 62 61
-0.242389 -0.117623 0.461000 27 46 48
-0.241720 -0.117878 0.462000 34 53 55
-0.240525 -0.117878 0.462000 40 59 63
-0.239849 -0.118133 0.463000 45 64 68
-0.240198 -0.118898 0.466000 45 62 67
-0.239506 -0.119153 0.467000 36 53 58
-0.238106 -0.119664 0.469000 29 45 53
-0.238409 -0.120429 0.472000 41 54 65
-0.237691 -0.120684 0.473000 106 119 130
-0.219967 -0.121705 0.477000 88 97 90
-0.218275 -0.121450 0.476000 43 52 45
-0.216588 -0.121195 0.475000 49 58 51
-0.215360 -0.121195 0.475000 53 64 60
-0.213681 -0.120940 0.474000 50 61 57
-0.212904 -0.121195 0.475000 43 56 51
-0.211676 -0.121195 0.475000 39 52 47
-0.210890 -0.121450 0.476000 38 51 48
-0.210100 -0.121705 0.477000 31 44 41
-0.209305 -0.121960 0.478000 27 41 43
-0.208504 -0.122215 0.479000 79 93 95
-0.207698 -0.122470 0.480000 106 114 113
-0.169833 -0.119409 0.468000 105 113 112
-0.168263 -0.119153 0.467000 98 101 100
-0.167055 -0.119153 0.467000 74 77 76
-0.165492 -0.118898 0.466000 44 55 51
-0.163582 -0.118388 0.464000 33 44 40
-0.162383 -0.118388 0.464000 38 50 52
-0.160836 -0.118133 0.463000 38 50 52
-0.159638 -0.118133 0.463000 29 46 49
-0.158441 -0.118133 0.463000 28 45 48
-0.157244 -0.118133 0.463000 26 43 46
-0.155710 -0.117878 0.462000 32 49 52
-0.154515 -0.117878 0.462000 32 51 51
-0.153321 -0.117878 0.462000 33 52 52
-0.151797 -0.117623 0.461000 30 52 53
-0.150932 -0.117878 0.462000 30 52 53
-0.149737 -0.117878 0.462000 25 47 48
-0.148542 -0.117878 0.462000 30 52 53
-0.136006 -0.125022 0.490000 34 52 50
-0.133472 -0.125022 0.490000 35 50 49
-0.131935 -0.124767 0.489000 34 49 48
-0.129142 -0.124512 0.488000 36 49 46
-0.126618 -0.124512 0.488000 33 44 42
-0.116364 -0.121705 0.477000 38 50 52
-0.114648 -0.121195 0.475000 36 50 52
-0.112942 -0.120684 0.473000 37 51 53
-0.111719 -0.120684 0.473000 36 53 54
-0.110496 -0.120684 0.473000 38 55 56
-0.109273 -0.120684 0.473000 40 57 58
-0.108050 -0.120684 0.473000 36 53 54
-0.106601 -0.120429 0.472000 37 51 55
-0.105381 -0.120429 0.472000 37 51 55
-0.104381 -0.120684 0.473000 38 50 54
-0.103158 -0.120684 0.473000 32 44 48
-0.102150 -0.120940 0.474000 30 43 52
-0.101138 -0.121195 0.475000 31 44 53
-0.100330 -0.121705 0.477000 53 73 84
-0.099512 -0.122215 0.479000 85 105 116
-0.042451 -0.121960 0.478000 66 74 71
-0.041215 -0.121960 0.478000 29 40 38
-0.039979 -0.121960 0.478000 29 40 38
-0.038743 -0.121960 0.478000 40 52 54
-0.037585 -0.122215 0.479000 49 61 63
-0.036347 -0.122215 0.479000 32 43 43
-0.035182 -0.122470 0.480000 88 99 99
-0.034082 -0.122981 0.482000 122 125 124
-0.012975 -0.123746 0.485000 94 111 95
-0.011697 -0.123491 0.484000 77 98 76
-0.010445 -0.123491 0.484000 56 77 55
-0.009194 -0.123491 0.484000 51 77 51
-0.007942 -0.123491 0.484000 57 83 57
-0.006677 -0.123236 0.483000 58 88 51
-0.005428 -0.123236 0.483000 57 87 50
-0.004171 -0.122981 0.482000 57 90 46
-0.002924 -0.122981 0.482000 62 95 51
-0.001675 -0.122726 0.481000 68 104 57
-0.000431 -0.122726 0.481000 68 104 57
0.000813 -0.122726 0.481000 68 104 57
0.002052 -0.122470 0.480000 68 104 57
0.003293 -0.122470 0.480000 70 103 59
0.004534 -0.122470 0.480000 65 98 54
0.007031 -0.122726 0.481000 85 110 73
0.008292 -0.122981 0.482000 101 120 94
0.009558 -0.123236 0.483000 119 138 112
0.010830 -0.123491 0.484000 123 136 119
0.012106 -0.123746 0.485000 118 131 114
0.013388 -0.124001 0.486000 116 131 117
0.019266 -0.121450 0.476000 110 122 112
0.021089 -0.117878 0.462000 53 64 62
0.022283 -0.117878 0.462000 40 47 51
0.024726 -0.118133 0.463000 32 42 45
0.025979 -0.118388 0.464000 31 41 44
0.027237 -0.118643 0.465000 30 41 41
0.028378 -0.118388 0.464000 32 43 43
0.029578 -0.118388 0.464000 33 46 45
0.030778 -0.118388 0.464000 43 56 55
0.031978 -0.118388 0.464000 47 60 57
0.033177 -0.118388 0.464000 47 60 57
0.034377 -0.118388 0.464000 47 60 57
0.035577 -0.118388 0.464000 45 58 55
0.036856 -0.118643 0.465000 28 43 38
0.038058 -0.118643 0.465000 24 39 34
0.039261 -0.118643 0.465000 24 39 34
0.040463 -0.118643 0.465000 23 38 33
0.041755 -0.118898 0.466000 21 36 31
0.042960 -0.118898 0.466000 17 32 27
0.044260 -0.119153 0.467000 17 30 27
0.045467 -0.119153 0.467000 23 36 33
0.046774 -0.119409 0.468000 38 51 48
0.047985 -0.119409 0.468000 33 46 43
0.049510 -0.120174 0.471000 24 37 36
0.050836 -0.120429 0.472000 17 30 29
0.052166 -0.120684 0.473000 21 36 35
0.053502 -0.120940 0.474000 22 37 36
0.054843 -0.121195 0.475000 19 36 37
0.057420 -0.121450 0.476000 24 41 42
0.058774 -0.121705 0.477000 21 38 39
0.060133 -0.121960 0.478000 23 36 35
0.061498 -0.122215 0.479000 17 30 29
0.062998 -0.122726 0.481000 36 44 43
0.066030 -0.123746 0.485000 118 127 120
0.068962 -0.124512 0.488000 142 150 139
0.070512 -0.125022 0.490000 138 146 135
0.072072 -0.125532 0.492000 138 146 135
0.073493 -0.125787 0.493000 138 146 135
0.136320 -0.127318 0.499000 120 123 124
0.137334 -0.127063 0.498000 122 125 128
0.138622 -0.127063 0.498000 107 110 113
0.139910 -0.127063 0.498000 78 85 91
0.141197 -0.127063 0.498000 55 62 68
0.142199 -0.126808 0.497000 35 51 59
0.143484 -0.126808 0.497000 27 43 51
0.144769 -0.126808 0.497000 25 44 46
0.146054 -0.126808 0.497000 24 43 45
0.147339 -0.126808 0.497000 25 42 43
0.148624 -0.126808 0.497000 25 42 43
0.149909 -0.126808 0.497000 28 42 44
0.151194 -0.126808 0.497000 27 41 43
0.152479 -0.126808 0.497000 26 38 40
0.153765 -0.126808 0.497000 25 37 39
0.155050 -0.126808 0.497000 54 64 67
0.156649 -0.127063 0.498000 111 121 124
0.188683 -0.127828 0.501000 126 132 134
0.189599 -0.127573 0.500000 90 97 101
0.190510 -0.127318 0.499000 63 70 74
0.191801 -0.127318 0.499000 55 62 68
0.193091 -0.127318 0.499000 47 54 60
0.193992 -0.127063 0.498000 40 52 54
0.195279 -0.127063 0.498000 40 52 54
0.196962 -0.127318 0.499000 39 51 53
0.198252 -0.127318 0.499000 36 48 50
0.199542 -0.127318 0.499000 48 59 55
-0.245431 -0.116176 0.460000 67 75 72
-0.244242 -0.116176 0.460000 65 77 79
-0.243581 -0.116429 0.461000 32 44 46
-0.242389 -0.116429 0.461000 31 48 51
-0.241197 -0.116429 0.461000 39 56 59
-0.240525 -0.116682 0.462000 49 66 69
-0.239849 -0.116934 0.463000 43 60 63
-0.240198 -0.117692 0.466000 39 56 59
-0.239506 -0.117944 0.467000 34 51 54
-0.238106 -0.118449 0.469000 28 44 54
-0.238409 -0.119207 0.472000 95 105 112
-0.237691 -0.119460 0.473000 139 149 156
-0.218275 -0.120217 0.476000 60 69 62
-0.216588 -0.119965 0.475000 48 57 50
-0.214907 -0.119712 0.474000 55 63 60
-0.213681 -0.119712 0.474000 54 62 59
-0.212456 -0.119712 0.474000 44 57 54
-0.211230 -0.119712 0.474000 42 55 52
-0.210004 -0.119712 0.474000 42 55 52
-0.209219 -0.119965 0.475000 35 48 45
-0.208867 -0.120470 0.477000 27 42 41
-0.208069 -0.120722 0.478000 35 50 49
-0.207265 -0.120975 0.479000 96 109 106
-0.206027 -0.120975 0.479000 103 116 113
-0.166203 -0.118197 0.468000 104 112 111
-0.164993 -0.118197 0.468000 85 93 92
-0.163433 -0.117944 0.467000 65 76 76
-0.162225 -0.117944 0.467000 55 66 66
-0.161018 -0.117944 0.467000 39 51 55
-0.159468 -0.117692 0.466000 29 41 45
-0.158263 -0.117692 0.466000 23 37 41
-0.157058 -0.117692 0.466000 31 45 49
-0.155853 -0.117692 0.466000 32 49 52
-0.154316 -0.117439 0.465000 33 50 53
-0.152785 -0.117187 0.464000 31 50 54
-0.150932 -0.116682 0.462000 31 50 54
-0.150385 -0.117187 0.464000 32 51 55
-0.149507 -0.117439 0.465000 32 51 55
-0.147986 -0.117187 0.464000 35 52 57
-0.133200 -0.123501 0.489000 37 52 49
-0.128877 -0.122995 0.487000 40 53 52
-0.116852 -0.120975 0.479000 38 52 54
-0.115372 -0.120722 0.478000 33 50 53
-0.113659 -0.120217 0.476000 33 50 53
-0.112192 -0.119965 0.475000 36 50 54
-0.110730 -0.119712 0.474000 36 50 54
-0.109504 -0.119712 0.474000 34 48 50
-0.108279 -0.119712 0.474000 31 45 47
-0.107053 -0.119712 0.474000 28 42 48
-0.105604 -0.119460 0.473000 33 47 53
-0.104602 -0.119712 0.474000 40 50 55
-0.103594 -0.119965 0.475000 54 64 69
-0.102582 -0.120217 0.476000 88 95 101
-0.042451 -0.120722 0.478000 60 68 65
-0.041129 -0.120470 0.477000 27 35 36
-0.039979 -0.120722 0.478000 32 40 41
-0.038743 -0.120722 0.478000 47 57 62
-0.037585 -0.120975 0.479000 44 54 59
-0.036347 -0.120975 0.479000 41 47 49
-0.035182 -0.121228 0.480000 129 135 137
-0.034082 -0.121733 0.482000 125 126 120
-0.009213 -0.122490 0.485000 93 110 94
-0.007942 -0.122238 0.484000 73 90 74
-0.006691 -0.122238 0.484000 64 83 55
-0.005428 -0.121985 0.483000 59 78 50
-0.004179 -0.121985 0.483000 55 80 45
-0.002924 -0.121733 0.482000 54 79 44
-0.001671 -0.121228 0.480000 53 86 42
-0.000430 -0.121228 0.480000 57 90 46
0.000811 -0.121228 0.480000 55 91 44
0.002052 -0.121228 0.480000 63 99 52
0.003286 -0.120975 0.479000 67 103 56
0.004525 -0.120975 0.479000 64 100 53
0.005764 -0.120975 0.479000 71 103 54
0.007017 -0.121228 0.480000 72 104 55
0.008258 -0.121228 0.480000 76 102 62
0.009499 -0.121228 0.480000 78 104 64
0.010740 -0.121228 0.480000 92 114 87
0.013360 -0.122490 0.485000 113 133 116
0.018780 -0.117187 0.464000 40 52 44
0.019894 -0.116682 0.462000 34 42 43
0.021089 -0.116682 0.462000 38 46 47
0.022283 -0.116682 0.462000 33 40 46
0.023478 -0.116682 0.462000 31 38 44
0.024672 -0.116682 0.462000 33 41 42
0.025923 -0.116934 0.463000 34 42 43
0.027061 -0.116682 0.462000 39 47 46
0.028256 -0.116682 0.462000 39 47 46
0.029514 -0.116934 0.463000 45 58 55
0.030712 -0.116934 0.463000 46 59 56
0.033177 -0.117187 0.464000 40 54 45
0.034377 -0.117187 0.464000 29 43 32
0.035577 -0.117187 0.464000 28 42 31
0.036777 -0.117187 0.464000 26 40 29
0.039261 -0.117439 0.465000 21 34 29
0.040463 -0.117439 0.465000 19 32 27
0.041755 -0.117692 0.466000 21 27 25
0.042960 -0.117692 0.466000 30 36 34
0.044260 -0.117944 0.467000 55 63 62
0.045564 -0.118197 0.468000 90 98 97
0.046974 -0.118702 0.470000 101 112 110
0.048395 -0.119207 0.472000 82 93 91
0.049720 -0.119460 0.473000 49 57 58
0.051051 -0.119712 0.474000 26 34 35
0.053728 -0.120217 0.476000 19 30 30
0.055190 -0.120722 0.478000 20 34 38
0.056426 -0.120722 0.478000 22 36 40
0.057782 -0.120975 0.479000 22 39 42
0.059021 -0.120975 0.479000 22 39 42
0.060385 -0.121228 0.480000 26 41 40
0.061755 -0.121480 0.481000 27 42 41
0.063260 -0.121985 0.483000 27 38 36
0.064776 -0.122490 0.485000 19 30 28
0.067423 -0.122743 0.486000 57 63 61
0.068962 -0.123248 0.488000 92 100 97
0.070512 -0.123753 0.490000 133 141 138
0.072072 -0.124258 0.492000 143 151 140
0.073493 -0.124511 0.493000 145 153 142
0.074920 -0.124763 0.494000 140 147 139
0.138622 -0.125774 0.498000 119 122 125
0.139910 -0.125774 0.498000 111 116 121
0.141197 -0.125774 0.498000 92 97 102
0.142199 -0.125521 0.497000 68 78 83
0.143484 -0.125521 0.497000 47 57 62
0.144769 -0.125521 0.497000 38 52 54
0.146054 -0.125521 0.497000 30 44 46
0.147043 -0.125268 0.496000 28 45 46
0.148325 -0.125268 0.496000 27 44 45
0.149608 -0.125268 0.496000 27 44 45
0.150890 -0.125268 0.496000 27 44 45
0.152173 -0.125268 0.496000 28 45 46
0.153455 -0.125268 0.496000 27 44 45
0.154738 -0.125268 0.496000 29 41 45
0.156335 -0.125521 0.497000 32 44 48
0.157620 -0.125521 0.497000 74 86 88
0.159225 -0.125774 0.498000 117 129 131
0.189599 -0.126279 0.500000 109 116 120
0.190510 -0.126026 0.499000 84 91 95
0.191801 -0.126026 0.499000 67 74 80
0.192704 -0.125774 0.498000 55 62 68
0.193992 -0.125774 0.498000 47 54 58
0.195279 -0.125774 0.498000 45 52 56
0.196567 -0.125774 0.498000 42 54 56
0.197855 -0.125774 0.498000 40 52 54
0.199142 -0.125774 0.498000 37 48 48
0.200833 -0.126026 0.499000 82 93 93
-0.246621 -0.114985 0.460000 96 104 101
-0.244898 -0.114735 0.459000 69 77 74
-0.243711 -0.114735 0.459000 50 62 64
-0.243052 -0.114985 0.460000 35 47 49
-0.241863 -0.114985 0.460000 36 50 54
-0.241197 -0.115235 0.461000 50 64 68
-0.240525 -0.115485 0.462000 49 66 67
-0.239849 -0.115735 0.463000 40 57 58
-0.240198 -0.116485 0.466000 35 52 55
-0.239506 -0.116735 0.467000 33 50 53
-0.238614 -0.117485 0.470000 57 70 79
-0.238914 -0.118235 0.473000 137 144 148
-0.217817 -0.118735 0.475000 75 83 80
-0.216132 -0.118485 0.474000 46 54 51
-0.214453 -0.118235 0.473000 51 62 60
-0.213230 -0.118235 0.473000 54 65 63
-0.212007 -0.118235 0.473000 49 62 61
-0.210784 -0.118235 0.473000 45 58 57
-0.209561 -0.118235 0.473000 41 56 55
-0.208779 -0.118485 0.474000 36 51 50
-0.207991 -0.118735 0.475000 30 45 44
-0.207198 -0.118985 0.476000 24 39 38
-0.206833 -0.119485 0.478000 64 77 76
-0.206027 -0.119735 0.479000 108 121 120
-0.161362 -0.116985 0.468000 72 79 83
-0.160152 -0.116985 0.468000 59 66 70
-0.158942 -0.116985 0.468000 46 56 59
-0.157732 -0.116985 0.468000 39 49 52
-0.156522 -0.116985 0.468000 32 44 46
-0.155312 -0.116985 0.468000 40 52 54
-0.154102 -0.116985 0.468000 41 55 61
-0.152565 -0.116735 0.467000 35 49 55
-0.151357 -0.116735 0.467000 34 48 54
-0.150150 -0.116735 0.467000 33 47 53
-0.148942 -0.116735 0.467000 31 45 49
-0.147419 -0.116485 0.466000 36 50 54
-0.145320 -0.116735 0.467000 35 49 53
-0.135451 -0.121984 0.488000 36 51 50
-0.134189 -0.121984 0.488000 36 51 50
-0.132655 -0.121735 0.487000 36 51 50
-0.131396 -0.121735 0.487000 37 52 51
-0.130137 -0.121735 0.487000 37 50 49
-0.128613 -0.121485 0.486000 38 51 50
-0.127356 -0.121485 0.486000 39 52 51
-0.126099 -0.121485 0.486000 39 52 51
-0.124843 -0.121485 0.486000 38 51 50
-0.123586 -0.121485 0.486000 39 52 51
-0.122078 -0.121235 0.485000 37 49 51
-0.115855 -0.119985 0.480000 33 47 51
-0.111431 -0.119235 0.477000 38 48 51
-0.109966 -0.118985 0.476000 46 56 59
-0.108735 -0.118985 0.476000 60 70 73
-0.107505 -0.118985 0.476000 74 84 89
-0.042273 -0.118985 0.476000 53 61 58
-0.039895 -0.119235 0.477000 32 40 39
-0.038743 -0.119485 0.478000 46 56 61
-0.037585 -0.119735 0.479000 31 41 46
-0.036423 -0.119985 0.480000 70 78 77
-0.035255 -0.120235 0.481000 135 143 142
-0.005440 -0.120985 0.484000 93 107 87
-0.004179 -0.120735 0.483000 70 89 63
-0.002931 -0.120735 0.483000 59 78 52
-0.001671 -0.119985 0.480000 50 78 42
-0.000430 -0.119985 0.480000 52 80 44
0.000809 -0.119735 0.479000 47 83 40
0.002048 -0.119735 0.479000 46 82 39
0.003286 -0.119735 0.479000 56 89 43
0.004525 -0.119735 0.479000 61 94 48
0.005751 -0.119485 0.478000 62 96 47
0.007002 -0.119735 0.479000 63 97 48
0.008223 -0.119485 0.478000 68 99 55
0.009440 -0.119235 0.477000 71 102 58
0.010673 -0.119235 0.477000 74 101 68
0.011856 -0.118735 0.475000 74 101 68
0.013029 -0.118235 0.473000 84 106 86
0.015148 -0.115735 0.463000 43 57 46
0.016275 -0.115235 0.461000 37 51 40
0.017467 -0.115235 0.461000 37 49 41
0.018659 -0.115235 0.461000 37 49 41
0.019851 -0.115235 0.461000 33 41 38
0.021043 -0.115235 0.461000 34 42 39
0.022235 -0.115235 0.461000 32 39 43
0.023427 -0.115235 0.461000 35 42 46
0.024672 -0.115485 0.462000 42 50 51
0.025867 -0.115485 0.462000 46 54 55
0.027061 -0.115485 0.462000 53 61 60
0.028256 -0.115485 0.462000 57 65 64
0.029514 -0.115735 0.463000 50 63 58
0.030712 -0.115735 0.463000 39 52 47
0.031909 -0.115735 0.463000 29 43 32
0.034377 -0.115985 0.464000 24 39 23
0.035577 -0.115985 0.464000 23 38 22
0.036777 -0.115985 0.464000 25 38 25
0.039261 -0.116235 0.465000 25 33 30
0.040463 -0.116235 0.465000 34 42 39
0.041755 -0.116485 0.466000 66 69 68
0.043052 -0.116735 0.467000 89 92 91
0.044260 -0.116735 0.467000 111 119 118
0.045759 -0.117485 0.470000 114 122 121
0.047274 -0.118235 0.473000 112 120 119
0.049930 -0.118735 0.475000 113 121 122
0.051374 -0.119235 0.477000 103 111 112
0.052718 -0.119485 0.478000 74 82 83
0.054067 -0.119735 0.479000 41 49 50
0.055421 -0.119985 0.480000 22 32 37
0.056662 -0.119985 0.480000 18 28 33
0.057903 -0.119985 0.480000 19 33 35
0.059267 -0.120235 0.481000 21 35 37
0.060511 -0.120235 0.481000 23 37 39
0.062011 -0.120735 0.483000 27 41 43
0.063391 -0.120985 0.484000 34 45 45
0.064776 -0.121235 0.485000 34 45 45
0.067423 -0.121485 0.486000 27 35 34
0.068962 -0.121984 0.488000 25 33 32
0.070512 -0.122484 0.490000 43 51 50
0.072072 -0.122984 0.492000 87 93 91
0.073344 -0.122984 0.492000 129 135 133
0.074768 -0.123234 0.493000 142 151 144
0.076197 -0.123484 0.494000 144 153 146
0.141197 -0.124484 0.498000 114 120 122
0.142485 -0.124484 0.498000 99 102 105
0.143484 -0.124234 0.497000 80 83 86
0.144769 -0.124234 0.497000 54 65 65
0.146054 -0.124234 0.497000 53 64 64
0.147043 -0.123984 0.496000 45 62 63
0.148325 -0.123984 0.496000 28 45 46
0.149306 -0.123734 0.495000 25 42 45
0.150586 -0.123734 0.495000 28 45 48
0.151866 -0.123734 0.495000 28 45 48
0.153146 -0.123734 0.495000 28 45 48
0.154426 -0.123734 0.495000 30 44 48
0.155706 -0.123734 0.495000 26 40 44
0.156986 -0.123734 0.495000 23 35 39
0.158585 -0.123984 0.496000 47 59 63
0.159868 -0.123984 0.496000 103 114 112
0.189220 -0.124734 0.499000 120 127 131
0.190510 -0.124734 0.499000 92 99 103
0.191801 -0.124734 0.499000 71 78 84
0.192704 -0.124484 0.498000 60 67 73
0.193992 -0.124484 0.498000 48 55 59
0.195279 -0.124484 0.498000 43 50 54
0.196567 -0.124484 0.498000 44 56 58
0.197855 -0.124484 0.498000 44 56 58
0.199142 -0.124484 0.498000 36 50 52
0.200430 -0.124484 0.498000 49 63 65
-0.246084 -0.113547 0.459000 60 71 67
-0.244364 -0.113300 0.458000 67 78 74
-0.243180 -0.113300 0.458000 36 49 48
-0.241996 -0.113300 0.458000 36 49 48
-0.241863 -0.113794 0.460000 43 55 59
-0.241197 -0.114042 0.461000 51 63 67
-0.240525 -0.114289 0.462000 48 62 66
-0.239849 -0.114536 0.463000 37 51 55
-0.240198 -0.115279 0.466000 36 50 54
-0.238809 -0.115773 0.468000 41 54 63
-0.238614 -0.116268 0.470000 108 121 130
-0.215676 -0.117010 0.473000 59 70 66
-0.214453 -0.117010 0.473000 48 59 59
-0.213230 -0.117010 0.473000 57 68 68
-0.212007 -0.117010 0.473000 54 67 66
-0.210784 -0.117010 0.473000 50 63 62
-0.209561 -0.117010 0.473000 44 59 58
-0.208338 -0.117010 0.473000 42 57 56
-0.207115 -0.117010 0.473000 37 52 51
-0.206327 -0.117258 0.474000 31 46 45
-0.205967 -0.117752 0.476000 29 40 40
-0.205597 -0.118247 0.478000 84 95 95
-0.204788 -0.118495 0.479000 114 117 118
-0.165532 -0.117010 0.473000 120 126 126
-0.162741 -0.116763 0.472000 131 137 139
-0.161521 -0.116763 0.472000 127 133 135
-0.159961 -0.116515 0.471000 117 127 130
-0.158743 -0.116515 0.471000 103 113 116
-0.156307 -0.116515 0.471000 47 59 61
-0.155419 -0.116763 0.472000 42 54 56
-0.153872 -0.116515 0.471000 47 59 61
-0.150218 -0.116515 0.471000 64 76 78
-0.149317 -0.116763 0.472000 44 56 58
-0.145905 -0.119979 0.485000 36 46 51
-0.144651 -0.119979 0.485000 36 50 56
-0.143692 -0.120226 0.486000 38 52 58
-0.142436 -0.120226 0.486000 34 53 57
-0.141179 -0.120226 0.486000 35 54 58
-0.140210 -0.120474 0.487000 37 56 60
-0.138951 -0.120474 0.487000 33 52 56
-0.137692 -0.120474 0.487000 33 52 54
-0.136433 -0.120474 0.487000 33 52 54
-0.135173 -0.120474 0.487000 33 52 56
-0.133914 -0.120474 0.487000 33 52 56
-0.132383 -0.120226 0.486000 35 52 57
-0.131126 -0.120226 0.486000 35 52 57
-0.129869 -0.120226 0.486000 31 45 47
-0.128613 -0.120226 0.486000 31 45 47
-0.127094 -0.119979 0.485000 33 48 47
-0.125840 -0.119979 0.485000 33 48 47
-0.124586 -0.119979 0.485000 33 44 44
-0.123332 -0.119979 0.485000 34 45 45
-0.122078 -0.119979 0.485000 36 43 47
-0.120575 -0.119731 0.484000 38 45 49
-0.119077 -0.119484 0.483000 39 51 57
-0.117584 -0.119237 0.482000 44 56 62
-0.115613 -0.118495 0.479000 51 63 69
-0.114375 -0.118495 0.479000 74 86 92
-0.113136 -0.118495 0.479000 107 117 120
-0.111664 -0.118247 0.478000 123 133 136
-0.110428 -0.118247 0.478000 137 145 146
-0.108964 -0.118000 0.477000 148 156 157
-0.107730 -0.118000 0.477000 148 159 159
-0.106497 -0.118000 0.477000 148 159 159
-0.042273 -0.117752 0.476000 41 49 46
-0.039895 -0.118000 0.477000 30 41 39
-0.038743 -0.118247 0.478000 52 62 65
-0.037585 -0.118495 0.479000 27 37 40
-0.036347 -0.118495 0.479000 109 117 116
-0.035255 -0.118989 0.481000 139 147 146
-0.002931 -0.119484 0.483000 101 114 97
-0.001678 -0.119237 0.482000 85 106 82
-0.000430 -0.118742 0.480000 62 83 59
0.000809 -0.118495 0.479000 48 72 42
0.002048 -0.118495 0.479000 51 75 45
0.003280 -0.118247 0.478000 46 76 39
0.004516 -0.118247 0.478000 45 75 38
0.005739 -0.118000 0.477000 50 83 41
0.006958 -0.117752 0.476000 55 88 46
0.008155 -0.117258 0.474000 64 94 55
0.009360 -0.117010 0.473000 63 93 54
0.010583 -0.117010 0.473000 61 88 59
0.011707 -0.116021 0.469000 46 73 44
0.012726 -0.114289 0.462000 40 59 47
0.013891 -0.114042 0.461000 38 57 45
0.015083 -0.114042 0.461000 35 48 45
0.016275 -0.114042 0.461000 26 39 36
0.017467 -0.114042 0.461000 25 38 35
0.018659 -0.114042 0.461000 26 39 36
0.019851 -0.114042 0.461000 29 40 36
0.021043 -0.114042 0.461000 31 42 38
0.022235 -0.114042 0.461000 37 48 46
0.023427 -0.114042 0.461000 44 55 53
0.024672 -0.114289 0.462000 50 61 61
0.025867 -0.114289 0.462000 53 64 64
0.027061 -0.114289 0.462000 47 58 56
0.028256 -0.114289 0.462000 32 43 41
0.029451 -0.114289 0.462000 25 38 33
0.030712 -0.114536 0.463000 24 37 32
0.031909 -0.114536 0.463000 21 35 26
0.034377 -0.114784 0.464000 23 36 23
0.035577 -0.114784 0.464000 25 38 25
0.036777 -0.114784 0.464000 24 33 26
0.038058 -0.115031 0.465000 28 37 30
0.043052 -0.115526 0.467000 120 126 124
0.048805 -0.117752 0.476000 105 113 112
0.050246 -0.118247 0.478000 104 112 113
0.051590 -0.118495 0.479000 104 112 113
0.052938 -0.118742 0.480000 109 117 118
0.054292 -0.118989 0.481000 109 117 118
0.055652 -0.119237 0.482000 89 100 100
0.056898 -0.119237 0.482000 52 63 63
0.058144 -0.119237 0.482000 24 37 36
0.059514 -0.119484 0.483000 21 34 33
0.060762 -0.119484 0.483000 22 33 33
0.062140 -0.119731 0.484000 27 38 38
0.063522 -0.119979 0.485000 30 41 41
0.064776 -0.119979 0.485000 30 41 41
0.067423 -0.120226 0.486000 34 45 45
0.068962 -0.120721 0.488000 32 43 43
0.070368 -0.120968 0.489000 31 42 42
0.071925 -0.121463 0.491000 28 34 34
0.073344 -0.121710 0.492000 41 47 47
0.074616 -0.121710 0.492000 75 81 81
0.076043 -0.121958 0.493000 124 130 130
0.077474 -0.122205 0.494000 144 152 149
0.143484 -0.122947 0.497000 101 104 103
0.144769 -0.122947 0.497000 81 89 90
0.146054 -0.122947 0.497000 70 78 79
0.147043 -0.122700 0.496000 58 72 74
0.148325 -0.122700 0.496000 57 71 73
0.149306 -0.122453 0.495000 38 55 60
0.150586 -0.122453 0.495000 26 43 48
0.151866 -0.122453 0.495000 29 46 51
0.152836 -0.122205 0.494000 31 48 53
0.154114 -0.122205 0.494000 33 47 51
0.155391 -0.122205 0.494000 33 47 51
0.156668 -0.122205 0.494000 31 45 49
0.157946 -0.122205 0.494000 26 40 44
0.159223 -0.122205 0.494000 30 42 44
0.160825 -0.122453 0.495000 78 90 92
0.162105 -0.122453 0.495000 137 146 139
0.190510 -0.123442 0.499000 114 121 125
0.191416 -0.123195 0.498000 83 90 96
0.192704 -0.123195 0.498000 59 66 72
0.193992 -0.123195 0.498000 55 62 68
0.194887 -0.122947 0.497000 46 53 59
0.196172 -0.122947 0.497000 45 57 61
0.197457 -0.122947 0.497000 44 56 60
0.198742 -0.122947 0.497000 42 56 60
0.200430 -0.123195 0.498000 37 51 55
0.201718 -0.123195 0.498000 87 98 94
-0.245012 -0.111869 0.457000 57 70 65
-0.243830 -0.111869 0.457000 50 63 58
-0.242649 -0.111869 0.457000 36 49 48
-0.241996 -0.112114 0.458000 39 52 51
-0.241337 -0.112358 0.459000 45 57 61
-0.241197 -0.112848 0.461000 54 66 70
-0.240005 -0.112848 0.461000 49 61 65
-0.239849 -0.113338 0.463000 35 47 51
-0.240198 -0.114072 0.466000 31 45 51
-0.238809 -0.114562 0.468000 88 100 106
-0.239122 -0.115296 0.471000 144 156 162
-0.215676 -0.115786 0.473000 81 92 90
-0.214453 -0.115786 0.473000 53 64 62
-0.213230 -0.115786 0.473000 54 65 63
-0.211559 -0.115541 0.472000 57 70 69
-0.210339 -0.115541 0.472000 56 69 68
-0.209561 -0.115786 0.473000 48 63 62
-0.208338 -0.115786 0.473000 45 60 59
-0.207115 -0.115786 0.473000 41 56 55
-0.205892 -0.115786 0.473000 37 52 51
-0.205102 -0.116030 0.474000 30 41 41
-0.204737 -0.116520 0.476000 34 45 45
-0.203933 -0.116765 0.477000 106 112 114
-0.169754 -0.117009 0.478000 117 123 121
-0.168518 -0.117009 0.478000 118 124 122
-0.166932 -0.116765 0.477000 118 124 122
-0.165351 -0.116520 0.476000 122 128 126
-0.163431 -0.116030 0.474000 124 130 130
-0.160640 -0.115786 0.473000 128 136 137
-0.159417 -0.115786 0.473000 130 138 139
-0.158194 -0.115786 0.473000 137 145 144
-0.156971 -0.115786 0.473000 131 139 138
-0.155748 -0.115786 0.473000 114 125 123
-0.150856 -0.115786 0.473000 140 151 149
-0.150293 -0.117254 0.479000 130 138 137
-0.150299 -0.118233 0.483000 109 117 116
-0.148433 -0.117744 0.481000 93 99 101
-0.148413 -0.118723 0.485000 83 89 91
-0.147159 -0.118723 0.485000 69 79 82
-0.145905 -0.118723 0.485000 54 64 67
-0.144651 -0.118723 0.485000 41 55 61
-0.143692 -0.118968 0.486000 37 51 57
-0.142436 -0.118968 0.486000 28 49 55
-0.141179 -0.118968 0.486000 29 50 56
-0.140210 -0.119213 0.487000 26 47 53
-0.138666 -0.118968 0.486000 25 46 52
-0.137692 -0.119213 0.487000 25 46 52
-0.136433 -0.119213 0.487000 26 47 53
-0.134896 -0.118968 0.486000 26 47 53
-0.133639 -0.118968 0.486000 28 49 55
-0.132383 -0.118968 0.486000 32 50 57
-0.131126 -0.118968 0.486000 34 52 59
-0.129869 -0.118968 0.486000 37 56 58
-0.128613 -0.118968 0.486000 40 59 61
-0.127094 -0.118723 0.485000 56 68 70
-0.125840 -0.118723 0.485000 68 80 82
-0.124586 -0.118723 0.485000 86 94 95
-0.123332 -0.118723 0.485000 95 103 104
-0.122078 -0.118723 0.485000 100 106 108
-0.120575 -0.118478 0.484000 118 124 126
-0.119323 -0.118478 0.484000 133 140 144
-0.117828 -0.118233 0.483000 144 151 155
-0.116338 -0.117989 0.482000 147 155 156
-0.114852 -0.117744 0.481000 152 160 161
-0.113373 -0.117499 0.480000 147 155 154
-0.043413 -0.116275 0.475000 85 94 87
-0.042184 -0.116275 0.475000 41 50 43
-0.039895 -0.116765 0.477000 29 42 41
-0.038743 -0.117009 0.478000 52 64 66
-0.037585 -0.117254 0.479000 29 41 43
-0.036423 -0.117499 0.480000 125 133 132
-0.000430 -0.117499 0.480000 103 118 102
0.000809 -0.117254 0.479000 97 115 94
0.002044 -0.117009 0.478000 85 103 82
0.003273 -0.116765 0.477000 66 89 64
0.004497 -0.116520 0.476000 56 79 54
0.005703 -0.116030 0.474000 44 73 41
0.006914 -0.115786 0.473000 48 77 45
0.008086 -0.115051 0.470000 44 70 44
0.009261 -0.114562 0.468000 44 70 44
0.011582 -0.113582 0.464000 36 56 41
0.012726 -0.113093 0.462000 29 44 43
0.013891 -0.112848 0.461000 23 38 37
0.015050 -0.112603 0.460000 26 41 40
0.016240 -0.112603 0.460000 27 42 41
0.017429 -0.112603 0.460000 24 39 36
0.018618 -0.112603 0.460000 27 42 39
0.019851 -0.112848 0.461000 34 49 46
0.021043 -0.112848 0.461000 41 56 53
0.022235 -0.112848 0.461000 51 64 61
0.023427 -0.112848 0.461000 44 57 54
0.024619 -0.112848 0.461000 36 49 48
0.025811 -0.112848 0.461000 30 43 42
0.027061 -0.113093 0.462000 24 37 34
0.028256 -0.113093 0.462000 22 35 32
0.029451 -0.113093 0.462000 23 36 31
0.030645 -0.113093 0.462000 23 36 31
0.031909 -0.113338 0.463000 23 37 28
0.033106 -0.113338 0.463000 21 35 26
0.035577 -0.113582 0.464000 23 35 25
0.036777 -0.113582 0.464000 44 51 45
0.050351 -0.117254 0.479000 105 113 112
0.052128 -0.118478 0.484000 103 111 110
0.053269 -0.118233 0.483000 101 112 110
0.054631 -0.118478 0.484000 101 112 110
0.057134 -0.118478 0.484000 111 122 120
0.058385 -0.118478 0.484000 101 114 113
0.059637 -0.118478 0.484000 75 88 87
0.060888 -0.118478 0.484000 37 48 48
0.062268 -0.118723 0.485000 19 30 30
0.063522 -0.118723 0.485000 20 30 33
0.064776 -0.118723 0.485000 27 37 40
0.067423 -0.118968 0.486000 30 42 44
0.068821 -0.119213 0.487000 30 43 42
0.070224 -0.119457 0.488000 32 45 44
0.071632 -0.119702 0.489000 33 44 44
0.073195 -0.120192 0.491000 29 40 40
0.074616 -0.120437 0.492000 27 38 38
0.075888 -0.120437 0.492000 34 45 45
0.077161 -0.120437 0.492000 72 82 85
0.078592 -0.120681 0.493000 112 122 125
0.146054 -0.121661 0.497000 90 96 96
0.147043 -0.121416 0.496000 74 86 88
0.148325 -0.121416 0.496000 73 85 87
0.149306 -0.121171 0.495000 73 85 91
0.150586 -0.121171 0.495000 63 75 81
0.151559 -0.120926 0.494000 40 52 58
0.152527 -0.120681 0.493000 31 43 49
0.153802 -0.120681 0.493000 35 47 53
0.155077 -0.120681 0.493000 36 48 54
0.156351 -0.120681 0.493000 35 47 51
0.157626 -0.120681 0.493000 33 45 49
0.158901 -0.120681 0.493000 31 43 45
0.160175 -0.120681 0.493000 30 42 44
0.161450 -0.120681 0.493000 60 68 65
0.190510 -0.122150 0.499000 121 126 131
0.191416 -0.121905 0.498000 94 99 106
0.192704 -0.121905 0.498000 65 70 77
0.193992 -0.121905 0.498000 66 73 79
0.194887 -0.121661 0.497000 48 55 61
0.196172 -0.121661 0.497000 45 57 61
0.197457 -0.121661 0.497000 45 57 61
0.198742 -0.121661 0.497000 42 56 60
0.200028 -0.121661 0.497000 34 48 52
0.201718 -0.121905 0.498000 58 69 67
-0.245655 -0.110443 0.456000 68 76 73
-0.244476 -0.110443 0.456000 59 74 71
-0.243297 -0.110443 0.456000 38 53 50
-0.242649 -0.110686 0.457000 38 53 52
-0.241337 -0.111170 0.459000 51 63 65
-0.241197 -0.111654 0.461000 52 64 66
-0.240005 -0.111654 0.461000 42 54 58
-0.239849 -0.112139 0.463000 33 45 49
-0.240713 -0.113108 0.467000 27 40 49
-0.238809 -0.113350 0.468000 128 135 141
-0.214453 -0.114561 0.473000 70 78 77
-0.212780 -0.114319 0.472000 54 62 61
-0.211559 -0.114319 0.472000 55 66 64
-0.210339 -0.114319 0.472000 61 72 70
-0.209118 -0.114319 0.472000 52 67 64
-0.207898 -0.114319 0.472000 47 62 59
-0.206677 -0.114319 0.472000 39 57 55
-0.205892 -0.114561 0.473000 39 57 55
-0.204669 -0.114561 0.473000 36 51 50
-0.203876 -0.114803 0.474000 30 45 44
-0.203506 -0.115287 0.476000 59 67 68
-0.202700 -0.115530 0.477000 111 119 120
-0.138666 -0.117709 0.486000 131 143 147
-0.137409 -0.117709 0.486000 129 141 145
-0.136153 -0.117709 0.486000 125 137 141
-0.134896 -0.117709 0.486000 132 146 150
-0.133639 -0.117709 0.486000 133 147 151
-0.132383 -0.117709 0.486000 135 149 153
-0.131126 -0.117709 0.486000 137 151 155
-0.129602 -0.117467 0.485000 140 154 156
-0.043321 -0.114803 0.474000 78 85 79
-0.042184 -0.115045 0.475000 34 41 35
-0.041042 -0.115287 0.476000 25 35 38
-0.038743 -0.115772 0.478000 40 51 51
-0.037585 -0.116014 0.479000 41 52 52
-0.036423 -0.116256 0.480000 139 145 145
-0.000430 -0.116256 0.480000 96 109 96
0.000808 -0.115772 0.478000 102 117 101
0.002035 -0.115287 0.476000 109 124 108
0.003245 -0.114561 0.473000 107 124 108
0.004468 -0.114561 0.473000 88 105 89
0.005655 -0.113834 0.470000 53 73 56
0.006841 -0.113350 0.468000 41 61 44
0.008034 -0.113108 0.467000 39 59 42
0.011507 -0.111654 0.461000 27 46 36
0.012699 -0.111654 0.461000 26 44 42
0.013861 -0.111412 0.460000 24 42 40
0.015017 -0.111170 0.459000 26 44 42
0.016204 -0.111170 0.459000 31 49 47
0.017391 -0.111170 0.459000 38 56 52
0.018618 -0.111412 0.460000 48 66 62
0.019808 -0.111412 0.460000 47 62 57
0.020997 -0.111412 0.460000 43 58 53
0.022235 -0.111654 0.461000 31 46 43
0.023427 -0.111654 0.461000 28 43 40
0.024619 -0.111654 0.461000 23 38 37
0.025811 -0.111654 0.461000 24 39 38
0.027003 -0.111654 0.461000 24 37 34
0.028256 -0.111897 0.462000 23 36 33
0.029451 -0.111897 0.462000 25 38 33
0.030645 -0.111897 0.462000 24 37 32
0.031909 -0.112139 0.463000 24 37 32
0.033106 -0.112139 0.463000 23 36 31
0.035577 -0.112381 0.464000 81 93 83
0.036777 -0.112381 0.464000 119 126 118
0.050877 -0.117225 0.484000 106 115 108
0.053490 -0.117467 0.485000 100 111 107
0.054744 -0.117467 0.485000 100 111 107
0.055998 -0.117467 0.485000 100 115 112
0.057252 -0.117467 0.485000 100 115 112
0.058506 -0.117467 0.485000 106 121 118
0.059760 -0.117467 0.485000 108 123 120
0.061014 -0.117467 0.485000 109 122 119
0.062268 -0.117467 0.485000 96 109 106
0.063522 -0.117467 0.485000 60 73 72
0.064776 -0.117467 0.485000 31 44 43
0.067423 -0.117709 0.486000 24 38 40
0.070080 -0.117952 0.487000 26 40 42
0.071486 -0.118194 0.488000 27 42 41
0.072897 -0.118436 0.489000 29 44 43
0.074313 -0.118678 0.490000 33 46 45
0.075734 -0.118920 0.491000 29 42 41
0.077161 -0.119163 0.492000 22 34 36
0.078433 -0.119163 0.492000 26 38 40
0.079867 -0.119405 0.493000 52 65 62
0.081306 -0.119647 0.494000 97 110 107
0.148325 -0.120131 0.496000 76 86 89
0.149306 -0.119889 0.495000 76 88 92
0.150586 -0.119889 0.495000 83 95 99
0.151559 -0.119647 0.494000 86 98 102
0.152527 -0.119405 0.493000 54 66 70
0.153802 -0.119405 0.493000 31 41 46
0.154762 -0.119163 0.492000 32 42 47
0.156034 -0.119163 0.492000 34 48 54
0.157306 -0.119163 0.492000 34 48 54
0.158578 -0.119163 0.492000 34 48 50
0.159851 -0.119163 0.492000 33 47 49
0.161123 -0.119163 0.492000 26 37 37
0.162395 -0.119163 0.492000 38 49 49
0.163667 -0.119163 0.492000 84 95 93
0.190510 -0.120858 0.499000 131 137 137
0.191416 -0.120616 0.498000 107 112 119
0.192704 -0.120616 0.498000 80 85 92
0.193602 -0.120374 0.497000 64 71 79
0.194495 -0.120131 0.496000 55 62 70
0.195778 -0.120131 0.496000 45 57 61
0.197060 -0.120131 0.496000 46 58 62
0.200028 -0.120374 0.497000 38 52 56
0.201313 -0.120374 0.497000 45 56 56
0.202598 -0.120374 0.497000 103 114 114
-0.245655 -0.109263 0.456000 68 76 73
-0.244476 -0.109263 0.456000 43 61 59
-0.243297 -0.109263 0.456000 31 49 47
-0.242649 -0.109502 0.457000 35 53 51
-0.240811 -0.109742 0.458000 51 65 67
-0.241197 -0.110461 0.461000 42 56 58
-0.240525 -0.110700 0.462000 36 50 56
-0.240367 -0.111180 0.464000 26 40 46
-0.240713 -0.111898 0.467000 30 42 48
-0.239319 -0.112378 0.469000 153 160 164
-0.214453 -0.113336 0.473000 86 94 91
-0.212780 -0.113097 0.472000 50 58 55
-0.211111 -0.112857 0.471000 54 65 63
-0.209893 -0.112857 0.471000 60 71 69
-0.208675 -0.112857 0.471000 57 72 69
-0.207457 -0.112857 0.471000 49 64 61
-0.206239 -0.112857 0.471000 43 58 57
-0.205457 -0.113097 0.472000 42 57 56
-0.204236 -0.113097 0.472000 41 56 55
-0.203446 -0.113336 0.473000 36 51 50
-0.202223 -0.113336 0.473000 26 39 38
-0.201850 -0.113815 0.475000 64 77 76
-0.201467 -0.114295 0.477000 112 123 121
-0.043321 -0.113576 0.474000 64 73 66
-0.042096 -0.113576 0.474000 28 37 30
-0.041042 -0.114055 0.476000 31 42 42
-0.038743 -0.114534 0.478000 40 48 49
-0.037585 -0.114774 0.479000 66 74 75
-0.036423 -0.115013 0.480000 149 152 151
-0.001682 -0.115732 0.483000 96 111 97
-0.000430 -0.115013 0.480000 94 109 95
0.000806 -0.114295 0.477000 83 97 88
0.002009 -0.112617 0.470000 72 86 77
0.004412 -0.111898 0.467000 43 56 51
0.005607 -0.111659 0.466000 37 51 42
0.006783 -0.111180 0.464000 33 47 38
0.007965 -0.110940 0.463000 29 45 36
0.009123 -0.110461 0.461000 27 43 34
0.010315 -0.110461 0.461000 26 44 38
0.011482 -0.110221 0.460000 28 46 40
0.012644 -0.109982 0.459000 31 49 43
0.013831 -0.109982 0.459000 31 49 43
0.015017 -0.109982 0.459000 32 50 44
0.016169 -0.109742 0.458000 39 57 51
0.017353 -0.109742 0.458000 46 64 58
0.018578 -0.109982 0.459000 39 57 51
0.019765 -0.109982 0.459000 31 47 38
0.020952 -0.109982 0.459000 24 40 31
0.022187 -0.110221 0.460000 23 38 35
0.023376 -0.110221 0.460000 22 37 34
0.024619 -0.110461 0.461000 24 37 34
0.025811 -0.110461 0.461000 28 41 38
0.027003 -0.110461 0.461000 26 39 34
0.028256 -0.110700 0.462000 25 38 33
0.029451 -0.110700 0.462000 28 41 36
0.030645 -0.110700 0.462000 23 36 31
0.031909 -0.110940 0.463000 29 41 33
0.053600 -0.116451 0.486000 106 119 116
0.054857 -0.116451 0.486000 104 117 114
0.056113 -0.116451 0.486000 100 118 114
0.057370 -0.116451 0.486000 99 117 113
0.058506 -0.116211 0.485000 98 116 112
0.059760 -0.116211 0.485000 96 114 110
0.061014 -0.116211 0.485000 98 116 114
0.062268 -0.116211 0.485000 99 117 115
0.063522 -0.116211 0.485000 104 119 118
0.064776 -0.116211 0.485000 88 103 102
0.066030 -0.116211 0.485000 63 77 79
0.067423 -0.116451 0.486000 24 38 40
0.068680 -0.116451 0.486000 21 35 37
0.071340 -0.116691 0.487000 24 39 38
0.072748 -0.116930 0.488000 24 39 38
0.074161 -0.117170 0.489000 27 42 41
0.075580 -0.117410 0.490000 27 42 41
0.077004 -0.117649 0.491000 29 44 43
0.078433 -0.117889 0.492000 31 46 45
0.079705 -0.117889 0.492000 31 44 41
0.081142 -0.118128 0.493000 29 42 39
0.082584 -0.118368 0.494000 57 68 64
0.084031 -0.118608 0.495000 98 109 105
0.149306 -0.118608 0.495000 85 97 101
0.150282 -0.118368 0.494000 85 97 101
0.151559 -0.118368 0.494000 92 104 108
0.152527 -0.118128 0.493000 101 113 117
0.153490 -0.117889 0.492000 77 87 90
0.154762 -0.117889 0.492000 45 55 58
0.156034 -0.117889 0.492000 32 42 47
0.157306 -0.117889 0.492000 37 47 52
0.158256 -0.117649 0.491000 36 48 52
0.159526 -0.117649 0.491000 38 50 54
0.160795 -0.117649 0.491000 38 50 52
0.162065 -0.117649 0.491000 32 44 46
0.163334 -0.117649 0.491000 29 42 41
0.164939 -0.117889 0.492000 63 76 75
0.166211 -0.117889 0.492000 125 136 134
0.191416 -0.119326 0.498000 120 122 128
0.192704 -0.119326 0.498000 86 88 94
0.193602 -0.119087 0.497000 68 73 82
0.194495 -0.118847 0.496000 64 69 78
0.195383 -0.118608 0.495000 49 61 67
0.196663 -0.118608 0.495000 47 59 65
0.197943 -0.118608 0.495000 45 59 63
0.199625 -0.118847 0.496000 38 52 56
0.202598 -0.119087 0.497000 72 82 85
-0.246293 -0.107845 0.455000 72 83 81
-0.245116 -0.107845 0.455000 68 79 77
-0.243940 -0.107845 0.455000 35 53 51
-0.243297 -0.108082 0.456000 32 50 48
-0.242649 -0.108319 0.457000 40 59 59
-0.240811 -0.108556 0.458000 49 63 65
-0.241197 -0.109267 0.461000 43 57 59
-0.240525 -0.109504 0.462000 37 50 59
-0.240885 -0.110215 0.465000 28 41 50
-0.240713 -0.110689 0.467000 52 62 67
-0.212780 -0.111874 0.472000 69 77 74
-0.210663 -0.111400 0.470000 54 62 61
-0.209447 -0.111400 0.470000 56 64 63
-0.208232 -0.111400 0.470000 63 76 73
-0.207017 -0.111400 0.470000 59 72 69
-0.205802 -0.111400 0.470000 48 63 60
-0.204586 -0.111400 0.470000 45 60 57
-0.203016 -0.111874 0.472000 41 56 55
-0.202223 -0.112111 0.473000 28 43 42
-0.201000 -0.112111 0.473000 24 39 38
-0.200199 -0.112348 0.474000 82 95 92
-0.043321 -0.112348 0.474000 50 59 52
-0.042096 -0.112348 0.474000 33 42 35
-0.041042 -0.112823 0.476000 32 43 43
-0.038662 -0.113060 0.477000 35 43 42
-0.037585 -0.113534 0.479000 79 87 86
-0.036423 -0.113771 0.480000 149 153 148
-0.004197 -0.114956 0.485000 97 111 102
-0.002943 -0.114956 0.485000 90 104 95
-0.001685 -0.114719 0.484000 78 92 83
-0.000433 -0.114482 0.483000 63 77 68
0.003190 -0.110215 0.465000 37 50 49
0.004383 -0.109978 0.464000 31 44 43
0.005547 -0.109267 0.461000 32 45 42
0.006739 -0.109267 0.461000 31 44 41
0.007931 -0.109267 0.461000 29 44 41
0.009103 -0.109030 0.460000 28 43 40
0.010270 -0.108793 0.459000 29 47 43
0.011432 -0.108556 0.458000 36 54 50
0.012616 -0.108556 0.458000 41 59 53
0.013770 -0.108319 0.457000 47 65 59
0.014985 -0.108556 0.458000 44 59 54
0.016134 -0.108319 0.457000 41 56 51
0.017315 -0.108319 0.457000 30 46 37
0.018497 -0.108319 0.457000 22 38 29
0.019679 -0.108319 0.457000 23 36 31
0.020906 -0.108556 0.458000 24 37 32
0.022090 -0.108556 0.458000 24 37 32
0.023376 -0.109030 0.460000 23 36 31
0.024565 -0.109030 0.460000 26 39 34
0.025811 -0.109267 0.461000 29 42 37
0.027003 -0.109267 0.461000 30 43 38
0.028195 -0.109267 0.461000 30 43 38
0.029451 -0.109504 0.462000 21 37 26
0.030645 -0.109504 0.462000 42 58 47
0.053931 -0.115904 0.489000 53 64 62
0.055082 -0.115667 0.488000 46 57 55
0.057488 -0.115430 0.487000 31 44 41
0.058747 -0.115430 0.487000 30 45 42
0.059883 -0.115193 0.486000 34 49 46
0.061140 -0.115193 0.486000 31 49 47
0.062268 -0.114956 0.485000 31 49 47
0.063522 -0.114956 0.485000 38 53 52
0.064776 -0.114956 0.485000 43 58 57
0.066030 -0.114956 0.485000 48 62 64
0.067284 -0.114956 0.485000 44 58 60
0.068680 -0.115193 0.486000 35 49 51
0.069936 -0.115193 0.486000 33 47 49
0.072599 -0.115430 0.487000 35 50 49
0.074010 -0.115667 0.488000 30 45 44
0.075426 -0.115904 0.489000 31 46 45
0.076847 -0.116141 0.490000 33 48 45
0.078273 -0.116378 0.491000 33 48 45
0.079705 -0.116615 0.492000 38 51 46
0.081142 -0.116852 0.493000 38 51 46
0.082584 -0.117089 0.494000 27 38 34
0.083861 -0.117089 0.494000 31 42 38
0.085138 -0.117089 0.494000 56 64 61
0.150282 -0.117089 0.494000 87 99 103
0.151559 -0.117089 0.494000 90 102 104
0.152527 -0.116852 0.493000 97 109 111
0.153490 -0.116615 0.492000 110 121 121
0.154762 -0.116615 0.492000 109 120 120
0.156034 -0.116615 0.492000 66 76 79
0.156987 -0.116378 0.491000 33 43 46
0.157934 -0.116141 0.490000 28 40 46
0.159201 -0.116141 0.490000 38 50 56
0.160140 -0.115904 0.489000 40 52 56
0.161405 -0.115904 0.489000 38 50 54
0.162669 -0.115904 0.489000 31 45 49
0.163933 -0.115904 0.489000 28 42 46
0.165536 -0.116141 0.490000 51 64 63
0.167143 -0.116378 0.491000 100 113 112
0.168756 -0.116615 0.492000 155 162 156
0.191416 -0.118037 0.498000 124 127 130
0.192704 -0.118037 0.498000 96 99 102
0.193213 -0.117563 0.496000 74 81 87
0.194103 -0.117326 0.495000 66 73 79
0.195383 -0.117326 0.495000 51 63 69
0.196663 -0.117326 0.495000 46 58 64
0.197943 -0.117326 0.495000 47 61 65
0.199223 -0.117326 0.495000 47 61 65
0.200503 -0.117326 0.495000 42 54 56
0.202190 -0.117563 0.496000 49 61 63
-0.246293 -0.106667 0.455000 69 77 74
-0.245116 -0.106667 0.455000 60 68 65
-0.243940 -0.106667 0.455000 31 49 47
-0.243297 -0.106901 0.456000 35 53 51
-0.242118 -0.106901 0.456000 41 58 59
-0.240811 -0.107370 0.458000 48 62 66
-0.241197 -0.108074 0.461000 41 55 59
-0.240525 -0.108308 0.462000 37 51 57
-0.241403 -0.109246 0.466000 28 42 48
-0.240019 -0.109715 0.468000 157 164 168
-0.212329 -0.110418 0.471000 97 105 102
-0.210663 -0.110183 0.470000 57 65 62
-0.209002 -0.109949 0.469000 50 58 55
-0.207346 -0.109715 0.468000 60 71 67
-0.206136 -0.109715 0.468000 65 76 72
-0.204926 -0.109715 0.468000 56 69 66
-0.204151 -0.109949 0.469000 49 62 59
-0.203371 -0.110183 0.470000 46 59 56
-0.201368 -0.110418 0.471000 42 55 52
-0.200575 -0.110652 0.472000 28 41 38
-0.199777 -0.110887 0.473000 31 44 41
-0.198974 -0.111121 0.474000 94 107 104
-0.198583 -0.111590 0.476000 111 125 116
-0.044547 -0.111121 0.474000 103 110 104
-0.043321 -0.111121 0.474000 45 54 47
-0.042096 -0.111121 0.474000 34 43 36
-0.040956 -0.111356 0.475000 26 37 37
-0.038662 -0.111824 0.477000 29 40 38
-0.037585 -0.112293 0.479000 96 107 105
-0.036423 -0.112528 0.480000 145 149 144
-0.009251 -0.114169 0.487000 109 121 113
-0.007992 -0.114169 0.487000 111 123 115
-0.006732 -0.114169 0.487000 105 116 112
-0.005462 -0.113934 0.486000 95 106 102
0.003163 -0.108074 0.461000 32 45 42
0.004355 -0.108074 0.461000 31 44 41
0.005535 -0.107839 0.460000 29 42 39
0.006710 -0.107605 0.459000 29 42 39
0.007897 -0.107605 0.459000 31 46 43
0.009064 -0.107370 0.458000 38 53 50
0.010248 -0.107370 0.458000 40 58 54
0.011407 -0.107136 0.457000 43 61 57
0.012589 -0.107136 0.457000 45 60 57
0.013740 -0.106901 0.456000 34 49 46
0.014952 -0.107136 0.457000 24 35 31
0.016134 -0.107136 0.457000 24 35 31
0.017277 -0.106901 0.456000 23 36 31
0.018497 -0.107136 0.457000 23 36 31
0.019679 -0.107136 0.457000 23 36 31
0.020860 -0.107136 0.457000 25 38 33
0.022090 -0.107370 0.458000 29 42 39
0.023325 -0.107605 0.459000 30 43 40
0.024512 -0.107605 0.459000 30 43 38
0.025755 -0.107839 0.460000 30 43 38
0.027003 -0.108074 0.461000 26 45 33
0.028195 -0.108074 0.461000 25 44 32
0.055421 -0.115107 0.491000 33 46 41
0.056575 -0.114872 0.490000 33 46 41
0.057724 -0.114638 0.489000 35 48 43
0.058868 -0.114403 0.488000 35 49 40
0.060006 -0.114169 0.487000 36 50 41
0.061266 -0.114169 0.487000 31 47 38
0.062397 -0.113934 0.486000 27 43 34
0.063653 -0.113934 0.486000 29 44 39
0.064910 -0.113934 0.486000 33 48 43
0.066030 -0.113700 0.485000 30 45 42
0.067284 -0.113700 0.485000 33 48 45
0.068680 -0.113934 0.486000 32 50 48
0.069936 -0.113934 0.486000 33 51 49
0.071193 -0.113934 0.486000 35 53 51
0.073858 -0.114169 0.487000 34 52 50
0.075271 -0.114403 0.488000 36 54 52
0.076690 -0.114638 0.489000 35 53 49
0.078114 -0.114872 0.490000 35 53 49
0.079543 -0.115107 0.491000 40 55 52
0.080977 -0.115341 0.492000 38 53 50
0.082416 -0.115575 0.493000 43 56 53
0.083691 -0.115575 0.493000 39 52 49
0.085138 -0.115810 0.494000 37 48 46
0.086590 -0.116044 0.495000 39 50 48
0.087870 -0.116044 0.495000 55 63 60
0.089150 -0.116044 0.495000 91 99 96
0.090430 -0.116044 0.495000 115 119 112
0.091710 -0.116044 0.495000 131 135 128
0.093178 -0.116279 0.496000 142 149 143
0.094460 -0.116279 0.496000 148 155 149
0.151559 -0.115810 0.494000 93 103 106
0.152527 -0.115575 0.493000 94 104 107
0.153490 -0.115341 0.492000 104 114 117
0.154762 -0.115341 0.492000 122 132 135
0.156034 -0.115341 0.492000 124 134 139
0.156987 -0.115107 0.491000 89 99 104
0.157934 -0.114872 0.490000 46 58 64
0.158876 -0.114638 0.489000 31 43 49
0.159813 -0.114403 0.488000 37 50 59
0.160745 -0.114169 0.487000 37 50 59
0.161671 -0.113934 0.486000 36 50 56
0.162928 -0.113934 0.486000 36 50 56
0.164522 -0.114169 0.487000 29 41 45
0.166122 -0.114403 0.488000 36 48 52
0.167727 -0.114638 0.489000 96 102 100
0.169682 -0.115107 0.491000 147 153 151
0.192317 -0.116513 0.497000 108 111 112
0.193213 -0.116279 0.496000 81 88 92
0.194103 -0.116044 0.495000 71 78 82
0.194988 -0.115810 0.494000 57 69 73
0.196265 -0.115810 0.494000 46 58 62
0.197543 -0.115810 0.494000 45 59 63
0.198820 -0.115810 0.494000 47 61 65
0.200503 -0.116044 0.495000 43 57 61
0.201782 -0.116044 0.495000 42 56 60
-0.245752 -0.105257 0.454000 66 77 75
-0.244578 -0.105257 0.454000 46 57 55
-0.243404 -0.105257 0.454000 35 53 51
-0.242763 -0.105489 0.455000 39 57 55
-0.242118 -0.105721 0.456000 46 63 64
-0.240811 -0.106184 0.458000 40 57 60
-0.241197 -0.106880 0.461000 33 50 53
-0.241046 -0.107344 0.463000 29 43 49
-0.241403 -0.108039 0.466000 37 51 57
-0.210214 -0.108735 0.469000 84 92 89
-0.208556 -0.108503 0.468000 54 62 59
-0.207346 -0.108503 0.468000 57 68 64
-0.206136 -0.108503 0.468000 60 71 67
-0.204926 -0.108503 0.468000 59 72 67
-0.203716 -0.108503 0.468000 54 67 62
-0.202506 -0.108503 0.468000 47 60 57
-0.201726 -0.108735 0.469000 45 58 55
-0.200941 -0.108966 0.470000 45 56 54
-0.200150 -0.109198 0.471000 41 52 50
-0.198554 -0.109662 0.473000 34 45 45
-0.197331 -0.109662 0.473000 96 109 104
-0.196937 -0.110126 0.475000 113 126 121
-0.044547 -0.109894 0.474000 97 104 98
-0.043230 -0.109662 0.473000 39 50 46
-0.042007 -0.109662 0.473000 25 36 32
-0.040956 -0.110126 0.475000 31 44 43
-0.038662 -0.110589 0.477000 29 42 39
-0.037507 -0.110821 0.478000 127 140 137
-0.036347 -0.111053 0.479000 136 142 140
-0.011769 -0.112908 0.487000 117 129 121
-0.010510 -0.112908 0.487000 116 128 120
-0.009251 -0.112908 0.487000 107 118 114
-0.007992 -0.112908 0.487000 64 75 71
-0.002767 -0.105721 0.456000 34 45 45
-0.001588 -0.105721 0.456000 29 42 41
-0.000409 -0.105953 0.457000 31 44 43
0.000774 -0.106184 0.458000 30 43 38
0.001967 -0.106648 0.460000 30 43 38
0.004327 -0.106184 0.458000 30 43 38
0.005511 -0.106184 0.458000 39 52 47
0.006680 -0.105953 0.457000 45 58 53
0.007862 -0.105953 0.457000 40 56 47
0.009044 -0.105953 0.457000 37 53 44
0.010203 -0.105721 0.456000 35 50 45
0.011382 -0.105721 0.456000 29 44 39
0.012561 -0.105721 0.456000 30 41 39
0.013740 -0.105721 0.456000 26 37 35
0.014919 -0.105721 0.456000 24 35 33
0.016098 -0.105721 0.456000 25 36 34
0.017277 -0.105721 0.456000 25 38 35
0.018457 -0.105721 0.456000 26 39 36
0.019636 -0.105721 0.456000 29 42 39
0.020860 -0.105953 0.457000 32 45 42
0.022042 -0.105953 0.457000 33 46 43
0.023274 -0.106184 0.458000 32 45 42
0.025755 -0.106648 0.460000 28 46 40
0.027003 -0.106880 0.461000 32 57 38
0.028195 -0.106880 0.461000 42 67 48
0.055421 -0.113835 0.491000 49 64 59
0.056575 -0.113603 0.490000 45 60 57
0.057842 -0.113603 0.490000 48 63 60
0.058989 -0.113372 0.489000 43 61 55
0.060130 -0.113140 0.488000 47 65 59
0.061266 -0.112908 0.487000 53 72 62
0.062525 -0.112908 0.487000 55 74 64
0.063653 -0.112676 0.486000 54 72 66
0.064910 -0.112676 0.486000 48 66 60
0.066166 -0.112676 0.486000 54 72 68
0.067423 -0.112676 0.486000 55 73 69
0.068680 -0.112676 0.486000 50 68 64
0.069936 -0.112676 0.486000 50 68 64
0.071193 -0.112676 0.486000 50 68 64
0.072450 -0.112676 0.486000 48 66 62
0.075117 -0.112908 0.487000 47 65 61
0.076690 -0.113372 0.489000 47 65 61
0.078114 -0.113603 0.490000 47 65 61
0.079543 -0.113835 0.491000 47 65 61
0.080977 -0.114067 0.492000 47 65 61
0.082249 -0.114067 0.492000 47 65 61
0.083691 -0.114299 0.493000 45 63 59
0.097025 -0.114994 0.496000 75 86 84
0.098308 -0.114994 0.496000 89 101 93
0.099590 -0.114994 0.496000 112 124 116
0.101076 -0.115226 0.497000 140 147 141
0.102361 -0.115226 0.497000 153 160 154
0.103646 -0.115226 0.497000 154 163 156
0.104931 -0.115226 0.497000 153 162 155
0.152527 -0.114299 0.493000 95 105 108
0.153490 -0.114067 0.492000 98 108 111
0.154762 -0.114067 0.492000 108 118 121
0.156034 -0.114067 0.492000 124 136 138
0.156987 -0.113835 0.491000 136 148 150
0.157611 -0.113372 0.489000 118 130 132
0.158551 -0.113140 0.488000 72 84 86
0.159485 -0.112908 0.487000 34 48 54
0.160414 -0.112676 0.486000 35 49 55
0.161338 -0.112444 0.485000 38 51 60
0.162593 -0.112444 0.485000 35 48 57
0.163847 -0.112444 0.485000 34 48 54
0.165101 -0.112444 0.485000 28 42 48
0.166698 -0.112676 0.486000 36 44 45
0.168300 -0.112908 0.487000 63 71 72
0.170255 -0.113372 0.489000 131 134 133
0.191930 -0.114994 0.496000 119 125 125
0.192823 -0.114763 0.495000 87 97 100
0.194103 -0.114763 0.495000 68 78 81
0.194988 -0.114531 0.494000 63 75 79
0.195868 -0.114299 0.493000 49 61 65
0.197143 -0.114299 0.493000 47 61 65
0.198418 -0.114299 0.493000 47 61 65
0.200097 -0.114531 0.494000 42 59 62
0.201375 -0.114531 0.494000 40 57 60
0.203062 -0.114763 0.495000 71 79 76
-0.246382 -0.103852 0.453000 71 74 73
-0.245752 -0.104081 0.454000 67 78 78
-0.244578 -0.104081 0.454000 38 49 49
-0.243404 -0.104081 0.454000 37 51 53
-0.242763 -0.104311 0.455000 42 56 58
-0.242118 -0.104540 0.456000 50 64 66
-0.240811 -0.104999 0.458000 39 56 59
-0.241197 -0.105686 0.461000 27 44 47
-0.241046 -0.106145 0.463000 29 41 47
-0.240713 -0.107062 0.467000 166 166 170
-0.209766 -0.107291 0.468000 104 115 111
-0.208556 -0.107291 0.468000 65 76 72
-0.206903 -0.107062 0.467000 58 69 67
-0.205695 -0.107062 0.467000 57 68 66
-0.204488 -0.107062 0.467000 56 71 68
-0.203280 -0.107062 0.467000 56 71 68
-0.202073 -0.107062 0.467000 49 64 61
-0.201296 -0.107291 0.468000 48 63 60
-0.200085 -0.107291 0.468000 47 58 56
-0.199300 -0.107520 0.469000 47 58 56
-0.198932 -0.107979 0.471000 44 55 53
-0.196914 -0.108208 0.472000 36 49 48
-0.196108 -0.108437 0.473000 92 105 104
-0.195297 -0.108667 0.474000 116 130 121
-0.044453 -0.108437 0.473000 89 96 88
-0.043230 -0.108437 0.473000 31 42 38
-0.042007 -0.108437 0.473000 24 35 31
-0.040870 -0.108667 0.474000 35 50 49
-0.039812 -0.109125 0.476000 49 64 63
-0.037507 -0.109584 0.478000 138 151 146
-0.036347 -0.109813 0.479000 137 145 142
-0.014288 -0.111647 0.487000 124 136 128
-0.013029 -0.111647 0.487000 108 120 112
-0.011769 -0.111647 0.487000 88 99 95
-0.010510 -0.111647 0.487000 54 65 61
-0.005114 -0.104311 0.455000 37 48 48
-0.003937 -0.104311 0.455000 31 43 45
-0.002767 -0.104540 0.456000 31 43 45
-0.001588 -0.104540 0.456000 31 44 43
-0.000409 -0.104540 0.456000 31 44 43
0.000770 -0.104540 0.456000 33 46 41
0.001954 -0.104769 0.457000 38 51 46
0.003135 -0.104769 0.457000 39 52 47
0.004317 -0.104769 0.457000 46 59 54
0.005499 -0.104769 0.457000 44 58 47
0.006666 -0.104540 0.456000 39 53 42
0.007845 -0.104540 0.456000 35 49 38
0.009024 -0.104540 0.456000 30 44 33
0.010203 -0.104540 0.456000 28 42 33
0.011382 -0.104540 0.456000 25 39 30
0.012561 -0.104540 0.456000 24 37 32
0.013740 -0.104540 0.456000 25 38 33
0.014919 -0.104540 0.456000 26 39 34
0.016098 -0.104540 0.456000 28 41 36
0.017277 -0.104540 0.456000 29 42 37
0.018457 -0.104540 0.456000 30 43 38
0.019636 -0.104540 0.456000 29 44 41
0.020815 -0.104540 0.456000 29 44 41
0.022042 -0.104769 0.457000 21 39 35
0.023274 -0.104999 0.458000 20 38 34
0.025755 -0.105457 0.460000 44 65 52
0.027003 -0.105686 0.461000 46 71 52
0.028195 -0.105686 0.461000 47 72 53
0.061266 -0.111647 0.487000 52 72 65
0.062525 -0.111647 0.487000 53 73 66
0.063653 -0.111418 0.486000 49 69 62
0.064910 -0.111418 0.486000 53 73 66
0.066166 -0.111418 0.486000 52 70 64
0.067423 -0.111418 0.486000 50 68 62
0.068680 -0.111418 0.486000 50 68 62
0.069936 -0.111418 0.486000 50 68 62
0.071193 -0.111418 0.486000 54 72 66
0.073858 -0.111647 0.487000 57 75 69
0.075117 -0.111647 0.487000 59 77 71
0.153490 -0.112793 0.492000 98 108 111
0.154762 -0.112793 0.492000 107 117 120
0.156034 -0.112793 0.492000 116 127 127
0.156987 -0.112564 0.491000 126 137 137
0.157611 -0.112105 0.489000 141 154 153
0.159158 -0.111418 0.486000 90 102 106
0.160084 -0.111188 0.485000 42 54 58
0.161338 -0.111188 0.485000 33 46 57
0.162257 -0.110959 0.484000 37 50 61
0.163509 -0.110959 0.484000 39 51 57
0.164420 -0.110730 0.483000 38 50 56
0.167609 -0.111188 0.485000 33 40 44
0.168863 -0.111188 0.485000 55 61 63
0.170468 -0.111418 0.486000 121 127 129
0.191930 -0.113710 0.496000 126 132 132
0.192823 -0.113481 0.495000 86 96 101
0.193711 -0.113252 0.494000 65 75 80
0.194593 -0.113022 0.493000 67 79 83
0.195868 -0.113022 0.493000 56 68 72
0.197143 -0.113022 0.493000 50 64 68
0.198418 -0.113022 0.493000 48 62 66
0.199692 -0.113022 0.493000 42 59 62
0.200967 -0.113022 0.493000 43 60 63
0.202652 -0.113252 0.494000 61 69 68
-0.246382 -0.102679 0.453000 70 76 74
-0.245210 -0.102679 0.453000 60 73 72
-0.243500 -0.102453 0.452000 32 45 44
-0.242868 -0.102679 0.453000 38 52 54
-0.242763 -0.103133 0.455000 44 58 60
-0.242118 -0.103359 0.456000 53 65 67
-0.241337 -0.104039 0.459000 36 53 56
-0.241197 -0.104493 0.461000 28 45 48
-0.242087 -0.105399 0.465000 35 47 51
-0.208556 -0.106079 0.468000 80 91 89
-0.206903 -0.105853 0.467000 60 73 70
-0.205695 -0.105853 0.467000 54 67 64
-0.204488 -0.105853 0.467000 54 69 68
-0.203280 -0.105853 0.467000 58 73 72
-0.202073 -0.105853 0.467000 57 72 69
-0.200865 -0.105853 0.467000 51 66 63
-0.199658 -0.105853 0.467000 50 61 59
-0.198875 -0.106079 0.468000 48 59 57
-0.197665 -0.106079 0.468000 50 61 61
-0.197295 -0.106533 0.470000 47 58 58
-0.194885 -0.107213 0.473000 93 106 103
-0.194071 -0.107439 0.474000 121 134 131
-0.044453 -0.107213 0.473000 86 94 83
-0.043230 -0.107213 0.473000 29 42 39
-0.042007 -0.107213 0.473000 25 38 35
-0.040870 -0.107439 0.474000 35 49 51
-0.039728 -0.107666 0.475000 52 66 68
-0.037428 -0.108119 0.477000 143 156 153
-0.036347 -0.108573 0.479000 135 144 137
-0.018028 -0.110159 0.486000 133 140 132
-0.016772 -0.110159 0.486000 123 132 125
-0.015515 -0.110159 0.486000 100 109 102
-0.014288 -0.110386 0.487000 67 80 77
-0.008643 -0.103133 0.455000 30 44 46
-0.007467 -0.103133 0.455000 28 42 44
-0.006290 -0.103133 0.455000 30 44 46
-0.005114 -0.103133 0.455000 28 42 44
-0.003937 -0.103133 0.455000 29 43 45
-0.002761 -0.103133 0.455000 30 44 46
-0.001584 -0.103133 0.455000 34 48 50
-0.000409 -0.103359 0.456000 36 50 52
0.000770 -0.103359 0.456000 38 53 50
0.001950 -0.103359 0.456000 38 53 50
0.003129 -0.103359 0.456000 42 55 50
0.004308 -0.103359 0.456000 39 52 47
0.005487 -0.103359 0.456000 29 43 32
0.006666 -0.103359 0.456000 25 39 28
0.007845 -0.103359 0.456000 25 39 28
0.009024 -0.103359 0.456000 25 39 28
0.010203 -0.103359 0.456000 25 39 30
0.011382 -0.103359 0.456000 26 40 31
0.012561 -0.103359 0.456000 28 42 33
0.013740 -0.103359 0.456000 30 44 35
0.014887 -0.103133 0.455000 28 44 35
0.016063 -0.103133 0.455000 29 45 36
0.017277 -0.103359 0.456000 29 44 39
0.018457 -0.103359 0.456000 27 42 37
0.019636 -0.103359 0.456000 21 36 31
0.020815 -0.103359 0.456000 23 38 33
0.021994 -0.103359 0.456000 44 65 54
0.023224 -0.103586 0.457000 76 97 86
0.024459 -0.103813 0.458000 68 89 76
0.025755 -0.104266 0.460000 47 68 55
0.027003 -0.104493 0.461000 42 66 52
0.067423 -0.110159 0.486000 26 44 40
0.068680 -0.110159 0.486000 25 43 39
0.075858 -0.084546 0.373000 73 86 83
0.076822 -0.084546 0.373000 74 87 84
0.153490 -0.111519 0.492000 98 108 111
0.154762 -0.111519 0.492000 101 111 114
0.156034 -0.111519 0.492000 115 126 126
0.156987 -0.111293 0.491000 125 136 136
0.157611 -0.110839 0.489000 133 144 144
0.158551 -0.110613 0.488000 146 157 157
0.159158 -0.110159 0.486000 148 159 159
0.160084 -0.109933 0.485000 111 122 122
0.160673 -0.109479 0.483000 51 63 69
0.161587 -0.109253 0.482000 36 48 54
0.162495 -0.109026 0.481000 39 50 61
0.163739 -0.109026 0.481000 40 51 62
0.164983 -0.109026 0.481000 43 53 58
0.166572 -0.109253 0.482000 43 53 58
0.168166 -0.109479 0.483000 33 43 46
0.191543 -0.112199 0.495000 131 134 135
0.192434 -0.111973 0.494000 97 107 112
0.193319 -0.111746 0.493000 69 79 84
0.194593 -0.111746 0.493000 66 80 84
0.195471 -0.111519 0.492000 50 64 68
0.196743 -0.111519 0.492000 49 63 67
0.198015 -0.111519 0.492000 47 61 65
0.199287 -0.111519 0.492000 42 59 62
0.200967 -0.111746 0.493000 45 62 65
0.202242 -0.111746 0.493000 51 62 62
-0.245838 -0.101282 0.452000 72 80 77
-0.244669 -0.101282 0.452000 49 61 63
-0.243500 -0.101282 0.452000 37 49 51
-0.242868 -0.101506 0.453000 40 52 54
-0.242763 -0.101955 0.455000 47 59 61
-0.242118 -0.102179 0.456000 50 64 66
-0.241863 -0.103075 0.460000 35 52 57
-0.242608 -0.104419 0.466000 55 65 68
-0.206903 -0.104643 0.467000 76 89 88
-0.205695 -0.104643 0.467000 61 74 73
-0.204488 -0.104643 0.467000 52 67 66
-0.202845 -0.104419 0.466000 52 67 66
-0.201640 -0.104419 0.466000 57 72 69
-0.200435 -0.104419 0.466000 56 71 68
-0.199230 -0.104419 0.466000 52 65 62
-0.198450 -0.104643 0.467000 47 60 57
-0.197243 -0.104643 0.467000 50 63 62
-0.196455 -0.104868 0.468000 51 64 63
-0.195662 -0.105092 0.469000 49 62 59
-0.195279 -0.105540 0.471000 36 49 46
-0.193253 -0.105764 0.472000 82 93 91
-0.192439 -0.105988 0.473000 124 135 131
-0.044453 -0.105988 0.473000 83 90 82
-0.043230 -0.105988 0.473000 30 45 44
-0.042007 -0.105988 0.473000 20 35 34
-0.040784 -0.105988 0.473000 40 57 58
-0.039644 -0.106212 0.474000 38 55 56
-0.038581 -0.106660 0.476000 63 76 73
-0.036195 -0.106884 0.477000 135 141 139
-0.024312 -0.108901 0.486000 135 143 132
-0.023055 -0.108901 0.486000 138 146 135
-0.021798 -0.108901 0.486000 140 147 139
-0.020542 -0.108901 0.486000 129 136 128
-0.019285 -0.108901 0.486000 98 106 105
-0.018028 -0.108901 0.486000 71 79 78
-0.016772 -0.108901 0.486000 54 62 61
-0.009820 -0.101955 0.455000 30 45 42
-0.008643 -0.101955 0.455000 28 42 44
-0.007467 -0.101955 0.455000 29 43 45
-0.006290 -0.101955 0.455000 29 43 45
-0.005114 -0.101955 0.455000 30 44 46
-0.003937 -0.101955 0.455000 33 48 47
-0.002761 -0.101955 0.455000 37 52 51
-0.001584 -0.101955 0.455000 40 55 54
-0.000409 -0.102179 0.456000 40 55 54
0.000770 -0.102179 0.456000 36 51 48
0.001950 -0.102179 0.456000 31 46 43
0.003129 -0.102179 0.456000 23 38 33
0.004308 -0.102179 0.456000 20 35 30
0.005487 -0.102179 0.456000 25 39 30
0.006666 -0.102179 0.456000 24 38 29
0.007845 -0.102179 0.456000 25 39 30
0.009024 -0.102179 0.456000 25 39 30
0.010203 -0.102179 0.456000 28 42 33
0.011382 -0.102179 0.456000 29 43 34
0.012534 -0.101955 0.455000 28 44 35
0.013710 -0.101955 0.455000 29 45 36
0.014887 -0.101955 0.455000 27 42 37
0.016063 -0.101955 0.455000 23 38 33
0.017240 -0.101955 0.455000 21 36 31
0.018416 -0.101955 0.455000 21 36 31
0.019636 -0.102179 0.456000 45 59 50
0.020815 -0.102179 0.456000 73 87 78
0.021994 -0.102179 0.456000 89 108 98
0.023173 -0.102179 0.456000 81 100 90
0.075858 -0.083580 0.373000 48 66 64
0.076822 -0.083580 0.373000 49 67 65
0.077787 -0.083580 0.373000 54 69 68
0.078751 -0.083580 0.373000 58 73 72
0.079930 -0.083804 0.374000 63 78 77
0.080897 -0.083804 0.374000 61 76 75
0.082083 -0.084028 0.375000 56 71 70
0.083052 -0.084028 0.375000 49 64 63
0.084246 -0.084253 0.376000 44 57 56
0.154762 -0.110245 0.492000 97 104 108
0.156034 -0.110245 0.492000 111 122 122
0.156987 -0.110021 0.491000 122 133 133
0.157611 -0.109573 0.489000 130 141 141
0.158551 -0.109349 0.488000 139 150 150
0.159158 -0.108901 0.486000 149 157 158
0.160084 -0.108677 0.485000 156 164 165
0.160673 -0.108229 0.483000 134 141 147
0.161252 -0.107781 0.481000 76 83 89
0.162157 -0.107556 0.480000 38 47 57
0.163058 -0.107332 0.479000 46 55 65
0.164297 -0.107332 0.479000 45 54 64
0.165535 -0.107332 0.479000 44 53 63
0.166774 -0.107332 0.479000 44 56 62
0.168363 -0.107556 0.480000 36 48 54
0.191156 -0.110694 0.494000 135 138 141
0.192044 -0.110469 0.493000 111 118 124
0.193319 -0.110469 0.493000 79 86 92
0.194199 -0.110245 0.492000 73 85 89
0.195471 -0.110245 0.492000 65 77 81
0.196743 -0.110245 0.492000 47 64 67
0.198015 -0.110245 0.492000 46 63 66
0.199287 -0.110245 0.492000 45 62 65
0.200560 -0.110245 0.492000 43 60 63
0.201832 -0.110245 0.492000 50 63 62
-0.246460 -0.099891 0.451000 64 72 71
-0.245294 -0.099891 0.451000 68 76 75
-0.244128 -0.099891 0.451000 37 51 55
-0.242961 -0.099891 0.451000 36 50 54
-0.242331 -0.100112 0.452000 41 55 57
-0.242763 -0.100776 0.455000 50 64 66
-0.242118 -0.100998 0.456000 49 63 65
-0.241863 -0.101884 0.460000 32 48 56
-0.241720 -0.102327 0.462000 26 42 50
-0.242608 -0.103213 0.466000 86 91 96
-0.205695 -0.103434 0.467000 75 86 86
-0.204050 -0.103213 0.466000 55 70 67
-0.202845 -0.103213 0.466000 50 65 62
-0.201208 -0.102991 0.465000 54 69 66
-0.200005 -0.102991 0.465000 57 72 69
-0.198803 -0.102991 0.465000 55 70 67
-0.198025 -0.103213 0.466000 50 65 62
-0.196821 -0.103213 0.466000 48 63 60
-0.196035 -0.103434 0.467000 48 63 60
-0.194828 -0.103434 0.467000 49 64 61
-0.194035 -0.103656 0.468000 48 63 60
-0.193237 -0.103877 0.469000 38 51 48
-0.192843 -0.104320 0.471000 29 42 39
-0.191216 -0.104763 0.473000 117 130 127
-0.044453 -0.104763 0.473000 73 80 72
-0.043230 -0.104763 0.473000 31 46 45
-0.041918 -0.104542 0.472000 22 37 36
-0.040784 -0.104763 0.473000 39 56 57
-0.039561 -0.104763 0.473000 32 49 50
-0.038419 -0.104985 0.474000 86 97 95
-0.037350 -0.105428 0.476000 139 150 148
-0.034962 -0.105649 0.477000 134 137 136
-0.029217 -0.107200 0.484000 136 141 131
-0.028024 -0.107421 0.485000 140 145 135
-0.026770 -0.107421 0.485000 139 147 134
-0.025568 -0.107643 0.486000 142 150 137
-0.024312 -0.107643 0.486000 126 133 125
-0.016916 -0.100998 0.456000 40 47 51
-0.015736 -0.100998 0.456000 33 44 44
-0.014557 -0.100998 0.456000 31 42 42
-0.013378 -0.100998 0.456000 25 38 35
-0.012173 -0.100776 0.455000 30 43 40
-0.010996 -0.100776 0.455000 28 43 38
-0.009820 -0.100776 0.455000 28 43 38
-0.008643 -0.100776 0.455000 31 46 43
-0.007467 -0.100776 0.455000 31 46 43
-0.006290 -0.100776 0.455000 33 48 47
-0.005114 -0.100776 0.455000 35 50 49
-0.003937 -0.100776 0.455000 40 55 54
-0.002761 -0.100776 0.455000 33 48 47
-0.001588 -0.100998 0.456000 28 43 42
-0.000409 -0.100998 0.456000 23 38 37
0.000769 -0.100776 0.455000 23 36 33
0.001950 -0.100998 0.456000 24 37 34
0.003129 -0.100998 0.456000 23 36 31
0.004308 -0.100998 0.456000 24 37 32
0.005487 -0.100998 0.456000 24 40 31
0.006666 -0.100998 0.456000 24 40 31
0.007845 -0.100998 0.456000 28 44 35
0.009024 -0.100998 0.456000 28 44 35
0.010181 -0.100776 0.455000 28 44 35
0.011357 -0.100776 0.455000 26 42 33
0.012534 -0.100776 0.455000 24 39 34
0.013710 -0.100776 0.455000 24 39 34
0.014887 -0.100776 0.455000 24 37 32
0.016063 -0.100776 0.455000 21 34 29
0.017240 -0.100776 0.455000 33 45 37
0.018416 -0.100776 0.455000 66 78 70
0.019593 -0.100776 0.455000 94 108 99
0.020815 -0.100998 0.456000 89 103 94
0.021994 -0.100998 0.456000 57 70 65
0.023173 -0.100998 0.456000 46 59 54
0.024405 -0.101219 0.457000 35 50 49
0.075858 -0.082615 0.373000 28 46 44
0.076822 -0.082615 0.373000 31 49 47
0.077787 -0.082615 0.373000 39 57 55
0.078962 -0.082836 0.374000 36 54 52
0.079930 -0.082836 0.374000 39 57 55
0.080897 -0.082836 0.374000 41 59 57
0.082083 -0.083058 0.375000 43 61 59
0.083052 -0.083058 0.375000 43 61 59
0.084246 -0.083279 0.376000 48 63 60
0.085218 -0.083279 0.376000 48 63 60
0.086419 -0.083500 0.377000 47 62 59
0.087394 -0.083500 0.377000 43 58 55
0.088369 -0.083500 0.377000 43 56 53
0.154762 -0.108971 0.492000 98 105 109
0.155717 -0.108750 0.491000 109 117 118
0.156987 -0.108750 0.491000 119 127 128
0.157611 -0.108307 0.489000 134 142 141
0.158551 -0.108086 0.488000 140 148 147
0.159158 -0.107643 0.486000 146 154 153
0.160084 -0.107421 0.485000 152 160 159
0.160340 -0.106757 0.482000 160 168 169
0.161252 -0.106535 0.481000 148 156 157
0.161820 -0.106092 0.479000 102 109 117
0.162718 -0.105871 0.478000 48 55 63
0.163611 -0.105649 0.477000 39 50 59
0.163807 -0.104985 0.474000 43 54 63
0.165033 -0.104985 0.474000 42 55 64
0.166259 -0.104985 0.474000 41 54 63
0.169066 -0.105206 0.475000 44 58 62
0.190769 -0.109193 0.493000 139 144 149
0.192044 -0.109193 0.493000 125 132 136
0.192927 -0.108971 0.492000 82 89 93
0.194199 -0.108971 0.492000 73 85 89
0.195471 -0.108971 0.492000 69 81 85
0.196743 -0.108971 0.492000 50 67 70
0.198015 -0.108971 0.492000 47 64 67
0.199287 -0.108971 0.492000 44 63 65
0.200560 -0.108971 0.492000 44 63 65
0.201832 -0.108971 0.492000 47 61 63
-0.246460 -0.098723 0.451000 67 75 72
-0.244750 -0.098504 0.450000 67 75 72
-0.243586 -0.098504 0.450000 37 49 51
-0.242961 -0.098723 0.451000 38 50 52
-0.242331 -0.098942 0.452000 44 58 60
-0.242230 -0.099379 0.454000 52 66 68
-0.242118 -0.099817 0.456000 48 62 64
-0.204050 -0.102006 0.466000 72 85 82
-0.202845 -0.102006 0.466000 56 69 66
-0.201208 -0.101787 0.465000 51 66 63
-0.199575 -0.101568 0.464000 52 67 64
-0.198375 -0.101568 0.464000 55 70 67
-0.197176 -0.101568 0.464000 56 71 68
-0.195976 -0.101568 0.464000 48 63 62
-0.195196 -0.101787 0.465000 45 60 59
-0.194411 -0.102006 0.466000 45 60 59
-0.193206 -0.102006 0.466000 47 62 61
-0.192413 -0.102225 0.467000 44 59 56
-0.191615 -0.102444 0.468000 41 56 53
-0.191218 -0.102882 0.470000 29 40 38
-0.190812 -0.103320 0.472000 58 69 67
-0.044453 -0.103538 0.473000 67 74 66
-0.043230 -0.103538 0.473000 31 44 41
-0.041918 -0.103320 0.472000 26 39 36
-0.040784 -0.103538 0.473000 44 58 60
-0.039561 -0.103538 0.473000 34 48 50
-0.038338 -0.103538 0.473000 103 111 108
-0.037193 -0.103757 0.474000 140 148 145
-0.036043 -0.103976 0.475000 133 140 134
-0.034962 -0.104414 0.477000 133 140 134
-0.032631 -0.104852 0.479000 133 140 134
-0.031458 -0.105071 0.480000 133 140 134
-0.030406 -0.105727 0.483000 138 145 139
-0.029157 -0.105727 0.483000 139 149 137
-0.027966 -0.105946 0.484000 131 141 129
-0.026770 -0.106165 0.485000 107 115 102
-0.025516 -0.106165 0.485000 72 80 67
-0.019274 -0.099817 0.456000 31 42 38
-0.018095 -0.099817 0.456000 34 45 45
-0.016916 -0.099817 0.456000 32 43 43
-0.015736 -0.099817 0.456000 30 40 43
-0.014557 -0.099817 0.456000 30 40 43
-0.013378 -0.099817 0.456000 28 43 38
-0.012199 -0.099817 0.456000 29 44 39
-0.011020 -0.099817 0.456000 30 45 40
-0.009820 -0.099598 0.455000 31 46 41
-0.008643 -0.099598 0.455000 38 53 48
-0.007483 -0.099817 0.456000 37 52 47
-0.006290 -0.099598 0.455000 36 51 46
-0.005125 -0.099817 0.456000 33 48 43
-0.003946 -0.099817 0.456000 30 43 38
-0.002761 -0.099598 0.455000 26 39 34
-0.001588 -0.099817 0.456000 24 37 34
-0.000409 -0.099817 0.456000 22 35 32
0.000770 -0.099817 0.456000 24 37 32
0.001950 -0.099817 0.456000 24 37 32
0.003129 -0.099817 0.456000 24 38 29
0.004308 -0.099817 0.456000 25 39 30
0.005487 -0.099817 0.456000 29 45 36
0.006666 -0.099817 0.456000 30 46 37
0.007845 -0.099817 0.456000 29 45 36
0.009024 -0.099817 0.456000 27 43 34
0.010181 -0.099598 0.455000 24 39 34
0.011357 -0.099598 0.455000 22 37 32
0.012534 -0.099598 0.455000 22 37 32
0.013710 -0.099598 0.455000 21 36 31
0.014887 -0.099598 0.455000 28 37 30
0.016063 -0.099598 0.455000 71 80 73
0.017240 -0.099598 0.455000 98 107 100
0.018416 -0.099598 0.455000 99 108 101
0.019593 -0.099598 0.455000 69 77 74
0.020815 -0.099817 0.456000 53 61 58
0.021994 -0.099817 0.456000 31 42 42
0.023173 -0.099817 0.456000 27 38 38
0.075858 -0.081649 0.373000 27 42 41
0.076822 -0.081649 0.373000 28 43 42
0.077787 -0.081649 0.373000 27 42 41
0.078962 -0.081868 0.374000 29 44 43
0.079930 -0.081868 0.374000 31 49 47
0.081113 -0.082087 0.375000 31 49 47
0.082083 -0.082087 0.375000 32 50 48
0.083052 -0.082087 0.375000 38 56 54
0.084246 -0.082305 0.376000 38 56 54
0.085218 -0.082305 0.376000 41 59 57
0.086419 -0.082524 0.377000 42 60 56
0.087394 -0.082524 0.377000 42 60 56
0.088369 -0.082524 0.377000 44 59 56
0.089344 -0.082524 0.377000 45 60 57
0.154762 -0.107698 0.492000 98 108 111
0.155717 -0.107479 0.491000 107 113 113
0.156987 -0.107479 0.491000 119 125 125
0.157611 -0.107041 0.489000 131 139 136
0.158551 -0.106822 0.488000 140 148 145
0.159485 -0.106603 0.487000 148 156 155
0.160084 -0.106165 0.485000 150 158 157
0.160673 -0.105727 0.483000 150 158 159
0.161820 -0.104852 0.479000 156 163 167
0.162377 -0.104414 0.477000 110 117 121
0.162239 -0.103538 0.473000 47 57 64
0.163462 -0.103538 0.473000 48 58 65
0.164337 -0.103320 0.472000 41 54 63
0.165206 -0.103101 0.471000 42 55 64
0.166424 -0.103101 0.471000 43 57 63
0.190769 -0.107916 0.493000 143 149 151
0.191654 -0.107698 0.492000 120 127 131
0.192927 -0.107698 0.492000 88 95 99
0.194199 -0.107698 0.492000 72 84 88
0.195471 -0.107698 0.492000 71 83 87
0.196743 -0.107698 0.492000 47 66 68
0.197613 -0.107479 0.491000 45 64 66
0.198882 -0.107479 0.491000 44 66 67
0.200560 -0.107698 0.492000 44 66 67
0.201832 -0.107698 0.492000 52 69 70
0.203104 -0.107698 0.492000 68 85 86
-0.245913 -0.097339 0.450000 70 78 75
-0.244750 -0.097339 0.450000 64 72 69
-0.243586 -0.097339 0.450000 36 49 48
-0.242423 -0.097339 0.450000 38 51 50
-0.241795 -0.097555 0.451000 42 56 58
-0.242230 -0.098204 0.454000 51 65 67
-0.242118 -0.098637 0.456000 49 63 65
-0.202845 -0.100800 0.466000 68 81 80
-0.200775 -0.100367 0.464000 52 67 64
-0.199575 -0.100367 0.464000 48 63 60
-0.197948 -0.100151 0.463000 51 66 63
-0.196751 -0.100151 0.463000 56 71 68
-0.195553 -0.100151 0.463000 56 71 70
-0.194356 -0.100151 0.463000 47 62 61
-0.193576 -0.100367 0.464000 44 58 60
-0.192377 -0.100367 0.464000 44 58 60
-0.192001 -0.100800 0.466000 47 62 61
-0.191205 -0.101016 0.467000 48 63 62
-0.189998 -0.101016 0.467000 45 58 55
-0.189195 -0.101232 0.468000 35 48 45
-0.189190 -0.101881 0.471000 51 62 62
-0.187547 -0.102314 0.473000 125 136 132
-0.045676 -0.102314 0.473000 112 116 111
-0.044453 -0.102314 0.473000 63 67 62
-0.043138 -0.102097 0.472000 34 45 43
-0.041918 -0.102097 0.472000 27 38 36
-0.040697 -0.102097 0.472000 51 61 64
-0.039561 -0.102314 0.473000 36 46 49
-0.038338 -0.102314 0.473000 112 116 111
-0.037115 -0.102314 0.473000 142 146 141
-0.035892 -0.102314 0.473000 134 138 131
-0.034742 -0.102530 0.474000 136 140 133
-0.033658 -0.102963 0.476000 138 145 137
-0.032495 -0.103179 0.477000 141 148 140
-0.027588 -0.098853 0.457000 70 79 70
-0.026406 -0.098853 0.457000 56 65 56
-0.024043 -0.098853 0.457000 40 49 40
-0.022811 -0.098637 0.456000 33 46 41
-0.021632 -0.098637 0.456000 30 43 38
-0.020453 -0.098637 0.456000 32 45 40
-0.019274 -0.098637 0.456000 30 43 38
-0.018095 -0.098637 0.456000 29 42 41
-0.016916 -0.098637 0.456000 29 42 41
-0.015736 -0.098637 0.456000 30 43 42
-0.014557 -0.098637 0.456000 31 44 43
-0.013378 -0.098637 0.456000 33 48 45
-0.012199 -0.098637 0.456000 35 50 47
-0.011020 -0.098637 0.456000 34 52 46
-0.009841 -0.098637 0.456000 34 52 46
-0.008643 -0.098420 0.455000 32 50 44
-0.007483 -0.098637 0.456000 27 45 39
-0.006304 -0.098637 0.456000 22 40 34
-0.005125 -0.098637 0.456000 22 40 34
-0.003946 -0.098637 0.456000 24 37 32
-0.002767 -0.098637 0.456000 24 37 32
-0.001588 -0.098637 0.456000 23 36 31
-0.000409 -0.098637 0.456000 24 37 32
0.000770 -0.098637 0.456000 25 39 30
0.001950 -0.098637 0.456000 28 42 33
0.003129 -0.098637 0.456000 29 43 34
0.004308 -0.098637 0.456000 31 45 36
0.005487 -0.098637 0.456000 27 43 34
0.006666 -0.098637 0.456000 28 44 35
0.007845 -0.098637 0.456000 27 42 37
0.009024 -0.098637 0.456000 23 38 33
0.010181 -0.098420 0.455000 26 39 34
0.011357 -0.098420 0.455000 25 38 33
0.012534 -0.098420 0.455000 25 36 32
0.013710 -0.098420 0.455000 47 58 54
0.014887 -0.098420 0.455000 93 101 98
0.016063 -0.098420 0.455000 103 111 108
0.017240 -0.098420 0.455000 86 94 91
0.018457 -0.098637 0.456000 62 70 67
0.055882 -0.104693 0.484000 136 144 131
0.057134 -0.104693 0.484000 139 147 134
0.058506 -0.104910 0.485000 138 143 133
0.059760 -0.104910 0.485000 140 145 135
0.061014 -0.104910 0.485000 140 144 137
0.063653 -0.105126 0.486000 137 141 134
0.064910 -0.105126 0.486000 137 141 134
0.066303 -0.105342 0.487000 134 141 135
0.067423 -0.105126 0.486000 133 140 134
0.068821 -0.105342 0.487000 133 140 134
0.069936 -0.105126 0.486000 131 138 132
0.071193 -0.105126 0.486000 131 138 132
0.072450 -0.105126 0.486000 132 139 133
0.073706 -0.105126 0.486000 128 135 129
0.074963 -0.105126 0.486000 126 133 127
0.075858 -0.080683 0.373000 31 44 43
0.076822 -0.080683 0.373000 31 44 43
0.077787 -0.080683 0.373000 30 43 42
0.078962 -0.080899 0.374000 30 43 42
0.079930 -0.080899 0.374000 26 44 42
0.081113 -0.081116 0.375000 25 43 41
0.082083 -0.081116 0.375000 26 44 42
0.083274 -0.081332 0.376000 29 47 45
0.084246 -0.081332 0.376000 28 46 44
0.085218 -0.081332 0.376000 34 52 50
0.086419 -0.081548 0.377000 35 53 49
0.087394 -0.081548 0.377000 36 54 50
0.088369 -0.081548 0.377000 38 56 52
0.090558 -0.081765 0.378000 45 60 57
0.091536 -0.081765 0.378000 48 63 60
0.092758 -0.081981 0.379000 48 63 60
0.094968 -0.082197 0.380000 45 60 57
0.095950 -0.082197 0.380000 48 63 60
0.154762 -0.106424 0.492000 96 106 109
0.155717 -0.106207 0.491000 107 113 113
0.156987 -0.106207 0.491000 117 123 123
0.157934 -0.105991 0.490000 128 136 133
0.158876 -0.105775 0.489000 142 150 147
0.159485 -0.105342 0.487000 148 156 153
0.160414 -0.105126 0.486000 152 160 157
0.160916 -0.103828 0.480000 153 159 157
0.161820 -0.103612 0.479000 160 166 168
0.161016 -0.102314 0.473000 158 164 166
0.161896 -0.102097 0.472000 108 120 124
0.162771 -0.101881 0.471000 51 63 67
0.163640 -0.101665 0.470000 34 50 58
0.164154 -0.101232 0.468000 42 58 66
0.165364 -0.101232 0.468000 48 62 68
0.174569 -0.103828 0.480000 153 156 155
0.190382 -0.106424 0.492000 145 151 153
0.191654 -0.106424 0.492000 119 126 130
0.192927 -0.106424 0.492000 88 95 99
0.194199 -0.106424 0.492000 67 81 85
0.195471 -0.106424 0.492000 69 83 87
0.196343 -0.106207 0.491000 52 71 73
0.197613 -0.106207 0.491000 45 64 66
0.198882 -0.106207 0.491000 44 66 67
0.200152 -0.106207 0.491000 44 66 67
0.201832 -0.106424 0.492000 54 73 73
0.203104 -0.106424 0.492000 62 81 81
-0.245913 -0.096174 0.450000 71 79 76
-0.244750 -0.096174 0.450000 60 68 65
-0.243586 -0.096174 0.450000 38 49 49
-0.242423 -0.096174 0.450000 38 49 49
-0.241259 -0.096174 0.450000 41 55 57
-0.241163 -0.096601 0.452000 51 65 67
-0.242118 -0.097456 0.456000 48 62 64
-0.242766 -0.099166 0.464000 81 94 103
-0.200775 -0.099166 0.464000 70 85 82
-0.199575 -0.099166 0.464000 45 60 57
-0.197948 -0.098952 0.463000 47 62 59
-0.196326 -0.098738 0.462000 50 65 62
-0.195131 -0.098738 0.462000 57 71 73
-0.193937 -0.098738 0.462000 56 70 72
-0.192742 -0.098738 0.462000 50 64 66
-0.191962 -0.098952 0.463000 47 61 63
-0.190765 -0.098952 0.463000 45 60 59
-0.189977 -0.099166 0.464000 48 63 62
-0.189591 -0.099593 0.466000 50 63 60
-0.188790 -0.099807 0.467000 50 63 60
-0.187984 -0.100020 0.468000 44 55 55
-0.187173 -0.100234 0.469000 45 56 56
-0.186754 -0.100662 0.471000 83 94 94
-0.185101 -0.101089 0.473000 126 134 131
-0.045676 -0.101089 0.473000 115 115 115
-0.044453 -0.101089 0.473000 55 55 55
-0.043138 -0.100875 0.472000 34 40 42
-0.041829 -0.100662 0.471000 32 38 40
-0.040611 -0.100662 0.471000 55 63 64
-0.039477 -0.100875 0.472000 38 46 47
-0.038257 -0.100875 0.472000 113 117 112
-0.037036 -0.100875 0.472000 144 148 143
-0.035816 -0.100875 0.472000 145 145 139
-0.034669 -0.101089 0.473000 132 132 126
-0.033446 -0.101089 0.473000 103 112 105
-0.032222 -0.101089 0.473000 75 84 77
-0.028832 -0.097883 0.458000 46 54 51
-0.027588 -0.097670 0.457000 39 48 41
-0.025169 -0.097456 0.456000 33 44 40
-0.023990 -0.097456 0.456000 29 40 36
-0.022811 -0.097456 0.456000 31 44 39
-0.021632 -0.097456 0.456000 30 43 38
-0.020453 -0.097456 0.456000 30 43 40
-0.019274 -0.097456 0.456000 30 43 40
-0.018095 -0.097456 0.456000 31 44 41
-0.016916 -0.097456 0.456000 35 48 45
-0.015736 -0.097456 0.456000 36 49 48
-0.014557 -0.097456 0.456000 38 51 50
-0.013378 -0.097456 0.456000 35 50 47
-0.012199 -0.097456 0.456000 34 49 46
-0.011020 -0.097456 0.456000 29 47 41
-0.009841 -0.097456 0.456000 26 44 38
-0.008662 -0.097456 0.456000 22 40 34
-0.007467 -0.097242 0.455000 24 42 36
-0.006304 -0.097456 0.456000 18 36 30
-0.005125 -0.097456 0.456000 19 37 31
-0.003946 -0.097456 0.456000 22 37 32
-0.002767 -0.097456 0.456000 23 38 33
-0.001588 -0.097456 0.456000 27 42 37
-0.000409 -0.097456 0.456000 29 44 39
0.000770 -0.097456 0.456000 32 46 37
0.001950 -0.097456 0.456000 32 46 37
0.003129 -0.097456 0.456000 30 44 35
0.004308 -0.097456 0.456000 29 43 34
0.005487 -0.097456 0.456000 26 42 33
0.006666 -0.097456 0.456000 24 40 31
0.007845 -0.097456 0.456000 28 41 38
0.009024 -0.097456 0.456000 24 37 34
0.010203 -0.097456 0.456000 25 36 34
0.055536 -0.102799 0.481000 134 145 126
0.057016 -0.103226 0.483000 135 146 127
0.058265 -0.103226 0.483000 135 143 130
0.059637 -0.103440 0.484000 135 143 130
0.061014 -0.103654 0.485000 137 142 132
0.062268 -0.103654 0.485000 137 142 132
0.075858 -0.079717 0.373000 41 52 52
0.077028 -0.079931 0.374000 39 50 50
0.077787 -0.079717 0.373000 37 50 49
0.078962 -0.079931 0.374000 32 45 44
0.079930 -0.079931 0.374000 30 45 44
0.081113 -0.080145 0.375000 28 43 42
0.082083 -0.080145 0.375000 25 43 41
0.083274 -0.080358 0.376000 24 42 40
0.084246 -0.080358 0.376000 24 42 40
0.085218 -0.080358 0.376000 26 44 42
0.086419 -0.080572 0.377000 27 45 41
0.087394 -0.080572 0.377000 27 45 41
0.088369 -0.080572 0.377000 27 45 41
0.090558 -0.080786 0.378000 34 52 48
0.091536 -0.080786 0.378000 39 57 53
0.092758 -0.081000 0.379000 47 62 59
0.093985 -0.081213 0.380000 48 63 60
0.094968 -0.081213 0.380000 49 64 63
0.095950 -0.081213 0.380000 52 67 66
0.149673 -0.105150 0.492000 126 137 135
0.150945 -0.105150 0.492000 113 120 124
0.153490 -0.105150 0.492000 95 103 104
0.154762 -0.105150 0.492000 98 106 107
0.155717 -0.104936 0.491000 107 113 111
0.156987 -0.104936 0.491000 114 120 118
0.157934 -0.104722 0.490000 132 141 134
0.158876 -0.104509 0.489000 144 153 146
0.159485 -0.104081 0.487000 148 157 150
0.160414 -0.103867 0.486000 152 161 154
0.160340 -0.103013 0.482000 154 160 158
0.160916 -0.102585 0.480000 154 160 158
0.161482 -0.102158 0.478000 154 160 160
0.161356 -0.101303 0.474000 156 162 162
0.161896 -0.100875 0.472000 159 166 170
0.162425 -0.100448 0.470000 109 116 120
0.162944 -0.100020 0.468000 50 63 72
0.163803 -0.099807 0.467000 45 58 67
0.165011 -0.099807 0.467000 47 60 69
0.165862 -0.099593 0.466000 58 71 80
0.166709 -0.099379 0.465000 66 73 79
0.190382 -0.105150 0.492000 148 156 157
0.191654 -0.105150 0.492000 121 131 134
0.192927 -0.105150 0.492000 87 97 100
0.193804 -0.104936 0.491000 72 86 90
0.195074 -0.104936 0.491000 70 84 88
0.196343 -0.104936 0.491000 58 77 79
0.197613 -0.104936 0.491000 45 64 66
0.198882 -0.104936 0.491000 43 65 66
0.200152 -0.104936 0.491000 43 65 66
0.201421 -0.104936 0.491000 55 72 73
0.203104 -0.105150 0.492000 62 79 80
-0.245367 -0.094797 0.449000 67 78 74
-0.244206 -0.094797 0.449000 43 54 50
-0.243045 -0.094797 0.449000 34 49 48
-0.241884 -0.094797 0.449000 34 49 48
-0.241259 -0.095008 0.450000 42 56 58
-0.241163 -0.095431 0.452000 49 63 65
-0.242118 -0.096275 0.456000 43 60 61
-0.242243 -0.097753 0.463000 106 118 124
-0.199575 -0.097964 0.464000 65 80 79
-0.197948 -0.097753 0.463000 40 58 56
-0.196326 -0.097542 0.462000 42 60 58
-0.195131 -0.097542 0.462000 46 63 64
-0.193937 -0.097542 0.462000 53 70 71
-0.192742 -0.097542 0.462000 59 73 75
-0.191547 -0.097542 0.462000 51 65 67
-0.190353 -0.097542 0.462000 49 62 61
-0.188370 -0.097753 0.463000 47 60 57
-0.187578 -0.097964 0.464000 49 62 59
-0.187181 -0.098386 0.466000 51 64 61
-0.186375 -0.098598 0.467000 52 65 62
-0.185168 -0.098598 0.467000 45 53 54
-0.184748 -0.099020 0.469000 53 61 62
-0.184318 -0.099442 0.471000 106 114 113
-0.045676 -0.099864 0.473000 112 115 114
-0.044359 -0.099653 0.472000 53 56 55
-0.043047 -0.099442 0.471000 34 34 38
-0.041740 -0.099231 0.470000 33 33 37
-0.040525 -0.099231 0.470000 56 64 63
-0.039310 -0.099231 0.470000 39 47 46
-0.038094 -0.099231 0.470000 85 93 90
-0.036801 -0.099020 0.469000 92 100 97
-0.035588 -0.099020 0.469000 60 69 62
-0.034375 -0.099020 0.469000 43 52 45
-0.033163 -0.099020 0.469000 37 48 44
-0.031882 -0.098809 0.468000 34 45 41
-0.030672 -0.098809 0.468000 29 42 39
-0.028769 -0.096486 0.457000 26 39 36
-0.026348 -0.096275 0.456000 32 43 41
-0.025169 -0.096275 0.456000 31 42 40
-0.023990 -0.096275 0.456000 30 41 39
-0.022811 -0.096275 0.456000 30 41 37
-0.021632 -0.096275 0.456000 32 43 39
-0.020453 -0.096275 0.456000 33 44 40
-0.019274 -0.096275 0.456000 32 43 39
-0.018095 -0.096275 0.456000 36 47 43
-0.016916 -0.096275 0.456000 37 48 44
-0.015736 -0.096275 0.456000 36 49 44
-0.014557 -0.096275 0.456000 35 48 43
-0.013378 -0.096275 0.456000 28 41 36
-0.012199 -0.096275 0.456000 24 37 32
-0.011020 -0.096275 0.456000 24 37 32
-0.009841 -0.096275 0.456000 23 36 31
-0.008662 -0.096275 0.456000 22 37 32
-0.007483 -0.096275 0.456000 24 39 34
-0.006304 -0.096275 0.456000 21 36 31
-0.005125 -0.096275 0.456000 26 41 36
-0.003946 -0.096275 0.456000 24 39 34
-0.002767 -0.096275 0.456000 29 44 39
-0.001588 -0.096275 0.456000 29 44 39
-0.000409 -0.096275 0.456000 30 45 40
0.000770 -0.096275 0.456000 30 45 40
0.001950 -0.096275 0.456000 30 45 40
0.003135 -0.096486 0.457000 29 44 39
0.004317 -0.096486 0.457000 24 39 34
0.005499 -0.096486 0.457000 22 37 32
0.006710 -0.096909 0.459000 22 37 32
0.055421 -0.101342 0.480000 120 137 111
0.056780 -0.101553 0.481000 135 152 126
0.058023 -0.101553 0.481000 135 149 127
0.059514 -0.101976 0.483000 131 145 123
0.060888 -0.102187 0.484000 135 143 130
0.062268 -0.102398 0.485000 136 144 131
0.075858 -0.078751 0.373000 33 41 42
0.077028 -0.078963 0.374000 34 42 43
0.077995 -0.078963 0.374000 38 50 52
0.078962 -0.078963 0.374000 39 51 53
0.079930 -0.078963 0.374000 35 53 51
0.081113 -0.079174 0.375000 34 52 50
0.082083 -0.079174 0.375000 33 51 47
0.083274 -0.079385 0.376000 28 46 42
0.084246 -0.079385 0.376000 27 45 41
0.085445 -0.079596 0.377000 29 47 43
0.086419 -0.079596 0.377000 28 46 42
0.087394 -0.079596 0.377000 24 42 38
0.088369 -0.079596 0.377000 26 44 40
0.090558 -0.079807 0.378000 25 43 39
0.091536 -0.079807 0.378000 26 44 40
0.092758 -0.080018 0.379000 26 44 40
0.093738 -0.080018 0.379000 27 45 41
0.094968 -0.080229 0.380000 36 51 48
0.095950 -0.080229 0.380000 40 55 52
0.156667 -0.103454 0.490000 120 128 125
0.157934 -0.103454 0.490000 133 144 140
0.159485 -0.102820 0.487000 146 158 148
0.160414 -0.102609 0.486000 147 159 149
0.160673 -0.101976 0.483000 152 161 152
0.160916 -0.101342 0.480000 150 159 150
0.161482 -0.100920 0.478000 153 160 154
0.161356 -0.100076 0.474000 154 161 155
0.161553 -0.099442 0.471000 158 164 164
0.161734 -0.098809 0.468000 161 167 167
0.162944 -0.098809 0.468000 103 115 119
0.163803 -0.098598 0.467000 65 77 81
0.164657 -0.098386 0.466000 49 61 67
0.165862 -0.098386 0.466000 65 77 83
0.166350 -0.097964 0.464000 76 86 91
0.189995 -0.103665 0.491000 144 152 151
0.191265 -0.103665 0.491000 131 139 140
0.192534 -0.103665 0.491000 83 91 92
0.193804 -0.103665 0.491000 78 90 94
0.194676 -0.103454 0.490000 74 86 90
0.195943 -0.103454 0.490000 61 78 81
0.197210 -0.103454 0.490000 48 65 68
0.198477 -0.103454 0.490000 46 65 67
0.199744 -0.103454 0.490000 46 65 67
0.201011 -0.103454 0.490000 58 73 72
0.202691 -0.103665 0.491000 65 80 79
-0.246528 -0.093635 0.449000 69 76 70
-0.245367 -0.093635 0.449000 63 76 73
-0.243662 -0.093426 0.448000 44 57 54
-0.243045 -0.093635 0.449000 38 53 52
-0.241884 -0.093635 0.449000 34 49 48
-0.241259 -0.093843 0.450000 42 59 60
-0.240629 -0.094052 0.451000 46 63 64
-0.241587 -0.094886 0.455000 42 59 62
-0.242243 -0.096554 0.463000 139 149 156
-0.197948 -0.096554 0.463000 77 92 91
-0.196751 -0.096554 0.463000 47 62 61
-0.195131 -0.096346 0.462000 44 56 58
-0.193517 -0.096137 0.461000 51 63 65
-0.192325 -0.096137 0.461000 56 69 68
-0.191133 -0.096137 0.461000 56 69 68
-0.189941 -0.096137 0.461000 54 67 64
-0.188749 -0.096137 0.461000 51 64 61
-0.187964 -0.096346 0.462000 47 60 57
-0.186769 -0.096346 0.462000 46 59 56
-0.184779 -0.096554 0.463000 52 65 62
-0.184375 -0.096971 0.465000 53 64 64
-0.183566 -0.097180 0.466000 47 58 58
-0.182753 -0.097388 0.467000 47 55 56
-0.181934 -0.097597 0.468000 79 87 88
-0.181496 -0.098014 0.470000 121 129 130
-0.181432 -0.098640 0.473000 134 142 143
-0.046899 -0.098640 0.473000 103 111 108
-0.045579 -0.098431 0.472000 109 112 111
-0.044265 -0.098223 0.471000 51 54 53
-0.042956 -0.098014 0.470000 43 46 47
-0.041651 -0.097806 0.469000 42 45 46
-0.040353 -0.097597 0.468000 48 59 57
-0.039142 -0.097597 0.468000 48 59 57
-0.037851 -0.097388 0.467000 44 55 53
-0.036644 -0.097388 0.467000 41 52 50
-0.035360 -0.097180 0.466000 39 50 46
-0.029951 -0.095303 0.457000 29 44 41
-0.028706 -0.095094 0.456000 28 43 40
-0.027527 -0.095094 0.456000 29 42 41
-0.026348 -0.095094 0.456000 29 42 41
-0.025169 -0.095094 0.456000 29 42 39
-0.023990 -0.095094 0.456000 31 44 41
-0.022811 -0.095094 0.456000 34 45 41
-0.021632 -0.095094 0.456000 36 47 43
-0.020453 -0.095094 0.456000 36 48 40
-0.019274 -0.095094 0.456000 34 46 38
-0.018095 -0.095094 0.456000 30 42 34
-0.016916 -0.095094 0.456000 30 42 34
-0.015736 -0.095094 0.456000 27 39 31
-0.014557 -0.095094 0.456000 25 37 29
-0.013378 -0.095094 0.456000 23 37 28
-0.012199 -0.095094 0.456000 24 38 29
-0.011020 -0.095094 0.456000 24 38 29
-0.009841 -0.095094 0.456000 24 38 29
-0.008662 -0.095094 0.456000 25 39 30
-0.007483 -0.095094 0.456000 26 40 31
-0.006304 -0.095094 0.456000 22 38 29
-0.005125 -0.095094 0.456000 28 44 35
-0.003946 -0.095094 0.456000 23 39 30
-0.002767 -0.095094 0.456000 31 47 38
-0.001588 -0.095094 0.456000 34 49 44
-0.000409 -0.095094 0.456000 35 50 45
0.000770 -0.095094 0.456000 30 45 42
0.001950 -0.095094 0.456000 27 42 39
0.003135 -0.095303 0.457000 28 43 40
0.004327 -0.095512 0.458000 27 42 39
0.015966 -0.101768 0.488000 26 39 36
0.053954 -0.099682 0.478000 74 103 62
0.055305 -0.099891 0.479000 75 100 65
0.056544 -0.099891 0.479000 95 120 85
0.057903 -0.100099 0.480000 119 138 112
0.059267 -0.100308 0.481000 130 149 123
0.060762 -0.100725 0.483000 138 148 132
0.062140 -0.100934 0.484000 135 145 129
0.063522 -0.101142 0.485000 137 147 135
0.078962 -0.077994 0.374000 26 38 40
0.080143 -0.078203 0.375000 30 45 44
0.081113 -0.078203 0.375000 30 45 44
0.083274 -0.078411 0.376000 34 49 46
0.084246 -0.078411 0.376000 37 52 47
0.085445 -0.078620 0.377000 37 52 47
0.086419 -0.078620 0.377000 36 51 46
0.087394 -0.078620 0.377000 34 49 44
0.089581 -0.078828 0.378000 30 45 40
0.090558 -0.078828 0.378000 29 44 39
0.091536 -0.078828 0.378000 29 44 39
0.092758 -0.079037 0.379000 30 45 40
0.093738 -0.079037 0.379000 29 44 39
0.094968 -0.079245 0.380000 29 44 39
0.095950 -0.079245 0.380000 30 45 40
0.161210 -0.098014 0.470000 165 165 165
0.161734 -0.097597 0.468000 166 166 166
0.162248 -0.097180 0.466000 147 155 156
0.163452 -0.097180 0.466000 117 125 126
0.163951 -0.096763 0.464000 69 81 85
0.164795 -0.096554 0.463000 78 90 94
0.165633 -0.096346 0.462000 74 86 90
0.169477 -0.097180 0.466000 60 68 67
0.189608 -0.102185 0.490000 142 150 149
0.190486 -0.101976 0.489000 134 142 143
0.191750 -0.101976 0.489000 79 87 88
0.193015 -0.101976 0.489000 77 87 90
0.194279 -0.101976 0.489000 76 86 89
0.195543 -0.101976 0.489000 64 76 80
0.196808 -0.101976 0.489000 56 68 72
0.198072 -0.101976 0.489000 51 65 67
0.199337 -0.101976 0.489000 52 66 68
0.201011 -0.102185 0.490000 59 72 71
0.202278 -0.102185 0.490000 73 86 85
-0.244274 -0.092060 0.447000 66 79 76
-0.242504 -0.092266 0.448000 36 51 50
-0.241345 -0.092266 0.448000 35 50 49
-0.241259 -0.092678 0.450000 48 66 64
-0.240629 -0.092884 0.451000 47 65 63
-0.241587 -0.093708 0.455000 39 58 60
-0.241720 -0.095150 0.462000 155 162 170
-0.196751 -0.095355 0.463000 87 99 101
-0.194709 -0.094944 0.461000 58 70 72
-0.193517 -0.094944 0.461000 46 58 60
-0.192325 -0.094944 0.461000 51 61 64
-0.190718 -0.094738 0.460000 53 63 66
-0.189529 -0.094738 0.460000 57 70 69
-0.188339 -0.094738 0.460000 57 70 69
-0.187150 -0.094738 0.460000 51 64 61
-0.186365 -0.094944 0.461000 45 58 55
-0.185173 -0.094944 0.461000 46 59 56
-0.183981 -0.094944 0.461000 47 60 57
-0.183185 -0.095150 0.462000 50 63 62
-0.181579 -0.095561 0.464000 52 63 63
-0.180338 -0.096179 0.467000 54 62 63
-0.179514 -0.096385 0.468000 86 94 95
-0.179066 -0.096797 0.470000 127 140 139
-0.178607 -0.097209 0.472000 132 145 144
-0.048122 -0.097415 0.473000 96 104 103
-0.046800 -0.097209 0.472000 96 104 103
-0.045483 -0.097003 0.471000 82 88 86
-0.044077 -0.096591 0.469000 53 59 57
-0.042773 -0.096385 0.468000 55 61 61
-0.041385 -0.095973 0.466000 56 62 62
-0.040094 -0.095767 0.465000 51 64 61
-0.038808 -0.095561 0.464000 40 53 50
-0.037527 -0.095355 0.463000 36 49 46
-0.036251 -0.095150 0.462000 29 42 39
-0.032385 -0.094326 0.458000 29 42 39
-0.031133 -0.094120 0.457000 29 42 39
-0.029885 -0.093914 0.456000 28 43 40
-0.028706 -0.093914 0.456000 28 43 40
-0.027527 -0.093914 0.456000 31 44 41
-0.026348 -0.093914 0.456000 31 44 41
-0.025169 -0.093914 0.456000 30 43 40
-0.023990 -0.093914 0.456000 31 44 41
-0.022811 -0.093914 0.456000 30 43 38
-0.021632 -0.093914 0.456000 30 43 38
-0.020453 -0.093914 0.456000 30 42 34
-0.019274 -0.093914 0.456000 27 39 31
-0.018095 -0.093914 0.456000 25 37 29
-0.016916 -0.093914 0.456000 24 36 28
-0.015736 -0.093914 0.456000 24 36 28
-0.014557 -0.093914 0.456000 24 36 28
-0.013378 -0.093914 0.456000 24 38 29
-0.012199 -0.093914 0.456000 25 39 30
-0.011020 -0.093914 0.456000 26 40 31
-0.009841 -0.093914 0.456000 28 42 33
-0.008662 -0.093914 0.456000 26 40 31
-0.007483 -0.093914 0.456000 24 38 29
-0.006304 -0.093914 0.456000 22 36 27
-0.005125 -0.093914 0.456000 24 38 29
-0.003946 -0.093914 0.456000 40 56 47
-0.002767 -0.093914 0.456000 40 56 47
-0.001588 -0.093914 0.456000 34 49 44
-0.000409 -0.093914 0.456000 30 45 40
0.000770 -0.093914 0.456000 28 43 40
0.001950 -0.093914 0.456000 27 42 39
0.003129 -0.093914 0.456000 26 41 40
0.012106 -0.099886 0.485000 53 61 60
0.013415 -0.100298 0.487000 44 55 53
0.014674 -0.100298 0.487000 27 38 36
0.015966 -0.100504 0.488000 25 38 35
0.017263 -0.100710 0.489000 40 53 50
0.018528 -0.100710 0.489000 56 69 68
0.019792 -0.100710 0.489000 60 73 72
0.053954 -0.098445 0.478000 73 102 61
0.055190 -0.098445 0.478000 78 106 68
0.056544 -0.098651 0.479000 79 107 69
0.057782 -0.098651 0.479000 79 106 73
0.059144 -0.098857 0.480000 99 126 93
0.060637 -0.099269 0.482000 125 143 120
0.062011 -0.099474 0.483000 134 152 129
0.063391 -0.099680 0.484000 136 149 134
0.097382 -0.099886 0.485000 96 98 82
0.098839 -0.100092 0.486000 97 106 99
0.087394 -0.077644 0.377000 39 53 44
0.089581 -0.077850 0.378000 37 50 45
0.090798 -0.078056 0.379000 33 48 43
0.091778 -0.078056 0.379000 35 50 45
0.092758 -0.078056 0.379000 34 49 44
0.093985 -0.078262 0.380000 31 46 41
0.094968 -0.078262 0.380000 25 43 37
0.095950 -0.078262 0.380000 25 43 37
0.160916 -0.098857 0.480000 115 122 116
0.159793 -0.097415 0.473000 124 125 121
0.160006 -0.095355 0.463000 126 126 122
0.160855 -0.095150 0.462000 111 117 117
0.162049 -0.095150 0.462000 92 98 98
0.163244 -0.095150 0.462000 71 83 85
0.164439 -0.095150 0.462000 69 81 83
0.187957 -0.100710 0.489000 147 155 152
0.189221 -0.100710 0.489000 149 157 154
0.190486 -0.100710 0.489000 124 132 133
0.191750 -0.100710 0.489000 78 86 87
0.193015 -0.100710 0.489000 77 87 90
0.194279 -0.100710 0.489000 77 87 90
0.195144 -0.100504 0.488000 59 71 75
0.196405 -0.100504 0.488000 54 66 70
0.198072 -0.100710 0.489000 53 65 67
0.199337 -0.100710 0.489000 54 66 68
0.200601 -0.100710 0.489000 56 69 68
-0.244881 -0.090700 0.446000 72 75 74
-0.243728 -0.090700 0.446000 66 79 76
-0.243118 -0.090903 0.447000 42 55 52
-0.241345 -0.091106 0.448000 35 50 47
-0.241259 -0.091513 0.450000 47 65 61
-0.240629 -0.091716 0.451000 47 65 61
-0.241587 -0.092530 0.455000 38 55 58
-0.241720 -0.093953 0.462000 161 168 176
-0.193517 -0.093750 0.461000 62 69 75
-0.192325 -0.093750 0.461000 48 55 59
-0.190718 -0.093547 0.460000 52 59 63
-0.189117 -0.093343 0.459000 50 61 61
-0.187930 -0.093343 0.459000 55 66 66
-0.186743 -0.093343 0.459000 56 69 68
-0.185556 -0.093343 0.459000 51 64 63
-0.184369 -0.093343 0.459000 46 59 58
-0.183183 -0.093343 0.459000 44 57 56
-0.182392 -0.093547 0.460000 43 58 57
-0.181597 -0.093750 0.461000 42 57 56
-0.180796 -0.093953 0.462000 47 62 61
-0.177542 -0.094767 0.466000 58 69 69
-0.176715 -0.094970 0.467000 90 101 101
-0.176259 -0.095377 0.469000 129 142 139
-0.175793 -0.095784 0.471000 135 148 145
-0.054925 -0.097410 0.479000 136 143 137
-0.053686 -0.097410 0.479000 130 134 129
-0.052448 -0.097410 0.479000 115 119 114
-0.051102 -0.097207 0.478000 89 95 93
-0.049554 -0.096597 0.475000 65 71 69
-0.048122 -0.096190 0.473000 54 65 63
-0.046601 -0.095580 0.470000 51 62 60
-0.045000 -0.094767 0.466000 48 59 57
-0.043607 -0.094360 0.464000 44 55 53
-0.042316 -0.094157 0.463000 43 54 52
-0.041030 -0.093953 0.462000 37 48 46
-0.039749 -0.093750 0.461000 32 45 44
-0.038557 -0.093750 0.461000 29 42 41
-0.037365 -0.093750 0.461000 30 43 42
-0.033496 -0.092936 0.457000 29 42 39
-0.032243 -0.092733 0.456000 31 44 41
-0.031064 -0.092733 0.456000 31 44 41
-0.029885 -0.092733 0.456000 31 44 41
-0.028706 -0.092733 0.456000 32 45 42
-0.027527 -0.092733 0.456000 31 44 41
-0.026348 -0.092733 0.456000 29 42 39
-0.025169 -0.092733 0.456000 26 39 34
-0.023990 -0.092733 0.456000 28 41 36
-0.022811 -0.092733 0.456000 23 36 31
-0.021632 -0.092733 0.456000 24 37 32
-0.020453 -0.092733 0.456000 23 37 28
-0.019274 -0.092733 0.456000 23 37 28
-0.018095 -0.092733 0.456000 23 37 28
-0.016916 -0.092733 0.456000 23 37 28
-0.015736 -0.092733 0.456000 26 40 31
-0.014557 -0.092733 0.456000 25 39 30
-0.013378 -0.092733 0.456000 24 38 29
-0.012199 -0.092733 0.456000 22 36 27
-0.011020 -0.092733 0.456000 20 36 25
-0.009841 -0.092733 0.456000 19 35 24
-0.008662 -0.092733 0.456000 17 33 22
-0.007483 -0.092733 0.456000 19 35 24
-0.006304 -0.092733 0.456000 38 54 45
-0.005125 -0.092733 0.456000 42 58 49
-0.003946 -0.092733 0.456000 40 55 50
-0.002767 -0.092733 0.456000 31 46 41
-0.001588 -0.092733 0.456000 27 42 39
-0.000409 -0.092733 0.456000 24 39 36
0.000770 -0.092733 0.456000 29 42 41
0.001950 -0.092733 0.456000 26 39 38
0.010852 -0.098631 0.485000 49 62 61
0.012156 -0.099037 0.487000 39 52 51
0.013443 -0.099241 0.488000 22 35 32
0.014735 -0.099444 0.489000 25 38 35
0.015999 -0.099444 0.489000 49 62 61
0.017263 -0.099444 0.489000 51 64 63
0.018528 -0.099444 0.489000 49 61 63
0.019792 -0.099444 0.489000 36 48 50
0.021014 -0.099241 0.488000 25 37 39
0.043697 -0.096394 0.474000 112 125 110
0.044923 -0.096394 0.474000 116 129 114
0.046149 -0.096394 0.474000 117 130 115
0.048600 -0.096394 0.474000 69 84 66
0.053728 -0.096800 0.476000 66 94 56
0.055074 -0.097004 0.477000 70 100 61
0.056426 -0.097207 0.478000 75 105 66
0.057662 -0.097207 0.478000 76 108 69
0.059021 -0.097410 0.479000 75 107 68
0.060385 -0.097614 0.480000 86 113 80
0.061755 -0.097817 0.481000 114 141 108
0.063129 -0.098021 0.482000 135 152 134
0.064509 -0.098224 0.483000 132 149 131
0.100096 -0.098834 0.486000 94 101 93
0.101561 -0.099037 0.487000 97 108 104
0.102820 -0.099037 0.487000 96 107 103
0.104079 -0.099037 0.487000 74 85 81
0.105339 -0.099037 0.487000 44 55 51
0.093985 -0.077278 0.380000 42 61 51
0.094968 -0.077278 0.380000 53 73 66
0.096203 -0.077481 0.381000 32 52 45
0.187188 -0.099037 0.487000 147 155 154
0.188834 -0.099241 0.488000 153 161 160
0.189707 -0.099037 0.487000 120 127 131
0.191358 -0.099241 0.488000 77 84 88
0.192620 -0.099241 0.488000 78 90 94
0.193484 -0.099037 0.487000 80 92 96
0.194744 -0.099037 0.487000 54 66 70
0.196405 -0.099241 0.488000 52 64 68
0.197667 -0.099241 0.488000 52 64 68
0.198929 -0.099241 0.488000 64 76 80
0.200191 -0.099241 0.488000 53 64 62
-0.244881 -0.089545 0.446000 75 81 81
-0.243728 -0.089545 0.446000 61 72 70
-0.242574 -0.089545 0.446000 38 49 47
-0.241962 -0.089745 0.447000 38 51 46
-0.241259 -0.090348 0.450000 46 64 58
-0.240629 -0.090549 0.451000 47 65 59
-0.241587 -0.091352 0.455000 31 48 51
-0.241720 -0.092757 0.462000 158 168 175
-0.192325 -0.092556 0.461000 72 74 80
-0.190718 -0.092356 0.460000 53 55 61
-0.189117 -0.092155 0.459000 41 52 52
-0.187520 -0.091954 0.458000 47 58 58
-0.186336 -0.091954 0.458000 50 63 62
-0.184748 -0.091753 0.457000 53 66 65
-0.183566 -0.091753 0.457000 49 64 63
-0.182384 -0.091753 0.457000 45 60 59
-0.181599 -0.091954 0.458000 41 55 57
-0.180415 -0.091954 0.458000 40 54 56
-0.179231 -0.091954 0.458000 42 56 58
-0.178435 -0.092155 0.459000 47 61 63
-0.178021 -0.092556 0.461000 51 63 65
-0.173463 -0.093962 0.468000 118 129 127
-0.172989 -0.094363 0.470000 139 150 148
-0.062486 -0.096371 0.480000 147 155 144
-0.061245 -0.096371 0.480000 148 156 145
-0.060004 -0.096371 0.480000 147 155 144
-0.058763 -0.096371 0.480000 149 153 148
-0.057522 -0.096371 0.480000 140 144 139
-0.056164 -0.096170 0.479000 110 116 116
-0.054925 -0.096170 0.479000 83 89 89
-0.053686 -0.096170 0.479000 67 75 74
-0.052448 -0.096170 0.479000 67 75 74
-0.050675 -0.095166 0.474000 56 62 60
-0.049032 -0.094363 0.470000 51 57 55
-0.047410 -0.093560 0.466000 41 52 48
-0.045907 -0.092958 0.463000 38 49 45
-0.044614 -0.092757 0.462000 30 43 40
-0.043325 -0.092556 0.461000 29 42 39
-0.042042 -0.092356 0.460000 31 44 41
-0.040852 -0.092356 0.460000 30 43 40
-0.039577 -0.092155 0.459000 29 42 39
-0.038222 -0.091753 0.457000 31 44 41
-0.037041 -0.091753 0.457000 30 43 40
-0.035781 -0.091552 0.456000 31 44 41
-0.034602 -0.091552 0.456000 30 43 40
-0.033423 -0.091552 0.456000 31 44 41
-0.032173 -0.091352 0.455000 32 45 42
-0.031064 -0.091552 0.456000 30 43 40
-0.029820 -0.091352 0.455000 29 42 39
-0.028706 -0.091552 0.456000 28 41 38
-0.027527 -0.091552 0.456000 25 38 35
-0.026348 -0.091552 0.456000 25 38 35
-0.025169 -0.091552 0.456000 22 35 30
-0.023990 -0.091552 0.456000 22 35 30
-0.022811 -0.091552 0.456000 22 35 30
-0.021632 -0.091552 0.456000 24 37 32
-0.020453 -0.091552 0.456000 26 40 31
-0.019274 -0.091552 0.456000 25 39 30
-0.018095 -0.091552 0.456000 23 37 28
-0.016916 -0.091552 0.456000 24 38 29
-0.015736 -0.091552 0.456000 23 37 28
-0.014557 -0.091552 0.456000 22 36 27
-0.013378 -0.091552 0.456000 18 32 23
-0.012199 -0.091552 0.456000 17 31 22
-0.011020 -0.091552 0.456000 15 31 22
-0.009841 -0.091552 0.456000 20 36 27
-0.008662 -0.091552 0.456000 36 51 46
-0.007467 -0.091352 0.455000 45 60 55
-0.006304 -0.091552 0.456000 41 56 51
-0.005125 -0.091552 0.456000 35 50 45
-0.003946 -0.091552 0.456000 30 45 40
-0.002767 -0.091552 0.456000 27 42 37
-0.001588 -0.091552 0.456000 24 39 38
-0.000409 -0.091552 0.456000 26 41 40
0.000770 -0.091552 0.456000 21 36 35
0.008327 -0.097174 0.484000 52 64 66
0.009637 -0.097776 0.487000 39 51 53
0.010897 -0.097776 0.487000 39 51 55
0.012156 -0.097776 0.487000 23 35 39
0.013443 -0.097977 0.488000 29 44 43
0.014704 -0.097977 0.488000 55 70 69
0.015966 -0.097977 0.488000 54 67 66
0.017228 -0.097977 0.488000 39 52 51
0.018490 -0.097977 0.488000 32 44 46
0.019752 -0.097977 0.488000 29 41 43
0.021014 -0.097977 0.488000 27 38 38
0.022230 -0.097776 0.487000 61 72 72
0.043697 -0.095166 0.474000 106 126 109
0.044923 -0.095166 0.474000 107 127 110
0.046149 -0.095166 0.474000 110 130 113
0.047374 -0.095166 0.474000 120 137 119
0.048600 -0.095166 0.474000 116 133 115
0.049825 -0.095166 0.474000 101 119 96
0.051051 -0.095166 0.474000 67 85 62
0.053615 -0.095367 0.475000 61 86 51
0.054843 -0.095367 0.475000 57 92 52
0.056190 -0.095568 0.476000 64 99 59
0.057541 -0.095769 0.477000 68 105 64
0.058898 -0.095969 0.478000 70 107 66
0.060133 -0.095969 0.478000 73 105 66
0.061498 -0.096170 0.479000 76 108 69
0.062736 -0.096170 0.479000 96 123 94
0.064108 -0.096371 0.480000 114 141 112
0.102609 -0.097576 0.486000 92 99 93
0.103866 -0.097576 0.486000 97 106 99
0.105122 -0.097576 0.486000 103 112 105
0.106379 -0.097576 0.486000 85 98 95
0.107414 -0.097375 0.485000 50 63 60
0.108668 -0.097375 0.485000 25 36 34
0.109922 -0.097375 0.485000 25 36 34
0.110947 -0.097174 0.484000 25 38 35
0.111967 -0.096973 0.483000 29 42 39
0.112747 -0.096572 0.481000 30 43 40
0.113517 -0.096170 0.479000 33 46 43
0.114755 -0.096170 0.479000 30 45 42
0.115751 -0.095969 0.478000 34 49 46
0.186804 -0.097576 0.486000 148 155 159
0.188447 -0.097776 0.487000 154 161 165
0.189707 -0.097776 0.487000 101 111 118
0.190966 -0.097776 0.487000 80 90 97
0.192225 -0.097776 0.487000 78 89 98
0.193484 -0.097776 0.487000 73 84 93
0.194744 -0.097776 0.487000 58 70 76
0.196003 -0.097776 0.487000 54 66 72
0.197262 -0.097776 0.487000 50 64 70
0.198521 -0.097776 0.487000 63 77 83
0.199781 -0.097776 0.487000 52 63 61
-0.244332 -0.088192 0.445000 76 84 83
-0.243181 -0.088192 0.445000 65 71 69
-0.242030 -0.088192 0.445000 44 50 48
-0.241421 -0.088390 0.446000 38 51 46
-0.240723 -0.088984 0.449000 47 62 59
-0.240629 -0.089381 0.451000 48 63 60
-0.241587 -0.090174 0.455000 31 48 51
-0.240811 -0.090768 0.458000 105 115 122
-0.241197 -0.091363 0.461000 157 167 174
-0.190718 -0.091164 0.460000 80 86 88
-0.189117 -0.090966 0.459000 53 61 62
-0.187520 -0.090768 0.458000 49 57 58
-0.185929 -0.090570 0.457000 49 61 63
-0.184748 -0.090570 0.457000 46 58 60
-0.183164 -0.090372 0.456000 49 63 67
-0.181985 -0.090372 0.456000 49 63 67
-0.180806 -0.090372 0.456000 48 62 64
-0.179627 -0.090372 0.456000 44 58 60
-0.178448 -0.090372 0.456000 43 57 59
-0.177269 -0.090372 0.456000 43 57 59
-0.176090 -0.090372 0.456000 43 57 59
-0.174911 -0.090372 0.456000 49 63 65
-0.174113 -0.090570 0.457000 51 66 63
-0.171517 -0.092354 0.466000 72 85 84
-0.171043 -0.092750 0.468000 107 118 114
-0.170559 -0.093146 0.470000 131 142 138
-0.170064 -0.093543 0.472000 146 155 148
-0.169201 -0.093741 0.473000 139 148 141
-0.067310 -0.094930 0.479000 146 153 145
-0.066072 -0.094930 0.479000 150 154 147
-0.064833 -0.094930 0.479000 152 156 149
-0.063728 -0.095128 0.480000 149 154 144
-0.062356 -0.094930 0.479000 137 142 132
-0.061245 -0.095128 0.480000 120 127 121
-0.059879 -0.094930 0.479000 99 106 100
-0.058641 -0.094930 0.479000 76 82 84
-0.057402 -0.094930 0.479000 60 66 68
-0.056164 -0.094930 0.479000 50 58 59
-0.054925 -0.094930 0.479000 45 53 54
-0.053686 -0.094930 0.479000 40 53 50
-0.052338 -0.094732 0.478000 37 50 47
-0.050247 -0.093146 0.470000 45 53 52
-0.048302 -0.091759 0.463000 35 43 42
-0.046901 -0.091363 0.461000 30 41 37
-0.042949 -0.090570 0.457000 30 43 38
-0.041676 -0.090372 0.456000 30 43 40
-0.040497 -0.090372 0.456000 31 44 41
-0.039232 -0.090174 0.455000 31 44 41
-0.038055 -0.090174 0.455000 32 45 42
-0.036879 -0.090174 0.455000 30 43 40
-0.035702 -0.090174 0.455000 31 44 41
-0.034526 -0.090174 0.455000 30 43 40
-0.033349 -0.090174 0.455000 29 42 39
-0.032173 -0.090174 0.455000 28 41 38
-0.030996 -0.090174 0.455000 25 38 35
-0.029820 -0.090174 0.455000 23 36 33
-0.028643 -0.090174 0.455000 22 35 32
-0.027527 -0.090372 0.456000 22 35 32
-0.026348 -0.090372 0.456000 24 37 34
-0.025169 -0.090372 0.456000 22 35 32
-0.023990 -0.090372 0.456000 23 36 33
-0.022811 -0.090372 0.456000 23 37 28
-0.021632 -0.090372 0.456000 25 39 30
-0.020453 -0.090372 0.456000 26 40 31
-0.019274 -0.090372 0.456000 25 39 30
-0.018095 -0.090372 0.456000 22 36 27
-0.016916 -0.090372 0.456000 19 33 24
-0.015736 -0.090372 0.456000 17 31 22
-0.014557 -0.090372 0.456000 18 32 23
-0.013378 -0.090372 0.456000 17 30 25
-0.012199 -0.090372 0.456000 22 35 30
-0.011020 -0.090372 0.456000 25 38 33
-0.009841 -0.090372 0.456000 38 51 46
-0.008643 -0.090174 0.455000 44 57 52
-0.007483 -0.090372 0.456000 44 57 52
-0.006304 -0.090372 0.456000 33 48 43
-0.005114 -0.090174 0.455000 23 38 33
-0.003937 -0.090174 0.455000 26 41 38
-0.002767 -0.090372 0.456000 27 42 39
-0.001588 -0.090372 0.456000 28 40 42
0.008361 -0.096317 0.486000 30 42 46
0.009618 -0.096317 0.486000 24 36 40
0.010897 -0.096515 0.487000 27 41 43
0.012156 -0.096515 0.487000 35 49 51
0.013415 -0.096515 0.487000 61 76 75
0.014674 -0.096515 0.487000 50 65 64
0.015934 -0.096515 0.487000 38 51 48
0.017193 -0.096515 0.487000 33 46 43
0.018452 -0.096515 0.487000 24 37 34
0.019711 -0.096515 0.487000 38 51 48
0.020970 -0.096515 0.487000 89 103 92
0.022230 -0.096515 0.487000 121 135 124
0.041246 -0.093939 0.474000 78 106 81
0.042472 -0.093939 0.474000 79 107 82
0.043697 -0.093939 0.474000 80 108 83
0.044923 -0.093939 0.474000 86 114 87
0.046149 -0.093939 0.474000 91 119 92
0.047374 -0.093939 0.474000 96 119 94
0.048600 -0.093939 0.474000 101 124 99
0.049825 -0.093939 0.474000 109 128 102
0.051051 -0.093939 0.474000 111 130 104
0.052277 -0.093939 0.474000 88 112 80
0.053502 -0.093939 0.474000 69 93 61
0.054728 -0.093939 0.474000 53 88 50
0.056071 -0.094137 0.475000 57 92 54
0.057300 -0.094137 0.475000 61 98 59
0.059882 -0.094335 0.476000 73 106 64
0.061241 -0.094534 0.477000 79 112 70
0.062605 -0.094732 0.478000 85 115 76
0.063975 -0.094930 0.479000 82 112 73
0.065213 -0.094930 0.479000 101 125 97
0.103866 -0.096317 0.486000 91 100 93
0.105122 -0.096317 0.486000 92 101 94
0.106379 -0.096317 0.486000 101 112 108
0.107414 -0.096119 0.485000 101 112 108
0.110947 -0.095921 0.484000 26 37 35
0.111735 -0.095525 0.482000 24 35 33
0.112747 -0.095326 0.481000 26 41 40
0.113517 -0.094930 0.479000 30 45 44
0.114755 -0.094930 0.479000 28 43 42
0.115751 -0.094732 0.478000 30 45 44
0.116743 -0.094534 0.477000 31 49 45
0.117729 -0.094335 0.476000 34 52 48
0.118959 -0.094335 0.476000 23 36 31
0.186804 -0.096317 0.486000 148 158 161
0.188061 -0.096317 0.486000 145 155 158
0.189317 -0.096317 0.486000 83 93 100
0.190574 -0.096317 0.486000 80 90 97
0.191830 -0.096317 0.486000 79 90 99
0.193087 -0.096317 0.486000 71 82 91
0.194344 -0.096317 0.486000 59 70 79
0.195600 -0.096317 0.486000 53 64 73
0.196857 -0.096317 0.486000 50 66 74
0.199781 -0.096515 0.487000 64 75 75
-0.244332 -0.087040 0.445000 69 77 74
-0.243181 -0.087040 0.445000 57 65 62
-0.242030 -0.087040 0.445000 45 53 50
-0.241421 -0.087235 0.446000 38 51 46
-0.240723 -0.087822 0.449000 51 64 61
-0.240629 -0.088213 0.451000 47 60 57
-0.241587 -0.088995 0.455000 35 49 51
-0.241467 -0.089387 0.457000 36 50 52
-0.241197 -0.090169 0.461000 154 166 172
-0.187930 -0.089778 0.459000 60 68 69
-0.185929 -0.089387 0.457000 43 55 57
-0.184343 -0.089191 0.456000 40 52 54
-0.183164 -0.089191 0.456000 43 57 61
-0.181985 -0.089191 0.456000 48 62 66
-0.180410 -0.088995 0.455000 49 63 65
-0.179233 -0.088995 0.455000 48 62 64
-0.178057 -0.088995 0.455000 47 62 61
-0.176880 -0.088995 0.455000 43 58 57
-0.175704 -0.088995 0.455000 42 57 56
-0.174527 -0.088995 0.455000 45 60 59
-0.173351 -0.088995 0.455000 44 59 58
-0.172553 -0.089191 0.456000 47 62 61
-0.172501 -0.089778 0.459000 47 65 61
-0.171239 -0.090365 0.462000 56 71 70
-0.170781 -0.090756 0.464000 51 66 65
-0.169107 -0.091147 0.466000 56 69 66
-0.168263 -0.091343 0.467000 87 100 97
-0.168128 -0.091929 0.470000 120 133 130
-0.167268 -0.092125 0.471000 140 148 145
-0.166755 -0.092516 0.473000 144 152 149
-0.073503 -0.093690 0.479000 152 157 147
-0.072265 -0.093690 0.479000 151 156 146
-0.071026 -0.093690 0.479000 151 155 148
-0.069787 -0.093690 0.479000 152 156 149
-0.068549 -0.093690 0.479000 148 155 149
-0.067310 -0.093690 0.479000 138 145 139
-0.066072 -0.093690 0.479000 117 125 122
-0.064833 -0.093690 0.479000 93 101 98
-0.063595 -0.093690 0.479000 71 79 76
-0.062356 -0.093690 0.479000 61 69 66
-0.061118 -0.093690 0.479000 51 62 62
-0.059879 -0.093690 0.479000 47 58 58
-0.058641 -0.093690 0.479000 46 53 57
-0.057402 -0.093690 0.479000 49 56 60
-0.056164 -0.093690 0.479000 41 52 50
-0.054925 -0.093690 0.479000 32 43 41
-0.043938 -0.088995 0.455000 30 41 37
-0.042761 -0.088995 0.455000 33 44 40
-0.041585 -0.088995 0.455000 32 43 41
-0.040408 -0.088995 0.455000 32 43 41
-0.039145 -0.088800 0.454000 35 48 45
-0.037972 -0.088800 0.454000 30 43 40
-0.036798 -0.088800 0.454000 30 43 40
-0.035624 -0.088800 0.454000 26 39 36
-0.034450 -0.088800 0.454000 25 38 35
-0.033349 -0.088995 0.455000 24 37 34
-0.032173 -0.088995 0.455000 22 37 34
-0.030996 -0.088995 0.455000 20 35 32
-0.029820 -0.088995 0.455000 20 35 32
-0.028706 -0.089191 0.456000 21 36 33
-0.027527 -0.089191 0.456000 22 37 34
-0.026348 -0.089191 0.456000 23 38 35
-0.025169 -0.089191 0.456000 23 36 31
-0.023990 -0.089191 0.456000 22 35 30
-0.022811 -0.089191 0.456000 25 38 33
-0.021632 -0.089191 0.456000 43 56 51
-0.020453 -0.089191 0.456000 34 50 41
-0.019274 -0.089191 0.456000 26 42 33
-0.018095 -0.089191 0.456000 24 40 31
-0.016916 -0.089191 0.456000 17 33 24
-0.015736 -0.089191 0.456000 17 31 22
-0.014557 -0.089191 0.456000 21 35 26
-0.013378 -0.089191 0.456000 25 38 33
-0.012199 -0.089191 0.456000 40 53 48
-0.011020 -0.089191 0.456000 47 61 52
-0.009820 -0.088995 0.455000 47 61 52
-0.008662 -0.089191 0.456000 39 53 44
-0.007467 -0.088995 0.455000 33 47 38
-0.006290 -0.088995 0.455000 28 44 35
-0.005125 -0.089191 0.456000 26 42 33
-0.003946 -0.089191 0.456000 29 42 41
0.005836 -0.094863 0.485000 39 52 51
0.007090 -0.094863 0.485000 28 41 40
0.008344 -0.094863 0.485000 28 40 42
0.009598 -0.094863 0.485000 30 42 44
0.010874 -0.095059 0.486000 38 52 54
0.012131 -0.095059 0.486000 58 72 74
0.013388 -0.095059 0.486000 44 59 56
0.014674 -0.095254 0.487000 29 44 41
0.015901 -0.095059 0.486000 27 42 37
0.017158 -0.095059 0.486000 24 39 34
0.018414 -0.095059 0.486000 58 71 56
0.019671 -0.095059 0.486000 108 121 106
0.041246 -0.092712 0.474000 58 89 55
0.042472 -0.092712 0.474000 59 93 58
0.043697 -0.092712 0.474000 57 91 56
0.044923 -0.092712 0.474000 53 84 52
0.046149 -0.092712 0.474000 51 82 50
0.047374 -0.092712 0.474000 55 84 52
0.048600 -0.092712 0.474000 55 84 52
0.049825 -0.092712 0.474000 56 83 52
0.051051 -0.092712 0.474000 57 84 53
0.052277 -0.092712 0.474000 67 96 64
0.053389 -0.092516 0.473000 68 97 65
0.054612 -0.092516 0.473000 44 78 45
0.055835 -0.092516 0.473000 51 85 52
0.057058 -0.092516 0.473000 55 90 52
0.058405 -0.092712 0.474000 60 95 57
0.059630 -0.092712 0.474000 65 98 56
0.060856 -0.092712 0.474000 71 104 62
0.062212 -0.092907 0.475000 78 110 61
0.063708 -0.093299 0.477000 81 113 64
0.064805 -0.093103 0.476000 85 116 72
0.066452 -0.093690 0.479000 91 122 78
0.067691 -0.093690 0.479000 114 135 111
0.106160 -0.094863 0.485000 93 105 97
0.107414 -0.094863 0.485000 96 108 100
0.108668 -0.094863 0.485000 105 116 114
0.109922 -0.094863 0.485000 105 116 114
0.110947 -0.094668 0.484000 88 99 95
0.111967 -0.094472 0.483000 54 65 61
0.112747 -0.094081 0.481000 28 41 40
0.113753 -0.093885 0.480000 26 39 38
0.114755 -0.093690 0.479000 26 43 44
0.115751 -0.093494 0.478000 26 43 44
0.116987 -0.093494 0.478000 26 44 40
0.117729 -0.093103 0.476000 27 45 41
0.118710 -0.092907 0.475000 30 43 38
0.119938 -0.092907 0.475000 33 46 41
0.120911 -0.092712 0.474000 30 41 37
0.145988 -0.094668 0.484000 31 49 56
0.186804 -0.095059 0.486000 155 165 168
0.187674 -0.094863 0.485000 128 138 141
0.188928 -0.094863 0.485000 74 86 90
0.190182 -0.094863 0.485000 80 92 96
0.191436 -0.094863 0.485000 76 87 96
0.193087 -0.095059 0.486000 56 67 76
0.194344 -0.095059 0.486000 52 65 74
0.195600 -0.095059 0.486000 50 63 72
0.196857 -0.095059 0.486000 54 70 78
0.198114 -0.095059 0.486000 48 64 72
-0.243783 -0.085694 0.444000 78 86 83
-0.242635 -0.085694 0.444000 57 68 66
-0.241487 -0.085694 0.444000 40 51 49
-0.240880 -0.085887 0.445000 38 51 48
-0.240187 -0.086466 0.448000 50 63 62
-0.240096 -0.086852 0.450000 47 60 59
-0.240811 -0.088396 0.458000 124 136 142
-0.242243 -0.089361 0.463000 153 165 171
-0.186743 -0.088589 0.459000 76 84 85
-0.184748 -0.088203 0.457000 54 62 63
-0.183164 -0.088010 0.456000 42 54 58
-0.181985 -0.088010 0.456000 46 58 62
-0.180410 -0.087817 0.455000 47 61 65
-0.179233 -0.087817 0.455000 48 62 66
-0.177665 -0.087624 0.454000 48 62 64
-0.176492 -0.087624 0.454000 45 59 61
-0.175318 -0.087624 0.454000 45 60 59
-0.173351 -0.087817 0.455000 43 58 57
-0.172174 -0.087817 0.455000 44 59 58
-0.170998 -0.087817 0.455000 44 59 58
-0.170568 -0.088203 0.457000 42 57 56
-0.169757 -0.088396 0.458000 43 58 55
-0.168381 -0.089554 0.464000 50 65 62
-0.167055 -0.090133 0.467000 51 62 62
-0.166558 -0.090519 0.469000 71 79 78
-0.166403 -0.091098 0.472000 95 103 102
-0.165532 -0.091291 0.473000 119 130 128
-0.164657 -0.091484 0.474000 137 148 146
-0.077219 -0.092449 0.479000 156 161 151
-0.075980 -0.092449 0.479000 150 159 150
-0.074742 -0.092449 0.479000 146 155 146
-0.073503 -0.092449 0.479000 137 146 139
-0.072265 -0.092449 0.479000 119 128 121
-0.071026 -0.092449 0.479000 101 104 103
-0.069787 -0.092449 0.479000 85 88 87
-0.068549 -0.092449 0.479000 66 74 73
-0.067310 -0.092449 0.479000 55 63 62
-0.064833 -0.092449 0.479000 45 56 56
-0.063595 -0.092449 0.479000 46 57 55
-0.062356 -0.092449 0.479000 40 51 49
-0.061118 -0.092449 0.479000 39 50 50
-0.048109 -0.086852 0.450000 28 42 33
-0.046945 -0.086852 0.450000 30 44 35
-0.045884 -0.087045 0.451000 31 43 35
-0.044817 -0.087238 0.452000 32 44 36
-0.043744 -0.087431 0.453000 33 44 40
-0.042573 -0.087431 0.453000 34 45 41
-0.041402 -0.087431 0.453000 33 46 43
-0.040319 -0.087624 0.454000 32 45 42
-0.039145 -0.087624 0.454000 29 42 39
-0.037972 -0.087624 0.454000 25 38 35
-0.036798 -0.087624 0.454000 24 37 34
-0.035624 -0.087624 0.454000 24 37 34
-0.034526 -0.087817 0.455000 24 35 33
-0.033349 -0.087817 0.455000 24 35 33
-0.032173 -0.087817 0.455000 23 36 33
-0.030996 -0.087817 0.455000 23 36 33
-0.029885 -0.088010 0.456000 18 31 28
-0.028706 -0.088010 0.456000 18 31 28
-0.027527 -0.088010 0.456000 19 27 24
-0.026348 -0.088010 0.456000 28 36 33
-0.025169 -0.088010 0.456000 55 63 60
-0.023990 -0.088010 0.456000 75 83 80
-0.022811 -0.088010 0.456000 69 82 79
-0.021632 -0.088010 0.456000 45 58 55
-0.020453 -0.088010 0.456000 22 37 32
-0.019274 -0.088010 0.456000 22 37 32
-0.018095 -0.088010 0.456000 20 36 27
-0.016916 -0.088010 0.456000 17 33 24
-0.015736 -0.088010 0.456000 19 33 24
-0.014557 -0.088010 0.456000 30 44 35
-0.013378 -0.088010 0.456000 42 56 47
-0.012199 -0.088010 0.456000 43 57 48
-0.011020 -0.088010 0.456000 40 54 45
-0.009820 -0.087817 0.455000 32 46 37
-0.008662 -0.088010 0.456000 28 42 33
-0.007467 -0.087817 0.455000 29 43 34
-0.006290 -0.087817 0.455000 26 39 36
-0.005125 -0.088010 0.456000 26 39 36
0.005824 -0.093415 0.484000 31 44 43
0.007075 -0.093415 0.484000 26 39 38
0.008327 -0.093415 0.484000 28 41 40
0.009598 -0.093608 0.485000 45 58 57
0.010852 -0.093608 0.485000 55 70 69
0.012106 -0.093608 0.485000 40 55 54
0.013388 -0.093801 0.486000 31 46 43
0.014644 -0.093801 0.486000 24 39 36
0.015901 -0.093801 0.486000 28 45 27
0.017158 -0.093801 0.486000 70 87 69
0.018414 -0.093801 0.486000 89 111 82
0.019671 -0.093801 0.486000 86 108 79
0.020884 -0.093608 0.485000 76 99 63
0.022138 -0.093608 0.485000 71 94 58
0.023392 -0.093608 0.485000 68 93 56
0.040105 -0.091677 0.475000 68 100 61
0.041333 -0.091677 0.475000 70 102 63
0.042472 -0.091484 0.474000 67 102 62
0.043697 -0.091484 0.474000 64 99 59
0.044923 -0.091484 0.474000 63 98 58
0.046149 -0.091484 0.474000 62 97 57
0.047374 -0.091484 0.474000 60 95 55
0.048600 -0.091484 0.474000 54 89 49
0.049825 -0.091484 0.474000 53 85 46
0.051051 -0.091484 0.474000 48 80 41
0.052166 -0.091291 0.473000 40 71 39
0.053389 -0.091291 0.473000 36 67 35
0.054612 -0.091291 0.473000 35 69 36
0.055835 -0.091291 0.473000 39 73 40
0.057058 -0.091291 0.473000 46 81 43
0.058281 -0.091291 0.473000 60 95 57
0.059504 -0.091291 0.473000 58 91 49
0.060727 -0.091291 0.473000 63 96 54
0.062081 -0.091484 0.474000 71 103 54
0.063307 -0.091484 0.474000 72 104 55
0.064669 -0.091677 0.475000 78 111 57
0.067267 -0.091870 0.476000 86 114 76
0.068641 -0.092063 0.477000 101 129 91
0.107414 -0.093608 0.485000 96 105 96
0.108668 -0.093608 0.485000 93 105 97
0.109696 -0.093415 0.484000 96 108 100
0.110947 -0.093415 0.484000 104 115 111
0.111967 -0.093222 0.483000 105 116 112
0.112747 -0.092836 0.481000 91 102 100
0.113753 -0.092642 0.480000 54 65 63
0.114755 -0.092449 0.479000 30 43 42
0.115994 -0.092449 0.479000 26 39 38
0.116987 -0.092256 0.478000 30 43 40
0.117976 -0.092063 0.477000 30 43 40
0.118959 -0.091870 0.476000 30 43 38
0.119938 -0.091677 0.475000 29 42 37
0.120911 -0.091484 0.474000 32 45 40
0.121879 -0.091291 0.473000 37 50 45
0.123102 -0.091291 0.473000 32 50 46
0.124325 -0.091291 0.473000 38 56 52
0.125548 -0.091291 0.473000 73 88 87
0.145988 -0.093415 0.484000 67 81 85
0.147240 -0.093415 0.484000 61 75 79
0.148491 -0.093415 0.484000 54 66 72
0.149743 -0.093415 0.484000 51 63 69
0.150682 -0.093222 0.483000 47 57 62
0.154109 -0.093029 0.482000 47 57 62
0.155033 -0.092836 0.481000 43 57 61
0.156277 -0.092836 0.481000 47 61 65
0.157520 -0.092836 0.481000 47 64 67
0.158764 -0.092836 0.481000 48 65 68
0.160340 -0.093029 0.482000 47 66 70
0.161587 -0.093029 0.482000 49 68 72
0.163171 -0.093222 0.483000 46 68 71
0.164420 -0.093222 0.483000 47 69 72
0.186420 -0.093608 0.485000 157 167 170
0.187674 -0.093608 0.485000 105 115 118
0.188928 -0.093608 0.485000 73 85 91
0.190182 -0.093608 0.485000 81 93 99
0.191436 -0.093608 0.485000 70 83 92
0.192690 -0.093608 0.485000 54 67 76
0.193944 -0.093608 0.485000 51 64 73
0.195198 -0.093608 0.485000 55 68 77
0.196452 -0.093608 0.485000 57 73 81
0.198114 -0.093801 0.486000 42 58 66
-0.243783 -0.084545 0.444000 74 85 81
-0.242635 -0.084545 0.444000 51 66 65
-0.241487 -0.084545 0.444000 37 52 51
-0.240880 -0.084735 0.445000 33 53 50
-0.240268 -0.084926 0.446000 34 54 51
-0.240096 -0.085687 0.450000 43 58 57
-0.241863 -0.087591 0.460000 125 137 141
-0.183566 -0.087020 0.457000 71 79 80
-0.181985 -0.086830 0.456000 48 56 57
-0.180806 -0.086830 0.456000 44 56 58
-0.179233 -0.086639 0.455000 43 55 57
-0.177274 -0.086258 0.453000 42 56 58
-0.176103 -0.086258 0.453000 44 58 60
-0.174545 -0.086068 0.452000 47 61 63
-0.173760 -0.086258 0.453000 47 61 63
-0.172589 -0.086258 0.453000 44 59 58
-0.171796 -0.086449 0.454000 43 58 57
-0.169821 -0.086639 0.455000 41 56 55
-0.168645 -0.086639 0.455000 38 53 52
-0.167836 -0.086830 0.456000 36 51 50
-0.167388 -0.087211 0.458000 41 56 55
-0.165492 -0.088734 0.466000 59 67 66
-0.164993 -0.089115 0.468000 55 63 62
-0.164832 -0.089686 0.471000 52 63 61
-0.164309 -0.090067 0.473000 53 64 62
-0.163086 -0.090067 0.473000 76 84 83
-0.162205 -0.090257 0.474000 104 112 111
-0.160980 -0.090257 0.474000 128 136 133
-0.159754 -0.090257 0.474000 140 148 145
-0.083237 -0.091019 0.478000 151 163 155
-0.082001 -0.091019 0.478000 146 158 150
-0.080765 -0.091019 0.478000 139 147 136
-0.079529 -0.091019 0.478000 131 139 128
-0.078293 -0.091019 0.478000 117 122 112
-0.077219 -0.091209 0.479000 101 106 96
-0.075980 -0.091209 0.479000 77 86 79
-0.074742 -0.091209 0.479000 59 68 61
-0.073503 -0.091209 0.479000 53 64 62
-0.072265 -0.091209 0.479000 50 61 59
-0.071026 -0.091209 0.479000 53 61 62
-0.054478 -0.084735 0.445000 32 45 44
-0.053328 -0.084735 0.445000 32 45 44
-0.052177 -0.084735 0.445000 31 44 41
-0.051141 -0.084926 0.446000 30 43 40
-0.049054 -0.085306 0.448000 31 44 39
-0.048002 -0.085497 0.449000 31 45 36
-0.046945 -0.085687 0.450000 32 46 37
-0.045884 -0.085878 0.451000 32 44 36
-0.044817 -0.086068 0.452000 31 43 35
-0.043648 -0.086068 0.452000 29 43 34
-0.042573 -0.086258 0.453000 26 40 31
-0.041493 -0.086449 0.454000 25 38 33
-0.040319 -0.086449 0.454000 24 37 32
-0.039145 -0.086449 0.454000 22 35 30
-0.038055 -0.086639 0.455000 22 35 30
-0.036798 -0.086449 0.454000 24 35 31
-0.035624 -0.086449 0.454000 24 35 31
-0.034526 -0.086639 0.455000 22 33 33
-0.033349 -0.086639 0.455000 24 35 35
-0.032173 -0.086639 0.455000 17 28 26
-0.031064 -0.086830 0.456000 19 30 28
-0.029885 -0.086830 0.456000 38 46 43
-0.028706 -0.086830 0.456000 56 64 61
-0.027527 -0.086830 0.456000 93 102 95
-0.026348 -0.086830 0.456000 109 118 111
-0.025169 -0.086830 0.456000 96 107 103
-0.023990 -0.086830 0.456000 64 75 71
-0.022811 -0.086830 0.456000 24 35 35
-0.021632 -0.086830 0.456000 15 26 26
-0.020453 -0.086830 0.456000 19 32 31
-0.019274 -0.086830 0.456000 21 34 33
-0.018095 -0.086830 0.456000 19 33 24
-0.016916 -0.086830 0.456000 21 35 26
-0.015736 -0.086830 0.456000 36 52 41
-0.014557 -0.086830 0.456000 41 57 46
-0.013378 -0.086830 0.456000 36 52 41
-0.012199 -0.086830 0.456000 31 47 36
-0.011020 -0.086830 0.456000 28 44 35
-0.009841 -0.086830 0.456000 26 42 33
-0.008662 -0.086830 0.456000 27 43 34
-0.007483 -0.086830 0.456000 24 40 31
-0.006304 -0.086830 0.456000 25 36 32
0.003293 -0.091400 0.480000 41 52 52
0.004534 -0.091400 0.480000 37 48 48
0.005788 -0.091590 0.481000 25 38 37
0.007031 -0.091590 0.481000 30 43 42
0.008275 -0.091590 0.481000 45 58 57
0.009539 -0.091780 0.482000 56 69 68
0.010807 -0.091971 0.483000 39 52 51
0.012081 -0.092161 0.484000 31 44 43
0.013332 -0.092161 0.484000 27 43 32
0.014584 -0.092161 0.484000 35 51 40
0.015868 -0.092352 0.485000 70 92 63
0.017122 -0.092352 0.485000 77 99 70
0.018376 -0.092352 0.485000 74 102 66
0.019630 -0.092352 0.485000 73 101 65
0.020884 -0.092352 0.485000 72 101 60
0.022138 -0.092352 0.485000 73 102 61
0.038959 -0.090638 0.476000 70 100 61
0.040105 -0.090448 0.475000 66 98 59
0.041333 -0.090448 0.475000 71 103 64
0.042561 -0.090448 0.475000 70 103 61
0.043790 -0.090448 0.475000 65 98 56
0.045018 -0.090448 0.475000 65 98 56
0.046149 -0.090257 0.474000 64 97 55
0.047374 -0.090257 0.474000 65 98 56
0.048600 -0.090257 0.474000 65 98 56
0.049825 -0.090257 0.474000 62 94 55
0.051051 -0.090257 0.474000 61 93 54
0.052277 -0.090257 0.474000 57 92 54
0.053389 -0.090067 0.473000 56 91 53
0.054612 -0.090067 0.473000 47 81 46
0.055835 -0.090067 0.473000 41 75 40
0.057058 -0.090067 0.473000 37 72 34
0.058281 -0.090067 0.473000 48 83 45
0.059504 -0.090067 0.473000 51 86 48
0.060727 -0.090067 0.473000 54 89 51
0.061951 -0.090067 0.473000 64 95 51
0.063174 -0.090067 0.473000 67 98 54
0.064397 -0.090067 0.473000 71 104 50
0.065758 -0.090257 0.474000 78 111 57
0.066984 -0.090257 0.474000 79 111 62
0.068353 -0.090448 0.475000 79 111 62
0.069582 -0.090448 0.475000 93 116 80
0.070959 -0.090638 0.476000 118 141 105
0.072190 -0.090638 0.476000 130 145 120
0.108668 -0.092352 0.485000 97 106 99
0.109696 -0.092161 0.484000 97 106 99
0.110718 -0.091971 0.483000 96 108 100
0.111735 -0.091780 0.482000 98 110 102
0.112747 -0.091590 0.481000 104 115 111
0.113517 -0.091209 0.479000 111 122 118
0.114755 -0.091209 0.479000 96 109 108
0.115994 -0.091209 0.479000 54 67 66
0.116987 -0.091019 0.478000 29 42 41
0.117976 -0.090828 0.477000 23 36 35
0.118959 -0.090638 0.476000 28 41 38
0.120190 -0.090638 0.476000 29 42 39
0.120911 -0.090257 0.474000 28 43 40
0.121879 -0.090067 0.473000 31 46 43
0.123102 -0.090067 0.473000 34 52 48
0.124325 -0.090067 0.473000 32 50 46
0.125548 -0.090067 0.473000 27 44 45
0.126771 -0.090067 0.473000 35 52 53
0.127994 -0.090067 0.473000 89 101 103
0.139817 -0.091400 0.480000 140 149 142
0.141646 -0.091780 0.482000 139 148 141
0.144438 -0.091971 0.483000 129 140 136
0.145687 -0.091971 0.483000 108 120 124
0.147240 -0.092161 0.484000 108 120 124
0.148491 -0.092161 0.484000 110 120 125
0.149433 -0.091971 0.483000 110 120 125
0.150682 -0.091971 0.483000 112 122 127
0.151616 -0.091780 0.482000 107 117 122
0.152863 -0.091780 0.482000 124 134 137
0.153789 -0.091590 0.481000 122 132 135
0.155033 -0.091590 0.481000 109 124 123
0.156277 -0.091590 0.481000 97 112 111
0.157520 -0.091590 0.481000 89 107 105
0.158764 -0.091590 0.481000 86 104 102
0.160008 -0.091590 0.481000 82 101 101
0.161587 -0.091780 0.482000 81 100 100
0.163171 -0.091971 0.483000 81 100 100
0.164420 -0.091971 0.483000 82 101 101
0.167263 -0.092161 0.484000 92 111 111
0.185165 -0.092352 0.485000 153 160 154
0.186420 -0.092352 0.485000 149 157 158
0.187674 -0.092352 0.485000 88 96 97
0.188928 -0.092352 0.485000 75 87 91
0.190182 -0.092352 0.485000 85 97 101
0.191436 -0.092352 0.485000 62 76 82
0.192690 -0.092352 0.485000 51 65 71
0.193944 -0.092352 0.485000 46 62 70
0.195198 -0.092352 0.485000 55 71 79
0.196452 -0.092352 0.485000 52 69 74
0.197706 -0.092352 0.485000 62 79 84
-0.243234 -0.083207 0.443000 69 82 77
-0.242088 -0.083207 0.443000 45 64 64
-0.240943 -0.083207 0.443000 32 51 51
-0.240339 -0.083395 0.444000 30 52 53
-0.239729 -0.083583 0.445000 33 55 56
-0.239115 -0.083771 0.446000 42 61 61
-0.239994 -0.084898 0.452000 40 57 58
-0.241863 -0.086400 0.460000 124 136 138
-0.180806 -0.085649 0.456000 54 65 65
-0.179627 -0.085649 0.456000 39 50 50
-0.177665 -0.085273 0.454000 42 56 58
-0.176103 -0.085086 0.453000 42 56 58
-0.174545 -0.084898 0.452000 43 57 59
-0.173377 -0.084898 0.452000 44 58 60
-0.172208 -0.084898 0.452000 45 59 61
-0.171039 -0.084898 0.452000 45 59 61
-0.170246 -0.085086 0.453000 45 57 59
-0.169448 -0.085273 0.454000 43 55 57
-0.168274 -0.085273 0.454000 40 55 54
-0.167468 -0.085461 0.455000 38 53 52
-0.165478 -0.085649 0.456000 41 56 55
-0.163086 -0.088842 0.473000 63 71 70
-0.161863 -0.088842 0.473000 60 68 67
-0.160980 -0.089030 0.474000 62 70 71
-0.159754 -0.089030 0.474000 68 76 77
-0.158863 -0.089218 0.475000 74 82 83
-0.157635 -0.089218 0.475000 100 108 109
-0.156407 -0.089218 0.475000 129 135 133
-0.155178 -0.089218 0.475000 142 148 146
-0.152722 -0.089218 0.475000 146 154 151
-0.151494 -0.089218 0.475000 144 155 151
-0.089417 -0.089781 0.478000 149 158 151
-0.088181 -0.089781 0.478000 148 152 147
-0.086945 -0.089781 0.478000 136 140 135
-0.085709 -0.089781 0.478000 125 133 130
-0.084473 -0.089781 0.478000 98 106 103
-0.083237 -0.089781 0.478000 70 85 84
-0.082001 -0.089781 0.478000 64 79 78
-0.080765 -0.089781 0.478000 62 73 69
-0.077057 -0.089781 0.478000 51 58 50
-0.063254 -0.083019 0.442000 37 50 49
-0.053328 -0.083583 0.445000 30 45 44
-0.052177 -0.083583 0.445000 30 45 42
-0.050212 -0.084146 0.448000 30 45 40
-0.049163 -0.084334 0.449000 29 44 39
-0.048002 -0.084334 0.449000 31 45 36
-0.046945 -0.084522 0.450000 28 42 33
-0.045884 -0.084710 0.451000 29 41 33
-0.044817 -0.084898 0.452000 27 39 31
-0.043744 -0.085086 0.453000 25 39 30
-0.042667 -0.085273 0.454000 23 37 28
-0.041493 -0.085273 0.454000 22 38 29
-0.040408 -0.085461 0.455000 21 37 28
-0.038055 -0.085461 0.455000 21 34 29
-0.036879 -0.085461 0.455000 20 28 25
-0.035702 -0.085461 0.455000 19 27 24
-0.034526 -0.085461 0.455000 20 31 31
-0.033423 -0.085649 0.456000 38 49 49
-0.032243 -0.085649 0.456000 77 88 86
-0.031064 -0.085649 0.456000 101 112 110
-0.029885 -0.085649 0.456000 116 125 118
-0.028706 -0.085649 0.456000 118 127 120
-0.027527 -0.085649 0.456000 111 123 115
-0.026348 -0.085649 0.456000 81 93 85
-0.025169 -0.085649 0.456000 42 50 51
-0.023990 -0.085649 0.456000 17 25 26
-0.022811 -0.085649 0.456000 17 28 28
-0.021632 -0.085649 0.456000 22 33 33
-0.020453 -0.085649 0.456000 26 37 37
-0.019274 -0.085649 0.456000 29 40 40
-0.018095 -0.085649 0.456000 36 49 44
-0.016916 -0.085649 0.456000 45 58 53
-0.015736 -0.085649 0.456000 45 59 48
-0.014557 -0.085649 0.456000 37 51 40
-0.013378 -0.085649 0.456000 30 46 37
-0.012199 -0.085649 0.456000 24 40 31
-0.011020 -0.085649 0.456000 26 41 36
-0.009841 -0.085649 0.456000 26 41 36
-0.008662 -0.085649 0.456000 24 35 31
-0.007483 -0.085649 0.456000 31 42 38
0.002039 -0.089593 0.477000 51 57 55
0.003286 -0.089969 0.479000 38 46 45
0.004525 -0.089969 0.479000 25 33 32
0.005776 -0.090157 0.480000 30 43 42
0.007017 -0.090157 0.480000 53 66 65
0.009519 -0.090345 0.481000 37 52 51
0.010785 -0.090532 0.482000 30 43 38
0.012056 -0.090720 0.483000 26 39 34
0.013332 -0.090908 0.484000 49 65 44
0.014584 -0.090908 0.484000 79 95 74
0.015835 -0.090908 0.484000 74 102 66
0.017087 -0.090908 0.484000 73 101 65
0.018338 -0.090908 0.484000 71 103 64
0.019590 -0.090908 0.484000 71 103 64
0.020841 -0.090908 0.484000 69 102 60
0.022093 -0.090908 0.484000 62 95 53
0.037807 -0.089593 0.477000 65 92 59
0.038959 -0.089406 0.476000 65 92 59
0.040189 -0.089406 0.476000 65 92 59
0.041420 -0.089406 0.476000 66 93 60
0.042561 -0.089218 0.475000 64 94 57
0.043790 -0.089218 0.475000 63 93 56
0.045018 -0.089218 0.475000 61 91 54
0.046246 -0.089218 0.475000 63 93 56
0.047474 -0.089218 0.475000 64 94 57
0.048702 -0.089218 0.475000 64 94 57
0.049825 -0.089030 0.474000 61 91 54
0.051051 -0.089030 0.474000 61 91 54
0.052277 -0.089030 0.474000 58 90 53
0.053502 -0.089030 0.474000 58 90 53
0.054728 -0.089030 0.474000 57 89 52
0.055835 -0.088842 0.473000 54 86 49
0.057058 -0.088842 0.473000 48 83 45
0.058281 -0.088842 0.473000 44 79 41
0.059504 -0.088842 0.473000 45 81 47
0.060727 -0.088842 0.473000 50 86 52
0.061951 -0.088842 0.473000 54 90 47
0.063174 -0.088842 0.473000 57 93 50
0.064397 -0.088842 0.473000 62 96 45
0.065620 -0.088842 0.473000 71 105 54
0.066843 -0.088842 0.473000 78 109 56
0.068066 -0.088842 0.473000 79 110 57
0.069289 -0.088842 0.473000 87 114 67
0.070661 -0.089030 0.474000 92 119 72
0.071735 -0.088842 0.473000 104 127 91
0.072958 -0.088842 0.473000 96 119 83
0.074181 -0.088842 0.473000 99 111 87
0.111735 -0.090532 0.482000 100 109 100
0.112747 -0.090345 0.481000 100 112 104
0.113753 -0.090157 0.480000 102 114 106
0.114755 -0.089969 0.479000 103 116 113
0.115994 -0.089969 0.479000 113 126 123
0.116987 -0.089781 0.478000 95 108 105
0.118223 -0.089781 0.478000 63 76 73
0.119209 -0.089593 0.477000 26 39 38
0.120190 -0.089406 0.476000 24 37 36
0.121166 -0.089218 0.475000 27 42 41
0.122136 -0.089030 0.474000 28 43 42
0.123102 -0.088842 0.473000 28 46 44
0.124325 -0.088842 0.473000 31 49 47
0.125548 -0.088842 0.473000 33 50 53
0.126771 -0.088842 0.473000 33 50 53
0.127994 -0.088842 0.473000 31 43 49
0.129217 -0.088842 0.473000 47 59 65
0.130440 -0.088842 0.473000 105 113 114
0.131663 -0.088842 0.473000 145 153 154
0.139817 -0.090157 0.480000 138 147 140
0.141352 -0.090345 0.481000 135 144 137
0.185165 -0.091096 0.485000 155 163 162
0.186035 -0.090908 0.484000 125 133 134
0.187287 -0.090908 0.484000 78 86 87
0.188538 -0.090908 0.484000 80 92 96
0.189790 -0.090908 0.484000 83 95 99
0.191041 -0.090908 0.484000 54 68 74
0.192292 -0.090908 0.484000 48 62 68
0.193944 -0.091096 0.485000 47 64 69
0.195198 -0.091096 0.485000 62 79 84
0.196452 -0.091096 0.485000 47 61 65
-0.242684 -0.081875 0.442000 67 80 79
-0.241542 -0.081875 0.442000 56 78 79
-0.240399 -0.081875 0.442000 29 51 52
-0.239797 -0.082060 0.443000 32 54 55
-0.239190 -0.082245 0.444000 32 54 55
-0.238042 -0.082245 0.444000 40 59 59
-0.238495 -0.082801 0.447000 42 61 61
-0.240939 -0.084468 0.456000 31 48 49
-0.178448 -0.084468 0.456000 47 57 60
-0.176492 -0.084098 0.454000 46 56 59
-0.174931 -0.083913 0.453000 44 56 60
-0.173377 -0.083727 0.452000 44 56 60
-0.172208 -0.083727 0.452000 43 55 57
-0.171039 -0.083727 0.452000 44 56 58
-0.169870 -0.083727 0.452000 44 56 58
-0.168702 -0.083727 0.452000 44 56 58
-0.167533 -0.083727 0.452000 40 55 54
-0.166732 -0.083913 0.453000 41 56 55
-0.165926 -0.084098 0.454000 38 53 52
-0.164753 -0.084098 0.454000 37 52 51
-0.163218 -0.083913 0.453000 38 53 52
-0.160640 -0.087617 0.473000 57 68 68
-0.159417 -0.087617 0.473000 62 73 73
-0.158529 -0.087803 0.474000 64 74 77
-0.157303 -0.087803 0.474000 62 72 75
-0.156077 -0.087803 0.474000 62 70 71
-0.155178 -0.087988 0.475000 64 72 73
-0.153950 -0.087988 0.475000 72 87 86
-0.152401 -0.087803 0.474000 81 96 95
-0.151175 -0.087803 0.474000 96 107 105
-0.149949 -0.087803 0.474000 115 126 124
-0.148724 -0.087803 0.474000 138 145 139
-0.147498 -0.087803 0.474000 146 153 147
-0.146273 -0.087803 0.474000 152 156 149
-0.145047 -0.087803 0.474000 152 156 149
-0.143821 -0.087803 0.474000 152 157 147
-0.142596 -0.087803 0.474000 152 157 147
-0.141370 -0.087803 0.474000 149 156 148
-0.139849 -0.087617 0.473000 148 155 147
-0.100120 -0.088173 0.476000 160 162 153
-0.098889 -0.088173 0.476000 158 160 151
-0.097658 -0.088173 0.476000 152 154 145
-0.096428 -0.088173 0.476000 145 147 138
-0.095197 -0.088173 0.476000 127 134 128
-0.094163 -0.088358 0.477000 117 124 118
-0.092930 -0.088358 0.477000 98 113 112
-0.091697 -0.088358 0.477000 87 102 101
-0.090463 -0.088358 0.477000 78 90 92
-0.089230 -0.088358 0.477000 67 79 81
-0.088181 -0.088544 0.478000 67 73 75
-0.086945 -0.088544 0.478000 64 70 72
-0.085709 -0.088544 0.478000 53 64 64
-0.084473 -0.088544 0.478000 47 58 58
-0.083237 -0.088544 0.478000 41 55 57
-0.082001 -0.088544 0.478000 43 57 59
-0.070111 -0.081875 0.442000 39 52 47
-0.068968 -0.081875 0.442000 36 49 44
-0.066683 -0.081875 0.442000 33 48 45
-0.065540 -0.081875 0.442000 30 45 44
-0.064397 -0.081875 0.442000 30 45 44
-0.063254 -0.081875 0.442000 30 44 46
-0.062111 -0.081875 0.442000 31 45 47
-0.060968 -0.081875 0.442000 30 45 44
-0.059961 -0.082060 0.443000 30 45 44
-0.057670 -0.082060 0.443000 29 44 43
-0.053328 -0.082431 0.445000 27 45 41
-0.052177 -0.082431 0.445000 28 43 42
-0.050212 -0.082986 0.448000 28 41 38
-0.049163 -0.083172 0.449000 28 41 38
-0.048109 -0.083357 0.450000 26 37 33
-0.046945 -0.083357 0.450000 26 37 33
-0.045985 -0.083727 0.452000 24 37 32
-0.044034 -0.084468 0.456000 21 34 29
-0.042855 -0.084468 0.456000 22 35 30
-0.041585 -0.084283 0.455000 22 35 30
-0.040408 -0.084283 0.455000 22 35 30
-0.039318 -0.084468 0.456000 19 30 26
-0.038139 -0.084468 0.456000 18 29 25
-0.036960 -0.084468 0.456000 56 62 60
-0.035781 -0.084468 0.456000 87 93 91
-0.034602 -0.084468 0.456000 108 119 117
-0.033423 -0.084468 0.456000 117 128 126
-0.032243 -0.084468 0.456000 118 126 123
-0.031064 -0.084468 0.456000 117 125 122
-0.029885 -0.084468 0.456000 118 127 120
-0.028706 -0.084468 0.456000 104 113 106
-0.027527 -0.084468 0.456000 49 57 54
-0.026348 -0.084468 0.456000 21 29 26
-0.025169 -0.084468 0.456000 13 24 24
-0.024043 -0.084654 0.457000 22 33 33
-0.022861 -0.084654 0.457000 22 33 31
-0.021679 -0.084654 0.457000 25 36 34
-0.020498 -0.084654 0.457000 30 41 39
-0.019316 -0.084654 0.457000 37 48 46
-0.018134 -0.084654 0.457000 43 54 50
-0.016916 -0.084468 0.456000 41 52 48
-0.015736 -0.084468 0.456000 36 49 44
-0.014557 -0.084468 0.456000 30 43 38
-0.013378 -0.084468 0.456000 24 39 36
-0.012199 -0.084468 0.456000 26 41 38
0.002039 -0.088358 0.477000 35 41 41
0.003280 -0.088544 0.478000 31 39 38
0.004525 -0.088729 0.479000 32 40 39
0.005764 -0.088729 0.479000 58 71 70
0.007002 -0.088729 0.479000 56 69 68
0.008258 -0.088914 0.480000 36 49 46
0.009499 -0.088914 0.480000 32 45 42
0.010762 -0.089099 0.481000 31 45 34
0.013277 -0.089284 0.482000 80 99 73
0.014524 -0.089284 0.482000 73 92 66
0.015803 -0.089470 0.483000 70 100 63
0.017052 -0.089470 0.483000 74 104 67
0.018300 -0.089470 0.483000 71 103 64
0.019549 -0.089470 0.483000 68 100 61
0.020798 -0.089470 0.483000 58 90 51
0.022047 -0.089470 0.483000 53 85 46
0.036574 -0.088358 0.477000 66 89 64
0.037728 -0.088173 0.476000 64 85 61
0.038959 -0.088173 0.476000 63 84 60
0.040189 -0.088173 0.476000 64 85 61
0.041420 -0.088173 0.476000 63 84 60
0.042561 -0.087988 0.475000 62 83 59
0.043882 -0.088173 0.476000 63 84 60
0.045018 -0.087988 0.475000 62 86 58
0.046246 -0.087988 0.475000 62 86 58
0.047474 -0.087988 0.475000 66 90 62
0.048702 -0.087988 0.475000 66 90 62
0.049930 -0.087988 0.475000 64 88 58
0.051159 -0.087988 0.475000 63 87 57
0.052277 -0.087803 0.474000 62 86 56
0.053502 -0.087803 0.474000 62 86 56
0.054728 -0.087803 0.474000 59 88 56
0.055953 -0.087803 0.474000 58 87 55
0.057058 -0.087617 0.473000 55 86 54
0.058281 -0.087617 0.473000 51 82 50
0.059504 -0.087617 0.473000 49 83 50
0.060727 -0.087617 0.473000 48 82 49
0.061951 -0.087617 0.473000 53 85 48
0.063174 -0.087617 0.473000 56 88 51
0.064397 -0.087617 0.473000 60 91 45
0.065620 -0.087617 0.473000 61 92 46
0.066843 -0.087617 0.473000 71 101 51
0.068066 -0.087617 0.473000 73 103 53
0.069289 -0.087617 0.473000 79 108 63
0.070512 -0.087617 0.473000 83 112 67
0.071735 -0.087617 0.473000 87 116 73
0.072958 -0.087617 0.473000 88 117 74
0.074181 -0.087617 0.473000 90 111 73
0.075404 -0.087617 0.473000 90 111 73
0.076627 -0.087617 0.473000 104 105 65
0.113990 -0.089099 0.481000 100 112 104
0.114995 -0.088914 0.480000 103 114 110
0.115994 -0.088729 0.479000 108 119 115
0.117232 -0.088729 0.479000 112 123 119
0.118223 -0.088544 0.478000 117 128 124
0.119209 -0.088358 0.477000 90 103 100
0.120190 -0.088173 0.476000 59 72 69
0.121421 -0.088173 0.476000 23 37 39
0.122136 -0.087803 0.474000 26 40 42
0.123362 -0.087803 0.474000 27 44 49
0.124325 -0.087617 0.473000 28 45 50
0.125548 -0.087617 0.473000 31 48 53
0.126771 -0.087617 0.473000 32 49 54
0.127994 -0.087617 0.473000 32 49 54
0.129217 -0.087617 0.473000 31 48 53
0.130440 -0.087617 0.473000 36 48 50
0.131663 -0.087617 0.473000 72 84 86
0.132886 -0.087617 0.473000 119 127 124
0.134393 -0.087803 0.474000 146 154 151
0.136190 -0.088173 0.476000 144 153 146
0.137999 -0.088544 0.478000 135 144 137
0.139526 -0.088729 0.479000 134 143 136
0.184784 -0.089655 0.484000 148 156 155
0.186035 -0.089655 0.484000 97 107 110
0.186900 -0.089470 0.483000 80 90 93
0.188149 -0.089470 0.483000 86 98 102
0.189397 -0.089470 0.483000 64 76 80
0.191041 -0.089655 0.484000 45 59 63
0.192292 -0.089655 0.484000 48 62 66
0.193544 -0.089655 0.484000 62 75 84
0.195198 -0.089840 0.485000 61 74 83
0.196452 -0.089840 0.485000 60 72 74
-0.242684 -0.080731 0.442000 69 82 81
-0.240995 -0.080548 0.441000 58 77 79
-0.239855 -0.080548 0.441000 34 53 55
-0.239256 -0.080731 0.442000 32 54 55
-0.238113 -0.080731 0.442000 30 52 53
-0.237506 -0.080913 0.443000 39 56 57
-0.237961 -0.081461 0.446000 46 63 64
-0.242243 -0.084566 0.463000 152 162 165
-0.177269 -0.083288 0.456000 78 86 87
-0.175318 -0.082922 0.454000 46 56 59
-0.173760 -0.082740 0.453000 39 49 52
-0.172589 -0.082740 0.453000 40 50 55
-0.170661 -0.082374 0.451000 43 53 58
-0.169495 -0.082374 0.451000 42 54 58
-0.168328 -0.082374 0.451000 43 55 59
-0.167162 -0.082374 0.451000 40 55 54
-0.165996 -0.082374 0.451000 40 55 54
-0.164465 -0.082192 0.450000 38 53 50
-0.163301 -0.082192 0.450000 37 52 49
-0.162498 -0.082374 0.451000 37 52 49
-0.160974 -0.082192 0.450000 37 52 49
-0.159810 -0.082192 0.450000 37 52 49
-0.160057 -0.082922 0.454000 37 52 49
-0.152401 -0.086575 0.474000 54 71 72
-0.151175 -0.086575 0.474000 57 69 71
-0.149949 -0.086575 0.474000 58 70 72
-0.148724 -0.086575 0.474000 60 71 69
-0.147498 -0.086575 0.474000 64 75 73
-0.146273 -0.086575 0.474000 66 74 71
-0.145047 -0.086575 0.474000 74 82 79
-0.143821 -0.086575 0.474000 84 95 93
-0.142596 -0.086575 0.474000 98 109 107
-0.141370 -0.086575 0.474000 108 123 120
-0.139849 -0.086393 0.473000 118 133 130
-0.138626 -0.086393 0.473000 118 136 132
-0.137403 -0.086393 0.473000 121 139 135
-0.136180 -0.086393 0.473000 130 143 140
-0.134957 -0.086393 0.473000 132 145 142
-0.133734 -0.086393 0.473000 139 150 146
-0.132511 -0.086393 0.473000 140 151 147
-0.131288 -0.086393 0.473000 143 150 144
-0.130065 -0.086393 0.473000 147 154 148
-0.129114 -0.086575 0.474000 150 154 149
-0.127888 -0.086575 0.474000 150 154 149
-0.126663 -0.086575 0.474000 151 154 153
-0.125437 -0.086575 0.474000 151 154 153
-0.124212 -0.086575 0.474000 151 154 153
-0.123245 -0.086758 0.475000 153 156 155
-0.122017 -0.086758 0.475000 151 158 152
-0.121043 -0.086941 0.476000 150 157 151
-0.119812 -0.086941 0.476000 147 154 146
-0.118831 -0.087123 0.477000 145 152 144
-0.117597 -0.087123 0.477000 146 153 145
-0.116364 -0.087123 0.477000 145 152 144
-0.115131 -0.087123 0.477000 142 151 142
-0.113897 -0.087123 0.477000 139 148 139
-0.112664 -0.087123 0.477000 130 145 140
-0.111431 -0.087123 0.477000 128 143 138
-0.110197 -0.087123 0.477000 122 145 137
-0.108964 -0.087123 0.477000 122 145 137
-0.107730 -0.087123 0.477000 117 140 134
-0.106274 -0.086941 0.476000 115 138 132
-0.105043 -0.086941 0.476000 113 128 125
-0.103812 -0.086941 0.476000 104 119 116
-0.102582 -0.086941 0.476000 96 107 105
-0.101351 -0.086941 0.476000 81 92 90
-0.100120 -0.086941 0.476000 71 79 76
-0.098889 -0.086941 0.476000 69 77 74
-0.097658 -0.086941 0.476000 67 71 66
-0.096428 -0.086941 0.476000 67 71 66
-0.095197 -0.086941 0.476000 55 66 64
-0.093966 -0.086941 0.476000 52 63 61
-0.092930 -0.087123 0.477000 47 61 65
-0.091697 -0.087123 0.477000 48 62 66
-0.090463 -0.087123 0.477000 43 60 65
-0.089230 -0.087123 0.477000 39 56 61
-0.087997 -0.087123 0.477000 42 54 58
-0.086763 -0.087123 0.477000 40 52 56
-0.085530 -0.087123 0.477000 39 51 53
-0.073373 -0.080548 0.441000 36 51 50
-0.072233 -0.080548 0.441000 37 50 47
-0.071093 -0.080548 0.441000 37 50 47
-0.070111 -0.080731 0.442000 36 49 46
-0.068968 -0.080731 0.442000 33 46 43
-0.067825 -0.080731 0.442000 31 46 43
-0.066683 -0.080731 0.442000 31 46 43
-0.065540 -0.080731 0.442000 30 45 44
-0.064397 -0.080731 0.442000 31 46 45
-0.063254 -0.080731 0.442000 30 45 44
-0.062111 -0.080731 0.442000 30 45 44
-0.060968 -0.080731 0.442000 30 45 44
-0.059961 -0.080913 0.443000 30 45 44
-0.058815 -0.080913 0.443000 26 44 40
-0.057670 -0.080913 0.443000 25 43 39
-0.053328 -0.081278 0.445000 24 42 38
-0.052177 -0.081278 0.445000 22 40 36
-0.050212 -0.081826 0.448000 24 39 36
-0.049163 -0.082009 0.449000 23 38 35
-0.048109 -0.082192 0.450000 25 38 35
-0.047363 -0.082922 0.454000 22 35 32
-0.046392 -0.083288 0.456000 20 31 29
-0.044131 -0.083470 0.457000 15 28 25
-0.042949 -0.083470 0.457000 21 34 31
-0.041767 -0.083470 0.457000 22 35 30
-0.040586 -0.083470 0.457000 21 34 29
-0.039404 -0.083470 0.457000 34 42 39
-0.038222 -0.083470 0.457000 28 36 33
-0.037041 -0.083470 0.457000 110 116 114
-0.035859 -0.083470 0.457000 119 125 123
-0.034677 -0.083470 0.457000 113 119 117
-0.033496 -0.083470 0.457000 113 119 117
-0.032243 -0.083288 0.456000 119 127 124
-0.031064 -0.083288 0.456000 114 122 119
-0.029885 -0.083288 0.456000 77 85 82
-0.028769 -0.083470 0.457000 34 42 39
-0.027588 -0.083470 0.457000 17 28 28
-0.026406 -0.083470 0.457000 20 31 31
-0.025224 -0.083470 0.457000 20 31 31
-0.024043 -0.083470 0.457000 23 34 34
-0.022861 -0.083470 0.457000 29 37 34
-0.021679 -0.083470 0.457000 42 50 47
-0.020498 -0.083470 0.457000 46 58 50
-0.019316 -0.083470 0.457000 44 56 48
-0.018134 -0.083470 0.457000 39 52 47
-0.016953 -0.083470 0.457000 30 43 38
-0.015736 -0.083288 0.456000 25 38 35
-0.014557 -0.083288 0.456000 30 43 40
-0.013378 -0.083288 0.456000 29 41 43
-0.000424 -0.086393 0.473000 47 53 55
0.000803 -0.086758 0.475000 39 47 48
0.002035 -0.086941 0.476000 31 39 40
0.003273 -0.087123 0.477000 30 41 39
0.004516 -0.087306 0.478000 57 68 66
0.005751 -0.087306 0.478000 58 69 67
0.007002 -0.087489 0.479000 38 49 47
0.008241 -0.087489 0.479000 30 43 40
0.009479 -0.087489 0.479000 32 45 42
0.010740 -0.087671 0.480000 66 81 63
0.011981 -0.087671 0.480000 75 90 72
0.013250 -0.087854 0.481000 69 91 64
0.014494 -0.087854 0.481000 70 92 65
0.015737 -0.087854 0.481000 67 96 62
0.018263 -0.088036 0.482000 71 101 64
0.019549 -0.088219 0.483000 67 97 60
0.020798 -0.088219 0.483000 57 86 54
0.031707 -0.087306 0.478000 90 106 85
0.032942 -0.087306 0.478000 94 109 91
0.034107 -0.087123 0.477000 100 115 97
0.035340 -0.087123 0.477000 100 115 99
0.036574 -0.087123 0.477000 96 111 95
0.037807 -0.087123 0.477000 97 110 95
0.039040 -0.087123 0.477000 100 113 98
0.040189 -0.086941 0.476000 95 108 95
0.041420 -0.086941 0.476000 94 107 94
0.042651 -0.086941 0.476000 92 107 89
0.043882 -0.086941 0.476000 89 104 86
0.045112 -0.086941 0.476000 81 95 75
0.046343 -0.086941 0.476000 79 93 73
0.047474 -0.086758 0.475000 72 88 67
0.048805 -0.086941 0.476000 71 87 66
0.050036 -0.086941 0.476000 72 88 67
0.051159 -0.086758 0.475000 71 87 66
0.052387 -0.086758 0.475000 68 84 63
0.053615 -0.086758 0.475000 67 83 62
0.054843 -0.086758 0.475000 63 84 60
0.055953 -0.086575 0.474000 62 83 59
0.057179 -0.086575 0.474000 61 85 57
0.058405 -0.086575 0.474000 60 84 56
0.059504 -0.086393 0.473000 56 85 55
0.060727 -0.086393 0.473000 55 84 54
0.061951 -0.086393 0.473000 53 82 50
0.063174 -0.086393 0.473000 55 84 52
0.064397 -0.086393 0.473000 57 87 50
0.065620 -0.086393 0.473000 63 93 56
0.066843 -0.086393 0.473000 65 94 51
0.068066 -0.086393 0.473000 68 97 54
0.069289 -0.086393 0.473000 71 100 57
0.070512 -0.086393 0.473000 78 107 64
0.071735 -0.086393 0.473000 80 116 71
0.072804 -0.086210 0.472000 82 118 73
0.074024 -0.086210 0.472000 87 116 71
0.075244 -0.086210 0.472000 82 111 66
0.076465 -0.086210 0.472000 100 111 63
0.077685 -0.086210 0.472000 114 125 77
0.114995 -0.087671 0.480000 101 112 108
0.115994 -0.087489 0.479000 105 116 112
0.117232 -0.087489 0.479000 109 120 116
0.118471 -0.087489 0.479000 109 120 116
0.119459 -0.087306 0.478000 117 130 125
0.120443 -0.087123 0.477000 118 131 126
0.121421 -0.086941 0.476000 94 107 106
0.122394 -0.086758 0.475000 52 65 64
0.123362 -0.086575 0.474000 27 41 47
0.124588 -0.086575 0.474000 23 37 43
0.125548 -0.086393 0.473000 27 44 49
0.126771 -0.086393 0.473000 31 48 53
0.127994 -0.086393 0.473000 32 49 54
0.129217 -0.086393 0.473000 34 51 56
0.130440 -0.086393 0.473000 33 50 51
0.131663 -0.086393 0.473000 26 43 44
0.132886 -0.086393 0.473000 47 58 56
0.134393 -0.086575 0.474000 91 102 100
0.135904 -0.086758 0.475000 132 144 136
0.137710 -0.087123 0.477000 140 152 144
0.139526 -0.087489 0.479000 137 146 137
0.140764 -0.087489 0.479000 131 140 131
0.183532 -0.088402 0.484000 154 165 165
0.184784 -0.088402 0.484000 121 132 132
0.185651 -0.088219 0.483000 82 94 98
0.186900 -0.088219 0.483000 87 99 103
0.187759 -0.088036 0.482000 67 81 87
0.189397 -0.088219 0.483000 45 59 65
0.190646 -0.088219 0.483000 47 64 67
0.191895 -0.088219 0.483000 56 73 76
0.193544 -0.088402 0.484000 67 84 89
0.194795 -0.088402 0.484000 52 69 74
-0.242684 -0.079586 0.442000 69 80 80
-0.240995 -0.079406 0.441000 62 79 80
-0.239855 -0.079406 0.441000 38 55 56
-0.238715 -0.079406 0.441000 35 52 53
-0.238113 -0.079586 0.442000 33 50 51
-0.236970 -0.079586 0.442000 42 57 56
-0.236894 -0.079946 0.444000 47 62 61
-0.174911 -0.082107 0.456000 87 93 95
-0.172970 -0.081747 0.454000 54 62 63
-0.171418 -0.081567 0.453000 42 50 51
-0.169870 -0.081387 0.452000 37 49 53
-0.168328 -0.081207 0.451000 38 50 54
-0.167162 -0.081207 0.451000 38 52 54
-0.165628 -0.081027 0.450000 40 54 56
-0.164465 -0.081027 0.450000 40 55 54
-0.163301 -0.081027 0.450000 37 52 51
-0.162137 -0.081027 0.450000 36 51 48
-0.160974 -0.081027 0.450000 34 49 46
-0.159810 -0.081027 0.450000 37 52 49
-0.158647 -0.081027 0.450000 37 52 49
-0.157133 -0.080847 0.449000 37 52 51
-0.155972 -0.080847 0.449000 37 52 51
-0.133734 -0.085168 0.473000 65 76 74
-0.125437 -0.085348 0.474000 75 81 81
-0.117351 -0.085708 0.476000 65 72 64
-0.116364 -0.085888 0.477000 64 71 63
-0.115131 -0.085888 0.477000 62 71 64
-0.113897 -0.085888 0.477000 61 70 63
-0.082309 -0.079226 0.440000 34 51 54
-0.080033 -0.079226 0.440000 32 49 52
-0.078895 -0.079226 0.440000 34 48 50
-0.077758 -0.079226 0.440000 35 49 51
-0.076620 -0.079226 0.440000 33 48 47
-0.075482 -0.079226 0.440000 33 48 47
-0.074345 -0.079226 0.440000 34 49 48
-0.073373 -0.079406 0.441000 33 48 47
-0.072233 -0.079406 0.441000 35 50 49
-0.071093 -0.079406 0.441000 31 46 45
-0.070111 -0.079586 0.442000 30 45 44
-0.068968 -0.079586 0.442000 29 44 43
-0.067825 -0.079586 0.442000 29 44 43
-0.066683 -0.079586 0.442000 29 44 43
-0.065688 -0.079766 0.443000 30 45 44
-0.064542 -0.079766 0.443000 29 44 43
-0.063254 -0.079586 0.442000 28 43 40
-0.062111 -0.079586 0.442000 26 41 38
-0.061106 -0.079766 0.443000 29 44 41
-0.059961 -0.079766 0.443000 27 42 39
-0.058815 -0.079766 0.443000 26 44 40
-0.057670 -0.079766 0.443000 24 42 38
-0.046799 -0.082827 0.460000 33 41 40
-0.045610 -0.082827 0.460000 49 57 56
-0.044324 -0.082647 0.459000 70 78 75
-0.043137 -0.082647 0.459000 48 56 53
-0.041950 -0.082647 0.459000 36 44 43
-0.040763 -0.082647 0.459000 24 32 31
-0.039490 -0.082467 0.458000 36 44 43
-0.038306 -0.082467 0.458000 33 41 40
-0.037041 -0.082287 0.457000 106 109 108
-0.035859 -0.082287 0.457000 120 123 122
-0.034677 -0.082287 0.457000 113 122 115
-0.033496 -0.082287 0.457000 114 123 116
-0.032314 -0.082287 0.457000 96 104 103
-0.031064 -0.082107 0.456000 40 48 47
-0.029951 -0.082287 0.457000 17 25 24
-0.028706 -0.082107 0.456000 17 25 24
-0.027527 -0.082107 0.456000 23 34 34
-0.026348 -0.082107 0.456000 24 35 35
-0.025224 -0.082287 0.457000 32 43 41
-0.023990 -0.082107 0.456000 34 45 43
-0.022861 -0.082287 0.457000 41 53 45
-0.021632 -0.082107 0.456000 44 56 48
-0.020498 -0.082287 0.457000 43 55 47
-0.019316 -0.082287 0.457000 37 49 41
-0.018134 -0.082287 0.457000 31 44 39
-0.016953 -0.082287 0.457000 30 43 38
-0.015771 -0.082287 0.457000 26 41 40
-0.014589 -0.082287 0.457000 26 41 40
-0.001647 -0.085168 0.473000 45 55 58
-0.000425 -0.085348 0.474000 26 36 39
0.000801 -0.085348 0.474000 24 35 35
0.002031 -0.085528 0.475000 37 48 48
0.003266 -0.085708 0.476000 54 65 63
0.004506 -0.085888 0.477000 53 64 62
0.005739 -0.085888 0.477000 30 41 39
0.006987 -0.086068 0.478000 26 37 35
0.008223 -0.086068 0.478000 38 52 41
0.009479 -0.086248 0.479000 69 83 72
0.010718 -0.086248 0.479000 79 97 76
0.011956 -0.086248 0.479000 74 92 71
0.013222 -0.086428 0.480000 71 90 64
0.014463 -0.086428 0.480000 70 89 63
0.015737 -0.086608 0.481000 66 89 64
0.051266 -0.085708 0.476000 99 109 93
0.052497 -0.085708 0.476000 98 108 92
0.053728 -0.085708 0.476000 93 103 87
0.054959 -0.085708 0.476000 83 93 77
0.056071 -0.085528 0.475000 78 88 72
0.057179 -0.085348 0.474000 70 84 64
0.058405 -0.085348 0.474000 66 80 60
0.059630 -0.085348 0.474000 63 81 58
0.060727 -0.085168 0.473000 65 83 60
0.061951 -0.085168 0.473000 59 82 57
0.063174 -0.085168 0.473000 58 81 56
0.064397 -0.085168 0.473000 55 84 54
0.065620 -0.085168 0.473000 55 84 54
0.066843 -0.085168 0.473000 58 87 55
0.068066 -0.085168 0.473000 65 94 62
0.069142 -0.084988 0.472000 67 97 58
0.070363 -0.084988 0.472000 70 100 61
0.071583 -0.084988 0.472000 69 105 60
0.072804 -0.084988 0.472000 73 109 64
0.073867 -0.084808 0.471000 86 120 71
0.075085 -0.084808 0.471000 84 118 69
0.076303 -0.084808 0.471000 93 116 66
0.077521 -0.084808 0.471000 100 123 73
0.078739 -0.084808 0.471000 118 115 70
0.118471 -0.086248 0.479000 108 119 115
0.119459 -0.086068 0.478000 109 120 116
0.120695 -0.086068 0.478000 115 126 122
0.121676 -0.085888 0.477000 124 135 133
0.122652 -0.085708 0.476000 125 136 134
0.123622 -0.085528 0.475000 98 108 111
0.124588 -0.085348 0.474000 47 57 60
0.125813 -0.085348 0.474000 28 42 48
0.126771 -0.085168 0.473000 27 41 47
0.127994 -0.085168 0.473000 31 47 55
0.129217 -0.085168 0.473000 34 50 58
0.130440 -0.085168 0.473000 33 50 53
0.131663 -0.085168 0.473000 31 48 51
0.132886 -0.085168 0.473000 28 41 40
0.134393 -0.085348 0.474000 31 44 43
0.135904 -0.085528 0.475000 60 73 70
0.137421 -0.085708 0.476000 103 116 113
0.139235 -0.086068 0.478000 138 149 145
0.140764 -0.086248 0.479000 131 142 138
0.183153 -0.086969 0.483000 135 145 148
0.184020 -0.086788 0.482000 101 111 114
0.185266 -0.086788 0.482000 92 104 108
0.186513 -0.086788 0.482000 82 94 98
0.187759 -0.086788 0.482000 56 70 74
0.189005 -0.086788 0.482000 51 65 69
0.190252 -0.086788 0.482000 49 66 69
0.191895 -0.086969 0.483000 63 80 83
0.193144 -0.086969 0.483000 55 69 73
0.194795 -0.087149 0.484000 66 80 84
-0.242135 -0.078264 0.441000 68 79 79
-0.240995 -0.078264 0.441000 70 84 86
-0.239311 -0.078087 0.440000 43 57 59
-0.238715 -0.078264 0.441000 35 49 51
-0.237574 -0.078264 0.441000 34 48 50
-0.236434 -0.078264 0.441000 42 55 52
-0.235827 -0.078442 0.442000 45 58 55
-0.243966 -0.082346 0.464000 90 95 100
-0.171796 -0.080571 0.454000 96 104 103
-0.170246 -0.080394 0.453000 68 79 79
-0.168702 -0.080216 0.452000 44 55 55
-0.167162 -0.080039 0.451000 39 51 53
-0.165996 -0.080039 0.451000 37 49 51
-0.164465 -0.079861 0.450000 35 50 49
-0.163301 -0.079861 0.450000 36 51 50
-0.162137 -0.079861 0.450000 35 50 49
-0.160974 -0.079861 0.450000 35 50 49
-0.159810 -0.079861 0.450000 35 49 51
-0.158647 -0.079861 0.450000 36 50 52
-0.157133 -0.079684 0.449000 37 51 55
-0.155972 -0.079684 0.449000 35 49 53
-0.154811 -0.079684 0.449000 36 50 54
-0.082309 -0.078087 0.440000 33 48 47
-0.081171 -0.078087 0.440000 31 46 45
-0.078895 -0.078087 0.440000 31 46 45
-0.077758 -0.078087 0.440000 31 46 45
-0.076620 -0.078087 0.440000 30 45 42
-0.075482 -0.078087 0.440000 30 45 42
-0.074514 -0.078264 0.441000 31 46 43
-0.073373 -0.078264 0.441000 31 46 43
-0.072233 -0.078264 0.441000 31 46 43
-0.071254 -0.078442 0.442000 30 45 42
-0.070111 -0.078442 0.442000 31 46 45
-0.068968 -0.078442 0.442000 30 45 44
-0.067825 -0.078442 0.442000 28 43 42
-0.066683 -0.078442 0.442000 28 43 42
-0.065688 -0.078619 0.443000 29 44 41
-0.064397 -0.078442 0.442000 28 43 40
-0.063254 -0.078442 0.442000 27 42 39
-0.062252 -0.078619 0.443000 24 39 36
-0.061106 -0.078619 0.443000 28 43 40
-0.059961 -0.078619 0.443000 26 41 38
-0.058815 -0.078619 0.443000 23 38 35
-0.057670 -0.078619 0.443000 23 38 35
-0.050461 -0.083766 0.472000 69 75 75
-0.049136 -0.083588 0.471000 92 98 98
-0.047613 -0.083056 0.468000 104 110 110
-0.045709 -0.081814 0.461000 110 116 116
-0.044517 -0.081814 0.461000 106 112 110
-0.043325 -0.081814 0.461000 51 57 55
-0.042133 -0.081814 0.461000 41 52 50
-0.040852 -0.081636 0.460000 22 33 31
-0.039577 -0.081459 0.459000 33 41 40
-0.038390 -0.081459 0.459000 33 41 40
-0.037041 -0.081104 0.457000 103 106 105
-0.035859 -0.081104 0.457000 121 124 123
-0.034677 -0.081104 0.457000 100 108 105
-0.033496 -0.081104 0.457000 60 68 65
-0.032243 -0.080926 0.456000 45 56 54
-0.031064 -0.080926 0.456000 32 43 41
-0.029885 -0.080926 0.456000 16 27 25
-0.028706 -0.080926 0.456000 23 34 32
-0.027527 -0.080926 0.456000 26 34 33
-0.026348 -0.080926 0.456000 34 42 41
-0.025169 -0.080926 0.456000 44 55 51
-0.023990 -0.080926 0.456000 44 55 51
-0.022811 -0.080926 0.456000 41 52 48
-0.021632 -0.080926 0.456000 36 47 43
-0.020453 -0.080926 0.456000 31 45 36
-0.019316 -0.081104 0.457000 30 44 35
-0.018134 -0.081104 0.457000 30 43 38
-0.016916 -0.080926 0.456000 26 39 34
-0.015771 -0.081104 0.457000 23 36 35
-0.001647 -0.083943 0.473000 38 48 51
-0.000425 -0.084121 0.474000 22 32 35
0.000801 -0.084121 0.474000 36 47 47
0.002027 -0.084121 0.474000 58 69 69
0.003252 -0.084121 0.474000 51 62 60
0.004497 -0.084476 0.476000 34 45 43
0.005727 -0.084476 0.476000 25 36 32
0.006973 -0.084653 0.477000 39 50 46
0.008206 -0.084653 0.477000 71 86 70
0.009459 -0.084831 0.478000 78 93 77
0.010718 -0.085008 0.479000 71 89 68
0.011956 -0.085008 0.479000 70 88 67
0.013195 -0.085008 0.479000 71 89 68
0.014433 -0.085008 0.479000 86 104 83
0.060856 -0.084121 0.474000 75 89 67
0.062081 -0.084121 0.474000 67 85 62
0.063174 -0.083943 0.473000 66 84 61
0.064397 -0.083943 0.473000 60 82 62
0.065620 -0.083943 0.473000 58 80 60
0.066843 -0.083943 0.473000 57 83 59
0.068066 -0.083943 0.473000 58 84 60
0.069289 -0.083943 0.473000 61 88 57
0.070363 -0.083766 0.472000 67 94 63
0.071583 -0.083766 0.472000 71 102 60
0.072649 -0.083588 0.471000 71 102 60
0.073867 -0.083588 0.471000 74 105 59
0.075085 -0.083588 0.471000 80 111 65
0.076303 -0.083588 0.471000 86 116 68
0.077356 -0.083411 0.470000 99 129 81
0.078571 -0.083411 0.470000 87 100 56
0.079956 -0.083588 0.471000 75 88 44
0.081347 -0.083766 0.472000 97 90 41
0.082567 -0.083766 0.472000 133 126 77
0.120695 -0.084831 0.478000 111 123 115
0.121931 -0.084831 0.478000 116 127 123
0.122909 -0.084653 0.477000 123 134 130
0.123883 -0.084476 0.476000 130 138 137
0.124851 -0.084298 0.475000 126 134 133
0.126079 -0.084298 0.475000 88 98 101
0.127039 -0.084121 0.474000 47 57 60
0.128265 -0.084121 0.474000 26 39 48
0.129217 -0.083943 0.473000 33 46 55
0.130440 -0.083943 0.473000 33 49 57
0.131663 -0.083943 0.473000 32 48 56
0.132886 -0.083943 0.473000 35 50 49
0.134393 -0.084121 0.474000 34 49 48
0.135618 -0.084121 0.474000 29 42 41
0.137133 -0.084298 0.475000 39 52 51
0.138652 -0.084476 0.476000 79 91 93
0.140177 -0.084653 0.477000 123 135 137
0.141706 -0.084831 0.478000 116 127 127
0.143241 -0.085008 0.479000 112 123 123
0.144480 -0.085008 0.479000 114 125 125
0.181528 -0.085540 0.482000 148 154 156
0.182774 -0.085540 0.482000 111 121 124
0.183638 -0.085363 0.481000 87 97 100
0.184882 -0.085363 0.481000 87 99 103
0.186126 -0.085363 0.481000 63 75 79
0.187369 -0.085363 0.481000 49 63 67
0.188613 -0.085363 0.481000 51 65 69
0.190252 -0.085540 0.482000 60 77 80
0.191895 -0.085718 0.483000 56 73 76
0.193144 -0.085718 0.483000 52 66 70
0.194795 -0.085895 0.484000 107 121 125
-0.242135 -0.077122 0.441000 68 76 77
-0.240449 -0.076947 0.440000 71 85 87
-0.239311 -0.076947 0.440000 49 63 65
-0.238173 -0.076947 0.440000 37 51 53
-0.237036 -0.076947 0.440000 35 49 51
-0.236970 -0.077297 0.442000 38 53 48
-0.236361 -0.077472 0.443000 42 57 52
-0.243813 -0.081494 0.466000 158 163 168
-0.167904 -0.079221 0.453000 72 83 83
-0.166732 -0.079221 0.453000 48 59 59
-0.165561 -0.079221 0.453000 43 54 52
-0.164027 -0.079046 0.452000 36 47 45
-0.162498 -0.078871 0.451000 34 49 48
-0.161332 -0.078871 0.451000 37 52 51
-0.160165 -0.078871 0.451000 37 51 55
-0.158647 -0.078696 0.450000 37 51 55
-0.157483 -0.078696 0.450000 36 50 52
-0.156320 -0.078696 0.450000 36 50 52
-0.154811 -0.078521 0.449000 35 49 51
-0.152966 -0.078172 0.447000 36 50 52
-0.150317 -0.077997 0.446000 37 51 53
-0.149164 -0.077997 0.446000 35 49 51
-0.147679 -0.077822 0.445000 36 50 52
-0.146528 -0.077822 0.445000 36 51 50
-0.082309 -0.076947 0.440000 31 49 45
-0.080033 -0.076947 0.440000 26 44 40
-0.078895 -0.076947 0.440000 27 45 41
-0.077758 -0.076947 0.440000 25 43 39
-0.076620 -0.076947 0.440000 28 43 40
-0.075482 -0.076947 0.440000 31 46 43
-0.074514 -0.077122 0.441000 31 46 43
-0.073373 -0.077122 0.441000 31 46 43
-0.072233 -0.077122 0.441000 29 44 41
-0.071254 -0.077297 0.442000 29 44 41
-0.070111 -0.077297 0.442000 29 44 43
-0.068968 -0.077297 0.442000 28 43 42
-0.067825 -0.077297 0.442000 26 41 38
-0.066683 -0.077297 0.442000 26 41 38
-0.065540 -0.077297 0.442000 27 42 39
-0.064542 -0.077472 0.443000 24 39 36
-0.063397 -0.077472 0.443000 29 42 39
-0.062252 -0.077472 0.443000 28 41 38
-0.057906 -0.082719 0.473000 41 49 50
-0.055460 -0.082719 0.473000 79 87 84
-0.054237 -0.082719 0.473000 98 106 103
-0.053014 -0.082719 0.473000 107 111 106
-0.051791 -0.082719 0.473000 106 110 105
-0.050461 -0.082544 0.472000 105 108 107
-0.049136 -0.082369 0.471000 99 102 101
-0.047613 -0.081844 0.468000 96 104 101
-0.046304 -0.081669 0.467000 99 107 104
-0.043325 -0.080620 0.461000 48 55 49
-0.042133 -0.080620 0.461000 43 56 53
-0.040852 -0.080445 0.460000 23 36 33
-0.039577 -0.080270 0.459000 30 43 42
-0.038306 -0.080095 0.458000 28 41 40
-0.037041 -0.079920 0.457000 77 85 84
-0.035859 -0.079920 0.457000 85 93 92
-0.034677 -0.079920 0.457000 37 48 46
-0.033423 -0.079746 0.456000 39 50 48
-0.032243 -0.079746 0.456000 30 43 42
-0.031064 -0.079746 0.456000 23 36 35
-0.029885 -0.079746 0.456000 21 34 31
-0.028706 -0.079746 0.456000 29 42 39
-0.027527 -0.079746 0.456000 34 42 41
-0.026348 -0.079746 0.456000 48 56 55
-0.025169 -0.079746 0.456000 43 54 50
-0.023990 -0.079746 0.456000 40 51 47
-0.022811 -0.079746 0.456000 31 44 39
-0.021632 -0.079746 0.456000 31 44 39
-0.020453 -0.079746 0.456000 28 41 36
-0.019316 -0.079920 0.457000 28 41 36
-0.018134 -0.079920 0.457000 25 36 32
-0.002870 -0.082719 0.473000 33 44 44
-0.001647 -0.082719 0.473000 29 40 40
-0.000424 -0.082719 0.473000 30 41 41
0.000799 -0.082719 0.473000 55 66 64
0.002027 -0.082893 0.474000 51 62 60
0.003252 -0.082893 0.474000 34 45 43
0.004487 -0.083068 0.475000 31 42 40
0.005715 -0.083068 0.475000 37 50 37
0.006958 -0.083243 0.476000 77 90 77
0.008206 -0.083418 0.477000 79 94 78
0.009440 -0.083418 0.477000 80 95 79
0.010695 -0.083593 0.478000 88 103 85
0.011956 -0.083768 0.479000 101 116 98
0.063307 -0.082893 0.474000 84 98 78
0.064397 -0.082719 0.473000 72 89 73
0.065620 -0.082719 0.473000 67 84 68
0.066843 -0.082719 0.473000 63 83 66
0.068066 -0.082719 0.473000 62 82 65
0.069289 -0.082719 0.473000 67 88 64
0.070512 -0.082719 0.473000 68 89 65
0.071583 -0.082544 0.472000 67 95 59
0.072804 -0.082544 0.472000 68 96 60
0.073867 -0.082369 0.471000 71 102 58
0.075085 -0.082369 0.471000 74 105 61
0.076141 -0.082194 0.470000 80 112 63
0.077356 -0.082194 0.470000 87 119 70
0.078571 -0.082194 0.470000 98 124 80
0.079787 -0.082194 0.470000 83 109 65
0.081174 -0.082369 0.471000 91 99 50
0.082392 -0.082369 0.471000 112 120 71
0.083787 -0.082544 0.472000 122 128 70
0.085188 -0.082719 0.473000 105 111 53
0.086411 -0.082719 0.473000 124 135 89
0.123167 -0.083593 0.478000 116 128 120
0.124143 -0.083418 0.477000 123 131 128
0.125113 -0.083243 0.476000 131 139 136
0.126344 -0.083243 0.476000 135 146 144
0.127307 -0.083068 0.475000 123 134 132
0.128265 -0.082893 0.474000 61 73 77
0.129490 -0.082893 0.474000 36 48 52
0.130716 -0.082893 0.474000 29 42 51
0.131941 -0.082893 0.474000 35 48 57
0.132886 -0.082719 0.473000 37 51 55
0.134109 -0.082719 0.473000 37 51 55
0.135332 -0.082719 0.473000 40 53 52
0.136844 -0.082893 0.474000 36 49 48
0.138069 -0.082893 0.474000 35 47 49
0.139589 -0.083068 0.475000 51 63 65
0.141114 -0.083243 0.476000 94 107 106
0.142643 -0.083418 0.477000 121 134 133
0.144178 -0.083593 0.478000 119 125 125
0.181151 -0.084118 0.481000 126 133 137
0.182395 -0.084118 0.481000 105 115 120
0.183257 -0.083943 0.480000 95 105 110
0.184498 -0.083943 0.480000 64 78 82
0.185739 -0.083943 0.480000 43 57 61
0.186980 -0.083943 0.480000 48 62 66
0.188613 -0.084118 0.481000 56 70 74
0.189857 -0.084118 0.481000 59 76 81
0.191498 -0.084292 0.482000 50 67 72
0.192744 -0.084292 0.482000 80 94 96
-0.242135 -0.075980 0.441000 61 72 72
-0.240449 -0.075808 0.440000 73 87 89
-0.239311 -0.075808 0.440000 56 70 72
-0.238173 -0.075808 0.440000 35 52 53
-0.237036 -0.075808 0.440000 33 50 51
-0.235898 -0.075808 0.440000 36 51 48
-0.235827 -0.076153 0.442000 40 55 52
-0.235746 -0.076497 0.444000 43 56 53
-0.164753 -0.078220 0.454000 67 75 74
-0.163579 -0.078220 0.454000 48 59 57
-0.162047 -0.078048 0.453000 39 50 48
-0.160521 -0.077876 0.452000 36 48 50
-0.159352 -0.077876 0.452000 35 47 49
-0.157833 -0.077703 0.451000 36 48 50
-0.156320 -0.077531 0.450000 40 52 54
-0.155156 -0.077531 0.450000 38 50 52
-0.153993 -0.077531 0.450000 38 50 52
-0.152829 -0.077531 0.450000 39 51 53
-0.150654 -0.077014 0.447000 39 51 53
-0.149164 -0.076842 0.446000 34 48 50
-0.149338 -0.077531 0.450000 34 48 50
-0.148175 -0.077531 0.450000 35 50 49
-0.145524 -0.077359 0.449000 35 50 49
-0.144041 -0.077187 0.448000 36 51 50
-0.142245 -0.076842 0.446000 33 51 49
-0.082309 -0.075808 0.440000 28 46 42
-0.081171 -0.075808 0.440000 25 43 39
-0.080033 -0.075808 0.440000 28 46 42
-0.078895 -0.075808 0.440000 25 43 39
-0.077758 -0.075808 0.440000 22 40 36
-0.076620 -0.075808 0.440000 26 44 40
-0.075482 -0.075808 0.440000 26 44 40
-0.074514 -0.075980 0.441000 27 45 41
-0.073373 -0.075980 0.441000 27 45 41
-0.072233 -0.075980 0.441000 27 45 41
-0.071093 -0.075980 0.441000 26 44 40
-0.070111 -0.076153 0.442000 28 43 40
-0.068968 -0.076153 0.442000 27 42 39
-0.067979 -0.076325 0.443000 27 42 39
-0.066833 -0.076325 0.443000 27 42 39
-0.065688 -0.076325 0.443000 26 41 38
-0.064542 -0.076325 0.443000 21 36 33
-0.063397 -0.076325 0.443000 27 35 34
-0.060352 -0.081494 0.473000 96 104 103
-0.059129 -0.081494 0.473000 113 121 120
-0.057906 -0.081494 0.473000 118 126 125
-0.056683 -0.081494 0.473000 118 126 125
-0.055460 -0.081494 0.473000 116 124 121
-0.054237 -0.081494 0.473000 110 118 115
-0.053014 -0.081494 0.473000 101 107 105
-0.051681 -0.081322 0.472000 99 105 103
-0.050461 -0.081322 0.472000 97 103 101
-0.049032 -0.080977 0.470000 97 103 101
-0.047410 -0.080288 0.466000 98 104 102
-0.043325 -0.079426 0.461000 43 52 45
-0.042042 -0.079254 0.460000 39 52 49
-0.040763 -0.079082 0.459000 22 35 32
-0.039404 -0.078737 0.457000 29 42 41
-0.038222 -0.078737 0.457000 36 49 48
-0.036960 -0.078565 0.456000 45 58 55
-0.035781 -0.078565 0.456000 43 56 53
-0.034602 -0.078565 0.456000 36 49 46
-0.033423 -0.078565 0.456000 26 39 36
-0.032243 -0.078565 0.456000 23 36 35
-0.031064 -0.078565 0.456000 22 35 34
-0.029885 -0.078565 0.456000 23 36 33
-0.028706 -0.078565 0.456000 38 51 48
-0.027527 -0.078565 0.456000 44 55 51
-0.026348 -0.078565 0.456000 45 56 52
-0.025169 -0.078565 0.456000 37 50 45
-0.023990 -0.078565 0.456000 31 44 39
-0.022811 -0.078565 0.456000 29 42 41
-0.021632 -0.078565 0.456000 29 42 41
-0.020453 -0.078565 0.456000 25 36 32
-0.019316 -0.078737 0.457000 22 33 29
-0.004093 -0.081494 0.473000 36 47 47
-0.002870 -0.081494 0.473000 24 35 35
-0.001647 -0.081494 0.473000 32 43 41
-0.000424 -0.081494 0.473000 52 63 61
0.000799 -0.081494 0.473000 54 65 63
0.002027 -0.081666 0.474000 33 44 42
0.003252 -0.081666 0.474000 27 39 31
0.004478 -0.081666 0.474000 40 52 44
0.005715 -0.081838 0.475000 70 83 70
0.006944 -0.081838 0.475000 83 96 83
0.008189 -0.082011 0.476000 94 109 93
0.066843 -0.081494 0.473000 75 90 74
0.068066 -0.081494 0.473000 72 87 71
0.069289 -0.081494 0.473000 71 86 68
0.070512 -0.081494 0.473000 69 84 66
0.071583 -0.081322 0.472000 67 89 62
0.072804 -0.081322 0.472000 69 91 64
0.073867 -0.081149 0.471000 68 96 58
0.075085 -0.081149 0.471000 71 99 61
0.076141 -0.080977 0.470000 72 105 59
0.077356 -0.080977 0.470000 80 113 67
0.078571 -0.080977 0.470000 83 116 70
0.079787 -0.080977 0.470000 91 124 78
0.081002 -0.080977 0.470000 94 122 70
0.082217 -0.080977 0.470000 97 125 73
0.083610 -0.081149 0.471000 100 122 65
0.085008 -0.081322 0.472000 89 111 54
0.086228 -0.081322 0.472000 84 106 59
0.087634 -0.081494 0.473000 93 115 68
0.126610 -0.082183 0.477000 127 135 132
0.127575 -0.082011 0.476000 132 140 137
0.128535 -0.081838 0.475000 132 144 146
0.129490 -0.081666 0.474000 103 115 117
0.130716 -0.081666 0.474000 54 66 70
0.131941 -0.081666 0.474000 30 42 46
0.132886 -0.081494 0.473000 37 49 53
0.134109 -0.081494 0.473000 43 55 59
0.135332 -0.081494 0.473000 40 52 54
0.136555 -0.081494 0.473000 42 54 56
0.137778 -0.081494 0.473000 40 53 52
0.139295 -0.081666 0.474000 31 44 43
0.140521 -0.081666 0.474000 42 55 54
0.142045 -0.081838 0.475000 83 96 95
0.143575 -0.082011 0.476000 123 131 130
0.145110 -0.082183 0.477000 128 136 135
0.180774 -0.082700 0.480000 110 118 119
0.182015 -0.082700 0.480000 95 105 110
0.183257 -0.082700 0.480000 77 87 92
0.184498 -0.082700 0.480000 45 59 65
0.185739 -0.082700 0.480000 44 58 64
0.186980 -0.082700 0.480000 52 69 74
0.188221 -0.082700 0.480000 59 76 81
0.189857 -0.082872 0.481000 54 71 74
0.191101 -0.082872 0.481000 67 84 87
-0.241586 -0.074669 0.440000 67 78 78
-0.240449 -0.074669 0.440000 71 83 85
-0.238767 -0.074499 0.439000 60 72 74
-0.237632 -0.074499 0.439000 33 51 49
-0.235898 -0.074669 0.440000 33 51 49
-0.234760 -0.074669 0.440000 36 54 52
-0.235746 -0.075348 0.444000 40 58 56
-0.161941 -0.077384 0.456000 79 90 90
-0.160762 -0.077384 0.456000 57 68 68
-0.159233 -0.077214 0.455000 40 50 53
-0.158057 -0.077214 0.455000 37 47 50
-0.156535 -0.077045 0.454000 38 45 49
-0.155361 -0.077045 0.454000 39 46 50
-0.153848 -0.076875 0.453000 37 49 53
-0.152339 -0.076705 0.452000 40 52 56
-0.151171 -0.076705 0.452000 37 49 51
-0.150002 -0.076705 0.452000 37 49 51
-0.148833 -0.076705 0.452000 34 48 50
-0.147665 -0.076705 0.452000 35 49 51
-0.146172 -0.076536 0.451000 36 50 52
-0.145006 -0.076536 0.451000 36 50 52
-0.143839 -0.076536 0.451000 34 48 50
-0.142357 -0.076366 0.450000 35 49 51
-0.082309 -0.074669 0.440000 29 44 41
-0.081171 -0.074669 0.440000 28 43 42
-0.080033 -0.074669 0.440000 31 46 45
-0.078895 -0.074669 0.440000 27 42 41
-0.077758 -0.074669 0.440000 27 42 41
-0.076620 -0.074669 0.440000 29 44 43
-0.075482 -0.074669 0.440000 28 43 42
-0.074514 -0.074839 0.441000 26 44 42
-0.073373 -0.074839 0.441000 26 44 42
-0.072233 -0.074839 0.441000 22 40 38
-0.071254 -0.075008 0.442000 21 39 37
-0.070111 -0.075008 0.442000 26 39 38
-0.068968 -0.075008 0.442000 23 36 35
-0.067979 -0.075178 0.443000 22 35 32
-0.065688 -0.075178 0.443000 26 39 36
-0.062798 -0.080269 0.473000 136 139 140
-0.061575 -0.080269 0.473000 136 139 140
-0.060352 -0.080269 0.473000 128 134 132
-0.059129 -0.080269 0.473000 124 130 128
-0.048928 -0.079590 0.469000 98 104 104
-0.047410 -0.079081 0.466000 98 104 102
-0.045907 -0.078572 0.463000 103 109 107
-0.044614 -0.078402 0.462000 113 121 118
-0.043325 -0.078233 0.461000 46 54 51
-0.041767 -0.077554 0.457000 38 51 46
-0.040586 -0.077554 0.457000 33 46 41
-0.039318 -0.077384 0.456000 41 56 53
-0.038139 -0.077384 0.456000 52 67 64
-0.036960 -0.077384 0.456000 37 52 49
-0.035781 -0.077384 0.456000 24 39 36
-0.034526 -0.077214 0.455000 20 35 32
-0.033349 -0.077214 0.455000 24 39 36
-0.032173 -0.077214 0.455000 28 41 38
-0.030996 -0.077214 0.455000 32 45 42
-0.029820 -0.077214 0.455000 38 51 46
-0.028643 -0.077214 0.455000 40 53 48
-0.027467 -0.077214 0.455000 35 48 43
-0.026290 -0.077214 0.455000 29 42 37
-0.025169 -0.077384 0.456000 29 42 37
-0.023990 -0.077384 0.456000 28 41 36
-0.022811 -0.077384 0.456000 28 41 38
-0.021632 -0.077384 0.456000 26 39 36
-0.020453 -0.077384 0.456000 28 36 33
-0.019274 -0.077384 0.456000 67 75 72
-0.018134 -0.077554 0.457000 99 107 104
-0.006525 -0.080099 0.472000 58 71 66
-0.005305 -0.080099 0.472000 50 63 58
-0.004093 -0.080269 0.473000 29 40 40
-0.002160 -0.060414 0.356000 36 47 47
-0.001239 -0.060414 0.356000 52 65 62
-0.000424 -0.080269 0.473000 52 65 62
0.000799 -0.080269 0.473000 32 45 42
0.002022 -0.080269 0.473000 21 34 31
0.003252 -0.080439 0.474000 37 49 41
0.004478 -0.080439 0.474000 88 100 92
0.005703 -0.080439 0.474000 115 129 118
0.069289 -0.080269 0.473000 75 90 76
0.070512 -0.080269 0.473000 72 87 73
0.071735 -0.080269 0.473000 70 88 67
0.072804 -0.080099 0.472000 69 87 66
0.073867 -0.079930 0.471000 68 92 62
0.075085 -0.079930 0.471000 71 95 65
0.076141 -0.079760 0.470000 65 98 56
0.077356 -0.079760 0.470000 66 99 57
0.078404 -0.079590 0.469000 73 109 64
0.079617 -0.079590 0.469000 81 117 72
0.080830 -0.079590 0.469000 85 122 70
0.082042 -0.079590 0.469000 88 125 73
0.083432 -0.079760 0.470000 87 120 66
0.084648 -0.079760 0.470000 70 103 49
0.086046 -0.079930 0.471000 73 107 56
0.087449 -0.080099 0.472000 70 104 53
0.088857 -0.080269 0.473000 75 106 62
0.090080 -0.080269 0.473000 84 115 71
0.091303 -0.080269 0.473000 109 132 98
0.128806 -0.080778 0.476000 129 140 140
0.129763 -0.080609 0.475000 133 144 144
0.130992 -0.080609 0.475000 124 136 138
0.131941 -0.080439 0.474000 78 90 92
0.133167 -0.080439 0.474000 38 50 52
0.134109 -0.080269 0.473000 33 45 47
0.135332 -0.080269 0.473000 39 51 53
0.136555 -0.080269 0.473000 43 55 57
0.137778 -0.080269 0.473000 42 55 54
0.139001 -0.080269 0.473000 42 55 54
0.140224 -0.080269 0.473000 36 49 48
0.141447 -0.080269 0.473000 38 51 50
0.142972 -0.080439 0.474000 65 75 78
0.144502 -0.080609 0.475000 121 131 134
0.146037 -0.080778 0.476000 139 147 146
0.179533 -0.081457 0.480000 114 124 127
0.180774 -0.081457 0.480000 100 110 113
0.181636 -0.081287 0.479000 85 97 103
0.182875 -0.081287 0.479000 47 59 65
0.184113 -0.081287 0.479000 41 58 61
0.185352 -0.081287 0.479000 54 71 74
0.186980 -0.081457 0.480000 62 79 82
0.188221 -0.081457 0.480000 59 76 79
0.189462 -0.081457 0.480000 55 69 73
0.191101 -0.081627 0.481000 111 125 129
-0.239902 -0.073363 0.439000 72 83 81
-0.238767 -0.073363 0.439000 66 77 75
-0.237632 -0.073363 0.439000 36 51 50
-0.236497 -0.073363 0.439000 36 51 50
-0.235362 -0.073363 0.439000 31 51 48
-0.233622 -0.073530 0.440000 40 58 56
-0.240525 -0.077206 0.462000 158 164 166
-0.155704 -0.076036 0.455000 55 61 61
-0.154187 -0.075869 0.454000 43 51 52
-0.153014 -0.075869 0.454000 39 47 48
-0.151840 -0.075869 0.454000 33 43 46
-0.150998 -0.076036 0.455000 36 46 49
-0.149492 -0.075869 0.454000 36 48 50
-0.148318 -0.075869 0.454000 38 50 52
-0.144796 -0.075869 0.454000 33 50 53
-0.143622 -0.075869 0.454000 33 50 53
-0.141507 -0.075368 0.451000 36 50 54
-0.082309 -0.073530 0.440000 27 45 43
-0.078895 -0.073530 0.440000 27 41 43
-0.077758 -0.073530 0.440000 23 37 39
-0.076620 -0.073530 0.440000 30 41 41
-0.075654 -0.073697 0.441000 27 38 38
-0.074514 -0.073697 0.441000 22 39 40
-0.073373 -0.073697 0.441000 22 39 40
-0.072233 -0.073697 0.441000 27 44 47
-0.048823 -0.078209 0.468000 99 105 105
-0.047308 -0.077708 0.465000 98 104 102
-0.045808 -0.077206 0.462000 100 106 104
-0.044517 -0.077039 0.461000 112 120 117
-0.042949 -0.076371 0.457000 62 70 67
-0.041676 -0.076203 0.456000 51 64 59
-0.040497 -0.076203 0.456000 51 64 59
-0.039232 -0.076036 0.455000 38 56 52
-0.038055 -0.076036 0.455000 21 39 35
-0.036879 -0.076036 0.455000 22 37 34
-0.035702 -0.076036 0.455000 24 39 36
-0.034526 -0.076036 0.455000 26 41 38
-0.033349 -0.076036 0.455000 29 44 41
-0.032173 -0.076036 0.455000 37 50 45
-0.030996 -0.076036 0.455000 42 55 50
-0.029820 -0.076036 0.455000 38 51 46
-0.028643 -0.076036 0.455000 33 46 41
-0.027467 -0.076036 0.455000 29 42 37
-0.026290 -0.076036 0.455000 25 38 33
-0.025114 -0.076036 0.455000 24 37 34
-0.023937 -0.076036 0.455000 23 36 33
-0.020453 -0.076203 0.456000 84 88 83
-0.019274 -0.076203 0.456000 114 118 113
-0.018134 -0.076371 0.457000 112 118 116
-0.006525 -0.078877 0.472000 53 66 61
-0.004001 -0.059492 0.356000 23 36 31
-0.003080 -0.059492 0.356000 33 46 43
-0.002160 -0.059492 0.356000 46 59 56
-0.001239 -0.059492 0.356000 46 59 56
-0.000424 -0.079044 0.473000 37 50 47
0.000799 -0.079044 0.473000 24 37 36
0.002022 -0.079044 0.473000 38 51 50
0.003245 -0.079044 0.473000 104 116 108
0.004478 -0.079212 0.474000 131 143 135
0.071735 -0.079044 0.473000 76 91 77
0.072804 -0.078877 0.472000 73 88 74
0.074024 -0.078877 0.472000 70 88 67
0.075085 -0.078710 0.471000 73 91 70
0.076141 -0.078543 0.470000 68 95 62
0.077356 -0.078543 0.470000 67 94 61
0.078404 -0.078376 0.469000 67 103 60
0.079617 -0.078376 0.469000 67 103 60
0.080657 -0.078209 0.468000 77 114 64
0.081867 -0.078209 0.468000 84 121 71
0.083255 -0.078376 0.469000 87 124 72
0.084468 -0.078376 0.469000 83 120 68
0.085680 -0.078376 0.469000 66 103 53
0.087078 -0.078543 0.470000 64 101 51
0.088481 -0.078710 0.471000 68 105 55
0.089890 -0.078877 0.472000 74 111 61
0.091303 -0.079044 0.473000 80 111 65
0.092526 -0.079044 0.473000 87 118 72
0.093749 -0.079044 0.473000 111 133 102
0.095173 -0.079212 0.474000 133 155 124
0.131267 -0.079546 0.476000 132 142 145
0.132220 -0.079379 0.475000 136 146 149
0.133167 -0.079212 0.474000 101 112 110
0.134393 -0.079212 0.474000 60 71 69
0.135332 -0.079044 0.473000 25 37 39
0.136555 -0.079044 0.473000 39 51 53
0.137778 -0.079044 0.473000 41 56 55
0.139001 -0.079044 0.473000 42 57 56
0.140224 -0.079044 0.473000 42 57 56
0.141447 -0.079044 0.473000 37 52 51
0.142670 -0.079044 0.473000 27 41 43
0.143893 -0.079044 0.473000 55 69 71
0.145423 -0.079212 0.474000 116 127 127
0.177921 -0.080047 0.479000 121 129 130
0.179159 -0.080047 0.479000 109 119 126
0.180398 -0.080047 0.479000 93 103 110
0.181636 -0.080047 0.479000 52 66 72
0.182875 -0.080047 0.479000 42 56 62
0.184113 -0.080047 0.479000 49 66 69
0.185352 -0.080047 0.479000 63 80 83
0.186980 -0.080214 0.480000 59 76 79
0.188221 -0.080214 0.480000 48 65 68
0.189462 -0.080214 0.480000 88 102 104
-0.239902 -0.072226 0.439000 64 75 73
-0.238767 -0.072226 0.439000 66 77 75
-0.237632 -0.072226 0.439000 47 62 61
-0.236497 -0.072226 0.439000 38 53 52
-0.235362 -0.072226 0.439000 34 52 50
-0.234227 -0.072226 0.439000 33 51 49
-0.233622 -0.072390 0.440000 40 58 56
-0.232485 -0.072390 0.440000 38 56 54
-0.238963 -0.075516 0.459000 158 164 166
-0.155206 -0.075187 0.457000 117 120 119
-0.151329 -0.075023 0.456000 59 62 61
-0.150150 -0.075023 0.456000 46 57 55
-0.148971 -0.075023 0.456000 40 51 49
-0.145434 -0.075023 0.456000 34 48 52
-0.083059 -0.077326 0.470000 40 53 52
-0.081844 -0.077326 0.470000 57 60 59
-0.080629 -0.077326 0.470000 79 82 81
-0.079583 -0.077491 0.471000 94 105 103
-0.078365 -0.077491 0.471000 108 119 117
-0.050033 -0.076997 0.468000 103 109 109
-0.048406 -0.076339 0.464000 98 104 104
-0.047003 -0.076010 0.462000 99 105 103
-0.044131 -0.075187 0.457000 99 107 104
-0.042855 -0.075023 0.456000 66 74 71
-0.041585 -0.074858 0.455000 44 59 56
-0.040408 -0.074858 0.455000 42 57 54
-0.039232 -0.074858 0.455000 21 39 37
-0.037972 -0.074694 0.454000 22 40 38
-0.036798 -0.074694 0.454000 24 39 36
-0.035624 -0.074694 0.454000 26 41 38
-0.034450 -0.074694 0.454000 34 45 41
-0.033276 -0.074694 0.454000 40 51 47
-0.032102 -0.074694 0.454000 38 51 46
-0.030928 -0.074694 0.454000 38 51 46
-0.029754 -0.074694 0.454000 33 46 41
-0.028580 -0.074694 0.454000 29 42 37
-0.027467 -0.074858 0.455000 25 38 35
-0.026290 -0.074858 0.455000 23 36 33
-0.025114 -0.074858 0.455000 27 38 36
-0.008928 -0.077326 0.470000 56 75 65
-0.005842 -0.058570 0.356000 50 69 59
-0.004908 -0.058406 0.355000 26 39 34
-0.004001 -0.058570 0.356000 25 38 33
-0.003080 -0.058570 0.356000 40 53 48
-0.002160 -0.058570 0.356000 45 58 53
-0.001239 -0.058570 0.356000 37 52 51
-0.000424 -0.077820 0.473000 22 37 36
0.000799 -0.077820 0.473000 37 48 46
0.002022 -0.077820 0.473000 105 116 114
0.003245 -0.077820 0.473000 139 146 140
0.072958 -0.077820 0.473000 80 93 80
0.074024 -0.077655 0.472000 76 89 74
0.075244 -0.077655 0.472000 77 90 75
0.076303 -0.077491 0.471000 71 93 66
0.077356 -0.077326 0.470000 70 92 65
0.078404 -0.077162 0.469000 66 98 61
0.079617 -0.077162 0.469000 70 102 65
0.080657 -0.076997 0.468000 71 107 60
0.081867 -0.076997 0.468000 77 113 66
0.083077 -0.076997 0.468000 82 119 67
0.084288 -0.076997 0.468000 89 126 74
0.085498 -0.076997 0.468000 90 127 77
0.086893 -0.077162 0.469000 69 106 56
0.088106 -0.077162 0.469000 51 90 39
0.089509 -0.077326 0.470000 58 97 46
0.090917 -0.077491 0.471000 68 105 55
0.092331 -0.077655 0.472000 74 111 61
0.093749 -0.077820 0.473000 82 113 67
0.094972 -0.077820 0.473000 91 122 76
0.096195 -0.077820 0.473000 117 139 108
0.132498 -0.078313 0.476000 125 136 134
0.133448 -0.078149 0.475000 134 142 141
0.134393 -0.077984 0.474000 126 134 133
0.135332 -0.077820 0.473000 82 90 89
0.136555 -0.077820 0.473000 40 48 47
0.137487 -0.077655 0.472000 36 48 50
0.138707 -0.077655 0.472000 42 54 56
0.139928 -0.077655 0.472000 43 58 55
0.141148 -0.077655 0.472000 42 57 54
0.142369 -0.077655 0.472000 35 50 47
0.143589 -0.077655 0.472000 28 43 40
0.146339 -0.077820 0.473000 111 124 123
0.177921 -0.078807 0.479000 119 126 130
0.178785 -0.078642 0.478000 100 110 117
0.180398 -0.078807 0.479000 64 74 81
0.181636 -0.078807 0.479000 40 54 60
0.182875 -0.078807 0.479000 48 62 68
0.184113 -0.078807 0.479000 63 80 83
0.185352 -0.078807 0.479000 59 76 79
0.186590 -0.078807 0.479000 47 64 67
0.188221 -0.078971 0.480000 69 86 89
-0.239902 -0.071089 0.439000 60 71 69
-0.238223 -0.070927 0.438000 68 79 77
-0.237091 -0.070927 0.438000 54 69 68
-0.235958 -0.070927 0.438000 38 53 52
-0.234826 -0.070927 0.438000 32 50 48
-0.233693 -0.070927 0.438000 31 49 47
-0.233092 -0.071089 0.439000 35 53 51
-0.149298 -0.074004 0.457000 103 111 108
-0.148116 -0.074004 0.457000 85 98 97
-0.146935 -0.074004 0.457000 71 84 83
-0.146072 -0.074166 0.458000 59 69 72
-0.145520 -0.074490 0.460000 48 58 61
-0.144645 -0.074652 0.461000 48 51 54
-0.126270 -0.075785 0.468000 38 45 49
-0.125059 -0.075785 0.468000 40 47 51
-0.123849 -0.075785 0.468000 40 47 51
-0.121689 -0.075947 0.469000 38 45 49
-0.120476 -0.075947 0.469000 36 46 49
-0.119263 -0.075947 0.469000 37 47 50
-0.049499 -0.074976 0.463000 104 112 109
-0.048093 -0.074652 0.461000 102 110 107
-0.046799 -0.074490 0.460000 97 105 104
-0.045213 -0.073842 0.456000 77 85 84
-0.044034 -0.073842 0.456000 39 47 44
-0.042761 -0.073680 0.455000 36 44 41
-0.041493 -0.073518 0.454000 24 37 34
-0.040319 -0.073518 0.454000 22 35 32
-0.039145 -0.073518 0.454000 21 39 35
-0.037972 -0.073518 0.454000 26 44 40
-0.036798 -0.073518 0.454000 35 50 47
-0.035624 -0.073518 0.454000 40 55 52
-0.034450 -0.073518 0.454000 42 55 52
-0.033276 -0.073518 0.454000 37 50 47
-0.032102 -0.073518 0.454000 32 45 42
-0.030928 -0.073518 0.454000 28 41 38
-0.029754 -0.073518 0.454000 26 39 36
-0.028580 -0.073518 0.454000 28 41 38
-0.027406 -0.073518 0.454000 26 39 36
-0.026233 -0.073518 0.454000 19 32 29
-0.025059 -0.073518 0.454000 45 53 50
-0.010143 -0.076109 0.470000 58 80 64
-0.006743 -0.057487 0.355000 60 73 68
-0.005826 -0.057487 0.355000 37 50 45
-0.004908 -0.057487 0.355000 31 45 36
-0.003990 -0.057487 0.355000 35 49 40
-0.003072 -0.057487 0.355000 45 58 53
-0.002160 -0.057649 0.356000 42 55 50
-0.001239 -0.057649 0.356000 24 37 34
-0.000424 -0.076595 0.473000 25 38 35
0.000799 -0.076595 0.473000 103 110 104
0.002022 -0.076595 0.473000 141 148 142
0.075244 -0.076433 0.472000 80 93 78
0.076465 -0.076433 0.472000 78 94 71
0.077521 -0.076271 0.471000 76 92 69
0.078571 -0.076109 0.470000 68 95 64
0.079787 -0.076109 0.470000 72 99 68
0.080830 -0.075947 0.469000 68 100 61
0.081867 -0.075785 0.468000 71 103 64
0.083077 -0.075785 0.468000 75 112 60
0.084288 -0.075785 0.468000 81 118 66
0.085498 -0.075785 0.468000 85 122 70
0.086708 -0.075785 0.468000 90 127 75
0.087918 -0.075785 0.468000 66 103 53
0.090531 -0.075947 0.469000 56 95 44
0.091939 -0.076109 0.470000 66 105 54
0.093353 -0.076271 0.471000 75 112 60
0.094771 -0.076433 0.472000 80 117 65
0.096195 -0.076595 0.473000 87 118 74
0.097418 -0.076595 0.473000 96 127 83
0.098641 -0.076595 0.473000 128 150 121
0.133729 -0.077081 0.476000 124 135 131
0.134676 -0.076919 0.475000 131 142 138
0.135618 -0.076757 0.474000 132 140 139
0.136555 -0.076595 0.473000 100 108 107
0.137487 -0.076433 0.472000 37 50 49
0.138707 -0.076433 0.472000 31 44 43
0.139631 -0.076271 0.471000 40 55 54
0.140550 -0.076109 0.470000 45 60 59
0.141765 -0.076109 0.470000 36 51 50
0.142981 -0.076109 0.470000 38 53 52
0.144503 -0.076271 0.471000 30 45 44
0.146030 -0.076433 0.472000 41 56 55
0.176313 -0.077405 0.478000 119 126 130
0.177549 -0.077405 0.478000 105 112 116
0.178785 -0.077405 0.478000 59 71 77
0.180021 -0.077405 0.478000 40 52 58
0.181257 -0.077405 0.478000 49 63 69
0.182493 -0.077405 0.478000 62 76 82
0.184113 -0.077567 0.479000 59 76 81
0.185352 -0.077567 0.479000 48 65 70
0.186590 -0.077567 0.479000 59 73 75
-0.239356 -0.069793 0.438000 54 65 63
-0.238223 -0.069793 0.438000 69 80 78
-0.237091 -0.069793 0.438000 59 74 71
-0.235958 -0.069793 0.438000 40 55 52
-0.234826 -0.069793 0.438000 33 51 47
-0.233693 -0.069793 0.438000 33 51 47
-0.232561 -0.069793 0.438000 35 53 51
-0.231956 -0.069953 0.439000 39 57 55
-0.144959 -0.073618 0.462000 131 137 139
-0.143764 -0.073618 0.462000 118 124 126
-0.143187 -0.073936 0.464000 98 106 107
-0.141987 -0.073936 0.464000 83 91 92
-0.141394 -0.074255 0.466000 66 79 78
-0.140490 -0.074414 0.467000 63 76 75
-0.139282 -0.074414 0.467000 60 73 72
-0.138075 -0.074414 0.467000 56 69 68
-0.136867 -0.074414 0.467000 54 65 65
-0.135660 -0.074414 0.467000 52 63 63
-0.134452 -0.074414 0.467000 50 56 56
-0.133245 -0.074414 0.467000 46 52 52
-0.132037 -0.074414 0.467000 47 47 49
-0.130830 -0.074414 0.467000 46 46 48
-0.129622 -0.074414 0.467000 46 46 48
-0.128690 -0.074574 0.468000 47 47 49
-0.127480 -0.074574 0.468000 46 46 48
-0.126270 -0.074574 0.468000 45 45 47
-0.125059 -0.074574 0.468000 43 43 45
-0.123849 -0.074574 0.468000 43 43 45
-0.122639 -0.074574 0.468000 43 43 45
-0.121429 -0.074574 0.468000 46 46 48
-0.120219 -0.074574 0.468000 40 46 46
-0.119263 -0.074733 0.469000 43 49 49
-0.118051 -0.074733 0.469000 41 47 47
-0.116838 -0.074733 0.469000 37 43 43
-0.115379 -0.074574 0.468000 36 42 42
-0.114169 -0.074574 0.468000 39 45 45
-0.113200 -0.074733 0.469000 36 42 42
-0.111748 -0.074574 0.468000 40 46 46
-0.110538 -0.074574 0.468000 44 47 48
-0.109328 -0.074574 0.468000 45 48 49
-0.108118 -0.074574 0.468000 45 48 49
-0.107136 -0.074733 0.469000 49 52 53
-0.105924 -0.074733 0.469000 49 57 56
-0.104711 -0.074733 0.469000 52 60 59
-0.103498 -0.074733 0.469000 53 64 62
-0.102286 -0.074733 0.469000 57 68 66
-0.101073 -0.074733 0.469000 61 74 73
-0.099860 -0.074733 0.469000 65 78 77
-0.098648 -0.074733 0.469000 78 91 88
-0.097435 -0.074733 0.469000 90 103 100
-0.096222 -0.074733 0.469000 110 116 114
-0.050586 -0.073618 0.462000 111 119 116
-0.049285 -0.073458 0.461000 100 111 109
-0.047884 -0.073139 0.459000 84 95 93
-0.046392 -0.072661 0.456000 53 64 62
-0.045114 -0.072502 0.455000 34 45 43
-0.043938 -0.072502 0.455000 32 40 37
-0.042667 -0.072343 0.454000 29 37 34
-0.041402 -0.072183 0.453000 28 41 36
-0.040231 -0.072183 0.453000 28 41 36
-0.039059 -0.072183 0.453000 25 43 39
-0.037888 -0.072183 0.453000 31 49 45
-0.036717 -0.072183 0.453000 38 56 52
-0.035545 -0.072183 0.453000 39 57 53
-0.034450 -0.072343 0.454000 37 51 53
-0.033276 -0.072343 0.454000 27 41 43
-0.032102 -0.072343 0.454000 26 38 40
-0.030928 -0.072343 0.454000 28 40 42
-0.029754 -0.072343 0.454000 28 41 40
-0.028580 -0.072343 0.454000 24 37 36
-0.027406 -0.072343 0.454000 36 44 41
-0.026233 -0.072343 0.454000 71 79 76
-0.025059 -0.072343 0.454000 110 118 115
-0.023885 -0.072343 0.454000 116 124 121
-0.022761 -0.072502 0.455000 108 115 109
-0.021584 -0.072502 0.455000 110 117 111
-0.012547 -0.074733 0.469000 74 99 78
-0.010143 -0.074892 0.470000 54 73 61
-0.006743 -0.056568 0.355000 42 55 52
-0.005826 -0.056568 0.355000 30 43 40
-0.004908 -0.056568 0.355000 37 49 41
-0.003990 -0.056568 0.355000 46 58 50
-0.003080 -0.056727 0.356000 41 52 48
-0.002160 -0.056727 0.356000 27 38 34
-0.001647 -0.075370 0.473000 31 39 36
-0.000424 -0.075370 0.473000 97 105 102
0.000799 -0.075370 0.473000 144 148 143
0.077685 -0.075211 0.472000 85 96 77
0.078739 -0.075052 0.471000 79 97 74
0.079787 -0.074892 0.470000 74 92 69
0.080830 -0.074733 0.469000 66 95 61
0.081867 -0.074574 0.468000 68 97 63
0.083077 -0.074574 0.468000 70 103 57
0.084288 -0.074574 0.468000 77 110 64
0.085498 -0.074574 0.468000 82 119 67
0.086522 -0.074414 0.467000 83 120 68
0.087918 -0.074574 0.468000 88 127 76
0.089128 -0.074574 0.468000 72 111 60
0.090338 -0.074574 0.468000 47 85 37
0.092956 -0.074733 0.469000 61 100 49
0.094370 -0.074892 0.470000 66 105 54
0.095789 -0.075052 0.471000 75 111 64
0.097006 -0.075052 0.471000 84 120 73
0.098433 -0.075211 0.472000 88 118 79
0.099864 -0.075370 0.473000 106 136 97
0.101087 -0.075370 0.473000 130 149 121
0.135618 -0.075530 0.474000 128 136 135
0.136555 -0.075370 0.473000 135 143 142
0.137487 -0.075211 0.472000 114 125 125
0.138413 -0.075052 0.471000 53 64 64
0.139335 -0.074892 0.470000 37 49 53
0.140251 -0.074733 0.469000 44 56 60
0.141162 -0.074574 0.468000 51 63 65
0.142372 -0.074574 0.468000 47 59 61
0.143582 -0.074574 0.468000 42 56 58
0.144792 -0.074574 0.468000 35 49 51
0.146314 -0.074733 0.469000 35 49 51
0.174711 -0.076008 0.477000 126 132 132
0.175944 -0.076008 0.477000 107 114 120
0.176806 -0.075848 0.476000 64 71 77
0.178411 -0.076008 0.477000 39 51 57
0.179644 -0.076008 0.477000 46 58 64
0.180878 -0.076008 0.477000 68 80 84
0.182493 -0.076167 0.478000 64 76 80
0.183729 -0.076167 0.478000 48 61 70
0.185352 -0.076326 0.479000 59 72 81
-0.238223 -0.068659 0.438000 65 76 74
-0.237091 -0.068659 0.438000 72 87 86
-0.235958 -0.068659 0.438000 43 58 57
-0.234826 -0.068659 0.438000 34 52 50
-0.233160 -0.068502 0.437000 34 52 50
-0.232030 -0.068502 0.437000 34 52 50
-0.231956 -0.068816 0.439000 38 56 54
-0.236223 -0.071481 0.456000 154 166 168
-0.133245 -0.073205 0.467000 125 132 126
-0.132037 -0.073205 0.467000 123 127 122
-0.130830 -0.073205 0.467000 121 125 120
-0.129622 -0.073205 0.467000 120 124 119
-0.128415 -0.073205 0.467000 120 124 119
-0.127480 -0.073362 0.468000 120 124 119
-0.126270 -0.073362 0.468000 116 120 115
-0.125059 -0.073362 0.468000 113 116 115
-0.123849 -0.073362 0.468000 112 115 114
-0.122639 -0.073362 0.468000 109 112 111
-0.121429 -0.073362 0.468000 110 113 112
-0.120219 -0.073362 0.468000 101 107 105
-0.119009 -0.073362 0.468000 99 105 103
-0.117799 -0.073362 0.468000 97 103 101
-0.116589 -0.073362 0.468000 100 106 104
-0.115379 -0.073362 0.468000 104 110 108
-0.114169 -0.073362 0.468000 105 111 109
-0.112958 -0.073362 0.468000 113 119 117
-0.111748 -0.073362 0.468000 118 124 122
-0.110538 -0.073362 0.468000 120 126 124
-0.052976 -0.072421 0.462000 115 122 116
-0.051669 -0.072265 0.461000 112 123 121
-0.048750 -0.071481 0.456000 76 89 88
-0.047467 -0.071324 0.455000 56 69 68
-0.046189 -0.071167 0.454000 32 43 41
-0.044916 -0.071010 0.453000 24 35 33
-0.043744 -0.071010 0.453000 27 38 34
-0.042479 -0.070854 0.452000 27 38 34
-0.041219 -0.070697 0.451000 29 44 39
-0.040142 -0.070854 0.452000 30 45 40
-0.038973 -0.070854 0.452000 33 51 47
-0.037888 -0.071010 0.453000 34 52 48
-0.036717 -0.071010 0.453000 33 51 47
-0.035545 -0.071010 0.453000 29 47 43
-0.034450 -0.071167 0.454000 26 40 42
-0.033276 -0.071167 0.454000 23 37 39
-0.032102 -0.071167 0.454000 24 38 42
-0.030928 -0.071167 0.454000 21 35 39
-0.029754 -0.071167 0.454000 25 36 34
-0.028580 -0.071167 0.454000 47 58 56
-0.027406 -0.071167 0.454000 98 107 100
-0.026233 -0.071167 0.454000 111 120 113
-0.025059 -0.071167 0.454000 114 122 119
-0.023885 -0.071167 0.454000 112 120 117
-0.022761 -0.071324 0.455000 111 120 113
-0.013730 -0.073362 0.468000 74 101 79
-0.012547 -0.073519 0.469000 49 76 54
-0.008579 -0.055648 0.355000 50 68 62
-0.007661 -0.055648 0.355000 42 60 54
-0.006743 -0.055648 0.355000 28 41 38
-0.005826 -0.055648 0.355000 31 44 41
-0.004908 -0.055648 0.355000 46 57 55
-0.003990 -0.055648 0.355000 45 56 54
-0.003072 -0.055648 0.355000 27 38 36
-0.002864 -0.073989 0.472000 26 37 35
-0.001643 -0.073989 0.472000 80 87 81
-0.000424 -0.074146 0.473000 141 148 142
0.079787 -0.073675 0.470000 81 94 77
0.081002 -0.073675 0.470000 74 96 69
0.082042 -0.073519 0.469000 74 96 69
0.083077 -0.073362 0.468000 68 98 59
0.084288 -0.073362 0.468000 68 98 59
0.085315 -0.073205 0.467000 69 105 58
0.086522 -0.073205 0.467000 76 112 65
0.087730 -0.073205 0.467000 81 120 69
0.088937 -0.073205 0.467000 83 122 71
0.090145 -0.073205 0.467000 81 119 71
0.091548 -0.073362 0.468000 47 85 37
0.092758 -0.073362 0.468000 46 84 38
0.093968 -0.073362 0.468000 52 90 44
0.096594 -0.073519 0.469000 72 110 64
0.098016 -0.073675 0.470000 78 114 69
0.099442 -0.073832 0.471000 83 119 74
0.100660 -0.073832 0.471000 88 116 80
0.102094 -0.073989 0.472000 115 143 107
0.136555 -0.074146 0.473000 123 131 128
0.137778 -0.074146 0.473000 127 135 136
0.138413 -0.073832 0.471000 125 133 134
0.139335 -0.073675 0.470000 80 90 93
0.139952 -0.073362 0.468000 37 47 50
0.141162 -0.073362 0.468000 44 56 62
0.142372 -0.073362 0.468000 51 63 69
0.143276 -0.073205 0.467000 46 63 66
0.144483 -0.073205 0.467000 42 59 62
0.145691 -0.073205 0.467000 33 50 53
0.171883 -0.074616 0.476000 124 130 130
0.173114 -0.074616 0.476000 120 128 129
0.174345 -0.074616 0.476000 110 118 119
0.175576 -0.074616 0.476000 59 69 74
0.176435 -0.074459 0.475000 43 53 58
0.178037 -0.074616 0.476000 48 62 66
0.179268 -0.074616 0.476000 67 81 85
0.180878 -0.074773 0.477000 63 77 81
0.182111 -0.074773 0.477000 51 65 69
0.183729 -0.074929 0.478000 57 69 75
-0.237679 -0.067371 0.437000 55 66 66
-0.236549 -0.067371 0.437000 70 85 84
-0.235419 -0.067371 0.437000 49 64 63
-0.233753 -0.067217 0.436000 38 56 54
-0.233160 -0.067371 0.437000 34 52 50
-0.232030 -0.067371 0.437000 35 53 51
-0.230900 -0.067371 0.437000 38 56 54
-0.230821 -0.067679 0.439000 39 57 55
-0.052632 -0.070763 0.459000 103 110 104
-0.051109 -0.070300 0.456000 61 71 74
-0.049820 -0.070146 0.455000 50 60 63
-0.048537 -0.069992 0.454000 39 51 53
-0.047258 -0.069838 0.453000 26 38 40
-0.045985 -0.069683 0.452000 24 37 36
-0.044717 -0.069529 0.451000 28 41 40
-0.043551 -0.069529 0.451000 29 42 39
-0.042385 -0.069529 0.451000 33 46 43
-0.041219 -0.069529 0.451000 34 52 48
-0.040053 -0.069529 0.451000 35 53 49
-0.038973 -0.069683 0.452000 34 52 48
-0.037888 -0.069838 0.453000 29 47 43
-0.036717 -0.069838 0.453000 25 43 41
-0.035624 -0.069992 0.454000 24 42 40
-0.034450 -0.069992 0.454000 25 42 43
-0.033276 -0.069992 0.454000 24 41 42
-0.032102 -0.069992 0.454000 24 34 39
-0.030928 -0.069992 0.454000 37 47 52
-0.029754 -0.069992 0.454000 79 87 86
-0.028580 -0.069992 0.454000 112 120 119
-0.027406 -0.069992 0.454000 114 118 113
-0.013760 -0.072304 0.469000 62 87 68
-0.012547 -0.072304 0.469000 47 72 53
-0.008579 -0.054729 0.355000 49 67 61
-0.007661 -0.054729 0.355000 29 47 41
-0.006743 -0.054729 0.355000 33 46 43
-0.005826 -0.054729 0.355000 49 62 59
-0.004908 -0.054729 0.355000 41 52 50
-0.003990 -0.054729 0.355000 36 47 45
-0.004076 -0.072613 0.471000 33 44 42
-0.002864 -0.072767 0.472000 67 78 76
-0.001643 -0.072767 0.472000 135 143 140
-0.000423 -0.072767 0.472000 138 146 143
0.081002 -0.072458 0.470000 84 98 78
0.082042 -0.072304 0.469000 82 96 76
0.083077 -0.072150 0.468000 73 97 67
0.084288 -0.072150 0.468000 71 95 65
0.085315 -0.071996 0.467000 64 99 59
0.086522 -0.071996 0.467000 69 104 64
0.087730 -0.071996 0.467000 73 111 63
0.088937 -0.071996 0.467000 76 114 66
0.090145 -0.071996 0.467000 84 123 72
0.091352 -0.071996 0.467000 93 132 81
0.092560 -0.071996 0.467000 54 92 44
0.093768 -0.071996 0.467000 40 78 30
0.095178 -0.072150 0.468000 50 88 44
0.096388 -0.072150 0.468000 61 99 55
0.097599 -0.072150 0.468000 70 108 64
0.099020 -0.072304 0.469000 74 112 68
0.101661 -0.072458 0.470000 85 121 76
0.103096 -0.072613 0.471000 106 134 98
0.104535 -0.072767 0.472000 120 148 112
0.137778 -0.072921 0.473000 121 129 126
0.138707 -0.072767 0.472000 131 139 136
0.139335 -0.072458 0.470000 138 146 145
0.140251 -0.072304 0.469000 98 106 105
0.140860 -0.071996 0.467000 37 49 53
0.142068 -0.071996 0.467000 42 54 58
0.143276 -0.071996 0.467000 47 66 70
0.144174 -0.071842 0.466000 46 65 69
0.145379 -0.071842 0.466000 40 59 63
0.146898 -0.071996 0.467000 28 47 51
0.148106 -0.071996 0.467000 31 47 55
0.170652 -0.073383 0.476000 124 130 132
0.171522 -0.073229 0.475000 126 132 134
0.172750 -0.073229 0.475000 112 119 125
0.173612 -0.073075 0.474000 61 68 74
0.174838 -0.073075 0.474000 42 54 60
0.176435 -0.073229 0.475000 53 65 71
0.177663 -0.073229 0.475000 63 77 81
0.180499 -0.073383 0.476000 59 71 77
0.182111 -0.073538 0.477000 58 70 76
-0.237679 -0.066239 0.437000 57 65 64
-0.236549 -0.066239 0.437000 67 80 79
-0.234881 -0.066088 0.436000 63 76 75
-0.233753 -0.066088 0.436000 43 61 59
-0.232626 -0.066088 0.436000 36 54 52
-0.232030 -0.066239 0.437000 38 56 54
-0.230371 -0.066088 0.436000 36 54 52
-0.230296 -0.066391 0.438000 41 56 55
-0.229072 -0.066694 0.440000 42 54 56
-0.053232 -0.068816 0.454000 75 83 82
-0.052058 -0.068816 0.454000 38 46 45
-0.050772 -0.068665 0.453000 25 35 38
-0.049492 -0.068513 0.452000 26 36 39
-0.048216 -0.068361 0.451000 30 42 44
-0.047050 -0.068361 0.451000 29 41 43
-0.045782 -0.068210 0.450000 27 42 39
-0.044618 -0.068210 0.450000 28 43 40
-0.043455 -0.068210 0.450000 34 49 46
-0.042385 -0.068361 0.451000 36 51 48
-0.041219 -0.068361 0.451000 33 51 47
-0.040053 -0.068361 0.451000 32 50 46
-0.038973 -0.068513 0.452000 26 44 42
-0.037888 -0.068665 0.453000 21 39 37
-0.036717 -0.068665 0.453000 21 39 37
-0.035624 -0.068816 0.454000 25 43 41
-0.034450 -0.068816 0.454000 19 36 37
-0.033349 -0.068968 0.455000 24 41 42
-0.032173 -0.068968 0.455000 61 69 68
-0.030996 -0.068968 0.455000 111 119 118
-0.029820 -0.068968 0.455000 121 127 125
-0.028643 -0.068968 0.455000 113 119 117
-0.027406 -0.068816 0.454000 113 117 112
-0.016151 -0.070938 0.468000 73 102 72
-0.013760 -0.071090 0.469000 56 78 62
-0.012547 -0.071090 0.469000 54 76 60
-0.008579 -0.053810 0.355000 36 49 44
-0.007661 -0.053810 0.355000 36 49 44
-0.006743 -0.053810 0.355000 40 53 48
-0.005826 -0.053810 0.355000 46 59 54
-0.004908 -0.053810 0.355000 37 48 44
-0.005282 -0.071241 0.470000 26 37 33
-0.004076 -0.071393 0.471000 55 66 64
-0.002858 -0.071393 0.471000 130 141 139
-0.001643 -0.071545 0.472000 139 147 144
0.082217 -0.071241 0.470000 90 100 84
0.083255 -0.071090 0.469000 82 98 75
0.084288 -0.070938 0.468000 79 95 72
0.085315 -0.070787 0.467000 70 99 67
0.086522 -0.070787 0.467000 68 97 65
0.087730 -0.070787 0.467000 67 105 61
0.088937 -0.070787 0.467000 73 111 67
0.090145 -0.070787 0.467000 79 118 67
0.091352 -0.070787 0.467000 90 129 78
0.092560 -0.070787 0.467000 95 134 83
0.093768 -0.070787 0.467000 59 98 47
0.094975 -0.070787 0.467000 43 81 35
0.096183 -0.070787 0.467000 46 84 38
0.097599 -0.070938 0.468000 61 101 59
0.098809 -0.070938 0.468000 65 105 63
0.100019 -0.070938 0.468000 74 112 66
0.101445 -0.071090 0.469000 77 115 69
0.104092 -0.071241 0.470000 88 124 79
0.105531 -0.071393 0.471000 114 136 105
0.139631 -0.071393 0.471000 134 142 139
0.140251 -0.071090 0.469000 142 150 147
0.141162 -0.070938 0.468000 93 106 105
0.142068 -0.070787 0.467000 43 56 55
0.142969 -0.070635 0.466000 35 54 58
0.143864 -0.070484 0.465000 46 65 69
0.145067 -0.070484 0.465000 45 64 68
0.146269 -0.070484 0.465000 40 59 63
0.147471 -0.070484 0.465000 31 49 56
0.148993 -0.070635 0.466000 34 52 59
0.169935 -0.071848 0.474000 127 134 138
0.171161 -0.071848 0.474000 113 120 124
0.172387 -0.071848 0.474000 53 63 70
0.173612 -0.071848 0.474000 44 54 61
0.174838 -0.071848 0.474000 54 66 70
0.176063 -0.071848 0.474000 67 79 83
0.177663 -0.071999 0.475000 62 76 82
0.180499 -0.072151 0.476000 53 65 71
-0.236008 -0.064959 0.436000 62 73 73
-0.234881 -0.064959 0.436000 72 83 83
-0.233753 -0.064959 0.436000 42 56 58
-0.232626 -0.064959 0.436000 41 55 57
-0.231499 -0.064959 0.436000 36 53 54
-0.230371 -0.064959 0.436000 36 53 54
-0.229770 -0.065108 0.437000 42 56 58
-0.229072 -0.065555 0.440000 39 51 55
-0.054166 -0.067343 0.452000 42 48 48
-0.052880 -0.067194 0.451000 28 36 37
-0.051714 -0.067194 0.451000 31 39 40
-0.050548 -0.067194 0.451000 32 43 43
-0.049273 -0.067045 0.450000 31 42 42
-0.048109 -0.067045 0.450000 34 45 45
-0.046945 -0.067045 0.450000 34 45 45
-0.045782 -0.067045 0.450000 36 49 44
-0.044618 -0.067045 0.450000 38 51 46
-0.043455 -0.067045 0.450000 34 49 44
-0.042291 -0.067045 0.450000 31 46 41
-0.041219 -0.067194 0.451000 26 44 38
-0.040142 -0.067343 0.452000 26 44 38
-0.038973 -0.067343 0.452000 24 42 38
-0.037888 -0.067492 0.453000 22 40 36
-0.036798 -0.067641 0.454000 24 42 40
-0.035624 -0.067641 0.454000 20 38 36
-0.034526 -0.067790 0.455000 47 60 57
-0.033349 -0.067790 0.455000 102 115 112
-0.032173 -0.067790 0.455000 125 132 126
-0.030996 -0.067790 0.455000 120 127 121
-0.029820 -0.067790 0.455000 117 121 116
-0.028643 -0.067790 0.455000 119 123 118
-0.017361 -0.069727 0.468000 73 105 68
-0.016151 -0.069727 0.468000 74 100 74
-0.014941 -0.069727 0.468000 56 82 56
-0.010415 -0.052891 0.355000 47 61 52
-0.009497 -0.052891 0.355000 32 46 37
-0.008579 -0.052891 0.355000 34 45 41
-0.007661 -0.052891 0.355000 38 49 45
-0.006743 -0.052891 0.355000 43 54 50
-0.005826 -0.052891 0.355000 39 50 46
-0.006497 -0.070025 0.470000 26 39 34
-0.005282 -0.070025 0.470000 39 52 47
-0.004067 -0.070025 0.470000 121 129 126
-0.002858 -0.070174 0.471000 139 147 144
-0.001643 -0.070322 0.472000 133 141 138
0.083255 -0.069876 0.469000 89 102 85
0.084288 -0.069727 0.468000 88 101 84
0.085315 -0.069578 0.467000 76 99 74
0.086522 -0.069578 0.467000 73 96 71
0.087730 -0.069578 0.467000 66 98 61
0.088937 -0.069578 0.467000 69 101 64
0.090145 -0.069578 0.467000 70 106 59
0.091352 -0.069578 0.467000 78 114 67
0.092560 -0.069578 0.467000 88 127 74
0.093768 -0.069578 0.467000 96 135 82
0.094975 -0.069578 0.467000 66 104 56
0.096183 -0.069578 0.467000 34 72 24
0.097390 -0.069578 0.467000 39 80 35
0.098598 -0.069578 0.467000 52 93 48
0.099805 -0.069578 0.467000 63 104 59
0.101229 -0.069727 0.468000 66 107 62
0.102439 -0.069727 0.468000 74 111 61
0.103649 -0.069727 0.468000 81 118 68
0.105083 -0.069876 0.469000 93 122 79
0.140550 -0.070025 0.470000 139 146 140
0.141162 -0.069727 0.468000 148 156 155
0.142068 -0.069578 0.467000 114 122 121
0.142969 -0.069429 0.466000 43 57 61
0.143864 -0.069280 0.465000 35 49 53
0.144443 -0.068982 0.463000 46 64 71
0.145640 -0.068982 0.463000 46 64 71
0.148354 -0.069131 0.464000 34 53 57
0.150198 -0.069429 0.466000 43 55 59
0.151728 -0.069578 0.467000 111 123 127
0.168354 -0.070471 0.473000 124 135 133
0.169577 -0.070471 0.473000 102 112 119
0.170800 -0.070471 0.473000 50 60 67
0.172023 -0.070471 0.473000 40 50 55
0.173246 -0.070471 0.473000 57 67 72
0.174838 -0.070620 0.474000 64 78 82
0.176063 -0.070620 0.474000 62 76 80
0.177663 -0.070769 0.475000 57 68 77
0.180499 -0.070918 0.476000 103 113 116
-0.236008 -0.063830 0.436000 57 68 68
-0.234881 -0.063830 0.436000 67 78 78
-0.233217 -0.063684 0.435000 51 63 65
-0.232626 -0.063830 0.436000 45 57 59
-0.230968 -0.063684 0.435000 36 53 54
-0.229843 -0.063684 0.435000 35 52 53
-0.228718 -0.063684 0.435000 39 56 59
-0.229686 -0.064269 0.439000 39 56 59
-0.229488 -0.064855 0.443000 38 52 56
-0.058183 -0.066758 0.456000 96 99 98
-0.056379 -0.066026 0.451000 59 62 61
-0.055090 -0.065880 0.450000 28 34 34
-0.053927 -0.065880 0.450000 27 33 33
-0.052763 -0.065880 0.450000 29 37 38
-0.051600 -0.065880 0.450000 34 42 43
-0.050436 -0.065880 0.450000 32 43 43
-0.049273 -0.065880 0.450000 33 44 44
-0.048109 -0.065880 0.450000 40 51 49
-0.046945 -0.065880 0.450000 38 49 47
-0.045782 -0.065880 0.450000 38 51 46
-0.044618 -0.065880 0.450000 35 48 43
-0.043455 -0.065880 0.450000 29 44 39
-0.042291 -0.065880 0.450000 26 41 36
-0.041219 -0.066026 0.451000 22 40 36
-0.040142 -0.066172 0.452000 22 40 36
-0.039059 -0.066319 0.453000 24 42 38
-0.037972 -0.066465 0.454000 22 40 36
-0.036798 -0.066465 0.454000 21 39 35
-0.035702 -0.066612 0.455000 14 32 28
-0.034526 -0.066612 0.455000 88 99 97
-0.033423 -0.066758 0.456000 128 139 137
-0.032243 -0.066758 0.456000 124 128 123
-0.031064 -0.066758 0.456000 121 125 120
-0.029885 -0.066758 0.456000 120 124 119
-0.018571 -0.068515 0.468000 76 108 71
-0.017361 -0.068515 0.468000 82 114 77
-0.016151 -0.068515 0.468000 61 87 63
-0.014941 -0.068515 0.468000 46 72 48
-0.010415 -0.051972 0.355000 38 49 45
-0.009497 -0.051972 0.355000 32 43 39
-0.008579 -0.051972 0.355000 39 47 44
-0.007661 -0.051972 0.355000 45 53 50
-0.006743 -0.051972 0.355000 41 52 48
-0.007696 -0.068661 0.469000 30 41 37
-0.005282 -0.068808 0.470000 98 109 105
-0.004067 -0.068808 0.470000 141 147 145
-0.002858 -0.068954 0.471000 138 144 142
0.084288 -0.068515 0.468000 89 102 85
0.085315 -0.068368 0.467000 86 102 81
0.086522 -0.068368 0.467000 85 101 80
0.087730 -0.068368 0.467000 68 95 66
0.088937 -0.068368 0.467000 69 96 67
0.090145 -0.068368 0.467000 67 103 60
0.091157 -0.068222 0.466000 73 109 66
0.092362 -0.068222 0.466000 74 113 62
0.093567 -0.068222 0.466000 88 127 76
0.094772 -0.068222 0.466000 96 135 84
0.095977 -0.068222 0.466000 72 111 60
0.097181 -0.068222 0.466000 41 79 35
0.098386 -0.068222 0.466000 40 78 34
0.099805 -0.068368 0.467000 50 90 48
0.101013 -0.068368 0.467000 59 99 57
0.102220 -0.068368 0.467000 67 106 55
0.103428 -0.068368 0.467000 75 114 63
0.104859 -0.068515 0.468000 84 119 65
0.106069 -0.068515 0.468000 83 118 64
0.141162 -0.068515 0.468000 144 152 151
0.142068 -0.068368 0.467000 154 162 161
0.143245 -0.067783 0.463000 47 57 60
0.144131 -0.067636 0.462000 35 51 59
0.145325 -0.067636 0.462000 48 64 72
0.146520 -0.067636 0.462000 49 66 71
0.148034 -0.067783 0.463000 45 62 67
0.151078 -0.068076 0.465000 56 68 74
0.152608 -0.068222 0.466000 126 134 133
0.165908 -0.069247 0.473000 130 138 135
0.167131 -0.069247 0.473000 130 141 141
0.168354 -0.069247 0.473000 91 102 102
0.169577 -0.069247 0.473000 50 60 65
0.170800 -0.069247 0.473000 44 54 59
0.172023 -0.069247 0.473000 60 72 76
0.173246 -0.069247 0.473000 68 80 84
0.174469 -0.069247 0.473000 60 77 80
0.176063 -0.069393 0.474000 55 72 75
0.177289 -0.069393 0.474000 58 68 73
0.178891 -0.069540 0.475000 105 115 120
-0.235467 -0.062557 0.435000 62 70 69
-0.234342 -0.062557 0.435000 64 72 71
-0.233217 -0.062557 0.435000 63 75 77
-0.232092 -0.062557 0.435000 50 62 64
-0.230968 -0.062557 0.435000 42 56 60
-0.229843 -0.062557 0.435000 38 52 56
-0.228718 -0.062557 0.435000 35 52 55
-0.228640 -0.062845 0.437000 38 55 58
-0.228551 -0.063133 0.439000 41 55 59
-0.062126 -0.066009 0.459000 131 132 126
-0.057545 -0.064858 0.451000 34 40 38
-0.056254 -0.064714 0.450000 30 36 34
-0.054968 -0.064571 0.449000 34 40 40
-0.053687 -0.064427 0.448000 34 40 40
-0.052529 -0.064427 0.448000 34 42 41
-0.051370 -0.064427 0.448000 34 42 41
-0.050324 -0.064571 0.449000 36 47 45
-0.049054 -0.064427 0.448000 39 50 48
-0.048002 -0.064571 0.449000 41 52 50
-0.046841 -0.064571 0.449000 39 50 48
-0.045782 -0.064714 0.450000 32 45 42
-0.044618 -0.064714 0.450000 30 43 40
-0.043455 -0.064714 0.450000 28 41 38
-0.042291 -0.064714 0.450000 26 39 36
-0.041219 -0.064858 0.451000 23 38 35
-0.040142 -0.065002 0.452000 23 38 35
-0.039059 -0.065146 0.453000 24 39 36
-0.037972 -0.065290 0.454000 21 36 33
-0.036879 -0.065434 0.455000 20 35 32
-0.035702 -0.065434 0.455000 13 28 25
-0.034602 -0.065577 0.456000 56 69 66
-0.033423 -0.065577 0.456000 127 140 137
-0.032243 -0.065577 0.456000 120 127 121
-0.031064 -0.065577 0.456000 120 127 121
-0.019781 -0.067303 0.468000 76 108 69
-0.018571 -0.067303 0.468000 81 110 76
-0.017361 -0.067303 0.468000 65 94 60
-0.016151 -0.067303 0.468000 41 63 45
-0.011333 -0.051053 0.355000 45 67 49
-0.010415 -0.051053 0.355000 36 44 41
-0.009497 -0.051053 0.355000 38 46 43
-0.008579 -0.051053 0.355000 44 50 48
-0.007661 -0.051053 0.355000 46 52 50
-0.008890 -0.067303 0.468000 36 42 40
-0.007696 -0.067447 0.469000 28 34 32
-0.006484 -0.067447 0.469000 92 100 97
-0.004067 -0.067591 0.470000 138 144 142
-0.002852 -0.067591 0.470000 135 141 139
0.085498 -0.067303 0.468000 93 106 89
0.086522 -0.067159 0.467000 90 103 86
0.087730 -0.067159 0.467000 79 100 78
0.088937 -0.067159 0.467000 76 97 75
0.090145 -0.067159 0.467000 68 100 63
0.091157 -0.067015 0.466000 66 98 61
0.092362 -0.067015 0.466000 68 106 58
0.093567 -0.067015 0.466000 73 111 63
0.094772 -0.067015 0.466000 90 127 77
0.095977 -0.067015 0.466000 96 133 83
0.097181 -0.067015 0.466000 91 127 82
0.098386 -0.067015 0.466000 49 85 40
0.099591 -0.067015 0.466000 39 77 33
0.100796 -0.067015 0.466000 46 84 40
0.102001 -0.067015 0.466000 62 98 53
0.103428 -0.067159 0.467000 71 107 62
0.104635 -0.067159 0.467000 75 112 60
0.105843 -0.067159 0.467000 78 115 63
0.107279 -0.067303 0.468000 88 119 77
0.108489 -0.067303 0.468000 101 132 90
0.142372 -0.067303 0.468000 144 152 149
0.142969 -0.067015 0.466000 154 162 161
0.142936 -0.066440 0.462000 114 122 121
0.144131 -0.066440 0.462000 39 51 57
0.145011 -0.066296 0.461000 40 52 58
0.146203 -0.066296 0.461000 54 67 76
0.147395 -0.066296 0.461000 48 61 70
0.148909 -0.066440 0.462000 40 54 58
0.151953 -0.066728 0.464000 67 78 78
0.153813 -0.067015 0.466000 144 155 155
0.163116 -0.067878 0.472000 130 138 137
0.164337 -0.067878 0.472000 124 135 135
0.165908 -0.068022 0.473000 125 136 136
0.166777 -0.067878 0.472000 90 100 103
0.168354 -0.068022 0.473000 41 51 54
0.169577 -0.068022 0.473000 44 54 57
0.170800 -0.068022 0.473000 60 70 73
0.172023 -0.068022 0.473000 70 84 88
0.173246 -0.068022 0.473000 59 73 77
0.174469 -0.068022 0.473000 56 70 74
0.176063 -0.068166 0.474000 55 69 73
0.177289 -0.068166 0.474000 108 119 119
-0.234342 -0.061431 0.435000 56 64 61
-0.233217 -0.061431 0.435000 65 77 79
-0.232092 -0.061431 0.435000 59 71 73
-0.230968 -0.061431 0.435000 45 59 63
-0.229843 -0.061431 0.435000 38 52 56
-0.228718 -0.061431 0.435000 35 52 55
-0.228117 -0.061572 0.436000 38 55 58
-0.228030 -0.061855 0.438000 43 57 61
-0.227416 -0.061996 0.439000 40 54 58
-0.060143 -0.063973 0.453000 63 69 67
-0.058711 -0.063691 0.451000 28 34 32
-0.057417 -0.063549 0.450000 32 40 39
-0.056129 -0.063408 0.449000 36 44 43
-0.054845 -0.063267 0.448000 36 44 43
-0.053687 -0.063267 0.448000 35 43 42
-0.052529 -0.063267 0.448000 33 44 42
-0.051370 -0.063267 0.448000 37 48 46
-0.050212 -0.063267 0.448000 39 50 48
-0.049054 -0.063267 0.448000 37 48 46
-0.048002 -0.063408 0.449000 32 43 41
-0.046841 -0.063408 0.449000 29 40 38
-0.045782 -0.063549 0.450000 30 41 39
-0.044618 -0.063549 0.450000 29 40 38
-0.043455 -0.063549 0.450000 25 38 35
-0.042385 -0.063691 0.451000 23 36 33
-0.041310 -0.063832 0.452000 18 31 28
-0.040231 -0.063973 0.453000 23 36 33
-0.039145 -0.064114 0.454000 19 32 29
-0.038055 -0.064255 0.455000 18 31 28
-0.036879 -0.064255 0.455000 19 34 31
-0.035781 -0.064397 0.456000 12 27 24
-0.034602 -0.064397 0.456000 31 44 43
-0.033423 -0.064397 0.456000 124 137 136
-0.032243 -0.064397 0.456000 119 127 124
-0.031064 -0.064397 0.456000 120 128 125
-0.020991 -0.066091 0.468000 79 111 72
-0.019781 -0.066091 0.468000 83 115 76
-0.018571 -0.066091 0.468000 74 103 71
-0.017361 -0.066091 0.468000 43 72 40
-0.012251 -0.050133 0.355000 50 65 51
-0.011333 -0.050133 0.355000 35 50 36
-0.010415 -0.050133 0.355000 36 44 41
-0.009497 -0.050133 0.355000 43 51 48
-0.008579 -0.050133 0.355000 47 53 51
-0.010100 -0.066091 0.468000 39 45 43
-0.008890 -0.066091 0.468000 32 38 38
-0.007680 -0.066091 0.468000 64 70 70
-0.006484 -0.066232 0.469000 136 142 140
-0.005271 -0.066232 0.469000 139 145 143
0.087730 -0.065950 0.467000 86 103 85
0.088937 -0.065950 0.467000 84 101 83
0.090145 -0.065950 0.467000 71 99 72
0.091157 -0.065809 0.466000 70 98 71
0.092362 -0.065809 0.466000 67 102 62
0.093567 -0.065809 0.466000 67 102 62
0.094772 -0.065809 0.466000 75 112 62
0.095977 -0.065809 0.466000 82 119 69
0.097181 -0.065809 0.466000 91 128 78
0.098175 -0.065668 0.465000 96 133 83
0.099591 -0.065809 0.466000 66 102 59
0.100796 -0.065809 0.466000 42 78 35
0.101782 -0.065668 0.465000 46 81 43
0.102985 -0.065668 0.465000 55 90 52
0.104411 -0.065809 0.466000 69 105 58
0.105616 -0.065809 0.466000 74 110 63
0.107050 -0.065950 0.467000 75 111 68
0.108258 -0.065950 0.467000 78 114 71
0.109700 -0.066091 0.468000 92 120 84
0.110910 -0.066091 0.468000 110 138 102
0.143276 -0.065950 0.467000 151 157 155
0.143245 -0.065385 0.463000 155 161 159
0.144131 -0.065244 0.462000 105 112 118
0.145011 -0.065103 0.461000 45 52 58
0.145886 -0.064962 0.460000 47 60 69
0.147075 -0.064962 0.460000 52 65 74
0.148587 -0.065103 0.461000 44 58 62
0.150104 -0.065244 0.462000 35 49 53
0.151626 -0.065385 0.463000 43 55 57
0.154685 -0.065668 0.465000 152 161 154
0.161210 -0.066374 0.470000 130 141 139
0.162771 -0.066515 0.471000 126 137 135
0.163988 -0.066515 0.471000 123 133 136
0.165206 -0.066515 0.471000 86 96 99
0.166777 -0.066656 0.472000 37 47 50
0.167998 -0.066656 0.472000 43 53 56
0.169218 -0.066656 0.472000 59 69 72
0.170800 -0.066797 0.473000 64 74 77
0.172023 -0.066797 0.473000 55 72 75
0.173246 -0.066797 0.473000 46 63 66
0.174469 -0.066797 0.473000 51 65 67
0.176063 -0.066939 0.474000 104 118 120
-0.234342 -0.060305 0.435000 60 66 64
-0.233217 -0.060305 0.435000 62 73 73
-0.232092 -0.060305 0.435000 65 76 76
-0.230968 -0.060305 0.435000 45 59 65
-0.229843 -0.060305 0.435000 40 54 60
-0.228192 -0.060166 0.434000 34 51 54
-0.227070 -0.060166 0.434000 35 52 55
-0.225948 -0.060166 0.434000 42 56 58
-0.225344 -0.060305 0.435000 43 57 59
-0.231506 -0.063216 0.456000 156 163 169
-0.066874 -0.063632 0.459000 128 135 127
-0.062623 -0.062939 0.454000 70 78 79
-0.061179 -0.062661 0.452000 45 53 54
-0.059745 -0.062384 0.450000 31 38 42
-0.058581 -0.062384 0.450000 38 45 49
-0.057290 -0.062246 0.449000 36 46 49
-0.056004 -0.062107 0.448000 34 44 47
-0.054723 -0.061968 0.447000 35 48 47
-0.053567 -0.061968 0.447000 38 51 50
-0.052411 -0.061968 0.447000 39 52 49
-0.050212 -0.062107 0.448000 33 46 43
-0.049163 -0.062246 0.449000 28 41 38
-0.048002 -0.062246 0.449000 29 40 38
-0.046841 -0.062246 0.449000 29 40 38
-0.045782 -0.062384 0.450000 25 36 34
-0.044618 -0.062384 0.450000 22 33 31
-0.043551 -0.062523 0.451000 19 30 28
-0.042479 -0.062661 0.452000 31 42 40
-0.041402 -0.062800 0.453000 78 91 86
-0.040319 -0.062939 0.454000 61 74 69
-0.039145 -0.062939 0.454000 27 42 39
-0.038055 -0.063077 0.455000 21 36 33
-0.036960 -0.063216 0.456000 20 34 36
-0.035781 -0.063216 0.456000 20 34 36
-0.034602 -0.063216 0.456000 21 34 33
-0.033423 -0.063216 0.456000 97 110 109
-0.032314 -0.063355 0.457000 127 135 132
-0.022201 -0.064880 0.468000 75 105 66
-0.020991 -0.064880 0.468000 76 108 69
-0.019781 -0.064880 0.468000 89 121 82
-0.018571 -0.064880 0.468000 59 82 57
-0.017361 -0.064880 0.468000 46 69 44
-0.012251 -0.049214 0.355000 40 52 44
-0.011333 -0.049214 0.355000 34 46 38
-0.010415 -0.049214 0.355000 38 49 45
-0.009497 -0.049214 0.355000 43 54 50
-0.011310 -0.064880 0.468000 41 49 48
-0.010100 -0.064880 0.468000 29 37 36
-0.008890 -0.064880 0.468000 53 59 57
-0.007680 -0.064880 0.468000 131 137 135
-0.006470 -0.064880 0.468000 144 148 143
0.088937 -0.064741 0.467000 89 102 87
0.090145 -0.064741 0.467000 80 102 82
0.091157 -0.064602 0.466000 76 98 78
0.092362 -0.064602 0.466000 66 100 69
0.093567 -0.064602 0.466000 64 98 67
0.094772 -0.064602 0.466000 68 106 62
0.095977 -0.064602 0.466000 68 106 62
0.096973 -0.064464 0.465000 81 119 73
0.098175 -0.064464 0.465000 89 127 81
0.099378 -0.064464 0.465000 94 131 90
0.100364 -0.064325 0.464000 81 118 77
0.101563 -0.064325 0.464000 51 86 48
0.102763 -0.064325 0.464000 46 81 43
0.103963 -0.064325 0.464000 58 94 58
0.105389 -0.064464 0.465000 66 102 66
0.106821 -0.064602 0.466000 66 107 62
0.108026 -0.064602 0.466000 72 113 68
0.109465 -0.064741 0.467000 80 116 73
0.110673 -0.064741 0.467000 91 127 84
0.113330 -0.064880 0.468000 130 154 124
0.143582 -0.064880 0.468000 149 152 151
0.144483 -0.064741 0.467000 153 156 155
0.144131 -0.064048 0.462000 153 159 161
0.145011 -0.063909 0.461000 94 100 102
0.145886 -0.063770 0.460000 41 55 61
0.146755 -0.063632 0.459000 48 62 68
0.148264 -0.063770 0.460000 51 65 71
0.149454 -0.063770 0.460000 43 57 63
0.150971 -0.063909 0.461000 38 50 52
0.152493 -0.064048 0.462000 53 65 67
0.154020 -0.064186 0.463000 122 133 129
0.158973 -0.064741 0.467000 128 140 132
0.160524 -0.064880 0.468000 129 140 140
0.162079 -0.065018 0.469000 121 132 132
0.163640 -0.065157 0.470000 72 82 89
0.164855 -0.065157 0.470000 43 53 60
0.166424 -0.065295 0.471000 47 57 62
0.167642 -0.065295 0.471000 60 70 75
0.169218 -0.065434 0.472000 59 71 73
0.170800 -0.065573 0.473000 59 71 73
0.172023 -0.065573 0.473000 45 62 65
0.173246 -0.065573 0.473000 57 74 77
0.174469 -0.065573 0.473000 118 129 129
-0.233217 -0.059178 0.435000 51 62 62
-0.231559 -0.059042 0.434000 66 77 77
-0.230437 -0.059042 0.434000 54 68 72
-0.229315 -0.059042 0.434000 42 56 60
-0.228192 -0.059042 0.434000 36 53 54
-0.227070 -0.059042 0.434000 36 53 54
-0.225948 -0.059042 0.434000 39 56 57
-0.224826 -0.059042 0.434000 39 56 57
-0.067764 -0.062171 0.457000 118 126 123
-0.066291 -0.061899 0.455000 83 91 88
-0.064971 -0.061763 0.454000 66 76 79
-0.063516 -0.061491 0.452000 36 46 49
-0.062210 -0.061355 0.451000 33 43 46
-0.060908 -0.061219 0.450000 32 42 45
-0.059612 -0.061083 0.449000 34 44 47
-0.058451 -0.061083 0.449000 36 46 49
-0.057162 -0.060947 0.448000 37 50 49
-0.055879 -0.060811 0.447000 40 53 52
-0.054723 -0.060811 0.447000 41 56 55
-0.052529 -0.060947 0.448000 34 49 48
-0.051370 -0.060947 0.448000 28 43 42
-0.050324 -0.061083 0.449000 27 42 41
-0.049163 -0.061083 0.449000 23 38 37
-0.048109 -0.061219 0.450000 28 41 40
-0.046945 -0.061219 0.450000 23 36 35
-0.045884 -0.061355 0.451000 24 32 31
-0.044717 -0.061355 0.451000 33 41 40
-0.043648 -0.061491 0.452000 77 83 83
-0.042573 -0.061627 0.453000 98 104 104
-0.041493 -0.061763 0.454000 95 108 103
-0.040408 -0.061899 0.455000 88 101 96
-0.039232 -0.061899 0.455000 29 44 43
-0.038139 -0.062035 0.456000 17 32 31
-0.036960 -0.062035 0.456000 18 35 36
-0.035781 -0.062035 0.456000 20 37 38
-0.034602 -0.062035 0.456000 19 32 31
-0.033423 -0.062035 0.456000 71 84 83
-0.032314 -0.062171 0.457000 132 139 133
-0.022201 -0.063668 0.468000 76 108 69
-0.020991 -0.063668 0.468000 74 108 73
-0.019781 -0.063668 0.468000 67 101 66
-0.018571 -0.063668 0.468000 41 63 47
-0.017361 -0.063668 0.468000 40 62 46
-0.012251 -0.048295 0.355000 35 48 45
-0.011333 -0.048295 0.355000 35 48 45
-0.010415 -0.048295 0.355000 41 52 50
-0.009497 -0.048295 0.355000 40 51 49
-0.011310 -0.063668 0.468000 31 42 40
-0.010100 -0.063668 0.468000 29 40 38
-0.008890 -0.063668 0.468000 109 118 111
-0.007680 -0.063668 0.468000 140 149 142
0.090145 -0.063532 0.467000 84 101 85
0.091352 -0.063532 0.467000 83 100 84
0.092362 -0.063396 0.466000 73 101 76
0.093567 -0.063396 0.466000 72 100 75
0.094772 -0.063396 0.466000 66 101 63
0.095977 -0.063396 0.466000 69 104 66
0.096973 -0.063260 0.465000 74 112 68
0.098175 -0.063260 0.465000 81 119 75
0.099164 -0.063124 0.464000 86 127 82
0.100364 -0.063124 0.464000 93 134 89
0.101563 -0.063124 0.464000 94 129 91
0.102763 -0.063124 0.464000 60 95 57
0.103739 -0.062988 0.463000 46 80 45
0.104936 -0.062988 0.463000 60 94 59
0.106362 -0.063124 0.464000 61 101 61
0.107562 -0.063124 0.464000 66 106 66
0.108996 -0.063260 0.465000 69 107 61
0.113088 -0.063532 0.467000 108 139 97
0.114540 -0.063668 0.468000 132 149 131
0.143582 -0.063668 0.468000 149 152 151
0.144483 -0.063532 0.467000 149 152 151
0.145011 -0.062715 0.461000 138 141 142
0.145886 -0.062579 0.460000 71 83 87
0.146755 -0.062443 0.459000 40 52 56
0.147942 -0.062443 0.459000 49 66 71
0.149129 -0.062443 0.459000 43 60 65
0.150643 -0.062579 0.460000 42 56 58
0.151833 -0.062579 0.460000 38 52 54
0.153355 -0.062715 0.461000 78 91 86
0.154882 -0.062851 0.462000 131 144 139
0.158292 -0.063260 0.465000 130 142 132
0.160181 -0.063532 0.467000 108 120 122
0.161734 -0.063668 0.468000 61 73 75
0.162944 -0.063668 0.468000 35 47 53
0.164505 -0.063804 0.469000 49 61 67
0.166071 -0.063940 0.470000 63 75 79
0.167642 -0.064076 0.471000 58 70 74
0.169218 -0.064212 0.472000 54 71 76
0.170800 -0.064348 0.473000 45 62 67
0.172023 -0.064348 0.473000 64 78 80
-0.232681 -0.057919 0.434000 57 65 66
-0.231559 -0.057919 0.434000 62 70 71
-0.230437 -0.057919 0.434000 59 73 77
-0.229315 -0.057919 0.434000 48 62 66
-0.228192 -0.057919 0.434000 36 53 54
-0.227070 -0.057919 0.434000 36 53 54
-0.225948 -0.057919 0.434000 38 52 54
-0.224826 -0.057919 0.434000 41 55 57
-0.223704 -0.057919 0.434000 42 56 58
-0.067319 -0.060588 0.454000 68 80 82
-0.065854 -0.060321 0.452000 53 65 67
-0.064542 -0.060187 0.451000 30 40 43
-0.063235 -0.060054 0.450000 36 46 49
-0.062072 -0.060054 0.450000 37 48 48
-0.060773 -0.059920 0.449000 37 48 48
-0.059612 -0.059920 0.449000 37 48 48
-0.058321 -0.059787 0.448000 45 56 56
-0.057162 -0.059787 0.448000 52 63 63
-0.055879 -0.059653 0.447000 47 58 58
-0.054723 -0.059653 0.447000 38 51 50
-0.052529 -0.059787 0.448000 28 43 42
-0.051485 -0.059920 0.449000 26 41 40
-0.050324 -0.059920 0.449000 27 42 41
-0.049273 -0.060054 0.450000 22 37 36
-0.048109 -0.060054 0.450000 24 35 35
-0.047050 -0.060187 0.451000 33 44 44
-0.045985 -0.060321 0.452000 65 71 69
-0.045015 -0.060588 0.454000 103 109 107
-0.043841 -0.060588 0.454000 107 113 111
-0.040497 -0.060855 0.456000 95 103 102
-0.039318 -0.060855 0.456000 35 50 49
-0.038139 -0.060855 0.456000 12 27 26
-0.036960 -0.060855 0.456000 18 35 36
-0.035781 -0.060855 0.456000 20 37 38
-0.034602 -0.060855 0.456000 22 35 34
-0.033496 -0.060988 0.457000 43 56 55
-0.032314 -0.060988 0.457000 133 142 135
-0.031201 -0.061121 0.458000 125 134 127
-0.022201 -0.062456 0.468000 77 112 72
-0.020991 -0.062456 0.468000 76 110 79
-0.019781 -0.062456 0.468000 35 69 38
-0.018571 -0.062456 0.468000 49 70 59
-0.017361 -0.062456 0.468000 28 49 38
-0.012251 -0.047376 0.355000 31 46 43
-0.011333 -0.047376 0.355000 36 51 48
-0.010415 -0.047376 0.355000 40 53 50
-0.009497 -0.047376 0.355000 32 45 42
-0.011286 -0.062323 0.467000 28 36 35
-0.010079 -0.062323 0.467000 81 89 88
-0.008871 -0.062323 0.467000 142 148 146
0.091352 -0.062323 0.467000 89 102 87
0.092560 -0.062323 0.467000 78 101 78
0.093567 -0.062189 0.466000 77 100 77
0.094772 -0.062189 0.466000 69 100 68
0.095977 -0.062189 0.466000 70 101 69
0.096973 -0.062056 0.465000 69 106 65
0.097964 -0.061922 0.464000 70 107 66
0.099164 -0.061922 0.464000 81 119 73
0.100364 -0.061922 0.464000 88 126 80
0.101345 -0.061789 0.463000 91 129 85
0.102542 -0.061789 0.463000 89 127 83
0.103515 -0.061655 0.462000 78 109 75
0.104936 -0.061789 0.463000 55 86 52
0.106133 -0.061789 0.463000 58 94 58
0.107330 -0.061789 0.463000 65 101 65
0.108528 -0.061789 0.463000 70 108 62
0.109962 -0.061922 0.464000 72 110 64
0.111401 -0.062056 0.465000 79 112 66
0.112846 -0.062189 0.466000 87 120 74
0.114295 -0.062323 0.467000 110 134 104
0.115503 -0.062323 0.467000 132 156 126
0.144792 -0.062456 0.468000 148 155 149
0.145886 -0.061388 0.460000 122 133 133
0.146755 -0.061255 0.459000 43 54 54
0.147620 -0.061121 0.458000 46 63 68
0.148804 -0.061121 0.458000 49 66 71
0.149988 -0.061121 0.458000 43 60 61
0.151503 -0.061255 0.459000 41 58 59
0.153355 -0.061522 0.461000 50 65 62
0.154547 -0.061522 0.461000 97 112 109
0.156752 -0.061922 0.464000 128 141 138
0.159838 -0.062189 0.466000 52 64 70
0.161734 -0.062456 0.468000 35 47 53
0.162944 -0.062456 0.468000 54 64 71
0.164505 -0.062589 0.469000 67 77 84
0.166071 -0.062723 0.470000 61 73 79
0.167642 -0.062856 0.471000 59 71 77
0.169218 -0.062990 0.472000 45 59 63
0.170800 -0.063123 0.473000 70 84 88
-0.231559 -0.056795 0.434000 54 60 62
-0.230437 -0.056795 0.434000 57 71 73
-0.229315 -0.056795 0.434000 55 69 71
-0.228192 -0.056795 0.434000 43 57 59
-0.227070 -0.056795 0.434000 41 55 57
-0.225948 -0.056795 0.434000 40 54 56
-0.224308 -0.056664 0.433000 40 54 56
-0.223188 -0.056664 0.433000 41 55 57
-0.222069 -0.056664 0.433000 44 58 60
-0.221459 -0.056795 0.434000 36 50 56
-0.073995 -0.060066 0.459000 136 140 135
-0.069513 -0.059281 0.453000 87 100 99
-0.068040 -0.059020 0.451000 72 85 84
-0.066726 -0.058889 0.450000 32 44 46
-0.065562 -0.058889 0.450000 32 44 46
-0.064399 -0.058889 0.450000 33 46 45
-0.063095 -0.058758 0.449000 36 49 48
-0.061796 -0.058627 0.448000 36 49 48
-0.060637 -0.058627 0.448000 40 53 52
-0.059346 -0.058496 0.447000 46 57 57
-0.058321 -0.058627 0.448000 50 61 61
-0.057035 -0.058496 0.447000 50 61 61
-0.055879 -0.058496 0.447000 39 50 50
-0.053687 -0.058627 0.448000 28 41 40
-0.052646 -0.058758 0.449000 23 38 37
-0.051485 -0.058758 0.449000 24 39 38
-0.050436 -0.058889 0.450000 22 35 34
-0.049273 -0.058889 0.450000 24 37 36
-0.048216 -0.059020 0.451000 47 55 54
-0.047258 -0.059281 0.453000 97 105 104
-0.046189 -0.059412 0.454000 122 128 126
-0.039318 -0.059674 0.456000 68 79 77
-0.038139 -0.059674 0.456000 18 29 27
-0.036960 -0.059674 0.456000 22 35 34
-0.035781 -0.059674 0.456000 26 39 38
-0.034602 -0.059674 0.456000 28 41 40
-0.033496 -0.059805 0.457000 22 35 34
-0.032314 -0.059805 0.457000 110 119 112
-0.031201 -0.059936 0.458000 128 137 130
-0.023361 -0.061113 0.467000 76 111 73
-0.022154 -0.061113 0.467000 81 116 78
-0.020946 -0.061113 0.467000 52 79 57
-0.019739 -0.061113 0.467000 43 70 48
-0.018531 -0.061113 0.467000 41 59 55
-0.017324 -0.061113 0.467000 24 42 38
-0.016116 -0.061113 0.467000 31 46 43
-0.014909 -0.061113 0.467000 40 55 52
-0.013701 -0.061113 0.467000 36 49 48
-0.012494 -0.061113 0.467000 28 41 40
-0.011286 -0.061113 0.467000 59 67 66
-0.010079 -0.061113 0.467000 127 135 134
0.093567 -0.060983 0.466000 86 100 80
0.094772 -0.060983 0.466000 76 100 72
0.095977 -0.060983 0.466000 75 99 71
0.096973 -0.060852 0.465000 69 101 64
0.097964 -0.060721 0.464000 71 103 66
0.099164 -0.060721 0.464000 73 111 65
0.100147 -0.060590 0.463000 81 119 73
0.101345 -0.060590 0.463000 86 124 76
0.102320 -0.060459 0.462000 86 124 76
0.103515 -0.060459 0.462000 85 120 82
0.104709 -0.060459 0.462000 81 116 78
0.105904 -0.060459 0.462000 54 85 51
0.107099 -0.060459 0.462000 55 86 52
0.108293 -0.060459 0.462000 65 102 61
0.109488 -0.060459 0.462000 68 105 64
0.110922 -0.060590 0.463000 77 113 66
0.112361 -0.060721 0.464000 82 118 71
0.114050 -0.060983 0.466000 91 122 80
0.115255 -0.060983 0.466000 103 134 92
0.145691 -0.061113 0.467000 147 153 151
0.146269 -0.060852 0.465000 149 155 153
0.146755 -0.060066 0.459000 93 101 102
0.147620 -0.059936 0.458000 41 55 61
0.148479 -0.059805 0.457000 52 66 72
0.149661 -0.059805 0.457000 49 66 67
0.151172 -0.059936 0.458000 41 58 59
0.153022 -0.060197 0.460000 48 63 60
0.156077 -0.060459 0.462000 85 97 99
0.159838 -0.060983 0.466000 40 50 57
0.161388 -0.061113 0.467000 53 63 70
0.162944 -0.061244 0.468000 61 71 78
0.164505 -0.061375 0.469000 62 72 79
0.166071 -0.061506 0.470000 58 70 76
0.167642 -0.061637 0.471000 50 62 68
0.169218 -0.061768 0.472000 75 87 89
-0.231559 -0.055671 0.434000 67 75 76
-0.230437 -0.055671 0.434000 53 65 67
-0.229315 -0.055671 0.434000 59 71 73
-0.227667 -0.055543 0.433000 52 69 70
-0.226547 -0.055543 0.433000 43 60 61
-0.225427 -0.055543 0.433000 41 55 57
-0.224308 -0.055543 0.433000 37 51 53
-0.223188 -0.055543 0.433000 42 54 56
-0.222069 -0.055543 0.433000 45 57 59
-0.220949 -0.055543 0.433000 42 56 60
-0.076202 -0.058750 0.458000 136 142 140
-0.071856 -0.058108 0.453000 70 76 74
-0.070373 -0.057852 0.451000 72 78 76
-0.069053 -0.057724 0.450000 33 45 47
-0.067889 -0.057724 0.450000 26 38 40
-0.066578 -0.057595 0.449000 27 42 41
-0.065417 -0.057595 0.449000 34 49 48
-0.064113 -0.057467 0.448000 37 50 47
-0.062954 -0.057467 0.448000 39 52 49
-0.061658 -0.057339 0.447000 44 57 52
-0.060502 -0.057339 0.447000 50 63 58
-0.059346 -0.057339 0.447000 50 63 60
-0.058321 -0.057467 0.448000 40 53 50
-0.057162 -0.057467 0.448000 34 45 43
-0.056004 -0.057467 0.448000 31 42 40
-0.054845 -0.057467 0.448000 30 41 41
-0.053807 -0.057595 0.449000 29 40 40
-0.052763 -0.057724 0.450000 25 36 36
-0.051600 -0.057724 0.450000 26 37 37
-0.050548 -0.057852 0.451000 52 63 61
-0.049492 -0.057980 0.452000 86 97 95
-0.039318 -0.058493 0.456000 88 99 95
-0.038222 -0.058621 0.457000 27 38 34
-0.037041 -0.058621 0.457000 24 35 33
-0.035859 -0.058621 0.457000 25 36 34
-0.034677 -0.058621 0.457000 28 41 38
-0.033423 -0.058493 0.456000 25 38 35
-0.024569 -0.059904 0.467000 84 117 73
-0.023361 -0.059904 0.467000 87 121 86
-0.022154 -0.059904 0.467000 83 117 82
-0.020946 -0.059904 0.467000 37 58 45
-0.019739 -0.059904 0.467000 45 66 53
-0.018531 -0.059904 0.467000 27 45 43
-0.017324 -0.059904 0.467000 31 49 47
-0.016116 -0.059904 0.467000 38 53 52
-0.014909 -0.059904 0.467000 37 52 51
-0.013701 -0.059904 0.467000 28 41 40
-0.012494 -0.059904 0.467000 36 49 48
-0.011286 -0.059904 0.467000 114 122 121
-0.010079 -0.059904 0.467000 144 152 151
0.094772 -0.059776 0.466000 83 99 78
0.095977 -0.059776 0.466000 79 95 74
0.096973 -0.059648 0.465000 71 100 68
0.097964 -0.059519 0.464000 71 100 68
0.099164 -0.059519 0.464000 68 106 62
0.100147 -0.059391 0.463000 73 111 67
0.101345 -0.059391 0.463000 74 116 64
0.102320 -0.059263 0.462000 82 124 72
0.103515 -0.059263 0.462000 87 125 77
0.104709 -0.059263 0.462000 83 121 73
0.105904 -0.059263 0.462000 84 116 79
0.107099 -0.059263 0.462000 59 91 54
0.108293 -0.059263 0.462000 53 84 50
0.109488 -0.059263 0.462000 64 95 61
0.110682 -0.059263 0.462000 71 107 60
0.111877 -0.059263 0.462000 77 113 66
0.113316 -0.059391 0.463000 86 119 73
0.115008 -0.059648 0.465000 91 124 78
0.116460 -0.059776 0.466000 108 132 102
0.145691 -0.059904 0.467000 146 152 150
0.146583 -0.059776 0.466000 145 151 149
0.146203 -0.059135 0.461000 149 157 156
0.146755 -0.058878 0.459000 138 146 145
0.147297 -0.058621 0.457000 46 58 62
0.148154 -0.058493 0.456000 47 59 63
0.149333 -0.058493 0.456000 52 66 68
0.150512 -0.058493 0.456000 45 59 61
0.152024 -0.058621 0.457000 48 63 62
0.155739 -0.059135 0.461000 44 59 58
0.157952 -0.059519 0.464000 42 57 56
0.161388 -0.059904 0.467000 63 75 77
0.162944 -0.060032 0.468000 63 75 79
0.164154 -0.060032 0.468000 57 69 73
0.166071 -0.060289 0.470000 49 61 63
-0.230437 -0.054547 0.434000 51 64 63
-0.229315 -0.054547 0.434000 56 69 68
-0.227667 -0.054422 0.433000 57 71 73
-0.226547 -0.054422 0.433000 52 66 68
-0.224907 -0.054296 0.432000 44 58 60
-0.223790 -0.054296 0.432000 37 51 53
-0.222673 -0.054296 0.432000 37 50 49
-0.221556 -0.054296 0.432000 40 53 52
-0.219829 -0.054422 0.433000 42 56 58
-0.078399 -0.057438 0.457000 133 139 137
-0.075536 -0.057061 0.454000 96 104 103
-0.074035 -0.056810 0.452000 70 76 76
-0.072544 -0.056558 0.450000 40 46 46
-0.071380 -0.056558 0.450000 45 53 54
-0.070060 -0.056433 0.449000 40 48 49
-0.068900 -0.056433 0.449000 35 47 49
-0.067588 -0.056307 0.448000 33 45 47
-0.066429 -0.056307 0.448000 31 46 45
-0.065271 -0.056307 0.448000 36 51 50
-0.063969 -0.056181 0.447000 42 55 50
-0.062954 -0.056307 0.448000 44 57 52
-0.061658 -0.056181 0.447000 47 61 52
-0.060502 -0.056181 0.447000 44 58 49
-0.059479 -0.056307 0.448000 35 48 43
-0.058321 -0.056307 0.448000 30 43 38
-0.057290 -0.056433 0.449000 31 44 41
-0.056129 -0.056433 0.449000 30 43 40
-0.054968 -0.056433 0.449000 27 35 36
-0.053927 -0.056558 0.450000 24 32 33
-0.052763 -0.056558 0.450000 42 50 49
-0.051714 -0.056684 0.451000 75 83 82
-0.038222 -0.057438 0.457000 48 57 50
-0.037041 -0.057438 0.457000 19 30 26
-0.035859 -0.057438 0.457000 24 35 31
-0.034677 -0.057438 0.457000 30 43 42
-0.033496 -0.057438 0.457000 33 46 45
-0.025721 -0.058569 0.466000 83 116 70
-0.024569 -0.058695 0.467000 84 117 71
-0.023361 -0.058695 0.467000 99 130 100
-0.022154 -0.058695 0.467000 50 81 51
-0.020946 -0.058695 0.467000 46 64 58
-0.019739 -0.058695 0.467000 34 52 46
-0.018531 -0.058695 0.467000 29 46 47
-0.017324 -0.058695 0.467000 33 50 51
-0.016116 -0.058695 0.467000 38 55 56
-0.014909 -0.058695 0.467000 31 48 49
-0.013701 -0.058695 0.467000 30 41 41
-0.012494 -0.058695 0.467000 82 93 93
-0.011286 -0.058695 0.467000 141 147 145
0.095977 -0.058569 0.466000 86 96 82
0.096973 -0.058444 0.465000 78 101 78
0.097964 -0.058318 0.464000 75 98 75
0.099164 -0.058318 0.464000 66 103 64
0.100147 -0.058192 0.463000 67 104 65
0.101126 -0.058067 0.462000 65 106 57
0.102320 -0.058067 0.462000 80 121 72
0.103515 -0.058067 0.462000 86 125 74
0.104709 -0.058067 0.462000 86 125 74
0.105675 -0.057941 0.461000 83 118 78
0.106867 -0.057941 0.461000 85 120 80
0.108059 -0.057941 0.461000 63 94 62
0.109251 -0.057941 0.461000 54 85 53
0.110443 -0.057941 0.461000 68 100 61
0.111877 -0.058067 0.462000 75 107 68
0.113072 -0.058067 0.462000 77 110 66
0.114513 -0.058192 0.463000 86 119 75
0.115960 -0.058318 0.464000 92 122 85
0.117413 -0.058444 0.465000 103 133 96
0.145691 -0.058695 0.467000 143 149 147
0.146583 -0.058569 0.466000 145 151 149
0.146203 -0.057941 0.461000 144 152 151
0.146436 -0.057564 0.458000 147 155 154
0.147297 -0.057438 0.457000 71 83 85
0.148154 -0.057312 0.456000 40 52 54
0.149333 -0.057312 0.456000 51 65 69
0.150512 -0.057312 0.456000 48 62 66
0.157612 -0.058192 0.463000 55 72 73
0.161388 -0.058695 0.467000 57 74 75
0.162596 -0.058695 0.467000 53 65 67
0.164154 -0.058821 0.468000 57 69 71
-0.230437 -0.053424 0.434000 80 91 89
-0.228786 -0.053301 0.433000 47 58 56
-0.227667 -0.053301 0.433000 56 70 72
-0.226024 -0.053178 0.432000 57 71 73
-0.224907 -0.053178 0.432000 50 63 62
-0.223790 -0.053178 0.432000 45 58 57
-0.222673 -0.053178 0.432000 39 52 51
-0.221556 -0.053178 0.432000 38 51 50
-0.219928 -0.053054 0.431000 42 55 54
-0.218814 -0.053054 0.431000 46 59 58
-0.217700 -0.053054 0.431000 42 56 62
-0.080585 -0.056132 0.456000 135 141 139
-0.079232 -0.056009 0.455000 121 129 128
-0.074871 -0.055393 0.450000 61 68 72
-0.073543 -0.055270 0.449000 36 43 47
-0.072382 -0.055270 0.449000 35 42 46
-0.071063 -0.055147 0.448000 39 49 52
-0.069748 -0.055024 0.447000 38 48 51
-0.068439 -0.054901 0.446000 38 50 52
-0.067286 -0.054901 0.446000 39 51 53
-0.065125 -0.055024 0.447000 46 59 56
-0.063969 -0.055024 0.447000 46 59 54
-0.062814 -0.055024 0.447000 40 53 48
-0.061796 -0.055147 0.448000 37 51 42
-0.060637 -0.055147 0.448000 35 49 40
-0.059612 -0.055270 0.449000 31 44 39
-0.058451 -0.055270 0.449000 31 44 39
-0.057290 -0.055270 0.449000 30 41 41
-0.056254 -0.055393 0.450000 26 37 37
-0.055090 -0.055393 0.450000 41 49 48
-0.053927 -0.055393 0.450000 77 85 84
-0.038222 -0.056255 0.457000 79 86 80
-0.037041 -0.056255 0.457000 18 29 25
-0.035859 -0.056255 0.457000 23 34 30
-0.034602 -0.056132 0.456000 29 40 40
-0.033423 -0.056132 0.456000 33 44 44
-0.032314 -0.056255 0.457000 32 44 36
-0.026868 -0.057240 0.465000 86 117 71
-0.025721 -0.057363 0.466000 89 120 76
-0.024516 -0.057363 0.466000 99 130 86
-0.023361 -0.057486 0.467000 85 107 87
-0.022106 -0.057363 0.466000 40 62 42
-0.020946 -0.057486 0.467000 41 59 57
-0.019739 -0.057486 0.467000 24 42 40
-0.018531 -0.057486 0.467000 33 50 51
-0.017324 -0.057486 0.467000 36 53 54
-0.016116 -0.057486 0.467000 31 48 49
-0.014909 -0.057486 0.467000 20 37 38
-0.013701 -0.057486 0.467000 58 69 67
-0.012494 -0.057486 0.467000 137 148 146
0.097181 -0.057363 0.466000 83 100 84
0.097964 -0.057117 0.464000 79 96 80
0.099164 -0.057117 0.464000 68 102 71
0.100147 -0.056993 0.463000 63 97 66
0.101126 -0.056870 0.462000 65 106 61
0.102320 -0.056870 0.462000 72 113 68
0.103515 -0.056870 0.462000 78 120 68
0.104483 -0.056747 0.461000 80 122 70
0.105675 -0.056747 0.461000 81 122 75
0.106867 -0.056747 0.461000 79 120 73
0.108059 -0.056747 0.461000 87 121 88
0.109251 -0.056747 0.461000 62 96 63
0.110443 -0.056747 0.461000 56 87 53
0.111635 -0.056747 0.461000 69 100 66
0.112827 -0.056747 0.461000 77 110 68
0.114266 -0.056870 0.462000 82 115 73
0.115461 -0.056870 0.462000 85 120 80
0.144792 -0.057609 0.468000 145 151 149
0.145691 -0.057486 0.467000 143 149 147
0.145325 -0.056870 0.462000 142 148 146
0.148154 -0.056132 0.456000 43 55 57
0.149006 -0.056009 0.455000 46 63 66
0.150182 -0.056009 0.455000 45 62 65
0.162596 -0.057486 0.467000 65 77 79
-0.228786 -0.052179 0.433000 66 74 73
-0.227141 -0.052059 0.432000 54 68 70
-0.226024 -0.052059 0.432000 56 70 72
-0.224386 -0.051938 0.431000 57 69 71
-0.223272 -0.051938 0.431000 46 58 60
-0.221043 -0.051938 0.431000 39 52 51
-0.220439 -0.052059 0.432000 40 55 54
-0.218814 -0.051938 0.431000 44 59 58
-0.217700 -0.051938 0.431000 44 58 64
-0.082762 -0.054831 0.455000 131 137 137
-0.081406 -0.054710 0.454000 126 137 135
-0.077026 -0.054108 0.449000 52 62 65
-0.075696 -0.053987 0.448000 41 51 56
-0.074372 -0.053867 0.447000 33 43 48
-0.073052 -0.053746 0.446000 37 47 52
-0.071738 -0.053626 0.445000 37 47 52
-0.070587 -0.053626 0.445000 38 50 52
-0.069436 -0.053626 0.445000 42 54 56
-0.068286 -0.053626 0.445000 46 59 58
-0.067286 -0.053746 0.446000 47 60 59
-0.066133 -0.053746 0.446000 47 60 57
-0.063969 -0.053867 0.447000 33 46 43
-0.062954 -0.053987 0.448000 33 46 43
-0.061796 -0.053987 0.448000 32 45 40
-0.060773 -0.054108 0.449000 33 46 41
-0.059745 -0.054228 0.450000 31 42 40
-0.058581 -0.054228 0.450000 29 40 38
-0.057417 -0.054228 0.450000 32 43 43
-0.056379 -0.054349 0.451000 65 76 76
-0.037041 -0.055072 0.457000 31 42 38
-0.035859 -0.055072 0.457000 20 31 27
-0.034602 -0.054951 0.456000 28 41 38
-0.033423 -0.054951 0.456000 31 44 41
-0.025721 -0.056156 0.466000 92 121 80
-0.024516 -0.056156 0.466000 117 146 105
-0.023311 -0.056156 0.466000 57 76 64
-0.022106 -0.056156 0.466000 39 58 46
-0.020901 -0.056156 0.466000 29 46 49
-0.019696 -0.056156 0.466000 28 45 48
-0.018491 -0.056156 0.466000 34 51 52
-0.017287 -0.056156 0.466000 36 53 54
-0.016082 -0.056156 0.466000 28 45 48
-0.014909 -0.056277 0.467000 25 42 45
-0.013672 -0.056156 0.466000 106 114 113
-0.012494 -0.056277 0.467000 150 158 157
0.098175 -0.056036 0.465000 84 96 86
0.099164 -0.055915 0.464000 73 100 78
0.100147 -0.055795 0.463000 68 95 73
0.101126 -0.055674 0.462000 67 104 65
0.102320 -0.055674 0.462000 68 105 66
0.103515 -0.055674 0.462000 71 115 62
0.104483 -0.055554 0.461000 76 120 67
0.105675 -0.055554 0.461000 80 124 71
0.106867 -0.055554 0.461000 80 124 71
0.108059 -0.055554 0.461000 80 120 80
0.109251 -0.055554 0.461000 86 126 86
0.110443 -0.055554 0.461000 61 92 62
0.111635 -0.055554 0.461000 64 95 65
0.112827 -0.055554 0.461000 71 106 68
0.114019 -0.055554 0.461000 69 104 66
0.115461 -0.055674 0.462000 81 117 74
0.116655 -0.055674 0.462000 84 120 77
0.118105 -0.055795 0.463000 88 118 79
0.119560 -0.055915 0.464000 105 135 96
0.144792 -0.056397 0.468000 140 146 144
0.145691 -0.056277 0.467000 139 145 143
0.145325 -0.055674 0.462000 133 139 137
0.147829 -0.054831 0.455000 45 59 61
0.149006 -0.054831 0.455000 43 60 61
0.150182 -0.054831 0.455000 42 59 60
-0.227667 -0.051058 0.433000 49 62 61
-0.226547 -0.051058 0.433000 54 67 66
-0.224907 -0.050940 0.432000 59 71 73
-0.223272 -0.050822 0.431000 50 62 64
-0.222157 -0.050822 0.431000 43 56 55
-0.221043 -0.050822 0.431000 43 56 55
-0.219928 -0.050822 0.431000 40 54 56
-0.218814 -0.050822 0.431000 41 55 57
-0.217700 -0.050822 0.431000 41 58 61
-0.079971 -0.052591 0.446000 78 86 85
-0.078995 -0.052709 0.447000 52 60 59
-0.077665 -0.052591 0.446000 39 50 50
-0.076340 -0.052473 0.445000 34 45 45
-0.075189 -0.052473 0.445000 36 46 49
-0.074039 -0.052473 0.445000 38 48 51
-0.072724 -0.052355 0.444000 39 51 53
-0.071738 -0.052473 0.445000 43 55 57
-0.070587 -0.052473 0.445000 46 58 60
-0.069436 -0.052473 0.445000 49 61 63
-0.068286 -0.052473 0.445000 45 59 61
-0.067135 -0.052473 0.445000 42 56 58
-0.066133 -0.052591 0.446000 40 51 51
-0.063969 -0.052709 0.447000 33 44 44
-0.062954 -0.052827 0.448000 34 45 45
-0.061934 -0.052945 0.449000 31 42 40
-0.060908 -0.053063 0.450000 30 41 39
-0.059745 -0.053063 0.450000 40 48 45
-0.058581 -0.053063 0.450000 72 80 77
-0.037041 -0.053888 0.457000 62 71 64
-0.035859 -0.053888 0.457000 22 31 24
-0.034602 -0.053770 0.456000 25 38 35
-0.025611 -0.054714 0.464000 118 145 112
-0.024463 -0.054832 0.465000 72 99 66
-0.023261 -0.054832 0.465000 41 59 55
-0.022106 -0.054950 0.466000 39 57 53
-0.020901 -0.054950 0.466000 28 45 46
-0.019696 -0.054950 0.466000 32 49 50
-0.018491 -0.054950 0.466000 34 53 53
-0.017287 -0.054950 0.466000 32 51 51
-0.016082 -0.054950 0.466000 29 43 45
-0.014877 -0.054950 0.466000 72 86 88
-0.013672 -0.054950 0.466000 145 151 149
-0.012467 -0.054950 0.466000 139 145 143
0.099164 -0.054714 0.464000 78 98 83
0.100147 -0.054596 0.463000 76 96 81
0.101126 -0.054478 0.462000 68 101 73
0.102320 -0.054478 0.462000 67 100 72
0.103515 -0.054478 0.462000 66 107 60
0.104483 -0.054360 0.461000 71 112 65
0.105675 -0.054360 0.461000 77 121 68
0.106867 -0.054360 0.461000 81 125 72
0.108059 -0.054360 0.461000 80 123 75
0.109251 -0.054360 0.461000 79 122 74
0.110443 -0.054360 0.461000 87 118 88
0.111635 -0.054360 0.461000 70 101 71
0.112827 -0.054360 0.461000 61 92 58
0.114019 -0.054360 0.461000 70 101 67
0.115211 -0.054360 0.461000 77 110 68
0.116655 -0.054478 0.462000 82 115 73
0.117850 -0.054478 0.462000 85 118 74
0.119302 -0.054596 0.463000 83 116 72
0.120760 -0.054714 0.464000 110 132 105
0.143276 -0.055068 0.467000 138 144 142
0.144483 -0.055068 0.467000 136 142 140
0.144131 -0.054478 0.462000 132 138 136
0.146116 -0.053888 0.457000 96 106 109
0.146975 -0.053770 0.456000 42 54 58
0.147829 -0.053653 0.455000 40 52 56
0.149006 -0.053653 0.455000 45 59 61
0.150182 -0.053653 0.455000 45 59 61
0.151359 -0.053653 0.455000 42 60 58
0.152870 -0.053770 0.456000 45 63 61
0.155063 -0.054124 0.459000 54 71 72
0.157271 -0.054478 0.462000 50 67 68
-0.226547 -0.049937 0.433000 47 60 59
-0.224386 -0.049707 0.431000 54 69 68
-0.223272 -0.049707 0.431000 54 69 68
-0.221642 -0.049591 0.430000 50 65 64
-0.221043 -0.049707 0.431000 42 57 56
-0.219928 -0.049707 0.431000 38 53 52
-0.218306 -0.049591 0.430000 38 53 52
-0.217700 -0.049707 0.431000 39 56 57
-0.216083 -0.049591 0.430000 42 59 60
-0.214971 -0.049591 0.430000 49 63 65
-0.082831 -0.051782 0.449000 87 87 89
-0.081488 -0.051667 0.448000 61 61 63
-0.079971 -0.051436 0.446000 37 43 41
-0.078641 -0.051321 0.445000 37 43 41
-0.077491 -0.051321 0.445000 39 50 46
-0.076169 -0.051206 0.444000 37 48 44
-0.075021 -0.051206 0.444000 40 51 49
-0.073872 -0.051206 0.444000 40 51 49
-0.072724 -0.051206 0.444000 45 58 57
-0.071576 -0.051206 0.444000 56 69 68
-0.070587 -0.051321 0.445000 52 65 64
-0.069436 -0.051321 0.445000 45 58 57
-0.068286 -0.051321 0.445000 37 52 51
-0.067286 -0.051436 0.446000 33 48 47
-0.065125 -0.051552 0.447000 33 46 45
-0.064113 -0.051667 0.448000 37 48 48
-0.063095 -0.051782 0.449000 32 43 43
-0.062072 -0.051898 0.450000 39 47 46
-0.060908 -0.051898 0.450000 61 69 68
-0.037041 -0.052705 0.457000 98 105 99
-0.035859 -0.052705 0.457000 29 36 30
-0.034602 -0.052590 0.456000 28 41 38
-0.026753 -0.053397 0.463000 103 130 97
-0.025555 -0.053397 0.463000 115 138 113
-0.024411 -0.053512 0.464000 49 72 47
-0.023211 -0.053512 0.464000 45 63 61
-0.022059 -0.053628 0.465000 27 45 43
-0.020856 -0.053628 0.465000 31 48 49
-0.019654 -0.053628 0.465000 35 52 53
-0.018452 -0.053628 0.465000 31 50 52
-0.017287 -0.053743 0.466000 21 40 42
-0.016082 -0.053743 0.466000 47 60 59
-0.014877 -0.053743 0.466000 124 137 136
-0.013672 -0.053743 0.466000 141 147 145
0.100147 -0.053397 0.463000 84 97 84
0.101126 -0.053282 0.462000 74 99 78
0.102320 -0.053282 0.462000 73 98 77
0.103515 -0.053282 0.462000 66 103 64
0.104483 -0.053166 0.461000 68 105 66
0.105675 -0.053166 0.461000 74 116 64
0.106867 -0.053166 0.461000 78 120 68
0.108059 -0.053166 0.461000 80 121 72
0.109251 -0.053166 0.461000 80 121 72
0.110443 -0.053166 0.461000 79 116 77
0.111393 -0.053051 0.460000 82 119 80
0.112582 -0.053051 0.460000 70 99 65
0.115211 -0.053166 0.461000 71 104 62
0.116403 -0.053166 0.461000 80 113 71
0.119044 -0.053282 0.462000 86 119 75
0.120239 -0.053282 0.462000 94 121 88
0.121696 -0.053397 0.463000 106 133 100
0.142969 -0.053743 0.466000 131 139 136
0.143555 -0.053512 0.464000 131 139 136
0.143819 -0.053166 0.461000 138 146 147
0.144696 -0.053051 0.460000 124 132 133
0.144934 -0.052705 0.457000 74 86 92
0.145796 -0.052590 0.456000 31 43 49
0.146653 -0.052474 0.455000 26 40 44
0.147504 -0.052359 0.454000 35 49 53
0.148678 -0.052359 0.454000 42 56 58
0.151359 -0.052474 0.455000 43 61 59
0.152870 -0.052590 0.456000 39 57 55
0.156931 -0.053166 0.461000 83 100 101
-0.224386 -0.048591 0.431000 42 57 56
-0.222754 -0.048478 0.430000 51 66 65
-0.221642 -0.048478 0.430000 54 69 68
-0.220530 -0.048478 0.430000 49 64 63
-0.219418 -0.048478 0.430000 40 55 54
-0.218306 -0.048478 0.430000 38 53 52
-0.217194 -0.048478 0.430000 35 52 53
-0.216083 -0.048478 0.430000 35 52 53
-0.214971 -0.048478 0.430000 44 58 60
-0.213859 -0.048478 0.430000 49 63 65
-0.213604 -0.048929 0.434000 38 53 52
-0.089426 -0.051071 0.453000 133 144 142
-0.087865 -0.050845 0.451000 113 119 119
-0.085153 -0.050620 0.449000 79 82 85
-0.083618 -0.050394 0.447000 55 58 61
-0.082278 -0.050282 0.446000 39 42 43
-0.080761 -0.050056 0.444000 39 42 43
-0.079613 -0.050056 0.444000 41 47 45
-0.078465 -0.050056 0.444000 42 48 46
-0.077317 -0.050056 0.444000 40 51 47
-0.075997 -0.049943 0.443000 43 54 50
-0.074852 -0.049943 0.443000 44 57 52
-0.073872 -0.050056 0.444000 46 59 54
-0.072724 -0.050056 0.444000 45 58 55
-0.071576 -0.050056 0.444000 42 55 52
-0.070587 -0.050169 0.445000 33 46 43
-0.069436 -0.050169 0.445000 32 45 42
-0.067286 -0.050282 0.446000 31 46 45
-0.066429 -0.050507 0.448000 33 45 47
-0.065417 -0.050620 0.449000 32 44 46
-0.064399 -0.050733 0.450000 43 51 52
-0.063235 -0.050733 0.450000 59 67 68
-0.035781 -0.051409 0.456000 47 54 48
-0.034602 -0.051409 0.456000 35 48 45
-0.026695 -0.052085 0.462000 126 149 126
-0.025500 -0.052085 0.462000 77 97 82
-0.024358 -0.052198 0.463000 40 60 45
-0.023161 -0.052198 0.463000 36 54 52
-0.022011 -0.052311 0.464000 28 46 44
-0.020812 -0.052311 0.464000 32 50 48
-0.019612 -0.052311 0.464000 33 51 49
-0.018452 -0.052424 0.465000 29 43 45
-0.017249 -0.052424 0.465000 24 38 40
-0.016047 -0.052424 0.465000 89 100 98
-0.014877 -0.052536 0.466000 142 153 151
-0.013672 -0.052536 0.466000 138 144 142
0.101345 -0.052198 0.463000 81 101 84
0.102320 -0.052085 0.462000 78 98 81
0.103515 -0.052085 0.462000 70 101 69
0.104709 -0.052085 0.462000 70 101 69
0.105675 -0.051973 0.461000 70 108 62
0.106867 -0.051973 0.461000 75 113 67
0.108059 -0.051973 0.461000 79 117 69
0.109251 -0.051973 0.461000 82 120 72
0.110203 -0.051860 0.460000 76 114 70
0.111393 -0.051860 0.460000 77 115 71
0.112582 -0.051860 0.460000 84 116 79
0.113771 -0.051860 0.460000 71 103 66
0.114961 -0.051860 0.460000 65 97 58
0.116403 -0.051973 0.461000 76 108 69
0.117595 -0.051973 0.461000 81 117 70
0.118787 -0.051973 0.461000 81 117 70
0.121434 -0.052085 0.462000 84 117 75
0.142048 -0.052198 0.463000 127 135 134
0.144067 -0.051635 0.458000 48 55 61
0.144617 -0.051409 0.456000 32 43 52
0.145796 -0.051409 0.456000 28 39 48
0.146330 -0.051184 0.454000 28 45 48
0.147179 -0.051071 0.453000 33 50 53
0.148678 -0.051184 0.454000 40 57 58
0.149852 -0.051184 0.454000 47 64 65
0.152870 -0.051409 0.456000 41 59 57
0.156931 -0.051973 0.461000 101 116 115
-0.225948 -0.047805 0.434000 65 80 75
-0.223272 -0.047475 0.431000 41 56 51
-0.222157 -0.047475 0.431000 49 69 64
-0.220530 -0.047364 0.430000 47 67 62
-0.219418 -0.047364 0.430000 49 64 63
-0.218306 -0.047364 0.430000 41 56 55
-0.217194 -0.047364 0.430000 37 52 51
-0.216083 -0.047364 0.430000 38 53 52
-0.214971 -0.047364 0.430000 38 52 54
-0.213859 -0.047364 0.430000 41 55 57
-0.212747 -0.047364 0.430000 47 61 63
-0.091363 -0.049678 0.451000 120 128 129
-0.089997 -0.049567 0.450000 73 87 89
-0.088833 -0.049567 0.450000 113 127 129
-0.085930 -0.049237 0.447000 43 53 56
-0.084395 -0.049017 0.445000 39 46 50
-0.083057 -0.048907 0.444000 40 47 51
-0.081909 -0.048907 0.444000 42 48 50
-0.080579 -0.048796 0.443000 42 48 50
-0.079433 -0.048796 0.443000 42 50 47
-0.078288 -0.048796 0.443000 45 53 50
-0.077142 -0.048796 0.443000 44 57 52
-0.075997 -0.048796 0.443000 46 59 54
-0.074852 -0.048796 0.443000 44 59 54
-0.073872 -0.048907 0.444000 37 52 47
-0.072724 -0.048907 0.444000 36 51 46
-0.071738 -0.049017 0.445000 31 46 41
-0.070587 -0.049017 0.445000 33 46 43
-0.068593 -0.049237 0.447000 31 44 43
-0.067588 -0.049347 0.448000 30 43 42
-0.066578 -0.049457 0.449000 36 48 50
-0.065562 -0.049567 0.450000 56 68 70
-0.035781 -0.050228 0.456000 67 75 72
-0.034602 -0.050228 0.456000 35 48 45
-0.027769 -0.050669 0.460000 126 148 132
-0.026637 -0.050779 0.461000 109 131 115
-0.025445 -0.050779 0.461000 42 58 49
-0.024306 -0.050889 0.462000 47 63 54
-0.023111 -0.050889 0.462000 29 47 45
-0.021964 -0.050999 0.463000 28 46 44
-0.020767 -0.050999 0.463000 34 49 46
-0.019570 -0.050999 0.463000 33 48 45
-0.018412 -0.051110 0.464000 24 37 36
-0.017212 -0.051110 0.464000 54 67 66
-0.016047 -0.051220 0.465000 142 148 146
-0.014845 -0.051220 0.465000 139 145 143
0.102320 -0.050889 0.462000 86 99 86
0.103515 -0.050889 0.462000 72 98 72
0.104709 -0.050889 0.462000 72 98 72
0.105675 -0.050779 0.461000 68 103 63
0.106867 -0.050779 0.461000 68 103 63
0.108059 -0.050779 0.461000 74 112 66
0.109251 -0.050779 0.461000 81 119 73
0.110443 -0.050779 0.461000 80 118 72
0.111393 -0.050669 0.460000 75 113 67
0.112582 -0.050669 0.460000 82 115 73
0.113771 -0.050669 0.460000 85 118 76
0.114961 -0.050669 0.460000 68 98 59
0.116150 -0.050669 0.460000 67 97 58
0.117340 -0.050669 0.460000 76 112 67
0.118787 -0.050779 0.461000 78 114 69
0.119979 -0.050779 0.461000 82 118 75
0.121171 -0.050779 0.461000 83 119 76
0.140243 -0.050779 0.461000 132 143 141
0.141435 -0.050779 0.461000 123 133 136
0.142008 -0.050559 0.459000 89 99 102
0.142883 -0.050449 0.458000 37 49 53
0.143752 -0.050339 0.457000 33 45 49
0.144617 -0.050228 0.456000 31 45 51
0.145157 -0.050008 0.454000 30 44 50
0.146330 -0.050008 0.454000 26 43 46
0.147179 -0.049898 0.453000 32 49 52
0.148351 -0.049898 0.453000 39 56 59
0.149852 -0.050008 0.454000 50 67 70
0.152870 -0.050228 0.456000 38 56 54
0.154725 -0.050449 0.458000 51 66 65
-0.224826 -0.046681 0.434000 63 77 68
-0.221642 -0.046251 0.430000 37 57 50
-0.220530 -0.046251 0.430000 47 67 60
-0.219418 -0.046251 0.430000 49 67 63
-0.218306 -0.046251 0.430000 41 59 55
-0.217194 -0.046251 0.430000 41 56 55
-0.216083 -0.046251 0.430000 38 53 52
-0.214971 -0.046251 0.430000 41 55 57
-0.213859 -0.046251 0.430000 42 56 58
-0.212747 -0.046251 0.430000 41 58 59
-0.212127 -0.046359 0.431000 45 62 63
-0.213452 -0.047649 0.443000 115 127 131
-0.215661 -0.048402 0.450000 153 161 162
-0.093488 -0.048402 0.450000 134 142 141
-0.090755 -0.048187 0.448000 100 112 116
-0.088044 -0.047972 0.446000 42 61 65
-0.086501 -0.047757 0.444000 29 43 47
-0.085161 -0.047649 0.443000 36 50 54
-0.084015 -0.047649 0.443000 38 50 54
-0.082683 -0.047542 0.442000 38 50 54
-0.081540 -0.047542 0.442000 40 51 51
-0.080215 -0.047434 0.441000 43 54 54
-0.079254 -0.047542 0.442000 46 57 53
-0.078111 -0.047542 0.442000 48 59 55
-0.076968 -0.047542 0.442000 45 58 53
-0.075997 -0.047649 0.443000 40 53 48
-0.075021 -0.047757 0.444000 36 51 46
-0.073872 -0.047757 0.444000 34 49 44
-0.072888 -0.047865 0.445000 33 48 45
-0.070746 -0.047972 0.446000 33 44 42
-0.069748 -0.048080 0.447000 33 44 42
-0.068746 -0.048187 0.448000 38 49 47
-0.067889 -0.048402 0.450000 61 72 70
-0.035781 -0.049048 0.456000 75 84 77
-0.034602 -0.049048 0.456000 38 51 46
-0.033423 -0.049048 0.456000 38 51 46
-0.032243 -0.049048 0.456000 29 47 43
-0.031064 -0.049048 0.456000 27 45 41
-0.029951 -0.049155 0.457000 29 47 43
-0.027708 -0.049370 0.459000 98 116 110
-0.026579 -0.049478 0.460000 75 93 87
-0.025445 -0.049585 0.461000 41 56 51
-0.024253 -0.049585 0.461000 36 51 46
-0.023111 -0.049693 0.462000 30 45 42
-0.021916 -0.049693 0.462000 34 49 46
-0.020722 -0.049693 0.462000 34 49 46
-0.019570 -0.049801 0.463000 26 41 38
-0.018372 -0.049801 0.463000 33 44 42
-0.017212 -0.049908 0.464000 116 127 125
-0.016013 -0.049908 0.464000 145 151 149
-0.014813 -0.049908 0.464000 135 141 139
0.103515 -0.049693 0.462000 84 101 83
0.104709 -0.049693 0.462000 80 97 79
0.105904 -0.049693 0.462000 74 101 68
0.106867 -0.049585 0.461000 72 99 66
0.108059 -0.049585 0.461000 72 105 61
0.109251 -0.049585 0.461000 78 111 67
0.110443 -0.049585 0.461000 80 116 69
0.111393 -0.049478 0.460000 77 113 66
0.112582 -0.049478 0.460000 73 109 62
0.113771 -0.049478 0.460000 78 114 67
0.114961 -0.049478 0.460000 85 118 76
0.115898 -0.049370 0.459000 65 98 56
0.117340 -0.049478 0.460000 67 103 60
0.118529 -0.049478 0.460000 78 114 71
0.119718 -0.049478 0.460000 80 116 73
0.121171 -0.049585 0.461000 83 119 76
0.122363 -0.049585 0.461000 88 115 82
0.137859 -0.049585 0.461000 123 134 130
0.139051 -0.049585 0.461000 123 134 132
0.139939 -0.049478 0.460000 94 105 103
0.140514 -0.049263 0.458000 48 62 64
0.141389 -0.049155 0.457000 30 44 46
0.142259 -0.049048 0.456000 36 50 54
0.143438 -0.049048 0.456000 47 61 65
0.143983 -0.048833 0.454000 38 52 58
0.145157 -0.048833 0.454000 30 44 50
0.146008 -0.048725 0.453000 28 45 50
0.147179 -0.048725 0.453000 38 55 60
0.148023 -0.048617 0.452000 40 57 62
0.149192 -0.048617 0.452000 50 67 72
0.152535 -0.048940 0.455000 41 58 61
0.154050 -0.049048 0.456000 52 67 66
-0.222157 -0.045243 0.431000 47 66 56
-0.220530 -0.045138 0.430000 38 57 47
-0.218908 -0.045033 0.429000 49 67 63
-0.218306 -0.045138 0.430000 48 66 62
-0.216689 -0.045033 0.429000 42 60 58
-0.215580 -0.045033 0.429000 36 54 52
-0.214471 -0.045033 0.429000 40 57 58
-0.213362 -0.045033 0.429000 38 55 56
-0.212252 -0.045033 0.429000 38 55 56
-0.211635 -0.045138 0.430000 40 57 58
-0.210523 -0.045138 0.430000 45 62 63
-0.212488 -0.046292 0.441000 50 65 64
-0.096978 -0.047237 0.450000 132 144 146
-0.091298 -0.046712 0.445000 62 76 82
-0.089945 -0.046607 0.444000 35 49 55
-0.088797 -0.046607 0.444000 27 44 49
-0.087452 -0.046502 0.443000 31 48 53
-0.086111 -0.046397 0.442000 31 48 51
-0.084776 -0.046292 0.441000 34 51 54
-0.083636 -0.046292 0.441000 37 51 53
-0.082496 -0.046292 0.441000 42 56 58
-0.081540 -0.046397 0.442000 47 60 59
-0.080397 -0.046397 0.442000 46 59 58
-0.079433 -0.046502 0.443000 43 56 51
-0.078288 -0.046502 0.443000 38 51 46
-0.077142 -0.046502 0.443000 34 49 44
-0.076169 -0.046607 0.444000 33 48 43
-0.075189 -0.046712 0.445000 34 49 44
-0.074039 -0.046712 0.445000 34 49 44
-0.071899 -0.046817 0.446000 36 47 45
-0.071063 -0.047027 0.448000 41 49 48
-0.070060 -0.047132 0.449000 63 71 70
-0.035781 -0.047867 0.456000 75 87 79
-0.034602 -0.047867 0.456000 42 57 52
-0.033423 -0.047867 0.456000 40 55 50
-0.032243 -0.047867 0.456000 34 52 48
-0.031064 -0.047867 0.456000 26 44 40
-0.029885 -0.047867 0.456000 27 45 41
-0.028769 -0.047972 0.457000 25 43 39
-0.027648 -0.048077 0.458000 37 52 49
-0.025335 -0.048182 0.459000 47 62 59
-0.024200 -0.048287 0.460000 29 44 41
-0.023061 -0.048392 0.461000 31 46 43
-0.021869 -0.048392 0.461000 36 51 48
-0.020722 -0.048497 0.462000 34 49 48
-0.019527 -0.048497 0.462000 23 38 37
-0.018333 -0.048497 0.462000 64 75 73
-0.017175 -0.048602 0.463000 143 154 152
-0.015978 -0.048602 0.463000 141 147 145
0.104709 -0.048497 0.462000 92 102 88
0.105904 -0.048497 0.462000 80 99 71
0.107099 -0.048497 0.462000 78 97 69
0.108059 -0.048392 0.461000 71 102 58
0.109251 -0.048392 0.461000 74 105 61
0.110443 -0.048392 0.461000 76 113 63
0.111393 -0.048287 0.460000 77 114 64
0.112582 -0.048287 0.460000 74 111 61
0.113771 -0.048287 0.460000 68 105 55
0.114961 -0.048287 0.460000 91 124 82
0.115898 -0.048182 0.459000 85 118 76
0.117085 -0.048182 0.459000 66 98 59
0.118271 -0.048182 0.459000 79 111 72
0.119718 -0.048287 0.460000 81 117 74
0.120908 -0.048287 0.460000 82 118 75
0.122097 -0.048287 0.460000 86 118 79
0.123555 -0.048392 0.461000 86 118 79
0.124747 -0.048392 0.461000 116 137 113
0.135475 -0.048392 0.461000 100 113 108
0.136667 -0.048392 0.461000 117 130 125
0.137560 -0.048287 0.460000 108 121 116
0.138447 -0.048182 0.459000 66 81 80
0.139026 -0.047972 0.457000 33 48 47
0.140207 -0.047972 0.457000 33 50 51
0.141080 -0.047867 0.456000 41 58 59
0.142259 -0.047867 0.456000 46 63 64
0.142809 -0.047657 0.454000 48 65 66
0.143983 -0.047657 0.454000 27 44 49
0.144837 -0.047552 0.453000 21 38 43
0.145686 -0.047447 0.452000 35 52 57
0.146855 -0.047447 0.452000 50 67 72
0.147696 -0.047342 0.451000 40 57 62
0.148862 -0.047342 0.451000 50 67 72
0.151026 -0.047657 0.454000 49 63 67
-0.220530 -0.044024 0.430000 50 64 55
-0.218908 -0.043922 0.429000 39 57 53
-0.217799 -0.043922 0.429000 46 64 60
-0.216689 -0.043922 0.429000 43 60 61
-0.215580 -0.043922 0.429000 43 60 61
-0.214471 -0.043922 0.429000 42 59 62
-0.213362 -0.043922 0.429000 38 55 58
-0.212252 -0.043922 0.429000 38 55 56
-0.211635 -0.044024 0.430000 38 55 56
-0.211503 -0.044229 0.432000 38 56 54
-0.213113 -0.046277 0.452000 151 161 164
-0.100469 -0.046072 0.450000 140 151 149
-0.099085 -0.045970 0.449000 119 129 134
-0.093600 -0.045560 0.445000 37 49 55
-0.092033 -0.045355 0.443000 30 42 48
-0.090478 -0.045151 0.441000 31 45 49
-0.089337 -0.045151 0.441000 36 50 54
-0.088397 -0.045253 0.442000 36 53 56
-0.087057 -0.045151 0.441000 34 51 54
-0.085722 -0.045048 0.440000 35 52 55
-0.084584 -0.045048 0.440000 38 55 58
-0.083636 -0.045151 0.441000 40 57 58
-0.082496 -0.045151 0.441000 42 59 60
-0.081540 -0.045253 0.442000 43 57 59
-0.080579 -0.045355 0.443000 38 52 54
-0.079613 -0.045458 0.444000 35 50 49
-0.078465 -0.045458 0.444000 35 50 49
-0.077491 -0.045560 0.445000 33 48 45
-0.076340 -0.045560 0.445000 34 49 46
-0.074205 -0.045662 0.446000 32 45 42
-0.073380 -0.045867 0.448000 43 49 47
-0.072382 -0.045970 0.449000 64 70 68
-0.036960 -0.046686 0.456000 74 88 77
-0.035781 -0.046686 0.456000 61 75 64
-0.034602 -0.046686 0.456000 33 49 38
-0.033423 -0.046686 0.456000 37 53 42
-0.032243 -0.046686 0.456000 40 55 50
-0.031064 -0.046686 0.456000 34 49 44
-0.029885 -0.046686 0.456000 27 45 41
-0.028706 -0.046686 0.456000 33 51 47
-0.027588 -0.046789 0.457000 38 53 52
-0.026464 -0.046891 0.458000 52 67 66
-0.025279 -0.046891 0.458000 35 50 49
-0.023011 -0.047096 0.460000 33 46 45
-0.021822 -0.047096 0.460000 37 50 49
-0.020677 -0.047198 0.461000 30 43 42
-0.019485 -0.047198 0.461000 31 44 43
-0.018333 -0.047301 0.462000 123 131 130
0.105904 -0.047301 0.462000 89 105 84
0.107099 -0.047301 0.462000 83 99 78
0.108059 -0.047198 0.461000 76 101 66
0.109251 -0.047198 0.461000 77 102 67
0.110443 -0.047198 0.461000 74 111 61
0.111635 -0.047198 0.461000 75 112 62
0.112582 -0.047096 0.460000 77 114 62
0.113771 -0.047096 0.460000 77 114 62
0.114711 -0.046993 0.459000 74 110 65
0.115898 -0.046993 0.459000 95 131 86
0.117085 -0.046993 0.459000 78 109 75
0.118271 -0.046993 0.459000 72 103 69
0.119458 -0.046993 0.459000 75 110 70
0.120645 -0.046993 0.459000 81 116 76
0.121832 -0.046993 0.459000 82 118 75
0.123019 -0.046993 0.459000 82 118 75
0.124206 -0.046993 0.459000 89 116 85
0.134887 -0.046993 0.459000 103 116 111
0.135777 -0.046891 0.458000 77 92 89
0.136663 -0.046789 0.457000 43 58 55
0.137543 -0.046686 0.456000 27 45 43
0.138722 -0.046686 0.456000 33 51 49
0.139901 -0.046686 0.456000 47 67 64
0.141080 -0.046686 0.456000 47 67 64
0.141947 -0.046584 0.455000 35 54 56
0.142809 -0.046482 0.454000 28 47 49
0.143666 -0.046379 0.453000 27 41 45
0.144517 -0.046277 0.452000 37 51 55
0.145364 -0.046174 0.451000 88 100 104
0.146530 -0.046174 0.451000 103 115 119
0.147368 -0.046072 0.450000 44 58 64
0.148532 -0.046072 0.450000 54 68 74
0.150361 -0.046277 0.452000 48 65 70
-0.218908 -0.042811 0.429000 52 66 57
-0.217799 -0.042811 0.429000 44 58 49
-0.216689 -0.042811 0.429000 45 62 63
-0.215580 -0.042811 0.429000 46 63 64
-0.214471 -0.042811 0.429000 46 63 66
-0.213362 -0.042811 0.429000 41 58 61
-0.212252 -0.042811 0.429000 38 55 56
-0.211143 -0.042811 0.429000 38 55 56
-0.210034 -0.042811 0.429000 36 54 50
-0.208925 -0.042811 0.429000 38 56 52
-0.103960 -0.044907 0.450000 137 150 149
-0.096615 -0.044208 0.443000 50 62 66
-0.094324 -0.044208 0.443000 31 45 51
-0.092758 -0.044009 0.441000 39 51 55
-0.091410 -0.043909 0.440000 40 52 56
-0.090272 -0.043909 0.440000 38 51 50
-0.089135 -0.043909 0.440000 40 53 52
-0.087997 -0.043909 0.440000 37 52 51
-0.086859 -0.043909 0.440000 38 53 52
-0.085722 -0.043909 0.440000 42 56 58
-0.084584 -0.043909 0.440000 42 56 58
-0.083636 -0.044009 0.441000 40 54 56
-0.082683 -0.044109 0.442000 38 52 54
-0.081724 -0.044208 0.443000 36 50 52
-0.080761 -0.044308 0.444000 35 49 51
-0.078641 -0.044408 0.445000 33 45 47
-0.076512 -0.044508 0.446000 31 44 43
-0.075527 -0.044607 0.447000 43 51 48
-0.038222 -0.045605 0.457000 77 90 77
-0.036960 -0.045506 0.456000 65 82 64
-0.035781 -0.045506 0.456000 52 69 51
-0.034602 -0.045506 0.456000 30 47 33
-0.033349 -0.045406 0.455000 36 53 39
-0.032173 -0.045406 0.455000 41 57 48
-0.030996 -0.045406 0.455000 41 57 48
-0.029820 -0.045406 0.455000 29 44 41
-0.028706 -0.045506 0.456000 33 48 45
-0.027527 -0.045506 0.456000 43 58 57
-0.026348 -0.045506 0.456000 44 59 58
-0.025169 -0.045506 0.456000 31 46 45
-0.024095 -0.045705 0.458000 31 46 45
-0.021774 -0.045805 0.459000 30 44 46
-0.020632 -0.045905 0.460000 25 35 38
-0.019485 -0.046005 0.461000 67 77 80
-0.018293 -0.046005 0.461000 142 148 150
0.107099 -0.046104 0.462000 87 102 86
0.108293 -0.046104 0.462000 81 100 72
0.109251 -0.046005 0.461000 79 98 70
0.110443 -0.046005 0.461000 73 106 60
0.111635 -0.046005 0.461000 70 103 57
0.112582 -0.045905 0.460000 72 111 60
0.113771 -0.045905 0.460000 75 114 63
0.114711 -0.045805 0.459000 73 111 67
0.115898 -0.045805 0.459000 73 111 67
0.116829 -0.045705 0.458000 92 126 93
0.118014 -0.045705 0.458000 71 105 72
0.119198 -0.045705 0.458000 68 102 67
0.120382 -0.045705 0.458000 80 114 79
0.121301 -0.045605 0.457000 80 118 74
0.122751 -0.045705 0.458000 80 118 74
0.123935 -0.045705 0.458000 83 115 78
0.125119 -0.045705 0.458000 94 126 89
0.129856 -0.045705 0.458000 97 110 105
0.130754 -0.045605 0.457000 91 102 100
0.131936 -0.045605 0.457000 91 102 100
0.133118 -0.045605 0.457000 88 103 100
0.134005 -0.045506 0.456000 57 72 69
0.135184 -0.045506 0.456000 31 46 45
0.136363 -0.045506 0.456000 37 52 51
0.137543 -0.045506 0.456000 40 57 58
0.138417 -0.045406 0.455000 52 69 70
0.139594 -0.045406 0.455000 52 69 72
0.140770 -0.045406 0.455000 33 50 53
0.141635 -0.045306 0.454000 25 42 45
0.142809 -0.045306 0.454000 29 46 49
0.143348 -0.045106 0.452000 54 66 68
0.144197 -0.045007 0.451000 109 121 123
0.145364 -0.045007 0.451000 138 149 149
0.146205 -0.044907 0.450000 128 139 139
0.147368 -0.044907 0.450000 43 55 61
0.148202 -0.044807 0.449000 57 69 75
0.149695 -0.044907 0.450000 47 64 69
0.151865 -0.045206 0.453000 50 67 72
0.153712 -0.045406 0.455000 51 65 69
-0.217799 -0.041700 0.429000 64 76 66
-0.216689 -0.041700 0.429000 36 51 50
-0.215580 -0.041700 0.429000 45 60 59
-0.214471 -0.041700 0.429000 47 64 67
-0.213362 -0.041700 0.429000 46 63 66
-0.212252 -0.041700 0.429000 41 58 59
-0.211143 -0.041700 0.429000 39 56 57
-0.210034 -0.041700 0.429000 36 54 48
-0.208925 -0.041700 0.429000 36 54 48
-0.207815 -0.041700 0.429000 37 52 47
-0.206706 -0.041700 0.429000 40 55 50
-0.205118 -0.041603 0.428000 45 57 59
-0.204011 -0.041603 0.428000 52 64 66
-0.107689 -0.043839 0.451000 137 146 139
-0.106287 -0.043742 0.450000 115 126 124
-0.104890 -0.043645 0.449000 116 127 125
-0.099129 -0.043158 0.444000 41 51 54
-0.097761 -0.043061 0.443000 32 44 48
-0.096179 -0.042867 0.441000 37 49 53
-0.094823 -0.042770 0.440000 38 50 54
-0.093686 -0.042770 0.440000 38 50 54
-0.092338 -0.042672 0.439000 40 53 52
-0.091202 -0.042672 0.439000 40 53 52
-0.090067 -0.042672 0.439000 42 55 50
-0.088932 -0.042672 0.439000 44 57 52
-0.087797 -0.042672 0.439000 45 58 53
-0.086662 -0.042672 0.439000 44 57 52
-0.085722 -0.042770 0.440000 40 53 52
-0.084776 -0.042867 0.441000 38 51 50
-0.083826 -0.042964 0.442000 37 50 49
-0.083057 -0.043158 0.444000 36 49 48
-0.081909 -0.043158 0.444000 36 49 48
-0.079792 -0.043256 0.445000 37 47 52
-0.078818 -0.043353 0.446000 34 44 49
-0.078013 -0.043547 0.448000 47 55 56
-0.077026 -0.043645 0.449000 75 83 84
-0.034602 -0.044325 0.456000 36 56 37
-0.033349 -0.044228 0.455000 40 60 41
-0.032173 -0.044228 0.455000 37 53 42
-0.030996 -0.044228 0.455000 42 58 47
-0.029820 -0.044228 0.455000 38 56 50
-0.028643 -0.044228 0.455000 35 53 47
-0.027467 -0.044228 0.455000 45 63 59
-0.026290 -0.044228 0.455000 39 57 53
-0.025169 -0.044325 0.456000 30 45 44
-0.023990 -0.044325 0.456000 31 46 45
-0.022861 -0.044422 0.457000 34 48 50
-0.021727 -0.044519 0.458000 27 41 43
-0.020587 -0.044617 0.459000 35 42 46
-0.018253 -0.044714 0.460000 142 148 150
0.108293 -0.044908 0.462000 84 102 81
0.109251 -0.044811 0.461000 80 98 77
0.110443 -0.044811 0.461000 74 104 65
0.111635 -0.044811 0.461000 74 104 65
0.112582 -0.044714 0.460000 73 111 67
0.113771 -0.044714 0.460000 75 113 69
0.114711 -0.044617 0.459000 75 113 69
0.115898 -0.044617 0.459000 69 107 63
0.116829 -0.044519 0.458000 78 112 79
0.118014 -0.044519 0.458000 96 130 97
0.118938 -0.044422 0.457000 69 100 70
0.120119 -0.044422 0.457000 77 108 78
0.121036 -0.044325 0.456000 79 116 77
0.122215 -0.044325 0.456000 80 117 78
0.123394 -0.044325 0.456000 83 118 80
0.124573 -0.044325 0.456000 81 116 78
0.125752 -0.044325 0.456000 100 126 102
0.126931 -0.044325 0.456000 108 134 110
0.129289 -0.044325 0.456000 94 110 101
0.130468 -0.044325 0.456000 94 107 104
0.131359 -0.044228 0.455000 63 76 73
0.132535 -0.044228 0.455000 35 53 51
0.133711 -0.044228 0.455000 32 50 48
0.134888 -0.044228 0.455000 39 57 55
0.136064 -0.044228 0.455000 47 65 63
0.137241 -0.044228 0.455000 52 69 70
0.138417 -0.044228 0.455000 41 58 59
0.139594 -0.044228 0.455000 35 52 55
0.140770 -0.044228 0.455000 27 44 47
0.141635 -0.044131 0.454000 44 56 58
0.142494 -0.044033 0.453000 85 97 99
0.143348 -0.043936 0.452000 131 144 139
0.144197 -0.043839 0.451000 144 157 152
0.145041 -0.043742 0.450000 151 164 163
0.145880 -0.043645 0.449000 113 126 125
0.147041 -0.043645 0.449000 45 59 63
0.147872 -0.043547 0.448000 55 69 73
0.149695 -0.043742 0.450000 48 65 68
0.151194 -0.043839 0.451000 49 66 69
0.153374 -0.044131 0.454000 51 65 69
-0.216689 -0.040590 0.429000 68 79 75
-0.215580 -0.040590 0.429000 41 52 48
-0.213971 -0.040495 0.428000 47 61 65
-0.212864 -0.040495 0.428000 47 61 65
-0.211758 -0.040495 0.428000 48 62 64
-0.210651 -0.040495 0.428000 44 58 60
-0.209544 -0.040495 0.428000 42 57 54
-0.208438 -0.040495 0.428000 38 53 50
-0.207331 -0.040495 0.428000 37 52 47
-0.206224 -0.040495 0.428000 38 53 48
-0.205118 -0.040495 0.428000 41 56 53
-0.204011 -0.040495 0.428000 42 57 54
-0.202430 -0.040400 0.427000 47 59 63
-0.113101 -0.042955 0.454000 142 151 144
-0.111681 -0.042860 0.453000 124 132 129
-0.110021 -0.042671 0.451000 92 100 97
-0.108614 -0.042577 0.450000 122 133 131
-0.102805 -0.042103 0.445000 44 54 57
-0.101197 -0.041914 0.443000 33 43 46
-0.099826 -0.041820 0.442000 36 46 49
-0.098236 -0.041630 0.440000 34 44 47
-0.097099 -0.041630 0.440000 41 51 54
-0.095961 -0.041630 0.440000 41 51 54
-0.094608 -0.041536 0.439000 40 52 56
-0.093473 -0.041536 0.439000 42 54 58
-0.092338 -0.041536 0.439000 42 55 54
-0.091202 -0.041536 0.439000 43 56 55
-0.090067 -0.041536 0.439000 44 57 52
-0.088932 -0.041536 0.439000 42 55 50
-0.087997 -0.041630 0.440000 39 52 47
-0.086859 -0.041630 0.440000 39 52 47
-0.085916 -0.041725 0.441000 39 50 48
-0.085161 -0.041914 0.443000 38 49 47
-0.084205 -0.042009 0.444000 37 48 48
-0.082093 -0.042103 0.445000 38 45 49
-0.081125 -0.042198 0.446000 38 45 49
-0.080151 -0.042293 0.447000 44 49 54
-0.079348 -0.042482 0.449000 80 85 90
-0.039490 -0.043333 0.458000 77 94 76
-0.038306 -0.043333 0.458000 72 89 71
-0.035781 -0.043144 0.456000 46 68 39
-0.034602 -0.043144 0.456000 32 55 30
-0.033349 -0.043050 0.455000 52 75 50
-0.032173 -0.043050 0.455000 59 79 64
-0.030996 -0.043050 0.455000 34 54 39
-0.029754 -0.042955 0.454000 43 61 57
-0.028580 -0.042955 0.454000 41 59 55
-0.027406 -0.042955 0.454000 40 58 54
-0.026233 -0.042955 0.454000 26 44 40
-0.025114 -0.043050 0.455000 29 44 43
-0.023937 -0.043050 0.455000 31 46 45
-0.022811 -0.043144 0.456000 31 45 47
-0.021632 -0.043144 0.456000 20 34 36
-0.020542 -0.043333 0.458000 79 87 88
-0.019400 -0.043428 0.459000 147 155 156
0.109251 -0.043617 0.461000 84 101 85
0.110443 -0.043617 0.461000 74 101 70
0.111635 -0.043617 0.461000 73 100 69
0.112582 -0.043523 0.460000 67 102 62
0.113771 -0.043523 0.460000 70 105 65
0.114711 -0.043428 0.459000 75 113 69
0.115645 -0.043333 0.458000 74 112 68
0.116829 -0.043333 0.458000 62 97 59
0.117756 -0.043239 0.457000 85 120 82
0.118938 -0.043239 0.457000 91 122 92
0.119857 -0.043144 0.456000 76 107 77
0.121036 -0.043144 0.456000 78 113 75
0.122215 -0.043144 0.456000 78 113 75
0.123123 -0.043050 0.455000 79 116 75
0.124300 -0.043050 0.455000 76 113 72
0.125476 -0.043050 0.455000 83 114 84
0.126653 -0.043050 0.455000 92 123 93
0.127548 -0.042955 0.454000 98 117 107
0.128722 -0.042955 0.454000 72 91 81
0.129896 -0.042955 0.454000 49 64 61
0.131070 -0.042955 0.454000 36 51 48
0.132244 -0.042955 0.454000 38 56 52
0.133418 -0.042955 0.454000 43 61 57
0.134592 -0.042955 0.454000 53 71 69
0.135765 -0.042955 0.454000 47 65 63
0.136939 -0.042955 0.454000 35 52 53
0.138113 -0.042955 0.454000 26 43 44
0.139287 -0.042955 0.454000 35 47 49
0.140461 -0.042955 0.454000 58 70 72
0.142494 -0.042860 0.453000 142 155 154
0.143878 -0.042577 0.450000 142 153 149
0.144719 -0.042482 0.449000 152 165 162
0.145555 -0.042387 0.448000 93 106 103
0.146386 -0.042293 0.447000 45 62 63
0.147212 -0.042198 0.446000 53 70 71
0.149030 -0.042387 0.448000 47 66 68
0.150859 -0.042577 0.450000 54 73 75
0.153036 -0.042860 0.453000 50 64 68
-0.214471 -0.039479 0.429000 44 54 57
-0.212864 -0.039387 0.428000 45 55 58
-0.211758 -0.039387 0.428000 50 62 66
-0.210651 -0.039387 0.428000 49 61 65
-0.209544 -0.039387 0.428000 43 58 57
-0.208438 -0.039387 0.428000 42 57 56
-0.207331 -0.039387 0.428000 38 53 48
-0.205742 -0.039295 0.427000 37 52 47
-0.204638 -0.039295 0.427000 40 55 52
-0.203534 -0.039295 0.427000 42 57 54
-0.201956 -0.039203 0.426000 43 56 55
-0.201326 -0.039295 0.427000 43 56 55
-0.199753 -0.039203 0.426000 49 61 63
-0.205116 -0.041872 0.455000 151 157 155
-0.204388 -0.041964 0.456000 149 158 151
-0.117797 -0.041780 0.454000 146 153 145
-0.116623 -0.041780 0.454000 134 143 136
-0.114940 -0.041595 0.452000 114 123 116
-0.113268 -0.041411 0.450000 88 101 100
-0.112105 -0.041411 0.450000 65 78 77
-0.109290 -0.041227 0.448000 49 62 61
-0.106256 -0.040951 0.445000 48 63 62
-0.104870 -0.040859 0.444000 35 47 49
-0.103722 -0.040859 0.444000 33 45 47
-0.101880 -0.040583 0.441000 40 50 53
-0.100512 -0.040491 0.440000 40 50 53
-0.099148 -0.040399 0.439000 40 51 51
-0.098013 -0.040399 0.439000 40 51 51
-0.096878 -0.040399 0.439000 41 52 52
-0.095743 -0.040399 0.439000 41 52 52
-0.094608 -0.040399 0.439000 44 54 57
-0.093473 -0.040399 0.439000 45 55 58
-0.092338 -0.040399 0.439000 45 56 56
-0.091202 -0.040399 0.439000 44 55 55
-0.090067 -0.040399 0.439000 39 50 48
-0.089135 -0.040491 0.440000 38 49 47
-0.088197 -0.040583 0.441000 38 49 45
-0.087254 -0.040675 0.442000 39 50 46
-0.086306 -0.040767 0.443000 39 49 52
-0.085353 -0.040859 0.444000 34 44 47
-0.039490 -0.042148 0.458000 72 93 71
-0.034602 -0.041964 0.456000 39 62 37
-0.033423 -0.041964 0.456000 64 87 62
-0.032173 -0.041872 0.455000 96 116 99
-0.030996 -0.041872 0.455000 43 63 46
-0.029754 -0.041780 0.454000 38 56 50
-0.028517 -0.041687 0.453000 41 59 53
-0.027346 -0.041687 0.453000 32 50 46
-0.026175 -0.041687 0.453000 27 45 41
-0.025003 -0.041687 0.453000 30 45 42
-0.023885 -0.041780 0.454000 31 46 43
-0.022761 -0.041872 0.455000 28 41 40
-0.021632 -0.041964 0.456000 32 45 44
-0.020453 -0.041964 0.456000 122 128 128
-0.019316 -0.042056 0.457000 147 153 153
0.110443 -0.042424 0.461000 81 102 80
0.111635 -0.042424 0.461000 78 99 77
0.112582 -0.042332 0.460000 67 102 64
0.113524 -0.042240 0.459000 68 103 65
0.114711 -0.042240 0.459000 72 110 66
0.115645 -0.042148 0.458000 74 112 68
0.116574 -0.042056 0.457000 70 107 66
0.117756 -0.042056 0.457000 62 99 58
0.118677 -0.041964 0.456000 98 129 97
0.119857 -0.041964 0.456000 79 110 78
0.120770 -0.041872 0.455000 76 110 75
0.121947 -0.041872 0.455000 77 111 76
0.123123 -0.041872 0.455000 76 113 74
0.124026 -0.041780 0.454000 74 111 72
0.125200 -0.041780 0.454000 80 113 85
0.126096 -0.041687 0.453000 76 109 81
0.126986 -0.041595 0.452000 52 75 69
0.128155 -0.041595 0.452000 29 52 46
0.129324 -0.041595 0.452000 32 50 44
0.130492 -0.041595 0.452000 35 53 47
0.131952 -0.041687 0.453000 43 61 55
0.133124 -0.041687 0.453000 48 66 60
0.134295 -0.041687 0.453000 45 62 63
0.136939 -0.041780 0.454000 28 45 46
0.138113 -0.041780 0.454000 46 63 64
0.139287 -0.041780 0.454000 90 101 101
0.140461 -0.041780 0.454000 135 146 146
0.142180 -0.041595 0.452000 144 152 153
0.142714 -0.041411 0.450000 144 155 151
0.143558 -0.041319 0.449000 144 155 151
0.144397 -0.041227 0.448000 155 166 164
0.144580 -0.040951 0.445000 81 92 90
0.145731 -0.040951 0.445000 48 62 64
0.146882 -0.040951 0.445000 54 68 70
0.148365 -0.041043 0.446000 48 67 69
0.151685 -0.041319 0.449000 49 63 65
-0.212864 -0.038279 0.428000 55 61 63
-0.211758 -0.038279 0.428000 42 54 58
-0.210651 -0.038279 0.428000 47 59 63
-0.209544 -0.038279 0.428000 43 60 63
-0.207951 -0.038189 0.427000 43 60 63
-0.206846 -0.038189 0.427000 40 58 56
-0.205742 -0.038189 0.427000 38 56 54
-0.204638 -0.038189 0.427000 40 55 54
-0.203534 -0.038189 0.427000 38 53 52
-0.201956 -0.038100 0.426000 42 54 56
-0.200855 -0.038100 0.426000 40 52 54
-0.199284 -0.038010 0.425000 39 51 53
-0.203209 -0.040783 0.456000 150 158 155
-0.202029 -0.040783 0.456000 150 159 152
-0.121051 -0.040515 0.453000 139 151 141
-0.119880 -0.040515 0.453000 124 136 126
-0.118446 -0.040425 0.452000 103 112 105
-0.116759 -0.040246 0.450000 81 90 83
-0.115338 -0.040157 0.449000 59 70 68
-0.113923 -0.040067 0.448000 50 61 59
-0.112513 -0.039978 0.447000 44 59 58
-0.111108 -0.039889 0.446000 45 60 59
-0.109708 -0.039799 0.445000 41 55 57
-0.107826 -0.039531 0.442000 36 50 52
-0.106442 -0.039441 0.441000 33 48 47
-0.105063 -0.039352 0.440000 36 51 50
-0.103925 -0.039352 0.440000 35 49 51
-0.102554 -0.039262 0.439000 36 50 52
-0.101418 -0.039262 0.439000 42 55 54
-0.100283 -0.039262 0.439000 42 55 54
-0.099148 -0.039262 0.439000 42 55 52
-0.098013 -0.039262 0.439000 42 55 52
-0.096878 -0.039262 0.439000 44 55 53
-0.095743 -0.039262 0.439000 44 55 53
-0.094608 -0.039262 0.439000 44 55 55
-0.093686 -0.039352 0.440000 43 54 54
-0.092548 -0.039352 0.440000 40 50 53
-0.091410 -0.039352 0.440000 39 49 52
-0.090478 -0.039441 0.441000 39 50 50
-0.089540 -0.039531 0.442000 39 50 50
-0.088597 -0.039620 0.443000 40 51 51
-0.087649 -0.039710 0.444000 37 48 48
-0.085545 -0.039799 0.445000 41 48 52
-0.084395 -0.039799 0.445000 57 63 65
-0.040675 -0.040962 0.458000 79 92 79
-0.039490 -0.040962 0.458000 71 94 69
-0.038306 -0.040962 0.458000 64 87 62
-0.034602 -0.040783 0.456000 48 72 44
-0.030996 -0.040693 0.455000 85 105 86
-0.028517 -0.040515 0.453000 38 53 48
-0.027286 -0.040425 0.452000 28 43 38
-0.026117 -0.040425 0.452000 29 44 39
-0.024948 -0.040425 0.452000 28 46 40
-0.023832 -0.040515 0.453000 28 46 40
-0.022661 -0.040515 0.453000 23 36 33
-0.021537 -0.040604 0.454000 71 84 81
-0.020408 -0.040693 0.455000 147 154 148
0.111393 -0.041141 0.460000 80 97 81
0.112582 -0.041141 0.460000 72 101 69
0.113524 -0.041051 0.459000 72 101 69
0.114461 -0.040962 0.458000 71 106 66
0.115393 -0.040872 0.457000 73 108 68
0.116319 -0.040783 0.456000 73 110 69
0.117498 -0.040783 0.456000 58 95 54
0.118677 -0.040783 0.456000 67 101 66
0.119594 -0.040693 0.455000 90 124 89
0.120770 -0.040693 0.455000 75 109 76
0.121679 -0.040604 0.454000 75 109 76
0.122853 -0.040604 0.454000 78 112 77
0.123480 -0.040425 0.452000 74 108 73
0.124649 -0.040425 0.452000 56 85 65
0.125539 -0.040336 0.451000 27 56 36
0.126705 -0.040336 0.451000 28 51 43
0.127871 -0.040336 0.451000 31 54 46
0.129324 -0.040425 0.452000 39 59 52
0.130492 -0.040425 0.452000 54 74 67
0.131952 -0.040515 0.453000 48 66 62
0.133124 -0.040515 0.453000 34 52 48
0.135765 -0.040604 0.454000 27 44 45
0.136939 -0.040604 0.454000 69 82 81
0.138113 -0.040604 0.454000 118 131 130
0.139287 -0.040604 0.454000 140 151 151
0.142714 -0.040246 0.450000 150 156 156
0.143430 -0.039799 0.445000 160 168 169
0.144580 -0.039799 0.445000 74 82 83
0.145731 -0.039799 0.445000 47 61 65
0.146882 -0.039799 0.445000 52 66 70
0.148032 -0.039799 0.445000 49 68 72
0.151009 -0.039978 0.447000 51 63 65
-0.211263 -0.037084 0.427000 67 74 78
-0.210159 -0.037084 0.427000 43 50 54
-0.209055 -0.037084 0.427000 38 52 56
-0.207951 -0.037084 0.427000 42 56 60
-0.206846 -0.037084 0.427000 42 56 60
-0.205742 -0.037084 0.427000 42 56 60
-0.204159 -0.036997 0.426000 42 56 60
-0.203058 -0.036997 0.426000 38 52 56
-0.201482 -0.036910 0.425000 36 50 54
-0.200383 -0.036910 0.425000 37 51 55
-0.199284 -0.036910 0.425000 37 51 53
-0.198185 -0.036910 0.425000 38 52 54
-0.197086 -0.036910 0.425000 38 50 52
-0.199671 -0.039602 0.456000 143 154 150
-0.127188 -0.039428 0.454000 144 156 148
-0.126014 -0.039428 0.454000 133 144 140
-0.124840 -0.039428 0.454000 121 132 128
-0.123666 -0.039428 0.454000 105 113 110
-0.121413 -0.039081 0.450000 83 91 88
-0.120249 -0.039081 0.450000 62 70 67
-0.118821 -0.038994 0.449000 54 62 59
-0.117398 -0.038907 0.448000 50 58 57
-0.115721 -0.038734 0.446000 54 62 61
-0.114311 -0.038647 0.445000 48 59 57
-0.112906 -0.038560 0.444000 44 55 53
-0.111758 -0.038560 0.444000 44 57 54
-0.109862 -0.038299 0.441000 40 53 50
-0.108476 -0.038213 0.440000 40 53 50
-0.107094 -0.038126 0.439000 39 52 49
-0.105718 -0.038039 0.438000 38 51 48
-0.104585 -0.038039 0.438000 40 53 50
-0.103452 -0.038039 0.438000 40 53 52
-0.102320 -0.038039 0.438000 39 52 51
-0.101187 -0.038039 0.438000 43 56 55
-0.100055 -0.038039 0.438000 42 55 54
-0.099148 -0.038126 0.439000 43 56 53
-0.098013 -0.038126 0.439000 39 52 49
-0.097099 -0.038213 0.440000 40 51 49
-0.095961 -0.038213 0.440000 41 52 50
-0.094823 -0.038213 0.440000 39 50 50
-0.093898 -0.038299 0.441000 40 51 51
-0.092969 -0.038386 0.442000 41 51 54
-0.092033 -0.038473 0.443000 40 50 53
-0.090888 -0.038473 0.443000 40 50 53
-0.089945 -0.038560 0.444000 37 47 50
-0.088797 -0.038560 0.444000 39 46 50
-0.086696 -0.038647 0.445000 84 87 90
-0.040675 -0.039776 0.458000 81 96 80
-0.039490 -0.039776 0.458000 66 93 62
-0.034602 -0.039602 0.456000 59 83 55
-0.033423 -0.039602 0.456000 89 113 85
-0.030996 -0.039515 0.455000 67 84 68
-0.029754 -0.039428 0.454000 45 60 55
-0.028454 -0.039255 0.452000 37 52 47
-0.027286 -0.039255 0.452000 30 45 42
-0.026059 -0.039168 0.451000 29 44 41
-0.024893 -0.039168 0.451000 31 46 43
-0.023727 -0.039168 0.451000 31 46 43
-0.022611 -0.039255 0.452000 26 39 34
-0.021490 -0.039342 0.453000 107 120 115
-0.020363 -0.039428 0.454000 149 156 150
0.112337 -0.039863 0.459000 78 101 76
0.113277 -0.039776 0.458000 74 97 72
0.114211 -0.039689 0.457000 67 102 64
0.115140 -0.039602 0.456000 70 105 67
0.116319 -0.039602 0.456000 69 106 67
0.117241 -0.039515 0.455000 63 100 61
0.118417 -0.039515 0.455000 46 80 45
0.119331 -0.039428 0.454000 62 96 61
0.120239 -0.039342 0.453000 81 115 84
0.121143 -0.039255 0.452000 78 112 81
0.122311 -0.039255 0.452000 70 98 73
0.123207 -0.039168 0.451000 35 63 38
0.124373 -0.039168 0.451000 28 54 41
0.125539 -0.039168 0.451000 29 55 42
0.126705 -0.039168 0.451000 35 60 51
0.127871 -0.039168 0.451000 43 68 59
0.129038 -0.039168 0.451000 46 69 63
0.130492 -0.039255 0.452000 36 59 53
0.131661 -0.039255 0.452000 33 53 50
0.133124 -0.039342 0.453000 30 50 47
0.134295 -0.039342 0.453000 42 57 56
0.136939 -0.039428 0.454000 133 144 142
0.138113 -0.039428 0.454000 140 151 149
0.142397 -0.038994 0.449000 150 158 157
0.143107 -0.038560 0.444000 154 161 165
0.144255 -0.038560 0.444000 61 68 72
0.145076 -0.038473 0.443000 48 65 68
0.146551 -0.038560 0.444000 50 67 70
0.147367 -0.038473 0.443000 51 70 74
0.149183 -0.038647 0.445000 53 72 76
-0.209544 -0.036062 0.428000 48 55 59
-0.207951 -0.035978 0.427000 43 50 54
-0.206846 -0.035978 0.427000 40 52 56
-0.205742 -0.035978 0.427000 43 55 59
-0.204159 -0.035894 0.426000 43 57 61
-0.202581 -0.035810 0.425000 42 56 60
-0.201482 -0.035810 0.425000 37 51 55
-0.200383 -0.035810 0.425000 36 50 54
-0.199284 -0.035810 0.425000 37 51 53
-0.198185 -0.035810 0.425000 36 50 52
-0.196623 -0.035725 0.424000 38 52 54
-0.195526 -0.035725 0.424000 37 51 53
-0.194430 -0.035725 0.424000 38 52 54
-0.196134 -0.038421 0.456000 146 154 151
-0.131883 -0.038253 0.454000 138 149 145
-0.130709 -0.038253 0.454000 134 142 139
-0.129536 -0.038253 0.454000 124 132 129
-0.128362 -0.038253 0.454000 100 108 105
-0.126908 -0.038169 0.453000 77 85 82
-0.125459 -0.038084 0.452000 59 72 71
-0.124015 -0.038000 0.451000 53 66 65
-0.122577 -0.037916 0.450000 57 68 66
-0.121143 -0.037832 0.449000 57 68 66
-0.119715 -0.037747 0.448000 46 54 53
-0.118027 -0.037579 0.446000 48 56 55
-0.116612 -0.037495 0.445000 49 57 56
-0.114424 -0.037158 0.441000 43 51 50
-0.111634 -0.036989 0.439000 40 51 49
-0.110499 -0.036989 0.439000 39 52 49
-0.109364 -0.036989 0.439000 39 52 49
-0.107736 -0.036821 0.437000 42 55 52
-0.106362 -0.036736 0.436000 40 53 50
-0.105235 -0.036736 0.436000 42 55 52
-0.104107 -0.036736 0.436000 42 55 52
-0.103216 -0.036821 0.437000 42 55 54
-0.102086 -0.036821 0.437000 39 52 51
-0.101187 -0.036905 0.438000 42 55 54
-0.100283 -0.036989 0.439000 40 53 52
-0.099148 -0.036989 0.439000 39 52 49
-0.098236 -0.037073 0.440000 37 50 47
-0.097319 -0.037158 0.441000 39 50 48
-0.096397 -0.037242 0.442000 40 51 49
-0.095470 -0.037326 0.443000 38 49 49
-0.094324 -0.037326 0.443000 40 51 51
-0.092241 -0.037410 0.444000 38 48 51
-0.091093 -0.037410 0.444000 43 50 54
-0.090148 -0.037495 0.445000 60 67 71
-0.088997 -0.037495 0.445000 91 97 99
-0.041859 -0.038590 0.458000 72 89 71
-0.040763 -0.038674 0.459000 77 94 76
-0.039490 -0.038590 0.458000 67 96 64
-0.038306 -0.038590 0.458000 64 93 61
-0.037122 -0.038590 0.458000 60 89 55
-0.035938 -0.038590 0.458000 56 85 51
-0.034677 -0.038506 0.457000 73 97 69
-0.033423 -0.038421 0.456000 87 111 83
-0.032243 -0.038421 0.456000 97 117 102
-0.030996 -0.038337 0.455000 45 65 50
-0.029754 -0.038253 0.454000 44 59 56
-0.028454 -0.038084 0.452000 29 44 41
-0.027225 -0.038000 0.451000 32 45 42
-0.026001 -0.037916 0.450000 31 44 41
-0.024838 -0.037916 0.450000 31 46 43
-0.023674 -0.037916 0.450000 33 48 45
-0.022511 -0.037916 0.450000 32 45 40
-0.021395 -0.038000 0.451000 100 113 108
-0.020273 -0.038084 0.452000 148 156 153
0.112093 -0.038590 0.458000 80 102 82
0.112782 -0.038421 0.456000 73 95 75
0.113961 -0.038421 0.456000 67 101 66
0.114888 -0.038337 0.455000 68 102 67
0.116064 -0.038337 0.455000 66 103 64
0.116983 -0.038253 0.454000 62 99 60
0.117636 -0.038084 0.452000 53 87 52
0.118805 -0.038084 0.452000 48 82 47
0.119708 -0.038000 0.451000 65 93 68
0.120875 -0.038000 0.451000 53 81 56
0.122041 -0.038000 0.451000 25 49 35
0.122934 -0.037916 0.450000 29 53 39
0.124097 -0.037916 0.450000 30 55 46
0.125261 -0.037916 0.450000 37 62 53
0.126424 -0.037916 0.450000 43 66 60
0.127588 -0.037916 0.450000 39 62 56
0.129038 -0.038000 0.451000 29 52 48
0.130204 -0.038000 0.451000 26 49 45
0.131661 -0.038084 0.452000 34 52 50
0.133124 -0.038169 0.453000 62 80 78
0.135765 -0.038253 0.454000 111 126 125
0.142785 -0.037326 0.443000 140 147 151
0.143606 -0.037242 0.442000 49 56 60
0.144748 -0.037242 0.442000 56 73 78
0.145561 -0.037158 0.441000 48 65 70
0.147034 -0.037242 0.442000 53 72 76
0.148512 -0.037326 0.443000 47 66 70
-0.207951 -0.034872 0.427000 72 75 76
-0.206846 -0.034872 0.427000 40 50 53
-0.205261 -0.034791 0.426000 38 48 51
-0.204159 -0.034791 0.426000 43 55 57
-0.202581 -0.034709 0.425000 43 55 57
-0.201482 -0.034709 0.425000 38 52 54
-0.200383 -0.034709 0.425000 40 54 56
-0.199284 -0.034709 0.425000 37 51 53
-0.197719 -0.034627 0.424000 35 49 51
-0.196623 -0.034627 0.424000 34 48 50
-0.195526 -0.034627 0.424000 35 49 51
-0.194430 -0.034627 0.424000 35 49 51
-0.193334 -0.034627 0.424000 36 50 52
-0.191784 -0.034546 0.423000 37 51 53
-0.192175 -0.037159 0.455000 143 146 145
-0.190998 -0.037159 0.455000 152 155 154
-0.139233 -0.037159 0.455000 144 156 148
-0.138056 -0.037159 0.455000 146 153 147
-0.136880 -0.037159 0.455000 141 148 142
-0.135703 -0.037159 0.455000 117 126 119
-0.134231 -0.037077 0.454000 92 101 94
-0.133057 -0.037077 0.454000 76 87 87
-0.131593 -0.036996 0.453000 68 79 79
-0.130422 -0.036996 0.453000 60 71 69
-0.129250 -0.036996 0.453000 61 72 70
-0.127796 -0.036914 0.452000 61 69 68
-0.126347 -0.036832 0.451000 56 64 63
-0.124904 -0.036751 0.450000 47 58 56
-0.123465 -0.036669 0.449000 45 56 54
-0.122032 -0.036587 0.448000 44 55 53
-0.120064 -0.036342 0.445000 45 56 54
-0.116704 -0.036016 0.441000 40 51 49
-0.115302 -0.035934 0.440000 41 52 50
-0.109744 -0.035607 0.436000 40 53 50
-0.108368 -0.035526 0.435000 40 53 50
-0.107243 -0.035526 0.435000 39 52 49
-0.106118 -0.035526 0.435000 42 55 52
-0.104993 -0.035526 0.435000 42 55 52
-0.103869 -0.035526 0.435000 40 53 50
-0.103216 -0.035689 0.437000 40 53 52
-0.102320 -0.035771 0.438000 39 52 51
-0.101418 -0.035852 0.439000 41 52 52
-0.100283 -0.035852 0.439000 39 50 50
-0.099374 -0.035934 0.440000 40 51 51
-0.098683 -0.036097 0.442000 39 50 50
-0.097761 -0.036179 0.443000 39 50 50
-0.095685 -0.036261 0.444000 34 44 47
-0.094537 -0.036261 0.444000 38 48 51
-0.093600 -0.036342 0.445000 44 54 57
-0.092449 -0.036342 0.445000 75 85 88
-0.043043 -0.037404 0.458000 80 88 77
-0.041950 -0.037486 0.459000 77 94 76
-0.040763 -0.037486 0.459000 76 93 75
-0.039577 -0.037486 0.459000 67 94 61
-0.038390 -0.037486 0.459000 66 93 60
-0.037203 -0.037486 0.459000 64 93 59
-0.036016 -0.037486 0.459000 59 88 54
-0.034677 -0.037322 0.457000 88 112 84
-0.033423 -0.037241 0.456000 91 115 87
-0.032243 -0.037241 0.456000 76 92 81
-0.030996 -0.037159 0.455000 40 56 45
-0.029754 -0.037077 0.454000 50 63 60
-0.027225 -0.036832 0.451000 33 48 47
-0.026001 -0.036751 0.450000 31 46 45
-0.024838 -0.036751 0.450000 29 47 43
-0.023674 -0.036751 0.450000 32 50 46
-0.022511 -0.036751 0.450000 42 55 52
-0.021347 -0.036751 0.450000 45 58 55
-0.020184 -0.036751 0.450000 125 133 132
0.111848 -0.037322 0.457000 85 107 91
0.112782 -0.037241 0.456000 78 100 84
0.113711 -0.037159 0.455000 68 102 71
0.114635 -0.037077 0.454000 67 101 70
0.115299 -0.036914 0.452000 66 100 65
0.116468 -0.036914 0.452000 63 97 62
0.117376 -0.036832 0.451000 62 92 65
0.118542 -0.036832 0.451000 41 71 44
0.119443 -0.036751 0.450000 36 60 46
0.120607 -0.036751 0.450000 30 54 40
0.121770 -0.036751 0.450000 26 49 41
0.122934 -0.036751 0.450000 37 60 52
0.124097 -0.036751 0.450000 47 70 66
0.125261 -0.036751 0.450000 51 74 70
0.126424 -0.036751 0.450000 39 61 60
0.127588 -0.036751 0.450000 31 53 52
0.129038 -0.036832 0.451000 28 47 47
0.130204 -0.036832 0.451000 46 65 65
0.131661 -0.036914 0.452000 77 95 93
0.132830 -0.036914 0.452000 91 109 107
0.134295 -0.036996 0.453000 85 100 97
0.142140 -0.036016 0.441000 108 120 122
0.142956 -0.035934 0.440000 47 59 61
0.144093 -0.035934 0.440000 55 74 78
0.145231 -0.035934 0.440000 48 67 71
0.146702 -0.036016 0.441000 54 73 77
0.148177 -0.036097 0.442000 41 60 64
-0.205261 -0.033688 0.426000 49 55 55
-0.203680 -0.033609 0.425000 37 49 51
-0.202581 -0.033609 0.425000 39 51 53
-0.201482 -0.033609 0.425000 35 49 51
-0.200383 -0.033609 0.425000 36 50 52
-0.199284 -0.033609 0.425000 37 51 53
-0.197719 -0.033530 0.424000 35 49 51
-0.196623 -0.033530 0.424000 34 48 50
-0.195526 -0.033530 0.424000 36 50 52
-0.194430 -0.033530 0.424000 36 50 52
-0.192878 -0.033451 0.423000 35 49 51
-0.191784 -0.033451 0.423000 37 51 53
-0.190239 -0.033371 0.422000 37 51 53
-0.189148 -0.033371 0.422000 40 54 56
-0.188057 -0.033371 0.422000 44 58 60
-0.186966 -0.033371 0.422000 40 54 56
-0.185875 -0.033371 0.422000 38 52 54
-0.187057 -0.035902 0.454000 119 127 124
-0.185883 -0.035902 0.454000 137 145 142
-0.184709 -0.035902 0.454000 152 153 149
-0.183535 -0.035902 0.454000 157 158 154
-0.182361 -0.035902 0.454000 158 159 155
-0.181187 -0.035902 0.454000 153 154 150
-0.147144 -0.035902 0.454000 153 155 146
-0.145970 -0.035902 0.454000 153 155 146
-0.144796 -0.035902 0.454000 151 153 144
-0.143622 -0.035902 0.454000 142 144 135
-0.142448 -0.035902 0.454000 119 130 126
-0.141275 -0.035902 0.454000 107 118 114
-0.138056 -0.035981 0.455000 69 77 76
-0.136880 -0.035981 0.455000 60 68 67
-0.135703 -0.035981 0.455000 59 67 66
-0.134231 -0.035902 0.454000 56 64 63
-0.132764 -0.035823 0.453000 53 64 64
-0.131593 -0.035823 0.453000 51 62 62
-0.130134 -0.035744 0.452000 52 63 63
-0.128965 -0.035744 0.452000 46 57 57
-0.127513 -0.035665 0.451000 43 54 54
-0.118445 -0.034716 0.439000 39 50 50
-0.117310 -0.034716 0.439000 38 51 50
-0.116175 -0.034716 0.439000 37 50 49
-0.115040 -0.034716 0.439000 38 51 50
-0.111999 -0.034479 0.436000 42 55 52
-0.110872 -0.034479 0.436000 40 53 50
-0.109492 -0.034399 0.435000 40 53 50
-0.108368 -0.034399 0.435000 42 55 52
-0.107243 -0.034399 0.435000 42 55 52
-0.106118 -0.034399 0.435000 39 52 49
-0.105235 -0.034479 0.436000 39 52 49
-0.104346 -0.034558 0.437000 39 52 49
-0.103452 -0.034637 0.438000 39 52 51
-0.102554 -0.034716 0.439000 38 51 50
-0.101649 -0.034795 0.440000 40 51 51
-0.100740 -0.034874 0.441000 40 51 51
-0.100052 -0.035032 0.443000 39 49 52
-0.095901 -0.035190 0.445000 69 79 84
-0.094963 -0.035269 0.446000 98 108 113
-0.043137 -0.036297 0.459000 76 86 74
-0.041950 -0.036297 0.459000 76 97 75
-0.040763 -0.036297 0.459000 72 93 71
-0.039577 -0.036297 0.459000 68 97 63
-0.038390 -0.036297 0.459000 68 97 63
-0.037203 -0.036297 0.459000 66 93 60
-0.036016 -0.036297 0.459000 66 93 60
-0.034677 -0.036139 0.457000 86 108 81
-0.033496 -0.036139 0.457000 97 119 92
-0.032243 -0.036060 0.456000 56 70 59
-0.030996 -0.035981 0.455000 45 59 48
-0.029754 -0.035902 0.454000 39 52 49
-0.027225 -0.035665 0.451000 29 47 45
-0.026001 -0.035586 0.450000 31 49 47
-0.024838 -0.035586 0.450000 31 49 47
-0.023674 -0.035586 0.450000 36 54 52
-0.022511 -0.035586 0.450000 41 56 55
-0.021347 -0.035586 0.450000 34 49 48
-0.020184 -0.035586 0.450000 65 76 74
0.111603 -0.036060 0.456000 87 108 97
0.112535 -0.035981 0.455000 82 103 92
0.113461 -0.035902 0.454000 72 101 81
0.113878 -0.035665 0.451000 70 99 79
0.115044 -0.035665 0.451000 68 98 73
0.115952 -0.035586 0.450000 61 91 66
0.117116 -0.035586 0.450000 47 72 55
0.118279 -0.035586 0.450000 30 55 38
0.119443 -0.035586 0.450000 31 55 43
0.120607 -0.035586 0.450000 29 53 41
0.121770 -0.035586 0.450000 47 67 60
0.122934 -0.035586 0.450000 53 73 66
0.124097 -0.035586 0.450000 48 68 63
0.125261 -0.035586 0.450000 30 50 45
0.126424 -0.035586 0.450000 21 44 40
0.127588 -0.035586 0.450000 26 49 45
0.128751 -0.035586 0.450000 61 81 78
0.130204 -0.035665 0.451000 82 102 99
0.131661 -0.035744 0.452000 88 106 104
0.132830 -0.035744 0.452000 83 101 99
0.134295 -0.035823 0.453000 83 98 95
0.141496 -0.034716 0.439000 67 82 81
0.142631 -0.034716 0.439000 50 65 64
0.143766 -0.034716 0.439000 53 72 72
0.144901 -0.034716 0.439000 51 70 70
0.146369 -0.034795 0.440000 56 73 76
0.148512 -0.035032 0.443000 45 62 65
-0.202581 -0.032508 0.425000 53 61 58
-0.201482 -0.032508 0.425000 39 51 53
-0.200383 -0.032508 0.425000 37 49 51
-0.198815 -0.032432 0.424000 35 49 51
-0.197719 -0.032432 0.424000 35 49 51
-0.196623 -0.032432 0.424000 35 49 51
-0.195526 -0.032432 0.424000 34 48 50
-0.194430 -0.032432 0.424000 34 51 52
-0.192878 -0.032355 0.423000 33 50 51
-0.191784 -0.032355 0.423000 35 52 53
-0.190239 -0.032279 0.422000 35 52 53
-0.189148 -0.032279 0.422000 34 51 52
-0.188057 -0.032279 0.422000 38 55 56
-0.186966 -0.032279 0.422000 34 51 52
-0.185434 -0.032202 0.421000 34 51 52
-0.184346 -0.032202 0.421000 35 52 53
-0.183257 -0.032202 0.421000 35 52 53
-0.182169 -0.032202 0.421000 38 55 56
-0.181080 -0.032202 0.421000 36 53 54
-0.179991 -0.032202 0.421000 38 55 56
-0.178903 -0.032202 0.421000 39 56 57
-0.177814 -0.032202 0.421000 53 65 67
-0.177665 -0.034726 0.454000 116 135 135
-0.128118 -0.034038 0.445000 43 56 55
-0.118445 -0.033579 0.439000 38 51 48
-0.117310 -0.033579 0.439000 39 52 49
-0.116175 -0.033579 0.439000 37 50 47
-0.115040 -0.033579 0.439000 40 53 50
-0.113645 -0.033503 0.438000 39 52 49
-0.112513 -0.033503 0.438000 40 53 50
-0.111126 -0.033426 0.437000 39 52 49
-0.109996 -0.033426 0.437000 40 53 50
-0.108866 -0.033426 0.437000 42 55 52
-0.107736 -0.033426 0.437000 38 51 48
-0.106850 -0.033503 0.438000 38 51 48
-0.105718 -0.033503 0.438000 38 51 50
-0.104824 -0.033579 0.439000 39 52 51
-0.103689 -0.033579 0.439000 42 54 56
-0.102787 -0.033656 0.440000 40 52 54
-0.102111 -0.033809 0.442000 36 47 47
-0.100277 -0.033962 0.444000 43 50 54
-0.098202 -0.034038 0.445000 90 96 98
-0.043137 -0.035109 0.459000 79 89 77
-0.041950 -0.035109 0.459000 76 99 74
-0.040852 -0.035185 0.460000 71 94 69
-0.039663 -0.035185 0.460000 70 99 65
-0.038473 -0.035185 0.460000 67 96 62
-0.037284 -0.035185 0.460000 65 92 59
-0.036016 -0.035109 0.459000 79 106 73
-0.034677 -0.034956 0.457000 100 118 95
-0.033423 -0.034879 0.456000 93 111 88
-0.032243 -0.034879 0.456000 42 56 47
-0.030996 -0.034803 0.455000 50 64 55
-0.029820 -0.034803 0.455000 30 45 42
-0.028517 -0.034650 0.453000 29 44 41
-0.027286 -0.034573 0.452000 28 48 45
-0.026059 -0.034497 0.451000 30 50 47
-0.024838 -0.034420 0.450000 31 49 47
-0.023674 -0.034420 0.450000 46 64 62
-0.022511 -0.034420 0.450000 33 51 49
-0.021347 -0.034420 0.450000 34 52 50
-0.020184 -0.034420 0.450000 43 56 55
0.111358 -0.034803 0.455000 95 113 107
0.112712 -0.034497 0.451000 81 107 94
0.113625 -0.034420 0.450000 80 106 93
0.114789 -0.034420 0.450000 59 83 71
0.115952 -0.034420 0.450000 38 62 50
0.117116 -0.034420 0.450000 30 50 45
0.118279 -0.034420 0.450000 33 53 48
0.119443 -0.034420 0.450000 38 59 48
0.120607 -0.034420 0.450000 55 76 65
0.121770 -0.034420 0.450000 55 74 64
0.122934 -0.034420 0.450000 32 51 41
0.124097 -0.034420 0.450000 27 45 39
0.125261 -0.034420 0.450000 32 50 44
0.126424 -0.034420 0.450000 36 60 48
0.127588 -0.034420 0.450000 72 96 84
0.128751 -0.034420 0.450000 89 112 104
0.130204 -0.034497 0.451000 78 101 93
0.131370 -0.034497 0.451000 83 103 100
0.132536 -0.034497 0.451000 76 96 93
0.140361 -0.033579 0.439000 154 163 156
0.141496 -0.033579 0.439000 50 63 62
0.142631 -0.033579 0.439000 56 69 68
0.143766 -0.033579 0.439000 54 73 73
0.144901 -0.033579 0.439000 55 74 74
0.146369 -0.033656 0.440000 55 72 75
0.148848 -0.033962 0.444000 49 66 69
-0.199912 -0.031334 0.424000 54 62 61
-0.198815 -0.031334 0.424000 36 47 47
-0.197719 -0.031334 0.424000 33 44 44
-0.196623 -0.031334 0.424000 35 50 49
-0.195526 -0.031334 0.424000 36 51 50
-0.194430 -0.031334 0.424000 35 49 51
-0.192878 -0.031260 0.423000 35 49 51
-0.191784 -0.031260 0.423000 36 50 52
-0.190690 -0.031260 0.423000 36 50 52
-0.189148 -0.031186 0.422000 34 48 50
-0.188057 -0.031186 0.422000 35 49 51
-0.186966 -0.031186 0.422000 36 50 52
-0.185434 -0.031112 0.421000 34 48 50
-0.184346 -0.031112 0.421000 32 50 48
-0.183257 -0.031112 0.421000 32 50 48
-0.182169 -0.031112 0.421000 33 51 49
-0.181080 -0.031112 0.421000 34 52 50
-0.179991 -0.031112 0.421000 34 52 50
-0.178903 -0.031112 0.421000 35 53 51
-0.177814 -0.031112 0.421000 40 55 54
-0.138517 -0.031334 0.424000 52 69 70
-0.137421 -0.031334 0.424000 54 67 64
-0.136646 -0.031408 0.425000 53 66 63
-0.135547 -0.031408 0.425000 50 63 60
-0.134448 -0.031408 0.425000 49 62 59
-0.133349 -0.031408 0.425000 44 58 60
-0.127816 -0.032516 0.440000 42 57 56
-0.126679 -0.032516 0.440000 40 55 54
-0.121265 -0.032590 0.441000 42 55 52
-0.118715 -0.032516 0.440000 38 51 48
-0.117310 -0.032442 0.439000 37 50 45
-0.116175 -0.032442 0.439000 37 50 45
-0.115040 -0.032442 0.439000 37 50 45
-0.113905 -0.032442 0.439000 38 51 46
-0.112770 -0.032442 0.439000 38 51 46
-0.111634 -0.032442 0.439000 37 50 45
-0.110499 -0.032442 0.439000 38 51 46
-0.109364 -0.032442 0.439000 40 53 48
-0.108229 -0.032442 0.439000 39 52 49
-0.107094 -0.032442 0.439000 43 56 53
-0.105959 -0.032442 0.439000 39 50 50
-0.105063 -0.032516 0.440000 39 50 50
-0.104161 -0.032590 0.441000 40 50 53
-0.103254 -0.032664 0.442000 41 51 54
-0.101425 -0.032812 0.444000 90 98 99
-0.044227 -0.033847 0.458000 82 92 78
-0.043137 -0.033920 0.459000 84 94 80
-0.041950 -0.033920 0.459000 73 99 73
-0.040852 -0.033994 0.460000 71 97 71
-0.039663 -0.033994 0.460000 68 97 65
-0.038473 -0.033994 0.460000 70 99 67
-0.037284 -0.033994 0.460000 65 92 63
-0.036016 -0.033920 0.459000 92 119 90
-0.034677 -0.033773 0.457000 109 126 110
-0.033496 -0.033773 0.457000 73 90 74
-0.032243 -0.033699 0.456000 45 58 53
-0.031064 -0.033699 0.456000 43 56 51
-0.029820 -0.033625 0.455000 25 43 39
-0.028580 -0.033551 0.454000 27 45 41
-0.027346 -0.033477 0.453000 27 47 44
-0.026059 -0.033329 0.451000 26 46 43
-0.024838 -0.033255 0.450000 34 52 50
-0.023674 -0.033255 0.450000 54 72 70
-0.022511 -0.033255 0.450000 34 51 52
-0.021347 -0.033255 0.450000 34 51 52
-0.020139 -0.033181 0.449000 36 50 52
-0.019020 -0.033255 0.450000 47 61 63
0.111298 -0.033255 0.450000 100 115 112
0.112462 -0.033255 0.450000 81 101 96
0.113625 -0.033255 0.450000 55 75 70
0.114534 -0.033181 0.449000 27 47 44
0.115695 -0.033181 0.449000 32 52 49
0.116856 -0.033181 0.449000 33 53 48
0.118017 -0.033181 0.449000 48 68 63
0.119178 -0.033181 0.449000 56 74 70
0.120339 -0.033181 0.449000 49 67 63
0.121500 -0.033181 0.449000 31 50 40
0.122661 -0.033181 0.449000 28 47 37
0.123821 -0.033181 0.449000 27 48 35
0.125261 -0.033255 0.450000 40 61 48
0.126424 -0.033255 0.450000 64 89 70
0.127588 -0.033255 0.450000 80 105 86
0.128751 -0.033255 0.450000 87 114 96
0.129915 -0.033255 0.450000 80 107 89
0.131079 -0.033255 0.450000 80 100 95
0.139721 -0.032295 0.437000 132 144 136
0.140851 -0.032295 0.437000 45 59 61
0.141981 -0.032295 0.437000 56 70 72
0.144901 -0.032442 0.439000 59 76 79
0.146036 -0.032442 0.439000 48 65 66
0.148848 -0.032812 0.444000 68 85 86
-0.197719 -0.030236 0.424000 50 58 55
-0.196623 -0.030236 0.424000 36 47 45
-0.195526 -0.030236 0.424000 34 45 43
-0.194430 -0.030236 0.424000 36 49 48
-0.193334 -0.030236 0.424000 37 50 49
-0.191784 -0.030165 0.423000 37 50 49
-0.190690 -0.030165 0.423000 36 49 48
-0.189148 -0.030093 0.422000 34 49 48
-0.188057 -0.030093 0.422000 34 49 48
-0.186966 -0.030093 0.422000 35 50 49
-0.185875 -0.030093 0.422000 31 46 45
-0.184346 -0.030022 0.421000 31 49 45
-0.183257 -0.030022 0.421000 31 49 45
-0.182169 -0.030022 0.421000 30 50 47
-0.181080 -0.030022 0.421000 32 52 49
-0.179991 -0.030022 0.421000 31 51 48
-0.178903 -0.030022 0.421000 33 53 50
-0.177814 -0.030022 0.421000 36 51 48
-0.176726 -0.030022 0.421000 37 52 49
-0.139614 -0.030236 0.424000 44 59 58
-0.138517 -0.030236 0.424000 42 57 56
-0.137421 -0.030236 0.424000 41 56 55
-0.136325 -0.030236 0.424000 41 56 55
-0.135228 -0.030236 0.424000 40 55 54
-0.134132 -0.030236 0.424000 41 56 55
-0.133349 -0.030307 0.425000 35 50 49
-0.132250 -0.030307 0.425000 40 55 54
-0.131152 -0.030307 0.425000 36 53 54
-0.125239 -0.031021 0.435000 40 55 52
-0.124121 -0.031306 0.439000 38 53 50
-0.122406 -0.031448 0.441000 38 51 48
-0.120125 -0.031448 0.441000 37 50 45
-0.117844 -0.031448 0.441000 37 50 45
-0.116440 -0.031377 0.440000 39 52 47
-0.115302 -0.031377 0.440000 37 50 45
-0.114164 -0.031377 0.440000 38 51 46
-0.112770 -0.031306 0.439000 39 52 49
-0.111634 -0.031306 0.439000 39 52 49
-0.110499 -0.031306 0.439000 44 55 53
-0.109364 -0.031306 0.439000 41 52 50
-0.108229 -0.031306 0.439000 38 49 49
-0.107338 -0.031377 0.440000 37 48 48
-0.106200 -0.031377 0.440000 47 53 55
-0.105301 -0.031448 0.441000 57 63 65
-0.044227 -0.032661 0.458000 77 90 75
-0.043137 -0.032732 0.459000 82 95 80
-0.041950 -0.032732 0.459000 72 99 70
-0.040852 -0.032803 0.460000 75 102 73
-0.039663 -0.032803 0.460000 72 101 69
-0.038473 -0.032803 0.460000 68 97 65
-0.037284 -0.032803 0.460000 74 97 74
-0.036016 -0.032732 0.459000 105 128 105
-0.034677 -0.032589 0.457000 108 124 113
-0.033496 -0.032589 0.457000 50 66 55
-0.032243 -0.032518 0.456000 51 64 61
-0.031064 -0.032518 0.456000 35 48 45
-0.029820 -0.032447 0.455000 27 45 41
-0.028580 -0.032375 0.454000 28 46 42
-0.027346 -0.032304 0.453000 27 47 44
-0.026117 -0.032233 0.452000 24 44 41
-0.024838 -0.032090 0.450000 42 60 58
-0.023674 -0.032090 0.450000 42 60 58
-0.022511 -0.032090 0.450000 39 57 55
-0.021347 -0.032090 0.450000 35 53 51
-0.020184 -0.032090 0.450000 35 49 51
-0.019020 -0.032090 0.450000 36 50 52
0.109940 -0.032375 0.454000 117 128 126
0.110135 -0.032090 0.450000 104 118 120
0.111298 -0.032090 0.450000 70 84 86
0.112212 -0.032019 0.449000 41 58 59
0.113373 -0.032019 0.449000 29 46 47
0.114534 -0.032019 0.449000 34 52 48
0.115695 -0.032019 0.449000 38 56 52
0.116856 -0.032019 0.449000 54 74 69
0.118017 -0.032019 0.449000 49 69 64
0.119178 -0.032019 0.449000 46 66 61
0.120339 -0.032019 0.449000 35 55 50
0.121500 -0.032019 0.449000 30 51 38
0.122661 -0.032019 0.449000 37 58 45
0.123821 -0.032019 0.449000 60 85 64
0.125261 -0.032090 0.450000 54 79 58
0.126424 -0.032090 0.450000 65 93 68
0.127588 -0.032090 0.450000 77 105 80
0.128751 -0.032090 0.450000 86 115 93
0.129915 -0.032090 0.450000 80 109 87
0.138274 -0.031092 0.436000 161 172 168
0.139082 -0.031021 0.435000 97 108 104
0.140529 -0.031092 0.436000 47 61 63
0.141656 -0.031092 0.436000 56 70 72
0.143111 -0.031163 0.437000 55 72 75
0.146036 -0.031306 0.439000 48 62 64
-0.195526 -0.029138 0.424000 46 57 53
-0.194430 -0.029138 0.424000 40 51 51
-0.193334 -0.029138 0.424000 40 51 51
-0.191784 -0.029070 0.423000 33 46 45
-0.190690 -0.029070 0.423000 36 49 48
-0.189148 -0.029001 0.422000 37 48 48
-0.188057 -0.029001 0.422000 38 49 49
-0.186966 -0.029001 0.422000 36 49 46
-0.185875 -0.029001 0.422000 36 49 46
-0.184784 -0.029001 0.422000 31 49 43
-0.183257 -0.028932 0.421000 31 49 43
-0.182169 -0.028932 0.421000 31 51 48
-0.181080 -0.028932 0.421000 31 51 48
-0.179991 -0.028932 0.421000 31 51 48
-0.178903 -0.028932 0.421000 32 52 49
-0.177814 -0.028932 0.421000 33 48 45
-0.176726 -0.028932 0.421000 35 50 47
-0.175637 -0.028932 0.421000 35 50 47
-0.174549 -0.028932 0.421000 35 50 47
-0.140710 -0.029138 0.424000 38 51 46
-0.139614 -0.029138 0.424000 40 53 50
-0.138517 -0.029138 0.424000 39 52 49
-0.137421 -0.029138 0.424000 38 53 50
-0.136325 -0.029138 0.424000 40 55 52
-0.135547 -0.029207 0.425000 38 53 50
-0.134132 -0.029138 0.424000 37 52 49
-0.133036 -0.029138 0.424000 35 50 49
-0.132250 -0.029207 0.425000 36 51 50
-0.131152 -0.029207 0.425000 36 54 52
-0.130053 -0.029207 0.425000 36 54 52
-0.128954 -0.029207 0.425000 35 53 51
-0.121815 -0.030444 0.443000 37 50 47
-0.120942 -0.030513 0.444000 37 48 44
-0.119524 -0.030444 0.443000 38 49 45
-0.118379 -0.030444 0.443000 39 50 46
-0.115826 -0.030375 0.442000 38 51 46
-0.114424 -0.030307 0.441000 39 52 47
-0.113283 -0.030307 0.441000 40 51 49
-0.112143 -0.030307 0.441000 37 48 46
-0.111003 -0.030307 0.441000 40 48 49
-0.109862 -0.030307 0.441000 47 55 56
-0.108722 -0.030307 0.441000 69 75 75
-0.045312 -0.031406 0.457000 96 103 95
-0.044131 -0.031406 0.457000 79 94 76
-0.043043 -0.031475 0.458000 82 97 79
-0.041950 -0.031544 0.459000 71 98 67
-0.040852 -0.031612 0.460000 76 103 72
-0.039663 -0.031612 0.460000 74 103 71
-0.038473 -0.031612 0.460000 70 99 67
-0.037284 -0.031612 0.460000 83 106 83
-0.036016 -0.031544 0.459000 111 134 111
-0.034677 -0.031406 0.457000 104 120 109
-0.033496 -0.031406 0.457000 37 53 42
-0.032243 -0.031337 0.456000 44 59 58
-0.031064 -0.031337 0.456000 28 43 42
-0.029820 -0.031269 0.455000 30 45 42
-0.028643 -0.031269 0.455000 30 45 42
-0.027406 -0.031200 0.454000 26 44 42
-0.026175 -0.031131 0.453000 31 49 47
-0.024893 -0.030994 0.451000 80 93 92
-0.023674 -0.030925 0.450000 38 51 50
-0.022511 -0.030925 0.450000 44 59 58
-0.021347 -0.030925 0.450000 40 55 54
-0.020184 -0.030925 0.450000 37 51 53
0.107829 -0.031269 0.455000 125 134 127
0.108526 -0.031131 0.453000 123 136 135
0.108971 -0.030925 0.450000 102 115 114
0.110135 -0.030925 0.450000 56 70 72
0.111051 -0.030856 0.449000 33 47 49
0.111962 -0.030788 0.448000 35 50 49
0.113120 -0.030788 0.448000 40 55 54
0.114279 -0.030788 0.448000 39 57 53
0.115695 -0.030856 0.449000 52 70 66
0.116856 -0.030856 0.449000 47 67 62
0.118017 -0.030856 0.449000 37 57 52
0.119178 -0.030856 0.449000 27 48 35
0.120339 -0.030856 0.449000 27 48 35
0.121500 -0.030856 0.449000 38 61 36
0.122661 -0.030856 0.449000 53 76 51
0.124097 -0.030925 0.450000 65 92 61
0.125261 -0.030925 0.450000 57 84 53
0.126424 -0.030925 0.450000 53 84 54
0.127588 -0.030925 0.450000 75 106 76
0.128751 -0.030925 0.450000 93 123 96
0.136019 -0.029963 0.436000 147 160 155
0.136832 -0.029894 0.435000 151 164 159
0.137957 -0.029894 0.435000 151 164 163
0.139082 -0.029894 0.435000 58 71 70
0.140207 -0.029894 0.435000 57 71 73
0.141331 -0.029894 0.435000 58 72 74
-0.191784 -0.027974 0.423000 38 49 49
-0.190690 -0.027974 0.423000 36 47 47
-0.189596 -0.027974 0.423000 37 48 48
-0.188503 -0.027974 0.423000 36 47 47
-0.186966 -0.027908 0.422000 35 48 43
-0.185875 -0.027908 0.422000 35 48 43
-0.184784 -0.027908 0.422000 31 47 38
-0.183257 -0.027842 0.421000 35 51 42
-0.182601 -0.027908 0.422000 35 50 47
-0.181080 -0.027842 0.421000 33 48 45
-0.179991 -0.027842 0.421000 34 49 48
-0.178903 -0.027842 0.421000 35 50 49
-0.177814 -0.027842 0.421000 34 49 46
-0.176726 -0.027842 0.421000 35 50 47
-0.175637 -0.027842 0.421000 34 49 46
-0.174549 -0.027842 0.421000 36 51 48
-0.173460 -0.027842 0.421000 33 48 45
-0.142903 -0.028040 0.424000 37 50 45
-0.141806 -0.028040 0.424000 39 52 47
-0.140710 -0.028040 0.424000 36 49 44
-0.139614 -0.028040 0.424000 37 50 45
-0.138517 -0.028040 0.424000 37 50 45
-0.137421 -0.028040 0.424000 37 52 47
-0.136325 -0.028040 0.424000 36 51 46
-0.135228 -0.028040 0.424000 36 51 46
-0.134448 -0.028107 0.425000 37 52 47
-0.133349 -0.028107 0.425000 36 51 48
-0.132250 -0.028107 0.425000 36 51 48
-0.131152 -0.028107 0.425000 38 53 52
-0.130053 -0.028107 0.425000 38 53 52
-0.128954 -0.028107 0.425000 37 52 51
-0.119794 -0.029363 0.444000 38 49 45
-0.114054 -0.029363 0.444000 57 68 64
-0.044131 -0.030223 0.457000 76 96 77
-0.043043 -0.030289 0.458000 77 97 78
-0.041950 -0.030355 0.459000 73 100 67
-0.040763 -0.030355 0.459000 75 102 69
-0.039663 -0.030421 0.460000 73 100 67
-0.038473 -0.030421 0.460000 68 95 62
-0.036016 -0.030355 0.459000 114 135 113
-0.034677 -0.030223 0.457000 71 85 74
-0.033496 -0.030223 0.457000 49 63 52
-0.032243 -0.030157 0.456000 36 51 48
-0.031064 -0.030157 0.456000 28 43 40
-0.029820 -0.030091 0.455000 31 46 43
-0.028643 -0.030091 0.455000 30 45 42
-0.027406 -0.030024 0.454000 24 37 34
-0.026175 -0.029958 0.453000 49 62 59
-0.024948 -0.029892 0.452000 113 126 123
-0.023727 -0.029826 0.451000 76 89 86
-0.022561 -0.029826 0.451000 35 50 49
-0.021347 -0.029760 0.450000 44 59 58
-0.020184 -0.029760 0.450000 38 53 52
0.106418 -0.030024 0.454000 128 136 135
0.106881 -0.029826 0.451000 120 128 127
0.108971 -0.029760 0.450000 38 52 56
0.109890 -0.029694 0.449000 33 47 49
0.110803 -0.029628 0.448000 37 51 53
0.111962 -0.029628 0.448000 43 58 57
0.113120 -0.029628 0.448000 59 74 73
0.114279 -0.029628 0.448000 52 70 66
0.115695 -0.029694 0.449000 41 59 55
0.116856 -0.029694 0.449000 28 48 41
0.118017 -0.029694 0.449000 30 50 43
0.119443 -0.029760 0.450000 44 66 46
0.120339 -0.029694 0.449000 75 97 77
0.121770 -0.029760 0.450000 64 91 58
0.122934 -0.029760 0.450000 54 81 48
0.124097 -0.029760 0.450000 61 91 54
0.125261 -0.029760 0.450000 59 89 52
0.126424 -0.029760 0.450000 48 79 45
0.127588 -0.029760 0.450000 66 97 63
0.128465 -0.029694 0.449000 87 118 86
0.129626 -0.029694 0.449000 94 125 93
0.136518 -0.028702 0.434000 157 170 165
0.137640 -0.028702 0.434000 116 129 128
0.138762 -0.028702 0.434000 46 59 58
0.139884 -0.028702 0.434000 55 72 75
0.141006 -0.028702 0.434000 54 71 74
-0.190045 -0.026943 0.424000 53 66 63
-0.188948 -0.026943 0.424000 39 52 49
-0.187852 -0.026943 0.424000 33 46 41
-0.186315 -0.026879 0.423000 35 48 43
-0.185221 -0.026879 0.423000 34 49 44
-0.183692 -0.026816 0.422000 31 46 41
-0.182601 -0.026816 0.422000 34 49 48
-0.181510 -0.026816 0.422000 33 48 47
-0.180419 -0.026816 0.422000 36 49 46
-0.178903 -0.026752 0.421000 36 49 46
-0.178237 -0.026816 0.422000 37 50 47
-0.176726 -0.026752 0.421000 37 50 47
-0.175637 -0.026752 0.421000 37 50 47
-0.174549 -0.026752 0.421000 37 50 47
-0.173460 -0.026752 0.421000 34 49 48
-0.142903 -0.026943 0.424000 37 50 47
-0.141806 -0.026943 0.424000 38 51 46
-0.140710 -0.026943 0.424000 37 50 45
-0.139614 -0.026943 0.424000 37 50 45
-0.138517 -0.026943 0.424000 36 49 44
-0.137421 -0.026943 0.424000 36 49 44
-0.136325 -0.026943 0.424000 37 50 45
-0.135228 -0.026943 0.424000 37 50 47
-0.134448 -0.027006 0.425000 37 50 47
-0.133349 -0.027006 0.425000 37 50 47
-0.132250 -0.027006 0.425000 38 51 48
-0.131152 -0.027006 0.425000 38 51 48
-0.130053 -0.027006 0.425000 38 51 48
-0.128954 -0.027006 0.425000 40 53 52
-0.127855 -0.027006 0.425000 39 52 51
-0.123516 -0.028277 0.445000 39 50 48
-0.122365 -0.028277 0.445000 38 49 47
-0.121487 -0.028341 0.446000 37 50 47
-0.120064 -0.028277 0.445000 40 53 50
-0.118913 -0.028277 0.445000 54 67 62
-0.117763 -0.028277 0.445000 73 86 81
-0.044131 -0.029040 0.457000 76 99 76
-0.042949 -0.029040 0.457000 76 99 76
-0.041859 -0.029103 0.458000 75 105 66
-0.040763 -0.029167 0.459000 75 105 66
-0.039577 -0.029167 0.459000 74 102 66
-0.038473 -0.029230 0.460000 68 96 60
-0.034677 -0.029040 0.457000 49 65 54
-0.033423 -0.028976 0.456000 40 56 45
-0.032243 -0.028976 0.456000 36 49 46
-0.031064 -0.028976 0.456000 32 45 42
-0.029820 -0.028912 0.455000 32 45 42
-0.028643 -0.028912 0.455000 32 45 42
-0.027467 -0.028912 0.455000 25 38 35
-0.026233 -0.028849 0.454000 72 85 82
-0.025003 -0.028785 0.453000 118 129 125
-0.022561 -0.028658 0.451000 56 69 66
-0.021395 -0.028658 0.451000 42 55 52
-0.020184 -0.028595 0.450000 44 59 58
0.104549 -0.028658 0.451000 125 133 130
0.107568 -0.028531 0.449000 34 48 50
0.108729 -0.028531 0.449000 35 49 51
0.109645 -0.028468 0.448000 41 56 55
0.110803 -0.028468 0.448000 50 65 64
0.111962 -0.028468 0.448000 61 76 75
0.113373 -0.028531 0.449000 49 64 63
0.114534 -0.028531 0.449000 41 56 55
0.115952 -0.028595 0.450000 28 43 42
0.117116 -0.028595 0.450000 31 50 38
0.118279 -0.028595 0.450000 50 69 57
0.119443 -0.028595 0.450000 76 102 76
0.120607 -0.028595 0.450000 76 102 76
0.121770 -0.028595 0.450000 64 93 59
0.122934 -0.028595 0.450000 52 81 47
0.124097 -0.028595 0.450000 59 89 52
0.125261 -0.028595 0.450000 58 88 51
0.126424 -0.028595 0.450000 53 85 48
0.127304 -0.028531 0.449000 55 87 50
0.128465 -0.028531 0.449000 76 107 73
0.129338 -0.028468 0.448000 92 123 89
0.135395 -0.027578 0.434000 150 161 157
0.136518 -0.027578 0.434000 157 168 164
0.137640 -0.027578 0.434000 78 90 92
0.138442 -0.027514 0.433000 49 61 63
0.139884 -0.027578 0.434000 50 67 72
0.141006 -0.027578 0.434000 54 71 76
0.142129 -0.027578 0.434000 59 76 79
0.143251 -0.027578 0.434000 42 59 62
-0.187196 -0.025906 0.425000 57 68 64
-0.185659 -0.025845 0.424000 37 52 47
-0.184563 -0.025845 0.424000 33 48 43
-0.183034 -0.025784 0.423000 34 49 46
-0.181940 -0.025784 0.423000 34 49 46
-0.180419 -0.025723 0.422000 37 50 49
-0.179328 -0.025723 0.422000 38 51 50
-0.178237 -0.025723 0.422000 38 51 50
-0.176726 -0.025662 0.421000 37 50 49
-0.175637 -0.025662 0.421000 36 49 48
-0.174549 -0.025662 0.421000 33 46 45
-0.173460 -0.025662 0.421000 34 48 50
-0.142903 -0.025845 0.424000 36 49 44
-0.141806 -0.025845 0.424000 37 50 45
-0.140710 -0.025845 0.424000 38 51 46
-0.139614 -0.025845 0.424000 39 52 47
-0.138517 -0.025845 0.424000 37 50 45
-0.137421 -0.025845 0.424000 38 51 46
-0.136325 -0.025845 0.424000 38 51 46
-0.135547 -0.025906 0.425000 37 50 45
-0.134448 -0.025906 0.425000 37 50 45
-0.133349 -0.025906 0.425000 37 50 45
-0.132250 -0.025906 0.425000 39 52 47
-0.131152 -0.025906 0.425000 38 51 46
-0.130053 -0.025906 0.425000 39 52 47
-0.129561 -0.026028 0.427000 42 55 54
-0.128156 -0.025967 0.426000 42 55 54
-0.123793 -0.027186 0.446000 56 64 63
-0.045213 -0.027795 0.456000 75 88 75
-0.042949 -0.027856 0.457000 76 100 72
-0.040675 -0.027917 0.458000 74 105 61
-0.039577 -0.027978 0.459000 75 103 65
-0.038390 -0.027978 0.459000 78 106 68
-0.037203 -0.027978 0.459000 116 137 113
-0.035938 -0.027917 0.458000 98 119 95
-0.034677 -0.027856 0.457000 41 57 48
-0.033423 -0.027795 0.456000 45 61 52
-0.032243 -0.027795 0.456000 31 44 41
-0.031064 -0.027795 0.456000 35 48 45
-0.029885 -0.027795 0.456000 33 46 43
-0.028643 -0.027734 0.455000 30 43 40
-0.027467 -0.027734 0.455000 31 44 39
-0.026233 -0.027673 0.454000 94 107 102
-0.025059 -0.027673 0.454000 118 127 120
-0.021442 -0.027551 0.452000 46 58 50
0.102896 -0.027673 0.454000 128 136 133
0.107328 -0.027308 0.448000 41 55 57
0.108487 -0.027308 0.448000 49 63 65
0.109645 -0.027308 0.448000 57 72 71
0.111051 -0.027369 0.449000 52 67 66
0.112212 -0.027369 0.449000 36 53 54
0.113373 -0.027369 0.449000 29 46 47
0.114789 -0.027430 0.450000 33 48 45
0.117116 -0.027430 0.450000 88 108 91
0.118279 -0.027430 0.450000 81 101 84
0.119443 -0.027430 0.450000 74 100 74
0.120607 -0.027430 0.450000 74 100 74
0.121770 -0.027430 0.450000 72 101 69
0.122934 -0.027430 0.450000 59 88 56
0.124097 -0.027430 0.450000 57 87 50
0.125261 -0.027430 0.450000 60 90 53
0.126143 -0.027369 0.449000 53 83 44
0.127304 -0.027369 0.449000 56 86 47
0.128179 -0.027308 0.448000 76 108 71
0.129049 -0.027247 0.447000 91 123 86
0.135084 -0.026393 0.433000 156 164 161
0.136203 -0.026393 0.433000 138 146 143
0.137323 -0.026393 0.433000 50 62 66
0.138442 -0.026393 0.433000 53 65 69
0.139562 -0.026393 0.433000 46 63 68
0.140682 -0.026393 0.433000 55 72 77
0.141801 -0.026393 0.433000 54 71 76
0.142921 -0.026393 0.433000 45 62 67
-0.182370 -0.024747 0.424000 46 57 53
-0.180846 -0.024689 0.423000 41 52 50
-0.179328 -0.024630 0.422000 37 48 46
-0.178237 -0.024630 0.422000 35 48 47
-0.177145 -0.024630 0.422000 35 48 47
-0.175637 -0.024572 0.421000 38 50 52
-0.174549 -0.024572 0.421000 38 50 52
-0.142903 -0.024747 0.424000 37 50 45
-0.141806 -0.024747 0.424000 38 51 48
-0.140710 -0.024747 0.424000 39 52 49
-0.139614 -0.024747 0.424000 42 55 54
-0.138517 -0.024747 0.424000 38 51 50
-0.137421 -0.024747 0.424000 39 52 51
-0.136325 -0.024747 0.424000 39 52 51
-0.135228 -0.024747 0.424000 37 52 49
-0.134448 -0.024805 0.425000 38 53 50
-0.133349 -0.024805 0.425000 44 55 51
-0.132250 -0.024805 0.425000 41 52 48
-0.131152 -0.024805 0.425000 43 51 48
-0.130053 -0.024805 0.425000 45 53 50
-0.129864 -0.024980 0.428000 41 51 54
-0.128456 -0.024922 0.427000 43 53 56
-0.045213 -0.026615 0.456000 78 93 79
-0.044034 -0.026615 0.456000 77 101 71
-0.042949 -0.026673 0.457000 77 101 71
-0.040675 -0.026731 0.458000 73 106 60
-0.039490 -0.026731 0.458000 74 103 60
-0.038390 -0.026790 0.459000 96 125 82
-0.037122 -0.026731 0.458000 120 142 115
-0.035859 -0.026673 0.457000 78 100 73
-0.034602 -0.026615 0.456000 39 53 44
-0.033423 -0.026615 0.456000 43 57 48
-0.032243 -0.026615 0.456000 33 48 45
-0.031064 -0.026615 0.456000 33 48 45
-0.029885 -0.026615 0.456000 33 46 45
-0.028643 -0.026556 0.455000 25 38 37
-0.027467 -0.026556 0.455000 53 64 62
-0.026290 -0.026556 0.455000 115 126 124
-0.025059 -0.026498 0.454000 112 121 114
-0.023885 -0.026498 0.454000 114 123 116
-0.022711 -0.026498 0.454000 130 142 134
0.102924 -0.026206 0.449000 45 57 63
0.103853 -0.026148 0.448000 38 50 56
0.105012 -0.026148 0.448000 33 47 49
0.105933 -0.026089 0.447000 42 56 58
0.107089 -0.026089 0.447000 56 71 70
0.108487 -0.026148 0.448000 62 77 76
0.109890 -0.026206 0.449000 45 60 59
0.111051 -0.026206 0.449000 35 50 49
0.112462 -0.026264 0.450000 26 41 40
0.113625 -0.026264 0.450000 48 63 62
0.114789 -0.026264 0.450000 88 102 93
0.115952 -0.026264 0.450000 116 130 121
0.117116 -0.026264 0.450000 104 121 105
0.118542 -0.026323 0.451000 86 103 87
0.119443 -0.026264 0.450000 76 102 78
0.120607 -0.026264 0.450000 75 101 77
0.121770 -0.026264 0.450000 73 102 70
0.122934 -0.026264 0.450000 65 94 62
0.124097 -0.026264 0.450000 60 89 55
0.124982 -0.026206 0.449000 60 89 55
0.126143 -0.026206 0.449000 57 85 49
0.127021 -0.026148 0.448000 60 88 52
0.128179 -0.026148 0.448000 73 102 70
0.128760 -0.026031 0.446000 86 115 83
0.129913 -0.026031 0.446000 98 119 97
0.134273 -0.025331 0.434000 146 158 148
0.134772 -0.025214 0.432000 161 169 168
0.135889 -0.025214 0.432000 99 107 106
0.137006 -0.025214 0.432000 47 59 65
0.138123 -0.025214 0.432000 54 66 72
0.139240 -0.025214 0.432000 44 62 69
0.140357 -0.025214 0.432000 56 74 81
0.141474 -0.025214 0.432000 49 65 73
0.142591 -0.025214 0.432000 67 83 91
-0.177145 -0.023538 0.422000 62 70 71
-0.176054 -0.023538 0.422000 51 57 59
-0.174549 -0.023482 0.421000 42 48 50
-0.141806 -0.023649 0.424000 41 49 48
-0.140710 -0.023649 0.424000 41 49 48
-0.139614 -0.023649 0.424000 41 52 50
-0.138517 -0.023649 0.424000 41 52 50
-0.137421 -0.023649 0.424000 40 53 52
-0.137289 -0.023816 0.427000 39 52 51
-0.135866 -0.023761 0.426000 35 50 49
-0.135397 -0.023872 0.428000 37 52 51
-0.134604 -0.023928 0.429000 38 49 45
-0.133495 -0.023928 0.429000 39 50 46
-0.132694 -0.023984 0.430000 49 52 51
-0.046291 -0.025378 0.455000 79 94 80
-0.045114 -0.025378 0.455000 79 94 80
-0.044034 -0.025434 0.456000 77 101 69
-0.042855 -0.025434 0.456000 77 101 69
-0.041767 -0.025490 0.457000 76 109 63
-0.040586 -0.025490 0.457000 79 112 66
-0.038222 -0.025490 0.457000 100 129 88
-0.037041 -0.025490 0.457000 122 140 119
-0.035859 -0.025490 0.457000 49 67 46
-0.034602 -0.025434 0.456000 45 58 55
-0.033423 -0.025434 0.456000 35 48 45
-0.032243 -0.025434 0.456000 31 46 45
-0.031064 -0.025434 0.456000 31 46 45
-0.029885 -0.025434 0.456000 31 46 45
-0.028643 -0.025378 0.455000 23 38 37
-0.027467 -0.025378 0.455000 86 97 95
-0.026290 -0.025378 0.455000 116 127 125
-0.025114 -0.025378 0.455000 111 120 113
-0.023937 -0.025378 0.455000 113 122 115
0.099156 -0.025267 0.453000 132 140 141
0.101536 -0.024988 0.448000 40 50 53
0.102466 -0.024932 0.447000 43 55 59
0.103390 -0.024876 0.446000 45 57 61
0.104543 -0.024876 0.446000 51 66 65
0.105933 -0.024932 0.447000 57 72 71
0.107089 -0.024932 0.447000 49 64 63
0.108487 -0.024988 0.448000 34 49 48
0.109890 -0.025043 0.449000 29 44 43
0.111298 -0.025099 0.450000 34 49 48
0.112462 -0.025099 0.450000 84 95 91
0.113625 -0.025099 0.450000 126 137 133
0.115044 -0.025155 0.451000 130 142 134
0.116210 -0.025155 0.451000 114 126 118
0.117376 -0.025155 0.451000 107 122 108
0.120875 -0.025155 0.451000 81 102 80
0.121770 -0.025099 0.450000 73 102 72
0.122934 -0.025099 0.450000 71 100 70
0.124097 -0.025099 0.450000 61 90 58
0.124982 -0.025043 0.449000 60 89 57
0.126143 -0.025043 0.449000 58 87 55
0.127021 -0.024988 0.448000 59 88 56
0.127893 -0.024932 0.447000 67 94 63
0.128760 -0.024876 0.446000 74 101 70
0.129622 -0.024820 0.445000 80 98 75
0.133151 -0.024207 0.434000 148 157 148
0.133964 -0.024151 0.433000 156 165 156
0.134772 -0.024095 0.432000 137 148 146
0.135574 -0.024040 0.431000 53 64 62
0.136688 -0.024040 0.431000 49 65 73
0.137803 -0.024040 0.431000 50 66 74
0.138917 -0.024040 0.431000 55 73 80
0.140032 -0.024040 0.431000 54 72 79
0.141474 -0.024095 0.432000 41 58 63
-0.177595 -0.023668 0.445000 46 56 59
-0.176841 -0.023721 0.446000 43 51 52
-0.175688 -0.023721 0.446000 41 49 50
-0.174535 -0.023721 0.446000 44 47 48
-0.173382 -0.023721 0.446000 43 46 47
-0.147516 -0.023828 0.448000 51 54 53
-0.146358 -0.023828 0.448000 52 55 54
-0.144875 -0.023775 0.447000 54 62 59
-0.143720 -0.023775 0.447000 57 65 62
-0.142564 -0.023775 0.447000 60 73 68
-0.046189 -0.024147 0.454000 82 97 83
-0.045114 -0.024200 0.455000 83 98 84
-0.044034 -0.024253 0.456000 76 103 72
-0.042855 -0.024253 0.456000 76 103 72
-0.041676 -0.024253 0.456000 71 107 64
-0.040586 -0.024306 0.457000 75 111 68
-0.039404 -0.024306 0.457000 80 110 73
-0.038222 -0.024306 0.457000 108 138 101
-0.037041 -0.024306 0.457000 115 132 116
-0.035781 -0.024253 0.456000 38 55 39
-0.034602 -0.024253 0.456000 46 59 58
-0.033423 -0.024253 0.456000 31 44 43
-0.032243 -0.024253 0.456000 33 45 47
-0.031064 -0.024253 0.456000 33 45 47
-0.029885 -0.024253 0.456000 28 40 42
-0.028706 -0.024253 0.456000 33 45 47
-0.027467 -0.024200 0.455000 111 119 116
-0.026290 -0.024200 0.455000 117 125 122
-0.010875 -0.023934 0.450000 69 81 83
-0.009712 -0.023934 0.450000 141 153 155
0.097240 -0.024200 0.455000 139 145 143
0.099220 -0.023828 0.448000 45 53 54
0.099930 -0.023721 0.446000 40 50 53
0.100856 -0.023668 0.445000 40 50 53
0.102007 -0.023668 0.445000 51 64 63
0.103158 -0.023668 0.445000 59 72 71
0.104543 -0.023721 0.446000 55 70 69
0.105696 -0.023721 0.446000 44 59 58
0.107328 -0.023828 0.448000 38 53 52
0.108729 -0.023881 0.449000 31 46 45
0.110135 -0.023934 0.450000 57 68 64
0.111298 -0.023934 0.450000 107 118 114
0.112712 -0.023987 0.451000 135 146 142
0.114130 -0.024040 0.452000 130 141 137
0.115299 -0.024040 0.452000 126 135 128
0.122041 -0.023987 0.451000 74 100 74
0.122934 -0.023934 0.450000 73 99 73
0.124097 -0.023934 0.450000 66 94 67
0.124982 -0.023881 0.449000 61 89 62
0.126143 -0.023881 0.449000 60 89 59
0.126737 -0.023775 0.447000 60 89 59
0.127607 -0.023721 0.446000 71 95 67
0.128472 -0.023668 0.445000 75 99 71
0.129331 -0.023615 0.444000 74 95 73
0.132844 -0.023030 0.433000 149 158 151
0.133655 -0.022977 0.432000 159 168 161
0.134460 -0.022924 0.431000 104 114 119
0.135574 -0.022924 0.431000 47 57 62
0.136371 -0.022870 0.430000 51 69 76
0.137483 -0.022870 0.430000 52 70 77
0.138595 -0.022870 0.430000 54 75 81
0.139707 -0.022870 0.430000 44 65 71
0.141146 -0.022924 0.431000 57 74 79
-0.169922 -0.022567 0.446000 69 77 76
-0.168769 -0.022567 0.446000 55 63 62
-0.167991 -0.022617 0.447000 58 69 69
-0.166836 -0.022617 0.447000 55 66 66
-0.165680 -0.022617 0.447000 47 64 65
-0.164156 -0.022567 0.446000 43 60 61
-0.163003 -0.022567 0.446000 38 62 62
-0.161849 -0.022567 0.446000 38 62 62
-0.160696 -0.022567 0.446000 39 61 62
-0.159543 -0.022567 0.446000 43 65 66
-0.158390 -0.022567 0.446000 47 66 68
-0.157237 -0.022567 0.446000 49 68 70
-0.156083 -0.022567 0.446000 57 74 75
-0.046087 -0.022921 0.453000 80 95 81
-0.045015 -0.022971 0.454000 86 101 87
-0.043938 -0.023022 0.455000 75 104 74
-0.042761 -0.023022 0.455000 79 108 78
-0.041676 -0.023073 0.456000 77 112 74
-0.040497 -0.023073 0.456000 75 110 72
-0.039318 -0.023073 0.456000 88 115 84
-0.038139 -0.023073 0.456000 113 140 109
-0.036960 -0.023073 0.456000 83 100 86
-0.035781 -0.023073 0.456000 40 57 43
-0.034602 -0.023073 0.456000 44 56 58
-0.033423 -0.023073 0.456000 31 43 45
-0.032243 -0.023073 0.456000 32 44 48
-0.031064 -0.023073 0.456000 33 45 49
-0.029820 -0.023022 0.455000 28 40 44
-0.028643 -0.023022 0.455000 45 57 61
-0.027467 -0.023022 0.455000 120 128 125
-0.010851 -0.022718 0.449000 38 50 54
-0.009690 -0.022718 0.449000 79 91 95
-0.008548 -0.022769 0.450000 146 159 158
0.095096 -0.023073 0.456000 138 142 137
0.096275 -0.023073 0.456000 133 137 132
0.098777 -0.022567 0.446000 45 56 56
0.099706 -0.022516 0.445000 48 59 57
0.100856 -0.022516 0.445000 59 70 68
0.102007 -0.022516 0.445000 61 74 73
0.103158 -0.022516 0.445000 54 67 66
0.104543 -0.022567 0.446000 42 55 54
0.105933 -0.022617 0.447000 37 50 49
0.107568 -0.022718 0.449000 43 54 52
0.108971 -0.022769 0.450000 94 105 103
0.110135 -0.022769 0.450000 130 142 134
0.111545 -0.022820 0.451000 139 151 143
0.122041 -0.022820 0.451000 76 101 80
0.122934 -0.022769 0.450000 74 99 78
0.124097 -0.022769 0.450000 70 98 73
0.124982 -0.022718 0.449000 64 92 67
0.125862 -0.022668 0.448000 61 89 64
0.126737 -0.022617 0.447000 59 87 62
0.127607 -0.022567 0.446000 62 88 62
0.128183 -0.022465 0.444000 68 94 68
0.129040 -0.022415 0.443000 68 91 68
0.130185 -0.022415 0.443000 71 94 71
0.132844 -0.021909 0.433000 154 162 159
0.133345 -0.021808 0.431000 145 153 150
0.134148 -0.021757 0.430000 58 69 78
0.135259 -0.021757 0.430000 53 64 73
0.136371 -0.021757 0.430000 49 70 76
0.137483 -0.021757 0.430000 51 72 78
0.138595 -0.021757 0.430000 53 74 80
0.139707 -0.021757 0.430000 40 61 67
-0.046087 -0.021748 0.453000 80 95 79
-0.045015 -0.021796 0.454000 88 103 87
-0.043841 -0.021796 0.454000 76 107 77
-0.042761 -0.021844 0.455000 76 107 77
-0.041585 -0.021844 0.455000 70 104 71
-0.040497 -0.021892 0.456000 66 100 67
-0.039318 -0.021892 0.456000 93 121 94
-0.038139 -0.021892 0.456000 117 145 118
-0.036960 -0.021892 0.456000 57 76 64
-0.035781 -0.021892 0.456000 39 58 46
-0.034526 -0.021844 0.455000 40 52 56
-0.033349 -0.021844 0.455000 35 47 51
-0.032173 -0.021844 0.455000 35 47 51
-0.030996 -0.021844 0.455000 35 47 51
-0.029820 -0.021844 0.455000 30 42 46
-0.028643 -0.021844 0.455000 71 83 87
-0.027467 -0.021844 0.455000 127 133 131
-0.010803 -0.021460 0.447000 44 58 64
-0.009647 -0.021460 0.447000 38 52 58
-0.008510 -0.021508 0.448000 80 94 98
-0.007368 -0.021556 0.449000 144 158 162
0.092941 -0.021940 0.457000 141 144 143
0.094123 -0.021940 0.457000 143 146 145
0.096903 -0.021508 0.448000 42 50 51
0.097623 -0.021412 0.446000 44 55 53
0.098555 -0.021364 0.445000 52 63 61
0.099706 -0.021364 0.445000 59 70 68
0.100856 -0.021364 0.445000 57 68 66
0.102007 -0.021364 0.445000 43 56 55
0.103158 -0.021364 0.445000 36 49 48
0.104777 -0.021460 0.447000 38 51 50
0.106407 -0.021556 0.449000 71 84 83
0.107807 -0.021604 0.450000 121 128 122
0.108971 -0.021604 0.450000 139 146 140
0.110379 -0.021652 0.451000 138 145 137
0.122934 -0.021604 0.450000 78 100 82
0.124097 -0.021604 0.450000 72 99 77
0.124982 -0.021556 0.449000 63 90 68
0.125862 -0.021508 0.448000 58 88 63
0.126737 -0.021460 0.447000 57 87 62
0.127607 -0.021412 0.446000 60 88 61
0.128183 -0.021316 0.444000 63 91 64
0.129040 -0.021268 0.443000 60 86 62
0.129891 -0.021220 0.442000 59 85 61
0.132538 -0.020740 0.432000 150 161 161
0.133345 -0.020692 0.431000 94 105 105
0.134148 -0.020644 0.430000 47 63 73
0.135259 -0.020644 0.430000 49 65 75
0.136054 -0.020596 0.429000 47 68 76
0.137163 -0.020596 0.429000 53 74 82
0.138273 -0.020596 0.429000 51 69 76
-0.045985 -0.020530 0.452000 83 100 82
-0.044916 -0.020575 0.453000 85 102 84
-0.043841 -0.020620 0.454000 77 108 76
-0.042761 -0.020666 0.455000 76 107 75
-0.041585 -0.020666 0.455000 70 106 70
-0.040408 -0.020666 0.455000 66 102 66
-0.039232 -0.020666 0.455000 97 127 100
-0.038055 -0.020666 0.455000 113 143 116
-0.036879 -0.020666 0.455000 40 61 50
-0.035702 -0.020666 0.455000 48 69 58
-0.034526 -0.020666 0.455000 33 47 49
-0.033349 -0.020666 0.455000 33 47 49
-0.032173 -0.020666 0.455000 33 47 49
-0.030996 -0.020666 0.455000 33 47 49
-0.029820 -0.020666 0.455000 29 41 43
-0.028643 -0.020666 0.455000 102 114 116
-0.027467 -0.020666 0.455000 126 134 131
-0.010754 -0.020212 0.445000 42 56 60
-0.009604 -0.020212 0.445000 45 59 63
-0.008472 -0.020257 0.446000 37 51 55
-0.007319 -0.020257 0.446000 74 88 92
-0.006193 -0.020348 0.448000 143 156 155
0.091760 -0.020757 0.457000 145 145 145
0.092941 -0.020757 0.457000 121 128 132
0.097623 -0.020257 0.446000 65 78 75
0.098555 -0.020212 0.445000 56 69 66
0.099706 -0.020212 0.445000 50 63 62
0.100856 -0.020212 0.445000 39 52 51
0.102236 -0.020257 0.446000 38 51 50
0.103621 -0.020302 0.447000 57 70 69
0.105012 -0.020348 0.448000 114 122 119
0.106644 -0.020439 0.450000 141 149 146
0.107807 -0.020439 0.450000 139 146 140
0.122934 -0.020439 0.450000 81 101 84
0.124097 -0.020439 0.450000 72 99 77
0.124982 -0.020393 0.449000 68 95 73
0.125862 -0.020348 0.448000 58 88 63
0.126454 -0.020257 0.446000 57 87 62
0.127321 -0.020212 0.445000 59 89 62
0.128183 -0.020166 0.444000 61 91 64
0.129040 -0.020121 0.443000 56 83 61
0.129597 -0.020030 0.441000 56 83 61
0.131725 -0.019667 0.433000 151 165 154
0.132231 -0.019576 0.431000 127 139 141
0.133036 -0.019530 0.430000 57 69 71
0.133836 -0.019485 0.429000 45 61 71
0.134945 -0.019485 0.429000 46 62 72
0.136054 -0.019485 0.429000 51 72 80
0.137163 -0.019485 0.429000 54 75 83
0.138273 -0.019485 0.429000 48 65 70
-0.046945 -0.019274 0.450000 93 100 92
-0.045884 -0.019316 0.451000 84 102 81
-0.044817 -0.019359 0.452000 86 104 83
-0.040408 -0.019488 0.455000 73 107 72
-0.039232 -0.019488 0.455000 100 130 103
-0.038055 -0.019488 0.455000 104 134 107
-0.036879 -0.019488 0.455000 34 55 44
-0.035702 -0.019488 0.455000 45 66 55
-0.034526 -0.019488 0.455000 30 45 44
-0.033349 -0.019488 0.455000 33 48 47
-0.032173 -0.019488 0.455000 33 48 47
-0.030996 -0.019488 0.455000 30 45 44
-0.029820 -0.019488 0.455000 37 48 48
-0.028643 -0.019488 0.455000 122 133 133
-0.010730 -0.019017 0.444000 46 58 60
-0.009582 -0.019017 0.444000 45 57 59
-0.008453 -0.019059 0.445000 45 59 61
-0.007302 -0.019059 0.445000 38 52 54
-0.006152 -0.019059 0.445000 76 90 92
-0.005012 -0.019102 0.446000 141 155 157
0.086843 -0.019530 0.456000 139 145 145
0.088022 -0.019530 0.456000 144 144 146
0.089201 -0.019530 0.456000 147 147 149
0.090380 -0.019530 0.456000 136 139 142
0.091559 -0.019530 0.456000 101 104 107
0.092738 -0.019530 0.456000 55 65 70
0.094123 -0.019573 0.457000 44 54 59
0.097842 -0.019145 0.447000 50 65 64
0.098777 -0.019102 0.446000 41 56 55
0.100154 -0.019145 0.447000 41 52 50
0.101310 -0.019145 0.447000 51 62 60
0.102695 -0.019188 0.448000 95 103 102
0.104085 -0.019231 0.449000 135 143 142
0.105480 -0.019274 0.450000 145 151 149
0.122934 -0.019274 0.450000 87 104 90
0.124097 -0.019274 0.450000 75 100 79
0.124982 -0.019231 0.449000 71 96 75
0.125862 -0.019188 0.448000 59 89 62
0.126454 -0.019102 0.446000 59 89 62
0.127321 -0.019059 0.445000 63 94 64
0.128183 -0.019017 0.444000 61 92 62
0.128748 -0.018931 0.442000 57 87 60
0.129303 -0.018845 0.440000 51 81 54
0.130145 -0.018802 0.439000 96 118 102
0.129785 -0.018588 0.434000 147 169 153
0.130605 -0.018545 0.433000 145 159 148
0.131116 -0.018460 0.431000 143 157 146
0.131924 -0.018417 0.430000 71 83 87
0.132726 -0.018374 0.429000 51 63 67
0.133836 -0.018374 0.429000 47 63 71
0.134945 -0.018374 0.429000 49 65 73
0.136054 -0.018374 0.429000 53 74 82
0.137163 -0.018374 0.429000 50 71 79
0.138273 -0.018374 0.429000 56 70 74
-0.046945 -0.018108 0.450000 85 94 87
-0.045782 -0.018108 0.450000 83 104 82
-0.040319 -0.018269 0.454000 80 115 75
-0.039232 -0.018310 0.455000 113 141 114
-0.037972 -0.018269 0.454000 84 112 85
-0.036798 -0.018269 0.454000 35 55 48
-0.035624 -0.018269 0.454000 34 54 47
-0.034450 -0.018269 0.454000 31 46 43
-0.033276 -0.018269 0.454000 31 46 43
-0.032102 -0.018269 0.454000 35 48 47
-0.030928 -0.018269 0.454000 29 42 41
-0.029754 -0.018269 0.454000 64 72 73
-0.028643 -0.018310 0.455000 132 140 141
-0.010706 -0.017827 0.443000 47 59 61
-0.009561 -0.017827 0.443000 45 57 59
-0.008415 -0.017827 0.443000 43 57 59
-0.007286 -0.017867 0.444000 43 57 59
-0.006138 -0.017867 0.444000 40 54 56
-0.005001 -0.017907 0.445000 72 86 88
-0.003851 -0.017907 0.445000 142 155 152
-0.002712 -0.017988 0.447000 149 162 159
0.083123 -0.018310 0.455000 142 148 146
0.084484 -0.018350 0.456000 139 145 143
0.085664 -0.018350 0.456000 138 144 142
0.086843 -0.018350 0.456000 143 149 147
0.088022 -0.018350 0.456000 143 146 147
0.089201 -0.018350 0.456000 122 125 126
0.090380 -0.018350 0.456000 71 76 81
0.091559 -0.018350 0.456000 48 53 58
0.092738 -0.018350 0.456000 44 54 59
0.099441 -0.018068 0.449000 44 57 56
0.100602 -0.018068 0.449000 75 81 79
0.101763 -0.018068 0.449000 126 132 130
0.124097 -0.018108 0.450000 80 102 84
0.124982 -0.018068 0.449000 74 96 78
0.125862 -0.018028 0.448000 65 96 66
0.126454 -0.017947 0.446000 62 93 63
0.127321 -0.017907 0.445000 63 94 62
0.128183 -0.017867 0.444000 64 95 63
0.128457 -0.017746 0.441000 59 90 60
0.129010 -0.017666 0.439000 53 84 54
0.128959 -0.017505 0.435000 76 101 80
0.129785 -0.017465 0.434000 143 168 147
0.130812 -0.017304 0.430000 94 110 101
0.131617 -0.017263 0.429000 51 63 65
0.132726 -0.017263 0.429000 51 63 65
0.133836 -0.017263 0.429000 47 64 69
0.134630 -0.017223 0.428000 54 71 76
0.137163 -0.017263 0.429000 47 65 72
-0.046945 -0.016943 0.450000 91 100 93
-0.040319 -0.017094 0.454000 78 113 73
-0.039145 -0.017094 0.454000 116 143 114
-0.037972 -0.017094 0.454000 54 81 52
-0.036798 -0.017094 0.454000 35 55 48
-0.035624 -0.017094 0.454000 40 60 53
-0.034450 -0.017094 0.454000 31 49 45
-0.033276 -0.017094 0.454000 32 50 46
-0.032102 -0.017094 0.454000 32 45 44
-0.030928 -0.017094 0.454000 29 42 41
-0.029754 -0.017094 0.454000 87 93 95
-0.028580 -0.017094 0.454000 136 142 144
-0.011825 -0.016642 0.442000 49 55 55
-0.010682 -0.016642 0.442000 45 58 57
-0.009539 -0.016642 0.442000 49 62 61
-0.007270 -0.016680 0.443000 45 57 59
-0.006124 -0.016680 0.443000 50 62 64
-0.004990 -0.016717 0.444000 42 54 56
-0.003842 -0.016717 0.444000 72 84 86
-0.002700 -0.016755 0.445000 134 146 148
-0.001553 -0.016793 0.446000 156 165 158
0.081766 -0.017094 0.454000 139 147 146
0.082940 -0.017094 0.454000 138 146 143
0.083929 -0.017056 0.453000 138 146 143
0.085100 -0.017056 0.453000 142 150 147
0.086271 -0.017056 0.453000 133 141 138
0.087636 -0.017094 0.454000 90 97 101
0.088809 -0.017094 0.454000 54 61 65
0.090182 -0.017131 0.455000 44 54 59
0.091559 -0.017169 0.456000 43 53 58
0.092738 -0.017169 0.456000 50 62 64
0.124097 -0.016943 0.450000 85 105 88
0.124982 -0.016906 0.449000 77 97 80
0.125582 -0.016830 0.447000 67 94 65
0.126454 -0.016793 0.446000 65 92 63
0.127035 -0.016717 0.444000 64 95 61
0.127894 -0.016680 0.443000 66 97 63
0.128166 -0.016567 0.440000 56 90 57
0.128716 -0.016491 0.438000 54 88 55
0.128662 -0.016341 0.434000 71 99 74
0.129700 -0.016190 0.430000 129 145 136
0.130508 -0.016153 0.429000 61 77 68
0.131617 -0.016153 0.429000 47 61 63
0.132417 -0.016115 0.428000 51 65 67
0.133524 -0.016115 0.428000 53 70 73
0.134630 -0.016115 0.428000 57 74 77
0.135737 -0.016115 0.428000 49 66 69
0.136844 -0.016115 0.428000 64 81 84
-0.040319 -0.015918 0.454000 86 123 82
-0.039145 -0.015918 0.454000 117 140 115
-0.037888 -0.015883 0.453000 45 68 43
-0.036798 -0.015918 0.454000 38 53 50
-0.035624 -0.015918 0.454000 34 49 46
-0.034450 -0.015918 0.454000 32 50 48
-0.033276 -0.015918 0.454000 32 50 48
-0.032102 -0.015918 0.454000 30 43 42
-0.030928 -0.015918 0.454000 30 43 42
-0.029754 -0.015918 0.454000 111 117 117
-0.011798 -0.015462 0.441000 111 118 112
-0.010658 -0.015462 0.441000 47 58 58
-0.009517 -0.015462 0.441000 41 52 52
-0.008377 -0.015462 0.441000 45 59 61
-0.007237 -0.015462 0.441000 43 57 59
-0.006110 -0.015498 0.442000 50 62 64
-0.003833 -0.015533 0.443000 40 52 54
-0.002694 -0.015568 0.444000 60 72 74
-0.001546 -0.015568 0.444000 125 133 132
-0.000399 -0.015603 0.445000 156 164 163
0.080237 -0.015848 0.452000 141 147 147
0.081226 -0.015813 0.451000 139 145 145
0.082392 -0.015813 0.451000 144 152 151
0.083373 -0.015778 0.450000 135 143 142
0.084536 -0.015778 0.450000 103 114 114
0.085700 -0.015778 0.450000 55 66 66
0.087056 -0.015813 0.451000 44 54 59
0.088223 -0.015813 0.451000 45 55 60
0.089785 -0.015883 0.453000 51 61 64
0.091559 -0.015988 0.456000 59 69 72
0.098718 -0.015813 0.451000 140 148 145
0.124982 -0.015743 0.449000 77 97 82
0.125862 -0.015708 0.448000 69 93 65
0.126454 -0.015638 0.446000 70 94 66
0.126749 -0.015533 0.443000 71 101 64
0.127028 -0.015427 0.440000 70 100 63
0.127874 -0.015392 0.439000 59 93 58
0.128588 -0.015077 0.430000 112 142 115
0.129097 -0.015007 0.428000 65 83 77
0.130204 -0.015007 0.428000 41 59 53
0.131310 -0.015007 0.428000 52 69 72
0.132417 -0.015007 0.428000 53 70 73
0.133212 -0.014972 0.427000 56 73 78
0.134316 -0.014972 0.427000 59 76 81
0.135420 -0.014972 0.427000 56 70 72
-0.040231 -0.014710 0.453000 96 133 94
-0.039059 -0.014710 0.453000 111 134 111
-0.037888 -0.014710 0.453000 39 62 39
-0.036717 -0.014710 0.453000 37 52 51
-0.035545 -0.014710 0.453000 34 49 48
-0.034374 -0.014710 0.453000 33 48 47
-0.033203 -0.014710 0.453000 34 49 48
-0.032031 -0.014710 0.453000 31 44 43
-0.030860 -0.014710 0.453000 33 46 45
-0.029689 -0.014710 0.453000 127 135 132
-0.010634 -0.014288 0.440000 114 122 119
-0.009496 -0.014288 0.440000 50 58 55
-0.008358 -0.014288 0.440000 42 54 56
-0.007220 -0.014288 0.440000 46 58 60
-0.006083 -0.014288 0.440000 49 61 63
-0.004956 -0.014321 0.441000 50 62 64
-0.003825 -0.014353 0.442000 45 59 61
-0.001542 -0.014386 0.443000 53 64 64
-0.000397 -0.014386 0.443000 112 123 123
0.000750 -0.014418 0.444000 156 162 160
0.078719 -0.014613 0.450000 139 145 145
0.079705 -0.014580 0.449000 141 147 147
0.080866 -0.014580 0.449000 143 149 149
0.081844 -0.014548 0.448000 121 129 130
0.124982 -0.014580 0.449000 78 99 86
0.125862 -0.014548 0.448000 74 97 72
0.126454 -0.014483 0.446000 70 93 68
0.127035 -0.014418 0.444000 70 100 63
0.127990 -0.013898 0.428000 65 95 70
0.128795 -0.013866 0.427000 39 59 56
0.129899 -0.013866 0.427000 52 72 69
0.131004 -0.013866 0.427000 52 71 75
0.132108 -0.013866 0.427000 54 73 77
0.133212 -0.013866 0.427000 57 74 79
-0.040231 -0.013537 0.453000 95 131 95
-0.039059 -0.013537 0.453000 100 125 106
-0.037804 -0.013508 0.452000 30 55 36
-0.036636 -0.013508 0.452000 38 53 52
-0.035545 -0.013537 0.453000 34 49 48
-0.034374 -0.013537 0.453000 34 48 50
-0.033203 -0.013537 0.453000 34 48 50
-0.031961 -0.013508 0.452000 24 39 38
-0.030860 -0.013537 0.453000 43 58 57
-0.029689 -0.013537 0.453000 135 143 140
-0.009517 -0.013179 0.441000 115 122 116
-0.008358 -0.013149 0.440000 49 57 56
-0.007220 -0.013149 0.440000 40 48 47
-0.006083 -0.013149 0.440000 45 59 61
-0.004945 -0.013149 0.440000 44 58 60
-0.003807 -0.013149 0.440000 41 58 59
-0.002670 -0.013149 0.440000 39 56 57
-0.001532 -0.013149 0.440000 43 56 55
-0.000396 -0.013209 0.442000 44 57 56
0.000749 -0.013239 0.443000 106 114 115
0.077383 -0.013418 0.449000 138 144 144
0.078194 -0.013358 0.447000 143 149 149
0.125862 -0.013388 0.448000 75 97 77
0.126454 -0.013328 0.446000 71 93 73
0.127321 -0.013298 0.445000 70 99 67
0.125777 -0.012790 0.428000 67 101 68
0.126587 -0.012760 0.427000 59 88 68
0.127392 -0.012731 0.426000 37 66 46
0.128494 -0.012731 0.426000 46 68 67
0.129595 -0.012731 0.426000 47 69 68
0.130697 -0.012731 0.426000 52 74 77
0.131798 -0.012731 0.426000 56 78 81
0.132900 -0.012731 0.426000 53 72 76
-0.040142 -0.012337 0.452000 97 131 96
-0.038973 -0.012337 0.452000 85 112 94
-0.037804 -0.012337 0.452000 29 56 38
-0.036636 -0.012337 0.452000 39 56 57
-0.035467 -0.012337 0.452000 31 48 49
-0.034298 -0.012337 0.452000 32 49 52
-0.033129 -0.012337 0.452000 32 49 52
-0.031961 -0.012337 0.452000 24 38 40
-0.030792 -0.012337 0.452000 76 90 92
-0.007220 -0.012010 0.440000 55 62 56
-0.006083 -0.012010 0.440000 39 52 51
-0.004934 -0.011982 0.439000 44 57 56
-0.003799 -0.011982 0.439000 39 57 55
-0.002664 -0.011982 0.439000 39 57 55
-0.001528 -0.011982 0.439000 44 59 58
-0.000393 -0.011982 0.439000 41 56 55
0.000743 -0.012010 0.440000 50 61 59
0.001890 -0.012064 0.442000 86 97 95
0.004194 -0.012119 0.444000 156 164 163
0.075712 -0.012173 0.446000 138 149 147
0.079785 -0.012092 0.443000 47 54 58
0.080382 -0.012010 0.440000 38 52 54
0.081705 -0.012037 0.441000 40 54 56
0.082846 -0.012037 0.441000 57 75 73
0.085512 -0.012092 0.443000 60 78 76
0.086853 -0.012119 0.444000 45 63 61
0.088200 -0.012146 0.445000 39 52 51
0.091518 -0.012283 0.450000 96 104 101
0.124141 -0.011737 0.430000 72 102 75
0.124379 -0.011655 0.427000 69 102 74
0.125189 -0.011628 0.426000 68 101 73
0.125994 -0.011600 0.425000 53 77 65
0.127093 -0.011600 0.425000 50 74 62
0.128192 -0.011600 0.425000 45 67 68
0.129291 -0.011600 0.425000 50 72 73
0.130390 -0.011600 0.425000 52 73 81
0.131489 -0.011600 0.425000 58 79 87
0.132900 -0.011628 0.426000 53 70 75
-0.038887 -0.011142 0.451000 72 98 83
-0.037721 -0.011142 0.451000 32 58 43
-0.036554 -0.011142 0.451000 37 56 58
-0.035388 -0.011142 0.451000 31 50 52
-0.034222 -0.011142 0.451000 31 48 53
-0.033129 -0.011167 0.452000 32 49 54
-0.031890 -0.011142 0.451000 23 37 39
-0.030792 -0.011167 0.452000 102 116 118
-0.006069 -0.010846 0.439000 65 76 74
-0.004934 -0.010846 0.439000 32 43 41
-0.003799 -0.010846 0.439000 36 50 52
-0.002664 -0.010846 0.439000 40 54 56
-0.001528 -0.010846 0.439000 40 58 56
-0.000393 -0.010846 0.439000 43 61 59
0.000742 -0.010846 0.439000 45 58 55
0.001877 -0.010846 0.439000 40 53 50
0.004175 -0.010920 0.442000 126 137 135
0.073571 -0.011043 0.447000 135 143 140
0.074392 -0.010994 0.445000 136 147 145
0.076969 -0.010870 0.440000 49 56 60
0.078107 -0.010870 0.440000 49 56 62
0.079065 -0.010846 0.439000 53 60 66
0.080200 -0.010846 0.439000 48 63 62
0.081335 -0.010846 0.439000 62 77 76
0.082658 -0.010870 0.440000 57 75 73
0.085512 -0.010945 0.443000 40 55 54
0.086853 -0.010969 0.444000 38 53 52
0.089953 -0.011068 0.448000 126 134 131
0.091518 -0.011117 0.450000 150 157 151
0.121599 -0.010500 0.425000 71 101 76
0.122698 -0.010500 0.425000 73 103 78
0.123796 -0.010500 0.425000 77 106 86
0.124895 -0.010500 0.425000 53 82 62
0.125994 -0.010500 0.425000 45 68 60
0.127093 -0.010500 0.425000 49 72 64
0.128192 -0.010500 0.425000 45 67 68
0.129291 -0.010500 0.425000 54 76 77
0.130390 -0.010500 0.425000 58 79 87
0.131489 -0.010500 0.425000 52 73 81
0.132588 -0.010500 0.425000 88 105 106
-0.038801 -0.009952 0.450000 50 78 65
-0.037637 -0.009952 0.450000 32 60 47
-0.036473 -0.009952 0.450000 37 56 58
-0.035388 -0.009974 0.451000 32 51 53
-0.034222 -0.009974 0.451000 32 49 52
-0.033056 -0.009974 0.451000 31 48 51
-0.031890 -0.009974 0.451000 32 42 45
-0.030724 -0.009974 0.451000 118 128 131
-0.004934 -0.009709 0.439000 75 86 84
-0.003799 -0.009709 0.439000 32 44 46
-0.002658 -0.009687 0.438000 39 51 53
-0.001525 -0.009687 0.438000 44 56 58
-0.000392 -0.009665 0.437000 44 56 58
0.000738 -0.009665 0.437000 46 59 56
0.001873 -0.009687 0.438000 45 58 55
0.003012 -0.009709 0.439000 43 54 54
0.004157 -0.009731 0.440000 57 68 68
0.006476 -0.009797 0.443000 148 159 159
0.072091 -0.009842 0.445000 141 149 146
0.074694 -0.009731 0.440000 55 66 66
0.075659 -0.009709 0.439000 45 55 60
0.076794 -0.009709 0.439000 47 57 62
0.077929 -0.009709 0.439000 52 59 63
0.078884 -0.009687 0.438000 59 66 70
0.080200 -0.009709 0.439000 64 74 77
0.081335 -0.009709 0.439000 54 64 67
0.082658 -0.009731 0.440000 43 56 55
0.085512 -0.009797 0.443000 57 68 66
0.086853 -0.009820 0.444000 108 119 117
0.089953 -0.009908 0.448000 152 160 157
0.120216 -0.009377 0.424000 79 96 80
0.121312 -0.009377 0.424000 75 100 81
0.122409 -0.009377 0.424000 80 105 86
0.123505 -0.009377 0.424000 61 85 71
0.124601 -0.009377 0.424000 45 69 55
0.125698 -0.009377 0.424000 49 69 64
0.126794 -0.009377 0.424000 51 71 66
0.127890 -0.009377 0.424000 46 68 69
0.128987 -0.009377 0.424000 58 80 81
0.130390 -0.009399 0.425000 53 72 76
0.131489 -0.009399 0.425000 62 81 85
-0.038801 -0.008787 0.450000 34 60 47
-0.037637 -0.008787 0.450000 32 58 45
-0.036473 -0.008787 0.450000 35 52 55
-0.035310 -0.008787 0.450000 34 51 54
-0.034146 -0.008787 0.450000 32 49 52
-0.032983 -0.008787 0.450000 26 43 46
-0.031819 -0.008787 0.450000 48 56 57
-0.030656 -0.008787 0.450000 128 136 137
-0.003799 -0.008572 0.439000 81 92 92
-0.002664 -0.008572 0.439000 45 56 56
-0.001521 -0.008533 0.437000 38 50 52
-0.000391 -0.008514 0.436000 44 56 58
0.000737 -0.008514 0.436000 42 57 56
0.001864 -0.008514 0.436000 42 57 56
0.002998 -0.008533 0.437000 43 58 57
0.004138 -0.008553 0.438000 35 50 49
0.007587 -0.008611 0.441000 130 141 141
0.008767 -0.008650 0.443000 150 161 161
0.069790 -0.008690 0.445000 140 148 147
0.070781 -0.008670 0.444000 135 143 142
0.072418 -0.008592 0.440000 67 75 74
0.073389 -0.008572 0.439000 40 52 56
0.074524 -0.008572 0.439000 43 55 59
0.075659 -0.008572 0.439000 52 64 68
0.076794 -0.008572 0.439000 53 65 69
0.077929 -0.008572 0.439000 64 74 77
0.079065 -0.008572 0.439000 57 67 70
0.080200 -0.008572 0.439000 50 62 64
0.081520 -0.008592 0.440000 39 51 53
0.082846 -0.008611 0.441000 52 63 63
0.085705 -0.008670 0.444000 137 145 144
0.119120 -0.008279 0.424000 85 102 88
0.120216 -0.008279 0.424000 83 100 86
0.121312 -0.008279 0.424000 80 101 88
0.122409 -0.008279 0.424000 71 92 79
0.123505 -0.008279 0.424000 45 65 60
0.124601 -0.008279 0.424000 51 71 66
0.125698 -0.008279 0.424000 45 65 62
0.126794 -0.008279 0.424000 49 69 66
0.127890 -0.008279 0.424000 56 75 79
0.128987 -0.008279 0.424000 56 75 79
0.130390 -0.008299 0.425000 60 77 80
-0.039964 -0.007622 0.450000 90 125 85
-0.038801 -0.007622 0.450000 33 54 43
-0.037637 -0.007622 0.450000 39 60 49
-0.036473 -0.007622 0.450000 34 52 50
-0.035310 -0.007622 0.450000 33 51 49
-0.034146 -0.007622 0.450000 31 48 49
-0.032983 -0.007622 0.450000 26 43 44
-0.031819 -0.007622 0.450000 58 69 67
-0.030656 -0.007622 0.450000 135 146 144
-0.001525 -0.007419 0.438000 47 58 58
-0.000391 -0.007385 0.436000 39 50 50
0.000735 -0.007368 0.435000 39 56 57
0.001860 -0.007368 0.435000 39 56 57
0.002985 -0.007368 0.435000 40 59 59
0.004119 -0.007385 0.436000 38 57 57
0.005258 -0.007402 0.437000 38 55 56
0.006403 -0.007419 0.438000 36 53 54
0.007552 -0.007436 0.439000 53 65 67
0.009890 -0.007486 0.442000 148 156 157
0.067488 -0.007537 0.445000 144 152 153
0.068485 -0.007520 0.444000 138 146 147
0.071119 -0.007436 0.439000 48 58 61
0.072254 -0.007436 0.439000 43 53 56
0.073389 -0.007436 0.439000 44 58 60
0.074354 -0.007419 0.438000 50 64 66
0.075487 -0.007419 0.438000 52 69 70
0.076794 -0.007436 0.439000 59 76 77
0.077929 -0.007436 0.439000 52 66 70
0.079065 -0.007436 0.439000 44 58 62
0.080382 -0.007453 0.440000 40 52 54
0.081705 -0.007470 0.441000 64 76 78
0.084367 -0.007503 0.443000 147 158 156
0.119933 -0.007165 0.423000 87 103 94
0.121312 -0.007182 0.424000 73 93 88
0.122409 -0.007182 0.424000 46 66 61
0.123505 -0.007182 0.424000 47 67 64
0.124601 -0.007182 0.424000 45 65 62
0.125698 -0.007182 0.424000 45 64 64
0.126794 -0.007182 0.424000 55 74 74
0.127890 -0.007182 0.424000 59 78 80
-0.042103 -0.006428 0.448000 79 117 73
-0.039875 -0.006442 0.449000 81 116 78
-0.038714 -0.006442 0.449000 32 51 39
-0.037553 -0.006442 0.449000 38 57 45
-0.036392 -0.006442 0.449000 35 53 49
-0.035231 -0.006442 0.449000 33 51 47
-0.034146 -0.006457 0.450000 33 48 47
-0.032983 -0.006457 0.450000 29 44 43
-0.031819 -0.006457 0.450000 65 76 74
-0.001525 -0.006285 0.438000 118 126 123
-0.000392 -0.006270 0.437000 63 71 68
0.000735 -0.006242 0.435000 35 49 51
0.001860 -0.006242 0.435000 37 51 53
0.002985 -0.006242 0.435000 39 56 57
0.004109 -0.006242 0.435000 39 56 57
0.005234 -0.006242 0.435000 40 57 58
0.006373 -0.006256 0.436000 41 58 59
0.007518 -0.006270 0.437000 40 52 54
0.008668 -0.006285 0.438000 43 55 57
0.010983 -0.006313 0.440000 116 126 129
0.012176 -0.006342 0.442000 148 156 155
0.065041 -0.006371 0.444000 137 148 144
0.066189 -0.006371 0.444000 135 146 142
0.067185 -0.006356 0.443000 111 121 126
0.069984 -0.006299 0.439000 46 53 59
0.071119 -0.006299 0.439000 44 56 58
0.072089 -0.006285 0.438000 45 57 59
0.073222 -0.006285 0.438000 53 71 69
0.074354 -0.006285 0.438000 57 75 73
0.075659 -0.006299 0.439000 52 70 68
0.076794 -0.006299 0.439000 41 59 57
0.077929 -0.006299 0.439000 36 50 52
0.079245 -0.006313 0.440000 55 69 71
0.081705 -0.006328 0.441000 142 153 153
0.119120 -0.006084 0.424000 83 99 90
0.119933 -0.006069 0.423000 84 100 91
0.121312 -0.006084 0.424000 49 69 66
0.122409 -0.006084 0.424000 48 68 65
0.123214 -0.006069 0.423000 47 69 70
0.124601 -0.006084 0.424000 44 66 67
0.125698 -0.006084 0.424000 52 71 73
0.126794 -0.006084 0.424000 60 79 81
0.127890 -0.006084 0.424000 53 72 72
-0.042103 -0.005268 0.448000 77 115 69
-0.040945 -0.005268 0.448000 87 119 82
-0.039786 -0.005268 0.448000 72 104 67
-0.037553 -0.005280 0.449000 34 54 37
-0.036392 -0.005280 0.449000 34 50 41
-0.035231 -0.005280 0.449000 34 50 41
-0.034070 -0.005280 0.449000 37 50 47
-0.032909 -0.005280 0.449000 28 41 38
-0.031748 -0.005280 0.449000 72 83 79
0.000737 -0.005127 0.436000 84 92 91
0.001860 -0.005115 0.435000 43 51 50
0.002985 -0.005115 0.435000 38 50 52
0.004109 -0.005115 0.435000 40 52 54
0.005234 -0.005115 0.435000 41 56 55
0.006359 -0.005115 0.435000 41 56 55
0.007484 -0.005115 0.435000 43 58 57
0.009800 -0.005151 0.438000 46 57 57
0.013258 -0.005174 0.440000 117 129 131
0.014461 -0.005198 0.442000 148 156 153
0.063749 -0.005209 0.443000 139 151 143
0.066578 -0.005162 0.439000 48 58 63
0.067713 -0.005162 0.439000 43 53 58
0.068692 -0.005151 0.438000 47 57 60
0.069824 -0.005151 0.438000 48 58 61
0.070957 -0.005151 0.438000 56 68 70
0.072089 -0.005151 0.438000 60 72 74
0.073222 -0.005151 0.438000 52 70 68
0.074524 -0.005162 0.439000 41 59 57
0.075659 -0.005162 0.439000 35 53 51
0.076969 -0.005174 0.440000 40 58 56
0.118839 -0.004974 0.423000 78 96 92
0.119933 -0.004974 0.423000 57 75 71
0.121026 -0.004974 0.423000 49 68 68
0.122120 -0.004974 0.423000 51 70 70
0.123505 -0.004986 0.424000 51 70 72
0.124601 -0.004986 0.424000 55 74 76
0.125401 -0.004974 0.423000 61 80 82
0.126794 -0.004986 0.424000 58 77 79
-0.040945 -0.004108 0.448000 86 117 83
-0.039786 -0.004108 0.448000 64 95 61
-0.038628 -0.004108 0.448000 29 49 32
-0.037470 -0.004108 0.448000 34 54 37
-0.035231 -0.004117 0.449000 36 52 41
-0.034070 -0.004117 0.449000 38 51 46
-0.032909 -0.004117 0.449000 30 43 38
-0.031748 -0.004117 0.449000 91 102 98
0.001860 -0.003989 0.435000 105 111 109
0.002978 -0.003980 0.434000 55 66 64
0.004100 -0.003980 0.434000 36 47 45
0.005222 -0.003980 0.434000 42 55 54
0.006344 -0.003980 0.434000 44 57 56
0.007466 -0.003980 0.434000 44 57 54
0.008608 -0.003989 0.435000 45 58 55
0.010883 -0.003998 0.436000 40 53 52
0.012038 -0.004007 0.437000 38 50 54
0.014363 -0.004026 0.439000 81 88 94
0.015534 -0.004035 0.440000 119 126 132
0.016709 -0.004044 0.441000 149 155 153
0.059300 -0.004072 0.444000 138 146 143
0.060448 -0.004072 0.444000 141 150 143
0.061319 -0.004053 0.442000 139 148 141
0.064308 -0.004026 0.439000 45 56 54
0.065443 -0.004026 0.439000 43 54 52
0.066427 -0.004016 0.438000 47 58 58
0.067405 -0.004007 0.437000 47 58 58
0.068692 -0.004016 0.438000 59 69 72
0.069665 -0.004007 0.437000 65 75 78
0.070957 -0.004016 0.438000 61 73 75
0.072089 -0.004016 0.438000 51 63 65
0.073389 -0.004026 0.439000 45 59 61
0.074524 -0.004026 0.439000 38 52 54
0.075832 -0.004035 0.440000 64 77 74
0.078284 -0.004044 0.441000 148 159 159
0.116651 -0.003879 0.423000 88 103 100
0.117745 -0.003879 0.423000 84 99 96
0.118839 -0.003879 0.423000 61 79 77
0.119933 -0.003879 0.423000 50 68 66
0.121026 -0.003879 0.423000 49 69 66
0.122120 -0.003879 0.423000 47 67 64
0.123505 -0.003888 0.424000 54 71 72
0.124308 -0.003879 0.423000 61 78 79
0.125698 -0.003888 0.424000 59 79 76
-0.040853 -0.002942 0.447000 80 111 77
-0.039786 -0.002948 0.448000 56 87 53
-0.038628 -0.002948 0.448000 31 53 37
-0.037470 -0.002948 0.448000 34 56 40
-0.036311 -0.002948 0.448000 32 51 39
-0.034070 -0.002955 0.449000 36 49 46
-0.032909 -0.002955 0.449000 32 45 42
-0.031748 -0.002955 0.449000 104 115 111
0.002985 -0.002863 0.435000 124 132 129
0.004100 -0.002856 0.434000 85 93 90
0.005222 -0.002856 0.434000 39 50 50
0.006344 -0.002856 0.434000 39 50 50
0.007466 -0.002856 0.434000 44 56 58
0.008589 -0.002856 0.434000 43 55 57
0.009711 -0.002856 0.434000 44 56 58
0.010858 -0.002863 0.435000 44 56 58
0.011983 -0.002863 0.435000 41 55 59
0.018904 -0.002889 0.439000 147 154 148
0.020084 -0.002896 0.440000 151 158 152
0.021270 -0.002902 0.441000 150 157 149
0.054831 -0.002928 0.445000 138 147 140
0.055856 -0.002922 0.444000 135 144 137
0.057004 -0.002922 0.444000 139 148 141
0.058021 -0.002915 0.443000 144 152 149
0.059033 -0.002909 0.442000 142 150 147
0.060903 -0.002889 0.439000 80 86 86
0.062038 -0.002889 0.439000 52 63 59
0.063029 -0.002882 0.438000 44 55 51
0.064162 -0.002882 0.438000 46 57 53
0.065145 -0.002876 0.437000 44 55 51
0.066275 -0.002876 0.437000 54 65 63
0.067405 -0.002876 0.437000 60 71 69
0.068535 -0.002876 0.437000 65 77 79
0.069824 -0.002882 0.438000 59 71 73
0.070957 -0.002882 0.438000 49 61 63
0.072254 -0.002889 0.439000 42 54 56
0.073389 -0.002889 0.439000 51 64 63
0.115558 -0.002784 0.423000 95 106 102
0.116651 -0.002784 0.423000 93 108 105
0.117745 -0.002784 0.423000 76 91 88
0.118839 -0.002784 0.423000 48 67 67
0.119933 -0.002784 0.423000 47 66 66
0.121026 -0.002784 0.423000 42 62 59
0.122120 -0.002784 0.423000 47 67 64
0.123214 -0.002784 0.423000 59 77 75
0.124601 -0.002790 0.424000 61 79 77
-0.040853 -0.001784 0.447000 87 118 86
-0.039786 -0.001788 0.448000 48 79 47
-0.038628 -0.001788 0.448000 31 55 43
-0.037470 -0.001788 0.448000 31 55 43
-0.036311 -0.001788 0.448000 32 50 44
-0.035153 -0.001788 0.448000 32 50 44
-0.032909 -0.001792 0.449000 32 45 42
-0.031748 -0.001792 0.449000 119 127 124
0.004109 -0.001736 0.435000 135 143 140
0.005222 -0.001732 0.434000 109 117 116
0.006344 -0.001732 0.434000 62 70 69
0.007466 -0.001732 0.434000 39 49 52
0.008589 -0.001732 0.434000 40 50 53
0.009711 -0.001732 0.434000 44 56 58
0.010833 -0.001732 0.434000 44 56 58
0.011955 -0.001732 0.434000 43 57 61
0.013077 -0.001732 0.434000 43 57 61
0.014232 -0.001736 0.435000 42 56 62
0.021174 -0.001752 0.439000 128 135 129
0.022309 -0.001752 0.439000 148 155 149
0.023497 -0.001756 0.440000 150 159 150
0.051379 -0.001776 0.445000 140 147 141
0.052412 -0.001772 0.444000 138 145 139
0.053560 -0.001772 0.444000 139 148 141
0.054585 -0.001768 0.443000 141 150 143
0.055605 -0.001764 0.442000 139 150 148
0.056619 -0.001760 0.441000 126 137 135
0.059632 -0.001748 0.438000 48 56 57
0.060625 -0.001744 0.437000 45 53 54
0.061614 -0.001740 0.436000 43 54 52
0.062741 -0.001740 0.436000 45 56 54
0.063869 -0.001740 0.436000 55 66 64
0.064996 -0.001740 0.436000 60 71 69
0.066275 -0.001744 0.437000 59 72 71
0.067405 -0.001744 0.437000 51 64 63
0.068692 -0.001748 0.438000 36 50 54
0.069984 -0.001752 0.439000 37 51 55
0.071119 -0.001752 0.439000 51 63 65
0.072418 -0.001756 0.440000 93 105 107
0.073556 -0.001756 0.440000 136 147 145
0.115558 -0.001688 0.423000 97 108 104
0.116651 -0.001688 0.423000 83 98 97
0.117745 -0.001688 0.423000 52 67 66
0.118839 -0.001688 0.423000 51 70 70
0.119933 -0.001688 0.423000 46 65 65
0.121026 -0.001688 0.423000 42 62 59
0.122120 -0.001688 0.423000 55 75 72
0.123214 -0.001688 0.423000 59 79 74
0.124308 -0.001688 0.423000 53 73 68
-0.040853 -0.000627 0.447000 90 121 89
-0.039698 -0.000627 0.447000 49 80 48
-0.038628 -0.000628 0.448000 30 54 42
-0.037470 -0.000628 0.448000 33 57 45
-0.036311 -0.000628 0.448000 33 51 49
-0.035153 -0.000628 0.448000 33 51 49
-0.032836 -0.000628 0.448000 33 46 45
-0.031678 -0.000628 0.448000 134 142 139
0.007466 -0.000609 0.434000 95 103 102
0.008589 -0.000609 0.434000 53 61 60
0.009711 -0.000609 0.434000 39 49 54
0.010808 -0.000607 0.433000 41 51 56
0.011955 -0.000609 0.434000 40 54 60
0.013077 -0.000609 0.434000 40 54 60
0.014200 -0.000609 0.434000 41 55 61
0.015322 -0.000609 0.434000 41 55 61
0.016444 -0.000609 0.434000 44 56 62
0.017607 -0.000610 0.435000 42 54 60
0.018731 -0.000610 0.435000 40 50 53
0.024579 -0.000616 0.439000 134 142 141
0.025714 -0.000616 0.439000 149 155 153
0.048968 -0.000623 0.444000 139 146 140
0.050116 -0.000623 0.444000 140 147 141
0.051264 -0.000623 0.444000 141 149 146
0.052294 -0.000621 0.443000 144 152 149
0.053319 -0.000620 0.442000 135 143 142
0.055353 -0.000617 0.440000 79 91 93
0.056362 -0.000616 0.439000 53 65 67
0.057366 -0.000614 0.438000 43 57 63
0.058365 -0.000613 0.437000 41 55 61
0.059359 -0.000611 0.436000 46 58 64
0.060348 -0.000610 0.435000 50 62 68
0.061473 -0.000610 0.435000 56 68 70
0.062597 -0.000610 0.435000 59 71 73
0.063722 -0.000610 0.435000 58 71 70
0.064996 -0.000611 0.436000 54 67 66
0.066275 -0.000613 0.437000 45 59 61
0.067559 -0.000614 0.438000 38 52 54
0.068849 -0.000616 0.439000 46 58 60
0.069984 -0.000616 0.439000 73 85 87
0.071281 -0.000617 0.440000 129 140 138
0.114464 -0.000593 0.423000 115 126 122
0.115284 -0.000592 0.422000 83 94 90
0.116651 -0.000593 0.423000 53 65 67
0.118024 -0.000595 0.424000 57 69 71
0.119120 -0.000595 0.424000 52 71 71
0.120216 -0.000595 0.424000 51 70 70
0.121312 -0.000595 0.424000 55 74 74
0.122409 -0.000595 0.424000 60 79 79
0.123505 -0.000595 0.424000 50 76 63
0.124601 -0.000595 0.424000 56 82 69
-0.042009 0.000531 0.447000 79 111 72
-0.040853 0.000531 0.447000 94 125 93
-0.039786 0.000532 0.448000 49 80 48
-0.038628 0.000532 0.448000 32 53 42
-0.037470 0.000532 0.448000 38 59 48
-0.036230 0.000531 0.447000 32 49 50
-0.035153 0.000532 0.448000 33 50 51
-0.033995 0.000532 0.448000 36 49 48
-0.032836 0.000532 0.448000 37 50 49
-0.031678 0.000532 0.448000 141 144 143
0.009711 0.000515 0.434000 80 86 86
0.010833 0.000515 0.434000 51 57 57
0.011955 0.000515 0.434000 39 51 57
0.013047 0.000514 0.433000 40 52 58
0.014167 0.000514 0.433000 38 51 60
0.015286 0.000514 0.433000 40 53 62
0.016406 0.000514 0.433000 43 57 61
0.017526 0.000514 0.433000 42 56 60
0.018688 0.000515 0.434000 45 57 61
0.019810 0.000515 0.434000 43 55 59
0.020933 0.000515 0.434000 45 57 59
0.022106 0.000516 0.435000 45 57 59
0.023230 0.000516 0.435000 43 53 56
0.026788 0.000520 0.438000 106 113 117
0.029120 0.000521 0.439000 143 154 154
0.030393 0.000523 0.441000 149 158 151
0.031676 0.000526 0.443000 150 159 152
0.032821 0.000526 0.443000 151 159 148
0.034043 0.000527 0.444000 151 159 148
0.045524 0.000527 0.444000 144 153 146
0.046672 0.000527 0.444000 143 149 147
0.047820 0.000527 0.444000 142 148 146
0.048968 0.000527 0.444000 142 150 149
0.050003 0.000526 0.443000 137 145 144
0.051033 0.000525 0.442000 115 125 128
0.052058 0.000523 0.441000 89 99 102
0.053078 0.000522 0.440000 63 75 79
0.054092 0.000521 0.439000 47 59 63
0.055101 0.000520 0.438000 36 53 58
0.055977 0.000517 0.436000 35 52 57
0.056974 0.000516 0.435000 42 59 64
0.058098 0.000516 0.435000 46 63 68
0.059223 0.000516 0.435000 51 65 71
0.060348 0.000516 0.435000 55 69 75
0.061473 0.000516 0.435000 54 66 72
0.062597 0.000516 0.435000 53 65 71
0.063869 0.000517 0.436000 44 58 60
0.065145 0.000519 0.437000 35 49 51
0.066427 0.000520 0.438000 45 56 54
0.067713 0.000521 0.439000 67 78 76
0.068849 0.000521 0.439000 121 129 126
0.112011 0.000501 0.422000 132 141 134
0.113102 0.000501 0.422000 132 141 134
0.114193 0.000501 0.422000 99 112 111
0.115284 0.000501 0.422000 54 67 66
0.116376 0.000501 0.422000 57 69 71
0.117745 0.000502 0.423000 57 69 71
0.119120 0.000503 0.424000 53 71 69
0.120216 0.000503 0.424000 55 73 71
0.121312 0.000503 0.424000 54 77 73
0.122409 0.000503 0.424000 54 77 73
0.123796 0.000504 0.425000 51 78 60
0.125483 0.000507 0.427000 84 111 93
-0.038542 0.001688 0.447000 33 51 45
-0.037386 0.001688 0.447000 39 57 51
-0.036230 0.001688 0.447000 36 51 50
-0.035074 0.001688 0.447000 35 50 49
-0.033995 0.001692 0.448000 37 49 51
-0.032836 0.001692 0.448000 40 52 54
0.011955 0.001639 0.434000 72 80 81
0.013077 0.001639 0.434000 50 58 59
0.014167 0.001635 0.433000 36 48 54
0.015251 0.001631 0.432000 40 52 58
0.016368 0.001631 0.432000 43 55 61
0.017485 0.001631 0.432000 43 55 61
0.018602 0.001631 0.432000 44 56 60
0.019719 0.001631 0.432000 44 56 60
0.020836 0.001631 0.432000 43 57 59
0.022004 0.001635 0.433000 43 57 59
0.023177 0.001639 0.434000 41 55 57
0.024299 0.001639 0.434000 41 55 57
0.029120 0.001658 0.439000 56 68 72
0.030255 0.001658 0.439000 81 92 90
0.031461 0.001661 0.440000 96 107 105
0.032747 0.001669 0.442000 116 120 115
0.034043 0.001677 0.444000 129 133 128
0.035191 0.001677 0.444000 137 146 137
0.036421 0.001680 0.445000 144 153 144
0.037572 0.001680 0.445000 144 157 152
0.038723 0.001680 0.445000 144 157 152
0.039873 0.001680 0.445000 139 154 151
0.041024 0.001680 0.445000 140 155 152
0.042174 0.001680 0.445000 139 154 149
0.043228 0.001677 0.444000 135 150 145
0.044376 0.001677 0.444000 131 144 141
0.045524 0.001677 0.444000 121 134 131
0.046672 0.001677 0.444000 113 119 121
0.047820 0.001677 0.444000 100 106 108
0.048858 0.001673 0.443000 79 86 90
0.049890 0.001669 0.442000 56 63 67
0.050918 0.001665 0.441000 42 54 60
0.051940 0.001661 0.440000 43 55 61
0.052957 0.001658 0.439000 41 55 61
0.054092 0.001658 0.439000 44 58 64
0.054850 0.001646 0.436000 45 59 63
0.055849 0.001643 0.435000 44 58 62
0.056974 0.001643 0.435000 48 62 66
0.058098 0.001643 0.435000 50 64 68
0.059223 0.001643 0.435000 54 68 74
0.060348 0.001643 0.435000 50 64 70
0.061614 0.001646 0.436000 44 58 64
0.062885 0.001650 0.437000 37 51 57
0.064162 0.001654 0.438000 45 58 55
0.065294 0.001654 0.438000 73 86 83
0.066578 0.001658 0.439000 115 121 119
0.111746 0.001590 0.421000 137 148 144
0.112834 0.001590 0.421000 112 123 119
0.113923 0.001590 0.421000 63 75 77
0.115011 0.001590 0.421000 60 72 74
0.116376 0.001593 0.422000 54 68 70
0.117745 0.001597 0.423000 50 64 66
0.118839 0.001597 0.423000 55 73 71
0.120216 0.001601 0.424000 59 77 75
0.121312 0.001601 0.424000 53 76 68
0.122698 0.001605 0.425000 46 69 61
0.136219 0.001677 0.444000 90 124 91
-0.041821 0.002833 0.445000 83 118 80
-0.038369 0.002833 0.445000 34 53 43
-0.037219 0.002833 0.445000 39 58 48
-0.036068 0.002833 0.445000 36 51 50
-0.034918 0.002833 0.445000 36 51 50
-0.033843 0.002839 0.446000 33 43 46
-0.032690 0.002839 0.446000 48 58 61
-0.031536 0.002839 0.446000 147 151 146
0.014200 0.002763 0.434000 79 89 92
0.015322 0.002763 0.434000 51 61 64
0.016406 0.002756 0.433000 38 48 53
0.017485 0.002750 0.432000 36 46 51
0.018602 0.002750 0.432000 40 52 56
0.019719 0.002750 0.432000 43 55 59
0.020836 0.002750 0.432000 41 55 57
0.021953 0.002750 0.432000 41 55 57
0.023070 0.002750 0.432000 41 55 57
0.024243 0.002756 0.433000 43 57 59
0.025421 0.002763 0.434000 42 56 58
0.026605 0.002769 0.435000 43 57 59
0.032747 0.002813 0.442000 43 51 48
0.034043 0.002826 0.444000 42 50 47
0.036421 0.002833 0.445000 46 59 56
0.037572 0.002833 0.445000 49 63 67
0.038723 0.002833 0.445000 49 63 67
0.039873 0.002833 0.445000 48 65 66
0.041024 0.002833 0.445000 48 65 66
0.042174 0.002833 0.445000 46 64 62
0.043228 0.002826 0.444000 42 60 58
0.044376 0.002826 0.444000 41 59 57
0.045524 0.002826 0.444000 39 57 55
0.046672 0.002826 0.444000 40 52 54
0.047820 0.002826 0.444000 39 51 53
0.048858 0.002820 0.443000 40 52 54
0.049890 0.002813 0.442000 46 58 60
0.050802 0.002801 0.440000 45 62 67
0.051940 0.002801 0.440000 46 63 68
0.052836 0.002788 0.438000 47 63 71
0.053846 0.002782 0.437000 47 63 71
0.054850 0.002775 0.436000 48 65 68
0.055977 0.002775 0.436000 48 65 68
0.056974 0.002769 0.435000 51 63 67
0.058098 0.002769 0.435000 49 61 65
0.059359 0.002775 0.436000 46 57 66
0.060487 0.002775 0.436000 42 53 62
0.061755 0.002782 0.437000 47 61 65
0.063029 0.002788 0.438000 74 88 92
0.110394 0.002673 0.420000 142 151 144
0.111480 0.002673 0.420000 119 130 130
0.112566 0.002673 0.420000 59 70 70
0.113652 0.002673 0.420000 54 66 70
0.114738 0.002673 0.420000 56 68 72
0.116100 0.002680 0.421000 50 67 68
0.117467 0.002686 0.422000 59 76 77
0.118839 0.002693 0.423000 59 79 76
0.120216 0.002699 0.424000 54 74 71
0.121312 0.002699 0.424000 45 69 57
0.135606 0.002813 0.442000 90 124 91
-0.041727 0.003976 0.444000 82 117 79
-0.040579 0.003976 0.444000 91 122 92
-0.039431 0.003976 0.444000 42 73 43
-0.038283 0.003976 0.444000 35 54 42
-0.037135 0.003976 0.444000 39 58 46
-0.035987 0.003976 0.444000 37 52 49
-0.034839 0.003976 0.444000 35 50 47
-0.033767 0.003985 0.445000 33 41 42
-0.032616 0.003985 0.445000 50 58 59
-0.031466 0.003985 0.445000 148 152 147
0.016444 0.003886 0.434000 96 107 107
0.017566 0.003886 0.434000 60 71 71
0.018645 0.003877 0.433000 39 51 55
0.019719 0.003868 0.432000 38 50 54
0.020836 0.003868 0.432000 35 49 53
0.021953 0.003868 0.432000 38 52 56
0.023070 0.003868 0.432000 38 52 56
0.024243 0.003877 0.433000 41 55 59
0.025421 0.003886 0.434000 41 55 59
0.026544 0.003886 0.434000 42 56 60
0.027793 0.003904 0.436000 42 56 60
0.030186 0.003922 0.438000 45 59 61
0.035191 0.003976 0.444000 42 57 56
0.036339 0.003976 0.444000 43 58 57
0.037488 0.003976 0.444000 42 59 60
0.038723 0.003985 0.445000 42 59 60
0.039873 0.003985 0.445000 41 58 59
0.041024 0.003985 0.445000 40 57 58
0.042080 0.003976 0.444000 40 57 58
0.043228 0.003976 0.444000 40 57 58
0.044376 0.003976 0.444000 41 59 57
0.045524 0.003976 0.444000 42 60 58
0.046672 0.003976 0.444000 42 60 58
0.047712 0.003967 0.443000 43 61 59
0.048858 0.003967 0.443000 46 63 64
0.049777 0.003949 0.441000 47 64 65
0.050802 0.003940 0.440000 47 66 68
0.051822 0.003931 0.439000 47 66 68
0.052836 0.003922 0.438000 47 64 69
0.053846 0.003913 0.437000 46 63 68
0.054850 0.003904 0.436000 46 63 68
0.055977 0.003904 0.436000 46 63 68
0.057104 0.003904 0.436000 44 56 62
0.058365 0.003913 0.437000 40 52 58
0.059495 0.003913 0.437000 53 65 69
0.060764 0.003922 0.438000 93 105 109
0.062038 0.003931 0.439000 124 137 136
0.110394 0.003761 0.420000 127 135 132
0.111480 0.003761 0.420000 66 76 79
0.112566 0.003761 0.420000 54 64 67
0.113652 0.003761 0.420000 49 63 67
0.114738 0.003761 0.420000 49 63 67
0.116100 0.003770 0.421000 57 74 77
0.117467 0.003779 0.422000 64 81 84
0.118839 0.003788 0.423000 51 71 66
0.120216 0.003797 0.424000 46 66 61
0.121599 0.003806 0.425000 58 85 67
0.122986 0.003815 0.426000 80 107 89
0.126071 0.003841 0.429000 84 116 79
0.130084 0.003895 0.435000 90 126 81
0.133246 0.003922 0.438000 78 118 76
0.134992 0.003940 0.440000 84 120 84
0.137058 0.003967 0.443000 101 137 101
-0.039254 0.005102 0.442000 41 72 40
-0.038111 0.005102 0.442000 33 53 38
-0.037052 0.005114 0.443000 39 59 44
-0.035825 0.005102 0.442000 37 52 47
-0.034761 0.005114 0.443000 36 51 46
-0.033615 0.005114 0.443000 34 45 43
-0.032543 0.005125 0.444000 46 57 55
-0.031324 0.005114 0.443000 146 153 147
0.018688 0.005010 0.434000 108 121 118
0.019765 0.004998 0.433000 74 87 84
0.020884 0.004998 0.433000 47 61 63
0.022004 0.004998 0.433000 35 49 51
0.023124 0.004998 0.433000 31 45 49
0.024243 0.004998 0.433000 37 51 55
0.025363 0.004998 0.433000 38 52 58
0.026544 0.005010 0.434000 41 55 61
0.027729 0.005022 0.435000 42 56 62
0.030117 0.005045 0.437000 42 56 62
0.036339 0.005125 0.444000 41 59 57
0.037488 0.005125 0.444000 42 60 58
0.038636 0.005125 0.444000 41 59 57
0.039784 0.005125 0.444000 40 59 59
0.040932 0.005125 0.444000 42 61 61
0.042080 0.005125 0.444000 42 61 61
0.043228 0.005125 0.444000 44 63 63
0.044376 0.005125 0.444000 42 62 59
0.045421 0.005114 0.443000 44 64 61
0.046567 0.005114 0.443000 41 61 58
0.047712 0.005114 0.443000 44 64 61
0.048747 0.005102 0.442000 41 60 60
0.049777 0.005091 0.441000 44 63 63
0.050802 0.005079 0.440000 45 64 66
0.052957 0.005068 0.439000 40 59 63
0.053969 0.005056 0.438000 35 54 58
0.055101 0.005056 0.438000 36 50 54
0.056234 0.005056 0.438000 44 58 62
0.057366 0.005056 0.438000 65 77 79
0.058499 0.005056 0.438000 99 111 113
0.109048 0.004837 0.419000 127 135 136
0.110131 0.004837 0.419000 66 74 75
0.111215 0.004837 0.419000 48 62 66
0.112298 0.004837 0.419000 51 65 69
0.114738 0.004848 0.420000 57 71 75
0.115824 0.004848 0.420000 60 77 80
0.117188 0.004860 0.421000 54 71 74
0.118839 0.004883 0.423000 44 64 59
0.120216 0.004895 0.424000 61 81 76
0.126071 0.004952 0.429000 82 117 79
0.128069 0.004987 0.432000 82 120 74
0.130084 0.005022 0.435000 91 129 83
0.133246 0.005056 0.438000 78 120 77
0.134685 0.005068 0.439000 74 113 78
0.136439 0.005091 0.441000 88 127 92
-0.039076 0.006219 0.440000 42 73 43
-0.037938 0.006219 0.440000 32 52 37
-0.036801 0.006219 0.440000 39 59 44
0.022055 0.006134 0.434000 112 120 117
0.023177 0.006134 0.434000 74 85 83
0.024299 0.006134 0.434000 53 64 62
0.025421 0.006134 0.434000 36 50 54
0.026544 0.006134 0.434000 35 49 53
0.027729 0.006148 0.435000 36 50 56
0.032599 0.006219 0.440000 40 57 62
0.033813 0.006233 0.441000 41 58 63
0.035112 0.006261 0.443000 41 60 62
0.036339 0.006275 0.444000 41 60 62
0.037488 0.006275 0.444000 40 59 59
0.038636 0.006275 0.444000 39 58 58
0.039784 0.006275 0.444000 40 59 59
0.040932 0.006275 0.444000 42 61 61
0.042080 0.006275 0.444000 40 59 59
0.043130 0.006261 0.443000 42 61 61
0.044276 0.006261 0.443000 39 61 60
0.045421 0.006261 0.443000 40 62 61
0.046462 0.006247 0.442000 39 61 62
0.047605 0.006247 0.442000 39 61 62
0.048637 0.006233 0.441000 38 60 61
0.049665 0.006219 0.440000 32 54 55
0.050802 0.006219 0.440000 31 50 52
0.051822 0.006204 0.439000 33 52 54
0.055227 0.006204 0.439000 96 107 107
0.107707 0.005908 0.418000 134 137 136
0.108788 0.005908 0.418000 59 69 72
0.109868 0.005908 0.418000 59 69 72
0.111215 0.005922 0.419000 52 66 70
0.112298 0.005922 0.419000 52 66 70
0.113382 0.005922 0.419000 54 71 74
0.114738 0.005936 0.420000 61 78 81
0.115824 0.005936 0.420000 48 67 67
0.117188 0.005950 0.421000 42 61 61
0.119120 0.005992 0.424000 59 80 67
0.120216 0.005992 0.424000 81 102 89
0.121885 0.006021 0.426000 79 105 81
0.123564 0.006049 0.428000 81 107 83
0.124962 0.006063 0.429000 83 118 78
0.126365 0.006077 0.430000 82 117 77
0.128366 0.006120 0.433000 84 122 76
0.130084 0.006148 0.435000 93 131 85
0.132942 0.006176 0.437000 71 113 70
0.134685 0.006204 0.439000 74 113 78
0.136130 0.006219 0.440000 91 130 95
-0.041257 0.007341 0.439000 87 116 84
-0.040122 0.007341 0.439000 96 125 95
-0.038987 0.007341 0.439000 50 79 49
-0.037852 0.007341 0.439000 31 50 38
-0.036717 0.007341 0.439000 40 59 47
-0.035582 0.007341 0.439000 36 52 43
-0.034447 0.007341 0.439000 36 52 43
-0.033312 0.007341 0.439000 34 45 41
-0.032177 0.007341 0.439000 48 59 55
0.031390 0.007341 0.439000 41 51 56
0.032525 0.007341 0.439000 36 50 56
0.033737 0.007358 0.440000 36 50 56
0.035033 0.007391 0.442000 35 52 55
0.036258 0.007408 0.443000 34 51 54
0.037403 0.007408 0.443000 35 52 53
0.038549 0.007408 0.443000 36 53 54
0.039694 0.007408 0.443000 36 53 54
0.040839 0.007408 0.443000 36 53 54
0.041985 0.007408 0.443000 35 52 53
0.043130 0.007408 0.443000 34 51 52
0.044276 0.007408 0.443000 33 52 52
0.045216 0.007374 0.441000 33 52 52
0.046357 0.007374 0.441000 35 54 56
0.047497 0.007374 0.441000 35 54 56
0.048527 0.007358 0.440000 40 57 58
0.049665 0.007358 0.440000 50 67 68
0.050802 0.007358 0.440000 82 93 91
0.107707 0.006990 0.418000 60 66 66
0.108788 0.006990 0.418000 52 65 64
0.109868 0.006990 0.418000 56 69 68
0.111215 0.007007 0.419000 54 68 70
0.112298 0.007007 0.419000 61 75 77
0.114738 0.007023 0.420000 47 66 68
0.116100 0.007040 0.421000 37 57 54
0.118024 0.007090 0.424000 59 79 76
0.119401 0.007107 0.425000 81 101 86
0.121067 0.007140 0.427000 82 102 87
0.123852 0.007174 0.429000 83 106 83
0.125253 0.007191 0.430000 85 117 78
0.126952 0.007224 0.432000 86 118 79
0.128662 0.007257 0.434000 84 122 74
0.130084 0.007274 0.435000 94 132 84
0.131510 0.007291 0.436000 92 135 89
0.134378 0.007324 0.438000 62 103 67
0.135820 0.007341 0.439000 88 129 93
0.137267 0.007358 0.440000 110 143 115
-0.041069 0.008439 0.437000 89 116 85
-0.038810 0.008439 0.437000 50 79 49
-0.037680 0.008439 0.437000 34 53 43
-0.036550 0.008439 0.437000 40 59 49
-0.035420 0.008439 0.437000 34 52 48
-0.034290 0.008439 0.437000 36 54 50
-0.033160 0.008439 0.437000 38 49 47
0.033737 0.008497 0.440000 82 95 94
0.034874 0.008497 0.440000 74 87 86
0.036094 0.008516 0.441000 64 77 76
0.037319 0.008536 0.442000 62 70 69
0.038375 0.008516 0.441000 60 68 67
0.039604 0.008536 0.442000 61 69 68
0.040747 0.008536 0.442000 61 69 68
0.041890 0.008536 0.442000 57 65 64
0.042936 0.008516 0.441000 64 72 71
0.044076 0.008516 0.441000 68 81 80
0.045216 0.008516 0.441000 79 92 91
0.106371 0.008053 0.417000 64 72 71
0.107449 0.008053 0.417000 56 64 63
0.108527 0.008053 0.417000 56 69 68
0.109606 0.008053 0.417000 57 70 69
0.110949 0.008072 0.418000 57 75 73
0.112298 0.008091 0.419000 61 79 77
0.114738 0.008111 0.420000 40 58 56
0.118024 0.008188 0.424000 84 102 96
0.119682 0.008227 0.426000 83 100 86
0.122743 0.008285 0.429000 82 103 81
0.124141 0.008304 0.430000 85 106 84
0.125253 0.008304 0.430000 87 117 78
0.126952 0.008343 0.432000 88 118 79
0.128662 0.008381 0.434000 84 122 74
0.130084 0.008400 0.435000 91 129 81
0.131510 0.008420 0.436000 87 130 82
0.134378 0.008458 0.438000 62 103 65
0.135820 0.008478 0.439000 85 126 88
0.136955 0.008478 0.439000 102 135 107
-0.040881 0.009527 0.435000 92 119 88
-0.039757 0.009527 0.435000 98 127 97
-0.038632 0.009527 0.435000 49 78 48
-0.037507 0.009527 0.435000 34 53 43
-0.036382 0.009527 0.435000 39 58 48
-0.035258 0.009527 0.435000 34 52 46
-0.034133 0.009527 0.435000 35 53 47
-0.033008 0.009527 0.435000 33 44 44
-0.031883 0.009527 0.435000 48 59 59
0.106371 0.009133 0.417000 57 70 69
0.107449 0.009133 0.417000 57 70 69
0.108527 0.009133 0.417000 58 73 72
0.109606 0.009133 0.417000 62 77 76
0.111215 0.009176 0.419000 62 80 78
0.115558 0.009264 0.423000 69 87 85
0.122743 0.009395 0.429000 84 105 83
0.124141 0.009417 0.430000 89 110 88
0.125544 0.009439 0.431000 86 116 79
0.126952 0.009461 0.432000 88 118 81
0.128662 0.009505 0.434000 87 123 76
0.130084 0.009527 0.435000 89 125 78
0.131208 0.009527 0.435000 91 134 86
0.134072 0.009571 0.437000 60 100 60
0.135820 0.009614 0.439000 84 124 84
0.136955 0.009614 0.439000 97 130 102
-0.039757 0.010653 0.435000 98 127 97
-0.038632 0.010653 0.435000 51 80 50
-0.037507 0.010653 0.435000 30 51 38
-0.036382 0.010653 0.435000 34 55 42
-0.035258 0.010653 0.435000 34 52 46
-0.034133 0.010653 0.435000 36 54 48
-0.033008 0.010653 0.435000 33 44 42
-0.031883 0.010653 0.435000 44 55 53
0.102889 0.010188 0.416000 115 121 119
0.104214 0.010212 0.417000 59 70 68
0.105040 0.010188 0.416000 55 66 64
0.106371 0.010212 0.417000 51 66 63
0.107449 0.010212 0.417000 56 71 68
0.108527 0.010212 0.417000 58 77 77
0.110131 0.010261 0.419000 60 79 79
0.123315 0.010555 0.431000 85 106 84
0.124718 0.010580 0.432000 90 111 89
0.125835 0.010580 0.432000 87 117 80
0.127246 0.010604 0.433000 89 119 82
0.128662 0.010629 0.434000 88 124 77
0.129785 0.010629 0.434000 90 126 79
0.131208 0.010653 0.435000 94 135 88
0.134072 0.010702 0.437000 60 100 58
0.135511 0.010727 0.438000 84 124 82
0.136955 0.010751 0.439000 97 131 100
-0.038632 0.011779 0.435000 55 84 54
-0.037507 0.011779 0.435000 31 52 39
-0.036382 0.011779 0.435000 34 55 42
-0.035258 0.011779 0.435000 34 52 46
-0.034133 0.011779 0.435000 36 54 48
-0.033008 0.011779 0.435000 37 50 47
-0.031883 0.011779 0.435000 39 52 49
0.102889 0.011265 0.416000 60 66 68
0.104214 0.011292 0.417000 55 70 69
0.105293 0.011292 0.417000 50 65 64
0.106371 0.011292 0.417000 48 68 65
0.107449 0.011292 0.417000 56 76 73
0.108527 0.011292 0.417000 56 79 75
0.120529 0.011725 0.433000 88 100 92
0.121367 0.011698 0.432000 87 101 90
0.122484 0.011698 0.432000 89 103 92
0.123888 0.011725 0.433000 90 110 91
0.125007 0.011725 0.433000 90 110 91
0.126127 0.011725 0.433000 87 116 82
0.127540 0.011752 0.434000 87 116 82
0.128662 0.011752 0.434000 84 122 76
0.129785 0.011752 0.434000 89 127 81
0.131208 0.011779 0.435000 91 132 85
0.132637 0.011806 0.436000 60 101 54
0.135201 0.011834 0.437000 79 120 75
0.136955 0.011888 0.439000 96 130 97
0.138090 0.011888 0.439000 117 151 118
-0.034054 0.012876 0.434000 35 53 49
-0.033008 0.012906 0.435000 35 48 45
-0.031883 0.012906 0.435000 40 53 50
0.102889 0.012342 0.416000 58 63 68
0.103965 0.012342 0.416000 50 64 66
0.105293 0.012372 0.417000 51 65 67
0.106116 0.012342 0.416000 51 74 70
0.107449 0.012372 0.417000 51 74 70
0.108527 0.012372 0.417000 35 57 56
0.121929 0.012876 0.434000 90 102 92
0.123051 0.012876 0.434000 91 103 93
0.124174 0.012876 0.434000 89 109 90
0.125296 0.012876 0.434000 91 111 92
0.126418 0.012876 0.434000 88 117 85
0.127540 0.012876 0.434000 87 116 84
0.128662 0.012876 0.434000 83 121 75
0.129785 0.012876 0.434000 90 128 82
0.131208 0.012906 0.435000 91 134 86
0.132333 0.012906 0.435000 59 102 54
0.133765 0.012935 0.436000 63 105 62
0.136643 0.012995 0.438000 97 131 98
0.138090 0.013024 0.439000 109 143 110
-0.032932 0.014000 0.434000 33 46 43
-0.031810 0.014000 0.434000 38 51 48
0.102889 0.013419 0.416000 59 66 72
0.103965 0.013419 0.416000 51 65 69
0.105293 0.013451 0.417000 56 70 74
0.106626 0.013484 0.418000 53 72 74
0.107965 0.013516 0.419000 33 52 54
0.122210 0.014032 0.435000 90 102 92
0.123335 0.014032 0.435000 91 103 93
0.124460 0.014032 0.435000 89 109 90
0.125296 0.014000 0.434000 91 111 92
0.126418 0.014000 0.434000 88 117 85
0.127540 0.014000 0.434000 88 117 85
0.128662 0.014000 0.434000 80 121 76
0.129785 0.014000 0.434000 92 133 88
0.130907 0.014000 0.434000 93 136 88
0.132333 0.014032 0.435000 51 94 46
0.133765 0.014064 0.436000 57 99 58
0.136331 0.014097 0.437000 95 131 97
0.138090 0.014161 0.439000 102 138 104
-0.032932 0.015124 0.434000 36 51 48
0.102058 0.014531 0.417000 59 69 74
0.103136 0.014531 0.417000 59 69 74
0.104464 0.014566 0.418000 55 72 77
0.105545 0.014566 0.418000 53 70 75
0.122772 0.015228 0.437000 91 104 91
0.123335 0.015158 0.435000 91 104 91
0.124460 0.015158 0.435000 89 109 90
0.125296 0.015124 0.434000 92 112 93
0.126418 0.015124 0.434000 89 118 86
0.127540 0.015124 0.434000 89 118 86
0.128662 0.015124 0.434000 84 121 80
0.129785 0.015124 0.434000 93 130 89
0.130907 0.015124 0.434000 93 136 90
0.132333 0.015158 0.435000 47 90 44
0.137776 0.015263 0.438000 103 139 107
0.104714 0.015686 0.419000 55 69 73
0.105798 0.015686 0.419000 38 52 56
0.122772 0.016360 0.437000 91 104 89
0.123335 0.016285 0.435000 91 104 89
0.124460 0.016285 0.435000 88 108 89
0.125296 0.016247 0.434000 93 113 94
0.126418 0.016247 0.434000 90 121 89
0.127540 0.016247 0.434000 89 120 88
0.128662 0.016247 0.434000 86 126 84
0.129785 0.016247 0.434000 91 131 89
0.130907 0.016247 0.434000 90 133 87
0.132029 0.016247 0.434000 43 86 40
0.133458 0.016285 0.435000 60 101 63
0.134892 0.016322 0.436000 79 120 82
0.137461 0.016360 0.437000 97 133 99
0.103631 0.016771 0.419000 56 70 72
0.104964 0.016811 0.420000 36 50 52
0.121921 0.017531 0.438000 90 103 90
0.122210 0.017411 0.435000 91 104 89
0.123335 0.017411 0.435000 90 103 88
0.124460 0.017411 0.435000 89 110 88
0.125296 0.017371 0.434000 91 112 90
0.126418 0.017371 0.434000 90 121 89
0.127246 0.017331 0.433000 89 120 88
0.128366 0.017331 0.433000 90 127 88
0.129486 0.017331 0.433000 94 131 92
0.130907 0.017371 0.434000 92 134 93
0.132029 0.017371 0.434000 41 83 42
0.133151 0.017371 0.434000 59 99 59
0.134583 0.017411 0.435000 85 125 85
0.137461 0.017491 0.437000 96 135 98
0.121921 0.018665 0.438000 91 104 91
0.122210 0.018537 0.435000 90 103 88
0.123335 0.018537 0.435000 93 106 91
0.124174 0.018495 0.434000 90 111 89
0.125296 0.018495 0.434000 93 114 92
0.126127 0.018452 0.433000 92 123 91
0.127246 0.018452 0.433000 90 121 89
0.128366 0.018452 0.433000 90 127 88
0.129486 0.018452 0.433000 95 132 93
0.130605 0.018452 0.433000 91 132 94
0.132029 0.018495 0.434000 38 79 41
0.133151 0.018495 0.434000 53 95 54
0.134583 0.018537 0.435000 90 132 91
0.136019 0.018580 0.436000 95 132 93
0.096340 0.019664 0.435000 146 152 152
0.102675 0.019166 0.424000 52 67 66
0.121364 0.019709 0.436000 91 103 93
0.122210 0.019664 0.435000 89 104 88
0.123051 0.019618 0.434000 92 107 91
0.124174 0.019618 0.434000 87 110 87
0.125296 0.019618 0.434000 94 117 94
0.126127 0.019573 0.433000 90 121 89
0.126952 0.019528 0.432000 90 121 89
0.128069 0.019528 0.432000 90 127 86
0.129186 0.019528 0.432000 95 132 91
0.130303 0.019528 0.432000 85 126 88
0.131725 0.019573 0.433000 40 81 43
0.133151 0.019618 0.434000 64 106 65
0.134583 0.019664 0.435000 88 130 89
0.135707 0.019664 0.435000 97 134 95
-0.031197 0.017827 0.373000 33 53 36
-0.030232 0.017827 0.373000 42 57 52
-0.029268 0.017827 0.373000 42 57 52
-0.028304 0.017827 0.373000 38 56 52
-0.027339 0.017827 0.373000 38 56 52
0.095216 0.020790 0.435000 140 146 148
0.102537 0.020455 0.428000 44 59 58
0.103644 0.020455 0.428000 43 58 57
0.121085 0.020790 0.435000 90 104 95
0.122210 0.020790 0.435000 90 106 95
0.123051 0.020742 0.434000 91 107 96
0.124174 0.020742 0.434000 86 112 88
0.125007 0.020694 0.433000 92 118 94
0.125835 0.020647 0.432000 87 121 86
0.126952 0.020647 0.432000 87 121 86
0.128069 0.020647 0.432000 91 128 87
0.129186 0.020647 0.432000 96 133 92
0.130303 0.020647 0.432000 78 119 81
0.131725 0.020694 0.433000 37 78 40
0.133151 0.020742 0.434000 74 114 74
0.134273 0.020742 0.434000 89 129 89
0.135707 0.020790 0.435000 97 134 93
0.137147 0.020838 0.436000 95 132 91
-0.030232 0.018793 0.373000 41 56 51
-0.029268 0.018793 0.373000 42 57 52
-0.028304 0.018793 0.373000 36 54 52
-0.027339 0.018793 0.373000 36 54 52
-0.026375 0.018793 0.373000 34 48 50
0.093875 0.021866 0.434000 140 146 146
0.094997 0.021866 0.434000 84 91 95
0.101667 0.021614 0.429000 42 56 60
0.102776 0.021614 0.429000 45 56 54
0.103886 0.021614 0.429000 97 108 106
0.121085 0.021916 0.435000 92 106 97
0.121929 0.021866 0.434000 88 104 93
0.123051 0.021866 0.434000 90 106 95
0.123888 0.021815 0.433000 88 114 90
0.124718 0.021765 0.432000 92 118 94
0.125835 0.021765 0.432000 87 122 84
0.126952 0.021765 0.432000 88 123 85
0.127773 0.021715 0.431000 90 128 84
0.128887 0.021715 0.431000 96 134 90
0.130002 0.021715 0.431000 70 111 73
0.131421 0.021765 0.432000 38 79 41
0.132844 0.021815 0.433000 81 121 81
0.134273 0.021866 0.434000 92 132 92
0.135707 0.021916 0.435000 94 134 92
0.137147 0.021967 0.436000 95 135 93
-0.030232 0.019758 0.373000 38 53 48
-0.029268 0.019758 0.373000 44 59 54
-0.028304 0.019758 0.373000 38 56 54
-0.027412 0.019811 0.374000 38 56 54
-0.026445 0.019811 0.374000 38 52 54
0.092752 0.022990 0.434000 138 146 147
0.093875 0.022990 0.434000 84 92 93
0.121929 0.022990 0.434000 90 106 95
0.122768 0.022937 0.433000 92 108 97
0.123601 0.022884 0.432000 87 115 88
0.124718 0.022884 0.432000 89 117 90
0.125544 0.022831 0.431000 84 120 84
0.126659 0.022831 0.431000 87 123 87
0.127477 0.022778 0.430000 88 125 84
0.128588 0.022778 0.430000 97 134 93
0.129700 0.022778 0.430000 70 111 73
0.131116 0.022831 0.431000 41 82 44
0.132844 0.022937 0.433000 86 126 86
0.134273 0.022990 0.434000 89 129 89
0.135395 0.022990 0.434000 93 133 91
0.136832 0.023043 0.435000 96 136 94
-0.029346 0.020780 0.374000 43 61 55
-0.028379 0.020780 0.374000 41 59 57
-0.027412 0.020780 0.374000 39 57 55
-0.026445 0.020780 0.374000 38 52 54
-0.025478 0.020780 0.374000 37 51 53
0.092752 0.024113 0.434000 73 83 88
0.093658 0.024058 0.433000 51 61 66
0.094559 0.024002 0.432000 54 66 72
0.095676 0.024002 0.432000 51 63 69
0.121648 0.024058 0.433000 90 110 95
0.122768 0.024058 0.433000 89 109 94
0.123601 0.024002 0.432000 86 116 89
0.124430 0.023947 0.431000 87 117 90
0.125253 0.023891 0.430000 87 121 86
0.126365 0.023891 0.430000 88 122 87
0.127477 0.023891 0.430000 90 127 86
0.128588 0.023891 0.430000 97 134 93
0.129700 0.023891 0.430000 71 110 73
0.130812 0.023891 0.430000 48 87 50
0.132538 0.024002 0.432000 88 127 90
0.133964 0.024058 0.433000 87 126 89
0.135395 0.024113 0.434000 94 133 96
0.136832 0.024169 0.435000 93 132 95
0.138274 0.024224 0.436000 124 150 126
-0.029425 0.021806 0.375000 44 59 54
-0.028455 0.021806 0.375000 41 58 59
-0.027486 0.021806 0.375000 40 57 58
-0.026516 0.021806 0.375000 40 54 58
-0.025546 0.021806 0.375000 36 50 54
0.090508 0.025237 0.434000 121 128 134
0.092539 0.025179 0.433000 50 62 68
0.093442 0.025121 0.432000 57 69 75
0.095676 0.025121 0.432000 52 66 70
0.100144 0.025121 0.432000 63 77 79
0.101261 0.025121 0.432000 130 138 137
0.121648 0.025179 0.433000 91 111 96
0.122484 0.025121 0.432000 91 111 96
0.123315 0.025063 0.431000 86 116 89
0.124141 0.025004 0.430000 87 117 90
0.125253 0.025004 0.430000 88 122 87
0.126365 0.025004 0.430000 88 122 87
0.127180 0.024946 0.429000 93 130 89
0.128289 0.024946 0.429000 97 134 93
0.129399 0.024946 0.429000 73 112 75
0.130812 0.025004 0.430000 53 92 55
0.132231 0.025063 0.431000 79 120 82
0.133655 0.025121 0.432000 86 127 89
0.135395 0.025237 0.434000 94 133 96
0.138274 0.025353 0.436000 123 149 125
-0.030395 0.022777 0.375000 43 58 53
-0.029425 0.022777 0.375000 43 58 53
-0.028455 0.022777 0.375000 41 60 62
-0.027486 0.022777 0.375000 39 58 60
-0.026516 0.022777 0.375000 40 57 62
-0.024642 0.022838 0.376000 65 77 79
0.088467 0.026421 0.435000 147 153 155
0.089386 0.026361 0.434000 113 119 121
0.090508 0.026361 0.434000 64 74 79
0.091419 0.026300 0.433000 51 61 66
0.100608 0.026361 0.434000 135 146 144
0.121367 0.026239 0.432000 91 111 94
0.122201 0.026179 0.431000 92 112 95
0.123029 0.026118 0.430000 86 117 87
0.124141 0.026118 0.430000 86 117 87
0.125253 0.026118 0.430000 87 122 84
0.126071 0.026057 0.429000 88 123 85
0.127180 0.026057 0.429000 90 127 86
0.128289 0.026057 0.429000 91 128 87
0.129399 0.026057 0.429000 72 111 74
0.130508 0.026057 0.429000 61 100 63
0.131924 0.026118 0.430000 87 128 92
0.133655 0.026239 0.432000 87 128 92
-0.029503 0.023811 0.376000 36 51 46
-0.028531 0.023811 0.376000 40 59 59
-0.027559 0.023811 0.376000 39 58 58
-0.026587 0.023811 0.376000 39 58 62
-0.025614 0.023811 0.376000 34 53 57
-0.024642 0.023811 0.376000 41 55 57
0.087342 0.027548 0.435000 146 152 152
0.099486 0.027484 0.434000 142 151 144
0.121086 0.027294 0.431000 92 114 98
0.121917 0.027231 0.430000 94 116 100
0.123029 0.027231 0.430000 89 119 92
0.123852 0.027168 0.429000 87 117 90
0.124962 0.027168 0.429000 87 122 84
0.126071 0.027168 0.429000 89 124 86
0.127180 0.027168 0.429000 95 133 89
0.128289 0.027168 0.429000 89 127 83
0.129399 0.027168 0.429000 71 110 73
0.130508 0.027168 0.429000 63 102 65
0.131617 0.027168 0.429000 87 128 92
0.133345 0.027294 0.431000 88 129 93
0.134772 0.027358 0.432000 98 134 100
-0.029503 0.024785 0.376000 35 48 43
-0.028607 0.024851 0.377000 36 53 54
-0.027632 0.024851 0.377000 38 55 56
-0.026657 0.024851 0.377000 37 56 58
-0.025683 0.024851 0.377000 41 60 62
-0.024708 0.024851 0.377000 39 51 55
0.084506 0.028476 0.432000 140 148 147
0.085227 0.028345 0.430000 141 146 151
0.120805 0.028345 0.430000 95 117 101
0.121917 0.028345 0.430000 95 117 101
0.122743 0.028279 0.429000 89 120 90
0.123852 0.028279 0.429000 89 120 90
0.124962 0.028279 0.429000 88 123 85
0.125777 0.028213 0.428000 88 123 85
0.126884 0.028213 0.428000 95 131 88
0.127990 0.028213 0.428000 89 125 82
0.129097 0.028213 0.428000 75 111 77
0.131617 0.028279 0.429000 85 124 89
0.133036 0.028345 0.430000 89 128 93
0.134460 0.028410 0.431000 100 136 102
0.136203 0.028542 0.433000 100 136 102
-0.028607 0.025827 0.377000 40 55 54
-0.027632 0.025827 0.377000 41 56 55
-0.026657 0.025827 0.377000 42 56 58
-0.025683 0.025827 0.377000 45 59 61
-0.024708 0.025827 0.377000 41 55 59
-0.023733 0.025827 0.377000 51 65 69
0.095898 0.029663 0.433000 104 114 117
0.119972 0.029526 0.431000 97 113 104
0.120805 0.029458 0.430000 93 118 101
0.121634 0.029389 0.429000 93 118 101
0.122743 0.029389 0.429000 89 120 90
0.123852 0.029389 0.429000 87 118 88
0.124962 0.029389 0.429000 88 123 83
0.125483 0.029252 0.427000 89 124 84
0.126587 0.029252 0.427000 95 130 90
0.127691 0.029252 0.427000 91 126 86
0.128795 0.029252 0.427000 81 115 82
0.130204 0.029321 0.428000 80 114 81
0.132726 0.029389 0.429000 89 128 93
0.134148 0.029458 0.430000 97 133 99
0.136203 0.029663 0.433000 95 131 97
-0.028607 0.026803 0.377000 39 50 48
-0.027632 0.026803 0.377000 45 56 54
-0.026657 0.026803 0.377000 44 58 60
-0.025683 0.026803 0.377000 44 58 60
-0.024708 0.026803 0.377000 45 59 63
-0.023733 0.026803 0.377000 38 52 56
0.119694 0.030571 0.430000 99 114 109
0.120805 0.030571 0.430000 93 118 101
0.121634 0.030500 0.429000 90 115 98
0.122743 0.030500 0.429000 87 118 88
0.123564 0.030429 0.428000 87 118 88
0.124379 0.030358 0.427000 87 122 82
0.125483 0.030358 0.427000 89 124 84
0.126291 0.030287 0.426000 88 123 83
0.127392 0.030287 0.426000 92 127 87
0.128494 0.030287 0.426000 80 115 77
0.130204 0.030429 0.428000 81 116 78
0.132726 0.030500 0.429000 91 130 93
0.134148 0.030571 0.430000 97 133 99
0.135889 0.030713 0.432000 95 131 97
-0.028607 0.027779 0.377000 41 52 50
-0.027632 0.027779 0.377000 45 56 54
-0.026728 0.027853 0.378000 44 58 60
-0.025751 0.027853 0.378000 43 57 59
-0.024773 0.027853 0.378000 47 61 63
-0.023796 0.027853 0.378000 36 50 52
0.119694 0.031685 0.430000 97 115 109
0.120525 0.031611 0.429000 91 118 100
0.121634 0.031611 0.429000 89 116 98
0.122457 0.031537 0.428000 84 117 89
0.123275 0.031464 0.427000 85 118 90
0.124088 0.031390 0.426000 84 121 82
0.125189 0.031390 0.426000 88 125 86
0.125994 0.031316 0.425000 87 125 81
0.127093 0.031316 0.425000 91 129 85
0.128192 0.031316 0.425000 83 115 78
0.129899 0.031464 0.427000 84 116 79
0.132726 0.031611 0.429000 90 126 90
0.134148 0.031685 0.430000 99 133 100
0.135574 0.031758 0.431000 104 138 105
-0.028683 0.028832 0.378000 55 66 62
-0.027706 0.028832 0.378000 46 57 53
-0.026728 0.028832 0.378000 49 61 63
-0.025819 0.028908 0.379000 45 57 59
-0.024839 0.028908 0.379000 47 59 61
-0.023859 0.028908 0.379000 45 57 59
-0.022879 0.028908 0.379000 43 55 57
0.085620 0.032112 0.421000 51 70 74
0.087326 0.032340 0.424000 45 64 68
0.090152 0.032569 0.427000 64 81 84
0.119415 0.032722 0.429000 96 114 108
0.120525 0.032722 0.429000 92 119 99
0.121067 0.032569 0.427000 91 118 98
0.122171 0.032569 0.427000 84 120 88
0.122986 0.032493 0.426000 83 119 87
0.124088 0.032493 0.426000 83 120 81
0.124895 0.032417 0.425000 88 125 86
0.125994 0.032417 0.425000 84 121 80
0.127093 0.032417 0.425000 100 137 96
0.128192 0.032417 0.425000 81 116 78
0.129899 0.032569 0.427000 82 117 79
0.132726 0.032722 0.429000 93 130 91
0.133836 0.032722 0.429000 94 128 95
0.135574 0.032874 0.431000 109 143 110
-0.028759 0.029889 0.379000 82 94 86
-0.027779 0.029889 0.379000 44 56 48
-0.026799 0.029889 0.379000 50 62 64
-0.025819 0.029889 0.379000 45 57 59
-0.024839 0.029889 0.379000 45 57 59
-0.023922 0.029968 0.380000 49 61 63
-0.022939 0.029968 0.380000 40 53 52
0.077984 0.034148 0.433000 140 148 147
0.084531 0.033202 0.421000 54 68 72
0.086027 0.033359 0.423000 45 59 63
0.087532 0.033517 0.425000 36 50 54
0.119415 0.033833 0.429000 98 114 103
0.119963 0.033675 0.427000 92 118 94
0.121067 0.033675 0.427000 90 116 92
0.121885 0.033596 0.426000 87 121 88
0.122698 0.033517 0.425000 85 119 86
0.123796 0.033517 0.425000 83 120 79
0.124895 0.033517 0.425000 88 125 84
0.125994 0.033517 0.425000 81 118 77
0.127093 0.033517 0.425000 98 135 94
0.128192 0.033517 0.425000 83 118 80
0.129595 0.033596 0.426000 85 120 82
0.131310 0.033754 0.428000 89 126 87
0.133836 0.033833 0.429000 97 128 96
0.135259 0.033911 0.430000 113 144 112
-0.027852 0.030952 0.380000 55 64 55
-0.026870 0.030952 0.380000 49 61 63
-0.025887 0.030952 0.380000 45 57 59
-0.024904 0.030952 0.380000 44 56 58
-0.023922 0.030952 0.380000 46 58 60
-0.022939 0.030952 0.380000 44 57 56
-0.021957 0.030952 0.380000 44 57 56
0.078373 0.034943 0.429000 74 85 85
0.082159 0.034210 0.420000 54 71 74
0.118859 0.034780 0.427000 99 116 102
0.119682 0.034699 0.426000 92 119 90
0.120783 0.034699 0.426000 89 116 87
0.121599 0.034617 0.425000 85 120 82
0.122698 0.034617 0.425000 84 119 81
0.123796 0.034617 0.425000 83 120 79
0.124601 0.034536 0.424000 86 123 82
0.125698 0.034536 0.424000 87 124 83
0.126794 0.034536 0.424000 101 138 97
0.127890 0.034536 0.424000 76 113 74
0.129595 0.034699 0.426000 87 124 85
0.131310 0.034862 0.428000 92 127 87
0.133836 0.034943 0.429000 98 129 97
0.135259 0.035025 0.430000 114 145 113
-0.026940 0.032020 0.381000 43 56 53
-0.025955 0.032020 0.381000 47 60 57
-0.024970 0.032020 0.381000 46 58 60
-0.023985 0.032020 0.381000 43 55 57
-0.023000 0.032020 0.381000 49 62 61
-0.022015 0.032020 0.381000 44 57 56
0.076332 0.036138 0.430000 113 125 127
0.077444 0.036138 0.430000 63 75 77
0.086433 0.035718 0.425000 111 122 122
0.118580 0.035802 0.426000 101 116 100
0.119401 0.035718 0.425000 92 119 90
0.120500 0.035718 0.425000 88 115 86
0.121599 0.035718 0.425000 84 121 82
0.122698 0.035718 0.425000 83 120 81
0.123505 0.035634 0.424000 82 122 80
0.124601 0.035634 0.424000 82 122 80
0.125698 0.035634 0.424000 95 130 92
0.126794 0.035634 0.424000 101 136 98
0.127890 0.035634 0.424000 72 109 68
0.129595 0.035802 0.426000 88 125 84
0.131310 0.035970 0.428000 89 126 85
0.133836 0.036054 0.429000 99 130 100
-0.026940 0.033007 0.381000 49 62 61
-0.025955 0.033007 0.381000 44 57 56
-0.024970 0.033007 0.381000 45 57 59
-0.023985 0.033007 0.381000 44 56 58
-0.023000 0.033007 0.381000 46 59 56
-0.022015 0.033007 0.381000 49 62 59
0.072996 0.037251 0.430000 138 144 142
0.074108 0.037251 0.430000 138 149 147
0.118580 0.036905 0.426000 102 117 101
0.119401 0.036818 0.425000 89 118 86
0.120500 0.036818 0.425000 89 118 86
0.121599 0.036818 0.425000 83 120 81
0.122409 0.036732 0.424000 82 119 80
0.123505 0.036732 0.424000 82 122 82
0.124601 0.036732 0.424000 81 121 81
0.125698 0.036732 0.424000 92 126 91
0.126794 0.036732 0.424000 90 124 89
0.127890 0.036732 0.424000 83 120 79
0.129291 0.036818 0.425000 88 125 84
0.131004 0.036992 0.427000 95 132 91
0.133836 0.037165 0.429000 98 129 99
-0.025955 0.033993 0.381000 41 52 52
-0.024970 0.033993 0.381000 46 58 60
-0.023985 0.033993 0.381000 45 57 59
-0.023060 0.034082 0.382000 45 58 57
-0.022072 0.034082 0.382000 50 63 62
-0.021085 0.034082 0.382000 47 60 55
0.071717 0.038276 0.429000 139 145 143
0.072827 0.038276 0.429000 136 142 140
0.073936 0.038276 0.429000 80 92 96
0.075045 0.038276 0.429000 50 62 66
0.075977 0.038186 0.428000 40 59 63
0.077083 0.038186 0.428000 44 63 67
0.078190 0.038186 0.428000 48 65 68
0.118302 0.037919 0.425000 98 115 99
0.119401 0.037919 0.425000 89 120 88
0.120500 0.037919 0.425000 87 118 86
0.121312 0.037830 0.424000 83 120 81
0.122409 0.037830 0.424000 83 120 81
0.123505 0.037830 0.424000 81 121 79
0.124601 0.037830 0.424000 68 108 66
0.125698 0.037830 0.424000 98 134 98
0.126794 0.037830 0.424000 84 120 84
0.127890 0.037830 0.424000 82 122 80
0.129291 0.037919 0.425000 89 129 87
0.131004 0.038097 0.427000 98 135 96
0.133836 0.038276 0.429000 109 137 110
-0.026023 0.035071 0.382000 56 64 63
-0.025036 0.035071 0.382000 45 57 59
-0.024048 0.035071 0.382000 49 61 63
-0.023060 0.035071 0.382000 44 56 58
-0.022072 0.035071 0.382000 46 58 60
-0.020149 0.035163 0.383000 44 59 58
0.070608 0.039386 0.429000 137 146 139
0.071717 0.039386 0.429000 121 129 128
0.072827 0.039386 0.429000 72 80 79
0.073763 0.039295 0.428000 49 62 71
0.074695 0.039203 0.427000 45 58 67
0.076903 0.039203 0.427000 46 64 71
0.078007 0.039203 0.427000 48 67 69
0.083919 0.039386 0.429000 142 155 154
0.115546 0.039203 0.427000 110 123 120
0.118302 0.039019 0.425000 96 116 101
0.119401 0.039019 0.425000 89 118 86
0.120216 0.038927 0.424000 88 117 85
0.121312 0.038927 0.424000 82 119 80
0.122409 0.038927 0.424000 83 120 81
0.123505 0.038927 0.424000 79 119 77
0.124308 0.038836 0.423000 67 107 65
0.125401 0.038836 0.423000 94 130 94
0.126495 0.038836 0.423000 83 119 83
0.127890 0.038927 0.424000 85 125 85
0.129291 0.039019 0.425000 91 131 91
0.131004 0.039203 0.427000 101 137 101
0.132417 0.039295 0.428000 97 133 97
-0.024111 0.036155 0.383000 49 62 61
-0.023120 0.036155 0.383000 45 57 59
-0.022130 0.036155 0.383000 45 57 59
-0.021140 0.036155 0.383000 45 60 59
-0.020149 0.036155 0.383000 49 64 63
-0.019159 0.036155 0.383000 44 59 54
0.068390 0.040497 0.429000 134 142 139
0.069499 0.040497 0.429000 138 146 143
0.070608 0.040497 0.429000 113 121 118
0.071550 0.040403 0.428000 64 71 75
0.072657 0.040403 0.428000 61 68 72
0.073591 0.040308 0.427000 53 64 73
0.074695 0.040308 0.427000 53 64 73
0.114978 0.040497 0.429000 105 116 114
0.115546 0.040308 0.427000 110 123 120
0.116377 0.040214 0.426000 108 121 118
0.119120 0.040025 0.424000 94 120 94
0.120216 0.040025 0.424000 92 118 92
0.121312 0.040025 0.424000 84 118 85
0.122120 0.039931 0.423000 85 119 86
0.123214 0.039931 0.423000 76 112 76
0.124308 0.039931 0.423000 74 110 74
0.125401 0.039931 0.423000 88 123 85
0.126495 0.039931 0.423000 85 120 82
0.127890 0.040025 0.424000 87 127 87
0.129291 0.040120 0.425000 94 134 94
0.131004 0.040308 0.427000 98 134 100
0.132417 0.040403 0.428000 94 130 96
-0.024111 0.037146 0.383000 45 56 54
-0.023120 0.037146 0.383000 49 61 63
-0.022130 0.037146 0.383000 44 56 58
-0.021140 0.037146 0.383000 46 59 58
-0.020202 0.037243 0.384000 49 62 61
-0.019209 0.037243 0.384000 41 59 55
-0.018216 0.037243 0.384000 45 63 59
0.066171 0.041608 0.429000 129 140 136
0.067280 0.041608 0.429000 137 145 142
0.068230 0.041511 0.428000 134 142 139
0.069337 0.041511 0.428000 97 105 106
0.070443 0.041511 0.428000 57 65 66
0.071383 0.041414 0.427000 52 62 67
0.072487 0.041414 0.427000 51 61 66
0.073591 0.041414 0.427000 53 65 69
0.074695 0.041414 0.427000 57 69 73
0.075799 0.041414 0.427000 55 69 73
0.080591 0.041608 0.429000 109 121 123
0.114442 0.041414 0.427000 114 125 123
0.115276 0.041317 0.426000 109 122 121
0.116104 0.041220 0.425000 108 121 120
0.120216 0.041123 0.424000 99 124 103
0.121026 0.041026 0.423000 89 119 92
0.122120 0.041026 0.423000 99 129 102
0.122923 0.040929 0.422000 63 97 64
0.124014 0.040929 0.422000 74 108 75
0.125105 0.040929 0.422000 84 116 79
0.126495 0.041026 0.423000 87 119 82
0.127890 0.041123 0.424000 91 128 89
0.129291 0.041220 0.425000 97 134 95
0.130697 0.041317 0.426000 99 133 102
0.132417 0.041511 0.428000 104 138 107
-0.024111 0.038138 0.383000 57 65 62
-0.023181 0.038238 0.384000 38 51 50
-0.022188 0.038238 0.384000 43 56 55
-0.021195 0.038238 0.384000 42 57 56
-0.020202 0.038238 0.384000 44 59 58
-0.019209 0.038238 0.384000 46 64 62
-0.018216 0.038238 0.384000 46 64 62
-0.017223 0.038238 0.384000 48 68 61
0.066171 0.042719 0.429000 135 146 142
0.067123 0.042619 0.428000 117 128 128
0.068230 0.042619 0.428000 75 86 86
0.069175 0.042520 0.427000 55 65 70
0.070279 0.042520 0.427000 52 62 67
0.071216 0.042420 0.426000 46 58 60
0.072487 0.042520 0.427000 49 61 63
0.073419 0.042420 0.426000 52 64 66
0.074695 0.042520 0.427000 57 69 71
0.075799 0.042520 0.427000 50 60 63
0.077083 0.042619 0.428000 41 51 54
0.113869 0.042719 0.429000 112 120 117
0.114442 0.042520 0.427000 114 122 119
0.115276 0.042420 0.426000 110 123 120
0.116104 0.042320 0.425000 108 121 118
0.119933 0.042121 0.423000 116 138 120
0.120740 0.042022 0.422000 120 145 124
0.121831 0.042022 0.422000 108 133 112
0.122923 0.042022 0.422000 62 93 63
0.124014 0.042022 0.422000 78 109 79
0.125105 0.042022 0.422000 87 122 82
0.126495 0.042121 0.423000 91 126 86
0.127890 0.042221 0.424000 93 130 91
0.128987 0.042221 0.424000 98 135 96
0.130697 0.042420 0.426000 100 130 103
0.132417 0.042619 0.428000 125 155 128
-0.023181 0.039232 0.384000 43 54 52
-0.022188 0.039232 0.384000 47 58 56
-0.021195 0.039232 0.384000 42 57 56
-0.020202 0.039232 0.384000 42 57 56
-0.019209 0.039232 0.384000 43 60 61
-0.018216 0.039232 0.384000 48 65 66
-0.017268 0.039334 0.385000 40 63 59
-0.016273 0.039334 0.385000 52 75 71
0.062843 0.043830 0.429000 128 136 133
0.064910 0.043727 0.428000 131 142 140
0.066017 0.043727 0.428000 103 114 112
0.066967 0.043625 0.427000 59 71 75
0.068071 0.043625 0.427000 51 63 67
0.069013 0.043523 0.426000 46 58 62
0.070114 0.043523 0.426000 49 61 65
0.071049 0.043421 0.425000 44 58 60
0.072317 0.043523 0.426000 48 62 64
0.073419 0.043523 0.426000 48 62 64
0.074695 0.043625 0.427000 42 56 58
0.075799 0.043625 0.427000 41 52 52
0.077083 0.043727 0.428000 86 97 97
0.078190 0.043727 0.428000 139 145 145
0.113869 0.043830 0.429000 108 119 115
0.114442 0.043625 0.427000 112 123 119
0.115276 0.043523 0.426000 110 123 120
0.116104 0.043421 0.425000 109 122 119
0.119933 0.043217 0.423000 118 138 121
0.120740 0.043114 0.422000 124 149 128
0.121543 0.043012 0.421000 99 124 103
0.122631 0.043012 0.421000 66 97 67
0.123720 0.043012 0.421000 82 113 83
0.125105 0.043114 0.422000 86 123 82
0.126196 0.043114 0.422000 89 126 85
0.127890 0.043319 0.424000 95 132 93
0.128987 0.043319 0.424000 95 132 93
0.130390 0.043421 0.425000 98 128 103
-0.022188 0.040226 0.384000 39 50 46
-0.021195 0.040226 0.384000 43 56 55
-0.020255 0.040331 0.385000 44 57 56
-0.019259 0.040331 0.385000 40 57 58
-0.018264 0.040331 0.385000 43 60 61
-0.017268 0.040331 0.385000 45 65 62
-0.016273 0.040331 0.385000 41 61 58
0.061734 0.044940 0.429000 131 139 136
0.062697 0.044836 0.428000 138 146 145
0.063803 0.044836 0.428000 125 133 132
0.064758 0.044731 0.427000 87 99 101
0.065862 0.044731 0.427000 45 57 59
0.066810 0.044626 0.426000 52 66 72
0.067911 0.044626 0.426000 47 61 67
0.068851 0.044521 0.425000 47 61 65
0.069950 0.044521 0.425000 48 62 66
0.071216 0.044626 0.426000 43 60 63
0.072317 0.044626 0.426000 42 59 62
0.073419 0.044626 0.426000 37 51 55
0.074695 0.044731 0.427000 42 56 60
0.075799 0.044731 0.427000 103 111 108
0.113338 0.044731 0.427000 111 122 120
0.114174 0.044626 0.426000 111 122 120
0.115005 0.044521 0.425000 108 123 120
0.116104 0.044521 0.425000 109 124 121
0.116927 0.044417 0.424000 110 129 119
0.118024 0.044417 0.424000 113 132 122
0.118839 0.044312 0.423000 117 137 122
0.119649 0.044207 0.422000 119 139 124
0.120454 0.044102 0.421000 115 140 119
0.121254 0.043997 0.420000 82 107 86
0.123720 0.044102 0.421000 84 115 83
0.124808 0.044102 0.421000 87 124 83
0.126495 0.044312 0.423000 94 131 90
0.127890 0.044417 0.424000 96 135 100
0.128987 0.044417 0.424000 98 137 102
0.130390 0.044521 0.425000 108 135 115
-0.022246 0.041328 0.385000 69 76 70
-0.021250 0.041328 0.385000 41 52 52
-0.020255 0.041328 0.385000 43 54 54
-0.019259 0.041328 0.385000 39 57 55
-0.018264 0.041328 0.385000 41 59 57
-0.017268 0.041328 0.385000 45 65 62
-0.016273 0.041328 0.385000 45 65 62
0.059377 0.045944 0.428000 128 136 133
0.060483 0.045944 0.428000 133 141 138
0.061590 0.045944 0.428000 134 142 139
0.062550 0.045836 0.427000 104 114 117
0.063654 0.045836 0.427000 68 78 81
0.064607 0.045729 0.426000 44 58 64
0.065708 0.045729 0.426000 47 61 67
0.066653 0.045622 0.425000 45 59 63
0.067752 0.045622 0.425000 48 62 66
0.068851 0.045622 0.425000 52 66 70
0.069950 0.045622 0.425000 50 64 68
0.071049 0.045622 0.425000 37 51 55
0.072147 0.045622 0.425000 34 48 52
0.073419 0.045729 0.426000 58 69 69
0.074695 0.045836 0.427000 116 127 127
0.113338 0.045836 0.427000 114 125 123
0.113906 0.045622 0.425000 115 126 124
0.115005 0.045622 0.425000 111 126 121
0.115831 0.045514 0.424000 109 124 119
0.118558 0.045300 0.422000 118 137 125
0.119366 0.045192 0.421000 120 139 127
0.120454 0.045192 0.421000 98 125 105
0.121254 0.045085 0.420000 79 106 86
0.123720 0.045192 0.421000 86 117 83
0.124808 0.045192 0.421000 90 127 86
0.126196 0.045300 0.422000 96 133 92
0.127890 0.045514 0.424000 98 134 102
0.128987 0.045514 0.424000 101 137 105
-0.021250 0.042325 0.385000 62 68 68
-0.020255 0.042325 0.385000 44 50 50
-0.019259 0.042325 0.385000 45 58 57
-0.018264 0.042325 0.385000 44 57 56
-0.017268 0.042325 0.385000 41 59 57
-0.016273 0.042325 0.385000 45 63 61
-0.015277 0.042325 0.385000 48 66 64
0.058270 0.047052 0.428000 133 139 139
0.059377 0.047052 0.428000 135 141 141
0.060342 0.046942 0.427000 118 129 129
0.061446 0.046942 0.427000 80 91 91
0.062550 0.046942 0.427000 49 63 67
0.063505 0.046832 0.426000 50 64 68
0.064455 0.046722 0.425000 44 58 64
0.065554 0.046722 0.425000 45 59 65
0.066653 0.046722 0.425000 48 62 66
0.067752 0.046722 0.425000 49 63 67
0.068851 0.046722 0.425000 49 63 67
0.069950 0.046722 0.425000 41 55 59
0.071049 0.046722 0.425000 40 52 54
0.072317 0.046832 0.426000 80 92 94
0.073419 0.046832 0.426000 137 145 144
0.112234 0.046942 0.427000 114 122 121
0.113073 0.046832 0.426000 112 123 119
0.114735 0.046612 0.424000 109 124 119
0.115831 0.046612 0.424000 109 124 119
0.118277 0.046282 0.421000 113 135 119
0.119366 0.046282 0.421000 99 121 105
0.120168 0.046172 0.420000 79 106 84
0.121254 0.046172 0.420000 84 111 89
0.122340 0.046172 0.420000 85 119 84
0.124808 0.046282 0.421000 94 131 92
0.126495 0.046502 0.423000 97 134 95
0.127890 0.046612 0.424000 102 135 107
0.128987 0.046612 0.424000 108 141 113
-0.020255 0.043322 0.385000 50 54 49
-0.019259 0.043322 0.385000 44 55 53
-0.018264 0.043322 0.385000 45 56 54
-0.017268 0.043322 0.385000 42 57 56
-0.016273 0.043322 0.385000 45 60 59
-0.015317 0.043434 0.386000 49 63 65
-0.014319 0.043434 0.386000 49 63 65
0.057030 0.048048 0.427000 133 141 140
0.058134 0.048048 0.427000 138 145 149
0.059238 0.048048 0.427000 106 113 117
0.060342 0.048048 0.427000 67 79 81
0.061302 0.047935 0.426000 47 59 61
0.062404 0.047935 0.426000 44 58 60
0.063356 0.047823 0.425000 47 61 63
0.064455 0.047823 0.425000 48 62 66
0.065554 0.047823 0.425000 48 62 66
0.066653 0.047823 0.425000 48 62 66
0.067752 0.047823 0.425000 45 59 63
0.068851 0.047823 0.425000 39 51 53
0.069950 0.047823 0.425000 49 61 63
0.071049 0.047823 0.425000 109 117 116
0.111971 0.047935 0.426000 113 121 118
0.112807 0.047823 0.425000 112 123 119
0.113906 0.047823 0.425000 111 122 118
0.114735 0.047710 0.424000 107 123 114
0.115831 0.047710 0.424000 108 124 115
0.116651 0.047597 0.423000 113 133 118
0.117188 0.047372 0.421000 113 133 118
0.117996 0.047260 0.420000 102 127 110
0.119082 0.047260 0.420000 89 114 97
0.120168 0.047260 0.420000 71 104 78
0.121254 0.047260 0.420000 85 118 92
0.122340 0.047260 0.420000 86 122 88
0.124808 0.047372 0.421000 94 130 94
0.126495 0.047597 0.423000 100 136 100
0.127890 0.047710 0.424000 106 134 109
-0.019259 0.044318 0.385000 46 54 53
-0.018311 0.044434 0.386000 45 53 52
-0.017313 0.044434 0.386000 45 58 57
-0.016315 0.044434 0.386000 45 58 57
-0.015317 0.044434 0.386000 44 59 58
-0.014356 0.044549 0.387000 50 65 64
-0.013390 0.044664 0.388000 46 63 64
0.054822 0.049153 0.427000 133 141 138
0.055926 0.049153 0.427000 135 143 144
0.057030 0.049153 0.427000 127 135 136
0.058134 0.049153 0.427000 75 85 88
0.059099 0.049038 0.426000 52 62 65
0.060201 0.049038 0.426000 44 58 60
0.061302 0.049038 0.426000 43 57 59
0.062404 0.049038 0.426000 44 59 58
0.063356 0.048923 0.425000 45 60 59
0.064455 0.048923 0.425000 47 61 63
0.065554 0.048923 0.425000 47 61 63
0.066653 0.048923 0.425000 40 54 58
0.067752 0.048923 0.425000 37 51 55
0.068851 0.048923 0.425000 60 68 67
0.069950 0.048923 0.425000 120 128 127
0.111708 0.048923 0.425000 112 120 119
0.112807 0.048923 0.425000 111 124 119
0.113638 0.048808 0.424000 110 123 118
0.114735 0.048808 0.424000 105 124 114
0.115558 0.048693 0.423000 105 124 114
0.116100 0.048463 0.421000 111 131 116
0.116910 0.048347 0.420000 110 130 115
0.117996 0.048347 0.420000 95 120 101
0.118799 0.048232 0.419000 86 111 92
0.119882 0.048232 0.419000 83 118 89
0.121254 0.048347 0.420000 86 121 92
0.122340 0.048347 0.420000 89 128 93
0.125105 0.048578 0.422000 96 135 100
0.126495 0.048693 0.423000 96 135 100
0.127890 0.048808 0.424000 118 143 122
-0.018311 0.045433 0.386000 42 50 47
-0.017313 0.045433 0.386000 46 59 58
-0.016357 0.045551 0.387000 43 56 55
-0.015357 0.045551 0.387000 42 57 56
-0.014393 0.045668 0.388000 45 60 59
-0.013390 0.045668 0.388000 47 64 65
0.053718 0.050259 0.427000 129 140 138
0.054822 0.050259 0.427000 128 139 137
0.055926 0.050259 0.427000 94 104 107
0.056896 0.050141 0.426000 60 70 73
0.057998 0.050141 0.426000 43 57 59
0.059099 0.050141 0.426000 43 57 59
0.060059 0.050023 0.425000 44 59 58
0.061158 0.050023 0.425000 43 58 57
0.062257 0.050023 0.425000 47 62 61
0.063356 0.050023 0.425000 47 62 61
0.064455 0.050023 0.425000 41 58 59
0.065554 0.050023 0.425000 35 52 53
0.066653 0.050023 0.425000 45 56 56
0.067752 0.050023 0.425000 77 88 88
0.111708 0.050023 0.425000 110 121 119
0.112542 0.049906 0.424000 113 126 123
0.113638 0.049906 0.424000 109 122 119
0.114464 0.049788 0.423000 105 124 112
0.115011 0.049553 0.421000 107 126 114
0.115824 0.049435 0.420000 111 131 116
0.116632 0.049317 0.419000 104 124 109
0.117715 0.049317 0.419000 88 115 93
0.118799 0.049317 0.419000 86 113 91
0.119882 0.049317 0.419000 86 122 90
0.121254 0.049435 0.420000 88 124 92
0.122340 0.049435 0.420000 91 132 96
0.124808 0.049553 0.421000 98 137 104
0.126495 0.049788 0.423000 93 132 99
-0.017358 0.046553 0.387000 39 52 49
-0.016357 0.046553 0.387000 40 53 50
-0.015357 0.046553 0.387000 42 56 58
-0.014393 0.046673 0.388000 44 58 60
-0.013390 0.046673 0.388000 42 59 60
-0.012418 0.046793 0.389000 48 65 66
0.051389 0.051244 0.426000 133 141 138
0.052490 0.051244 0.426000 132 140 137
0.053466 0.051124 0.425000 107 118 118
0.054565 0.051124 0.425000 61 72 72
0.055664 0.051124 0.425000 49 63 65
0.056763 0.051124 0.425000 48 62 64
0.057862 0.051124 0.425000 39 56 57
0.058961 0.051124 0.425000 40 57 58
0.060059 0.051124 0.425000 45 63 61
0.061158 0.051124 0.425000 46 64 62
0.062257 0.051124 0.425000 45 63 61
0.063356 0.051124 0.425000 39 57 55
0.064455 0.051124 0.425000 35 50 49
0.065554 0.051124 0.425000 58 73 72
0.066653 0.051124 0.425000 123 131 128
0.111446 0.051004 0.424000 113 126 123
0.112542 0.051004 0.424000 111 124 119
0.113102 0.050763 0.422000 109 122 117
0.113923 0.050643 0.421000 107 126 114
0.114738 0.050522 0.420000 111 130 118
0.115548 0.050402 0.419000 105 127 109
0.116632 0.050402 0.419000 98 120 102
0.117715 0.050402 0.419000 91 119 92
0.118799 0.050402 0.419000 89 117 90
0.119882 0.050402 0.419000 91 127 93
0.120965 0.050402 0.419000 95 131 97
0.122340 0.050522 0.420000 94 135 99
0.124808 0.050643 0.421000 97 130 102
0.126495 0.050883 0.423000 115 148 120
-0.016400 0.047678 0.388000 37 51 42
-0.015396 0.047678 0.388000 37 52 51
-0.014393 0.047678 0.388000 40 55 54
-0.013424 0.047801 0.389000 38 55 56
-0.012418 0.047801 0.389000 40 57 58
-0.011413 0.047801 0.389000 49 69 66
-0.008417 0.047923 0.390000 62 82 75
0.048955 0.052101 0.424000 138 146 145
0.050051 0.052101 0.424000 132 140 139
0.051148 0.052101 0.424000 111 119 118
0.051997 0.051856 0.422000 76 84 83
0.053089 0.051856 0.422000 50 61 61
0.055402 0.051978 0.423000 47 62 61
0.056496 0.051978 0.423000 48 63 62
0.058822 0.052101 0.424000 43 61 59
0.059918 0.052101 0.424000 46 63 64
0.061014 0.052101 0.424000 43 60 61
0.062257 0.052224 0.425000 36 50 52
0.063356 0.052224 0.425000 41 55 57
0.064455 0.052224 0.425000 79 87 84
0.065554 0.052224 0.425000 133 141 138
0.110349 0.052101 0.424000 111 124 121
0.111446 0.052101 0.424000 111 124 121
0.112276 0.051978 0.423000 110 123 120
0.113102 0.051856 0.422000 109 122 119
0.113652 0.051610 0.420000 105 126 115
0.114465 0.051487 0.419000 109 130 119
0.115548 0.051487 0.419000 95 120 101
0.116353 0.051364 0.418000 93 118 99
0.117434 0.051364 0.418000 89 120 90
0.118515 0.051364 0.418000 91 122 92
0.119882 0.051487 0.419000 92 131 94
0.120965 0.051487 0.419000 94 133 96
0.122340 0.051610 0.420000 95 136 100
0.124808 0.051733 0.421000 105 133 108
-0.015436 0.048808 0.389000 37 52 49
-0.014430 0.048808 0.389000 38 53 50
-0.013424 0.048808 0.389000 40 54 56
-0.012418 0.048808 0.389000 40 54 56
-0.011413 0.048808 0.389000 43 60 61
-0.010407 0.048808 0.389000 52 69 70
-0.008417 0.048933 0.390000 39 59 56
-0.007408 0.048933 0.390000 52 76 64
0.046542 0.052948 0.422000 135 146 144
0.048493 0.052697 0.420000 114 125 125
0.049579 0.052697 0.420000 83 94 94
0.051628 0.052572 0.419000 55 66 64
0.063356 0.053325 0.425000 104 115 115
0.111183 0.053074 0.423000 110 123 120
0.112011 0.052948 0.422000 107 122 119
0.112834 0.052823 0.421000 107 122 119
0.113382 0.052572 0.419000 106 126 119
0.114465 0.052572 0.419000 108 128 121
0.115273 0.052446 0.418000 94 121 99
0.116353 0.052446 0.418000 91 118 96
0.117434 0.052446 0.418000 89 123 88
0.118515 0.052446 0.418000 92 126 91
0.119882 0.052572 0.419000 95 135 95
0.120965 0.052572 0.419000 96 136 96
0.122340 0.052697 0.420000 97 133 101
0.125105 0.052948 0.422000 129 151 133
-0.014430 0.049815 0.389000 35 48 43
-0.013424 0.049815 0.389000 36 51 50
-0.011442 0.049943 0.390000 40 54 56
-0.010434 0.049943 0.390000 42 56 58
-0.009425 0.049943 0.390000 47 66 66
-0.008417 0.049943 0.390000 49 68 68
-0.007427 0.050071 0.391000 44 67 63
-0.006416 0.050071 0.391000 47 70 66
0.043268 0.054041 0.422000 134 143 134
0.044254 0.053913 0.421000 134 142 139
0.045450 0.054041 0.422000 138 146 143
0.046211 0.053657 0.419000 123 134 134
0.062111 0.054297 0.424000 139 145 145
0.110349 0.054297 0.424000 110 123 120
0.111183 0.054169 0.423000 110 123 120
0.112011 0.054041 0.422000 107 122 117
0.112566 0.053785 0.420000 107 122 117
0.113382 0.053657 0.419000 107 131 119
0.114465 0.053657 0.419000 104 128 116
0.115273 0.053529 0.418000 90 120 93
0.116075 0.053401 0.417000 91 121 94
0.117153 0.053401 0.417000 90 127 86
0.118515 0.053529 0.418000 94 131 90
0.119882 0.053657 0.419000 96 136 94
0.120965 0.053657 0.419000 95 135 93
0.123720 0.053913 0.421000 109 143 112
-0.013493 0.051083 0.391000 40 51 49
-0.012482 0.051083 0.391000 39 50 48
-0.011471 0.051083 0.391000 44 56 58
-0.010460 0.051083 0.391000 44 56 58
-0.009449 0.051083 0.391000 45 57 59
-0.008438 0.051083 0.391000 52 64 66
-0.007427 0.051083 0.391000 53 70 71
-0.006416 0.051083 0.391000 50 67 68
0.040988 0.055003 0.421000 138 144 142
0.053666 0.054611 0.418000 44 59 54
0.056095 0.054872 0.420000 40 53 48
0.059918 0.055395 0.424000 120 128 127
0.109253 0.055395 0.424000 111 122 120
0.110349 0.055395 0.424000 106 121 116
0.112011 0.055134 0.422000 106 125 115
0.112566 0.054872 0.420000 106 125 115
0.113382 0.054742 0.419000 101 128 108
0.114465 0.054742 0.419000 96 123 103
0.115273 0.054611 0.418000 90 124 93
0.116353 0.054611 0.418000 91 125 94
0.117434 0.054611 0.418000 91 131 89
0.118515 0.054611 0.418000 94 134 92
0.119882 0.054742 0.419000 96 136 96
0.121254 0.054872 0.420000 91 131 91
-0.012482 0.052096 0.391000 47 53 51
-0.011471 0.052096 0.391000 41 51 54
-0.010460 0.052096 0.391000 45 55 58
-0.009449 0.052096 0.391000 44 56 58
-0.008438 0.052096 0.391000 40 52 54
-0.007427 0.052096 0.391000 43 61 59
-0.006416 0.052096 0.391000 60 78 76
0.038811 0.056093 0.421000 137 145 144
0.039805 0.055960 0.420000 142 148 148
0.046617 0.055027 0.413000 36 51 50
0.047685 0.055027 0.413000 41 59 57
0.051135 0.055294 0.415000 43 61 57
0.053538 0.055560 0.417000 42 55 50
0.054878 0.055826 0.419000 36 47 43
0.057453 0.056226 0.422000 105 113 112
0.109253 0.056493 0.424000 109 122 117
0.110349 0.056493 0.424000 106 121 116
0.111183 0.056359 0.423000 108 123 118
0.112011 0.056226 0.422000 107 127 112
0.112566 0.055960 0.420000 105 125 110
0.113382 0.055826 0.419000 98 126 101
0.114465 0.055826 0.419000 95 123 98
0.115548 0.055826 0.419000 93 129 95
0.116353 0.055693 0.418000 95 131 97
0.117715 0.055826 0.419000 93 135 94
0.118799 0.055826 0.419000 93 135 94
0.119882 0.055826 0.419000 91 130 95
0.121254 0.055960 0.420000 87 126 91
-0.011501 0.053244 0.392000 59 67 68
-0.010487 0.053244 0.392000 38 46 47
-0.009474 0.053244 0.392000 39 51 53
-0.008460 0.053244 0.392000 39 51 53
-0.007427 0.053108 0.391000 34 52 50
-0.006416 0.053108 0.391000 38 56 54
0.036808 0.057455 0.423000 139 147 144
0.037723 0.057183 0.421000 142 148 146
0.038719 0.057047 0.420000 138 144 142
0.042345 0.056096 0.413000 47 53 55
0.043203 0.055825 0.411000 43 56 53
0.044266 0.055825 0.411000 45 58 55
0.045328 0.055825 0.411000 42 57 54
0.046391 0.055825 0.411000 43 58 55
0.047454 0.055825 0.411000 43 61 57
0.048753 0.056096 0.413000 42 60 56
0.049941 0.056232 0.414000 43 58 55
0.051135 0.056368 0.415000 40 55 52
0.109253 0.057590 0.424000 107 120 115
0.110349 0.057590 0.424000 106 122 113
0.111183 0.057455 0.423000 106 122 113
0.112011 0.057319 0.422000 103 125 105
0.112834 0.057183 0.421000 101 123 103
0.113382 0.056911 0.419000 94 123 91
0.114465 0.056911 0.419000 95 124 92
0.115548 0.056911 0.419000 89 128 91
0.116632 0.056911 0.419000 93 132 95
0.117715 0.056911 0.419000 91 134 96
0.118799 0.056911 0.419000 90 133 95
0.121254 0.057047 0.420000 122 155 127
-0.009474 0.054259 0.392000 37 48 46
-0.008460 0.054259 0.392000 39 50 48
-0.007446 0.054259 0.392000 40 55 54
-0.006433 0.054259 0.392000 40 55 54
0.033606 0.058688 0.424000 139 147 146
0.034703 0.058688 0.424000 141 149 148
0.035799 0.058688 0.424000 139 145 145
0.038627 0.057996 0.419000 68 76 77
0.041277 0.057166 0.413000 49 57 56
0.042140 0.056889 0.411000 48 56 55
0.043203 0.056889 0.411000 43 56 53
0.044266 0.056889 0.411000 46 59 56
0.045328 0.056889 0.411000 45 60 57
0.046391 0.056889 0.411000 47 62 59
0.047569 0.057027 0.412000 44 59 56
0.048871 0.057304 0.414000 36 51 48
0.051135 0.057443 0.415000 45 53 52
0.109253 0.058688 0.424000 108 122 113
0.110349 0.058688 0.424000 104 124 109
0.111183 0.058550 0.423000 103 123 108
0.112011 0.058411 0.422000 97 123 97
0.112834 0.058273 0.421000 95 121 95
0.113652 0.058135 0.420000 93 125 88
0.114738 0.058135 0.420000 94 126 89
0.115548 0.057996 0.419000 93 133 93
0.116632 0.057996 0.419000 94 134 94
0.117715 0.057996 0.419000 91 132 98
0.120168 0.058135 0.420000 120 143 120
-0.008460 0.055274 0.392000 46 54 51
-0.007446 0.055274 0.392000 38 49 49
0.031414 0.059786 0.424000 144 152 151
0.032510 0.059786 0.424000 139 147 146
0.038443 0.058799 0.417000 46 57 57
0.039236 0.058376 0.414000 43 56 53
0.040112 0.058094 0.412000 44 57 54
0.041078 0.057953 0.411000 44 57 54
0.042140 0.057953 0.411000 43 56 53
0.043203 0.057953 0.411000 45 58 55
0.044266 0.057953 0.411000 47 60 57
0.045328 0.057953 0.411000 44 59 56
0.046504 0.058094 0.412000 40 55 52
0.047800 0.058376 0.414000 36 49 44
0.050062 0.058517 0.415000 82 86 81
0.051135 0.058517 0.415000 128 132 127
0.108412 0.059927 0.425000 108 122 113
0.109253 0.059786 0.424000 108 122 113
0.110349 0.059786 0.424000 100 125 104
0.111446 0.059786 0.424000 97 122 101
0.112276 0.059645 0.423000 91 125 92
0.113102 0.059504 0.422000 91 125 92
0.113923 0.059363 0.421000 93 130 91
0.114738 0.059222 0.420000 95 132 93
0.115824 0.059222 0.420000 94 134 94
0.116910 0.059222 0.420000 91 131 91
0.117996 0.059222 0.420000 93 123 98
0.119082 0.059222 0.420000 118 148 123
0.038074 0.059304 0.413000 45 58 55
0.038952 0.059017 0.411000 44 59 56
0.040015 0.059017 0.411000 43 58 55
0.041078 0.059017 0.411000 42 57 54
0.042038 0.058874 0.410000 42 57 54
0.043203 0.059017 0.411000 44 57 54
0.044266 0.059017 0.411000 39 52 49
0.045439 0.059161 0.412000 36 47 45
0.046617 0.059304 0.413000 43 54 52
0.048989 0.059592 0.415000 123 132 125
0.050062 0.059592 0.415000 150 154 149
0.107060 0.060884 0.424000 108 119 115
0.108157 0.060884 0.424000 104 124 109
0.109253 0.060884 0.424000 102 122 107
0.110349 0.060884 0.424000 94 125 95
0.111183 0.060740 0.423000 92 123 93
0.112276 0.060740 0.423000 91 127 91
0.113102 0.060597 0.422000 94 130 94
0.113923 0.060453 0.421000 93 133 93
0.115011 0.060453 0.421000 93 133 93
0.115824 0.060310 0.420000 94 130 96
0.116910 0.060310 0.420000 84 120 86
0.117996 0.060310 0.420000 117 139 121
0.038857 0.059935 0.410000 45 60 57
0.039918 0.059935 0.410000 45 60 57
0.040978 0.059935 0.410000 43 58 55
0.042140 0.060081 0.411000 38 53 50
0.043203 0.060081 0.411000 33 46 43
0.044373 0.060228 0.412000 39 52 49
0.045549 0.060374 0.413000 75 83 80
0.046730 0.060520 0.414000 116 124 121
0.105964 0.061982 0.424000 103 117 106
0.106808 0.061836 0.423000 107 121 110
0.107901 0.061836 0.423000 99 122 97
0.108995 0.061836 0.423000 99 122 97
0.109829 0.061689 0.422000 90 127 88
0.110920 0.061689 0.422000 91 128 89
0.111746 0.061543 0.421000 90 132 91
0.112834 0.061543 0.421000 91 133 92
0.113923 0.061543 0.421000 90 132 91
0.114738 0.061397 0.420000 88 130 89
0.116100 0.061543 0.421000 87 122 95
0.117188 0.061543 0.421000 108 143 116
0.039918 0.060997 0.410000 31 46 43
0.040978 0.060997 0.410000 34 45 45
0.042140 0.061146 0.411000 44 55 55
0.044481 0.061443 0.413000 117 126 119
0.104373 0.062782 0.422000 105 117 107
0.105464 0.062782 0.422000 98 118 99
0.106303 0.062633 0.421000 100 120 101
0.107391 0.062633 0.421000 96 126 89
0.108222 0.062485 0.420000 98 128 91
0.109308 0.062485 0.420000 94 132 88
0.110394 0.062485 0.420000 94 132 88
0.111480 0.062485 0.420000 92 135 89
0.112566 0.062485 0.420000 88 131 85
0.113652 0.062485 0.420000 83 127 86
0.114738 0.062485 0.420000 81 125 84
0.116100 0.062633 0.421000 97 126 106
0.117188 0.062633 0.421000 142 171 151
0.102792 0.063572 0.420000 108 123 105
0.103878 0.063572 0.420000 104 119 101
0.104964 0.063572 0.420000 100 122 91
0.105798 0.063421 0.419000 100 122 91
0.106881 0.063421 0.419000 96 129 85
0.107965 0.063421 0.419000 97 130 86
0.109048 0.063421 0.419000 94 135 86
0.110131 0.063421 0.419000 94 135 86
0.111215 0.063421 0.419000 87 130 82
0.113652 0.063572 0.420000 86 125 90
0.114738 0.063572 0.420000 113 152 117
0.115824 0.063572 0.420000 123 150 132
0.100381 0.064506 0.419000 117 133 112
0.101464 0.064506 0.419000 113 129 108
0.102548 0.064506 0.419000 106 125 95
0.103384 0.064352 0.418000 100 119 89
0.104464 0.064352 0.418000 98 124 82
0.105545 0.064352 0.418000 101 127 85
0.106371 0.064198 0.417000 98 132 83
0.107707 0.064352 0.418000 98 132 83
0.108788 0.064352 0.418000 93 131 83
0.110131 0.064506 0.419000 87 125 77
0.111215 0.064506 0.419000 84 125 78
0.112298 0.064506 0.419000 82 123 76
0.114738 0.064660 0.420000 133 169 137
0.097511 0.065121 0.416000 120 135 117
0.098586 0.065121 0.416000 115 130 112
0.099662 0.065121 0.416000 106 130 102
0.100738 0.065121 0.416000 103 127 99
0.101813 0.065121 0.416000 102 127 92
0.102889 0.065121 0.416000 103 128 93
0.103715 0.064964 0.415000 99 130 86
0.104788 0.064964 0.415000 99 130 86
0.105861 0.064964 0.415000 98 132 81
0.107192 0.065121 0.416000 94 128 77
0.108267 0.065121 0.416000 84 123 72
0.109606 0.065277 0.417000 84 123 72
0.110949 0.065434 0.418000 87 125 79
0.112298 0.065590 0.419000 89 127 81
0.113382 0.065590 0.419000 92 126 95
0.093831 0.065880 0.414000 125 134 125
0.099422 0.066039 0.415000 97 129 92
0.100495 0.066039 0.415000 96 128 91
0.101569 0.066039 0.415000 98 130 93
0.102642 0.066039 0.415000 98 130 93
0.103715 0.066039 0.415000 98 131 89
0.104788 0.066039 0.415000 96 129 87
0.105861 0.066039 0.415000 92 126 77
0.106934 0.066039 0.415000 89 123 74
0.108007 0.066039 0.415000 84 122 74
0.109343 0.066198 0.416000 82 120 72
0.110418 0.066198 0.416000 88 126 82
0.112030 0.066516 0.418000 94 132 88
0.113382 0.066675 0.419000 92 123 93
0.114465 0.066675 0.419000 120 151 121
0.091025 0.066466 0.411000 124 133 124
0.092924 0.066305 0.410000 111 126 108
0.093984 0.066305 0.410000 102 129 100
0.097401 0.066466 0.411000 91 128 89
0.098704 0.066628 0.412000 91 128 87
0.100011 0.066790 0.413000 93 130 89
0.101079 0.066790 0.413000 93 130 89
0.102147 0.066790 0.413000 93 130 89
0.103215 0.066790 0.413000 90 128 84
0.104283 0.066790 0.413000 84 122 78
0.105351 0.066790 0.413000 84 122 76
0.106676 0.066952 0.414000 80 118 72
0.107747 0.066952 0.414000 70 108 62
0.109080 0.067113 0.415000 68 106 60
0.110418 0.067275 0.416000 87 124 83
0.111762 0.067437 0.417000 95 132 91
0.113111 0.067599 0.418000 102 130 103
0.114465 0.067760 0.419000 144 172 145
0.087623 0.067366 0.410000 127 142 128
0.088467 0.067202 0.409000 122 137 123
0.089525 0.067202 0.409000 120 135 117
0.090804 0.067366 0.410000 110 125 107
0.091864 0.067366 0.410000 104 128 98
0.092924 0.067366 0.410000 103 127 97
0.093984 0.067366 0.410000 92 127 89
0.095044 0.067366 0.410000 92 127 89
0.096104 0.067366 0.410000 88 129 84
0.097401 0.067531 0.411000 88 129 84
0.098464 0.067531 0.411000 90 133 87
0.099527 0.067531 0.411000 87 130 84
0.100590 0.067531 0.411000 86 126 84
0.101652 0.067531 0.411000 82 122 80
0.104030 0.067695 0.412000 79 119 77
0.105096 0.067695 0.412000 75 116 71
0.106418 0.067859 0.413000 71 112 67
0.107747 0.068024 0.414000 67 108 63
0.109080 0.068188 0.415000 80 121 76
0.110153 0.068188 0.415000 89 129 89
0.111494 0.068352 0.416000 91 131 91
0.112840 0.068516 0.417000 118 144 118
0.084237 0.068261 0.409000 132 142 130
0.085086 0.068094 0.408000 123 138 122
0.086141 0.068094 0.408000 120 135 119
0.087196 0.068094 0.408000 112 135 112
0.088035 0.067927 0.407000 105 128 105
0.089087 0.067927 0.407000 100 127 96
0.090361 0.068094 0.408000 99 126 95
0.091416 0.068094 0.408000 97 129 90
0.092697 0.068261 0.409000 97 129 90
0.093984 0.068428 0.410000 94 132 88
0.095044 0.068428 0.410000 91 129 85
0.096104 0.068428 0.410000 86 129 83
0.097164 0.068428 0.410000 85 128 82
0.098464 0.068595 0.411000 84 127 79
0.099527 0.068595 0.411000 83 126 78
0.100590 0.068595 0.411000 80 120 78
0.101652 0.068595 0.411000 77 117 75
0.102715 0.068595 0.411000 75 115 73
0.103778 0.068595 0.411000 75 115 73
0.106161 0.068762 0.412000 68 108 68
0.107486 0.068929 0.413000 66 106 64
0.109080 0.069262 0.415000 82 122 80
0.110153 0.069262 0.415000 97 134 95
0.111494 0.069429 0.416000 94 131 92
0.112840 0.069596 0.417000 141 164 139
0.080007 0.069320 0.409000 132 145 130
0.080866 0.069151 0.408000 128 142 122
0.081921 0.069151 0.408000 126 140 120
0.082773 0.068981 0.407000 116 134 111
0.083825 0.068981 0.407000 115 133 110
0.084877 0.068981 0.407000 108 135 106
0.085930 0.068981 0.407000 103 130 101
0.086982 0.068981 0.407000 96 128 91
0.087818 0.068812 0.406000 96 128 91
0.089087 0.068981 0.407000 92 127 87
0.090139 0.068981 0.407000 92 127 87
0.091416 0.069151 0.408000 94 130 87
0.092697 0.069320 0.409000 92 128 85
0.093755 0.069320 0.409000 90 128 84
0.095044 0.069490 0.410000 89 127 83
0.096104 0.069490 0.410000 83 126 80
0.097164 0.069490 0.410000 78 121 75
0.098225 0.069490 0.410000 78 121 75
0.099527 0.069659 0.411000 78 121 75
0.100590 0.069659 0.411000 78 118 78
0.101652 0.069659 0.411000 77 117 77
0.102715 0.069659 0.411000 77 116 79
0.103778 0.069659 0.411000 73 112 75
0.106161 0.069828 0.412000 70 109 72
0.107747 0.070167 0.414000 75 115 75
0.109080 0.070337 0.415000 88 128 88
0.110153 0.070337 0.415000 93 129 93
0.111494 0.070506 0.416000 105 141 105
0.074022 0.070723 0.411000 141 150 141
0.074902 0.070551 0.410000 133 146 133
0.076834 0.070379 0.409000 130 145 129
0.077701 0.070207 0.408000 127 142 126
0.078563 0.070035 0.407000 119 137 114
0.079616 0.070035 0.407000 115 133 110
0.080668 0.070035 0.407000 111 131 98
0.081519 0.069863 0.406000 107 127 94
0.082569 0.069863 0.406000 102 131 90
0.083619 0.069863 0.406000 101 130 89
0.084669 0.069863 0.406000 98 129 87
0.085719 0.069863 0.406000 96 127 85
0.086768 0.069863 0.406000 92 128 83
0.088035 0.070035 0.407000 91 127 82
0.089087 0.070035 0.407000 90 128 82
0.090361 0.070207 0.408000 90 128 82
0.091640 0.070379 0.409000 91 127 82
0.092697 0.070379 0.409000 90 126 81
0.093984 0.070551 0.410000 82 118 75
0.095044 0.070551 0.410000 81 117 74
0.096104 0.070551 0.410000 77 114 73
0.097164 0.070551 0.410000 76 113 72
0.098225 0.070551 0.410000 75 114 77
0.099285 0.070551 0.410000 78 117 80
0.100345 0.070551 0.410000 83 118 89
0.101652 0.070723 0.411000 82 117 88
0.102715 0.070723 0.411000 80 115 86
0.103778 0.070723 0.411000 73 108 79
0.106161 0.070895 0.412000 71 110 75
0.107486 0.071067 0.413000 87 126 91
0.109080 0.071411 0.415000 96 135 100
0.110153 0.071411 0.415000 98 132 99
0.111494 0.071584 0.416000 123 157 124
0.057045 0.073185 0.419000 137 152 134
0.058128 0.073185 0.419000 134 149 131
0.059212 0.073185 0.419000 138 153 135
0.060295 0.073185 0.419000 137 152 134
0.061378 0.073185 0.419000 137 152 134
0.062462 0.073185 0.419000 139 154 136
0.063545 0.073185 0.419000 138 151 134
0.064629 0.073185 0.419000 137 150 133
0.065555 0.073010 0.418000 138 151 134
0.066636 0.073010 0.418000 135 148 131
0.067555 0.072835 0.417000 130 143 126
0.068304 0.072486 0.415000 135 148 131
0.069377 0.072486 0.415000 135 148 131
0.070110 0.072137 0.413000 133 146 129
0.071006 0.071962 0.412000 131 145 125
0.072959 0.071787 0.411000 125 141 120
0.073842 0.071613 0.410000 120 136 115
0.074536 0.071263 0.408000 113 131 108
0.075591 0.071263 0.408000 108 126 103
0.076458 0.071089 0.407000 99 123 95
0.077511 0.071089 0.407000 98 122 94
0.078563 0.071089 0.407000 100 128 92
0.079616 0.071089 0.407000 97 125 89
0.080470 0.070914 0.406000 95 126 84
0.081519 0.070914 0.406000 95 126 84
0.082569 0.070914 0.406000 93 126 80
0.083619 0.070914 0.406000 93 126 80
0.084877 0.071089 0.407000 89 126 76
0.085930 0.071089 0.407000 90 127 77
0.086982 0.071089 0.407000 89 126 76
0.088251 0.071263 0.408000 87 124 74
0.089525 0.071438 0.409000 86 124 76
0.090582 0.071438 0.409000 83 121 73
0.091640 0.071438 0.409000 78 114 71
0.092924 0.071613 0.410000 76 112 69
0.093984 0.071613 0.410000 80 112 73
0.095044 0.071613 0.410000 78 110 71
0.096104 0.071613 0.410000 78 109 77
0.097164 0.071613 0.410000 82 113 81
0.098225 0.071613 0.410000 85 115 90
0.099285 0.071613 0.410000 87 117 92
0.100345 0.071613 0.410000 89 118 96
0.101652 0.071787 0.411000 89 118 96
0.102715 0.071787 0.411000 73 108 79
0.103778 0.071787 0.411000 70 105 76
0.106161 0.071962 0.412000 74 113 80
0.107486 0.072137 0.413000 91 132 98
0.109080 0.072486 0.415000 93 134 100
0.110153 0.072486 0.415000 107 136 106
0.059212 0.074270 0.419000 108 135 106
0.060295 0.074270 0.419000 108 135 106
0.065241 0.073738 0.416000 111 135 107
0.072604 0.072497 0.409000 99 124 89
0.073662 0.072497 0.409000 99 124 89
0.074536 0.072320 0.408000 99 127 91
0.075591 0.072320 0.408000 99 127 91
0.076458 0.072142 0.407000 96 126 87
0.077511 0.072142 0.407000 95 125 86
0.078563 0.072142 0.407000 89 122 80
0.079616 0.072142 0.407000 92 125 83
0.080668 0.072142 0.407000 89 125 80
0.081720 0.072142 0.407000 88 124 79
0.082773 0.072142 0.407000 87 123 78
0.083825 0.072142 0.407000 84 120 75
0.084877 0.072142 0.407000 84 120 73
0.086141 0.072320 0.408000 84 120 73
0.087196 0.072320 0.408000 79 117 69
0.088467 0.072497 0.409000 76 114 66
0.089525 0.072497 0.409000 73 111 67
0.090804 0.072674 0.410000 72 110 66
0.091864 0.072674 0.410000 72 103 71
0.092924 0.072674 0.410000 72 103 71
0.093984 0.072674 0.410000 89 116 87
0.095044 0.072674 0.410000 102 129 100
0.096104 0.072674 0.410000 102 128 104
0.097164 0.072674 0.410000 93 119 95
0.098225 0.072674 0.410000 92 117 98
0.099285 0.072674 0.410000 90 115 96
0.100345 0.072674 0.410000 87 116 94
0.101405 0.072674 0.410000 86 115 93
0.102715 0.072852 0.411000 67 100 72
0.103778 0.072852 0.411000 70 103 75
0.106161 0.073029 0.412000 82 121 88
0.107747 0.073383 0.414000 92 131 98
0.109080 0.073561 0.415000 93 132 99
0.110153 0.073561 0.415000 125 151 125
0.067810 0.074096 0.412000 92 124 87
0.068708 0.073916 0.411000 91 126 88
0.069601 0.073736 0.410000 90 125 87
0.070661 0.073736 0.410000 90 125 85
0.071721 0.073736 0.410000 88 123 83
0.072604 0.073556 0.409000 90 126 81
0.073662 0.073556 0.409000 90 126 81
0.074536 0.073376 0.408000 92 125 83
0.075591 0.073376 0.408000 91 124 82
0.076646 0.073376 0.408000 90 123 81
0.077701 0.073376 0.408000 89 122 80
0.078756 0.073376 0.408000 84 120 77
0.079811 0.073376 0.408000 82 118 75
0.080866 0.073376 0.408000 81 119 75
0.081921 0.073376 0.408000 80 118 74
0.082976 0.073376 0.408000 77 118 73
0.084031 0.073376 0.408000 73 114 69
0.085294 0.073556 0.409000 71 111 69
0.086352 0.073556 0.409000 68 108 66
0.087623 0.073736 0.410000 69 104 64
0.088683 0.073736 0.410000 66 101 61
0.089744 0.073736 0.410000 73 100 71
0.090804 0.073736 0.410000 80 107 78
0.091864 0.073736 0.410000 106 126 107
0.092924 0.073736 0.410000 123 143 124
0.093984 0.073736 0.410000 133 150 132
0.095044 0.073736 0.410000 129 146 128
0.096104 0.073736 0.410000 102 122 107
0.097164 0.073736 0.410000 97 117 102
0.098225 0.073736 0.410000 92 117 100
0.099285 0.073736 0.410000 92 117 100
0.100345 0.073736 0.410000 87 114 94
0.101405 0.073736 0.410000 74 101 81
0.102715 0.073916 0.411000 68 101 73
0.103778 0.073916 0.411000 69 102 74
0.106161 0.074096 0.412000 91 130 95
0.107747 0.074455 0.414000 93 129 97
0.109080 0.074635 0.415000 96 132 100
0.110153 0.074635 0.415000 148 169 147
0.067481 0.074797 0.410000 84 117 75
0.072604 0.074615 0.409000 83 119 76
0.073662 0.074615 0.409000 84 120 77
0.074719 0.074615 0.409000 83 119 76
0.075777 0.074615 0.409000 83 119 76
0.076834 0.074615 0.409000 82 117 77
0.077892 0.074615 0.409000 80 115 75
0.078949 0.074615 0.409000 74 109 69
0.080007 0.074615 0.409000 71 106 66
0.081064 0.074615 0.409000 70 107 66
0.082122 0.074615 0.409000 70 107 66
0.083179 0.074615 0.409000 69 105 69
0.084443 0.074797 0.410000 67 103 67
0.085503 0.074797 0.410000 68 99 69
0.086563 0.074797 0.410000 70 101 71
0.087623 0.074797 0.410000 86 108 81
0.088683 0.074797 0.410000 102 124 97
0.089744 0.074797 0.410000 127 142 124
0.096104 0.074797 0.410000 99 118 106
0.097164 0.074797 0.410000 97 116 104
0.098225 0.074797 0.410000 94 115 102
0.099285 0.074797 0.410000 94 115 102
0.100345 0.074797 0.410000 83 112 92
0.101405 0.074797 0.410000 70 99 79
0.102465 0.074797 0.410000 69 102 74
0.103778 0.074980 0.411000 75 108 80
0.106161 0.075162 0.412000 89 128 93
0.107486 0.075345 0.413000 92 126 95
0.108817 0.075527 0.414000 125 159 128
0.065042 0.075489 0.408000 74 109 69
0.067316 0.075674 0.409000 75 107 68
0.071721 0.075859 0.410000 73 108 68
0.072781 0.075859 0.410000 75 108 66
0.073842 0.075859 0.410000 75 108 66
0.074902 0.075859 0.410000 75 107 68
0.075777 0.075674 0.409000 73 105 66
0.078082 0.075859 0.410000 72 104 67
0.079142 0.075859 0.410000 69 100 66
0.080202 0.075859 0.410000 65 96 62
0.081263 0.075859 0.410000 66 95 63
0.082323 0.075859 0.410000 72 101 69
0.083383 0.075859 0.410000 81 108 79
0.084443 0.075859 0.410000 87 114 85
0.085503 0.075859 0.410000 100 121 99
0.096104 0.075859 0.410000 99 115 104
0.097164 0.075859 0.410000 97 113 102
0.098225 0.075859 0.410000 92 113 100
0.099285 0.075859 0.410000 88 109 96
0.100345 0.075859 0.410000 76 105 85
0.101405 0.075859 0.410000 69 98 78
0.102465 0.075859 0.410000 72 108 76
0.103778 0.076044 0.411000 82 118 86
0.106161 0.076229 0.412000 98 134 100
0.107486 0.076414 0.413000 102 130 103
0.108817 0.076599 0.414000 143 171 144
0.065042 0.076545 0.408000 66 97 65
0.066097 0.076545 0.408000 66 95 63
0.069431 0.076733 0.409000 62 93 59
0.070661 0.076921 0.410000 59 90 56
0.072781 0.076921 0.410000 64 91 58
0.073842 0.076921 0.410000 65 92 59
0.074902 0.076921 0.410000 69 93 61
0.075962 0.076921 0.410000 68 92 60
0.077022 0.076921 0.410000 69 93 63
0.078082 0.076921 0.410000 74 98 68
0.079142 0.076921 0.410000 78 102 74
0.080202 0.076921 0.410000 94 118 90
0.081461 0.077108 0.411000 110 131 109
0.082523 0.077108 0.411000 118 139 117
0.096104 0.076921 0.410000 100 116 105
0.097164 0.076921 0.410000 97 113 102
0.098225 0.076921 0.410000 90 111 98
0.099285 0.076921 0.410000 87 108 95
0.100100 0.076733 0.409000 69 101 78
0.101405 0.076921 0.410000 66 98 75
0.102465 0.076921 0.410000 74 113 78
0.103778 0.077108 0.411000 85 124 89
0.104840 0.077108 0.411000 96 132 98
0.107486 0.077483 0.413000 119 142 119
0.068374 0.077792 0.409000 65 91 65
0.069601 0.077982 0.410000 65 91 65
0.070661 0.077982 0.410000 70 93 68
0.071721 0.077982 0.410000 76 99 74
0.072959 0.078172 0.411000 88 106 83
0.074022 0.078172 0.411000 94 112 89
0.075084 0.078172 0.411000 104 120 99
0.095044 0.077982 0.410000 103 117 106
0.096104 0.077982 0.410000 99 115 104
0.097164 0.077982 0.410000 97 113 102
0.097985 0.077792 0.409000 88 112 98
0.099043 0.077792 0.409000 82 106 92
0.100100 0.077792 0.409000 66 101 74
0.101158 0.077792 0.409000 66 101 74
0.102465 0.077982 0.410000 78 117 82
0.103525 0.077982 0.410000 87 126 91
0.104840 0.078172 0.411000 95 131 99
0.107226 0.078363 0.412000 138 159 137
0.095044 0.079044 0.410000 101 115 104
0.096104 0.079044 0.410000 93 112 100
0.096927 0.078851 0.409000 93 112 100
0.097985 0.078851 0.409000 84 111 91
0.099043 0.078851 0.409000 77 104 84
0.100100 0.078851 0.409000 65 103 73
0.101158 0.078851 0.409000 73 111 81
0.102465 0.079044 0.410000 83 124 90
0.103525 0.079044 0.410000 91 132 98
0.104840 0.079237 0.411000 96 130 99
0.093984 0.080105 0.410000 99 115 104
0.095044 0.080105 0.410000 98 114 103
0.095870 0.079910 0.409000 92 111 99
0.096927 0.079910 0.409000 91 110 98
0.097745 0.079715 0.408000 77 106 84
0.098800 0.079715 0.408000 72 101 79
0.099855 0.079715 0.408000 66 105 72
0.101158 0.079910 0.409000 82 121 88
0.102465 0.080105 0.410000 87 128 94
0.103525 0.080105 0.410000 92 133 99
0.104585 0.080105 0.410000 103 131 104
0.105903 0.080301 0.411000 141 169 142
0.093984 0.081167 0.410000 100 116 107
0.094812 0.080969 0.409000 98 114 105
0.095870 0.080969 0.409000 90 112 96
0.096690 0.080771 0.408000 87 109 93
0.097745 0.080771 0.408000 75 105 78
0.098800 0.080771 0.408000 72 102 75
0.099855 0.080771 0.408000 73 109 75
0.101158 0.080969 0.409000 91 127 93
0.102215 0.080969 0.409000 88 127 94
0.103525 0.081167 0.410000 94 133 100
0.104585 0.081167 0.410000 128 154 130
0.092924 0.082229 0.410000 102 114 106
0.093755 0.082028 0.409000 100 116 107
0.094812 0.082028 0.409000 98 114 105
0.095636 0.081827 0.408000 90 112 94
0.096453 0.081627 0.407000 85 107 89
0.097506 0.081627 0.407000 77 106 74
0.098558 0.081627 0.407000 75 104 72
0.099855 0.081827 0.408000 81 117 81
0.100910 0.081827 0.408000 93 129 93
0.102215 0.082028 0.409000 93 129 97
0.103525 0.082229 0.410000 100 136 104
0.092697 0.083087 0.409000 101 115 104
0.093755 0.083087 0.409000 99 115 104
0.094581 0.082884 0.408000 97 113 102
0.095401 0.082681 0.407000 87 112 91
0.096453 0.082681 0.407000 81 106 85
0.097506 0.082681 0.407000 73 107 72
0.098558 0.082681 0.407000 82 116 81
0.099855 0.082884 0.408000 86 126 86
0.100910 0.082884 0.408000 93 133 93
0.102215 0.083087 0.409000 94 128 97
0.103525 0.083290 0.410000 120 154 123
0.091864 0.084352 0.410000 101 115 104
0.092697 0.084146 0.409000 99 113 102
0.093526 0.083940 0.408000 93 113 98
0.094349 0.083734 0.407000 91 111 96
0.095401 0.083734 0.407000 83 109 85
0.096453 0.083734 0.407000 80 106 82
0.097506 0.083734 0.407000 76 113 74
0.098558 0.083734 0.407000 86 123 84
0.099855 0.083940 0.408000 89 129 89
0.101158 0.084146 0.409000 92 132 92
0.102215 0.084146 0.409000 109 138 108
0.103525 0.084352 0.410000 138 167 137
0.090804 0.085413 0.410000 105 117 107
0.091640 0.085205 0.409000 99 115 104
0.092471 0.084997 0.408000 97 113 102
0.093296 0.084788 0.407000 91 111 96
0.094349 0.084788 0.407000 90 110 95
0.095167 0.084580 0.406000 80 108 81
0.096453 0.084788 0.407000 79 107 80
0.097506 0.084788 0.407000 80 118 74
0.098558 0.084788 0.407000 88 126 82
0.099855 0.084997 0.408000 100 137 98
0.101158 0.085205 0.409000 95 132 93
0.102215 0.085205 0.409000 131 152 128
0.090582 0.086264 0.409000 102 116 105
0.091192 0.085842 0.407000 95 115 100
0.092244 0.085842 0.407000 95 115 100
0.093296 0.085842 0.407000 89 111 93
0.094117 0.085631 0.406000 85 107 89
0.095167 0.085631 0.406000 81 110 78
0.096216 0.085631 0.406000 82 111 79
0.097506 0.085842 0.407000 82 120 76
0.098558 0.085842 0.407000 94 132 88
0.099855 0.086053 0.408000 97 133 97
0.101158 0.086264 0.409000 97 133 97
0.102215 0.086264 0.409000 149 166 148
0.090361 0.087109 0.408000 100 116 107
0.091192 0.086896 0.407000 93 113 96
0.092017 0.086682 0.406000 91 111 94
0.093067 0.086682 0.406000 85 108 83
0.094117 0.086682 0.406000 84 107 82
0.095167 0.086682 0.406000 80 111 79
0.096216 0.086682 0.406000 84 115 83
0.097266 0.086682 0.406000 86 127 82
0.098558 0.086896 0.407000 94 135 90
0.099855 0.087109 0.408000 93 124 92
0.101158 0.087323 0.409000 126 157 125
0.089306 0.088166 0.408000 100 116 107
0.090139 0.087950 0.407000 100 116 107
0.090968 0.087734 0.406000 95 115 98
0.092017 0.087734 0.406000 90 110 93
0.093067 0.087734 0.406000 84 113 83
0.094117 0.087734 0.406000 82 111 81
0.095167 0.087734 0.406000 81 116 78
0.096216 0.087734 0.406000 85 120 82
0.097266 0.087734 0.406000 93 133 93
0.098558 0.087950 0.407000 88 128 88
0.099855 0.088166 0.408000 114 141 112
0.089087 0.089004 0.407000 100 116 107
0.089918 0.088785 0.406000 99 115 106
0.090968 0.088785 0.406000 92 114 96
0.092017 0.088785 0.406000 84 106 88
0.093067 0.088785 0.406000 78 109 75
0.094117 0.088785 0.406000 82 113 79
0.095167 0.088785 0.406000 83 120 79
0.096216 0.088785 0.406000 89 126 85
0.097266 0.088785 0.406000 95 132 93
0.098558 0.089004 0.407000 94 131 92
0.099855 0.089222 0.408000 135 153 130
0.088251 0.090279 0.408000 104 115 111
0.089087 0.090057 0.407000 99 115 106
0.089918 0.089836 0.406000 99 115 106
0.090968 0.089836 0.406000 87 112 91
0.092017 0.089836 0.406000 85 110 89
0.092838 0.089615 0.405000 83 117 82
0.093885 0.089615 0.405000 84 118 83
0.095167 0.089836 0.406000 87 124 83
0.096216 0.089836 0.406000 94 131 90
0.097266 0.089836 0.406000 97 128 96
0.098558 0.090057 0.407000 112 143 111
0.088035 0.091111 0.407000 100 111 107
0.088868 0.090887 0.406000 95 111 100
0.089918 0.090887 0.406000 95 111 100
0.090968 0.090887 0.406000 85 115 90
0.091791 0.090663 0.405000 83 113 88
0.092838 0.090663 0.405000 80 117 78
0.093885 0.090663 0.405000 87 124 85
0.095167 0.090887 0.406000 94 131 90
0.096216 0.090887 0.406000 96 133 92
0.097266 0.090887 0.406000 100 127 98
0.098558 0.091111 0.407000 132 159 130
0.088868 0.091939 0.406000 92 112 95
0.089696 0.091712 0.405000 92 112 95
0.090744 0.091712 0.405000 83 117 84
0.091791 0.091712 0.405000 82 116 83
0.092838 0.091712 0.405000 82 119 78
0.093885 0.091712 0.405000 91 128 87
0.094932 0.091712 0.405000 94 131 92
0.096216 0.091939 0.406000 90 127 88
0.097266 0.091939 0.406000 126 147 123
0.087818 0.092990 0.406000 99 113 102
0.088649 0.092761 0.405000 90 116 92
0.089696 0.092761 0.405000 90 116 92
0.090744 0.092761 0.405000 83 120 81
0.091791 0.092761 0.405000 82 119 80
0.092838 0.092761 0.405000 89 126 85
0.093885 0.092761 0.405000 93 130 89
0.094932 0.092761 0.405000 91 125 90
0.096216 0.092990 0.406000 102 136 101
0.097266 0.092990 0.406000 154 172 151
0.088649 0.093809 0.405000 86 117 87
0.089696 0.093809 0.405000 87 118 88
0.090744 0.093809 0.405000 84 122 78
0.091791 0.093809 0.405000 83 121 77
0.092838 0.093809 0.405000 90 128 84
0.093885 0.093809 0.405000 91 129 85
