ply
format ascii 1.0
element vertex 3487
property float x
property float y
property float z
property uchar red
property uchar green
property uchar blue
end_header
-0.293569 -0.293873 0.582000 98 93 89
-0.292059 -0.293873 0.582000 115 110 106
-0.290549 -0.293873 0.582000 124 122 114
-0.289038 -0.293873 0.582000 92 90 82
-0.287528 -0.293873 0.582000 62 63 54
-0.286017 -0.293873 0.582000 53 54 45
-0.284507 -0.293873 0.582000 45 48 47
-0.282997 -0.293873 0.582000 55 58 57
-0.281486 -0.293873 0.582000 55 63 64
-0.279976 -0.293873 0.582000 52 60 61
-0.278466 -0.293873 0.582000 50 58 55
-0.276955 -0.293873 0.582000 47 55 52
-0.275445 -0.293873 0.582000 43 52 45
-0.295080 -0.292361 0.582000 137 137 137
-0.293065 -0.291858 0.581000 160 157 152
-0.291557 -0.291858 0.581000 167 164 159
-0.290049 -0.291858 0.581000 161 162 153
-0.288541 -0.291858 0.581000 167 168 159
-0.287034 -0.291858 0.581000 130 131 125
-0.285526 -0.291858 0.581000 126 127 121
-0.284018 -0.291858 0.581000 79 82 83
-0.282510 -0.291858 0.581000 50 53 54
-0.281486 -0.292361 0.582000 54 60 60
-0.279976 -0.292361 0.582000 54 60 60
-0.278466 -0.292361 0.582000 53 61 58
-0.276955 -0.292361 0.582000 49 57 54
-0.275445 -0.292361 0.582000 48 57 50
-0.273935 -0.292361 0.582000 45 54 47
-0.272424 -0.292361 0.582000 44 56 46
-0.270914 -0.292361 0.582000 45 57 47
-0.269866 -0.292863 0.583000 38 50 40
-0.296590 -0.290848 0.582000 128 129 125
-0.295080 -0.290848 0.582000 146 147 143
-0.293065 -0.290349 0.581000 152 153 144
-0.291557 -0.290349 0.581000 151 152 143
-0.290049 -0.290349 0.581000 147 148 139
-0.288541 -0.290349 0.581000 170 171 162
-0.287034 -0.290349 0.581000 153 155 146
-0.285526 -0.290349 0.581000 149 151 142
-0.284018 -0.290349 0.581000 125 126 122
-0.282510 -0.290349 0.581000 62 63 59
-0.281486 -0.290848 0.582000 62 68 68
-0.279976 -0.290848 0.582000 62 68 68
-0.278466 -0.290848 0.582000 59 70 66
-0.276955 -0.290848 0.582000 52 63 59
-0.275445 -0.290848 0.582000 50 62 54
-0.273935 -0.290848 0.582000 46 58 50
-0.272424 -0.290848 0.582000 45 59 50
-0.270914 -0.290848 0.582000 45 59 50
-0.269404 -0.290848 0.582000 44 58 47
-0.267893 -0.290848 0.582000 37 51 40
-0.266841 -0.291348 0.583000 33 48 32
-0.296590 -0.289336 0.582000 143 147 140
-0.295080 -0.289336 0.582000 147 151 144
-0.293569 -0.289336 0.582000 146 147 141
-0.292059 -0.289336 0.582000 147 148 142
-0.290549 -0.289336 0.582000 149 150 144
-0.289038 -0.289336 0.582000 173 174 168
-0.287034 -0.288839 0.581000 168 168 162
-0.285526 -0.288839 0.581000 145 145 139
-0.284018 -0.288839 0.581000 152 152 146
-0.282997 -0.289336 0.582000 97 97 91
-0.281486 -0.289336 0.582000 68 75 69
-0.279976 -0.289336 0.582000 62 69 63
-0.278466 -0.289336 0.582000 62 71 64
-0.276955 -0.289336 0.582000 63 72 65
-0.275445 -0.289336 0.582000 60 72 64
-0.273935 -0.289336 0.582000 53 65 57
-0.272424 -0.289336 0.582000 50 65 60
-0.270914 -0.289336 0.582000 44 59 54
-0.269404 -0.289336 0.582000 43 58 53
-0.267893 -0.289336 0.582000 40 55 50
-0.266841 -0.289833 0.583000 43 57 46
-0.265328 -0.289833 0.583000 39 53 42
-0.263815 -0.289833 0.583000 37 52 36
-0.297100 -0.288318 0.583000 145 148 147
-0.295587 -0.288318 0.583000 145 148 147
-0.293569 -0.287824 0.582000 149 150 146
-0.292059 -0.287824 0.582000 155 156 152
-0.290549 -0.287824 0.582000 157 158 152
-0.289038 -0.287824 0.582000 154 155 149
-0.287528 -0.287824 0.582000 153 151 143
-0.286017 -0.287824 0.582000 146 144 136
-0.284507 -0.287824 0.582000 136 138 129
-0.282997 -0.287824 0.582000 143 145 136
-0.281486 -0.287824 0.582000 128 135 129
-0.279976 -0.287824 0.582000 92 99 93
-0.278466 -0.287824 0.582000 57 65 62
-0.276955 -0.287824 0.582000 56 64 61
-0.275918 -0.288318 0.583000 55 66 62
-0.274405 -0.288318 0.583000 54 65 61
-0.272892 -0.288318 0.583000 53 66 65
-0.271379 -0.288318 0.583000 52 65 64
-0.269866 -0.288318 0.583000 49 62 59
-0.268354 -0.288318 0.583000 47 60 57
-0.266841 -0.288318 0.583000 47 61 50
-0.265328 -0.288318 0.583000 47 61 50
-0.264267 -0.288813 0.584000 46 61 45
-0.262752 -0.288813 0.584000 45 60 44
-0.261236 -0.288813 0.584000 43 53 41
-0.259721 -0.288813 0.584000 41 51 39
-0.258205 -0.288813 0.584000 42 52 38
-0.297609 -0.287295 0.584000 88 88 84
-0.296094 -0.287295 0.584000 140 140 136
-0.294074 -0.286803 0.583000 150 150 144
-0.292561 -0.286803 0.583000 158 158 152
-0.291048 -0.286803 0.583000 154 155 146
-0.289535 -0.286803 0.583000 150 151 142
-0.288022 -0.286803 0.583000 149 147 135
-0.286509 -0.286803 0.583000 155 153 141
-0.284996 -0.286803 0.583000 153 158 146
-0.283483 -0.286803 0.583000 106 111 99
-0.281970 -0.286803 0.583000 86 93 87
-0.280457 -0.286803 0.583000 63 70 64
-0.278944 -0.286803 0.583000 49 55 55
-0.277431 -0.286803 0.583000 44 50 50
-0.276392 -0.287295 0.584000 40 46 46
-0.274876 -0.287295 0.584000 48 54 54
-0.273360 -0.287295 0.584000 50 56 56
-0.271845 -0.287295 0.584000 62 68 68
-0.270329 -0.287295 0.584000 60 68 65
-0.268814 -0.287295 0.584000 57 65 62
-0.267298 -0.287295 0.584000 57 67 55
-0.265783 -0.287295 0.584000 60 70 58
-0.264267 -0.287295 0.584000 61 71 59
-0.262752 -0.287295 0.584000 63 73 61
-0.261236 -0.287295 0.584000 56 66 54
-0.259721 -0.287295 0.584000 57 67 55
-0.258205 -0.287295 0.584000 57 67 53
-0.256689 -0.287295 0.584000 55 65 51
-0.255174 -0.287295 0.584000 50 65 47
-0.253658 -0.287295 0.584000 63 78 60
-0.252143 -0.287295 0.584000 93 126 84
-0.250627 -0.287295 0.584000 91 124 82
-0.249112 -0.287295 0.584000 75 113 56
-0.247596 -0.287295 0.584000 77 115 58
-0.246081 -0.287295 0.584000 61 96 40
-0.244565 -0.287295 0.584000 56 91 35
-0.243050 -0.287295 0.584000 51 83 32
-0.241534 -0.287295 0.584000 42 74 23
-0.240019 -0.287295 0.584000 41 72 30
-0.296601 -0.286267 0.585000 146 143 140
-0.295082 -0.286267 0.585000 187 187 181
-0.293062 -0.285778 0.584000 188 188 182
-0.291547 -0.285778 0.584000 211 212 201
-0.290031 -0.285778 0.584000 216 217 206
-0.288516 -0.285778 0.584000 209 211 193
-0.287000 -0.285778 0.584000 200 202 184
-0.285485 -0.285778 0.584000 186 189 171
-0.283969 -0.285778 0.584000 93 96 78
-0.282454 -0.285778 0.584000 47 56 47
-0.280938 -0.285778 0.584000 45 54 45
-0.279423 -0.285778 0.584000 48 54 52
-0.277907 -0.285778 0.584000 43 49 47
-0.276865 -0.286267 0.585000 42 48 46
-0.275347 -0.286267 0.585000 43 49 47
-0.273829 -0.286267 0.585000 48 48 48
-0.272310 -0.286267 0.585000 48 48 48
-0.270792 -0.286267 0.585000 66 70 63
-0.269274 -0.286267 0.585000 71 75 68
-0.267756 -0.286267 0.585000 71 79 66
-0.266238 -0.286267 0.585000 78 86 73
-0.264720 -0.286267 0.585000 67 75 62
-0.263202 -0.286267 0.585000 65 73 60
-0.261683 -0.286267 0.585000 68 78 64
-0.260165 -0.286267 0.585000 69 79 65
-0.258647 -0.286267 0.585000 63 73 59
-0.257129 -0.286267 0.585000 64 74 60
-0.255611 -0.286267 0.585000 43 64 42
-0.254527 -0.286756 0.586000 107 128 106
-0.252575 -0.286267 0.585000 141 184 123
-0.251056 -0.286267 0.585000 143 186 125
-0.249965 -0.286756 0.586000 140 191 105
-0.248020 -0.286267 0.585000 135 186 100
-0.246923 -0.286756 0.586000 134 189 97
-0.245403 -0.286756 0.586000 125 180 88
-0.243882 -0.286756 0.586000 128 179 93
-0.241948 -0.286267 0.585000 124 175 89
-0.240430 -0.286267 0.585000 119 167 90
-0.238503 -0.285778 0.584000 106 154 77
-0.236987 -0.285778 0.584000 95 140 69
-0.235472 -0.285778 0.584000 86 131 60
-0.233956 -0.285778 0.584000 75 116 42
-0.232441 -0.285778 0.584000 57 98 24
-0.230925 -0.285778 0.584000 52 87 17
-0.229410 -0.285778 0.584000 45 80 10
-0.227894 -0.285778 0.584000 37 68 13
-0.226379 -0.285778 0.584000 39 70 15
-0.298122 -0.286207 0.588000 124 121 118
-0.296091 -0.285720 0.587000 182 180 172
-0.294066 -0.285234 0.586000 160 158 150
-0.292545 -0.285234 0.586000 147 148 135
-0.291025 -0.285234 0.586000 161 162 149
-0.289504 -0.285234 0.586000 181 181 161
-0.287983 -0.285234 0.586000 186 186 166
-0.286462 -0.285234 0.586000 176 180 157
-0.284942 -0.285234 0.586000 108 112 89
-0.283421 -0.285234 0.586000 55 65 51
-0.282381 -0.285720 0.587000 61 71 57
-0.280858 -0.285720 0.587000 59 68 59
-0.279335 -0.285720 0.587000 55 64 55
-0.277811 -0.285720 0.587000 54 61 55
-0.276288 -0.285720 0.587000 56 63 57
-0.274765 -0.285720 0.587000 63 67 60
-0.273241 -0.285720 0.587000 67 71 64
-0.271718 -0.285720 0.587000 67 72 60
-0.270195 -0.285720 0.587000 75 80 68
-0.268671 -0.285720 0.587000 82 87 75
-0.267148 -0.285720 0.587000 88 93 81
-0.265625 -0.285720 0.587000 89 94 80
-0.264101 -0.285720 0.587000 82 87 73
-0.262578 -0.285720 0.587000 75 83 68
-0.261055 -0.285720 0.587000 75 83 68
-0.259531 -0.285720 0.587000 71 81 65
-0.258008 -0.285720 0.587000 70 80 64
-0.256485 -0.285720 0.587000 51 75 47
-0.254961 -0.285720 0.587000 117 141 113
-0.253438 -0.285720 0.587000 162 209 135
-0.251915 -0.285720 0.587000 156 203 129
-0.250818 -0.286207 0.588000 152 208 109
-0.249292 -0.286207 0.588000 150 206 107
-0.247766 -0.286207 0.588000 135 199 94
-0.246240 -0.286207 0.588000 135 199 94
-0.244714 -0.286207 0.588000 130 194 85
-0.242775 -0.285720 0.587000 130 194 85
-0.241252 -0.285720 0.587000 134 196 88
-0.239728 -0.285720 0.587000 134 196 88
-0.237799 -0.285234 0.586000 128 190 86
-0.236278 -0.285234 0.586000 135 197 93
-0.234758 -0.285234 0.586000 131 189 91
-0.232839 -0.284747 0.585000 128 186 88
-0.231321 -0.284747 0.585000 125 177 84
-0.229803 -0.284747 0.585000 117 169 76
-0.228284 -0.284747 0.585000 121 171 82
-0.226766 -0.284747 0.585000 114 164 75
-0.225248 -0.284747 0.585000 108 151 76
-0.223730 -0.284747 0.585000 101 144 69
-0.222212 -0.284747 0.585000 93 129 64
-0.220317 -0.284260 0.584000 77 113 48
-0.218801 -0.284260 0.584000 58 94 31
-0.217285 -0.284260 0.584000 53 89 26
-0.215770 -0.284260 0.584000 47 81 30
-0.297100 -0.285163 0.589000 150 148 138
-0.295572 -0.285163 0.589000 168 166 156
-0.293544 -0.284679 0.588000 143 142 127
-0.292018 -0.284679 0.588000 117 116 101
-0.290492 -0.284679 0.588000 104 103 88
-0.288966 -0.284679 0.588000 101 100 85
-0.287440 -0.284679 0.588000 97 101 80
-0.285914 -0.284679 0.588000 88 92 71
-0.284872 -0.285163 0.589000 60 68 53
-0.283343 -0.285163 0.589000 67 75 60
-0.281815 -0.285163 0.589000 63 71 58
-0.280286 -0.285163 0.589000 61 69 56
-0.278758 -0.285163 0.589000 62 70 59
-0.277229 -0.285163 0.589000 64 72 61
-0.275701 -0.285163 0.589000 65 73 62
-0.274172 -0.285163 0.589000 64 72 61
-0.272644 -0.285163 0.589000 67 75 64
-0.271115 -0.285163 0.589000 68 76 65
-0.269587 -0.285163 0.589000 72 80 65
-0.268058 -0.285163 0.589000 72 80 65
-0.266530 -0.285163 0.589000 84 90 73
-0.265001 -0.285163 0.589000 84 90 73
-0.263473 -0.285163 0.589000 77 86 68
-0.261944 -0.285163 0.589000 79 88 70
-0.260416 -0.285163 0.589000 80 89 71
-0.258887 -0.285163 0.589000 82 91 73
-0.257359 -0.285163 0.589000 57 79 48
-0.255830 -0.285163 0.589000 109 131 100
-0.254302 -0.285163 0.589000 164 212 131
-0.252773 -0.285163 0.589000 172 220 139
-0.251245 -0.285163 0.589000 165 227 123
-0.249716 -0.285163 0.589000 165 227 123
-0.248188 -0.285163 0.589000 162 226 117
-0.246659 -0.285163 0.589000 161 225 116
-0.245131 -0.285163 0.589000 163 229 110
-0.243602 -0.285163 0.589000 155 221 102
-0.241663 -0.284679 0.588000 149 214 89
-0.240137 -0.284679 0.588000 150 215 90
-0.238611 -0.284679 0.588000 150 215 90
-0.237085 -0.284679 0.588000 147 212 87
-0.235158 -0.284195 0.587000 145 209 91
-0.233635 -0.284195 0.587000 148 212 94
-0.232112 -0.284195 0.587000 153 214 99
-0.230588 -0.284195 0.587000 146 207 92
-0.228675 -0.283711 0.586000 137 197 85
-0.227154 -0.283711 0.586000 133 193 81
-0.225633 -0.283711 0.586000 135 194 87
-0.224495 -0.284195 0.587000 136 195 88
-0.222592 -0.283711 0.586000 133 187 86
-0.221071 -0.283711 0.586000 133 187 86
-0.219550 -0.283711 0.586000 128 179 83
-0.218030 -0.283711 0.586000 133 184 88
-0.216509 -0.283711 0.586000 121 170 84
-0.214988 -0.283711 0.586000 120 169 83
-0.213467 -0.283711 0.586000 108 151 72
-0.211585 -0.283227 0.585000 91 134 55
-0.210067 -0.283227 0.585000 82 122 51
-0.208549 -0.283227 0.585000 69 109 38
-0.207031 -0.283227 0.585000 63 97 36
-0.205512 -0.283227 0.585000 55 89 28
-0.296073 -0.284114 0.590000 109 110 97
-0.294542 -0.284114 0.590000 118 120 107
-0.293011 -0.284114 0.590000 112 114 101
-0.291480 -0.284114 0.590000 106 111 97
-0.289949 -0.284114 0.590000 107 112 98
-0.288418 -0.284114 0.590000 99 104 90
-0.286887 -0.284114 0.590000 89 94 80
-0.285356 -0.284114 0.590000 72 77 63
-0.283824 -0.284114 0.590000 66 71 57
-0.282293 -0.284114 0.590000 61 69 56
-0.280762 -0.284114 0.590000 62 70 57
-0.279231 -0.284114 0.590000 58 66 53
-0.278171 -0.284596 0.591000 64 72 59
-0.276637 -0.284596 0.591000 63 71 58
-0.274638 -0.284114 0.590000 62 70 57
-0.273107 -0.284114 0.590000 61 71 57
-0.271576 -0.284114 0.590000 63 73 59
-0.270044 -0.284114 0.590000 64 72 59
-0.268513 -0.284114 0.590000 64 72 59
-0.266982 -0.284114 0.590000 64 72 57
-0.265451 -0.284114 0.590000 63 71 56
-0.263920 -0.284114 0.590000 61 69 54
-0.262389 -0.284114 0.590000 62 70 55
-0.260858 -0.284114 0.590000 55 66 47
-0.259327 -0.284114 0.590000 61 72 53
-0.257796 -0.284114 0.590000 56 73 47
-0.256699 -0.284596 0.591000 52 69 43
-0.255165 -0.284596 0.591000 108 146 91
-0.253631 -0.284596 0.591000 131 169 114
-0.252098 -0.284596 0.591000 132 186 101
-0.250564 -0.284596 0.591000 139 193 108
-0.249030 -0.284596 0.591000 143 204 103
-0.247497 -0.284596 0.591000 152 213 112
-0.245963 -0.284596 0.591000 160 220 108
-0.244429 -0.284596 0.591000 163 223 111
-0.242484 -0.284114 0.590000 167 227 106
-0.240545 -0.283633 0.589000 166 226 105
-0.239016 -0.283633 0.589000 163 225 99
-0.237488 -0.283633 0.589000 164 226 100
-0.235959 -0.283633 0.589000 166 228 104
-0.234431 -0.283633 0.589000 166 228 104
-0.232507 -0.283151 0.588000 164 226 100
-0.230981 -0.283151 0.588000 161 223 97
-0.229455 -0.283151 0.588000 157 219 95
-0.227929 -0.283151 0.588000 152 214 90
-0.226403 -0.283151 0.588000 153 215 89
-0.224877 -0.283151 0.588000 152 214 88
-0.223351 -0.283151 0.588000 146 209 80
-0.221826 -0.283151 0.588000 142 205 76
-0.220300 -0.283151 0.588000 140 201 73
-0.218774 -0.283151 0.588000 140 201 73
-0.217248 -0.283151 0.588000 142 199 77
-0.215722 -0.283151 0.588000 134 191 69
-0.213832 -0.282670 0.587000 138 193 85
-0.212308 -0.282670 0.587000 139 194 86
-0.210785 -0.282670 0.587000 140 192 91
-0.208905 -0.282188 0.586000 138 190 89
-0.207738 -0.282670 0.587000 131 181 88
-0.206215 -0.282670 0.587000 125 175 82
-0.204343 -0.282188 0.586000 114 165 79
-0.202822 -0.282188 0.586000 105 156 70
-0.201302 -0.282188 0.586000 93 145 70
-0.199781 -0.282188 0.586000 84 136 61
-0.198260 -0.282188 0.586000 81 126 66
-0.196739 -0.282188 0.586000 66 111 51
-0.195219 -0.282188 0.586000 52 91 40
-0.268968 -0.283060 0.591000 57 67 53
-0.267435 -0.283060 0.591000 55 65 49
-0.265901 -0.283060 0.591000 52 62 46
-0.256699 -0.283060 0.591000 44 58 38
-0.255165 -0.283060 0.591000 32 54 27
-0.253631 -0.283060 0.591000 33 55 28
-0.252098 -0.283060 0.591000 24 61 11
-0.250988 -0.283539 0.592000 33 70 20
-0.249030 -0.283060 0.591000 41 80 16
-0.247497 -0.283060 0.591000 53 92 28
-0.245963 -0.283060 0.591000 60 103 24
-0.244429 -0.283060 0.591000 66 109 30
-0.242895 -0.283060 0.591000 70 118 30
-0.241362 -0.283060 0.591000 85 133 45
-0.239828 -0.283060 0.591000 97 153 56
-0.238294 -0.283060 0.591000 119 175 78
-0.236360 -0.282581 0.590000 136 195 90
-0.234829 -0.282581 0.590000 144 203 98
-0.233298 -0.282581 0.590000 149 210 95
-0.231767 -0.282581 0.590000 152 213 98
-0.229845 -0.282102 0.589000 157 219 97
-0.228317 -0.282102 0.589000 163 225 103
-0.226788 -0.282102 0.589000 169 226 102
-0.225260 -0.282102 0.589000 167 224 100
-0.223731 -0.282102 0.589000 166 228 95
-0.222203 -0.282102 0.589000 166 228 95
-0.220674 -0.282102 0.589000 167 229 94
-0.219146 -0.282102 0.589000 166 228 93
-0.217617 -0.282102 0.589000 167 228 100
-0.216089 -0.282102 0.589000 168 229 101
-0.214560 -0.282102 0.589000 164 223 105
-0.213032 -0.282102 0.589000 160 219 101
-0.211144 -0.281623 0.588000 154 213 97
-0.209618 -0.281623 0.588000 146 205 89
-0.208092 -0.281623 0.588000 147 206 88
-0.206566 -0.281623 0.588000 151 210 92
-0.205040 -0.281623 0.588000 140 199 83
-0.203514 -0.281623 0.588000 133 192 76
-0.201989 -0.281623 0.588000 132 192 80
-0.200463 -0.281623 0.588000 131 191 79
-0.198598 -0.281144 0.587000 133 192 89
-0.197075 -0.281144 0.587000 131 190 87
-0.195552 -0.281144 0.587000 133 185 94
-0.194028 -0.281144 0.587000 125 177 86
-0.192505 -0.281144 0.587000 112 160 68
-0.190656 -0.280665 0.586000 99 147 55
-0.189136 -0.280665 0.586000 84 129 42
-0.187615 -0.280665 0.586000 73 118 31
-0.186094 -0.280665 0.586000 52 92 23
-0.184888 -0.281144 0.587000 37 77 8
-0.248334 -0.282477 0.593000 46 59 26
-0.246795 -0.282477 0.593000 44 61 24
-0.244843 -0.282001 0.592000 43 60 23
-0.243306 -0.282001 0.592000 38 62 21
-0.241770 -0.282001 0.592000 34 58 17
-0.239828 -0.281525 0.591000 22 56 7
-0.238294 -0.281525 0.591000 25 59 10
-0.236761 -0.281525 0.591000 28 71 10
-0.235227 -0.281525 0.591000 31 74 13
-0.233693 -0.281525 0.591000 39 82 5
-0.232160 -0.281525 0.591000 55 98 21
-0.230626 -0.281525 0.591000 72 112 23
-0.229092 -0.281525 0.591000 85 125 36
-0.227558 -0.281525 0.591000 101 141 42
-0.226025 -0.281525 0.591000 115 155 56
-0.224491 -0.281525 0.591000 121 170 59
-0.222580 -0.281048 0.590000 137 186 75
-0.221049 -0.281048 0.590000 143 202 86
-0.219518 -0.281048 0.590000 154 213 97
-0.217987 -0.281048 0.590000 160 221 104
-0.216456 -0.281048 0.590000 164 225 108
-0.214924 -0.281048 0.590000 166 227 112
-0.213393 -0.281048 0.590000 166 227 112
-0.211862 -0.281048 0.590000 168 229 112
-0.210331 -0.281048 0.590000 167 228 111
-0.208800 -0.281048 0.590000 167 227 104
-0.207269 -0.281048 0.590000 162 222 99
-0.205738 -0.281048 0.590000 160 222 96
-0.203861 -0.280572 0.589000 158 220 94
-0.202332 -0.280572 0.589000 150 217 91
-0.200804 -0.280572 0.589000 150 217 91
-0.198937 -0.280095 0.588000 147 214 90
-0.197411 -0.280095 0.588000 141 208 84
-0.196218 -0.280572 0.589000 137 198 79
-0.194359 -0.280095 0.588000 135 196 77
-0.192833 -0.280095 0.588000 140 197 77
-0.191307 -0.280095 0.588000 138 195 75
-0.189781 -0.280095 0.588000 134 190 73
-0.188255 -0.280095 0.588000 134 190 73
-0.186412 -0.279619 0.587000 128 182 77
-0.185203 -0.280095 0.588000 119 173 68
-0.183365 -0.279619 0.587000 113 163 72
-0.181842 -0.279619 0.587000 95 145 54
-0.180318 -0.279619 0.587000 78 123 50
-0.178795 -0.279619 0.587000 59 104 31
-0.176970 -0.279143 0.586000 47 84 32
-0.175449 -0.279143 0.586000 32 69 17
-0.235227 -0.279989 0.591000 46 62 39
-0.233693 -0.279989 0.591000 44 60 26
-0.232160 -0.279989 0.591000 39 55 21
-0.230626 -0.279989 0.591000 47 63 15
-0.229092 -0.279989 0.591000 43 59 11
-0.227558 -0.279989 0.591000 41 58 1
-0.226025 -0.279989 0.591000 41 58 1
-0.224491 -0.279989 0.591000 38 61 0
-0.222957 -0.279989 0.591000 44 67 1
-0.221424 -0.279989 0.591000 43 81 4
-0.219890 -0.279989 0.591000 47 85 8
-0.218356 -0.279989 0.591000 50 98 10
-0.216822 -0.279989 0.591000 64 112 24
-0.215289 -0.279989 0.591000 89 137 47
-0.213755 -0.279989 0.591000 114 162 72
-0.212221 -0.279989 0.591000 136 182 88
-0.210688 -0.279989 0.591000 143 189 95
-0.209154 -0.279989 0.591000 150 198 92
-0.207620 -0.279989 0.591000 157 205 99
-0.206087 -0.279989 0.591000 158 217 101
-0.204553 -0.279989 0.591000 166 225 109
-0.202676 -0.279515 0.590000 164 230 109
-0.201144 -0.279515 0.590000 167 233 112
-0.199613 -0.279515 0.590000 164 229 104
-0.198082 -0.279515 0.590000 162 227 102
-0.196551 -0.279515 0.590000 161 223 97
-0.195020 -0.279515 0.590000 161 223 97
-0.193489 -0.279515 0.590000 161 221 96
-0.191632 -0.279041 0.589000 155 215 90
-0.190104 -0.279041 0.589000 152 212 87
-0.188575 -0.279041 0.589000 150 210 85
-0.187047 -0.279041 0.589000 145 206 87
-0.185203 -0.278568 0.588000 147 208 89
-0.183678 -0.278568 0.588000 133 197 81
-0.182152 -0.278568 0.588000 131 195 79
-0.180318 -0.278094 0.587000 132 191 86
-0.178795 -0.278094 0.587000 126 185 80
-0.176970 -0.277620 0.586000 124 175 91
-0.175449 -0.277620 0.586000 116 167 83
-0.173928 -0.277620 0.586000 112 154 84
-0.172113 -0.277146 0.585000 93 135 65
-0.170595 -0.277146 0.585000 71 110 48
-0.169077 -0.277146 0.585000 48 87 25
-0.167559 -0.277146 0.585000 28 61 15
-0.223335 -0.278924 0.592000 49 61 35
-0.221798 -0.278924 0.592000 38 57 27
-0.220262 -0.278924 0.592000 38 57 27
-0.218726 -0.278924 0.592000 32 61 20
-0.217189 -0.278924 0.592000 28 57 16
-0.215653 -0.278924 0.592000 31 58 9
-0.214117 -0.278924 0.592000 38 65 16
-0.212580 -0.278924 0.592000 36 63 5
-0.210688 -0.278453 0.591000 42 69 11
-0.209154 -0.278453 0.591000 48 76 9
-0.207620 -0.278453 0.591000 57 85 18
-0.206087 -0.278453 0.591000 65 104 24
-0.204553 -0.278453 0.591000 79 118 38
-0.203019 -0.278453 0.591000 91 142 44
-0.201485 -0.278453 0.591000 115 166 68
-0.199952 -0.278453 0.591000 138 189 80
-0.198418 -0.278453 0.591000 150 201 92
-0.196884 -0.278453 0.591000 155 209 92
-0.195351 -0.278453 0.591000 161 215 98
-0.193817 -0.278453 0.591000 165 225 102
-0.192283 -0.278453 0.591000 171 231 108
-0.190749 -0.278453 0.591000 172 232 107
-0.189216 -0.278453 0.591000 168 228 103
-0.187682 -0.278453 0.591000 166 228 104
-0.185833 -0.277982 0.590000 164 226 102
-0.184302 -0.277982 0.590000 159 224 97
-0.182461 -0.277511 0.589000 150 215 88
-0.180933 -0.277511 0.589000 145 210 83
-0.179100 -0.277040 0.588000 143 208 81
-0.177272 -0.276568 0.587000 142 206 90
-0.175749 -0.276568 0.587000 142 206 90
-0.174225 -0.276568 0.587000 139 196 94
-0.172408 -0.276097 0.586000 132 189 87
-0.170887 -0.276097 0.586000 133 185 92
-0.169366 -0.276097 0.586000 126 178 85
-0.167845 -0.276097 0.586000 113 163 84
-0.166325 -0.276097 0.586000 96 146 67
-0.165085 -0.276568 0.587000 77 120 59
-0.163841 -0.277040 0.588000 53 96 35
-0.162315 -0.277040 0.588000 34 70 25
-0.160789 -0.277040 0.588000 19 55 10
-0.211401 -0.277854 0.593000 45 62 34
-0.209862 -0.277854 0.593000 44 61 33
-0.208323 -0.277854 0.593000 38 55 27
-0.206435 -0.277386 0.592000 34 53 23
-0.204899 -0.277386 0.592000 34 53 23
-0.203363 -0.277386 0.592000 31 56 10
-0.201826 -0.277386 0.592000 36 61 15
-0.200290 -0.277386 0.592000 36 64 0
-0.198754 -0.277386 0.592000 41 69 2
-0.197217 -0.277386 0.592000 49 84 3
-0.195681 -0.277386 0.592000 62 97 16
-0.194145 -0.277386 0.592000 82 127 36
-0.192609 -0.277386 0.592000 101 146 55
-0.191072 -0.277386 0.592000 110 160 58
-0.189216 -0.276917 0.591000 130 180 78
-0.187682 -0.276917 0.591000 152 206 91
-0.186148 -0.276917 0.591000 164 218 103
-0.184615 -0.276917 0.591000 164 223 105
-0.183081 -0.276917 0.591000 167 226 108
-0.181240 -0.276449 0.590000 165 230 105
-0.179404 -0.275980 0.589000 162 227 102
-0.177876 -0.275980 0.589000 162 229 103
-0.176048 -0.275512 0.588000 160 227 101
-0.174522 -0.275512 0.588000 157 219 97
-0.172702 -0.275043 0.587000 157 219 97
-0.171179 -0.275043 0.587000 151 211 90
-0.169655 -0.275043 0.587000 143 203 82
-0.168132 -0.275043 0.587000 132 192 82
-0.166609 -0.275043 0.587000 135 195 85
-0.165366 -0.275512 0.588000 133 194 95
-0.163841 -0.275512 0.588000 123 184 85
-0.162315 -0.275512 0.588000 112 166 81
-0.161062 -0.275980 0.589000 97 151 66
-0.159534 -0.275980 0.589000 80 124 60
-0.158005 -0.275980 0.589000 59 103 39
-0.156742 -0.276449 0.590000 36 70 21
-0.155211 -0.276449 0.590000 25 59 10
-0.197551 -0.276313 0.593000 39 58 20
-0.196012 -0.276313 0.593000 40 59 21
-0.194473 -0.276313 0.593000 32 61 16
-0.192934 -0.276313 0.593000 35 64 19
-0.191718 -0.276779 0.594000 35 66 11
-0.189856 -0.276313 0.593000 37 68 13
-0.188317 -0.276313 0.593000 41 82 6
-0.186463 -0.275848 0.592000 54 95 19
-0.184927 -0.275848 0.592000 71 121 30
-0.183081 -0.275382 0.591000 98 148 57
-0.181547 -0.275382 0.591000 124 180 81
-0.180014 -0.275382 0.591000 136 192 93
-0.178480 -0.275382 0.591000 147 207 95
-0.176647 -0.274916 0.590000 159 219 107
-0.174819 -0.274450 0.589000 167 227 106
-0.173290 -0.274450 0.589000 167 227 106
-0.171762 -0.274450 0.589000 168 228 103
-0.169944 -0.273984 0.588000 165 225 100
-0.168418 -0.273984 0.588000 160 222 98
-0.166892 -0.273984 0.588000 154 216 92
-0.165366 -0.273984 0.588000 148 213 90
-0.164119 -0.274450 0.589000 141 206 83
-0.162591 -0.274450 0.589000 144 205 88
-0.161062 -0.274450 0.589000 133 194 77
-0.159534 -0.274450 0.589000 129 183 78
-0.158273 -0.274916 0.590000 128 182 77
-0.156742 -0.274916 0.590000 117 168 82
-0.155211 -0.274916 0.590000 99 150 64
-0.153420 -0.274450 0.589000 75 119 53
-0.151891 -0.274450 0.589000 45 89 23
-0.150363 -0.274450 0.589000 24 62 14
-0.188952 -0.275699 0.595000 42 63 25
-0.187093 -0.275236 0.594000 41 62 24
-0.185552 -0.275236 0.594000 29 60 14
-0.183701 -0.274773 0.593000 30 61 15
-0.181854 -0.274309 0.592000 27 65 10
-0.180318 -0.274309 0.592000 37 75 20
-0.178480 -0.273846 0.591000 59 99 28
-0.176946 -0.273846 0.591000 76 116 45
-0.175412 -0.273846 0.591000 92 140 50
-0.173879 -0.273846 0.591000 122 170 80
-0.172053 -0.273382 0.590000 138 193 85
-0.170522 -0.273382 0.590000 155 210 102
-0.168991 -0.273382 0.590000 161 222 103
-0.167460 -0.273382 0.590000 167 228 109
-0.165929 -0.273382 0.590000 163 229 108
-0.164398 -0.273382 0.590000 163 229 108
-0.162867 -0.273382 0.590000 157 224 98
-0.161336 -0.273382 0.590000 151 218 92
-0.159804 -0.273382 0.590000 147 208 78
-0.158542 -0.273846 0.591000 143 204 74
-0.156742 -0.273382 0.590000 141 198 74
-0.155211 -0.273382 0.590000 136 193 69
-0.153680 -0.273382 0.590000 131 190 85
-0.152149 -0.273382 0.590000 126 185 80
-0.150618 -0.273382 0.590000 104 161 70
-0.149087 -0.273382 0.590000 74 131 40
-0.147556 -0.273382 0.590000 49 95 28
-0.146024 -0.273382 0.590000 28 74 7
-0.144738 -0.273846 0.591000 22 55 11
-0.179084 -0.273232 0.593000 51 69 34
-0.177246 -0.272771 0.592000 45 63 28
-0.175412 -0.272310 0.591000 41 66 20
-0.173879 -0.272310 0.591000 42 67 21
-0.172345 -0.272310 0.591000 44 79 11
-0.170811 -0.272310 0.591000 56 91 23
-0.169278 -0.272310 0.591000 84 132 44
-0.167744 -0.272310 0.591000 110 158 70
-0.166210 -0.272310 0.591000 122 184 80
-0.164676 -0.272310 0.591000 149 211 107
-0.163143 -0.272310 0.591000 163 227 109
-0.161609 -0.272310 0.591000 165 229 111
-0.160075 -0.272310 0.591000 170 228 99
-0.158542 -0.272310 0.591000 169 227 98
-0.157008 -0.272310 0.591000 163 223 84
-0.155474 -0.272310 0.591000 156 216 77
-0.153941 -0.272310 0.591000 141 207 77
-0.152149 -0.271849 0.590000 140 206 76
-0.150618 -0.271849 0.590000 140 204 84
-0.149087 -0.271849 0.590000 130 194 74
-0.147556 -0.271849 0.590000 125 184 79
-0.146272 -0.272310 0.591000 113 172 67
-0.144738 -0.272310 0.591000 93 140 57
-0.143205 -0.272310 0.591000 63 110 27
-0.141671 -0.272310 0.591000 39 77 22
-0.140137 -0.272310 0.591000 20 58 3
-0.171100 -0.271233 0.592000 50 65 38
-0.169564 -0.271233 0.592000 41 65 22
-0.168028 -0.271233 0.592000 38 62 19
-0.166491 -0.271233 0.592000 34 70 9
-0.164955 -0.271233 0.592000 48 84 23
-0.163419 -0.271233 0.592000 66 111 24
-0.161883 -0.271233 0.592000 103 148 61
-0.160346 -0.271233 0.592000 135 187 73
-0.158810 -0.271233 0.592000 151 203 89
-0.157008 -0.270774 0.591000 163 222 90
-0.155474 -0.270774 0.591000 169 228 96
-0.153941 -0.270774 0.591000 166 230 96
-0.152407 -0.270774 0.591000 164 228 94
-0.150873 -0.270774 0.591000 151 218 83
-0.149339 -0.270774 0.591000 145 212 77
-0.147806 -0.270774 0.591000 138 204 74
-0.146272 -0.270774 0.591000 143 209 79
-0.144738 -0.270774 0.591000 145 205 93
-0.143205 -0.270774 0.591000 138 198 86
-0.141671 -0.270774 0.591000 125 176 92
-0.140137 -0.270774 0.591000 106 157 73
-0.138603 -0.270774 0.591000 73 118 58
-0.137070 -0.270774 0.591000 43 88 28
-0.135765 -0.271233 0.592000 27 59 20
-0.163971 -0.270605 0.594000 45 70 22
-0.162429 -0.270605 0.594000 46 71 23
-0.160888 -0.270605 0.594000 44 78 6
-0.159078 -0.270150 0.593000 54 88 16
-0.157539 -0.270150 0.593000 76 121 21
-0.155737 -0.269694 0.592000 102 147 47
-0.154201 -0.269694 0.592000 135 187 71
-0.152665 -0.269694 0.592000 157 209 93
-0.151128 -0.269694 0.592000 166 224 97
-0.149592 -0.269694 0.592000 169 227 100
-0.147806 -0.269239 0.591000 162 223 93
-0.146272 -0.269239 0.591000 161 222 92
-0.144983 -0.269694 0.592000 156 218 92
-0.143447 -0.269694 0.592000 153 215 89
-0.141911 -0.269694 0.592000 145 207 99
-0.140374 -0.269694 0.592000 140 202 94
-0.138838 -0.269694 0.592000 130 189 100
-0.137302 -0.269694 0.592000 120 179 90
-0.135765 -0.269694 0.592000 104 150 81
-0.134229 -0.269694 0.592000 78 124 55
-0.132693 -0.269694 0.592000 47 84 32
-0.131156 -0.269694 0.592000 25 62 10
-0.159615 -0.269515 0.595000 45 65 32
-0.158071 -0.269515 0.595000 35 65 17
-0.156527 -0.269515 0.595000 32 62 14
-0.154722 -0.269062 0.594000 43 79 6
-0.153180 -0.269062 0.594000 59 95 22
-0.151384 -0.268609 0.593000 94 135 41
-0.149845 -0.268609 0.593000 125 166 72
-0.148306 -0.268609 0.593000 151 201 83
-0.146767 -0.268609 0.593000 171 221 103
-0.145228 -0.268609 0.593000 170 228 101
-0.143689 -0.268609 0.593000 170 228 101
-0.142150 -0.268609 0.593000 159 224 99
-0.140611 -0.268609 0.593000 156 221 96
-0.138838 -0.268156 0.592000 151 214 101
-0.137302 -0.268156 0.592000 147 210 97
-0.135765 -0.268156 0.592000 140 198 98
-0.134229 -0.268156 0.592000 130 188 88
-0.132693 -0.268156 0.592000 118 169 83
-0.131156 -0.268156 0.592000 95 146 60
-0.129620 -0.268156 0.592000 66 107 44
-0.128300 -0.268609 0.593000 36 77 14
-0.126975 -0.269062 0.594000 25 55 18
-0.153696 -0.268419 0.596000 40 63 29
-0.152150 -0.268419 0.596000 40 64 21
-0.150350 -0.267969 0.595000 42 66 23
-0.148806 -0.267969 0.595000 52 87 17
-0.147262 -0.267969 0.595000 74 109 39
-0.145718 -0.267969 0.595000 118 165 64
-0.144174 -0.267969 0.595000 151 198 97
-0.142390 -0.267518 0.594000 159 218 100
-0.140849 -0.267518 0.594000 171 230 112
-0.139307 -0.267518 0.594000 166 227 108
-0.137766 -0.267518 0.594000 165 226 107
-0.135995 -0.267068 0.593000 160 221 104
-0.134456 -0.267068 0.593000 150 211 94
-0.132693 -0.266618 0.592000 144 203 89
-0.131156 -0.266618 0.592000 143 202 88
-0.129839 -0.267068 0.593000 135 188 90
-0.128300 -0.267068 0.593000 118 171 73
-0.126761 -0.267068 0.593000 95 141 72
-0.125434 -0.267518 0.594000 53 99 30
-0.124101 -0.267969 0.595000 26 63 22
-0.148004 -0.267766 0.598000 52 69 41
-0.146453 -0.267766 0.598000 44 72 20
-0.144658 -0.267318 0.597000 46 74 22
-0.143109 -0.267318 0.597000 66 109 30
-0.141323 -0.266870 0.596000 104 147 68
-0.139776 -0.266870 0.596000 146 200 97
-0.137997 -0.266423 0.595000 164 218 115
-0.136224 -0.265975 0.594000 171 232 117
-0.134683 -0.265975 0.594000 173 234 119
-0.133141 -0.265975 0.594000 170 231 112
-0.131378 -0.265527 0.593000 160 221 102
-0.129839 -0.265527 0.593000 148 208 83
-0.128300 -0.265527 0.593000 145 205 80
-0.126975 -0.265975 0.594000 134 191 87
-0.125434 -0.265975 0.594000 131 188 84
-0.123892 -0.265975 0.594000 108 160 85
-0.122557 -0.266423 0.595000 70 122 47
-0.121216 -0.266870 0.596000 37 78 29
-0.119870 -0.267318 0.597000 20 61 12
-0.145143 -0.266657 0.599000 54 66 42
-0.143589 -0.266657 0.599000 42 63 21
-0.142034 -0.266657 0.599000 43 64 22
-0.140245 -0.266212 0.598000 48 85 17
-0.138461 -0.265767 0.597000 73 110 42
-0.136912 -0.265767 0.597000 109 159 66
-0.135136 -0.265322 0.596000 144 194 101
-0.133365 -0.264876 0.595000 169 225 112
-0.131600 -0.264431 0.594000 173 229 116
-0.130058 -0.264431 0.594000 171 232 104
-0.128517 -0.264431 0.594000 164 225 97
-0.126975 -0.264431 0.594000 154 215 96
-0.125645 -0.264876 0.595000 151 212 93
-0.124101 -0.264876 0.595000 145 204 101
-0.122557 -0.264876 0.595000 135 194 91
-0.121216 -0.265322 0.596000 116 169 89
-0.119669 -0.265322 0.596000 84 137 57
-0.118321 -0.265767 0.597000 55 94 41
-0.116771 -0.265767 0.597000 23 62 9
-0.139157 -0.265543 0.600000 45 65 32
-0.137371 -0.265101 0.599000 36 67 14
-0.135590 -0.264658 0.598000 49 80 27
-0.134038 -0.264658 0.598000 73 113 28
-0.132264 -0.264215 0.597000 124 164 79
-0.130496 -0.263773 0.596000 151 203 87
-0.128949 -0.263773 0.596000 169 221 105
-0.127403 -0.263773 0.596000 170 226 109
-0.125856 -0.263773 0.596000 169 225 108
-0.124518 -0.264215 0.597000 161 222 107
-0.122763 -0.263773 0.596000 154 215 100
-0.121216 -0.263773 0.596000 148 210 104
-0.119870 -0.264215 0.597000 141 203 97
-0.118321 -0.264215 0.597000 129 180 96
-0.116771 -0.264215 0.597000 111 162 78
-0.115222 -0.264215 0.597000 62 102 46
-0.113673 -0.264215 0.597000 34 74 18
-0.112311 -0.264658 0.598000 28 57 25
-0.136043 -0.263984 0.600000 49 67 44
-0.134486 -0.263984 0.600000 36 60 17
-0.132707 -0.263544 0.599000 39 63 20
-0.131153 -0.263544 0.599000 51 82 7
-0.129382 -0.263104 0.598000 94 125 50
-0.127830 -0.263104 0.598000 132 178 73
-0.126278 -0.263104 0.598000 166 212 107
-0.124726 -0.263104 0.598000 167 226 110
-0.123175 -0.263104 0.598000 166 225 109
-0.121419 -0.262664 0.597000 161 222 107
-0.119870 -0.262664 0.597000 157 218 103
-0.118321 -0.262664 0.597000 154 212 103
-0.116771 -0.262664 0.597000 144 202 93
-0.115222 -0.262664 0.597000 136 188 99
-0.113673 -0.262664 0.597000 113 165 76
-0.112124 -0.262664 0.597000 77 120 61
-0.110574 -0.262664 0.597000 44 87 28
-0.109025 -0.262664 0.597000 28 58 21
-0.131591 -0.262862 0.601000 48 64 32
-0.129815 -0.262425 0.600000 43 59 27
-0.128258 -0.262425 0.600000 45 69 10
-0.126701 -0.262425 0.600000 64 88 29
-0.125144 -0.262425 0.600000 98 141 51
-0.123381 -0.261988 0.599000 141 184 94
-0.121826 -0.261988 0.599000 167 222 112
-0.120272 -0.261988 0.599000 168 223 113
-0.118717 -0.261988 0.599000 164 223 105
-0.116967 -0.261550 0.598000 155 214 96
-0.115415 -0.261550 0.598000 157 214 92
-0.113673 -0.261113 0.597000 148 205 83
-0.112124 -0.261113 0.597000 141 194 98
-0.110574 -0.261113 0.597000 125 178 82
-0.109025 -0.261113 0.597000 91 137 70
-0.107476 -0.261113 0.597000 59 105 38
-0.106104 -0.261550 0.598000 34 65 23
-0.128471 -0.261301 0.601000 58 68 43
-0.126912 -0.261301 0.601000 53 63 38
-0.125352 -0.261301 0.601000 42 67 21
-0.123792 -0.261301 0.601000 54 79 33
-0.122029 -0.260866 0.600000 79 122 47
-0.120472 -0.260866 0.600000 138 181 106
-0.118915 -0.260866 0.600000 158 212 99
-0.117163 -0.260431 0.599000 169 223 110
-0.115801 -0.260866 0.600000 167 225 96
-0.114244 -0.260866 0.600000 166 224 95
-0.112499 -0.260431 0.599000 158 213 91
-0.110760 -0.259996 0.598000 155 210 88
-0.109208 -0.259996 0.598000 140 194 93
-0.107656 -0.259996 0.598000 128 182 81
-0.106281 -0.260431 0.599000 104 151 77
-0.104727 -0.260431 0.599000 64 111 37
-0.103345 -0.260866 0.600000 32 63 19
-0.124410 -0.261035 0.604000 55 67 43
-0.122640 -0.260603 0.603000 43 66 30
-0.120874 -0.260171 0.602000 49 72 36
-0.119113 -0.259739 0.601000 62 102 31
-0.117554 -0.259739 0.601000 106 146 75
-0.115994 -0.259739 0.601000 149 203 90
-0.114435 -0.259739 0.601000 165 219 106
-0.112687 -0.259307 0.600000 171 228 106
-0.110945 -0.258874 0.599000 170 227 105
-0.109390 -0.258874 0.599000 161 220 102
-0.107836 -0.258874 0.599000 150 209 91
-0.106281 -0.258874 0.599000 140 197 91
-0.104727 -0.258874 0.599000 132 189 83
-0.103345 -0.259307 0.600000 108 156 75
-0.101788 -0.259307 0.600000 63 111 30
-0.100398 -0.259739 0.601000 34 65 19
-0.119510 -0.259036 0.603000 49 69 34
-0.117749 -0.258607 0.602000 43 63 28
-0.115994 -0.258177 0.601000 53 89 16
-0.114435 -0.258177 0.601000 101 137 64
-0.112875 -0.258177 0.601000 133 187 82
-0.111315 -0.258177 0.601000 163 217 112
-0.109573 -0.257748 0.600000 165 226 107
-0.108016 -0.257748 0.600000 160 221 102
-0.106459 -0.257748 0.600000 150 211 92
-0.104902 -0.257748 0.600000 152 213 94
-0.103345 -0.257748 0.600000 137 196 91
-0.101957 -0.258177 0.601000 128 187 82
-0.100398 -0.258177 0.601000 109 157 80
-0.098838 -0.258177 0.601000 64 112 35
-0.097278 -0.258177 0.601000 32 65 19
-0.116380 -0.257469 0.603000 48 64 30
-0.114625 -0.257042 0.602000 43 59 25
-0.113063 -0.257042 0.602000 44 76 14
-0.111315 -0.256615 0.601000 69 101 39
-0.109756 -0.256615 0.601000 108 165 63
-0.108196 -0.256615 0.601000 153 210 108
-0.106636 -0.256615 0.601000 163 227 107
-0.105077 -0.256615 0.601000 162 226 106
-0.103517 -0.256615 0.601000 159 220 105
-0.101957 -0.256615 0.601000 153 214 99
-0.100398 -0.256615 0.601000 146 202 103
-0.098838 -0.256615 0.601000 131 187 88
-0.097278 -0.256615 0.601000 103 153 74
-0.095878 -0.257042 0.602000 61 111 32
-0.094316 -0.257042 0.602000 37 73 26
-0.113250 -0.255902 0.603000 47 64 34
-0.111686 -0.255902 0.603000 42 59 29
-0.109938 -0.255478 0.602000 39 74 16
-0.108376 -0.255478 0.602000 59 94 36
-0.106814 -0.255478 0.602000 100 157 55
-0.105251 -0.255478 0.602000 150 207 105
-0.103517 -0.255054 0.601000 166 227 110
-0.102127 -0.255478 0.602000 167 228 111
-0.100398 -0.255054 0.601000 161 222 107
-0.099002 -0.255478 0.602000 156 217 102
-0.097440 -0.255478 0.602000 144 203 96
-0.095878 -0.255478 0.602000 126 185 78
-0.094316 -0.255478 0.602000 98 152 67
-0.092753 -0.255478 0.602000 61 115 30
-0.091343 -0.255902 0.603000 29 67 23
-0.108736 -0.254757 0.604000 43 61 38
-0.106991 -0.254336 0.603000 33 72 19
-0.105426 -0.254336 0.603000 52 91 38
-0.103861 -0.254336 0.603000 109 162 66
-0.102297 -0.254336 0.603000 152 205 109
-0.100565 -0.253914 0.602000 167 226 110
-0.099002 -0.253914 0.602000 167 226 110
-0.097440 -0.253914 0.602000 154 216 94
-0.095878 -0.253914 0.602000 142 204 82
-0.094316 -0.253914 0.602000 141 205 89
-0.092753 -0.253914 0.602000 124 188 72
-0.091343 -0.254336 0.603000 90 143 65
-0.089778 -0.254336 0.603000 51 104 26
-0.088213 -0.254336 0.603000 24 61 22
-0.105776 -0.253607 0.605000 45 66 42
-0.104206 -0.253607 0.605000 32 70 13
-0.102636 -0.253607 0.605000 56 94 37
-0.100899 -0.253188 0.604000 98 150 57
-0.099331 -0.253188 0.604000 148 200 107
-0.097602 -0.252769 0.603000 167 227 106
-0.096037 -0.252769 0.603000 165 225 104
-0.094472 -0.252769 0.603000 155 221 91
-0.092907 -0.252769 0.603000 143 209 79
-0.091343 -0.252769 0.603000 133 193 83
-0.089778 -0.252769 0.603000 123 183 73
-0.088213 -0.252769 0.603000 97 145 76
-0.086648 -0.252769 0.603000 42 90 21
-0.085224 -0.253188 0.604000 20 55 17
-0.102975 -0.252868 0.607000 51 66 41
-0.101233 -0.252451 0.606000 38 66 12
-0.099660 -0.252451 0.606000 53 81 27
-0.097926 -0.252035 0.605000 101 151 58
-0.096356 -0.252035 0.605000 150 200 107
-0.094786 -0.252035 0.605000 164 226 102
-0.093062 -0.251618 0.604000 166 228 104
-0.091494 -0.251618 0.604000 157 219 97
-0.089778 -0.251202 0.603000 147 209 87
-0.088213 -0.251202 0.603000 142 200 100
-0.086648 -0.251202 0.603000 122 180 80
-0.085083 -0.251202 0.603000 86 132 65
-0.083657 -0.251618 0.604000 33 79 12
-0.082225 -0.252035 0.605000 22 53 19
-0.099989 -0.251705 0.608000 56 68 42
-0.098249 -0.251291 0.607000 40 63 9
-0.096674 -0.251291 0.607000 64 87 33
-0.094942 -0.250877 0.606000 108 158 58
-0.093216 -0.250463 0.605000 155 205 105
-0.091646 -0.250463 0.605000 166 228 106
-0.090076 -0.250463 0.605000 160 222 100
-0.088359 -0.250049 0.604000 154 218 100
-0.086792 -0.250049 0.604000 148 212 94
-0.085224 -0.250049 0.604000 135 192 97
-0.083657 -0.250049 0.604000 113 170 75
-0.082225 -0.250463 0.605000 69 114 52
-0.080655 -0.250463 0.605000 22 67 5
-0.096833 -0.250125 0.608000 50 60 35
-0.095256 -0.250125 0.608000 47 74 16
-0.093524 -0.249713 0.607000 76 103 45
-0.091797 -0.249302 0.606000 119 172 64
-0.090224 -0.249302 0.606000 164 217 109
-0.088506 -0.248891 0.605000 167 228 111
-0.086935 -0.248891 0.605000 164 225 108
-0.085224 -0.248479 0.604000 154 217 104
-0.083795 -0.248891 0.605000 144 207 94
-0.082225 -0.248891 0.605000 128 188 96
-0.080655 -0.248891 0.605000 97 157 65
-0.079085 -0.248891 0.605000 51 90 37
-0.077643 -0.249302 0.606000 24 63 10
-0.093832 -0.248954 0.609000 47 59 33
-0.092100 -0.248545 0.608000 43 77 12
-0.090373 -0.248136 0.607000 73 107 42
-0.088652 -0.247727 0.606000 130 183 73
-0.087079 -0.247727 0.606000 168 221 111
-0.085365 -0.247319 0.605000 166 225 107
-0.083795 -0.247319 0.605000 159 218 100
-0.082225 -0.247319 0.605000 143 204 89
-0.080655 -0.247319 0.605000 138 199 84
-0.079085 -0.247319 0.605000 122 176 91
-0.077643 -0.247727 0.606000 83 137 52
-0.076196 -0.248136 0.607000 38 74 27
-0.092403 -0.247777 0.610000 53 70 40
-0.090671 -0.247371 0.609000 46 63 33
-0.089091 -0.247371 0.609000 43 77 12
-0.087367 -0.246965 0.608000 80 114 49
-0.085648 -0.246559 0.607000 145 198 90
-0.084072 -0.246559 0.607000 170 223 115
-0.082497 -0.246559 0.607000 167 227 104
-0.080789 -0.246153 0.606000 158 218 95
-0.079216 -0.246153 0.606000 147 206 88
-0.077643 -0.246153 0.606000 137 196 78
-0.076196 -0.246559 0.607000 114 163 79
-0.074744 -0.246965 0.608000 66 115 31
-0.073286 -0.247371 0.609000 27 60 18
-0.089237 -0.246192 0.610000 52 69 32
-0.087654 -0.246192 0.610000 51 68 31
-0.085930 -0.245789 0.609000 50 88 15
-0.084349 -0.245789 0.609000 101 139 66
-0.082769 -0.245789 0.609000 149 205 92
-0.081055 -0.245385 0.608000 167 223 110
-0.079477 -0.245385 0.608000 164 224 99
-0.077900 -0.245385 0.608000 154 214 89
-0.076322 -0.245385 0.608000 147 206 92
-0.074744 -0.245385 0.608000 127 186 72
-0.073286 -0.245789 0.609000 88 135 63
-0.071706 -0.245789 0.609000 38 85 13
-0.070126 -0.245789 0.609000 20 51 19
-0.086212 -0.245008 0.611000 52 72 27
-0.084488 -0.244607 0.610000 49 69 24
-0.082905 -0.244607 0.610000 57 99 16
-0.081189 -0.244206 0.609000 124 166 83
-0.079608 -0.244206 0.609000 161 220 102
-0.078028 -0.244206 0.609000 168 227 109
-0.076447 -0.244206 0.609000 159 221 97
-0.074867 -0.244206 0.609000 149 211 87
-0.073286 -0.244206 0.609000 136 195 92
-0.071706 -0.244206 0.609000 113 172 69
-0.070126 -0.244206 0.609000 67 110 49
-0.068658 -0.244607 0.610000 23 66 5
-0.083041 -0.243420 0.611000 48 73 25
-0.081322 -0.243022 0.610000 45 70 22
-0.079739 -0.243022 0.610000 103 149 53
-0.078156 -0.243022 0.610000 150 196 100
-0.076573 -0.243022 0.610000 159 221 99
-0.074990 -0.243022 0.610000 158 220 98
-0.073407 -0.243022 0.610000 147 210 97
-0.071706 -0.242624 0.609000 135 198 85
-0.070241 -0.243022 0.610000 126 182 94
-0.068658 -0.243022 0.610000 87 143 55
-0.067075 -0.243022 0.610000 47 81 30
-0.065492 -0.243022 0.610000 23 57 6
-0.079870 -0.241833 0.611000 41 64 14
-0.078284 -0.241833 0.611000 66 89 39
-0.076573 -0.241437 0.610000 112 162 60
-0.074990 -0.241437 0.610000 159 209 107
-0.073407 -0.241437 0.610000 165 229 113
-0.071824 -0.241437 0.610000 161 225 109
-0.070241 -0.241437 0.610000 147 209 105
-0.068658 -0.241437 0.610000 141 203 99
-0.067075 -0.241437 0.610000 114 162 81
-0.065492 -0.241437 0.610000 74 122 41
-0.064014 -0.241833 0.611000 29 62 18
-0.078412 -0.240638 0.612000 48 60 36
-0.076824 -0.240638 0.612000 38 71 13
-0.075113 -0.240245 0.611000 87 120 62
-0.073527 -0.240245 0.611000 132 189 85
-0.071824 -0.239852 0.610000 165 222 118
-0.070241 -0.239852 0.610000 163 226 113
-0.068658 -0.239852 0.610000 156 219 106
-0.067075 -0.239852 0.610000 143 200 96
-0.065492 -0.239852 0.610000 122 179 75
-0.063909 -0.239852 0.610000 89 138 64
-0.062428 -0.240245 0.611000 31 80 6
-0.060842 -0.240245 0.611000 20 51 19
-0.075236 -0.239048 0.612000 38 57 31
-0.073527 -0.238657 0.611000 53 94 31
-0.071942 -0.238657 0.611000 110 151 88
-0.070356 -0.238657 0.611000 150 209 104
-0.068658 -0.238267 0.610000 164 223 118
-0.067075 -0.238267 0.610000 160 221 104
-0.065492 -0.238267 0.610000 147 208 91
-0.064014 -0.238657 0.611000 135 193 93
-0.062428 -0.238657 0.611000 102 160 60
-0.060842 -0.238657 0.611000 47 94 34
-0.059257 -0.238657 0.611000 8 55 0
-0.073768 -0.237846 0.613000 39 63 31
-0.072059 -0.237458 0.612000 42 66 34
-0.070356 -0.237070 0.611000 66 114 37
-0.068770 -0.237070 0.611000 138 186 109
-0.067185 -0.237070 0.611000 166 224 115
-0.065599 -0.237070 0.611000 164 222 113
-0.064014 -0.237070 0.611000 157 218 103
-0.062428 -0.237070 0.611000 143 204 89
-0.060842 -0.237070 0.611000 116 173 82
-0.059257 -0.237070 0.611000 64 121 30
-0.057671 -0.237070 0.611000 26 64 18
-0.070586 -0.236253 0.613000 39 65 21
-0.068883 -0.235867 0.612000 61 87 43
-0.067185 -0.235482 0.611000 106 158 69
-0.065599 -0.235482 0.611000 160 212 123
-0.064014 -0.235482 0.611000 163 226 115
-0.062428 -0.235482 0.611000 157 220 109
-0.060842 -0.235482 0.611000 149 212 101
-0.059257 -0.235482 0.611000 128 191 80
-0.057671 -0.235482 0.611000 95 147 74
-0.056085 -0.235482 0.611000 41 93 20
-0.054589 -0.235867 0.612000 28 59 29
-0.067405 -0.234660 0.613000 45 78 20
-0.065706 -0.234277 0.612000 82 115 57
-0.064118 -0.234277 0.612000 138 196 96
-0.062428 -0.233894 0.611000 165 223 123
-0.060842 -0.233894 0.611000 161 224 113
-0.059257 -0.233894 0.611000 156 219 108
-0.057671 -0.233894 0.611000 138 195 100
-0.056177 -0.234277 0.612000 117 174 79
-0.054589 -0.234277 0.612000 65 110 52
-0.053001 -0.234277 0.612000 24 69 11
-0.065814 -0.233067 0.613000 44 63 33
-0.064118 -0.232687 0.612000 51 93 23
-0.062530 -0.232687 0.612000 126 168 98
-0.060942 -0.232687 0.612000 163 222 117
-0.059354 -0.232687 0.612000 166 225 120
-0.057765 -0.232687 0.612000 160 219 114
-0.056177 -0.232687 0.612000 142 201 96
-0.054589 -0.232687 0.612000 121 176 95
-0.053001 -0.232687 0.612000 78 133 52
-0.051497 -0.233067 0.613000 27 68 23
-0.064328 -0.231852 0.614000 43 71 33
-0.062734 -0.231852 0.614000 53 81 43
-0.061041 -0.231474 0.613000 105 153 72
-0.059354 -0.231096 0.612000 161 209 128
-0.057860 -0.231474 0.613000 168 227 120
-0.056177 -0.231096 0.612000 157 216 109
-0.054678 -0.231474 0.613000 140 198 98
-0.053087 -0.231474 0.613000 129 187 87
-0.051497 -0.231474 0.613000 91 142 74
-0.048394 -0.231852 0.614000 23 59 27
-0.061241 -0.230631 0.615000 40 73 27
-0.059645 -0.230631 0.615000 66 99 53
-0.057954 -0.230256 0.614000 131 185 98
-0.056361 -0.230256 0.614000 164 218 131
-0.054767 -0.230256 0.614000 165 225 115
-0.053174 -0.230256 0.614000 149 209 99
-0.051581 -0.230256 0.614000 133 193 101
-0.049987 -0.230256 0.614000 112 172 80
-0.048473 -0.230631 0.615000 53 99 46
-0.046877 -0.230631 0.615000 21 67 14
-0.059742 -0.229406 0.616000 42 64 35
-0.058143 -0.229406 0.616000 40 80 20
-0.056544 -0.229406 0.616000 114 154 94
-0.054946 -0.229406 0.616000 158 217 114
-0.053261 -0.229033 0.615000 164 223 120
-0.051665 -0.229033 0.615000 156 215 108
-0.050150 -0.229406 0.616000 140 199 92
-0.048552 -0.229406 0.616000 120 174 98
-0.046953 -0.229406 0.616000 74 128 52
-0.045354 -0.229406 0.616000 28 67 30
-0.058332 -0.228544 0.618000 47 70 34
-0.056728 -0.228544 0.618000 41 64 28
-0.055035 -0.228175 0.617000 103 154 70
-0.053434 -0.228175 0.617000 155 206 122
-0.051833 -0.228175 0.617000 163 225 121
-0.050232 -0.228175 0.617000 162 224 120
-0.048630 -0.228175 0.617000 147 207 111
-0.047029 -0.228175 0.617000 126 186 90
-0.045428 -0.228175 0.617000 86 136 73
-0.043898 -0.228544 0.618000 27 77 14
-0.056912 -0.227673 0.620000 49 65 44
-0.055213 -0.227306 0.619000 38 69 16
-0.053607 -0.227306 0.619000 81 112 59
-0.052001 -0.227306 0.619000 140 197 102
-0.050394 -0.227306 0.619000 166 223 128
-0.048709 -0.226939 0.618000 161 224 122
-0.047105 -0.226939 0.618000 150 213 111
-0.045502 -0.226939 0.618000 133 194 106
-0.043969 -0.227306 0.619000 98 159 71
-0.042362 -0.227306 0.619000 42 86 33
-0.053694 -0.226062 0.620000 44 63 37
-0.052085 -0.226062 0.620000 53 97 31
-0.050476 -0.226062 0.620000 119 163 97
-0.048867 -0.226062 0.620000 160 223 121
-0.047182 -0.225697 0.619000 163 226 124
-0.045575 -0.225697 0.619000 157 221 116
-0.043969 -0.225697 0.619000 139 203 98
-0.042362 -0.225697 0.619000 118 175 98
-0.040822 -0.226062 0.620000 58 115 38
-0.039213 -0.226062 0.620000 20 55 17
-0.052169 -0.224813 0.621000 40 68 30
-0.050557 -0.224813 0.621000 39 67 29
-0.048867 -0.224451 0.620000 101 154 74
-0.047258 -0.224451 0.620000 152 205 125
-0.045649 -0.224451 0.620000 165 229 124
-0.044040 -0.224451 0.620000 157 221 116
-0.042431 -0.224451 0.620000 144 204 108
-0.040822 -0.224451 0.620000 121 181 85
-0.039213 -0.224451 0.620000 69 119 58
-0.037604 -0.224451 0.620000 19 69 8
-0.050557 -0.223199 0.621000 50 64 42
-0.048946 -0.223199 0.621000 33 72 21
-0.047258 -0.222840 0.620000 87 126 75
-0.045649 -0.222840 0.620000 146 203 110
-0.044040 -0.222840 0.620000 170 227 134
-0.042431 -0.222840 0.620000 158 221 110
-0.040822 -0.222840 0.620000 140 203 92
-0.039213 -0.222840 0.620000 124 183 96
-0.037604 -0.222840 0.620000 77 136 49
-0.035995 -0.222840 0.620000 36 74 28
-0.047334 -0.221585 0.621000 41 63 34
-0.045722 -0.221585 0.621000 66 110 44
-0.044111 -0.221585 0.621000 134 178 112
-0.042431 -0.221229 0.620000 165 227 123
-0.040822 -0.221229 0.620000 157 219 115
-0.039213 -0.221229 0.620000 153 212 107
-0.037604 -0.221229 0.620000 135 194 89
-0.036053 -0.221585 0.621000 97 144 70
-0.034442 -0.221585 0.621000 38 85 11
-0.045722 -0.219972 0.621000 41 66 31
-0.044111 -0.219972 0.621000 61 86 51
-0.042499 -0.219972 0.621000 113 165 76
-0.040888 -0.219972 0.621000 162 214 125
-0.039276 -0.219972 0.621000 167 227 117
-0.037665 -0.219972 0.621000 161 221 111
-0.036053 -0.219972 0.621000 141 198 94
-0.034442 -0.219972 0.621000 110 167 63
-0.032830 -0.219972 0.621000 62 101 37
-0.031218 -0.219972 0.621000 26 65 1
-0.044111 -0.218358 0.621000 53 66 49
-0.042499 -0.218358 0.621000 40 78 19
-0.040888 -0.218358 0.621000 105 143 84
-0.039276 -0.218358 0.621000 156 215 108
-0.037665 -0.218358 0.621000 168 227 120
-0.036053 -0.218358 0.621000 161 222 105
-0.034442 -0.218358 0.621000 144 205 88
-0.032830 -0.218358 0.621000 122 172 81
-0.031269 -0.218710 0.622000 74 124 33
-0.029655 -0.218710 0.622000 28 59 15
-0.040888 -0.216744 0.621000 32 56 26
-0.039276 -0.216744 0.621000 80 129 43
-0.037665 -0.216744 0.621000 154 203 117
-0.036053 -0.216744 0.621000 172 233 118
-0.034442 -0.216744 0.621000 163 224 109
-0.032883 -0.217093 0.622000 144 202 93
-0.031269 -0.217093 0.622000 124 182 73
-0.029655 -0.217093 0.622000 75 119 51
-0.028085 -0.217442 0.623000 29 73 5
-0.039339 -0.215477 0.622000 28 65 15
-0.037725 -0.215477 0.622000 68 105 55
-0.036111 -0.215477 0.622000 139 198 93
-0.034497 -0.215477 0.622000 168 227 122
-0.032883 -0.215477 0.622000 166 225 111
-0.031269 -0.215477 0.622000 150 209 95
-0.029702 -0.215824 0.623000 127 179 90
-0.028131 -0.216170 0.624000 84 136 47
-0.026511 -0.216170 0.624000 40 78 34
-0.037786 -0.214205 0.623000 39 61 34
-0.036111 -0.213861 0.622000 59 105 38
-0.034497 -0.213861 0.622000 125 171 104
-0.032936 -0.214205 0.623000 165 224 117
-0.031319 -0.214205 0.623000 167 226 119
-0.029702 -0.214205 0.623000 147 204 100
-0.028131 -0.214548 0.624000 133 190 86
-0.026554 -0.214892 0.625000 99 147 78
-0.024972 -0.215236 0.626000 41 89 20
-0.036227 -0.212927 0.624000 32 62 23
-0.034552 -0.212586 0.623000 55 85 46
-0.032989 -0.212927 0.624000 106 157 73
-0.031369 -0.212927 0.624000 164 215 131
-0.029750 -0.212927 0.624000 171 228 122
-0.028176 -0.213268 0.625000 160 217 111
-0.026596 -0.213609 0.626000 137 192 100
-0.024972 -0.213609 0.626000 101 156 64
-0.023384 -0.213951 0.627000 44 83 32
-0.033094 -0.211983 0.626000 41 77 16
-0.031470 -0.211983 0.626000 105 141 80
-0.029845 -0.211983 0.626000 162 219 117
-0.028221 -0.211983 0.626000 172 229 127
-0.026596 -0.211983 0.626000 157 216 109
-0.025012 -0.212321 0.627000 138 197 90
-0.023384 -0.212321 0.627000 103 156 76
-0.021792 -0.212660 0.628000 39 92 12
-0.020162 -0.212660 0.628000 23 55 18
-0.033147 -0.210692 0.627000 42 62 29
-0.031520 -0.210692 0.627000 47 67 34
-0.029893 -0.210692 0.627000 96 143 58
-0.028266 -0.210692 0.627000 164 211 126
-0.026639 -0.210692 0.627000 165 225 115
-0.025012 -0.210692 0.627000 157 217 107
-0.023422 -0.211028 0.628000 143 205 101
-0.021792 -0.211028 0.628000 106 168 64
-0.020162 -0.211028 0.628000 50 95 37
-0.029941 -0.209396 0.628000 35 66 11
-0.028311 -0.209396 0.628000 82 113 58
-0.026681 -0.209396 0.628000 148 205 101
-0.025051 -0.209396 0.628000 169 226 122
-0.023422 -0.209396 0.628000 159 220 105
-0.021792 -0.209396 0.628000 149 210 95
-0.020194 -0.209730 0.629000 118 173 92
-0.018562 -0.209730 0.629000 52 107 26
-0.016957 -0.210063 0.630000 25 55 28
-0.028401 -0.208426 0.630000 41 60 30
-0.026724 -0.208095 0.629000 65 111 33
-0.025091 -0.208095 0.629000 145 191 113
-0.023459 -0.208095 0.629000 168 227 113
-0.021827 -0.208095 0.629000 162 221 107
-0.020194 -0.208095 0.629000 151 209 111
-0.018562 -0.208095 0.629000 120 178 80
-0.016957 -0.208426 0.630000 58 103 55
-0.015322 -0.208426 0.630000 18 63 15
-0.026766 -0.206789 0.630000 37 69 18
-0.025131 -0.206789 0.630000 63 95 44
-0.023496 -0.206789 0.630000 144 200 101
-0.021861 -0.206789 0.630000 169 225 126
-0.020226 -0.206789 0.630000 165 224 117
-0.018592 -0.206789 0.630000 145 204 97
-0.016957 -0.206789 0.630000 119 171 98
-0.015346 -0.207117 0.631000 60 112 39
-0.013709 -0.207117 0.631000 26 59 33
-0.025171 -0.205478 0.631000 39 56 30
-0.023534 -0.205478 0.631000 63 108 37
-0.021861 -0.205152 0.630000 146 191 120
-0.020226 -0.205152 0.630000 171 230 127
-0.018592 -0.205152 0.630000 161 220 117
-0.016984 -0.205478 0.631000 145 200 106
-0.015346 -0.205478 0.631000 121 176 82
-0.013709 -0.205478 0.631000 69 113 60
-0.012071 -0.205478 0.631000 24 68 15
-0.023534 -0.203838 0.631000 44 73 32
-0.021896 -0.203838 0.631000 66 95 54
-0.020259 -0.203838 0.631000 132 187 97
-0.018621 -0.203838 0.631000 171 226 136
-0.016984 -0.203838 0.631000 166 225 120
-0.015346 -0.203838 0.631000 149 208 103
-0.013709 -0.203838 0.631000 126 177 93
-0.012090 -0.204161 0.632000 63 114 30
-0.010450 -0.204161 0.632000 25 57 20
-0.021931 -0.202519 0.632000 49 65 44
-0.020291 -0.202519 0.632000 59 98 34
-0.018621 -0.202198 0.631000 141 180 116
-0.016984 -0.202198 0.631000 170 229 124
-0.015346 -0.202198 0.631000 166 225 120
-0.013730 -0.202519 0.632000 149 208 103
-0.012090 -0.202519 0.632000 117 176 71
-0.010450 -0.202519 0.632000 63 107 43
-0.008810 -0.202519 0.632000 20 64 0
-0.020291 -0.200876 0.632000 46 71 34
-0.018651 -0.200876 0.632000 61 86 49
-0.017010 -0.200876 0.632000 136 191 97
-0.015370 -0.200876 0.632000 169 224 130
-0.013730 -0.200876 0.632000 165 224 117
-0.012090 -0.200876 0.632000 146 205 98
-0.010450 -0.200876 0.632000 121 174 92
-0.008810 -0.200876 0.632000 53 106 24
-0.007181 -0.201194 0.633000 24 58 23
-0.018680 -0.199549 0.633000 50 65 49
-0.017010 -0.199234 0.632000 57 103 36
-0.015370 -0.199234 0.632000 142 188 121
-0.013730 -0.199234 0.632000 168 230 126
-0.012090 -0.199234 0.632000 162 224 120
-0.010450 -0.199234 0.632000 145 203 105
-0.008810 -0.199234 0.632000 115 173 75
-0.007181 -0.199549 0.633000 47 91 36
-0.005538 -0.199549 0.633000 17 61 6
-0.017037 -0.197905 0.633000 37 67 30
-0.015395 -0.197905 0.633000 60 90 53
-0.013752 -0.197905 0.633000 137 193 105
-0.012090 -0.197592 0.632000 168 224 136
-0.010450 -0.197592 0.632000 156 218 114
-0.008824 -0.197905 0.633000 148 210 106
-0.007181 -0.197905 0.633000 112 165 85
-0.005538 -0.197905 0.633000 39 92 12
-0.003902 -0.198217 0.634000 25 53 26
-0.015419 -0.196570 0.634000 47 64 46
-0.013752 -0.196260 0.633000 57 103 36
-0.012109 -0.196260 0.633000 143 189 122
-0.010467 -0.196260 0.633000 170 228 128
-0.008824 -0.196260 0.633000 163 221 121
-0.007181 -0.196260 0.633000 144 201 106
-0.005547 -0.196570 0.634000 101 158 63
-0.003902 -0.196570 0.634000 35 71 24
-0.013774 -0.194922 0.634000 37 67 28
-0.012128 -0.194922 0.634000 68 98 59
-0.010467 -0.194615 0.633000 145 201 113
-0.008838 -0.194922 0.634000 168 224 136
-0.007193 -0.194922 0.634000 160 218 120
-0.005547 -0.194922 0.634000 138 196 98
-0.003902 -0.194922 0.634000 93 139 70
-0.002260 -0.195230 0.635000 29 75 6
-0.012167 -0.193884 0.636000 45 65 48
-0.010483 -0.193275 0.634000 73 117 51
-0.008838 -0.193275 0.634000 158 202 136
-0.007193 -0.193275 0.634000 168 225 130
-0.005556 -0.193580 0.635000 157 214 119
-0.003908 -0.193580 0.635000 136 190 105
-0.002260 -0.193580 0.635000 82 136 51
-0.000613 -0.193884 0.636000 33 66 24
-0.010516 -0.192232 0.636000 35 66 24
-0.008852 -0.191930 0.635000 88 119 77
-0.007204 -0.191930 0.635000 159 214 124
-0.005556 -0.191930 0.635000 169 224 134
-0.002264 -0.192232 0.636000 131 189 89
0.001039 -0.192534 0.637000 23 69 2
-0.008880 -0.190879 0.637000 55 74 48
-0.007215 -0.190579 0.636000 98 145 73
-0.005565 -0.190579 0.636000 164 211 139
-0.003914 -0.190579 0.636000 173 232 127
-0.002267 -0.190879 0.637000 158 217 112
-0.000614 -0.190879 0.637000 127 181 94
0.001039 -0.190879 0.637000 60 114 27
0.002696 -0.191178 0.638000 23 55 18
-0.007238 -0.189521 0.638000 36 74 26
-0.005573 -0.189224 0.637000 105 143 95
-0.003920 -0.189224 0.637000 166 224 126
-0.002267 -0.189224 0.637000 170 228 130
-0.000614 -0.189224 0.637000 152 211 106
0.001040 -0.189521 0.638000 117 176 71
0.002700 -0.189818 0.639000 43 86 25
0.004365 -0.190115 0.640000 21 64 3
-0.007249 -0.188157 0.639000 38 65 32
-0.005591 -0.188157 0.639000 52 79 46
-0.003927 -0.187863 0.638000 130 184 99
-0.002271 -0.187863 0.638000 174 228 143
-0.000615 -0.187863 0.638000 167 226 119
0.001042 -0.188157 0.639000 147 206 99
0.002700 -0.188157 0.639000 94 148 61
0.004365 -0.188452 0.640000 30 84 0
0.006036 -0.188746 0.641000 38 68 31
-0.005600 -0.186789 0.640000 45 61 40
-0.003939 -0.186789 0.640000 56 102 33
-0.002274 -0.186497 0.639000 142 188 119
-0.000616 -0.186497 0.639000 167 226 121
0.001044 -0.186789 0.640000 159 218 113
0.002705 -0.186789 0.640000 143 202 99
0.004372 -0.187080 0.641000 80 139 36
0.006036 -0.187080 0.641000 34 73 20
-0.003945 -0.185415 0.641000 38 67 22
-0.002282 -0.185415 0.641000 81 110 65
-0.000617 -0.185125 0.640000 150 206 109
0.001045 -0.185415 0.641000 165 221 124
0.002709 -0.185415 0.641000 150 210 100
0.004372 -0.185415 0.641000 130 190 80
0.006045 -0.185704 0.642000 65 114 42
0.007711 -0.185704 0.642000 27 76 4
-0.002282 -0.183749 0.641000 47 64 34
-0.000618 -0.183749 0.641000 92 138 60
0.001045 -0.183749 0.641000 166 212 134
0.002709 -0.183749 0.641000 166 224 115
0.004379 -0.184036 0.642000 146 204 95
0.006045 -0.184036 0.642000 119 174 84
0.007711 -0.184036 0.642000 40 95 5
-0.000619 -0.182367 0.642000 50 81 26
0.001047 -0.182367 0.642000 127 158 103
0.002713 -0.182367 0.642000 168 222 117
0.004379 -0.182367 0.642000 163 217 112
0.006045 -0.182367 0.642000 152 209 105
0.007711 -0.182367 0.642000 94 151 47
0.009392 -0.182652 0.643000 36 74 30
-0.000619 -0.180699 0.642000 49 72 38
0.001049 -0.180981 0.643000 67 90 56
0.002717 -0.180981 0.643000 135 183 91
0.004386 -0.180981 0.643000 173 221 129
0.006055 -0.180981 0.643000 158 216 107
0.007723 -0.180981 0.643000 144 202 93
0.009392 -0.180981 0.643000 70 116 51
0.011061 -0.180981 0.643000 27 73 8
0.001049 -0.179310 0.643000 46 63 37
0.002717 -0.179310 0.643000 82 125 48
0.004386 -0.179310 0.643000 162 205 128
0.006055 -0.179310 0.643000 164 222 111
0.007723 -0.179310 0.643000 157 215 104
0.009392 -0.179310 0.643000 124 178 91
0.011061 -0.179310 0.643000 38 92 5
0.002721 -0.177915 0.644000 42 77 19
0.004386 -0.177639 0.643000 117 152 94
0.006055 -0.177639 0.643000 160 218 109
0.007723 -0.177639 0.643000 162 220 111
0.009392 -0.177639 0.643000 149 208 105
0.011061 -0.177639 0.643000 89 148 45
0.012729 -0.177639 0.643000 26 65 14
0.002721 -0.176242 0.644000 49 74 37
0.004393 -0.176242 0.644000 54 79 42
0.006064 -0.176242 0.644000 131 184 86
0.007735 -0.176242 0.644000 168 221 123
0.009406 -0.176242 0.644000 154 214 102
0.011061 -0.175968 0.643000 136 196 84
0.012749 -0.176242 0.644000 62 108 43
0.014420 -0.176242 0.644000 28 74 9
0.004400 -0.174839 0.645000 41 60 34
0.006073 -0.174839 0.645000 67 110 31
0.007735 -0.174568 0.644000 160 203 124
0.009406 -0.174568 0.644000 164 223 109
0.011078 -0.174568 0.644000 158 217 103
0.012749 -0.174568 0.644000 119 170 86
0.014420 -0.174568 0.644000 36 87 3
0.006083 -0.173432 0.646000 37 72 16
0.007747 -0.173163 0.645000 115 150 94
0.009421 -0.173163 0.645000 170 225 117
0.011095 -0.173163 0.645000 167 222 114
0.012769 -0.173163 0.645000 145 201 102
0.014443 -0.173163 0.645000 91 147 48
0.016141 -0.173432 0.646000 23 58 18
0.006102 -0.172285 0.648000 48 73 36
0.007759 -0.171753 0.646000 52 77 40
0.009436 -0.171753 0.646000 143 196 98
0.011112 -0.171753 0.646000 168 221 123
0.012789 -0.171753 0.646000 161 219 110
0.014465 -0.171753 0.646000 138 196 87
0.016141 -0.171753 0.646000 43 83 23
0.007795 -0.170864 0.649000 43 62 36
0.009465 -0.170601 0.648000 85 132 47
0.011147 -0.170601 0.648000 164 211 126
0.012808 -0.170338 0.647000 161 219 108
0.014510 -0.170601 0.648000 154 212 101
0.016191 -0.170601 0.648000 103 149 69
0.017901 -0.170864 0.649000 18 64 0
0.009494 -0.169439 0.650000 41 83 13
0.011164 -0.169178 0.649000 131 173 103
0.012848 -0.169178 0.649000 163 223 113
0.014532 -0.169178 0.649000 157 217 107
0.016216 -0.169178 0.649000 147 198 100
0.017928 -0.169439 0.650000 58 109 11
0.009509 -0.168008 0.651000 37 70 28
0.011181 -0.167750 0.650000 63 96 54
0.012868 -0.167750 0.650000 157 214 112
0.014555 -0.167750 0.650000 159 216 114
0.016241 -0.167750 0.650000 155 212 106
0.017928 -0.167750 0.650000 105 162 56
0.019645 -0.168008 0.651000 31 63 12
0.011215 -0.166571 0.652000 41 62 40
0.012888 -0.166316 0.651000 110 164 77
0.014577 -0.166316 0.651000 165 219 132
0.016266 -0.166316 0.651000 158 218 106
0.017956 -0.166316 0.651000 147 207 95
0.019675 -0.166571 0.652000 62 103 38
0.021367 -0.166571 0.652000 25 66 1
0.011233 -0.165130 0.653000 44 59 43
0.012927 -0.165130 0.653000 69 116 44
0.014599 -0.164877 0.652000 161 208 136
0.016291 -0.164877 0.652000 160 221 106
0.017983 -0.164877 0.652000 158 219 104
0.019675 -0.164877 0.652000 107 156 72
0.021400 -0.165130 0.653000 24 73 0
0.012927 -0.163433 0.653000 39 73 22
0.014622 -0.163433 0.653000 115 149 98
0.016316 -0.163433 0.653000 167 221 118
0.018011 -0.163433 0.653000 162 216 113
0.019706 -0.163433 0.653000 143 196 98
0.021400 -0.163433 0.653000 48 101 3
0.012947 -0.161984 0.654000 48 72 33
0.014622 -0.161736 0.653000 74 98 59
0.016316 -0.161736 0.653000 163 214 116
0.018011 -0.161736 0.653000 164 215 117
0.019706 -0.161736 0.653000 157 214 108
0.021400 -0.161736 0.653000 97 154 48
0.023130 -0.161984 0.654000 27 60 16
0.014644 -0.160285 0.654000 49 66 40
0.016341 -0.160285 0.654000 131 179 91
0.018011 -0.160040 0.653000 170 218 130
0.019736 -0.160285 0.654000 157 215 106
0.021433 -0.160285 0.654000 144 202 93
0.023130 -0.160285 0.654000 42 80 21
0.014644 -0.158585 0.654000 55 65 49
0.016341 -0.158585 0.654000 73 114 38
0.018039 -0.158585 0.654000 168 209 133
0.019736 -0.158585 0.654000 160 218 107
0.021433 -0.158585 0.654000 158 216 105
0.023130 -0.158585 0.654000 84 129 58
0.024827 -0.158585 0.654000 21 66 0
0.016341 -0.156886 0.654000 32 65 7
0.018039 -0.156886 0.654000 137 170 112
0.019736 -0.156886 0.654000 165 223 112
0.021433 -0.156886 0.654000 158 216 105
0.023130 -0.156886 0.654000 130 179 95
0.024865 -0.157126 0.655000 28 77 0
0.016366 -0.155424 0.655000 37 66 23
0.018039 -0.155186 0.654000 94 123 80
0.019736 -0.155186 0.654000 163 217 114
0.021466 -0.155424 0.655000 161 215 112
0.023165 -0.155424 0.655000 152 204 111
0.024865 -0.155424 0.655000 62 114 21
0.018066 -0.153722 0.655000 52 76 44
0.019766 -0.153722 0.655000 149 200 104
0.021466 -0.153722 0.655000 168 219 123
0.023165 -0.153722 0.655000 160 214 113
0.024903 -0.153956 0.656000 111 165 64
0.018094 -0.152252 0.656000 42 61 33
0.019796 -0.152252 0.656000 106 155 69
0.021498 -0.152252 0.656000 168 217 131
0.023201 -0.152252 0.656000 159 216 110
0.026646 -0.152484 0.657000 44 82 25
0.018121 -0.150776 0.657000 45 59 39
0.019826 -0.150776 0.657000 63 105 35
0.021531 -0.150776 0.657000 166 208 138
0.023236 -0.150776 0.657000 157 214 108
0.024941 -0.150776 0.657000 154 211 105
0.026687 -0.151006 0.658000 80 120 49
0.028394 -0.151006 0.658000 19 59 0
0.019856 -0.149296 0.658000 40 75 17
0.021564 -0.149296 0.658000 143 178 120
0.023272 -0.149296 0.658000 157 214 110
0.024979 -0.149296 0.658000 158 215 111
0.026727 -0.149523 0.659000 123 170 87
0.028437 -0.149523 0.659000 24 71 0
0.019887 -0.147811 0.659000 36 66 16
0.021597 -0.147811 0.659000 101 131 81
0.023307 -0.147811 0.659000 160 217 113
0.025017 -0.147811 0.659000 157 214 110
0.026727 -0.147811 0.659000 150 200 107
0.028524 -0.148259 0.661000 43 93 0
0.021662 -0.146542 0.661000 58 84 44
0.023342 -0.146320 0.660000 157 211 110
0.025093 -0.146542 0.661000 152 206 105
0.026808 -0.146542 0.661000 158 214 115
0.028524 -0.146542 0.661000 80 136 37
0.030285 -0.146763 0.662000 30 59 18
0.021695 -0.145043 0.662000 41 63 34
0.023413 -0.145043 0.662000 140 192 99
0.025131 -0.145043 0.662000 162 214 121
0.026849 -0.145043 0.662000 157 214 112
0.028567 -0.145043 0.662000 112 169 67
0.030331 -0.145262 0.663000 27 61 10
0.021728 -0.143539 0.663000 38 57 31
0.023448 -0.143539 0.663000 109 156 71
0.025131 -0.143323 0.662000 170 217 132
0.026890 -0.143539 0.663000 157 214 110
0.028610 -0.143539 0.663000 144 201 97
0.030331 -0.143539 0.663000 32 70 11
0.021761 -0.142030 0.664000 47 63 42
0.023484 -0.142030 0.664000 75 118 39
0.025169 -0.141816 0.663000 169 212 133
0.026890 -0.141816 0.663000 159 216 110
0.028610 -0.141816 0.663000 154 211 105
0.030376 -0.142030 0.664000 60 101 36
0.021793 -0.140516 0.665000 52 66 46
0.023484 -0.140305 0.664000 41 81 10
0.025207 -0.140305 0.664000 160 200 129
0.026930 -0.140305 0.664000 164 222 113
0.028653 -0.140305 0.664000 157 215 106
0.030376 -0.140305 0.664000 96 141 68
0.032100 -0.140305 0.664000 24 69 0
0.023519 -0.138788 0.665000 37 70 12
0.025245 -0.138788 0.665000 143 176 118
0.026930 -0.138580 0.664000 166 221 113
0.028653 -0.138580 0.664000 159 214 106
0.030376 -0.138580 0.664000 126 173 88
0.032148 -0.138788 0.665000 24 71 0
0.023519 -0.137060 0.665000 37 64 15
0.025245 -0.137060 0.665000 92 119 70
0.026971 -0.137060 0.665000 165 217 112
0.028696 -0.137060 0.665000 161 213 108
0.030422 -0.137060 0.665000 148 196 104
0.032148 -0.137060 0.665000 43 91 0
0.023555 -0.135536 0.666000 49 73 30
0.025245 -0.135332 0.665000 69 93 50
0.026971 -0.135332 0.665000 160 210 108
0.028696 -0.135332 0.665000 163 213 111
0.030422 -0.135332 0.665000 157 207 107
0.032148 -0.135332 0.665000 63 113 13
0.025283 -0.133805 0.666000 50 74 35
0.026971 -0.133604 0.665000 147 194 93
0.028696 -0.133604 0.665000 166 213 112
0.030422 -0.133604 0.665000 161 213 110
0.032148 -0.133604 0.665000 98 150 47
0.033874 -0.133604 0.665000 24 55 9
0.025283 -0.132074 0.666000 42 62 29
0.027011 -0.132074 0.666000 126 172 78
0.028740 -0.132074 0.666000 166 212 118
0.030422 -0.131876 0.665000 161 215 112
0.032148 -0.131876 0.665000 128 182 79
0.033925 -0.132074 0.666000 28 62 13
0.025321 -0.130540 0.667000 43 61 38
0.027011 -0.130344 0.666000 103 147 65
0.028740 -0.130344 0.666000 169 213 131
0.030468 -0.130344 0.666000 159 216 114
0.032196 -0.130344 0.666000 139 196 94
0.033925 -0.130344 0.666000 35 70 14
0.025321 -0.128806 0.667000 47 62 44
0.027052 -0.128806 0.667000 74 116 44
0.028740 -0.128613 0.666000 168 210 138
0.030468 -0.128613 0.666000 158 215 113
0.032196 -0.128613 0.666000 148 205 103
0.033925 -0.128613 0.666000 53 87 22
0.027052 -0.127073 0.667000 49 93 29
0.028783 -0.127073 0.667000 160 204 140
0.030514 -0.127073 0.667000 160 216 117
0.032196 -0.126883 0.666000 155 211 112
0.033975 -0.127073 0.667000 78 114 41
0.027092 -0.125528 0.668000 41 79 20
0.028783 -0.125340 0.667000 154 192 133
0.030514 -0.125340 0.667000 165 222 118
0.032245 -0.125340 0.667000 158 215 111
0.033975 -0.125340 0.667000 97 136 56
0.027133 -0.123977 0.669000 36 71 13
0.028826 -0.123792 0.668000 135 170 112
0.030559 -0.123792 0.668000 167 224 118
0.032245 -0.123607 0.667000 159 216 110
0.034026 -0.123792 0.668000 109 151 70
0.035760 -0.123792 0.668000 31 73 0
0.027173 -0.122422 0.670000 35 68 12
0.028869 -0.122239 0.669000 120 153 97
0.030559 -0.122056 0.668000 167 221 118
0.032293 -0.122056 0.668000 161 215 112
0.034026 -0.122056 0.668000 129 174 87
0.035813 -0.122239 0.669000 29 74 0
0.027214 -0.120861 0.671000 37 68 15
0.028912 -0.120681 0.670000 101 132 79
0.030651 -0.120681 0.670000 164 218 115
0.032341 -0.120500 0.669000 161 215 112
0.034128 -0.120681 0.670000 140 190 101
0.035867 -0.120681 0.670000 27 77 0
0.027295 -0.119472 0.673000 43 68 20
0.028955 -0.119117 0.671000 91 116 68
0.030697 -0.119117 0.671000 165 216 118
0.032390 -0.118940 0.670000 164 215 117
0.034179 -0.119117 0.671000 151 201 112
0.035921 -0.119117 0.671000 35 85 0
0.029042 -0.117723 0.673000 77 98 58
0.030742 -0.117548 0.672000 166 215 120
0.032438 -0.117373 0.671000 166 215 120
0.034230 -0.117548 0.672000 157 207 118
0.036028 -0.117723 0.673000 40 90 1
0.029085 -0.116147 0.674000 63 84 44
0.030788 -0.115975 0.673000 164 212 120
0.032535 -0.115975 0.673000 166 214 122
0.034281 -0.115975 0.673000 157 208 122
0.036081 -0.116147 0.674000 55 106 20
0.029128 -0.114565 0.675000 55 79 40
0.030834 -0.114395 0.674000 158 206 116
0.032583 -0.114395 0.674000 160 208 118
0.034332 -0.114395 0.674000 160 212 121
0.036135 -0.114565 0.675000 78 130 39
0.029171 -0.112978 0.676000 46 69 33
0.030880 -0.112811 0.675000 151 199 109
0.032631 -0.112811 0.675000 159 207 117
0.034383 -0.112811 0.675000 163 214 118
0.036188 -0.112978 0.676000 95 146 50
0.037943 -0.112978 0.676000 33 62 19
0.029214 -0.111386 0.677000 39 63 31
0.030925 -0.111222 0.676000 149 197 109
0.032680 -0.111222 0.676000 164 212 124
0.034434 -0.111222 0.676000 163 214 116
0.036188 -0.111222 0.676000 100 151 53
0.029214 -0.109627 0.677000 40 62 33
0.030971 -0.109627 0.677000 145 192 107
0.032680 -0.109465 0.676000 167 214 129
0.034434 -0.109465 0.676000 163 214 116
0.036188 -0.109465 0.676000 122 173 75
0.037999 -0.109627 0.677000 35 65 17
0.029257 -0.108027 0.678000 40 62 35
0.030971 -0.107868 0.677000 136 183 98
0.032728 -0.107868 0.677000 172 219 134
0.034485 -0.107868 0.677000 170 220 120
0.036242 -0.107868 0.677000 129 179 79
0.038055 -0.108027 0.678000 35 68 14
0.029257 -0.106265 0.678000 40 61 37
0.031017 -0.106265 0.678000 116 163 78
0.032776 -0.106265 0.678000 174 221 136
0.034536 -0.106265 0.678000 169 219 119
0.036295 -0.106265 0.678000 132 182 82
0.038055 -0.106265 0.678000 33 68 14
0.029257 -0.104503 0.678000 34 55 31
0.031017 -0.104503 0.678000 117 161 77
0.032776 -0.104503 0.678000 173 217 133
0.034536 -0.104503 0.678000 166 218 117
0.036295 -0.104503 0.678000 136 188 87
0.038055 -0.104503 0.678000 32 67 13
0.029301 -0.102893 0.679000 36 57 33
0.031017 -0.102742 0.678000 108 153 66
0.032776 -0.102742 0.678000 171 216 129
0.034536 -0.102742 0.678000 168 220 119
0.036295 -0.102742 0.678000 140 192 91
0.038111 -0.102893 0.679000 34 69 15
0.029301 -0.101129 0.679000 47 65 42
0.031063 -0.101129 0.679000 94 136 53
0.032825 -0.101129 0.679000 173 215 132
0.034587 -0.101129 0.679000 169 220 122
0.036349 -0.101129 0.679000 143 194 96
0.038167 -0.101278 0.680000 34 68 17
0.031108 -0.099511 0.680000 81 123 42
0.032873 -0.099511 0.680000 166 208 127
0.034638 -0.099511 0.680000 166 217 121
0.036402 -0.099511 0.680000 144 195 99
0.038223 -0.099657 0.681000 35 69 18
0.029387 -0.097888 0.681000 35 53 32
0.031154 -0.097888 0.681000 80 121 43
0.032921 -0.097888 0.681000 161 202 124
0.034689 -0.097888 0.681000 167 216 119
0.036456 -0.097888 0.681000 149 198 101
0.038279 -0.098031 0.682000 37 72 18
0.029430 -0.096259 0.682000 34 55 31
0.031200 -0.096259 0.682000 80 122 41
0.032970 -0.096259 0.682000 173 215 134
0.034740 -0.096259 0.682000 165 214 117
0.036509 -0.096259 0.682000 149 198 101
0.038335 -0.096400 0.683000 36 71 17
0.029473 -0.094625 0.683000 48 66 43
0.031246 -0.094625 0.683000 74 115 37
0.033018 -0.094625 0.683000 173 214 136
0.034791 -0.094625 0.683000 166 214 122
0.036616 -0.094764 0.684000 149 197 105
0.038448 -0.094902 0.685000 35 69 18
0.029559 -0.093122 0.685000 48 66 43
0.031337 -0.093122 0.685000 71 112 34
0.033066 -0.092987 0.684000 174 215 137
0.034841 -0.092987 0.684000 169 217 125
0.036670 -0.093122 0.685000 148 196 104
0.038504 -0.093258 0.686000 32 69 17
0.029603 -0.091476 0.686000 47 63 40
0.031337 -0.091343 0.685000 81 122 48
0.033115 -0.091343 0.685000 174 215 141
0.034892 -0.091343 0.685000 169 217 125
0.036724 -0.091476 0.686000 148 196 104
0.038560 -0.091609 0.687000 30 64 13
0.029646 -0.089824 0.687000 40 58 37
0.031383 -0.089693 0.686000 90 128 55
0.033163 -0.089693 0.686000 176 214 141
0.034943 -0.089693 0.686000 167 213 119
0.036777 -0.089824 0.687000 151 197 103
0.038616 -0.089955 0.688000 34 69 15
0.029689 -0.088167 0.688000 43 64 42
0.031429 -0.088039 0.687000 81 122 48
0.033211 -0.088039 0.687000 176 217 143
0.034994 -0.088039 0.687000 173 219 123
0.036831 -0.088167 0.688000 150 196 100
0.038672 -0.088295 0.689000 36 69 13
0.029732 -0.086505 0.689000 41 62 40
0.031474 -0.086379 0.688000 83 124 50
0.033260 -0.086379 0.688000 176 217 143
0.035045 -0.086379 0.688000 176 221 123
0.036884 -0.086505 0.689000 149 194 96
0.038672 -0.086505 0.689000 35 66 11
0.029732 -0.084714 0.689000 36 57 35
0.031520 -0.084714 0.689000 84 125 51
0.033308 -0.084714 0.689000 173 214 140
0.035096 -0.084714 0.689000 175 219 126
0.036884 -0.084714 0.689000 148 192 99
0.038728 -0.084837 0.690000 35 63 9
0.029775 -0.083044 0.690000 31 52 30
0.031520 -0.082924 0.689000 100 142 70
0.033308 -0.082924 0.689000 174 216 144
0.035147 -0.083044 0.690000 172 216 123
0.036938 -0.083044 0.690000 144 188 95
0.038728 -0.083044 0.690000 39 67 13
0.029775 -0.081251 0.690000 28 49 27
0.031566 -0.081251 0.690000 115 158 83
0.033356 -0.081251 0.690000 178 221 146
0.035147 -0.081251 0.690000 176 225 130
0.036991 -0.081369 0.691000 138 187 92
0.038784 -0.081369 0.691000 38 69 14
0.029775 -0.079458 0.690000 34 55 31
0.031566 -0.079458 0.690000 124 170 94
0.033356 -0.079458 0.690000 178 224 148
0.035198 -0.079573 0.691000 172 222 129
0.036991 -0.079573 0.691000 131 181 88
0.038784 -0.079573 0.691000 38 71 17
0.029818 -0.077778 0.691000 35 59 31
0.031612 -0.077778 0.691000 131 179 102
0.033405 -0.077778 0.691000 173 221 144
0.035198 -0.077778 0.691000 169 221 130
0.037045 -0.077890 0.692000 118 170 79
0.038841 -0.077890 0.692000 35 69 20
0.029818 -0.075982 0.691000 39 63 33
0.031612 -0.075982 0.691000 140 190 113
0.033405 -0.075982 0.691000 171 221 144
0.035249 -0.076092 0.692000 168 222 135
0.037098 -0.076202 0.693000 109 163 76
0.038897 -0.076202 0.693000 33 66 24
0.029818 -0.074187 0.691000 36 63 30
0.031657 -0.074294 0.692000 146 199 121
0.033453 -0.074294 0.692000 173 226 148
0.035300 -0.074401 0.693000 166 219 137
0.037098 -0.074401 0.693000 95 148 66
0.029862 -0.072496 0.692000 39 67 31
0.031657 -0.072496 0.692000 150 205 124
0.033501 -0.072601 0.693000 170 225 144
0.035300 -0.072601 0.693000 165 220 141
0.037205 -0.072810 0.695000 67 122 43
0.029905 -0.070800 0.693000 46 76 37
0.031703 -0.070800 0.693000 153 209 123
0.033550 -0.070902 0.694000 168 224 138
0.035402 -0.071004 0.695000 164 218 142
0.029948 -0.069099 0.694000 57 86 43
0.031749 -0.069099 0.694000 161 213 124
0.033598 -0.069198 0.695000 173 225 136
0.037312 -0.069397 0.697000 39 92 14
0.029991 -0.067392 0.695000 68 95 48
0.031795 -0.067392 0.695000 164 215 119
0.033647 -0.067489 0.696000 173 224 128
0.035504 -0.067586 0.697000 159 207 128
0.037419 -0.067780 0.699000 36 84 5
0.028228 -0.065681 0.696000 37 64 15
0.030034 -0.065681 0.696000 78 105 56
0.031840 -0.065681 0.696000 163 212 115
0.033743 -0.065869 0.698000 174 223 126
0.035555 -0.065869 0.698000 143 190 107
0.037473 -0.066058 0.700000 30 77 0
0.028268 -0.063964 0.697000 29 60 7
0.030077 -0.063964 0.697000 99 130 77
0.031932 -0.064056 0.698000 166 212 116
0.033792 -0.064147 0.699000 178 224 128
0.035606 -0.064147 0.699000 128 172 88
0.037527 -0.064331 0.701000 32 76 0
0.028350 -0.062331 0.699000 30 61 8
0.030164 -0.062331 0.699000 120 151 98
0.032023 -0.062420 0.700000 172 217 126
0.033840 -0.062420 0.700000 180 225 134
0.035707 -0.062509 0.701000 112 153 75
0.037580 -0.062599 0.702000 35 76 0
0.028390 -0.060601 0.700000 30 63 9
0.030207 -0.060601 0.700000 135 168 114
0.032069 -0.060688 0.701000 173 217 133
0.033937 -0.060774 0.702000 178 222 138
0.035809 -0.060861 0.703000 104 141 73
0.028431 -0.058866 0.701000 42 75 21
0.030250 -0.058866 0.701000 152 185 131
0.032115 -0.058950 0.702000 173 216 137
0.033985 -0.059034 0.703000 174 217 138
0.035809 -0.059034 0.703000 84 120 57
0.026650 -0.057126 0.702000 47 61 41
0.028471 -0.057126 0.702000 58 91 33
0.030336 -0.057207 0.703000 159 192 134
0.032161 -0.057207 0.703000 172 218 138
0.033985 -0.057207 0.703000 164 210 130
0.035809 -0.057207 0.703000 54 92 33
0.026687 -0.055381 0.703000 39 55 32
0.028512 -0.055381 0.703000 83 119 54
0.030336 -0.055381 0.703000 162 198 133
0.032161 -0.055381 0.703000 176 225 141
0.034033 -0.055459 0.704000 154 203 119
0.035860 -0.055459 0.704000 37 77 21
0.026687 -0.053554 0.703000 34 56 29
0.028512 -0.053554 0.703000 109 152 77
0.030336 -0.053554 0.703000 161 204 129
0.032206 -0.053630 0.704000 173 223 134
0.034033 -0.053630 0.704000 140 190 101
0.035860 -0.053630 0.704000 30 67 17
0.026725 -0.051801 0.704000 40 64 34
0.028552 -0.051801 0.704000 127 173 95
0.030379 -0.051801 0.704000 164 210 132
0.032206 -0.051801 0.704000 173 223 132
0.034082 -0.051874 0.705000 100 150 59
0.035911 -0.051874 0.705000 30 61 15
0.026763 -0.050042 0.705000 45 72 41
0.028593 -0.050042 0.705000 128 176 95
0.030422 -0.050042 0.705000 165 213 132
0.032252 -0.050042 0.705000 172 219 134
0.034082 -0.050042 0.705000 71 118 33
0.035962 -0.050113 0.706000 38 67 24
0.024969 -0.048279 0.706000 36 64 28
0.026763 -0.048210 0.705000 64 92 56
0.028593 -0.048210 0.705000 158 207 123
0.030466 -0.048279 0.706000 161 210 126
0.032298 -0.048279 0.706000 164 211 128
0.034178 -0.048347 0.707000 53 100 17
0.025005 -0.046510 0.707000 31 62 18
0.026839 -0.046510 0.707000 86 117 73
0.028674 -0.046510 0.707000 170 220 131
0.030509 -0.046510 0.707000 171 221 132
0.032389 -0.046576 0.708000 143 189 111
0.034227 -0.046576 0.708000 35 81 3
0.025040 -0.044736 0.708000 32 67 13
0.026877 -0.044736 0.708000 124 159 105
0.028715 -0.044736 0.708000 173 226 130
0.030595 -0.044799 0.709000 174 227 131
0.032481 -0.044862 0.710000 125 167 95
0.034323 -0.044862 0.710000 31 73 1
0.025111 -0.043017 0.710000 35 79 15
0.026953 -0.043017 0.710000 150 194 130
0.028796 -0.043017 0.710000 174 227 131
0.030681 -0.043078 0.711000 173 226 130
0.032527 -0.043078 0.711000 84 123 59
0.034372 -0.043078 0.711000 33 72 8
0.023301 -0.041230 0.711000 40 61 39
0.025146 -0.041230 0.711000 58 104 35
0.026991 -0.041230 0.711000 162 208 139
0.028836 -0.041230 0.711000 166 221 131
0.030725 -0.041288 0.712000 168 223 133
0.032618 -0.041346 0.713000 52 89 39
0.023366 -0.039494 0.713000 32 55 30
0.025217 -0.039494 0.713000 90 142 69
0.027067 -0.039494 0.713000 164 216 143
0.028917 -0.039494 0.713000 168 224 138
0.030811 -0.039549 0.714000 143 199 113
0.032664 -0.039549 0.714000 39 74 34
0.023399 -0.037694 0.714000 36 63 34
0.025252 -0.037694 0.714000 124 177 99
0.027105 -0.037694 0.714000 164 217 139
0.028999 -0.037746 0.715000 171 226 145
0.030854 -0.037746 0.715000 102 157 76
0.021577 -0.035889 0.715000 32 63 29
0.023432 -0.035889 0.715000 53 84 50
0.025288 -0.035889 0.715000 147 202 119
0.027143 -0.035889 0.715000 168 223 140
0.029039 -0.035939 0.716000 165 218 140
0.030897 -0.035939 0.716000 62 115 37
0.032755 -0.035939 0.716000 44 75 41
0.021607 -0.034078 0.716000 25 58 16
0.023465 -0.034078 0.716000 106 139 97
0.025323 -0.034078 0.716000 157 213 125
0.027181 -0.034078 0.716000 170 226 138
0.029080 -0.034126 0.717000 153 202 128
0.030940 -0.034126 0.717000 35 84 10
0.019776 -0.032263 0.717000 47 62 46
0.021637 -0.032263 0.717000 29 68 15
0.023498 -0.032263 0.717000 122 161 108
0.025358 -0.032263 0.717000 161 218 127
0.027219 -0.032263 0.717000 164 221 130
0.029080 -0.032263 0.717000 112 156 88
0.030940 -0.032263 0.717000 30 74 6
0.019776 -0.030399 0.717000 38 59 37
0.021637 -0.030399 0.717000 57 103 38
0.023498 -0.030399 0.717000 138 184 119
0.025358 -0.030399 0.717000 169 221 128
0.027219 -0.030399 0.717000 167 219 126
0.029080 -0.030399 0.717000 64 103 41
0.030940 -0.030399 0.717000 39 78 16
0.019776 -0.028536 0.717000 34 56 29
0.021637 -0.028536 0.717000 98 145 71
0.023498 -0.028536 0.717000 155 202 128
0.025358 -0.028536 0.717000 175 227 134
0.027257 -0.028576 0.718000 140 192 99
0.029120 -0.028576 0.718000 38 75 23
0.017940 -0.026710 0.718000 44 68 36
0.019804 -0.026710 0.718000 42 66 34
0.021667 -0.026710 0.718000 138 192 105
0.023530 -0.026710 0.718000 167 221 134
0.025394 -0.026710 0.718000 169 224 134
0.027257 -0.026710 0.718000 93 148 58
0.029161 -0.026748 0.719000 35 68 26
0.017965 -0.024879 0.719000 31 62 20
0.019831 -0.024879 0.719000 78 109 67
0.021697 -0.024879 0.719000 155 210 116
0.023563 -0.024879 0.719000 169 224 130
0.025429 -0.024879 0.719000 163 212 126
0.027295 -0.024879 0.719000 47 96 10
0.017990 -0.023043 0.720000 34 69 13
0.019859 -0.023043 0.720000 127 162 106
0.021727 -0.023043 0.720000 160 218 118
0.023596 -0.023043 0.720000 174 232 132
0.025500 -0.023075 0.721000 115 161 85
0.027371 -0.023075 0.721000 28 74 0
0.016144 -0.021201 0.721000 45 60 42
0.018015 -0.021201 0.721000 55 97 27
0.019887 -0.021201 0.721000 126 168 98
0.021758 -0.021201 0.721000 164 221 119
0.023629 -0.021201 0.721000 165 222 120
0.025535 -0.021231 0.722000 72 113 48
0.027409 -0.021231 0.722000 40 81 16
0.016189 -0.019381 0.723000 36 57 33
0.018065 -0.019381 0.723000 109 157 80
0.019942 -0.019381 0.723000 140 188 111
0.021818 -0.019381 0.723000 169 225 126
0.023727 -0.019408 0.724000 138 194 95
0.025606 -0.019408 0.724000 35 72 22
0.014333 -0.017527 0.724000 33 60 27
0.016212 -0.017527 0.724000 56 83 50
0.018090 -0.017527 0.724000 138 192 107
0.019997 -0.017551 0.725000 171 225 140
0.021878 -0.017551 0.725000 169 224 134
0.023760 -0.017551 0.725000 72 127 37
0.025641 -0.017551 0.725000 38 72 37
0.014352 -0.015667 0.725000 28 64 19
0.016234 -0.015667 0.725000 110 146 101
0.018140 -0.015689 0.726000 158 213 123
0.020024 -0.015689 0.726000 172 227 137
0.021939 -0.015710 0.727000 142 192 115
0.023825 -0.015710 0.727000 32 82 5
0.012488 -0.013802 0.726000 33 51 30
0.014392 -0.013821 0.727000 67 111 45
0.016279 -0.013821 0.727000 131 175 109
0.018165 -0.013821 0.727000 161 216 124
0.020080 -0.013840 0.728000 169 224 132
0.021999 -0.013859 0.729000 81 127 62
0.023891 -0.013859 0.729000 29 75 10
0.012505 -0.011932 0.727000 34 58 28
0.014412 -0.011949 0.728000 106 156 75
0.016324 -0.011965 0.729000 138 188 107
0.018215 -0.011965 0.729000 167 222 128
0.020107 -0.011965 0.729000 139 194 100
0.021999 -0.011965 0.729000 39 78 27
0.010648 -0.010071 0.729000 26 59 17
0.012540 -0.010071 0.729000 66 99 57
0.014432 -0.010071 0.729000 143 198 104
0.016324 -0.010071 0.729000 166 221 127
0.018215 -0.010071 0.729000 170 222 133
0.020135 -0.010084 0.730000 75 127 38
0.022029 -0.010084 0.730000 35 70 32
0.010648 -0.008176 0.729000 39 82 23
0.012540 -0.008176 0.729000 110 153 94
0.014432 -0.008176 0.729000 155 212 110
0.016346 -0.008188 0.730000 171 228 126
0.018240 -0.008188 0.730000 140 188 109
0.020162 -0.008199 0.731000 33 81 2
0.008768 -0.006291 0.730000 34 57 32
0.010663 -0.006291 0.730000 75 125 48
0.012557 -0.006291 0.730000 133 183 106
0.014451 -0.006291 0.730000 167 224 122
0.016368 -0.006299 0.731000 162 219 117
0.018265 -0.006299 0.731000 63 104 39
0.020162 -0.006299 0.731000 36 77 12
0.006874 -0.004394 0.730000 37 65 27
0.008768 -0.004394 0.730000 52 80 42
0.010677 -0.004400 0.731000 117 172 80
0.012574 -0.004400 0.731000 146 201 109
0.014471 -0.004400 0.731000 172 228 129
0.016368 -0.004400 0.731000 118 174 75
0.018265 -0.004400 0.731000 39 73 24
0.006883 -0.002500 0.731000 35 73 18
0.008780 -0.002500 0.731000 106 144 89
0.010677 -0.002500 0.731000 151 209 109
0.012574 -0.002500 0.731000 166 224 124
0.014471 -0.002500 0.731000 147 202 112
0.016368 -0.002500 0.731000 61 116 26
0.018290 -0.002504 0.732000 49 77 41
0.004986 -0.000601 0.731000 39 61 34
0.006883 -0.000601 0.731000 70 117 45
0.008780 -0.000601 0.731000 137 184 112
0.010677 -0.000601 0.731000 163 221 121
0.012591 -0.000601 0.732000 163 221 121
0.014491 -0.000601 0.732000 85 129 61
0.016391 -0.000601 0.732000 35 79 11
-0.366709 0.001292 0.727000 142 138 127
-0.364823 0.001292 0.727000 147 143 132
-0.363435 0.001294 0.728000 128 130 119
0.003093 0.001301 0.732000 34 64 27
0.004993 0.001301 0.732000 50 80 43
0.006893 0.001301 0.732000 122 176 89
0.008792 0.001301 0.732000 137 191 104
0.010692 0.001301 0.732000 167 225 127
0.012591 0.001301 0.732000 117 175 77
0.014491 0.001301 0.732000 44 77 31
-0.370483 0.003181 0.727000 128 121 113
-0.368596 0.003181 0.727000 158 151 143
-0.366709 0.003181 0.727000 147 144 130
-0.364823 0.003181 0.727000 129 126 112
-0.363435 0.003185 0.728000 139 141 125
-0.362043 0.003190 0.729000 137 139 123
-0.360151 0.003190 0.729000 82 87 73
0.003093 0.003203 0.732000 36 75 22
0.004993 0.003203 0.732000 107 146 93
0.006893 0.003203 0.732000 130 188 88
0.008792 0.003203 0.732000 161 219 119
0.010692 0.003203 0.732000 145 199 114
0.012609 0.003207 0.733000 55 109 24
0.014511 0.003207 0.733000 43 71 35
-0.372369 0.005070 0.727000 142 137 133
-0.370483 0.005070 0.727000 170 163 153
-0.368596 0.005070 0.727000 146 139 129
-0.366709 0.005070 0.727000 123 120 104
-0.364823 0.005070 0.727000 130 127 111
-0.363435 0.005077 0.728000 129 131 115
-0.362043 0.005084 0.729000 109 111 95
-0.360151 0.005084 0.729000 117 119 106
-0.358750 0.005091 0.730000 64 66 53
0.001195 0.005112 0.733000 42 60 37
0.003098 0.005112 0.733000 75 124 52
0.005000 0.005112 0.733000 140 189 117
0.006902 0.005112 0.733000 164 221 126
0.008804 0.005112 0.733000 165 222 127
0.010706 0.005112 0.733000 95 141 74
0.012609 0.005112 0.733000 26 72 5
-0.372369 0.006959 0.727000 192 187 183
-0.370483 0.006959 0.727000 190 186 175
-0.368089 0.006950 0.726000 156 152 141
-0.366709 0.006959 0.727000 141 138 122
-0.364823 0.006959 0.727000 146 143 127
-0.363435 0.006969 0.728000 115 117 101
-0.362043 0.006978 0.729000 94 96 80
-0.360151 0.006978 0.729000 123 125 109
-0.358750 0.006988 0.730000 119 121 105
-0.000708 0.007026 0.734000 37 68 26
0.001197 0.007026 0.734000 58 89 47
0.003102 0.007026 0.734000 127 181 96
0.005007 0.007026 0.734000 154 208 123
0.006911 0.007026 0.734000 160 216 128
0.008816 0.007026 0.734000 122 178 90
0.010721 0.007026 0.734000 37 73 28
-0.372369 0.008848 0.727000 191 187 180
-0.370483 0.008848 0.727000 199 192 184
-0.368596 0.008848 0.727000 182 175 167
-0.366709 0.008848 0.727000 149 143 130
-0.364823 0.008848 0.727000 136 130 117
-0.363435 0.008861 0.728000 125 122 108
-0.362043 0.008873 0.729000 132 129 115
-0.360645 0.008885 0.730000 142 141 126
-0.357345 0.008897 0.731000 117 122 108
-0.355448 0.008897 0.731000 53 58 44
-0.002620 0.008958 0.736000 42 57 41
-0.000709 0.008946 0.735000 36 76 16
0.001199 0.008946 0.735000 102 142 82
0.003102 0.008934 0.734000 129 184 94
0.005007 0.008934 0.734000 164 219 129
0.006911 0.008934 0.734000 145 195 118
0.010736 0.008946 0.735000 47 71 41
-0.372881 0.010752 0.728000 138 129 122
-0.370483 0.010737 0.727000 186 179 173
-0.368596 0.010737 0.727000 163 156 150
-0.366709 0.010737 0.727000 135 125 113
-0.365324 0.010752 0.728000 128 118 106
-0.363934 0.010767 0.729000 132 124 110
-0.362043 0.010767 0.729000 137 129 115
-0.360645 0.010782 0.730000 143 142 125
-0.357345 0.010797 0.731000 73 78 64
-0.355448 0.010797 0.731000 46 51 37
-0.354034 0.010811 0.732000 41 51 37
-0.004542 0.010900 0.738000 37 61 33
-0.002623 0.010885 0.737000 38 62 34
-0.000711 0.010885 0.737000 85 135 54
0.001200 0.010870 0.736000 121 171 90
0.003106 0.010856 0.735000 155 211 114
0.005013 0.010856 0.735000 162 218 121
0.006921 0.010856 0.735000 93 137 73
0.008840 0.010870 0.736000 37 81 17
-0.370992 0.012644 0.728000 128 120 119
-0.369103 0.012644 0.728000 175 167 166
-0.367214 0.012644 0.728000 177 167 153
-0.365826 0.012661 0.729000 170 160 146
-0.363934 0.012661 0.729000 137 129 115
-0.360645 0.012679 0.730000 120 121 108
-0.359242 0.012696 0.731000 65 66 53
-0.357345 0.012696 0.731000 41 49 38
-0.355448 0.012696 0.731000 49 57 46
-0.354034 0.012713 0.732000 46 56 44
-0.352135 0.012713 0.732000 42 52 40
-0.350235 0.012713 0.732000 41 51 39
-0.004548 0.012835 0.739000 23 58 18
-0.002627 0.012818 0.738000 75 110 70
-0.000711 0.012800 0.737000 131 183 90
0.001202 0.012800 0.737000 162 214 121
0.003114 0.012800 0.737000 168 223 129
0.005027 0.012800 0.737000 115 170 76
0.006940 0.012800 0.737000 42 75 31
-0.369610 0.014556 0.729000 108 104 97
-0.367718 0.014556 0.729000 174 164 152
-0.365826 0.014556 0.729000 181 171 159
-0.363934 0.014556 0.729000 173 167 152
-0.360645 0.014576 0.730000 50 55 43
-0.357345 0.014596 0.731000 47 56 49
-0.355448 0.014596 0.731000 47 56 49
-0.354034 0.014616 0.732000 46 55 48
-0.352135 0.014616 0.732000 46 55 48
-0.350235 0.014616 0.732000 43 55 47
-0.348811 0.014636 0.733000 40 52 44
-0.006475 0.014775 0.740000 31 52 30
-0.004548 0.014755 0.739000 59 103 39
-0.002630 0.014755 0.739000 110 154 90
-0.000713 0.014755 0.739000 154 208 105
0.001204 0.014735 0.738000 167 221 118
0.003119 0.014735 0.738000 134 180 102
0.005034 0.014735 0.738000 48 94 16
0.006959 0.014755 0.739000 49 73 45
-0.367718 0.016450 0.729000 100 93 83
-0.365826 0.016450 0.729000 155 148 138
-0.362539 0.016473 0.730000 68 65 51
-0.360645 0.016473 0.730000 50 52 39
-0.359242 0.016495 0.731000 51 53 40
-0.357345 0.016495 0.731000 49 58 49
-0.355448 0.016495 0.731000 48 57 48
-0.354034 0.016518 0.732000 45 56 52
-0.352135 0.016518 0.732000 45 56 52
-0.350235 0.016518 0.732000 44 56 48
-0.348811 0.016540 0.733000 43 55 47
-0.346909 0.016540 0.733000 41 53 45
-0.345478 0.016563 0.734000 34 46 38
-0.008406 0.016721 0.741000 30 57 26
-0.006483 0.016721 0.741000 44 71 40
-0.004554 0.016698 0.740000 113 164 78
-0.002634 0.016698 0.740000 145 196 110
-0.000713 0.016676 0.739000 166 217 121
0.001205 0.016676 0.739000 155 206 110
0.003123 0.016676 0.739000 58 93 35
0.005041 0.016676 0.739000 39 74 16
-0.366328 0.018369 0.730000 72 69 55
-0.364434 0.018369 0.730000 82 81 66
-0.362539 0.018369 0.730000 94 93 78
-0.360645 0.018369 0.730000 67 72 58
-0.359242 0.018395 0.731000 51 56 42
-0.357345 0.018395 0.731000 51 58 50
-0.355448 0.018395 0.731000 50 57 49
-0.353551 0.018395 0.731000 44 55 51
-0.352135 0.018420 0.732000 44 55 51
-0.350235 0.018420 0.732000 44 55 51
-0.348336 0.018420 0.732000 44 55 51
-0.346909 0.018445 0.733000 43 55 47
-0.345478 0.018470 0.734000 37 49 41
-0.010343 0.018671 0.742000 33 51 30
-0.008406 0.018646 0.741000 27 70 13
-0.006483 0.018646 0.741000 99 142 85
-0.004560 0.018646 0.741000 143 199 102
-0.002638 0.018646 0.741000 167 223 126
-0.000715 0.018646 0.741000 162 212 121
0.001207 0.018621 0.740000 71 121 30
0.003127 0.018621 0.740000 41 66 29
-0.363036 0.020294 0.731000 88 89 76
-0.360645 0.020266 0.730000 89 94 82
-0.359242 0.020294 0.731000 73 78 66
-0.357345 0.020294 0.731000 53 60 54
-0.355448 0.020294 0.731000 50 57 51
-0.353551 0.020294 0.731000 47 58 54
-0.352135 0.020322 0.732000 44 55 51
-0.350235 0.020322 0.732000 46 57 53
-0.348336 0.020322 0.732000 45 56 52
-0.346909 0.020350 0.733000 46 55 48
-0.345007 0.020350 0.733000 41 50 43
-0.343573 0.020377 0.734000 40 49 42
-0.012302 0.020655 0.744000 28 55 22
-0.010357 0.020627 0.743000 28 55 22
-0.008418 0.020600 0.742000 86 136 57
-0.006492 0.020600 0.742000 134 184 105
-0.004567 0.020600 0.742000 159 216 114
-0.002638 0.020572 0.741000 164 221 119
-0.000715 0.020572 0.741000 98 140 70
0.001208 0.020572 0.741000 38 80 10
-0.361139 0.022194 0.731000 85 90 80
-0.359242 0.022194 0.731000 88 93 83
-0.357345 0.022194 0.731000 79 87 76
-0.355448 0.022194 0.731000 64 72 61
-0.353551 0.022194 0.731000 44 51 45
-0.350235 0.022224 0.732000 51 58 52
-0.348336 0.022224 0.732000 49 56 50
-0.345007 0.022254 0.733000 44 51 45
-0.343573 0.022285 0.734000 39 48 39
-0.341668 0.022285 0.734000 39 48 39
-0.014252 0.022619 0.745000 36 50 28
-0.012302 0.022588 0.744000 23 60 8
-0.010371 0.022588 0.744000 91 128 76
-0.008429 0.022558 0.743000 123 181 83
-0.006501 0.022558 0.743000 151 209 111
-0.004573 0.022558 0.743000 164 221 126
-0.002645 0.022558 0.743000 94 151 56
-0.000716 0.022558 0.743000 39 70 24
-0.357345 0.024093 0.731000 85 90 78
-0.355448 0.024093 0.731000 89 94 82
-0.353551 0.024093 0.731000 80 85 73
-0.351654 0.024093 0.731000 69 74 62
-0.348336 0.024126 0.732000 44 48 41
-0.346436 0.024126 0.732000 46 50 45
-0.345007 0.024159 0.733000 46 50 45
-0.343105 0.024159 0.733000 39 48 39
-0.341668 0.024192 0.734000 38 47 38
-0.339763 0.024192 0.734000 34 47 34
-0.014271 0.024588 0.746000 24 48 18
-0.012319 0.024555 0.745000 70 119 47
-0.010385 0.024555 0.745000 113 162 90
-0.008440 0.024522 0.744000 144 206 102
-0.006510 0.024522 0.744000 159 221 117
-0.004579 0.024522 0.744000 114 167 89
-0.002648 0.024522 0.744000 32 85 7
-0.000717 0.024522 0.744000 45 69 41
-0.355448 0.025993 0.731000 88 89 76
-0.353551 0.025993 0.731000 93 96 80
-0.351654 0.025993 0.731000 93 96 80
-0.349757 0.025993 0.731000 81 83 70
-0.346436 0.026028 0.732000 55 60 50
-0.343105 0.026064 0.733000 40 50 38
-0.341203 0.026064 0.733000 35 45 33
-0.339763 0.026099 0.734000 36 46 34
-0.338319 0.026135 0.735000 41 51 39
-0.016207 0.026526 0.746000 19 55 8
-0.014271 0.026526 0.746000 69 105 58
-0.012335 0.026526 0.746000 120 177 86
-0.010399 0.026526 0.746000 157 214 123
-0.008452 0.026491 0.745000 167 230 130
-0.006518 0.026491 0.745000 129 192 92
-0.004585 0.026491 0.745000 42 80 25
-0.002652 0.026491 0.745000 37 75 20
-0.351654 0.027892 0.731000 88 90 74
-0.349757 0.027892 0.731000 90 92 79
-0.346436 0.027930 0.732000 79 87 74
-0.344536 0.027930 0.732000 67 75 62
-0.341203 0.027969 0.733000 40 50 36
-0.339763 0.028007 0.734000 34 44 30
-0.337858 0.028007 0.734000 35 45 31
-0.336411 0.028045 0.735000 43 51 38
-0.018143 0.028465 0.746000 24 48 20
-0.016207 0.028465 0.746000 66 112 43
-0.014271 0.028465 0.746000 126 172 103
-0.012335 0.028465 0.746000 141 203 106
-0.010399 0.028465 0.746000 169 231 134
-0.008463 0.028465 0.746000 140 199 112
-0.006527 0.028465 0.746000 45 104 17
-0.004591 0.028465 0.746000 38 62 23
-0.346436 0.029833 0.732000 80 88 73
-0.344536 0.029833 0.732000 77 85 70
-0.341203 0.029873 0.733000 56 66 50
-0.339763 0.029914 0.734000 44 53 35
-0.337858 0.029914 0.734000 36 45 27
-0.336411 0.029955 0.735000 43 54 33
-0.334504 0.029955 0.735000 47 58 37
-0.020106 0.030444 0.747000 17 53 8
-0.018167 0.030444 0.747000 71 107 62
-0.016229 0.030444 0.747000 117 173 85
-0.014271 0.030403 0.746000 154 210 122
-0.012335 0.030403 0.746000 169 231 136
-0.010399 0.030403 0.746000 143 205 110
-0.008463 0.030403 0.746000 49 97 30
-0.006527 0.030403 0.746000 20 68 1
-0.346436 0.031735 0.732000 77 85 72
-0.344536 0.031735 0.732000 79 87 74
-0.341203 0.031778 0.733000 68 78 64
-0.339300 0.031778 0.733000 64 79 52
-0.337858 0.031821 0.734000 67 82 55
-0.335954 0.031821 0.734000 55 78 44
-0.334504 0.031865 0.735000 31 54 20
-0.332597 0.031865 0.735000 42 59 33
-0.331589 0.031951 0.737000 38 55 29
-0.330124 0.031995 0.738000 47 41 26
-0.328653 0.032038 0.739000 58 52 37
-0.022074 0.032428 0.748000 25 51 25
-0.020133 0.032428 0.748000 67 118 48
-0.018167 0.032385 0.747000 108 159 89
-0.016229 0.032385 0.747000 156 216 122
-0.014290 0.032385 0.747000 172 232 138
-0.012352 0.032385 0.747000 145 204 117
-0.010399 0.032342 0.746000 45 104 17
-0.008463 0.032342 0.746000 24 55 13
-0.343105 0.033683 0.733000 75 85 69
-0.341203 0.033683 0.733000 74 84 68
-0.339763 0.033729 0.734000 80 110 62
-0.337858 0.033729 0.734000 88 118 70
-0.335954 0.033729 0.734000 104 142 83
-0.334504 0.033775 0.735000 56 94 35
-0.333049 0.033821 0.736000 38 57 17
-0.331589 0.033867 0.737000 31 50 10
-0.330124 0.033913 0.738000 68 44 19
-0.328653 0.033958 0.739000 123 99 74
-0.327620 0.034050 0.741000 139 112 75
-0.326136 0.034096 0.742000 114 87 50
-0.324648 0.034142 0.743000 52 42 0
-0.025991 0.034418 0.749000 35 50 34
-0.024047 0.034418 0.749000 16 53 12
-0.022074 0.034372 0.748000 66 103 62
-0.020133 0.034372 0.748000 116 175 86
-0.018192 0.034372 0.748000 140 199 110
-0.016250 0.034372 0.748000 169 231 134
-0.014309 0.034372 0.748000 148 210 113
-0.012352 0.034326 0.747000 58 103 43
-0.010413 0.034326 0.747000 19 64 4
-0.341668 0.035636 0.734000 103 115 105
-0.339763 0.035636 0.734000 156 189 135
-0.338319 0.035685 0.735000 159 192 138
-0.336411 0.035685 0.735000 141 189 101
-0.334959 0.035733 0.736000 103 151 63
-0.333049 0.035733 0.736000 85 102 34
-0.331589 0.035782 0.737000 60 77 9
-0.330571 0.035879 0.739000 139 109 52
-0.328653 0.035879 0.739000 190 160 103
-0.327620 0.035976 0.741000 208 179 99
-0.326576 0.036073 0.743000 156 127 47
-0.325085 0.036122 0.744000 106 91 13
-0.323588 0.036170 0.745000 84 69 0
-0.027972 0.036413 0.750000 27 50 27
-0.026025 0.036413 0.750000 23 46 23
-0.024047 0.036364 0.749000 69 120 52
-0.022103 0.036364 0.749000 111 162 94
-0.020160 0.036364 0.749000 149 210 109
-0.018216 0.036364 0.749000 168 229 128
-0.016272 0.036364 0.749000 146 201 120
-0.014309 0.036316 0.748000 57 112 31
-0.012368 0.036316 0.748000 30 62 25
-0.340689 0.037646 0.736000 99 128 87
-0.338779 0.037646 0.736000 160 189 148
-0.337327 0.037697 0.737000 168 208 123
-0.335414 0.037697 0.737000 142 182 97
-0.333502 0.037697 0.737000 143 148 55
-0.332039 0.037748 0.738000 172 177 84
-0.330571 0.037799 0.739000 238 217 105
-0.329098 0.037850 0.740000 242 221 109
-0.327620 0.037901 0.741000 175 147 21
-0.326576 0.038004 0.743000 166 138 12
-0.325085 0.038055 0.744000 186 168 60
-0.323588 0.038106 0.745000 170 152 44
-0.029918 0.038362 0.750000 29 46 30
-0.027972 0.038362 0.750000 24 63 12
-0.026025 0.038362 0.750000 94 133 82
-0.024079 0.038362 0.750000 107 164 69
-0.022133 0.038362 0.750000 137 194 99
-0.020186 0.038362 0.750000 168 228 132
-0.018240 0.038362 0.750000 136 196 100
-0.016272 0.038311 0.749000 49 92 33
-0.014328 0.038311 0.749000 21 64 5
-0.339700 0.039666 0.738000 86 108 79
-0.338242 0.039719 0.739000 162 188 115
-0.336324 0.039719 0.739000 191 217 144
-0.333954 0.039666 0.738000 204 206 91
-0.332489 0.039719 0.739000 250 252 137
-0.330571 0.039719 0.739000 253 236 96
-0.329098 0.039773 0.740000 194 177 37
-0.327620 0.039827 0.741000 186 160 19
-0.326576 0.039934 0.743000 231 205 64
-0.325085 0.039988 0.744000 225 209 107
-0.323588 0.040042 0.745000 173 157 55
-0.322087 0.040096 0.746000 65 63 24
-0.031949 0.040418 0.752000 18 45 12
-0.029958 0.040364 0.751000 31 58 25
-0.028009 0.040364 0.751000 88 137 53
-0.026060 0.040364 0.751000 138 187 103
-0.024111 0.040364 0.751000 156 218 112
-0.022162 0.040364 0.751000 169 231 125
-0.020213 0.040364 0.751000 130 189 100
-0.018264 0.040364 0.751000 42 101 12
-0.016294 0.040311 0.750000 31 60 19
-0.339158 0.041752 0.741000 93 107 58
-0.337235 0.041752 0.741000 182 196 147
-0.335312 0.041752 0.741000 255 255 150
-0.332939 0.041696 0.740000 255 255 149
-0.331466 0.041752 0.741000 203 188 47
-0.329543 0.041752 0.741000 187 172 31
-0.328062 0.041809 0.742000 250 231 88
-0.326576 0.041865 0.743000 250 231 88
-0.325085 0.041921 0.744000 197 190 89
-0.323588 0.041978 0.745000 82 75 0
-0.322087 0.042034 0.746000 38 43 6
-0.033946 0.042429 0.753000 22 42 23
-0.031949 0.042372 0.752000 31 71 11
-0.029998 0.042372 0.752000 86 126 66
-0.028046 0.042372 0.752000 140 193 95
-0.026095 0.042372 0.752000 168 221 123
-0.024143 0.042372 0.752000 169 231 127
-0.022192 0.042372 0.752000 130 192 88
-0.020240 0.042372 0.752000 36 80 14
-0.018289 0.042372 0.752000 22 66 0
-0.338145 0.043796 0.743000 132 137 109
-0.336217 0.043796 0.743000 242 229 148
-0.333839 0.043737 0.742000 230 217 136
-0.331913 0.043737 0.742000 240 226 92
-0.329987 0.043737 0.742000 250 236 102
-0.328504 0.043796 0.743000 252 247 103
-0.326576 0.043796 0.743000 215 210 66
-0.325085 0.043855 0.744000 91 105 0
-0.323588 0.043914 0.745000 50 64 0
-0.322087 0.043973 0.746000 41 56 11
-0.035995 0.044503 0.755000 16 48 9
-0.033991 0.044444 0.754000 55 87 48
-0.031992 0.044385 0.753000 92 139 54
-0.030038 0.044385 0.753000 127 174 89
-0.028084 0.044385 0.753000 172 224 121
-0.026130 0.044385 0.753000 176 228 125
-0.024175 0.044385 0.753000 128 180 91
-0.022192 0.044326 0.752000 39 91 2
-0.020240 0.044326 0.752000 30 55 20
-0.336669 0.045788 0.744000 102 88 44
-0.334738 0.045788 0.744000 180 166 122
-0.332808 0.045788 0.744000 254 239 130
-0.330877 0.045788 0.744000 255 251 142
-0.328946 0.045788 0.744000 235 246 115
-0.327015 0.045788 0.744000 137 148 17
-0.325085 0.045788 0.744000 94 134 24
-0.323588 0.045850 0.745000 79 119 9
-0.322087 0.045911 0.746000 38 78 9
-0.320151 0.045911 0.746000 21 61 0
-0.039967 0.046527 0.756000 23 50 28
-0.038005 0.046527 0.756000 21 48 26
-0.035995 0.046465 0.755000 67 113 46
-0.034036 0.046465 0.755000 114 160 93
-0.032034 0.046404 0.754000 148 200 95
-0.030078 0.046404 0.754000 169 221 116
-0.028121 0.046404 0.754000 171 220 125
-0.026164 0.046404 0.754000 113 162 67
-0.024208 0.046404 0.754000 36 70 21
-0.022221 0.046342 0.753000 30 64 15
-0.333255 0.047786 0.745000 170 163 101
-0.331322 0.047786 0.745000 219 212 150
-0.329388 0.047786 0.745000 199 226 109
-0.327455 0.047786 0.745000 180 207 90
-0.325522 0.047786 0.745000 138 187 72
-0.323588 0.047786 0.745000 112 161 46
-0.322087 0.047850 0.746000 85 138 42
-0.320151 0.047850 0.746000 56 109 13
-0.318215 0.047850 0.746000 30 62 13
-0.316279 0.047850 0.746000 28 60 11
-0.041984 0.048555 0.757000 25 45 30
-0.039967 0.048491 0.756000 20 61 16
-0.038005 0.048491 0.756000 84 125 80
-0.035995 0.048427 0.755000 121 176 82
-0.034036 0.048427 0.755000 153 208 114
-0.032077 0.048427 0.755000 168 220 115
-0.030118 0.048427 0.755000 163 215 110
-0.028158 0.048427 0.755000 89 128 62
-0.026199 0.048427 0.755000 37 76 10
-0.329830 0.049788 0.746000 97 120 45
-0.327894 0.049788 0.746000 172 195 120
-0.325959 0.049788 0.746000 173 218 118
-0.324023 0.049788 0.746000 156 201 101
-0.322087 0.049788 0.746000 119 174 66
-0.320151 0.049788 0.746000 95 150 42
-0.318215 0.049788 0.746000 64 111 26
-0.316279 0.049788 0.746000 35 82 0
-0.314764 0.049855 0.747000 32 58 18
-0.045974 0.050589 0.758000 24 40 29
-0.044007 0.050589 0.758000 19 50 20
-0.041984 0.050522 0.757000 41 72 42
-0.040020 0.050522 0.757000 90 139 67
-0.038005 0.050456 0.756000 114 163 91
-0.036043 0.050456 0.756000 160 217 115
-0.034081 0.050456 0.756000 171 228 126
-0.032119 0.050456 0.756000 149 198 112
-0.030157 0.050456 0.756000 65 114 28
-0.028196 0.050456 0.756000 36 65 24
-0.327894 0.051727 0.746000 75 85 42
-0.325959 0.051727 0.746000 134 171 89
-0.324023 0.051727 0.746000 176 213 131
-0.322087 0.051727 0.746000 168 220 119
-0.320151 0.051727 0.746000 144 196 95
-0.318215 0.051727 0.746000 110 164 59
-0.316279 0.051727 0.746000 85 139 34
-0.314343 0.051727 0.746000 51 93 23
-0.312826 0.051796 0.747000 27 69 0
-0.310887 0.051796 0.747000 34 59 22
-0.047941 0.052559 0.758000 21 46 25
-0.045974 0.052559 0.758000 24 49 28
-0.044007 0.052559 0.758000 56 100 45
-0.042040 0.052559 0.758000 98 142 87
-0.040073 0.052559 0.758000 133 184 98
-0.038055 0.052489 0.757000 157 208 122
-0.036091 0.052489 0.757000 168 223 131
-0.034126 0.052489 0.757000 129 184 92
-0.032162 0.052489 0.757000 45 84 22
-0.030197 0.052489 0.757000 35 74 12
-0.326395 0.053737 0.747000 53 72 23
-0.324023 0.053665 0.746000 83 102 53
-0.322087 0.053665 0.746000 154 199 110
-0.320151 0.053665 0.746000 169 214 125
-0.318215 0.053665 0.746000 159 213 108
-0.316279 0.053665 0.746000 132 186 81
-0.314343 0.053665 0.746000 102 158 61
-0.312407 0.053665 0.746000 67 123 26
-0.310887 0.053737 0.747000 44 83 17
-0.308949 0.053737 0.747000 25 64 0
-0.049908 0.054528 0.758000 26 47 25
-0.047941 0.054528 0.758000 32 73 26
-0.045974 0.054528 0.758000 81 122 75
-0.044065 0.054600 0.759000 102 157 76
-0.042040 0.054528 0.758000 138 193 112
-0.040073 0.054528 0.758000 168 223 131
-0.038106 0.054528 0.758000 157 212 120
-0.036139 0.054528 0.758000 107 150 75
-0.034171 0.054528 0.758000 33 76 1
-0.032204 0.054528 0.758000 45 68 34
-0.322518 0.055678 0.747000 53 81 27
-0.320151 0.055604 0.746000 123 151 97
-0.318215 0.055604 0.746000 162 209 110
-0.316279 0.055604 0.746000 176 223 124
-0.314343 0.055604 0.746000 146 201 93
-0.312407 0.055604 0.746000 112 167 59
-0.310887 0.055678 0.747000 92 145 49
-0.308949 0.055678 0.747000 64 117 21
-0.307421 0.055753 0.748000 38 77 15
-0.305480 0.055753 0.748000 20 59 0
-0.053842 0.056498 0.758000 27 44 26
-0.051944 0.056573 0.759000 20 56 13
-0.049974 0.056573 0.759000 51 87 44
-0.048004 0.056573 0.759000 103 155 80
-0.046035 0.056573 0.759000 123 175 100
-0.044065 0.056573 0.759000 158 215 120
-0.042095 0.056573 0.759000 171 228 133
-0.040126 0.056573 0.759000 150 201 117
-0.038156 0.056573 0.759000 86 137 53
-0.036186 0.056573 0.759000 47 71 30
-0.034217 0.056573 0.759000 47 71 30
-0.321009 0.057696 0.748000 47 64 34
-0.318641 0.057619 0.747000 74 106 44
-0.316703 0.057619 0.747000 147 179 117
-0.314764 0.057619 0.747000 169 219 115
-0.312826 0.057619 0.747000 165 215 111
-0.310887 0.057619 0.747000 133 186 76
-0.308949 0.057619 0.747000 101 154 44
-0.307421 0.057696 0.748000 78 130 41
-0.305480 0.057696 0.748000 41 93 4
-0.303945 0.057774 0.749000 30 63 17
-0.302404 0.057851 0.750000 26 59 13
-0.057853 0.058545 0.759000 34 51 35
-0.055883 0.058545 0.759000 13 47 14
-0.053913 0.058545 0.759000 25 59 26
-0.051944 0.058545 0.759000 69 117 50
-0.049974 0.058545 0.759000 117 165 98
-0.048068 0.058622 0.760000 131 186 92
-0.046095 0.058622 0.760000 165 220 126
-0.044123 0.058622 0.760000 164 216 125
-0.042151 0.058622 0.760000 125 177 86
-0.040178 0.058622 0.760000 61 96 42
-0.038206 0.058622 0.760000 40 75 21
-0.319921 0.059800 0.750000 39 62 26
-0.317551 0.059720 0.749000 50 73 37
-0.315186 0.059640 0.748000 111 151 80
-0.313244 0.059640 0.748000 163 203 132
-0.311303 0.059640 0.748000 173 226 118
-0.309362 0.059640 0.748000 151 204 96
-0.307421 0.059640 0.748000 96 153 49
-0.305480 0.059640 0.748000 82 139 35
-0.303945 0.059720 0.749000 60 101 38
-0.302001 0.059720 0.749000 45 86 23
-0.300458 0.059800 0.750000 33 55 28
-0.059822 0.060517 0.759000 16 44 19
-0.057853 0.060517 0.759000 21 49 24
-0.055883 0.060517 0.759000 39 86 28
-0.053984 0.060597 0.760000 90 137 79
-0.052012 0.060597 0.760000 137 192 102
-0.050040 0.060597 0.760000 162 217 127
-0.048131 0.060677 0.761000 174 229 137
-0.046156 0.060677 0.761000 157 212 120
-0.044181 0.060677 0.761000 97 138 73
-0.042206 0.060677 0.761000 40 81 16
-0.040231 0.060677 0.761000 48 72 40
-0.316028 0.061749 0.750000 34 60 20
-0.314082 0.061749 0.750000 71 97 57
-0.312136 0.061749 0.750000 115 161 85
-0.309776 0.061666 0.749000 169 215 139
-0.307832 0.061666 0.749000 167 218 132
-0.305888 0.061666 0.749000 146 197 111
-0.303945 0.061666 0.749000 119 163 97
-0.302404 0.061749 0.750000 112 156 90
-0.300458 0.061749 0.750000 108 136 100
-0.298909 0.061831 0.751000 66 94 58
-0.297356 0.061913 0.752000 36 52 31
-0.063762 0.062489 0.759000 23 49 25
-0.061792 0.062489 0.759000 22 48 24
-0.059901 0.062572 0.760000 43 87 34
-0.057929 0.062572 0.760000 81 125 72
-0.055957 0.062572 0.760000 123 177 92
-0.054055 0.062654 0.761000 150 204 119
-0.052081 0.062654 0.761000 165 219 132
-0.050106 0.062654 0.761000 168 222 135
-0.048131 0.062654 0.761000 125 172 100
-0.046156 0.062654 0.761000 65 112 40
-0.044181 0.062654 0.761000 38 67 24
-0.313384 0.063952 0.753000 42 73 27
-0.311016 0.063867 0.752000 86 117 71
-0.308654 0.063782 0.751000 139 186 124
-0.306705 0.063782 0.751000 174 221 159
-0.304350 0.063697 0.750000 176 218 166
-0.302404 0.063697 0.750000 181 223 171
-0.300458 0.063697 0.750000 155 185 148
-0.298511 0.063697 0.750000 110 140 103
-0.296960 0.063782 0.751000 78 100 73
-0.295404 0.063867 0.752000 49 71 44
-0.293453 0.063867 0.752000 41 54 37
-0.067790 0.064547 0.760000 26 49 26
-0.065818 0.064547 0.760000 20 43 20
-0.063846 0.064547 0.760000 27 68 21
-0.061874 0.064547 0.760000 61 102 55
-0.059980 0.064632 0.761000 111 164 84
-0.058005 0.064632 0.761000 127 180 100
-0.056030 0.064632 0.761000 166 218 129
-0.054055 0.064632 0.761000 171 223 134
-0.052081 0.064632 0.761000 155 201 123
-0.050106 0.064632 0.761000 89 135 57
-0.048194 0.064717 0.762000 43 75 24
-0.046217 0.064717 0.762000 43 75 24
-0.309887 0.065996 0.754000 56 85 51
-0.307522 0.065909 0.753000 101 130 96
-0.305162 0.065821 0.752000 193 229 195
-0.303210 0.065821 0.752000 215 251 217
-0.300858 0.065734 0.751000 216 245 211
-0.298909 0.065734 0.751000 194 223 189
-0.296960 0.065734 0.751000 159 183 153
-0.295012 0.065734 0.751000 122 146 116
-0.293063 0.065734 0.751000 102 120 99
-0.291501 0.065821 0.752000 58 76 55
-0.289935 0.065909 0.753000 42 53 32
-0.071829 0.066609 0.761000 25 46 22
-0.069854 0.066609 0.761000 20 41 17
-0.067880 0.066609 0.761000 17 58 13
-0.065905 0.066609 0.761000 65 106 61
-0.063930 0.066609 0.761000 97 151 77
-0.061955 0.066609 0.761000 114 168 94
-0.059980 0.066609 0.761000 154 209 119
-0.058005 0.066609 0.761000 169 224 134
-0.056030 0.066609 0.761000 172 221 135
-0.054126 0.066697 0.762000 116 165 79
-0.052149 0.066697 0.762000 69 100 45
-0.050172 0.066697 0.762000 40 71 16
-0.306379 0.068046 0.755000 99 121 105
-0.304017 0.067956 0.754000 168 190 174
-0.301660 0.067866 0.753000 217 242 221
-0.299307 0.067775 0.752000 231 255 235
-0.297356 0.067775 0.752000 226 249 224
-0.295404 0.067775 0.752000 203 226 201
-0.293063 0.067685 0.751000 166 187 163
-0.291501 0.067775 0.752000 114 135 111
-0.289550 0.067775 0.752000 97 116 90
-0.287981 0.067866 0.753000 54 73 47
-0.286786 0.068046 0.755000 37 51 29
-0.075879 0.068677 0.762000 28 48 29
-0.073804 0.068587 0.761000 22 42 23
-0.071829 0.068587 0.761000 17 54 15
-0.069854 0.068587 0.761000 48 85 46
-0.067880 0.068587 0.761000 81 132 64
-0.065905 0.068587 0.761000 107 158 90
-0.063930 0.068587 0.761000 143 198 106
-0.061955 0.068587 0.761000 157 212 120
-0.060059 0.068677 0.762000 171 223 132
-0.058081 0.068677 0.762000 140 192 101
-0.056104 0.068677 0.762000 85 124 62
-0.054126 0.068677 0.762000 40 79 17
-0.304823 0.070100 0.756000 63 77 66
-0.302461 0.070008 0.755000 100 118 116
-0.300501 0.070008 0.755000 184 202 200
-0.298147 0.069915 0.754000 226 245 233
-0.295797 0.069822 0.753000 240 255 247
-0.293453 0.069730 0.752000 230 251 229
-0.291501 0.069730 0.752000 198 219 197
-0.289550 0.069730 0.752000 148 169 145
-0.287981 0.069822 0.753000 114 135 111
-0.286786 0.070008 0.755000 81 103 76
-0.284827 0.070008 0.755000 56 78 51
-0.079938 0.070750 0.763000 19 45 21
-0.077856 0.070657 0.762000 18 44 20
-0.075879 0.070657 0.762000 17 59 18
-0.073901 0.070657 0.762000 49 91 50
-0.071924 0.070657 0.762000 98 149 83
-0.069946 0.070657 0.762000 112 163 97
-0.067969 0.070657 0.762000 135 187 96
-0.065991 0.070657 0.762000 161 213 122
-0.064014 0.070657 0.762000 170 220 129
-0.062036 0.070657 0.762000 157 207 116
-0.060059 0.070657 0.762000 86 127 60
-0.058081 0.070657 0.762000 46 87 20
-0.056104 0.070657 0.762000 41 65 33
-0.301297 0.072160 0.757000 66 77 77
-0.298938 0.072065 0.756000 118 133 132
-0.296583 0.071970 0.755000 204 219 218
-0.294624 0.071970 0.755000 237 253 242
-0.292277 0.071874 0.754000 242 255 247
-0.290320 0.071874 0.754000 230 248 225
-0.288363 0.071874 0.754000 197 215 192
-0.286786 0.071970 0.755000 143 165 138
-0.284827 0.071970 0.755000 117 139 112
-0.283242 0.072065 0.756000 80 103 78
-0.281280 0.072065 0.756000 61 84 59
-0.084008 0.072828 0.764000 16 39 16
-0.081918 0.072732 0.763000 16 39 16
-0.079938 0.072732 0.763000 21 62 17
-0.077958 0.072732 0.763000 46 87 42
-0.075978 0.072732 0.763000 74 125 55
-0.073901 0.072637 0.762000 127 178 108
-0.071924 0.072637 0.762000 160 211 127
-0.069946 0.072637 0.762000 167 218 134
-0.067969 0.072637 0.762000 175 225 136
-0.065991 0.072637 0.762000 161 211 122
-0.064014 0.072637 0.762000 106 145 79
-0.062036 0.072637 0.762000 51 90 24
-0.060059 0.072637 0.762000 45 70 33
-0.297368 0.074127 0.757000 77 83 83
-0.295014 0.074029 0.756000 151 164 163
-0.293052 0.074029 0.756000 212 225 224
-0.291090 0.074029 0.756000 243 255 246
-0.289128 0.074029 0.756000 242 255 245
-0.287166 0.074029 0.756000 225 244 218
-0.285204 0.074029 0.756000 194 213 187
-0.283242 0.074029 0.756000 142 164 133
-0.281280 0.074029 0.756000 120 142 111
-0.280058 0.074225 0.758000 68 97 56
-0.278090 0.074225 0.758000 33 62 21
-0.276488 0.074323 0.759000 21 51 12
-0.090192 0.075009 0.766000 28 45 29
-0.088204 0.075009 0.766000 18 44 18
-0.086104 0.074911 0.765000 18 44 18
-0.084118 0.074911 0.765000 26 64 16
-0.082026 0.074813 0.764000 59 97 49
-0.080043 0.074813 0.764000 92 142 63
-0.078060 0.074813 0.764000 121 171 92
-0.075978 0.074715 0.763000 146 198 107
-0.073998 0.074715 0.763000 164 216 125
-0.072018 0.074715 0.763000 175 224 138
-0.070038 0.074715 0.763000 166 215 129
-0.068058 0.074715 0.763000 124 166 96
-0.066078 0.074715 0.763000 56 98 28
-0.064098 0.074715 0.763000 45 69 28
-0.293827 0.076195 0.758000 88 91 92
-0.291860 0.076195 0.758000 171 180 173
-0.289511 0.076094 0.757000 224 233 226
-0.287546 0.076094 0.757000 245 255 239
-0.285582 0.076094 0.757000 244 255 238
-0.283617 0.076094 0.757000 219 243 204
-0.281653 0.076094 0.757000 162 186 147
-0.280058 0.076195 0.758000 113 145 83
-0.278090 0.076195 0.758000 100 132 70
-0.276488 0.076295 0.759000 71 115 47
-0.274518 0.076295 0.759000 35 79 11
-0.272907 0.076396 0.760000 25 58 12
-0.270935 0.076396 0.760000 26 59 13
-0.096406 0.077200 0.768000 27 47 28
-0.094413 0.077200 0.768000 25 45 26
-0.092300 0.077100 0.767000 16 46 9
-0.090310 0.077100 0.767000 21 51 14
-0.088319 0.077100 0.767000 45 85 29
-0.086216 0.076999 0.766000 73 113 57
-0.084228 0.076999 0.766000 98 148 71
-0.082133 0.076899 0.765000 117 167 90
-0.080148 0.076899 0.765000 128 180 89
-0.078163 0.076899 0.765000 162 214 123
-0.076078 0.076798 0.764000 170 220 127
-0.074095 0.076798 0.764000 156 206 113
-0.072112 0.076798 0.764000 128 171 94
-0.070130 0.076798 0.764000 58 101 24
-0.068147 0.076798 0.764000 38 65 18
-0.290275 0.078268 0.759000 91 98 92
-0.288306 0.078268 0.759000 167 170 154
-0.286336 0.078268 0.759000 231 234 218
-0.284366 0.078268 0.759000 237 255 216
-0.282025 0.078165 0.758000 212 231 191
-0.280427 0.078268 0.759000 165 203 126
-0.278457 0.078268 0.759000 144 182 105
-0.276488 0.078268 0.759000 122 172 83
-0.274880 0.078371 0.760000 98 148 59
-0.272907 0.078371 0.760000 71 121 42
-0.270935 0.078371 0.760000 45 95 16
-0.268963 0.078371 0.760000 25 65 7
-0.266990 0.078371 0.760000 16 56 0
-0.265367 0.078474 0.761000 25 53 17
-0.263392 0.078474 0.761000 28 56 20
-0.102519 0.079299 0.769000 30 47 29
-0.100523 0.079299 0.769000 22 49 20
-0.098528 0.079299 0.769000 16 43 14
-0.096532 0.079299 0.769000 15 53 5
-0.094536 0.079299 0.769000 30 68 20
-0.092541 0.079299 0.769000 62 110 41
-0.090545 0.079299 0.769000 99 147 78
-0.088549 0.079299 0.769000 103 153 74
-0.086441 0.079196 0.768000 121 171 92
-0.084338 0.079093 0.767000 155 206 120
-0.082348 0.079093 0.767000 167 218 132
-0.080253 0.078990 0.766000 177 227 136
-0.078265 0.078990 0.766000 155 205 114
-0.076277 0.078990 0.766000 101 137 60
-0.074289 0.078990 0.766000 57 93 16
-0.072207 0.078886 0.765000 43 68 22
-0.287091 0.080451 0.761000 97 98 85
-0.284741 0.080346 0.760000 123 135 109
-0.282769 0.080346 0.760000 140 152 126
-0.280796 0.080346 0.760000 168 201 132
-0.278824 0.080346 0.760000 180 213 144
-0.276852 0.080346 0.760000 163 213 120
-0.274880 0.080346 0.760000 144 194 101
-0.273266 0.080451 0.761000 119 175 76
-0.270935 0.080346 0.760000 101 157 58
-0.268963 0.080346 0.760000 82 138 50
-0.266990 0.080346 0.760000 59 115 27
-0.265367 0.080451 0.761000 35 82 20
-0.263392 0.080451 0.761000 21 68 6
-0.261417 0.080451 0.761000 19 52 10
-0.259442 0.080451 0.761000 19 52 10
-0.257467 0.080451 0.761000 38 60 33
-0.108788 0.081509 0.771000 32 52 33
-0.106787 0.081509 0.771000 25 45 26
-0.104786 0.081509 0.771000 15 46 12
-0.102919 0.081614 0.772000 18 49 15
-0.100915 0.081614 0.772000 23 73 14
-0.098912 0.081614 0.772000 52 102 43
-0.096909 0.081614 0.772000 79 134 55
-0.094782 0.081509 0.771000 106 161 82
-0.092781 0.081509 0.771000 139 194 102
-0.090781 0.081509 0.771000 158 213 121
-0.088780 0.081509 0.771000 167 219 128
-0.086554 0.081297 0.769000 171 223 132
-0.084558 0.081297 0.769000 170 218 130
-0.082563 0.081297 0.769000 142 190 102
-0.080462 0.081192 0.768000 94 127 60
-0.078469 0.081192 0.768000 54 87 20
-0.076476 0.081192 0.768000 47 66 26
-0.283141 0.082429 0.761000 49 59 43
-0.281166 0.082429 0.761000 51 80 39
-0.279191 0.082429 0.761000 107 136 95
-0.277216 0.082429 0.761000 147 189 108
-0.275241 0.082429 0.761000 172 214 133
-0.273266 0.082429 0.761000 166 223 121
-0.271292 0.082429 0.761000 159 216 114
-0.269317 0.082429 0.761000 134 191 85
-0.267342 0.082429 0.761000 111 168 62
-0.265367 0.082429 0.761000 101 157 60
-0.263392 0.082429 0.761000 87 143 46
-0.261417 0.082429 0.761000 66 118 45
-0.259442 0.082429 0.761000 39 91 18
-0.257467 0.082429 0.761000 18 59 10
-0.255493 0.082429 0.761000 9 50 1
-0.253518 0.082429 0.761000 17 45 9
-0.251543 0.082429 0.761000 24 52 16
-0.249568 0.082429 0.761000 38 62 34
-0.114939 0.083620 0.772000 28 46 25
-0.112936 0.083620 0.772000 19 46 17
-0.110933 0.083620 0.772000 21 48 19
-0.108929 0.083620 0.772000 17 58 13
-0.106926 0.083620 0.772000 36 77 32
-0.105058 0.083729 0.773000 53 104 38
-0.103052 0.083729 0.773000 80 131 65
-0.101046 0.083729 0.773000 104 163 74
-0.099040 0.083729 0.773000 131 190 101
-0.097034 0.083729 0.773000 150 208 110
-0.095028 0.083729 0.773000 165 223 125
-0.092902 0.083620 0.772000 173 226 130
-0.090898 0.083620 0.772000 175 228 132
-0.088895 0.083620 0.772000 165 208 120
-0.086891 0.083620 0.772000 130 173 85
-0.084778 0.083512 0.771000 65 98 40
-0.082777 0.083512 0.771000 46 79 21
-0.080567 0.083296 0.769000 50 66 32
-0.277580 0.084517 0.762000 44 70 26
-0.275241 0.084406 0.761000 80 106 62
-0.273266 0.084406 0.761000 113 161 82
-0.271292 0.084406 0.761000 157 205 126
-0.269317 0.084406 0.761000 171 225 120
-0.267342 0.084406 0.761000 170 224 119
-0.265367 0.084406 0.761000 148 206 95
-0.263392 0.084406 0.761000 122 180 69
-0.261417 0.084406 0.761000 107 164 62
-0.259442 0.084406 0.761000 100 157 55
-0.257467 0.084406 0.761000 93 144 58
-0.255493 0.084406 0.761000 71 122 36
-0.253518 0.084406 0.761000 48 92 26
-0.251543 0.084406 0.761000 27 71 5
-0.249568 0.084406 0.761000 17 55 7
-0.247593 0.084406 0.761000 15 53 5
-0.245618 0.084406 0.761000 25 54 22
-0.243643 0.084406 0.761000 30 59 27
-0.124633 0.085405 0.770000 31 51 32
-0.122794 0.085516 0.771000 27 47 28
-0.120793 0.085516 0.771000 16 45 15
-0.118946 0.085627 0.772000 16 45 15
-0.116943 0.085627 0.772000 22 53 11
-0.115088 0.085737 0.773000 35 66 24
-0.113082 0.085737 0.773000 51 91 31
-0.111220 0.085848 0.774000 69 109 49
-0.109211 0.085848 0.774000 90 140 59
-0.107203 0.085848 0.774000 119 169 88
-0.105194 0.085848 0.774000 131 188 95
-0.103185 0.085848 0.774000 147 204 111
-0.101308 0.085959 0.775000 158 219 120
-0.099168 0.085848 0.774000 169 230 131
-0.097160 0.085848 0.774000 175 231 134
-0.095151 0.085848 0.774000 166 222 125
-0.093142 0.085848 0.774000 141 184 107
-0.091134 0.085848 0.774000 94 137 60
-0.089010 0.085737 0.773000 64 95 38
-0.087004 0.085737 0.773000 45 76 19
-0.273626 0.086497 0.762000 38 67 24
-0.271648 0.086497 0.762000 45 74 31
-0.269671 0.086497 0.762000 83 121 46
-0.267342 0.086384 0.761000 122 160 85
-0.265367 0.086384 0.761000 163 214 116
-0.263392 0.086384 0.761000 173 224 126
-0.261417 0.086384 0.761000 164 221 115
-0.259442 0.086384 0.761000 157 214 108
-0.257467 0.086384 0.761000 147 199 96
-0.255493 0.086384 0.761000 129 181 78
-0.253518 0.086384 0.761000 112 162 69
-0.251543 0.086384 0.761000 100 150 57
-0.249568 0.086384 0.761000 82 133 49
-0.247593 0.086384 0.761000 55 106 22
-0.245618 0.086384 0.761000 41 85 21
-0.243643 0.086384 0.761000 28 72 8
-0.241668 0.086384 0.761000 23 59 14
-0.239694 0.086384 0.761000 18 54 9
-0.237719 0.086384 0.761000 21 52 20
-0.235744 0.086384 0.761000 21 52 20
-0.137332 0.087860 0.774000 32 53 31
-0.135148 0.087746 0.773000 31 52 30
-0.133142 0.087746 0.773000 21 48 19
-0.130967 0.087633 0.772000 14 41 12
-0.128963 0.087633 0.772000 14 43 9
-0.126960 0.087633 0.772000 18 47 13
-0.124956 0.087633 0.772000 22 60 14
-0.122953 0.087633 0.772000 34 72 26
-0.121106 0.087746 0.773000 46 90 26
-0.119100 0.087746 0.773000 68 112 48
-0.117246 0.087860 0.774000 92 138 62
-0.115237 0.087860 0.774000 119 165 89
-0.113375 0.087973 0.775000 138 189 103
-0.111364 0.087973 0.775000 150 201 115
-0.109352 0.087973 0.775000 163 216 120
-0.107341 0.087973 0.775000 169 222 126
-0.105466 0.088087 0.776000 174 229 135
-0.103452 0.088087 0.776000 174 229 135
-0.101438 0.088087 0.776000 160 216 128
-0.099296 0.087973 0.775000 116 172 84
-0.097285 0.087973 0.775000 93 135 65
-0.095274 0.087973 0.775000 47 89 19
-0.093263 0.087973 0.775000 47 69 24
-0.091134 0.087860 0.774000 51 73 28
-0.267693 0.088478 0.762000 50 71 33
-0.265716 0.088478 0.762000 55 84 21
-0.263738 0.088478 0.762000 74 103 40
-0.261761 0.088478 0.762000 130 172 89
-0.259783 0.088478 0.762000 159 201 118
-0.257806 0.088478 0.762000 173 226 130
-0.255828 0.088478 0.762000 173 226 130
-0.253851 0.088478 0.762000 163 216 118
-0.251543 0.088361 0.761000 149 202 104
-0.249568 0.088361 0.761000 126 182 83
-0.247593 0.088361 0.761000 123 179 80
-0.245618 0.088361 0.761000 114 169 75
-0.243643 0.088361 0.761000 94 149 55
-0.241668 0.088361 0.761000 83 134 50
-0.239694 0.088361 0.761000 72 123 39
-0.237719 0.088361 0.761000 58 102 36
-0.235744 0.088361 0.761000 36 80 14
-0.234076 0.088478 0.762000 17 58 9
-0.232099 0.088478 0.762000 13 54 5
-0.230121 0.088478 0.762000 17 52 12
-0.228144 0.088478 0.762000 18 53 13
-0.226166 0.088478 0.762000 26 53 20
-0.224483 0.088594 0.763000 25 52 19
-0.151783 0.090103 0.776000 38 55 41
-0.149770 0.090103 0.776000 33 54 32
-0.147756 0.090103 0.776000 26 47 25
-0.145742 0.090103 0.776000 26 48 21
-0.143728 0.090103 0.776000 25 47 20
-0.141714 0.090103 0.776000 22 50 14
-0.139701 0.090103 0.776000 23 51 15
-0.137509 0.089987 0.775000 16 49 5
-0.135498 0.089987 0.775000 19 52 8
-0.133315 0.089871 0.774000 31 71 13
-0.131306 0.089871 0.774000 55 95 37
-0.129297 0.089871 0.774000 73 119 52
-0.127289 0.089871 0.774000 79 125 58
-0.125280 0.089871 0.774000 88 146 66
-0.123272 0.089871 0.774000 107 165 85
-0.121263 0.089871 0.774000 111 166 76
-0.119408 0.089987 0.775000 116 171 81
-0.117397 0.089987 0.775000 132 184 91
-0.115535 0.090103 0.776000 149 201 108
-0.113521 0.090103 0.776000 174 231 138
-0.111507 0.090103 0.776000 177 234 141
-0.109494 0.090103 0.776000 173 224 138
-0.107480 0.090103 0.776000 155 206 120
-0.105602 0.090219 0.777000 136 179 104
-0.103585 0.090219 0.777000 76 119 44
-0.101438 0.090103 0.776000 47 85 26
-0.099425 0.090103 0.776000 37 75 16
-0.097411 0.090103 0.776000 41 67 27
-0.261761 0.090458 0.762000 47 68 26
-0.259783 0.090458 0.762000 52 73 31
-0.257806 0.090458 0.762000 75 112 44
-0.255828 0.090458 0.762000 103 140 72
-0.253851 0.090458 0.762000 151 196 107
-0.251873 0.090458 0.762000 174 219 130
-0.249896 0.090458 0.762000 173 229 130
-0.247918 0.090458 0.762000 167 223 124
-0.245941 0.090458 0.762000 154 210 111
-0.243963 0.090458 0.762000 143 199 100
-0.241986 0.090458 0.762000 123 179 80
-0.240009 0.090458 0.762000 116 172 73
-0.238031 0.090458 0.762000 105 157 64
-0.236054 0.090458 0.762000 98 150 57
-0.234076 0.090458 0.762000 86 139 57
-0.232099 0.090458 0.762000 70 123 41
-0.230121 0.090458 0.762000 57 106 32
-0.228443 0.090576 0.763000 45 94 20
-0.226463 0.090576 0.763000 30 76 11
-0.224483 0.090576 0.763000 20 66 1
-0.222503 0.090576 0.763000 11 53 1
-0.220523 0.090576 0.763000 6 48 0
-0.218829 0.090695 0.764000 13 46 4
-0.216847 0.090695 0.764000 14 47 5
-0.215145 0.090814 0.765000 22 45 9
-0.213160 0.090814 0.765000 27 50 14
-0.211451 0.090932 0.766000 35 53 20
-0.209463 0.090932 0.766000 43 61 28
-0.207746 0.091051 0.767000 40 57 27
-0.206292 0.091289 0.769000 40 57 27
-0.167461 0.091882 0.774000 42 60 39
-0.165666 0.092001 0.775000 36 54 31
-0.163655 0.092001 0.775000 36 54 31
-0.161644 0.092001 0.775000 33 55 28
-0.159633 0.092001 0.775000 27 49 22
-0.157621 0.092001 0.775000 24 53 21
-0.155610 0.092001 0.775000 20 49 17
-0.153797 0.092120 0.776000 12 46 11
-0.151783 0.092120 0.776000 12 46 11
-0.149963 0.092238 0.777000 16 54 8
-0.147946 0.092238 0.777000 23 61 15
-0.145930 0.092238 0.777000 31 71 13
-0.143913 0.092238 0.777000 40 80 22
-0.141897 0.092238 0.777000 53 100 28
-0.139881 0.092238 0.777000 59 106 34
-0.137687 0.092120 0.776000 73 126 48
-0.135673 0.092120 0.776000 94 147 69
-0.133487 0.092001 0.775000 113 165 76
-0.131476 0.092001 0.775000 126 178 89
-0.129464 0.092001 0.775000 133 188 96
-0.127453 0.092001 0.775000 141 196 104
-0.125442 0.092001 0.775000 149 208 119
-0.123431 0.092001 0.775000 155 214 125
-0.121420 0.092001 0.775000 158 218 126
-0.119563 0.092120 0.776000 166 226 134
-0.117549 0.092120 0.776000 175 225 136
-0.115684 0.092238 0.777000 165 215 126
-0.113667 0.092238 0.777000 137 180 103
-0.111651 0.092238 0.777000 95 138 61
-0.109635 0.092238 0.777000 73 112 48
-0.107618 0.092238 0.777000 49 88 24
-0.105602 0.092238 0.777000 42 73 29
-0.103585 0.092238 0.777000 41 72 28
-0.254184 0.092559 0.763000 49 75 22
-0.252204 0.092559 0.763000 62 88 35
-0.250224 0.092559 0.763000 94 135 61
-0.248244 0.092559 0.763000 127 168 94
-0.246264 0.092559 0.763000 153 201 109
-0.244284 0.092559 0.763000 171 219 127
-0.241986 0.092438 0.762000 172 224 123
-0.240324 0.092559 0.763000 169 221 120
-0.238031 0.092438 0.762000 157 214 108
-0.236363 0.092559 0.763000 138 195 89
-0.234383 0.092559 0.763000 129 187 87
-0.232403 0.092559 0.763000 125 183 83
-0.230423 0.092559 0.763000 119 175 76
-0.228743 0.092680 0.764000 111 167 68
-0.226760 0.092680 0.764000 102 155 59
-0.224777 0.092680 0.764000 91 144 48
-0.223086 0.092802 0.765000 88 138 57
-0.221101 0.092802 0.765000 71 121 40
-0.219116 0.092802 0.765000 58 109 39
-0.217414 0.092923 0.766000 43 94 24
-0.215426 0.092923 0.766000 32 80 15
-0.213717 0.093044 0.767000 26 74 9
-0.212003 0.093166 0.768000 26 66 6
-0.210010 0.093166 0.768000 22 62 2
-0.208288 0.093287 0.769000 20 52 3
-0.206560 0.093408 0.770000 18 50 1
-0.204562 0.093408 0.770000 19 52 10
-0.203090 0.093651 0.772000 19 52 10
-0.201086 0.093651 0.772000 16 51 13
-0.199083 0.093651 0.772000 16 51 13
-0.197335 0.093772 0.773000 17 53 17
-0.195329 0.093772 0.773000 17 53 17
-0.193573 0.093893 0.774000 16 50 17
-0.191564 0.093893 0.774000 16 50 17
-0.189556 0.093893 0.774000 15 46 14
-0.187547 0.093893 0.774000 15 46 14
-0.185299 0.093772 0.773000 20 49 17
-0.183293 0.093772 0.773000 21 50 18
-0.181287 0.093772 0.773000 16 50 17
-0.179281 0.093772 0.773000 18 52 19
-0.177275 0.093772 0.773000 16 50 17
-0.175269 0.093772 0.773000 17 51 18
-0.173487 0.093893 0.774000 18 52 19
-0.171478 0.093893 0.774000 17 51 18
-0.169689 0.094015 0.775000 17 52 14
-0.167677 0.094015 0.775000 17 52 14
-0.165666 0.094015 0.775000 16 54 6
-0.163655 0.094015 0.775000 22 60 12
-0.161852 0.094136 0.776000 21 66 8
-0.159839 0.094136 0.776000 24 69 11
-0.157825 0.094136 0.776000 33 85 23
-0.155811 0.094136 0.776000 43 95 33
-0.153995 0.094257 0.777000 60 113 46
-0.151979 0.094257 0.777000 75 128 61
-0.149963 0.094257 0.777000 90 140 59
-0.147946 0.094257 0.777000 100 150 69
-0.145930 0.094257 0.777000 115 165 74
-0.143913 0.094257 0.777000 123 173 82
-0.141897 0.094257 0.777000 138 188 97
-0.139881 0.094257 0.777000 149 199 108
-0.137864 0.094257 0.777000 151 206 114
-0.135848 0.094257 0.777000 158 213 121
-0.133659 0.094136 0.776000 168 224 127
-0.131645 0.094136 0.776000 173 229 132
-0.129632 0.094136 0.776000 177 230 134
-0.127618 0.094136 0.776000 175 228 132
-0.125604 0.094136 0.776000 170 219 135
-0.123590 0.094136 0.776000 149 198 114
-0.121576 0.094136 0.776000 129 171 99
-0.119717 0.094257 0.777000 109 151 79
-0.117700 0.094257 0.777000 75 109 46
-0.115684 0.094257 0.777000 55 89 26
-0.113667 0.094257 0.777000 51 77 33
-0.111651 0.094257 0.777000 47 73 29
-0.248569 0.094666 0.764000 41 61 28
-0.246586 0.094666 0.764000 46 74 22
-0.244604 0.094666 0.764000 59 87 35
-0.242621 0.094666 0.764000 74 110 35
-0.240638 0.094666 0.764000 114 150 75
-0.238656 0.094666 0.764000 133 182 96
-0.236673 0.094666 0.764000 151 200 114
-0.234998 0.094790 0.765000 169 218 121
-0.233012 0.094790 0.765000 173 222 125
-0.231027 0.094790 0.765000 174 222 116
-0.229042 0.094790 0.765000 171 219 113
-0.227353 0.094913 0.766000 161 215 110
-0.225366 0.094913 0.766000 153 207 102
-0.223378 0.094913 0.766000 130 188 90
-0.221390 0.094913 0.766000 126 184 86
-0.219689 0.095037 0.767000 118 178 84
-0.217982 0.095161 0.768000 106 166 72
-0.216270 0.095285 0.769000 97 154 61
-0.214274 0.095285 0.769000 95 152 59
-0.212555 0.095409 0.770000 95 145 52
-0.210557 0.095409 0.770000 93 143 50
-0.208829 0.095533 0.771000 84 131 48
-0.207097 0.095657 0.772000 77 124 41
-0.205093 0.095657 0.772000 67 116 42
-0.203090 0.095657 0.772000 60 109 35
-0.201347 0.095781 0.773000 61 112 42
-0.199599 0.095905 0.774000 59 110 40
-0.197590 0.095905 0.774000 54 107 36
-0.195834 0.096029 0.775000 48 101 30
-0.193823 0.096029 0.775000 40 93 24
-0.191812 0.096029 0.775000 40 93 24
-0.189556 0.095905 0.774000 47 100 33
-0.187789 0.096029 0.775000 44 97 30
-0.185539 0.095905 0.774000 42 94 30
-0.183530 0.095905 0.774000 42 94 30
-0.181521 0.095905 0.774000 37 94 28
-0.179513 0.095905 0.774000 43 100 34
-0.177504 0.095905 0.774000 58 113 50
-0.175495 0.095905 0.774000 64 119 56
-0.173711 0.096029 0.775000 70 121 53
-0.171700 0.096029 0.775000 75 126 58
-0.169689 0.096029 0.775000 83 133 54
-0.167894 0.096152 0.776000 84 134 55
-0.165880 0.096152 0.776000 96 147 63
-0.163866 0.096152 0.776000 106 157 73
-0.161852 0.096152 0.776000 110 165 75
-0.160045 0.096276 0.777000 114 169 79
-0.158028 0.096276 0.777000 120 180 88
-0.156012 0.096276 0.777000 129 189 97
-0.153995 0.096276 0.777000 127 186 97
-0.151979 0.096276 0.777000 134 193 104
-0.150156 0.096400 0.778000 149 206 111
-0.148137 0.096400 0.778000 156 213 118
-0.146118 0.096400 0.778000 164 218 117
-0.144099 0.096400 0.778000 170 224 123
-0.142080 0.096400 0.778000 179 226 125
-0.140061 0.096400 0.778000 179 226 125
-0.137864 0.096276 0.777000 176 224 134
-0.135848 0.096276 0.777000 165 213 123
-0.133831 0.096276 0.777000 146 197 113
-0.131815 0.096276 0.777000 128 179 95
-0.129799 0.096276 0.777000 98 143 70
-0.127782 0.096276 0.777000 64 109 36
-0.125766 0.096276 0.777000 58 86 34
-0.123749 0.096276 0.777000 51 79 27
-0.121733 0.096276 0.777000 42 65 29
-0.119717 0.096276 0.777000 42 65 29
-0.239281 0.096904 0.766000 44 71 24
-0.237603 0.097030 0.767000 52 79 32
-0.235305 0.096904 0.766000 71 100 39
-0.233926 0.097157 0.768000 92 121 60
-0.231631 0.097030 0.767000 111 143 65
-0.229940 0.097157 0.768000 146 178 100
-0.228244 0.097283 0.769000 159 208 122
-0.226248 0.097283 0.769000 171 220 134
-0.224253 0.097283 0.769000 167 224 131
-0.222546 0.097410 0.770000 168 225 132
-0.220548 0.097410 0.770000 168 220 127
-0.218833 0.097536 0.771000 167 219 126
-0.217114 0.097663 0.772000 164 214 110
-0.215110 0.097663 0.772000 159 209 105
-0.213107 0.097663 0.772000 155 206 99
-0.211104 0.097663 0.772000 153 204 97
-0.209371 0.097789 0.773000 151 202 106
-0.207633 0.097916 0.774000 149 200 104
-0.205625 0.097916 0.774000 133 190 99
-0.203616 0.097916 0.774000 135 192 101
-0.201607 0.097916 0.774000 126 187 97
-0.199857 0.098042 0.775000 113 174 84
-0.197845 0.098042 0.775000 108 170 75
-0.196087 0.098169 0.776000 108 170 75
-0.194073 0.098169 0.776000 113 175 80
-0.192059 0.098169 0.776000 117 179 84
-0.189801 0.098042 0.775000 115 176 86
-0.187789 0.098042 0.775000 118 179 89
-0.185778 0.098042 0.775000 110 174 83
-0.183767 0.098042 0.775000 108 172 81
-0.181756 0.098042 0.775000 109 175 86
-0.179745 0.098042 0.775000 110 176 87
-0.177733 0.098042 0.775000 118 182 93
-0.175722 0.098042 0.775000 126 190 101
-0.173935 0.098169 0.776000 135 196 106
-0.171921 0.098169 0.776000 135 196 106
-0.169908 0.098169 0.776000 143 200 105
-0.167894 0.098169 0.776000 146 203 108
-0.166094 0.098295 0.777000 151 207 108
-0.164077 0.098295 0.777000 159 215 116
-0.162061 0.098295 0.777000 167 220 122
-0.160045 0.098295 0.777000 169 222 124
-0.158028 0.098295 0.777000 171 224 126
-0.156012 0.098295 0.777000 171 224 126
-0.154194 0.098422 0.778000 172 229 136
-0.152175 0.098422 0.778000 171 228 135
-0.150156 0.098422 0.778000 166 221 138
-0.148137 0.098422 0.778000 161 216 133
-0.146118 0.098422 0.778000 155 203 122
-0.144099 0.098422 0.778000 122 170 89
-0.142080 0.098422 0.778000 108 140 62
-0.140061 0.098422 0.778000 94 126 48
-0.138042 0.098422 0.778000 78 107 44
-0.136023 0.098422 0.778000 59 88 25
-0.134004 0.098422 0.778000 36 70 21
-0.131815 0.098295 0.777000 32 66 17
-0.129799 0.098295 0.777000 38 67 26
-0.127782 0.098295 0.777000 43 72 31
-0.231138 0.099669 0.772000 48 65 24
-0.229134 0.099669 0.772000 39 70 15
-0.227131 0.099669 0.772000 49 80 25
-0.225127 0.099669 0.772000 64 103 37
-0.223124 0.099669 0.772000 96 135 69
-0.221407 0.099798 0.773000 122 156 80
-0.219401 0.099798 0.773000 137 171 95
-0.217676 0.099927 0.774000 147 180 97
-0.215668 0.099927 0.774000 158 191 108
-0.213659 0.099927 0.774000 167 212 123
-0.211650 0.099927 0.774000 174 219 130
-0.209913 0.100056 0.775000 170 225 142
-0.207901 0.100056 0.775000 172 227 144
-0.205890 0.100056 0.775000 166 231 149
-0.204142 0.100185 0.776000 166 231 149
-0.202128 0.100185 0.776000 166 231 145
-0.200115 0.100185 0.776000 163 228 142
-0.198101 0.100185 0.776000 162 226 135
-0.196087 0.100185 0.776000 161 225 134
-0.194073 0.100185 0.776000 160 225 131
-0.192059 0.100185 0.776000 159 224 130
-0.190046 0.100185 0.776000 161 223 130
-0.188032 0.100185 0.776000 162 224 131
-0.186018 0.100185 0.776000 161 222 132
-0.184004 0.100185 0.776000 164 225 135
-0.181990 0.100185 0.776000 165 229 138
-0.179977 0.100185 0.776000 166 230 139
-0.177963 0.100185 0.776000 164 230 141
-0.175949 0.100185 0.776000 165 231 142
-0.174159 0.100315 0.777000 164 229 143
-0.172143 0.100315 0.777000 161 226 140
-0.170126 0.100315 0.777000 161 225 136
-0.168110 0.100315 0.777000 161 225 136
-0.166094 0.100315 0.777000 166 222 134
-0.164077 0.100315 0.777000 159 215 127
-0.162061 0.100315 0.777000 151 200 116
-0.160250 0.100444 0.778000 138 187 103
-0.158231 0.100444 0.778000 135 171 94
-0.156212 0.100444 0.778000 122 158 81
-0.154194 0.100444 0.778000 108 144 79
-0.152175 0.100444 0.778000 85 121 56
-0.150156 0.100444 0.778000 54 94 38
-0.148327 0.100573 0.779000 34 74 18
-0.146305 0.100573 0.779000 34 66 17
-0.144284 0.100573 0.779000 36 68 19
-0.142262 0.100573 0.779000 43 67 24
-0.217957 0.102070 0.775000 51 70 17
-0.216225 0.102202 0.776000 55 74 21
-0.214211 0.102202 0.776000 58 86 30
-0.212197 0.102202 0.776000 56 84 28
-0.210184 0.102202 0.776000 54 93 40
-0.208438 0.102334 0.777000 55 94 41
-0.206422 0.102334 0.777000 56 110 54
-0.204405 0.102334 0.777000 63 117 61
-0.202389 0.102334 0.777000 71 126 61
-0.200372 0.102334 0.777000 87 142 77
-0.198356 0.102334 0.777000 109 158 86
-0.196340 0.102334 0.777000 120 169 97
-0.194323 0.102334 0.777000 124 170 92
-0.192307 0.102334 0.777000 124 170 92
-0.190290 0.102334 0.777000 127 173 95
-0.188274 0.102334 0.777000 132 178 100
-0.186258 0.102334 0.777000 134 177 100
-0.184241 0.102334 0.777000 133 176 99
-0.182225 0.102334 0.777000 126 172 94
-0.180208 0.102334 0.777000 112 158 80
-0.178192 0.102334 0.777000 95 144 70
-0.176176 0.102334 0.777000 81 130 56
-0.174159 0.102334 0.777000 60 116 46
-0.172143 0.102334 0.777000 48 104 34
-0.170126 0.102334 0.777000 44 97 30
-0.168110 0.102334 0.777000 42 95 28
-0.166094 0.102334 0.777000 44 89 31
-0.164288 0.102465 0.778000 42 87 29
-0.162269 0.102465 0.778000 49 83 34
-0.160250 0.102465 0.778000 40 74 25
-0.158231 0.102465 0.778000 52 71 29
-0.156212 0.102465 0.778000 51 70 28
-0.154194 0.102465 0.778000 50 67 30
-0.194323 0.104353 0.777000 47 68 18
-0.192307 0.104353 0.777000 50 71 21
-0.190290 0.104353 0.777000 53 72 23
-0.188274 0.104353 0.777000 54 73 24
-0.186258 0.104353 0.777000 54 73 24
-0.184241 0.104353 0.777000 53 72 23
-0.182225 0.104353 0.777000 49 71 24
-0.180208 0.104353 0.777000 44 66 19
