ply
format ascii 1.0
element vertex 7432
property float x
property float y
property float z
property uchar red
property uchar green
property uchar blue
end_header
-0.144701 -0.295737 0.473000 102 117 72
-0.143479 -0.295737 0.473000 95 123 71
-0.142256 -0.295737 0.473000 98 126 74
-0.141033 -0.295737 0.473000 95 121 81
-0.145924 -0.294512 0.473000 101 121 74
-0.144701 -0.294512 0.473000 100 120 73
-0.143479 -0.294512 0.473000 98 125 76
-0.142256 -0.294512 0.473000 97 124 75
-0.141033 -0.294512 0.473000 95 115 80
-0.147147 -0.293288 0.473000 118 123 90
-0.145924 -0.293288 0.473000 99 121 74
-0.144701 -0.293288 0.473000 101 123 76
-0.143479 -0.293288 0.473000 101 128 79
-0.142256 -0.293288 0.473000 97 124 75
-0.141033 -0.293288 0.473000 105 118 87
-0.146836 -0.291446 0.472000 108 120 85
-0.145924 -0.292063 0.473000 100 122 75
-0.144701 -0.292063 0.473000 101 123 76
-0.143479 -0.292063 0.473000 101 123 76
-0.142256 -0.292063 0.473000 99 121 74
-0.148056 -0.290224 0.472000 111 125 87
-0.146836 -0.290224 0.472000 103 117 79
-0.145924 -0.290839 0.473000 100 122 75
-0.144701 -0.290839 0.473000 99 121 74
-0.143479 -0.290839 0.473000 101 120 78
-0.142256 -0.290839 0.473000 104 123 81
-0.148056 -0.289002 0.472000 101 118 77
-0.146836 -0.289002 0.472000 103 120 79
-0.145616 -0.289002 0.472000 99 121 76
-0.144701 -0.289615 0.473000 99 121 76
-0.143479 -0.289615 0.473000 106 118 83
-0.142256 -0.289615 0.473000 117 129 94
-0.149276 -0.287781 0.472000 116 122 87
-0.148056 -0.287781 0.472000 101 121 76
-0.146836 -0.287781 0.472000 104 124 79
-0.145616 -0.287781 0.472000 98 123 77
-0.144701 -0.288390 0.473000 98 123 77
-0.143479 -0.288390 0.473000 110 120 93
-0.149276 -0.286559 0.472000 103 112 74
-0.148056 -0.286559 0.472000 96 121 75
-0.146836 -0.286559 0.472000 99 124 78
-0.145616 -0.286559 0.472000 100 121 79
-0.144701 -0.287166 0.473000 99 120 78
-0.150496 -0.285337 0.472000 109 124 81
-0.149276 -0.285337 0.472000 102 117 74
-0.148056 -0.285337 0.472000 97 122 74
-0.146836 -0.285337 0.472000 98 123 75
-0.145616 -0.285337 0.472000 100 121 83
-0.144701 -0.285942 0.473000 97 118 80
-0.150496 -0.284115 0.472000 102 117 72
-0.149276 -0.284115 0.472000 103 118 73
-0.148056 -0.284115 0.472000 100 123 73
-0.146836 -0.284115 0.472000 100 123 73
-0.145616 -0.284115 0.472000 100 118 83
-0.144701 -0.284717 0.473000 115 133 98
-0.151716 -0.282893 0.472000 109 115 78
-0.150496 -0.282893 0.472000 99 120 70
-0.149276 -0.282893 0.472000 103 124 74
-0.148056 -0.282893 0.472000 101 124 74
-0.146836 -0.282893 0.472000 99 122 72
-0.145924 -0.283493 0.473000 100 111 81
-0.152936 -0.281672 0.472000 119 129 88
-0.151716 -0.281672 0.472000 103 113 72
-0.150496 -0.281672 0.472000 99 122 70
-0.149276 -0.281672 0.472000 102 125 73
-0.148056 -0.281672 0.472000 101 123 76
-0.147147 -0.282268 0.473000 98 120 73
-0.152936 -0.280450 0.472000 101 114 70
-0.151716 -0.280450 0.472000 103 116 72
-0.150496 -0.280450 0.472000 100 123 71
-0.149276 -0.280450 0.472000 101 124 72
-0.148370 -0.281044 0.473000 99 120 80
-0.147147 -0.281044 0.473000 100 121 81
-0.152936 -0.279228 0.472000 100 118 72
-0.151716 -0.279228 0.472000 102 120 74
-0.150496 -0.279228 0.472000 97 123 72
-0.149592 -0.279820 0.473000 98 124 73
-0.148370 -0.279820 0.473000 95 113 78
-0.154156 -0.278006 0.472000 112 118 85
-0.152936 -0.278006 0.472000 100 122 75
-0.151716 -0.278006 0.472000 101 123 76
-0.150496 -0.278006 0.472000 97 124 75
-0.149592 -0.278595 0.473000 97 124 75
-0.148370 -0.278595 0.473000 97 112 83
-0.155377 -0.276785 0.472000 117 129 90
-0.154156 -0.276785 0.472000 100 112 73
-0.152936 -0.276785 0.472000 99 124 76
-0.151716 -0.276785 0.472000 98 123 75
-0.150496 -0.276785 0.472000 97 122 76
-0.149592 -0.277371 0.473000 98 123 77
-0.155377 -0.275563 0.472000 107 122 79
-0.154156 -0.275563 0.472000 105 120 77
-0.152936 -0.275563 0.472000 99 124 76
-0.151716 -0.275563 0.472000 98 123 75
-0.150496 -0.275563 0.472000 98 119 79
-0.149592 -0.276147 0.473000 105 126 86
-0.156265 -0.273760 0.471000 123 127 97
-0.155047 -0.273760 0.471000 101 121 74
-0.153830 -0.273760 0.471000 102 122 75
-0.152936 -0.274341 0.472000 100 126 75
-0.151716 -0.274341 0.472000 99 125 74
-0.150496 -0.274341 0.472000 101 118 81
-0.149276 -0.274341 0.472000 128 145 108
-0.156265 -0.272541 0.471000 110 116 83
-0.155047 -0.272541 0.471000 101 121 74
-0.153830 -0.272541 0.471000 102 122 75
-0.152612 -0.272541 0.471000 98 123 75
-0.151716 -0.273119 0.472000 99 124 76
-0.150496 -0.273119 0.472000 110 121 91
-0.157148 -0.270745 0.470000 124 133 97
-0.155933 -0.270745 0.470000 109 118 82
-0.154718 -0.270745 0.470000 99 124 78
-0.153830 -0.271321 0.471000 99 124 78
-0.152612 -0.271321 0.471000 98 122 79
-0.151716 -0.271897 0.472000 93 117 74
-0.157148 -0.269529 0.470000 113 127 87
-0.155933 -0.269529 0.470000 106 120 80
-0.154718 -0.269529 0.470000 98 123 77
-0.153830 -0.270102 0.471000 100 125 79
-0.152612 -0.270102 0.471000 101 122 82
-0.151395 -0.270102 0.471000 95 116 76
-0.156814 -0.267741 0.469000 104 122 76
-0.155933 -0.268312 0.470000 102 120 74
-0.154718 -0.268312 0.470000 99 124 76
-0.153503 -0.268312 0.470000 100 125 77
-0.152612 -0.268883 0.471000 95 114 74
-0.158026 -0.266527 0.469000 125 130 95
-0.156814 -0.266527 0.469000 102 123 73
-0.155601 -0.266527 0.469000 103 124 74
-0.154718 -0.267096 0.470000 99 125 74
-0.153503 -0.267096 0.470000 97 123 72
-0.152288 -0.267096 0.470000 96 112 78
-0.157689 -0.264748 0.468000 115 121 81
-0.156479 -0.264748 0.468000 100 121 69
-0.155601 -0.265313 0.469000 102 123 71
-0.154389 -0.265313 0.469000 98 124 73
-0.153503 -0.265879 0.470000 95 121 70
-0.158899 -0.263536 0.468000 114 124 81
-0.157689 -0.263536 0.468000 107 117 74
-0.156479 -0.263536 0.468000 101 122 68
-0.155270 -0.263536 0.468000 102 123 69
-0.154389 -0.264099 0.469000 99 124 78
-0.153503 -0.264662 0.470000 92 117 71
-0.158899 -0.262325 0.468000 105 119 72
-0.157689 -0.262325 0.468000 104 118 71
-0.156479 -0.262325 0.468000 99 123 66
-0.155601 -0.262885 0.469000 98 122 65
-0.154389 -0.262885 0.469000 97 118 78
-0.153177 -0.262885 0.469000 107 128 88
-0.160109 -0.261113 0.468000 129 128 100
-0.158899 -0.261113 0.468000 100 119 66
-0.157689 -0.261113 0.468000 102 121 68
-0.156479 -0.261113 0.468000 100 124 67
-0.155270 -0.261113 0.468000 99 123 66
-0.154389 -0.261671 0.469000 97 114 75
-0.160109 -0.259902 0.468000 118 123 90
-0.158899 -0.259902 0.468000 100 122 65
-0.157689 -0.259902 0.468000 101 123 66
-0.156479 -0.259902 0.468000 100 123 69
-0.155270 -0.259902 0.468000 99 122 68
-0.154060 -0.259902 0.468000 113 127 91
-0.114747 -0.253238 0.456000 118 130 93
-0.113568 -0.253238 0.456000 107 119 82
-0.112390 -0.253238 0.456000 102 119 80
-0.111211 -0.253238 0.456000 104 121 82
-0.110032 -0.253238 0.456000 100 120 73
-0.108853 -0.253238 0.456000 94 114 67
-0.107675 -0.253238 0.456000 93 114 62
-0.106496 -0.253238 0.456000 95 116 64
-0.105548 -0.253793 0.457000 98 117 66
-0.104367 -0.253793 0.457000 97 116 65
-0.103185 -0.253793 0.457000 94 113 60
-0.102227 -0.254348 0.458000 95 114 61
-0.101264 -0.254904 0.459000 96 115 62
-0.100077 -0.254904 0.459000 95 114 61
-0.099106 -0.255459 0.460000 93 112 59
-0.097917 -0.255459 0.460000 93 112 59
-0.096728 -0.255459 0.460000 95 114 63
-0.095539 -0.255459 0.460000 95 114 63
-0.094350 -0.255459 0.460000 97 116 67
-0.093161 -0.255459 0.460000 96 115 66
-0.091772 -0.254904 0.459000 91 110 61
-0.090585 -0.254904 0.459000 91 110 61
-0.089204 -0.254348 0.458000 95 115 68
-0.087828 -0.253793 0.457000 96 116 69
-0.086647 -0.253793 0.457000 95 113 67
-0.085465 -0.253793 0.457000 98 116 70
-0.084284 -0.253793 0.457000 106 121 76
-0.082921 -0.253238 0.456000 112 127 82
-0.081742 -0.253238 0.456000 124 131 89
-0.160109 -0.258690 0.468000 100 112 73
-0.158899 -0.258690 0.468000 100 124 67
-0.157689 -0.258690 0.468000 101 125 68
-0.156479 -0.258690 0.468000 100 123 73
-0.155270 -0.258690 0.468000 93 116 66
-0.117105 -0.252057 0.456000 99 114 69
-0.115926 -0.252057 0.456000 100 115 70
-0.114747 -0.252057 0.456000 96 116 71
-0.113568 -0.252057 0.456000 95 115 70
-0.112390 -0.252057 0.456000 90 112 67
-0.111211 -0.252057 0.456000 91 113 68
-0.109791 -0.251505 0.455000 87 110 60
-0.108615 -0.251505 0.455000 87 110 60
-0.107675 -0.252057 0.456000 85 108 56
-0.106496 -0.252057 0.456000 83 106 54
-0.105317 -0.252057 0.456000 86 109 57
-0.104138 -0.252057 0.456000 86 109 57
-0.103185 -0.252610 0.457000 83 109 56
-0.102004 -0.252610 0.457000 82 108 55
-0.101043 -0.253163 0.458000 84 110 59
-0.100077 -0.253716 0.459000 83 109 58
-0.098891 -0.253716 0.459000 84 110 59
-0.097917 -0.254268 0.460000 84 110 59
-0.096728 -0.254268 0.460000 85 111 60
-0.095539 -0.254268 0.460000 85 111 60
-0.094145 -0.253716 0.459000 84 109 61
-0.093161 -0.254268 0.460000 84 109 61
-0.091772 -0.253716 0.459000 85 107 60
-0.090388 -0.253163 0.458000 86 108 61
-0.089009 -0.252610 0.457000 87 109 62
-0.087636 -0.252057 0.456000 90 112 65
-0.086457 -0.252057 0.456000 88 110 63
-0.085278 -0.252057 0.456000 94 116 69
-0.084100 -0.252057 0.456000 96 117 65
-0.082739 -0.251505 0.455000 92 113 61
-0.081563 -0.251505 0.455000 98 117 66
-0.079857 -0.249846 0.452000 104 123 72
-0.160974 -0.256929 0.467000 109 123 83
-0.159767 -0.256929 0.467000 103 117 77
-0.158559 -0.256929 0.467000 102 125 71
-0.157352 -0.256929 0.467000 101 124 70
-0.156145 -0.256929 0.467000 99 121 76
-0.154938 -0.256929 0.467000 102 124 79
-0.122998 -0.250877 0.456000 107 119 80
-0.121820 -0.250877 0.456000 98 116 72
-0.120641 -0.250877 0.456000 93 111 67
-0.119462 -0.250877 0.456000 93 112 63
-0.118283 -0.250877 0.456000 96 115 66
-0.117105 -0.250877 0.456000 94 115 65
-0.115926 -0.250877 0.456000 92 113 63
-0.114747 -0.250877 0.456000 88 110 65
-0.113568 -0.250877 0.456000 88 110 65
-0.112390 -0.250877 0.456000 86 108 61
-0.111211 -0.250877 0.456000 84 106 59
-0.110032 -0.250877 0.456000 85 108 58
-0.108853 -0.250877 0.456000 83 106 56
-0.107675 -0.250877 0.456000 84 107 57
-0.106496 -0.250877 0.456000 80 103 53
-0.105317 -0.250877 0.456000 79 101 56
-0.104367 -0.251427 0.457000 80 102 57
-0.103185 -0.251427 0.457000 76 100 57
-0.102227 -0.251977 0.458000 78 102 59
-0.101264 -0.252527 0.459000 79 103 60
-0.100077 -0.252527 0.459000 78 102 59
-0.099106 -0.253078 0.460000 76 100 57
-0.097917 -0.253078 0.460000 77 101 58
-0.096728 -0.253078 0.460000 79 103 60
-0.095539 -0.253078 0.460000 79 103 60
-0.094350 -0.253078 0.460000 81 105 62
-0.093161 -0.253078 0.460000 81 105 62
-0.091772 -0.252527 0.459000 79 103 60
-0.090388 -0.251977 0.458000 83 107 64
-0.089009 -0.251427 0.457000 84 108 65
-0.087828 -0.251427 0.457000 83 107 64
-0.086457 -0.250877 0.456000 82 107 61
-0.085278 -0.250877 0.456000 83 108 62
-0.083915 -0.250327 0.455000 86 109 59
-0.082557 -0.249777 0.454000 87 110 60
-0.081204 -0.249226 0.453000 84 107 57
-0.079680 -0.248126 0.451000 90 113 63
-0.078688 -0.248676 0.452000 91 113 66
-0.077177 -0.247576 0.450000 91 113 66
-0.076014 -0.247576 0.450000 93 115 68
-0.074850 -0.247576 0.450000 93 115 68
-0.073687 -0.247576 0.450000 101 119 75
-0.072685 -0.248126 0.451000 102 120 76
-0.071519 -0.248126 0.451000 103 118 75
-0.162181 -0.255720 0.467000 127 123 96
-0.160974 -0.255720 0.467000 106 121 78
-0.159767 -0.255720 0.467000 104 119 76
-0.158559 -0.255720 0.467000 102 125 73
-0.157352 -0.255720 0.467000 102 125 73
-0.156145 -0.255720 0.467000 101 118 79
-0.126535 -0.249697 0.456000 104 119 74
-0.125356 -0.249697 0.456000 100 115 70
-0.124177 -0.249697 0.456000 95 115 70
-0.122998 -0.249697 0.456000 93 113 68
-0.121820 -0.249697 0.456000 90 112 67
-0.120641 -0.249697 0.456000 88 110 65
-0.119462 -0.249697 0.456000 86 111 63
-0.118543 -0.250244 0.457000 85 110 62
-0.117361 -0.250244 0.457000 84 109 61
-0.116180 -0.250244 0.457000 83 108 60
-0.114999 -0.250244 0.457000 84 106 61
-0.113817 -0.250244 0.457000 84 106 61
-0.112636 -0.250244 0.457000 83 105 60
-0.111211 -0.249697 0.456000 79 101 56
-0.110032 -0.249697 0.456000 79 101 54
-0.109092 -0.250244 0.457000 79 101 54
-0.107911 -0.250244 0.457000 78 102 61
-0.106729 -0.250244 0.457000 78 102 61
-0.105548 -0.250244 0.457000 78 101 65
-0.104595 -0.250792 0.458000 79 102 66
-0.103637 -0.251339 0.459000 77 100 66
-0.102450 -0.251339 0.459000 78 101 67
-0.101485 -0.251887 0.460000 76 101 66
-0.100295 -0.251887 0.460000 75 100 65
-0.099322 -0.252434 0.461000 76 101 66
-0.098130 -0.252434 0.461000 77 102 67
-0.096938 -0.252434 0.461000 78 101 67
-0.095747 -0.252434 0.461000 78 101 67
-0.094555 -0.252434 0.461000 78 101 67
-0.093161 -0.251887 0.460000 78 101 67
-0.091972 -0.251887 0.460000 78 101 67
-0.090585 -0.251339 0.459000 79 102 68
-0.089399 -0.251339 0.459000 79 101 70
-0.085278 -0.249697 0.456000 76 99 63
-0.083915 -0.249149 0.455000 78 102 61
-0.082557 -0.248601 0.454000 81 105 64
-0.081204 -0.248054 0.453000 83 104 64
-0.079857 -0.247506 0.452000 84 105 65
-0.078688 -0.247506 0.452000 86 107 65
-0.077348 -0.246959 0.451000 88 109 67
-0.076014 -0.246411 0.450000 85 109 66
-0.074850 -0.246411 0.450000 85 109 66
-0.073687 -0.246411 0.450000 88 113 67
-0.072685 -0.246959 0.451000 90 115 69
-0.071519 -0.246959 0.451000 90 115 67
-0.070665 -0.248054 0.453000 90 115 67
-0.069648 -0.248601 0.454000 94 115 65
-0.068625 -0.249149 0.455000 106 127 77
-0.161834 -0.253966 0.466000 121 118 88
-0.160629 -0.253966 0.466000 106 120 73
-0.159424 -0.253966 0.466000 106 120 73
-0.158220 -0.253966 0.466000 103 124 72
-0.157015 -0.253966 0.466000 102 123 71
-0.128892 -0.248516 0.456000 94 114 67
-0.127713 -0.248516 0.456000 93 113 66
-0.126535 -0.248516 0.456000 88 110 63
-0.125356 -0.248516 0.456000 88 110 63
-0.124177 -0.248516 0.456000 88 110 65
-0.122998 -0.248516 0.456000 86 108 63
-0.121820 -0.248516 0.456000 82 106 63
-0.120905 -0.249061 0.457000 79 103 60
-0.119724 -0.249061 0.457000 82 106 63
-0.118543 -0.249061 0.457000 81 105 62
-0.117618 -0.249606 0.458000 83 107 64
-0.116434 -0.249606 0.458000 79 103 60
-0.115250 -0.249606 0.458000 81 105 64
-0.114066 -0.249606 0.458000 79 103 62
-0.112883 -0.249606 0.458000 81 100 62
-0.111699 -0.249606 0.458000 81 100 62
-0.110515 -0.249606 0.458000 80 97 60
-0.109331 -0.249606 0.458000 77 94 57
-0.108147 -0.249606 0.458000 76 93 67
-0.106963 -0.249606 0.458000 75 92 66
-0.106010 -0.250151 0.459000 73 91 70
-0.104823 -0.250151 0.459000 77 95 74
-0.103863 -0.250696 0.460000 81 99 78
-0.102897 -0.251241 0.461000 81 99 78
-0.101705 -0.251241 0.461000 81 99 78
-0.100514 -0.251241 0.461000 83 101 80
-0.099322 -0.251241 0.461000 83 101 78
-0.098343 -0.251786 0.462000 83 101 78
-0.097149 -0.251786 0.462000 86 102 79
-0.095955 -0.251786 0.462000 87 103 80
-0.094555 -0.251241 0.461000 85 101 78
-0.093363 -0.251241 0.461000 81 97 74
-0.092172 -0.251241 0.461000 76 94 71
-0.090980 -0.251241 0.461000 74 92 69
-0.089594 -0.250696 0.460000 77 95 74
-0.084100 -0.248516 0.456000 81 98 70
-0.082921 -0.248516 0.456000 83 100 72
-0.081563 -0.247971 0.455000 83 100 70
-0.080210 -0.247426 0.454000 83 100 70
-0.078862 -0.246881 0.453000 80 100 67
-0.077520 -0.246336 0.452000 84 104 71
-0.076183 -0.245791 0.451000 82 106 67
-0.075017 -0.245791 0.451000 82 106 67
-0.073687 -0.245246 0.450000 83 107 66
-0.072524 -0.245246 0.450000 84 108 67
-0.071361 -0.245246 0.450000 85 112 65
-0.070353 -0.245791 0.451000 87 114 67
-0.069341 -0.246336 0.452000 88 116 64
-0.068323 -0.246881 0.453000 88 116 64
-0.067301 -0.247426 0.454000 92 114 67
-0.066273 -0.247971 0.455000 97 119 72
-0.161834 -0.252760 0.466000 114 116 82
-0.160629 -0.252760 0.466000 105 121 71
-0.159082 -0.252217 0.465000 107 123 73
-0.158220 -0.252760 0.466000 101 124 74
-0.157015 -0.252760 0.466000 98 121 71
-0.155811 -0.252760 0.466000 115 123 94
-0.133607 -0.247336 0.456000 105 122 81
-0.132428 -0.247336 0.456000 97 114 73
-0.131250 -0.247336 0.456000 90 111 69
-0.130071 -0.247336 0.456000 88 109 67
-0.128892 -0.247336 0.456000 90 112 65
-0.127713 -0.247336 0.456000 86 108 61
-0.126535 -0.247336 0.456000 84 109 61
-0.125356 -0.247336 0.456000 81 106 58
-0.124177 -0.247336 0.456000 82 106 63
-0.123268 -0.247878 0.457000 81 105 62
-0.122087 -0.247878 0.457000 81 105 66
-0.121170 -0.248421 0.458000 78 102 63
-0.120248 -0.248963 0.459000 77 101 62
-0.119062 -0.248963 0.459000 79 103 64
-0.118132 -0.249505 0.460000 80 100 67
-0.116943 -0.249505 0.460000 76 96 63
-0.115754 -0.249505 0.460000 80 97 67
-0.114565 -0.249505 0.460000 87 104 74
-0.113375 -0.249505 0.460000 92 99 75
-0.112186 -0.249505 0.460000 101 108 84
-0.110997 -0.249505 0.460000 117 117 93
-0.109808 -0.249505 0.460000 127 127 103
-0.108619 -0.249505 0.460000 136 139 123
-0.088597 -0.250048 0.461000 135 144 126
-0.087216 -0.249505 0.460000 135 138 120
-0.085839 -0.248963 0.459000 122 125 107
-0.084468 -0.248421 0.458000 110 113 95
-0.083103 -0.247878 0.457000 101 104 86
-0.081742 -0.247336 0.456000 89 100 79
-0.080563 -0.247336 0.456000 83 94 73
-0.079211 -0.246793 0.455000 81 97 74
-0.077863 -0.246251 0.454000 82 98 75
-0.076520 -0.245709 0.453000 80 99 73
-0.075183 -0.245166 0.452000 81 100 74
-0.073851 -0.244624 0.451000 79 102 68
-0.072685 -0.244624 0.451000 77 100 66
-0.071519 -0.244624 0.451000 78 104 64
-0.070353 -0.244624 0.451000 78 104 64
-0.069188 -0.244624 0.451000 78 105 58
-0.068173 -0.245166 0.452000 82 109 62
-0.067004 -0.245166 0.452000 85 112 63
-0.065981 -0.245709 0.453000 87 114 65
-0.064954 -0.246251 0.454000 84 109 61
-0.063920 -0.246793 0.455000 92 117 69
-0.062744 -0.246793 0.455000 98 116 72
-0.061703 -0.247336 0.456000 104 122 78
-0.161486 -0.251014 0.465000 109 118 82
-0.160284 -0.251014 0.465000 102 123 71
-0.158740 -0.250474 0.464000 104 125 73
-0.157541 -0.250474 0.464000 100 122 75
-0.156341 -0.250474 0.464000 94 116 69
-0.155142 -0.250474 0.464000 135 142 116
-0.135965 -0.246155 0.456000 103 118 73
-0.134786 -0.246155 0.456000 96 111 66
-0.133607 -0.246155 0.456000 87 109 62
-0.132428 -0.246155 0.456000 88 110 63
-0.131250 -0.246155 0.456000 88 113 67
-0.130071 -0.246155 0.456000 84 109 63
-0.128892 -0.246155 0.456000 81 106 60
-0.127713 -0.246155 0.456000 82 107 61
-0.126812 -0.246695 0.457000 79 100 58
-0.125631 -0.246695 0.457000 80 101 59
-0.124449 -0.246695 0.457000 81 102 64
-0.123538 -0.247235 0.458000 79 100 62
-0.122621 -0.247775 0.459000 80 98 65
-0.120510 -0.248315 0.460000 86 98 70
-0.118389 -0.248855 0.461000 114 118 93
-0.078206 -0.246155 0.456000 114 120 103
-0.077027 -0.246155 0.456000 99 105 86
-0.075516 -0.245076 0.454000 89 95 76
-0.074178 -0.244536 0.453000 79 96 70
-0.072846 -0.243996 0.452000 76 93 67
-0.071519 -0.243456 0.451000 81 100 70
-0.070353 -0.243456 0.451000 83 102 72
-0.069188 -0.243456 0.451000 78 103 66
-0.068022 -0.243456 0.451000 77 102 65
-0.066856 -0.243456 0.451000 80 106 62
-0.065690 -0.243456 0.451000 80 106 62
-0.064524 -0.243456 0.451000 84 111 64
-0.063499 -0.243996 0.452000 85 112 65
-0.062468 -0.244536 0.453000 93 115 70
-0.061433 -0.245076 0.454000 94 116 71
-0.060392 -0.245616 0.455000 100 119 70
-0.059216 -0.245616 0.455000 105 124 75
-0.058167 -0.246155 0.456000 111 127 75
-0.162338 -0.249273 0.464000 113 128 85
-0.161139 -0.249273 0.464000 104 119 76
-0.159595 -0.248736 0.463000 99 125 70
-0.158398 -0.248736 0.463000 98 124 69
-0.157201 -0.248736 0.463000 97 119 72
-0.156004 -0.248736 0.463000 92 114 67
-0.138019 -0.244438 0.455000 105 120 75
-0.136843 -0.244438 0.455000 95 110 65
-0.135666 -0.244438 0.455000 94 114 67
-0.134786 -0.244975 0.456000 90 110 63
-0.133607 -0.244975 0.456000 87 109 62
-0.132428 -0.244975 0.456000 87 109 62
-0.131537 -0.245512 0.457000 83 108 60
-0.130356 -0.245512 0.457000 79 104 56
-0.129457 -0.246050 0.458000 81 103 58
-0.128273 -0.246050 0.458000 79 101 56
-0.127090 -0.246050 0.458000 81 100 62
-0.126181 -0.246587 0.459000 82 101 63
-0.124994 -0.246587 0.459000 82 94 66
-0.122888 -0.247124 0.460000 106 113 91
-0.073169 -0.243901 0.454000 108 114 97
-0.071678 -0.242826 0.452000 93 102 82
-0.070509 -0.242826 0.452000 86 95 75
-0.069188 -0.242289 0.451000 78 95 67
-0.068022 -0.242289 0.451000 80 97 69
-0.066856 -0.242289 0.451000 79 99 66
-0.065690 -0.242289 0.451000 81 101 68
-0.064524 -0.242289 0.451000 84 105 65
-0.063358 -0.242289 0.451000 84 105 65
-0.062193 -0.242289 0.451000 86 107 65
-0.061162 -0.242826 0.452000 90 111 69
-0.060126 -0.243363 0.453000 94 115 65
-0.059086 -0.243901 0.454000 92 113 63
-0.057912 -0.243901 0.454000 91 115 58
-0.056863 -0.244438 0.455000 91 115 58
-0.055810 -0.244975 0.456000 104 123 74
-0.161989 -0.247537 0.463000 109 125 77
-0.160792 -0.247537 0.463000 102 118 70
-0.159250 -0.247003 0.462000 97 123 68
-0.158056 -0.247003 0.462000 97 123 68
-0.156862 -0.247003 0.462000 100 120 75
-0.155667 -0.247003 0.462000 113 133 88
-0.140063 -0.242725 0.454000 105 120 75
-0.139195 -0.243260 0.455000 95 110 65
-0.138019 -0.243260 0.455000 88 111 61
-0.136843 -0.243260 0.455000 88 111 61
-0.135666 -0.243260 0.455000 88 113 65
-0.134786 -0.243795 0.456000 85 110 62
-0.133607 -0.243795 0.456000 84 106 59
-0.132719 -0.244329 0.457000 81 103 56
-0.131825 -0.244864 0.458000 80 101 59
-0.130927 -0.245399 0.459000 80 101 59
-0.129740 -0.245399 0.459000 83 99 65
-0.127645 -0.245933 0.460000 86 96 73
-0.126455 -0.245933 0.460000 100 110 87
-0.067004 -0.241656 0.452000 86 98 74
-0.065836 -0.241656 0.452000 83 95 71
-0.064524 -0.241122 0.451000 82 98 66
-0.063358 -0.241122 0.451000 84 100 68
-0.062193 -0.241122 0.451000 83 100 61
-0.061027 -0.241122 0.451000 84 101 62
-0.059861 -0.241122 0.451000 88 108 63
-0.058825 -0.241656 0.452000 89 109 64
-0.057657 -0.241656 0.452000 88 114 63
-0.056613 -0.242191 0.453000 90 116 65
-0.055565 -0.242725 0.454000 91 114 64
-0.054511 -0.243260 0.455000 95 118 68
-0.053335 -0.243260 0.455000 110 123 79
-0.162833 -0.245807 0.462000 124 126 94
-0.161639 -0.245807 0.462000 106 122 70
-0.160444 -0.245807 0.462000 104 120 68
-0.159250 -0.245807 0.462000 98 122 65
-0.158056 -0.245807 0.462000 98 122 65
-0.156522 -0.245275 0.461000 95 112 71
-0.155331 -0.245275 0.461000 135 152 111
-0.142723 -0.242082 0.455000 105 120 75
-0.141547 -0.242082 0.455000 97 112 67
-0.140063 -0.241550 0.454000 91 114 64
-0.139195 -0.242082 0.455000 88 111 61
-0.138019 -0.242082 0.455000 85 111 60
-0.136843 -0.242082 0.455000 86 112 61
-0.135965 -0.242614 0.456000 82 107 61
-0.134786 -0.242614 0.456000 81 106 60
-0.133900 -0.243146 0.457000 83 102 64
-0.133009 -0.243678 0.458000 86 105 67
-0.130927 -0.244210 0.459000 85 97 71
-0.130023 -0.244743 0.460000 115 118 100
-0.063639 -0.241018 0.453000 90 94 73
-0.062331 -0.240486 0.452000 84 94 69
-0.061162 -0.240486 0.452000 87 97 72
-0.059994 -0.240486 0.452000 85 105 70
-0.058825 -0.240486 0.452000 84 104 69
-0.057657 -0.240486 0.452000 80 106 62
-0.056489 -0.240486 0.452000 84 110 66
-0.055320 -0.240486 0.452000 87 114 67
-0.054271 -0.241018 0.453000 90 117 70
-0.053101 -0.241018 0.453000 91 116 68
-0.052044 -0.241550 0.454000 90 115 67
-0.162833 -0.244611 0.462000 118 123 88
-0.161639 -0.244611 0.462000 100 120 64
-0.160444 -0.244611 0.462000 101 121 65
-0.158906 -0.244081 0.461000 97 121 62
-0.157714 -0.244081 0.461000 95 119 60
-0.156522 -0.244081 0.461000 100 112 75
-0.146573 -0.241434 0.456000 131 133 97
-0.145076 -0.240905 0.455000 113 128 83
-0.143900 -0.240905 0.455000 96 111 66
-0.142723 -0.240905 0.455000 92 115 65
-0.141547 -0.240905 0.455000 91 114 64
-0.140371 -0.240905 0.455000 88 111 61
-0.139195 -0.240905 0.455000 86 109 59
-0.138019 -0.240905 0.455000 82 108 57
-0.137143 -0.241434 0.456000 79 105 54
-0.136263 -0.241963 0.457000 81 105 64
-0.135377 -0.242493 0.458000 79 103 62
-0.133300 -0.243022 0.459000 89 101 75
-0.132401 -0.243552 0.460000 118 121 100
-0.131497 -0.244081 0.461000 139 142 121
-0.061433 -0.240375 0.454000 102 104 86
-0.060259 -0.240375 0.454000 83 94 73
-0.058955 -0.239846 0.453000 83 94 73
-0.057784 -0.239846 0.453000 80 105 70
-0.056489 -0.239316 0.452000 81 106 71
-0.055320 -0.239316 0.452000 80 106 62
-0.054032 -0.238787 0.451000 83 109 65
-0.052983 -0.239316 0.452000 84 111 64
-0.051815 -0.239316 0.452000 89 116 69
-0.050759 -0.239846 0.453000 94 116 69
-0.049697 -0.240375 0.454000 94 116 69
-0.162481 -0.242888 0.461000 116 123 83
-0.161289 -0.242888 0.461000 99 120 66
-0.160097 -0.242888 0.461000 100 121 67
-0.158906 -0.242888 0.461000 95 118 64
-0.157714 -0.242888 0.461000 93 116 62
-0.156183 -0.242361 0.460000 114 123 89
-0.147752 -0.240254 0.456000 115 128 86
-0.146252 -0.239727 0.455000 105 118 76
-0.145076 -0.239727 0.455000 88 110 63
-0.143900 -0.239727 0.455000 87 109 62
-0.142723 -0.239727 0.455000 88 114 63
-0.141547 -0.239727 0.455000 88 114 63
-0.140371 -0.239727 0.455000 84 110 59
-0.139501 -0.240254 0.456000 81 107 56
-0.138322 -0.240254 0.456000 79 103 60
-0.137444 -0.240780 0.457000 78 102 59
-0.136561 -0.241307 0.458000 83 98 71
-0.056738 -0.239200 0.454000 80 94 72
-0.055442 -0.238673 0.453000 82 105 71
-0.054152 -0.238146 0.452000 83 106 72
-0.052983 -0.238146 0.452000 84 108 65
-0.051700 -0.237619 0.451000 86 110 67
-0.050534 -0.237619 0.451000 86 111 63
-0.049478 -0.238146 0.452000 91 116 68
-0.048417 -0.238673 0.453000 89 108 59
-0.047350 -0.239200 0.454000 103 122 73
-0.163672 -0.241695 0.461000 118 130 91
-0.162481 -0.241695 0.461000 106 118 79
-0.161289 -0.241695 0.461000 97 120 68
-0.160097 -0.241695 0.461000 97 120 68
-0.158561 -0.241170 0.460000 97 119 72
-0.157030 -0.240646 0.459000 91 113 66
-0.148604 -0.238549 0.455000 115 124 86
-0.147428 -0.238549 0.455000 95 116 74
-0.146252 -0.238549 0.455000 93 114 72
-0.145395 -0.239073 0.456000 90 115 69
-0.144216 -0.239073 0.456000 88 113 67
-0.143037 -0.239073 0.456000 84 109 61
-0.141858 -0.239073 0.456000 83 108 60
-0.140680 -0.239073 0.456000 81 106 60
-0.139807 -0.239598 0.457000 78 103 57
-0.138929 -0.240122 0.458000 82 100 67
-0.055565 -0.238025 0.454000 86 101 74
-0.054271 -0.237500 0.453000 82 97 70
-0.052983 -0.236976 0.452000 83 101 66
-0.051815 -0.236976 0.452000 89 107 72
-0.050534 -0.236452 0.451000 87 109 64
-0.049369 -0.236452 0.451000 87 109 64
-0.048203 -0.236452 0.451000 90 111 61
-0.047141 -0.236976 0.452000 95 116 66
-0.046176 -0.238025 0.454000 97 115 69
-0.045102 -0.238549 0.455000 111 129 83
-0.163672 -0.240501 0.461000 112 126 88
-0.162128 -0.239980 0.460000 102 116 78
-0.160589 -0.239458 0.459000 95 123 71
-0.159403 -0.239458 0.459000 94 122 70
-0.157871 -0.238936 0.458000 92 114 67
-0.150957 -0.237371 0.455000 122 128 91
-0.149780 -0.237371 0.455000 102 120 76
-0.148604 -0.237371 0.455000 96 114 70
-0.147428 -0.237371 0.455000 90 117 70
-0.146573 -0.237893 0.456000 89 116 69
-0.145395 -0.237893 0.456000 85 114 69
-0.144216 -0.237893 0.456000 80 109 64
-0.143351 -0.238415 0.457000 81 107 63
-0.142169 -0.238415 0.457000 78 104 60
-0.141297 -0.238936 0.458000 82 101 63
-0.139232 -0.239458 0.459000 123 130 106
-0.051930 -0.236328 0.453000 87 97 72
-0.050646 -0.235806 0.452000 87 106 68
-0.049478 -0.235806 0.452000 88 107 69
-0.048203 -0.235284 0.451000 87 109 62
-0.047037 -0.235284 0.451000 88 110 63
-0.045973 -0.235806 0.452000 90 116 65
-0.045003 -0.236850 0.454000 93 119 68
-0.043926 -0.237371 0.455000 97 115 69
-0.164506 -0.238789 0.460000 124 120 93
-0.162962 -0.238270 0.459000 101 120 80
-0.161423 -0.237751 0.458000 97 116 76
-0.160239 -0.237751 0.458000 91 123 74
-0.158361 -0.236713 0.456000 87 119 70
-0.157182 -0.236713 0.456000 88 110 63
-0.155661 -0.236193 0.455000 122 144 97
-0.153309 -0.236193 0.455000 138 151 109
-0.151798 -0.235674 0.454000 113 126 82
-0.150957 -0.236193 0.455000 99 112 68
-0.149780 -0.236193 0.455000 91 113 66
-0.148604 -0.236193 0.455000 90 112 65
-0.147428 -0.236193 0.455000 85 115 67
-0.146573 -0.236713 0.456000 80 110 62
-0.145713 -0.237232 0.457000 80 109 64
-0.144532 -0.237232 0.457000 79 108 63
-0.142480 -0.237751 0.458000 83 106 70
-0.141605 -0.238270 0.459000 107 114 88
-0.050871 -0.235674 0.454000 85 97 71
-0.049588 -0.235155 0.453000 89 101 75
-0.048310 -0.234636 0.452000 87 108 70
-0.047141 -0.234636 0.452000 86 107 69
-0.045973 -0.234636 0.452000 86 111 63
-0.044804 -0.234636 0.452000 89 114 66
-0.043829 -0.235674 0.454000 91 114 64
-0.042749 -0.236193 0.455000 98 121 71
-0.163791 -0.236565 0.458000 125 127 95
-0.162607 -0.236565 0.458000 99 120 78
-0.160718 -0.235532 0.456000 97 118 76
-0.159540 -0.235532 0.456000 91 123 74
-0.158361 -0.235532 0.456000 87 119 70
-0.156837 -0.235016 0.455000 89 114 66
-0.155319 -0.234499 0.454000 125 150 102
-0.154145 -0.234499 0.454000 130 149 100
-0.152972 -0.234499 0.454000 100 119 70
-0.151798 -0.234499 0.454000 94 115 65
-0.150957 -0.235016 0.455000 97 118 68
-0.149780 -0.235016 0.455000 88 116 64
-0.148604 -0.235016 0.455000 87 115 63
-0.147752 -0.235532 0.456000 82 112 64
-0.146573 -0.235532 0.456000 79 109 61
-0.143978 -0.237082 0.459000 87 102 75
-0.143103 -0.237598 0.460000 114 129 102
-0.049697 -0.234499 0.454000 103 106 90
-0.048417 -0.233983 0.453000 81 96 71
-0.047141 -0.233466 0.452000 88 103 78
-0.045973 -0.233466 0.452000 85 109 68
-0.044804 -0.233466 0.452000 85 109 68
-0.043733 -0.233983 0.453000 90 116 65
-0.042562 -0.233983 0.453000 86 112 61
-0.041573 -0.235016 0.455000 95 118 66
-0.040486 -0.235532 0.456000 105 128 76
-0.163076 -0.234352 0.456000 117 123 88
-0.161897 -0.234352 0.456000 97 122 74
-0.160366 -0.233838 0.455000 97 122 74
-0.159190 -0.233838 0.455000 91 123 72
-0.158014 -0.233838 0.455000 87 119 68
-0.156493 -0.233324 0.454000 97 125 73
-0.154977 -0.232810 0.453000 119 147 95
-0.153806 -0.232810 0.453000 98 121 67
-0.152635 -0.232810 0.453000 87 110 56
-0.151798 -0.233324 0.454000 92 115 61
-0.150625 -0.233324 0.454000 93 116 62
-0.149780 -0.233838 0.455000 85 113 61
-0.148931 -0.234352 0.456000 85 113 61
-0.147752 -0.234352 0.456000 75 104 61
-0.146895 -0.234866 0.457000 78 107 64
-0.145165 -0.235894 0.459000 103 120 94
-0.047350 -0.233324 0.454000 93 99 82
-0.045973 -0.232296 0.452000 80 99 69
-0.044804 -0.232296 0.452000 87 106 76
-0.043636 -0.232296 0.452000 89 114 68
-0.042468 -0.232296 0.452000 89 114 68
-0.041391 -0.232810 0.453000 85 111 60
-0.040308 -0.233324 0.454000 92 118 67
-0.039221 -0.233838 0.455000 101 121 74
-0.163076 -0.233171 0.456000 108 117 81
-0.161897 -0.233171 0.456000 91 119 67
-0.160366 -0.232660 0.455000 95 123 71
-0.159190 -0.232660 0.455000 86 119 63
-0.157666 -0.232149 0.454000 89 122 66
-0.156148 -0.231637 0.453000 96 127 72
-0.154977 -0.231637 0.453000 90 121 66
-0.153806 -0.231637 0.453000 85 112 54
-0.152635 -0.231637 0.453000 88 115 57
-0.151798 -0.232149 0.454000 91 115 58
-0.150957 -0.232660 0.455000 88 112 55
-0.150110 -0.233171 0.456000 83 108 60
-0.148931 -0.233171 0.456000 81 106 58
-0.148076 -0.233683 0.457000 76 99 65
-0.146351 -0.234705 0.459000 120 126 109
-0.044804 -0.231126 0.452000 83 93 70
-0.043636 -0.231126 0.452000 88 106 71
-0.042374 -0.230615 0.451000 92 110 75
-0.041299 -0.231126 0.452000 84 111 62
-0.040131 -0.231126 0.452000 85 112 63
-0.039135 -0.232149 0.454000 90 117 68
-0.038045 -0.232660 0.455000 97 124 75
-0.162718 -0.231482 0.455000 100 112 73
-0.161542 -0.231482 0.455000 91 119 65
-0.160366 -0.231482 0.455000 90 118 64
-0.158840 -0.230974 0.454000 92 120 64
-0.157666 -0.230974 0.454000 98 126 70
-0.156148 -0.230465 0.453000 92 120 64
-0.154977 -0.230465 0.453000 85 113 57
-0.153806 -0.230465 0.453000 85 112 54
-0.152972 -0.230974 0.454000 86 113 55
-0.151798 -0.230974 0.454000 85 112 54
-0.150957 -0.231482 0.455000 83 110 52
-0.150110 -0.231991 0.456000 83 104 64
-0.149257 -0.232500 0.457000 83 104 64
-0.043636 -0.229956 0.452000 92 99 73
-0.042374 -0.229447 0.451000 93 100 74
-0.041208 -0.229447 0.451000 84 108 69
-0.040042 -0.229447 0.451000 85 109 70
-0.038962 -0.229956 0.452000 86 116 68
-0.037878 -0.230465 0.453000 89 119 71
-0.036788 -0.230974 0.454000 101 120 78
-0.164255 -0.230811 0.456000 115 132 91
-0.162718 -0.230305 0.455000 97 114 73
-0.161542 -0.230305 0.455000 95 121 66
-0.160013 -0.229798 0.454000 96 122 67
-0.158840 -0.229798 0.454000 97 126 65
-0.157666 -0.229798 0.454000 91 120 59
-0.156493 -0.229798 0.454000 89 116 58
-0.155319 -0.229798 0.454000 89 116 58
-0.154145 -0.229798 0.454000 88 115 57
-0.153309 -0.230305 0.455000 84 111 53
-0.152133 -0.230305 0.455000 82 108 57
-0.151288 -0.230811 0.456000 82 108 57
-0.150439 -0.231317 0.457000 89 104 79
-0.042468 -0.228786 0.452000 98 97 80
-0.041208 -0.228280 0.451000 88 103 74
-0.040042 -0.228280 0.451000 91 106 77
-0.038876 -0.228280 0.451000 83 112 69
-0.037794 -0.228786 0.452000 87 116 73
-0.036626 -0.228786 0.452000 88 112 69
-0.035614 -0.229798 0.454000 97 121 78
-0.034516 -0.230305 0.455000 129 141 104
-0.163894 -0.229127 0.455000 109 129 84
-0.162718 -0.229127 0.455000 93 113 68
-0.161542 -0.229127 0.455000 98 124 69
-0.160013 -0.228623 0.454000 99 125 70
-0.158840 -0.228623 0.454000 94 123 62
-0.157666 -0.228623 0.454000 88 117 56
-0.156493 -0.228623 0.454000 88 117 58
-0.155661 -0.229127 0.455000 85 114 55
-0.154485 -0.229127 0.455000 83 111 55
-0.153646 -0.229630 0.456000 81 109 53
-0.152467 -0.229630 0.456000 87 108 70
-0.151620 -0.230134 0.457000 87 108 70
-0.041208 -0.227112 0.451000 95 102 80
-0.040042 -0.227112 0.451000 87 94 72
-0.038876 -0.227112 0.451000 85 108 72
-0.037710 -0.227112 0.451000 88 111 75
-0.036545 -0.227112 0.451000 85 111 67
-0.035457 -0.227616 0.452000 91 117 73
-0.034365 -0.228120 0.453000 108 128 81
-0.165433 -0.228450 0.456000 122 123 96
-0.163894 -0.227949 0.455000 100 122 75
-0.162718 -0.227949 0.455000 99 121 74
-0.161542 -0.227949 0.455000 100 127 69
-0.160366 -0.227949 0.455000 96 123 65
-0.159190 -0.227949 0.455000 90 119 60
-0.158014 -0.227949 0.455000 90 119 60
-0.156837 -0.227949 0.455000 85 113 57
-0.155661 -0.227949 0.455000 83 111 55
-0.154825 -0.228450 0.456000 83 108 62
-0.153646 -0.228450 0.456000 82 107 61
-0.038876 -0.225945 0.451000 82 97 70
-0.037627 -0.225444 0.450000 91 106 79
-0.036463 -0.225444 0.450000 82 111 66
-0.035379 -0.225945 0.451000 83 112 67
-0.034289 -0.226446 0.452000 87 114 65
-0.033194 -0.226947 0.453000 99 126 77
-0.165433 -0.227270 0.456000 118 123 93
-0.163894 -0.226771 0.455000 101 124 74
-0.162718 -0.226771 0.455000 105 128 78
-0.161542 -0.226771 0.455000 92 120 64
-0.160366 -0.226771 0.455000 89 117 61
-0.159190 -0.226771 0.455000 89 120 65
-0.158014 -0.226771 0.455000 86 117 62
-0.157182 -0.227270 0.456000 80 112 61
-0.156003 -0.227270 0.456000 79 111 60
-0.154825 -0.227270 0.456000 86 107 69
-0.037627 -0.224279 0.450000 92 102 79
-0.036463 -0.224279 0.450000 85 111 71
-0.035300 -0.224279 0.450000 84 110 70
-0.034137 -0.224279 0.450000 79 111 60
-0.033047 -0.224778 0.451000 81 113 62
-0.031952 -0.225276 0.452000 102 122 75
-0.165433 -0.226089 0.456000 113 125 90
-0.164255 -0.226089 0.456000 100 126 75
-0.163076 -0.226089 0.456000 99 125 74
-0.161542 -0.225593 0.455000 83 114 61
-0.160718 -0.226089 0.456000 86 117 64
-0.159540 -0.226089 0.456000 82 116 65
-0.158361 -0.226089 0.456000 77 111 60
-0.157182 -0.226089 0.456000 79 110 64
-0.155164 -0.226585 0.457000 91 103 75
-0.036463 -0.223114 0.450000 85 103 70
-0.035300 -0.223114 0.450000 92 110 77
-0.034137 -0.223114 0.450000 83 113 63
-0.032974 -0.223114 0.450000 82 112 62
-0.031881 -0.223610 0.451000 93 119 68
-0.030784 -0.224106 0.452000 105 131 80
-0.011259 -0.231047 0.466000 137 138 125
-0.010054 -0.231047 0.466000 133 134 121
-0.008850 -0.231047 0.466000 127 128 115
-0.007645 -0.231047 0.466000 117 118 105
-0.006440 -0.231047 0.466000 112 110 98
-0.005236 -0.231047 0.466000 114 112 100
-0.004031 -0.231047 0.466000 104 100 89
-0.002827 -0.231047 0.466000 101 97 86
-0.001622 -0.231047 0.466000 103 96 86
-0.000417 -0.231047 0.466000 103 96 86
0.000787 -0.231047 0.466000 102 95 85
0.001987 -0.230552 0.465000 97 90 80
0.003196 -0.231047 0.466000 95 88 78
0.004392 -0.230552 0.465000 94 87 77
0.005606 -0.231047 0.466000 93 87 74
0.006810 -0.231047 0.466000 90 84 71
0.008015 -0.231047 0.466000 90 84 71
0.009219 -0.231047 0.466000 92 86 73
0.010424 -0.231047 0.466000 87 81 66
0.011629 -0.231047 0.466000 88 82 67
0.012833 -0.231047 0.466000 90 84 71
0.014038 -0.231047 0.466000 93 87 74
0.015242 -0.231047 0.466000 92 86 73
0.016447 -0.231047 0.466000 92 86 73
0.017652 -0.231047 0.466000 94 88 75
0.018856 -0.231047 0.466000 95 89 76
0.020018 -0.230552 0.465000 100 92 80
0.021220 -0.230552 0.465000 102 94 82
0.022325 -0.229560 0.463000 107 99 87
0.023522 -0.229560 0.463000 115 107 95
0.024719 -0.229560 0.463000 120 119 104
0.025860 -0.229064 0.462000 122 121 106
0.027054 -0.229064 0.462000 130 132 119
0.029443 -0.229064 0.462000 140 145 133
0.030637 -0.229064 0.462000 145 150 138
0.031831 -0.229064 0.462000 145 150 136
-0.165433 -0.224909 0.456000 118 130 91
-0.164255 -0.224909 0.456000 98 120 73
-0.163076 -0.224909 0.456000 94 116 69
-0.161897 -0.224909 0.456000 87 117 67
-0.160718 -0.224909 0.456000 83 113 63
-0.159540 -0.224909 0.456000 78 111 65
-0.157527 -0.225402 0.457000 77 102 65
-0.156688 -0.225895 0.458000 90 115 78
-0.036463 -0.221950 0.450000 93 105 79
-0.035300 -0.221950 0.450000 92 104 78
-0.034137 -0.221950 0.450000 86 115 70
-0.032974 -0.221950 0.450000 85 114 69
-0.031811 -0.221950 0.450000 87 115 63
-0.030715 -0.222443 0.451000 91 119 67
-0.029615 -0.222936 0.452000 117 135 89
-0.028573 -0.223922 0.454000 145 163 117
-0.020851 -0.229348 0.465000 120 114 99
-0.019691 -0.229841 0.466000 108 102 87
-0.018486 -0.229841 0.466000 94 93 76
-0.017282 -0.229841 0.466000 83 82 65
-0.016077 -0.229841 0.466000 67 69 56
-0.014873 -0.229841 0.466000 62 64 51
-0.013668 -0.229841 0.466000 53 54 48
-0.012463 -0.229841 0.466000 50 51 45
-0.011259 -0.229841 0.466000 48 49 43
-0.010054 -0.229841 0.466000 47 48 42
-0.008850 -0.229841 0.466000 48 52 47
-0.007645 -0.229841 0.466000 49 53 48
-0.006440 -0.229841 0.466000 51 52 48
-0.005236 -0.229841 0.466000 50 51 47
-0.004023 -0.229348 0.465000 52 53 49
-0.002821 -0.229348 0.465000 46 47 43
-0.001619 -0.229348 0.465000 46 46 40
-0.000417 -0.229348 0.465000 45 45 39
0.000785 -0.229348 0.465000 48 48 42
0.001987 -0.229348 0.465000 51 51 45
0.003190 -0.229348 0.465000 55 55 49
0.004392 -0.229348 0.465000 52 52 46
0.005594 -0.229348 0.465000 51 52 43
0.006796 -0.229348 0.465000 51 52 43
0.007998 -0.229348 0.465000 50 52 41
0.009200 -0.229348 0.465000 51 53 42
0.010402 -0.229348 0.465000 53 55 44
0.011604 -0.229348 0.465000 48 50 39
0.012833 -0.229841 0.466000 47 49 40
0.014008 -0.229348 0.465000 46 48 39
0.015210 -0.229348 0.465000 48 49 43
0.016412 -0.229348 0.465000 54 55 49
0.017614 -0.229348 0.465000 47 47 41
0.018816 -0.229348 0.465000 46 46 40
0.019975 -0.228855 0.464000 44 42 34
0.021174 -0.228855 0.464000 44 42 34
0.022277 -0.227868 0.462000 51 52 43
0.023471 -0.227868 0.462000 54 55 46
0.024666 -0.227868 0.462000 43 47 40
0.030571 -0.227375 0.461000 45 53 50
0.031762 -0.227375 0.461000 49 56 50
0.032954 -0.227375 0.461000 56 63 57
0.034146 -0.227375 0.461000 69 70 66
0.035337 -0.227375 0.461000 77 78 74
0.036529 -0.227375 0.461000 88 89 80
0.037721 -0.227375 0.461000 101 102 93
0.038997 -0.227868 0.462000 117 110 100
0.040191 -0.227868 0.462000 129 122 112
0.041385 -0.227868 0.462000 137 129 115
0.042579 -0.227868 0.462000 144 136 122
0.043868 -0.228361 0.463000 150 149 134
-0.166612 -0.223729 0.456000 117 131 91
-0.165433 -0.223729 0.456000 112 126 86
-0.164255 -0.223729 0.456000 93 113 66
-0.163076 -0.223729 0.456000 93 113 66
-0.161897 -0.223729 0.456000 83 110 63
-0.159889 -0.224219 0.457000 80 111 69
-0.158708 -0.224219 0.457000 81 112 70
-0.157871 -0.224710 0.458000 96 113 87
-0.035300 -0.220785 0.450000 98 112 90
-0.034137 -0.220785 0.450000 85 111 71
-0.032974 -0.220785 0.450000 89 115 75
-0.031811 -0.220785 0.450000 86 116 66
-0.030647 -0.220785 0.450000 86 116 66
-0.029484 -0.220785 0.450000 99 121 74
-0.028447 -0.221766 0.452000 121 143 96
-0.027399 -0.222747 0.454000 85 104 64
-0.026341 -0.223729 0.456000 58 77 37
-0.025273 -0.224710 0.458000 55 64 46
-0.023005 -0.225691 0.460000 50 52 41
-0.021910 -0.226672 0.462000 51 53 42
-0.020761 -0.227163 0.463000 50 52 39
-0.019649 -0.228144 0.465000 52 54 41
-0.018486 -0.228635 0.466000 55 57 44
-0.017282 -0.228635 0.466000 57 59 46
-0.016077 -0.228635 0.466000 56 61 51
-0.014873 -0.228635 0.466000 57 62 52
-0.013668 -0.228635 0.466000 51 58 50
-0.012463 -0.228635 0.466000 49 56 48
-0.011259 -0.228635 0.466000 47 54 48
-0.010033 -0.228144 0.465000 48 55 49
-0.008831 -0.228144 0.465000 50 57 51
-0.007629 -0.228144 0.465000 50 57 51
-0.006427 -0.228144 0.465000 51 55 50
-0.005213 -0.227654 0.464000 50 54 49
-0.004014 -0.227654 0.464000 51 55 50
-0.002814 -0.227654 0.464000 49 53 48
-0.001615 -0.227654 0.464000 49 53 48
-0.000416 -0.227654 0.464000 48 52 47
0.000784 -0.227654 0.464000 50 53 52
0.001983 -0.227654 0.464000 51 54 53
0.003183 -0.227654 0.464000 52 55 54
0.004382 -0.227654 0.464000 49 52 51
0.005582 -0.227654 0.464000 48 52 47
0.006781 -0.227654 0.464000 49 53 48
0.007980 -0.227654 0.464000 46 53 47
0.009180 -0.227654 0.464000 47 54 48
0.010379 -0.227654 0.464000 47 56 49
0.011604 -0.228144 0.465000 47 56 49
0.012806 -0.228144 0.465000 46 55 48
0.013978 -0.227654 0.464000 47 56 49
0.015177 -0.227654 0.464000 45 54 47
0.016376 -0.227654 0.464000 49 58 51
0.017576 -0.227654 0.464000 46 53 47
0.018735 -0.227163 0.463000 47 54 48
0.019889 -0.226672 0.462000 48 52 47
0.021083 -0.226672 0.462000 48 52 47
0.022229 -0.226182 0.461000 48 55 47
0.023421 -0.226182 0.461000 50 57 49
0.024612 -0.226182 0.461000 48 57 48
0.025804 -0.226182 0.461000 50 59 50
0.026937 -0.225691 0.460000 48 57 50
0.028126 -0.225691 0.460000 49 58 51
0.029251 -0.225200 0.459000 46 54 53
0.030438 -0.225200 0.459000 47 55 54
0.031693 -0.225691 0.460000 48 56 53
0.032882 -0.225691 0.460000 45 53 50
0.034072 -0.225691 0.460000 52 56 51
0.035261 -0.225691 0.460000 55 59 54
0.036450 -0.225691 0.460000 59 63 56
0.037721 -0.226182 0.461000 53 57 50
0.038912 -0.226182 0.461000 53 54 45
0.040104 -0.226182 0.461000 51 52 43
0.041385 -0.226672 0.462000 47 48 39
0.042579 -0.226672 0.462000 49 50 41
0.043774 -0.226672 0.462000 51 53 44
0.044968 -0.226672 0.462000 55 57 48
0.046162 -0.226672 0.462000 60 62 51
0.047459 -0.227163 0.463000 64 66 55
0.048656 -0.227163 0.463000 65 70 58
0.049853 -0.227163 0.463000 80 85 73
0.051160 -0.227654 0.464000 96 97 86
0.052359 -0.227654 0.464000 106 107 96
0.053674 -0.228144 0.465000 122 116 103
0.056199 -0.228635 0.466000 136 129 112
0.057403 -0.228635 0.466000 143 136 119
0.098360 -0.228635 0.466000 138 132 117
0.099564 -0.228635 0.466000 135 129 114
0.100769 -0.228635 0.466000 136 130 115
0.101973 -0.228635 0.466000 131 124 114
0.103178 -0.228635 0.466000 129 122 112
0.104383 -0.228635 0.466000 128 121 111
0.105587 -0.228635 0.466000 123 116 106
0.106792 -0.228635 0.466000 125 121 110
0.107996 -0.228635 0.466000 126 122 111
0.109201 -0.228635 0.466000 126 122 111
0.110406 -0.228635 0.466000 125 121 110
0.111610 -0.228635 0.466000 132 130 118
0.112815 -0.228635 0.466000 132 130 118
-0.166612 -0.222548 0.456000 109 126 85
-0.165433 -0.222548 0.456000 101 118 77
-0.164255 -0.222548 0.456000 91 113 66
-0.163076 -0.222548 0.456000 90 112 65
-0.161897 -0.222548 0.456000 84 109 63
-0.161071 -0.223036 0.457000 84 109 63
-0.159889 -0.223036 0.457000 83 106 72
-0.159055 -0.223524 0.458000 98 121 87
-0.037710 -0.220108 0.451000 109 112 96
-0.036463 -0.219620 0.450000 81 94 77
-0.035300 -0.219620 0.450000 60 73 56
-0.034137 -0.219620 0.450000 78 100 69
-0.032974 -0.219620 0.450000 88 110 79
-0.031811 -0.219620 0.450000 88 115 66
-0.030647 -0.219620 0.450000 87 114 65
-0.029484 -0.219620 0.450000 88 114 63
-0.028321 -0.219620 0.450000 98 124 73
-0.027278 -0.220596 0.452000 111 130 88
-0.026225 -0.221572 0.454000 47 66 24
-0.024089 -0.223524 0.458000 43 59 36
-0.021863 -0.224988 0.461000 48 61 46
-0.020716 -0.225476 0.462000 48 58 46
-0.019564 -0.225964 0.463000 46 56 44
-0.018447 -0.226941 0.465000 47 56 47
-0.017282 -0.227429 0.466000 46 55 46
-0.016077 -0.227429 0.466000 47 56 49
-0.014873 -0.227429 0.466000 46 55 48
-0.013639 -0.226941 0.465000 46 57 55
-0.012437 -0.226941 0.465000 44 55 53
-0.011235 -0.226941 0.465000 43 54 52
-0.010011 -0.226452 0.464000 41 52 50
-0.008812 -0.226452 0.464000 47 55 54
-0.007612 -0.226452 0.464000 45 53 52
-0.006413 -0.226452 0.464000 47 55 52
-0.005213 -0.226452 0.464000 47 55 52
-0.004014 -0.226452 0.464000 46 54 51
-0.002814 -0.226452 0.464000 45 53 50
-0.001615 -0.226452 0.464000 46 54 51
-0.000416 -0.226452 0.464000 47 55 52
0.000782 -0.225964 0.463000 46 54 53
0.001979 -0.225964 0.463000 46 54 53
0.003176 -0.225964 0.463000 46 54 51
0.004382 -0.226452 0.464000 45 53 50
0.005582 -0.226452 0.464000 46 52 50
0.006781 -0.226452 0.464000 43 49 47
0.007980 -0.226452 0.464000 42 50 47
0.009180 -0.226452 0.464000 45 53 50
0.010379 -0.226452 0.464000 45 53 50
0.011579 -0.226452 0.464000 45 53 50
0.012778 -0.226452 0.464000 41 52 48
0.013978 -0.226452 0.464000 43 54 50
0.015144 -0.225964 0.463000 40 51 47
0.016341 -0.225964 0.463000 41 52 48
0.017500 -0.225476 0.462000 42 50 47
0.018694 -0.225476 0.462000 41 49 46
0.019889 -0.225476 0.462000 42 50 47
0.021037 -0.224988 0.461000 42 50 47
0.022229 -0.224988 0.461000 44 51 45
0.023421 -0.224988 0.461000 46 53 47
0.024559 -0.224500 0.460000 46 55 48
0.025748 -0.224500 0.460000 45 54 47
0.026878 -0.224012 0.459000 46 55 48
0.028004 -0.223524 0.458000 47 56 49
0.029188 -0.223524 0.458000 45 53 50
0.030372 -0.223524 0.458000 45 53 50
0.031556 -0.223524 0.458000 47 55 52
0.032811 -0.224012 0.459000 48 56 53
0.033997 -0.224012 0.459000 46 54 51
0.035184 -0.224012 0.459000 45 53 50
0.036450 -0.224500 0.460000 49 55 53
0.037639 -0.224500 0.460000 48 54 52
0.038912 -0.224988 0.461000 49 56 50
0.040104 -0.224988 0.461000 48 55 49
0.041296 -0.224988 0.461000 49 56 50
0.042487 -0.224988 0.461000 48 55 49
0.043774 -0.225476 0.462000 47 54 46
0.044968 -0.225476 0.462000 49 56 48
0.046162 -0.225476 0.462000 50 58 47
0.047356 -0.225476 0.462000 50 58 47
0.048551 -0.225476 0.462000 56 61 49
0.049745 -0.225476 0.462000 51 56 44
0.051050 -0.225964 0.463000 49 54 44
0.052246 -0.225964 0.463000 52 57 47
0.053559 -0.226452 0.464000 54 55 44
0.054876 -0.226941 0.465000 51 52 41
0.057403 -0.227429 0.466000 58 54 43
0.058608 -0.227429 0.466000 57 53 42
0.059812 -0.227429 0.466000 57 53 42
0.061017 -0.227429 0.466000 58 54 47
0.063562 -0.227917 0.467000 67 64 59
0.064770 -0.227917 0.467000 67 64 59
0.065977 -0.227917 0.467000 65 65 59
0.067184 -0.227917 0.467000 66 66 60
0.068391 -0.227917 0.467000 65 65 59
0.069598 -0.227917 0.467000 66 66 60
0.070805 -0.227917 0.467000 65 66 57
0.072013 -0.227917 0.467000 67 68 59
0.073220 -0.227917 0.467000 69 70 61
0.074427 -0.227917 0.467000 70 71 62
0.075634 -0.227917 0.467000 70 71 62
0.076841 -0.227917 0.467000 70 71 62
0.078049 -0.227917 0.467000 72 73 64
0.079086 -0.227429 0.466000 69 70 61
0.080291 -0.227429 0.466000 68 69 60
0.081495 -0.227429 0.466000 66 67 58
0.082700 -0.227429 0.466000 65 66 55
0.083904 -0.227429 0.466000 61 62 51
0.085109 -0.227429 0.466000 64 62 52
0.086314 -0.227429 0.466000 69 67 57
0.087518 -0.227429 0.466000 68 64 53
0.088723 -0.227429 0.466000 65 61 50
0.089927 -0.227429 0.466000 68 62 49
0.091132 -0.227429 0.466000 68 62 49
0.092337 -0.227429 0.466000 71 65 52
0.093742 -0.227917 0.467000 73 67 54
0.094949 -0.227917 0.467000 74 68 55
0.096156 -0.227917 0.467000 74 68 55
0.097155 -0.227429 0.466000 71 67 56
0.098360 -0.227429 0.466000 70 66 55
0.099564 -0.227429 0.466000 69 65 56
0.100769 -0.227429 0.466000 72 68 59
0.101973 -0.227429 0.466000 75 71 62
0.103178 -0.227429 0.466000 76 72 63
0.104383 -0.227429 0.466000 79 75 68
0.105361 -0.226941 0.465000 84 80 73
0.106563 -0.226941 0.465000 78 74 65
0.107765 -0.226941 0.465000 80 76 67
0.108967 -0.226941 0.465000 83 81 71
0.110169 -0.226941 0.465000 78 76 66
0.111371 -0.226941 0.465000 78 76 64
0.112573 -0.226941 0.465000 86 84 72
0.113775 -0.226941 0.465000 85 83 75
0.114977 -0.226941 0.465000 84 82 74
0.115929 -0.226452 0.464000 87 83 76
0.117128 -0.226452 0.464000 86 82 75
0.118328 -0.226452 0.464000 89 82 74
0.119527 -0.226452 0.464000 93 86 78
0.120727 -0.226452 0.464000 91 82 73
0.121926 -0.226452 0.464000 94 85 76
0.123125 -0.226452 0.464000 93 87 74
0.124325 -0.226452 0.464000 89 83 70
0.125524 -0.226452 0.464000 94 87 77
0.126724 -0.226452 0.464000 94 87 77
0.127923 -0.226452 0.464000 93 89 78
0.129123 -0.226452 0.464000 97 93 82
0.130322 -0.226452 0.464000 96 94 84
-0.167423 -0.220882 0.455000 115 121 86
-0.165433 -0.221368 0.456000 93 115 70
-0.164255 -0.221368 0.456000 90 115 69
-0.163076 -0.221368 0.456000 89 114 68
-0.162252 -0.221853 0.457000 84 108 65
-0.161071 -0.221853 0.457000 81 105 62
-0.160239 -0.222339 0.458000 99 116 88
-0.045498 -0.222824 0.459000 113 112 95
-0.044119 -0.221853 0.457000 97 99 86
-0.042843 -0.221368 0.456000 80 82 69
-0.041665 -0.221368 0.456000 60 62 51
-0.040397 -0.220882 0.455000 50 52 41
-0.039135 -0.220397 0.454000 39 49 37
-0.037794 -0.219426 0.452000 34 44 32
-0.036545 -0.218940 0.451000 37 50 37
-0.035300 -0.218455 0.450000 37 50 37
-0.034137 -0.218455 0.450000 43 61 40
-0.032974 -0.218455 0.450000 87 105 84
-0.031740 -0.217970 0.449000 89 113 70
-0.029484 -0.218455 0.450000 87 115 63
-0.028321 -0.218455 0.450000 89 117 65
-0.027158 -0.218455 0.450000 109 134 86
-0.026110 -0.219426 0.452000 95 120 72
-0.025107 -0.220882 0.455000 42 59 31
-0.021816 -0.223310 0.460000 43 58 42
-0.020671 -0.223795 0.461000 43 55 45
-0.019564 -0.224766 0.463000 41 53 43
-0.018407 -0.225251 0.464000 44 55 51
-0.017245 -0.225737 0.465000 44 55 51
-0.016043 -0.225737 0.465000 47 55 52
-0.014841 -0.225737 0.465000 43 51 48
-0.013609 -0.225251 0.464000 45 56 56
-0.012410 -0.225251 0.464000 43 54 54
-0.011210 -0.225251 0.464000 40 52 54
-0.010011 -0.225251 0.464000 40 52 54
-0.008812 -0.225251 0.464000 43 55 57
-0.007612 -0.225251 0.464000 42 54 56
-0.006413 -0.225251 0.464000 44 54 57
-0.005202 -0.224766 0.463000 43 53 56
-0.004005 -0.224766 0.463000 41 52 52
-0.002808 -0.224766 0.463000 41 52 52
-0.001612 -0.224766 0.463000 43 56 55
-0.000415 -0.224766 0.463000 44 57 56
0.000782 -0.224766 0.463000 43 55 57
0.001979 -0.224766 0.463000 44 56 58
0.003176 -0.224766 0.463000 44 56 58
0.004373 -0.224766 0.463000 43 55 57
0.005569 -0.224766 0.463000 43 54 54
0.006766 -0.224766 0.463000 39 50 50
0.007963 -0.224766 0.463000 43 54 54
0.009160 -0.224766 0.463000 44 55 55
0.010357 -0.224766 0.463000 43 56 55
0.011554 -0.224766 0.463000 43 56 55
0.012751 -0.224766 0.463000 40 53 52
0.013947 -0.224766 0.463000 42 55 54
0.015144 -0.224766 0.463000 43 56 55
0.016306 -0.224281 0.462000 43 56 55
0.017500 -0.224281 0.462000 40 53 52
0.018694 -0.224281 0.462000 39 52 51
0.019846 -0.223795 0.461000 43 54 54
0.021037 -0.223795 0.461000 43 54 54
0.022229 -0.223795 0.461000 45 53 52
0.023421 -0.223795 0.461000 45 53 52
0.024559 -0.223310 0.460000 45 53 52
0.025692 -0.222824 0.459000 45 53 52
0.026878 -0.222824 0.459000 45 56 54
0.028004 -0.222339 0.458000 45 56 54
0.029188 -0.222339 0.458000 43 54 54
0.030372 -0.222339 0.458000 43 54 54
0.031556 -0.222339 0.458000 44 55 55
0.032739 -0.222339 0.458000 44 55 55
0.033997 -0.222824 0.459000 43 54 54
0.035184 -0.222824 0.459000 43 54 54
0.036450 -0.223310 0.460000 46 54 53
0.037639 -0.223310 0.460000 46 54 53
0.038912 -0.223795 0.461000 46 54 53
0.040104 -0.223795 0.461000 46 54 53
0.041296 -0.223795 0.461000 45 53 52
0.042487 -0.223795 0.461000 45 53 52
0.043679 -0.223795 0.461000 45 54 47
0.044871 -0.223795 0.461000 45 54 47
0.046162 -0.224281 0.462000 48 57 50
0.047356 -0.224281 0.462000 47 56 49
0.048551 -0.224281 0.462000 47 54 46
0.049745 -0.224281 0.462000 48 55 47
0.050939 -0.224281 0.462000 50 59 50
0.052246 -0.224766 0.463000 49 58 49
0.053443 -0.224766 0.463000 52 61 52
0.054758 -0.225251 0.464000 50 59 50
0.055957 -0.225251 0.464000 54 62 51
0.057280 -0.225737 0.465000 53 61 50
0.058608 -0.226222 0.466000 48 56 45
0.059812 -0.226222 0.466000 50 58 47
0.061017 -0.226222 0.466000 47 54 46
0.062222 -0.226222 0.466000 49 56 48
0.063426 -0.226222 0.466000 53 60 54
0.064631 -0.226222 0.466000 57 64 58
0.067184 -0.226708 0.467000 50 56 54
0.068391 -0.226708 0.467000 48 54 52
0.069598 -0.226708 0.467000 48 54 52
0.070805 -0.226708 0.467000 49 56 50
0.072013 -0.226708 0.467000 58 65 59
0.073220 -0.226708 0.467000 53 60 54
0.074427 -0.226708 0.467000 54 61 55
0.075472 -0.226222 0.466000 55 62 56
0.076677 -0.226222 0.466000 54 61 55
0.077881 -0.226222 0.466000 54 61 55
0.079086 -0.226222 0.466000 55 62 56
0.080291 -0.226222 0.466000 55 62 56
0.081495 -0.226222 0.466000 61 68 62
0.082700 -0.226222 0.466000 56 63 57
0.083904 -0.226222 0.466000 60 67 61
0.085109 -0.226222 0.466000 58 65 59
0.086314 -0.226222 0.466000 60 67 61
0.087518 -0.226222 0.466000 63 70 62
0.088723 -0.226222 0.466000 65 72 64
0.089927 -0.226222 0.466000 71 73 64
0.091132 -0.226222 0.466000 71 73 64
0.092337 -0.226222 0.466000 72 74 63
0.093541 -0.226222 0.466000 74 76 65
0.094746 -0.226222 0.466000 75 76 65
0.095950 -0.226222 0.466000 75 76 65
0.097155 -0.226222 0.466000 74 76 67
0.098360 -0.226222 0.466000 76 78 69
0.099564 -0.226222 0.466000 77 78 72
0.100769 -0.226222 0.466000 77 78 72
0.101973 -0.226222 0.466000 75 76 70
0.102957 -0.225737 0.465000 79 80 74
0.104159 -0.225737 0.465000 77 78 72
0.105361 -0.225737 0.465000 81 82 76
0.106333 -0.225251 0.464000 74 75 69
0.107533 -0.225251 0.464000 71 72 66
0.108732 -0.225251 0.464000 77 78 72
0.109932 -0.225251 0.464000 80 81 75
0.111131 -0.225251 0.464000 79 84 74
0.112331 -0.225251 0.464000 81 86 76
0.113530 -0.225251 0.464000 88 89 83
0.114729 -0.225251 0.464000 87 88 82
0.115929 -0.225251 0.464000 89 89 83
0.117128 -0.225251 0.464000 90 90 84
0.118328 -0.225251 0.464000 89 86 81
0.119270 -0.224766 0.463000 86 83 78
0.120466 -0.224766 0.463000 85 82 77
0.121663 -0.224766 0.463000 83 80 75
0.122860 -0.224766 0.463000 84 85 76
0.124057 -0.224766 0.463000 90 91 82
0.125254 -0.224766 0.463000 84 86 77
0.126451 -0.224766 0.463000 84 86 77
0.127648 -0.224766 0.463000 89 91 82
0.128844 -0.224766 0.463000 79 81 72
0.130041 -0.224766 0.463000 73 75 66
0.131238 -0.224766 0.463000 68 70 61
0.132435 -0.224766 0.463000 72 70 62
0.133920 -0.225251 0.464000 79 77 69
0.134829 -0.224766 0.463000 80 77 72
0.136025 -0.224766 0.463000 82 79 74
0.137222 -0.224766 0.463000 90 88 80
0.138718 -0.225251 0.464000 103 101 93
0.139616 -0.224766 0.463000 108 109 98
0.140813 -0.224766 0.463000 117 118 107
-0.167423 -0.219705 0.455000 96 108 69
-0.165433 -0.220187 0.456000 90 115 67
-0.164255 -0.220187 0.456000 89 116 67
-0.163076 -0.220187 0.456000 87 114 65
-0.162252 -0.220670 0.457000 83 107 68
-0.161423 -0.221153 0.458000 79 103 64
-0.050463 -0.222602 0.461000 112 113 100
-0.049272 -0.222602 0.461000 83 85 72
-0.048080 -0.222602 0.461000 61 63 50
-0.046787 -0.222119 0.460000 45 50 36
-0.045597 -0.222119 0.460000 39 44 30
-0.044119 -0.220670 0.457000 36 46 34
-0.042843 -0.220187 0.456000 36 46 34
-0.041665 -0.220187 0.456000 35 49 40
-0.040397 -0.219705 0.455000 40 54 45
-0.039135 -0.219222 0.454000 43 57 46
-0.037878 -0.218739 0.453000 40 54 43
-0.036545 -0.217773 0.451000 42 56 45
-0.035300 -0.217290 0.450000 43 57 46
-0.034137 -0.217290 0.450000 36 51 37
-0.032974 -0.217290 0.450000 54 69 55
-0.031740 -0.216807 0.449000 92 116 77
-0.029484 -0.217290 0.450000 86 112 61
-0.028321 -0.217290 0.450000 90 116 65
-0.027158 -0.217290 0.450000 98 124 73
-0.026052 -0.217773 0.451000 107 133 82
-0.025052 -0.219222 0.454000 78 97 59
-0.022905 -0.221153 0.458000 42 56 45
-0.020671 -0.222602 0.461000 42 55 52
-0.019522 -0.223085 0.462000 40 53 50
-0.018407 -0.224050 0.464000 40 53 52
-0.017208 -0.224050 0.464000 42 55 54
-0.016008 -0.224050 0.464000 45 53 54
-0.014809 -0.224050 0.464000 45 53 54
-0.013609 -0.224050 0.464000 46 52 54
-0.012383 -0.223567 0.463000 44 50 52
-0.011186 -0.223567 0.463000 45 53 54
-0.009989 -0.223567 0.463000 39 47 48
-0.008793 -0.223567 0.463000 41 48 52
-0.007596 -0.223567 0.463000 41 48 52
-0.006399 -0.223567 0.463000 39 49 52
-0.005202 -0.223567 0.463000 39 49 52
-0.004005 -0.223567 0.463000 40 50 53
-0.002808 -0.223567 0.463000 37 47 50
-0.001612 -0.223567 0.463000 38 50 52
-0.000415 -0.223567 0.463000 39 51 53
0.000780 -0.223085 0.462000 36 50 52
0.001979 -0.223567 0.463000 36 50 52
0.003176 -0.223567 0.463000 35 49 51
0.004373 -0.223567 0.463000 35 49 51
0.005569 -0.223567 0.463000 36 51 50
0.006766 -0.223567 0.463000 37 52 51
0.007963 -0.223567 0.463000 38 51 50
0.009160 -0.223567 0.463000 36 49 48
0.010357 -0.223567 0.463000 37 50 49
0.011554 -0.223567 0.463000 38 51 50
0.012751 -0.223567 0.463000 36 49 48
0.013917 -0.223085 0.462000 37 50 49
0.015112 -0.223085 0.462000 37 49 51
0.016306 -0.223085 0.462000 35 47 49
0.017500 -0.223085 0.462000 35 47 49
0.018694 -0.223085 0.462000 36 48 50
0.019846 -0.222602 0.461000 37 47 50
0.021037 -0.222602 0.461000 37 47 50
0.022229 -0.222602 0.461000 39 47 48
0.023370 -0.222119 0.460000 42 50 51
0.024559 -0.222119 0.460000 41 47 47
0.025692 -0.221636 0.459000 41 47 47
0.026878 -0.221636 0.459000 41 47 47
0.028065 -0.221636 0.459000 44 50 50
0.029188 -0.221153 0.458000 47 53 53
0.030372 -0.221153 0.458000 40 46 46
0.033997 -0.221636 0.459000 47 52 57
0.035184 -0.221636 0.459000 47 52 57
0.036450 -0.222119 0.460000 42 49 53
0.037639 -0.222119 0.460000 42 49 53
0.038912 -0.222602 0.461000 43 50 54
0.040104 -0.222602 0.461000 43 50 54
0.041296 -0.222602 0.461000 43 53 56
0.042487 -0.222602 0.461000 43 53 56
0.043679 -0.222602 0.461000 41 51 54
0.044871 -0.222602 0.461000 41 51 54
0.046062 -0.222602 0.461000 43 54 52
0.047254 -0.222602 0.461000 44 55 53
0.048446 -0.222602 0.461000 45 53 52
0.049637 -0.222602 0.461000 45 53 52
0.050939 -0.223085 0.462000 43 51 50
0.052134 -0.223085 0.462000 46 54 53
0.053328 -0.223085 0.462000 47 55 52
0.054640 -0.223567 0.463000 45 53 50
0.055837 -0.223567 0.463000 45 57 49
0.057157 -0.224050 0.464000 45 57 49
0.058356 -0.224050 0.464000 46 58 48
0.059684 -0.224533 0.465000 45 57 47
0.060886 -0.224533 0.465000 47 59 49
0.062222 -0.225016 0.466000 48 60 50
0.063426 -0.225016 0.466000 51 63 53
0.064631 -0.225016 0.466000 52 64 54
0.065835 -0.225016 0.466000 50 59 52
0.067040 -0.225016 0.466000 50 59 52
0.068245 -0.225016 0.466000 53 62 55
0.069449 -0.225016 0.466000 53 62 55
0.070654 -0.225016 0.466000 53 62 55
0.071858 -0.225016 0.466000 53 62 55
0.073063 -0.225016 0.466000 53 62 55
0.074268 -0.225016 0.466000 54 63 56
0.075472 -0.225016 0.466000 55 63 60
0.076677 -0.225016 0.466000 55 63 60
0.077881 -0.225016 0.466000 56 65 58
0.079086 -0.225016 0.466000 57 66 59
0.080118 -0.224533 0.465000 58 65 59
0.081320 -0.224533 0.465000 60 67 61
0.082522 -0.224533 0.465000 60 67 61
0.083724 -0.224533 0.465000 60 67 61
0.084926 -0.224533 0.465000 59 68 61
0.086128 -0.224533 0.465000 62 71 64
0.087330 -0.224533 0.465000 62 71 64
0.088723 -0.225016 0.466000 60 69 62
0.089927 -0.225016 0.466000 63 72 65
0.091132 -0.225016 0.466000 66 75 68
0.092337 -0.225016 0.466000 67 74 66
0.093541 -0.225016 0.466000 63 70 62
0.094746 -0.225016 0.466000 68 76 65
0.095950 -0.225016 0.466000 60 68 57
0.097155 -0.225016 0.466000 67 74 66
0.098360 -0.225016 0.466000 63 70 62
0.099564 -0.225016 0.466000 54 63 56
0.100769 -0.225016 0.466000 54 63 56
0.101755 -0.224533 0.465000 50 58 55
0.102957 -0.224533 0.465000 55 63 60
0.103935 -0.224050 0.464000 53 59 57
0.105134 -0.224050 0.464000 47 53 51
0.106333 -0.224050 0.464000 48 54 52
0.107533 -0.224050 0.464000 51 57 55
0.108732 -0.224050 0.464000 56 63 57
0.109932 -0.224050 0.464000 58 65 59
0.110892 -0.223567 0.463000 58 65 59
0.112089 -0.223567 0.463000 58 65 59
0.113285 -0.223567 0.463000 55 62 56
0.114482 -0.223567 0.463000 57 64 58
0.115679 -0.223567 0.463000 59 63 58
0.116876 -0.223567 0.463000 58 62 57
0.118073 -0.223567 0.463000 59 63 58
0.119270 -0.223567 0.463000 59 63 58
0.120466 -0.223567 0.463000 59 62 61
0.121663 -0.223567 0.463000 62 65 64
0.122860 -0.223567 0.463000 60 67 61
0.124057 -0.223567 0.463000 62 69 63
0.125254 -0.223567 0.463000 62 71 64
0.126451 -0.223567 0.463000 67 76 69
0.127648 -0.223567 0.463000 63 70 62
0.128844 -0.223567 0.463000 71 78 70
0.130041 -0.223567 0.463000 77 81 74
0.131238 -0.223567 0.463000 71 75 68
0.132435 -0.223567 0.463000 74 78 71
0.133632 -0.223567 0.463000 81 85 78
0.134829 -0.223567 0.463000 81 85 78
0.136025 -0.223567 0.463000 79 83 76
0.137222 -0.223567 0.463000 80 84 77
0.138419 -0.223567 0.463000 80 84 77
0.139616 -0.223567 0.463000 78 82 75
0.140813 -0.223567 0.463000 73 77 70
0.142010 -0.223567 0.463000 69 73 66
0.143206 -0.223567 0.463000 69 73 66
0.144403 -0.223567 0.463000 73 74 65
0.145600 -0.223567 0.463000 78 79 70
0.146797 -0.223567 0.463000 96 89 79
0.147674 -0.223085 0.462000 113 106 96
0.148868 -0.223085 0.462000 134 133 118
-0.168599 -0.218527 0.455000 101 119 73
-0.167423 -0.218527 0.455000 96 114 68
-0.166247 -0.218527 0.455000 91 119 67
-0.164255 -0.219007 0.456000 86 117 64
-0.163076 -0.219007 0.456000 85 116 63
-0.162252 -0.219487 0.457000 83 106 70
-0.161423 -0.219968 0.458000 117 140 104
-0.055350 -0.221889 0.462000 118 120 102
-0.054155 -0.221889 0.462000 84 86 75
-0.052961 -0.221889 0.462000 64 66 55
-0.051767 -0.221889 0.462000 42 46 41
-0.050463 -0.221408 0.461000 41 45 40
-0.049272 -0.221408 0.461000 40 47 39
-0.048080 -0.221408 0.461000 46 53 45
-0.046888 -0.221408 0.461000 44 52 41
-0.045597 -0.220928 0.460000 44 52 41
-0.044312 -0.220448 0.459000 43 56 43
-0.042937 -0.219487 0.457000 43 56 43
-0.041665 -0.219007 0.456000 38 54 45
-0.040486 -0.219007 0.456000 37 53 44
-0.039221 -0.218527 0.455000 41 57 46
-0.037961 -0.218046 0.454000 40 56 45
-0.036626 -0.217086 0.452000 40 54 43
-0.035379 -0.216606 0.451000 43 57 46
-0.034137 -0.216125 0.450000 43 57 46
-0.032974 -0.216125 0.450000 35 49 38
-0.031811 -0.216125 0.450000 59 77 54
-0.030647 -0.216125 0.450000 97 115 92
-0.029484 -0.216125 0.450000 94 116 71
-0.028321 -0.216125 0.450000 93 115 70
-0.027158 -0.216125 0.450000 93 116 66
-0.025994 -0.216125 0.450000 106 129 79
-0.024997 -0.217566 0.453000 108 129 87
-0.023931 -0.218527 0.455000 44 65 23
-0.021768 -0.220448 0.459000 39 54 40
-0.019480 -0.221408 0.461000 38 51 48
-0.018367 -0.222369 0.463000 38 49 47
-0.017171 -0.222369 0.463000 39 50 48
-0.016008 -0.222849 0.464000 45 48 49
-0.014809 -0.222849 0.464000 51 54 55
-0.013580 -0.222369 0.463000 61 57 58
-0.012383 -0.222369 0.463000 63 59 60
-0.011186 -0.222369 0.463000 69 63 65
-0.009989 -0.222369 0.463000 88 82 84
-0.008793 -0.222369 0.463000 92 89 86
-0.007596 -0.222369 0.463000 101 98 95
-0.006385 -0.221889 0.462000 105 105 105
-0.005191 -0.221889 0.462000 107 107 107
-0.003997 -0.221889 0.462000 104 110 108
-0.002802 -0.221889 0.462000 110 116 114
-0.001608 -0.221889 0.462000 112 120 117
-0.000414 -0.221889 0.462000 112 120 117
0.000780 -0.221889 0.462000 113 121 118
0.001975 -0.221889 0.462000 113 121 118
0.003169 -0.221889 0.462000 114 122 119
0.004363 -0.221889 0.462000 117 125 122
0.005557 -0.221889 0.462000 118 126 123
0.006752 -0.221889 0.462000 118 126 123
0.007946 -0.221889 0.462000 118 124 122
0.009140 -0.221889 0.462000 118 124 122
0.010334 -0.221889 0.462000 118 124 122
0.011529 -0.221889 0.462000 119 125 123
0.012723 -0.221889 0.462000 120 126 124
0.013917 -0.221889 0.462000 118 124 122
0.015112 -0.221889 0.462000 115 121 119
0.016306 -0.221889 0.462000 118 124 122
0.017500 -0.221889 0.462000 116 119 118
0.018694 -0.221889 0.462000 115 118 117
0.019846 -0.221408 0.461000 112 116 111
0.021037 -0.221408 0.461000 110 114 109
0.022229 -0.221408 0.461000 112 113 109
0.023370 -0.220928 0.460000 101 102 98
0.024559 -0.220928 0.460000 94 94 90
0.025748 -0.220928 0.460000 96 96 92
0.026937 -0.220928 0.460000 92 89 86
0.028065 -0.220448 0.459000 84 81 78
0.029251 -0.220448 0.459000 74 71 68
0.030438 -0.220448 0.459000 65 62 59
0.031624 -0.220448 0.459000 63 59 60
0.032811 -0.220448 0.459000 60 56 57
0.033997 -0.220448 0.459000 51 50 52
0.035261 -0.220928 0.460000 48 47 49
0.036450 -0.220928 0.460000 42 48 50
0.037721 -0.221408 0.461000 42 48 50
0.038912 -0.221408 0.461000 42 49 53
0.040104 -0.221408 0.461000 40 47 51
0.041296 -0.221408 0.461000 40 47 53
0.042487 -0.221408 0.461000 40 47 53
0.043679 -0.221408 0.461000 39 46 52
0.044871 -0.221408 0.461000 41 48 54
0.046062 -0.221408 0.461000 44 49 54
0.047254 -0.221408 0.461000 43 48 53
0.048446 -0.221408 0.461000 49 51 57
0.049637 -0.221408 0.461000 48 50 56
0.050829 -0.221408 0.461000 46 52 54
0.052134 -0.221889 0.462000 46 52 54
0.053328 -0.221889 0.462000 46 52 54
0.054522 -0.221889 0.462000 47 53 55
0.055837 -0.222369 0.463000 45 53 54
0.057034 -0.222369 0.463000 43 51 52
0.058356 -0.222849 0.464000 41 52 50
0.059556 -0.222849 0.464000 43 54 52
0.060755 -0.222849 0.464000 43 54 50
0.062088 -0.223330 0.465000 46 57 53
0.063290 -0.223330 0.465000 47 58 54
0.064631 -0.223810 0.466000 46 57 53
0.065835 -0.223810 0.466000 46 57 53
0.067040 -0.223810 0.466000 46 57 53
0.068245 -0.223810 0.466000 50 61 59
0.069449 -0.223810 0.466000 47 58 56
0.070654 -0.223810 0.466000 46 54 53
0.071858 -0.223810 0.466000 48 56 55
0.073063 -0.223810 0.466000 46 54 53
0.074268 -0.223810 0.466000 48 56 55
0.075472 -0.223810 0.466000 48 56 55
0.076677 -0.223810 0.466000 48 56 55
0.077714 -0.223330 0.465000 49 57 56
0.078916 -0.223330 0.465000 48 56 55
0.080118 -0.223330 0.465000 47 55 54
0.081145 -0.222849 0.464000 47 55 54
0.082345 -0.222849 0.464000 46 54 53
0.083544 -0.222849 0.464000 46 54 53
0.084744 -0.222849 0.464000 47 55 56
0.085943 -0.222849 0.464000 48 56 57
0.087143 -0.222849 0.464000 50 58 59
0.088532 -0.223330 0.465000 46 54 55
0.089734 -0.223330 0.465000 45 53 54
0.090936 -0.223330 0.465000 45 53 54
0.092139 -0.223330 0.465000 43 51 50
0.093341 -0.223330 0.465000 40 48 47
0.094543 -0.223330 0.465000 42 50 49
0.095745 -0.223330 0.465000 42 50 49
0.097155 -0.223810 0.466000 41 49 48
0.098149 -0.223330 0.465000 41 49 48
0.099351 -0.223330 0.465000 43 51 52
0.100553 -0.223330 0.465000 42 50 51
0.101755 -0.223330 0.465000 41 49 50
0.102735 -0.222849 0.464000 39 47 48
0.103935 -0.222849 0.464000 43 51 52
0.105134 -0.222849 0.464000 45 53 54
0.106333 -0.222849 0.464000 46 52 54
0.107301 -0.222369 0.463000 44 50 52
0.108498 -0.222369 0.463000 43 49 51
0.109695 -0.222369 0.463000 46 52 54
0.110892 -0.222369 0.463000 44 50 52
0.112089 -0.222369 0.463000 43 49 51
0.113285 -0.222369 0.463000 47 53 53
0.114482 -0.222369 0.463000 47 53 53
0.115679 -0.222369 0.463000 44 50 52
0.116876 -0.222369 0.463000 44 50 52
0.118073 -0.222369 0.463000 48 54 56
0.119270 -0.222369 0.463000 48 54 56
0.120466 -0.222369 0.463000 43 51 52
0.121663 -0.222369 0.463000 45 53 54
0.122860 -0.222369 0.463000 41 51 54
0.124057 -0.222369 0.463000 43 53 56
0.125254 -0.222369 0.463000 44 55 55
0.126451 -0.222369 0.463000 45 56 56
0.127372 -0.221889 0.462000 43 51 48
0.128566 -0.221889 0.462000 46 54 51
0.129760 -0.221889 0.462000 43 50 44
0.130955 -0.221889 0.462000 49 56 50
0.133343 -0.221889 0.462000 53 60 54
0.134537 -0.221889 0.462000 50 57 51
0.135732 -0.221889 0.462000 57 64 58
0.138419 -0.222369 0.463000 65 71 69
0.139616 -0.222369 0.463000 66 69 68
0.140509 -0.221889 0.462000 70 73 72
0.141703 -0.221889 0.462000 63 67 62
0.142897 -0.221889 0.462000 65 69 64
0.144091 -0.221889 0.462000 62 66 61
0.145286 -0.221889 0.462000 56 60 55
0.146480 -0.221889 0.462000 52 53 47
0.147674 -0.221889 0.462000 51 52 46
0.148868 -0.221889 0.462000 51 52 46
0.150063 -0.221889 0.462000 59 60 54
0.151257 -0.221889 0.462000 66 67 63
0.152451 -0.221889 0.462000 76 77 73
0.153313 -0.221408 0.461000 96 96 90
0.154505 -0.221408 0.461000 113 113 107
0.155696 -0.221408 0.461000 134 132 122
-0.168228 -0.216871 0.454000 95 116 66
-0.167423 -0.217349 0.455000 97 118 68
-0.166247 -0.217349 0.455000 92 118 67
-0.164255 -0.217827 0.456000 87 115 63
-0.163076 -0.217827 0.456000 82 110 58
-0.162252 -0.218304 0.457000 90 108 75
-0.058933 -0.220693 0.462000 116 119 103
-0.057738 -0.220693 0.462000 90 93 77
-0.056544 -0.220693 0.462000 54 56 47
-0.055350 -0.220693 0.462000 43 45 36
-0.054155 -0.220693 0.462000 44 48 41
-0.052961 -0.220693 0.462000 45 49 42
-0.051655 -0.220215 0.461000 44 48 43
-0.050463 -0.220215 0.461000 48 52 47
-0.049272 -0.220215 0.461000 49 56 48
-0.048080 -0.220215 0.461000 49 56 48
-0.046888 -0.220215 0.461000 47 56 47
-0.045597 -0.219737 0.460000 45 54 45
-0.044312 -0.219260 0.459000 40 54 43
-0.042937 -0.218304 0.457000 40 54 43
-0.041756 -0.218304 0.457000 39 53 44
-0.040486 -0.217827 0.456000 39 53 44
-0.039221 -0.217349 0.455000 39 53 44
-0.037961 -0.216871 0.454000 40 54 45
-0.036707 -0.216394 0.453000 41 53 45
-0.035457 -0.215916 0.452000 43 55 47
-0.034213 -0.215438 0.451000 43 55 47
-0.032974 -0.214961 0.450000 39 51 43
-0.031811 -0.214961 0.450000 32 47 31
-0.030647 -0.214961 0.450000 86 101 85
-0.029484 -0.214961 0.450000 99 118 80
-0.028321 -0.214961 0.450000 97 116 78
-0.027158 -0.214961 0.450000 92 115 65
-0.025994 -0.214961 0.450000 97 120 70
-0.024941 -0.215916 0.452000 112 134 89
-0.023931 -0.217349 0.455000 98 120 75
-0.019480 -0.220215 0.461000 86 95 86
-0.018328 -0.220693 0.462000 102 106 101
-0.017171 -0.221170 0.463000 109 113 108
-0.015974 -0.221170 0.463000 120 120 116
-0.014777 -0.221170 0.463000 130 130 126
-0.013580 -0.221170 0.463000 135 132 127
-0.012383 -0.221170 0.463000 141 138 133
-0.011162 -0.220693 0.462000 146 142 133
0.029315 -0.219737 0.460000 156 152 145
0.030504 -0.219737 0.460000 155 151 144
0.031693 -0.219737 0.460000 151 147 140
0.032882 -0.219737 0.460000 146 142 135
0.034072 -0.219737 0.460000 141 141 135
0.035337 -0.220215 0.461000 131 131 125
0.036529 -0.220215 0.461000 123 124 120
0.037721 -0.220215 0.461000 111 112 108
0.038912 -0.220215 0.461000 101 104 105
0.040104 -0.220215 0.461000 94 97 98
0.041296 -0.220215 0.461000 82 85 88
0.042487 -0.220215 0.461000 75 78 81
0.043679 -0.220215 0.461000 69 69 73
0.044871 -0.220215 0.461000 65 65 69
0.046062 -0.220215 0.461000 62 58 61
0.047254 -0.220215 0.461000 56 52 55
0.048446 -0.220215 0.461000 53 49 54
0.049637 -0.220215 0.461000 51 47 52
0.050829 -0.220215 0.461000 47 45 52
0.052021 -0.220215 0.461000 45 43 50
0.053328 -0.220693 0.462000 43 45 51
0.054522 -0.220693 0.462000 43 45 51
0.055716 -0.220693 0.462000 40 46 48
0.057034 -0.221170 0.463000 40 46 48
0.058231 -0.221170 0.463000 39 47 48
0.059556 -0.221648 0.464000 40 48 49
0.060755 -0.221648 0.464000 39 47 46
0.061955 -0.221648 0.464000 40 48 47
0.063154 -0.221648 0.464000 41 49 48
0.064492 -0.222126 0.465000 40 48 47
0.065835 -0.222604 0.466000 40 48 49
0.067040 -0.222604 0.466000 40 48 49
0.068245 -0.222604 0.466000 42 50 51
0.069449 -0.222604 0.466000 41 49 50
0.070654 -0.222604 0.466000 43 49 51
0.071858 -0.222604 0.466000 44 50 52
0.073063 -0.222604 0.466000 43 48 53
0.074108 -0.222126 0.465000 43 48 53
0.075310 -0.222126 0.465000 43 48 53
0.076512 -0.222126 0.465000 42 47 52
0.077714 -0.222126 0.465000 42 47 52
0.078747 -0.221648 0.464000 43 48 53
0.079946 -0.221648 0.464000 43 48 53
0.081145 -0.221648 0.464000 43 48 53
0.082345 -0.221648 0.464000 41 48 52
0.083544 -0.221648 0.464000 40 47 51
0.084744 -0.221648 0.464000 41 48 52
0.085943 -0.221648 0.464000 41 48 52
0.087143 -0.221648 0.464000 42 49 53
0.088342 -0.221648 0.464000 43 50 54
0.089541 -0.221648 0.464000 45 53 54
0.090741 -0.221648 0.464000 43 51 52
0.091940 -0.221648 0.464000 43 51 52
0.093341 -0.222126 0.465000 41 49 50
0.094543 -0.222126 0.465000 42 50 51
0.095745 -0.222126 0.465000 43 51 52
0.096947 -0.222126 0.465000 42 48 50
0.098149 -0.222126 0.465000 43 49 51
0.099351 -0.222126 0.465000 44 50 52
0.100553 -0.222126 0.465000 43 49 51
0.101755 -0.222126 0.465000 41 47 49
0.102735 -0.221648 0.464000 41 47 49
0.103935 -0.221648 0.464000 42 48 50
0.105134 -0.221648 0.464000 42 48 50
0.106333 -0.221648 0.464000 45 48 49
0.107301 -0.221170 0.463000 43 46 47
0.108498 -0.221170 0.463000 44 47 48
0.109695 -0.221170 0.463000 44 47 48
0.110892 -0.221170 0.463000 48 51 52
0.112089 -0.221170 0.463000 45 48 49
0.113285 -0.221170 0.463000 46 49 50
0.114482 -0.221170 0.463000 48 51 52
0.115679 -0.221170 0.463000 44 50 50
0.116876 -0.221170 0.463000 44 50 50
0.118073 -0.221170 0.463000 44 50 52
0.119270 -0.221170 0.463000 44 50 52
0.120466 -0.221170 0.463000 42 49 53
0.121663 -0.221170 0.463000 43 50 54
0.122860 -0.221170 0.463000 43 50 54
0.124057 -0.221170 0.463000 41 48 52
0.125254 -0.221170 0.463000 43 51 52
0.126451 -0.221170 0.463000 46 54 55
0.127648 -0.221170 0.463000 41 49 48
0.128844 -0.221170 0.463000 43 51 50
0.129760 -0.220693 0.462000 46 52 50
0.130955 -0.220693 0.462000 44 50 48
0.132149 -0.220693 0.462000 46 52 50
0.133343 -0.220693 0.462000 48 54 52
0.134537 -0.220693 0.462000 47 53 51
0.135732 -0.220693 0.462000 46 52 50
0.136926 -0.220693 0.462000 44 50 50
0.138120 -0.220693 0.462000 47 53 53
0.139314 -0.220693 0.462000 47 53 53
0.140509 -0.220693 0.462000 49 55 55
0.141703 -0.220693 0.462000 50 56 56
0.142897 -0.220693 0.462000 49 55 55
0.144091 -0.220693 0.462000 54 60 58
0.145286 -0.220693 0.462000 53 59 57
0.146480 -0.220693 0.462000 49 56 50
0.147674 -0.220693 0.462000 48 55 49
0.148868 -0.220693 0.462000 49 53 48
0.150063 -0.220693 0.462000 46 50 45
0.151257 -0.220693 0.462000 48 52 47
0.152121 -0.220215 0.461000 44 48 43
0.153313 -0.220215 0.461000 44 48 43
0.154505 -0.220215 0.461000 50 54 49
0.155696 -0.220215 0.461000 53 54 48
0.156888 -0.220215 0.461000 61 62 56
0.158080 -0.220215 0.461000 78 76 66
0.159271 -0.220215 0.461000 97 95 85
0.160463 -0.220215 0.461000 118 114 103
0.161655 -0.220215 0.461000 136 132 121
0.162846 -0.220215 0.461000 157 153 142
-0.169029 -0.215221 0.453000 100 110 69
-0.167858 -0.215221 0.453000 93 116 66
-0.167055 -0.215696 0.454000 95 118 68
-0.166247 -0.216171 0.455000 93 116 66
-0.164255 -0.216646 0.456000 84 109 61
-0.163076 -0.216646 0.456000 81 106 58
-0.162252 -0.217121 0.457000 111 127 95
-0.061321 -0.219497 0.462000 87 86 71
-0.060127 -0.219497 0.462000 64 63 48
-0.058933 -0.219497 0.462000 44 49 37
-0.057738 -0.219497 0.462000 41 46 34
-0.056544 -0.219497 0.462000 44 48 41
-0.055230 -0.219022 0.461000 49 53 46
-0.054038 -0.219022 0.461000 49 53 48
-0.052847 -0.219022 0.461000 49 53 48
-0.051655 -0.219022 0.461000 47 54 48
-0.050463 -0.219022 0.461000 47 54 48
-0.049272 -0.219022 0.461000 46 53 47
-0.048080 -0.219022 0.461000 49 56 50
-0.046787 -0.218547 0.460000 46 53 47
-0.045597 -0.218547 0.460000 43 50 44
-0.044312 -0.218072 0.459000 41 53 45
-0.043031 -0.217597 0.458000 43 55 47
-0.041756 -0.217121 0.457000 41 53 45
-0.040486 -0.216646 0.456000 43 55 47
-0.039307 -0.216646 0.456000 41 53 45
-0.038045 -0.216171 0.455000 40 52 44
-0.036788 -0.215696 0.454000 44 51 45
-0.035536 -0.215221 0.453000 42 49 43
-0.034289 -0.214746 0.452000 44 51 45
-0.033047 -0.214271 0.451000 44 51 45
-0.031811 -0.213796 0.450000 45 55 43
-0.030647 -0.213796 0.450000 75 85 73
-0.029484 -0.213796 0.450000 93 109 77
-0.028321 -0.213796 0.450000 97 113 81
-0.027158 -0.213796 0.450000 94 114 69
-0.025994 -0.213796 0.450000 95 115 70
-0.024886 -0.214271 0.451000 101 123 76
-0.021673 -0.217121 0.457000 120 137 107
0.042487 -0.219022 0.461000 151 152 146
0.043679 -0.219022 0.461000 153 153 147
0.044871 -0.219022 0.461000 151 151 145
0.046062 -0.219022 0.461000 146 146 140
0.047254 -0.219022 0.461000 140 140 134
0.048446 -0.219022 0.461000 132 128 129
0.049637 -0.219022 0.461000 128 124 125
0.050829 -0.219022 0.461000 112 112 114
0.052021 -0.219022 0.461000 104 104 106
0.053328 -0.219497 0.462000 98 98 100
0.054522 -0.219497 0.462000 80 80 82
0.055716 -0.219497 0.462000 73 76 77
0.056911 -0.219497 0.462000 70 73 74
0.058231 -0.219972 0.463000 67 70 69
0.059427 -0.219972 0.463000 65 68 67
0.060624 -0.219972 0.463000 56 62 60
0.061955 -0.220447 0.464000 55 61 59
0.063154 -0.220447 0.464000 56 62 60
0.064354 -0.220447 0.464000 51 57 55
0.065694 -0.220922 0.465000 52 55 54
0.066896 -0.220922 0.465000 55 58 57
0.068098 -0.220922 0.465000 55 55 55
0.069300 -0.220922 0.465000 54 54 54
0.070502 -0.220922 0.465000 59 58 60
0.071704 -0.220922 0.465000 56 55 57
0.072906 -0.220922 0.465000 56 55 57
0.074108 -0.220922 0.465000 58 57 59
0.075148 -0.220447 0.464000 58 58 62
0.076348 -0.220447 0.464000 60 60 64
0.077547 -0.220447 0.464000 58 58 62
0.078747 -0.220447 0.464000 57 57 61
0.079946 -0.220447 0.464000 58 58 62
0.081145 -0.220447 0.464000 57 57 61
0.082167 -0.219972 0.463000 58 58 62
0.083544 -0.220447 0.464000 54 54 58
0.084744 -0.220447 0.464000 60 63 66
0.085943 -0.220447 0.464000 62 65 68
0.087143 -0.220447 0.464000 63 69 69
0.088342 -0.220447 0.464000 65 71 71
0.089541 -0.220447 0.464000 63 69 69
0.090741 -0.220447 0.464000 65 71 71
0.091940 -0.220447 0.464000 68 74 74
0.093140 -0.220447 0.464000 71 77 77
0.094339 -0.220447 0.464000 75 81 81
0.095539 -0.220447 0.464000 75 81 81
0.096738 -0.220447 0.464000 82 85 86
0.097937 -0.220447 0.464000 81 84 85
0.099137 -0.220447 0.464000 81 84 83
0.100336 -0.220447 0.464000 86 89 88
0.101536 -0.220447 0.464000 88 91 90
0.102735 -0.220447 0.464000 93 96 95
0.103711 -0.219972 0.463000 98 101 100
0.104907 -0.219972 0.463000 105 108 107
0.106104 -0.219972 0.463000 95 98 97
0.107301 -0.219972 0.463000 86 89 88
0.108498 -0.219972 0.463000 86 90 85
0.109695 -0.219972 0.463000 88 92 87
0.110892 -0.219972 0.463000 80 84 79
0.112089 -0.219972 0.463000 81 85 80
0.113285 -0.219972 0.463000 81 85 80
0.114482 -0.219972 0.463000 79 83 78
0.115679 -0.219972 0.463000 74 77 76
0.116876 -0.219972 0.463000 74 77 76
0.118073 -0.219972 0.463000 69 75 75
0.119270 -0.219972 0.463000 68 74 74
0.120466 -0.219972 0.463000 62 68 70
0.121663 -0.219972 0.463000 56 62 64
0.122860 -0.219972 0.463000 53 59 61
0.124057 -0.219972 0.463000 50 56 58
0.125254 -0.219972 0.463000 49 55 55
0.126451 -0.219972 0.463000 47 53 53
0.127648 -0.219972 0.463000 54 55 51
0.128566 -0.219497 0.462000 53 54 50
0.129760 -0.219497 0.462000 50 50 50
0.130955 -0.219497 0.462000 53 53 53
0.132149 -0.219497 0.462000 47 53 51
0.133343 -0.219497 0.462000 47 53 51
0.134537 -0.219497 0.462000 47 53 53
0.135732 -0.219497 0.462000 46 52 52
0.136926 -0.219497 0.462000 47 53 53
0.138120 -0.219497 0.462000 44 50 50
0.139314 -0.219497 0.462000 43 49 51
0.140509 -0.219497 0.462000 43 49 51
0.141703 -0.219497 0.462000 43 49 51
0.142897 -0.219497 0.462000 42 48 50
0.144091 -0.219497 0.462000 43 49 49
0.145286 -0.219497 0.462000 44 50 50
0.146480 -0.219497 0.462000 46 52 50
0.147674 -0.219497 0.462000 42 48 46
0.148868 -0.219497 0.462000 44 50 48
0.149738 -0.219022 0.461000 46 52 50
0.150930 -0.219022 0.461000 43 51 48
0.152121 -0.219022 0.461000 45 53 50
0.153313 -0.219022 0.461000 43 51 48
0.154505 -0.219022 0.461000 45 53 50
0.155696 -0.219022 0.461000 44 51 45
0.156888 -0.219022 0.461000 46 53 47
0.158080 -0.219022 0.461000 50 51 45
0.159271 -0.219022 0.461000 50 51 45
0.160463 -0.219022 0.461000 54 52 44
0.161655 -0.219022 0.461000 54 52 44
0.162846 -0.219022 0.461000 62 60 52
0.164038 -0.219022 0.461000 72 70 62
0.165230 -0.219022 0.461000 91 87 76
0.166421 -0.219022 0.461000 121 117 106
0.167613 -0.219022 0.461000 146 140 125
-0.169029 -0.214048 0.453000 97 112 67
-0.167858 -0.214048 0.453000 94 117 67
-0.167055 -0.214521 0.454000 95 118 68
-0.166247 -0.214993 0.455000 91 113 66
-0.165070 -0.214993 0.455000 86 108 61
-0.163076 -0.215466 0.456000 84 109 63
-0.063710 -0.218301 0.462000 73 70 56
-0.062515 -0.218301 0.462000 57 54 40
-0.061321 -0.218301 0.462000 46 47 36
-0.060127 -0.218301 0.462000 48 49 38
-0.058933 -0.218301 0.462000 48 50 39
-0.057738 -0.218301 0.462000 51 53 42
-0.056422 -0.217828 0.461000 50 54 47
-0.055230 -0.217828 0.461000 50 54 47
-0.054038 -0.217828 0.461000 47 54 48
-0.052847 -0.217828 0.461000 47 54 48
-0.051655 -0.217828 0.461000 46 52 50
-0.050463 -0.217828 0.461000 46 52 50
-0.049272 -0.217828 0.461000 47 53 51
-0.048080 -0.217828 0.461000 46 52 50
-0.046787 -0.217356 0.460000 44 50 48
-0.045597 -0.217356 0.460000 43 49 47
-0.044408 -0.217356 0.460000 44 50 48
-0.043125 -0.216883 0.459000 44 50 48
-0.041756 -0.215938 0.457000 45 53 50
-0.040575 -0.215938 0.457000 43 51 48
-0.039307 -0.215466 0.456000 52 60 57
-0.038045 -0.214993 0.455000 60 68 65
-0.036869 -0.214993 0.455000 73 77 72
-0.035614 -0.214521 0.454000 82 86 81
-0.034365 -0.214048 0.453000 90 91 87
-0.033120 -0.213576 0.452000 91 92 88
-0.030647 -0.212631 0.450000 94 99 89
-0.029484 -0.212631 0.450000 92 104 80
-0.028321 -0.212631 0.450000 96 108 84
-0.027158 -0.212631 0.450000 92 113 71
-0.025994 -0.212631 0.450000 93 114 72
-0.024886 -0.213103 0.451000 95 117 70
0.058105 -0.218301 0.462000 151 152 143
0.059299 -0.218301 0.462000 147 148 139
0.060624 -0.218774 0.463000 145 146 137
0.061821 -0.218774 0.463000 144 145 136
0.063154 -0.219246 0.464000 143 144 135
0.064354 -0.219246 0.464000 139 140 131
0.065553 -0.219246 0.464000 137 138 129
0.066752 -0.219246 0.464000 136 137 128
0.068098 -0.219719 0.465000 140 138 130
0.069300 -0.219719 0.465000 139 137 129
0.070502 -0.219719 0.465000 137 132 128
0.071550 -0.219246 0.464000 137 132 128
0.072749 -0.219246 0.464000 139 134 132
0.073949 -0.219246 0.464000 139 134 132
0.075148 -0.219246 0.464000 137 132 130
0.076348 -0.219246 0.464000 141 136 134
0.077547 -0.219246 0.464000 138 135 132
0.078747 -0.219246 0.464000 135 132 129
0.079774 -0.218774 0.463000 140 136 137
0.080971 -0.218774 0.463000 139 135 136
0.082167 -0.218774 0.463000 142 139 136
0.083364 -0.218774 0.463000 143 140 137
0.084561 -0.218774 0.463000 141 141 137
0.085758 -0.218774 0.463000 140 140 136
0.086955 -0.218774 0.463000 141 141 137
0.088152 -0.218774 0.463000 141 141 137
0.089349 -0.218774 0.463000 138 139 135
0.109695 -0.218774 0.463000 131 132 126
0.110892 -0.218774 0.463000 130 132 123
0.112089 -0.218774 0.463000 128 130 121
0.113285 -0.218774 0.463000 128 129 123
0.114482 -0.218774 0.463000 126 127 121
0.115679 -0.218774 0.463000 123 124 120
0.116876 -0.218774 0.463000 125 126 122
0.118073 -0.218774 0.463000 120 123 122
0.119270 -0.218774 0.463000 120 123 122
0.120466 -0.218774 0.463000 117 120 119
0.121663 -0.218774 0.463000 116 119 118
0.122860 -0.218774 0.463000 110 114 109
0.124057 -0.218774 0.463000 108 112 107
0.125254 -0.218774 0.463000 107 108 104
0.126451 -0.218774 0.463000 100 101 97
0.127372 -0.218301 0.462000 99 96 93
0.128566 -0.218301 0.462000 92 89 86
0.129760 -0.218301 0.462000 81 80 82
0.130955 -0.218301 0.462000 72 71 73
0.132149 -0.218301 0.462000 63 66 67
0.133343 -0.218301 0.462000 60 63 64
0.134537 -0.218301 0.462000 55 61 61
0.135732 -0.218301 0.462000 51 57 57
0.136926 -0.218301 0.462000 48 53 58
0.138120 -0.218301 0.462000 46 51 56
0.139314 -0.218301 0.462000 46 51 56
0.140509 -0.218301 0.462000 42 47 52
0.141703 -0.218301 0.462000 43 49 51
0.142897 -0.218301 0.462000 42 48 50
0.144091 -0.218301 0.462000 43 49 51
0.145286 -0.218301 0.462000 44 50 52
0.146480 -0.218301 0.462000 43 49 51
0.147674 -0.218301 0.462000 42 48 50
0.148868 -0.218301 0.462000 40 48 47
0.150063 -0.218301 0.462000 40 48 47
0.150930 -0.217828 0.461000 40 48 47
0.152121 -0.217828 0.461000 41 49 48
0.153313 -0.217828 0.461000 41 49 48
0.154505 -0.217828 0.461000 41 49 48
0.155696 -0.217828 0.461000 43 51 50
0.156888 -0.217828 0.461000 42 50 49
0.158080 -0.217828 0.461000 46 52 52
0.159271 -0.217828 0.461000 44 50 50
0.160463 -0.217828 0.461000 41 47 45
0.161655 -0.217828 0.461000 43 49 47
0.162846 -0.217828 0.461000 46 50 45
0.164038 -0.217828 0.461000 44 48 43
0.165230 -0.217828 0.461000 51 52 43
0.166421 -0.217828 0.461000 51 52 43
0.167249 -0.217356 0.460000 57 55 45
0.168439 -0.217356 0.460000 64 62 52
0.169259 -0.216883 0.459000 79 78 63
0.170445 -0.216883 0.459000 96 95 80
0.171258 -0.216411 0.458000 116 114 95
0.172442 -0.216411 0.458000 144 142 123
-0.169824 -0.212406 0.452000 94 114 67
-0.168656 -0.212406 0.452000 99 119 72
-0.167858 -0.212876 0.453000 95 121 70
-0.167055 -0.213346 0.454000 92 118 67
-0.166247 -0.213816 0.455000 86 112 61
-0.164255 -0.214286 0.456000 84 105 65
-0.163076 -0.214286 0.456000 93 114 74
-0.067292 -0.217105 0.462000 104 99 81
-0.066098 -0.217105 0.462000 60 61 50
-0.064904 -0.217105 0.462000 48 49 38
-0.063710 -0.217105 0.462000 49 54 44
-0.062515 -0.217105 0.462000 52 57 47
-0.061321 -0.217105 0.462000 52 57 47
-0.060127 -0.217105 0.462000 52 57 47
-0.058805 -0.216635 0.461000 55 57 48
-0.057613 -0.216635 0.461000 57 59 50
-0.056422 -0.216635 0.461000 52 56 49
-0.055230 -0.216635 0.461000 49 53 46
-0.054038 -0.216635 0.461000 46 53 47
-0.052847 -0.216635 0.461000 47 54 48
-0.051655 -0.216635 0.461000 48 54 52
-0.050463 -0.216635 0.461000 47 53 51
-0.049272 -0.216635 0.461000 43 49 49
-0.048080 -0.216635 0.461000 44 50 50
-0.046787 -0.216165 0.460000 46 52 50
-0.045597 -0.216165 0.460000 53 59 57
-0.044408 -0.216165 0.460000 66 69 68
-0.043125 -0.215695 0.459000 75 78 77
-0.041847 -0.215225 0.458000 86 90 85
-0.040575 -0.214755 0.457000 98 102 97
-0.039307 -0.214286 0.456000 100 104 97
-0.038128 -0.214286 0.456000 99 103 96
-0.029550 -0.211936 0.451000 102 108 91
-0.028321 -0.211466 0.450000 101 107 90
-0.027158 -0.211466 0.450000 94 112 77
-0.025994 -0.211466 0.450000 94 112 77
-0.023773 -0.212406 0.452000 93 118 72
-0.021579 -0.213816 0.455000 108 130 85
0.129760 -0.217105 0.462000 103 103 99
0.130955 -0.217105 0.462000 96 96 92
0.132149 -0.217105 0.462000 92 95 94
0.133343 -0.217105 0.462000 87 90 89
0.134537 -0.217105 0.462000 81 84 85
0.135732 -0.217105 0.462000 74 77 78
0.136926 -0.217105 0.462000 64 66 72
0.138120 -0.217105 0.462000 60 62 68
0.139314 -0.217105 0.462000 60 63 66
0.140509 -0.217105 0.462000 59 62 65
0.141703 -0.217105 0.462000 52 55 58
0.142897 -0.217105 0.462000 46 49 52
0.144091 -0.217105 0.462000 48 51 54
0.145286 -0.217105 0.462000 44 47 50
0.146480 -0.217105 0.462000 42 47 52
0.147674 -0.217105 0.462000 43 48 53
0.148868 -0.217105 0.462000 46 52 54
0.150063 -0.217105 0.462000 43 49 51
0.151257 -0.217105 0.462000 41 49 48
0.152121 -0.216635 0.461000 39 47 46
0.153313 -0.216635 0.461000 42 50 49
0.154505 -0.216635 0.461000 40 48 47
0.155696 -0.216635 0.461000 41 49 48
0.156888 -0.216635 0.461000 40 48 47
0.158080 -0.216635 0.461000 43 51 52
0.159271 -0.216635 0.461000 42 50 51
0.160463 -0.216635 0.461000 40 51 51
0.161655 -0.216635 0.461000 40 51 51
0.162846 -0.216635 0.461000 43 54 52
0.164038 -0.216635 0.461000 43 54 52
0.165230 -0.216635 0.461000 47 55 52
0.166060 -0.216165 0.460000 46 54 51
0.167249 -0.216165 0.460000 40 49 42
0.168072 -0.215695 0.459000 40 49 42
0.169259 -0.215695 0.459000 46 50 43
0.170074 -0.215225 0.458000 49 53 46
0.170884 -0.214755 0.457000 51 52 39
0.172065 -0.214755 0.457000 58 59 46
0.172868 -0.214286 0.456000 68 61 51
0.174046 -0.214286 0.456000 83 76 66
0.175225 -0.214286 0.456000 100 98 86
0.176404 -0.214286 0.456000 119 117 105
0.177583 -0.214286 0.456000 143 140 126
-0.169824 -0.211236 0.452000 91 116 68
-0.169029 -0.211703 0.453000 92 117 69
-0.167858 -0.211703 0.453000 92 118 65
-0.167055 -0.212171 0.454000 90 116 63
-0.166247 -0.212638 0.455000 86 112 59
-0.164255 -0.213105 0.456000 87 108 68
-0.163076 -0.213105 0.456000 102 123 83
-0.069681 -0.215909 0.462000 97 94 78
-0.068487 -0.215909 0.462000 54 55 44
-0.067292 -0.215909 0.462000 47 48 37
-0.066098 -0.215909 0.462000 51 55 48
-0.064904 -0.215909 0.462000 53 57 50
-0.063710 -0.215909 0.462000 54 63 56
-0.062515 -0.215909 0.462000 55 64 57
-0.061321 -0.215909 0.462000 54 61 53
-0.059997 -0.215442 0.461000 54 61 53
-0.058805 -0.215442 0.461000 50 57 49
-0.057613 -0.215442 0.461000 47 54 46
-0.056422 -0.215442 0.461000 44 51 45
-0.055230 -0.215442 0.461000 44 51 45
-0.054038 -0.215442 0.461000 43 49 49
-0.052847 -0.215442 0.461000 43 49 49
-0.051655 -0.215442 0.461000 47 53 55
-0.050463 -0.215442 0.461000 49 55 57
-0.049272 -0.215442 0.461000 59 62 61
-0.048080 -0.215442 0.461000 73 76 75
-0.046787 -0.214975 0.460000 93 93 93
-0.045597 -0.214975 0.460000 100 100 100
-0.044408 -0.214975 0.460000 104 105 101
-0.027218 -0.210769 0.451000 96 112 80
-0.025994 -0.210301 0.450000 95 111 79
-0.023720 -0.210769 0.451000 91 113 68
-0.022605 -0.211236 0.452000 102 127 79
-0.021531 -0.212171 0.454000 105 130 82
0.138419 -0.216377 0.463000 102 102 104
0.139314 -0.215909 0.462000 98 97 101
0.140509 -0.215909 0.462000 91 90 94
0.141703 -0.215909 0.462000 88 87 89
0.142897 -0.215909 0.462000 80 79 81
0.144091 -0.215909 0.462000 78 77 81
0.145286 -0.215909 0.462000 67 66 70
0.146480 -0.215909 0.462000 56 59 62
0.147674 -0.215909 0.462000 55 58 61
0.148868 -0.215909 0.462000 50 55 60
0.150063 -0.215909 0.462000 47 52 57
0.151257 -0.215909 0.462000 46 49 52
0.152451 -0.215909 0.462000 46 49 52
0.153313 -0.215442 0.461000 46 52 54
0.154505 -0.215442 0.461000 46 52 54
0.155696 -0.215442 0.461000 44 50 52
0.156888 -0.215442 0.461000 41 47 49
0.158080 -0.215442 0.461000 41 48 52
0.159271 -0.215442 0.461000 41 48 52
0.160463 -0.215442 0.461000 38 48 53
0.161655 -0.215442 0.461000 37 47 52
0.162846 -0.215442 0.461000 39 51 53
0.164038 -0.215442 0.461000 36 48 50
0.165230 -0.215442 0.461000 38 51 48
0.166060 -0.214975 0.460000 39 52 49
0.167249 -0.214975 0.460000 38 51 46
0.168072 -0.214507 0.459000 39 52 47
0.168890 -0.214040 0.458000 43 54 50
0.169703 -0.213573 0.457000 43 54 50
0.170510 -0.213105 0.456000 43 50 44
0.171689 -0.213105 0.456000 40 47 41
0.172868 -0.213105 0.456000 43 44 38
0.174046 -0.213105 0.456000 44 45 39
0.175225 -0.213105 0.456000 44 45 39
0.176404 -0.213105 0.456000 48 49 43
0.177583 -0.213105 0.456000 55 57 48
0.178761 -0.213105 0.456000 64 66 57
0.179940 -0.213105 0.456000 78 76 64
0.181119 -0.213105 0.456000 104 102 90
0.182298 -0.213105 0.456000 128 122 109
-0.171780 -0.209601 0.451000 105 122 83
-0.170614 -0.209601 0.451000 97 114 75
-0.169824 -0.210066 0.452000 92 120 68
-0.169029 -0.210531 0.453000 94 122 70
-0.167858 -0.210531 0.453000 91 119 65
-0.167055 -0.210995 0.454000 84 112 58
-0.166247 -0.211460 0.455000 85 111 60
-0.164255 -0.211925 0.456000 93 112 74
-0.072069 -0.214713 0.462000 97 94 80
-0.070875 -0.214713 0.462000 60 61 50
-0.069681 -0.214713 0.462000 49 50 39
-0.068487 -0.214713 0.462000 52 57 47
-0.067292 -0.214713 0.462000 53 58 48
-0.066098 -0.214713 0.462000 53 62 53
-0.064904 -0.214713 0.462000 55 64 55
-0.063710 -0.214713 0.462000 54 63 54
-0.062380 -0.214249 0.461000 52 61 52
-0.061188 -0.214249 0.461000 50 57 51
-0.059997 -0.214249 0.461000 49 56 50
-0.058805 -0.214249 0.461000 47 54 48
-0.057613 -0.214249 0.461000 46 53 47
-0.056422 -0.214249 0.461000 49 52 51
-0.055230 -0.214249 0.461000 49 52 51
-0.054038 -0.214249 0.461000 55 58 59
-0.052847 -0.214249 0.461000 70 73 74
-0.051655 -0.214249 0.461000 88 91 90
-0.050463 -0.214249 0.461000 96 99 98
-0.049165 -0.213784 0.460000 106 106 102
-0.027218 -0.209601 0.451000 106 116 91
-0.026052 -0.209601 0.451000 97 107 82
-0.024886 -0.209601 0.451000 91 112 70
-0.023720 -0.209601 0.451000 88 109 67
-0.022605 -0.210066 0.452000 91 116 70
-0.021484 -0.210531 0.453000 102 127 81
-0.020358 -0.210995 0.454000 119 132 99
0.145286 -0.214713 0.462000 107 103 104
0.146480 -0.214713 0.462000 100 100 102
0.147674 -0.214713 0.462000 95 95 97
0.148868 -0.214713 0.462000 80 80 82
0.150063 -0.214713 0.462000 72 72 74
0.151257 -0.214713 0.462000 65 65 69
0.152451 -0.214713 0.462000 64 64 68
0.153646 -0.214713 0.462000 57 57 59
0.154840 -0.214713 0.462000 50 50 52
0.155696 -0.214249 0.461000 47 47 49
0.156888 -0.214249 0.461000 48 48 50
0.158080 -0.214249 0.461000 46 48 54
0.159271 -0.214249 0.461000 45 47 53
0.160463 -0.214249 0.461000 43 50 56
0.161655 -0.214249 0.461000 42 49 55
0.162846 -0.214249 0.461000 38 48 53
0.164038 -0.214249 0.461000 37 47 52
0.165230 -0.214249 0.461000 40 50 53
0.166060 -0.213784 0.460000 40 50 53
0.167249 -0.213784 0.460000 39 50 50
0.168072 -0.213319 0.459000 39 50 50
0.168890 -0.212854 0.458000 39 50 50
0.169331 -0.211925 0.456000 41 52 52
0.170510 -0.211925 0.456000 39 50 48
0.171689 -0.211925 0.456000 38 49 47
0.172868 -0.211925 0.456000 43 49 47
0.173665 -0.211460 0.455000 43 49 47
0.174841 -0.211460 0.455000 40 47 41
0.176017 -0.211460 0.455000 44 51 45
0.177193 -0.211460 0.455000 46 53 47
0.178369 -0.211460 0.455000 46 53 47
0.179545 -0.211460 0.455000 46 50 45
0.180722 -0.211460 0.455000 42 46 41
0.181898 -0.211460 0.455000 51 52 48
0.183476 -0.211925 0.456000 57 58 54
0.184655 -0.211925 0.456000 71 69 61
0.185834 -0.211925 0.456000 90 88 80
0.187423 -0.212390 0.457000 110 104 91
0.188604 -0.212390 0.457000 128 122 109
-0.171780 -0.208434 0.451000 94 116 71
-0.170614 -0.208434 0.451000 92 114 69
-0.169824 -0.208896 0.452000 92 120 68
-0.168656 -0.208896 0.452000 94 122 70
-0.167858 -0.209358 0.453000 89 117 63
-0.167055 -0.209820 0.454000 84 112 58
-0.166247 -0.210282 0.455000 85 112 63
-0.164255 -0.210744 0.456000 96 113 76
-0.074297 -0.213055 0.461000 99 93 80
-0.073105 -0.213055 0.461000 61 59 49
-0.071913 -0.213055 0.461000 50 48 38
-0.070722 -0.213055 0.461000 55 56 52
-0.069530 -0.213055 0.461000 61 62 58
-0.068338 -0.213055 0.461000 62 69 61
-0.067147 -0.213055 0.461000 56 63 55
-0.065955 -0.213055 0.461000 54 63 54
-0.064763 -0.213055 0.461000 53 62 53
-0.063572 -0.213055 0.461000 43 52 45
-0.062380 -0.213055 0.461000 45 54 47
-0.061188 -0.213055 0.461000 47 54 48
-0.059997 -0.213055 0.461000 49 56 50
-0.058805 -0.213055 0.461000 50 51 47
-0.057613 -0.213055 0.461000 60 61 57
-0.056422 -0.213055 0.461000 74 74 70
-0.055230 -0.213055 0.461000 88 88 84
-0.054038 -0.213055 0.461000 105 105 101
-0.052847 -0.213055 0.461000 117 117 113
-0.026052 -0.208434 0.451000 102 105 87
-0.024886 -0.208434 0.451000 94 113 73
-0.023720 -0.208434 0.451000 92 111 71
-0.022555 -0.208434 0.451000 91 116 70
0.151257 -0.213517 0.462000 102 101 103
0.152451 -0.213517 0.462000 94 93 95
0.153646 -0.213517 0.462000 88 87 91
0.154505 -0.213055 0.461000 80 79 83
0.155696 -0.213055 0.461000 74 73 77
0.156888 -0.213055 0.461000 68 67 71
0.158080 -0.213055 0.461000 63 62 66
0.159271 -0.213055 0.461000 66 65 69
0.160463 -0.213055 0.461000 50 52 58
0.161655 -0.213055 0.461000 51 53 59
0.162846 -0.213055 0.461000 49 56 60
0.164038 -0.213055 0.461000 47 54 58
0.165230 -0.213055 0.461000 45 52 56
0.166060 -0.212593 0.460000 42 49 53
0.167249 -0.212593 0.460000 41 48 52
0.168072 -0.212131 0.459000 42 49 53
0.168890 -0.211669 0.458000 42 49 53
0.169331 -0.210744 0.456000 42 49 53
0.170510 -0.210744 0.456000 41 49 50
0.171689 -0.210744 0.456000 40 48 49
0.172488 -0.210282 0.455000 41 49 50
0.173665 -0.210282 0.455000 41 49 50
0.174841 -0.210282 0.455000 40 48 49
0.176017 -0.210282 0.455000 43 51 52
0.177193 -0.210282 0.455000 41 49 48
0.178369 -0.210282 0.455000 46 54 53
0.179545 -0.210282 0.455000 46 54 53
0.180722 -0.210282 0.455000 41 49 48
0.181898 -0.210282 0.455000 39 47 46
0.183074 -0.210282 0.455000 43 51 50
0.184250 -0.210282 0.455000 43 47 42
0.185834 -0.210744 0.456000 43 47 42
0.187013 -0.210744 0.456000 51 49 41
0.188191 -0.210744 0.456000 53 51 43
0.189785 -0.211207 0.457000 56 57 46
0.190967 -0.211207 0.457000 65 66 55
0.192568 -0.211669 0.458000 85 83 71
0.195362 -0.212131 0.459000 138 132 117
0.196977 -0.212593 0.460000 152 146 131
-0.171780 -0.207266 0.451000 91 116 70
-0.170614 -0.207266 0.451000 89 114 68
-0.169448 -0.207266 0.451000 92 123 70
-0.168656 -0.207726 0.452000 88 119 66
-0.167858 -0.208185 0.453000 85 116 61
-0.167055 -0.208645 0.454000 82 113 58
-0.166247 -0.209105 0.455000 91 119 67
-0.164255 -0.209564 0.456000 103 117 81
-0.076680 -0.211862 0.461000 103 96 86
-0.075488 -0.211862 0.461000 61 57 50
-0.074297 -0.211862 0.461000 51 47 40
-0.073105 -0.211862 0.461000 53 53 47
-0.071913 -0.211862 0.461000 58 58 52
-0.070722 -0.211862 0.461000 62 66 61
-0.069530 -0.211862 0.461000 65 69 64
-0.068338 -0.211862 0.461000 61 68 62
-0.067147 -0.211862 0.461000 43 50 44
-0.065955 -0.211862 0.461000 42 51 44
-0.064763 -0.211862 0.461000 45 54 47
-0.063572 -0.211862 0.461000 42 51 44
-0.062380 -0.211862 0.461000 47 56 49
-0.061188 -0.211862 0.461000 51 52 46
-0.059997 -0.211862 0.461000 68 69 63
-0.058805 -0.211862 0.461000 90 90 84
-0.057613 -0.211862 0.461000 105 105 99
-0.056422 -0.211862 0.461000 122 119 114
-0.024886 -0.207266 0.451000 94 113 75
-0.023720 -0.207266 0.451000 96 115 77
-0.022555 -0.207266 0.451000 89 114 68
-0.021389 -0.207266 0.451000 93 118 72
-0.020268 -0.207726 0.452000 111 130 88
-0.019184 -0.208645 0.454000 121 140 98
0.158080 -0.211862 0.461000 100 96 99
0.159271 -0.211862 0.461000 87 83 86
0.160463 -0.211862 0.461000 80 80 84
0.161655 -0.211862 0.461000 81 81 85
0.162846 -0.211862 0.461000 81 84 87
0.164038 -0.211862 0.461000 77 80 83
0.165230 -0.211862 0.461000 70 76 76
0.166060 -0.211402 0.460000 69 75 75
0.167249 -0.211402 0.460000 56 62 62
0.168072 -0.210943 0.459000 50 56 56
0.168890 -0.210483 0.458000 49 52 55
0.169703 -0.210024 0.457000 44 47 50
0.170510 -0.209564 0.456000 41 46 51
0.171689 -0.209564 0.456000 43 48 53
0.172488 -0.209105 0.455000 41 48 52
0.173665 -0.209105 0.455000 40 47 51
0.174841 -0.209105 0.455000 41 48 52
0.176017 -0.209105 0.455000 42 49 53
0.177193 -0.209105 0.455000 42 49 53
0.178369 -0.209105 0.455000 41 48 52
0.179545 -0.209105 0.455000 40 51 51
0.180722 -0.209105 0.455000 38 49 49
0.181898 -0.209105 0.455000 37 50 49
0.183074 -0.209105 0.455000 40 53 52
0.184250 -0.209105 0.455000 39 50 50
0.185426 -0.209105 0.455000 38 49 49
0.187013 -0.209564 0.456000 44 50 48
0.188191 -0.209564 0.456000 46 52 50
0.189370 -0.209564 0.456000 46 52 50
0.190549 -0.209564 0.456000 48 54 52
0.192148 -0.210024 0.457000 47 48 44
0.193752 -0.210483 0.458000 46 47 43
0.194936 -0.210483 0.458000 50 46 37
0.197735 -0.210943 0.459000 71 67 58
0.198921 -0.210943 0.459000 80 76 67
0.200108 -0.210943 0.459000 108 102 89
0.201294 -0.210943 0.459000 134 128 115
0.202922 -0.211402 0.460000 152 144 132
-0.171399 -0.205642 0.450000 88 113 65
-0.170236 -0.205642 0.450000 95 120 72
-0.169448 -0.206099 0.451000 94 122 70
-0.168656 -0.206556 0.452000 90 118 66
-0.167858 -0.207013 0.453000 85 116 59
-0.167055 -0.207470 0.454000 81 112 55
-0.166247 -0.207927 0.455000 98 126 74
-0.165070 -0.207927 0.455000 95 123 71
-0.079063 -0.210669 0.461000 116 110 97
-0.077872 -0.210669 0.461000 70 66 59
-0.076680 -0.210669 0.461000 57 53 46
-0.075488 -0.210669 0.461000 56 57 48
-0.074297 -0.210669 0.461000 61 62 53
-0.073105 -0.210669 0.461000 61 62 56
-0.071913 -0.210669 0.461000 64 65 59
-0.070722 -0.210669 0.461000 58 62 57
-0.069530 -0.210669 0.461000 53 57 52
-0.068338 -0.210669 0.461000 46 52 50
-0.067147 -0.210669 0.461000 44 50 48
-0.065955 -0.210669 0.461000 41 47 47
-0.064763 -0.210669 0.461000 49 55 55
-0.063572 -0.210669 0.461000 64 65 61
-0.062380 -0.210669 0.461000 81 82 78
-0.061188 -0.210669 0.461000 105 103 95
-0.059997 -0.210669 0.461000 121 119 111
-0.024941 -0.206556 0.452000 104 117 84
-0.023720 -0.206099 0.451000 99 112 79
-0.022555 -0.206099 0.451000 90 115 69
-0.021389 -0.206099 0.451000 92 117 71
-0.020223 -0.206099 0.451000 102 124 79
-0.019142 -0.207013 0.453000 105 127 82
0.166421 -0.210669 0.461000 99 102 101
0.167249 -0.210212 0.460000 105 108 107
0.168439 -0.210212 0.460000 102 105 104
0.169259 -0.209755 0.459000 99 102 103
0.170074 -0.209298 0.458000 95 98 99
0.170884 -0.208841 0.457000 75 81 83
0.171689 -0.208384 0.456000 62 68 70
0.172868 -0.208384 0.456000 41 48 52
0.174046 -0.208384 0.456000 38 45 49
0.174841 -0.207927 0.455000 39 44 49
0.176017 -0.207927 0.455000 40 45 50
0.177193 -0.207927 0.455000 41 46 51
0.178369 -0.207927 0.455000 46 51 56
0.179545 -0.207927 0.455000 39 51 55
0.180722 -0.207927 0.455000 38 50 54
0.181898 -0.207927 0.455000 37 49 53
0.183074 -0.207927 0.455000 38 50 54
0.184250 -0.207927 0.455000 39 49 52
0.185426 -0.207927 0.455000 38 48 51
0.186602 -0.207927 0.455000 39 49 52
0.188191 -0.208384 0.456000 39 49 52
0.189370 -0.208384 0.456000 43 51 52
0.190549 -0.208384 0.456000 45 53 54
0.191728 -0.208384 0.456000 47 55 56
0.193329 -0.208841 0.457000 43 51 52
0.194511 -0.208841 0.457000 44 48 43
0.196120 -0.209298 0.458000 49 53 48
0.197304 -0.209298 0.458000 48 48 42
0.198488 -0.209298 0.458000 54 54 48
0.199672 -0.209298 0.458000 51 49 41
0.200856 -0.209298 0.458000 54 52 44
0.202040 -0.209298 0.458000 59 55 46
0.203224 -0.209298 0.458000 69 65 56
0.204408 -0.209298 0.458000 87 83 74
0.205592 -0.209298 0.458000 101 97 88
0.206776 -0.209298 0.458000 124 117 107
0.207505 -0.208841 0.457000 145 138 128
-0.172562 -0.204477 0.450000 103 115 76
-0.171399 -0.204477 0.450000 91 116 68
-0.170236 -0.204477 0.450000 97 122 74
-0.169448 -0.204931 0.451000 90 121 68
-0.168656 -0.205386 0.452000 86 117 64
-0.167858 -0.205840 0.453000 80 111 54
-0.167055 -0.206295 0.454000 90 121 64
-0.166247 -0.206749 0.455000 96 127 74
-0.081270 -0.209021 0.460000 133 125 113
-0.080081 -0.209021 0.460000 79 75 68
-0.078892 -0.209021 0.460000 56 52 45
-0.077703 -0.209021 0.460000 55 55 49
-0.076514 -0.209021 0.460000 63 63 57
-0.075325 -0.209021 0.460000 65 67 58
-0.074297 -0.209475 0.461000 65 67 58
-0.073105 -0.209475 0.461000 57 64 56
-0.071913 -0.209475 0.461000 53 60 52
-0.070722 -0.209475 0.461000 49 55 53
-0.069530 -0.209475 0.461000 47 53 51
-0.068338 -0.209475 0.461000 45 48 49
-0.067147 -0.209475 0.461000 48 51 52
-0.065955 -0.209475 0.461000 71 71 73
-0.064763 -0.209475 0.461000 90 90 92
-0.063572 -0.209475 0.461000 110 107 104
-0.023720 -0.204931 0.451000 99 110 80
-0.022555 -0.204931 0.451000 91 116 70
-0.021389 -0.204931 0.451000 91 116 70
-0.020223 -0.204931 0.451000 95 120 72
-0.019099 -0.205386 0.452000 103 128 80
0.171258 -0.208112 0.458000 117 120 119
0.172065 -0.207658 0.457000 120 123 122
0.172868 -0.207203 0.456000 120 123 124
0.174046 -0.207203 0.456000 109 112 113
0.175225 -0.207203 0.456000 93 93 95
0.176404 -0.207203 0.456000 75 75 77
0.177193 -0.206749 0.455000 60 66 68
0.178369 -0.206749 0.455000 47 53 55
0.179545 -0.206749 0.455000 39 46 50
0.180722 -0.206749 0.455000 36 43 47
0.181898 -0.206749 0.455000 37 47 52
0.183074 -0.206749 0.455000 37 47 52
0.184250 -0.206749 0.455000 36 46 51
0.185834 -0.207203 0.456000 40 50 55
0.187013 -0.207203 0.456000 41 51 58
0.188191 -0.207203 0.456000 41 51 58
0.189370 -0.207203 0.456000 40 50 55
0.190549 -0.207203 0.456000 40 50 55
0.191728 -0.207203 0.456000 43 50 54
0.192906 -0.207203 0.456000 42 49 53
0.194511 -0.207658 0.457000 43 51 50
0.195692 -0.207658 0.457000 43 51 50
0.196873 -0.207658 0.457000 45 48 47
0.198055 -0.207658 0.457000 48 51 50
0.199236 -0.207658 0.457000 48 52 47
0.200417 -0.207658 0.457000 46 50 45
0.201599 -0.207658 0.457000 46 50 45
0.202780 -0.207658 0.457000 50 54 49
0.203961 -0.207658 0.457000 50 53 52
0.205143 -0.207658 0.457000 48 51 50
0.206324 -0.207658 0.457000 53 51 43
0.207505 -0.207658 0.457000 61 59 51
0.208687 -0.207658 0.457000 72 68 57
0.209868 -0.207658 0.457000 83 79 68
0.211049 -0.207658 0.457000 111 104 94
0.212231 -0.207658 0.457000 134 127 117
-0.173726 -0.203312 0.450000 105 120 77
-0.172562 -0.203312 0.450000 100 115 72
-0.171399 -0.203312 0.450000 96 122 71
-0.170236 -0.203312 0.450000 96 122 71
-0.169448 -0.203764 0.451000 88 119 66
-0.168656 -0.204216 0.452000 85 116 63
-0.167858 -0.204668 0.453000 79 110 55
-0.167055 -0.205119 0.454000 95 126 71
-0.166247 -0.205571 0.455000 95 126 73
-0.165070 -0.205571 0.455000 93 124 71
-0.083648 -0.207830 0.460000 138 130 116
-0.082459 -0.207830 0.460000 91 89 81
-0.081270 -0.207830 0.460000 55 53 45
-0.080081 -0.207830 0.460000 49 49 43
-0.078892 -0.207830 0.460000 59 59 53
-0.077703 -0.207830 0.460000 69 70 64
-0.076514 -0.207830 0.460000 71 72 66
-0.075325 -0.207830 0.460000 64 68 61
-0.074136 -0.207830 0.460000 50 54 47
-0.072946 -0.207830 0.460000 46 54 51
-0.071757 -0.207830 0.460000 46 54 51
-0.070568 -0.207830 0.460000 46 52 54
-0.069379 -0.207830 0.460000 54 60 62
-0.068190 -0.207830 0.460000 72 71 73
-0.067001 -0.207830 0.460000 90 89 91
-0.065812 -0.207830 0.460000 114 108 110
-0.023773 -0.204216 0.452000 110 114 91
-0.022555 -0.203764 0.451000 93 115 70
-0.021389 -0.203764 0.451000 93 115 70
-0.020223 -0.203764 0.451000 91 117 66
-0.019057 -0.203764 0.451000 99 125 74
0.177583 -0.206023 0.456000 128 128 128
0.178761 -0.206023 0.456000 122 122 122
0.179940 -0.206023 0.456000 107 110 109
0.181119 -0.206023 0.456000 91 94 93
0.182298 -0.206023 0.456000 69 69 73
0.183476 -0.206023 0.456000 55 55 59
0.184655 -0.206023 0.456000 42 49 55
0.185834 -0.206023 0.456000 39 46 52
0.187013 -0.206023 0.456000 38 48 55
0.188191 -0.206023 0.456000 43 53 60
0.189370 -0.206023 0.456000 41 48 54
0.190549 -0.206023 0.456000 42 49 55
0.191728 -0.206023 0.456000 43 48 55
0.192906 -0.206023 0.456000 43 48 55
0.194511 -0.206475 0.457000 39 46 50
0.195692 -0.206475 0.457000 40 47 51
0.196873 -0.206475 0.457000 41 49 48
0.198055 -0.206475 0.457000 42 50 49
0.199236 -0.206475 0.457000 43 51 50
0.200417 -0.206475 0.457000 45 53 52
0.201599 -0.206475 0.457000 46 54 51
0.202336 -0.206023 0.456000 45 53 50
0.203515 -0.206023 0.456000 47 55 52
0.204694 -0.206023 0.456000 47 55 52
0.205873 -0.206023 0.456000 51 55 50
0.207051 -0.206023 0.456000 53 57 52
0.208230 -0.206023 0.456000 48 49 43
0.209409 -0.206023 0.456000 46 47 41
0.210588 -0.206023 0.456000 49 49 45
0.212231 -0.206475 0.457000 52 52 48
0.213412 -0.206475 0.457000 62 59 54
0.214593 -0.206475 0.457000 77 74 69
0.215775 -0.206475 0.457000 92 84 81
0.216956 -0.206475 0.457000 107 99 96
0.218615 -0.206927 0.458000 137 133 126
-0.173726 -0.202147 0.450000 100 119 70
-0.172562 -0.202147 0.450000 98 117 68
-0.171399 -0.202147 0.450000 95 123 69
-0.170236 -0.202147 0.450000 92 120 66
-0.169448 -0.202597 0.451000 83 114 59
-0.168283 -0.202597 0.451000 78 109 54
-0.167858 -0.203495 0.453000 79 110 55
-0.167055 -0.203944 0.454000 97 128 73
-0.166247 -0.204393 0.455000 97 128 75
-0.165070 -0.204393 0.455000 92 123 70
-0.084837 -0.206640 0.460000 100 98 88
-0.083648 -0.206640 0.460000 58 56 46
-0.082459 -0.206640 0.460000 44 48 41
-0.081093 -0.206190 0.459000 50 54 47
-0.079907 -0.206190 0.459000 67 71 64
-0.078892 -0.206640 0.460000 74 78 71
-0.077703 -0.206640 0.460000 69 73 66
-0.076514 -0.206640 0.460000 59 63 56
-0.075325 -0.206640 0.460000 44 47 46
-0.074136 -0.206640 0.460000 45 48 47
-0.072946 -0.206640 0.460000 43 49 49
-0.071757 -0.206640 0.460000 46 52 52
-0.070568 -0.206640 0.460000 69 69 71
-0.069379 -0.206640 0.460000 94 94 96
-0.068190 -0.206640 0.460000 122 117 115
-0.023773 -0.203046 0.452000 138 141 123
-0.022555 -0.202597 0.451000 96 110 72
-0.021389 -0.202597 0.451000 100 114 76
-0.020223 -0.202597 0.451000 91 117 66
-0.019057 -0.202597 0.451000 91 117 66
-0.017931 -0.203046 0.452000 109 128 86
0.182298 -0.204843 0.456000 143 140 137
0.183476 -0.204843 0.456000 141 138 135
0.184655 -0.204843 0.456000 129 129 131
0.185834 -0.204843 0.456000 114 114 116
0.187013 -0.204843 0.456000 103 103 107
0.188191 -0.204843 0.456000 84 84 88
0.189370 -0.204843 0.456000 67 63 68
0.190967 -0.205292 0.457000 54 50 55
0.191728 -0.204843 0.456000 42 44 50
0.193329 -0.205292 0.457000 43 45 51
0.194511 -0.205292 0.457000 39 44 49
0.195692 -0.205292 0.457000 41 46 51
0.196873 -0.205292 0.457000 39 45 47
0.197621 -0.204843 0.456000 43 49 51
0.199236 -0.205292 0.457000 39 50 50
0.200417 -0.205292 0.457000 40 51 51
0.201158 -0.204843 0.456000 43 54 54
0.202336 -0.204843 0.456000 40 51 51
0.203515 -0.204843 0.456000 41 52 50
0.204694 -0.204843 0.456000 39 50 48
0.205873 -0.204843 0.456000 44 50 48
0.207051 -0.204843 0.456000 46 52 50
0.208230 -0.204843 0.456000 49 52 51
0.209409 -0.204843 0.456000 52 55 54
0.210588 -0.204843 0.456000 53 57 52
0.211766 -0.204843 0.456000 51 55 50
0.212945 -0.204843 0.456000 49 53 46
0.214593 -0.205292 0.457000 45 49 42
0.215775 -0.205292 0.457000 53 53 53
0.216956 -0.205292 0.457000 59 59 59
0.218137 -0.205292 0.457000 55 58 59
0.219319 -0.205292 0.457000 57 60 61
0.220500 -0.205292 0.457000 68 68 68
0.221681 -0.205292 0.457000 86 86 86
0.222863 -0.205292 0.457000 114 107 101
0.223554 -0.204843 0.456000 135 128 122
-0.173726 -0.200983 0.450000 97 118 66
-0.172562 -0.200983 0.450000 97 118 66
-0.171399 -0.200983 0.450000 90 121 64
-0.170236 -0.200983 0.450000 87 118 61
-0.169073 -0.200983 0.450000 79 112 54
-0.168283 -0.201429 0.451000 73 106 48
-0.167487 -0.201876 0.452000 86 119 63
-0.167055 -0.202769 0.454000 95 128 72
-0.166247 -0.203216 0.455000 98 126 74
-0.165070 -0.203216 0.455000 97 125 73
-0.087026 -0.205002 0.459000 115 111 100
-0.085839 -0.205002 0.459000 76 72 61
-0.084653 -0.205002 0.459000 47 49 40
-0.083466 -0.205002 0.459000 52 54 45
-0.082280 -0.205002 0.459000 61 69 58
-0.081093 -0.205002 0.459000 69 77 66
-0.079907 -0.205002 0.459000 64 73 66
-0.078720 -0.205002 0.459000 55 64 57
-0.077534 -0.205002 0.459000 44 50 48
-0.076514 -0.205449 0.460000 44 50 48
-0.075325 -0.205449 0.460000 43 46 47
-0.074136 -0.205449 0.460000 50 53 54
-0.072946 -0.205449 0.460000 70 69 69
-0.071757 -0.205449 0.460000 92 91 91
-0.070568 -0.205449 0.460000 120 116 117
-0.022605 -0.201876 0.452000 104 116 81
-0.021389 -0.201429 0.451000 101 113 78
-0.020223 -0.201429 0.451000 93 115 68
-0.019099 -0.201876 0.452000 91 113 66
-0.017931 -0.201876 0.452000 105 126 84
-0.016800 -0.202322 0.453000 111 132 90
0.188604 -0.204109 0.457000 147 144 141
0.189785 -0.204109 0.457000 147 142 138
0.190967 -0.204109 0.457000 136 131 127
0.192148 -0.204109 0.457000 117 116 116
0.193329 -0.204109 0.457000 97 96 96
0.194511 -0.204109 0.457000 80 80 82
0.195692 -0.204109 0.457000 65 65 67
0.196873 -0.204109 0.457000 52 52 54
0.198055 -0.204109 0.457000 48 48 50
0.199236 -0.204109 0.457000 39 45 47
0.199979 -0.203662 0.456000 42 48 50
0.201158 -0.203662 0.456000 43 50 56
0.202336 -0.203662 0.456000 42 49 55
0.203515 -0.203662 0.456000 41 48 54
0.204694 -0.203662 0.456000 42 49 55
0.205873 -0.203662 0.456000 45 48 51
0.207051 -0.203662 0.456000 46 49 52
0.208230 -0.203662 0.456000 48 51 50
0.209409 -0.203662 0.456000 46 49 48
0.210588 -0.203662 0.456000 49 53 48
0.211766 -0.203662 0.456000 48 52 47
0.212945 -0.203662 0.456000 49 53 46
0.214124 -0.203662 0.456000 50 54 47
0.215775 -0.204109 0.457000 48 57 50
0.216956 -0.204109 0.457000 50 59 52
0.218137 -0.204109 0.457000 50 58 57
0.219319 -0.204109 0.457000 50 58 57
0.220018 -0.203662 0.456000 49 55 55
0.221196 -0.203662 0.456000 49 55 55
0.222375 -0.203662 0.456000 54 53 53
0.223554 -0.203662 0.456000 59 58 58
0.224240 -0.203216 0.455000 63 60 55
0.224920 -0.202769 0.454000 69 66 61
0.226094 -0.202769 0.454000 93 89 78
0.226767 -0.202322 0.453000 121 117 106
0.226932 -0.201429 0.451000 143 137 124
-0.174500 -0.199374 0.449000 110 116 81
-0.173340 -0.199374 0.449000 93 116 62
-0.172179 -0.199374 0.449000 95 118 64
-0.171399 -0.199818 0.450000 88 119 62
-0.170236 -0.199818 0.450000 86 117 60
-0.169073 -0.199818 0.450000 65 98 40
-0.168283 -0.200262 0.451000 66 99 41
-0.167487 -0.200706 0.452000 85 118 62
-0.166687 -0.201150 0.453000 94 127 71
-0.165881 -0.201594 0.454000 99 127 75
-0.165070 -0.202038 0.455000 98 126 74
-0.089204 -0.203370 0.458000 135 134 119
-0.088020 -0.203370 0.458000 83 82 67
-0.086836 -0.203370 0.458000 54 55 44
-0.085652 -0.203370 0.458000 52 53 42
-0.084468 -0.203370 0.458000 54 62 51
-0.083285 -0.203370 0.458000 58 66 55
-0.082101 -0.203370 0.458000 61 70 61
-0.081093 -0.203814 0.459000 53 62 53
-0.079907 -0.203814 0.459000 49 57 54
-0.078720 -0.203814 0.459000 47 55 52
-0.077534 -0.203814 0.459000 43 49 51
-0.076347 -0.203814 0.459000 46 52 54
-0.075161 -0.203814 0.459000 67 66 66
-0.073974 -0.203814 0.459000 96 95 95
-0.072788 -0.203814 0.459000 115 112 109
-0.021389 -0.200262 0.451000 96 104 75
-0.020223 -0.200262 0.451000 95 117 70
-0.019057 -0.200262 0.451000 94 116 69
-0.017931 -0.200706 0.452000 100 122 77
-0.016800 -0.201150 0.453000 105 127 82
0.195692 -0.202926 0.457000 150 147 144
0.196873 -0.202926 0.457000 139 138 138
0.198055 -0.202926 0.457000 125 124 124
0.199236 -0.202926 0.457000 92 95 96
0.200417 -0.202926 0.457000 69 72 73
0.201599 -0.202926 0.457000 60 62 70
0.202336 -0.202482 0.456000 52 54 62
0.203515 -0.202482 0.456000 47 46 55
0.204694 -0.202482 0.456000 45 44 53
0.205873 -0.202482 0.456000 43 45 51
0.207051 -0.202482 0.456000 42 44 50
0.208230 -0.202482 0.456000 50 50 52
0.209409 -0.202482 0.456000 48 48 50
0.210588 -0.202482 0.456000 47 47 47
0.211766 -0.202482 0.456000 47 47 47
0.212945 -0.202482 0.456000 46 49 48
0.214124 -0.202482 0.456000 48 51 50
0.215303 -0.202482 0.456000 45 53 50
0.216956 -0.202926 0.457000 46 54 51
0.218137 -0.202926 0.457000 47 55 54
0.218839 -0.202482 0.456000 48 56 55
0.220018 -0.202482 0.456000 48 56 55
0.221196 -0.202482 0.456000 50 58 57
0.222375 -0.202482 0.456000 50 58 59
0.223064 -0.202038 0.455000 50 58 59
0.223747 -0.201594 0.454000 51 57 57
0.224425 -0.201150 0.453000 54 60 60
0.224600 -0.200262 0.451000 54 54 48
0.225265 -0.199818 0.450000 56 56 50
0.226428 -0.199818 0.450000 62 60 52
0.227592 -0.199818 0.450000 72 70 62
0.228755 -0.199818 0.450000 86 85 70
0.229918 -0.199818 0.450000 96 95 80
0.231081 -0.199818 0.450000 119 116 100
0.232245 -0.199818 0.450000 153 150 134
-0.174500 -0.198211 0.449000 100 112 77
-0.173340 -0.198211 0.449000 93 116 64
-0.172179 -0.198211 0.449000 95 118 66
-0.171018 -0.198211 0.449000 89 117 61
-0.170236 -0.198653 0.450000 88 116 60
-0.169073 -0.198653 0.450000 65 96 39
-0.168283 -0.199094 0.451000 68 99 42
-0.167487 -0.199536 0.452000 86 119 61
-0.166687 -0.199977 0.453000 94 127 69
-0.165881 -0.200419 0.454000 94 125 72
-0.165070 -0.200860 0.455000 97 128 75
-0.090388 -0.202184 0.458000 104 101 87
-0.089204 -0.202184 0.458000 63 64 53
-0.088020 -0.202184 0.458000 53 54 43
-0.086836 -0.202184 0.458000 56 61 51
-0.085652 -0.202184 0.458000 60 65 55
-0.084468 -0.202184 0.458000 57 66 57
-0.083285 -0.202184 0.458000 54 63 54
-0.082101 -0.202184 0.458000 48 57 50
-0.080917 -0.202184 0.458000 45 54 47
-0.079907 -0.202626 0.459000 43 51 52
-0.078720 -0.202626 0.459000 46 54 55
-0.077534 -0.202626 0.459000 63 66 69
-0.076347 -0.202626 0.459000 91 94 97
-0.075161 -0.202626 0.459000 118 115 112
-0.021436 -0.199536 0.452000 104 108 83
-0.020223 -0.199094 0.451000 95 114 72
-0.019099 -0.199536 0.452000 95 114 72
-0.017931 -0.199536 0.452000 98 120 75
-0.016763 -0.199536 0.452000 102 124 79
0.200417 -0.201743 0.457000 161 158 155
0.201599 -0.201743 0.457000 155 151 152
0.202780 -0.201743 0.457000 143 139 140
0.203961 -0.201743 0.457000 123 122 126
0.204694 -0.201302 0.456000 109 108 112
0.205873 -0.201302 0.456000 79 82 85
0.207051 -0.201302 0.456000 60 63 66
0.208230 -0.201302 0.456000 50 53 56
0.209409 -0.201302 0.456000 43 46 49
0.210588 -0.201302 0.456000 45 45 49
0.211766 -0.201302 0.456000 46 46 50
0.212945 -0.201302 0.456000 46 48 54
0.214593 -0.201743 0.457000 49 51 57
0.215775 -0.201743 0.457000 43 50 54
0.216956 -0.201743 0.457000 45 52 56
0.218137 -0.201743 0.457000 43 53 56
0.219319 -0.201743 0.457000 43 53 56
0.220018 -0.201302 0.456000 47 54 58
0.221196 -0.201302 0.456000 48 55 59
0.222375 -0.201302 0.456000 47 57 60
0.223064 -0.200860 0.455000 46 56 59
0.224240 -0.200860 0.455000 47 58 58
0.224920 -0.200419 0.454000 47 58 58
0.224600 -0.199094 0.451000 53 61 62
0.225265 -0.198653 0.450000 48 56 57
0.226428 -0.198653 0.450000 49 55 57
0.227592 -0.198653 0.450000 49 55 57
0.228755 -0.198653 0.450000 53 57 52
0.229918 -0.198653 0.450000 53 57 52
0.230568 -0.198211 0.449000 58 60 49
0.232245 -0.198653 0.450000 61 63 52
0.233408 -0.198653 0.450000 76 72 63
0.234571 -0.198653 0.450000 97 93 84
0.235734 -0.198653 0.450000 113 109 100
0.236898 -0.198653 0.450000 128 124 115
-0.175661 -0.197049 0.449000 112 125 92
-0.174500 -0.197049 0.449000 97 110 77
-0.173340 -0.197049 0.449000 95 121 68
-0.172179 -0.197049 0.449000 96 122 69
-0.171018 -0.197049 0.449000 92 118 63
-0.170236 -0.197488 0.450000 79 105 50
-0.169073 -0.197488 0.450000 63 91 37
-0.168283 -0.197927 0.451000 83 111 57
-0.167487 -0.198366 0.452000 89 122 64
-0.166687 -0.198805 0.453000 92 125 67
-0.165881 -0.199243 0.454000 93 118 70
-0.165070 -0.199682 0.455000 112 137 89
-0.092553 -0.200560 0.457000 125 122 108
-0.091372 -0.200560 0.457000 72 73 62
-0.090191 -0.200560 0.457000 51 52 41
-0.089009 -0.200560 0.457000 51 56 44
-0.087828 -0.200560 0.457000 62 67 55
-0.086647 -0.200560 0.457000 63 73 61
-0.085465 -0.200560 0.457000 56 66 54
-0.084284 -0.200560 0.457000 48 57 50
-0.083285 -0.200999 0.458000 47 56 49
-0.082101 -0.200999 0.458000 44 55 53
-0.080917 -0.200999 0.458000 41 52 50
-0.079733 -0.200999 0.458000 54 60 60
-0.078549 -0.200999 0.458000 85 91 91
-0.077534 -0.201438 0.459000 115 114 114
-0.021436 -0.198366 0.452000 118 122 101
-0.020268 -0.198366 0.452000 96 113 72
-0.019099 -0.198366 0.452000 98 115 74
-0.017931 -0.198366 0.452000 92 117 69
-0.016800 -0.198805 0.453000 95 120 72
-0.015629 -0.198805 0.453000 108 125 86
0.207505 -0.200560 0.457000 158 158 154
0.208687 -0.200560 0.457000 146 146 142
0.209868 -0.200560 0.457000 129 129 125
0.211049 -0.200560 0.457000 108 104 107
0.212231 -0.200560 0.457000 89 85 88
0.213412 -0.200560 0.457000 63 65 71
0.214593 -0.200560 0.457000 50 52 58
0.215775 -0.200560 0.457000 44 48 60
0.216956 -0.200560 0.457000 41 45 57
0.218137 -0.200560 0.457000 40 45 54
0.219319 -0.200560 0.457000 44 49 58
0.220500 -0.200560 0.457000 45 52 58
0.221196 -0.200121 0.456000 46 53 59
0.222375 -0.200121 0.456000 46 56 61
0.223554 -0.200121 0.456000 46 56 61
0.224240 -0.199682 0.455000 46 56 61
0.224920 -0.199243 0.454000 44 54 59
0.225596 -0.198805 0.453000 46 53 57
0.225766 -0.197927 0.451000 47 54 58
0.226428 -0.197488 0.450000 50 57 61
0.227592 -0.197488 0.450000 50 57 61
0.228755 -0.197488 0.450000 50 58 57
0.229918 -0.197488 0.450000 52 60 59
0.230568 -0.197049 0.449000 50 58 55
0.231729 -0.197049 0.449000 48 56 53
0.232889 -0.197049 0.449000 51 58 50
0.234050 -0.197049 0.449000 51 58 50
0.235734 -0.197488 0.450000 57 61 54
0.236898 -0.197488 0.450000 57 61 54
0.238061 -0.197488 0.450000 66 67 56
0.239224 -0.197488 0.450000 76 77 66
0.240387 -0.197488 0.450000 99 95 86
0.242087 -0.197927 0.451000 127 123 114
0.243253 -0.197927 0.451000 147 143 132
-0.175661 -0.195887 0.449000 103 120 83
-0.174500 -0.195887 0.449000 96 113 76
-0.173340 -0.195887 0.449000 96 122 71
-0.172179 -0.195887 0.449000 95 121 70
-0.171018 -0.195887 0.449000 88 114 59
-0.170236 -0.196323 0.450000 75 101 46
-0.169073 -0.196323 0.450000 61 89 35
-0.167909 -0.196323 0.450000 89 117 63
-0.167117 -0.196759 0.451000 93 125 65
-0.166687 -0.197632 0.453000 93 125 65
-0.165881 -0.198068 0.454000 98 123 77
-0.165070 -0.198505 0.455000 125 150 104
-0.093530 -0.198941 0.456000 80 81 72
-0.092351 -0.198941 0.456000 56 57 48
-0.091172 -0.198941 0.456000 50 55 41
-0.089993 -0.198941 0.456000 57 62 48
-0.088815 -0.198941 0.456000 63 71 56
-0.087828 -0.199377 0.457000 62 70 55
-0.086647 -0.199377 0.457000 52 65 52
-0.085465 -0.199377 0.457000 44 57 44
-0.084284 -0.199377 0.457000 43 54 50
-0.083103 -0.199377 0.457000 38 49 45
-0.082101 -0.199813 0.458000 42 50 49
-0.080917 -0.199813 0.458000 66 74 73
-0.079733 -0.199813 0.458000 117 117 117
-0.021436 -0.197196 0.452000 133 135 117
-0.020268 -0.197196 0.452000 96 110 72
-0.019057 -0.196759 0.451000 102 116 78
-0.017891 -0.196759 0.451000 89 114 66
-0.016763 -0.197196 0.452000 103 128 80
-0.015629 -0.197632 0.453000 110 127 86
0.213412 -0.199377 0.457000 161 157 158
0.215063 -0.199813 0.458000 149 145 146
0.215775 -0.199377 0.457000 130 128 135
0.216956 -0.199377 0.457000 99 97 104
0.218137 -0.199377 0.457000 79 78 87
0.219319 -0.199377 0.457000 65 64 73
0.220500 -0.199377 0.457000 46 53 59
0.221681 -0.199377 0.457000 42 49 55
0.222375 -0.198941 0.456000 42 49 57
0.223554 -0.198941 0.456000 41 48 56
0.224240 -0.198505 0.455000 46 53 61
0.225416 -0.198505 0.455000 49 56 64
0.226094 -0.198068 0.454000 45 51 62
0.225766 -0.196759 0.451000 48 54 65
0.226932 -0.196759 0.451000 47 54 62
0.227592 -0.196323 0.450000 48 55 63
0.228755 -0.196323 0.450000 47 54 58
0.229918 -0.196323 0.450000 47 54 58
0.231081 -0.196323 0.450000 48 56 57
0.232245 -0.196323 0.450000 47 55 56
0.233408 -0.196323 0.450000 48 56 53
0.234571 -0.196323 0.450000 49 57 54
0.235734 -0.196323 0.450000 52 61 54
0.236898 -0.196323 0.450000 50 59 52
0.238061 -0.196323 0.450000 52 61 54
0.239224 -0.196323 0.450000 57 66 59
0.240387 -0.196323 0.450000 55 61 59
0.241551 -0.196323 0.450000 65 71 69
0.242714 -0.196323 0.450000 69 69 69
0.243877 -0.196323 0.450000 79 79 79
0.245585 -0.196759 0.451000 94 90 83
0.246751 -0.196759 0.451000 122 118 111
0.248466 -0.197196 0.452000 154 150 139
-0.175661 -0.194725 0.449000 101 118 77
-0.174500 -0.194725 0.449000 98 115 74
-0.173340 -0.194725 0.449000 95 123 71
-0.172179 -0.194725 0.449000 91 119 67
-0.171018 -0.194725 0.449000 80 108 54
-0.169858 -0.194725 0.449000 71 99 45
-0.169073 -0.195158 0.450000 69 97 43
-0.167909 -0.195158 0.450000 90 118 64
-0.167117 -0.195592 0.451000 97 126 67
-0.166319 -0.196026 0.452000 96 125 66
-0.165881 -0.196893 0.454000 95 119 76
-0.165070 -0.197327 0.455000 134 158 115
-0.095887 -0.197760 0.456000 113 114 105
-0.094708 -0.197760 0.456000 66 67 58
-0.093530 -0.197760 0.456000 54 56 47
-0.092351 -0.197760 0.456000 60 62 53
-0.091172 -0.197760 0.456000 64 72 59
-0.089993 -0.197760 0.456000 68 76 63
-0.088815 -0.197760 0.456000 56 66 54
-0.087636 -0.197760 0.456000 46 56 44
-0.086457 -0.197760 0.456000 45 54 47
-0.085465 -0.198194 0.457000 41 50 43
-0.084284 -0.198194 0.457000 46 54 51
-0.083103 -0.198194 0.457000 68 76 73
-0.082101 -0.198628 0.458000 104 105 101
-0.080917 -0.198628 0.458000 129 130 126
-0.020268 -0.196026 0.452000 105 116 84
-0.019099 -0.196026 0.452000 100 111 79
-0.017891 -0.195592 0.451000 91 116 68
-0.016763 -0.196026 0.452000 88 113 65
-0.015594 -0.196026 0.452000 111 129 85
0.218615 -0.198628 0.458000 166 165 167
0.219319 -0.198194 0.457000 155 154 156
0.220500 -0.198194 0.457000 130 133 136
0.221681 -0.198194 0.457000 115 118 121
0.222375 -0.197760 0.456000 98 97 104
0.223554 -0.197760 0.456000 73 72 79
0.224733 -0.197760 0.456000 61 60 71
0.225416 -0.197327 0.455000 53 52 63
0.226592 -0.197327 0.455000 42 46 58
0.227268 -0.196893 0.454000 44 48 60
0.227938 -0.196459 0.453000 43 47 59
0.228097 -0.195592 0.451000 44 48 60
0.229263 -0.195592 0.451000 46 51 60
0.229918 -0.195158 0.450000 46 51 60
0.231081 -0.195158 0.450000 46 53 59
0.232245 -0.195158 0.450000 45 52 58
0.233408 -0.195158 0.450000 44 55 55
0.234571 -0.195158 0.450000 44 55 55
0.235734 -0.195158 0.450000 45 56 52
0.236898 -0.195158 0.450000 43 54 50
0.238061 -0.195158 0.450000 45 56 52
0.239224 -0.195158 0.450000 47 58 54
0.240387 -0.195158 0.450000 46 57 53
0.241551 -0.195158 0.450000 54 65 61
0.242714 -0.195158 0.450000 50 58 55
0.243877 -0.195158 0.450000 57 65 62
0.245040 -0.195158 0.450000 61 61 61
0.246204 -0.195158 0.450000 64 64 64
0.247367 -0.195158 0.450000 66 66 62
0.249082 -0.195592 0.451000 72 72 68
0.250248 -0.195592 0.451000 97 95 85
0.251414 -0.195592 0.451000 126 124 114
-0.175661 -0.193562 0.449000 96 116 69
-0.174500 -0.193562 0.449000 95 115 68
-0.173340 -0.193562 0.449000 92 123 70
-0.172179 -0.193562 0.449000 87 118 65
-0.171018 -0.193562 0.449000 81 109 57
-0.169858 -0.193562 0.449000 71 99 47
-0.169073 -0.193993 0.450000 75 103 49
-0.167909 -0.193993 0.450000 88 116 62
-0.167117 -0.194425 0.451000 98 127 68
-0.166319 -0.194856 0.452000 96 125 66
-0.165881 -0.195718 0.454000 95 119 76
-0.164708 -0.195718 0.454000 143 167 124
-0.098029 -0.196149 0.455000 133 131 119
-0.096853 -0.196149 0.455000 89 87 75
-0.095677 -0.196149 0.455000 55 56 52
-0.094501 -0.196149 0.455000 54 55 51
-0.093530 -0.196580 0.456000 61 68 62
-0.092351 -0.196580 0.456000 68 75 69
-0.091172 -0.196580 0.456000 68 75 67
-0.089993 -0.196580 0.456000 54 61 53
-0.088815 -0.196580 0.456000 49 56 50
-0.087636 -0.196580 0.456000 44 51 45
-0.086457 -0.196580 0.456000 41 47 45
-0.085465 -0.197011 0.457000 54 60 58
-0.084284 -0.197011 0.457000 87 88 84
-0.083103 -0.197011 0.457000 129 130 126
-0.019057 -0.194425 0.451000 100 111 79
-0.017891 -0.194425 0.451000 95 117 70
-0.016726 -0.194425 0.451000 88 110 63
-0.015594 -0.194856 0.452000 106 128 81
-0.014458 -0.195287 0.453000 107 129 82
0.222375 -0.196580 0.456000 172 171 173
0.223554 -0.196580 0.456000 167 166 168
0.224733 -0.196580 0.456000 157 157 161
0.225911 -0.196580 0.456000 132 132 136
0.226592 -0.196149 0.455000 98 100 108
0.227768 -0.196149 0.455000 82 84 92
0.228441 -0.195718 0.454000 74 69 81
0.229109 -0.195287 0.453000 58 53 65
0.230280 -0.195287 0.453000 49 47 58
0.230429 -0.194425 0.451000 48 46 57
0.231595 -0.194425 0.451000 42 46 58
0.232761 -0.194425 0.451000 43 47 59
0.233408 -0.193993 0.450000 47 54 62
0.234571 -0.193993 0.450000 47 54 62
0.235734 -0.193993 0.450000 49 55 57
0.236898 -0.193993 0.450000 46 52 54
0.238061 -0.193993 0.450000 41 52 50
0.239224 -0.193993 0.450000 43 54 52
0.240387 -0.193993 0.450000 45 56 54
0.241551 -0.193993 0.450000 46 57 55
0.242714 -0.193993 0.450000 47 58 54
0.243877 -0.193993 0.450000 43 54 50
0.245040 -0.193993 0.450000 49 57 54
0.246204 -0.193993 0.450000 49 57 54
0.247367 -0.193993 0.450000 53 59 57
0.248530 -0.193993 0.450000 60 66 64
0.249693 -0.193993 0.450000 67 67 61
0.251414 -0.194425 0.451000 65 65 59
0.252580 -0.194425 0.451000 69 67 57
0.253746 -0.194425 0.451000 77 75 65
0.254911 -0.194425 0.451000 93 87 74
0.256645 -0.194856 0.452000 120 114 101
0.257813 -0.194856 0.452000 152 144 130
-0.176822 -0.192400 0.449000 117 121 91
-0.175270 -0.191972 0.448000 88 111 61
-0.174112 -0.191972 0.448000 94 117 67
-0.172954 -0.191972 0.448000 90 121 68
-0.171796 -0.191972 0.448000 81 112 59
-0.171018 -0.192400 0.449000 78 105 56
-0.169858 -0.192400 0.449000 71 98 49
-0.169073 -0.192829 0.450000 77 105 51
-0.167909 -0.192829 0.450000 88 116 62
-0.167117 -0.193257 0.451000 99 128 69
-0.166319 -0.193686 0.452000 96 125 66
-0.165516 -0.194114 0.453000 95 116 74
-0.099205 -0.194971 0.455000 102 99 85
-0.098029 -0.194971 0.455000 56 56 50
-0.096853 -0.194971 0.455000 47 47 41
-0.095677 -0.194971 0.455000 50 56 54
-0.094501 -0.194971 0.455000 65 71 69
-0.093325 -0.194971 0.455000 67 75 74
-0.092148 -0.194971 0.455000 54 62 61
-0.091172 -0.195400 0.456000 43 51 50
-0.089993 -0.195400 0.456000 48 56 55
-0.088815 -0.195400 0.456000 45 48 49
-0.087636 -0.195400 0.456000 51 54 55
-0.086457 -0.195400 0.456000 87 87 83
-0.085278 -0.195400 0.456000 122 122 118
-0.084284 -0.195828 0.457000 139 139 133
-0.019015 -0.192829 0.450000 102 110 79
-0.016726 -0.193257 0.451000 94 114 67
-0.015560 -0.193257 0.451000 96 122 71
-0.014426 -0.193686 0.452000 103 129 78
0.228269 -0.195400 0.456000 175 174 176
0.228944 -0.194971 0.455000 173 166 175
0.230121 -0.194971 0.455000 159 152 161
0.230788 -0.194543 0.454000 138 136 145
0.231962 -0.194543 0.454000 106 104 113
0.232622 -0.194114 0.453000 75 77 87
0.233277 -0.193686 0.452000 64 66 76
0.234445 -0.193686 0.452000 56 54 65
0.235092 -0.193257 0.451000 52 50 61
0.236258 -0.193257 0.451000 51 50 59
0.237424 -0.193257 0.451000 46 45 54
0.238590 -0.193257 0.451000 41 48 54
0.239756 -0.193257 0.451000 43 50 56
0.240387 -0.192829 0.450000 45 52 56
0.241551 -0.192829 0.450000 45 52 56
0.242714 -0.192829 0.450000 43 51 50
0.243877 -0.192829 0.450000 43 51 50
0.245040 -0.192829 0.450000 46 57 55
0.246204 -0.192829 0.450000 46 57 55
0.247367 -0.192829 0.450000 47 58 56
0.248530 -0.192829 0.450000 48 59 57
0.249693 -0.192829 0.450000 43 51 48
0.250856 -0.192829 0.450000 49 57 54
0.252580 -0.193257 0.451000 58 62 55
0.253746 -0.193257 0.451000 62 66 59
0.254911 -0.193257 0.451000 75 73 63
0.256077 -0.193257 0.451000 77 75 65
0.257243 -0.193257 0.451000 77 70 62
0.258409 -0.193257 0.451000 77 70 62
0.260150 -0.193686 0.452000 88 80 77
0.261319 -0.193686 0.452000 106 98 95
0.263068 -0.194114 0.453000 136 129 121
-0.176822 -0.191238 0.449000 114 120 87
-0.175270 -0.190812 0.448000 90 113 63
-0.174112 -0.190812 0.448000 95 118 68
-0.172954 -0.190812 0.448000 88 121 67
-0.171796 -0.190812 0.448000 81 114 60
-0.171018 -0.191238 0.449000 79 109 61
-0.169858 -0.191238 0.449000 71 101 53
-0.169073 -0.191664 0.450000 81 109 55
-0.167909 -0.191664 0.450000 91 119 65
-0.167117 -0.192090 0.451000 101 129 73
-0.166319 -0.192516 0.452000 98 126 70
-0.165516 -0.192942 0.453000 104 123 81
-0.101334 -0.193368 0.454000 127 121 106
-0.100161 -0.193368 0.454000 83 84 75
-0.098987 -0.193368 0.454000 52 53 44
-0.097814 -0.193368 0.454000 44 50 48
-0.096640 -0.193368 0.454000 55 61 59
-0.095467 -0.193368 0.454000 59 67 66
-0.094501 -0.193793 0.455000 66 74 73
-0.093325 -0.193793 0.455000 47 55 54
-0.092148 -0.193793 0.455000 48 56 55
-0.090972 -0.193793 0.455000 44 50 52
-0.089993 -0.194219 0.456000 47 53 55
-0.088815 -0.194219 0.456000 72 72 74
-0.087636 -0.194219 0.456000 107 107 109
-0.086457 -0.194219 0.456000 136 133 128
-0.019015 -0.191664 0.450000 107 112 84
-0.017852 -0.191664 0.450000 99 118 76
-0.015560 -0.192090 0.451000 95 123 71
-0.014394 -0.192090 0.451000 95 123 71
-0.013257 -0.192516 0.452000 126 138 101
0.233649 -0.193793 0.455000 177 173 178
0.234309 -0.193368 0.454000 169 165 170
0.235483 -0.193368 0.454000 149 142 151
0.236656 -0.193368 0.454000 125 118 127
0.237306 -0.192942 0.453000 91 89 98
0.238477 -0.192942 0.453000 67 65 74
0.239119 -0.192516 0.452000 51 53 63
0.240287 -0.192516 0.452000 45 47 57
0.241456 -0.192516 0.452000 43 45 55
0.242087 -0.192090 0.451000 46 48 58
0.243253 -0.192090 0.451000 47 57 62
0.244419 -0.192090 0.451000 39 49 54
0.245585 -0.192090 0.451000 43 55 59
0.246751 -0.192090 0.451000 39 51 55
0.247367 -0.191664 0.450000 41 51 56
0.249082 -0.192090 0.451000 43 53 58
0.250248 -0.192090 0.451000 46 54 55
0.251414 -0.192090 0.451000 47 55 56
0.252580 -0.192090 0.451000 51 57 55
0.253746 -0.192090 0.451000 49 55 53
0.254911 -0.192090 0.451000 57 58 54
0.256077 -0.192090 0.451000 65 66 62
0.257243 -0.192090 0.451000 67 67 63
0.258409 -0.192090 0.451000 72 72 68
0.260150 -0.192516 0.452000 77 73 74
0.261319 -0.192516 0.452000 78 74 75
0.262487 -0.192516 0.452000 77 73 66
0.263655 -0.192516 0.452000 78 74 67
0.264824 -0.192516 0.452000 88 84 77
0.266581 -0.192942 0.453000 111 107 100
0.267752 -0.192942 0.453000 138 131 123
-0.176822 -0.190076 0.449000 108 117 81
-0.175270 -0.189652 0.448000 88 116 62
-0.174112 -0.189652 0.448000 94 122 68
-0.172954 -0.189652 0.448000 89 122 68
-0.171796 -0.189652 0.448000 79 112 58
-0.170637 -0.189652 0.448000 75 106 60
-0.169858 -0.190076 0.449000 70 101 55
-0.169073 -0.190499 0.450000 81 109 55
-0.167909 -0.190499 0.450000 94 122 68
-0.167117 -0.190922 0.451000 99 130 73
-0.166319 -0.191346 0.452000 94 125 68
-0.165516 -0.191769 0.453000 117 131 91
-0.102508 -0.192192 0.454000 99 100 89
-0.101334 -0.192192 0.454000 59 60 49
-0.100161 -0.192192 0.454000 42 49 43
-0.098987 -0.192192 0.454000 51 58 52
-0.097814 -0.192192 0.454000 54 66 58
-0.096640 -0.192192 0.454000 54 66 58
-0.095467 -0.192192 0.454000 49 62 59
-0.094501 -0.192616 0.455000 38 51 48
-0.093325 -0.192616 0.455000 41 48 52
-0.092148 -0.192616 0.455000 43 50 54
-0.090972 -0.192616 0.455000 51 54 55
-0.089993 -0.193039 0.456000 87 90 91
-0.088815 -0.193039 0.456000 134 131 128
-0.019015 -0.190499 0.450000 128 129 102
-0.017852 -0.190499 0.450000 97 116 76
-0.016688 -0.190499 0.450000 96 115 75
-0.014394 -0.190922 0.451000 93 123 75
-0.013257 -0.191346 0.452000 119 133 97
0.240177 -0.192192 0.454000 153 147 153
0.241351 -0.192192 0.454000 130 124 130
0.242524 -0.192192 0.454000 96 95 104
0.243161 -0.191769 0.453000 74 73 82
0.244332 -0.191769 0.453000 48 55 63
0.245503 -0.191769 0.453000 42 49 57
0.246129 -0.191346 0.452000 39 48 58
0.247298 -0.191346 0.452000 38 47 57
0.248466 -0.191346 0.452000 42 48 59
0.249082 -0.190922 0.451000 42 48 59
0.250248 -0.190922 0.451000 43 49 60
0.251414 -0.190922 0.451000 43 49 60
0.252580 -0.190922 0.451000 43 48 53
0.253746 -0.190922 0.451000 44 49 54
0.254911 -0.190922 0.451000 47 53 55
0.256077 -0.190922 0.451000 49 55 57
0.257243 -0.190922 0.451000 55 58 59
0.258409 -0.190922 0.451000 56 59 60
0.259575 -0.190922 0.451000 61 61 63
0.260741 -0.190922 0.451000 71 71 73
0.261906 -0.190922 0.451000 73 73 73
0.263072 -0.190922 0.451000 77 77 77
0.264238 -0.190922 0.451000 76 76 70
0.265404 -0.190922 0.451000 72 72 66
0.266570 -0.190922 0.451000 73 68 64
0.267735 -0.190922 0.451000 77 72 68
0.268901 -0.190922 0.451000 95 91 84
0.270067 -0.190922 0.451000 126 122 115
0.271834 -0.191346 0.452000 156 150 137
-0.176428 -0.188493 0.448000 104 116 77
-0.175270 -0.188493 0.448000 90 118 64
-0.174112 -0.188493 0.448000 95 123 69
-0.172954 -0.188493 0.448000 86 119 65
-0.171796 -0.188493 0.448000 77 110 56
-0.170637 -0.188493 0.448000 74 105 59
-0.169858 -0.188913 0.449000 71 102 56
-0.169073 -0.189334 0.450000 83 111 57
-0.167909 -0.189334 0.450000 92 120 66
-0.167117 -0.189755 0.451000 102 130 74
-0.166319 -0.190176 0.452000 94 122 66
-0.165516 -0.190596 0.453000 126 140 102
-0.103682 -0.191017 0.454000 83 84 71
-0.102508 -0.191017 0.454000 49 53 46
-0.101111 -0.190596 0.453000 55 59 52
-0.099940 -0.190596 0.453000 58 65 57
-0.098769 -0.190596 0.453000 65 72 64
-0.097814 -0.191017 0.454000 63 71 68
-0.096640 -0.191017 0.454000 49 57 54
-0.095467 -0.191017 0.454000 43 55 57
-0.094293 -0.191017 0.454000 36 48 50
-0.093325 -0.191438 0.455000 46 49 52
-0.092148 -0.191438 0.455000 71 74 77
-0.090972 -0.191438 0.455000 115 112 109
-0.019015 -0.189334 0.450000 135 135 111
-0.017852 -0.189334 0.450000 94 113 73
-0.016688 -0.189334 0.450000 97 116 76
-0.015525 -0.189334 0.450000 87 117 69
-0.013228 -0.189755 0.451000 109 127 92
0.244234 -0.191438 0.455000 172 166 168
0.244871 -0.191017 0.454000 147 147 151
0.246045 -0.191017 0.454000 128 128 132
0.247218 -0.191017 0.454000 92 90 99
0.247845 -0.190596 0.453000 68 66 75
0.249016 -0.190596 0.453000 57 55 69
0.250187 -0.190596 0.453000 46 44 58
0.251358 -0.190596 0.453000 41 42 57
0.251971 -0.190176 0.452000 43 44 59
0.253140 -0.190176 0.452000 48 49 62
0.255477 -0.190176 0.452000 48 50 60
0.256645 -0.190176 0.452000 48 50 60
0.257813 -0.190176 0.452000 47 52 61
0.258982 -0.190176 0.452000 46 51 60
0.259575 -0.189755 0.451000 47 52 57
0.260741 -0.189755 0.451000 49 54 59
0.261906 -0.189755 0.451000 51 57 57
0.263072 -0.189755 0.451000 55 61 61
0.264238 -0.189755 0.451000 69 72 71
0.265404 -0.189755 0.451000 75 78 77
0.266570 -0.189755 0.451000 82 82 82
0.267142 -0.189334 0.450000 77 77 77
0.268305 -0.189334 0.450000 74 73 73
0.269468 -0.189334 0.450000 69 68 68
0.270632 -0.189334 0.450000 71 68 63
0.271795 -0.189334 0.450000 85 82 77
0.272958 -0.189334 0.450000 109 105 96
0.274121 -0.189334 0.450000 144 140 131
-0.177982 -0.187751 0.449000 108 126 82
-0.176428 -0.187333 0.448000 97 115 71
-0.175270 -0.187333 0.448000 92 120 68
-0.173723 -0.186915 0.447000 94 122 70
-0.172954 -0.187333 0.448000 85 116 63
-0.171796 -0.187333 0.448000 78 109 56
-0.170637 -0.187333 0.448000 74 104 56
-0.169858 -0.187751 0.449000 73 103 55
-0.169073 -0.188169 0.450000 82 110 56
-0.167909 -0.188169 0.450000 95 123 69
-0.167117 -0.188587 0.451000 104 130 77
-0.166319 -0.189006 0.452000 95 121 68
-0.106029 -0.189842 0.454000 99 95 84
-0.104624 -0.189424 0.453000 59 60 54
-0.103453 -0.189424 0.453000 48 49 43
-0.102282 -0.189424 0.453000 56 60 53
-0.101111 -0.189424 0.453000 64 68 61
-0.099940 -0.189424 0.453000 68 75 67
-0.098769 -0.189424 0.453000 57 64 56
-0.097814 -0.189842 0.454000 46 52 50
-0.096640 -0.189842 0.454000 44 50 48
-0.095467 -0.189842 0.454000 43 48 53
-0.094501 -0.190260 0.455000 57 62 67
-0.093325 -0.190260 0.455000 107 103 104
-0.092148 -0.190260 0.455000 135 131 132
-0.017852 -0.188169 0.450000 98 115 78
-0.016688 -0.188169 0.450000 100 117 80
-0.015525 -0.188169 0.450000 90 116 72
-0.013228 -0.188587 0.451000 98 118 83
0.248939 -0.190260 0.455000 177 171 175
0.250115 -0.190260 0.455000 159 153 159
0.250739 -0.189842 0.454000 135 129 135
0.251913 -0.189842 0.454000 111 104 115
0.253086 -0.189842 0.454000 85 78 89
0.253700 -0.189424 0.453000 62 57 69
0.254871 -0.189424 0.453000 51 46 58
0.256042 -0.189424 0.453000 44 42 56
0.257213 -0.189424 0.453000 48 46 60
0.258384 -0.189424 0.453000 46 47 60
0.258982 -0.189006 0.452000 48 49 62
0.260150 -0.189006 0.452000 46 50 62
0.261319 -0.189006 0.452000 44 48 60
0.261906 -0.188587 0.451000 46 51 58
0.263072 -0.188587 0.451000 43 48 55
0.264238 -0.188587 0.451000 42 50 51
0.265404 -0.188587 0.451000 45 53 54
0.265979 -0.188169 0.450000 57 63 63
0.267142 -0.188169 0.450000 67 73 73
0.268305 -0.188169 0.450000 71 74 75
0.269468 -0.188169 0.450000 75 78 79
0.270632 -0.188169 0.450000 78 77 77
0.271795 -0.188169 0.450000 74 73 73
0.272958 -0.188169 0.450000 67 67 63
0.274121 -0.188169 0.450000 62 62 58
0.275284 -0.188169 0.450000 69 64 62
0.276448 -0.188169 0.450000 90 85 83
0.277611 -0.188169 0.450000 120 113 107
-0.177982 -0.186589 0.449000 105 122 81
-0.176428 -0.186173 0.448000 96 113 72
-0.174878 -0.185758 0.447000 89 120 67
-0.173723 -0.185758 0.447000 92 123 70
-0.172568 -0.185758 0.447000 87 114 65
-0.171412 -0.185758 0.447000 80 107 58
-0.170637 -0.186173 0.448000 76 103 56
-0.169858 -0.186589 0.449000 75 102 55
-0.168697 -0.186589 0.449000 83 111 57
-0.167909 -0.187004 0.450000 97 125 71
-0.166746 -0.187004 0.450000 104 127 75
-0.166319 -0.187836 0.452000 98 121 69
-0.108376 -0.188667 0.454000 136 130 117
-0.106966 -0.188251 0.453000 74 72 64
-0.105795 -0.188251 0.453000 54 52 44
-0.104393 -0.187836 0.452000 49 53 46
-0.102282 -0.188251 0.453000 69 70 64
-0.101111 -0.188251 0.453000 67 68 62
-0.099940 -0.188251 0.453000 53 57 50
-0.098769 -0.188251 0.453000 48 52 45
-0.097814 -0.188667 0.454000 46 49 50
-0.096640 -0.188667 0.454000 49 52 53
-0.095467 -0.188667 0.454000 78 74 77
-0.094501 -0.189082 0.455000 126 122 125
-0.017812 -0.186589 0.449000 109 123 87
-0.016688 -0.187004 0.450000 97 111 75
-0.015525 -0.187004 0.450000 90 115 69
-0.014362 -0.187004 0.450000 95 120 74
-0.013228 -0.187420 0.451000 95 116 78
0.253644 -0.189082 0.455000 178 169 176
0.254820 -0.189082 0.455000 162 155 164
0.255996 -0.189082 0.455000 130 123 132
0.256607 -0.188667 0.454000 97 92 102
0.257781 -0.188667 0.454000 80 75 85
0.258954 -0.188667 0.454000 61 56 68
0.259555 -0.188251 0.453000 54 49 61
0.260726 -0.188251 0.453000 46 44 58
0.261897 -0.188251 0.453000 45 43 57
0.262487 -0.187836 0.452000 44 45 58
0.263655 -0.187836 0.452000 43 44 57
0.264238 -0.187420 0.451000 41 46 53
0.265404 -0.187420 0.451000 44 49 56
0.266570 -0.187420 0.451000 46 52 54
0.267142 -0.187004 0.450000 46 52 54
0.268305 -0.187004 0.450000 51 57 57
0.269468 -0.187004 0.450000 56 62 62
0.270632 -0.187004 0.450000 70 73 74
0.271795 -0.187004 0.450000 74 77 78
0.272958 -0.187004 0.450000 75 75 77
0.273512 -0.186589 0.449000 72 72 74
0.274673 -0.186589 0.449000 71 71 71
0.275833 -0.186589 0.449000 66 66 66
0.276994 -0.186589 0.449000 62 57 53
0.278155 -0.186589 0.449000 62 57 53
0.279315 -0.186589 0.449000 78 71 61
-0.177586 -0.185014 0.448000 104 123 81
-0.176428 -0.185014 0.448000 96 115 73
-0.174878 -0.184601 0.447000 92 123 70
-0.173723 -0.184601 0.447000 89 120 67
-0.172568 -0.184601 0.447000 87 114 65
-0.171412 -0.184601 0.447000 81 108 59
-0.170257 -0.184601 0.447000 75 102 55
-0.169479 -0.185014 0.448000 74 101 54
-0.168697 -0.185427 0.449000 91 119 65
-0.167909 -0.185840 0.450000 98 126 72
-0.166746 -0.185840 0.450000 102 125 75
-0.165951 -0.186253 0.451000 97 120 70
-0.110479 -0.187079 0.453000 151 144 127
-0.109308 -0.187079 0.453000 102 96 83
-0.108137 -0.187079 0.453000 70 64 51
-0.106966 -0.187079 0.453000 53 54 45
-0.105562 -0.186666 0.452000 62 63 54
-0.104393 -0.186666 0.452000 66 70 63
-0.102282 -0.187079 0.453000 57 61 54
-0.101111 -0.187079 0.453000 53 57 50
-0.099940 -0.187079 0.453000 50 50 52
-0.098769 -0.187079 0.453000 46 46 48
-0.097814 -0.187492 0.454000 65 64 66
-0.096640 -0.187492 0.454000 106 105 107
-0.095677 -0.187905 0.455000 136 131 129
-0.016651 -0.185427 0.449000 101 113 78
-0.015525 -0.185840 0.450000 90 115 69
-0.014362 -0.185840 0.450000 95 120 74
-0.013199 -0.185840 0.450000 99 120 78
0.258348 -0.187905 0.455000 176 170 176
0.259525 -0.187905 0.455000 160 155 163
0.260701 -0.187905 0.455000 139 134 142
0.261301 -0.187492 0.454000 103 102 111
0.262475 -0.187492 0.454000 72 71 80
0.263068 -0.187079 0.453000 57 55 69
0.264239 -0.187079 0.453000 51 49 63
0.264824 -0.186666 0.452000 45 44 53
0.265992 -0.186666 0.452000 44 43 52
0.266570 -0.186253 0.451000 45 47 55
0.267735 -0.186253 0.451000 46 48 56
0.268305 -0.185840 0.450000 46 48 54
0.269468 -0.185840 0.450000 46 48 54
0.270632 -0.185840 0.450000 48 50 58
0.271795 -0.185840 0.450000 46 48 56
0.272958 -0.185840 0.450000 55 54 61
0.273512 -0.185427 0.449000 61 60 67
0.274673 -0.185427 0.449000 65 68 69
0.275833 -0.185427 0.449000 67 70 71
0.276994 -0.185427 0.449000 67 68 64
0.278155 -0.185427 0.449000 66 67 63
0.279315 -0.185427 0.449000 63 64 55
0.280476 -0.185427 0.449000 58 59 50
0.281637 -0.185427 0.449000 57 55 45
0.283427 -0.185840 0.450000 67 65 55
0.284590 -0.185840 0.450000 90 86 75
0.285754 -0.185840 0.450000 133 129 118
-0.177586 -0.183854 0.448000 104 123 81
-0.176034 -0.183444 0.447000 97 116 74
-0.174878 -0.183444 0.447000 89 120 67
-0.173334 -0.183033 0.446000 88 119 66
-0.172181 -0.183033 0.446000 85 112 63
-0.171412 -0.183444 0.447000 83 110 61
-0.170257 -0.183444 0.447000 76 103 56
-0.169479 -0.183854 0.448000 82 109 62
-0.168697 -0.184264 0.449000 90 118 64
-0.167909 -0.184675 0.450000 97 125 71
-0.166746 -0.184675 0.450000 102 128 77
-0.165951 -0.185085 0.451000 92 118 67
-0.111404 -0.185496 0.452000 135 129 114
-0.110235 -0.185496 0.452000 83 77 62
-0.109067 -0.185496 0.452000 55 51 42
-0.107898 -0.185496 0.452000 55 51 42
-0.106730 -0.185496 0.452000 68 70 61
-0.105562 -0.185496 0.452000 80 82 73
-0.104393 -0.185496 0.452000 71 75 70
-0.102282 -0.185906 0.453000 50 53 52
-0.101111 -0.185906 0.453000 45 48 47
-0.099940 -0.185906 0.453000 50 50 52
-0.098769 -0.185906 0.453000 77 77 79
-0.097814 -0.186316 0.454000 125 119 121
-0.016651 -0.184264 0.449000 103 114 84
-0.015491 -0.184264 0.449000 93 117 74
-0.014362 -0.184675 0.450000 95 119 76
-0.013199 -0.184675 0.450000 99 121 76
0.263053 -0.186727 0.455000 171 167 172
0.263649 -0.186316 0.454000 149 144 152
0.264239 -0.185906 0.453000 121 116 124
0.265410 -0.185906 0.453000 93 88 96
0.265992 -0.185496 0.452000 65 60 68
0.267161 -0.185496 0.452000 51 49 58
0.267735 -0.185085 0.451000 46 44 53
0.268901 -0.185085 0.451000 40 39 50
0.269468 -0.184675 0.450000 44 43 54
0.270632 -0.184675 0.450000 45 46 59
0.271795 -0.184675 0.450000 46 47 60
0.272958 -0.184675 0.450000 46 47 60
0.274121 -0.184675 0.450000 43 44 57
0.274673 -0.184264 0.449000 49 51 57
0.275833 -0.184264 0.449000 50 52 58
0.276994 -0.184264 0.449000 50 53 54
0.278155 -0.184264 0.449000 56 59 60
0.278693 -0.183854 0.448000 59 62 61
0.280476 -0.184264 0.449000 60 63 62
0.281637 -0.184264 0.449000 60 64 59
0.282797 -0.184264 0.449000 56 60 55
0.283958 -0.184264 0.449000 51 52 46
0.285119 -0.184264 0.449000 52 53 47
0.286917 -0.184675 0.450000 66 66 60
0.288080 -0.184675 0.450000 97 97 91
0.289243 -0.184675 0.450000 129 125 116
-0.177586 -0.182694 0.448000 103 123 78
-0.176034 -0.182287 0.447000 95 115 70
-0.174487 -0.181879 0.446000 89 120 67
-0.173334 -0.181879 0.446000 86 117 64
-0.172181 -0.181879 0.446000 87 115 63
-0.171029 -0.181879 0.446000 85 113 61
-0.170257 -0.182287 0.447000 79 105 54
-0.169479 -0.182694 0.448000 89 115 64
-0.168697 -0.183102 0.449000 91 119 63
-0.167536 -0.183102 0.449000 98 126 70
-0.166746 -0.183510 0.450000 100 126 75
-0.165583 -0.183510 0.450000 98 124 73
-0.112323 -0.183918 0.451000 104 101 87
-0.111157 -0.183918 0.451000 62 58 49
-0.109991 -0.183918 0.451000 54 50 41
-0.108826 -0.183918 0.451000 55 53 43
-0.106730 -0.184326 0.452000 77 79 70
-0.105562 -0.184326 0.452000 62 64 55
-0.104393 -0.184326 0.452000 48 51 52
-0.102282 -0.184733 0.453000 48 48 50
-0.101111 -0.184733 0.453000 66 66 68
-0.100161 -0.185141 0.454000 106 102 103
-0.098987 -0.185141 0.454000 139 135 136
-0.016614 -0.182694 0.448000 99 109 82
-0.015456 -0.182694 0.448000 95 119 78
-0.014330 -0.183102 0.449000 92 116 75
-0.013199 -0.183510 0.450000 100 121 79
0.265410 -0.184733 0.453000 180 172 171
0.266581 -0.184733 0.453000 171 163 162
0.267161 -0.184326 0.452000 149 140 145
0.268329 -0.184326 0.452000 116 107 112
0.268901 -0.183918 0.451000 89 87 96
0.270067 -0.183918 0.451000 65 63 72
0.270632 -0.183510 0.450000 44 45 58
0.271795 -0.183510 0.450000 43 44 57
0.272958 -0.183510 0.450000 41 45 59
0.274121 -0.183510 0.450000 43 47 61
0.275284 -0.183510 0.450000 43 47 59
0.275833 -0.183102 0.449000 42 46 58
0.276994 -0.183102 0.449000 42 47 52
0.278155 -0.183102 0.449000 43 48 53
0.279315 -0.183102 0.449000 45 53 52
0.280476 -0.183102 0.449000 48 56 55
0.281009 -0.182694 0.448000 48 56 55
0.282167 -0.182694 0.448000 50 58 57
0.283326 -0.182694 0.448000 49 57 56
0.285119 -0.183102 0.449000 49 57 56
0.286279 -0.183102 0.449000 48 56 55
0.287440 -0.183102 0.449000 42 50 49
0.288601 -0.183102 0.449000 47 48 44
0.290407 -0.183510 0.450000 60 61 57
0.291570 -0.183510 0.450000 83 80 75
0.292733 -0.183510 0.450000 120 117 112
0.293896 -0.183510 0.450000 155 151 144
-0.177189 -0.181130 0.447000 101 121 76
-0.175640 -0.180724 0.446000 93 113 68
-0.174487 -0.180724 0.446000 89 119 69
-0.173334 -0.180724 0.446000 86 116 66
-0.172181 -0.180724 0.446000 84 111 62
-0.171029 -0.180724 0.446000 87 114 65
-0.169101 -0.181130 0.447000 91 117 66
-0.168321 -0.181535 0.448000 90 119 60
-0.167536 -0.181940 0.449000 99 128 69
-0.166746 -0.182345 0.450000 100 126 75
-0.165583 -0.182345 0.450000 96 122 71
-0.114655 -0.182750 0.451000 127 124 110
-0.113237 -0.182345 0.450000 75 73 65
-0.112323 -0.182750 0.451000 54 52 44
-0.111157 -0.182750 0.451000 57 55 45
-0.109991 -0.182750 0.451000 64 62 52
-0.108826 -0.182750 0.451000 67 68 57
-0.106730 -0.183156 0.452000 48 52 47
-0.105562 -0.183156 0.452000 50 54 49
-0.103453 -0.183561 0.453000 52 52 54
-0.102282 -0.183561 0.453000 89 85 86
-0.101334 -0.183966 0.454000 131 127 128
-0.016577 -0.181130 0.447000 111 123 97
-0.015456 -0.181535 0.448000 95 119 76
-0.014330 -0.181940 0.449000 92 116 73
-0.013169 -0.181940 0.449000 100 124 81
0.269498 -0.183156 0.452000 175 169 173
0.270067 -0.182750 0.451000 158 152 156
0.271233 -0.182750 0.451000 134 129 137
0.272399 -0.182750 0.451000 106 101 109
0.272958 -0.182345 0.450000 68 67 78
0.274121 -0.182345 0.450000 53 52 63
0.275284 -0.182345 0.450000 44 45 58
0.276448 -0.182345 0.450000 42 43 56
0.277611 -0.182345 0.450000 40 45 54
0.278155 -0.181940 0.449000 40 45 54
0.279315 -0.181940 0.449000 43 50 56
0.280476 -0.181940 0.449000 40 47 53
0.281637 -0.181940 0.449000 38 49 49
0.282797 -0.181940 0.449000 41 52 52
0.283958 -0.181940 0.449000 44 55 55
0.285119 -0.181940 0.449000 44 55 55
0.285642 -0.181535 0.448000 44 55 53
0.286800 -0.181535 0.448000 50 61 59
0.287958 -0.181535 0.448000 53 61 58
0.289761 -0.181940 0.449000 52 60 57
0.290922 -0.181940 0.449000 46 52 50
0.292083 -0.181940 0.449000 46 52 50
0.293243 -0.181940 0.449000 60 59 59
0.295060 -0.182345 0.450000 82 81 81
0.296223 -0.182345 0.450000 128 123 119
0.297386 -0.182345 0.450000 158 153 149
-0.177189 -0.179972 0.447000 100 120 73
-0.175640 -0.179570 0.446000 94 114 67
-0.174096 -0.179167 0.445000 90 121 68
-0.172181 -0.179570 0.446000 81 108 59
-0.171029 -0.179570 0.446000 82 109 60
-0.169101 -0.179972 0.447000 95 118 66
-0.168321 -0.180375 0.448000 92 119 59
-0.167536 -0.180778 0.449000 99 126 66
-0.166376 -0.180778 0.449000 101 124 74
-0.165583 -0.181180 0.450000 104 127 77
-0.115564 -0.181180 0.450000 100 98 88
-0.114400 -0.181180 0.450000 60 58 48
-0.113237 -0.181180 0.450000 54 54 48
-0.112074 -0.181180 0.450000 56 56 50
-0.110911 -0.181180 0.450000 66 66 60
-0.109991 -0.181583 0.451000 69 69 63
-0.108826 -0.181583 0.451000 60 61 55
-0.106730 -0.181986 0.452000 46 47 43
-0.105562 -0.181986 0.452000 46 47 43
-0.104624 -0.182388 0.453000 67 64 61
-0.103453 -0.182388 0.453000 107 104 101
-0.016540 -0.179570 0.446000 107 119 95
-0.015422 -0.179972 0.447000 96 120 79
-0.014298 -0.180375 0.448000 93 117 76
-0.013169 -0.180778 0.449000 97 121 78
0.272399 -0.181583 0.451000 177 169 168
0.273565 -0.181583 0.451000 163 159 162
0.274730 -0.181583 0.451000 141 137 140
0.275284 -0.181180 0.450000 110 105 113
0.276448 -0.181180 0.450000 82 77 85
0.277611 -0.181180 0.450000 59 58 67
0.278774 -0.181180 0.450000 53 52 61
0.279937 -0.181180 0.450000 41 43 51
0.281101 -0.181180 0.450000 43 45 53
0.281637 -0.180778 0.449000 41 48 54
0.282797 -0.180778 0.449000 41 48 54
0.283958 -0.180778 0.449000 40 50 55
0.285119 -0.180778 0.449000 39 49 54
0.286279 -0.180778 0.449000 39 52 49
0.287440 -0.180778 0.449000 40 53 50
0.288601 -0.180778 0.449000 44 57 52
0.289761 -0.180778 0.449000 46 59 54
0.290922 -0.180778 0.449000 48 56 53
0.292083 -0.180778 0.449000 48 56 53
0.293243 -0.180778 0.449000 51 51 51
0.294404 -0.180778 0.449000 50 50 50
0.295565 -0.180778 0.449000 52 47 43
0.296725 -0.180778 0.449000 61 56 52
0.297886 -0.180778 0.449000 103 96 88
0.299046 -0.180778 0.449000 134 127 119
-0.176793 -0.178415 0.446000 100 121 71
-0.175246 -0.178015 0.445000 95 116 66
-0.174096 -0.178015 0.445000 90 121 64
-0.172946 -0.178015 0.445000 86 117 60
-0.171795 -0.178015 0.445000 78 106 54
-0.171029 -0.178415 0.446000 82 110 58
-0.169876 -0.178415 0.446000 93 114 62
-0.167946 -0.178815 0.447000 95 122 60
-0.167163 -0.179215 0.448000 98 125 63
-0.166376 -0.179615 0.449000 101 124 74
-0.117890 -0.180015 0.450000 125 123 113
-0.116727 -0.180015 0.450000 78 76 66
-0.115564 -0.180015 0.450000 52 52 46
-0.114400 -0.180015 0.450000 56 56 50
-0.113237 -0.180015 0.450000 64 65 59
-0.112074 -0.180015 0.450000 76 77 71
-0.110911 -0.180015 0.450000 71 73 64
-0.109991 -0.180416 0.451000 58 60 51
-0.108826 -0.180416 0.451000 52 53 47
-0.106730 -0.180816 0.452000 53 53 49
-0.105562 -0.180816 0.452000 83 83 79
-0.104624 -0.181216 0.453000 128 123 119
-0.016540 -0.178415 0.446000 108 117 97
-0.015422 -0.178815 0.447000 98 119 77
-0.014266 -0.178815 0.447000 97 118 76
-0.013140 -0.179215 0.448000 97 122 76
0.277062 -0.180416 0.451000 170 165 163
0.278228 -0.180416 0.451000 154 153 155
0.278774 -0.180015 0.450000 122 121 123
0.279937 -0.180015 0.450000 81 80 87
0.281101 -0.180015 0.450000 60 59 66
0.282264 -0.180015 0.450000 46 48 56
0.283427 -0.180015 0.450000 46 48 56
0.284590 -0.180015 0.450000 42 48 59
0.285754 -0.180015 0.450000 40 46 57
0.286917 -0.180015 0.450000 39 49 52
0.287440 -0.179615 0.449000 40 50 53
0.288601 -0.179615 0.449000 38 49 47
0.289761 -0.179615 0.449000 39 50 48
0.290922 -0.179615 0.449000 43 52 45
0.292083 -0.179615 0.449000 46 55 48
0.293243 -0.179615 0.449000 51 58 52
0.294404 -0.179615 0.449000 50 57 51
0.295565 -0.179615 0.449000 52 53 47
0.296725 -0.179615 0.449000 48 49 43
0.297886 -0.179615 0.449000 48 46 36
0.299046 -0.179615 0.449000 51 49 39
0.300207 -0.179615 0.449000 74 67 59
0.301368 -0.179615 0.449000 113 106 98
0.302528 -0.179615 0.449000 157 149 137
-0.176397 -0.176863 0.445000 100 121 67
-0.175246 -0.176863 0.445000 96 117 63
-0.174096 -0.176863 0.445000 90 122 62
-0.172946 -0.176863 0.445000 85 117 57
-0.171795 -0.176863 0.445000 78 106 52
-0.171029 -0.177261 0.446000 84 112 58
-0.169876 -0.177261 0.446000 99 120 66
-0.167946 -0.177658 0.447000 93 120 60
-0.167163 -0.178056 0.448000 98 125 65
-0.166376 -0.178453 0.449000 101 123 76
-0.119053 -0.178851 0.450000 100 97 81
-0.117628 -0.178453 0.449000 54 55 51
-0.116468 -0.178453 0.449000 48 49 45
-0.115307 -0.178453 0.449000 53 56 55
-0.114400 -0.178851 0.450000 66 69 68
-0.113237 -0.178851 0.450000 72 76 71
-0.112074 -0.178851 0.450000 63 67 62
-0.110911 -0.178851 0.450000 49 53 46
-0.109991 -0.179248 0.451000 50 54 47
-0.107898 -0.179646 0.452000 57 57 57
-0.106730 -0.179646 0.452000 115 112 107
-0.016540 -0.177261 0.446000 116 120 99
-0.015422 -0.177658 0.447000 102 122 77
-0.014266 -0.177658 0.447000 97 117 72
-0.013140 -0.178056 0.448000 95 120 72
-0.012009 -0.178453 0.449000 98 123 75
0.280560 -0.179248 0.451000 167 166 170
0.281725 -0.179248 0.451000 158 157 161
0.282264 -0.178851 0.450000 138 136 143
0.283427 -0.178851 0.450000 102 100 107
0.284590 -0.178851 0.450000 64 66 76
0.285754 -0.178851 0.450000 50 52 62
0.286917 -0.178851 0.450000 40 45 52
0.288080 -0.178851 0.450000 40 45 52
0.289243 -0.178851 0.450000 39 44 51
0.290407 -0.178851 0.450000 41 46 53
0.290922 -0.178453 0.449000 40 48 47
0.292083 -0.178453 0.449000 40 48 47
0.293243 -0.178453 0.449000 45 54 47
0.294404 -0.178453 0.449000 42 51 44
0.295565 -0.178453 0.449000 43 50 42
0.296725 -0.178453 0.449000 44 51 43
0.297886 -0.178453 0.449000 49 53 46
0.299046 -0.178453 0.449000 49 53 46
0.300207 -0.178453 0.449000 49 49 45
0.301368 -0.178453 0.449000 49 49 45
0.302528 -0.178453 0.449000 61 57 50
-0.176397 -0.175712 0.445000 97 118 64
-0.175246 -0.175712 0.445000 96 117 63
-0.174096 -0.175712 0.445000 92 124 64
-0.172946 -0.175712 0.445000 83 115 55
-0.171795 -0.175712 0.445000 76 107 52
-0.170645 -0.175712 0.445000 81 112 57
-0.169876 -0.176106 0.446000 95 118 66
-0.167946 -0.176501 0.447000 98 125 65
-0.166790 -0.176501 0.447000 100 127 67
-0.166005 -0.176896 0.448000 104 126 79
-0.119950 -0.177291 0.449000 69 70 61
-0.118789 -0.177291 0.449000 49 50 41
-0.117366 -0.176896 0.448000 47 53 51
-0.116208 -0.176896 0.448000 58 64 62
-0.115307 -0.177291 0.449000 68 76 73
-0.114146 -0.177291 0.449000 62 70 67
-0.113237 -0.177686 0.450000 54 60 58
-0.112074 -0.177686 0.450000 50 56 54
-0.110911 -0.177686 0.450000 48 51 50
-0.109991 -0.178081 0.451000 50 53 52
-0.107898 -0.178476 0.452000 123 123 123
-0.016577 -0.176501 0.447000 118 121 100
-0.015422 -0.176501 0.447000 104 121 80
-0.014266 -0.176501 0.447000 98 115 74
-0.013140 -0.176896 0.448000 96 121 73
-0.012009 -0.177291 0.449000 97 122 74
0.284057 -0.178081 0.451000 167 163 166
0.285223 -0.178081 0.451000 158 154 159
0.285754 -0.177686 0.450000 140 136 141
0.286917 -0.177686 0.450000 101 100 107
0.288080 -0.177686 0.450000 69 68 75
0.289243 -0.177686 0.450000 48 50 58
0.290407 -0.177686 0.450000 39 41 49
0.291570 -0.177686 0.450000 39 46 50
0.292733 -0.177686 0.450000 41 48 52
0.293896 -0.177686 0.450000 43 54 54
0.295060 -0.177686 0.450000 39 50 50
0.296223 -0.177686 0.450000 39 47 46
0.297386 -0.177686 0.450000 41 49 48
0.298549 -0.177686 0.450000 43 51 48
0.299713 -0.177686 0.450000 41 49 46
0.300876 -0.177686 0.450000 47 53 51
0.302039 -0.177686 0.450000 47 53 51
0.303202 -0.177686 0.450000 51 51 51
-0.176397 -0.174560 0.445000 99 120 66
-0.175246 -0.174560 0.445000 95 116 62
-0.174096 -0.174560 0.445000 91 125 62
-0.172946 -0.174560 0.445000 86 120 57
-0.171795 -0.174560 0.445000 73 106 48
-0.170645 -0.174560 0.445000 81 114 56
-0.169876 -0.174952 0.446000 95 121 68
-0.168723 -0.174952 0.446000 99 125 72
-0.166790 -0.175344 0.447000 104 131 73
-0.166005 -0.175736 0.448000 105 128 78
-0.122271 -0.176129 0.449000 93 91 81
-0.120840 -0.175736 0.448000 56 54 44
-0.119415 -0.175344 0.447000 50 51 45
-0.118260 -0.175344 0.447000 59 60 54
-0.117104 -0.175344 0.447000 64 71 65
-0.115949 -0.175344 0.447000 63 70 64
-0.115307 -0.176129 0.449000 51 62 58
-0.114146 -0.176129 0.449000 41 52 48
-0.113237 -0.176521 0.450000 44 50 50
-0.112074 -0.176521 0.450000 43 49 49
-0.110911 -0.176521 0.450000 64 64 64
-0.109991 -0.176913 0.451000 108 108 108
-0.016577 -0.175344 0.447000 120 123 100
-0.015422 -0.175344 0.447000 105 122 81
-0.014298 -0.175736 0.448000 100 117 76
-0.013140 -0.175736 0.448000 96 121 75
-0.012009 -0.176129 0.449000 99 124 78
0.288720 -0.176913 0.451000 159 153 157
0.289886 -0.176913 0.451000 133 129 134
0.291052 -0.176913 0.451000 100 96 101
0.291570 -0.176521 0.450000 68 67 74
0.292733 -0.176521 0.450000 51 50 57
0.293896 -0.176521 0.450000 41 46 55
0.295060 -0.176521 0.450000 41 46 55
0.296223 -0.176521 0.450000 41 51 58
0.297386 -0.176521 0.450000 40 50 57
0.298549 -0.176521 0.450000 40 50 53
0.299713 -0.176521 0.450000 39 49 52
0.300876 -0.176521 0.450000 41 49 48
0.302039 -0.176521 0.450000 42 50 49
0.303202 -0.176521 0.450000 45 53 52
-0.176397 -0.173408 0.445000 100 121 67
-0.175246 -0.173408 0.445000 95 116 62
-0.174096 -0.173408 0.445000 92 126 63
-0.172946 -0.173408 0.445000 84 118 55
-0.171795 -0.173408 0.445000 73 106 50
-0.170645 -0.173408 0.445000 82 115 59
-0.169495 -0.173408 0.445000 96 124 70
-0.168723 -0.173797 0.446000 98 126 72
-0.166790 -0.174187 0.447000 102 129 71
-0.166005 -0.174577 0.448000 101 124 74
-0.121726 -0.174187 0.447000 48 50 41
-0.120301 -0.173797 0.446000 54 56 47
-0.119148 -0.173797 0.446000 57 64 56
-0.117995 -0.173797 0.446000 70 77 69
-0.117104 -0.174187 0.447000 61 70 61
-0.115949 -0.174187 0.447000 48 57 48
-0.115307 -0.174966 0.449000 46 54 51
-0.114146 -0.174966 0.449000 38 46 43
-0.113237 -0.175356 0.450000 48 51 50
-0.112074 -0.175356 0.450000 81 84 83
-0.110911 -0.175356 0.450000 127 124 121
-0.016614 -0.174577 0.448000 122 125 104
-0.015456 -0.174577 0.448000 106 120 80
-0.014298 -0.174577 0.448000 104 118 78
-0.013140 -0.174577 0.448000 95 120 72
-0.012009 -0.174966 0.449000 102 127 79
0.292866 -0.176135 0.452000 149 145 148
0.293384 -0.175746 0.451000 131 127 130
0.294549 -0.175746 0.451000 85 83 90
0.295715 -0.175746 0.451000 59 57 64
0.296881 -0.175746 0.451000 50 48 62
0.297386 -0.175356 0.450000 46 44 58
0.298549 -0.175356 0.450000 38 45 53
0.300379 -0.175746 0.451000 41 48 56
0.300876 -0.175356 0.450000 39 49 52
0.302039 -0.175356 0.450000 39 49 52
0.303202 -0.175356 0.450000 42 50 51
-0.176397 -0.172256 0.445000 98 121 69
-0.175246 -0.172256 0.445000 93 116 64
-0.174096 -0.172256 0.445000 91 125 62
-0.172946 -0.172256 0.445000 84 118 55
-0.171795 -0.172256 0.445000 74 107 49
-0.170645 -0.172256 0.445000 86 119 61
-0.169495 -0.172256 0.445000 97 125 69
-0.168723 -0.172643 0.446000 96 124 68
-0.167570 -0.172643 0.446000 99 126 66
-0.165635 -0.173030 0.447000 101 124 74
-0.123760 -0.172643 0.446000 52 53 44
-0.122332 -0.172256 0.445000 49 50 41
-0.121182 -0.172256 0.445000 59 64 54
-0.120031 -0.172256 0.445000 64 69 59
-0.118881 -0.172256 0.445000 57 64 56
-0.117995 -0.172643 0.446000 54 61 53
-0.117104 -0.173030 0.447000 45 54 47
-0.115949 -0.173030 0.447000 40 49 42
-0.115307 -0.173804 0.449000 41 48 42
-0.114146 -0.173804 0.449000 65 72 66
-0.113237 -0.174191 0.450000 115 115 111
-0.112074 -0.174191 0.450000 136 136 132
-0.016614 -0.173417 0.448000 122 125 104
-0.015456 -0.173417 0.448000 106 120 80
-0.014298 -0.173417 0.448000 104 118 78
-0.013169 -0.173804 0.449000 98 120 73
-0.012009 -0.173804 0.449000 104 126 79
-0.010848 -0.173804 0.449000 106 118 79
0.295203 -0.174965 0.452000 158 152 156
0.296371 -0.174965 0.452000 148 142 146
0.297539 -0.174965 0.452000 115 108 117
0.298708 -0.174965 0.452000 84 77 86
0.299876 -0.174965 0.452000 58 56 65
0.300379 -0.174578 0.451000 46 44 53
0.302213 -0.174965 0.452000 44 46 56
0.302710 -0.174578 0.451000 44 46 56
0.303876 -0.174578 0.451000 42 49 55
-0.176397 -0.171104 0.445000 95 117 70
-0.175246 -0.171104 0.445000 93 115 68
-0.174096 -0.171104 0.445000 92 124 64
-0.172946 -0.171104 0.445000 82 114 54
-0.171795 -0.171104 0.445000 74 105 48
-0.170645 -0.171104 0.445000 87 118 61
-0.169495 -0.171104 0.445000 96 122 67
-0.168344 -0.171104 0.445000 97 123 68
-0.167570 -0.171488 0.446000 96 123 63
-0.165635 -0.171873 0.447000 106 127 77
-0.164479 -0.171873 0.447000 122 143 93
-0.126933 -0.171104 0.445000 90 89 72
-0.125783 -0.171104 0.445000 60 62 53
-0.124352 -0.170719 0.444000 52 54 45
-0.123205 -0.170719 0.444000 58 59 53
-0.122057 -0.170719 0.444000 65 66 60
-0.121182 -0.171104 0.445000 69 73 66
-0.120031 -0.171104 0.445000 62 66 59
-0.118881 -0.171104 0.445000 51 58 50
-0.117995 -0.171488 0.446000 44 51 43
-0.117104 -0.171873 0.447000 39 46 40
-0.116208 -0.172257 0.448000 50 57 51
-0.115307 -0.172642 0.449000 87 91 86
-0.114400 -0.173026 0.450000 131 135 130
-0.016614 -0.172257 0.448000 119 123 102
-0.015456 -0.172257 0.448000 107 121 83
-0.014298 -0.172257 0.448000 103 117 79
-0.013169 -0.172642 0.449000 95 121 70
-0.012009 -0.172642 0.449000 99 125 74
0.299369 -0.174180 0.453000 161 152 155
0.300540 -0.174180 0.453000 137 131 137
0.301711 -0.174180 0.453000 95 89 95
0.302882 -0.174180 0.453000 68 63 73
0.303381 -0.173795 0.452000 54 49 59
0.305224 -0.174180 0.453000 48 50 60
-0.176397 -0.169952 0.445000 99 120 78
-0.175246 -0.169952 0.445000 93 114 72
-0.174096 -0.169952 0.445000 92 123 68
-0.172946 -0.169952 0.445000 86 117 62
-0.171795 -0.169952 0.445000 76 104 50
-0.170645 -0.169952 0.445000 88 116 62
-0.169495 -0.169952 0.445000 96 122 69
-0.168344 -0.169952 0.445000 97 123 70
-0.167570 -0.170334 0.446000 96 123 65
-0.166417 -0.170334 0.446000 102 129 71
-0.164479 -0.170716 0.447000 121 141 94
-0.129234 -0.169952 0.445000 118 113 93
-0.127796 -0.169570 0.444000 67 68 55
-0.126648 -0.169570 0.444000 53 54 41
-0.125500 -0.169570 0.444000 46 50 43
-0.124352 -0.169570 0.444000 57 61 54
-0.123205 -0.169570 0.444000 63 67 62
-0.122057 -0.169570 0.444000 65 69 64
-0.121182 -0.169952 0.445000 50 57 51
-0.120031 -0.169952 0.445000 47 54 48
-0.119148 -0.170334 0.446000 44 50 48
-0.118260 -0.170716 0.447000 44 50 48
-0.117366 -0.171098 0.448000 64 68 63
-0.116468 -0.171480 0.449000 107 111 106
-0.015456 -0.171098 0.448000 104 121 84
-0.014298 -0.171098 0.448000 104 121 84
-0.013169 -0.171480 0.449000 93 119 68
-0.012009 -0.171480 0.449000 98 124 73
0.302882 -0.173007 0.453000 148 139 142
0.304053 -0.173007 0.453000 125 116 119
0.305897 -0.173389 0.454000 83 79 84
-0.176000 -0.168421 0.444000 100 121 83
-0.174853 -0.168421 0.444000 93 114 76
-0.173705 -0.168421 0.444000 95 123 71
-0.172557 -0.168421 0.444000 89 117 65
-0.171795 -0.168800 0.445000 79 101 54
-0.170645 -0.168800 0.445000 92 114 67
-0.169495 -0.168800 0.445000 97 122 74
-0.168344 -0.168800 0.445000 96 121 73
-0.167194 -0.168800 0.445000 97 123 70
-0.166417 -0.169179 0.446000 102 128 75
-0.165264 -0.169179 0.446000 109 129 82
-0.131534 -0.168800 0.445000 138 131 114
-0.130091 -0.168421 0.444000 81 77 66
-0.128943 -0.168421 0.444000 58 54 43
-0.127508 -0.168042 0.443000 47 49 40
-0.126363 -0.168042 0.443000 55 57 48
-0.125218 -0.168042 0.443000 61 68 60
-0.124072 -0.168042 0.443000 70 77 69
-0.123205 -0.168421 0.444000 60 67 61
-0.122057 -0.168421 0.444000 50 57 51
-0.121182 -0.168800 0.445000 48 54 54
-0.120031 -0.168800 0.445000 43 49 49
-0.119415 -0.169559 0.447000 49 55 53
-0.118524 -0.169938 0.448000 79 85 83
-0.117628 -0.170317 0.449000 134 134 128
-0.015456 -0.169938 0.448000 104 121 84
-0.014298 -0.169938 0.448000 105 122 85
-0.013140 -0.169938 0.448000 93 119 68
-0.012009 -0.170317 0.449000 98 124 73
-0.010848 -0.170317 0.449000 98 114 66
-0.176000 -0.167272 0.444000 99 120 80
-0.174853 -0.167272 0.444000 93 114 74
-0.173705 -0.167272 0.444000 95 121 70
-0.172557 -0.167272 0.444000 90 116 65
-0.171409 -0.167272 0.444000 81 103 56
-0.170262 -0.167272 0.444000 92 114 67
-0.169114 -0.167272 0.444000 100 125 79
-0.168344 -0.167648 0.445000 96 121 75
-0.167194 -0.167648 0.445000 98 124 71
-0.166044 -0.167648 0.445000 100 126 73
-0.164894 -0.167648 0.445000 108 126 80
-0.164111 -0.168025 0.446000 121 139 93
-0.132387 -0.167272 0.444000 99 95 86
-0.131239 -0.167272 0.444000 64 60 51
-0.129798 -0.166895 0.443000 51 52 43
-0.128653 -0.166895 0.443000 59 60 51
-0.127508 -0.166895 0.443000 68 70 61
-0.126363 -0.166895 0.443000 72 74 65
-0.125218 -0.166895 0.443000 66 70 63
-0.124352 -0.167272 0.444000 50 54 47
-0.123205 -0.167272 0.444000 49 55 53
-0.122332 -0.167648 0.445000 46 52 50
-0.121182 -0.167648 0.445000 46 52 50
-0.120301 -0.168025 0.446000 73 79 77
-0.119415 -0.168402 0.447000 117 117 111
-0.015456 -0.168778 0.448000 104 123 85
-0.014298 -0.168778 0.448000 104 123 85
-0.013140 -0.168778 0.448000 91 119 67
-0.011982 -0.168778 0.448000 97 125 73
-0.010848 -0.169155 0.449000 104 120 72
-0.174853 -0.166122 0.444000 94 113 73
-0.173705 -0.166122 0.444000 92 118 67
-0.172557 -0.166122 0.444000 89 115 64
-0.171409 -0.166122 0.444000 83 105 58
-0.170262 -0.166122 0.444000 86 108 61
-0.169114 -0.166122 0.444000 105 130 84
-0.167966 -0.166122 0.444000 97 122 76
-0.167194 -0.166496 0.445000 97 123 70
-0.166044 -0.166496 0.445000 103 129 76
-0.164894 -0.166496 0.445000 108 126 80
-0.163743 -0.166496 0.445000 121 139 93
-0.134682 -0.166122 0.444000 114 110 99
-0.133534 -0.166122 0.444000 72 68 57
-0.132088 -0.165748 0.443000 51 48 43
-0.130943 -0.165748 0.443000 55 52 47
-0.129798 -0.165748 0.443000 59 60 54
-0.128653 -0.165748 0.443000 65 66 60
-0.127508 -0.165748 0.443000 63 67 60
-0.126363 -0.165748 0.443000 57 61 54
-0.125218 -0.165748 0.443000 50 54 49
-0.124352 -0.166122 0.444000 46 50 45
-0.123205 -0.166122 0.444000 45 48 49
-0.122332 -0.166496 0.445000 58 61 62
-0.121454 -0.166871 0.446000 99 99 93
-0.120571 -0.167245 0.447000 137 137 131
-0.015422 -0.167245 0.447000 102 122 87
-0.014266 -0.167245 0.447000 99 119 84
-0.013111 -0.167245 0.447000 88 118 68
-0.011982 -0.167619 0.448000 96 126 76
-0.010824 -0.167619 0.448000 99 114 69
-0.174853 -0.164973 0.444000 95 114 74
-0.173705 -0.164973 0.444000 91 117 66
-0.172168 -0.164601 0.443000 89 115 64
-0.171409 -0.164973 0.444000 77 103 52
-0.170262 -0.164973 0.444000 77 103 52
-0.169114 -0.164973 0.444000 105 130 82
-0.167966 -0.164973 0.444000 97 122 74
-0.166818 -0.164973 0.444000 96 122 69
-0.166044 -0.165344 0.445000 103 129 76
-0.164894 -0.165344 0.445000 108 128 81
-0.163743 -0.165344 0.445000 117 137 90
-0.136977 -0.164973 0.444000 123 120 106
-0.135524 -0.164601 0.443000 87 84 70
-0.134379 -0.164601 0.443000 54 52 44
-0.132933 -0.164230 0.442000 54 52 44
-0.131790 -0.164230 0.442000 54 54 48
-0.130648 -0.164230 0.442000 65 65 59
-0.129505 -0.164230 0.442000 63 67 60
-0.128363 -0.164230 0.442000 57 61 54
-0.127508 -0.164601 0.443000 51 58 52
-0.126363 -0.164601 0.443000 47 54 48
-0.125500 -0.164973 0.444000 44 47 48
-0.124352 -0.164973 0.444000 49 52 53
-0.123482 -0.165344 0.445000 89 90 86
-0.122332 -0.165344 0.445000 124 125 121
-0.015387 -0.165716 0.446000 104 124 89
-0.014234 -0.165716 0.446000 99 119 84
-0.013111 -0.166088 0.447000 90 120 70
-0.011955 -0.166088 0.447000 96 126 76
-0.010824 -0.166459 0.448000 101 119 75
-0.174459 -0.163455 0.443000 95 114 76
-0.173314 -0.163455 0.443000 89 115 64
-0.172168 -0.163455 0.443000 89 115 64
-0.171023 -0.163455 0.443000 75 103 51
-0.169878 -0.163455 0.443000 66 94 42
-0.169114 -0.163824 0.444000 105 130 82
-0.167966 -0.163824 0.444000 98 123 75
-0.166818 -0.163824 0.444000 95 121 68
-0.165671 -0.163824 0.444000 102 128 75
-0.164894 -0.164193 0.445000 106 128 81
-0.163743 -0.164193 0.445000 114 136 89
-0.138959 -0.163455 0.443000 143 137 122
-0.137814 -0.163455 0.443000 104 98 83
-0.136360 -0.163086 0.442000 61 59 47
-0.134912 -0.162717 0.441000 54 52 40
-0.133772 -0.162717 0.441000 58 59 48
-0.132632 -0.162717 0.441000 63 64 53
-0.131492 -0.162717 0.441000 66 68 59
-0.130352 -0.162717 0.441000 64 66 57
-0.129505 -0.163086 0.442000 56 60 53
-0.128653 -0.163455 0.443000 51 55 48
-0.127508 -0.163455 0.443000 51 54 55
-0.126648 -0.163824 0.444000 46 49 50
-0.125500 -0.163824 0.444000 69 69 69
-0.124633 -0.164193 0.445000 109 109 109
-0.015387 -0.164562 0.446000 105 126 88
-0.014234 -0.164562 0.446000 102 123 85
-0.013081 -0.164562 0.446000 90 120 70
-0.011955 -0.164931 0.447000 95 125 75
-0.174459 -0.162308 0.443000 97 114 75
-0.173314 -0.162308 0.443000 91 117 66
-0.172168 -0.162308 0.443000 89 115 64
-0.171023 -0.162308 0.443000 76 104 50
-0.169878 -0.162308 0.443000 59 87 33
-0.168733 -0.162308 0.443000 108 136 84
-0.167966 -0.162674 0.444000 98 126 74
-0.166818 -0.162674 0.444000 95 121 68
-0.165671 -0.162674 0.444000 99 125 72
-0.164523 -0.162674 0.444000 102 124 77
-0.163743 -0.163041 0.445000 112 134 87
-0.139788 -0.161942 0.442000 104 99 81
-0.138332 -0.161575 0.441000 73 69 58
-0.136881 -0.161209 0.440000 55 51 40
-0.135743 -0.161209 0.440000 53 54 43
-0.134606 -0.161209 0.440000 58 59 48
-0.132632 -0.161575 0.441000 63 64 53
-0.131492 -0.161575 0.441000 60 62 53
-0.130648 -0.161942 0.442000 54 56 47
-0.129798 -0.162308 0.443000 48 52 47
-0.128653 -0.162308 0.443000 46 50 45
-0.127796 -0.162674 0.444000 58 58 58
-0.126648 -0.162674 0.444000 98 98 98
-0.125783 -0.163041 0.445000 133 133 127
-0.015353 -0.163041 0.445000 106 125 83
-0.014202 -0.163041 0.445000 104 123 81
-0.013081 -0.163407 0.446000 92 120 68
-0.011928 -0.163407 0.446000 95 123 71
-0.174459 -0.161161 0.443000 98 115 78
-0.173314 -0.161161 0.443000 89 116 67
-0.171780 -0.160797 0.442000 88 115 66
-0.171023 -0.161161 0.443000 78 106 52
-0.169878 -0.161161 0.443000 53 81 27
-0.168733 -0.161161 0.443000 103 131 77
-0.167588 -0.161161 0.443000 99 127 73
-0.166443 -0.161161 0.443000 92 120 66
-0.165671 -0.161525 0.444000 97 125 71
-0.164523 -0.161525 0.444000 103 128 80
-0.163743 -0.161889 0.445000 106 131 83
-0.141752 -0.160434 0.441000 134 128 113
-0.140293 -0.160070 0.440000 80 78 66
-0.139156 -0.160070 0.440000 55 53 41
-0.137705 -0.159706 0.439000 52 53 44
-0.136881 -0.160070 0.440000 58 59 50
-0.135743 -0.160070 0.440000 61 63 54
-0.134606 -0.160070 0.440000 68 70 61
-0.133469 -0.160070 0.440000 66 68 59
-0.131790 -0.160797 0.442000 53 53 47
-0.130943 -0.161161 0.443000 51 51 45
-0.129798 -0.161161 0.443000 53 53 49
-0.128943 -0.161525 0.444000 73 73 69
-0.128083 -0.161889 0.445000 128 126 118
-0.015353 -0.161889 0.445000 105 122 83
-0.014202 -0.161889 0.445000 102 119 80
-0.013052 -0.161889 0.445000 93 119 66
-0.011928 -0.162253 0.446000 98 124 71
-0.172922 -0.159653 0.442000 90 117 70
-0.171780 -0.159653 0.442000 88 115 68
-0.170637 -0.159653 0.442000 83 111 59
-0.169495 -0.159653 0.442000 53 81 29
-0.168352 -0.159653 0.442000 103 129 78
-0.167210 -0.159653 0.442000 102 128 77
-0.166443 -0.160015 0.443000 92 120 66
-0.165298 -0.160015 0.443000 97 125 71
-0.164523 -0.160376 0.444000 103 128 80
-0.163375 -0.160376 0.444000 104 129 81
-0.142244 -0.158570 0.439000 103 104 91
-0.141109 -0.158570 0.439000 66 67 54
-0.139974 -0.158570 0.439000 48 50 41
-0.138839 -0.158570 0.439000 53 55 46
-0.137705 -0.158570 0.439000 58 62 55
-0.136570 -0.158570 0.439000 64 68 61
-0.135435 -0.158570 0.439000 64 71 63
-0.134606 -0.158931 0.440000 50 57 49
-0.132632 -0.159292 0.441000 48 52 47
-0.131790 -0.159653 0.442000 51 48 43
-0.131239 -0.160376 0.444000 68 65 60
-0.130091 -0.160376 0.444000 112 108 99
-0.129234 -0.160737 0.445000 139 135 126
-0.015353 -0.160737 0.445000 107 124 83
-0.014202 -0.160737 0.445000 102 119 78
-0.013052 -0.160737 0.445000 93 119 66
-0.011902 -0.160737 0.445000 100 126 73
-0.172922 -0.158509 0.442000 90 116 72
-0.171391 -0.158151 0.441000 89 115 71
-0.170251 -0.158151 0.441000 85 112 63
-0.169111 -0.158151 0.441000 54 81 32
-0.167971 -0.158151 0.441000 98 126 74
-0.167210 -0.158509 0.442000 101 129 77
-0.166067 -0.158509 0.442000 93 119 66
-0.165298 -0.158868 0.443000 98 124 71
-0.164152 -0.158868 0.443000 104 126 79
-0.163375 -0.159226 0.444000 99 121 74
-0.144513 -0.157433 0.439000 120 121 108
-0.143379 -0.157433 0.439000 74 75 62
-0.141920 -0.157075 0.438000 52 53 47
-0.140788 -0.157075 0.438000 48 49 43
-0.139655 -0.157075 0.438000 53 57 50
-0.138839 -0.157433 0.439000 57 61 54
-0.137705 -0.157433 0.439000 57 64 56
-0.136570 -0.157433 0.439000 54 61 53
-0.135743 -0.157792 0.440000 51 58 52
-0.133772 -0.158151 0.441000 51 50 50
-0.132933 -0.158509 0.442000 58 57 57
-0.132387 -0.159226 0.444000 92 87 83
-0.131239 -0.159226 0.444000 134 129 125
-0.015353 -0.159585 0.445000 107 126 84
-0.014202 -0.159585 0.445000 100 119 77
-0.013052 -0.159585 0.445000 90 118 66
-0.011902 -0.159585 0.445000 96 124 72
-0.172531 -0.157009 0.441000 93 114 72
-0.171391 -0.157009 0.441000 91 112 70
-0.170251 -0.157009 0.441000 89 116 69
-0.169111 -0.157009 0.441000 55 82 35
-0.167971 -0.157009 0.441000 91 119 67
-0.166831 -0.157009 0.441000 101 129 77
-0.165691 -0.157009 0.441000 95 121 66
-0.164924 -0.157365 0.442000 97 123 68
-0.164152 -0.157721 0.443000 102 125 73
-0.163007 -0.157721 0.443000 97 120 68
-0.161862 -0.157721 0.443000 129 146 109
-0.146783 -0.156297 0.439000 125 127 111
-0.145316 -0.155941 0.438000 90 92 76
-0.144184 -0.155941 0.438000 53 54 50
-0.143052 -0.155941 0.438000 47 48 44
-0.141596 -0.155585 0.437000 45 49 44
-0.140466 -0.155585 0.437000 58 62 57
-0.139655 -0.155941 0.438000 68 75 67
-0.138839 -0.156297 0.439000 58 65 57
-0.137705 -0.156297 0.439000 50 59 52
-0.136881 -0.156653 0.440000 47 56 49
-0.135743 -0.156653 0.440000 45 48 49
-0.134075 -0.157365 0.442000 79 76 71
-0.133234 -0.157721 0.443000 125 122 117
-0.132387 -0.158077 0.444000 145 138 132
-0.016503 -0.158433 0.445000 113 120 98
-0.015353 -0.158433 0.445000 107 126 84
-0.014202 -0.158433 0.445000 97 116 74
-0.013052 -0.158433 0.445000 92 120 68
-0.011902 -0.158433 0.445000 97 125 73
-0.172140 -0.155514 0.440000 95 116 74
-0.171002 -0.155514 0.440000 90 111 69
-0.169865 -0.155514 0.440000 87 114 67
-0.168728 -0.155514 0.440000 58 85 38
-0.167590 -0.155514 0.440000 84 110 59
-0.166453 -0.155514 0.440000 102 128 77
-0.165316 -0.155514 0.440000 97 123 68
-0.164551 -0.155867 0.441000 96 122 67
-0.163411 -0.155867 0.441000 102 125 71
-0.162639 -0.156221 0.442000 95 118 64
-0.161497 -0.156221 0.442000 123 140 101
-0.147581 -0.154807 0.438000 112 111 94
-0.146114 -0.154454 0.437000 61 62 53
-0.144653 -0.154100 0.436000 49 50 41
-0.143526 -0.154100 0.436000 49 52 51
-0.142399 -0.154100 0.436000 53 56 55
-0.141596 -0.154454 0.437000 67 71 66
-0.140466 -0.154454 0.437000 74 78 73
-0.139655 -0.154807 0.438000 54 60 58
-0.138839 -0.155161 0.439000 44 50 48
-0.137705 -0.155161 0.439000 46 49 48
-0.136881 -0.155514 0.440000 45 48 47
-0.135218 -0.156221 0.442000 105 101 102
-0.134379 -0.156574 0.443000 143 135 132
-0.172140 -0.154375 0.440000 102 123 83
-0.171002 -0.154375 0.440000 92 113 73
-0.169865 -0.154375 0.440000 87 114 65
-0.168728 -0.154375 0.440000 61 88 39
-0.167590 -0.154375 0.440000 83 109 58
-0.166453 -0.154375 0.440000 104 130 79
-0.165316 -0.154375 0.440000 96 122 67
-0.164178 -0.154375 0.440000 95 121 66
-0.163041 -0.154375 0.440000 97 123 70
-0.161903 -0.154375 0.440000 98 124 71
-0.161131 -0.154726 0.441000 125 137 100
-0.149503 -0.153323 0.437000 129 129 109
-0.148034 -0.152972 0.436000 92 93 80
-0.146570 -0.152621 0.435000 56 57 44
-0.145446 -0.152621 0.435000 47 48 44
-0.144321 -0.152621 0.435000 55 56 52
-0.143197 -0.152621 0.435000 57 61 56
-0.142399 -0.152972 0.436000 62 66 61
-0.141596 -0.153323 0.437000 63 70 64
-0.140788 -0.153673 0.438000 51 58 52
-0.139974 -0.154024 0.439000 43 49 47
-0.138839 -0.154024 0.439000 40 46 44
-0.138018 -0.154375 0.440000 51 52 48
-0.136360 -0.155077 0.442000 132 124 121
-0.172140 -0.153236 0.440000 104 123 83
-0.171002 -0.153236 0.440000 93 112 72
-0.169865 -0.153236 0.440000 84 112 60
-0.168344 -0.152888 0.439000 63 91 39
-0.167209 -0.152888 0.439000 75 103 49
-0.166075 -0.152888 0.439000 106 134 80
-0.164940 -0.152888 0.439000 98 126 72
-0.163805 -0.152888 0.439000 91 119 65
-0.162670 -0.152888 0.439000 98 124 73
-0.161903 -0.153236 0.440000 100 126 75
-0.160766 -0.153236 0.440000 119 131 94
-0.151762 -0.152191 0.437000 139 139 117
-0.150288 -0.151843 0.436000 111 114 96
-0.148819 -0.151495 0.435000 64 67 49
-0.147694 -0.151495 0.435000 46 47 41
-0.146233 -0.151147 0.434000 51 52 46
-0.145446 -0.151495 0.435000 53 57 52
-0.144321 -0.151495 0.435000 58 62 57
-0.143197 -0.151495 0.435000 59 63 58
-0.142399 -0.151843 0.436000 57 61 56
-0.141920 -0.152540 0.438000 41 49 46
-0.141109 -0.152888 0.439000 45 53 50
-0.139974 -0.152888 0.439000 41 47 45
-0.139156 -0.153236 0.440000 63 69 67
-0.137503 -0.153933 0.442000 138 138 132
-0.017653 -0.154977 0.445000 113 123 98
-0.016503 -0.154977 0.445000 111 121 96
-0.015318 -0.154629 0.444000 104 125 83
-0.014170 -0.154629 0.444000 95 116 74
-0.013023 -0.154629 0.444000 96 123 74
-0.170614 -0.151752 0.439000 93 110 69
-0.169479 -0.151752 0.439000 80 108 56
-0.168344 -0.151752 0.439000 68 96 44
-0.167209 -0.151752 0.439000 58 86 34
-0.166075 -0.151752 0.439000 105 133 81
-0.164940 -0.151752 0.439000 99 127 73
-0.163805 -0.151752 0.439000 91 119 65
-0.162670 -0.151752 0.439000 99 125 72
-0.161535 -0.151752 0.439000 99 125 72
-0.160401 -0.151752 0.439000 120 132 95
-0.155151 -0.151060 0.437000 135 136 109
-0.154022 -0.151060 0.437000 140 141 114
-0.152192 -0.150369 0.435000 126 126 104
-0.151068 -0.150369 0.435000 82 82 60
-0.149943 -0.150369 0.435000 50 52 39
-0.148477 -0.150023 0.434000 50 52 39
-0.147355 -0.150023 0.434000 51 56 46
-0.146233 -0.150023 0.434000 53 58 48
-0.145111 -0.150023 0.434000 57 61 54
-0.144321 -0.150369 0.435000 56 60 53
-0.143526 -0.150714 0.436000 51 57 55
-0.142725 -0.151060 0.437000 47 53 51
-0.142244 -0.151752 0.439000 40 46 46
-0.141109 -0.151752 0.439000 54 60 60
-0.140293 -0.152097 0.440000 96 100 95
-0.017653 -0.153826 0.445000 112 122 97
-0.016503 -0.153826 0.445000 110 120 95
-0.015318 -0.153480 0.444000 102 123 81
-0.014170 -0.153480 0.444000 97 118 76
-0.170614 -0.150615 0.439000 105 119 81
-0.169479 -0.150615 0.439000 85 110 62
-0.168344 -0.150615 0.439000 71 96 48
-0.167209 -0.150615 0.439000 46 76 26
-0.166075 -0.150615 0.439000 104 134 84
-0.164940 -0.150615 0.439000 97 128 73
-0.163432 -0.150272 0.438000 90 121 66
-0.162300 -0.150272 0.438000 101 124 72
-0.161167 -0.150272 0.438000 100 123 71
-0.160035 -0.150272 0.438000 110 124 84
-0.158540 -0.149929 0.437000 125 139 99
-0.157050 -0.149586 0.436000 131 136 108
-0.155923 -0.149586 0.436000 136 141 113
-0.154441 -0.149243 0.435000 136 139 116
-0.153317 -0.149243 0.435000 101 104 81
-0.152192 -0.149243 0.435000 65 67 51
-0.150721 -0.148900 0.434000 51 53 37
-0.149599 -0.148900 0.434000 54 56 47
-0.148477 -0.148900 0.434000 57 59 50
-0.147355 -0.148900 0.434000 56 61 51
-0.146233 -0.148900 0.434000 57 62 52
-0.145446 -0.149243 0.435000 52 56 51
-0.144321 -0.149243 0.435000 44 48 43
-0.143855 -0.149929 0.437000 45 48 47
-0.143379 -0.150615 0.439000 43 46 45
-0.142244 -0.150615 0.439000 71 74 73
-0.140293 -0.150958 0.440000 132 133 127
-0.018804 -0.152674 0.445000 116 119 103
-0.017653 -0.152674 0.445000 110 122 94
-0.016466 -0.152331 0.444000 110 122 94
-0.015318 -0.152331 0.444000 102 123 81
-0.014170 -0.152331 0.444000 98 119 77
-0.169479 -0.149479 0.439000 84 109 61
-0.168344 -0.149479 0.439000 78 103 55
-0.166829 -0.149138 0.438000 47 77 27
-0.165696 -0.149138 0.438000 102 132 82
-0.164188 -0.148798 0.437000 100 131 76
-0.163059 -0.148798 0.437000 89 120 65
-0.161559 -0.148457 0.436000 95 118 64
-0.160432 -0.148457 0.436000 98 121 67
-0.159304 -0.148457 0.436000 106 121 78
-0.157815 -0.148117 0.435000 124 139 96
-0.156690 -0.148117 0.435000 133 140 116
-0.155566 -0.148117 0.435000 122 129 105
-0.154086 -0.147776 0.434000 75 81 64
-0.152964 -0.147776 0.434000 49 55 38
-0.151842 -0.147776 0.434000 45 50 40
-0.150721 -0.147776 0.434000 53 58 48
-0.149599 -0.147776 0.434000 59 63 56
-0.148477 -0.147776 0.434000 62 66 59
-0.147355 -0.147776 0.434000 54 61 55
-0.146233 -0.147776 0.434000 49 56 50
-0.145446 -0.148117 0.435000 44 50 48
-0.144653 -0.148457 0.436000 50 56 54
-0.144184 -0.149138 0.438000 59 59 55
-0.143379 -0.149479 0.439000 99 99 95
-0.018804 -0.151522 0.445000 115 121 104
-0.017653 -0.151522 0.445000 110 123 92
-0.016466 -0.151181 0.444000 110 123 92
-0.015318 -0.151181 0.444000 98 123 77
-0.014170 -0.151181 0.444000 93 118 72
-0.013023 -0.151181 0.444000 96 123 74
-0.011875 -0.151181 0.444000 97 124 75
-0.169479 -0.148342 0.439000 91 113 68
-0.167961 -0.148005 0.438000 84 106 61
-0.166448 -0.147667 0.437000 58 85 38
-0.165318 -0.147667 0.437000 82 109 62
-0.163813 -0.147329 0.436000 101 129 75
-0.162686 -0.147329 0.436000 92 120 66
-0.161188 -0.146991 0.435000 94 117 63
-0.160064 -0.146991 0.435000 97 120 66
-0.158939 -0.146991 0.435000 99 119 74
-0.157452 -0.146653 0.434000 115 135 90
-0.156330 -0.146653 0.434000 104 114 91
-0.155208 -0.146653 0.434000 63 73 50
-0.154086 -0.146653 0.434000 43 51 40
-0.152964 -0.146653 0.434000 44 52 41
-0.151842 -0.146653 0.434000 55 63 52
-0.150721 -0.146653 0.434000 60 68 57
-0.149599 -0.146653 0.434000 64 71 65
-0.148477 -0.146653 0.434000 57 64 58
-0.147355 -0.146653 0.434000 46 52 50
-0.146570 -0.146991 0.435000 40 46 44
-0.145780 -0.147329 0.436000 46 49 48
-0.145316 -0.148005 0.438000 63 66 65
-0.144513 -0.148342 0.439000 115 112 107
-0.018804 -0.150370 0.445000 118 121 105
-0.017614 -0.150032 0.444000 110 123 92
-0.016466 -0.150032 0.444000 109 122 91
-0.015318 -0.150032 0.444000 97 122 76
-0.014170 -0.150032 0.444000 92 117 71
-0.013023 -0.150032 0.444000 96 123 74
-0.169093 -0.146871 0.438000 99 120 78
-0.167577 -0.146535 0.437000 88 109 67
-0.166067 -0.146200 0.436000 63 90 43
-0.164940 -0.146200 0.436000 68 95 48
-0.163437 -0.145865 0.435000 103 129 78
-0.162312 -0.145865 0.435000 95 121 70
-0.161188 -0.145865 0.435000 91 114 60
-0.159696 -0.145529 0.434000 98 121 67
-0.158574 -0.145529 0.434000 98 115 78
-0.157452 -0.145529 0.434000 72 89 52
-0.156330 -0.145529 0.434000 50 60 44
-0.155208 -0.145529 0.434000 43 53 37
-0.153731 -0.145194 0.433000 50 58 47
-0.152964 -0.145529 0.434000 54 62 51
-0.151842 -0.145529 0.434000 55 62 54
-0.150721 -0.145529 0.434000 54 61 53
-0.149599 -0.145529 0.434000 50 56 54
-0.148819 -0.145865 0.435000 43 49 47
-0.147694 -0.145865 0.435000 42 45 46
-0.147244 -0.146535 0.437000 57 60 61
-0.146449 -0.146871 0.438000 102 102 98
-0.145648 -0.147206 0.439000 125 125 121
-0.018804 -0.149218 0.445000 117 120 102
-0.017614 -0.148883 0.444000 111 124 91
-0.016466 -0.148883 0.444000 109 122 89
-0.015318 -0.148883 0.444000 94 121 74
-0.014170 -0.148883 0.444000 92 119 72
-0.013023 -0.148883 0.444000 96 123 76
-0.168707 -0.145404 0.437000 102 121 81
-0.167194 -0.145072 0.436000 95 114 74
-0.166067 -0.145072 0.436000 65 89 46
-0.164561 -0.144739 0.435000 63 87 44
-0.163437 -0.144739 0.435000 112 134 87
-0.161939 -0.144406 0.434000 100 122 75
-0.160817 -0.144406 0.434000 92 112 67
-0.159696 -0.144406 0.434000 86 106 61
-0.158574 -0.144406 0.434000 59 73 51
-0.157452 -0.144406 0.434000 41 55 33
-0.156330 -0.144406 0.434000 43 56 41
-0.155208 -0.144406 0.434000 48 61 46
-0.154086 -0.144406 0.434000 54 64 50
-0.152964 -0.144406 0.434000 53 63 49
-0.151842 -0.144406 0.434000 50 59 50
-0.150721 -0.144406 0.434000 48 57 48
-0.149943 -0.144739 0.435000 43 49 47
-0.148819 -0.144739 0.435000 47 53 51
-0.148374 -0.145404 0.437000 73 73 73
-0.147918 -0.146070 0.439000 122 122 122
-0.146783 -0.146070 0.439000 129 126 123
-0.018804 -0.148066 0.445000 117 119 101
-0.017614 -0.147733 0.444000 108 124 90
-0.016466 -0.147733 0.444000 104 120 86
-0.015318 -0.147733 0.444000 95 122 75
-0.014170 -0.147733 0.444000 95 122 75
-0.013023 -0.147733 0.444000 97 123 79
-0.166810 -0.143613 0.435000 96 113 76
-0.165686 -0.143613 0.435000 69 90 48
-0.164561 -0.143613 0.435000 59 80 38
-0.163061 -0.143283 0.434000 101 122 82
-0.161939 -0.143283 0.434000 102 123 83
-0.160817 -0.143283 0.434000 67 84 56
-0.159696 -0.143283 0.434000 46 63 35
-0.158574 -0.143283 0.434000 43 56 41
-0.157452 -0.143283 0.434000 45 58 43
-0.156330 -0.143283 0.434000 55 65 51
-0.155208 -0.143283 0.434000 59 69 55
-0.154086 -0.143283 0.434000 54 64 52
-0.152964 -0.143283 0.434000 50 60 48
-0.152192 -0.143613 0.435000 46 53 47
-0.151068 -0.143613 0.435000 43 50 44
-0.150288 -0.143943 0.436000 55 56 52
-0.149845 -0.144603 0.438000 95 96 92
-0.149053 -0.144933 0.439000 131 128 125
-0.018804 -0.146914 0.445000 115 118 100
-0.017614 -0.146584 0.444000 107 124 87
-0.016466 -0.146584 0.444000 102 119 82
-0.015318 -0.146584 0.444000 91 123 74
-0.014170 -0.146584 0.444000 95 127 78
-0.013023 -0.146584 0.444000 92 118 78
-0.166810 -0.142487 0.435000 109 123 87
-0.165305 -0.142159 0.434000 77 94 53
-0.164183 -0.142159 0.434000 68 85 44
-0.163061 -0.142159 0.434000 83 101 66
-0.161939 -0.142159 0.434000 73 91 56
-0.160817 -0.142159 0.434000 43 56 39
-0.159328 -0.141832 0.433000 48 61 44
-0.158208 -0.141832 0.433000 50 63 50
-0.157452 -0.142159 0.434000 53 66 53
-0.156330 -0.142159 0.434000 57 67 55
-0.155208 -0.142159 0.434000 55 65 53
-0.154441 -0.142487 0.435000 48 55 47
-0.153317 -0.142487 0.435000 44 51 43
-0.152542 -0.142814 0.436000 47 48 42
-0.151762 -0.143142 0.437000 69 70 64
-0.151322 -0.143797 0.439000 113 110 105
-0.019954 -0.145762 0.445000 116 120 99
-0.018761 -0.145435 0.444000 115 119 98
-0.017614 -0.145435 0.444000 104 123 83
-0.016466 -0.145435 0.444000 100 119 79
-0.015318 -0.145435 0.444000 89 119 69
-0.014170 -0.145435 0.444000 97 127 77
-0.013023 -0.145435 0.444000 92 117 80
-0.166427 -0.141036 0.434000 113 121 92
-0.165305 -0.141036 0.434000 87 98 66
-0.164183 -0.141036 0.434000 76 87 55
-0.163061 -0.141036 0.434000 54 65 46
-0.161566 -0.140711 0.433000 47 58 39
-0.160817 -0.141036 0.434000 52 62 50
-0.159696 -0.141036 0.434000 54 64 52
-0.158574 -0.141036 0.434000 56 66 54
-0.157452 -0.141036 0.434000 54 64 52
-0.156330 -0.141036 0.434000 47 56 47
-0.155566 -0.141361 0.435000 47 56 47
-0.154441 -0.141361 0.435000 41 48 40
-0.154022 -0.142011 0.437000 55 62 54
-0.153242 -0.142336 0.438000 93 95 84
-0.019909 -0.144285 0.444000 117 121 100
-0.018761 -0.144285 0.444000 116 120 99
-0.017614 -0.144285 0.444000 104 121 80
-0.016466 -0.144285 0.444000 97 114 73
-0.015318 -0.144285 0.444000 89 120 67
-0.014170 -0.144285 0.444000 97 128 75
-0.013023 -0.144285 0.444000 94 115 77
-0.167549 -0.139912 0.434000 109 113 90
-0.166427 -0.139912 0.434000 102 106 83
-0.165305 -0.139912 0.434000 65 72 50
-0.164183 -0.139912 0.434000 52 59 37
-0.162686 -0.139590 0.433000 52 62 48
-0.161566 -0.139590 0.433000 50 60 46
-0.160817 -0.139912 0.434000 55 64 55
-0.159696 -0.139912 0.434000 56 65 56
-0.158574 -0.139912 0.434000 48 60 52
-0.157452 -0.139912 0.434000 44 56 48
-0.156690 -0.140235 0.435000 40 52 44
-0.155566 -0.140235 0.435000 40 52 44
-0.155151 -0.140880 0.437000 73 78 68
-0.154374 -0.141202 0.438000 113 118 108
-0.021104 -0.143459 0.445000 113 112 97
-0.019909 -0.143136 0.444000 117 121 100
-0.018761 -0.143136 0.444000 117 121 100
-0.017614 -0.143136 0.444000 103 121 77
-0.016466 -0.143136 0.444000 96 114 70
-0.015318 -0.143136 0.444000 92 120 68
-0.014170 -0.143136 0.444000 98 126 74
-0.013023 -0.143136 0.444000 96 115 77
-0.168671 -0.138789 0.434000 114 114 94
-0.167549 -0.138789 0.434000 87 89 71
-0.166427 -0.138789 0.434000 62 64 46
-0.165305 -0.138789 0.434000 48 53 41
-0.164183 -0.138789 0.434000 53 58 46
-0.162686 -0.138469 0.433000 54 64 52
-0.161566 -0.138469 0.433000 55 65 53
-0.160817 -0.138789 0.434000 53 65 55
-0.159696 -0.138789 0.434000 48 60 50
-0.158574 -0.138789 0.434000 44 58 49
-0.157815 -0.139109 0.435000 38 52 43
-0.156690 -0.139109 0.435000 47 62 48
-0.156281 -0.139748 0.437000 80 95 81
-0.155506 -0.140068 0.438000 117 125 110
-0.021057 -0.141987 0.444000 115 114 99
-0.019909 -0.141987 0.444000 116 123 99
-0.018761 -0.141987 0.444000 115 122 98
-0.017614 -0.141987 0.444000 102 122 77
-0.016466 -0.141987 0.444000 96 116 71
-0.015318 -0.141987 0.444000 95 122 73
-0.014170 -0.141987 0.444000 98 125 76
-0.013023 -0.141987 0.444000 100 117 80
-0.169793 -0.137666 0.434000 116 118 100
-0.168671 -0.137666 0.434000 82 84 66
-0.167549 -0.137666 0.434000 55 57 46
-0.166043 -0.137348 0.433000 51 53 42
-0.164924 -0.137348 0.433000 55 60 48
-0.163805 -0.137348 0.433000 64 69 57
-0.163061 -0.137666 0.434000 61 71 59
-0.161939 -0.137666 0.434000 59 69 57
-0.160817 -0.137666 0.434000 44 58 47
-0.159696 -0.137666 0.434000 46 60 49
-0.158574 -0.137666 0.434000 42 56 45
-0.157815 -0.137983 0.435000 47 61 50
-0.157050 -0.138300 0.436000 81 99 78
-0.156639 -0.138934 0.438000 106 124 103
-0.021057 -0.140838 0.444000 121 118 104
-0.019909 -0.140838 0.444000 116 123 97
-0.018761 -0.140838 0.444000 114 121 95
-0.017574 -0.140520 0.443000 99 120 78
-0.016429 -0.140520 0.443000 97 118 76
-0.015284 -0.140520 0.443000 97 124 77
-0.014170 -0.140838 0.444000 97 124 77
-0.013023 -0.140838 0.444000 118 134 100
-0.172433 -0.136857 0.435000 143 142 125
-0.170914 -0.136542 0.434000 108 107 90
-0.169793 -0.136542 0.434000 58 63 49
-0.168671 -0.136542 0.434000 46 51 37
-0.167163 -0.136228 0.433000 50 55 43
-0.166043 -0.136228 0.433000 53 58 46
-0.164924 -0.136228 0.433000 60 65 53
-0.164183 -0.136542 0.434000 64 69 57
-0.163061 -0.136542 0.434000 53 61 50
-0.161939 -0.136542 0.434000 46 54 43
-0.160817 -0.136542 0.434000 38 53 39
-0.159696 -0.136542 0.434000 40 55 41
-0.158939 -0.136857 0.435000 54 72 51
-0.157815 -0.136857 0.435000 69 87 66
-0.157411 -0.137486 0.437000 83 105 78
-0.021057 -0.139688 0.444000 120 117 103
-0.019864 -0.139374 0.443000 115 122 96
-0.018719 -0.139374 0.443000 113 120 94
-0.017574 -0.139374 0.443000 97 121 80
-0.016429 -0.139374 0.443000 93 117 76
-0.015284 -0.139374 0.443000 99 125 81
-0.014139 -0.139374 0.443000 90 116 72
-0.173557 -0.135731 0.435000 136 130 117
-0.172036 -0.135419 0.434000 88 89 78
-0.170914 -0.135419 0.434000 56 57 46
-0.169401 -0.135107 0.433000 44 52 41
-0.168282 -0.135107 0.433000 51 59 48
-0.167163 -0.135107 0.433000 53 61 48
-0.166043 -0.135107 0.433000 58 66 53
-0.164924 -0.135107 0.433000 58 63 51
-0.164183 -0.135419 0.434000 52 57 45
-0.163061 -0.135419 0.434000 44 52 39
-0.161939 -0.135419 0.434000 41 49 36
-0.160817 -0.135419 0.434000 53 69 48
-0.160064 -0.135731 0.435000 71 87 66
-0.158939 -0.135731 0.435000 72 91 63
-0.158177 -0.136043 0.436000 72 91 63
-0.021009 -0.138227 0.443000 115 114 97
-0.019864 -0.138227 0.443000 113 124 94
-0.018719 -0.138227 0.443000 110 121 91
-0.017534 -0.137915 0.442000 99 120 78
-0.016429 -0.138227 0.443000 100 121 79
-0.015284 -0.138227 0.443000 99 124 78
-0.014139 -0.138227 0.443000 92 117 71
-0.174280 -0.134295 0.434000 121 119 107
-0.173158 -0.134295 0.434000 78 76 64
-0.171640 -0.133986 0.433000 50 54 49
-0.170521 -0.133986 0.433000 52 56 51
-0.169401 -0.133986 0.433000 54 61 53
-0.168282 -0.133986 0.433000 55 62 54
-0.167163 -0.133986 0.433000 55 63 52
-0.166043 -0.133986 0.433000 51 59 48
-0.165305 -0.134295 0.434000 48 53 43
-0.164183 -0.134295 0.434000 49 54 44
-0.163061 -0.134295 0.434000 42 50 35
-0.161939 -0.134295 0.434000 60 68 53
-0.160817 -0.134295 0.434000 87 104 76
-0.160064 -0.134605 0.435000 92 109 81
-0.158939 -0.134605 0.435000 68 91 57
-0.158540 -0.135224 0.437000 70 93 59
-0.157771 -0.135533 0.438000 83 106 70
-0.021009 -0.137080 0.443000 114 118 97
-0.019864 -0.137080 0.443000 109 125 91
-0.018677 -0.136771 0.442000 105 121 87
-0.017534 -0.136771 0.442000 97 122 76
-0.016392 -0.136771 0.442000 99 124 78
-0.015284 -0.137080 0.443000 95 117 72
-0.175402 -0.133172 0.434000 100 97 81
-0.173878 -0.132865 0.433000 62 67 57
-0.172759 -0.132865 0.433000 50 55 45
-0.171243 -0.132558 0.432000 50 59 52
-0.170521 -0.132865 0.433000 55 64 57
-0.169401 -0.132865 0.433000 56 65 58
-0.168282 -0.132865 0.433000 50 59 52
-0.167163 -0.132865 0.433000 48 57 48
-0.166427 -0.133172 0.434000 45 54 45
-0.165305 -0.133172 0.434000 43 48 38
-0.164183 -0.133172 0.434000 46 51 41
-0.163061 -0.133172 0.434000 90 101 82
-0.162312 -0.133479 0.435000 92 103 84
-0.161188 -0.133479 0.435000 83 103 70
-0.160064 -0.133479 0.435000 84 104 71
-0.158939 -0.133479 0.435000 69 92 56
-0.158540 -0.134092 0.437000 72 95 59
-0.157771 -0.134399 0.438000 79 103 62
-0.022155 -0.135933 0.443000 107 111 88
-0.020962 -0.135627 0.442000 112 116 93
-0.019819 -0.135627 0.442000 107 126 88
-0.018677 -0.135627 0.442000 101 120 82
-0.017534 -0.135627 0.442000 95 122 75
-0.016392 -0.135627 0.442000 98 125 78
-0.015249 -0.135627 0.442000 94 115 75
-0.177646 -0.132048 0.434000 137 131 116
-0.176117 -0.131744 0.433000 88 89 80
-0.174594 -0.131440 0.432000 55 56 47
-0.173477 -0.131440 0.432000 48 55 49
-0.172360 -0.131440 0.432000 53 60 54
-0.171243 -0.131440 0.432000 53 64 60
-0.170521 -0.131744 0.433000 54 65 61
-0.169401 -0.131744 0.433000 51 62 58
-0.168671 -0.132048 0.434000 46 57 53
-0.167549 -0.132048 0.434000 43 52 45
-0.166427 -0.132048 0.434000 42 51 44
-0.165305 -0.132048 0.434000 73 75 64
-0.164561 -0.132353 0.435000 109 111 100
-0.163437 -0.132353 0.435000 110 121 100
-0.162312 -0.132353 0.435000 104 115 94
-0.158540 -0.132961 0.437000 74 95 57
-0.157771 -0.133265 0.438000 79 103 60
-0.155861 -0.133570 0.439000 100 121 83
-0.022105 -0.134483 0.442000 107 114 88
-0.020915 -0.134178 0.441000 112 119 93
-0.019775 -0.134178 0.441000 100 124 83
-0.017534 -0.134483 0.442000 93 122 77
-0.016392 -0.134483 0.442000 95 124 79
-0.015249 -0.134483 0.442000 92 112 77
-0.176827 -0.130322 0.432000 72 70 58
-0.175304 -0.130020 0.431000 47 48 44
-0.174189 -0.130020 0.431000 53 54 50
-0.173075 -0.130020 0.431000 55 61 59
-0.171961 -0.130020 0.431000 58 64 62
-0.171243 -0.130322 0.432000 52 63 59
-0.170521 -0.130623 0.433000 51 62 58
-0.169793 -0.130925 0.434000 47 55 52
-0.168671 -0.130925 0.434000 46 54 51
-0.167549 -0.130925 0.434000 49 53 46
-0.166810 -0.131227 0.435000 89 93 86
-0.165686 -0.131227 0.435000 129 130 117
-0.158177 -0.131528 0.436000 73 94 56
-0.157771 -0.132132 0.438000 78 102 59
-0.155861 -0.132433 0.439000 99 120 78
-0.154727 -0.132433 0.439000 109 130 88
-0.022055 -0.133037 0.441000 107 118 86
-0.020915 -0.133037 0.441000 111 122 90
-0.019775 -0.133037 0.441000 96 123 76
-0.018635 -0.133037 0.441000 92 119 72
-0.017495 -0.133037 0.441000 93 122 77
-0.015249 -0.133338 0.442000 103 121 86
-0.177532 -0.128904 0.431000 60 60 54
-0.176008 -0.128605 0.430000 52 52 46
-0.174897 -0.128605 0.430000 52 56 51
-0.173785 -0.128605 0.430000 57 61 56
-0.173075 -0.128904 0.431000 60 64 59
-0.172360 -0.129203 0.432000 59 63 58
-0.171243 -0.129203 0.432000 51 57 55
-0.170914 -0.129802 0.434000 46 52 50
-0.169793 -0.129802 0.434000 46 49 48
-0.169059 -0.130101 0.435000 67 70 69
-0.167935 -0.130101 0.435000 115 113 105
-0.158177 -0.130400 0.436000 73 94 54
-0.157411 -0.130699 0.437000 78 103 57
-0.156639 -0.130998 0.438000 89 114 68
-0.154727 -0.131297 0.439000 100 122 75
-0.023195 -0.131895 0.441000 113 111 88
-0.022055 -0.131895 0.441000 109 123 87
-0.020915 -0.131895 0.441000 110 124 88
-0.019730 -0.131596 0.440000 94 121 74
-0.018635 -0.131895 0.441000 94 121 74
-0.017495 -0.131895 0.441000 96 123 76
-0.179760 -0.127789 0.431000 90 91 80
-0.178231 -0.127492 0.430000 59 60 49
-0.177120 -0.127492 0.430000 47 48 42
-0.175599 -0.127196 0.429000 54 55 49
-0.174490 -0.127196 0.429000 57 61 54
-0.173785 -0.127492 0.430000 58 62 55
-0.173075 -0.127789 0.431000 57 61 54
-0.172360 -0.128085 0.432000 52 56 49
-0.171640 -0.128382 0.433000 46 49 48
-0.170914 -0.128678 0.434000 52 55 54
-0.170184 -0.128975 0.435000 87 84 81
-0.169059 -0.128975 0.435000 134 131 128
-0.157815 -0.128975 0.435000 79 98 60
-0.157050 -0.129271 0.436000 76 101 53
-0.156281 -0.129568 0.437000 82 107 59
-0.155506 -0.129864 0.438000 93 116 66
-0.023195 -0.130754 0.441000 114 112 91
-0.022005 -0.130457 0.440000 108 125 88
-0.020867 -0.130457 0.440000 104 121 84
-0.019730 -0.130457 0.440000 92 117 69
-0.018635 -0.130754 0.441000 97 122 74
-0.017495 -0.130754 0.441000 96 121 75
-0.016355 -0.130754 0.441000 91 116 70
-0.180455 -0.126379 0.430000 71 69 59
-0.178926 -0.126085 0.429000 51 55 50
-0.177817 -0.126085 0.429000 49 53 48
-0.176708 -0.126085 0.429000 52 56 51
-0.175599 -0.126085 0.429000 58 62 57
-0.174490 -0.126085 0.429000 58 62 55
-0.173785 -0.126379 0.430000 55 59 52
-0.173075 -0.126673 0.431000 52 56 51
-0.172759 -0.127261 0.433000 48 52 47
-0.172036 -0.127555 0.434000 63 63 59
-0.171308 -0.127849 0.435000 111 111 107
-0.156690 -0.127849 0.435000 77 99 52
-0.155923 -0.128143 0.436000 81 103 56
-0.155151 -0.128436 0.437000 88 114 63
-0.154374 -0.128730 0.438000 96 122 71
-0.023142 -0.129318 0.440000 113 116 91
-0.022005 -0.129318 0.440000 106 125 83
-0.020867 -0.129318 0.440000 99 118 76
-0.019730 -0.129318 0.440000 93 118 70
-0.018635 -0.129612 0.441000 97 122 74
-0.017495 -0.129612 0.441000 94 116 71
-0.181566 -0.125266 0.430000 59 59 55
-0.180035 -0.124975 0.429000 52 52 48
-0.178926 -0.124975 0.429000 53 56 55
-0.177817 -0.124975 0.429000 58 61 60
-0.176708 -0.124975 0.429000 56 62 60
-0.175599 -0.124975 0.429000 55 61 59
-0.174897 -0.125266 0.430000 50 57 51
-0.174189 -0.125557 0.431000 48 55 49
-0.173878 -0.126140 0.433000 48 49 43
-0.173158 -0.126431 0.434000 75 76 70
-0.172433 -0.126723 0.435000 129 125 118
-0.155923 -0.127014 0.436000 83 105 60
-0.154796 -0.127014 0.436000 85 111 60
-0.154374 -0.127597 0.438000 92 118 67
-0.023142 -0.128179 0.440000 114 119 91
-0.022005 -0.128179 0.440000 102 124 79
-0.020867 -0.128179 0.440000 95 117 72
-0.019730 -0.128179 0.440000 94 122 70
-0.018635 -0.128471 0.441000 97 125 73
-0.017495 -0.128471 0.441000 93 112 72
-0.183789 -0.124153 0.430000 97 95 85
-0.182253 -0.123864 0.429000 58 56 46
-0.181144 -0.123864 0.429000 53 53 53
-0.180035 -0.123864 0.429000 57 57 57
-0.178926 -0.123864 0.429000 57 60 59
-0.177817 -0.123864 0.429000 60 63 62
-0.176708 -0.123864 0.429000 55 63 60
-0.176008 -0.124153 0.430000 50 58 55
-0.175304 -0.124442 0.431000 43 49 47
-0.174998 -0.125019 0.433000 49 55 53
-0.174280 -0.125308 0.434000 90 91 82
-0.155566 -0.125597 0.435000 85 105 60
-0.152110 -0.126463 0.438000 106 127 85
-0.024279 -0.127040 0.440000 106 117 87
-0.023142 -0.127040 0.440000 112 123 93
-0.022005 -0.127040 0.440000 96 121 73
-0.020867 -0.127040 0.440000 95 120 72
-0.019730 -0.127040 0.440000 95 123 71
-0.018635 -0.127329 0.441000 96 124 72
-0.184901 -0.123040 0.430000 93 90 76
-0.183362 -0.122754 0.429000 58 59 55
-0.182253 -0.122754 0.429000 48 49 45
-0.180722 -0.122468 0.428000 55 58 59
-0.179615 -0.122468 0.428000 59 62 63
-0.178926 -0.122754 0.429000 60 63 62
-0.177817 -0.122754 0.429000 56 59 58
-0.177120 -0.123040 0.430000 50 58 55
-0.176418 -0.123326 0.431000 43 51 48
-0.176117 -0.123898 0.433000 56 60 53
-0.175402 -0.124185 0.434000 106 110 103
-0.155566 -0.124471 0.435000 86 105 63
-0.154441 -0.124471 0.435000 84 109 63
-0.153317 -0.124471 0.435000 86 111 65
-0.025417 -0.125901 0.440000 108 111 90
-0.024279 -0.125901 0.440000 106 120 84
-0.023142 -0.125901 0.440000 109 123 87
-0.022005 -0.125901 0.440000 93 119 68
-0.020867 -0.125901 0.440000 96 122 71
-0.019730 -0.125901 0.440000 97 125 73
-0.018592 -0.125901 0.440000 91 119 67
-0.187124 -0.121927 0.430000 130 127 111
-0.185580 -0.121643 0.429000 67 69 60
-0.184471 -0.121643 0.429000 52 54 45
-0.182934 -0.121360 0.428000 53 56 55
-0.181828 -0.121360 0.428000 55 58 57
-0.180722 -0.121360 0.428000 55 61 59
-0.179615 -0.121360 0.428000 58 64 62
-0.178926 -0.121643 0.429000 55 61 61
-0.178231 -0.121927 0.430000 50 56 56
-0.177532 -0.122210 0.431000 49 52 51
-0.177236 -0.122778 0.433000 80 83 82
-0.176524 -0.123061 0.434000 131 129 121
-0.155566 -0.123345 0.435000 88 107 69
-0.154441 -0.123345 0.435000 86 111 65
-0.153317 -0.123345 0.435000 86 111 65
-0.152192 -0.123345 0.435000 89 115 62
-0.151415 -0.123628 0.436000 95 121 68
-0.150633 -0.123912 0.437000 101 121 76
-0.025417 -0.124762 0.440000 112 116 93
-0.024279 -0.124762 0.440000 109 126 85
-0.023142 -0.124762 0.440000 101 118 77
-0.022005 -0.124762 0.440000 94 121 72
-0.020867 -0.124762 0.440000 95 122 73
-0.019730 -0.124762 0.440000 95 121 77
-0.018592 -0.124762 0.440000 92 118 74
-0.187798 -0.120533 0.429000 117 119 103
-0.186689 -0.120533 0.429000 69 71 55
-0.185147 -0.120252 0.428000 44 48 43
-0.183611 -0.119971 0.427000 52 56 51
-0.181828 -0.120252 0.428000 58 64 62
-0.181144 -0.120533 0.429000 58 64 62
-0.180035 -0.120533 0.429000 55 61 59
-0.179343 -0.120814 0.430000 51 54 55
-0.178646 -0.121095 0.431000 52 55 56
-0.152964 -0.121938 0.434000 86 111 65
-0.151842 -0.121938 0.434000 88 114 61
-0.151068 -0.122219 0.435000 91 117 64
-0.149943 -0.122219 0.435000 97 120 70
-0.149161 -0.122500 0.436000 112 135 85
-0.025417 -0.123623 0.440000 112 116 91
-0.024279 -0.123623 0.440000 101 122 80
-0.023142 -0.123623 0.440000 93 114 72
-0.022005 -0.123623 0.440000 92 122 72
-0.020867 -0.123623 0.440000 93 123 73
-0.019730 -0.123623 0.440000 88 112 73
-0.188907 -0.119422 0.429000 116 110 97
-0.186922 -0.118866 0.427000 62 63 54
-0.185818 -0.118866 0.427000 51 52 43
-0.184714 -0.118866 0.427000 48 54 52
-0.182934 -0.119144 0.428000 55 61 59
-0.181828 -0.119144 0.428000 55 61 59
-0.181144 -0.119422 0.429000 53 59 57
-0.180455 -0.119701 0.430000 49 55 53
-0.179760 -0.119979 0.431000 55 54 54
-0.179475 -0.120536 0.433000 102 101 101
-0.152964 -0.120814 0.434000 91 112 72
-0.151842 -0.120814 0.434000 86 112 59
-0.150721 -0.120814 0.434000 88 114 61
-0.149599 -0.120814 0.434000 95 118 66
-0.148819 -0.121093 0.435000 99 122 70
-0.148034 -0.121371 0.436000 130 143 110
-0.026554 -0.122485 0.440000 113 121 90
-0.025417 -0.122485 0.440000 115 123 92
-0.024279 -0.122485 0.440000 97 122 74
-0.023142 -0.122485 0.440000 93 118 70
-0.022005 -0.122485 0.440000 92 122 72
-0.020867 -0.122485 0.440000 94 124 74
-0.190015 -0.118312 0.429000 97 93 84
-0.188026 -0.117760 0.427000 61 57 48
-0.186922 -0.117760 0.427000 47 48 44
-0.185818 -0.117760 0.427000 55 56 52
-0.184041 -0.118036 0.428000 54 60 58
-0.183362 -0.118312 0.429000 53 59 59
-0.182253 -0.118312 0.429000 48 54 54
-0.181566 -0.118588 0.430000 46 49 50
-0.181294 -0.119139 0.432000 58 61 62
-0.180594 -0.119415 0.433000 119 114 110
-0.152964 -0.119691 0.434000 94 112 77
-0.151842 -0.119691 0.434000 91 114 64
-0.150721 -0.119691 0.434000 87 110 60
-0.149599 -0.119691 0.434000 91 114 62
-0.148477 -0.119691 0.434000 97 120 68
-0.147694 -0.119967 0.435000 108 125 86
-0.146570 -0.119967 0.435000 133 150 111
-0.026554 -0.121346 0.440000 113 125 88
-0.025359 -0.121070 0.439000 110 122 85
-0.024279 -0.121346 0.440000 90 118 66
-0.023142 -0.121346 0.440000 94 122 70
-0.022005 -0.121346 0.440000 93 123 73
-0.020867 -0.121346 0.440000 89 119 69
-0.189130 -0.116655 0.427000 58 55 52
-0.188026 -0.116655 0.427000 54 51 48
-0.186922 -0.116655 0.427000 58 57 57
-0.185147 -0.116928 0.428000 55 61 59
-0.184471 -0.117201 0.429000 53 59 57
-0.183362 -0.117201 0.429000 48 56 57
-0.182678 -0.117475 0.430000 46 54 55
-0.182411 -0.118021 0.432000 77 78 74
-0.182133 -0.118567 0.434000 125 126 122
-0.151842 -0.118567 0.434000 96 116 71
-0.150721 -0.118567 0.434000 93 113 68
-0.149599 -0.118567 0.434000 90 113 63
-0.148477 -0.118567 0.434000 94 117 67
-0.147355 -0.118567 0.434000 102 120 76
-0.145446 -0.118841 0.435000 143 150 124
-0.027629 -0.119933 0.439000 121 121 97
-0.026494 -0.119933 0.439000 109 126 85
-0.025359 -0.119933 0.439000 103 120 79
-0.024224 -0.119933 0.439000 91 119 67
-0.023142 -0.120207 0.440000 95 123 71
-0.022005 -0.120207 0.440000 95 122 75
-0.020867 -0.120207 0.440000 85 112 65
-0.191337 -0.115550 0.427000 84 81 78
-0.189788 -0.115279 0.426000 55 52 49
-0.189130 -0.115550 0.427000 52 51 53
-0.188026 -0.115550 0.427000 56 55 57
-0.186253 -0.115820 0.428000 58 58 60
-0.185580 -0.116091 0.429000 56 59 62
-0.184471 -0.116091 0.429000 51 54 57
-0.183789 -0.116362 0.430000 43 49 49
-0.183527 -0.116903 0.432000 87 93 93
-0.183255 -0.117444 0.434000 140 137 132
-0.150373 -0.117173 0.433000 100 117 78
-0.149254 -0.117173 0.433000 93 116 66
-0.148477 -0.117444 0.434000 94 117 67
-0.145446 -0.117715 0.435000 123 137 99
-0.028763 -0.118797 0.439000 125 129 101
-0.027629 -0.118797 0.439000 118 122 94
-0.026494 -0.118797 0.439000 107 127 80
-0.025359 -0.118797 0.439000 95 115 68
-0.024224 -0.118797 0.439000 89 120 65
-0.023089 -0.118797 0.439000 90 121 66
-0.022005 -0.119068 0.440000 88 114 72
-0.020867 -0.119068 0.440000 103 129 87
-0.191990 -0.114176 0.426000 74 72 64
-0.190889 -0.114176 0.426000 58 58 58
-0.189788 -0.114176 0.426000 52 52 52
-0.189130 -0.114444 0.427000 57 57 59
-0.187360 -0.114712 0.428000 60 60 62
-0.186689 -0.114980 0.429000 59 59 61
-0.185580 -0.114980 0.429000 53 53 57
-0.184901 -0.115249 0.430000 52 52 56
-0.184644 -0.115785 0.432000 104 103 103
-0.150373 -0.116053 0.433000 103 114 84
-0.149254 -0.116053 0.433000 96 116 69
-0.148135 -0.116053 0.433000 95 115 68
-0.147015 -0.116053 0.433000 97 120 68
-0.146233 -0.116321 0.434000 99 122 70
-0.145111 -0.116321 0.434000 106 127 77
-0.143989 -0.116321 0.434000 113 134 84
-0.028763 -0.117661 0.439000 118 124 89
-0.027629 -0.117661 0.439000 116 122 87
-0.026494 -0.117661 0.439000 100 123 73
-0.025359 -0.117661 0.439000 94 117 67
-0.024224 -0.117661 0.439000 92 123 70
-0.023089 -0.117661 0.439000 89 120 67
-0.022005 -0.117929 0.440000 87 107 72
-0.195560 -0.113870 0.429000 131 129 117
-0.193091 -0.113074 0.426000 63 63 59
-0.191990 -0.113074 0.426000 52 52 48
-0.190889 -0.113074 0.426000 53 53 53
-0.190233 -0.113339 0.427000 54 54 54
-0.188466 -0.113605 0.428000 57 60 59
-0.187798 -0.113870 0.429000 55 58 59
-0.186689 -0.113870 0.429000 52 55 56
-0.186012 -0.114135 0.430000 60 56 59
-0.185761 -0.114666 0.432000 115 111 114
-0.148909 -0.114666 0.432000 99 119 74
-0.147793 -0.114666 0.432000 96 116 71
-0.147015 -0.114932 0.433000 95 118 66
-0.145896 -0.114932 0.433000 97 120 68
-0.144777 -0.114932 0.433000 100 123 69
-0.143989 -0.115197 0.434000 95 118 64
-0.142867 -0.115197 0.434000 120 135 90
-0.028763 -0.116524 0.439000 111 125 85
-0.027629 -0.116524 0.439000 107 121 81
-0.026494 -0.116524 0.439000 92 118 65
-0.025359 -0.116524 0.439000 93 119 66
-0.024224 -0.116524 0.439000 95 123 71
-0.023089 -0.116524 0.439000 91 119 67
-0.195560 -0.112760 0.429000 66 67 56
-0.193091 -0.111971 0.426000 57 57 57
-0.191337 -0.112234 0.427000 53 56 55
-0.190233 -0.112234 0.427000 56 59 58
-0.189573 -0.112497 0.428000 56 59 58
-0.188907 -0.112760 0.429000 55 58 57
-0.187798 -0.112760 0.429000 56 52 57
-0.187559 -0.113285 0.431000 61 57 62
-0.186877 -0.113548 0.432000 129 123 125
-0.148909 -0.113548 0.432000 98 115 76
-0.147793 -0.113548 0.432000 100 117 78
-0.146676 -0.113548 0.432000 93 116 64
-0.145559 -0.113548 0.432000 92 115 63
-0.144442 -0.113548 0.432000 95 119 62
-0.143658 -0.113811 0.433000 101 125 68
-0.142867 -0.114074 0.434000 100 121 69
-0.141746 -0.114074 0.434000 113 134 82
-0.029830 -0.115125 0.438000 123 126 101
-0.028698 -0.115125 0.438000 110 130 83
-0.027566 -0.115125 0.438000 100 120 73
-0.026494 -0.115388 0.439000 90 118 62
-0.025359 -0.115388 0.439000 91 119 63
-0.024224 -0.115388 0.439000 95 121 70
-0.023089 -0.115388 0.439000 86 112 61
-0.197778 -0.111649 0.429000 121 118 104
-0.196669 -0.111649 0.429000 62 63 57
-0.195104 -0.111389 0.428000 51 52 46
-0.193545 -0.111129 0.427000 57 60 59
-0.192441 -0.111129 0.427000 55 58 57
-0.191337 -0.111129 0.427000 55 58 59
-0.190679 -0.111389 0.428000 56 59 60
-0.190015 -0.111649 0.429000 57 57 59
-0.189347 -0.111909 0.430000 54 54 56
-0.188673 -0.112170 0.431000 68 62 64
-0.188429 -0.112690 0.433000 133 127 129
-0.146336 -0.112170 0.431000 97 118 66
-0.145222 -0.112170 0.431000 95 116 64
-0.143326 -0.112430 0.432000 100 124 67
-0.142209 -0.112430 0.432000 101 125 68
-0.141419 -0.112690 0.433000 98 122 65
-0.140624 -0.112950 0.434000 113 128 83
-0.030962 -0.113991 0.438000 118 129 99
-0.029830 -0.113991 0.438000 118 129 99
-0.028698 -0.113991 0.438000 99 125 74
-0.027566 -0.113991 0.438000 90 116 65
-0.026433 -0.113991 0.438000 89 117 61
-0.025301 -0.113991 0.438000 89 117 61
-0.024224 -0.114252 0.439000 88 113 65
-0.023089 -0.114252 0.439000 102 127 79
-0.199351 -0.110796 0.430000 117 119 106
-0.197778 -0.110539 0.429000 60 62 49
-0.196669 -0.110539 0.429000 44 52 41
-0.195104 -0.110281 0.428000 51 59 48
-0.193998 -0.110281 0.428000 54 61 55
-0.193342 -0.110539 0.429000 51 58 52
-0.192233 -0.110539 0.429000 53 59 57
-0.191124 -0.110539 0.429000 50 56 54
-0.190458 -0.110796 0.430000 52 51 53
-0.189787 -0.111054 0.431000 69 68 70
-0.189549 -0.111569 0.433000 138 128 128
-0.146336 -0.111054 0.431000 100 119 70
-0.144885 -0.110796 0.430000 98 117 68
-0.144108 -0.111054 0.431000 92 115 61
-0.142994 -0.111054 0.431000 95 118 64
-0.141092 -0.111312 0.432000 97 126 67
-0.140300 -0.111569 0.433000 94 117 65
-0.139180 -0.111569 0.433000 101 124 72
-0.030962 -0.112858 0.438000 114 128 90
-0.029830 -0.112858 0.438000 111 125 87
-0.028698 -0.112858 0.438000 88 114 61
-0.027566 -0.112858 0.438000 90 116 63
-0.026433 -0.112858 0.438000 89 117 61
-0.025301 -0.112858 0.438000 87 115 59
-0.199996 -0.109428 0.429000 118 117 102
-0.198887 -0.109428 0.429000 55 63 50
-0.197778 -0.109428 0.429000 47 55 42
-0.196669 -0.109428 0.429000 49 59 47
-0.195560 -0.109428 0.429000 52 62 50
-0.194451 -0.109428 0.429000 56 63 55
-0.193342 -0.109428 0.429000 53 60 52
-0.192233 -0.109428 0.429000 52 55 56
-0.191570 -0.109683 0.430000 48 51 52
-0.191344 -0.110193 0.432000 78 74 75
-0.190668 -0.110448 0.433000 138 134 135
-0.143774 -0.109683 0.430000 94 117 67
-0.142662 -0.109683 0.430000 93 116 66
-0.141880 -0.109938 0.431000 95 124 65
-0.139976 -0.110193 0.432000 96 125 66
-0.138859 -0.110193 0.432000 91 120 61
-0.138061 -0.110448 0.433000 106 121 78
-0.032094 -0.111724 0.438000 124 127 104
-0.030962 -0.111724 0.438000 111 128 87
-0.029762 -0.111469 0.437000 104 121 80
-0.028698 -0.111724 0.438000 90 118 64
-0.027566 -0.111724 0.438000 92 120 66
-0.026433 -0.111724 0.438000 85 113 61
-0.025301 -0.111724 0.438000 78 106 54
-0.201105 -0.108318 0.429000 117 120 104
-0.199996 -0.108318 0.429000 58 61 45
-0.198887 -0.108318 0.429000 49 57 46
-0.197778 -0.108318 0.429000 53 61 50
-0.196669 -0.108318 0.429000 50 57 49
-0.195560 -0.108318 0.429000 51 58 50
-0.194451 -0.108318 0.429000 54 60 58
-0.193793 -0.108570 0.430000 48 54 52
-0.193130 -0.108823 0.431000 52 51 53
-0.192461 -0.109075 0.432000 87 86 88
-0.192230 -0.109580 0.434000 144 139 135
-0.143774 -0.108570 0.430000 98 120 75
-0.142662 -0.108570 0.430000 95 117 72
-0.141551 -0.108570 0.430000 92 120 66
-0.140439 -0.108570 0.430000 96 124 70
-0.139652 -0.108823 0.431000 97 126 67
-0.137742 -0.109075 0.432000 92 118 65
-0.136625 -0.109075 0.432000 92 118 65
-0.033227 -0.110590 0.438000 126 131 103
-0.032094 -0.110590 0.438000 118 123 95
-0.030892 -0.110338 0.437000 99 121 74
-0.029830 -0.110590 0.438000 93 115 68
-0.028698 -0.110590 0.438000 89 119 69
-0.027566 -0.110590 0.438000 89 119 69
-0.026433 -0.110590 0.438000 84 110 68
-0.202214 -0.107207 0.429000 117 119 101
-0.201105 -0.107207 0.429000 59 64 52
-0.199996 -0.107207 0.429000 46 51 39
-0.198887 -0.107207 0.429000 50 58 47
-0.197778 -0.107207 0.429000 51 59 48
-0.196669 -0.107207 0.429000 51 58 52
-0.196016 -0.107457 0.430000 51 58 52
-0.195358 -0.107707 0.431000 53 53 55
-0.194694 -0.107957 0.432000 51 51 53
-0.194026 -0.108207 0.433000 91 88 85
-0.193352 -0.108457 0.434000 143 140 137
-0.142330 -0.107207 0.429000 99 118 80
-0.141221 -0.107207 0.429000 90 117 68
-0.140439 -0.107457 0.430000 94 121 72
-0.139328 -0.107457 0.430000 96 124 68
-0.138216 -0.107457 0.430000 95 123 67
-0.137423 -0.107707 0.431000 94 122 66
-0.135509 -0.107957 0.432000 91 113 68
-0.134703 -0.108207 0.433000 114 136 91
-0.033227 -0.109456 0.438000 120 132 95
-0.032094 -0.109456 0.438000 108 120 83
-0.030892 -0.109206 0.437000 89 116 67
-0.029762 -0.109206 0.437000 89 116 67
-0.028698 -0.109456 0.438000 89 119 71
-0.027566 -0.109456 0.438000 83 113 65
-0.026433 -0.109456 0.438000 90 111 73
-0.203323 -0.106097 0.429000 117 119 103
-0.202214 -0.106097 0.429000 62 64 48
-0.200636 -0.105849 0.428000 47 54 46
-0.199996 -0.106097 0.429000 49 56 48
-0.198887 -0.106097 0.429000 54 61 53
-0.197778 -0.106097 0.429000 54 61 53
-0.197128 -0.106344 0.430000 55 59 54
-0.196472 -0.106591 0.431000 51 55 50
-0.195811 -0.106839 0.432000 55 51 52
-0.195145 -0.107086 0.433000 99 95 96
-0.194474 -0.107333 0.434000 144 139 135
-0.141221 -0.106097 0.429000 91 116 70
-0.140113 -0.106097 0.429000 92 117 71
-0.139004 -0.106097 0.429000 92 120 64
-0.137895 -0.106097 0.429000 95 123 67
-0.137105 -0.106344 0.430000 96 124 68
-0.135993 -0.106344 0.430000 88 116 60
-0.135195 -0.106591 0.431000 77 105 53
-0.134392 -0.106839 0.432000 87 115 63
-0.132465 -0.107086 0.433000 130 149 109
-0.034359 -0.108322 0.438000 124 128 100
-0.033151 -0.108075 0.437000 111 128 87
-0.032021 -0.108075 0.437000 95 112 71
-0.030892 -0.108075 0.437000 86 116 66
-0.029762 -0.108075 0.437000 88 118 68
-0.028632 -0.108075 0.437000 87 114 67
-0.027566 -0.108322 0.438000 84 111 64
-0.204432 -0.104986 0.429000 127 125 106
-0.202849 -0.104741 0.428000 63 64 53
-0.201743 -0.104741 0.428000 51 52 41
-0.200636 -0.104741 0.428000 49 56 50
-0.199996 -0.104986 0.429000 51 58 52
-0.198887 -0.104986 0.429000 55 62 56
-0.198239 -0.105231 0.430000 54 61 55
-0.197586 -0.105476 0.431000 52 56 51
-0.196928 -0.105720 0.432000 50 54 49
-0.196718 -0.106210 0.434000 100 97 92
-0.195596 -0.106210 0.434000 146 143 138
-0.141221 -0.104986 0.429000 94 115 75
-0.140113 -0.104986 0.429000 94 115 75
-0.139004 -0.104986 0.429000 89 117 65
-0.137895 -0.104986 0.429000 91 119 67
-0.136786 -0.104986 0.429000 95 124 65
-0.135677 -0.104986 0.429000 101 130 71
-0.134881 -0.105231 0.430000 85 113 59
-0.133770 -0.105231 0.430000 77 105 51
-0.132967 -0.105476 0.431000 88 113 67
-0.132159 -0.105720 0.432000 95 120 74
-0.035410 -0.106944 0.437000 128 137 103
-0.034280 -0.106944 0.437000 116 125 91
-0.033151 -0.106944 0.437000 94 116 71
-0.032021 -0.106944 0.437000 91 113 68
-0.030821 -0.106699 0.436000 90 117 68
-0.029762 -0.106944 0.437000 90 117 68
-0.028632 -0.106944 0.437000 85 109 66
-0.027503 -0.106944 0.437000 96 120 77
-0.205541 -0.103876 0.429000 133 129 118
-0.203955 -0.103634 0.428000 68 64 53
-0.202849 -0.103634 0.428000 48 49 45
-0.201743 -0.103634 0.428000 54 55 51
-0.200636 -0.103634 0.428000 53 61 58
-0.199996 -0.103876 0.429000 52 60 57
-0.199351 -0.104118 0.430000 54 62 59
-0.198700 -0.104360 0.431000 48 56 53
-0.198045 -0.104602 0.432000 48 52 47
-0.197839 -0.105086 0.434000 92 96 91
-0.196718 -0.105086 0.434000 148 144 137
-0.139004 -0.103876 0.429000 89 116 69
-0.137895 -0.103876 0.429000 89 116 69
-0.136786 -0.103876 0.429000 87 118 61
-0.135677 -0.103876 0.429000 93 124 67
-0.134568 -0.103876 0.429000 97 123 68
-0.133459 -0.103876 0.429000 82 108 53
-0.132658 -0.104118 0.430000 74 99 53
-0.131547 -0.104118 0.430000 84 109 63
-0.130739 -0.104360 0.431000 85 106 66
-0.129925 -0.104602 0.432000 106 127 87
-0.035329 -0.105571 0.436000 118 132 92
-0.034202 -0.105571 0.436000 100 114 74
-0.033075 -0.105571 0.436000 90 115 67
-0.031948 -0.105571 0.436000 91 116 68
-0.030821 -0.105571 0.436000 91 116 68
-0.029762 -0.105813 0.437000 88 113 65
-0.028632 -0.105813 0.437000 87 105 70
-0.205062 -0.102526 0.428000 71 67 60
-0.203479 -0.102286 0.427000 56 52 45
-0.202375 -0.102286 0.427000 49 56 50
-0.201743 -0.102526 0.428000 55 62 56
-0.201105 -0.102765 0.429000 56 64 61
-0.199996 -0.102765 0.429000 53 61 58
-0.199351 -0.103005 0.430000 52 60 59
-0.199161 -0.103484 0.432000 49 57 56
-0.198961 -0.103963 0.434000 97 94 89
-0.197839 -0.103963 0.434000 147 144 139
-0.139004 -0.102765 0.429000 90 114 73
-0.137895 -0.102765 0.429000 90 114 73
-0.136786 -0.102765 0.429000 89 117 63
-0.135677 -0.102765 0.429000 90 118 64
-0.134568 -0.102765 0.429000 95 123 67
-0.133459 -0.102765 0.429000 97 125 69
-0.132350 -0.102765 0.429000 76 101 53
-0.131241 -0.102765 0.429000 75 100 52
-0.130435 -0.103005 0.430000 83 107 64
-0.129324 -0.103005 0.430000 91 115 72
-0.128212 -0.103005 0.430000 102 119 80
-0.127396 -0.103244 0.431000 124 141 102
-0.036373 -0.104203 0.435000 127 131 101
-0.035248 -0.104203 0.435000 103 121 75
-0.034124 -0.104203 0.435000 96 114 68
-0.032999 -0.104203 0.435000 92 118 65
-0.031948 -0.104442 0.436000 92 118 65
-0.030821 -0.104442 0.436000 90 115 69
-0.029694 -0.104442 0.436000 84 109 63
-0.206168 -0.101418 0.428000 76 67 60
-0.204583 -0.101181 0.427000 56 56 52
-0.203479 -0.101181 0.427000 56 56 52
-0.202375 -0.101181 0.427000 50 59 52
-0.201743 -0.101418 0.428000 54 63 56
-0.201105 -0.101655 0.429000 54 62 59
-0.200462 -0.101892 0.430000 50 58 55
-0.199814 -0.102129 0.431000 53 53 53
-0.199622 -0.102603 0.433000 93 93 93
-0.198961 -0.102840 0.434000 146 139 133
-0.136467 -0.101418 0.428000 89 116 67
-0.135677 -0.101655 0.429000 85 112 63
-0.134568 -0.101655 0.429000 90 118 62
-0.133459 -0.101655 0.429000 96 124 68
-0.132350 -0.101655 0.429000 95 123 71
-0.131241 -0.101655 0.429000 80 108 56
-0.130132 -0.101655 0.429000 81 106 60
-0.129023 -0.101655 0.429000 83 108 62
-0.127914 -0.101655 0.429000 81 103 58
-0.127101 -0.101892 0.430000 88 110 65
-0.125989 -0.101892 0.430000 108 120 83
-0.125168 -0.102129 0.431000 132 144 107
-0.037497 -0.103077 0.435000 125 137 100
-0.036373 -0.103077 0.435000 108 120 83
-0.035248 -0.103077 0.435000 91 114 62
-0.034124 -0.103077 0.435000 92 115 63
-0.032999 -0.103077 0.435000 93 119 66
-0.031875 -0.103077 0.435000 89 115 62
-0.030821 -0.103313 0.436000 92 111 71
-0.206790 -0.100076 0.427000 80 75 71
-0.205686 -0.100076 0.427000 56 51 47
-0.204583 -0.100076 0.427000 50 57 51
-0.203479 -0.100076 0.427000 53 60 54
-0.202375 -0.100076 0.427000 53 62 55
-0.201743 -0.100310 0.428000 52 61 54
-0.201105 -0.100544 0.429000 49 57 54
-0.200462 -0.100779 0.430000 45 53 50
-0.200278 -0.101247 0.432000 91 88 85
-0.200083 -0.101716 0.434000 143 140 137
-0.135360 -0.100310 0.428000 90 112 67
-0.134254 -0.100310 0.428000 88 116 60
-0.133148 -0.100310 0.428000 88 116 60
-0.132041 -0.100310 0.428000 92 123 68
-0.130935 -0.100310 0.428000 95 126 71
-0.129829 -0.100310 0.428000 76 101 53
-0.129023 -0.100544 0.429000 76 101 53
-0.127914 -0.100544 0.429000 79 104 56
-0.126805 -0.100544 0.429000 88 113 65
-0.125696 -0.100544 0.429000 95 115 70
-0.124587 -0.100544 0.429000 95 115 70
-0.123766 -0.100779 0.430000 115 127 90
-0.038533 -0.101716 0.434000 128 132 107
-0.037411 -0.101716 0.434000 109 129 82
-0.036289 -0.101716 0.434000 89 109 62
-0.035248 -0.101951 0.435000 87 115 61
-0.034124 -0.101951 0.435000 91 119 65
-0.032999 -0.101951 0.435000 89 117 65
-0.031875 -0.101951 0.435000 87 115 63
-0.207894 -0.098970 0.427000 95 88 80
-0.206306 -0.098738 0.426000 59 63 58
-0.205205 -0.098738 0.426000 49 53 48
-0.204103 -0.098738 0.426000 53 59 57
-0.203479 -0.098970 0.427000 55 61 59
-0.202849 -0.099202 0.428000 55 61 59
-0.202214 -0.099434 0.429000 46 52 50
-0.201574 -0.099666 0.430000 48 48 52
-0.200928 -0.099897 0.431000 80 80 84
-0.200742 -0.100361 0.433000 146 138 135
-0.130629 -0.098970 0.427000 90 121 64
-0.129829 -0.099202 0.428000 94 122 68
-0.128722 -0.099202 0.428000 81 109 55
-0.127616 -0.099202 0.428000 69 95 44
-0.126509 -0.099202 0.428000 75 101 50
-0.125696 -0.099434 0.429000 80 110 62
-0.124587 -0.099434 0.429000 83 113 65
-0.123478 -0.099434 0.429000 95 117 72
-0.122369 -0.099434 0.429000 95 117 72
-0.121543 -0.099666 0.430000 122 131 95
-0.120431 -0.099666 0.430000 141 150 114
-0.039655 -0.100593 0.434000 125 142 105
-0.038533 -0.100593 0.434000 111 128 91
-0.037411 -0.100593 0.434000 90 116 65
-0.036289 -0.100593 0.434000 89 115 64
-0.035167 -0.100593 0.434000 88 116 64
-0.034124 -0.100825 0.435000 89 117 65
-0.032999 -0.100825 0.435000 88 112 71
-0.031875 -0.100825 0.435000 89 113 72
-0.208998 -0.097865 0.427000 111 113 104
-0.206920 -0.097407 0.425000 61 63 54
-0.205205 -0.097636 0.426000 48 56 53
-0.204103 -0.097636 0.426000 52 60 57
-0.203479 -0.097865 0.427000 54 62 59
-0.202849 -0.098094 0.428000 53 56 59
-0.202214 -0.098323 0.429000 53 56 59
-0.201574 -0.098553 0.430000 78 72 76
-0.129525 -0.097865 0.427000 94 122 66
-0.128421 -0.097865 0.427000 102 130 74
-0.127318 -0.097865 0.427000 77 105 51
-0.126214 -0.097865 0.427000 64 92 38
-0.125403 -0.098094 0.428000 66 98 47
-0.124297 -0.098094 0.428000 77 109 58
-0.123190 -0.098094 0.428000 83 113 65
-0.122369 -0.098323 0.429000 87 117 69
-0.121260 -0.098323 0.429000 99 119 72
-0.120151 -0.098323 0.429000 103 123 76
-0.119042 -0.098323 0.429000 128 137 101
-0.040776 -0.099469 0.434000 131 135 112
-0.039655 -0.099469 0.434000 106 128 83
-0.038533 -0.099469 0.434000 91 113 68
-0.037411 -0.099469 0.434000 89 117 61
-0.036289 -0.099469 0.434000 87 115 59
-0.035167 -0.099469 0.434000 87 115 63
-0.034045 -0.099469 0.434000 84 112 60
-0.032999 -0.099698 0.435000 86 104 69
-0.209117 -0.096306 0.425000 122 120 108
-0.208019 -0.096306 0.425000 58 65 59
-0.206920 -0.096306 0.425000 40 47 41
-0.205822 -0.096306 0.425000 45 56 52
-0.204103 -0.096533 0.426000 46 57 53
-0.203479 -0.096760 0.427000 48 59 55
-0.203323 -0.097213 0.429000 55 54 61
-0.202214 -0.097213 0.429000 67 66 73
-0.202043 -0.097666 0.431000 137 128 131
-0.129525 -0.096760 0.427000 88 117 58
-0.128421 -0.096760 0.427000 91 120 61
-0.127318 -0.096760 0.427000 96 125 66
-0.125918 -0.096533 0.426000 85 114 55
-0.125110 -0.096760 0.427000 55 88 34
-0.124006 -0.096760 0.427000 64 97 43
-0.122903 -0.096760 0.427000 74 106 57
-0.122084 -0.096986 0.428000 78 110 61
-0.120978 -0.096986 0.428000 84 111 62
-0.119871 -0.096986 0.428000 90 117 68
-0.119042 -0.097213 0.429000 97 117 72
-0.117933 -0.097213 0.429000 113 133 88
-0.116824 -0.097213 0.429000 132 144 109
-0.040776 -0.098346 0.434000 112 123 91
-0.039655 -0.098346 0.434000 90 118 62
-0.038533 -0.098346 0.434000 87 115 59
-0.037411 -0.098346 0.434000 85 117 57
-0.036289 -0.098346 0.434000 85 117 57
-0.035167 -0.098346 0.434000 82 109 60
-0.034045 -0.098346 0.434000 78 105 56
-0.209117 -0.095206 0.425000 71 69 59
-0.207529 -0.094982 0.424000 41 47 45
-0.206433 -0.094982 0.424000 46 52 50
-0.205822 -0.095206 0.425000 46 57 55
-0.204103 -0.095430 0.426000 46 57 57
-0.203955 -0.095878 0.428000 46 57 57
-0.203323 -0.096102 0.429000 61 60 62
-0.202685 -0.096326 0.430000 125 124 126
-0.128121 -0.095430 0.426000 86 110 53
-0.127020 -0.095430 0.426000 91 120 57
-0.125918 -0.095430 0.426000 98 127 64
-0.124817 -0.095430 0.426000 87 118 61
-0.123716 -0.095430 0.426000 58 89 32
-0.122615 -0.095430 0.426000 58 91 37
-0.121514 -0.095430 0.426000 66 99 45
-0.120695 -0.095654 0.427000 78 108 58
-0.119591 -0.095654 0.427000 80 110 60
-0.118487 -0.095654 0.427000 91 119 67
-0.117659 -0.095878 0.428000 92 120 68
-0.116552 -0.095878 0.428000 97 119 74
-0.115716 -0.096102 0.429000 107 129 84
-0.114607 -0.096102 0.429000 132 144 109
-0.043020 -0.097222 0.434000 130 134 106
-0.041898 -0.097222 0.434000 111 129 83
-0.040682 -0.096998 0.433000 97 115 69
-0.039563 -0.096998 0.433000 84 113 50
-0.038533 -0.097222 0.434000 85 114 51
-0.037411 -0.097222 0.434000 83 112 53
-0.036289 -0.097222 0.434000 82 111 52
-0.035167 -0.097222 0.434000 80 99 57
-0.209721 -0.093885 0.424000 78 79 70
-0.208625 -0.093885 0.424000 55 56 47
-0.207529 -0.093885 0.424000 51 54 53
-0.206920 -0.094106 0.425000 52 55 54
-0.205822 -0.094106 0.425000 49 57 56
-0.204583 -0.094549 0.427000 48 56 57
-0.203955 -0.094770 0.428000 52 60 61
-0.203323 -0.094992 0.429000 125 125 121
-0.127020 -0.094328 0.426000 86 113 51
-0.125623 -0.094106 0.425000 91 118 56
-0.124524 -0.094106 0.425000 93 125 65
-0.123426 -0.094106 0.425000 96 128 68
-0.122327 -0.094106 0.425000 59 92 38
-0.121228 -0.094106 0.425000 53 86 32
-0.120412 -0.094328 0.426000 63 95 44
-0.119311 -0.094328 0.426000 70 102 51
-0.118210 -0.094328 0.426000 77 110 56
-0.117109 -0.094328 0.426000 81 114 60
-0.116280 -0.094549 0.427000 88 119 66
-0.115176 -0.094549 0.427000 90 121 68
-0.114339 -0.094770 0.428000 97 117 70
-0.113233 -0.094770 0.428000 109 129 82
-0.043020 -0.096099 0.434000 115 127 90
-0.041802 -0.095878 0.433000 88 112 55
-0.040682 -0.095878 0.433000 86 110 53
-0.039563 -0.095878 0.433000 85 114 51
-0.038533 -0.096099 0.434000 82 111 48
-0.037411 -0.096099 0.434000 81 107 52
-0.036289 -0.096099 0.434000 79 105 50
-0.211315 -0.093006 0.425000 111 105 92
-0.209721 -0.092787 0.424000 55 57 48
-0.208625 -0.092787 0.424000 47 49 40
-0.207529 -0.092787 0.424000 51 57 55
-0.206920 -0.093006 0.425000 51 57 55
-0.205205 -0.093225 0.426000 50 56 56
-0.205062 -0.093663 0.428000 47 53 53
-0.204432 -0.093881 0.429000 96 102 102
-0.126721 -0.093006 0.425000 87 110 56
-0.125623 -0.093006 0.425000 88 111 57
-0.124524 -0.093006 0.425000 90 118 62
-0.123426 -0.093006 0.425000 95 123 67
-0.122327 -0.093006 0.425000 96 129 73
-0.121228 -0.093006 0.425000 66 99 43
-0.120130 -0.093006 0.425000 53 86 32
-0.119031 -0.093006 0.425000 57 90 36
-0.117932 -0.093006 0.425000 67 100 46
-0.116834 -0.093006 0.425000 75 108 54
-0.114906 -0.093225 0.426000 85 116 63
-0.113805 -0.093225 0.426000 91 117 66
-0.112704 -0.093225 0.426000 95 121 70
-0.111865 -0.093444 0.427000 101 121 74
-0.110761 -0.093444 0.427000 102 122 75
-0.109914 -0.093663 0.428000 132 146 108
-0.045264 -0.094976 0.434000 131 136 106
-0.044040 -0.094757 0.433000 106 126 81
-0.042921 -0.094757 0.433000 92 112 67
-0.041802 -0.094757 0.433000 82 108 53
-0.040682 -0.094757 0.433000 88 114 59
-0.039563 -0.094757 0.433000 83 110 50
-0.038533 -0.094976 0.434000 78 105 45
-0.037411 -0.094976 0.434000 83 103 56
-0.212413 -0.091906 0.425000 134 130 119
-0.210817 -0.091690 0.424000 71 67 56
-0.209721 -0.091690 0.424000 49 53 48
-0.208625 -0.091690 0.424000 51 55 50
-0.208019 -0.091906 0.425000 55 62 56
-0.206920 -0.091906 0.425000 53 60 54
-0.205686 -0.092338 0.427000 50 53 56
-0.205541 -0.092771 0.429000 90 90 92
-0.204432 -0.092771 0.429000 140 140 142
-0.125623 -0.091906 0.425000 90 110 63
-0.124524 -0.091906 0.425000 88 114 63
-0.123426 -0.091906 0.425000 90 116 65
-0.122327 -0.091906 0.425000 92 123 68
-0.121228 -0.091906 0.425000 97 128 73
-0.120130 -0.091906 0.425000 75 108 52
-0.119031 -0.091906 0.425000 52 85 29
-0.117932 -0.091906 0.425000 56 89 35
-0.116834 -0.091906 0.425000 66 99 45
-0.115735 -0.091906 0.425000 73 103 53
-0.114637 -0.091906 0.425000 85 115 65
-0.113538 -0.091906 0.425000 83 111 59
-0.111603 -0.092122 0.426000 89 115 64
-0.110502 -0.092122 0.426000 91 117 66
-0.109657 -0.092338 0.427000 103 124 74
-0.108553 -0.092338 0.427000 106 127 77
-0.046279 -0.093636 0.433000 122 134 95
-0.045160 -0.093636 0.433000 110 122 83
-0.044040 -0.093636 0.433000 92 114 69
-0.042921 -0.093636 0.433000 90 112 67
-0.041802 -0.093636 0.433000 86 112 61
-0.040682 -0.093636 0.433000 83 109 58
-0.039563 -0.093636 0.433000 77 103 50
-0.038444 -0.093636 0.433000 77 103 50
-0.212413 -0.090806 0.425000 86 84 76
-0.210817 -0.090592 0.424000 51 49 41
-0.209721 -0.090592 0.424000 48 55 49
-0.209117 -0.090806 0.425000 50 57 51
-0.208019 -0.090806 0.425000 55 62 56
-0.206306 -0.091020 0.426000 53 52 56
-0.206168 -0.091447 0.428000 67 66 70
-0.205541 -0.091660 0.429000 132 127 125
-0.124524 -0.090806 0.425000 88 113 65
-0.123426 -0.090806 0.425000 89 114 66
-0.122039 -0.090592 0.424000 89 117 61
-0.120943 -0.090592 0.424000 91 119 63
-0.119847 -0.090592 0.424000 91 124 66
-0.119031 -0.090806 0.425000 89 122 64
-0.117655 -0.090592 0.424000 60 93 39
-0.116559 -0.090592 0.424000 50 83 29
-0.115735 -0.090806 0.425000 56 86 38
-0.114637 -0.090806 0.425000 72 102 54
-0.113538 -0.090806 0.425000 82 109 60
-0.112439 -0.090806 0.425000 87 114 65
-0.111341 -0.090806 0.425000 88 116 64
-0.110242 -0.090806 0.425000 90 118 66
-0.108299 -0.091020 0.426000 97 123 70
-0.107450 -0.091233 0.427000 102 123 73
-0.106346 -0.091233 0.427000 107 128 78
-0.105488 -0.091447 0.428000 118 132 92
-0.104626 -0.091660 0.429000 133 147 107
-0.048630 -0.092729 0.434000 137 146 110
-0.047398 -0.092515 0.433000 122 131 95
-0.046279 -0.092515 0.433000 107 125 79
-0.045160 -0.092515 0.433000 93 111 65
-0.044040 -0.092515 0.433000 84 109 61
-0.042921 -0.092515 0.433000 86 111 63
-0.041802 -0.092515 0.433000 81 106 58
-0.040682 -0.092515 0.433000 82 107 59
-0.039563 -0.092515 0.433000 75 94 54
-0.213512 -0.089706 0.425000 105 101 90
-0.211913 -0.089495 0.424000 55 56 52
-0.210817 -0.089495 0.424000 47 48 44
-0.209721 -0.089495 0.424000 50 57 51
-0.209117 -0.089706 0.425000 51 58 52
-0.207407 -0.089917 0.426000 49 52 51
-0.206790 -0.090128 0.427000 65 64 64
-0.206650 -0.090550 0.429000 124 123 123
-0.122039 -0.089495 0.424000 85 111 56
-0.120943 -0.089495 0.424000 86 112 57
-0.119847 -0.089495 0.424000 88 117 58
-0.118751 -0.089495 0.424000 91 120 61
-0.117655 -0.089495 0.424000 95 128 72
-0.116559 -0.089495 0.424000 80 113 57
-0.115463 -0.089495 0.424000 56 86 36
-0.114367 -0.089495 0.424000 50 80 30
-0.113271 -0.089495 0.424000 63 90 43
-0.112175 -0.089495 0.424000 74 101 54
-0.111341 -0.089706 0.425000 82 110 58
-0.110242 -0.089706 0.425000 87 115 63
-0.109144 -0.089706 0.425000 87 115 59
-0.108045 -0.089706 0.425000 90 118 62
-0.107198 -0.089917 0.426000 90 117 59
-0.106097 -0.089917 0.426000 95 122 64
-0.104138 -0.090128 0.427000 99 122 68
-0.103276 -0.090339 0.428000 110 125 80
-0.102169 -0.090339 0.428000 124 139 94
-0.049637 -0.091394 0.433000 131 136 108
-0.048518 -0.091394 0.433000 108 126 80
-0.047398 -0.091394 0.433000 94 112 66
-0.046172 -0.091183 0.432000 90 113 63
-0.045160 -0.091394 0.433000 87 110 60
-0.043939 -0.091183 0.432000 85 111 60
-0.042921 -0.091394 0.433000 79 105 54
-0.041802 -0.091394 0.433000 79 100 60
-0.040682 -0.091394 0.433000 79 100 60
-0.215115 -0.088814 0.426000 135 131 122
-0.213512 -0.088606 0.425000 73 69 60
-0.211913 -0.088397 0.424000 45 46 42
-0.210817 -0.088397 0.424000 50 51 47
-0.210216 -0.088606 0.425000 52 56 51
-0.209117 -0.088606 0.425000 53 57 52
-0.207894 -0.089023 0.427000 49 53 48
-0.207274 -0.089231 0.428000 106 103 100
-0.120943 -0.088397 0.424000 88 109 59
-0.119847 -0.088397 0.424000 85 111 56
-0.118751 -0.088397 0.424000 89 115 60
-0.117655 -0.088397 0.424000 89 117 63
-0.116559 -0.088397 0.424000 94 122 68
-0.115463 -0.088397 0.424000 96 124 72
-0.114367 -0.088397 0.424000 81 109 57
-0.113271 -0.088397 0.424000 58 86 34
-0.112175 -0.088397 0.424000 58 86 34
-0.111079 -0.088397 0.424000 64 91 42
-0.109983 -0.088397 0.424000 81 108 59
-0.108887 -0.088397 0.424000 88 116 64
-0.108045 -0.088606 0.425000 87 115 63
-0.106946 -0.088606 0.425000 87 115 59
-0.105848 -0.088606 0.425000 90 118 62
-0.104749 -0.088606 0.425000 92 118 63
-0.103894 -0.088814 0.426000 93 119 64
-0.102793 -0.088814 0.426000 98 121 69
-0.100827 -0.089023 0.427000 103 123 76
-0.099723 -0.089023 0.427000 111 131 84
-0.050639 -0.090065 0.432000 124 136 97
-0.049522 -0.090065 0.432000 105 117 78
-0.048405 -0.090065 0.432000 87 108 56
-0.047289 -0.090065 0.432000 88 109 57
-0.046172 -0.090065 0.432000 85 111 58
-0.045055 -0.090065 0.432000 84 110 57
-0.043939 -0.090065 0.432000 81 107 56
-0.042822 -0.090065 0.432000 78 104 53
-0.041705 -0.090065 0.432000 83 99 67
-0.214611 -0.087505 0.425000 91 88 83
-0.213512 -0.087505 0.425000 53 50 45
-0.211913 -0.087300 0.424000 53 53 49
-0.211315 -0.087505 0.425000 55 55 51
-0.210216 -0.087505 0.425000 52 56 51
-0.208998 -0.087917 0.427000 46 50 45
-0.208381 -0.088123 0.428000 74 78 73
-0.207759 -0.088329 0.429000 142 137 135
-0.119847 -0.087300 0.424000 86 109 59
-0.118751 -0.087300 0.424000 88 111 61
-0.117655 -0.087300 0.424000 86 112 59
-0.116559 -0.087300 0.424000 90 116 63
-0.115463 -0.087300 0.424000 91 119 65
-0.114367 -0.087300 0.424000 98 126 72
-0.113271 -0.087300 0.424000 94 125 72
-0.112175 -0.087300 0.424000 78 109 56
-0.111079 -0.087300 0.424000 60 90 40
-0.109983 -0.087300 0.424000 58 88 38
-0.108887 -0.087300 0.424000 74 101 52
-0.107791 -0.087300 0.424000 80 107 58
-0.106695 -0.087300 0.424000 85 113 61
-0.105848 -0.087505 0.425000 88 116 64
-0.104749 -0.087505 0.425000 88 114 63
-0.103650 -0.087505 0.425000 88 114 63
-0.102552 -0.087505 0.425000 86 112 59
-0.101453 -0.087505 0.425000 90 116 63
-0.100355 -0.087505 0.425000 93 119 68
-0.099256 -0.087505 0.425000 97 123 72
-0.098388 -0.087711 0.426000 100 120 75
-0.096412 -0.087917 0.427000 126 139 106
-0.052872 -0.088947 0.432000 133 142 106
-0.051756 -0.088947 0.432000 114 123 87
-0.050639 -0.088947 0.432000 96 117 67
-0.049522 -0.088947 0.432000 90 111 61
-0.048405 -0.088947 0.432000 90 113 59
-0.047179 -0.088741 0.431000 90 113 59
-0.046065 -0.088741 0.431000 84 110 57
-0.043939 -0.088947 0.432000 83 104 62
-0.042822 -0.088947 0.432000 85 106 64
-0.216217 -0.086609 0.426000 121 114 106
-0.214611 -0.086405 0.425000 54 54 50
-0.213010 -0.086202 0.424000 51 51 47
-0.211315 -0.086405 0.425000 59 60 56
-0.209609 -0.086609 0.426000 51 55 50
-0.209487 -0.087015 0.428000 55 56 52
-0.208868 -0.087219 0.429000 119 120 116
-0.118751 -0.086202 0.424000 87 106 64
-0.117655 -0.086202 0.424000 85 107 60
-0.116559 -0.086202 0.424000 88 110 63
-0.115463 -0.086202 0.424000 83 111 59
-0.114367 -0.086202 0.424000 85 113 61
-0.113271 -0.086202 0.424000 88 121 65
-0.112175 -0.086202 0.424000 91 124 68
-0.111079 -0.086202 0.424000 89 119 69
-0.109983 -0.086202 0.424000 79 109 59
-0.108887 -0.086202 0.424000 60 90 40
-0.107791 -0.086202 0.424000 60 90 40
-0.106695 -0.086202 0.424000 73 100 53
-0.105599 -0.086202 0.424000 80 107 60
-0.104503 -0.086202 0.424000 82 107 61
-0.103407 -0.086202 0.424000 85 110 64
-0.102311 -0.086202 0.424000 84 111 62
-0.101215 -0.086202 0.424000 87 114 65
-0.100118 -0.086202 0.424000 87 115 63
-0.099022 -0.086202 0.424000 90 118 66
-0.097926 -0.086202 0.424000 91 117 66
-0.097059 -0.086405 0.425000 96 122 71
-0.095960 -0.086405 0.425000 102 124 77
-0.094862 -0.086405 0.425000 101 123 76
-0.093984 -0.086609 0.426000 116 130 92
-0.093100 -0.086812 0.427000 130 144 106
-0.053989 -0.087829 0.432000 125 131 96
-0.052750 -0.087625 0.431000 107 123 75
-0.051636 -0.087625 0.431000 96 112 64
-0.050522 -0.087625 0.431000 87 110 56
-0.049408 -0.087625 0.431000 88 111 57
-0.048293 -0.087625 0.431000 86 109 55
-0.047179 -0.087625 0.431000 87 110 56
-0.046065 -0.087625 0.431000 83 106 56
-0.044951 -0.087625 0.431000 83 106 56
-0.215202 -0.085105 0.424000 77 75 65
-0.214106 -0.085105 0.424000 45 48 47
-0.212413 -0.085305 0.425000 54 60 60
-0.211315 -0.085305 0.425000 54 60 60
-0.210711 -0.085506 0.426000 53 59 59
-0.210102 -0.085707 0.427000 50 56 56
-0.209977 -0.086108 0.429000 98 98 94
-0.208868 -0.086108 0.429000 145 145 141
-0.117655 -0.085105 0.424000 86 105 63
-0.116559 -0.085105 0.424000 87 106 64
-0.115463 -0.085105 0.424000 81 106 58
-0.114367 -0.085105 0.424000 82 107 59
-0.113271 -0.085105 0.424000 82 115 59
-0.112175 -0.085105 0.424000 86 119 63
-0.111079 -0.085105 0.424000 87 120 64
-0.109983 -0.085105 0.424000 88 121 65
-0.108887 -0.085105 0.424000 85 118 62
-0.107791 -0.085105 0.424000 82 115 59
-0.106695 -0.085105 0.424000 74 102 50
-0.105599 -0.085105 0.424000 75 103 51
-0.104503 -0.085105 0.424000 70 97 50
-0.103407 -0.085105 0.424000 70 97 50
-0.102311 -0.085105 0.424000 80 106 62
-0.101215 -0.085105 0.424000 82 108 64
-0.100118 -0.085105 0.424000 83 110 61
-0.099022 -0.085105 0.424000 85 112 63
-0.097926 -0.085105 0.424000 87 115 63
-0.096830 -0.085105 0.424000 88 116 64
-0.095734 -0.085105 0.424000 89 117 65
-0.094638 -0.085105 0.424000 92 120 68
-0.093542 -0.085105 0.424000 93 116 66
-0.092664 -0.085305 0.425000 95 118 68
-0.091566 -0.085305 0.425000 109 127 83
-0.090467 -0.085305 0.425000 108 126 82
-0.089579 -0.085506 0.426000 126 138 101
-0.056092 -0.086510 0.431000 129 135 102
-0.054851 -0.086309 0.430000 110 125 80
-0.053739 -0.086309 0.430000 98 113 68
-0.052628 -0.086309 0.430000 90 111 61
-0.051516 -0.086309 0.430000 86 107 57
-0.050404 -0.086309 0.430000 86 109 57
-0.049293 -0.086309 0.430000 86 109 57
-0.048181 -0.086309 0.430000 83 106 54
-0.047070 -0.086309 0.430000 78 101 49
-0.046065 -0.086510 0.431000 82 101 61
-0.044951 -0.086510 0.431000 89 108 68
-0.216298 -0.084007 0.424000 108 108 102
-0.215202 -0.084007 0.424000 52 52 46
-0.214106 -0.084007 0.424000 43 49 51
-0.212413 -0.084205 0.425000 54 62 61
-0.211315 -0.084205 0.425000 52 60 59
-0.211205 -0.084601 0.427000 46 49 50
-0.210594 -0.084800 0.428000 69 72 73
-0.209977 -0.084998 0.429000 143 138 134
-0.115463 -0.084007 0.424000 81 105 62
-0.114367 -0.084007 0.424000 82 106 63
-0.113271 -0.084007 0.424000 81 111 61
-0.112175 -0.084007 0.424000 82 112 62
-0.111079 -0.084007 0.424000 85 118 62
-0.109983 -0.084007 0.424000 85 118 62
-0.108887 -0.084007 0.424000 84 117 59
-0.107791 -0.084007 0.424000 84 117 59
-0.106695 -0.084007 0.424000 84 112 58
-0.105599 -0.084007 0.424000 89 117 63
-0.104503 -0.084007 0.424000 74 101 52
-0.103407 -0.084007 0.424000 74 101 52
-0.102311 -0.084007 0.424000 68 98 50
-0.101215 -0.084007 0.424000 68 98 50
-0.100118 -0.084007 0.424000 76 106 56
-0.098789 -0.083809 0.423000 79 109 59
-0.097695 -0.083809 0.423000 85 112 63
-0.096602 -0.083809 0.423000 88 115 66
-0.095509 -0.083809 0.423000 87 115 63
-0.094415 -0.083809 0.423000 87 115 63
-0.093542 -0.084007 0.424000 88 116 64
-0.092446 -0.084007 0.424000 87 115 63
-0.091350 -0.084007 0.424000 92 118 67
-0.090254 -0.084007 0.424000 91 117 66
-0.089158 -0.084007 0.424000 100 120 73
-0.088062 -0.084007 0.424000 104 124 77
-0.087171 -0.084205 0.425000 119 133 95
-0.086073 -0.084205 0.425000 130 144 106
-0.058185 -0.085196 0.430000 128 136 107
-0.057074 -0.085196 0.430000 101 122 80
-0.055962 -0.085196 0.430000 93 114 72
-0.054851 -0.085196 0.430000 90 116 65
-0.053739 -0.085196 0.430000 85 111 60
-0.052628 -0.085196 0.430000 86 112 61
-0.051516 -0.085196 0.430000 84 110 59
-0.050404 -0.085196 0.430000 82 108 55
-0.049293 -0.085196 0.430000 79 105 52
-0.048181 -0.085196 0.430000 80 101 59
-0.047070 -0.085196 0.430000 74 95 53
-0.046065 -0.085394 0.431000 99 109 82
-0.217394 -0.082909 0.424000 146 142 133
-0.216298 -0.082909 0.424000 66 65 65
-0.215202 -0.082909 0.424000 51 50 50
-0.214106 -0.082909 0.424000 51 53 59
-0.212413 -0.083105 0.425000 52 59 63
-0.211812 -0.083301 0.426000 48 55 59
-0.211205 -0.083496 0.427000 46 49 52
-0.211086 -0.083887 0.429000 109 112 115
-0.113271 -0.082909 0.424000 80 106 62
-0.112175 -0.082909 0.424000 83 109 65
-0.111079 -0.082909 0.424000 80 111 58
-0.109983 -0.082909 0.424000 80 111 58
-0.108887 -0.082909 0.424000 82 113 58
-0.107791 -0.082909 0.424000 85 116 61
-0.106695 -0.082909 0.424000 87 118 61
-0.105599 -0.082909 0.424000 85 116 59
-0.104503 -0.082909 0.424000 79 110 55
-0.103407 -0.082909 0.424000 80 111 56
-0.102311 -0.082909 0.424000 72 105 51
-0.101215 -0.082909 0.424000 73 106 52
-0.099882 -0.082714 0.423000 68 98 48
-0.098789 -0.082714 0.423000 73 103 53
-0.097695 -0.082714 0.423000 76 106 56
-0.096374 -0.082518 0.422000 79 109 59
-0.095283 -0.082518 0.422000 79 109 59
-0.094192 -0.082518 0.422000 81 111 61
-0.093101 -0.082518 0.422000 85 112 63
-0.092010 -0.082518 0.422000 84 111 62
-0.090919 -0.082518 0.422000 85 112 63
-0.089828 -0.082518 0.422000 87 114 65
-0.088948 -0.082714 0.423000 91 119 67
-0.087854 -0.082714 0.423000 91 119 67
-0.082972 -0.083301 0.426000 119 136 95
-0.081870 -0.083301 0.426000 131 148 107
-0.060408 -0.084083 0.430000 128 136 105
-0.059297 -0.084083 0.430000 104 127 91
-0.058185 -0.084083 0.430000 90 113 77
-0.057074 -0.084083 0.430000 83 112 67
-0.055832 -0.083887 0.429000 83 112 67
-0.054723 -0.083887 0.429000 82 114 63
-0.053614 -0.083887 0.429000 81 113 62
-0.052505 -0.083887 0.429000 80 110 60
-0.051396 -0.083887 0.429000 78 108 58
-0.050287 -0.083887 0.429000 78 103 57
-0.049293 -0.084083 0.430000 75 100 54
-0.048181 -0.084083 0.430000 88 101 70
-0.217394 -0.081812 0.424000 107 103 96
-0.216298 -0.081812 0.424000 48 48 50
-0.215202 -0.081812 0.424000 52 52 54
-0.213512 -0.082005 0.425000 56 59 62
-0.212413 -0.082005 0.425000 52 59 63
-0.212309 -0.082391 0.427000 43 50 54
-0.211700 -0.082584 0.428000 82 85 86
-0.211086 -0.082777 0.429000 142 145 146
-0.112175 -0.081812 0.424000 85 104 66
-0.111079 -0.081812 0.424000 79 104 58
-0.109983 -0.081812 0.424000 79 104 58
-0.108887 -0.081812 0.424000 80 108 56
-0.107791 -0.081812 0.424000 83 111 59
-0.106695 -0.081812 0.424000 84 112 56
-0.105599 -0.081812 0.424000 88 116 60
-0.104503 -0.081812 0.424000 86 117 60
-0.103407 -0.081812 0.424000 80 111 54
-0.102311 -0.081812 0.424000 72 105 47
-0.101215 -0.081812 0.424000 78 111 53
-0.099882 -0.081619 0.423000 67 100 46
-0.098789 -0.081619 0.423000 67 100 46
-0.097465 -0.081426 0.422000 64 97 43
-0.096374 -0.081426 0.422000 70 103 49
-0.095283 -0.081426 0.422000 76 106 56
-0.093969 -0.081233 0.421000 82 112 62
-0.092880 -0.081233 0.421000 82 109 62
-0.091792 -0.081233 0.421000 83 110 63
-0.090704 -0.081233 0.421000 83 110 63
-0.089616 -0.081233 0.421000 82 109 62
-0.088738 -0.081426 0.422000 84 109 61
-0.087647 -0.081426 0.422000 88 113 65
-0.086556 -0.081426 0.422000 86 112 61
-0.085465 -0.081426 0.422000 91 117 66
-0.084574 -0.081619 0.423000 92 118 67
-0.083678 -0.081812 0.424000 93 119 68
-0.082582 -0.081812 0.424000 97 120 68
-0.081486 -0.081812 0.424000 94 117 65
-0.079481 -0.082005 0.425000 115 135 90
-0.078382 -0.082005 0.425000 124 143 101
-0.077466 -0.082198 0.426000 128 147 105
-0.076544 -0.082391 0.427000 141 152 120
-0.062486 -0.082777 0.429000 113 127 87
-0.061377 -0.082777 0.429000 102 123 83
-0.060268 -0.082777 0.429000 95 116 76
-0.059159 -0.082777 0.429000 83 112 69
-0.058050 -0.082777 0.429000 81 110 67
-0.056941 -0.082777 0.429000 81 112 66
-0.055832 -0.082777 0.429000 81 112 66
-0.054723 -0.082777 0.429000 77 109 60
-0.053614 -0.082777 0.429000 75 107 58
-0.052505 -0.082777 0.429000 77 103 59
-0.051396 -0.082777 0.429000 77 103 59
-0.050287 -0.082777 0.429000 86 102 68
-0.218490 -0.080714 0.424000 125 123 115
-0.217394 -0.080714 0.424000 63 61 53
-0.216298 -0.080714 0.424000 43 46 47
-0.215202 -0.080714 0.424000 52 55 56
-0.213512 -0.080905 0.425000 54 60 62
-0.212913 -0.081095 0.426000 48 55 59
-0.212309 -0.081285 0.427000 52 59 63
-0.212195 -0.081666 0.429000 136 135 137
-0.108887 -0.080714 0.424000 78 102 59
-0.107791 -0.080714 0.424000 79 103 60
-0.106695 -0.080714 0.424000 80 108 56
-0.105599 -0.080714 0.424000 80 108 56
-0.104503 -0.080714 0.424000 81 109 53
-0.103407 -0.080714 0.424000 83 111 55
-0.102311 -0.080714 0.424000 78 112 51
-0.101215 -0.080714 0.424000 75 109 48
-0.099882 -0.080524 0.423000 73 106 48
-0.098789 -0.080524 0.423000 64 97 39
-0.097465 -0.080334 0.422000 53 84 31
-0.096374 -0.080334 0.422000 49 80 27
-0.095283 -0.080334 0.422000 55 83 31
-0.093969 -0.080143 0.421000 67 95 43
-0.092880 -0.080143 0.421000 76 103 54
-0.091792 -0.080143 0.421000 76 103 54
-0.090704 -0.080143 0.421000 80 107 60
-0.089403 -0.079953 0.420000 78 105 58
-0.088527 -0.080143 0.421000 80 107 58
-0.087439 -0.080143 0.421000 81 108 59
-0.086351 -0.080143 0.421000 83 110 61
-0.085263 -0.080143 0.421000 84 111 62
-0.084174 -0.080143 0.421000 83 111 59
-0.083283 -0.080334 0.422000 85 113 61
-0.082192 -0.080334 0.422000 86 112 59
-0.081294 -0.080524 0.423000 85 111 58
-0.080200 -0.080524 0.423000 89 115 60
-0.079294 -0.080714 0.424000 95 121 66
-0.078198 -0.080714 0.424000 97 123 70
-0.077102 -0.080714 0.424000 95 121 68
-0.072889 -0.080905 0.425000 128 145 106
-0.071960 -0.081095 0.426000 140 152 117
-0.070858 -0.081095 0.426000 145 157 122
-0.069757 -0.081095 0.426000 139 150 118
-0.065506 -0.081285 0.427000 107 126 84
-0.064553 -0.081476 0.428000 96 115 73
-0.063298 -0.081285 0.427000 95 113 67
-0.062194 -0.081285 0.427000 93 111 65
-0.061234 -0.081476 0.428000 88 110 65
-0.060127 -0.081476 0.428000 86 108 63
-0.059021 -0.081476 0.428000 81 107 65
-0.057915 -0.081476 0.428000 78 104 62
-0.056808 -0.081476 0.428000 74 103 58
-0.055702 -0.081476 0.428000 74 103 58
-0.054723 -0.081666 0.429000 76 102 60
-0.053614 -0.081666 0.429000 75 101 59
-0.218490 -0.079617 0.424000 80 81 72
-0.217394 -0.079617 0.424000 48 49 40
-0.216298 -0.079617 0.424000 43 50 44
-0.214611 -0.079805 0.425000 54 62 61
-0.213512 -0.079805 0.425000 53 61 60
-0.213413 -0.080180 0.427000 46 49 52
-0.212806 -0.080368 0.428000 84 87 90
-0.108045 -0.079805 0.425000 82 101 63
-0.106695 -0.079617 0.424000 76 101 55
-0.105599 -0.079617 0.424000 77 102 56
-0.104503 -0.079617 0.424000 77 105 51
-0.103407 -0.079617 0.424000 78 106 52
-0.102311 -0.079617 0.424000 81 110 51
-0.101215 -0.079617 0.424000 81 110 51
-0.100118 -0.079617 0.424000 79 111 51
-0.098789 -0.079429 0.423000 76 108 48
-0.097695 -0.079429 0.423000 77 106 47
-0.096374 -0.079241 0.422000 68 97 38
-0.095283 -0.079241 0.422000 56 85 26
-0.094192 -0.079241 0.422000 51 80 21
-0.092880 -0.079054 0.421000 51 79 27
-0.091792 -0.079054 0.421000 59 87 35
-0.090704 -0.079054 0.421000 73 99 55
-0.089403 -0.078866 0.420000 80 106 62
-0.088317 -0.078866 0.420000 76 106 58
-0.087231 -0.078866 0.420000 75 105 57
-0.086146 -0.078866 0.420000 76 106 56
-0.085060 -0.078866 0.420000 78 108 58
-0.083974 -0.078866 0.420000 79 109 59
-0.081998 -0.079054 0.421000 80 108 54
-0.080909 -0.079054 0.421000 81 109 55
-0.079821 -0.079054 0.421000 84 112 56
-0.078733 -0.079054 0.421000 82 110 54
-0.077829 -0.079241 0.422000 88 116 60
-0.076738 -0.079241 0.422000 90 118 62
-0.075827 -0.079429 0.423000 89 115 64
-0.074733 -0.079429 0.423000 92 118 67
-0.073814 -0.079617 0.424000 95 117 70
-0.072718 -0.079617 0.424000 100 122 75
-0.071622 -0.079617 0.424000 103 123 78
-0.068334 -0.079617 0.424000 103 122 80
-0.067238 -0.079617 0.424000 98 120 75
-0.066142 -0.079617 0.424000 91 113 68
-0.065046 -0.079617 0.424000 85 110 62
-0.064100 -0.079805 0.425000 88 113 65
-0.063002 -0.079805 0.425000 87 108 58
-0.061903 -0.079805 0.425000 85 106 56
-0.060804 -0.079805 0.425000 82 100 56
-0.059706 -0.079805 0.425000 80 98 54
-0.058607 -0.079805 0.425000 74 98 57
-0.057509 -0.079805 0.425000 77 101 60
-0.056410 -0.079805 0.425000 74 100 58
-0.055442 -0.079992 0.426000 74 100 58
-0.054340 -0.079992 0.426000 79 96 66
-0.219586 -0.078519 0.424000 139 135 124
-0.218490 -0.078519 0.424000 55 59 52
-0.217394 -0.078519 0.424000 46 50 43
-0.216298 -0.078519 0.424000 48 57 50
-0.214611 -0.078705 0.425000 55 63 62
-0.214014 -0.078890 0.426000 49 57 56
-0.213413 -0.079075 0.427000 56 59 60
-0.212806 -0.079260 0.428000 133 136 137
-0.105848 -0.078705 0.425000 81 100 62
-0.104749 -0.078705 0.425000 76 101 55
-0.103407 -0.078519 0.424000 77 102 56
-0.102311 -0.078519 0.424000 78 106 54
-0.101215 -0.078519 0.424000 80 108 56
-0.100118 -0.078519 0.424000 78 106 50
-0.099022 -0.078519 0.424000 77 105 49
-0.097695 -0.078334 0.423000 77 106 47
-0.096602 -0.078334 0.423000 76 105 46
-0.095509 -0.078334 0.423000 76 105 46
-0.094192 -0.078149 0.422000 71 100 41
-0.093101 -0.078149 0.422000 64 95 42
-0.091792 -0.077964 0.421000 56 87 34
-0.090704 -0.077964 0.421000 44 73 28
-0.089403 -0.077779 0.420000 49 78 33
-0.088317 -0.077779 0.420000 56 85 40
-0.087231 -0.077779 0.420000 65 94 49
-0.086146 -0.077779 0.420000 74 104 56
-0.085060 -0.077779 0.420000 76 106 58
-0.083974 -0.077779 0.420000 76 103 56
-0.082889 -0.077779 0.420000 76 103 56
-0.081803 -0.077779 0.420000 76 104 52
-0.080717 -0.077779 0.420000 77 105 53
-0.079632 -0.077779 0.420000 78 106 52
-0.078546 -0.077779 0.420000 78 106 52
-0.077460 -0.077779 0.420000 81 109 55
-0.076374 -0.077779 0.420000 81 109 55
-0.075110 -0.077593 0.419000 83 111 57
-0.074026 -0.077593 0.419000 88 116 62
-0.073117 -0.077779 0.420000 87 115 63
-0.072032 -0.077779 0.420000 89 117 65
-0.070946 -0.077779 0.420000 89 114 66
-0.069860 -0.077779 0.420000 92 117 69
-0.068775 -0.077779 0.420000 95 120 74
-0.067689 -0.077779 0.420000 97 122 76
-0.066603 -0.077779 0.420000 97 124 77
-0.065518 -0.077779 0.420000 96 123 76
-0.064585 -0.077964 0.421000 95 122 73
-0.063497 -0.077964 0.421000 95 122 73
-0.062409 -0.077964 0.421000 109 129 82
-0.061320 -0.077964 0.421000 118 138 91
-0.060375 -0.078149 0.422000 117 132 89
-0.059284 -0.078149 0.422000 107 122 79
-0.058194 -0.078149 0.422000 98 118 83
-0.057103 -0.078149 0.422000 78 98 63
-0.219586 -0.077422 0.424000 85 83 71
-0.218490 -0.077422 0.424000 44 51 43
-0.217394 -0.077422 0.424000 43 50 42
-0.216298 -0.077422 0.424000 46 58 50
-0.214611 -0.077604 0.425000 50 58 57
-0.214014 -0.077787 0.426000 42 50 49
-0.213413 -0.077970 0.427000 97 97 97
-0.102552 -0.077604 0.425000 77 98 56
-0.101453 -0.077604 0.425000 78 99 57
-0.100118 -0.077422 0.424000 76 101 53
-0.099022 -0.077422 0.424000 77 102 54
-0.097926 -0.077422 0.424000 77 103 50
-0.096830 -0.077422 0.424000 77 103 50
-0.095734 -0.077422 0.424000 76 104 48
-0.094415 -0.077239 0.423000 74 102 46
-0.093322 -0.077239 0.423000 74 102 50
-0.092010 -0.077057 0.422000 68 96 44
-0.090919 -0.077057 0.422000 69 99 51
-0.089828 -0.077057 0.422000 68 98 50
-0.088527 -0.076874 0.421000 61 90 45
-0.087439 -0.076874 0.421000 54 83 38
-0.086146 -0.076691 0.420000 55 82 35
-0.085060 -0.076691 0.420000 67 94 47
-0.083974 -0.076691 0.420000 73 100 53
-0.082691 -0.076509 0.419000 75 102 55
-0.081608 -0.076509 0.419000 79 104 58
-0.080525 -0.076509 0.419000 76 101 55
-0.079442 -0.076509 0.419000 77 102 54
-0.078359 -0.076509 0.419000 77 102 54
-0.077276 -0.076509 0.419000 79 105 54
-0.076193 -0.076509 0.419000 81 107 56
-0.075110 -0.076509 0.419000 81 109 57
-0.074026 -0.076509 0.419000 82 110 58
-0.072943 -0.076509 0.419000 81 109 55
-0.071860 -0.076509 0.419000 81 109 55
-0.070777 -0.076509 0.419000 83 111 57
-0.069694 -0.076509 0.419000 89 117 63
-0.068611 -0.076509 0.419000 89 116 67
-0.067528 -0.076509 0.419000 88 115 66
-0.066445 -0.076509 0.419000 87 114 65
-0.065362 -0.076509 0.419000 89 116 67
-0.064278 -0.076509 0.419000 90 117 68
-0.063195 -0.076509 0.419000 90 117 68
-0.062112 -0.076509 0.419000 117 135 91
-0.061175 -0.076691 0.420000 140 158 114
-0.060089 -0.076691 0.420000 144 158 120
-0.059003 -0.076691 0.420000 147 161 123
-0.057918 -0.076691 0.420000 146 161 132
-0.220682 -0.076324 0.424000 129 130 119
-0.219586 -0.076324 0.424000 67 68 57
-0.218490 -0.076324 0.424000 44 51 45
-0.217394 -0.076324 0.424000 48 55 49
-0.216298 -0.076324 0.424000 49 57 54
-0.214611 -0.076504 0.425000 44 50 50
-0.214517 -0.076864 0.427000 51 57 57
-0.213913 -0.077044 0.428000 133 133 129
-0.100591 -0.076684 0.426000 81 100 60
-0.099490 -0.076684 0.426000 79 98 58
-0.098388 -0.076684 0.426000 79 99 54
-0.097059 -0.076504 0.425000 79 99 54
-0.095960 -0.076504 0.425000 78 100 55
-0.094862 -0.076504 0.425000 77 99 54
-0.093542 -0.076324 0.424000 74 99 51
-0.092446 -0.076324 0.424000 74 99 51
-0.091350 -0.076324 0.424000 71 96 48
-0.090254 -0.076324 0.424000 70 95 47
-0.089158 -0.076324 0.424000 70 95 47
-0.088062 -0.076324 0.424000 67 92 44
-0.086966 -0.076324 0.424000 64 89 41
-0.085668 -0.076144 0.423000 60 85 37
-0.084374 -0.075964 0.422000 61 86 38
-0.083086 -0.075784 0.421000 63 88 40
-0.081803 -0.075604 0.420000 67 88 46
-0.080525 -0.075424 0.419000 72 93 51
-0.079442 -0.075424 0.419000 77 98 56
-0.078359 -0.075424 0.419000 76 97 55
-0.077276 -0.075424 0.419000 78 100 53
-0.076193 -0.075424 0.419000 77 99 52
-0.075110 -0.075424 0.419000 75 103 51
-0.073850 -0.075244 0.418000 76 104 52
-0.072769 -0.075244 0.418000 75 103 51
-0.071689 -0.075244 0.418000 74 102 50
-0.070608 -0.075244 0.418000 76 104 52
-0.069528 -0.075244 0.418000 76 104 52
-0.068447 -0.075244 0.418000 78 104 53
-0.067367 -0.075244 0.418000 78 104 53
-0.066286 -0.075244 0.418000 77 103 52
-0.065206 -0.075244 0.418000 84 110 59
-0.064278 -0.075424 0.419000 86 108 61
-0.063195 -0.075424 0.419000 84 106 59
-0.062112 -0.075424 0.419000 111 125 89
-0.061029 -0.075424 0.419000 125 139 103
-0.059946 -0.075424 0.419000 132 143 113
-0.220682 -0.075227 0.424000 78 79 68
-0.219586 -0.075227 0.424000 56 57 46
-0.218490 -0.075227 0.424000 48 55 49
-0.217394 -0.075227 0.424000 50 57 51
-0.215709 -0.075404 0.425000 51 57 55
-0.214611 -0.075404 0.425000 43 46 49
-0.214517 -0.075759 0.427000 106 109 112
-0.093763 -0.075404 0.425000 79 96 57
-0.092664 -0.075404 0.425000 79 96 57
-0.091566 -0.075404 0.425000 76 95 53
-0.090467 -0.075404 0.425000 74 93 51
-0.089368 -0.075404 0.425000 72 94 49
-0.088270 -0.075404 0.425000 72 94 49
-0.086966 -0.075227 0.424000 70 92 47
-0.085870 -0.075227 0.424000 67 89 44
-0.084774 -0.075227 0.424000 66 88 43
-0.083481 -0.075049 0.423000 65 87 42
-0.082387 -0.075049 0.423000 64 83 41
-0.081102 -0.074872 0.422000 59 78 36
-0.079632 -0.074517 0.420000 63 82 42
-0.078546 -0.074517 0.420000 68 87 47
-0.077460 -0.074517 0.420000 73 92 50
-0.076193 -0.074340 0.419000 75 94 52
-0.075110 -0.074340 0.419000 78 98 53
-0.074026 -0.074340 0.419000 78 98 53
-0.072943 -0.074340 0.419000 77 99 52
-0.071860 -0.074340 0.419000 78 100 53
-0.070777 -0.074340 0.419000 77 99 52
-0.069694 -0.074340 0.419000 77 99 52
-0.068447 -0.074162 0.418000 78 98 51
-0.067367 -0.074162 0.418000 79 99 52
-0.066286 -0.074162 0.418000 79 100 50
-0.065206 -0.074162 0.418000 82 103 53
-0.064125 -0.074162 0.418000 83 103 58
-0.063045 -0.074162 0.418000 81 101 56
-0.061964 -0.074162 0.418000 118 129 99
-0.060884 -0.074162 0.418000 122 133 103
-0.059803 -0.074162 0.418000 124 131 107
-0.221778 -0.074129 0.424000 137 131 116
-0.220682 -0.074129 0.424000 60 61 52
-0.219586 -0.074129 0.424000 48 49 40
-0.218490 -0.074129 0.424000 49 56 50
-0.217394 -0.074129 0.424000 54 61 55
-0.215709 -0.074304 0.425000 47 53 53
-0.215115 -0.074479 0.426000 57 57 59
-0.214517 -0.074654 0.427000 135 135 137
-0.087171 -0.074304 0.425000 74 91 52
-0.086073 -0.074304 0.425000 74 91 52
-0.081486 -0.074129 0.424000 68 85 46
-0.080200 -0.073954 0.423000 67 84 45
-0.078920 -0.073780 0.422000 68 85 46
-0.077645 -0.073605 0.421000 71 85 47
-0.076374 -0.073430 0.420000 71 85 47
-0.075289 -0.073430 0.420000 72 86 50
-0.074203 -0.073430 0.420000 76 90 54
-0.072943 -0.073255 0.419000 76 93 56
-0.072032 -0.073430 0.420000 80 97 60
-0.070946 -0.073430 0.420000 84 98 60
-0.069694 -0.073255 0.419000 82 96 58
-0.068611 -0.073255 0.419000 83 97 59
-0.067528 -0.073255 0.419000 84 98 60
-0.066445 -0.073255 0.419000 84 98 58
-0.065362 -0.073255 0.419000 84 98 58
-0.064125 -0.073080 0.418000 84 98 60
-0.063045 -0.073080 0.418000 81 95 57
-0.061964 -0.073080 0.418000 121 125 100
-0.060738 -0.072905 0.417000 121 125 100
-0.059660 -0.072905 0.417000 119 123 102
-0.221778 -0.073032 0.424000 94 91 75
-0.220682 -0.073032 0.424000 54 55 49
-0.219586 -0.073032 0.424000 51 52 46
-0.218490 -0.073032 0.424000 52 56 51
-0.216808 -0.073204 0.425000 51 57 57
-0.215709 -0.073204 0.425000 42 48 48
-0.215620 -0.073548 0.427000 103 102 102
-0.222874 -0.071934 0.424000 132 129 113
-0.221778 -0.071934 0.424000 64 61 45
-0.220682 -0.071934 0.424000 46 47 41
-0.219586 -0.071934 0.424000 54 55 49
-0.218490 -0.071934 0.424000 56 60 55
-0.217906 -0.072104 0.425000 56 60 55
-0.216808 -0.072104 0.425000 44 50 50
-0.216217 -0.072273 0.426000 53 59 59
-0.215620 -0.072443 0.427000 144 144 140
-0.222874 -0.070837 0.424000 98 96 84
-0.221778 -0.070837 0.424000 51 49 37
-0.220682 -0.070837 0.424000 52 53 49
-0.219586 -0.070837 0.424000 55 56 52
-0.217906 -0.071004 0.425000 55 61 61
-0.216808 -0.071004 0.425000 45 48 49
-0.216724 -0.071338 0.427000 85 88 89
-0.222874 -0.069739 0.424000 62 63 50
-0.221778 -0.069739 0.424000 46 47 34
-0.220682 -0.069739 0.424000 50 54 49
-0.219005 -0.069904 0.425000 56 61 66
-0.217906 -0.069904 0.425000 54 59 64
-0.217318 -0.070068 0.426000 55 58 61
-0.216724 -0.070232 0.427000 134 137 140
-0.223970 -0.068642 0.424000 123 117 102
-0.222874 -0.068642 0.424000 49 50 39
-0.221778 -0.068642 0.424000 51 52 41
-0.220682 -0.068642 0.424000 50 56 54
-0.219005 -0.068803 0.425000 52 59 65
-0.217906 -0.068803 0.425000 43 50 56
-0.217318 -0.068965 0.426000 86 86 88
-0.223970 -0.067544 0.424000 72 69 55
-0.222874 -0.067544 0.424000 43 47 42
-0.221778 -0.067544 0.424000 51 55 50
-0.220682 -0.067544 0.424000 50 58 59
-0.219005 -0.067703 0.425000 47 54 60
-0.218419 -0.067863 0.426000 52 59 65
-0.217828 -0.068022 0.427000 133 132 134
-0.225066 -0.066446 0.424000 119 118 103
-0.223970 -0.066446 0.424000 56 55 40
-0.222874 -0.066446 0.424000 39 45 43
-0.221778 -0.066446 0.424000 48 54 52
-0.220104 -0.066603 0.425000 50 58 59
-0.219005 -0.066603 0.425000 43 48 53
-0.218419 -0.066760 0.426000 70 75 80
-0.225066 -0.065349 0.424000 79 81 70
-0.223970 -0.065349 0.424000 44 46 35
-0.222874 -0.065349 0.424000 45 48 47
-0.221778 -0.065349 0.424000 51 54 53
-0.220104 -0.065503 0.425000 48 54 56
-0.219005 -0.065503 0.425000 51 51 55
-0.218932 -0.065811 0.427000 128 128 132
-0.226162 -0.064251 0.424000 125 123 113
-0.225066 -0.064251 0.424000 55 59 52
-0.223970 -0.064251 0.424000 42 46 39
-0.222874 -0.064251 0.424000 48 54 52
-0.221778 -0.064251 0.424000 51 57 55
-0.220104 -0.064403 0.425000 41 47 49
-0.219520 -0.064554 0.426000 75 74 76
-0.225628 -0.063005 0.423000 76 77 66
-0.223970 -0.063154 0.424000 44 51 45
-0.222874 -0.063154 0.424000 49 55 55
-0.221202 -0.063303 0.425000 50 53 56
-0.220104 -0.063303 0.425000 43 46 49
-0.219520 -0.063452 0.426000 122 118 119
-0.226722 -0.061910 0.423000 126 128 117
-0.225628 -0.061910 0.423000 59 61 50
-0.223970 -0.062056 0.424000 46 53 47
-0.222874 -0.062056 0.424000 50 58 57
-0.221202 -0.062203 0.425000 46 49 52
-0.220104 -0.062203 0.425000 56 59 62
-0.226186 -0.060671 0.422000 86 88 77
-0.225628 -0.060815 0.423000 45 47 36
-0.223970 -0.060959 0.424000 48 57 50
-0.222874 -0.060959 0.424000 52 60 57
-0.221202 -0.061103 0.425000 45 48 51
-0.220104 -0.061103 0.425000 100 103 106
-0.227815 -0.059720 0.423000 135 132 118
-0.226186 -0.059579 0.422000 58 60 49
-0.225628 -0.059720 0.423000 41 43 32
-0.223970 -0.059861 0.424000 51 58 52
-0.222874 -0.059861 0.424000 53 61 60
-0.221202 -0.060002 0.425000 57 57 61
-0.220104 -0.060002 0.425000 140 140 144
-0.227277 -0.058487 0.422000 100 98 86
-0.226186 -0.058487 0.422000 49 53 46
-0.225628 -0.058625 0.423000 45 49 42
-0.224535 -0.058625 0.423000 50 57 51
-0.222874 -0.058764 0.424000 50 55 60
-0.221202 -0.058902 0.425000 87 86 90
-0.228368 -0.057394 0.422000 141 140 125
-0.227277 -0.057394 0.422000 60 59 44
-0.226186 -0.057394 0.422000 43 47 40
-0.225628 -0.057530 0.423000 49 53 46
-0.223970 -0.057666 0.424000 53 60 54
-0.222874 -0.057666 0.424000 42 45 48
-0.221202 -0.057802 0.425000 143 139 142
-0.228368 -0.056302 0.422000 104 105 94
-0.227277 -0.056302 0.422000 55 56 45
-0.226186 -0.056302 0.422000 41 45 40
-0.225628 -0.056435 0.423000 50 54 49
-0.223970 -0.056569 0.424000 53 56 55
-0.222874 -0.056569 0.424000 44 44 46
-0.229458 -0.055209 0.422000 146 140 125
-0.228368 -0.055209 0.422000 63 64 53
-0.227277 -0.055209 0.422000 49 50 39
-0.226186 -0.055209 0.422000 48 51 50
-0.225628 -0.055340 0.423000 50 53 52
-0.223970 -0.055471 0.424000 48 51 52
-0.222874 -0.055471 0.424000 52 51 53
-0.228915 -0.053989 0.421000 113 110 96
-0.227826 -0.053989 0.421000 52 53 44
-0.227277 -0.054117 0.422000 48 49 40
-0.226186 -0.054117 0.422000 50 53 54
-0.225628 -0.054245 0.423000 50 53 54
-0.223970 -0.054374 0.424000 41 47 49
-0.222874 -0.054374 0.424000 78 77 79
-0.230003 -0.052899 0.421000 146 144 132
-0.228915 -0.052899 0.421000 75 73 61
-0.227826 -0.052899 0.421000 48 49 45
-0.227277 -0.053025 0.422000 50 51 47
-0.226186 -0.053025 0.422000 50 53 54
-0.225628 -0.053150 0.423000 50 53 54
-0.223970 -0.053276 0.424000 40 45 50
-0.222874 -0.053276 0.424000 127 123 124
-0.230003 -0.051809 0.421000 112 110 100
-0.228915 -0.051809 0.421000 58 56 46
-0.227826 -0.051809 0.421000 42 45 46
-0.227277 -0.051932 0.422000 49 52 53
-0.226186 -0.051932 0.422000 51 54 55
-0.225628 -0.052055 0.423000 52 55 56
-0.223970 -0.052179 0.424000 59 61 67
-0.230003 -0.050720 0.421000 81 81 75
-0.228915 -0.050720 0.421000 47 47 41
-0.227826 -0.050720 0.421000 44 50 50
-0.227277 -0.050840 0.422000 49 55 55
-0.226186 -0.050840 0.422000 55 61 61
-0.225628 -0.050961 0.423000 49 55 55
-0.223970 -0.051081 0.424000 111 111 115
-0.230542 -0.049512 0.420000 121 112 103
-0.229457 -0.049512 0.420000 51 50 50
-0.228915 -0.049630 0.421000 40 39 39
-0.227826 -0.049630 0.421000 48 51 50
-0.227277 -0.049748 0.422000 53 56 55
-0.226186 -0.049748 0.422000 52 55 58
-0.225628 -0.049866 0.423000 44 47 50
-0.223970 -0.049983 0.424000 146 145 147
-0.230542 -0.048425 0.420000 114 103 98
-0.229457 -0.048425 0.420000 46 42 43
-0.228371 -0.048425 0.420000 48 44 45
-0.227826 -0.048540 0.421000 49 52 51
-0.227277 -0.048655 0.422000 52 55 54
-0.226186 -0.048655 0.422000 49 52 53
-0.225628 -0.048771 0.423000 42 45 46
-0.230542 -0.047338 0.420000 159 147 145
-0.229457 -0.047338 0.420000 62 57 55
-0.228371 -0.047338 0.420000 61 56 54
-0.227826 -0.047450 0.421000 51 55 50
-0.226738 -0.047450 0.421000 63 67 62
-0.226186 -0.047563 0.422000 55 58 59
-0.225628 -0.047676 0.423000 53 56 57
-0.231077 -0.046140 0.419000 136 127 122
-0.229993 -0.046140 0.419000 132 123 118
-0.229457 -0.046250 0.420000 138 134 135
-0.228371 -0.046250 0.420000 77 73 74
-0.227285 -0.046250 0.420000 53 56 55
-0.226738 -0.046360 0.421000 71 74 73
-0.226186 -0.046471 0.422000 74 74 76
-0.225628 -0.046581 0.423000 100 100 102
-0.231077 -0.045056 0.419000 144 140 133
-0.229993 -0.045056 0.419000 121 117 110
-0.228910 -0.045056 0.419000 136 136 136
-0.228371 -0.045163 0.420000 138 138 138
-0.227285 -0.045163 0.420000 72 75 74
-0.226738 -0.045271 0.421000 66 69 68
-0.226186 -0.045378 0.422000 74 74 76
-0.232160 -0.043971 0.419000 151 147 138
-0.231077 -0.043971 0.419000 117 114 109
-0.229993 -0.043971 0.419000 85 82 77
-0.228910 -0.043971 0.419000 86 86 86
-0.228371 -0.044076 0.420000 146 146 146
-0.227285 -0.044076 0.420000 123 126 127
-0.226738 -0.044181 0.421000 60 63 64
-0.226186 -0.044286 0.422000 90 90 90
-0.233243 -0.042886 0.419000 144 140 133
-0.232160 -0.042886 0.419000 144 140 133
-0.231077 -0.042886 0.419000 143 140 137
-0.229993 -0.042886 0.419000 96 93 90
-0.228910 -0.042886 0.419000 116 115 115
-0.228371 -0.042989 0.420000 122 121 121
-0.227285 -0.042989 0.420000 116 116 120
-0.226738 -0.043091 0.421000 66 66 70
-0.233243 -0.041802 0.419000 147 142 138
-0.232160 -0.041802 0.419000 113 108 104
-0.231077 -0.041802 0.419000 121 113 112
-0.229993 -0.041802 0.419000 137 129 128
-0.228910 -0.041802 0.419000 118 109 112
-0.228371 -0.041902 0.420000 74 65 68
-0.227285 -0.041902 0.420000 55 49 53
-0.226738 -0.042001 0.421000 83 77 81
-0.234326 -0.040717 0.419000 153 149 142
-0.232686 -0.040620 0.418000 155 147 144
-0.232160 -0.040717 0.419000 120 112 109
-0.231077 -0.040717 0.419000 97 89 86
-0.229993 -0.040717 0.419000 73 65 62
-0.228910 -0.040717 0.419000 81 73 70
-0.228371 -0.040814 0.420000 113 105 102
-0.227826 -0.040912 0.421000 100 90 88
-0.235928 -0.039538 0.418000 144 140 129
-0.234847 -0.039538 0.418000 160 158 148
-0.233767 -0.039538 0.418000 145 143 133
-0.232686 -0.039538 0.418000 161 154 148
-0.232160 -0.039633 0.419000 101 94 88
-0.231077 -0.039633 0.419000 129 121 118
-0.229993 -0.039633 0.419000 68 60 57
-0.228910 -0.039633 0.419000 83 80 75
-0.228371 -0.039727 0.420000 114 111 106
-0.227826 -0.039822 0.421000 96 88 87
-0.235928 -0.038456 0.418000 149 146 132
-0.234847 -0.038456 0.418000 160 158 148
-0.233767 -0.038456 0.418000 148 146 136
-0.232686 -0.038456 0.418000 158 150 147
-0.232160 -0.038548 0.419000 120 112 109
-0.231077 -0.038548 0.419000 119 114 110
-0.229993 -0.038548 0.419000 85 80 76
-0.229457 -0.038640 0.420000 56 52 53
-0.228371 -0.038640 0.420000 62 58 59
-0.227826 -0.038732 0.421000 70 65 63
-0.235363 -0.037285 0.417000 143 139 130
-0.234285 -0.037285 0.417000 128 123 119
-0.233767 -0.037374 0.418000 120 115 111
-0.232686 -0.037374 0.418000 153 148 144
-0.232160 -0.037464 0.419000 129 124 120
-0.231077 -0.037464 0.419000 113 108 104
-0.229993 -0.037464 0.419000 115 110 106
-0.229457 -0.037553 0.420000 70 66 67
-0.228371 -0.037553 0.420000 87 83 84
-0.236441 -0.036205 0.417000 149 144 140
-0.235363 -0.036205 0.417000 137 132 128
-0.234285 -0.036205 0.417000 112 107 105
-0.233767 -0.036292 0.418000 113 108 106
-0.232686 -0.036292 0.418000 155 150 146
-0.232160 -0.036379 0.419000 134 129 125
-0.231077 -0.036379 0.419000 105 100 96
-0.229993 -0.036379 0.419000 122 117 113
-0.229457 -0.036466 0.420000 127 122 120
-0.237519 -0.035126 0.417000 150 146 139
-0.236441 -0.035126 0.417000 143 140 137
-0.235363 -0.035126 0.417000 129 126 123
-0.234285 -0.035126 0.417000 105 99 101
-0.233207 -0.035126 0.417000 104 98 100
-0.232686 -0.035210 0.418000 156 151 149
-0.232160 -0.035294 0.419000 140 135 133
-0.231077 -0.035294 0.419000 102 97 93
-0.229993 -0.035294 0.419000 115 110 106
-0.229457 -0.035379 0.420000 132 127 125
-0.236950 -0.033965 0.416000 153 149 140
-0.235874 -0.033965 0.416000 131 128 125
-0.234799 -0.033965 0.416000 135 132 129
-0.234285 -0.034046 0.417000 129 125 126
-0.233207 -0.034046 0.417000 97 93 94
-0.232686 -0.034128 0.418000 152 149 146
-0.232160 -0.034210 0.419000 128 125 122
-0.231077 -0.034210 0.419000 102 97 93
-0.229993 -0.034210 0.419000 113 108 104
-0.229457 -0.034291 0.420000 115 110 108
-0.236950 -0.032888 0.416000 152 145 137
-0.235874 -0.032888 0.416000 113 110 107
-0.234799 -0.032888 0.416000 143 140 137
-0.234285 -0.032967 0.417000 136 133 130
-0.233207 -0.032967 0.417000 98 95 92
-0.232686 -0.033046 0.418000 146 143 140
-0.231606 -0.033046 0.418000 125 122 119
-0.231077 -0.033125 0.419000 109 104 102
-0.229993 -0.033125 0.419000 111 106 104
-0.236950 -0.031811 0.416000 142 137 133
-0.235874 -0.031811 0.416000 98 94 95
-0.234799 -0.031811 0.416000 142 138 139
-0.233724 -0.031811 0.416000 149 146 141
-0.233207 -0.031888 0.417000 143 140 135
-0.232686 -0.031964 0.418000 120 117 112
-0.231606 -0.031964 0.418000 108 105 100
-0.231077 -0.032041 0.419000 125 120 118
-0.238025 -0.030734 0.416000 118 113 111
-0.236950 -0.030734 0.416000 121 116 114
-0.235874 -0.030734 0.416000 98 94 95
-0.234799 -0.030734 0.416000 134 130 131
-0.233724 -0.030734 0.416000 156 153 150
-0.233207 -0.030808 0.417000 156 153 150
-0.232686 -0.030882 0.418000 106 102 103
-0.231606 -0.030882 0.418000 112 108 109
-0.231077 -0.030956 0.419000 108 100 99
-0.237453 -0.029586 0.415000 114 108 110
-0.236380 -0.029586 0.415000 122 116 118
-0.235307 -0.029586 0.415000 129 125 126
-0.234799 -0.029658 0.416000 140 136 137
-0.233724 -0.029658 0.416000 143 139 140
-0.233207 -0.029729 0.417000 114 110 111
-0.232129 -0.029729 0.417000 114 108 110
-0.231606 -0.029800 0.418000 111 105 107
-0.238525 -0.028512 0.415000 107 100 94
-0.237453 -0.028512 0.415000 102 94 93
-0.236380 -0.028512 0.415000 130 122 121
-0.235307 -0.028512 0.415000 148 144 145
-0.234799 -0.028581 0.416000 121 117 118
-0.233724 -0.028581 0.416000 107 103 104
-0.233207 -0.028649 0.417000 108 104 105
-0.232129 -0.028649 0.417000 112 106 108
-0.239598 -0.027438 0.415000 139 135 128
-0.238525 -0.027438 0.415000 153 149 142
-0.237453 -0.027438 0.415000 146 141 137
-0.236380 -0.027438 0.415000 147 142 138
-0.235307 -0.027438 0.415000 156 151 149
-0.234799 -0.027504 0.416000 150 145 143
-0.233724 -0.027504 0.416000 151 143 142
-0.233207 -0.027570 0.417000 135 127 126
-0.232686 -0.027636 0.418000 103 95 94
-0.239598 -0.026364 0.415000 183 179 170
-0.238525 -0.026364 0.415000 161 157 148
-0.237453 -0.026364 0.415000 153 149 142
-0.236380 -0.026364 0.415000 149 145 138
-0.235307 -0.026364 0.415000 146 141 137
-0.234799 -0.026427 0.416000 151 146 142
-0.233724 -0.026427 0.416000 155 147 144
-0.233207 -0.026491 0.417000 138 130 127
-0.232686 -0.026554 0.418000 118 109 104
-0.239598 -0.025289 0.415000 172 165 157
-0.238525 -0.025289 0.415000 125 118 110
-0.237453 -0.025289 0.415000 146 137 130
-0.236380 -0.025289 0.415000 147 138 131
-0.235307 -0.025289 0.415000 135 131 124
-0.234799 -0.025350 0.416000 118 114 107
-0.233724 -0.025350 0.416000 148 144 137
-0.233207 -0.025411 0.417000 121 117 110
-0.240671 -0.024215 0.415000 144 138 125
-0.239598 -0.024215 0.415000 135 126 119
-0.238525 -0.024215 0.415000 111 102 95
-0.237453 -0.024215 0.415000 134 123 118
-0.236380 -0.024215 0.415000 120 109 104
-0.235307 -0.024215 0.415000 129 119 117
-0.234799 -0.024273 0.416000 114 104 102
-0.234285 -0.024332 0.417000 142 135 129
-0.233207 -0.024332 0.417000 129 122 116
-0.240671 -0.023141 0.415000 127 124 110
-0.239598 -0.023141 0.415000 127 123 114
-0.238525 -0.023141 0.415000 115 111 102
-0.237453 -0.023141 0.415000 150 140 138
-0.236380 -0.023141 0.415000 105 95 93
-0.235874 -0.023197 0.416000 127 119 116
-0.234799 -0.023197 0.416000 111 103 100
-0.234285 -0.023252 0.417000 136 129 123
-0.240671 -0.022067 0.415000 155 153 143
-0.239598 -0.022067 0.415000 124 121 116
-0.238525 -0.022067 0.415000 120 117 112
-0.237453 -0.022067 0.415000 150 149 149
-0.236380 -0.022067 0.415000 126 125 125
-0.235874 -0.022120 0.416000 134 133 133
-0.234799 -0.022120 0.416000 122 121 121
-0.241744 -0.020992 0.415000 126 124 116
-0.240671 -0.020992 0.415000 127 125 117
-0.239598 -0.020992 0.415000 110 109 109
-0.238525 -0.020992 0.415000 129 128 128
-0.237453 -0.020992 0.415000 134 141 145
-0.236950 -0.021043 0.416000 105 112 116
-0.235874 -0.021043 0.416000 111 117 117
-0.235363 -0.021093 0.417000 115 121 121
-0.242817 -0.019918 0.415000 94 88 75
-0.241744 -0.019918 0.415000 55 55 49
-0.240671 -0.019918 0.415000 47 47 41
-0.239598 -0.019918 0.415000 50 53 56
-0.238525 -0.019918 0.415000 69 72 75
-0.237453 -0.019918 0.415000 56 66 80
-0.236950 -0.019966 0.416000 52 62 76
-0.235874 -0.019966 0.416000 63 68 73
-0.243889 -0.018844 0.415000 114 110 99
-0.242817 -0.018844 0.415000 73 69 58
-0.241744 -0.018844 0.415000 44 45 39
-0.240671 -0.018844 0.415000 40 41 35
-0.239598 -0.018844 0.415000 42 49 53
-0.238525 -0.018844 0.415000 49 56 60
-0.238025 -0.018889 0.416000 62 74 92
-0.236950 -0.018889 0.416000 61 73 91
-0.235874 -0.018889 0.416000 100 99 106
-0.243889 -0.017770 0.415000 85 83 73
-0.242817 -0.017770 0.415000 58 56 46
-0.241744 -0.017770 0.415000 38 42 37
-0.240671 -0.017770 0.415000 43 47 42
-0.239598 -0.017770 0.415000 45 56 56
-0.239100 -0.017812 0.416000 40 51 51
-0.238025 -0.017812 0.416000 43 52 64
-0.236950 -0.017812 0.416000 64 73 85
-0.244962 -0.016695 0.415000 119 111 99
-0.243889 -0.016695 0.415000 62 59 54
-0.242817 -0.016695 0.415000 44 41 36
-0.241744 -0.016695 0.415000 40 46 44
-0.240671 -0.016695 0.415000 44 50 48
-0.240176 -0.016736 0.416000 44 55 55
-0.239100 -0.016736 0.416000 37 48 48
-0.238025 -0.016736 0.416000 36 41 50
-0.236950 -0.016736 0.416000 67 72 81
-0.246035 -0.015621 0.415000 138 132 119
-0.244962 -0.015621 0.415000 73 67 54
-0.243889 -0.015621 0.415000 55 55 51
-0.242817 -0.015621 0.415000 46 46 42
-0.241744 -0.015621 0.415000 41 47 45
-0.240671 -0.015621 0.415000 48 54 52
-0.240176 -0.015659 0.416000 47 55 54
-0.239100 -0.015659 0.416000 40 48 47
-0.238025 -0.015659 0.416000 52 51 58
-0.237519 -0.015696 0.417000 103 102 109
-0.246035 -0.014547 0.415000 97 95 83
-0.244962 -0.014547 0.415000 54 52 40
-0.243889 -0.014547 0.415000 48 48 42
-0.242817 -0.014547 0.415000 47 47 41
-0.241744 -0.014547 0.415000 44 47 46
-0.240671 -0.014547 0.415000 46 49 48
-0.240176 -0.014582 0.416000 46 52 54
-0.239100 -0.014582 0.416000 43 49 51
-0.238025 -0.014582 0.416000 103 102 102
-0.247108 -0.013473 0.415000 121 118 102
-0.246035 -0.013473 0.415000 64 66 55
-0.244962 -0.013473 0.415000 40 42 31
-0.243889 -0.013473 0.415000 46 47 41
-0.242817 -0.013473 0.415000 46 47 41
-0.241744 -0.013473 0.415000 43 46 45
-0.240671 -0.013473 0.415000 42 45 44
-0.240176 -0.013505 0.416000 36 39 40
-0.239100 -0.013505 0.416000 65 68 69
-0.248180 -0.012398 0.415000 128 126 114
-0.247108 -0.012398 0.415000 71 69 57
-0.246035 -0.012398 0.415000 40 41 35
-0.244962 -0.012398 0.415000 44 45 39
-0.243889 -0.012398 0.415000 46 47 41
-0.242817 -0.012398 0.415000 46 47 41
-0.241744 -0.012398 0.415000 44 44 46
-0.240671 -0.012398 0.415000 48 48 50
-0.240176 -0.012428 0.416000 48 48 48
-0.239100 -0.012428 0.416000 105 105 105
-0.248180 -0.011324 0.415000 81 82 71
-0.247108 -0.011324 0.415000 51 52 41
-0.246035 -0.011324 0.415000 41 42 36
-0.244962 -0.011324 0.415000 45 46 40
-0.243889 -0.011324 0.415000 46 47 43
-0.242817 -0.011324 0.415000 46 47 43
-0.241744 -0.011324 0.415000 40 40 42
-0.241251 -0.011351 0.416000 41 41 43
-0.240176 -0.011351 0.416000 91 90 90
-0.249253 -0.010250 0.415000 105 101 90
-0.248180 -0.010250 0.415000 52 53 42
-0.247108 -0.010250 0.415000 41 42 31
-0.246035 -0.010250 0.415000 45 46 40
-0.244962 -0.010250 0.415000 46 47 41
-0.243889 -0.010250 0.415000 46 47 43
-0.242817 -0.010250 0.415000 47 48 44
-0.242326 -0.010275 0.416000 43 43 45
-0.241251 -0.010275 0.416000 64 64 66
-0.250326 -0.009176 0.415000 124 123 108
-0.249253 -0.009176 0.415000 67 66 51
-0.248180 -0.009176 0.415000 38 40 29
-0.247108 -0.009176 0.415000 39 41 30
-0.246035 -0.009176 0.415000 44 45 39
-0.244962 -0.009176 0.415000 48 49 43
-0.243889 -0.009176 0.415000 46 49 48
-0.242817 -0.009176 0.415000 39 42 41
-0.242326 -0.009198 0.416000 50 50 50
-0.241251 -0.009198 0.416000 105 105 105
-0.250326 -0.008101 0.415000 77 76 61
-0.249253 -0.008101 0.415000 42 41 26
-0.248180 -0.008101 0.415000 37 42 32
-0.247108 -0.008101 0.415000 39 44 34
-0.246035 -0.008101 0.415000 40 47 41
-0.244962 -0.008101 0.415000 42 49 43
-0.243889 -0.008101 0.415000 41 47 47
-0.243402 -0.008121 0.416000 34 40 40
-0.242326 -0.008121 0.416000 86 86 86
-0.251399 -0.007027 0.415000 84 76 64
-0.250326 -0.007027 0.415000 41 42 31
-0.249253 -0.007027 0.415000 37 38 27
-0.248180 -0.007027 0.415000 39 44 34
-0.247108 -0.007027 0.415000 42 47 37
-0.246035 -0.007027 0.415000 43 49 47
-0.244962 -0.007027 0.415000 42 48 46
-0.243889 -0.007027 0.415000 39 42 43
-0.243402 -0.007044 0.416000 77 80 81
-0.252471 -0.005953 0.415000 92 85 75
-0.251399 -0.005953 0.415000 56 49 39
-0.250326 -0.005953 0.415000 35 36 25
-0.249253 -0.005953 0.415000 44 45 34
-0.248180 -0.005953 0.415000 39 47 36
-0.247108 -0.005953 0.415000 37 45 34
-0.246035 -0.005953 0.415000 37 43 43
-0.244962 -0.005953 0.415000 33 39 39
-0.243889 -0.005953 0.415000 67 67 69
-0.253544 -0.004879 0.415000 109 101 89
-0.252471 -0.004879 0.415000 56 49 41
-0.251399 -0.004879 0.415000 51 44 36
-0.250326 -0.004879 0.415000 41 42 33
-0.249253 -0.004879 0.415000 45 46 37
-0.248180 -0.004879 0.415000 39 46 38
-0.247108 -0.004879 0.415000 37 44 36
-0.246035 -0.004879 0.415000 34 37 38
-0.244962 -0.004879 0.415000 51 54 55
-0.244477 -0.004891 0.416000 105 104 104
-0.254617 -0.003805 0.415000 114 105 98
-0.253544 -0.003805 0.415000 72 63 56
-0.252471 -0.003805 0.415000 44 39 35
-0.251399 -0.003805 0.415000 47 42 38
-0.250326 -0.003805 0.415000 40 41 37
-0.249253 -0.003805 0.415000 44 45 41
-0.248180 -0.003805 0.415000 41 44 43
-0.247108 -0.003805 0.415000 38 41 40
-0.246035 -0.003805 0.415000 41 41 43
-0.244962 -0.003805 0.415000 87 87 89
-0.255690 -0.002730 0.415000 122 113 104
-0.254617 -0.002730 0.415000 68 63 59
-0.253544 -0.002730 0.415000 42 37 33
-0.252471 -0.002730 0.415000 44 40 41
-0.251399 -0.002730 0.415000 44 40 41
-0.250326 -0.002730 0.415000 45 45 41
-0.249253 -0.002730 0.415000 44 44 40
-0.248180 -0.002730 0.415000 44 44 46
-0.247108 -0.002730 0.415000 44 44 46
-0.246035 -0.002730 0.415000 80 80 80
-0.256763 -0.001656 0.415000 114 110 101
-0.255690 -0.001656 0.415000 69 65 56
-0.254617 -0.001656 0.415000 38 39 33
-0.253544 -0.001656 0.415000 40 41 35
-0.252471 -0.001656 0.415000 44 45 39
-0.251399 -0.001656 0.415000 41 42 36
-0.250326 -0.001656 0.415000 43 44 40
-0.249253 -0.001656 0.415000 45 46 42
-0.248180 -0.001656 0.415000 37 37 37
-0.247108 -0.001656 0.415000 66 66 66
-0.257214 -0.000580 0.414000 125 118 108
-0.256144 -0.000580 0.414000 55 57 48
-0.255074 -0.000580 0.414000 39 41 32
-0.254003 -0.000580 0.414000 36 43 35
-0.253544 -0.000582 0.415000 40 47 39
-0.252471 -0.000582 0.415000 39 46 38
-0.251399 -0.000582 0.415000 36 43 35
-0.250326 -0.000582 0.415000 39 42 43
-0.249253 -0.000582 0.415000 36 39 40
-0.248180 -0.000582 0.415000 62 63 59
-0.258284 0.000491 0.414000 117 118 109
-0.257214 0.000491 0.414000 69 70 61
-0.256144 0.000491 0.414000 39 46 40
-0.255074 0.000491 0.414000 39 46 40
-0.254003 0.000491 0.414000 39 46 38
-0.252933 0.000491 0.414000 36 43 35
-0.252471 0.000492 0.415000 35 42 36
-0.251399 0.000492 0.415000 35 42 36
-0.250326 0.000492 0.415000 34 37 38
-0.249253 0.000492 0.415000 55 58 59
-0.258728 0.001559 0.413000 114 110 99
-0.257660 0.001559 0.413000 72 73 69
-0.256593 0.001559 0.413000 34 35 31
-0.256144 0.001563 0.414000 34 40 38
-0.255074 0.001563 0.414000 37 43 41
-0.254003 0.001563 0.414000 37 43 41
-0.252933 0.001563 0.414000 35 41 39
-0.252471 0.001567 0.415000 38 41 40
-0.251399 0.001567 0.415000 37 40 39
-0.250326 0.001567 0.415000 53 53 53
-0.259795 0.002628 0.413000 106 102 95
-0.258728 0.002628 0.413000 64 60 53
-0.257660 0.002628 0.413000 36 40 35
-0.256593 0.002628 0.413000 35 39 34
-0.256144 0.002635 0.414000 39 43 38
-0.255074 0.002635 0.414000 42 46 41
-0.254003 0.002635 0.414000 39 42 41
-0.252933 0.002635 0.414000 36 39 38
-0.252471 0.002641 0.415000 34 34 34
-0.251399 0.002641 0.415000 62 62 62
-0.250326 0.002641 0.415000 111 108 105
-0.260863 0.003697 0.413000 94 90 79
-0.259795 0.003697 0.413000 53 53 47
-0.258728 0.003697 0.413000 39 39 33
-0.257660 0.003697 0.413000 32 39 31
-0.256593 0.003697 0.413000 36 43 35
-0.256144 0.003706 0.414000 37 41 36
-0.255074 0.003706 0.414000 39 43 38
-0.254003 0.003706 0.414000 41 44 43
-0.252933 0.003706 0.414000 34 37 36
-0.251863 0.003706 0.414000 55 55 51
-0.261296 0.004755 0.412000 92 90 82
-0.259795 0.004766 0.413000 34 38 31
-0.258728 0.004766 0.413000 35 39 32
-0.257660 0.004766 0.413000 35 42 34
-0.256593 0.004766 0.413000 34 41 33
-0.255525 0.004766 0.413000 34 41 33
-0.255074 0.004778 0.414000 37 44 36
-0.254003 0.004778 0.414000 38 38 34
-0.252933 0.004778 0.414000 53 53 49
-0.262361 0.005821 0.412000 75 76 63
-0.261296 0.005821 0.412000 47 48 42
-0.260231 0.005821 0.412000 34 35 29
-0.258728 0.005835 0.413000 36 40 33
-0.257660 0.005835 0.413000 33 42 33
-0.256593 0.005835 0.413000 32 41 32
-0.255525 0.005835 0.413000 34 41 35
-0.255074 0.005849 0.414000 28 35 29
-0.254003 0.005849 0.414000 55 55 51
-0.264491 0.006888 0.412000 117 116 101
-0.263426 0.006888 0.412000 64 66 57
-0.262361 0.006888 0.412000 36 38 29
-0.261296 0.006888 0.412000 35 39 32
-0.260231 0.006888 0.412000 36 40 33
-0.258728 0.006904 0.413000 33 40 32
-0.257660 0.006904 0.413000 36 43 37
-0.256593 0.006904 0.413000 33 40 34
-0.255525 0.006904 0.413000 28 32 27
-0.255074 0.006921 0.414000 64 68 63
-0.264912 0.007935 0.411000 91 89 77
-0.263849 0.007935 0.411000 55 53 41
-0.263426 0.007954 0.412000 39 40 36
-0.262361 0.007954 0.412000 32 33 29
-0.261296 0.007954 0.412000 40 41 35
-0.260231 0.007954 0.412000 39 40 34
-0.259166 0.007954 0.412000 35 39 32
-0.257660 0.007973 0.413000 37 40 39
-0.256593 0.007973 0.413000 29 32 31
-0.255525 0.007973 0.413000 75 75 71
-0.267037 0.008999 0.411000 127 121 106
-0.265974 0.008999 0.411000 71 65 50
-0.264912 0.008999 0.411000 53 51 39
-0.263849 0.008999 0.411000 35 33 21
-0.262787 0.008999 0.411000 37 38 34
-0.262361 0.009021 0.412000 36 37 33
-0.261296 0.009021 0.412000 35 39 34
-0.260231 0.009021 0.412000 36 40 35
-0.258728 0.009043 0.413000 36 37 33
-0.257660 0.009043 0.413000 35 35 31
-0.256593 0.009043 0.413000 76 76 72
-0.268099 0.010063 0.411000 99 93 80
-0.267037 0.010063 0.411000 65 62 48
-0.265974 0.010063 0.411000 37 34 20
-0.264912 0.010063 0.411000 47 45 35
-0.263849 0.010063 0.411000 41 39 29
-0.262787 0.010063 0.411000 38 39 33
-0.261725 0.010063 0.411000 38 39 33
-0.261296 0.010087 0.412000 34 40 38
-0.260231 0.010087 0.412000 34 40 38
-0.259166 0.010087 0.412000 33 34 30
-0.257660 0.010112 0.413000 87 84 79
-0.270224 0.011126 0.411000 107 101 88
-0.269162 0.011126 0.411000 68 66 56
-0.268099 0.011126 0.411000 50 48 38
-0.267037 0.011126 0.411000 37 35 25
-0.265974 0.011126 0.411000 39 37 27
-0.264912 0.011126 0.411000 40 41 30
-0.263849 0.011126 0.411000 39 40 29
-0.262787 0.011126 0.411000 37 39 30
-0.261725 0.011126 0.411000 38 40 31
-0.261296 0.011154 0.412000 33 39 39
-0.260231 0.011154 0.412000 29 35 35
-0.259166 0.011154 0.412000 57 58 54
-0.272349 0.012190 0.411000 110 104 89
-0.271286 0.012190 0.411000 71 69 59
-0.270224 0.012190 0.411000 48 46 36
-0.269162 0.012190 0.411000 44 46 37
-0.268099 0.012190 0.411000 37 39 30
-0.267037 0.012190 0.411000 38 39 30
-0.265974 0.012190 0.411000 39 40 31
-0.264912 0.012190 0.411000 37 39 30
-0.263849 0.012190 0.411000 34 36 27
-0.262787 0.012190 0.411000 36 37 31
-0.261725 0.012190 0.411000 31 32 26
-0.261296 0.012220 0.412000 31 34 33
-0.260231 0.012220 0.412000 74 77 76
-0.274474 0.013254 0.411000 100 93 85
-0.273411 0.013254 0.411000 77 75 65
-0.272349 0.013254 0.411000 51 49 39
-0.271286 0.013254 0.411000 39 40 31
-0.270224 0.013254 0.411000 39 40 31
-0.269162 0.013254 0.411000 39 40 34
-0.268099 0.013254 0.411000 38 39 33
-0.267037 0.013254 0.411000 34 36 27
-0.265974 0.013254 0.411000 37 39 30
-0.264912 0.013254 0.411000 39 39 33
-0.263849 0.013254 0.411000 37 37 31
-0.262787 0.013254 0.411000 39 36 33
-0.262361 0.013286 0.412000 50 47 44
-0.261296 0.013286 0.412000 88 88 84
-0.280165 0.014283 0.410000 54 52 44
-0.279105 0.014283 0.410000 42 42 38
-0.278045 0.014283 0.410000 52 52 48
-0.276985 0.014283 0.410000 93 91 83
-0.275926 0.014283 0.410000 87 85 77
-0.274866 0.014283 0.410000 71 67 58
-0.273806 0.014283 0.410000 52 48 39
-0.272746 0.014283 0.410000 39 37 27
-0.271686 0.014283 0.410000 35 33 23
-0.271286 0.014318 0.411000 37 39 30
-0.270224 0.014318 0.411000 36 38 29
-0.269162 0.014318 0.411000 36 38 29
-0.268099 0.014318 0.411000 36 38 29
-0.267037 0.014318 0.411000 34 35 29
-0.265974 0.014318 0.411000 33 34 28
-0.264912 0.014318 0.411000 35 35 31
-0.263849 0.014318 0.411000 39 39 35
-0.262787 0.014318 0.411000 77 72 70
-0.284778 0.015195 0.406000 49 46 41
-0.283729 0.015195 0.406000 48 45 40
-0.282679 0.015195 0.406000 55 52 47
-0.281630 0.015195 0.406000 58 55 50
-0.280580 0.015195 0.406000 61 57 48
-0.280219 0.015232 0.407000 65 61 52
-0.279853 0.015270 0.408000 54 52 44
-0.279482 0.015307 0.409000 53 51 43
-0.278424 0.015307 0.409000 40 40 34
-0.278045 0.015345 0.410000 48 48 42
-0.276985 0.015345 0.410000 58 58 52
-0.275926 0.015345 0.410000 51 51 45
-0.274866 0.015345 0.410000 37 35 27
-0.273806 0.015345 0.410000 30 28 20
-0.272746 0.015345 0.410000 37 38 29
-0.271686 0.015345 0.410000 35 36 27
-0.271286 0.015382 0.411000 36 38 29
-0.270224 0.015382 0.411000 37 39 30
-0.269162 0.015382 0.411000 34 35 29
-0.268099 0.015382 0.411000 33 34 28
-0.267037 0.015382 0.411000 36 37 33
-0.265974 0.015382 0.411000 37 38 34
-0.264912 0.015382 0.411000 51 50 50
-0.263849 0.015382 0.411000 96 95 95
-0.284420 0.016166 0.404000 36 29 21
-0.283375 0.016166 0.404000 32 33 24
-0.282331 0.016166 0.404000 44 45 36
-0.281983 0.016206 0.405000 42 42 36
-0.280936 0.016206 0.405000 38 38 32
-0.280580 0.016246 0.406000 41 42 33
-0.279531 0.016246 0.406000 35 36 27
-0.279167 0.016286 0.407000 35 36 27
-0.278115 0.016286 0.407000 47 48 39
-0.278424 0.016366 0.409000 40 41 35
-0.277367 0.016366 0.409000 37 38 32
-0.276985 0.016406 0.410000 32 39 31
-0.275926 0.016406 0.410000 28 35 27
-0.274866 0.016406 0.410000 34 38 31
-0.273806 0.016406 0.410000 32 36 29
-0.272746 0.016406 0.410000 30 34 27
-0.271686 0.016406 0.410000 31 35 28
-0.270626 0.016406 0.410000 35 39 34
-0.270224 0.016446 0.411000 38 42 37
-0.269162 0.016446 0.411000 32 35 34
-0.268099 0.016446 0.411000 29 32 31
-0.267037 0.016446 0.411000 46 50 45
-0.265974 0.016446 0.411000 86 90 85
-0.284051 0.017126 0.402000 43 41 33
-0.283012 0.017126 0.402000 30 28 20
-0.281972 0.017126 0.402000 30 30 24
-0.280590 0.017169 0.403000 40 40 34
-0.280242 0.017212 0.404000 40 40 34
-0.279889 0.017254 0.405000 37 37 31
-0.279531 0.017297 0.406000 33 33 27
-0.278481 0.017297 0.406000 34 36 27
-0.278115 0.017339 0.407000 41 43 34
-0.277744 0.017382 0.408000 35 40 30
-0.277367 0.017425 0.409000 29 34 24
-0.276310 0.017425 0.409000 27 36 27
-0.275926 0.017467 0.410000 28 37 28
-0.274866 0.017467 0.410000 27 36 29
-0.273806 0.017467 0.410000 28 37 30
-0.272746 0.017467 0.410000 29 36 30
-0.271686 0.017467 0.410000 29 36 30
-0.271286 0.017510 0.411000 34 37 36
-0.270224 0.017510 0.411000 34 37 36
-0.269162 0.017510 0.411000 46 47 43
-0.268099 0.017510 0.411000 76 77 73
-0.286454 0.018122 0.401000 38 39 35
-0.285417 0.018122 0.401000 34 36 27
-0.283344 0.018122 0.401000 36 38 29
-0.282308 0.018122 0.401000 26 28 19
-0.281972 0.018167 0.402000 27 31 24
-0.280933 0.018167 0.402000 30 34 27
-0.279549 0.018212 0.403000 34 35 29
-0.279198 0.018257 0.404000 33 33 27
-0.278842 0.018303 0.405000 33 33 27
-0.278481 0.018348 0.406000 33 34 25
-0.278115 0.018393 0.407000 38 39 30
-0.277744 0.018438 0.408000 35 40 30
-0.277367 0.018483 0.409000 31 36 26
-0.276310 0.018483 0.409000 27 36 27
-0.275926 0.018528 0.410000 26 35 26
-0.274866 0.018528 0.410000 24 36 28
-0.273806 0.018528 0.410000 24 36 28
-0.272746 0.018528 0.410000 24 28 23
-0.271686 0.018528 0.410000 25 29 24
-0.270626 0.018528 0.410000 46 46 42
-0.270224 0.018574 0.411000 76 76 72
-0.285025 0.019064 0.399000 30 34 27
-0.284706 0.019112 0.400000 28 32 25
-0.284381 0.019160 0.401000 29 33 26
-0.283344 0.019160 0.401000 29 36 28
-0.282308 0.019160 0.401000 25 32 24
-0.281972 0.019208 0.402000 22 30 19
-0.280933 0.019208 0.402000 23 31 20
-0.279549 0.019255 0.403000 29 34 24
-0.279198 0.019303 0.404000 32 33 24
-0.278842 0.019351 0.405000 32 33 24
-0.278481 0.019399 0.406000 32 33 24
-0.278115 0.019446 0.407000 34 35 26
-0.277744 0.019494 0.408000 37 39 30
-0.277367 0.019542 0.409000 33 35 26
-0.276310 0.019542 0.409000 30 37 29
-0.275926 0.019590 0.410000 29 36 28
-0.274866 0.019590 0.410000 34 40 38
-0.273806 0.019590 0.410000 37 43 41
-0.272746 0.019590 0.410000 65 62 57
-0.285417 0.020198 0.401000 28 33 23
-0.284381 0.020198 0.401000 28 33 23
-0.283344 0.020198 0.401000 27 35 24
-0.283012 0.020248 0.402000 25 33 22
-0.281972 0.020248 0.402000 26 34 23
-0.280590 0.020298 0.403000 27 35 24
-0.280242 0.020349 0.404000 26 34 23
-0.279889 0.020399 0.405000 28 32 25
-0.279531 0.020450 0.406000 29 33 26
-0.278481 0.020450 0.406000 33 33 27
-0.278115 0.020500 0.407000 33 33 27
-0.277744 0.020550 0.408000 33 34 28
-0.277367 0.020601 0.409000 36 37 31
-0.276985 0.020651 0.410000 32 36 29
-0.275926 0.020651 0.410000 30 34 27
-0.274866 0.020651 0.410000 57 57 57
-0.273806 0.020651 0.410000 96 96 96
-0.285090 0.021289 0.402000 25 30 18
-0.284051 0.021289 0.402000 26 34 21
-0.282674 0.021342 0.403000 25 35 23
-0.281632 0.021342 0.403000 26 36 24
-0.281287 0.021395 0.404000 24 34 22
-0.280936 0.021448 0.405000 27 37 25
-0.279889 0.021448 0.405000 25 32 24
-0.279531 0.021501 0.406000 27 34 26
-0.278481 0.021501 0.406000 33 34 28
-0.278115 0.021553 0.407000 32 33 27
-0.277744 0.021606 0.408000 33 34 28
-0.277367 0.021659 0.409000 36 37 31
-0.276985 0.021712 0.410000 39 40 34
-0.275926 0.021712 0.410000 32 33 27
-0.284420 0.022440 0.404000 24 34 20
-0.283375 0.022440 0.404000 22 35 22
-0.282331 0.022440 0.404000 23 36 23
-0.281983 0.022496 0.405000 23 35 25
-0.280936 0.022496 0.405000 22 34 24
-0.280580 0.022551 0.406000 22 31 22
-0.279531 0.022551 0.406000 24 33 24
-0.279167 0.022607 0.407000 31 35 28
-0.278798 0.022663 0.408000 31 35 28
-0.278424 0.022718 0.409000 35 35 29
-0.277367 0.022718 0.409000 33 33 27
-0.285124 0.023544 0.405000 22 32 20
-0.284077 0.023544 0.405000 22 34 24
-0.283030 0.023544 0.405000 24 36 26
-0.281983 0.023544 0.405000 25 37 29
-0.281630 0.023602 0.406000 24 36 28
-0.280580 0.023602 0.406000 24 33 26
-0.279531 0.023602 0.406000 19 28 21
-0.279167 0.023661 0.407000 23 27 22
-0.278798 0.023719 0.408000 42 46 41
-0.287927 0.024653 0.406000 20 29 22
-0.286877 0.024653 0.406000 21 28 20
-0.285828 0.024653 0.406000 22 29 21
-0.284778 0.024653 0.406000 25 31 29
-0.283729 0.024653 0.406000 25 31 29
-0.282679 0.024653 0.406000 24 33 26
-0.281630 0.024653 0.406000 34 43 36
-0.290740 0.025768 0.407000 32 36 31
-0.289688 0.025768 0.407000 27 31 26
-0.287927 0.025704 0.406000 23 27 22
-0.286877 0.025704 0.406000 23 24 18
-0.285828 0.025704 0.406000 30 31 25
-0.295340 0.026953 0.409000 27 28 19
-0.294283 0.026953 0.409000 32 33 24
-0.293226 0.026953 0.409000 39 39 33
-0.291454 0.026887 0.408000 41 41 35
