sec,nanosec,frame_id,x,y,z,qx,qy,qz,qw
1777988552,914399783,base,0.2346230149269104,0.20021022856235504,0.8417794704437256,-0.6842633792854602,-0.3972570068688877,-0.25840183396345323,0.5542553675771906
1777988560,988368819,base,0.23379673063755035,0.20010313391685486,0.8412237763404846,-0.6842820519484182,-0.3983038331569961,-0.25737363575369815,0.5539593282429786
1777988561,173375167,base,0.2331719994544983,0.20011930167675018,0.8404374718666077,-0.6842693210239483,-0.3988541586505121,-0.2566424335798016,0.5539183287117362
1777988561,271376779,base,0.232496976852417,0.19999106228351593,0.8396978974342346,-0.6841550114925299,-0.39938222974479626,-0.2559940123110882,0.5539790787589594
1777988561,345402298,base,0.23174703121185303,0.1999463587999344,0.8390165567398071,-0.6840424362291927,-0.40000298605761425,-0.2553564670589595,0.5539644878558327
1777988561,401380488,base,0.23103925585746765,0.19994331896305084,0.8382994532585144,-0.6839243039458771,-0.40052527411519767,-0.2547886633074422,0.5539943518067725
1777988561,444357527,base,0.2303846925497055,0.19995902478694916,0.8375190496444702,-0.6838463904576537,-0.4010023071410192,-0.25418460757289696,0.554022933213629
1777988561,482361285,base,0.22975271940231323,0.19992707669734955,0.8367225527763367,-0.6837522117282259,-0.401441071318881,-0.2535878539356051,0.5540949282217082
1777988561,518386265,base,0.2291233241558075,0.19984124600887299,0.8359370827674866,-0.6836357557708969,-0.4018606435494948,-0.2530110694882487,0.5541981449200818
1777988561,551403899,base,0.22850601375102997,0.1997634917497635,0.8351457118988037,-0.6835265913430498,-0.40227161030130565,-0.2524331094494092,0.5542981870231128
1777988561,581381622,base,0.22787226736545563,0.19969993829727173,0.8343662619590759,-0.6834125800770915,-0.40269921062207026,-0.2518639973012987,0.5543871699508532
1777988561,609415061,base,0.22723615169525146,0.19963258504867554,0.8335837721824646,-0.6832991770372244,-0.4031248683820848,-0.2512956724974638,0.5544754709395862
1777988561,637414136,base,0.22659161686897278,0.19958633184432983,0.8327794671058655,-0.6831938726979893,-0.40356495355179206,-0.25071210679362477,0.5545492663201735
1777988561,664388366,base,0.22598426043987274,0.1996043175458908,0.831965446472168,-0.6831337922340793,-0.40399404815133266,-0.25010777535130607,0.5545837505118023
1777988561,691381399,base,0.22539836168289185,0.1996324509382248,0.8311482667922974,-0.683085553039072,-0.40441089833863453,-0.249499662048555,0.5546132511492997
1777988561,719361473,base,0.2248407006263733,0.19963587820529938,0.830316424369812,-0.6830414349487058,-0.4048001384501637,-0.24888868016330593,0.5546581493926858
1777988561,752411305,base,0.22423918545246124,0.19954480230808258,0.8294873237609863,-0.6829412050507573,-0.40519306720551806,-0.248293193272284,0.5547615240294921
1777988561,785371725,base,0.22365787625312805,0.19947248697280884,0.8286646604537964,-0.6828526501410678,-0.40557819141412865,-0.24770201813140547,0.5548533910183903
1777988561,817415531,base,0.22311125695705414,0.1994682252407074,0.8278218507766724,-0.6828117623053006,-0.4059577434180871,-0.24708561366844956,0.5549009543719001
1777988561,849405353,base,0.2226017713546753,0.1994759440422058,0.8269590139389038,-0.6827939448446817,-0.40631409186613554,-0.2464522110504115,0.5549437399475352
1777988561,883369910,base,0.22208966314792633,0.1994233876466751,0.8260902762413025,-0.6827526438650908,-0.40665092853259366,-0.24582107049828106,0.555027769215343
1777988561,920385327,base,0.22161680459976196,0.19931626319885254,0.825215220451355,-0.6827024365017349,-0.4069484164237656,-0.24519716491614066,0.5551474470894893
1777988561,960417868,base,0.22119736671447754,0.19918179512023926,0.8243096470832825,-0.6826692501199578,-0.4071956330526124,-0.24454867677384828,0.5552930246790326
1777988561,999393012,base,0.220795139670372,0.19906453788280487,0.8233755826950073,-0.68265366766832,-0.4074377682829872,-0.24387860325602354,0.555429269900622
1777988562,38361671,base,0.22040078043937683,0.19897697865962982,0.8224490880966187,-0.6826530862824441,-0.40768021116474523,-0.24321174608333077,0.5555444288608974
1777988562,81410045,base,0.22000856697559357,0.19893649220466614,0.821527361869812,-0.6826728680302582,-0.40793414006271483,-0.24253767638887894,0.5556284544451724
1777988562,136398994,base,0.21961398422718048,0.19878320395946503,0.8206180334091187,-0.6826379676945313,-0.40815439667458975,-0.24189693839964732,0.5557888381996056
1777988562,217389156,base,0.21907171607017517,0.19814586639404297,0.8200567364692688,-0.6822596151351512,-0.4083519295156494,-0.24160869732189022,0.5562335391301274
1777988562,280382605,base,0.21824657917022705,0.19782797992229462,0.8195791244506836,-0.6818893028966985,-0.4088457453713284,-0.24134960244801387,0.5564373180475229
1777988562,324418412,base,0.2173854559659958,0.19787128269672394,0.8190276622772217,-0.6816774975015145,-0.4094668994468986,-0.24098309285064293,0.556398959152255
1777988562,359412319,base,0.21661023795604706,0.19809739291667938,0.818398118019104,-0.681597604770105,-0.41007658561238586,-0.24052387038411496,0.5562464958385934
1777988562,388410667,base,0.21593283116817474,0.1984272003173828,0.8177057504653931,-0.6816170006890001,-0.4106415935886689,-0.239994048912818,0.5560347229227866
1777988562,413362428,base,0.21531274914741516,0.198820099234581,0.8169731497764587,-0.6816932555785234,-0.4111858426417164,-0.23942088786038965,0.5557860448390222
1777988562,436410182,base,0.21475526690483093,0.19922001659870148,0.8162001967430115,-0.6818076808339555,-0.4116836073415835,-0.238812476778293,0.5555389293568621
1777988562,460361875,base,0.2142510712146759,0.19958162307739258,0.8153939843177795,-0.6819335433861579,-0.4121340284098815,-0.23818452313114066,0.5553199711668954
1777988562,492379722,base,0.2138030230998993,0.19976454973220825,0.8144912719726562,-0.6820258484240499,-0.41248758207469055,-0.23750894108260887,0.5552334751289861
1777988562,534411549,base,0.2133825719356537,0.1995120495557785,0.8136153817176819,-0.6819264595776544,-0.4126997746578459,-0.23692299924842755,0.5554482178239902
1777988562,575418016,base,0.21291421353816986,0.199168398976326,0.8127904534339905,-0.6817564102411383,-0.41292334808608316,-0.23639559265412619,0.555715412723753
1777988562,611358167,base,0.2124466747045517,0.19904352724552155,0.8118942975997925,-0.6816981211804827,-0.4132047634563126,-0.2357763236646101,0.55584081275652
1777988562,643413622,base,0.21200406551361084,0.19907696545124054,0.8109815120697021,-0.6817232951879953,-0.4135130135550783,-0.23511492890407049,0.5558608558069424
1777988562,671400224,base,0.21154414117336273,0.19924001395702362,0.8100699782371521,-0.6817999101371505,-0.4138706289347713,-0.23444087085500184,0.555785410591727
1777988562,698383421,base,0.21107760071754456,0.19942961633205414,0.8091686964035034,-0.6818823973052806,-0.41424014925187586,-0.23376895521619098,0.5556919756282628
1777988562,726365496,base,0.2105899453163147,0.19956618547439575,0.8082691431045532,-0.6819320811503522,-0.4146103734121224,-0.2331108182840181,0.5556313860424886
1777988562,756377350,base,0.2100798636674881,0.19956786930561066,0.8073887228965759,-0.6819091503294951,-0.4149574932393547,-0.23249462972745075,0.5556585490953824
1777988562,787380597,base,0.20954041182994843,0.1994684487581253,0.8065337538719177,-0.6818214975090473,-0.41529898951138866,-0.2319199911930076,0.5557511383776218
1777988562,816370632,base,0.20895713567733765,0.19939351081848145,0.8056983351707458,-0.6817232915421305,-0.4156783755724893,-0.2313593421248542,0.5558216235288594
1777988562,843369792,base,0.2083105593919754,0.19933046400547028,0.8048924207687378,-0.6816003497870609,-0.4161058934589084,-0.23082667325682063,0.5558740004721796
1777988562,868363484,base,0.20763060450553894,0.1992732733488083,0.8041461110115051,-0.6814532036281787,-0.4165636019382896,-0.2303467235899163,0.5559106524333514
1777988562,892401575,base,0.20692208409309387,0.19922198355197906,0.8034334182739258,-0.6812873235670519,-0.4170490836810976,-0.22989781121675734,0.5559357924017002
1777988562,914358148,base,0.20623932778835297,0.19924215972423553,0.802685558795929,-0.6811707739065214,-0.41753403247213755,-0.22941197051348997,0.5559153223398577
1777988562,935362696,base,0.20556597411632538,0.19929563999176025,0.8019319176673889,-0.6810705169632371,-0.4180320955071094,-0.22892521611788763,0.5558645032711805
1777988562,956378169,base,0.2048756629228592,0.19935113191604614,0.8011878728866577,-0.6809569790514977,-0.4185487894139951,-0.22845418866548356,0.555808600782821
1777988562,978408559,base,0.20417669415473938,0.19937069714069366,0.8004671335220337,-0.6808148882797646,-0.419071317507999,-0.22801586209714608,0.5557688960287429
1777988563,1380240,base,0.2034480720758438,0.19938229024410248,0.799746036529541,-0.6806474250800933,-0.41962784955555316,-0.22759778469560377,0.5557254583869782
1777988563,25361793,base,0.20270895957946777,0.19937396049499512,0.7990223169326782,-0.6804382146982362,-0.4202324943011908,-0.2272237857152917,0.5556778122519802
1777988563,49423887,base,0.2019752860069275,0.1993660181760788,0.7983092665672302,-0.680192198470005,-0.4208923922109732,-0.22690644523590714,0.555609246149705
1777988563,74407106,base,0.20126521587371826,0.19932448863983154,0.7976035475730896,-0.6798902682043334,-0.42160238494539437,-0.22665975092974283,0.5555411908574152
1777988563,101377293,base,0.20054630935192108,0.1992674022912979,0.7968966960906982,-0.6794758866283889,-0.42248136013530463,-0.2265528806642686,0.5554239700505216
1777988563,129389947,base,0.19984668493270874,0.19922718405723572,0.7961832880973816,-0.6788966518636088,-0.4236374684720066,-0.22667549590369043,0.5552016548294229
1777988563,158369099,base,0.19916534423828125,0.1991945207118988,0.7954174280166626,-0.6781116904741167,-0.42513993000294853,-0.22704904203969656,0.5548597281668293
1777988563,187425958,base,0.19853660464286804,0.19914685189723969,0.7946335673332214,-0.6770962587522553,-0.42698415338779605,-0.22772462646889247,0.5544065864727911
1777988563,217369149,base,0.19797483086585999,0.19908536970615387,0.793787956237793,-0.6758179834887438,-0.4292300999957868,-0.2287207092620476,0.5538216464227009
1777988563,248402456,base,0.19749997556209564,0.1990322768688202,0.7928848266601562,-0.674143792750666,-0.4320925822726521,-0.23022219885401302,0.5530134318446109
1777988563,277378011,base,0.19710540771484375,0.19903875887393951,0.7919521927833557,-0.6725057767553505,-0.4349334868570532,-0.23169708143385576,0.552164177506631
1777988563,304362550,base,0.19671310484409332,0.19907532632350922,0.7910135388374329,-0.6711694264717417,-0.4373160440466771,-0.23277925839846536,0.5514527125060341
1777988563,330365764,base,0.19629725813865662,0.1991146355867386,0.7900857329368591,-0.6699954266626059,-0.43943744481737024,-0.23364207488258096,0.5508286751838404
1777988563,356362459,base,0.19587208330631256,0.1991519033908844,0.7891694903373718,-0.6691855766877944,-0.44098828863004447,-0.23404563185183908,0.5504022170802856
1777988563,381358611,base,0.19542108476161957,0.19921764731407166,0.7882499098777771,-0.6689046293271924,-0.4417628315266328,-0.23378478762703922,0.5502334538638185
1777988563,404361417,base,0.19498367607593536,0.19930797815322876,0.7873401045799255,-0.6689321570481529,-0.44208988759222384,-0.23316119148656614,0.5502019226598314
1777988563,427361916,base,0.19452784955501556,0.19938942790031433,0.7864187955856323,-0.6689615476659408,-0.44240866523596334,-0.23252093387056091,0.550180935043408
1777988563,451382422,base,0.1940527707338333,0.19941504299640656,0.7855210900306702,-0.66894989475479,-0.44272716566961057,-0.23191271928640664,0.5501955532862083
1777988563,476362545,base,0.19354428350925446,0.1994173228740692,0.7846201658248901,-0.6689138225603795,-0.4430639349049516,-0.23131609365441397,0.5502194983176831
1777988563,500361847,base,0.19303922355175018,0.19941307604312897,0.7837443947792053,-0.6688672824428737,-0.4434003467723002,-0.23074149422864815,0.5502463541452662
1777988563,524361961,base,0.19250717759132385,0.1994071751832962,0.7828881144523621,-0.6688063592363178,-0.4437542231242348,-0.23019089959128627,0.5502657084299598
1777988563,549364608,base,0.1919190138578415,0.19937479496002197,0.7820422649383545,-0.6687063353960045,-0.44414481637944325,-0.22966187862327642,0.5502932208565667
1777988563,573398672,base,0.19131848216056824,0.1993747353553772,0.781233012676239,-0.6686103553404305,-0.4445574580832515,-0.22915724083133837,0.5502870140048615
1777988563,597406764,base,0.19069580733776093,0.1994345486164093,0.7803985476493835,-0.6685365491084623,-0.4450066279318854,-0.22863408482230105,0.550231237458663
1777988563,620360861,base,0.1900867521762848,0.19953207671642303,0.7795871496200562,-0.6684853667845848,-0.4454509932239755,-0.22810973340496554,0.5501515011809639
1777988563,643359313,base,0.18948331475257874,0.19963882863521576,0.7787885665893555,-0.6684395245892223,-0.4458919482463682,-0.22759500924855847,0.5500631226304679
1777988563,668409075,base,0.1888590306043625,0.19972623884677887,0.7779854536056519,-0.6683754557710397,-0.44634477082994023,-0.2270877769324003,0.5499833981223343
1777988563,696369417,base,0.18821094930171967,0.19977499544620514,0.7771973609924316,-0.6682756393846184,-0.44681187023234253,-0.2266123198754049,0.5499215235868554
1777988563,725401105,base,0.1875580996274948,0.19980087876319885,0.7764385938644409,-0.6681503652765065,-0.4472860111180185,-0.2261749430422232,0.5498683373415214
1777988563,756401625,base,0.18686683475971222,0.19979342818260193,0.7756773233413696,-0.6679828460569729,-0.4477957094679161,-0.22576675785920586,0.5498247399154388
1777988563,788361516,base,0.18615664541721344,0.19974106550216675,0.7749327421188354,-0.6677606081299559,-0.44834258252057535,-0.22541336850218752,0.5497940601961498
1777988563,820382666,base,0.1854647994041443,0.19969800114631653,0.7741788625717163,-0.6675219636410037,-0.4489229725201591,-0.2250860641382171,0.5497443252200209
1777988563,850411772,base,0.18480028212070465,0.19968178868293762,0.7734284400939941,-0.6672661029670494,-0.449551484826543,-0.22480369614277781,0.5496568832625603
1777988563,879363125,base,0.18412774801254272,0.19970977306365967,0.7726446390151978,-0.6669808426575571,-0.45028054711098137,-0.22456302459528732,0.5495047028264691
1777988563,906400168,base,0.18347275257110596,0.19975709915161133,0.7718493938446045,-0.6666525465759446,-0.45109659856358214,-0.2243849990266181,0.5493064712049833
1777988563,932371221,base,0.1828296184539795,0.19980041682720184,0.7710431814193726,-0.6662484803464345,-0.4520223368597564,-0.22430139274962987,0.5490698017134622
1777988563,958361749,base,0.18221117556095123,0.19984884560108185,0.7702288031578064,-0.6656378736941595,-0.453248531971968,-0.22446348736628186,0.5487332081679686
1777988563,983363735,base,0.1816304475069046,0.1999177634716034,0.7694010734558105,-0.664789907380312,-0.45483150799505045,-0.22491563586162358,0.548266043456565
1777988564,7360414,base,0.18110418319702148,0.20000553131103516,0.7685515284538269,-0.6636289911077053,-0.4568776702790687,-0.22575491585713456,0.5476258151927595
1777988564,31408379,base,0.18059130012989044,0.2000756710767746,0.767660915851593,-0.6621040498442952,-0.4594254232127419,-0.2269920104925272,0.5468282202740098
1777988564,55365384,base,0.1801130622625351,0.2001161426305771,0.7667666077613831,-0.6602597268366558,-0.46237489216687916,-0.2285867546190491,0.5459071527170956
1777988564,78361390,base,0.17966893315315247,0.20016232132911682,0.7658615112304688,-0.6582228568513476,-0.4655666763838602,-0.23038044742186956,0.5448992461288048
1777988564,99409569,base,0.1792680025100708,0.20023688673973083,0.764926016330719,-0.6564013182036904,-0.4684587768353047,-0.23191398490849122,0.5439665347638664
1777988564,119410374,base,0.1788654327392578,0.2003255933523178,0.7639731168746948,-0.6547464132460034,-0.4711069653499602,-0.23322631220074624,0.543112180139318
1777988564,138361193,base,0.17847272753715515,0.20039646327495575,0.7630447745323181,-0.6534316069489223,-0.47324514793658745,-0.234151388330899,0.542438253070011
1777988564,158412210,base,0.17804478108882904,0.2004338800907135,0.7620916962623596,-0.6524730959854165,-0.47485419791094113,-0.23461981714759886,0.541983289044164
1777988564,177361422,base,0.17762500047683716,0.20044422149658203,0.7611797451972961,-0.652002861394832,-0.47575000086391966,-0.2345452473001361,0.5417958213160582
1777988564,195393760,base,0.17720794677734375,0.20047524571418762,0.7602603435516357,-0.6519329257013254,-0.4761155786936988,-0.23401967194340706,0.5417861142908559
1777988564,213362727,base,0.1767749935388565,0.200469970703125,0.7593522667884827,-0.651906543725559,-0.4763805924156278,-0.2334353920749957,0.5418369663768606
1777988564,232391558,base,0.17631672322750092,0.20044372975826263,0.7584106922149658,-0.6518624541714987,-0.47665454554298187,-0.23284021427789947,0.5419051487085833
1777988564,251404232,base,0.17586003243923187,0.20042714476585388,0.7574752569198608,-0.6518195781473521,-0.4769305944536122,-0.23225242308400193,0.5419660673634875
1777988564,270364086,base,0.17543868720531464,0.20047780871391296,0.756534218788147,-0.6517990927490835,-0.4771290553959011,-0.23173868848091153,0.5420359568063003
1777988564,288415194,base,0.17502523958683014,0.20055557787418365,0.7556264996528625,-0.6517837140853002,-0.4773165196766547,-0.23126182484519614,0.5420930528004586
1777988564,306403968,base,0.17459040880203247,0.20062711834907532,0.7547119855880737,-0.6517662662201699,-0.4775431712226292,-0.23075169381355964,0.5421318106331798
1777988564,325408401,base,0.1741100251674652,0.20064997673034668,0.7537907361984253,-0.6517234306228474,-0.4778293465341721,-0.23020162072034014,0.5421649966668131
1777988564,343415052,base,0.17361702024936676,0.20069774985313416,0.7528820633888245,-0.651692712858035,-0.47815004615835044,-0.22963083703705134,0.5421612613317631
1777988564,360359204,base,0.17313779890537262,0.20077122747898102,0.7519856691360474,-0.6516808483108625,-0.478473510822335,-0.22905406006079446,0.5421341237665301
1777988564,377362679,base,0.17263945937156677,0.20083631575107574,0.7511187791824341,-0.6516508095641513,-0.4788060027261525,-0.22851157073138742,0.542105617338374
1777988564,395410651,base,0.1720963716506958,0.2008947730064392,0.7502596974372864,-0.6515960963934995,-0.4791658359031043,-0.22798871774007115,0.5420735547273287
1777988564,414411001,base,0.17151497304439545,0.20094506442546844,0.7494017481803894,-0.6515224719635223,-0.4795584991071866,-0.22747681654442198,0.5420298889725335
1777988564,433412354,base,0.17090897262096405,0.20101922750473022,0.7485477328300476,-0.6514464820063286,-0.47997014715152725,-0.22697851441098227,0.5419657649223777
1777988564,452359347,base,0.17030663788318634,0.20108778774738312,0.7477325201034546,-0.6513576747264661,-0.4803601500236124,-0.22653358522105788,0.5419131015091809
1777988564,472392223,base,0.16969600319862366,0.20114894211292267,0.7469359040260315,-0.6512421757184165,-0.4807250003338404,-0.22615863575224637,0.5418850234340992
1777988564,494362212,base,0.1690554916858673,0.20119020342826843,0.7461373805999756,-0.6511008965147683,-0.4810934987510804,-0.22581276005300444,0.5418719819946238
1777988564,518381450,base,0.1683923453092575,0.20123334228992462,0.7453380823135376,-0.6509562133996166,-0.48149503530929927,-0.2254501938115174,0.5418401247074094
1777988564,543385817,base,0.16774271428585052,0.20130014419555664,0.7445553541183472,-0.6508355537445296,-0.4819145294026957,-0.22507001865385515,0.541770212580418
1777988564,569364941,base,0.16709764301776886,0.20137092471122742,0.7437937259674072,-0.6507190506657113,-0.4823600594703714,-0.2246819725232254,0.5416747048282862
1777988564,597411123,base,0.1664307713508606,0.20145073533058167,0.7430347800254822,-0.6506043593571467,-0.48284274543482525,-0.2242725599155512,0.5415520943268225
1777988564,627364134,base,0.16575832664966583,0.2015330195426941,0.7422923445701599,-0.650480062753521,-0.4833446114738581,-0.22388824716536038,0.5414127293731588
1777988564,658361844,base,0.16510552167892456,0.20164404809474945,0.7415409088134766,-0.6503690212019004,-0.4838539117285626,-0.2234996533610959,0.5412517171905734
1777988564,690410479,base,0.16445060074329376,0.2017814666032791,0.7407658696174622,-0.6502857461142003,-0.4843591865922729,-0.22307235369129066,0.541076081819435
1777988564,721405346,base,0.1637973040342331,0.20195437967777252,0.740005373954773,-0.6502292015793957,-0.4848632294014471,-0.2226379132449703,0.5408715080256944
1777988564,751367739,base,0.16311798989772797,0.20212814211845398,0.7392733097076416,-0.6501597504679865,-0.4853874329816908,-0.22223398961288088,0.5406508963575992
1777988564,782359089,base,0.16239438951015472,0.20227983593940735,0.7385807037353516,-0.6500541638990458,-0.48593880976061893,-0.22187738112855615,0.5404289435163366
1777988564,812362929,base,0.1616484820842743,0.20241256058216095,0.7379191517829895,-0.6499256196467502,-0.4865031652485249,-0.2215599650937501,0.5402059848935779
1777988564,840376090,base,0.1608918309211731,0.20254451036453247,0.7372751235961914,-0.6497892617421888,-0.4870779073107013,-0.22126139466818087,0.5399744450435341
1777988564,868378572,base,0.16010160744190216,0.20267800986766815,0.7366164922714233,-0.64964346476256,-0.4876766717803631,-0.22096710412762838,0.5397299033370316
1777988564,895418141,base,0.15932369232177734,0.20276309549808502,0.7359659075737,-0.6494807241959104,-0.488248293770053,-0.22069330185933148,0.5395209498379245
1777988564,922362915,base,0.15854912996292114,0.20277763903141022,0.7353213429450989,-0.6492867097103229,-0.4887904028107322,-0.2204512759816574,0.5393625397074506
1777988564,950377602,base,0.15776866674423218,0.20274455845355988,0.7346643805503845,-0.6490660186700747,-0.48932413652711937,-0.22022023609528063,0.5392385589191021
1777988564,979377453,base,0.15698865056037903,0.20270699262619019,0.7339843511581421,-0.6488452832152312,-0.48985672905306976,-0.219979081781932,0.5391190549305207
1777988565,8406844,base,0.15622620284557343,0.20266564190387726,0.7332875728607178,-0.6486276791082085,-0.4903805812676171,-0.21973074117296995,0.5390059304962205
1777988565,36380117,base,0.15550397336483002,0.202609121799469,0.7325940728187561,-0.6484059459207971,-0.4908804218630262,-0.21947914862140938,0.538920257640145
1777988565,65387167,base,0.15477292239665985,0.2025156170129776,0.7318822145462036,-0.6481551932705204,-0.4913903503071952,-0.21924828638319285,0.5388511333168804
1777988565,94405142,base,0.15406616032123566,0.20241886377334595,0.731153666973114,-0.6478745852805439,-0.49193429531619887,-0.21904024680580036,0.5387768835327021
1777988565,122405846,base,0.15342992544174194,0.2023472934961319,0.7303751111030579,-0.647621569383485,-0.4924820966702348,-0.21883698421225148,0.5386632238804033
1777988565,148361161,base,0.1528848260641098,0.2023143470287323,0.7295140027999878,-0.6473850215903265,-0.4930622415409882,-0.21864931993915673,0.5384930093776614
1777988565,173384556,base,0.15241701900959015,0.2022775411605835,0.7286083102226257,-0.6470225266083707,-0.493799214912009,-0.2186172395933221,0.5382663611247807
1777988565,197405123,base,0.15201523900032043,0.2022254317998886,0.7276890277862549,-0.6463723482558895,-0.49490009050690964,-0.21893556542027062,0.537906980439013
1777988565,220361774,base,0.15165822207927704,0.20218762755393982,0.7267484068870544,-0.6454539371822,-0.4963663897287898,-0.21957410317607923,0.5373981947741305
1777988565,241382045,base,0.15130925178527832,0.20220239460468292,0.7258009910583496,-0.6443771710812072,-0.498065660593936,-0.22036725261180767,0.5367931822426453
1777988565,261402629,base,0.1509658843278885,0.20225964486598969,0.7248290777206421,-0.6432348164030227,-0.4998771548546928,-0.22121685340429414,0.5361295745140366
1777988565,281373501,base,0.15063385665416718,0.2023276537656784,0.723831832408905,-0.6420021934220341,-0.5018117745169057,-0.22218598853311908,0.5353984824032226
1777988565,301409364,base,0.1503298580646515,0.20238879323005676,0.7228490114212036,-0.6407605461737337,-0.5037482185597213,-0.22321671320865308,0.5346381314108541
1777988565,321361808,base,0.1500449925661087,0.20245684683322906,0.7218642830848694,-0.6396610326958523,-0.5055077837871395,-0.22412548643388966,0.5339132809280692
1777988565,341362090,base,0.14977145195007324,0.20253166556358337,0.7208678722381592,-0.6387549068280891,-0.5070303596997634,-0.22484967047314225,0.533249487974674
1777988565,361362016,base,0.14952370524406433,0.20258744060993195,0.7198970317840576,-0.638140461089915,-0.5081634497963061,-0.22532261125778466,0.5327066356190913
1777988565,383382928,base,0.14927919209003448,0.20259054005146027,0.7189142107963562,-0.6378871760988857,-0.5088296734974369,-0.22546017145392047,0.5323157209558915
1777988565,407385778,base,0.14901204407215118,0.20256854593753815,0.717927873134613,-0.6380351957954299,-0.508971467749498,-0.22515926149559898,0.5321300804109828
1777988565,432381014,base,0.14872221648693085,0.20253148674964905,0.7169602513313293,-0.6382334944579539,-0.5090151729193015,-0.22475476562534719,0.5320214357465178
1777988565,458359758,base,0.14839453995227814,0.20248518884181976,0.7159932851791382,-0.6383805125421359,-0.5091001133292062,-0.22433299425023953,0.5319418031644845
1777988565,485362242,base,0.14803221821784973,0.2024213820695877,0.7150490880012512,-0.638464645632826,-0.5092203492636421,-0.22391195466785746,0.531903156399268
1777988565,515405458,base,0.14762912690639496,0.20230929553508759,0.7141045331954956,-0.6384883138800252,-0.5093630937906765,-0.22350590417130264,0.5319088661352956
1777988565,547358762,base,0.14719130098819733,0.2021653950214386,0.7131866216659546,-0.6384445499428608,-0.5095353031123716,-0.22311012874577163,0.5319625987350668
1777988565,578407288,base,0.1467203050851822,0.20206086337566376,0.7123100161552429,-0.6383579928023869,-0.5097687596889662,-0.222692723178639,0.5320176773328598
1777988565,608361885,base,0.1462014764547348,0.20197856426239014,0.7114280462265015,-0.6382271917024124,-0.5100616732708776,-0.22224402649378036,0.5320814984913418
1777988565,637383456,base,0.1456674337387085,0.20191556215286255,0.7105717062950134,-0.6380878440522512,-0.5103796884179136,-0.22180281419183295,0.5321277894225208
1777988565,667416795,base,0.1450999677181244,0.20188945531845093,0.7097081542015076,-0.6379560964517752,-0.5107339761292938,-0.22135662454377708,0.5321316030640154
1777988565,696411626,base,0.14454615116119385,0.20191499590873718,0.7088594436645508,-0.6378580104873073,-0.5111005070998624,-0.22090610994272272,0.5320845003128946
1777988565,724359116,base,0.14401696622371674,0.20197662711143494,0.7080053687095642,-0.637792669615779,-0.5114618013270368,-0.22044157417856233,0.5320083153188423
1777988565,753401759,base,0.14347785711288452,0.20205625891685486,0.7071304321289062,-0.6377317051079647,-0.5118326884843339,-0.2199652205104316,0.5319218752098795
1777988565,783361680,base,0.14295263588428497,0.20215632021427155,0.706274688243866,-0.6376627072847806,-0.5121666560028646,-0.21957896612698372,0.5318426795109058
1777988565,815359123,base,0.14243245124816895,0.2022467851638794,0.7054064869880676,-0.6375794638609449,-0.5125268171712176,-0.2192070742814831,0.5317489265658382
1777988565,849386192,base,0.14195863902568817,0.2023460865020752,0.7045106887817383,-0.6375133941461301,-0.5128709816442383,-0.21882900427430085,0.5316520582479045
1777988565,887377976,base,0.14157526195049286,0.20245672762393951,0.7035814523696899,-0.6374116786990904,-0.513205488588901,-0.21865782227278105,0.5315216243088073
1777988565,941366715,base,0.14132951200008392,0.20255106687545776,0.7026059627532959,-0.6368481137897113,-0.5138231061982678,-0.2194067737265795,0.5312918004953431
1777988566,31385936,base,0.14108173549175262,0.20239101350307465,0.701636791229248,-0.6345244973985869,-0.5163889146856999,-0.22220854870383802,0.530419185623519
1777988566,88408941,base,0.14077121019363403,0.2022899091243744,0.7006723284721375,-0.6327004999060335,-0.5188970157111716,-0.2239823836095536,0.5294033239099228
1777988566,131365430,base,0.14063259959220886,0.2022792398929596,0.6996610164642334,-0.6318935631522181,-0.5202148583017034,-0.2250903145862917,0.528603208323628
1777988566,170363230,base,0.14058050513267517,0.20226413011550903,0.6986498236656189,-0.6318931860726548,-0.5204131567114744,-0.22561499434832452,0.5281846053723838
1777988566,212414500,base,0.1407497078180313,0.2021554410457611,0.6976538896560669,-0.6323184624743384,-0.5197512988473502,-0.2263905086294848,0.527995517407227
1777988566,258415312,base,0.14130643010139465,0.20202212035655975,0.6968072056770325,-0.6328713633666704,-0.5181390239462498,-0.2282170875342488,0.5281313612938544
1777988566,300398677,base,0.14220452308654785,0.20190253853797913,0.6963734030723572,-0.6332775205708013,-0.5158301772726468,-0.23144103877459993,0.5285015236128613
1777988566,343371555,base,0.14315460622310638,0.20190204679965973,0.6959989666938782,-0.6334743570425205,-0.513212334391143,-0.23591726148942743,0.5288349085184074
1777988566,396402232,base,0.1440020650625229,0.20220355689525604,0.6955516934394836,-0.6333124449844474,-0.5096658174555271,-0.2425938554456389,0.5294377238096734
1777988566,456376602,base,0.14409150183200836,0.20303893089294434,0.6950028538703918,-0.6324056459156553,-0.5054653125482397,-0.2500864204356395,0.5310599551653375
1777988566,592360820,base,0.14351724088191986,0.20294471085071564,0.6941658854484558,-0.6283609039697781,-0.4964481724420066,-0.264829406509365,0.5371844638008563
1777988566,625378198,base,0.14294202625751495,0.2026725858449936,0.6933758854866028,-0.6274793015143838,-0.4953557836000234,-0.26673995158847846,0.5382770607374194
1777988566,650405386,base,0.1423615962266922,0.20254315435886383,0.692527174949646,-0.6268908853967724,-0.49480324251612673,-0.26779155567759555,0.5389482871289607
1777988566,672362297,base,0.14179810881614685,0.20244070887565613,0.6916998028755188,-0.6264229567824569,-0.49449407369927584,-0.2684681988820538,0.5394392804545258
1777988566,692377264,base,0.14124125242233276,0.20235015451908112,0.6908696293830872,-0.6260423772961077,-0.4943644356299432,-0.26884976619227297,0.539809735326521
1777988566,711361957,base,0.140695258975029,0.20230892300605774,0.6899924278259277,-0.6257419137045338,-0.49434513412989234,-0.2690277800879655,0.5400869993211623
1777988566,730393679,base,0.1401883065700531,0.20228232443332672,0.6891270875930786,-0.625473056883211,-0.49432976529552397,-0.26915018522638173,0.5403514703438776
1777988566,753380918,base,0.13970743119716644,0.20223501324653625,0.6882399916648865,-0.6251621626128516,-0.49417967014020114,-0.2694276897929175,0.5407101081823816
1777988566,783380846,base,0.13931016623973846,0.202156201004982,0.6873136758804321,-0.6247356941438371,-0.49365355567794,-0.2701345442813598,0.5413305574407333
1777988567,71360632,base,0.1388067752122879,0.20228362083435059,0.6864479184150696,-0.614979745903812,-0.4876467743759393,-0.2943700330285217,0.5452951687433295
1777988567,229361916,base,0.138253316283226,0.20242489874362946,0.6856202483177185,-0.6077555155070138,-0.4873627531014704,-0.3092756270355084,0.5453983295357127
1777988567,286397821,base,0.13784801959991455,0.20217972993850708,0.6847272515296936,-0.6068925222255491,-0.4859163965905138,-0.3113494732406942,0.546468873448319
1777988567,330381229,base,0.1374489665031433,0.2019582986831665,0.6838374137878418,-0.6063190416883003,-0.4851809244179234,-0.3123226410563226,0.5472031239060562
1777988567,365383233,base,0.13694855570793152,0.20173057913780212,0.6829856634140015,-0.6058826661772622,-0.48500494753021955,-0.3126186508125802,0.5476732201742688
1777988567,396367266,base,0.13637472689151764,0.20147734880447388,0.6821908354759216,-0.6054707511957709,-0.48509772195633416,-0.3126620242518767,0.5480217201920249
1777988567,428383435,base,0.13574351370334625,0.2011156529188156,0.6815043687820435,-0.6049650646959324,-0.48526292310626895,-0.31274138406549956,0.548388523987954
1777988567,461365464,base,0.13504666090011597,0.20063535869121552,0.680948793888092,-0.6043426199287186,-0.48549249212280093,-0.3129095027223782,0.54877557536877
1777988567,496369745,base,0.13431097567081451,0.20012173056602478,0.6804444193840027,-0.6036632329068097,-0.4857703940728379,-0.3131383301427834,0.5491468006665419
1777988567,533407744,base,0.13358043134212494,0.19955989718437195,0.6800170540809631,-0.602938417011708,-0.4860284765676714,-0.31343939926208075,0.5495428305320332
1777988567,572414659,base,0.13284391164779663,0.19895531237125397,0.6796525120735168,-0.6021535235678301,-0.48629941553004113,-0.31382337142315564,0.5499444465459686
1777988567,611404713,base,0.13208287954330444,0.1984010487794876,0.6792480945587158,-0.6013781807091242,-0.4866317594228305,-0.31420146937739085,0.5502828920350604
1777988567,650406906,base,0.13131342828273773,0.19792507588863373,0.6787724494934082,-0.600593842661828,-0.4870882478354073,-0.31459589018697637,0.5505102129876912
1777988567,688382894,base,0.13057036697864532,0.19759437441825867,0.6781807541847229,-0.5998006600354719,-0.4877462298522441,-0.3150060626174294,0.5505578859726773
1777988567,722377613,base,0.12988384068012238,0.19745215773582458,0.6774550676345825,-0.5990637348166489,-0.4885692247570625,-0.315377385558518,0.5504179172097982
1777988567,754395905,base,0.12926322221755981,0.19744913280010223,0.6766546368598938,-0.598423517862898,-0.4893940165714568,-0.315711609877542,0.5501899335068109
1777988567,788376007,base,0.12868934869766235,0.1975407749414444,0.6758106350898743,-0.5977623848885709,-0.4902894903225691,-0.31614724692727386,0.5498611241674572
1777988567,824380981,base,0.12820620834827423,0.1977441906929016,0.6749464869499207,-0.5969029433674599,-0.49145627762332567,-0.3169225272367011,0.5493065303338572
1777988567,861389029,base,0.12788619101047516,0.19809846580028534,0.6740648746490479,-0.5957909744588168,-0.49288351172537437,-0.31820636566195,0.5484921659085751
1777988567,898361194,base,0.12780196964740753,0.1986265331506729,0.6731924414634705,-0.5946819131387009,-0.49416362779374773,-0.31982230039288945,0.5476033333478216
1777988567,931407116,base,0.1279021054506302,0.19926030933856964,0.6723929643630981,-0.593881235178123,-0.49492685579181095,-0.3213748192287509,0.5468735609716828
1777988567,961358762,base,0.12811684608459473,0.19994127750396729,0.6716580986976624,-0.5933062976609075,-0.4953087403334853,-0.3228634465235827,0.5462747140308679
1777988567,988402464,base,0.12832395732402802,0.20061448216438293,0.6709073781967163,-0.5930237246737767,-0.49545096171876896,-0.3239261616951786,0.5458232643628029
1777988568,13375014,base,0.12851278483867645,0.20127971470355988,0.6701321005821228,-0.5929544728176649,-0.4954008019101433,-0.3246922241668254,0.5454887582802181
1777988568,39388430,base,0.12878583371639252,0.2019607573747635,0.6694076657295227,-0.5930067876619021,-0.49497930300764964,-0.32554249161739385,0.5453077201305864
1777988568,81361358,base,0.1293855458498001,0.2026744782924652,0.6690281629562378,-0.5930709534211316,-0.49320042357985144,-0.327642230202888,0.5455921112058658
1777988568,203364930,base,0.12900157272815704,0.20174962282180786,0.6691018342971802,-0.5915116813216519,-0.4912004427877933,-0.3310713200178434,0.5470171981952782
1777988568,266360988,base,0.12867702543735504,0.20083346962928772,0.6693957448005676,-0.5904775996943596,-0.4905668278547181,-0.3323920492060109,0.5479013671947888
1777988568,321368129,base,0.12808439135551453,0.20001333951950073,0.6695151925086975,-0.5895578945311568,-0.49057466570577957,-0.33308955667826234,0.5484608748473038
1777988568,364367968,base,0.12739653885364532,0.19933465123176575,0.6697928309440613,-0.5886885947586621,-0.49075731973784825,-0.33391144017968055,0.5487313881055276
1777988568,399369978,base,0.12665019929409027,0.19873645901679993,0.6701350212097168,-0.5878479467218292,-0.49103785307506026,-0.33478658685224977,0.548848401234716
1777988568,433359972,base,0.12581300735473633,0.19823002815246582,0.6703729033470154,-0.5870436348744744,-0.49142742102096343,-0.33561011023196297,0.5488576253245782
1777988568,468364307,base,0.12485431879758835,0.19789591431617737,0.670371949672699,-0.5863332600853736,-0.4919788425199817,-0.3363010064611137,0.5487000546747915
1777988568,503400208,base,0.12389198690652847,0.19776847958564758,0.6700462102890015,-0.5858028078383273,-0.49261352427039357,-0.33670826271645243,0.5484473784554209
1777988568,534370949,base,0.12307365983724594,0.19785529375076294,0.6694436073303223,-0.5855258987394792,-0.49322625215447985,-0.3367700224171072,0.5481543902474398
1777988568,562401356,base,0.1224028617143631,0.19806335866451263,0.6686882972717285,-0.5854235093924637,-0.4937784767944967,-0.3366038188539155,0.5478686093756859
1777988568,588368989,base,0.12187812477350235,0.19834132492542267,0.6678680777549744,-0.5854491508167683,-0.49424899434696584,-0.3362808043598898,0.5476152229858879
1777988568,614400727,base,0.12144958972930908,0.19867756962776184,0.6669934988021851,-0.5855703733542953,-0.49467307502013497,-0.3358409316139742,0.5473725984241482
1777988568,639360407,base,0.12113247811794281,0.19907355308532715,0.6661041975021362,-0.5857933620751908,-0.49504186682352264,-0.3353033157004181,0.5471300977693186
1777988568,663391373,base,0.12089721113443375,0.19951148331165314,0.6652247309684753,-0.5860865853453242,-0.4953689882133502,-0.3347077582783133,0.5468846371346515
1777988568,687379739,base,0.1207035556435585,0.1999898999929428,0.6643475890159607,-0.5864240252816592,-0.49568442266048707,-0.33409035155592676,0.5466145184601529
1777988568,712358987,base,0.12054170668125153,0.20049230754375458,0.6634835004806519,-0.5867838304908669,-0.49595589934926027,-0.3335062658796469,0.5463387550935614
1777988568,742359663,base,0.12045423686504364,0.20103193819522858,0.6626185774803162,-0.5871466953382937,-0.49604851912030873,-0.333105596547003,0.546109211720542
1777988569,27381973,base,0.12061265110969543,0.20110855996608734,0.6616319417953491,-0.585647587078239,-0.4955883683205308,-0.3366528809011359,0.5459614582569399
1777988569,146406770,base,0.12102165073156357,0.20079006254673004,0.6607608795166016,-0.5793653389878647,-0.5016629315996155,-0.34516998384890574,0.5417820514529567
1777988569,191361859,base,0.12107696384191513,0.20091143250465393,0.6597429513931274,-0.5773251082084895,-0.5042789618276722,-0.3477522041952532,0.539876692714939
1777988569,225405740,base,0.1210695281624794,0.201127827167511,0.6587527990341187,-0.5770739487104073,-0.5049996250905684,-0.3482778139286398,0.5391322242868376
1777988569,276357275,base,0.12172405421733856,0.20106525719165802,0.6579963564872742,-0.5776180769336565,-0.5037181395848523,-0.3492546286969578,0.5391165042860541
1777988569,316357436,base,0.12267899513244629,0.20075282454490662,0.6579457521438599,-0.5780525668554711,-0.5017438993037964,-0.350957543353145,0.5393858575556918
1777988569,362406116,base,0.12364751845598221,0.20055696368217468,0.6577593684196472,-0.5785892348830903,-0.499525941921057,-0.3531123264584259,0.5394627063378213
1777988569,406367369,base,0.12392909824848175,0.20073319971561432,0.6568106412887573,-0.57913887649326,-0.4986839574956589,-0.35410512077595646,0.5390009447556825
1777988569,438362742,base,0.12385928630828857,0.20101967453956604,0.655819296836853,-0.5794124299550262,-0.4988569763767901,-0.35434371819519056,0.538389675794498
1777988569,469371966,base,0.12370014935731888,0.20130832493305206,0.6548547148704529,-0.5794757761238262,-0.49932989399293515,-0.35453440872092723,0.5377572244652561
1777988569,520400117,base,0.12355797737836838,0.2013992965221405,0.6538633704185486,-0.5788915727064684,-0.49993159590157854,-0.3557073539655212,0.5370523214382288
1777988569,604357842,base,0.12321498245000839,0.20108282566070557,0.6529669761657715,-0.5763576238181713,-0.5018012195759952,-0.3587883478721198,0.5359835286574275
1777988569,656426518,base,0.12273132801055908,0.2009856402873993,0.6520945429801941,-0.5749116057233351,-0.503304825109808,-0.3598303262432197,0.5354278807881983
1777988569,712357903,base,0.12216707319021225,0.20065417885780334,0.651324450969696,-0.5735633808240723,-0.504370506358322,-0.36070364497994667,0.5352834024916635
1777988569,760364097,base,0.12155061215162277,0.20041969418525696,0.6505575776100159,-0.5727572632890909,-0.5049770186710175,-0.36103764265233185,0.5353495447147926
1777988569,803363443,base,0.12095259130001068,0.20021995902061462,0.6497620344161987,-0.572235882224122,-0.505303322142633,-0.3610668424086042,0.5355794670627256
1777988569,850359773,base,0.12031463533639908,0.19991639256477356,0.6490334868431091,-0.5716594060571164,-0.5055337895925972,-0.3611431077202952,0.5359260546043236
1777988569,902367632,base,0.11965017765760422,0.1994498372077942,0.6484319567680359,-0.5709075763570295,-0.5057115691211598,-0.36140999964814147,0.5363796895599363
1777988569,958359826,base,0.11897621303796768,0.19883325695991516,0.6479963064193726,-0.570031348285847,-0.5058009651697465,-0.36183489178669176,0.5369405255642622
1777988570,17357405,base,0.11835362017154694,0.1981179267168045,0.6476723551750183,-0.5690450149305996,-0.5058442897183351,-0.36240340593588655,0.5375621811667673
1777988570,93405095,base,0.117857925593853,0.19738322496414185,0.6471970081329346,-0.5678818550285633,-0.5060149008977957,-0.3630522792160769,0.5381934202263087
1777988570,204358689,base,0.11776670813560486,0.19724351167678833,0.6462060809135437,-0.5651855765199509,-0.5087192208542785,-0.3652733294970307,0.536978022379601
1777988570,254371026,base,0.11785346269607544,0.19767643511295319,0.6452858448028564,-0.5637848054960506,-0.5108364384569433,-0.3664096522029402,0.5356647901433425
1777988570,294400209,base,0.1179376021027565,0.19810810685157776,0.6443719863891602,-0.5624818321501028,-0.5127988930632342,-0.3674358924369934,0.5344551568675079
1777988570,331387852,base,0.11805710941553116,0.19854021072387695,0.6434677839279175,-0.5615379887201999,-0.5142911331114952,-0.3681391134279842,0.5335290859159307
1777988570,369372511,base,0.11822663247585297,0.19899393618106842,0.6425831317901611,-0.5611635539045619,-0.5150201028923742,-0.36840045234708907,0.5330392424981729
1777988570,410362670,base,0.11840638518333435,0.19950763881206512,0.6417328715324402,-0.5614173980881796,-0.5149118776599018,-0.3682746309803695,0.5329634403701271
1777988570,467363707,base,0.11888439953327179,0.20012210309505463,0.641090452671051,-0.5618133345975076,-0.5137941915283712,-0.36904194715387684,0.5330941329899669
1777988570,738361660,base,0.11912396550178528,0.20016640424728394,0.6401160359382629,-0.5611519733481217,-0.5127431728050638,-0.37152495393355517,0.5330779326888853
1777988570,831361674,base,0.11947143822908401,0.20004774630069733,0.6391758322715759,-0.5597021932197902,-0.5142959114997093,-0.37374695543514125,0.5315508972058849
1777988570,891359196,base,0.12014809250831604,0.19988901913166046,0.6384323835372925,-0.5571831021082564,-0.5170452916013571,-0.37718208674017656,0.529098133837862
1777988570,932359416,base,0.12086475640535355,0.1998511403799057,0.6377207636833191,-0.5551332662327675,-0.5194051400943173,-0.37989188379330086,0.5269985711710135
1777988570,966386174,base,0.12155630439519882,0.1998751312494278,0.6369702816009521,-0.5537466828114519,-0.5211062588606642,-0.3818065061349285,0.5253919012912153
1777988570,996373536,base,0.12221656739711761,0.1999211609363556,0.6361950039863586,-0.5529750797328437,-0.5221559864460928,-0.3830040266482138,0.5242895976712454
1777988571,25371563,base,0.12283718585968018,0.19998423755168915,0.6353873014450073,-0.553011428605956,-0.5223803000274339,-0.3833813453301112,0.5237517747843268
1777988571,56363860,base,0.12341033667325974,0.2000531405210495,0.6345595121383667,-0.5536994839997654,-0.521933073842855,-0.3831120968680317,0.523667660328737
1777988571,96357301,base,0.12398341298103333,0.20006759464740753,0.6337320804595947,-0.5545587665418279,-0.5212890238715304,-0.3828338808949858,0.5236033988070424
1777988571,152379890,base,0.12449624389410019,0.20004227757453918,0.6328734159469604,-0.5554667379607864,-0.5206732064906278,-0.3828407048515607,0.5232486081557073
1777988571,223393296,base,0.12491684406995773,0.2000536024570465,0.6319647431373596,-0.5563770489509544,-0.5202740377242904,-0.3832016429355472,0.5224136313296713
1777988571,300400404,base,0.1253279745578766,0.2001122087240219,0.6310515999794006,-0.5566915597090097,-0.5206188719535652,-0.3842349276074247,0.5209741149813961
1777988571,382368922,base,0.12568840384483337,0.20021051168441772,0.6301224231719971,-0.5547768886567747,-0.5233444010539646,-0.38731797138326374,0.5179942203893381
1777988571,458366743,base,0.1261885166168213,0.20023219287395477,0.6292412281036377,-0.5525429223619556,-0.5261717772174003,-0.39049008916688316,0.5151282052154675
1777988571,514399373,base,0.12670902907848358,0.20027539134025574,0.6283817291259766,-0.5524954672982363,-0.5265578345119998,-0.39110165659245283,0.5143200298823856
1777988571,564366804,base,0.12718793749809265,0.20032623410224915,0.6274957656860352,-0.5531418480482551,-0.5261868149878075,-0.39092018572096326,0.514142915558013
1777988571,616361811,base,0.12766259908676147,0.20033207535743713,0.6266034841537476,-0.5538187387940794,-0.5257093999068408,-0.39069661155318763,0.5140725321066192
1777988571,671358883,base,0.12817545235157013,0.20020250976085663,0.6257479190826416,-0.5543135840141125,-0.5252449999067454,-0.39073310135529815,0.5139861777065686
1777988571,728360960,base,0.12872488796710968,0.19999772310256958,0.6249375939369202,-0.5546862639884608,-0.5248325646903055,-0.39100227271450627,0.5138006846574351
1777988571,784374037,base,0.12933145463466644,0.19986514747142792,0.6241459846496582,-0.5547105659711636,-0.5249302556962677,-0.3917010865084991,0.5131419461642952
1777988571,836357730,base,0.13003481924533844,0.19980010390281677,0.6234112977981567,-0.5541287602243161,-0.5257237878818041,-0.3929011005662677,0.5120395844898447
1777988571,880370501,base,0.13074196875095367,0.19976268708705902,0.6226807832717896,-0.5529048205908135,-0.5271517345446157,-0.39452647345897895,0.5106428990763852
1777988571,918397320,base,0.13140732049942017,0.1997789591550827,0.6219050884246826,-0.5512248880633882,-0.5290574308354502,-0.3963911159238896,0.5090416722313541
1777988571,949363257,base,0.13209021091461182,0.19978855550289154,0.6211435794830322,-0.5499082216792388,-0.5305122372422779,-0.3977825762468982,0.5078648778605951
1777988571,974359618,base,0.13280674815177917,0.19976845383644104,0.6204211115837097,-0.5490822299572427,-0.5313886957880233,-0.3986734715395833,0.5071431792461952
1777988571,996390248,base,0.13352404534816742,0.19973911345005035,0.6197166442871094,-0.5486272927472504,-0.5318563201542288,-0.399191593905226,0.5067376002793984
1777988572,17396929,base,0.13425035774707794,0.19970622658729553,0.6190088987350464,-0.5484290869013801,-0.5320377449503784,-0.3994272944003438,0.5065759569012681
1777988572,39362290,base,0.13498421013355255,0.19968079030513763,0.6182706952095032,-0.5483935614635715,-0.5320565978021131,-0.3994865313694916,0.5065479140061424
1777988572,61398313,base,0.13569754362106323,0.19965516030788422,0.6175510287284851,-0.5484183799768192,-0.5320128684141738,-0.39948773718916397,0.5065660051881123
1777988572,84366192,base,0.13642174005508423,0.19962455332279205,0.6168317794799805,-0.5482336039135389,-0.5321680016298752,-0.39967775833517327,0.5064531858238984
1777988572,108359135,base,0.13716347515583038,0.19957558810710907,0.6161359548568726,-0.5478747678243318,-0.5324545414159688,-0.3999971322687301,0.5062881460506014
1777988572,136362100,base,0.1379159539937973,0.1995122879743576,0.6154695153236389,-0.5471981944182781,-0.5330145588857754,-0.4005650868125671,0.5059814361093702
1777988572,172360248,base,0.13871347904205322,0.19942303001880646,0.6148570775985718,-0.5460833752581009,-0.5339232745412438,-0.4015203301239686,0.5054703748550123
1777988572,211358707,base,0.13961079716682434,0.19923700392246246,0.6144412159919739,-0.5448172398789094,-0.5347283130073025,-0.4027570692851778,0.5050014876559743
1777988572,247391080,base,0.14058247208595276,0.1989758461713791,0.614233136177063,-0.5439665293645385,-0.5348637110291395,-0.4037845626558851,0.5049547000374948
1777988572,279370530,base,0.141544371843338,0.19870775938034058,0.6141458749771118,-0.5434507701457544,-0.5345256266768722,-0.4046457174839677,0.5051786010061754
1777988572,308375738,base,0.142526313662529,0.1984661966562271,0.6141163110733032,-0.5432453463836396,-0.533746905424436,-0.40543888009688844,0.5055868268839634
1777988572,332378494,base,0.14352411031723022,0.19827836751937866,0.6141607761383057,-0.5432656673097551,-0.532569558741534,-0.4063871154925176,0.5060450404641545
1777988572,353358855,base,0.14452703297138214,0.19814230501651764,0.6142377853393555,-0.5433188461078999,-0.5312389426827054,-0.40756507270786557,0.506439070142708
1777988572,373375439,base,0.14556510746479034,0.19804634153842926,0.6143234968185425,-0.5433237653451581,-0.5298463198304335,-0.408984393166136,0.5067483609487772
1777988572,392374341,base,0.14657235145568848,0.19799479842185974,0.6143448948860168,-0.543245855106856,-0.5285839500595155,-0.41044788185977443,0.5069669671740079
1777988572,412357265,base,0.14761531352996826,0.19800633192062378,0.6142870783805847,-0.5430502474115246,-0.5273841663818924,-0.4121269614517659,0.5070638181074942
1777988572,432357684,base,0.14864212274551392,0.19810278713703156,0.6141341328620911,-0.542763100925253,-0.5262802501967428,-0.4139406806867668,0.5070408294871944
1777988572,453368541,base,0.14957845211029053,0.19831228256225586,0.6137912273406982,-0.5424153404069791,-0.5254150012692241,-0.41568367248294447,0.5068843318642275
1777988572,475380255,base,0.15035922825336456,0.1986370086669922,0.6132045984268188,-0.5420800280523228,-0.5248753835740733,-0.41708605679158545,0.5066500581996964
1777988572,496361783,base,0.15094470977783203,0.19903765618801117,0.6124722361564636,-0.5417215766815295,-0.5247074062475173,-0.4182129505170994,0.5062783891906543
1777988572,517374508,base,0.15143050253391266,0.1994820386171341,0.6116626858711243,-0.5412871828976171,-0.5247734539238684,-0.41928862594698446,0.5057845852034528
1777988572,539362558,base,0.15189841389656067,0.1999368518590927,0.6108478307723999,-0.5407893332633233,-0.5249122824292929,-0.4204447256348469,0.5052130456627653
1777988572,566401918,base,0.1524273008108139,0.2003440260887146,0.6100903749465942,-0.5401068270290609,-0.5251270130249618,-0.42186161374634285,0.5045383946151236
1777988572,626368986,base,0.1531846970319748,0.20052805542945862,0.6094521880149841,-0.5387297441121519,-0.5258349603958645,-0.42371679840208176,0.5037181090872023
1777988572,743396457,base,0.1540997475385666,0.20026975870132446,0.6091403365135193,-0.5379970115949942,-0.525950461061577,-0.4240769182433103,0.5040774562810919
1777988572,837409273,base,0.155014768242836,0.20003265142440796,0.6087952852249146,-0.5349219214755057,-0.5284894926097218,-0.42670603368998616,0.5024732333113228
1777988572,905362209,base,0.15595635771751404,0.19982431828975677,0.6085054278373718,0.5259986192727047,0.5367794159095981,0.43508356811921656,-0.4958786275571223
1777988572,951371411,base,0.15683779120445251,0.19968286156654358,0.6079944968223572,0.5175233822923052,0.544591527321002,0.44270173520589073,-0.48949441883258343
1777988572,981398317,base,0.15767832100391388,0.19958187639713287,0.6074175834655762,0.5123917400590792,0.5491461886951762,0.4471960956144915,-0.4857044678813826
1777988573,5358214,base,0.15845419466495514,0.19953472912311554,0.606779158115387,0.5088384265105245,0.5522608763472664,0.4502121808489522,-0.48311526564089274
1777988573,26358576,base,0.15919823944568634,0.19951683282852173,0.606109619140625,0.5062703089321173,0.5544764921634879,0.45230597934866223,-0.48131641681544773
1777988573,46395448,base,0.15994895994663239,0.19951312243938446,0.6053909063339233,0.5043908667693328,0.556048678314411,0.4537581816115214,-0.4801075003869765
1777988573,65357734,base,0.1607063114643097,0.19951042532920837,0.6046550869941711,0.5030783217611211,0.5570721342430022,0.454728669924287,-0.47937947212769416
1777988573,83401875,base,0.1614655703306198,0.19950120151042938,0.6039454340934753,0.5022089407858525,0.5576460458399608,0.45538192847632997,-0.4790034843673251
1777988573,101366860,base,0.16221804916858673,0.19949708878993988,0.6032590866088867,0.5014795044150716,0.5580417433140541,0.45599939459151184,-0.47871938292235816
1777988573,119396120,base,0.16298238933086395,0.19948825240135193,0.6025993824005127,0.5008929884857557,0.5582346595628687,0.4565687970235787,-0.4785657509190759
1777988573,137361856,base,0.16380281746387482,0.19946351647377014,0.6019905805587769,0.5004348561114106,0.5581674699894891,0.45716078331391113,-0.47855828884120416
1777988573,154394870,base,0.16467945277690887,0.19940930604934692,0.6014994978904724,0.5000873062364249,0.5578301410596945,0.45786664618798883,-0.478640102916337
1777988573,172357283,base,0.16566212475299835,0.19933593273162842,0.601121187210083,0.49968257289780105,0.5572987213237872,0.45896343885210195,-0.4786313924128397
1777988573,189360196,base,0.16669099032878876,0.19923576712608337,0.600888729095459,0.49922711536626896,0.5566427966962245,0.4603571381825238,-0.4785314729601213
1777988573,206362783,base,0.16770775616168976,0.19913430511951447,0.600713312625885,0.49870262180769037,0.5560163485712744,0.4618763390243295,-0.478342720043854
1777988573,223399192,base,0.16874895989894867,0.1990348845720291,0.6005666851997375,0.4981193124113842,0.5554069836126114,0.46353045709454516,-0.47805831633365053
1777988573,239369947,base,0.16976603865623474,0.1989295780658722,0.6004845499992371,0.49747987012766387,0.5548573933921805,0.46530221852756853,-0.47764093767829824
1777988573,254399819,base,0.17076095938682556,0.19882924854755402,0.6004724502563477,0.49676689373603866,0.5543588710831436,0.4672667811910777,-0.4770436536593448
1777988573,269357004,base,0.17179042100906372,0.19872285425662994,0.600530207157135,0.49586732296113156,0.5539466862318182,0.46958737955229574,-0.47617891650088173
1777988573,284356711,base,0.17280803620815277,0.19862401485443115,0.6005930304527283,0.49482218968280184,0.5536875778733855,0.4720545726201224,-0.47512687910381085
1777988573,299401276,base,0.17381028831005096,0.19853733479976654,0.6006559133529663,0.49369588663202457,0.5535256144632414,0.4745994330914553,-0.47395055759567245
1777988573,314359850,base,0.17483972012996674,0.19845899939537048,0.6006878614425659,0.4924789388586902,0.5534413646951315,0.4772423412130602,-0.47265935154952254
1777988573,330396652,base,0.17590084671974182,0.19842593371868134,0.6006522178649902,0.49113826705643604,0.5534628576433817,0.4800648607891934,-0.4711685195974129
1777988573,347385823,base,0.176927849650383,0.1984427571296692,0.600497841835022,0.489673479926412,0.5537288232299686,0.48282735892958506,-0.4695551018750986
1777988573,365398105,base,0.17789553105831146,0.19852274656295776,0.6002148985862732,0.4880698456832226,0.5542736255589998,0.48551964787141716,-0.467802557792281
1777988573,384394783,base,0.17881670594215393,0.19866697490215302,0.5998127460479736,0.4865693282215841,0.5548578541374886,0.48799100469632806,-0.466098508291486
1777988573,403365161,base,0.17969723045825958,0.19884167611598969,0.5993595719337463,0.4852332220478711,0.5553909545722527,0.49022166419850516,-0.46451301480167834
1777988573,422389322,base,0.1805637925863266,0.19902631640434265,0.5988765954971313,0.48412131871362596,0.5557934152924919,0.4921769991854062,-0.4631220565844949
1777988573,442366575,base,0.1814141869544983,0.199229434132576,0.5983240008354187,0.48312044996162323,0.5562284968404262,0.4938368752456095,-0.46187616999533093
1777988573,462360914,base,0.18220163881778717,0.19944386184215546,0.5977350473403931,0.48219506863174116,0.556743711830824,0.49520932574413834,-0.4607516305953929
1777988573,483371481,base,0.18298017978668213,0.19966693222522736,0.5971315503120422,0.4813438740515143,0.5572698007101213,0.4964314187990455,-0.4596893137291251
1777988573,506381249,base,0.18382057547569275,0.1998629868030548,0.596560001373291,0.4804617925253019,0.5577826905700262,0.49773000061103245,-0.4585845133240008
1777988573,532361684,base,0.18472255766391754,0.19998961687088013,0.5961277484893799,0.47920932143763,0.5584878179167467,0.49949417634425114,-0.4571163389357848
1777988573,562391126,base,0.1857280135154724,0.19999253749847412,0.5959203243255615,0.4776018696481908,0.5592719459306513,0.50181505329471,-0.4552944144461363
1777988573,597389304,base,0.18672898411750793,0.19991829991340637,0.5958128571510315,0.4752411169780221,0.5606602378017892,0.5046821701972065,-0.4528817310684254
1777988573,640361698,base,0.187712162733078,0.19985555112361908,0.5955949425697327,0.4718653114848623,0.5629859198051747,0.5081142818676976,-0.4496774709758353
1777988573,686389946,base,0.18867139518260956,0.19983074069023132,0.595264732837677,0.4679497360244879,0.5658637556517162,0.5117353986740059,-0.446036019782304
1777988573,732361255,base,0.18955521285533905,0.1998414844274521,0.5947714447975159,0.464296180394506,0.5686791002443704,0.5147227756800514,-0.4428245419678346
1777988573,774388530,base,0.19044965505599976,0.19979919493198395,0.5943080186843872,0.46156158742101666,0.5706247542877964,0.5169893806077109,-0.4405340552766562
1777988573,816361233,base,0.1913737654685974,0.19970010221004486,0.5938827395439148,0.45956454965032406,0.5718453396990272,0.5187404621328282,-0.4389779601153657
1777988573,855366305,base,0.1923019140958786,0.19955500960350037,0.5934790372848511,0.45796718381483287,0.5726633016495615,0.5201886967336038,-0.4378658242517842
1777988573,893395274,base,0.19321325421333313,0.1994016021490097,0.5930749177932739,0.4562477608435681,0.5735730900910699,0.5217011783309552,-0.4366689050217267
1777988573,934361625,base,0.19411185383796692,0.19927451014518738,0.5926279425621033,0.4536925524593445,0.5751936974041321,0.5237753635418338,-0.43471212156521655
1777988573,973399998,base,0.1950477659702301,0.1991458684206009,0.5922492146492004,0.4512697633262359,0.5766381462218578,0.5259425733325551,-0.43269901374759906
1777988574,6387515,base,0.1960185170173645,0.19898588955402374,0.5919860005378723,0.44942581791453196,0.5774970236382637,0.5279223949195443,-0.43105863421152957
1777988574,34358440,base,0.19699104130268097,0.19880558550357819,0.5918052792549133,0.4481891937964152,0.5777957049322658,0.5296189294341547,-0.4298631792366001
1777988574,60399366,base,0.1979970633983612,0.19862468540668488,0.5916627049446106,0.44727286717707676,0.5777824456654741,0.5312436002657106,-0.4288293998784036
1777988574,84365758,base,0.19898828864097595,0.19844567775726318,0.5915749073028564,0.44646775972855796,0.5776775729387009,0.5328760484157454,-0.42778294952510715
1777988574,107356157,base,0.19998233020305634,0.19827090203762054,0.5914950370788574,0.4457357592665762,0.5775460819453809,0.534448774950314,-0.4267606494540756
1777988574,130356987,base,0.20099394023418427,0.19810909032821655,0.5914057493209839,0.44497330128229085,0.5774458031992581,0.5360757312060509,-0.4256499915221097
1777988574,153362842,base,0.20202061533927917,0.19797886908054352,0.5912616848945618,0.44402527105855916,0.5775592188467171,0.5377924095000006,-0.42431851895353045
1777988574,175395161,base,0.203013613820076,0.19788269698619843,0.591080367565155,0.4431013343236927,0.5777395028788838,0.5394104995560953,-0.4229829423379138
1777988574,196365688,base,0.2039981186389923,0.19782096147537231,0.5908396244049072,0.4422850234198496,0.5779119240679198,0.5408594905575698,-0.42174967074942
1777988574,217397929,base,0.2049950808286667,0.1977856606245041,0.5905718803405762,0.4414135479443708,0.5781740348228573,0.542347941816583,-0.4203897664960157
1777988574,238390207,base,0.20596717298030853,0.19778524339199066,0.5902605056762695,0.4404384550034458,0.5786037593170736,0.5438291656920408,-0.4189050902620788
1777988574,260394972,base,0.20688143372535706,0.19784967601299286,0.5898253321647644,0.43931449316263477,0.5793172903283414,0.5451588133696594,-0.41736807132903336
1777988574,282409735,base,0.20766769349575043,0.19799630343914032,0.5892089009284973,0.43805764576751466,0.5803927409669696,0.5461280338469374,-0.4159253887694169
1777988574,304391286,base,0.20836566388607025,0.19818997383117676,0.5885003805160522,0.43680894578228974,0.5816061492441599,0.5468261096880414,-0.4146244430924835
1777988574,325401403,base,0.20905664563179016,0.1983869969844818,0.5877810716629028,0.43586185416491086,0.5826005803342751,0.5472876074132116,-0.41361486076702114
1777988574,346360652,base,0.20972940325737,0.19860047101974487,0.5870643854141235,0.43499746814328366,0.5835590508146768,0.5476842916043906,-0.41264747884053227
1777988574,366369300,base,0.2104000598192215,0.19881746172904968,0.5863537192344666,0.43434055340997846,0.5843743083785294,0.5479453829469352,-0.41183827529064165
1777988574,387410492,base,0.2111055999994278,0.1990402489900589,0.5856142640113831,0.43380827058349103,0.585091908970374,0.5481350537596592,-0.4111274782597813
1777988574,407361882,base,0.2118089348077774,0.19925305247306824,0.5848987102508545,0.43337597653725546,0.5857113811173836,0.5482895295223068,-0.4104948523051326
1777988574,427361506,base,0.21256059408187866,0.19942185282707214,0.5842611193656921,0.43282185368980974,0.5863203927533485,0.548698664721593,-0.4096625209364821
1777988574,448375159,base,0.21342059969902039,0.19950421154499054,0.583746612071991,0.43217894527302886,0.5867910057775382,0.5494617471874803,-0.4086434145325259
1777988574,470361614,base,0.2143884301185608,0.19949379563331604,0.5833767652511597,0.43137306163363964,0.587153185706005,0.550683541025428,-0.4073279616838525
1777988574,491375617,base,0.21535959839820862,0.19939835369586945,0.5831575989723206,0.43034878604706917,0.5874929457320873,0.552280696195206,-0.40575602920539766
1777988574,511371463,base,0.21634837985038757,0.19926117360591888,0.5830100178718567,0.42919705499827915,0.5877906565407613,0.5541465896624104,-0.40399699092635966
1777988574,530406016,base,0.2173624038696289,0.19909639656543732,0.5828935503959656,0.4280925430333875,0.5879890671952714,0.5560700783417946,-0.40223337766767986
1777988574,548358479,base,0.21838107705116272,0.19891797006130219,0.5828002691268921,0.42704199050934877,0.5881262715677589,0.5579922172541597,-0.40048383580955493
1777988574,565393790,base,0.21939964592456818,0.19873125851154327,0.5827127695083618,0.42605419154796287,0.5882047153963893,0.5598898346419661,-0.39876858855073255
1777988574,582394918,base,0.22038882970809937,0.19857099652290344,0.5825802087783813,0.4251335172158643,0.5883133622222395,0.5616309931407516,-0.39713911967353044
1777988574,600359049,base,0.22140617668628693,0.1984206885099411,0.582400381565094,0.4241622593256628,0.5884846586344047,0.5633730505519942,-0.39545288920838356
1777988574,618359440,base,0.22239670157432556,0.19829615950584412,0.5821813941001892,0.4232526649283733,0.5886720596794454,0.5649874458175258,-0.3938420630512115
1777988574,636414719,base,0.22337600588798523,0.19819189608097076,0.5819221138954163,0.422532671618134,0.5887760306097839,0.5664032370896953,-0.3924235949912369
1777988574,654358593,base,0.22436706721782684,0.1980958729982376,0.5816311240196228,0.421925677203675,0.5888189736717443,0.5677129736764113,-0.39111750373681736
1777988574,672371717,base,0.2253652811050415,0.19800497591495514,0.5813455581665039,0.4213877399280943,0.5888129382999413,0.5689977135178114,-0.3898374973315106
1777988574,689384589,base,0.22633615136146545,0.19790486991405487,0.5810962319374084,0.4209859071748874,0.5886841923786256,0.5702022324119729,-0.38870448711311384
1777988574,707396540,base,0.22730807960033417,0.1978079378604889,0.5808500051498413,0.42057841758807507,0.5885613317939639,0.5714148057598337,-0.3875493245707799
1777988574,726381758,base,0.22827155888080597,0.1977233588695526,0.5805939435958862,0.4201217359176167,0.588498022162652,0.5726257598302944,-0.3863515485683229
1777988574,747362156,base,0.22922731935977936,0.1976718157529831,0.5802994966506958,0.419552824465645,0.5885653536736402,0.5738595596628798,-0.3850343482794758
1777988574,770361679,base,0.23018880188465118,0.19765502214431763,0.5799405574798584,0.4190157674230006,0.5886541381703407,0.5749935692855372,-0.3837896519616772
1777988574,794362041,base,0.23114901781082153,0.19766871631145477,0.5795868635177612,0.4184858250865545,0.5887438724464326,0.5761242067195055,-0.38253254134727765
1777988574,818393025,base,0.2321324199438095,0.1976797878742218,0.5793213844299316,0.41788806975195125,0.5888284145388424,0.5774245877796896,-0.3810924854239508
1777988574,843365848,base,0.2331123799085617,0.19771744310855865,0.5791235566139221,0.4171148740417076,0.5890141449250993,0.5789236336497385,-0.37937441373096203
1777988574,873363044,base,0.2340945303440094,0.19785922765731812,0.5788899064064026,0.41612308505804063,0.5894625158838503,0.5804760663638644,-0.3773897837037966
1777988574,909396272,base,0.2350587099790573,0.19811926782131195,0.5786755084991455,0.41466856496041143,0.5903863968596192,0.5821607423798772,-0.37494364692520216
1777988574,949357285,base,0.2359900027513504,0.19843542575836182,0.5784921646118164,0.41336371693104174,0.5913504535307639,0.5835422540459462,-0.37271098304565403
1777988574,993359471,base,0.23687832057476044,0.1988169401884079,0.5781610608100891,0.41312481544067803,0.5917405831125719,0.5839526107535061,-0.37171264908180984
1777988575,38364148,base,0.2378423660993576,0.19894927740097046,0.5779299139976501,0.4137305107577575,0.5913772283296707,0.5839487754904834,-0.3716232604091402
1777988575,82394132,base,0.23884572088718414,0.19876781105995178,0.5779505372047424,0.41425675133354595,0.5907514063006036,0.5842461497621158,-0.3715649867296599
1777988575,122392316,base,0.2398301362991333,0.19852904975414276,0.5780445337295532,0.4144721288877217,0.5902320751161787,0.5849217397394842,-0.3710869231061107
1777988575,157361712,base,0.2408054918050766,0.1983117163181305,0.5781202912330627,0.4140404564772415,0.5901196668131783,0.5861727898377461,-0.3697711905448455
1777988575,193393023,base,0.24181239306926727,0.19810891151428223,0.5780923366546631,0.4125857348769839,0.5907592276845005,0.5879703057868422,-0.36751523778455397
1777988575,227397740,base,0.2427973598241806,0.19790858030319214,0.5779838562011719,0.4101225145358517,0.5922138551720404,0.5900627044727965,-0.3645658654682074
1777988575,259375750,base,0.24376483261585236,0.1977282613515854,0.5777977705001831,0.4071660839310268,0.5941486291013918,0.5921049689392478,-0.3614068124539497
1777988575,286361507,base,0.24471800029277802,0.1975850760936737,0.5775254368782043,0.40450709430430154,0.595910513063782,0.5938665375385671,-0.35859057411922807
1777988575,309393540,base,0.2456875890493393,0.19742949306964874,0.5772010684013367,0.4025647119403522,0.5971481151508822,0.5951809572814376,-0.3565324741697839
1777988575,328369987,base,0.24661727249622345,0.19729648530483246,0.5768389105796814,0.4013905960118717,0.5978873786117863,0.5960028787081443,-0.35524192002833566
1777988575,346362154,base,0.2475558966398239,0.19717691838741302,0.576484739780426,0.4006800091276891,0.5983272935009643,0.5965365164442437,-0.35440676693497064
1777988575,364362332,base,0.2485504150390625,0.19706076383590698,0.5761557221412659,0.40021993763036523,0.5985910142802687,0.5969141666174037,-0.35384497360641487
1777988575,382362650,base,0.24956800043582916,0.19694358110427856,0.5758962035179138,0.39976311470255715,0.5988328608794047,0.5972952489468564,-0.3533086717415039
1777988575,399390892,base,0.2505488991737366,0.19683711230754852,0.5756829380989075,0.39934893222163714,0.5990305647971739,0.5976371441074098,-0.35286351385030573
1777988575,417362378,base,0.251562237739563,0.19674883782863617,0.5754919052124023,0.3989351500723258,0.5992124693005492,0.597949731277062,-0.3524929543976045
1777988575,436362907,base,0.2525927722454071,0.19667069613933563,0.5753451585769653,0.3985327945047308,0.5993718218781301,0.5982441522680194,-0.3521774384464863
1777988575,456387165,base,0.2535935938358307,0.19665110111236572,0.5752238035202026,0.3980068464179777,0.5996335417695462,0.598542397496618,-0.35181974304584046
1777988575,478393145,base,0.25461438298225403,0.19670340418815613,0.5750975012779236,0.3971798910520447,0.6001059552543023,0.5989255710868944,-0.35129634742714727
1777988575,500361107,base,0.25560271739959717,0.19681212306022644,0.5749228596687317,0.39631898013789085,0.6006105410180662,0.5992517999633533,-0.35084968553547313
1777988575,522409839,base,0.2565530836582184,0.19698934257030487,0.5746590495109558,0.39551960547972065,0.6011098328985504,0.5994520965370923,-0.35055440916481717
1777988575,546368647,base,0.25747865438461304,0.1972547173500061,0.5743395090103149,0.3945837470364158,0.6017102549281873,0.5996152435869295,-0.3502998486783281
1777988575,571381508,base,0.2583828866481781,0.1975812315940857,0.5739975571632385,0.39344393178279535,0.6024196605372056,0.5998133348638653,-0.35002338466078026
1777988575,596360738,base,0.25928691029548645,0.1979013830423355,0.5736781358718872,0.39225483334292527,0.6031088384009562,0.6000439688237676,-0.3497757794228654
1777988575,621376767,base,0.26021048426628113,0.1982060670852661,0.5734062194824219,0.3911930474629585,0.6036609417611617,0.6002281719615218,-0.3496964709596499
1777988575,646361237,base,0.26121944189071655,0.19838756322860718,0.5733204483985901,0.3901295377822765,0.6040768455958189,0.6005698592664962,-0.34957965399279134
1777988575,670361253,base,0.2622564733028412,0.1983988881111145,0.5734519362449646,0.3889229494521448,0.6044162839709285,0.6011808526599636,-0.3492870949781977
1777988575,691356824,base,0.2632639706134796,0.19828647375106812,0.5736588835716248,0.38783331971148366,0.6045994097316879,0.6018639843445885,-0.34900516360009504
1777988575,710380856,base,0.2642535865306854,0.19812192022800446,0.5738874077796936,0.38686390614903265,0.6046870653941936,0.6025542048283477,-0.34873814813881604
1777988575,728359062,base,0.2652278542518616,0.19794809818267822,0.5741007328033447,0.3859329107003323,0.6047490903626556,0.6032391027304161,-0.3484780049152864
1777988575,747367823,base,0.2662271559238434,0.19777683913707733,0.5743461847305298,0.3848077560325956,0.6049072761688046,0.6040243347906797,-0.3480873048779055
1777988575,766363833,base,0.2671952545642853,0.19764485955238342,0.5745611190795898,0.38371700660036906,0.6050617622917573,0.6047348467938507,-0.3477891333724013
1777988575,786396708,base,0.268180251121521,0.19754908978939056,0.5747358798980713,0.382627127507411,0.6051978020270918,0.6053943853702102,-0.34760570643654054
1777988575,808371296,base,0.2691977620124817,0.1975010484457016,0.5748782157897949,0.38141519445277194,0.6053676314355763,0.6060528575674122,-0.3474944732487403
1777988575,831360501,base,0.2701933979988098,0.19750027358531952,0.5749946236610413,0.3800667895561714,0.6056126542701601,0.6067287363271379,-0.3473654581895487
1777988575,857358878,base,0.27120089530944824,0.19758163392543793,0.575122058391571,0.37856967819780885,0.605923463089366,0.607390860244125,-0.34730111175218864
1777988575,885357430,base,0.2722168266773224,0.19777821004390717,0.575165867805481,0.3772153174332125,0.6061676733009677,0.6078341742986753,-0.3475729697053413
1777988575,912385685,base,0.27319514751434326,0.19802235066890717,0.5751670598983765,0.3762152903224129,0.6062146391583774,0.6080238193894943,-0.34824256250905655
1777988575,941390953,base,0.27417823672294617,0.19829536974430084,0.5752346515655518,0.37524620198762393,0.6061777708883732,0.6081588336066329,-0.3491154756263327
1777988575,972358015,base,0.27516528964042664,0.19850943982601166,0.5754027366638184,0.374335707814043,0.6059609360248128,0.608312370915898,-0.3502001772353765
1777988576,4356326,base,0.27615857124328613,0.1985950917005539,0.5755918025970459,0.3736213893482086,0.6054780261927662,0.6084772716378986,-0.35150934698291214
1777988576,38391813,base,0.27716711163520813,0.19858355820178986,0.5757370591163635,0.3729642285223188,0.604867480001117,0.6087005467511174,-0.3528691719026757
1777988576,76363760,base,0.2781829833984375,0.1985260546207428,0.5758086442947388,0.37214518366989857,0.6043770886506915,0.6090780726477402,-0.35392114950261666
1777988576,116385621,base,0.279157429933548,0.19848646223545074,0.5755321383476257,0.371054655226885,0.6042613741928226,0.6096094558077906,-0.35434860603595053
1777988576,156358774,base,0.27999934554100037,0.19850429892539978,0.5749792456626892,0.3691741017600135,0.6048589787102517,0.6105570674159583,-0.3536610743286537
1777988576,200362000,base,0.2807964086532593,0.1985022872686386,0.5743708610534668,0.3667100018980429,0.6059009522778211,0.611887112443557,-0.3521391164239667
1777988576,241380413,base,0.281558096408844,0.1984349638223648,0.5737232565879822,0.36464089677503536,0.6068323199200215,0.6130890919162771,-0.35058995733561443
1777988576,277360656,base,0.28223302960395813,0.19839176535606384,0.572976291179657,0.36345008617747054,0.607390377510727,0.6137728275629354,-0.3496624892854796
1777988576,312397606,base,0.28292781114578247,0.19834190607070923,0.5722425580024719,0.36293043431132344,0.6076001796641683,0.6140950769436144,-0.3492717183202432
1777988576,351399697,base,0.2836705148220062,0.19828902184963226,0.5715698599815369,0.3629403478690345,0.6075213935045063,0.6141365871488081,-0.3493255088521693
1777988576,398366234,base,0.28438958525657654,0.19829294085502625,0.5708543062210083,0.36345345090197256,0.6071965152382628,0.6138290780248441,-0.34989690149405284
1777988576,463365112,base,0.28522250056266785,0.19827312231063843,0.5703006386756897,0.3640560387250042,0.6066920687034061,0.6135006403940141,-0.3507205422337674
1777988576,552366153,base,0.2862187623977661,0.1982363611459732,0.5701668858528137,0.3642448829781314,0.6065261413427415,0.6135195074309769,-0.3507784163437451
1777988576,617357919,base,0.28718921542167664,0.19814489781856537,0.5699121952056885,0.3644860010038521,0.6065854156005748,0.6136122924779069,-0.3502628174959657
1777988576,659360187,base,0.2881945073604584,0.19799134135246277,0.5698021054267883,0.36459720761920544,0.6067104593665748,0.6138712799890584,-0.3494757708671396
1777988576,690357059,base,0.28918856382369995,0.19789592921733856,0.5696483850479126,0.36455821975879216,0.6070385975956692,0.6141648154389832,-0.34842938892983927
1777988576,716357661,base,0.29017943143844604,0.19783499836921692,0.5694565773010254,0.3644962554710954,0.6074312182001412,0.6144345456444016,-0.3473326627707204
1777988576,740365996,base,0.29118025302886963,0.197798490524292,0.5692236423492432,0.3644291209711459,0.607861317269974,0.614677438337409,-0.3462191122622974
1777988576,763362992,base,0.2921742796897888,0.19780980050563812,0.5689212083816528,0.3643332940694677,0.6083623594306997,0.6148807096649842,-0.3450770656353591
1777988576,784386513,base,0.29311585426330566,0.19784674048423767,0.5685731172561646,0.3641900635442033,0.6088972359400613,0.6150684588991432,-0.3439484479381514
1777988576,805356818,base,0.29407623410224915,0.19790223240852356,0.5682041645050049,0.3640739172440573,0.6094565913255121,0.615224064066936,-0.3428005199440945
1777988576,825390847,base,0.2950473725795746,0.197914257645607,0.5678909420967102,0.3640536349151382,0.6099101087550193,0.6153693017144398,-0.34175313013700237
1777988576,844367604,base,0.29602012038230896,0.1978851705789566,0.5676109194755554,0.36416251981133885,0.610241690235326,0.6154782511987841,-0.3408478351781978
1777988576,863394320,base,0.2970007658004761,0.19783855974674225,0.5673456192016602,0.3642402830285734,0.6105673528245212,0.6156211405568969,-0.33992224032083534
1777988576,882356212,base,0.29798197746276855,0.19779182970523834,0.5670706629753113,0.3642612334985997,0.6109282788194732,0.6157911419122348,-0.3389419705263261
1777988576,901356305,base,0.2989721894264221,0.19775144755840302,0.5667786598205566,0.3642622261264332,0.6113113935646931,0.6159635213748963,-0.3379354209051457
1777988576,920357394,base,0.2999527156352997,0.19772163033485413,0.5664820075035095,0.3642757405169077,0.6117026656863933,0.6161143626619124,-0.3369363455318716
1777988576,939401197,base,0.30090758204460144,0.19771024584770203,0.5661579370498657,0.3643032372394101,0.6121002575316,0.6162315288132089,-0.3359689165557205
1777988576,958361385,base,0.3018551170825958,0.19768069684505463,0.5658353567123413,0.3644138534801718,0.6124227179483361,0.6163157590801049,-0.3351057197865556
1777988576,978394685,base,0.3028506636619568,0.19763845205307007,0.5654988884925842,0.36463600783263794,0.6126777974416235,0.6163512159420563,-0.33433164397290394
1777988576,998358460,base,0.30382081866264343,0.19759412109851837,0.565179705619812,0.3649252441844508,0.6128687577142631,0.6163473106835652,-0.33367264811195974
1777988577,18358102,base,0.30481332540512085,0.1975497305393219,0.5648496150970459,0.36522499529726077,0.613060131305493,0.6163371345319911,-0.33301127952503556
1777988577,38391542,base,0.3058059811592102,0.19749802350997925,0.5645476579666138,0.3654536579379487,0.6132788010661624,0.6163733244969429,-0.3322899728524451
1777988577,58383968,base,0.3067982792854309,0.19745363295078278,0.5642706155776978,0.36563678120740417,0.6135284616116174,0.6164284577617831,-0.3315245344671902
1777988577,78382485,base,0.3077888786792755,0.19740092754364014,0.5640142560005188,0.365713754087869,0.6138105123203135,0.6165464458173574,-0.3306970998293885
1777988577,98359050,base,0.3087676465511322,0.1973639279603958,0.5637800693511963,0.3656110807154413,0.6141862716131093,0.6167469848081256,-0.3297376327328243
1777988577,118358008,base,0.30975133180618286,0.19733397662639618,0.5635585784912109,0.3653663154399056,0.6146273477601151,0.6170128521654203,-0.3286880024948141
1777988577,138358687,base,0.31076738238334656,0.19731634855270386,0.5633345246315002,0.36497573608313544,0.615164520869219,0.617346700449719,-0.32748797595656154
1777988577,157358876,base,0.3117797374725342,0.19728228449821472,0.5631459951400757,0.36439522916056766,0.6157713583386515,0.6177974117528484,-0.3261412504167933
1777988577,175374780,base,0.3127789795398712,0.19723393023014069,0.5629992485046387,0.3637474124301924,0.6163741375236317,0.6182948463029296,-0.32478027395424364
1777988577,193357864,base,0.3138231337070465,0.1971634328365326,0.5628694295883179,0.36309666372891,0.6169405964880861,0.6188166275269876,-0.3234363416793709
1777988577,210357722,base,0.3148288428783417,0.1971011906862259,0.562765896320343,0.36248458494419394,0.6174651518279858,0.6193048394027799,-0.32218505318428586
1777988577,227358234,base,0.3158537447452545,0.19703294336795807,0.5626848936080933,0.36191670219829225,0.6179342558540926,0.6197868067820665,-0.32099513552245595
1777988577,244390674,base,0.3168899118900299,0.19698792695999146,0.5626097917556763,0.3614173810691703,0.6183694588006734,0.6202183092825654,-0.31988428278720366
1777988577,261368872,base,0.31793472170829773,0.19696013629436493,0.5625591278076172,0.3610232770495141,0.618723922355662,0.620577336220699,-0.3189461892364723
1777988577,277413195,base,0.3189457356929779,0.1969471275806427,0.5624957084655762,0.3608584456766707,0.6189288923149191,0.6207897267655808,-0.3183211163590011
1777988577,293366067,base,0.3199436664581299,0.19695961475372314,0.5624290704727173,0.36083407153107155,0.6190326971962814,0.6208998411906101,-0.31793185893254644
1777988577,309357947,base,0.32096728682518005,0.1969851702451706,0.5623458027839661,0.3609042904511306,0.6190586221052382,0.6209541871006897,-0.3176954723801654
1777988577,325359025,base,0.32200339436531067,0.19699494540691376,0.5622943639755249,0.36103603450800625,0.6190107895309832,0.621006623265993,-0.31753641711194175
1777988577,341374966,base,0.323043555021286,0.19700974225997925,0.5622875094413757,0.3611766973263748,0.6189196328115658,0.6210705202484925,-0.31742914901249547
1777988577,357388490,base,0.32407817244529724,0.19703632593154907,0.5623000860214233,0.36131705579090473,0.6188060457999183,0.6211280059814406,-0.3173784147444914
1777988577,373396082,base,0.3250882029533386,0.19707468152046204,0.562332034111023,0.36141408553861254,0.6186958111129401,0.6211911547204096,-0.3173592453226316
1777988577,389388906,base,0.32610100507736206,0.197109654545784,0.5624005198478699,0.36146479309461926,0.6185764197730631,0.6212879730438111,-0.31734468985357656
1777988577,405394984,base,0.3271245062351227,0.19710387289524078,0.5625360012054443,0.361416382007613,0.6184523643969874,0.6214842535878368,-0.3172572843828367
1777988577,421361562,base,0.328134149312973,0.19707909226417542,0.5627251267433167,0.36124437892780986,0.6183412617129518,0.6217657197638916,-0.31711821319158945
1777988577,438361061,base,0.32916533946990967,0.1970479041337967,0.5629354119300842,0.36094541155469345,0.6182552694737815,0.6221195632625348,-0.3169322811764597
1777988577,456361157,base,0.33017799258232117,0.19705036282539368,0.5631405115127563,0.36049201535955316,0.6182300512080259,0.622505399637952,-0.31673987018320465
1777988577,475361354,base,0.3311663269996643,0.19707337021827698,0.5633618831634521,0.3598533190921784,0.6182645950275374,0.6229675214033926,-0.31648997096834364
1777988577,495395868,base,0.33215200901031494,0.19709458947181702,0.5635938048362732,0.3590189470522812,0.6183608663544579,0.6235349826170247,-0.3161318172413964
1777988577,516357459,base,0.3331741392612457,0.19708409905433655,0.5637884140014648,0.3578707249406205,0.6185848810766368,0.6242883736224075,-0.31550799102178384
1777988577,538397217,base,0.33419233560562134,0.19708845019340515,0.5638764500617981,0.3565366170955049,0.6188906094797018,0.6251098260646902,-0.31479160227027003
1777988577,561361696,base,0.33519288897514343,0.19712889194488525,0.5637929439544678,0.3551100467522431,0.6192399243140625,0.6259213503562537,-0.3141038439431577
1777988577,586362019,base,0.3361852169036865,0.1971810758113861,0.5636606812477112,0.35350217648038146,0.61962082219586,0.6268096767891951,-0.31339408147290465
1777988577,612362217,base,0.3372194766998291,0.19715622067451477,0.5635678172111511,0.3518990170984612,0.619875747942072,0.6277772127280917,-0.31275693158987977
1777988577,638391821,base,0.33825406432151794,0.1970839500427246,0.5634914636611938,0.3506580471191862,0.6198753957685326,0.6286095578719127,-0.3124795550073775
1777988577,664361975,base,0.3392843008041382,0.19701150059700012,0.563408374786377,0.3498585340892157,0.6196402577077297,0.6292202196164443,-0.3126129277864206
1777988577,690436976,base,0.3402879536151886,0.19696186482906342,0.5633444786071777,0.3495473233753707,0.6191337202311543,0.6295671847682854,-0.31326549666278214
1777988577,719362021,base,0.34128907322883606,0.19698695838451385,0.5632873773574829,0.34946489996531765,0.6184731005218707,0.6297386309370204,-0.3143159917270159
1777988577,751393243,base,0.34228768944740295,0.1970807909965515,0.5631883144378662,0.34943156429949734,0.6177740449246113,0.6298236039153032,-0.3155551220396477
1777988577,786390677,base,0.34327489137649536,0.19722212851047516,0.563029408454895,0.34924179120087734,0.6171749916091379,0.6299404865482368,-0.3167020140986731
1777988577,825364630,base,0.3442796766757965,0.19730408489704132,0.5629192590713501,0.34885355243547905,0.6166894831604117,0.6302214960421988,-0.31751556648849844
1777988577,866357705,base,0.3452819585800171,0.19725365936756134,0.5629422664642334,0.34817926634397584,0.6163864319337813,0.6307811016335093,-0.3177328212756107
1777988577,910383838,base,0.3462871313095093,0.19714650511741638,0.5630776882171631,0.3472224896790322,0.616227921846621,0.6315521906852903,-0.3175555460742289
1777988577,954359584,base,0.3472701907157898,0.19704695045948029,0.5632861852645874,0.3464035586684604,0.6160099510500884,0.6322553690364718,-0.31747359539073844
1777988577,999362015,base,0.348259836435318,0.19703491032123566,0.563439667224884,0.3456508615262239,0.6157870667815106,0.6328457889164163,-0.31754990284966217
1777988578,43362949,base,0.3492550253868103,0.1970120072364807,0.5635987520217896,0.34498905128146956,0.61552020852081,0.6334037435115579,-0.3176745265892458
1777988578,86361521,base,0.35023626685142517,0.19695015251636505,0.5638273358345032,0.3444011962456878,0.6152329113968981,0.6339634067197746,-0.3177525699636903
1777988578,125360735,base,0.35121628642082214,0.19685736298561096,0.5640456080436707,0.34418223461955216,0.6148600079718269,0.6343545364741653,-0.3179309142793657
1777988578,162399908,base,0.3522229790687561,0.19684608280658722,0.5640451908111572,0.34408416586918844,0.6146111067559608,0.6345878430057278,-0.3180527404079316
1777988578,198395459,base,0.35321810841560364,0.1969265192747116,0.5638812184333801,0.34401294498923485,0.6144702993846357,0.6347090341944482,-0.3181599633802261
1777988578,234358151,base,0.3541906774044037,0.19701135158538818,0.5636304020881653,0.3438786927852315,0.6144089665373422,0.6348446184304251,-0.31815305008461575
1777988578,273364181,base,0.35515573620796204,0.1970607042312622,0.5633026957511902,0.34380763219836963,0.6143347174006211,0.6349647642423366,-0.3181334831292039
1777988578,314382640,base,0.3561435639858246,0.196994349360466,0.5630459189414978,0.34395934682662926,0.6140925357610784,0.6350798252899834,-0.31820739947397697
1777988578,356364209,base,0.3571048974990845,0.19691140949726105,0.5627817511558533,0.3443015769950836,0.6137707804702687,0.6351017009104679,-0.3184143336340768
1777988578,405358621,base,0.35807204246520996,0.19691802561283112,0.5625231266021729,0.34476959945990004,0.6134383392605388,0.6349880413884472,-0.31877502200400404
1777988578,454393673,base,0.35904935002326965,0.19694079458713531,0.5623050332069397,0.3452205140649328,0.6131491769994442,0.6348758886009954,-0.31906656518915805
1777988578,494389811,base,0.3599807620048523,0.19693350791931152,0.561937689781189,0.34578497378070555,0.612927560714185,0.6346972270941676,-0.31923655403244233
1777988578,530391004,base,0.3609069883823395,0.19689366221427917,0.5615231990814209,0.3464033346260193,0.6127738158440758,0.6345049379649109,-0.3192435545497848
1777988578,565401805,base,0.3618604242801666,0.19681508839130402,0.561190664768219,0.34692969961867554,0.6127102317880571,0.6344045560289657,-0.3189933880960299
1777988578,598360066,base,0.36283305287361145,0.1967305690050125,0.5609422922134399,0.34730481161734295,0.6127781345105665,0.634398795192344,-0.3184658182259659
1777988578,629400642,base,0.3638441562652588,0.19662614166736603,0.560775876045227,0.3475367025393201,0.6129507036877728,0.6344975221673328,-0.3176830789893799
1777988578,658358098,base,0.3648366332054138,0.1965298056602478,0.5606696009635925,0.34757663406229505,0.6132396719674093,0.6346922213037702,-0.3166912490161197
1777988578,686358192,base,0.3658469319343567,0.1964513510465622,0.5606550574302673,0.34750429991318327,0.6135784426460791,0.6349445634584359,-0.31560680359319804
1777988578,713388217,base,0.366863489151001,0.19642922282218933,0.5607112646102905,0.3473715582827248,0.6139596273638206,0.6351925740040165,-0.31451068060130755
1777988578,739396007,base,0.36788761615753174,0.1964665800333023,0.5607905983924866,0.3473175068033681,0.6143285396102206,0.6353561167402774,-0.3135181079772965
1777988578,764362740,base,0.36891695857048035,0.1965160220861435,0.5608454942703247,0.34740818698064885,0.6146159821784862,0.6354312513568695,-0.3127008669851666
1777988578,789367947,base,0.3699548542499542,0.19658514857292175,0.5608553290367126,0.3475651425255854,0.6148642796860653,0.635453906900454,-0.3119915121652162
1777988578,813394958,base,0.37098413705825806,0.19661524891853333,0.5608382821083069,0.3477418612667381,0.6150615495685327,0.6354927794558395,-0.3113259039054443
1777988578,836406137,base,0.3720162510871887,0.19660145044326782,0.5607945919036865,0.34798061374965744,0.6151994745731173,0.6355313860176895,-0.31070715884745337
1777988578,858358251,base,0.373055100440979,0.19654692709445953,0.560735821723938,0.3482592628669183,0.6153086962632237,0.6355805162396259,-0.31007757400251884
1777988578,879396085,base,0.37409088015556335,0.19645634293556213,0.5606808066368103,0.34854458492036655,0.6153913435869635,0.6356529367215115,-0.3094438323040231
1777988578,899371091,base,0.3751135766506195,0.19636641442775726,0.560600996017456,0.34877082500427375,0.6155006265632806,0.6357489580274212,-0.3087736183641494
1777988578,919368936,base,0.3761412799358368,0.19628632068634033,0.5605151057243347,0.34894727766374006,0.6156382003400334,0.6358615932309906,-0.30806726085174685
1777988578,939363064,base,0.37716948986053467,0.19622454047203064,0.5604205131530762,0.34904067798845273,0.6158142149561847,0.6360016510704563,-0.3073196011434626
1777988578,959361495,base,0.3781898617744446,0.1962064504623413,0.5602956414222717,0.34905479289444075,0.6160441423221107,0.6361420503458138,-0.3065511867755563
1777988578,979398766,base,0.3791968524456024,0.19621112942695618,0.5601950883865356,0.3489915754187432,0.6162961325975196,0.6363065937823503,-0.30577426338091773
1777988578,999359811,base,0.3802148401737213,0.1962376832962036,0.5601291656494141,0.34890601091782525,0.6165487157212796,0.6364744268800469,-0.3050123795894939
1777988579,20363262,base,0.3812524378299713,0.19630637764930725,0.5600971579551697,0.34876982422572744,0.6168133837295448,0.6366462217348068,-0.30427362846497125
1777988579,42382719,base,0.3822762668132782,0.19641539454460144,0.5601040124893188,0.34861238180438736,0.6170563703928935,0.6368058570527116,-0.30362663335379286
1777988579,64359248,base,0.38327574729919434,0.1964869499206543,0.5601961612701416,0.3484413401556868,0.6171962564708293,0.637018775078474,-0.30309157460505554
1777988579,87369320,base,0.38428881764411926,0.1965087652206421,0.5603881478309631,0.3482357765834863,0.6172228049050666,0.6373170302803602,-0.3026463932682801
1777988579,111390570,base,0.3852918744087219,0.19648678600788116,0.5606520771980286,0.3480826311700031,0.617105267569087,0.6376419995303051,-0.30237761086296233
1777988579,136357904,base,0.38627690076828003,0.19645214080810547,0.5609546303749084,0.3480638643888028,0.6168350934087817,0.6379226157882218,-0.3023585803494687
1777988579,163370167,base,0.387262225151062,0.19644968211650848,0.5612609386444092,0.34812682277465534,0.6164438819057024,0.6381525198654151,-0.30259875230720734
1777988579,191365391,base,0.38822293281555176,0.19647279381752014,0.5615718960762024,0.34819081736961643,0.6159815327246939,0.6383695226684012,-0.30300862818225605
1777988579,221359106,base,0.3891993761062622,0.1964884102344513,0.561881959438324,0.34821664656812623,0.6154584257657734,0.6386244220016424,-0.3035044498624063
1777988579,254389276,base,0.3901686370372772,0.1965271234512329,0.5621654391288757,0.34815088361644514,0.6149226860072472,0.6389113451956817,-0.3040614331354481
1777988579,291389053,base,0.3911454677581787,0.19659991562366486,0.562399685382843,0.3479894796903023,0.614445599754263,0.6392173454637384,-0.3045670406889998
1777988579,329362177,base,0.3921329081058502,0.19659759104251862,0.5626268982887268,0.34778122717943627,0.6140208685708131,0.6395982041908844,-0.30486179310305406
1777988579,365369331,base,0.3930984437465668,0.1964881271123886,0.5628945827484131,0.3474580853208292,0.6136736816220952,0.6401114556116224,-0.30485207966416167
1777988579,401385672,base,0.3940628468990326,0.19638307392597198,0.5631488561630249,0.34700362866845336,0.6134514986007447,0.6406785060181784,-0.3046256620029436
1777988579,435370787,base,0.3950364589691162,0.1963135153055191,0.5633946061134338,0.3465956004028844,0.6132731675939492,0.6411933360485728,-0.30436591093696164
1777988579,467384468,base,0.39603638648986816,0.19625046849250793,0.56364506483078,0.3461015076468331,0.6131909276429963,0.6417459839949736,-0.303928796684243
1777988579,496357127,base,0.39704179763793945,0.19618035852909088,0.5638889670372009,0.3455270939665568,0.6131991481358502,0.6423382882191887,-0.3033139194681428
1777988579,523402746,base,0.39804312586784363,0.19613470137119293,0.5640367865562439,0.34483340227674575,0.6133462320516738,0.6429514349506956,-0.3025058221929475
1777988579,549361350,base,0.39905694127082825,0.19611823558807373,0.5641039609909058,0.3442294759536034,0.6135194744025176,0.6434823702496436,-0.30171237040007315
1777988579,574360834,base,0.40008416771888733,0.19612623751163483,0.564132571220398,0.34376962593311194,0.6136839577146748,0.6439139265433277,-0.3009805647065671
1777988579,599368596,base,0.4011209309101105,0.1961669921875,0.5641191005706787,0.34350159572758077,0.6137864271433487,0.6442205033994337,-0.3004210370532153
1777988579,623359899,base,0.4021275043487549,0.1962035745382309,0.5640779733657837,0.3434564754595252,0.6137761205568526,0.6444087679761037,-0.30008971332794065
1777988579,647391601,base,0.4031490087509155,0.1962057650089264,0.5640093088150024,0.3436053631188461,0.6136523984839299,0.6445250198395489,-0.29992263007537
1777988579,672358268,base,0.4041704535484314,0.19619636237621307,0.5639176964759827,0.3438467316022572,0.6134496910631835,0.6446051495625321,-0.29988844197692793
1777988579,699366118,base,0.405205637216568,0.19620876014232635,0.5638705492019653,0.34409175909568906,0.6131750745893398,0.6446872540445501,-0.29999253797494346
1777988579,727357699,base,0.40622350573539734,0.19622088968753815,0.5639517307281494,0.3442558611973028,0.6128491809635179,0.6448389413462297,-0.30014413206692175
1777988579,756359449,base,0.4072333872318268,0.19622808694839478,0.5641566514968872,0.344311138262267,0.6125129602676097,0.6450727265403388,-0.3002646407703099
1777988579,785356343,base,0.40820151567459106,0.19623200595378876,0.5644581317901611,0.34424053880010436,0.6121993040607735,0.6453848969216076,-0.30031446665012773
1777988579,815360663,base,0.40916478633880615,0.19619622826576233,0.5647997260093689,0.3440156764701604,0.6119386824080227,0.6458080835230965,-0.30019358105455135
1777988579,845381556,base,0.4101100564002991,0.1961526870727539,0.5651679635047913,0.3436203174364576,0.611770511261386,0.6463210619555285,-0.2998849396797153
1777988579,875359079,base,0.41107138991355896,0.19612762331962585,0.5654698610305786,0.3430362711612464,0.6117434246233246,0.6469037627480586,-0.29935197681005327
1777988579,905362696,base,0.41207247972488403,0.19610974192619324,0.5656436681747437,0.34245294186193714,0.6117625464939055,0.6474663017160056,-0.29876404209040014
1777988579,934387013,base,0.4130735695362091,0.19607003033161163,0.5657263994216919,0.34194717189677676,0.6117746824534872,0.6479880023810479,-0.2981868827588679
1777988579,963358509,base,0.41408440470695496,0.19603464007377625,0.5657778978347778,0.34151399044494934,0.611754588807394,0.6484693126601804,-0.29767780239014896
1777988579,991366841,base,0.4151018261909485,0.19600476324558258,0.5658189654350281,0.3411019214414361,0.6117530599220448,0.6489319596523894,-0.2971447265647884
1777988580,18415853,base,0.41610977053642273,0.19601136445999146,0.5658236145973206,0.3405942917692914,0.6118508387009944,0.6494045493497536,-0.2964924641256078
1777988580,45358896,base,0.41712602972984314,0.19605733454227448,0.5658308267593384,0.33981979747731517,0.6121087249343804,0.6499821859621506,-0.2955817499876977
1777988580,72363438,base,0.4181339144706726,0.1960967630147934,0.5658727884292603,0.33869697452413733,0.6125444411524136,0.6507364644482979,-0.2943054834010287
1777988580,99358467,base,0.41914504766464233,0.1961197704076767,0.5659605264663696,0.3373327053705394,0.6130931240719377,0.6516241256011724,-0.29276177888488764
1777988580,125356643,base,0.42016148567199707,0.19612781703472137,0.5660608410835266,0.3357857576025833,0.6137269379274475,0.6526074929224269,-0.2910165651018464
1777988580,150391609,base,0.42116406559944153,0.19612528383731842,0.5661492943763733,0.33400724429332496,0.614488460373958,0.6536825926134476,-0.2890366354750394
1777988580,178391656,base,0.42218315601348877,0.19614355266094208,0.5662067532539368,0.33166848141106686,0.6155833691523627,0.6547733564686172,-0.2869232930074884
1777988580,203359708,base,0.4231816232204437,0.19607865810394287,0.5662574768066406,0.32975020243555064,0.6164263623146143,0.6557860543911472,-0.28500524672428523
1777988580,227357800,base,0.42418867349624634,0.19597671926021576,0.5663319230079651,0.32819016102107346,0.6170478015313754,0.6567849355384722,-0.2831550065589992
1777988580,251362482,base,0.4251868724822998,0.1959177702665329,0.5663809180259705,0.3270677818740446,0.6174892613100544,0.6575653399021899,-0.28167625500360655
1777988580,277391060,base,0.4262111485004425,0.19597068428993225,0.5663897395133972,0.3264860935115851,0.6177241952721121,0.6580110479786544,-0.2807937378956245
1777988580,304387891,base,0.42721596360206604,0.1960896998643875,0.5663952231407166,0.3265758147289449,0.6176435200942411,0.6580837025391881,-0.28069654120345866
1777988580,334356486,base,0.42821836471557617,0.19622866809368134,0.566431999206543,0.3268628701970002,0.6174858826691377,0.6580290624352593,-0.2808373094712819
1777988580,366360861,base,0.4292406439781189,0.19626230001449585,0.566504180431366,0.32717227948404126,0.6173103937720114,0.6580543965533996,-0.28080342031015043
1777988580,398387813,base,0.4302328824996948,0.19619540870189667,0.56663578748703,0.32726868563550404,0.6172458040517522,0.65824961250511,-0.2803751833863581
1777988580,433384489,base,0.4312208592891693,0.1961296796798706,0.5667862892150879,0.3267605908430722,0.617511995803139,0.6587260818968762,-0.2792604224183292
1777988580,473356800,base,0.4322202205657959,0.19610802829265594,0.5669494867324829,0.3252492005229777,0.6183091932039325,0.6596342561014816,-0.2771088566628671
1777988580,516377659,base,0.43318885564804077,0.19607284665107727,0.5671963691711426,0.32267839740243326,0.6195604014918681,0.66104106710234,-0.27394941884377233
1777988580,558367608,base,0.43415722250938416,0.19600586593151093,0.5675080418586731,0.3198946377544881,0.6207936443249349,0.6625781787294983,-0.2706895491681958
1777988580,596359987,base,0.435153990983963,0.1958991438150406,0.5676769614219666,0.3183393922449592,0.6214102585842242,0.6635689991345006,-0.2686736052647871
1777988580,631367748,base,0.4361746907234192,0.19582362473011017,0.5677144527435303,0.31818882362294876,0.6213695192318819,0.6639069459147946,-0.268110743939852
1777988580,664367692,base,0.43719542026519775,0.19585366547107697,0.5677265524864197,0.3185879967408681,0.6210842886583656,0.6639391476001063,-0.2682178189935362
1777988580,695356543,base,0.43819713592529297,0.19592487812042236,0.5677793622016907,0.3189145577254482,0.6208230596765532,0.663986897021669,-0.2683162835074711
1777988580,725357693,base,0.43920519948005676,0.19596533477306366,0.5678743720054626,0.31911451798617835,0.6205965042122411,0.6641198743549788,-0.26827353020774763
1777988580,754392990,base,0.4402163028717041,0.19594351947307587,0.5680251121520996,0.3190757568279002,0.6204591544939241,0.6644048390400644,-0.2679315408828916
1777988580,782385283,base,0.4412095844745636,0.19587956368923187,0.5682075023651123,0.318643124917291,0.620514105238709,0.6648835117209113,-0.26713046453155964
1777988580,810372604,base,0.44220295548439026,0.19582384824752808,0.5684258937835693,0.3177463024886273,0.6208082468987955,0.6655567079448628,-0.26583575616680094
1777988580,839364585,base,0.44319605827331543,0.19580301642417908,0.568693220615387,0.3163594778132232,0.621333910991565,0.66643366146563,-0.2640587489767839
1777988580,868365466,base,0.44415518641471863,0.1958189755678177,0.5689828991889954,0.314775934820057,0.6219529342880533,0.6673606232668318,-0.2621458576032529
1777988580,898370229,base,0.4451576769351959,0.19585691392421722,0.5692362189292908,0.31319012658662787,0.6225897956125539,0.6682423012658048,-0.2602808467346404
1777988580,927384292,base,0.4461461901664734,0.19588609039783478,0.5694103837013245,0.31208096758014897,0.6230259410673351,0.6688570517766905,-0.2589871887102095
1777988580,956364771,base,0.4471653997898102,0.19589361548423767,0.5695376992225647,0.3114186326428862,0.6232254940581629,0.6692743202346234,-0.25822524179720563
1777988580,985357660,base,0.44817718863487244,0.19588413834571838,0.569629967212677,0.31119591592749424,0.6231699012765537,0.6695013373702472,-0.2580393777047898
1777988581,14377833,base,0.4491778612136841,0.19587616622447968,0.569677472114563,0.31126891712577653,0.6229568378770264,0.6695773511519643,-0.2582684399539077
1777988581,44386622,base,0.45018237829208374,0.19588014483451843,0.5697264075279236,0.311371756838399,0.622730239560323,0.6696146345293611,-0.2585940978303841
1777988581,74361566,base,0.451200008392334,0.19584855437278748,0.5698206424713135,0.3113987014980902,0.6225563719574803,0.6696931212796092,-0.2587769711751551
1777988581,105361605,base,0.4521951675415039,0.19582216441631317,0.5699306130409241,0.31128752016281724,0.6224872748446305,0.6697972851888866,-0.25880739021796684
1777988581,141362183,base,0.45319968461990356,0.195821613073349,0.5701099634170532,0.31081640191497084,0.6226087057095651,0.6699211110869743,-0.2587609697673985
1777988581,192361665,base,0.4541592597961426,0.19590306282043457,0.5704261064529419,0.30894929633412505,0.6235882459883922,0.6699239589002578,-0.25863081414251327
1777988581,251385868,base,0.45507901906967163,0.19582632184028625,0.5708262920379639,0.30519018400283515,0.6257055088979173,0.6701177756869238,-0.25747569701570416
1777988581,294402691,base,0.4560585916042328,0.19575776159763336,0.5710800886154175,0.3031515434018967,0.6268201601025656,0.6703786373717038,-0.256491906944672
1777988581,331357825,base,0.45707863569259644,0.19582699239253998,0.5711714029312134,0.302276067019445,0.6273345036668986,0.6703999328250525,-0.2562118684742271
1777988581,367374695,base,0.45807650685310364,0.19591352343559265,0.5712051391601562,0.30201505153934105,0.6274472973731103,0.670280225155737,-0.25655647664394227
1777988581,410386350,base,0.4590938687324524,0.1959432065486908,0.5712316632270813,0.3014712028465913,0.6275352288908684,0.6700381082234326,-0.2576112941237455
1777988581,466394835,base,0.4601072669029236,0.19587267935276031,0.5712499618530273,0.3000522367977946,0.6279057479715872,0.6696175719636135,-0.259451969842308
1777988581,522390648,base,0.4611029624938965,0.19583754241466522,0.571376621723175,0.2979623927720484,0.6284520670682803,0.6697048970275549,-0.26031092068473977
1777988581,589371295,base,0.4620912969112396,0.195939838886261,0.5715411901473999,0.29408495749706537,0.6298009164161136,0.6701619035215977,-0.2602841656827852
1777988581,639360268,base,0.4630727469921112,0.19579121470451355,0.5717244744300842,0.29171294636039846,0.6305084739512595,0.6706849720608381,-0.25989285542897705
1777988581,675365766,base,0.4640643000602722,0.1956942230463028,0.5719112157821655,0.29113380431644376,0.6304649124174994,0.6710982726103475,-0.25958078765982096
1777988581,709357890,base,0.4650695025920868,0.1957806944847107,0.5720939636230469,0.29108268840676726,0.630255197660942,0.6713798342265099,-0.2594192500432659
1777988581,744379418,base,0.4660642743110657,0.1959705650806427,0.572245717048645,0.2911778969358792,0.6300640041888972,0.6715266862102454,-0.2593967951505158
1777988581,778362793,base,0.46706801652908325,0.19601142406463623,0.5724583864212036,0.29134858401309044,0.6298107606297639,0.6717288473763035,-0.25929667294689485
1777988581,810361963,base,0.4680725038051605,0.1959431916475296,0.572669267654419,0.2914813241456456,0.6295668044804281,0.6720011413894391,-0.25903419777013104
1777988581,842362331,base,0.4690898656845093,0.19585734605789185,0.5728251934051514,0.2914727084498989,0.6294346457678942,0.6723220406699167,-0.2585319032044406
1777988581,873426190,base,0.4700990617275238,0.1957881599664688,0.5729306936264038,0.29140966735396745,0.6293864836964935,0.6726317427265683,-0.25791395745187334
1777988581,903362131,base,0.4711001217365265,0.19575338065624237,0.5729537606239319,0.29126739668084073,0.6294431476809151,0.6729247554450614,-0.25717092889524784
1777988581,933362959,base,0.47213014960289,0.19573605060577393,0.5729572176933289,0.2910104089825869,0.6295839553698903,0.673250034005456,-0.25626420966847097
1777988581,960362344,base,0.4731677770614624,0.19568192958831787,0.5729312300682068,0.29073762823020527,0.6297538539852287,0.6735880866484042,-0.2552661323453349
1777988581,985362011,base,0.47420090436935425,0.19563060998916626,0.5729182362556458,0.2904019182991271,0.6299800327228907,0.6739400224793678,-0.2541588915429954
1777988582,8365087,base,0.4752202033996582,0.19558534026145935,0.5729447603225708,0.2899390219676782,0.6302645074203432,0.6743401744888189,-0.25291765200681526
1777988582,30361474,base,0.47624728083610535,0.1955348253250122,0.5729871988296509,0.2893199462132435,0.6306257699791531,0.6748047558167529,-0.25148285184353353
1777988582,51361931,base,0.47726428508758545,0.19550248980522156,0.5730259418487549,0.2886254619276974,0.6310507220381042,0.6752739956742526,-0.24995071998962834
1777988582,71401582,base,0.4782838225364685,0.19549593329429626,0.5730677247047424,0.2880086373682344,0.6314851973150768,0.6756826236451594,-0.24845616020780253
1777988582,90384697,base,0.47930073738098145,0.19553017616271973,0.5730718374252319,0.2876171840228529,0.6318456039468731,0.6759667727597244,-0.24721732984548125
1777988582,108361885,base,0.48032107949256897,0.19555597007274628,0.5730782151222229,0.28748483505011585,0.6320936628672452,0.6761499264712266,-0.24623433613588291
1777988582,126375792,base,0.48136958479881287,0.19556112587451935,0.5731299519538879,0.2875154269039493,0.6322607187101467,0.6762913049711264,-0.24537994877103753
1777988582,143397357,base,0.48237210512161255,0.19553373754024506,0.5731989741325378,0.2877017937748192,0.6323217004544639,0.6763861180420374,-0.24474219610006634
1777988582,161362059,base,0.48339036107063293,0.1955280900001526,0.5732877850532532,0.2880024160473015,0.6323314816544554,0.6764247186026954,-0.24425617495153762
1777988582,180361680,base,0.4843979477882385,0.19554415345191956,0.57337886095047,0.2883483277886714,0.6323072853053541,0.6764057800260935,-0.24396305040062718
1777988582,201383936,base,0.48540014028549194,0.1955883800983429,0.5734879374504089,0.28864157920940275,0.6323164144149157,0.6763319620173645,-0.24379714549082693
1777988582,225362334,base,0.4864276349544525,0.1956217736005783,0.5736395716667175,0.28881646232145886,0.6323702663982596,0.6762261779605397,-0.243743806050841
1777988582,255361704,base,0.4874247610569,0.19570273160934448,0.5738593339920044,0.28864834283451135,0.6325901893450596,0.6759942647891528,-0.24401541815849084
1777988582,343376515,base,0.4883687198162079,0.1957569569349289,0.5741972327232361,0.2853617180498805,0.6344932367554051,0.6742573946379188,-0.24771750887674615
1777988582,478361933,base,0.4893636107444763,0.19573326408863068,0.5743902325630188,0.2774463362593033,0.6378310204789237,0.6726512126202323,-0.2524588072904219
1777988582,519367412,base,0.4903298020362854,0.1957317441701889,0.5747308731079102,0.27415553929707637,0.6387905040634815,0.6735045450839283,-0.2513504356846444
1777988582,547398202,base,0.491288423538208,0.19563989341259003,0.575049102306366,0.27215463469450485,0.639199929494201,0.6744017792120863,-0.2500750792191792
1777988582,571358540,base,0.49227046966552734,0.19555534422397614,0.5753175616264343,0.2706884545593787,0.6393862224514315,0.6752880769277984,-0.24879510567796914
1777988582,593360806,base,0.49324744939804077,0.1955156922340393,0.5755406618118286,0.2696423639149603,0.6394106963336311,0.6760749750492638,-0.2477287944153425
1777988582,616359563,base,0.4942677617073059,0.19553805887699127,0.5757428407669067,0.2689015256232445,0.6392816496479293,0.6767590992022195,-0.24699803623592223
1777988582,640387097,base,0.4952685832977295,0.1956200748682022,0.5758899450302124,0.26852675888396277,0.6390094553219444,0.6772414821310977,-0.2467878939411678
1777988582,667358929,base,0.49626195430755615,0.19575513899326324,0.5760111212730408,0.2684612039015776,0.6386060279572533,0.6775207265229549,-0.24713677768225686
1777988582,697384291,base,0.49725309014320374,0.19582778215408325,0.5761480927467346,0.26847474635366847,0.6381674256875223,0.6777359710971386,-0.24766431786322812
1777988582,729385158,base,0.49823588132858276,0.19576102495193481,0.5763323903083801,0.2684698481047991,0.6377456788804313,0.6779671229503192,-0.24812291513927992
1777988582,763362104,base,0.499213844537735,0.19562724232673645,0.5765714049339294,0.2684634126312915,0.6373233962748627,0.678259590384616,-0.24841540099779624
1777988582,801384629,base,0.5001885890960693,0.19565024971961975,0.5768448114395142,0.26830042657434944,0.6369402864921108,0.6786232665267822,-0.24858078325161703
1777988582,840363318,base,0.5011735558509827,0.1957128345966339,0.577085554599762,0.26803176972845255,0.63660660487189,0.6790720383833959,-0.2484998353981544
1777988582,878362997,base,0.5021482110023499,0.19568496942520142,0.5773161053657532,0.2679134892313765,0.6362281498957473,0.6795055595325601,-0.24841155551418587
1777988582,918395793,base,0.5031366348266602,0.19560708105564117,0.5775423645973206,0.26790548259523134,0.6358144476451971,0.6799338157523136,-0.2483075525553805
1777988582,960358841,base,0.5041184425354004,0.19555097818374634,0.577750563621521,0.26785559349465127,0.6354409610295574,0.6803669636856863,-0.24813088526749527
1777988583,6361938,base,0.5051035284996033,0.1955057829618454,0.5779735445976257,0.26786244790388214,0.635069343477478,0.68076703511812,-0.24797757316348382
1777988583,51357126,base,0.5060670971870422,0.19547373056411743,0.5782466530799866,0.2678159137721153,0.6347936491936378,0.6811554652316855,-0.24766686188761222
1777988583,101362723,base,0.5070343613624573,0.19554002583026886,0.5785505175590515,0.267463937104764,0.6347229522853243,0.6815951278881687,-0.2470179931796535
1777988583,158360195,base,0.508000910282135,0.19548635184764862,0.5788487792015076,0.2667997941101045,0.6348294820519361,0.6821694863768035,-0.2458743547252024
1777988583,222406826,base,0.5089712142944336,0.19543619453907013,0.5790942311286926,0.26630343363425196,0.6350636306079939,0.6825740245275904,-0.24468218463453187
1777988583,309357435,base,0.5099764466285706,0.1955021768808365,0.5790872573852539,0.2661029073194042,0.6353626421959213,0.6825334800509825,-0.24423678739710042
1777988583,381362956,base,0.5109504461288452,0.19559596478939056,0.5788543224334717,0.2663073757474113,0.6356750695929898,0.6823262002385764,-0.24377968729672456
