ply
format ascii 1.0
element vertex 4054
property float x
property float y
property float z
property uchar red
property uchar green
property uchar blue
end_header
-0.351323 -0.159626 0.852000 124 93 95
-0.349119 -0.159626 0.852000 138 83 89
-0.347322 -0.159814 0.853000 128 73 79
-0.355315 -0.157234 0.851000 92 87 83
-0.353113 -0.157234 0.851000 113 80 81
-0.350911 -0.157234 0.851000 119 86 87
-0.349119 -0.157419 0.852000 128 78 84
-0.346914 -0.157419 0.852000 152 102 108
-0.354897 -0.154847 0.850000 96 84 82
-0.353113 -0.155030 0.851000 123 83 88
-0.350911 -0.155030 0.851000 123 83 88
-0.348709 -0.155030 0.851000 127 79 87
-0.346914 -0.155212 0.852000 149 101 109
-0.345115 -0.155394 0.853000 152 129 137
-0.354480 -0.152466 0.849000 93 76 78
-0.352698 -0.152645 0.850000 119 78 88
-0.350911 -0.152825 0.851000 124 83 93
-0.348709 -0.152825 0.851000 135 93 109
-0.346914 -0.153004 0.852000 136 94 110
-0.345115 -0.153184 0.853000 164 140 157
-0.356676 -0.150266 0.849000 108 85 93
-0.354480 -0.150266 0.849000 123 100 108
-0.352698 -0.150443 0.850000 135 97 114
-0.350911 -0.150620 0.851000 122 84 101
-0.348709 -0.150620 0.851000 111 77 95
-0.346914 -0.150797 0.852000 173 139 157
-0.345115 -0.150974 0.853000 128 114 125
-0.358873 -0.148067 0.849000 87 83 86
-0.356676 -0.148067 0.849000 194 173 182
-0.354480 -0.148067 0.849000 211 190 199
-0.352698 -0.148241 0.850000 175 150 162
-0.350911 -0.148415 0.851000 125 100 112
-0.348709 -0.148415 0.851000 141 124 136
-0.346914 -0.148590 0.852000 175 158 170
-0.358450 -0.145695 0.848000 117 113 116
-0.356676 -0.145867 0.849000 229 216 220
-0.354480 -0.145867 0.849000 247 234 238
-0.352698 -0.146039 0.850000 225 214 220
-0.350911 -0.146211 0.851000 123 112 118
-0.348709 -0.146211 0.851000 162 158 163
-0.346914 -0.146382 0.852000 139 135 140
-0.360644 -0.143498 0.848000 140 136 137
-0.358450 -0.143498 0.848000 179 175 176
-0.356676 -0.143667 0.849000 232 226 228
-0.354480 -0.143667 0.849000 234 228 230
-0.352698 -0.143837 0.850000 186 185 185
-0.350911 -0.144006 0.851000 126 125 125
-0.349119 -0.144175 0.852000 166 165 167
-0.363266 -0.141468 0.849000 157 163 165
-0.361070 -0.141468 0.849000 189 188 188
-0.358873 -0.141468 0.849000 204 203 203
-0.356676 -0.141468 0.849000 212 211 213
-0.354480 -0.141468 0.849000 219 218 220
-0.353113 -0.141801 0.851000 131 137 135
-0.350911 -0.141801 0.851000 162 168 166
-0.349119 -0.141968 0.852000 105 105 105
-0.365463 -0.139268 0.849000 118 124 126
-0.363266 -0.139268 0.849000 191 197 199
-0.361070 -0.139268 0.849000 193 196 197
-0.358873 -0.139268 0.849000 190 193 194
-0.356676 -0.139268 0.849000 200 200 202
-0.355315 -0.139596 0.851000 233 233 235
-0.353113 -0.139596 0.851000 179 185 183
-0.350911 -0.139596 0.851000 163 169 167
-0.365463 -0.137069 0.849000 191 197 199
-0.363266 -0.137069 0.849000 203 209 211
-0.361070 -0.137069 0.849000 220 223 222
-0.358873 -0.137069 0.849000 220 223 222
-0.357096 -0.137230 0.850000 219 223 218
-0.355315 -0.137392 0.851000 238 242 237
-0.353113 -0.137392 0.851000 222 228 226
-0.351323 -0.137553 0.852000 92 98 96
-0.365463 -0.134869 0.849000 198 206 207
-0.363266 -0.134869 0.849000 182 190 191
-0.361070 -0.134869 0.849000 188 191 190
-0.359296 -0.135028 0.850000 215 218 217
-0.357516 -0.135187 0.851000 240 245 235
-0.355315 -0.135187 0.851000 242 247 237
-0.353528 -0.135346 0.852000 168 175 169
-0.368093 -0.132826 0.850000 115 121 123
-0.365893 -0.132826 0.850000 209 217 216
-0.363694 -0.132826 0.850000 185 193 192
-0.361495 -0.132826 0.850000 204 208 203
-0.359718 -0.132982 0.851000 214 218 213
-0.357516 -0.132982 0.851000 231 236 226
-0.355732 -0.133138 0.852000 226 231 221
-0.353528 -0.133138 0.852000 84 96 88
-0.368526 -0.130777 0.851000 170 176 178
-0.366324 -0.130777 0.851000 195 203 200
-0.364122 -0.130777 0.851000 197 205 202
-0.361920 -0.130777 0.851000 229 230 224
-0.359718 -0.130777 0.851000 217 218 212
-0.357516 -0.130777 0.851000 220 227 219
-0.355732 -0.130931 0.852000 148 155 147
-0.368526 -0.128573 0.851000 193 199 201
-0.366324 -0.128573 0.851000 211 212 208
-0.364122 -0.128573 0.851000 209 210 206
-0.361920 -0.128573 0.851000 221 221 215
-0.359718 -0.128573 0.851000 225 225 219
-0.357937 -0.128724 0.852000 192 203 199
-0.368526 -0.126368 0.851000 191 193 199
-0.366324 -0.126368 0.851000 220 214 216
-0.364122 -0.126368 0.851000 232 226 228
-0.361920 -0.126368 0.851000 215 216 212
-0.360141 -0.126516 0.852000 228 229 225
-0.358357 -0.126665 0.853000 128 141 140
-0.370728 -0.124163 0.851000 59 58 67
-0.368526 -0.124163 0.851000 129 128 137
-0.366324 -0.124163 0.851000 185 176 183
-0.364122 -0.124163 0.851000 235 226 233
-0.362345 -0.124309 0.852000 227 226 230
-0.360141 -0.124309 0.852000 163 162 166
-0.370728 -0.121958 0.851000 100 99 108
-0.368526 -0.121958 0.851000 209 208 217
-0.366324 -0.121958 0.851000 239 233 239
-0.364550 -0.122102 0.852000 236 230 236
-0.362345 -0.122102 0.852000 153 148 156
-0.370728 -0.119754 0.851000 154 152 159
-0.368526 -0.119754 0.851000 233 231 238
-0.366324 -0.119754 0.851000 243 239 244
-0.364550 -0.119894 0.852000 211 207 212
-0.362771 -0.120035 0.853000 80 79 86
-0.370728 -0.117549 0.851000 190 188 195
-0.368526 -0.117549 0.851000 240 238 245
-0.366754 -0.117687 0.852000 247 246 250
-0.364550 -0.117687 0.852000 174 173 177
-0.363196 -0.117963 0.854000 41 46 51
-0.372929 -0.115344 0.851000 119 124 133
-0.370728 -0.115344 0.851000 224 223 227
-0.368526 -0.115344 0.851000 246 245 249
-0.366754 -0.115480 0.852000 231 231 235
-0.364978 -0.115615 0.853000 88 88 92
-0.372929 -0.113139 0.851000 171 173 181
-0.370728 -0.113139 0.851000 238 238 242
-0.368526 -0.113139 0.851000 249 249 253
-0.366754 -0.113272 0.852000 179 182 185
-0.365406 -0.113538 0.854000 57 60 63
-0.375131 -0.110935 0.851000 93 95 103
-0.372929 -0.110935 0.851000 209 211 219
-0.370728 -0.110935 0.851000 246 246 250
-0.368959 -0.111065 0.852000 238 238 242
-0.367185 -0.111195 0.853000 123 126 129
-0.375131 -0.108730 0.851000 151 153 161
-0.372929 -0.108730 0.851000 229 231 239
-0.370728 -0.108730 0.851000 251 254 255
-0.368959 -0.108858 0.852000 222 225 226
-0.367615 -0.109113 0.854000 73 79 81
-0.375131 -0.106525 0.851000 193 195 201
-0.372929 -0.106525 0.851000 243 245 251
-0.370728 -0.106525 0.851000 247 253 253
-0.368959 -0.106650 0.852000 148 154 154
-0.367615 -0.106901 0.854000 54 62 61
-0.376890 -0.104198 0.850000 100 99 108
-0.374690 -0.104198 0.850000 222 222 226
-0.372929 -0.104320 0.851000 252 252 255
-0.370728 -0.104320 0.851000 235 241 241
-0.368959 -0.104443 0.852000 94 100 100
-0.376890 -0.101996 0.850000 140 138 147
-0.375131 -0.102116 0.851000 239 238 242
-0.372929 -0.102116 0.851000 255 254 255
-0.371163 -0.102236 0.852000 203 209 209
-0.369392 -0.102356 0.853000 54 60 60
-0.376890 -0.099793 0.850000 190 188 197
-0.375131 -0.099911 0.851000 249 245 250
-0.372929 -0.099911 0.851000 254 250 255
-0.371163 -0.100028 0.852000 146 152 154
-0.379089 -0.097591 0.850000 116 114 121
-0.376890 -0.097591 0.850000 223 221 228
-0.375131 -0.097706 0.851000 252 251 255
-0.372929 -0.097706 0.851000 227 226 230
-0.371163 -0.097821 0.852000 81 84 85
-0.379089 -0.095389 0.850000 161 160 167
-0.377333 -0.095501 0.851000 238 237 244
-0.375131 -0.095501 0.851000 253 251 255
-0.373368 -0.095614 0.852000 181 179 186
-0.381288 -0.093187 0.850000 78 83 90
-0.379089 -0.093187 0.850000 201 200 207
-0.377333 -0.093297 0.851000 244 243 250
-0.375131 -0.093297 0.851000 243 241 248
-0.373368 -0.093406 0.852000 129 127 134
-0.381288 -0.090985 0.850000 122 127 134
-0.379535 -0.091092 0.851000 225 224 231
-0.377333 -0.091092 0.851000 250 249 255
-0.375572 -0.091199 0.852000 225 223 230
-0.373806 -0.091306 0.853000 78 76 83
-0.381737 -0.088887 0.851000 169 171 179
-0.379535 -0.088887 0.851000 243 241 248
-0.377333 -0.088887 0.851000 250 248 255
-0.375572 -0.088992 0.852000 157 157 161
-0.383487 -0.086581 0.850000 97 96 103
-0.381737 -0.086682 0.851000 208 207 214
-0.379535 -0.086682 0.851000 250 243 252
-0.377333 -0.086682 0.851000 247 240 249
-0.376013 -0.086886 0.853000 111 111 115
-0.383939 -0.084478 0.851000 133 131 138
-0.381737 -0.084478 0.851000 232 230 237
-0.379535 -0.084478 0.851000 254 250 255
-0.377776 -0.084577 0.852000 225 221 226
-0.376454 -0.084775 0.854000 75 77 83
-0.386140 -0.082273 0.851000 57 57 61
-0.383939 -0.082273 0.851000 176 171 179
-0.381737 -0.082273 0.851000 245 240 248
-0.379535 -0.082273 0.851000 253 249 254
-0.378220 -0.082466 0.853000 183 179 184
-0.376894 -0.082660 0.855000 54 59 64
-0.386140 -0.080068 0.851000 77 76 83
-0.383939 -0.080068 0.851000 213 208 216
-0.381737 -0.080068 0.851000 253 248 255
-0.379535 -0.080068 0.851000 249 245 250
-0.378220 -0.080256 0.853000 111 107 112
-0.386140 -0.077863 0.851000 121 120 127
-0.383939 -0.077863 0.851000 234 229 237
-0.381737 -0.077863 0.851000 254 249 255
-0.379981 -0.077955 0.852000 220 215 223
-0.378663 -0.078138 0.854000 78 73 81
-0.386140 -0.075659 0.851000 159 158 165
-0.383939 -0.075659 0.851000 245 243 250
-0.381737 -0.075659 0.851000 253 251 255
-0.380427 -0.075836 0.853000 177 175 184
-0.379107 -0.076014 0.855000 56 54 63
-0.388342 -0.073454 0.851000 71 70 77
-0.386140 -0.073454 0.851000 200 199 206
-0.383939 -0.073454 0.851000 250 249 255
-0.381737 -0.073454 0.851000 244 243 250
-0.380873 -0.073713 0.854000 126 124 131
-0.388342 -0.071249 0.851000 106 104 111
-0.386140 -0.071249 0.851000 227 225 232
-0.383939 -0.071249 0.851000 255 251 255
-0.382185 -0.071333 0.852000 232 227 235
-0.380873 -0.071500 0.854000 75 73 80
-0.388342 -0.069044 0.851000 152 150 159
-0.386140 -0.069044 0.851000 240 238 247
-0.383939 -0.069044 0.851000 254 250 255
-0.382634 -0.069207 0.853000 191 187 192
-0.388342 -0.066840 0.851000 190 188 197
-0.386140 -0.066840 0.851000 248 246 255
-0.384390 -0.066918 0.852000 250 246 251
-0.383082 -0.067075 0.854000 129 125 130
-0.390544 -0.064635 0.851000 85 87 95
-0.388342 -0.064635 0.851000 214 212 219
-0.386140 -0.064635 0.851000 254 252 255
-0.384390 -0.064711 0.852000 233 233 237
-0.383082 -0.064863 0.854000 90 90 94
-0.390544 -0.062430 0.851000 119 118 125
-0.388342 -0.062430 0.851000 231 230 234
-0.386140 -0.062430 0.851000 255 254 255
-0.384390 -0.062503 0.852000 198 201 202
-0.383531 -0.062724 0.855000 58 61 62
-0.390544 -0.060225 0.851000 171 171 175
-0.388342 -0.060225 0.851000 245 244 248
-0.386140 -0.060225 0.851000 255 254 255
-0.384841 -0.060367 0.853000 160 163 164
-0.390544 -0.058021 0.851000 201 200 207
-0.388342 -0.058021 0.851000 251 250 252
-0.386594 -0.058089 0.852000 251 250 252
-0.385292 -0.058225 0.854000 101 104 107
-0.392746 -0.055816 0.851000 95 97 103
-0.390544 -0.055816 0.851000 213 215 221
-0.388342 -0.055816 0.851000 251 251 253
-0.386594 -0.055881 0.852000 235 235 237
-0.385292 -0.056013 0.854000 68 74 76
-0.392746 -0.053611 0.851000 136 135 142
-0.390544 -0.053611 0.851000 230 229 236
-0.388342 -0.053611 0.851000 250 253 254
-0.387048 -0.053737 0.853000 197 200 201
-0.385292 -0.053800 0.854000 57 63 63
-0.392746 -0.051406 0.851000 162 161 168
-0.390544 -0.051406 0.851000 240 239 246
-0.388342 -0.051406 0.851000 253 253 255
-0.387048 -0.051527 0.853000 167 167 169
-0.385743 -0.051648 0.855000 53 59 59
-0.392746 -0.049202 0.851000 187 186 193
-0.390544 -0.049202 0.851000 247 246 253
-0.388799 -0.049259 0.852000 251 251 255
-0.387502 -0.049375 0.854000 139 139 143
-0.394948 -0.046997 0.851000 70 75 82
-0.392746 -0.046997 0.851000 210 209 216
-0.390544 -0.046997 0.851000 252 251 255
-0.388799 -0.047052 0.852000 240 242 248
-0.387502 -0.047163 0.854000 92 94 100
-0.394948 -0.044792 0.851000 96 101 108
-0.392746 -0.044792 0.851000 225 224 231
-0.390544 -0.044792 0.851000 253 252 255
-0.388799 -0.044845 0.852000 221 223 229
-0.394948 -0.042587 0.851000 131 136 143
-0.392746 -0.042587 0.851000 235 234 241
-0.390544 -0.042587 0.851000 254 253 255
-0.389255 -0.042687 0.853000 194 197 200
-0.394948 -0.040383 0.851000 145 150 157
-0.392746 -0.040383 0.851000 241 243 249
-0.391003 -0.040430 0.852000 251 253 255
-0.389711 -0.040525 0.854000 147 150 153
-0.394948 -0.038178 0.851000 170 172 182
-0.392746 -0.038178 0.851000 246 246 250
-0.391003 -0.038223 0.852000 250 250 254
-0.394948 -0.035973 0.851000 191 193 203
-0.392746 -0.035973 0.851000 249 249 253
-0.391462 -0.036058 0.853000 244 244 248
-0.397150 -0.033768 0.851000 81 80 91
-0.394948 -0.033768 0.851000 203 202 213
-0.392746 -0.033768 0.851000 252 251 255
-0.391921 -0.033887 0.854000 234 233 237
-0.397150 -0.031564 0.851000 97 96 107
-0.394948 -0.031564 0.851000 213 212 223
-0.393207 -0.031601 0.852000 255 252 255
-0.391921 -0.031675 0.854000 220 216 221
-0.397150 -0.029359 0.851000 109 111 121
-0.394948 -0.029359 0.851000 220 222 232
-0.393207 -0.029393 0.852000 255 252 255
-0.390168 -0.029497 0.855000 59 62 65
-0.397150 -0.027154 0.851000 121 122 135
-0.394948 -0.027154 0.851000 228 229 242
-0.393207 -0.027186 0.852000 255 253 255
-0.390168 -0.027282 0.855000 55 60 65
-0.397150 -0.024949 0.851000 133 134 147
-0.395412 -0.024979 0.852000 231 232 245
-0.393669 -0.025008 0.853000 253 252 255
-0.397150 -0.022745 0.851000 149 148 159
-0.395412 -0.022771 0.852000 238 237 248
-0.391921 -0.022825 0.854000 160 159 168
-0.397150 -0.020540 0.851000 159 157 168
-0.395412 -0.020564 0.852000 245 243 254
-0.391921 -0.020612 0.854000 143 145 153
-0.397150 -0.018335 0.851000 163 158 170
-0.395412 -0.018357 0.852000 248 243 255
-0.391921 -0.018400 0.854000 128 130 138
-0.397150 -0.016130 0.851000 169 164 176
-0.395412 -0.016149 0.852000 249 244 255
-0.391921 -0.016187 0.854000 105 110 115
-0.061259 -0.016396 0.865000 31 106 101
-0.059021 -0.016396 0.865000 29 109 100
-0.056783 -0.016396 0.865000 36 116 107
-0.054545 -0.016396 0.865000 44 129 118
-0.052307 -0.016396 0.865000 46 131 120
-0.050069 -0.016396 0.865000 42 131 119
-0.047831 -0.016396 0.865000 42 131 119
-0.045593 -0.016396 0.865000 45 137 124
-0.043355 -0.016396 0.865000 47 139 126
-0.041117 -0.016396 0.865000 47 141 127
-0.038879 -0.016396 0.865000 48 142 128
-0.036641 -0.016396 0.865000 45 142 127
-0.034403 -0.016396 0.865000 50 147 132
-0.032202 -0.016415 0.866000 50 147 132
-0.029961 -0.016415 0.866000 48 145 130
-0.027720 -0.016415 0.866000 43 140 125
-0.025450 -0.016396 0.865000 43 140 125
-0.023212 -0.016396 0.865000 35 136 122
-0.020974 -0.016396 0.865000 36 137 123
-0.018736 -0.016396 0.865000 36 136 122
-0.016479 -0.016377 0.864000 36 136 122
-0.014244 -0.016377 0.864000 40 132 121
-0.012008 -0.016377 0.864000 25 117 106
-0.009773 -0.016377 0.864000 23 108 99
-0.007537 -0.016377 0.864000 14 99 90
-0.005302 -0.016377 0.864000 11 91 86
-0.397150 -0.013926 0.851000 161 159 170
-0.394948 -0.013926 0.851000 246 244 255
-0.393669 -0.013958 0.853000 248 253 255
-0.391921 -0.013975 0.854000 97 102 107
-0.076837 -0.014138 0.864000 26 104 93
-0.074601 -0.014138 0.864000 33 111 100
-0.072366 -0.014138 0.864000 35 124 109
-0.070130 -0.014138 0.864000 41 130 115
-0.067974 -0.014155 0.865000 51 145 131
-0.065735 -0.014155 0.865000 53 147 133
-0.063497 -0.014155 0.865000 42 143 129
-0.059090 -0.014171 0.866000 46 150 135
-0.056849 -0.014171 0.866000 46 150 135
-0.054608 -0.014171 0.866000 46 150 137
-0.052307 -0.014155 0.865000 47 151 138
-0.050069 -0.014155 0.865000 49 149 140
-0.047831 -0.014155 0.865000 48 148 139
-0.045593 -0.014155 0.865000 48 147 138
-0.043355 -0.014155 0.865000 49 148 139
-0.041117 -0.014155 0.865000 50 149 140
-0.038879 -0.014155 0.865000 47 146 137
-0.036641 -0.014155 0.865000 48 148 136
-0.034442 -0.014171 0.866000 47 147 135
-0.032202 -0.014171 0.866000 48 148 136
-0.029961 -0.014171 0.866000 47 147 135
-0.027720 -0.014171 0.866000 43 144 132
-0.025480 -0.014171 0.866000 42 143 131
-0.023212 -0.014155 0.865000 39 143 130
-0.020974 -0.014155 0.865000 41 145 132
-0.018736 -0.014155 0.865000 45 151 137
-0.016498 -0.014155 0.865000 45 151 137
-0.014244 -0.014138 0.864000 46 150 137
-0.012008 -0.014138 0.864000 47 151 138
-0.009773 -0.014138 0.864000 50 150 138
-0.007537 -0.014138 0.864000 50 150 138
-0.005302 -0.014138 0.864000 53 150 139
-0.003066 -0.014138 0.864000 52 149 138
-0.000831 -0.014138 0.864000 54 148 138
0.001405 -0.014138 0.864000 48 142 132
0.003640 -0.014138 0.864000 42 130 120
0.005876 -0.014138 0.864000 31 119 109
0.008111 -0.014138 0.864000 26 108 100
0.010347 -0.014138 0.864000 12 94 86
-0.397150 -0.011721 0.851000 158 157 168
-0.395412 -0.011735 0.852000 245 244 255
-0.393669 -0.011748 0.853000 247 255 255
-0.087709 -0.011859 0.861000 28 82 77
-0.085580 -0.011872 0.862000 32 108 98
-0.081214 -0.011886 0.863000 43 137 125
-0.079072 -0.011900 0.864000 50 144 132
-0.076837 -0.011900 0.864000 49 149 137
-0.074601 -0.011900 0.864000 50 150 138
-0.072450 -0.011914 0.865000 54 154 138
-0.070212 -0.011914 0.865000 57 157 141
-0.068052 -0.011927 0.866000 56 153 138
-0.065811 -0.011927 0.866000 52 149 134
-0.063571 -0.011927 0.866000 49 146 131
-0.061330 -0.011927 0.866000 44 141 126
-0.059090 -0.011927 0.866000 41 138 125
-0.056849 -0.011927 0.866000 37 134 121
-0.054608 -0.011927 0.866000 38 132 120
-0.052368 -0.011927 0.866000 33 127 115
-0.050127 -0.011927 0.866000 33 122 114
-0.047886 -0.011927 0.866000 30 119 111
-0.045646 -0.011927 0.866000 31 116 109
-0.043405 -0.011927 0.866000 29 114 107
-0.041164 -0.011927 0.866000 25 107 101
-0.038879 -0.011914 0.865000 21 103 97
-0.036683 -0.011927 0.866000 17 99 93
-0.034442 -0.011927 0.866000 15 97 91
-0.032202 -0.011927 0.866000 19 101 93
-0.029961 -0.011927 0.866000 24 106 98
-0.027720 -0.011927 0.866000 24 109 100
-0.025480 -0.011927 0.866000 26 111 102
-0.023239 -0.011927 0.866000 26 114 104
-0.020998 -0.011927 0.866000 24 112 102
-0.018758 -0.011927 0.866000 23 115 106
-0.016498 -0.011914 0.865000 26 118 109
-0.014260 -0.011914 0.865000 32 121 111
-0.012022 -0.011914 0.865000 34 123 113
-0.009773 -0.011900 0.864000 40 128 118
-0.007537 -0.011900 0.864000 45 133 123
-0.005302 -0.011900 0.864000 45 133 123
-0.003066 -0.011900 0.864000 49 137 127
-0.000831 -0.011900 0.864000 50 139 129
0.001405 -0.011900 0.864000 54 143 133
0.003640 -0.011900 0.864000 52 146 134
0.005876 -0.011900 0.864000 51 145 133
0.008111 -0.011900 0.864000 52 149 136
0.010347 -0.011900 0.864000 52 149 136
0.012582 -0.011900 0.864000 48 148 136
0.014818 -0.011900 0.864000 46 146 134
0.017073 -0.011914 0.865000 42 134 125
0.019311 -0.011914 0.865000 17 109 100
0.021549 -0.011914 0.865000 6 86 79
0.023787 -0.011914 0.865000 0 72 65
0.026055 -0.011927 0.866000 0 58 53
-0.397616 -0.009527 0.852000 159 158 169
-0.395412 -0.009527 0.852000 246 245 255
-0.391921 -0.009550 0.854000 98 106 107
-0.096620 -0.009628 0.861000 36 88 86
-0.094392 -0.009628 0.861000 33 110 102
-0.092164 -0.009628 0.861000 47 124 116
-0.089936 -0.009628 0.861000 45 139 127
-0.085580 -0.009639 0.862000 49 146 133
-0.083447 -0.009650 0.863000 53 150 137
-0.081214 -0.009650 0.863000 53 150 137
-0.079072 -0.009661 0.864000 52 149 136
-0.076837 -0.009661 0.864000 53 145 134
-0.074688 -0.009673 0.865000 48 140 129
-0.072450 -0.009673 0.865000 48 136 124
-0.070293 -0.009684 0.866000 30 118 106
-0.068052 -0.009684 0.866000 16 96 87
-0.065811 -0.009684 0.866000 0 78 69
-0.063571 -0.009684 0.866000 0 74 64
-0.061330 -0.009684 0.866000 0 71 61
-0.059090 -0.009684 0.866000 0 64 58
-0.056849 -0.009684 0.866000 0 61 55
-0.054608 -0.009684 0.866000 0 61 55
-0.052368 -0.009684 0.866000 0 58 52
-0.050127 -0.009684 0.866000 0 53 50
-0.047886 -0.009684 0.866000 0 49 46
-0.045646 -0.009684 0.866000 0 48 49
-0.043405 -0.009684 0.866000 2 53 54
-0.041164 -0.009684 0.866000 0 51 52
-0.038924 -0.009684 0.866000 0 49 50
-0.036683 -0.009684 0.866000 0 48 49
-0.034442 -0.009684 0.866000 0 46 47
-0.032202 -0.009684 0.866000 0 46 44
-0.029961 -0.009684 0.866000 0 50 48
-0.027720 -0.009684 0.866000 0 50 46
-0.025480 -0.009684 0.866000 0 48 44
-0.023239 -0.009684 0.866000 0 51 47
-0.020998 -0.009684 0.866000 0 52 48
-0.018758 -0.009684 0.866000 0 48 44
-0.016517 -0.009684 0.866000 0 50 46
-0.014260 -0.009673 0.865000 0 49 46
-0.012022 -0.009673 0.865000 0 50 47
-0.009784 -0.009673 0.865000 2 57 49
-0.007537 -0.009661 0.864000 10 65 57
-0.005302 -0.009661 0.864000 0 55 49
-0.003066 -0.009661 0.864000 0 56 50
-0.000831 -0.009661 0.864000 0 62 55
0.001405 -0.009661 0.864000 12 78 71
0.003640 -0.009661 0.864000 24 101 95
0.005876 -0.009661 0.864000 38 115 109
0.008111 -0.009661 0.864000 40 125 116
0.010347 -0.009661 0.864000 45 130 121
0.012582 -0.009661 0.864000 44 138 128
0.014818 -0.009661 0.864000 47 141 131
0.017053 -0.009661 0.864000 48 145 134
0.019311 -0.009673 0.865000 48 145 134
0.021549 -0.009673 0.865000 49 146 135
0.023787 -0.009673 0.865000 50 147 136
0.026055 -0.009684 0.866000 45 138 131
0.028296 -0.009684 0.866000 36 129 122
0.030537 -0.009684 0.866000 27 104 98
0.032777 -0.009684 0.866000 1 78 72
0.035018 -0.009684 0.866000 2 64 58
-0.397616 -0.007320 0.852000 153 152 163
-0.395412 -0.007320 0.852000 245 244 255
-0.391921 -0.007337 0.854000 101 112 112
-0.103303 -0.007397 0.861000 20 88 83
-0.101075 -0.007397 0.861000 30 98 93
-0.098847 -0.007397 0.861000 33 127 117
-0.096620 -0.007397 0.861000 43 137 127
-0.094392 -0.007397 0.861000 44 144 132
-0.092164 -0.007397 0.861000 48 148 136
-0.087811 -0.007406 0.862000 50 147 134
-0.085580 -0.007406 0.862000 56 144 132
-0.083447 -0.007414 0.863000 31 119 107
-0.081308 -0.007423 0.864000 29 100 91
-0.079072 -0.007423 0.864000 25 96 87
-0.076926 -0.007432 0.865000 15 74 69
-0.074688 -0.007432 0.865000 0 57 52
-0.072533 -0.007440 0.866000 0 49 45
-0.070293 -0.007440 0.866000 0 47 43
-0.068052 -0.007440 0.866000 0 47 43
-0.065811 -0.007440 0.866000 3 53 49
-0.063571 -0.007440 0.866000 20 58 54
0.001406 -0.007432 0.865000 8 44 42
0.003645 -0.007432 0.865000 0 44 39
0.005876 -0.007423 0.864000 0 42 37
0.008111 -0.007423 0.864000 0 45 39
0.010347 -0.007423 0.864000 0 55 49
0.012582 -0.007423 0.864000 3 68 64
0.014818 -0.007423 0.864000 14 79 75
0.017053 -0.007423 0.864000 18 95 89
0.019311 -0.007432 0.865000 33 110 104
0.021549 -0.007432 0.865000 36 124 116
0.023815 -0.007440 0.866000 41 129 121
0.026055 -0.007440 0.866000 45 139 129
0.028296 -0.007440 0.866000 47 141 131
0.030537 -0.007440 0.866000 55 147 138
0.032777 -0.007440 0.866000 60 152 143
0.035018 -0.007440 0.866000 59 144 137
0.037258 -0.007440 0.866000 37 122 115
0.039499 -0.007440 0.866000 28 105 97
0.041692 -0.007432 0.865000 13 90 82
0.043879 -0.007423 0.864000 5 67 59
-0.397616 -0.005113 0.852000 151 150 159
-0.395876 -0.005119 0.853000 244 243 252
-0.391921 -0.005125 0.854000 121 132 132
-0.107758 -0.005167 0.861000 28 103 96
-0.105530 -0.005167 0.861000 51 126 119
-0.103303 -0.005167 0.861000 50 144 134
-0.101075 -0.005167 0.861000 44 138 128
-0.098847 -0.005167 0.861000 40 141 129
-0.096732 -0.005173 0.862000 47 148 136
-0.094501 -0.005173 0.862000 52 144 135
-0.092271 -0.005173 0.862000 45 137 128
-0.090041 -0.005173 0.862000 36 113 107
-0.087811 -0.005173 0.862000 9 86 80
-0.085680 -0.005179 0.863000 14 64 60
-0.083543 -0.005185 0.864000 10 60 56
-0.081308 -0.005185 0.864000 22 56 53
-0.079164 -0.005191 0.865000 31 65 62
-0.076926 -0.005191 0.865000 29 55 55
0.014835 -0.005191 0.865000 11 45 44
0.017073 -0.005191 0.865000 0 42 43
0.019311 -0.005191 0.865000 9 51 52
0.021574 -0.005197 0.866000 8 66 64
0.023815 -0.005197 0.866000 6 64 62
0.026055 -0.005197 0.866000 7 80 75
0.028296 -0.005197 0.866000 19 92 87
0.030537 -0.005197 0.866000 25 107 101
0.032777 -0.005197 0.866000 45 127 121
0.035018 -0.005197 0.866000 52 137 130
0.037258 -0.005197 0.866000 59 144 137
0.039499 -0.005197 0.866000 58 147 137
0.041740 -0.005197 0.866000 62 151 141
0.043930 -0.005191 0.865000 61 150 140
0.046168 -0.005191 0.865000 49 138 128
0.048406 -0.005191 0.865000 21 96 89
0.050585 -0.005185 0.864000 0 71 64
-0.398550 -0.002912 0.854000 149 148 157
-0.395876 -0.002909 0.853000 242 241 250
-0.394130 -0.002912 0.854000 246 255 255
-0.392380 -0.002916 0.855000 137 148 146
-0.114175 -0.002929 0.859000 49 97 91
-0.111953 -0.002929 0.859000 43 123 114
-0.109858 -0.002933 0.860000 52 132 123
-0.107758 -0.002936 0.861000 46 138 125
-0.105530 -0.002936 0.861000 47 139 126
-0.103303 -0.002936 0.861000 57 151 139
-0.101075 -0.002936 0.861000 55 149 137
-0.098962 -0.002939 0.862000 38 123 116
-0.096732 -0.002939 0.862000 8 93 86
-0.094501 -0.002939 0.862000 0 64 62
-0.092378 -0.002943 0.863000 0 56 54
-0.090145 -0.002943 0.863000 9 49 49
-0.088014 -0.002946 0.864000 16 56 56
-0.085779 -0.002946 0.864000 37 56 56
0.023815 -0.002953 0.866000 18 47 48
0.026055 -0.002953 0.866000 6 46 46
0.028296 -0.002953 0.866000 4 44 44
0.030537 -0.002953 0.866000 2 56 53
0.032777 -0.002953 0.866000 7 61 58
0.035018 -0.002953 0.866000 15 80 76
0.037258 -0.002953 0.866000 34 99 95
0.039499 -0.002953 0.866000 30 105 98
0.041740 -0.002953 0.866000 45 120 113
0.043980 -0.002953 0.866000 45 133 123
0.046221 -0.002953 0.866000 55 143 133
0.048406 -0.002950 0.865000 58 147 135
0.050644 -0.002950 0.865000 54 143 131
0.052882 -0.002950 0.865000 51 136 125
0.055120 -0.002950 0.865000 36 121 110
0.057358 -0.002950 0.865000 39 103 97
0.059527 -0.002946 0.864000 10 74 68
-0.399016 -0.000700 0.855000 122 121 130
-0.396340 -0.000700 0.854000 237 236 245
-0.394130 -0.000700 0.854000 248 255 255
-0.392380 -0.000700 0.855000 159 167 166
-0.391993 -0.000704 0.859000 41 47 45
-0.120702 -0.000703 0.858000 40 93 86
-0.118482 -0.000703 0.858000 54 107 100
-0.116262 -0.000703 0.858000 55 135 126
-0.114175 -0.000704 0.859000 61 141 132
-0.111953 -0.000704 0.859000 56 144 134
-0.109858 -0.000704 0.860000 57 145 135
-0.107758 -0.000705 0.861000 59 147 135
-0.105530 -0.000705 0.861000 43 131 119
-0.103303 -0.000705 0.861000 21 90 82
-0.101192 -0.000706 0.862000 17 86 78
-0.098962 -0.000706 0.862000 13 58 56
-0.096844 -0.000707 0.863000 14 59 57
-0.094611 -0.000707 0.863000 28 52 54
0.032815 -0.000710 0.867000 19 45 45
0.035058 -0.000710 0.867000 13 49 47
0.037302 -0.000710 0.867000 10 46 44
0.039499 -0.000709 0.866000 14 59 57
0.041740 -0.000709 0.866000 17 62 60
0.043980 -0.000709 0.866000 15 76 73
0.046221 -0.000709 0.866000 32 93 90
0.048462 -0.000709 0.866000 26 106 97
0.050702 -0.000709 0.866000 41 121 112
0.052943 -0.000709 0.866000 54 139 130
0.055184 -0.000709 0.866000 57 142 133
0.057358 -0.000709 0.865000 65 147 139
0.059596 -0.000709 0.865000 68 150 142
0.061834 -0.000709 0.865000 61 138 130
0.064072 -0.000709 0.865000 42 119 111
0.066310 -0.000709 0.865000 25 98 91
0.068548 -0.000709 0.865000 2 75 68
0.070786 -0.000709 0.865000 3 61 59
0.073025 -0.000709 0.865000 10 68 66
-0.399016 0.001515 0.855000 104 103 112
-0.396340 0.001513 0.854000 229 228 237
-0.394592 0.001515 0.855000 249 255 253
-0.392839 0.001516 0.856000 181 187 185
-0.392449 0.001524 0.860000 51 54 53
-0.124996 0.001518 0.857000 38 100 94
-0.122779 0.001518 0.857000 62 124 118
-0.118482 0.001520 0.858000 53 135 125
-0.116262 0.001520 0.858000 55 143 133
-0.114175 0.001522 0.859000 59 147 137
-0.111953 0.001522 0.859000 57 133 123
-0.109858 0.001524 0.860000 35 111 101
-0.107758 0.001525 0.861000 10 69 62
-0.105530 0.001525 0.861000 0 53 46
-0.103423 0.001527 0.862000 12 50 46
-0.101310 0.001529 0.863000 15 53 49
0.041788 0.001536 0.867000 18 42 42
0.044031 0.001536 0.867000 12 43 43
0.046221 0.001534 0.866000 11 42 42
0.048462 0.001534 0.866000 2 52 50
0.050702 0.001534 0.866000 14 64 62
0.052943 0.001534 0.866000 15 83 78
0.055184 0.001534 0.866000 27 95 90
0.057424 0.001534 0.866000 34 114 107
0.059665 0.001534 0.866000 42 122 115
0.061906 0.001534 0.866000 56 141 134
0.064146 0.001534 0.866000 60 145 138
0.066387 0.001534 0.866000 56 145 135
0.068628 0.001534 0.866000 58 147 137
0.070868 0.001534 0.866000 55 144 134
0.073109 0.001534 0.866000 28 117 107
0.075350 0.001534 0.866000 14 91 85
0.077590 0.001534 0.866000 7 84 78
0.079923 0.001536 0.867000 13 72 67
-0.399483 0.003734 0.856000 91 90 99
-0.397268 0.003734 0.856000 220 219 228
-0.395053 0.003734 0.856000 254 254 254
-0.393298 0.003739 0.857000 197 197 197
-0.392449 0.003752 0.860000 50 54 49
-0.129582 0.003743 0.858000 45 121 111
-0.127214 0.003739 0.857000 59 135 125
-0.124996 0.003739 0.857000 52 140 132
-0.122779 0.003739 0.857000 47 135 127
-0.120702 0.003743 0.858000 54 139 132
-0.118482 0.003743 0.858000 54 139 132
-0.116398 0.003747 0.859000 47 117 111
-0.114175 0.003747 0.859000 16 86 80
-0.112083 0.003752 0.860000 4 55 48
-0.109986 0.003756 0.861000 3 54 47
-0.107758 0.003756 0.861000 20 51 49
0.050761 0.003782 0.867000 33 52 54
0.053004 0.003782 0.867000 6 46 46
0.055247 0.003782 0.867000 5 45 45
0.057424 0.003778 0.866000 0 57 55
0.059665 0.003778 0.866000 8 66 64
0.061906 0.003778 0.866000 10 83 80
0.064146 0.003778 0.866000 26 99 96
0.066387 0.003778 0.866000 30 115 106
0.068628 0.003778 0.866000 50 135 126
0.070868 0.003778 0.866000 51 143 132
0.073109 0.003778 0.866000 49 141 130
0.075350 0.003778 0.866000 55 149 137
0.077680 0.003782 0.867000 51 145 133
0.080015 0.003787 0.868000 51 143 132
0.082261 0.003787 0.868000 41 133 122
0.084507 0.003787 0.868000 33 113 104
0.086753 0.003787 0.868000 2 82 73
0.088999 0.003787 0.868000 9 73 65
-0.399950 0.005959 0.857000 82 81 90
-0.397732 0.005959 0.857000 210 209 218
-0.395515 0.005959 0.857000 254 254 255
-0.393298 0.005959 0.857000 213 213 215
-0.392906 0.005987 0.861000 57 61 56
-0.136401 0.005973 0.859000 44 92 86
-0.134178 0.005973 0.859000 51 128 120
-0.131802 0.005966 0.858000 57 134 126
-0.129582 0.005966 0.858000 46 135 125
-0.127214 0.005959 0.857000 42 131 121
-0.124996 0.005959 0.857000 61 143 137
-0.122779 0.005959 0.857000 56 138 132
-0.120702 0.005966 0.858000 34 102 99
-0.118620 0.005973 0.859000 8 76 73
-0.116398 0.005973 0.859000 6 51 49
-0.114308 0.005980 0.860000 6 51 49
-0.112214 0.005987 0.861000 23 49 47
0.061977 0.006028 0.867000 10 60 58
0.064220 0.006028 0.867000 2 52 50
0.066464 0.006028 0.867000 2 65 62
0.068707 0.006028 0.867000 20 83 80
0.070950 0.006028 0.867000 24 101 93
0.073193 0.006028 0.867000 34 111 103
0.075437 0.006028 0.867000 33 121 109
0.077680 0.006028 0.867000 33 121 109
0.080015 0.006035 0.868000 41 130 120
0.082261 0.006035 0.868000 50 139 129
0.084507 0.006035 0.868000 52 144 133
0.086753 0.006035 0.868000 56 148 137
0.088999 0.006035 0.868000 58 147 137
0.091244 0.006035 0.868000 49 138 128
0.093490 0.006035 0.868000 28 108 99
0.095736 0.006035 0.868000 17 97 88
0.097982 0.006035 0.868000 17 79 73
-0.400416 0.008189 0.858000 72 71 80
-0.397732 0.008179 0.857000 195 194 203
-0.395515 0.008179 0.857000 254 254 255
-0.393757 0.008189 0.858000 230 230 232
-0.392906 0.008217 0.861000 71 77 75
-0.141010 0.008208 0.860000 63 117 112
-0.138785 0.008208 0.860000 54 139 130
-0.136560 0.008208 0.860000 50 135 126
-0.134178 0.008198 0.859000 41 133 124
-0.131956 0.008198 0.859000 48 140 131
-0.129733 0.008198 0.859000 53 138 129
-0.127362 0.008189 0.858000 39 124 115
-0.125142 0.008189 0.858000 19 77 75
-0.123066 0.008198 0.859000 5 63 61
-0.120984 0.008208 0.860000 21 58 59
-0.118759 0.008208 0.860000 28 65 66
0.068786 0.008284 0.868000 23 57 56
0.071032 0.008284 0.868000 19 64 62
0.073278 0.008284 0.868000 9 54 52
0.075524 0.008284 0.868000 5 62 56
0.077769 0.008284 0.868000 13 70 64
0.080015 0.008284 0.868000 28 94 87
0.082261 0.008284 0.868000 38 104 97
0.084507 0.008284 0.868000 31 106 99
0.086753 0.008284 0.868000 39 114 107
0.088999 0.008284 0.868000 43 128 117
0.091244 0.008284 0.868000 45 130 119
0.093490 0.008284 0.868000 59 147 137
0.095736 0.008284 0.868000 62 150 140
0.097982 0.008284 0.868000 64 149 140
0.100112 0.008275 0.867000 63 148 139
0.102355 0.008275 0.867000 55 132 124
0.104478 0.008265 0.866000 29 106 98
0.106719 0.008265 0.866000 37 96 89
0.287769 0.008189 0.858000 130 133 134
0.289313 0.008170 0.856000 172 175 176
0.291187 0.008160 0.855000 199 202 201
0.293056 0.008151 0.854000 213 216 215
0.295266 0.008151 0.854000 222 223 217
0.297127 0.008141 0.853000 220 221 215
0.298983 0.008131 0.852000 202 201 201
0.301188 0.008131 0.852000 138 137 137
-0.400416 0.010412 0.858000 55 57 65
-0.398196 0.010412 0.858000 171 173 181
-0.395976 0.010412 0.858000 249 252 253
-0.394215 0.010424 0.859000 241 244 245
-0.392906 0.010448 0.861000 92 98 98
-0.147685 0.010436 0.860000 36 93 87
-0.145460 0.010436 0.860000 63 120 114
-0.143235 0.010436 0.860000 59 141 133
-0.141010 0.010436 0.860000 49 131 123
-0.138785 0.010436 0.860000 47 135 127
-0.136560 0.010436 0.860000 52 140 132
-0.134334 0.010436 0.860000 46 131 124
-0.132109 0.010436 0.860000 13 98 91
-0.129884 0.010436 0.860000 2 58 57
-0.127659 0.010436 0.860000 2 58 57
-0.125434 0.010436 0.860000 27 57 60
-0.123352 0.010448 0.861000 30 60 63
0.080015 0.010533 0.868000 17 53 51
0.082261 0.010533 0.868000 15 51 49
0.084507 0.010533 0.868000 14 56 55
0.086753 0.010533 0.868000 19 61 60
0.088999 0.010533 0.868000 13 70 66
0.091244 0.010533 0.868000 18 75 71
0.093490 0.010533 0.868000 33 106 99
0.095736 0.010533 0.868000 39 112 105
0.097982 0.010533 0.868000 43 128 119
0.100228 0.010533 0.868000 51 136 127
0.102474 0.010533 0.868000 52 140 130
0.104599 0.010521 0.867000 61 149 139
0.106842 0.010521 0.867000 64 149 138
0.108959 0.010509 0.866000 59 144 133
0.111200 0.010509 0.866000 55 132 124
0.113441 0.010509 0.866000 28 105 97
0.115815 0.010521 0.867000 8 67 62
0.283329 0.010412 0.858000 190 189 189
0.285216 0.010399 0.857000 223 222 222
0.286763 0.010375 0.855000 233 236 239
0.288637 0.010363 0.854000 235 238 241
0.290847 0.010363 0.854000 235 238 239
0.292370 0.010339 0.852000 247 250 251
0.294574 0.010339 0.852000 254 255 251
0.296779 0.010339 0.852000 254 255 251
0.298632 0.010327 0.851000 253 254 250
0.300834 0.010327 0.851000 204 205 201
0.303036 0.010327 0.851000 151 145 149
0.305238 0.010327 0.851000 168 162 166
-0.398196 0.012634 0.858000 145 147 155
-0.395976 0.012634 0.858000 244 246 252
-0.394215 0.012649 0.859000 247 249 255
-0.392906 0.012679 0.861000 111 119 120
-0.152135 0.012664 0.860000 46 105 100
-0.149910 0.012664 0.860000 65 124 119
-0.147685 0.012664 0.860000 51 133 125
-0.145629 0.012679 0.861000 49 131 123
-0.143402 0.012679 0.861000 50 135 126
-0.141174 0.012679 0.861000 53 138 129
-0.138946 0.012679 0.861000 39 114 111
-0.136718 0.012679 0.861000 21 96 93
-0.134491 0.012679 0.861000 7 60 62
-0.132263 0.012679 0.861000 13 66 68
-0.130035 0.012679 0.861000 28 56 60
0.088999 0.012782 0.868000 23 52 53
0.091244 0.012782 0.868000 17 46 47
0.093490 0.012782 0.868000 10 52 51
0.095736 0.012782 0.868000 8 50 49
0.097982 0.012782 0.868000 0 60 54
0.100228 0.012782 0.868000 18 80 74
0.102474 0.012782 0.868000 22 99 91
0.104719 0.012782 0.868000 40 117 109
0.106842 0.012767 0.867000 46 128 120
0.109085 0.012767 0.867000 51 133 125
0.111328 0.012767 0.867000 55 144 134
0.113572 0.012767 0.867000 63 152 142
0.115948 0.012782 0.868000 70 152 142
0.118194 0.012782 0.868000 59 141 131
0.120440 0.012782 0.868000 41 114 107
0.122686 0.012782 0.868000 21 94 87
0.124932 0.012782 0.868000 11 65 62
0.279539 0.012664 0.860000 131 134 133
0.281437 0.012649 0.859000 151 154 153
0.282999 0.012620 0.857000 232 231 231
0.284551 0.012590 0.855000 252 251 251
0.286427 0.012576 0.854000 235 238 239
0.288637 0.012576 0.854000 240 243 244
0.290165 0.012546 0.852000 229 232 233
0.292370 0.012546 0.852000 241 244 245
0.294229 0.012531 0.851000 252 255 251
0.296430 0.012531 0.851000 252 255 251
0.298632 0.012531 0.851000 253 254 250
0.300834 0.012531 0.851000 199 200 196
0.303036 0.012531 0.851000 161 155 159
0.304879 0.012517 0.850000 197 191 195
-0.398196 0.014857 0.858000 110 115 124
-0.395976 0.014857 0.858000 238 240 248
-0.394215 0.014875 0.859000 251 253 255
-0.392906 0.014909 0.861000 140 147 151
-0.158626 0.014875 0.859000 28 62 59
-0.156404 0.014875 0.859000 45 111 102
-0.154361 0.014892 0.860000 65 131 122
-0.152135 0.014892 0.860000 52 137 128
-0.149910 0.014892 0.860000 45 130 121
-0.147857 0.014909 0.861000 53 135 127
-0.145629 0.014909 0.861000 54 136 128
-0.143402 0.014909 0.861000 50 115 111
-0.141174 0.014909 0.861000 16 81 77
-0.139107 0.014927 0.862000 14 55 61
-0.137036 0.014944 0.863000 15 56 62
-0.134803 0.014944 0.863000 32 57 64
0.100228 0.015030 0.868000 13 44 42
0.102474 0.015030 0.868000 7 52 50
0.104719 0.015030 0.868000 3 48 46
0.106965 0.015030 0.868000 0 57 54
0.109211 0.015030 0.868000 10 73 70
0.111457 0.015030 0.868000 14 91 83
0.113703 0.015030 0.868000 34 111 103
0.115948 0.015030 0.868000 50 131 119
0.118194 0.015030 0.868000 66 147 135
0.120440 0.015030 0.868000 70 156 142
0.122686 0.015030 0.868000 66 152 138
0.124932 0.015030 0.868000 65 147 137
0.127178 0.015030 0.868000 51 133 123
0.129573 0.015048 0.869000 25 94 86
0.131821 0.015048 0.869000 1 70 62
0.273498 0.014927 0.862000 127 133 133
0.275409 0.014909 0.861000 195 195 195
0.277637 0.014909 0.861000 229 229 229
0.279539 0.014892 0.860000 228 231 230
0.281109 0.014857 0.858000 171 174 173
0.282669 0.014823 0.856000 214 215 211
0.284218 0.014788 0.854000 253 254 250
0.286427 0.014788 0.854000 251 251 251
0.288299 0.014771 0.853000 244 244 244
0.290165 0.014753 0.852000 233 236 235
0.292027 0.014736 0.851000 240 243 242
0.294229 0.014736 0.851000 252 255 249
0.296430 0.014736 0.851000 252 255 249
0.298632 0.014736 0.851000 253 254 248
0.300834 0.014736 0.851000 181 182 176
0.302680 0.014719 0.850000 170 164 168
0.304520 0.014701 0.849000 191 185 189
-0.399125 0.017120 0.860000 87 92 101
-0.396438 0.017100 0.859000 224 226 234
-0.394674 0.017120 0.860000 252 254 255
-0.392906 0.017140 0.861000 197 202 207
-0.392039 0.017200 0.864000 58 63 68
-0.163071 0.017100 0.859000 37 73 67
-0.160849 0.017100 0.859000 51 120 110
-0.158626 0.017100 0.859000 62 131 121
-0.156586 0.017120 0.860000 45 131 117
-0.154361 0.017120 0.860000 47 133 119
-0.152312 0.017140 0.861000 56 138 128
-0.150085 0.017140 0.861000 53 135 125
-0.147857 0.017140 0.861000 25 83 81
-0.145629 0.017140 0.861000 26 84 82
-0.143568 0.017160 0.862000 24 59 62
-0.141666 0.017200 0.864000 27 62 65
0.106965 0.017279 0.868000 11 45 44
0.109211 0.017279 0.868000 18 52 51
0.111457 0.017279 0.868000 7 54 51
0.113703 0.017279 0.868000 0 45 42
0.115948 0.017279 0.868000 10 72 66
0.118194 0.017279 0.868000 27 89 83
0.120579 0.017299 0.869000 25 98 91
0.122827 0.017299 0.869000 39 112 105
0.125076 0.017299 0.869000 49 134 125
0.127324 0.017299 0.869000 63 148 139
0.129573 0.017299 0.869000 62 151 141
0.131821 0.017299 0.869000 58 147 137
0.134069 0.017299 0.869000 56 137 125
0.136318 0.017299 0.869000 38 119 107
0.138566 0.017299 0.869000 19 81 73
0.140815 0.017299 0.869000 11 73 65
0.269662 0.017200 0.864000 149 152 153
0.271583 0.017180 0.863000 211 212 208
0.273498 0.017160 0.862000 245 246 242
0.275409 0.017140 0.861000 253 254 250
0.277637 0.017140 0.861000 254 255 251
0.279539 0.017120 0.860000 238 239 235
0.281109 0.017080 0.858000 185 186 182
0.282669 0.017040 0.856000 203 203 199
0.284218 0.017001 0.854000 237 237 233
0.286092 0.016981 0.853000 248 243 241
0.287961 0.016961 0.852000 243 238 236
0.289825 0.016941 0.851000 240 237 234
0.292027 0.016941 0.851000 254 251 248
0.294229 0.016941 0.851000 255 255 249
0.296430 0.016941 0.851000 255 255 249
0.298632 0.016941 0.851000 252 253 249
0.300834 0.016941 0.851000 164 165 161
0.302680 0.016921 0.850000 185 174 178
0.304520 0.016901 0.849000 189 178 182
-0.399589 0.019371 0.861000 73 75 83
-0.396900 0.019348 0.860000 202 201 212
-0.395133 0.019371 0.861000 253 252 255
-0.393362 0.019393 0.862000 227 229 235
-0.392039 0.019438 0.864000 73 75 81
-0.167711 0.019348 0.860000 57 93 87
-0.165486 0.019348 0.860000 60 125 114
-0.163261 0.019348 0.860000 72 137 126
-0.161036 0.019348 0.860000 54 135 123
-0.158811 0.019348 0.860000 53 134 122
-0.156768 0.019371 0.861000 58 136 125
-0.154540 0.019371 0.861000 51 129 118
-0.152312 0.019371 0.861000 34 93 88
-0.150259 0.019393 0.862000 12 71 66
-0.148200 0.019416 0.863000 24 57 59
-0.146137 0.019438 0.864000 24 57 59
0.118330 0.019551 0.869000 7 43 41
0.120579 0.019551 0.869000 0 45 41
0.122827 0.019551 0.869000 7 57 53
0.125076 0.019551 0.869000 12 77 73
0.127324 0.019551 0.869000 31 96 92
0.129573 0.019551 0.869000 39 119 112
0.131821 0.019551 0.869000 49 129 122
0.134069 0.019551 0.869000 62 144 136
0.136318 0.019551 0.869000 70 152 144
0.138566 0.019551 0.869000 71 156 147
0.140815 0.019551 0.869000 53 138 129
0.143063 0.019551 0.869000 30 106 96
0.145311 0.019551 0.869000 13 89 79
0.265191 0.019438 0.864000 134 137 138
0.267427 0.019438 0.864000 199 203 198
0.269662 0.019438 0.864000 236 240 235
0.271583 0.019416 0.863000 253 254 250
0.273816 0.019416 0.863000 254 255 251
0.275409 0.019371 0.861000 246 246 248
0.277637 0.019371 0.861000 208 208 210
0.279539 0.019348 0.860000 144 143 145
0.281109 0.019303 0.858000 98 97 99
0.282669 0.019258 0.856000 125 119 121
0.284218 0.019213 0.854000 150 144 146
0.286427 0.019213 0.854000 171 160 164
0.287961 0.019168 0.852000 183 172 176
0.290165 0.019168 0.852000 199 193 197
0.292027 0.019146 0.851000 221 215 219
0.294229 0.019146 0.851000 223 222 229
0.296430 0.019146 0.851000 223 222 229
0.298632 0.019146 0.851000 214 213 220
0.300834 0.019146 0.851000 158 157 164
0.302680 0.019123 0.850000 135 129 131
0.304520 0.019101 0.849000 123 117 119
-0.399589 0.021601 0.861000 63 65 73
-0.397361 0.021601 0.861000 174 172 183
-0.395133 0.021601 0.861000 253 251 255
-0.393362 0.021626 0.862000 242 245 248
-0.392039 0.021677 0.864000 102 105 108
-0.171961 0.021551 0.859000 43 86 80
-0.169937 0.021576 0.860000 60 134 122
-0.167711 0.021576 0.860000 67 141 129
-0.165486 0.021576 0.860000 57 138 124
-0.163261 0.021576 0.860000 57 138 124
-0.161223 0.021601 0.861000 60 136 126
-0.158996 0.021601 0.861000 48 124 114
-0.156950 0.021626 0.862000 20 74 69
-0.154899 0.021651 0.863000 6 60 55
-0.152843 0.021677 0.864000 43 74 72
-0.150782 0.021702 0.865000 36 67 65
0.127324 0.021802 0.869000 10 44 43
0.129573 0.021802 0.869000 0 54 51
0.131821 0.021802 0.869000 7 61 58
0.134069 0.021802 0.869000 20 90 86
0.136318 0.021802 0.869000 31 101 97
0.138566 0.021802 0.869000 40 125 116
0.140815 0.021802 0.869000 60 145 136
0.143063 0.021802 0.869000 64 153 143
0.145311 0.021802 0.869000 70 159 149
0.147560 0.021802 0.869000 60 142 132
0.149808 0.021802 0.869000 26 108 98
0.152057 0.021802 0.869000 19 76 70
0.261324 0.021727 0.866000 110 116 118
0.263564 0.021727 0.866000 188 194 192
0.265805 0.021727 0.866000 226 232 230
0.267736 0.021702 0.865000 249 252 251
0.269974 0.021702 0.865000 251 254 253
0.272212 0.021702 0.865000 239 239 241
0.274133 0.021677 0.864000 208 208 210
0.276049 0.021651 0.863000 123 121 128
0.277637 0.021601 0.861000 74 72 79
-0.397823 0.023860 0.862000 148 146 157
-0.395592 0.023860 0.862000 244 242 253
-0.393818 0.023887 0.863000 248 254 255
-0.392493 0.023943 0.865000 150 156 158
-0.390706 0.023970 0.866000 37 50 49
-0.176407 0.023777 0.859000 51 92 89
-0.174184 0.023777 0.859000 51 126 119
-0.171961 0.023777 0.859000 53 128 121
-0.169937 0.023804 0.860000 44 132 120
-0.167906 0.023832 0.861000 55 143 131
-0.165679 0.023832 0.861000 60 136 124
-0.163451 0.023832 0.861000 31 107 95
-0.161411 0.023860 0.862000 30 83 76
-0.159365 0.023887 0.863000 16 69 62
-0.157496 0.023943 0.865000 30 61 59
0.134378 0.024109 0.871000 0 40 38
0.136632 0.024109 0.871000 0 41 39
0.138726 0.024081 0.870000 0 63 61
0.140977 0.024081 0.870000 9 74 72
0.143228 0.024081 0.870000 12 92 83
0.145479 0.024081 0.870000 41 121 112
0.147560 0.024053 0.869000 47 129 119
0.149981 0.024081 0.870000 68 150 140
0.152232 0.024081 0.870000 66 147 135
0.154305 0.024053 0.869000 50 131 119
0.156554 0.024053 0.869000 41 107 100
0.158802 0.024053 0.869000 3 69 62
0.259083 0.023970 0.866000 141 147 147
0.261324 0.023970 0.866000 205 211 211
0.263564 0.023970 0.866000 241 247 245
0.265805 0.023970 0.866000 248 254 252
0.268046 0.023970 0.866000 249 249 251
0.270286 0.023970 0.866000 215 215 217
0.272527 0.023970 0.866000 120 118 127
0.274450 0.023943 0.865000 74 72 81
-0.398284 0.026123 0.863000 120 118 129
-0.395592 0.026093 0.862000 230 228 239
-0.393362 0.026093 0.862000 252 254 255
-0.392039 0.026153 0.864000 187 189 195
-0.390706 0.026214 0.866000 45 56 54
-0.180852 0.026002 0.859000 57 93 89
-0.178421 0.025972 0.858000 57 127 121
-0.176407 0.026002 0.859000 60 130 124
-0.174184 0.026002 0.859000 45 130 121
-0.172162 0.026032 0.860000 50 135 126
-0.170134 0.026063 0.861000 49 129 120
-0.167906 0.026063 0.861000 14 94 85
-0.165871 0.026093 0.862000 12 63 56
-0.163831 0.026123 0.863000 13 64 57
-0.161972 0.026184 0.865000 50 74 74
0.143392 0.026365 0.871000 8 60 58
0.145646 0.026365 0.871000 11 63 61
0.147730 0.026335 0.870000 19 85 78
0.149981 0.026335 0.870000 36 102 95
0.152232 0.026335 0.870000 42 123 111
0.154483 0.026335 0.870000 54 135 123
0.156554 0.026305 0.869000 64 152 140
0.158802 0.026305 0.869000 70 158 146
0.161050 0.026305 0.869000 62 139 131
0.163299 0.026305 0.869000 24 101 93
0.165547 0.026305 0.869000 19 76 72
0.254896 0.026244 0.867000 115 118 121
0.257139 0.026244 0.867000 185 188 191
0.259382 0.026244 0.867000 224 227 228
0.261625 0.026244 0.867000 247 250 251
0.264173 0.026274 0.868000 253 252 255
0.266419 0.026274 0.868000 210 209 216
0.268665 0.026274 0.868000 138 133 143
0.270910 0.026274 0.868000 82 77 87
-0.398746 0.028392 0.864000 83 81 92
-0.396051 0.028359 0.863000 196 194 205
-0.393818 0.028359 0.863000 253 253 255
-0.392039 0.028392 0.864000 230 230 234
-0.390706 0.028458 0.866000 69 75 75
-0.185512 0.028260 0.860000 44 70 68
-0.183074 0.028228 0.859000 60 124 116
-0.180852 0.028228 0.859000 65 129 121
-0.178629 0.028228 0.859000 53 134 122
-0.176612 0.028260 0.860000 56 137 125
-0.174387 0.028260 0.860000 53 133 126
-0.172362 0.028293 0.861000 4 84 77
-0.170332 0.028326 0.862000 4 63 58
-0.168296 0.028359 0.863000 3 62 57
-0.166448 0.028425 0.865000 33 59 59
0.147899 0.028622 0.871000 12 52 52
0.150153 0.028622 0.871000 17 57 57
0.152407 0.028622 0.871000 3 65 59
0.154483 0.028589 0.870000 15 77 71
0.156734 0.028589 0.870000 27 109 99
0.158985 0.028589 0.870000 46 128 118
0.161050 0.028556 0.869000 56 144 134
0.163299 0.028556 0.869000 63 151 141
0.165547 0.028556 0.869000 67 152 143
0.167796 0.028556 0.869000 44 129 120
0.170044 0.028556 0.869000 19 85 78
0.252944 0.028523 0.868000 133 136 139
0.255190 0.028523 0.868000 206 206 210
0.257436 0.028523 0.868000 238 238 242
0.259681 0.028523 0.868000 244 243 252
0.261927 0.028523 0.868000 225 224 233
0.264173 0.028523 0.868000 162 159 175
0.266419 0.028523 0.868000 88 85 101
-0.399207 0.030666 0.865000 55 53 64
-0.396510 0.030630 0.864000 166 164 175
-0.394275 0.030630 0.864000 250 248 255
-0.392493 0.030666 0.865000 252 250 255
-0.390706 0.030701 0.866000 106 109 110
-0.187519 0.030453 0.859000 59 114 106
-0.185297 0.030453 0.859000 75 130 122
-0.183074 0.030453 0.859000 61 130 122
-0.180852 0.030453 0.859000 63 132 124
-0.178837 0.030488 0.860000 58 132 122
-0.176817 0.030524 0.861000 18 92 82
-0.174590 0.030524 0.861000 0 58 56
-0.172762 0.030595 0.863000 0 57 55
-0.170727 0.030630 0.864000 22 58 56
0.154660 0.030878 0.871000 9 45 41
0.156734 0.030843 0.870000 1 60 55
0.158985 0.030843 0.870000 15 74 69
0.161050 0.030807 0.869000 13 88 83
0.163299 0.030807 0.869000 29 104 99
0.165547 0.030807 0.869000 49 134 127
0.167796 0.030807 0.869000 58 143 136
0.170044 0.030807 0.869000 66 154 144
0.172292 0.030807 0.869000 55 143 133
0.174541 0.030807 0.869000 42 113 104
0.176789 0.030807 0.869000 6 77 68
0.250698 0.030772 0.868000 161 161 163
0.252944 0.030772 0.868000 214 214 216
0.255190 0.030772 0.868000 246 246 250
0.257436 0.030772 0.868000 238 238 242
0.259981 0.030807 0.869000 185 183 199
0.262229 0.030807 0.869000 121 119 135
0.264477 0.030807 0.869000 69 66 80
-0.396969 0.032907 0.865000 120 118 127
-0.394731 0.032907 0.865000 240 235 243
-0.392493 0.032907 0.865000 255 252 255
-0.390706 0.032945 0.866000 170 173 174
-0.388914 0.032983 0.867000 44 47 48
-0.191964 0.032678 0.859000 34 82 76
-0.189521 0.032640 0.858000 69 117 111
-0.187301 0.032640 0.858000 64 130 121
-0.185081 0.032640 0.858000 70 136 127
-0.183074 0.032678 0.859000 66 132 125
-0.181062 0.032716 0.860000 48 114 107
-0.179045 0.032755 0.861000 5 57 53
-0.177023 0.032793 0.862000 2 54 50
-0.175198 0.032869 0.864000 21 56 57
0.161236 0.033097 0.870000 0 44 43
0.163299 0.033059 0.869000 8 55 54
0.165547 0.033059 0.869000 15 80 78
0.167796 0.033059 0.869000 29 94 92
0.170044 0.033059 0.869000 28 110 102
0.172292 0.033059 0.869000 52 134 126
0.174541 0.033059 0.869000 66 148 138
0.176789 0.033059 0.869000 72 154 144
0.179038 0.033059 0.869000 57 133 123
0.181286 0.033059 0.869000 19 95 85
0.183534 0.033059 0.869000 18 70 66
0.246206 0.033021 0.868000 102 105 106
0.248452 0.033021 0.868000 186 189 190
0.250698 0.033021 0.868000 223 226 227
0.252944 0.033021 0.868000 247 250 251
0.255484 0.033059 0.869000 231 233 241
0.257732 0.033059 0.869000 152 154 162
0.259981 0.033059 0.869000 81 81 99
-0.397428 0.035188 0.866000 84 83 92
-0.394731 0.035148 0.865000 213 208 220
-0.392493 0.035148 0.865000 255 251 255
-0.390706 0.035188 0.866000 214 217 218
-0.388914 0.035229 0.867000 53 56 57
-0.193961 0.034863 0.858000 62 100 98
-0.191741 0.034863 0.858000 46 115 107
-0.189521 0.034863 0.858000 60 129 121
-0.187301 0.034863 0.858000 70 134 128
-0.185297 0.034904 0.859000 47 111 105
-0.183500 0.034985 0.861000 13 59 54
-0.181273 0.034985 0.861000 12 58 53
-0.179461 0.035066 0.863000 30 59 60
0.167796 0.035310 0.869000 12 49 52
0.170044 0.035310 0.869000 7 64 60
0.172292 0.035310 0.869000 15 72 68
0.174541 0.035310 0.869000 26 99 92
0.176789 0.035310 0.869000 46 119 112
0.179038 0.035310 0.869000 63 143 134
0.181286 0.035310 0.869000 75 155 146
0.183534 0.035310 0.869000 78 155 147
0.185783 0.035310 0.869000 55 132 124
0.188031 0.035310 0.869000 25 84 79
0.244242 0.035310 0.869000 111 111 113
0.246206 0.035270 0.868000 201 201 203
0.250987 0.035310 0.869000 249 251 255
0.253235 0.035310 0.869000 220 222 228
0.255484 0.035310 0.869000 112 113 126
-0.397428 0.037432 0.866000 58 57 66
-0.394731 0.037389 0.865000 175 173 184
-0.392493 0.037389 0.865000 250 248 255
-0.390706 0.037432 0.866000 242 242 244
-0.388465 0.037432 0.866000 98 98 100
-0.196181 0.037086 0.858000 49 113 107
-0.193961 0.037086 0.858000 50 114 108
-0.191741 0.037086 0.858000 63 132 124
-0.189742 0.037129 0.859000 55 124 116
-0.187738 0.037173 0.860000 39 91 87
-0.185728 0.037216 0.861000 4 56 52
-0.183927 0.037302 0.863000 27 53 51
-0.182115 0.037389 0.865000 33 59 57
0.174541 0.037562 0.869000 15 60 58
0.176789 0.037562 0.869000 20 65 63
0.179038 0.037562 0.869000 20 82 76
0.181286 0.037562 0.869000 42 104 98
0.183534 0.037562 0.869000 54 131 123
0.185783 0.037562 0.869000 71 148 140
0.188031 0.037562 0.869000 75 155 148
0.190280 0.037562 0.869000 61 141 134
0.192528 0.037562 0.869000 70 134 128
0.194777 0.037562 0.869000 59 123 117
0.241993 0.037562 0.869000 138 137 139
0.244242 0.037562 0.869000 201 200 202
0.246490 0.037562 0.869000 243 238 246
0.248738 0.037562 0.869000 249 244 252
0.250987 0.037562 0.869000 190 188 204
0.253235 0.037562 0.869000 100 98 114
-0.394731 0.039630 0.865000 129 124 136
-0.392493 0.039630 0.865000 241 236 248
-0.390706 0.039676 0.866000 253 253 255
-0.388465 0.039676 0.866000 166 166 168
-0.387117 0.039767 0.868000 44 47 48
-0.200854 0.039355 0.859000 21 69 63
-0.198401 0.039309 0.858000 61 109 103
-0.196181 0.039309 0.858000 46 120 110
-0.193961 0.039309 0.858000 62 136 126
-0.191964 0.039355 0.859000 52 113 110
-0.190184 0.039447 0.861000 5 66 63
-0.188392 0.039538 0.863000 13 49 45
-0.186591 0.039630 0.865000 24 60 56
0.181286 0.039813 0.869000 30 66 64
0.183534 0.039813 0.869000 15 77 71
0.185783 0.039813 0.869000 29 91 85
0.188031 0.039813 0.869000 46 121 118
0.190280 0.039813 0.869000 71 146 143
0.192528 0.039813 0.869000 75 155 148
0.194777 0.039813 0.869000 82 162 155
0.197025 0.039813 0.869000 58 131 124
0.199273 0.039813 0.869000 25 98 91
0.239745 0.039813 0.869000 138 138 142
0.241993 0.039813 0.869000 209 205 210
0.244242 0.039813 0.869000 243 239 244
0.246490 0.039813 0.869000 242 234 252
0.248738 0.039813 0.869000 168 160 178
0.250987 0.039813 0.869000 60 57 76
-0.395187 0.041919 0.866000 84 79 89
-0.392947 0.041919 0.866000 213 208 218
-0.390706 0.041919 0.866000 253 253 255
-0.388465 0.041919 0.866000 224 224 226
-0.386671 0.041968 0.867000 65 68 67
-0.203077 0.041580 0.859000 50 74 72
-0.200621 0.041532 0.858000 45 111 102
-0.198401 0.041532 0.858000 52 118 109
-0.196409 0.041580 0.859000 71 140 132
-0.194413 0.041629 0.860000 40 109 101
-0.192635 0.041726 0.862000 1 47 42
-0.191067 0.041871 0.865000 13 59 54
0.188031 0.042064 0.869000 7 60 60
0.190280 0.042064 0.869000 21 74 74
0.192528 0.042064 0.869000 37 110 105
0.194777 0.042064 0.869000 54 127 122
0.197025 0.042064 0.869000 73 150 142
0.199273 0.042064 0.869000 82 159 151
0.201522 0.042064 0.869000 77 154 146
0.203770 0.042064 0.869000 38 115 107
0.206019 0.042064 0.869000 38 92 89
0.237496 0.042064 0.869000 153 153 155
0.239745 0.042064 0.869000 211 211 213
0.241993 0.042064 0.869000 246 241 249
0.244242 0.042064 0.869000 241 236 244
0.246490 0.042064 0.869000 147 136 169
0.249025 0.042113 0.870000 52 41 74
-0.395187 0.044163 0.866000 58 53 63
-0.392947 0.044163 0.866000 160 155 165
-0.390706 0.044163 0.866000 251 250 254
-0.388465 0.044163 0.866000 251 250 254
-0.386671 0.044214 0.867000 129 132 131
-0.384871 0.044265 0.868000 36 39 38
-0.205300 0.043806 0.859000 33 84 75
-0.202841 0.043755 0.858000 61 112 103
-0.200854 0.043806 0.859000 55 126 115
-0.198632 0.043806 0.859000 67 138 127
-0.196867 0.043908 0.861000 34 89 81
-0.194865 0.043959 0.862000 0 48 40
-0.193305 0.044112 0.865000 23 48 43
0.192528 0.044316 0.869000 23 65 66
0.195001 0.044367 0.870000 38 80 81
0.197025 0.044316 0.869000 21 86 82
0.199273 0.044316 0.869000 41 106 102
0.201522 0.044316 0.869000 68 145 139
0.203770 0.044316 0.869000 85 162 156
0.206019 0.044316 0.869000 87 162 157
0.208267 0.044316 0.869000 83 158 153
0.210515 0.044316 0.869000 51 105 102
0.233000 0.044316 0.869000 82 85 88
0.235248 0.044316 0.869000 157 160 163
0.237496 0.044316 0.869000 219 222 221
0.239745 0.044316 0.869000 244 247 246
0.241993 0.044316 0.869000 234 230 249
0.244242 0.044316 0.869000 138 134 153
0.247057 0.044418 0.871000 50 43 63
-0.392947 0.046406 0.866000 106 104 111
-0.390706 0.046406 0.866000 234 233 237
-0.388465 0.046406 0.866000 254 253 255
-0.386671 0.046460 0.867000 183 186 185
-0.384871 0.046514 0.868000 53 56 55
-0.207281 0.045978 0.858000 54 86 79
-0.205061 0.045978 0.858000 51 115 107
-0.202841 0.045978 0.858000 58 122 114
-0.200854 0.046031 0.859000 70 135 124
-0.199094 0.046138 0.861000 18 83 72
-0.197553 0.046299 0.864000 8 44 38
-0.195769 0.046406 0.866000 22 58 52
0.199273 0.046567 0.869000 25 65 65
0.201522 0.046567 0.869000 25 83 81
0.203770 0.046567 0.869000 47 105 103
0.206019 0.046567 0.869000 60 133 128
0.208267 0.046567 0.869000 82 155 150
0.210515 0.046567 0.869000 91 168 164
0.212764 0.046567 0.869000 71 148 144
0.215012 0.046567 0.869000 50 118 113
0.230751 0.046567 0.869000 84 92 93
0.233000 0.046567 0.869000 167 173 173
0.235248 0.046567 0.869000 217 223 223
0.237496 0.046567 0.869000 245 250 255
0.239745 0.046567 0.869000 218 223 228
0.242272 0.046621 0.870000 122 119 135
0.244804 0.046674 0.871000 39 36 52
-0.392947 0.048650 0.866000 64 64 68
-0.390706 0.048650 0.866000 202 200 207
-0.388465 0.048650 0.866000 253 251 255
-0.386671 0.048706 0.867000 234 237 236
-0.384871 0.048762 0.868000 91 94 93
-0.209500 0.048201 0.858000 39 94 84
-0.207039 0.048144 0.857000 49 104 94
-0.205061 0.048201 0.858000 59 125 116
-0.203077 0.048257 0.859000 69 135 126
-0.201322 0.048369 0.861000 25 76 67
-0.199788 0.048538 0.864000 5 56 47
0.206019 0.048819 0.869000 33 83 81
0.208267 0.048819 0.869000 45 95 93
0.210515 0.048819 0.869000 52 127 122
0.212764 0.048819 0.869000 85 160 155
0.215012 0.048819 0.869000 84 172 162
0.217261 0.048819 0.869000 70 158 148
0.219509 0.048819 0.869000 39 114 109
0.221758 0.048819 0.869000 0 75 70
0.228503 0.048819 0.869000 78 96 94
0.230751 0.048819 0.869000 163 181 179
0.233000 0.048819 0.869000 212 225 224
0.235248 0.048819 0.869000 239 252 251
0.237496 0.048819 0.869000 211 218 226
0.240021 0.048875 0.870000 103 110 118
0.242550 0.048931 0.871000 37 38 53
-0.393854 0.051011 0.868000 50 53 56
-0.391157 0.050952 0.867000 142 141 150
-0.388465 0.050894 0.866000 244 243 252
-0.386671 0.050952 0.867000 252 252 254
-0.384871 0.051011 0.868000 160 160 162
-0.382625 0.051011 0.868000 39 45 45
-0.211720 0.050423 0.858000 51 92 87
-0.209256 0.050365 0.857000 36 105 95
-0.207281 0.050423 0.858000 50 119 109
-0.205300 0.050482 0.859000 67 132 121
-0.203550 0.050600 0.861000 15 80 69
-0.202024 0.050776 0.864000 19 49 43
0.210515 0.051070 0.869000 17 69 67
0.212764 0.051070 0.869000 32 84 82
0.215012 0.051070 0.869000 43 123 116
0.217261 0.051070 0.869000 74 154 147
0.219509 0.051070 0.869000 88 177 169
0.221758 0.051070 0.869000 79 168 160
0.224006 0.051070 0.869000 55 130 123
0.226254 0.051070 0.869000 44 119 112
0.228503 0.051070 0.869000 148 189 184
0.230751 0.051070 0.869000 192 233 228
0.233000 0.051070 0.869000 234 251 252
0.235248 0.051070 0.869000 202 219 220
0.237496 0.051070 0.869000 103 109 120
0.240021 0.051129 0.870000 59 65 76
-0.391608 0.053260 0.868000 89 88 95
-0.388914 0.053199 0.867000 214 213 220
-0.386671 0.053199 0.867000 253 253 255
-0.384871 0.053260 0.868000 229 229 233
-0.382625 0.053260 0.868000 68 74 74
-0.214190 0.052708 0.859000 24 92 87
-0.211474 0.052585 0.857000 30 98 93
-0.209256 0.052585 0.857000 48 124 114
-0.207522 0.052708 0.859000 50 126 116
-0.205778 0.052830 0.861000 23 71 63
-0.204023 0.052953 0.863000 18 66 58
0.217261 0.053321 0.869000 26 76 74
0.219509 0.053321 0.869000 37 112 107
0.221758 0.053321 0.869000 73 148 143
0.224006 0.053321 0.869000 85 162 158
0.226254 0.053321 0.869000 111 188 184
0.228503 0.053321 0.869000 135 201 194
0.230751 0.053321 0.869000 173 239 232
0.233000 0.053321 0.869000 165 207 208
0.235248 0.053321 0.869000 71 113 114
-0.391608 0.055509 0.868000 57 56 65
-0.389362 0.055509 0.868000 168 167 176
-0.386671 0.055445 0.867000 245 244 251
-0.384871 0.055509 0.868000 249 248 255
-0.382625 0.055509 0.868000 122 125 126
-0.216412 0.054933 0.859000 37 78 75
-0.213940 0.054869 0.858000 24 99 92
-0.211474 0.054805 0.857000 52 127 120
-0.209745 0.054933 0.859000 55 124 116
-0.208005 0.055061 0.861000 5 74 66
-0.206256 0.055189 0.863000 31 61 55
0.219509 0.055573 0.869000 17 54 57
0.221758 0.055573 0.869000 43 80 83
0.224006 0.055573 0.869000 49 107 107
0.226254 0.055573 0.869000 64 122 122
0.228503 0.055573 0.869000 79 154 151
0.230751 0.055573 0.869000 113 188 185
0.233000 0.055573 0.869000 69 146 142
0.235248 0.055573 0.869000 27 104 100
0.237496 0.055573 0.869000 28 79 82
-0.389362 0.057758 0.868000 105 103 112
-0.387117 0.057758 0.868000 224 222 231
-0.384871 0.057758 0.868000 254 252 255
-0.382625 0.057758 0.868000 215 215 217
-0.380817 0.057824 0.869000 59 59 61
-0.218635 0.057159 0.859000 30 95 91
-0.216412 0.057159 0.859000 29 94 90
-0.214190 0.057159 0.859000 52 127 122
-0.212214 0.057225 0.860000 53 128 123
-0.210233 0.057292 0.861000 17 68 59
-0.208730 0.057491 0.864000 9 60 51
0.219509 0.057824 0.869000 69 79 86
0.221758 0.057824 0.869000 121 131 138
0.224006 0.057824 0.869000 115 140 147
0.226254 0.057824 0.869000 100 125 132
0.228503 0.057824 0.869000 52 113 112
0.230751 0.057824 0.869000 67 128 127
0.233000 0.057824 0.869000 84 171 166
0.235248 0.057824 0.869000 91 178 173
0.237496 0.057824 0.869000 56 141 134
0.240021 0.057891 0.870000 25 110 103
0.242272 0.057891 0.870000 23 84 81
-0.389362 0.060006 0.868000 62 61 70
-0.387117 0.060006 0.868000 174 172 183
-0.384871 0.060006 0.868000 250 248 255
-0.382625 0.060006 0.868000 244 244 246
-0.380379 0.060006 0.868000 130 130 132
-0.220857 0.059384 0.859000 33 69 65
-0.218635 0.059384 0.859000 27 104 98
-0.216664 0.059453 0.860000 51 128 122
-0.214688 0.059522 0.861000 64 133 125
-0.212954 0.059661 0.863000 13 82 74
-0.211210 0.059799 0.865000 32 63 59
0.217761 0.060214 0.871000 52 59 63
0.220014 0.060214 0.871000 129 124 136
0.222013 0.060145 0.870000 146 141 153
0.224264 0.060145 0.870000 167 172 188
0.226515 0.060145 0.870000 160 165 181
0.228766 0.060145 0.870000 72 108 114
0.231017 0.060145 0.870000 36 72 78
0.233268 0.060145 0.870000 23 97 97
0.235789 0.060214 0.871000 51 125 125
0.238043 0.060214 0.871000 76 167 161
0.240297 0.060214 0.871000 88 179 173
0.242550 0.060214 0.871000 72 161 153
0.244804 0.060214 0.871000 27 116 108
0.247057 0.060214 0.871000 20 81 78
-0.389362 0.062255 0.868000 41 43 49
-0.387117 0.062255 0.868000 108 105 119
-0.384871 0.062255 0.868000 224 221 235
-0.382625 0.062255 0.868000 254 254 255
-0.380379 0.062255 0.868000 209 209 213
-0.378569 0.062327 0.869000 58 58 58
-0.223599 0.061753 0.861000 26 85 80
-0.220857 0.061610 0.859000 40 99 94
-0.218635 0.061610 0.859000 55 132 126
-0.216916 0.061753 0.861000 55 132 126
-0.215436 0.061968 0.864000 9 64 56
-0.213694 0.062112 0.866000 6 61 53
0.217761 0.062470 0.871000 125 124 131
0.220014 0.062470 0.871000 148 142 157
0.222268 0.062470 0.871000 179 173 188
0.224521 0.062470 0.871000 179 176 197
0.226775 0.062470 0.871000 83 80 101
0.235789 0.062470 0.871000 31 72 78
0.238043 0.062470 0.871000 18 91 88
0.240297 0.062470 0.871000 36 109 106
0.242550 0.062470 0.871000 67 156 148
0.244804 0.062470 0.871000 89 178 170
0.247057 0.062470 0.871000 84 172 167
0.249311 0.062470 0.871000 68 156 151
0.251565 0.062470 0.871000 41 106 102
0.254110 0.062542 0.872000 38 103 99
-0.387117 0.064504 0.868000 60 58 72
-0.384871 0.064504 0.868000 180 178 192
-0.382625 0.064504 0.868000 250 250 254
-0.380379 0.064504 0.868000 243 243 247
-0.378569 0.064578 0.869000 114 117 116
-0.376754 0.064653 0.870000 43 46 45
-0.225827 0.063984 0.861000 40 72 65
-0.223599 0.063984 0.861000 20 96 86
-0.221372 0.063984 0.861000 49 125 115
-0.219144 0.063984 0.861000 66 139 132
-0.217672 0.064207 0.864000 2 75 68
-0.215935 0.064355 0.866000 17 51 48
0.215507 0.064727 0.871000 127 125 132
0.217761 0.064727 0.871000 182 180 187
0.220014 0.064727 0.871000 195 193 204
0.222268 0.064727 0.871000 200 198 209
0.224521 0.064727 0.871000 102 99 120
0.242550 0.064727 0.871000 24 92 87
0.244804 0.064727 0.871000 42 110 105
0.247057 0.064727 0.871000 62 149 144
0.249311 0.064727 0.871000 86 173 168
0.251853 0.064801 0.872000 94 185 179
0.254110 0.064801 0.872000 82 173 167
0.256366 0.064801 0.872000 56 133 127
0.258622 0.064801 0.872000 13 90 84
0.261177 0.064876 0.873000 21 71 69
-0.384871 0.066753 0.868000 113 118 127
-0.382625 0.066753 0.868000 233 232 239
-0.380379 0.066753 0.868000 254 253 255
-0.378569 0.066830 0.869000 203 209 207
-0.376321 0.066830 0.869000 63 69 67
-0.228055 0.066214 0.861000 15 75 65
-0.225827 0.066214 0.861000 40 100 90
-0.223340 0.066138 0.860000 45 123 112
-0.221372 0.066214 0.861000 66 144 133
-0.219907 0.066445 0.864000 20 77 71
-0.218428 0.066676 0.867000 0 51 45
0.211484 0.067137 0.873000 44 47 50
0.213743 0.067137 0.873000 131 134 137
0.216002 0.067137 0.873000 198 197 199
0.218011 0.067060 0.872000 233 232 234
0.220519 0.067137 0.873000 218 215 231
0.222778 0.067137 0.873000 115 112 128
0.224779 0.067060 0.872000 59 56 75
0.247341 0.067060 0.872000 16 81 81
0.249597 0.067060 0.872000 24 89 89
0.252142 0.067137 0.873000 40 128 123
0.254110 0.067060 0.872000 74 162 157
0.256366 0.067060 0.872000 87 179 170
0.258622 0.067060 0.872000 87 179 170
0.261177 0.067137 0.873000 79 161 155
0.262832 0.066983 0.871000 47 129 123
0.265086 0.066983 0.871000 23 84 83
-0.384871 0.069002 0.868000 62 64 72
-0.382625 0.069002 0.868000 191 193 201
-0.380379 0.069002 0.868000 249 251 255
-0.378569 0.069081 0.869000 245 248 247
-0.376321 0.069081 0.869000 128 131 130
-0.230550 0.068525 0.862000 35 61 59
-0.228055 0.068445 0.861000 22 97 82
-0.225827 0.068445 0.861000 32 107 92
-0.223599 0.068445 0.861000 67 141 129
-0.222143 0.068684 0.864000 14 88 76
-0.220671 0.068922 0.867000 11 45 42
0.211484 0.069399 0.873000 124 127 130
0.213743 0.069399 0.873000 198 201 204
0.216002 0.069399 0.873000 237 235 242
0.218261 0.069399 0.873000 236 234 241
0.220519 0.069399 0.873000 115 111 130
0.222778 0.069399 0.873000 61 57 76
0.252142 0.069399 0.873000 23 84 85
0.254401 0.069399 0.873000 26 87 88
0.256366 0.069320 0.872000 35 117 111
0.258622 0.069320 0.872000 75 157 151
0.261177 0.069399 0.873000 85 173 168
0.262832 0.069240 0.871000 89 177 172
0.265086 0.069240 0.871000 82 170 162
0.267340 0.069240 0.871000 68 156 148
0.269593 0.069240 0.871000 53 126 119
0.271535 0.069161 0.870000 19 92 85
0.273786 0.069161 0.870000 12 68 67
-0.385314 0.071332 0.869000 45 45 49
-0.382625 0.071250 0.868000 112 111 120
-0.380379 0.071250 0.868000 231 230 239
-0.378569 0.071332 0.869000 249 255 253
-0.376321 0.071332 0.869000 206 212 210
-0.374933 0.071497 0.871000 53 61 58
-0.230550 0.070758 0.862000 31 82 75
-0.228320 0.070758 0.862000 32 108 96
-0.225827 0.070676 0.861000 70 146 134
-0.224378 0.070922 0.864000 39 94 86
-0.222657 0.071086 0.866000 0 55 47
0.209226 0.071661 0.873000 114 114 118
0.211484 0.071661 0.873000 201 201 205
0.213743 0.071661 0.873000 240 240 244
0.216249 0.071743 0.874000 236 233 252
0.218511 0.071743 0.874000 126 123 142
0.221025 0.071825 0.875000 58 56 70
0.258918 0.071661 0.873000 33 80 77
0.260878 0.071579 0.872000 26 96 94
0.262832 0.071497 0.871000 46 116 114
0.265086 0.071497 0.871000 61 146 139
0.267340 0.071497 0.871000 86 171 164
0.269593 0.071497 0.871000 96 185 177
0.271535 0.071414 0.870000 93 182 174
0.273471 0.071332 0.869000 68 156 146
0.275719 0.071332 0.869000 48 136 126
0.277968 0.071332 0.869000 47 117 111
0.279894 0.071250 0.868000 24 94 88
0.282140 0.071250 0.868000 0 61 55
0.284058 0.071168 0.867000 18 82 76
0.285971 0.071086 0.866000 31 102 91
0.288211 0.071086 0.866000 35 106 95
0.290117 0.071004 0.865000 28 106 95
0.292017 0.070922 0.864000 24 102 91
-0.383066 0.073584 0.869000 62 64 72
-0.380379 0.073499 0.868000 176 178 186
-0.378569 0.073584 0.869000 246 252 254
-0.376321 0.073584 0.869000 246 252 254
-0.374933 0.073753 0.871000 118 126 123
-0.372680 0.073753 0.871000 29 37 34
-0.233050 0.073076 0.863000 21 92 81
-0.230550 0.072991 0.862000 26 97 86
-0.228584 0.073076 0.863000 71 147 137
-0.226614 0.073160 0.864000 35 111 101
-0.224898 0.073330 0.866000 0 38 34
0.207204 0.074007 0.874000 101 100 102
0.209465 0.074007 0.874000 183 182 184
0.211727 0.074007 0.874000 239 234 244
0.213988 0.074007 0.874000 242 237 247
0.216497 0.074092 0.875000 150 146 167
0.218761 0.074092 0.875000 51 47 68
0.265086 0.073753 0.871000 24 82 80
0.267340 0.073753 0.871000 36 94 92
0.269593 0.073753 0.871000 38 119 116
0.271847 0.073753 0.871000 66 147 144
0.273471 0.073584 0.869000 89 178 170
0.275719 0.073584 0.869000 100 189 181
0.277648 0.073499 0.868000 104 189 182
0.279894 0.073499 0.868000 97 182 175
0.281815 0.073414 0.867000 43 123 114
0.283730 0.073330 0.866000 10 90 81
0.285641 0.073245 0.865000 69 158 148
0.287546 0.073160 0.864000 64 153 143
0.289446 0.073076 0.863000 48 145 132
0.291341 0.072991 0.862000 46 143 130
0.293231 0.072906 0.861000 48 148 134
0.295458 0.072906 0.861000 72 172 158
0.297686 0.072906 0.861000 91 155 147
-0.380817 0.075835 0.869000 110 112 120
-0.378569 0.075835 0.869000 225 230 235
-0.376321 0.075835 0.869000 249 254 255
-0.374503 0.075922 0.870000 194 205 203
-0.372680 0.076010 0.871000 55 66 64
-0.235828 0.075486 0.865000 31 67 61
-0.233320 0.075399 0.864000 20 98 87
-0.231085 0.075399 0.864000 58 136 125
-0.229114 0.075486 0.865000 46 110 102
-0.227138 0.075573 0.866000 0 58 50
-0.225417 0.075748 0.868000 33 55 56
0.205177 0.076359 0.875000 77 77 81
0.207441 0.076359 0.875000 179 178 182
0.209705 0.076359 0.875000 229 228 232
0.211969 0.076359 0.875000 252 237 255
0.214233 0.076359 0.875000 163 148 168
0.216497 0.076359 0.875000 65 56 79
0.271847 0.076010 0.871000 23 75 73
0.273471 0.075835 0.869000 34 107 100
0.275719 0.075835 0.869000 68 141 134
0.277648 0.075748 0.868000 96 181 174
0.279894 0.075748 0.868000 91 176 169
0.281815 0.075661 0.867000 50 135 128
0.283730 0.075573 0.866000 14 99 92
0.285641 0.075486 0.865000 67 166 157
0.287213 0.075312 0.863000 51 150 141
0.288775 0.075137 0.861000 17 132 120
0.291003 0.075137 0.861000 21 136 124
0.293231 0.075137 0.861000 16 132 122
0.295115 0.075050 0.860000 45 161 151
0.297340 0.075050 0.860000 67 147 140
0.299217 0.074962 0.859000 45 125 118
-0.380817 0.078087 0.869000 61 60 67
-0.378569 0.078087 0.869000 172 174 182
-0.376321 0.078087 0.869000 245 247 255
-0.374503 0.078176 0.870000 241 249 250
-0.372680 0.078266 0.871000 119 127 128
-0.370851 0.078356 0.872000 35 43 42
-0.235828 0.077727 0.865000 34 89 81
-0.233590 0.077727 0.865000 52 126 114
-0.231620 0.077817 0.866000 47 121 109
-0.229379 0.077817 0.866000 7 55 47
-0.227663 0.077997 0.868000 19 67 59
0.202913 0.078626 0.875000 62 65 68
0.205177 0.078626 0.875000 158 161 164
0.207441 0.078626 0.875000 224 220 225
0.209705 0.078626 0.875000 250 246 251
0.211969 0.078626 0.875000 189 170 196
0.214233 0.078626 0.875000 73 54 80
0.275719 0.078087 0.869000 20 61 58
0.277648 0.077997 0.868000 28 91 88
0.279894 0.077997 0.868000 43 106 103
0.281490 0.077817 0.866000 0 71 68
0.283403 0.077727 0.865000 25 106 103
0.285310 0.077637 0.864000 48 147 138
0.286880 0.077458 0.862000 40 139 130
0.288775 0.077368 0.861000 14 130 120
0.290665 0.077278 0.860000 11 127 117
0.292549 0.077188 0.859000 10 134 123
0.294772 0.077188 0.859000 39 163 152
0.296649 0.077098 0.858000 58 146 136
0.298869 0.077098 0.858000 50 138 128
-0.378569 0.080338 0.869000 100 99 108
-0.376321 0.080338 0.869000 216 215 224
-0.374072 0.080338 0.869000 251 253 255
-0.372680 0.080523 0.871000 218 220 226
-0.370426 0.080523 0.871000 68 76 75
-0.238342 0.080061 0.866000 23 94 83
-0.236101 0.080061 0.866000 39 110 99
-0.233860 0.080061 0.866000 68 139 128
-0.231887 0.080153 0.867000 9 80 69
-0.229909 0.080245 0.868000 24 53 50
0.202913 0.080893 0.875000 144 147 148
0.205646 0.081078 0.877000 215 218 219
0.207915 0.081078 0.877000 251 249 255
0.210184 0.081078 0.877000 208 206 215
0.212453 0.081078 0.877000 71 59 83
0.279894 0.080245 0.868000 21 50 51
0.281490 0.080061 0.866000 0 55 54
0.283730 0.080061 0.866000 56 112 111
0.285310 0.079876 0.864000 47 129 123
0.286880 0.079691 0.862000 60 142 136
0.288775 0.079598 0.861000 43 148 137
0.290665 0.079506 0.860000 25 130 119
0.292549 0.079413 0.859000 27 138 127
0.294429 0.079321 0.858000 50 161 150
0.296649 0.079321 0.858000 69 149 140
0.298520 0.079229 0.857000 46 126 117
0.300387 0.079136 0.856000 78 116 112
-0.378569 0.082589 0.869000 60 58 67
-0.376321 0.082589 0.869000 151 149 158
-0.374072 0.082589 0.869000 243 241 248
-0.372680 0.082779 0.871000 250 248 255
-0.370426 0.082779 0.871000 147 150 151
-0.369018 0.082969 0.873000 49 52 53
-0.241138 0.082494 0.868000 44 80 76
-0.238342 0.082304 0.866000 19 97 84
-0.236101 0.082304 0.866000 66 144 131
-0.234130 0.082399 0.867000 50 108 99
-0.232155 0.082494 0.868000 6 64 55
0.201108 0.083350 0.877000 119 125 125
0.203377 0.083350 0.877000 204 212 211
0.205646 0.083350 0.877000 244 252 251
0.208152 0.083445 0.878000 222 223 236
0.210424 0.083445 0.878000 101 102 115
0.285971 0.082304 0.866000 5 56 57
0.287546 0.082114 0.864000 17 68 69
0.290117 0.082209 0.865000 26 102 101
0.292017 0.082114 0.864000 52 128 127
0.293571 0.081924 0.862000 69 156 151
0.295458 0.081829 0.861000 75 162 157
0.297686 0.081829 0.861000 83 140 136
0.299217 0.081639 0.859000 64 121 117
-0.376321 0.084841 0.869000 77 75 82
-0.374503 0.084938 0.870000 212 207 217
-0.372680 0.085036 0.871000 255 251 255
-0.370426 0.085036 0.871000 228 231 234
-0.368595 0.085134 0.872000 93 96 99
-0.243384 0.084743 0.868000 15 68 59
-0.240582 0.084548 0.866000 32 85 76
-0.238342 0.084548 0.866000 59 135 125
-0.236101 0.084548 0.866000 49 125 115
-0.234130 0.084645 0.867000 12 53 50
-0.232155 0.084743 0.868000 22 63 60
0.198385 0.085426 0.875000 101 107 107
0.201108 0.085622 0.877000 184 190 190
0.203377 0.085622 0.877000 239 247 248
0.205881 0.085719 0.878000 232 240 241
0.208389 0.085817 0.879000 122 126 140
0.294593 0.084450 0.865000 0 46 47
0.296488 0.084353 0.864000 9 58 59
0.298032 0.084157 0.862000 37 68 66
-0.376754 0.087192 0.870000 50 49 56
-0.374503 0.087192 0.870000 146 139 152
-0.372680 0.087293 0.871000 242 235 248
-0.370426 0.087293 0.871000 250 253 255
-0.368172 0.087293 0.871000 184 187 190
-0.366759 0.087493 0.873000 49 55 55
-0.243103 0.086892 0.867000 20 83 72
-0.240582 0.086791 0.866000 51 114 103
-0.238342 0.086791 0.866000 65 134 124
-0.236374 0.086892 0.867000 0 54 44
-0.234400 0.086992 0.868000 8 39 37
0.196121 0.087693 0.875000 93 96 99
0.198839 0.087894 0.877000 179 182 185
0.201108 0.087894 0.877000 233 236 239
0.203377 0.087894 0.877000 247 249 255
0.206115 0.088094 0.879000 147 149 159
0.208626 0.088195 0.880000 56 57 70
-0.374933 0.089549 0.871000 76 71 83
-0.372680 0.089549 0.871000 186 181 193
-0.370426 0.089549 0.871000 247 246 253
-0.368172 0.089549 0.871000 243 242 249
-0.366759 0.089755 0.873000 96 107 105
-0.245630 0.089241 0.868000 48 75 68
-0.243384 0.089241 0.868000 26 95 85
-0.241138 0.089241 0.868000 64 133 123
-0.238892 0.089241 0.868000 26 85 78
-0.236646 0.089241 0.868000 4 63 56
0.194301 0.090166 0.877000 73 76 79
0.196570 0.090166 0.877000 178 181 184
0.198839 0.090166 0.877000 231 230 237
0.201108 0.090166 0.877000 251 250 255
0.203609 0.090269 0.878000 169 166 182
0.206350 0.090474 0.880000 48 45 61
-0.374933 0.091806 0.871000 46 45 56
-0.372680 0.091806 0.871000 107 106 117
-0.370426 0.091806 0.871000 220 219 228
-0.368172 0.091806 0.871000 253 252 255
-0.365919 0.091806 0.871000 205 213 212
-0.364500 0.092016 0.873000 62 70 69
-0.245630 0.091489 0.868000 42 85 79
-0.243384 0.091489 0.868000 47 121 111
-0.241138 0.091489 0.868000 47 121 111
-0.238892 0.091489 0.868000 0 46 41
-0.236919 0.091595 0.869000 17 63 58
0.194301 0.092438 0.877000 158 160 166
0.196570 0.092438 0.877000 219 221 227
0.198839 0.092438 0.877000 255 248 255
0.201337 0.092543 0.878000 197 190 201
0.204073 0.092754 0.880000 63 59 78
-0.372680 0.094062 0.871000 61 60 67
-0.370426 0.094062 0.871000 159 157 168
-0.368172 0.094062 0.871000 239 237 248
-0.365919 0.094062 0.871000 249 249 253
-0.364083 0.094170 0.872000 158 158 162
-0.362656 0.094386 0.874000 42 50 51
-0.247875 0.093738 0.868000 15 77 69
-0.245630 0.093738 0.868000 39 101 93
-0.243384 0.093738 0.868000 68 139 130
-0.241138 0.093738 0.868000 0 69 60
-0.238892 0.093738 0.868000 25 56 52
0.192031 0.094710 0.877000 138 141 144
0.194301 0.094710 0.877000 215 214 218
0.196570 0.094710 0.877000 248 247 251
0.199065 0.094818 0.878000 222 208 235
0.201796 0.095034 0.880000 74 60 87
-0.370426 0.096319 0.871000 91 89 100
-0.368172 0.096319 0.871000 198 196 207
-0.365919 0.096319 0.871000 253 252 255
-0.363665 0.096319 0.871000 226 225 229
-0.362241 0.096540 0.873000 98 104 106
-0.247875 0.095987 0.868000 16 90 78
-0.245630 0.095987 0.868000 62 136 124
-0.243384 0.095987 0.868000 61 124 113
-0.241138 0.095987 0.868000 0 59 48
-0.239167 0.096098 0.869000 41 61 56
0.189762 0.096982 0.877000 128 131 132
0.192031 0.096982 0.877000 202 205 206
0.194522 0.097093 0.878000 249 248 255
0.196794 0.097093 0.878000 231 230 237
0.199519 0.097314 0.880000 99 92 114
-0.370426 0.098575 0.871000 50 45 55
-0.368172 0.098575 0.871000 127 122 132
-0.365919 0.098575 0.871000 231 229 236
-0.363665 0.098575 0.871000 253 251 255
-0.361412 0.098575 0.871000 191 194 195
-0.359983 0.098802 0.873000 69 72 73
-0.250409 0.098349 0.869000 20 58 54
-0.247875 0.098236 0.868000 27 105 94
-0.245630 0.098236 0.868000 77 155 144
-0.243384 0.098236 0.868000 15 73 64
-0.241416 0.098349 0.869000 5 63 54
0.187493 0.099254 0.877000 120 123 126
0.189762 0.099254 0.877000 195 201 199
0.192250 0.099368 0.878000 242 248 246
0.194522 0.099368 0.878000 231 236 243
0.197018 0.099481 0.879000 119 124 131
-0.368172 0.100832 0.871000 74 70 75
-0.365919 0.100832 0.871000 181 176 186
-0.363665 0.100832 0.871000 246 241 251
-0.361412 0.100832 0.871000 247 247 249
-0.359570 0.100948 0.872000 139 139 141
-0.357724 0.101063 0.873000 45 48 47
-0.250409 0.100600 0.869000 33 86 77
-0.248161 0.100600 0.869000 61 142 128
-0.245913 0.100600 0.869000 47 128 114
-0.243664 0.100600 0.869000 19 65 60
-0.241416 0.100600 0.869000 34 80 75
0.185224 0.101527 0.877000 101 104 105
0.187493 0.101527 0.877000 192 195 196
0.189762 0.101527 0.877000 237 245 244
0.192250 0.101642 0.878000 240 248 247
0.194744 0.101758 0.879000 128 134 145
0.197242 0.101874 0.880000 50 56 67
-0.365919 0.103088 0.871000 105 98 109
-0.363665 0.103088 0.871000 210 203 214
-0.361412 0.103088 0.871000 250 249 251
-0.359570 0.103207 0.872000 223 222 224
-0.357724 0.103325 0.873000 96 99 98
-0.252658 0.102852 0.869000 11 71 61
-0.250409 0.102852 0.869000 42 102 92
-0.248161 0.102852 0.869000 73 149 137
-0.245913 0.102852 0.869000 6 82 70
-0.243664 0.102852 0.869000 27 63 61
0.182955 0.103799 0.877000 87 87 91
0.185224 0.103799 0.877000 181 184 183
0.187493 0.103799 0.877000 236 239 238
0.189979 0.103917 0.878000 246 253 255
0.192469 0.104035 0.879000 171 178 182
0.194965 0.104154 0.880000 44 48 62
-0.366339 0.105466 0.872000 53 49 54
-0.363665 0.105345 0.871000 146 142 147
-0.361412 0.105345 0.871000 229 228 232
-0.359570 0.105466 0.872000 252 251 255
-0.357724 0.105587 0.873000 170 173 172
-0.355872 0.105708 0.874000 63 66 65
-0.252658 0.105103 0.869000 7 76 66
-0.250409 0.105103 0.869000 67 136 126
-0.248161 0.105103 0.869000 59 133 123
-0.245913 0.105103 0.869000 0 62 52
-0.243945 0.105224 0.870000 34 60 62
0.180686 0.106071 0.877000 77 80 83
0.182955 0.106071 0.877000 162 165 168
0.185435 0.106192 0.878000 232 232 234
0.187707 0.106192 0.878000 251 251 253
0.190195 0.106313 0.879000 194 192 208
0.192688 0.106434 0.880000 59 57 73
-0.364083 0.107725 0.872000 78 74 75
-0.361826 0.107725 0.872000 170 168 175
-0.359570 0.107725 0.872000 240 238 245
-0.357724 0.107849 0.873000 247 250 251
-0.355465 0.107849 0.873000 147 150 151
-0.354016 0.108096 0.875000 55 63 64
-0.254906 0.107355 0.869000 28 62 59
-0.252658 0.107355 0.869000 23 96 89
-0.250409 0.107355 0.869000 72 145 138
-0.248161 0.107355 0.869000 29 95 88
-0.246196 0.107478 0.870000 0 59 52
0.178417 0.108343 0.877000 66 78 80
0.180686 0.108343 0.877000 167 170 173
0.183164 0.108466 0.878000 222 225 228
0.185435 0.108466 0.878000 253 248 255
0.187921 0.108590 0.879000 197 192 204
0.190411 0.108713 0.880000 62 55 77
-0.364500 0.110110 0.873000 45 44 44
-0.362241 0.110110 0.873000 98 96 105
-0.359983 0.110110 0.873000 196 194 203
-0.357724 0.110110 0.873000 248 251 254
-0.355465 0.110110 0.873000 228 231 234
-0.354016 0.110363 0.875000 119 125 127
-0.254906 0.109606 0.869000 24 64 64
-0.252658 0.109606 0.869000 58 131 128
-0.250409 0.109606 0.869000 67 140 137
-0.248447 0.109732 0.870000 2 53 54
-0.246479 0.109858 0.871000 12 63 64
0.176148 0.110615 0.877000 64 70 72
0.178417 0.110615 0.877000 155 161 163
0.180892 0.110741 0.878000 223 219 222
0.183164 0.110741 0.878000 254 250 253
0.185646 0.110867 0.879000 211 197 224
0.188135 0.110993 0.880000 72 58 85
-0.362241 0.112372 0.873000 52 50 57
-0.359983 0.112372 0.873000 123 121 128
-0.357724 0.112372 0.873000 226 224 233
-0.355465 0.112372 0.873000 252 250 255
-0.354016 0.112630 0.875000 205 208 209
-0.351752 0.112630 0.875000 78 81 82
-0.254906 0.111857 0.869000 39 86 85
-0.252658 0.111857 0.869000 68 135 137
-0.250698 0.111986 0.870000 44 111 113
-0.248732 0.112115 0.871000 1 40 45
-0.246479 0.112115 0.871000 13 52 57
0.173879 0.112887 0.877000 45 53 54
0.176148 0.112887 0.877000 148 147 149
0.178620 0.113016 0.878000 217 216 218
0.180892 0.113016 0.878000 255 245 255
0.183164 0.113016 0.878000 230 216 231
0.185646 0.113144 0.879000 83 69 94
-0.360395 0.114765 0.874000 68 67 71
-0.358134 0.114765 0.874000 169 167 176
-0.355465 0.114634 0.873000 244 242 251
-0.353611 0.114765 0.874000 244 247 248
-0.351752 0.114897 0.875000 156 159 160
-0.350287 0.115159 0.877000 57 63 63
-0.257155 0.114109 0.869000 16 69 69
-0.254906 0.114109 0.869000 50 103 103
-0.252949 0.114240 0.870000 74 136 140
-0.250986 0.114371 0.871000 27 89 93
-0.248732 0.114371 0.871000 13 45 52
0.171805 0.115290 0.878000 43 49 51
0.173879 0.115159 0.877000 126 132 134
0.176348 0.115290 0.878000 206 202 207
0.178620 0.115290 0.878000 250 246 251
0.180892 0.115290 0.878000 242 227 245
0.183372 0.115422 0.879000 110 95 113
-0.360807 0.117163 0.875000 46 45 47
-0.358543 0.117163 0.875000 90 88 99
-0.355872 0.117030 0.874000 194 192 203
-0.353611 0.117030 0.874000 247 247 251
-0.351752 0.117163 0.875000 243 243 247
-0.350287 0.117431 0.877000 124 130 130
-0.348414 0.117565 0.878000 36 42 42
-0.257451 0.116494 0.870000 20 81 78
-0.255200 0.116494 0.870000 61 122 119
-0.253239 0.116628 0.871000 70 131 132
-0.250986 0.116628 0.871000 2 63 64
-0.248732 0.116628 0.871000 28 53 58
0.171805 0.117565 0.878000 114 120 122
0.174077 0.117565 0.878000 179 185 187
0.176348 0.117565 0.878000 244 237 246
0.178620 0.117565 0.878000 237 230 239
0.180892 0.117565 0.878000 115 103 125
-0.358543 0.119430 0.875000 47 46 55
-0.356279 0.119430 0.875000 115 114 123
-0.354016 0.119430 0.875000 215 213 222
-0.351752 0.119430 0.875000 252 250 255
-0.350287 0.119703 0.877000 212 218 218
-0.348017 0.119703 0.877000 75 81 81
-0.257451 0.118748 0.870000 29 94 92
-0.255200 0.118748 0.870000 77 142 140
-0.253239 0.118884 0.871000 46 104 104
-0.250986 0.118884 0.871000 0 48 48
0.169533 0.119840 0.878000 105 113 114
0.171805 0.119840 0.878000 190 193 196
0.174077 0.119840 0.878000 235 238 241
0.176348 0.119840 0.878000 246 241 253
0.178620 0.119840 0.878000 138 133 145
-0.356279 0.121697 0.875000 53 55 61
-0.354016 0.121697 0.875000 149 143 158
-0.351752 0.121697 0.875000 228 222 237
-0.349488 0.121697 0.875000 252 248 253
-0.348017 0.121975 0.877000 189 185 190
-0.346143 0.122115 0.878000 70 73 74
-0.257451 0.121002 0.870000 43 111 108
-0.253239 0.121141 0.871000 12 68 67
-0.250986 0.121141 0.871000 0 51 50
0.167452 0.122254 0.879000 98 104 106
0.169726 0.122254 0.879000 170 176 178
0.172001 0.122254 0.879000 231 234 235
0.174275 0.122254 0.879000 247 250 251
0.176549 0.122254 0.879000 144 142 158
0.178824 0.122254 0.879000 57 55 71
-0.354016 0.123964 0.875000 75 70 82
-0.351752 0.123964 0.875000 170 165 177
-0.349488 0.123964 0.875000 242 237 247
-0.348017 0.124248 0.877000 242 237 247
-0.345748 0.124248 0.877000 153 151 158
-0.344262 0.124531 0.879000 58 56 63
-0.255493 0.123398 0.871000 75 145 139
-0.253239 0.123398 0.871000 4 56 54
-0.250986 0.123398 0.871000 0 52 50
-0.249303 0.123681 0.873000 26 45 49
0.165178 0.124531 0.879000 81 81 85
0.167643 0.124673 0.880000 176 179 180
0.169920 0.124673 0.880000 222 225 226
0.172196 0.124673 0.880000 241 246 251
0.174473 0.124673 0.880000 167 172 177
0.176750 0.124673 0.880000 55 56 71
-0.354825 0.126520 0.877000 42 40 49
-0.352556 0.126520 0.877000 95 93 102
-0.349488 0.126231 0.875000 202 196 211
-0.348017 0.126520 0.877000 247 241 255
-0.345748 0.126520 0.877000 230 228 235
-0.343871 0.126664 0.878000 122 120 127
-0.342377 0.126953 0.880000 38 41 44
-0.257746 0.125654 0.871000 65 133 128
-0.255493 0.125654 0.871000 63 131 126
-0.253239 0.125654 0.871000 0 41 40
-0.250986 0.125654 0.871000 1 48 47
0.163089 0.126953 0.880000 87 87 89
0.165366 0.126953 0.880000 158 158 160
0.167643 0.126953 0.880000 206 209 208
0.169920 0.126953 0.880000 243 246 245
0.172196 0.126953 0.880000 186 191 198
0.174473 0.126953 0.880000 62 67 74
-0.352556 0.128792 0.877000 49 47 56
-0.350287 0.128792 0.877000 127 121 136
-0.348017 0.128792 0.877000 217 211 226
-0.345748 0.128792 0.877000 251 250 255
-0.343479 0.128792 0.877000 221 220 227
-0.341988 0.129086 0.879000 79 82 85
-0.260000 0.127911 0.871000 23 64 57
-0.257746 0.127911 0.871000 71 139 136
-0.255493 0.127911 0.871000 54 122 119
-0.253239 0.127911 0.871000 2 44 45
-0.251562 0.128204 0.873000 10 52 53
0.160812 0.129232 0.880000 71 74 77
0.163089 0.129232 0.880000 151 154 155
0.165554 0.129379 0.881000 195 198 199
0.167833 0.129379 0.881000 242 245 248
0.170306 0.129526 0.882000 202 205 208
0.172588 0.129526 0.882000 92 97 106
-0.350287 0.131064 0.877000 55 52 66
-0.348017 0.131064 0.877000 152 149 163
-0.345748 0.131064 0.877000 231 229 240
-0.343479 0.131064 0.877000 251 249 255
-0.341599 0.131213 0.878000 178 181 184
-0.340100 0.131512 0.880000 55 58 61
-0.260000 0.130167 0.871000 52 93 90
-0.257746 0.130167 0.871000 80 143 142
-0.255493 0.130167 0.871000 15 78 77
-0.253530 0.130317 0.872000 19 56 59
0.158715 0.131662 0.881000 67 67 71
0.160995 0.131662 0.881000 152 152 156
0.163460 0.131811 0.882000 181 181 185
0.165742 0.131811 0.882000 235 235 239
0.168214 0.131961 0.883000 208 206 220
0.170499 0.131961 0.883000 73 71 85
-0.350287 0.133336 0.877000 42 40 51
-0.348017 0.133336 0.877000 75 73 84
-0.345748 0.133336 0.877000 169 163 180
-0.343479 0.133336 0.877000 243 237 254
-0.341210 0.133336 0.877000 248 246 253
-0.339714 0.133640 0.879000 150 148 155
-0.338207 0.133944 0.881000 42 47 52
-0.260000 0.132424 0.871000 65 110 108
-0.257746 0.132424 0.871000 82 143 144
-0.255493 0.132424 0.871000 0 56 57
-0.253821 0.132728 0.873000 24 54 59
0.156436 0.133944 0.881000 47 52 57
0.158895 0.134096 0.882000 147 147 151
0.161178 0.134096 0.882000 204 204 208
0.163645 0.134248 0.883000 240 239 246
0.165930 0.134248 0.883000 217 216 223
0.168214 0.134248 0.883000 74 71 94
-0.348017 0.135608 0.877000 38 36 45
-0.345748 0.135608 0.877000 90 84 101
-0.343479 0.135608 0.877000 195 189 206
-0.341210 0.135608 0.877000 251 244 255
-0.339327 0.135763 0.878000 239 232 243
-0.337824 0.136072 0.880000 122 121 125
-0.260000 0.134680 0.871000 66 113 112
-0.257746 0.134680 0.871000 85 141 142
-0.255493 0.134680 0.871000 0 50 51
-0.253821 0.134990 0.873000 18 43 50
0.154331 0.136381 0.882000 49 51 57
0.156613 0.136381 0.882000 131 133 139
0.159076 0.136536 0.883000 191 190 192
0.161360 0.136536 0.883000 240 239 241
0.163645 0.136536 0.883000 220 213 235
0.166117 0.136691 0.884000 85 78 100
-0.345748 0.137880 0.877000 37 32 44
-0.343479 0.137880 0.877000 98 93 105
-0.341210 0.137880 0.877000 218 211 224
-0.339327 0.138037 0.878000 255 248 255
-0.337440 0.138195 0.879000 222 220 227
-0.335547 0.138352 0.880000 105 103 110
-0.262254 0.136937 0.871000 11 61 57
-0.260000 0.136937 0.871000 70 120 116
-0.257746 0.136937 0.871000 83 139 140
-0.255493 0.136937 0.871000 0 44 45
-0.253821 0.137251 0.873000 22 45 50
0.152049 0.138666 0.882000 46 46 50
0.154331 0.138666 0.882000 124 123 125
0.156791 0.138824 0.883000 190 189 191
0.159076 0.138824 0.883000 240 233 242
0.161543 0.138981 0.884000 225 218 227
0.164016 0.139138 0.885000 92 83 104
-0.343479 0.140152 0.877000 50 45 53
-0.341210 0.140152 0.877000 153 148 158
-0.338941 0.140152 0.877000 232 227 237
-0.337056 0.140312 0.878000 251 250 255
-0.335165 0.140472 0.879000 209 208 215
-0.333648 0.140792 0.881000 55 61 63
-0.262254 0.139194 0.871000 13 67 62
-0.260000 0.139194 0.871000 74 128 123
-0.257746 0.139194 0.871000 72 130 128
-0.255786 0.139353 0.872000 0 49 47
-0.253821 0.139513 0.873000 23 47 49
0.149767 0.140951 0.882000 47 46 48
0.152049 0.140951 0.882000 111 110 112
0.154506 0.141111 0.883000 175 169 171
0.156969 0.141271 0.884000 237 231 233
0.159436 0.141431 0.885000 232 217 237
0.161726 0.141431 0.885000 103 88 108
-0.341210 0.142424 0.877000 70 65 75
-0.338941 0.142424 0.877000 164 159 169
-0.337056 0.142587 0.878000 238 237 244
-0.335165 0.142749 0.879000 252 251 255
-0.333270 0.142912 0.880000 175 183 182
-0.331369 0.143074 0.881000 52 60 59
-0.262254 0.141450 0.871000 8 65 59
-0.260000 0.141450 0.871000 79 136 130
-0.257746 0.141450 0.871000 53 115 109
-0.255786 0.141612 0.872000 0 53 47
-0.254112 0.141937 0.874000 23 45 44
0.147318 0.143074 0.881000 40 40 40
0.149767 0.143236 0.882000 117 116 116
0.152222 0.143399 0.883000 182 181 181
0.154681 0.143561 0.884000 233 222 228
0.157146 0.143724 0.885000 239 228 234
0.159616 0.143886 0.886000 115 97 118
0.161909 0.143886 0.886000 59 41 62
-0.339327 0.144862 0.878000 77 76 85
-0.337056 0.144862 0.878000 171 173 183
-0.335165 0.145027 0.879000 241 243 253
-0.332891 0.145027 0.879000 245 251 251
-0.330993 0.145192 0.880000 148 154 154
-0.329463 0.145522 0.882000 29 40 40
-0.262254 0.143707 0.871000 20 79 72
-0.260000 0.143707 0.871000 85 144 137
-0.257746 0.143707 0.871000 39 102 91
-0.255786 0.143872 0.872000 0 51 40
0.147485 0.145522 0.882000 102 105 106
0.149937 0.145687 0.883000 169 168 168
0.152222 0.145687 0.883000 229 228 228
0.154856 0.146017 0.885000 242 225 239
0.157324 0.146182 0.886000 121 104 118
0.159616 0.146182 0.886000 54 41 61
-0.337056 0.147136 0.878000 79 80 95
-0.334784 0.147136 0.878000 187 188 203
-0.332891 0.147304 0.879000 245 248 251
-0.330993 0.147471 0.880000 240 243 246
-0.329090 0.147639 0.881000 121 132 128
-0.327181 0.147807 0.882000 26 37 33
-0.262254 0.145963 0.871000 18 82 76
-0.260000 0.145963 0.871000 79 143 137
-0.257746 0.145963 0.871000 34 96 88
-0.255786 0.146131 0.872000 0 46 38
0.145203 0.147807 0.882000 102 102 104
0.147485 0.147807 0.882000 172 172 174
0.149937 0.147974 0.883000 226 220 222
0.152394 0.148142 0.884000 240 234 236
0.155031 0.148477 0.886000 123 107 130
0.157324 0.148477 0.886000 52 36 59
-0.337056 0.149411 0.878000 39 38 47
-0.334784 0.149411 0.878000 93 92 101
-0.332891 0.149581 0.879000 207 206 217
-0.330617 0.149581 0.879000 251 250 255
-0.328716 0.149751 0.880000 230 238 235
-0.326810 0.149921 0.881000 111 119 116
-0.324899 0.150092 0.882000 30 42 44
-0.262254 0.148220 0.871000 25 88 85
-0.260000 0.148220 0.871000 77 140 137
-0.257746 0.148220 0.871000 34 93 86
-0.256080 0.148560 0.873000 0 48 41
0.142921 0.150092 0.882000 96 107 107
0.145203 0.150092 0.882000 176 176 176
0.147652 0.150262 0.883000 231 231 231
0.150107 0.150432 0.884000 243 232 249
0.152567 0.150602 0.885000 127 116 133
0.155031 0.150772 0.886000 52 41 60
-0.335165 0.151858 0.879000 39 35 40
-0.332891 0.151858 0.879000 121 116 128
-0.330617 0.151858 0.879000 217 212 224
-0.328716 0.152031 0.880000 249 252 255
-0.326439 0.152031 0.880000 219 222 225
-0.324531 0.152204 0.881000 77 85 82
-0.262254 0.150476 0.871000 38 99 96
-0.260000 0.150476 0.871000 75 136 133
-0.257746 0.150476 0.871000 34 91 85
-0.256080 0.150822 0.873000 0 48 42
0.140480 0.152204 0.881000 92 100 99
0.142921 0.152377 0.882000 169 177 176
0.145368 0.152550 0.883000 232 231 233
0.147652 0.152550 0.883000 246 245 247
0.150107 0.152722 0.884000 141 131 145
0.152739 0.153068 0.886000 49 39 53
-0.333270 0.154311 0.880000 51 41 53
-0.330617 0.154136 0.879000 131 121 133
-0.328716 0.154311 0.880000 219 217 224
-0.326439 0.154311 0.880000 251 249 255
-0.324162 0.154311 0.880000 200 206 204
-0.322617 0.154662 0.882000 70 76 74
-0.262254 0.152733 0.871000 44 102 100
-0.260000 0.152733 0.871000 78 136 134
-0.257746 0.152733 0.871000 35 89 84
-0.256080 0.153084 0.873000 0 47 42
0.138357 0.154662 0.882000 100 106 106
0.140639 0.154662 0.882000 167 170 171
0.143083 0.154837 0.883000 219 222 223
0.145368 0.154837 0.883000 247 240 251
0.147820 0.155013 0.884000 147 140 151
0.150277 0.155188 0.885000 65 55 67
-0.330993 0.156591 0.880000 58 48 58
-0.328716 0.156591 0.880000 143 136 149
-0.326439 0.156591 0.880000 225 218 231
-0.324162 0.156591 0.880000 249 252 253
-0.322251 0.156769 0.881000 195 198 199
-0.320335 0.156947 0.882000 58 64 64
-0.262254 0.154989 0.871000 54 112 110
-0.260000 0.154989 0.871000 77 135 133
-0.257746 0.154989 0.871000 35 89 84
-0.256080 0.155345 0.873000 0 49 44
0.136075 0.156947 0.882000 94 100 100
0.138357 0.156947 0.882000 168 174 174
0.140799 0.157125 0.883000 237 236 240
0.143083 0.157125 0.883000 245 244 248
0.145532 0.157303 0.884000 151 144 157
0.147987 0.157481 0.885000 72 65 78
-0.329090 0.159051 0.881000 55 53 64
-0.326439 0.158871 0.880000 147 145 156
-0.324162 0.158871 0.880000 229 228 235
-0.321885 0.158871 0.880000 251 250 255
-0.319972 0.159051 0.881000 193 196 195
-0.318053 0.159232 0.882000 59 62 61
-0.262254 0.157246 0.871000 48 105 101
-0.260000 0.157246 0.871000 83 140 136
-0.258042 0.157427 0.872000 37 91 86
-0.256080 0.157607 0.873000 0 53 48
0.133945 0.159412 0.883000 105 108 111
0.136229 0.159412 0.883000 172 172 174
0.138514 0.159412 0.883000 215 215 217
0.140958 0.159593 0.884000 248 241 254
0.143245 0.159593 0.884000 151 144 157
0.145697 0.159774 0.885000 53 51 62
-0.327181 0.161517 0.882000 54 53 60
-0.324531 0.161334 0.881000 165 164 175
-0.322251 0.161334 0.881000 228 227 238
-0.319972 0.161334 0.881000 249 252 253
-0.318053 0.161517 0.882000 191 194 195
-0.316129 0.161700 0.883000 40 50 55
-0.262555 0.159686 0.872000 40 102 96
-0.260299 0.159686 0.872000 73 135 129
-0.258338 0.159869 0.873000 37 92 84
-0.256373 0.160052 0.874000 2 57 49
0.131958 0.162066 0.885000 107 110 113
0.134096 0.161883 0.884000 176 179 182
0.136384 0.161883 0.884000 228 222 226
0.138671 0.161883 0.884000 242 236 240
0.143407 0.162066 0.885000 57 50 70
-0.324899 0.163802 0.882000 61 59 68
-0.322251 0.163616 0.881000 158 156 165
-0.319972 0.163616 0.881000 225 224 231
-0.317692 0.163616 0.881000 250 249 255
-0.315771 0.163802 0.882000 185 193 190
-0.313844 0.163988 0.883000 57 65 62
-0.262856 0.162131 0.873000 39 101 95
-0.260597 0.162131 0.873000 76 138 132
-0.258338 0.162131 0.873000 39 94 86
-0.256373 0.162316 0.874000 0 55 47
0.129668 0.164359 0.885000 114 119 124
0.131958 0.164359 0.885000 191 190 190
0.134248 0.164359 0.885000 236 235 235
0.136538 0.164359 0.885000 245 232 250
0.138828 0.164359 0.885000 143 130 148
0.141117 0.164359 0.885000 53 47 62
-0.322617 0.166087 0.882000 62 61 65
-0.319972 0.165899 0.881000 154 153 162
-0.317692 0.165899 0.881000 225 224 233
-0.315771 0.166087 0.882000 245 251 251
-0.313489 0.166087 0.882000 185 191 191
-0.311560 0.166275 0.883000 62 73 69
-0.262856 0.164392 0.873000 31 94 91
-0.260597 0.164392 0.873000 75 138 135
-0.258338 0.164392 0.873000 42 96 91
-0.256666 0.164769 0.875000 0 51 46
0.127523 0.166840 0.886000 113 116 117
0.129815 0.166840 0.886000 171 174 175
0.132107 0.166840 0.886000 234 229 237
0.134400 0.166840 0.886000 234 229 237
0.136692 0.166840 0.886000 117 105 129
0.138985 0.166840 0.886000 57 45 69
-0.320335 0.168372 0.882000 59 58 65
-0.317692 0.168181 0.881000 155 154 161
-0.315771 0.168372 0.882000 222 225 228
-0.313489 0.168372 0.882000 247 250 253
-0.311207 0.168372 0.882000 202 210 207
-0.309275 0.168563 0.883000 89 97 94
-0.263157 0.166845 0.874000 37 99 93
-0.260896 0.166845 0.874000 76 138 132
-0.258930 0.167036 0.875000 39 91 87
-0.256666 0.167036 0.875000 3 55 51
0.122938 0.169136 0.886000 75 75 75
0.125230 0.169136 0.886000 131 131 131
0.127523 0.169136 0.886000 180 180 182
0.129815 0.169136 0.886000 229 229 231
0.132107 0.169136 0.886000 233 220 240
0.134400 0.169136 0.886000 112 99 119
0.136692 0.169136 0.886000 45 34 51
-0.318053 0.170657 0.882000 52 51 58
-0.315771 0.170657 0.882000 149 148 157
-0.313489 0.170657 0.882000 220 219 228
-0.311207 0.170657 0.882000 245 251 251
-0.308925 0.170657 0.882000 212 218 218
-0.306990 0.170851 0.883000 101 112 108
-0.305396 0.171238 0.885000 29 40 36
-0.263458 0.169303 0.875000 36 95 90
-0.261194 0.169303 0.875000 81 140 135
-0.258930 0.169303 0.875000 44 97 97
-0.257253 0.169690 0.877000 1 54 54
0.120645 0.171431 0.886000 64 64 64
0.122938 0.171431 0.886000 138 138 138
0.125230 0.171431 0.886000 176 176 176
0.127523 0.171431 0.886000 234 229 237
0.129815 0.171431 0.886000 228 223 231
0.132107 0.171431 0.886000 111 95 120
0.134400 0.171431 0.886000 52 36 61
-0.315771 0.172942 0.882000 52 51 58
-0.313489 0.172942 0.882000 129 128 135
-0.311207 0.172942 0.882000 208 210 216
-0.308925 0.172942 0.882000 242 244 250
-0.306990 0.173138 0.883000 221 229 226
-0.304706 0.173138 0.883000 127 135 132
-0.303106 0.173531 0.885000 37 50 45
-0.263458 0.171570 0.875000 40 97 93
-0.261194 0.171570 0.875000 83 140 136
-0.259522 0.171962 0.877000 45 96 97
-0.257253 0.171962 0.877000 0 47 48
0.118353 0.173727 0.886000 66 66 66
0.120645 0.173727 0.886000 153 153 153
0.122938 0.173727 0.886000 210 210 206
0.125230 0.173727 0.886000 243 243 239
0.127523 0.173727 0.886000 222 214 232
0.129815 0.173727 0.886000 101 93 111
0.132256 0.173923 0.887000 47 35 59
-0.313844 0.175426 0.883000 43 45 51
-0.311560 0.175426 0.883000 101 103 113
-0.308925 0.175227 0.882000 197 199 209
-0.306643 0.175227 0.882000 238 241 242
-0.304706 0.175426 0.883000 235 238 239
-0.302763 0.175625 0.884000 153 166 163
-0.300816 0.175823 0.885000 51 64 61
-0.264060 0.174234 0.877000 32 85 85
-0.261791 0.174234 0.877000 84 137 137
-0.259522 0.174234 0.877000 67 116 117
-0.257546 0.174433 0.878000 0 49 50
0.115930 0.175823 0.885000 71 77 77
0.118353 0.176022 0.886000 153 157 152
0.120645 0.176022 0.886000 195 199 194
0.122938 0.176022 0.886000 246 245 247
0.125230 0.176022 0.886000 217 216 218
0.127523 0.176022 0.886000 90 81 106
0.129961 0.176221 0.887000 44 35 60
-0.311560 0.177714 0.883000 36 35 44
-0.309275 0.177714 0.883000 98 97 106
-0.306990 0.177714 0.883000 187 186 197
-0.304706 0.177714 0.883000 237 236 247
-0.302421 0.177714 0.883000 233 241 240
-0.300476 0.177915 0.884000 183 191 190
-0.298526 0.178116 0.885000 75 86 84
-0.264060 0.176506 0.877000 25 76 77
-0.261791 0.176506 0.877000 86 137 138
-0.259818 0.176707 0.878000 86 132 134
-0.257840 0.176909 0.879000 0 37 39
0.113511 0.177915 0.884000 86 89 90
0.115930 0.178116 0.885000 162 165 166
0.118353 0.178317 0.886000 215 219 214
0.120645 0.178317 0.886000 243 247 242
0.122938 0.178317 0.886000 211 208 224
0.125230 0.178317 0.886000 78 75 91
0.127523 0.178317 0.886000 41 35 52
-0.309625 0.180205 0.884000 37 36 40
-0.306990 0.180001 0.883000 84 82 91
-0.304706 0.180001 0.883000 176 174 183
-0.302421 0.180001 0.883000 224 227 230
-0.300476 0.180205 0.884000 241 244 247
-0.298526 0.180409 0.885000 195 204 197
-0.296237 0.180409 0.885000 107 116 109
-0.264060 0.178778 0.877000 19 71 69
-0.262090 0.178982 0.878000 85 137 135
-0.260114 0.179186 0.879000 85 136 137
-0.258133 0.179390 0.880000 0 37 38
-0.256728 0.180001 0.883000 24 46 45
0.111224 0.180205 0.884000 87 90 91
0.113511 0.180205 0.884000 152 155 154
0.115930 0.180409 0.885000 218 221 220
0.118353 0.180613 0.886000 242 248 250
0.120645 0.180613 0.886000 202 208 210
0.122938 0.180613 0.886000 67 64 80
-0.307338 0.182495 0.884000 34 30 35
-0.305051 0.182495 0.884000 64 60 65
-0.302763 0.182495 0.884000 161 156 164
-0.300476 0.182495 0.884000 217 212 220
-0.298189 0.182495 0.884000 227 233 231
-0.296237 0.182702 0.885000 213 219 217
-0.293947 0.182702 0.885000 140 151 147
-0.291986 0.182908 0.886000 47 58 54
-0.264361 0.181257 0.878000 10 60 56
-0.262090 0.181257 0.878000 85 135 131
-0.260114 0.181463 0.879000 97 154 150
-0.258426 0.181876 0.881000 0 49 45
-0.256728 0.182289 0.883000 28 54 52
0.106650 0.182495 0.884000 53 52 54
0.108937 0.182495 0.884000 111 110 112
0.111224 0.182495 0.884000 166 165 167
0.113640 0.182702 0.885000 221 221 223
0.116061 0.182908 0.886000 243 243 245
0.118353 0.182908 0.886000 178 176 190
0.120645 0.182908 0.886000 52 50 64
-0.305396 0.184995 0.885000 45 44 44
-0.303106 0.184995 0.885000 60 59 63
-0.300476 0.184786 0.884000 132 131 135
-0.298526 0.184995 0.885000 202 202 204
-0.296237 0.184995 0.885000 226 226 228
-0.293947 0.184995 0.885000 221 229 226
-0.291986 0.185204 0.886000 157 165 162
-0.289694 0.185204 0.886000 61 74 71
-0.264361 0.183531 0.878000 6 52 45
-0.262388 0.183741 0.879000 83 129 122
-0.260410 0.183950 0.880000 102 166 158
-0.258720 0.184368 0.882000 0 58 50
-0.257019 0.184786 0.884000 20 51 47
0.104362 0.184786 0.884000 70 69 71
0.106770 0.184995 0.885000 139 138 140
0.109060 0.184995 0.885000 185 181 184
0.111350 0.184995 0.885000 231 227 230
0.113768 0.185204 0.886000 245 240 250
0.116061 0.185204 0.886000 154 149 159
0.118487 0.185413 0.887000 53 51 67
-0.300816 0.187288 0.885000 47 47 51
-0.298526 0.187288 0.885000 111 110 117
-0.296237 0.187288 0.885000 179 178 185
-0.294279 0.187499 0.886000 219 222 223
-0.291986 0.187499 0.886000 218 221 222
-0.289694 0.187499 0.886000 179 192 189
-0.287402 0.187499 0.886000 94 107 104
-0.262388 0.186018 0.879000 74 115 108
-0.260706 0.186441 0.881000 110 176 169
-0.259013 0.186864 0.883000 9 75 68
-0.257019 0.187076 0.884000 13 49 45
0.102191 0.187288 0.885000 62 62 64
0.104480 0.187288 0.885000 151 150 154
0.106770 0.187288 0.885000 200 199 203
0.109183 0.187499 0.886000 241 231 241
0.111476 0.187499 0.886000 239 229 239
0.113768 0.187499 0.886000 136 130 145
0.116192 0.187711 0.887000 57 51 66
-0.298864 0.189795 0.886000 41 40 44
-0.296571 0.189795 0.886000 75 74 78
-0.294279 0.189795 0.886000 150 149 158
-0.291986 0.189795 0.886000 202 201 210
-0.289694 0.189795 0.886000 213 219 219
-0.287402 0.189795 0.886000 197 203 203
-0.285109 0.189795 0.886000 144 152 149
-0.282498 0.189580 0.885000 66 74 71
-0.262687 0.188509 0.880000 70 105 97
-0.260706 0.188724 0.881000 100 169 161
-0.259013 0.189152 0.883000 37 106 98
-0.257310 0.189580 0.885000 6 46 46
0.100014 0.189795 0.886000 73 73 75
0.102306 0.189795 0.886000 154 154 156
0.104599 0.189795 0.886000 219 215 220
0.106891 0.189795 0.886000 240 236 241
0.109183 0.189795 0.886000 231 215 240
0.111476 0.189795 0.886000 117 101 126
0.113897 0.190009 0.887000 53 51 65
-0.294279 0.192090 0.886000 51 49 56
-0.291986 0.192090 0.886000 111 109 116
-0.289694 0.192090 0.886000 179 181 187
-0.287402 0.192090 0.886000 205 207 213
-0.284787 0.191873 0.885000 202 208 206
-0.282498 0.191873 0.885000 178 184 182
-0.279891 0.191656 0.884000 99 107 104
-0.276976 0.191223 0.882000 43 51 48
-0.262687 0.190789 0.880000 52 83 79
-0.261002 0.191223 0.882000 83 149 142
-0.259306 0.191656 0.884000 70 136 129
-0.257600 0.192090 0.886000 5 45 45
0.097721 0.192090 0.886000 94 94 98
0.100014 0.192090 0.886000 166 165 167
0.102306 0.192090 0.886000 216 215 217
0.104599 0.192090 0.886000 250 239 255
0.106891 0.192090 0.886000 203 192 209
0.109307 0.192307 0.887000 75 66 89
0.111727 0.192524 0.888000 52 43 66
-0.291986 0.194385 0.886000 31 30 32
-0.289694 0.194385 0.886000 85 83 90
-0.287402 0.194385 0.886000 151 149 156
-0.284787 0.194166 0.885000 194 194 198
-0.282178 0.193947 0.884000 202 202 206
-0.279891 0.193947 0.884000 186 192 190
-0.277290 0.193727 0.883000 139 145 143
-0.274382 0.193288 0.881000 81 82 78
-0.262687 0.193069 0.880000 28 57 54
-0.261002 0.193508 0.882000 76 138 132
-0.259600 0.194166 0.885000 88 150 144
-0.257600 0.194385 0.886000 9 54 52
-0.255884 0.194824 0.888000 9 54 52
0.093137 0.194385 0.886000 60 59 61
0.095429 0.194385 0.886000 115 114 116
0.097721 0.194385 0.886000 172 171 173
0.100127 0.194605 0.887000 225 224 228
0.102422 0.194605 0.887000 247 246 250
0.104717 0.194605 0.887000 187 175 197
0.107132 0.194824 0.888000 72 60 82
0.109430 0.194824 0.888000 50 44 59
-0.287402 0.196681 0.886000 54 54 56
-0.284787 0.196459 0.885000 120 116 121
-0.282498 0.196459 0.885000 175 171 176
-0.279891 0.196237 0.884000 193 193 193
-0.277290 0.196015 0.883000 188 188 188
-0.274382 0.195571 0.881000 173 177 172
-0.272103 0.195571 0.881000 128 132 127
-0.269211 0.195127 0.879000 71 72 68
-0.266937 0.195127 0.879000 41 42 38
-0.262985 0.195571 0.881000 31 50 52
-0.261298 0.196015 0.883000 78 135 131
-0.259600 0.196459 0.885000 105 162 158
-0.257600 0.196681 0.886000 16 66 62
-0.255884 0.197125 0.888000 0 50 46
0.090844 0.196681 0.886000 67 63 66
0.093242 0.196903 0.887000 146 142 145
0.095537 0.196903 0.887000 203 199 202
0.097832 0.196903 0.887000 239 235 238
0.100240 0.197125 0.888000 246 239 250
0.102537 0.197125 0.888000 179 172 183
0.104835 0.197125 0.888000 56 45 64
-0.285431 0.199201 0.887000 40 39 41
-0.282817 0.198976 0.886000 77 76 78
-0.280524 0.198976 0.886000 142 138 141
-0.277918 0.198752 0.885000 177 173 176
-0.275005 0.198303 0.883000 182 182 178
-0.272412 0.198078 0.882000 182 182 178
-0.269824 0.197853 0.881000 158 161 160
-0.267240 0.197629 0.880000 112 115 114
-0.264964 0.197629 0.880000 41 58 59
-0.263284 0.198078 0.882000 31 48 49
-0.261298 0.198303 0.883000 58 112 109
-0.259600 0.198752 0.885000 110 164 161
-0.257600 0.198976 0.886000 24 78 75
-0.255884 0.199425 0.888000 0 46 43
0.088552 0.198976 0.886000 82 85 88
0.090947 0.199201 0.887000 163 159 164
0.093242 0.199201 0.887000 207 203 208
0.095537 0.199201 0.887000 245 234 242
0.097942 0.199425 0.888000 238 227 235
0.100240 0.199425 0.888000 138 127 144
0.102537 0.199425 0.888000 49 38 55
-0.280524 0.201272 0.886000 44 40 45
-0.278232 0.201272 0.886000 89 85 90
-0.275628 0.201045 0.885000 148 144 147
-0.272721 0.200590 0.883000 172 168 171
-0.270130 0.200363 0.882000 182 181 183
-0.267544 0.200136 0.881000 184 183 185
-0.265265 0.200136 0.881000 152 162 165
-0.263582 0.200590 0.883000 94 104 107
-0.261593 0.200817 0.884000 48 100 98
-0.259600 0.201045 0.885000 107 159 157
-0.257600 0.201272 0.886000 54 116 110
-0.255596 0.201499 0.887000 0 43 37
0.083967 0.201272 0.886000 55 66 64
0.086259 0.201272 0.886000 109 112 115
0.088552 0.201272 0.886000 173 176 179
0.090947 0.201499 0.887000 219 212 221
0.093242 0.201499 0.887000 235 228 237
0.095644 0.201726 0.888000 203 187 210
0.097942 0.201726 0.888000 105 89 112
0.100240 0.201726 0.888000 55 47 63
-0.275940 0.203567 0.886000 56 51 59
-0.273338 0.203337 0.885000 103 98 106
-0.270436 0.202878 0.883000 156 150 156
-0.268151 0.202878 0.883000 179 173 179
-0.265867 0.202878 0.883000 189 188 195
-0.263582 0.202878 0.883000 190 189 196
-0.261593 0.203108 0.884000 92 134 133
-0.259600 0.203337 0.885000 88 130 129
-0.257600 0.203567 0.886000 94 151 147
-0.255596 0.203797 0.887000 0 49 45
0.081675 0.203567 0.886000 85 93 92
0.083967 0.203567 0.886000 152 160 159
0.086259 0.203567 0.886000 203 202 209
0.088652 0.203797 0.887000 229 228 235
0.090947 0.203797 0.887000 235 228 248
0.093347 0.204027 0.888000 175 168 188
0.095644 0.204027 0.888000 51 42 65
-0.273647 0.205863 0.886000 30 29 33
-0.271049 0.205630 0.885000 64 57 66
-0.268151 0.205166 0.883000 119 112 121
-0.265867 0.205166 0.883000 162 160 169
-0.263582 0.205166 0.883000 179 177 186
-0.261593 0.205398 0.884000 105 140 141
-0.259600 0.205630 0.885000 70 105 106
-0.257600 0.205863 0.886000 116 166 162
-0.255308 0.205863 0.886000 45 95 91
-0.253587 0.206327 0.888000 17 39 40
0.077177 0.206095 0.887000 53 59 57
0.079472 0.206095 0.887000 100 106 104
0.081675 0.205863 0.886000 167 170 171
0.084062 0.206095 0.887000 212 215 216
0.086357 0.206095 0.887000 234 232 241
0.088752 0.206327 0.888000 224 222 231
0.091049 0.206327 0.888000 147 140 162
0.093347 0.206327 0.888000 57 50 72
-0.268759 0.207923 0.885000 38 32 36
-0.266168 0.207688 0.884000 78 71 80
-0.263881 0.207688 0.884000 135 128 137
-0.261593 0.207688 0.884000 101 134 136
-0.259306 0.207688 0.884000 57 90 92
-0.257310 0.207923 0.885000 120 167 166
-0.255308 0.208158 0.886000 125 172 171
-0.253016 0.208158 0.886000 93 115 116
-0.251289 0.208628 0.888000 44 66 67
0.074882 0.208393 0.887000 83 83 83
0.077177 0.208393 0.887000 137 140 139
0.079472 0.208393 0.887000 187 190 189
0.081767 0.208393 0.887000 218 221 224
0.084156 0.208628 0.888000 226 229 232
0.086454 0.208628 0.888000 186 180 195
0.088752 0.208628 0.888000 108 102 117
0.091152 0.208863 0.889000 49 43 60
-0.261593 0.209978 0.884000 33 59 61
-0.259306 0.209978 0.884000 42 68 70
-0.257019 0.209978 0.884000 116 167 170
-0.255020 0.210216 0.885000 145 196 199
-0.253016 0.210453 0.886000 178 211 213
-0.250723 0.210453 0.886000 162 195 197
-0.248992 0.210929 0.888000 104 117 116
0.070292 0.210691 0.887000 69 69 71
0.072587 0.210691 0.887000 135 135 135
0.074882 0.210691 0.887000 182 182 182
0.077177 0.210691 0.887000 214 217 216
0.079561 0.210929 0.888000 236 239 238
0.081859 0.210929 0.888000 226 225 236
0.084156 0.210929 0.888000 136 135 146
0.086454 0.210929 0.888000 66 64 75
-0.259306 0.212269 0.884000 30 56 58
-0.257019 0.212269 0.884000 70 131 132
-0.254732 0.212269 0.884000 120 181 182
-0.252730 0.212509 0.885000 179 220 224
-0.250723 0.212749 0.886000 195 236 240
-0.248711 0.212989 0.887000 210 225 224
-0.246694 0.213229 0.888000 165 180 179
-0.244397 0.213229 0.888000 94 107 102
0.065776 0.213229 0.888000 53 53 57
0.068073 0.213229 0.888000 106 109 110
0.070371 0.213229 0.888000 152 155 156
0.072669 0.213229 0.888000 211 211 211
0.074966 0.213229 0.888000 233 233 233
0.077264 0.213229 0.888000 232 231 235
0.079561 0.213229 0.888000 180 179 183
0.081859 0.213229 0.888000 103 100 114
0.084251 0.213469 0.889000 48 45 59
-0.259306 0.214559 0.884000 22 46 46
-0.257019 0.214559 0.884000 29 92 93
-0.254732 0.214559 0.884000 105 168 169
-0.252445 0.214559 0.884000 104 155 160
-0.250440 0.214802 0.885000 146 197 202
-0.248431 0.215044 0.886000 202 219 222
-0.246416 0.215287 0.887000 216 233 236
-0.244397 0.215530 0.888000 211 219 216
-0.242099 0.215530 0.888000 162 170 167
-0.240071 0.215772 0.889000 90 98 95
-0.237771 0.215772 0.889000 39 47 44
0.061181 0.215530 0.888000 46 48 54
0.063478 0.215530 0.888000 89 95 97
0.065776 0.215530 0.888000 139 145 147
0.068073 0.215530 0.888000 183 186 187
0.070371 0.215530 0.888000 218 221 222
0.072669 0.215530 0.888000 239 238 240
0.074966 0.215530 0.888000 219 218 220
0.077264 0.215530 0.888000 117 115 126
0.079651 0.215772 0.889000 62 60 71
-0.257019 0.216849 0.884000 19 80 81
-0.254732 0.216849 0.884000 98 159 160
-0.252445 0.216849 0.884000 72 139 141
-0.250157 0.216849 0.884000 27 94 96
-0.248431 0.217340 0.886000 116 138 150
-0.246138 0.217340 0.886000 177 199 211
-0.244121 0.217585 0.887000 218 224 226
-0.242099 0.217830 0.888000 225 231 233
-0.239801 0.217830 0.888000 203 210 204
-0.237771 0.218076 0.889000 153 160 154
-0.235471 0.218076 0.889000 70 78 75
-0.233433 0.218321 0.890000 33 41 38
0.056586 0.217830 0.888000 48 51 52
0.058883 0.217830 0.888000 86 89 92
0.061181 0.217830 0.888000 138 141 144
0.063478 0.217830 0.888000 169 176 180
0.065776 0.217830 0.888000 206 213 217
0.068073 0.217830 0.888000 234 236 244
0.070450 0.218076 0.889000 224 226 234
0.072750 0.218076 0.889000 175 170 180
0.075051 0.218076 0.889000 85 80 90
0.077351 0.218076 0.889000 44 42 51
-0.257310 0.219387 0.885000 11 67 66
-0.255020 0.219387 0.885000 75 131 130
-0.252730 0.219387 0.885000 93 165 165
-0.250440 0.219387 0.885000 2 74 74
-0.248150 0.219387 0.885000 18 45 56
-0.246138 0.219635 0.886000 56 83 94
-0.244121 0.219883 0.887000 135 136 149
-0.242099 0.220131 0.888000 193 194 207
-0.240071 0.220379 0.889000 223 226 227
-0.237771 0.220379 0.889000 234 237 238
-0.235471 0.220379 0.889000 209 215 213
-0.233433 0.220627 0.890000 154 160 158
-0.231130 0.220627 0.890000 78 84 82
0.051990 0.220131 0.888000 51 54 57
0.054288 0.220131 0.888000 93 96 97
0.056586 0.220131 0.888000 145 148 149
0.058883 0.220131 0.888000 175 181 183
0.061250 0.220379 0.889000 206 212 214
0.063550 0.220379 0.889000 221 228 234
0.065850 0.220379 0.889000 216 223 229
0.068150 0.220379 0.889000 173 174 189
0.070450 0.220379 0.889000 87 88 103
0.072832 0.220627 0.890000 58 51 60
-0.257600 0.221931 0.886000 1 53 51
-0.255020 0.221680 0.885000 48 100 98
-0.252730 0.221680 0.885000 78 153 148
-0.250440 0.221680 0.885000 36 111 106
-0.248431 0.221931 0.886000 0 37 44
-0.246138 0.221931 0.886000 0 36 43
-0.244121 0.222181 0.887000 39 37 51
-0.242099 0.222432 0.888000 83 81 95
-0.240071 0.222682 0.889000 159 157 164
-0.237771 0.222682 0.889000 203 201 208
-0.235471 0.222682 0.889000 225 231 231
-0.233433 0.222933 0.890000 228 234 234
-0.231130 0.222933 0.890000 201 210 203
-0.228828 0.222933 0.890000 128 137 130
-0.226525 0.222933 0.890000 67 74 66
0.047449 0.222682 0.889000 53 53 57
0.049749 0.222682 0.889000 97 97 101
0.052049 0.222682 0.889000 140 140 144
0.054349 0.222682 0.889000 187 195 194
0.056649 0.222682 0.889000 213 221 220
0.058949 0.222682 0.889000 228 236 237
0.061250 0.222682 0.889000 226 234 235
0.063621 0.222933 0.890000 183 187 199
0.065924 0.222933 0.890000 103 107 119
0.068227 0.222933 0.890000 69 67 78
-0.255308 0.224226 0.886000 23 64 61
-0.253016 0.224226 0.886000 86 159 154
-0.250723 0.224226 0.886000 82 155 150
-0.248431 0.224226 0.886000 0 46 48
-0.246138 0.224226 0.886000 0 42 44
-0.240071 0.224985 0.889000 48 46 53
-0.237771 0.224985 0.889000 96 94 101
-0.235736 0.225238 0.890000 172 171 175
-0.233433 0.225238 0.890000 214 213 217
-0.231130 0.225238 0.890000 229 232 231
-0.228828 0.225238 0.890000 227 230 229
-0.226525 0.225238 0.890000 198 205 197
-0.224222 0.225238 0.890000 113 120 112
-0.221919 0.225238 0.890000 62 66 61
0.040548 0.224985 0.889000 36 39 40
0.042848 0.224985 0.889000 58 61 62
0.045149 0.224985 0.889000 99 105 107
0.047449 0.224985 0.889000 148 154 156
0.049749 0.224985 0.889000 183 189 191
0.052049 0.224985 0.889000 202 208 210
0.054349 0.224985 0.889000 231 239 240
0.056649 0.224985 0.889000 231 239 240
0.059016 0.225238 0.890000 185 190 199
0.061319 0.225238 0.890000 113 118 127
0.063621 0.225238 0.890000 65 64 73
-0.255596 0.226777 0.887000 11 42 40
-0.253016 0.226521 0.886000 59 134 129
-0.250723 0.226521 0.886000 90 165 160
-0.248431 0.226521 0.886000 20 83 80
-0.246416 0.226777 0.887000 0 55 52
-0.235736 0.227544 0.890000 59 58 65
-0.233433 0.227544 0.890000 119 118 125
-0.231130 0.227544 0.890000 180 179 183
-0.228828 0.227544 0.890000 215 214 218
-0.226525 0.227544 0.890000 231 232 228
-0.224222 0.227544 0.890000 224 225 221
-0.221919 0.227544 0.890000 186 192 190
-0.219617 0.227544 0.890000 113 119 117
-0.217314 0.227544 0.890000 46 52 50
0.035948 0.227288 0.889000 42 48 50
0.038248 0.227288 0.889000 68 74 76
0.040548 0.227288 0.889000 127 133 133
0.042848 0.227288 0.889000 170 176 176
0.045149 0.227288 0.889000 196 202 200
0.047449 0.227288 0.889000 210 216 214
0.049805 0.227544 0.890000 226 229 232
0.052108 0.227544 0.890000 228 231 234
0.054410 0.227544 0.890000 188 193 200
0.056713 0.227544 0.890000 124 129 136
0.059016 0.227544 0.890000 54 59 68
0.061319 0.227544 0.890000 36 41 50
-0.255884 0.229333 0.888000 14 37 33
-0.253587 0.229333 0.888000 21 89 84
-0.251006 0.229075 0.887000 95 163 158
-0.248711 0.229075 0.887000 80 150 144
-0.246694 0.229333 0.888000 0 49 43
-0.231130 0.229850 0.890000 61 59 66
-0.228828 0.229850 0.890000 119 117 124
-0.226780 0.230108 0.891000 182 177 185
-0.224222 0.229850 0.890000 217 212 220
-0.222169 0.230108 0.891000 226 226 228
-0.219864 0.230108 0.891000 216 216 218
-0.217314 0.229850 0.890000 175 183 182
-0.215253 0.230108 0.891000 116 124 123
-0.212948 0.230108 0.891000 53 64 60
0.029080 0.229850 0.890000 58 64 66
0.031383 0.229850 0.890000 76 82 82
0.033686 0.229850 0.890000 105 111 111
0.035988 0.229850 0.890000 149 155 153
0.038291 0.229850 0.890000 170 176 174
0.040594 0.229850 0.890000 211 214 213
0.042897 0.229850 0.890000 228 231 230
0.045199 0.229850 0.890000 235 238 239
0.047502 0.229850 0.890000 219 222 223
0.049805 0.229850 0.890000 171 170 179
0.052108 0.229850 0.890000 103 102 111
0.054410 0.229850 0.890000 56 58 66
-0.253587 0.231634 0.888000 1 59 57
-0.251289 0.231634 0.888000 88 146 144
-0.248992 0.231634 0.888000 98 173 166
-0.246694 0.231634 0.888000 0 70 63
-0.244672 0.231895 0.889000 0 37 33
-0.227034 0.232677 0.892000 74 69 77
-0.224474 0.232417 0.891000 128 123 131
-0.222169 0.232417 0.891000 186 184 193
-0.219864 0.232417 0.891000 211 209 218
-0.217314 0.232156 0.890000 224 230 230
-0.215011 0.232156 0.890000 214 220 220
-0.212948 0.232417 0.891000 165 176 172
-0.210406 0.232156 0.890000 105 116 112
-0.208337 0.232417 0.891000 45 53 50
0.019869 0.232156 0.890000 62 69 73
0.022172 0.232156 0.890000 65 71 73
0.024475 0.232156 0.890000 83 89 91
0.026777 0.232156 0.890000 114 117 116
0.029080 0.232156 0.890000 148 151 150
0.031383 0.232156 0.890000 181 187 185
0.033686 0.232156 0.890000 202 208 206
0.035988 0.232156 0.890000 214 221 215
0.038291 0.232156 0.890000 226 233 227
0.040594 0.232156 0.890000 228 231 234
0.042897 0.232156 0.890000 200 203 206
0.045199 0.232156 0.890000 135 137 145
0.047502 0.232156 0.890000 84 86 94
0.049861 0.232417 0.891000 55 53 60
-0.253872 0.234198 0.889000 0 47 43
-0.251572 0.234198 0.889000 56 106 102
-0.249272 0.234198 0.889000 94 169 162
-0.246972 0.234198 0.889000 70 145 138
-0.244947 0.234461 0.890000 0 40 33
-0.224726 0.234988 0.892000 39 35 38
-0.222418 0.234988 0.892000 78 73 81
-0.220110 0.234988 0.892000 135 130 138
-0.217558 0.234725 0.891000 190 189 198
-0.215011 0.234461 0.890000 217 216 225
-0.212948 0.234725 0.891000 221 229 228
-0.210406 0.234461 0.890000 210 218 217
-0.208103 0.234461 0.890000 162 171 164
-0.205800 0.234461 0.890000 100 109 102
-0.203726 0.234725 0.891000 48 55 49
0.010658 0.234461 0.890000 42 45 44
0.012961 0.234461 0.890000 51 54 55
0.015264 0.234461 0.890000 74 77 78
0.017566 0.234461 0.890000 99 105 105
0.019869 0.234461 0.890000 141 147 147
0.022172 0.234461 0.890000 176 179 180
0.024475 0.234461 0.890000 192 195 196
0.026777 0.234461 0.890000 206 207 203
0.029080 0.234461 0.890000 221 222 218
0.031383 0.234461 0.890000 228 231 230
0.033686 0.234461 0.890000 229 232 231
0.035988 0.234461 0.890000 212 218 220
0.038291 0.234461 0.890000 171 177 179
0.040594 0.234461 0.890000 123 121 128
0.042897 0.234461 0.890000 61 59 66
0.045250 0.234725 0.891000 48 43 51
-0.251855 0.236767 0.890000 15 53 51
-0.249552 0.236767 0.890000 71 141 137
-0.247250 0.236767 0.890000 96 166 162
-0.244947 0.236767 0.890000 9 73 67
-0.242644 0.236767 0.890000 0 46 40
-0.220110 0.237299 0.892000 47 42 50
-0.217802 0.237299 0.892000 85 83 92
-0.215253 0.237033 0.891000 151 149 158
-0.212948 0.237033 0.891000 193 193 197
-0.210406 0.236767 0.890000 220 220 224
-0.208103 0.236767 0.890000 220 228 225
-0.205800 0.236767 0.890000 209 217 214
-0.203498 0.236767 0.890000 175 183 180
-0.201195 0.236767 0.890000 99 107 104
-0.198892 0.236767 0.890000 53 61 60
-0.000858 0.237299 0.892000 48 48 44
0.001449 0.237033 0.891000 58 58 54
0.003754 0.237033 0.891000 71 75 70
0.006053 0.236767 0.890000 89 93 88
0.008355 0.236767 0.890000 120 126 124
0.010658 0.236767 0.890000 147 153 151
0.012961 0.236767 0.890000 166 169 168
0.015264 0.236767 0.890000 185 188 187
0.017566 0.236767 0.890000 195 201 199
0.019869 0.236767 0.890000 211 217 215
0.022172 0.236767 0.890000 221 227 227
0.024475 0.236767 0.890000 226 232 232
0.026777 0.236767 0.890000 224 227 230
0.029080 0.236767 0.890000 213 216 219
0.031383 0.236767 0.890000 183 182 184
0.033686 0.236767 0.890000 130 129 131
0.035988 0.236767 0.890000 76 74 81
0.038334 0.237033 0.891000 54 52 59
0.040685 0.237299 0.892000 50 44 50
-0.251855 0.239073 0.890000 11 34 30
-0.249552 0.239073 0.890000 39 104 100
-0.247250 0.239073 0.890000 90 155 151
-0.244947 0.239073 0.890000 55 128 121
-0.242917 0.239342 0.891000 0 55 48
-0.215494 0.239610 0.892000 41 40 47
-0.212948 0.239342 0.891000 74 70 75
-0.210642 0.239342 0.891000 143 139 144
-0.208103 0.239073 0.890000 193 192 196
-0.205800 0.239073 0.890000 215 214 218
-0.203498 0.239073 0.890000 215 223 222
-0.201195 0.239073 0.890000 211 219 218
-0.198892 0.239073 0.890000 183 191 190
-0.196589 0.239073 0.890000 116 124 123
-0.194287 0.239073 0.890000 67 73 71
-0.192199 0.239342 0.891000 43 49 47
-0.012397 0.239610 0.892000 52 52 46
-0.010089 0.239610 0.892000 58 61 60
-0.007781 0.239610 0.892000 80 83 82
-0.005473 0.239610 0.892000 115 121 119
-0.003166 0.239610 0.892000 139 145 143
-0.000858 0.239610 0.892000 155 159 154
0.001450 0.239610 0.892000 178 182 177
0.003754 0.239342 0.891000 193 197 192
0.006059 0.239342 0.891000 199 203 198
0.008355 0.239073 0.890000 206 212 210
0.010658 0.239073 0.890000 216 222 220
0.012961 0.239073 0.890000 221 227 227
0.015264 0.239073 0.890000 222 228 228
0.017566 0.239073 0.890000 221 224 225
0.019869 0.239073 0.890000 207 210 211
0.022172 0.239073 0.890000 187 186 188
0.024475 0.239073 0.890000 134 133 135
0.026807 0.239342 0.891000 89 88 95
0.029113 0.239342 0.891000 71 70 77
0.031418 0.239342 0.891000 56 55 59
-0.249552 0.241379 0.890000 3 57 54
-0.247250 0.241379 0.890000 78 132 129
-0.244947 0.241379 0.890000 81 163 155
-0.242917 0.241650 0.891000 13 95 87
-0.240882 0.241921 0.892000 0 34 32
-0.210642 0.241650 0.891000 41 40 44
-0.208337 0.241650 0.891000 75 70 78
-0.206031 0.241650 0.891000 141 136 144
-0.203498 0.241379 0.890000 190 190 194
-0.201195 0.241379 0.890000 217 217 221
-0.198892 0.241379 0.890000 226 229 228
-0.196589 0.241379 0.890000 221 224 223
-0.194287 0.241379 0.890000 200 207 199
-0.192199 0.241650 0.891000 138 145 137
-0.189894 0.241650 0.891000 75 84 77
-0.187589 0.241650 0.891000 38 47 40
-0.185283 0.241650 0.891000 28 35 29
-0.028521 0.241650 0.891000 36 42 40
-0.026215 0.241650 0.891000 49 55 53
-0.023937 0.241921 0.892000 70 74 69
-0.021629 0.241921 0.892000 95 99 94
-0.019321 0.241921 0.892000 112 113 104
-0.017013 0.241921 0.892000 131 132 123
-0.014705 0.241921 0.892000 155 156 147
-0.012397 0.241921 0.892000 168 169 160
-0.010089 0.241921 0.892000 182 183 177
-0.007781 0.241921 0.892000 194 195 189
-0.005473 0.241921 0.892000 198 206 203
-0.003166 0.241921 0.892000 203 211 208
-0.000858 0.241921 0.892000 212 218 216
0.001450 0.241921 0.892000 220 226 224
0.003754 0.241650 0.891000 222 225 224
0.006059 0.241650 0.891000 222 225 224
0.008365 0.241650 0.891000 220 216 219
0.010670 0.241650 0.891000 204 200 203
0.012961 0.241379 0.890000 167 166 173
0.015264 0.241379 0.890000 140 139 146
0.017566 0.241379 0.890000 115 115 119
0.019891 0.241650 0.891000 74 74 78
0.022197 0.241650 0.891000 49 48 52
0.024530 0.241921 0.892000 42 41 45
-0.247250 0.243685 0.890000 35 77 76
-0.244947 0.243685 0.890000 84 166 158
-0.243190 0.244232 0.892000 63 145 137
-0.240882 0.244232 0.892000 0 53 47
-0.238574 0.244232 0.892000 0 51 45
-0.206263 0.244232 0.892000 42 38 43
-0.203726 0.243958 0.891000 72 70 77
-0.201421 0.243958 0.891000 133 131 138
-0.199115 0.243958 0.891000 187 186 190
-0.196810 0.243958 0.891000 214 213 217
-0.194505 0.243958 0.891000 225 226 220
-0.192199 0.243958 0.891000 226 227 221
-0.189894 0.243958 0.891000 202 210 199
-0.187589 0.243958 0.891000 163 171 160
-0.185491 0.244232 0.892000 98 110 100
-0.183184 0.244232 0.892000 59 71 61
-0.180876 0.244232 0.892000 34 40 38
-0.047016 0.244232 0.892000 37 43 43
-0.044708 0.244232 0.892000 40 46 46
-0.042353 0.243958 0.891000 49 53 48
-0.040047 0.243958 0.891000 65 69 64
-0.037700 0.243685 0.890000 85 83 75
-0.035397 0.243685 0.890000 105 103 95
-0.033131 0.243958 0.891000 127 127 121
-0.030826 0.243958 0.891000 144 144 138
-0.028521 0.243958 0.891000 150 154 147
-0.026215 0.243958 0.891000 169 173 166
-0.023937 0.244232 0.892000 185 186 180
-0.021629 0.244232 0.892000 195 196 190
-0.019321 0.244232 0.892000 203 204 198
-0.017013 0.244232 0.892000 207 208 202
-0.014705 0.244232 0.892000 214 215 209
-0.012397 0.244232 0.892000 216 217 211
-0.010089 0.244232 0.892000 221 221 215
-0.007790 0.244506 0.893000 223 223 217
-0.005473 0.244232 0.892000 224 220 221
-0.003166 0.244232 0.892000 213 209 210
-0.000858 0.244232 0.892000 193 196 199
0.001450 0.244232 0.892000 174 177 180
0.003758 0.244232 0.892000 150 152 160
0.006059 0.243958 0.891000 109 111 119
0.008374 0.244232 0.892000 80 75 85
0.010682 0.244232 0.892000 62 57 67
0.012990 0.244232 0.892000 45 47 55
0.015298 0.244232 0.892000 42 44 52
-0.247528 0.246267 0.891000 21 47 47
-0.245222 0.246267 0.891000 62 137 132
-0.243190 0.246543 0.892000 98 173 168
-0.240882 0.246543 0.892000 31 108 102
-0.238574 0.246543 0.892000 0 49 43
-0.201647 0.246543 0.892000 35 34 38
-0.199339 0.246543 0.892000 78 74 79
-0.197031 0.246543 0.892000 126 122 127
-0.194505 0.246267 0.891000 179 175 178
-0.192199 0.246267 0.891000 209 205 208
-0.189894 0.246267 0.891000 220 224 217
-0.187799 0.246543 0.892000 226 230 223
-0.185491 0.246543 0.892000 216 225 218
-0.183184 0.246543 0.892000 191 200 193
-0.180876 0.246543 0.892000 141 148 140
-0.178568 0.246543 0.892000 87 94 86
-0.176260 0.246543 0.892000 48 55 47
-0.173952 0.246543 0.892000 30 37 29
-0.063242 0.246820 0.893000 46 50 45
-0.061000 0.247096 0.894000 60 57 52
-0.058687 0.247096 0.894000 74 71 66
-0.056311 0.246820 0.893000 93 94 88
-0.053940 0.246543 0.892000 110 111 105
-0.051632 0.246543 0.892000 123 127 122
-0.049324 0.246543 0.892000 134 138 133
-0.047016 0.246543 0.892000 143 147 142
-0.044708 0.246543 0.892000 153 157 152
-0.042400 0.246543 0.892000 169 173 166
-0.040092 0.246543 0.892000 183 187 180
-0.037742 0.246267 0.891000 196 197 191
-0.035437 0.246267 0.891000 201 202 196
-0.033131 0.246267 0.891000 201 202 196
-0.030861 0.246543 0.892000 203 204 198
-0.028553 0.246543 0.892000 208 209 203
-0.026245 0.246543 0.892000 211 212 206
-0.023937 0.246543 0.892000 217 214 209
-0.021629 0.246543 0.892000 220 217 212
-0.019321 0.246543 0.892000 215 214 214
-0.017013 0.246543 0.892000 209 208 208
-0.014722 0.246820 0.893000 197 200 203
-0.012411 0.246820 0.893000 184 187 190
-0.010101 0.246820 0.893000 161 161 165
-0.007790 0.246820 0.893000 126 126 130
-0.005480 0.246820 0.893000 107 101 107
-0.003166 0.246543 0.892000 87 81 87
-0.000858 0.246543 0.892000 63 61 68
0.001450 0.246543 0.892000 46 44 51
0.003758 0.246543 0.892000 34 32 43
0.006066 0.246543 0.892000 35 33 44
-0.245497 0.248854 0.892000 22 87 83
-0.243190 0.248854 0.892000 83 148 144
-0.240882 0.248854 0.892000 77 157 152
-0.238574 0.248854 0.892000 5 85 80
-0.236531 0.249133 0.893000 0 35 37
-0.194723 0.248854 0.892000 57 53 56
-0.192415 0.248854 0.892000 97 93 96
-0.190107 0.248854 0.892000 150 149 153
-0.187799 0.248854 0.892000 190 189 193
-0.185491 0.248854 0.892000 212 215 216
-0.183184 0.248854 0.892000 221 224 225
-0.180876 0.248854 0.892000 220 227 221
-0.178568 0.248854 0.892000 211 218 212
-0.176260 0.248854 0.892000 183 190 182
-0.173952 0.248854 0.892000 129 136 128
-0.171644 0.248854 0.892000 103 104 98
-0.169336 0.248854 0.892000 66 67 61
-0.167028 0.248854 0.892000 39 43 36
-0.081818 0.249412 0.894000 45 45 39
-0.079505 0.249412 0.894000 56 56 50
-0.077192 0.249412 0.894000 74 74 68
-0.074879 0.249412 0.894000 91 95 88
-0.072566 0.249412 0.894000 106 110 103
-0.070252 0.249412 0.894000 118 127 120
-0.067939 0.249412 0.894000 134 143 136
-0.065626 0.249412 0.894000 155 164 157
-0.063313 0.249412 0.894000 171 180 173
-0.061000 0.249412 0.894000 184 191 185
-0.058687 0.249412 0.894000 190 197 191
-0.056374 0.249412 0.894000 193 200 194
-0.054000 0.249133 0.893000 196 203 197
-0.051690 0.249133 0.893000 199 206 200
-0.049379 0.249133 0.893000 203 210 204
-0.047016 0.248854 0.892000 208 209 203
-0.044708 0.248854 0.892000 206 207 201
-0.042400 0.248854 0.892000 209 209 203
-0.040092 0.248854 0.892000 211 211 205
-0.037784 0.248854 0.892000 207 210 209
-0.035476 0.248854 0.892000 206 209 208
-0.033169 0.248854 0.892000 203 209 211
-0.030861 0.248854 0.892000 197 203 205
-0.028553 0.248854 0.892000 192 194 200
-0.026245 0.248854 0.892000 173 175 181
-0.023937 0.248854 0.892000 156 147 152
-0.021629 0.248854 0.892000 142 133 138
-0.019343 0.249133 0.893000 119 113 117
-0.017051 0.249412 0.894000 84 78 82
-0.014738 0.249412 0.894000 53 52 59
-0.012425 0.249412 0.894000 41 40 47
-0.010112 0.249412 0.894000 40 39 48
-0.007799 0.249412 0.894000 40 39 48
-0.005486 0.249412 0.894000 37 31 37
-0.245497 0.251165 0.892000 0 50 48
-0.243190 0.251165 0.892000 61 113 111
-0.240882 0.251165 0.892000 75 155 150
-0.238574 0.251165 0.892000 61 141 136
-0.236531 0.251447 0.893000 0 50 51
-0.234482 0.251728 0.894000 0 47 48
-0.190107 0.251165 0.892000 49 43 47
-0.187799 0.251165 0.892000 71 65 69
-0.185491 0.251165 0.892000 122 118 121
-0.183184 0.251165 0.892000 170 166 169
-0.180876 0.251165 0.892000 196 196 198
-0.178568 0.251165 0.892000 215 215 217
-0.176260 0.251165 0.892000 224 225 221
-0.173952 0.251165 0.892000 228 229 225
-0.171644 0.251165 0.892000 220 221 215
-0.169336 0.251165 0.892000 200 201 195
-0.167028 0.251165 0.892000 164 168 161
-0.164720 0.251165 0.892000 106 110 103
-0.162412 0.251165 0.892000 74 75 69
-0.160104 0.251165 0.892000 47 48 42
-0.157796 0.251165 0.892000 40 42 33
-0.100547 0.252291 0.896000 43 44 40
-0.098229 0.252291 0.896000 50 54 47
-0.095911 0.252291 0.896000 60 64 57
-0.093592 0.252291 0.896000 65 72 66
-0.091172 0.252010 0.895000 78 85 79
-0.088856 0.252010 0.895000 92 99 93
-0.086541 0.252010 0.895000 124 131 125
-0.084225 0.252010 0.895000 150 157 151
-0.081909 0.252010 0.895000 163 170 164
-0.079594 0.252010 0.895000 177 181 174
-0.077192 0.251728 0.894000 186 190 183
-0.074879 0.251728 0.894000 193 197 192
-0.072566 0.251728 0.894000 199 203 198
-0.070252 0.251728 0.894000 201 205 200
-0.067939 0.251728 0.894000 201 205 200
-0.065626 0.251728 0.894000 202 206 201
-0.063313 0.251728 0.894000 202 206 201
-0.061068 0.252010 0.895000 198 206 205
-0.058753 0.252010 0.895000 198 206 205
-0.056437 0.252010 0.895000 199 210 210
-0.054061 0.251728 0.894000 199 210 210
-0.051748 0.251728 0.894000 202 209 213
-0.049379 0.251447 0.893000 197 204 208
-0.047016 0.251165 0.892000 199 195 196
-0.044708 0.251165 0.892000 188 184 185
-0.042400 0.251165 0.892000 183 171 171
-0.040092 0.251165 0.892000 175 163 163
-0.037784 0.251165 0.892000 145 141 142
-0.035476 0.251165 0.892000 117 113 114
-0.033169 0.251165 0.892000 79 81 87
-0.030861 0.251165 0.892000 60 62 68
-0.028553 0.251165 0.892000 54 53 64
-0.026245 0.251165 0.892000 47 46 57
-0.023937 0.251165 0.892000 46 37 44
-0.021653 0.251447 0.893000 46 37 44
-0.243190 0.253476 0.892000 30 66 64
-0.240882 0.253476 0.892000 69 149 144
-0.238574 0.253476 0.892000 76 156 151
-0.236531 0.253760 0.893000 23 93 89
-0.234482 0.254044 0.894000 0 41 37
-0.183184 0.253476 0.892000 52 46 52
-0.180876 0.253476 0.892000 90 81 88
-0.178568 0.253476 0.892000 135 126 133
-0.176260 0.253476 0.892000 181 172 177
-0.173952 0.253476 0.892000 206 197 202
-0.171644 0.253476 0.892000 220 217 214
-0.169336 0.253476 0.892000 227 224 221
-0.167028 0.253476 0.892000 222 223 219
-0.164720 0.253476 0.892000 220 221 217
-0.162412 0.253476 0.892000 207 211 204
-0.160104 0.253476 0.892000 179 183 176
-0.157796 0.253476 0.892000 145 154 147
-0.155488 0.253476 0.892000 106 115 108
-0.153352 0.253760 0.893000 63 71 68
-0.151042 0.253760 0.893000 47 55 52
-0.148731 0.253760 0.893000 39 42 41
-0.116775 0.254613 0.896000 38 39 35
-0.114457 0.254613 0.896000 45 46 42
-0.112139 0.254613 0.896000 48 54 52
-0.110065 0.255181 0.898000 57 63 61
-0.107502 0.254613 0.896000 73 79 77
-0.105418 0.255181 0.898000 98 104 102
-0.103095 0.255181 0.898000 121 129 126
-0.100547 0.254613 0.896000 139 147 144
-0.098229 0.254613 0.896000 158 165 157
-0.095911 0.254613 0.896000 171 178 170
-0.093592 0.254613 0.896000 186 193 185
-0.091274 0.254613 0.896000 195 202 194
-0.088956 0.254613 0.896000 198 202 195
-0.086638 0.254613 0.896000 199 203 196
-0.084319 0.254613 0.896000 197 204 198
-0.081909 0.254329 0.895000 198 205 199
-0.079594 0.254329 0.895000 200 206 206
-0.077278 0.254329 0.895000 205 211 211
-0.074962 0.254329 0.895000 204 210 212
-0.072566 0.254044 0.894000 202 208 210
-0.070252 0.254044 0.894000 200 199 199
-0.067939 0.254044 0.894000 189 188 188
-0.065626 0.254044 0.894000 191 182 185
-0.063384 0.254329 0.895000 181 172 175
-0.061137 0.254613 0.896000 165 161 164
-0.058818 0.254613 0.896000 147 143 146
-0.056500 0.254613 0.896000 120 125 132
-0.054121 0.254329 0.895000 101 106 113
-0.051748 0.254044 0.894000 93 95 103
-0.049435 0.254044 0.894000 85 87 95
-0.047069 0.253760 0.893000 77 72 80
-0.044758 0.253760 0.893000 60 55 63
-0.042400 0.253476 0.892000 57 44 48
-0.040092 0.253476 0.892000 54 41 45
-0.037784 0.253476 0.892000 51 45 47
-0.243190 0.255787 0.892000 19 41 40
-0.240882 0.255787 0.892000 22 95 92
-0.238574 0.255787 0.892000 76 149 146
-0.236531 0.256074 0.893000 67 152 145
-0.234482 0.256361 0.894000 0 74 67
-0.232169 0.256361 0.894000 2 44 43
-0.178768 0.256074 0.893000 36 32 35
-0.176457 0.256074 0.893000 56 47 54
-0.174147 0.256074 0.893000 97 88 95
-0.171644 0.255787 0.892000 143 134 139
-0.169336 0.255787 0.892000 175 166 171
-0.167028 0.255787 0.892000 201 195 197
-0.164720 0.255787 0.892000 217 211 213
-0.162594 0.256074 0.893000 222 222 218
-0.160284 0.256074 0.893000 226 226 222
-0.157973 0.256074 0.893000 220 224 219
-0.155663 0.256074 0.893000 209 213 208
-0.153352 0.256074 0.893000 199 206 200
-0.151042 0.256074 0.893000 183 190 184
-0.148898 0.256361 0.894000 170 174 169
-0.146585 0.256361 0.894000 148 152 147
-0.144272 0.256361 0.894000 124 125 116
-0.141800 0.256074 0.893000 109 110 101
-0.139489 0.256074 0.893000 99 100 91
-0.137332 0.256361 0.894000 96 97 88
-0.134868 0.256074 0.893000 88 90 81
-0.132558 0.256074 0.893000 89 91 82
-0.130393 0.256361 0.894000 94 95 89
-0.128080 0.256361 0.894000 95 96 90
-0.125767 0.256361 0.894000 98 99 90
-0.123454 0.256361 0.894000 106 107 98
-0.121276 0.256647 0.895000 115 116 107
-0.119093 0.256934 0.896000 126 127 118
-0.116775 0.256934 0.896000 150 151 142
-0.114712 0.257508 0.898000 167 168 159
-0.112389 0.257508 0.898000 175 176 170
-0.110065 0.257508 0.898000 182 183 177
-0.107742 0.257508 0.898000 187 191 184
-0.105418 0.257508 0.898000 194 198 191
-0.103095 0.257508 0.898000 195 204 197
-0.100772 0.257508 0.898000 197 206 199
-0.098229 0.256934 0.896000 195 207 199
-0.095911 0.256934 0.896000 197 209 201
-0.093592 0.256934 0.896000 205 209 204
-0.091274 0.256934 0.896000 206 210 205
-0.088956 0.256934 0.896000 210 205 203
-0.086638 0.256934 0.896000 205 200 198
-0.084319 0.256934 0.896000 194 188 190
-0.082001 0.256934 0.896000 177 171 173
-0.079683 0.256934 0.896000 148 153 160
-0.077278 0.256647 0.895000 138 143 150
-0.075046 0.256934 0.896000 126 130 142
-0.072647 0.256647 0.895000 110 114 126
-0.070331 0.256647 0.895000 81 83 89
-0.068015 0.256647 0.895000 63 65 71
-0.065700 0.256647 0.895000 62 56 62
-0.063455 0.256934 0.896000 57 51 57
-0.061137 0.256934 0.896000 48 42 48
-0.058818 0.256934 0.896000 40 34 40
-0.241152 0.258387 0.893000 0 51 50
-0.238841 0.258387 0.893000 51 112 111
-0.236795 0.258677 0.894000 75 166 160
-0.234482 0.258677 0.894000 53 144 138
-0.232169 0.258677 0.894000 0 49 47
-0.230113 0.258966 0.895000 0 50 48
-0.172029 0.258677 0.894000 38 29 34
-0.169716 0.258677 0.894000 46 37 42
-0.167403 0.258677 0.894000 71 62 67
-0.164905 0.258387 0.893000 109 100 105
-0.162776 0.258677 0.894000 150 148 155
-0.160463 0.258677 0.894000 175 173 180
-0.157973 0.258387 0.893000 193 192 196
-0.155663 0.258387 0.893000 204 203 207
-0.153524 0.258677 0.894000 216 215 215
-0.151211 0.258677 0.894000 214 213 213
-0.148898 0.258677 0.894000 211 211 211
-0.146585 0.258677 0.894000 210 210 210
-0.144272 0.258677 0.894000 208 209 203
-0.141958 0.258677 0.894000 208 209 203
-0.139645 0.258677 0.894000 208 210 201
-0.137332 0.258677 0.894000 204 206 197
-0.135019 0.258677 0.894000 200 205 195
-0.132706 0.258677 0.894000 200 205 195
-0.130393 0.258677 0.894000 198 205 197
-0.128080 0.258677 0.894000 199 206 198
-0.125767 0.258677 0.894000 198 205 197
-0.123592 0.258966 0.895000 197 204 196
-0.121412 0.259255 0.896000 197 204 196
-0.119093 0.259255 0.896000 198 205 197
-0.117036 0.259834 0.898000 200 204 197
-0.114712 0.259834 0.898000 200 204 197
-0.112389 0.259834 0.898000 202 203 197
-0.110065 0.259834 0.898000 202 203 197
-0.107742 0.259834 0.898000 205 202 197
-0.105418 0.259834 0.898000 207 204 199
-0.103095 0.259834 0.898000 201 201 197
-0.100772 0.259834 0.898000 191 191 187
-0.098448 0.259834 0.898000 176 182 182
-0.095911 0.259255 0.896000 162 168 168
-0.093592 0.259255 0.896000 150 152 160
-0.091274 0.259255 0.896000 124 126 134
-0.088956 0.259255 0.896000 92 85 94
-0.086638 0.259255 0.896000 77 70 79
-0.084319 0.259255 0.896000 65 56 63
-0.082001 0.259255 0.896000 52 43 50
-0.079683 0.259255 0.896000 39 38 47
-0.077364 0.259255 0.896000 34 33 42
-0.075046 0.259255 0.896000 26 31 40
-0.072728 0.259255 0.896000 22 27 36
-0.239109 0.260993 0.894000 25 67 66
-0.236795 0.260993 0.894000 54 139 132
-0.234482 0.260993 0.894000 73 158 151
-0.232169 0.260993 0.894000 16 96 89
-0.230113 0.261285 0.895000 0 50 43
-0.162776 0.260993 0.894000 40 34 40
-0.160463 0.260993 0.894000 57 51 57
-0.158150 0.260993 0.894000 80 74 80
-0.155837 0.260993 0.894000 100 94 100
-0.153524 0.260993 0.894000 120 119 123
-0.151211 0.260993 0.894000 154 153 157
-0.148898 0.260993 0.894000 173 175 183
-0.146585 0.260993 0.894000 181 183 191
-0.144272 0.260993 0.894000 189 189 191
-0.141958 0.260993 0.894000 194 194 196
-0.139645 0.260993 0.894000 196 197 193
-0.137332 0.260993 0.894000 196 197 193
-0.135019 0.260993 0.894000 196 196 192
-0.132706 0.260993 0.894000 197 197 193
-0.130393 0.260993 0.894000 196 196 196
-0.128223 0.261285 0.895000 195 195 195
-0.125907 0.261285 0.895000 188 194 194
-0.123730 0.261577 0.896000 186 192 192
-0.121412 0.261577 0.896000 179 189 192
-0.119359 0.262161 0.898000 175 185 188
-0.117036 0.262161 0.898000 174 181 187
-0.114712 0.262161 0.898000 168 175 181
-0.112639 0.262745 0.900000 152 155 158
-0.110311 0.262745 0.900000 133 136 139
-0.107982 0.262745 0.900000 118 109 112
-0.105653 0.262745 0.900000 107 98 101
-0.103325 0.262745 0.900000 96 88 87
-0.100772 0.262161 0.898000 79 71 70
-0.098448 0.262161 0.898000 52 55 56
-0.096125 0.262161 0.898000 39 42 43
-0.093801 0.262161 0.898000 38 37 46
-0.091478 0.262161 0.898000 38 37 46
-0.089154 0.262161 0.898000 41 36 44
-0.239109 0.263309 0.894000 16 41 36
-0.236795 0.263309 0.894000 32 107 102
-0.234482 0.263309 0.894000 78 153 148
-0.232429 0.263604 0.895000 66 154 144
-0.230113 0.263604 0.895000 0 76 66
-0.228052 0.263898 0.896000 6 44 42
-0.151380 0.263604 0.895000 40 36 39
-0.149064 0.263604 0.895000 43 42 51
-0.146749 0.263604 0.895000 52 51 60
-0.144433 0.263604 0.895000 71 67 70
-0.142117 0.263604 0.895000 85 81 84
-0.139802 0.263604 0.895000 104 98 100
-0.137486 0.263604 0.895000 114 108 110
-0.135170 0.263604 0.895000 116 107 110
-0.132855 0.263604 0.895000 118 109 112
-0.130539 0.263604 0.895000 113 107 109
-0.128366 0.263898 0.896000 106 100 102
-0.126048 0.263898 0.896000 92 91 93
-0.123730 0.263898 0.896000 76 75 77
-0.121683 0.264487 0.898000 56 61 68
-0.119359 0.264487 0.898000 46 51 58
-0.117036 0.264487 0.898000 39 46 54
-0.114968 0.265076 0.900000 38 45 53
-0.112639 0.265076 0.900000 37 39 45
-0.110311 0.265076 0.900000 30 32 38
-0.107982 0.265076 0.900000 35 31 32
-0.236795 0.265625 0.894000 0 58 51
-0.234745 0.265922 0.895000 54 113 106
-0.232429 0.265922 0.895000 67 156 146
-0.230113 0.265922 0.895000 46 135 125
-0.228052 0.266219 0.896000 0 48 43
-0.237060 0.268241 0.895000 4 45 40
-0.234745 0.268241 0.895000 33 74 69
-0.232429 0.268241 0.895000 53 138 129
-0.230370 0.268541 0.896000 77 162 153
-0.228052 0.268541 0.896000 25 106 94
-0.225734 0.268541 0.896000 0 53 41
-0.235007 0.270862 0.896000 9 36 31
-0.232689 0.270862 0.896000 20 95 88
-0.230370 0.270862 0.896000 73 148 141
-0.228052 0.270862 0.896000 65 154 142
-0.225734 0.270862 0.896000 0 81 69
-0.223416 0.270862 0.896000 6 47 42
-0.232689 0.273183 0.896000 0 57 52
-0.230370 0.273183 0.896000 56 115 110
-0.228052 0.273183 0.896000 76 165 153
-0.225734 0.273183 0.896000 50 139 127
-0.223416 0.273183 0.896000 0 58 47
-0.230370 0.275505 0.896000 22 60 56
-0.228052 0.275505 0.896000 51 139 127
-0.225734 0.275505 0.896000 79 167 155
-0.223416 0.275505 0.896000 24 102 89
-0.221097 0.275505 0.896000 0 50 37
-0.230370 0.277826 0.896000 16 36 33
-0.228052 0.277826 0.896000 12 86 76
-0.225734 0.277826 0.896000 73 147 137
-0.223416 0.277826 0.896000 67 157 142
-0.221097 0.277826 0.896000 11 101 86
-0.219267 0.278446 0.898000 0 39 32
-0.228052 0.280147 0.896000 0 48 43
-0.225734 0.280147 0.896000 53 107 102
-0.223416 0.280147 0.896000 74 163 151
-0.221097 0.280147 0.896000 54 143 131
-0.219267 0.280773 0.898000 0 66 54
-0.216944 0.280773 0.898000 0 54 42
-0.225734 0.282469 0.896000 16 52 48
-0.223416 0.282469 0.896000 39 120 108
-0.221097 0.282469 0.896000 83 164 152
-0.219267 0.283099 0.898000 41 124 109
-0.216944 0.283099 0.898000 0 61 46
-0.225734 0.284790 0.896000 16 36 33
-0.223416 0.284790 0.896000 5 74 66
-0.221097 0.284790 0.896000 53 122 114
-0.219267 0.285426 0.898000 76 165 153
-0.216944 0.285426 0.898000 15 104 92
-0.215098 0.286062 0.900000 0 48 39
-0.223416 0.287111 0.896000 0 41 38
-0.221591 0.287752 0.898000 35 82 79
-0.219267 0.287752 0.898000 57 145 133
-0.216944 0.287752 0.898000 70 158 146
-0.215098 0.288393 0.900000 15 89 77
-0.213006 0.288714 0.901000 0 53 41
-0.221591 0.290079 0.898000 16 40 40
-0.219267 0.290079 0.898000 30 103 96
-0.216944 0.290079 0.898000 71 144 137
-0.215098 0.290725 0.900000 58 146 134
-0.212770 0.290725 0.900000 0 71 59
-0.210675 0.291048 0.901000 10 41 39
-0.219267 0.292405 0.898000 10 64 59
-0.216944 0.292405 0.898000 52 106 101
-0.215098 0.293057 0.900000 73 161 149
-0.212770 0.293057 0.900000 40 128 116
-0.210675 0.293382 0.901000 0 51 43
-0.219267 0.294732 0.898000 0 36 32
-0.216944 0.294732 0.898000 24 60 56
-0.215098 0.295388 0.900000 40 120 111
-0.212770 0.295388 0.900000 84 164 155
-0.210675 0.295717 0.901000 29 105 93
-0.208344 0.295717 0.901000 0 51 39
-0.217427 0.297720 0.900000 16 36 31
-0.215098 0.297720 0.900000 14 83 75
-0.212770 0.297720 0.900000 65 134 126
-0.210675 0.298051 0.901000 74 163 151
-0.208344 0.298051 0.901000 8 97 85
-0.206241 0.298382 0.902000 0 49 40
-0.215098 0.300052 0.900000 0 51 44
-0.212770 0.300052 0.900000 37 88 81
-0.210675 0.300385 0.901000 60 149 137
-0.208344 0.300385 0.901000 63 152 140
-0.206241 0.300718 0.902000 7 81 71
-0.204134 0.301052 0.903000 0 53 43
-0.212770 0.302383 0.900000 12 44 37
-0.210675 0.302719 0.901000 27 104 96
-0.208344 0.302719 0.901000 72 149 141
-0.206013 0.302719 0.901000 65 147 137
-0.203908 0.303055 0.902000 0 71 61
-0.201797 0.303391 0.903000 2 43 38
-0.210441 0.304715 0.900000 2 65 54
-0.208344 0.305054 0.901000 60 123 112
-0.206013 0.305054 0.901000 70 152 142
-0.203681 0.305054 0.901000 51 133 123
-0.201574 0.305392 0.902000 0 51 44
-0.199461 0.305731 0.903000 0 52 45
-0.208113 0.307047 0.900000 29 66 55
-0.205784 0.307047 0.900000 46 122 112
-0.203681 0.307388 0.901000 72 148 138
-0.201350 0.307388 0.901000 36 113 107
-0.199240 0.307729 0.902000 0 55 49
-0.208113 0.309378 0.900000 21 40 30
-0.205784 0.309378 0.900000 17 79 71
-0.203681 0.309722 0.901000 74 136 128
-0.201350 0.309722 0.901000 65 147 141
-0.199019 0.309722 0.901000 23 105 99
-0.196906 0.310066 0.902000 0 43 39
-0.205784 0.311710 0.900000 2 45 39
-0.203681 0.312057 0.901000 38 81 75
-0.201350 0.312057 0.901000 63 143 136
-0.199019 0.312057 0.901000 74 154 147
-0.196688 0.312057 0.901000 20 90 84
-0.194572 0.312403 0.902000 0 52 46
-0.203681 0.314391 0.901000 17 40 34
-0.201350 0.314391 0.901000 23 93 87
-0.199019 0.314391 0.901000 73 143 137
-0.196688 0.314391 0.901000 75 157 147
-0.194572 0.314740 0.902000 3 85 75
-0.192239 0.314740 0.902000 4 47 41
-0.201350 0.316725 0.901000 2 52 48
-0.199019 0.316725 0.901000 34 84 80
-0.196688 0.316725 0.901000 61 143 135
-0.194357 0.316725 0.901000 77 159 151
-0.192239 0.317077 0.902000 10 80 67
-0.189905 0.317077 0.902000 0 54 41
-0.199019 0.319059 0.901000 18 48 42
-0.196688 0.319059 0.901000 23 97 87
-0.194357 0.319059 0.901000 71 145 135
-0.192025 0.319059 0.901000 60 146 130
-0.189905 0.319414 0.902000 0 76 60
-0.187571 0.319414 0.902000 4 47 39
-0.196688 0.321394 0.901000 0 52 44
-0.194357 0.321394 0.901000 49 104 96
-0.192025 0.321394 0.901000 71 157 141
-0.189905 0.321750 0.902000 54 140 124
-0.187571 0.321750 0.902000 3 70 58
-0.185237 0.321750 0.902000 0 51 39
-0.194357 0.323728 0.901000 20 51 47
-0.192025 0.323728 0.901000 42 118 106
-0.189905 0.324087 0.902000 72 148 136
-0.187571 0.324087 0.902000 56 137 123
-0.185237 0.324087 0.902000 0 76 62
-0.182903 0.324087 0.902000 4 45 38
-0.192239 0.326424 0.902000 7 61 56
-0.189905 0.326424 0.902000 56 110 105
-0.187571 0.326424 0.902000 70 151 139
-0.185237 0.326424 0.902000 59 140 128
-0.182903 0.326424 0.902000 6 73 61
-0.180770 0.326786 0.903000 0 58 46
-0.189905 0.328761 0.902000 19 50 48
-0.187571 0.328761 0.902000 44 118 108
-0.185237 0.328761 0.902000 69 143 133
-0.182903 0.328761 0.902000 57 138 126
-0.180770 0.329126 0.903000 0 77 65
-0.178433 0.329126 0.903000 0 48 41
-0.187779 0.331465 0.903000 9 63 60
-0.185237 0.331098 0.902000 54 108 105
-0.182903 0.331098 0.902000 61 143 133
-0.180570 0.331098 0.902000 61 143 133
-0.178433 0.331465 0.903000 17 91 79
-0.176097 0.331465 0.903000 0 53 41
-0.185442 0.333804 0.903000 27 56 53
-0.183106 0.333804 0.903000 36 107 98
-0.180770 0.333804 0.903000 68 139 130
-0.178433 0.333804 0.903000 67 152 141
-0.176097 0.333804 0.903000 32 117 106
-0.173761 0.333804 0.903000 3 58 48
-0.171424 0.333804 0.903000 0 50 40
-0.183106 0.336144 0.903000 10 56 51
-0.180770 0.336144 0.903000 40 86 81
-0.178433 0.336144 0.903000 54 131 123
-0.176097 0.336144 0.903000 71 148 140
-0.173761 0.336144 0.903000 55 133 120
-0.171424 0.336144 0.903000 0 75 62
-0.169088 0.336144 0.903000 5 51 44
-0.180770 0.338483 0.903000 15 42 37
-0.178433 0.338483 0.903000 16 80 74
-0.176097 0.338483 0.903000 54 118 112
-0.173761 0.338483 0.903000 59 144 133
-0.171424 0.338483 0.903000 57 142 131
-0.169088 0.338483 0.903000 24 100 88
-0.166751 0.338483 0.903000 0 62 50
-0.164415 0.338483 0.903000 14 50 46
-0.178433 0.340823 0.903000 1 42 39
-0.176097 0.340823 0.903000 26 67 64
-0.173761 0.340823 0.903000 36 111 106
-0.171424 0.340823 0.903000 58 133 128
-0.169088 0.340823 0.903000 55 147 134
-0.166751 0.340823 0.903000 27 119 106
-0.164415 0.340823 0.903000 0 60 51
-0.162079 0.340823 0.903000 0 51 42
-0.176097 0.343162 0.903000 18 38 33
-0.173761 0.343162 0.903000 0 56 52
-0.171424 0.343162 0.903000 37 94 90
-0.168901 0.342782 0.902000 31 119 109
-0.166751 0.343162 0.903000 54 142 132
-0.164415 0.343162 0.903000 43 133 118
-0.162079 0.343162 0.903000 0 84 69
-0.159742 0.343162 0.903000 0 51 45
-0.157406 0.343162 0.903000 0 54 48
-0.171424 0.345502 0.903000 20 49 48
-0.168901 0.345119 0.902000 7 72 68
-0.166567 0.345119 0.902000 34 99 95
-0.164233 0.345119 0.902000 47 136 126
-0.162079 0.345502 0.903000 53 142 132
-0.159742 0.345502 0.903000 30 115 104
-0.157406 0.345502 0.903000 0 72 61
-0.155070 0.345502 0.903000 2 47 47
-0.169088 0.347841 0.903000 7 45 41
-0.166751 0.347841 0.903000 13 51 47
-0.164233 0.347456 0.902000 20 95 90
-0.161899 0.347456 0.902000 50 125 120
-0.159742 0.347841 0.903000 47 139 128
-0.157232 0.347456 0.902000 39 131 120
-0.155070 0.347841 0.903000 19 92 85
-0.152733 0.347841 0.903000 0 61 54
-0.150397 0.347841 0.903000 19 54 55
-0.164415 0.350181 0.903000 0 42 39
-0.161899 0.349793 0.902000 27 74 71
-0.159565 0.349793 0.902000 40 122 114
-0.157232 0.349793 0.902000 51 133 125
-0.154898 0.349793 0.902000 50 138 130
-0.152564 0.349793 0.902000 36 124 116
-0.150397 0.350181 0.903000 6 72 65
-0.148060 0.350181 0.903000 0 57 50
-0.145724 0.350181 0.903000 19 50 48
-0.159565 0.352130 0.902000 1 53 51
-0.157232 0.352130 0.902000 36 88 86
-0.154898 0.352130 0.902000 48 128 121
-0.152564 0.352130 0.902000 55 135 128
-0.150230 0.352130 0.902000 51 136 125
-0.147896 0.352130 0.902000 29 114 103
-0.145724 0.352520 0.903000 0 63 55
-0.143388 0.352520 0.903000 0 53 45
-0.157232 0.354467 0.902000 21 43 42
-0.154898 0.354467 0.902000 6 65 60
-0.152564 0.354467 0.902000 40 99 94
-0.150230 0.354467 0.902000 43 123 116
-0.147896 0.354467 0.902000 53 133 126
-0.145563 0.354467 0.902000 47 136 121
-0.143229 0.354467 0.902000 28 117 102
-0.140895 0.354467 0.902000 2 68 59
-0.138715 0.354860 0.903000 0 53 44
-0.136378 0.354860 0.903000 11 45 42
-0.152564 0.356804 0.902000 11 40 37
-0.150230 0.356804 0.902000 6 64 62
-0.147896 0.356804 0.902000 36 94 92
-0.145563 0.356804 0.902000 43 128 117
-0.143229 0.356804 0.902000 49 134 123
-0.140895 0.356804 0.902000 42 131 116
-0.138561 0.356804 0.902000 15 104 89
-0.136378 0.357199 0.903000 0 64 57
-0.134042 0.357199 0.903000 0 54 47
-0.131706 0.357199 0.903000 8 44 42
-0.147896 0.359140 0.902000 18 44 44
-0.145563 0.359140 0.902000 20 82 76
-0.143229 0.359140 0.902000 39 101 95
-0.140895 0.359140 0.902000 38 120 110
-0.138715 0.359539 0.903000 51 133 123
-0.136378 0.359539 0.903000 47 135 123
-0.134042 0.359539 0.903000 23 111 99
-0.131560 0.359140 0.902000 12 83 72
-0.129226 0.359140 0.902000 0 60 49
-0.127033 0.359539 0.903000 13 54 47
-0.145724 0.361878 0.903000 5 34 33
-0.143388 0.361878 0.903000 14 43 42
-0.141051 0.361878 0.903000 25 83 81
-0.138715 0.361878 0.903000 48 106 104
-0.136378 0.361878 0.903000 40 122 112
-0.134042 0.361878 0.903000 47 129 119
-0.131560 0.361477 0.902000 48 136 126
-0.129226 0.361477 0.902000 38 126 116
-0.126892 0.361477 0.902000 22 96 84
-0.124558 0.361477 0.902000 2 76 64
-0.122225 0.361477 0.902000 10 61 50
-0.119891 0.361477 0.902000 5 56 45
-0.141051 0.364218 0.903000 11 40 41
-0.138715 0.364218 0.903000 14 43 44
-0.136378 0.364218 0.903000 23 80 76
-0.134042 0.364218 0.903000 45 102 98
-0.131706 0.364218 0.903000 41 121 112
-0.129369 0.364218 0.903000 46 126 117
-0.127033 0.364218 0.903000 45 131 117
-0.124558 0.363814 0.902000 49 135 121
-0.122225 0.363814 0.902000 43 129 115
-0.119758 0.363411 0.901000 15 101 87
-0.117427 0.363411 0.901000 3 70 58
-0.115095 0.363411 0.901000 0 62 50
-0.112764 0.363411 0.901000 1 49 43
-0.136378 0.366557 0.903000 9 35 35
-0.134042 0.366557 0.903000 9 35 35
-0.131706 0.366557 0.903000 11 63 59
-0.129369 0.366557 0.903000 40 92 88
-0.127033 0.366557 0.903000 38 112 102
-0.124558 0.366151 0.902000 47 121 111
-0.122225 0.366151 0.902000 45 131 117
-0.119891 0.366151 0.902000 45 131 117
-0.117427 0.365745 0.901000 45 133 121
-0.115095 0.365745 0.901000 31 119 107
-0.112764 0.365745 0.901000 19 104 93
-0.110433 0.365745 0.901000 13 98 87
-0.108102 0.365745 0.901000 0 70 59
-0.105771 0.365745 0.901000 0 56 45
-0.103439 0.365745 0.901000 0 48 41
-0.129369 0.368897 0.903000 21 40 40
-0.127033 0.368897 0.903000 14 57 53
-0.124558 0.368488 0.902000 35 78 74
-0.122225 0.368488 0.902000 40 109 101
-0.119891 0.368488 0.902000 48 117 109
-0.117557 0.368488 0.902000 40 128 118
-0.115095 0.368079 0.901000 43 131 121
-0.112764 0.368079 0.901000 35 132 119
-0.110433 0.368079 0.901000 37 134 121
-0.108102 0.368079 0.901000 40 132 119
-0.105771 0.368079 0.901000 34 126 113
-0.103439 0.368079 0.901000 20 103 90
-0.101108 0.368079 0.901000 0 79 66
-0.098777 0.368079 0.901000 0 57 49
-0.096446 0.368079 0.901000 0 51 43
-0.094115 0.368079 0.901000 5 48 42
-0.073296 0.368897 0.903000 5 41 35
-0.070960 0.368897 0.903000 0 37 33
-0.068623 0.368897 0.903000 7 45 41
-0.066434 0.369714 0.905000 7 55 47
-0.124697 0.371236 0.903000 17 30 27
-0.122225 0.370825 0.902000 3 41 37
-0.119891 0.370825 0.902000 11 49 45
-0.117557 0.370825 0.902000 7 70 69
-0.115223 0.370825 0.902000 28 91 90
-0.112764 0.370414 0.901000 26 108 100
-0.110433 0.370414 0.901000 45 127 119
-0.108102 0.370414 0.901000 42 134 121
-0.105771 0.370414 0.901000 41 133 120
-0.103439 0.370414 0.901000 37 131 117
-0.101108 0.370414 0.901000 40 134 120
-0.098777 0.370414 0.901000 40 129 117
-0.096339 0.370003 0.900000 30 119 107
-0.094010 0.370003 0.900000 9 88 72
-0.091682 0.370003 0.900000 0 65 49
-0.089353 0.370003 0.900000 0 55 37
-0.087024 0.370003 0.900000 0 51 33
-0.084790 0.370414 0.901000 22 88 70
-0.082459 0.370414 0.901000 27 93 75
-0.080127 0.370414 0.901000 16 81 66
-0.077796 0.370414 0.901000 14 79 64
-0.075549 0.370825 0.902000 22 87 76
-0.073215 0.370825 0.902000 29 94 83
-0.070881 0.370825 0.902000 12 81 71
-0.068623 0.371236 0.903000 24 93 83
-0.066287 0.371236 0.903000 26 100 88
-0.063951 0.371236 0.903000 30 104 92
-0.061614 0.371236 0.903000 59 100 93
-0.059409 0.372058 0.905000 13 54 47
-0.115223 0.373162 0.902000 5 34 31
-0.112889 0.373162 0.902000 10 55 53
-0.110433 0.372748 0.901000 26 71 69
-0.108102 0.372748 0.901000 20 86 77
-0.105771 0.372748 0.901000 37 103 94
-0.103325 0.372334 0.900000 43 124 112
-0.101108 0.372748 0.901000 48 129 117
-0.098777 0.372748 0.901000 43 132 120
-0.096339 0.372334 0.900000 46 135 123
-0.094010 0.372334 0.900000 48 138 121
-0.091682 0.372334 0.900000 54 144 127
-0.089353 0.372334 0.900000 59 141 124
-0.086831 0.371507 0.898000 26 108 91
-0.084507 0.371507 0.898000 19 96 79
-0.082184 0.371507 0.898000 21 98 81
-0.079861 0.371507 0.898000 23 107 87
-0.077537 0.371507 0.898000 2 86 66
-0.075214 0.371507 0.898000 1 87 71
-0.073053 0.372334 0.900000 3 89 73
-0.070724 0.372334 0.900000 6 96 81
-0.068471 0.372748 0.901000 28 118 103
-0.066140 0.372748 0.901000 41 119 106
-0.063809 0.372748 0.901000 50 128 115
-0.061546 0.373162 0.902000 97 133 127
-0.059278 0.373575 0.903000 51 87 81
-0.056941 0.373575 0.903000 60 67 61
-0.054605 0.373575 0.903000 69 76 70
-0.052384 0.374403 0.905000 106 84 76
-0.108102 0.375082 0.901000 9 39 33
-0.105771 0.375082 0.901000 7 37 31
-0.103325 0.374666 0.900000 0 46 39
-0.100996 0.374666 0.900000 21 67 60
-0.098667 0.374666 0.900000 24 90 81
-0.096339 0.374666 0.900000 30 96 87
-0.094010 0.374666 0.900000 39 115 103
-0.091478 0.373833 0.898000 52 128 116
-0.089154 0.373833 0.898000 55 133 120
-0.086831 0.373833 0.898000 19 97 84
-0.084507 0.373833 0.898000 25 106 92
-0.082184 0.373833 0.898000 24 105 91
-0.079861 0.373833 0.898000 29 124 105
-0.077537 0.373833 0.898000 0 92 73
-0.075214 0.373833 0.898000 0 98 82
-0.072890 0.373833 0.898000 2 103 87
-0.070567 0.373833 0.898000 19 112 96
-0.068243 0.373833 0.898000 24 117 101
-0.066067 0.374666 0.900000 44 109 96
-0.063738 0.374666 0.900000 44 109 96
-0.061478 0.375082 0.901000 85 103 97
-0.059146 0.375082 0.901000 70 88 82
-0.056878 0.375499 0.902000 82 75 69
-0.054605 0.375915 0.903000 95 88 82
-0.052269 0.375915 0.903000 158 121 116
-0.050043 0.376747 0.905000 153 116 111
-0.096339 0.376998 0.900000 13 38 31
-0.093801 0.376160 0.898000 4 45 38
-0.091478 0.376160 0.898000 5 46 39
-0.089154 0.376160 0.898000 0 54 42
-0.086831 0.376160 0.898000 0 60 48
-0.084507 0.376160 0.898000 35 111 99
-0.082184 0.376160 0.898000 27 103 91
-0.079861 0.376160 0.898000 20 115 96
-0.077537 0.376160 0.898000 4 99 80
-0.075046 0.375322 0.896000 2 106 89
-0.072890 0.376160 0.898000 24 128 111
-0.070410 0.375322 0.896000 36 126 111
-0.068243 0.376160 0.898000 34 124 109
-0.065920 0.376160 0.898000 47 84 71
-0.063596 0.376160 0.898000 43 80 67
-0.061409 0.376998 0.900000 76 77 66
-0.059081 0.376998 0.900000 81 82 71
-0.056878 0.377836 0.902000 88 77 68
-0.054545 0.377836 0.902000 90 79 70
-0.052269 0.378254 0.903000 160 117 108
-0.049932 0.378254 0.903000 164 121 112
-0.047701 0.379092 0.905000 104 65 61
-0.086831 0.378486 0.898000 17 49 42
-0.084319 0.377644 0.896000 57 115 104
-0.082001 0.377644 0.896000 48 106 95
-0.079683 0.377644 0.896000 28 115 96
-0.077364 0.377644 0.896000 26 113 94
-0.075046 0.377644 0.896000 12 114 95
-0.072890 0.378486 0.898000 31 133 114
-0.070410 0.377644 0.896000 46 129 114
-0.068091 0.377644 0.896000 59 142 127
-0.065920 0.378486 0.898000 139 156 142
-0.063596 0.378486 0.898000 134 151 137
-0.061273 0.378486 0.898000 143 137 122
-0.059081 0.379329 0.900000 124 118 103
-0.056815 0.379751 0.901000 111 99 81
-0.054545 0.380172 0.902000 109 97 79
-0.052269 0.380594 0.903000 163 126 112
-0.049932 0.380594 0.903000 153 116 102
-0.047701 0.381437 0.905000 102 64 57
-0.084507 0.380813 0.898000 17 47 41
-0.082184 0.380813 0.898000 45 75 69
-0.079861 0.380813 0.898000 44 99 89
-0.077537 0.380813 0.898000 46 101 91
-0.075214 0.380813 0.898000 40 121 107
-0.072890 0.380813 0.898000 38 119 105
-0.070567 0.380813 0.898000 50 107 101
-0.068243 0.380813 0.898000 140 197 191
-0.065920 0.380813 0.898000 223 227 220
-0.063596 0.380813 0.898000 230 234 227
-0.061409 0.381661 0.900000 237 232 214
-0.059081 0.381661 0.900000 234 229 211
-0.056815 0.382085 0.901000 230 223 202
-0.054545 0.382509 0.902000 217 210 189
-0.052269 0.382933 0.903000 189 163 148
-0.049932 0.382933 0.903000 125 99 84
-0.077710 0.383993 0.900000 17 40 36
-0.075381 0.383993 0.900000 31 74 70
-0.073134 0.384419 0.901000 44 87 83
-0.070724 0.383993 0.900000 58 83 88
-0.068395 0.383993 0.900000 121 146 151
-0.066140 0.384419 0.901000 188 190 196
-0.063809 0.384419 0.901000 201 203 209
-0.061546 0.384846 0.902000 204 200 193
-0.059212 0.384846 0.902000 212 208 201
-0.056878 0.384846 0.902000 231 223 211
-0.054545 0.384846 0.902000 239 231 219
-0.052269 0.385273 0.903000 226 201 194
-0.049932 0.385273 0.903000 120 95 88
-0.059212 0.387183 0.902000 71 62 67
-0.056941 0.387612 0.903000 92 81 76
-0.054605 0.387612 0.903000 117 106 101
