ply
format ascii 1.0
element vertex 5260
property float x
property float y
property float z
end_header
0.054242 0.411915 0.178533
0.052277 0.411925 0.178325
0.050157 0.413080 0.177818
0.048032 0.414235 0.177310
0.045903 0.415391 0.176802
-0.168555 0.952126 0.021875
0.056153 0.410144 0.180907
0.054190 0.410154 0.180699
0.052075 0.411308 0.180195
0.049955 0.412463 0.179690
0.047988 0.412473 0.179482
0.045860 0.413628 0.178976
-0.167866 0.960275 0.022767
-0.168881 0.951130 0.024899
-0.170957 0.946565 0.025799
0.055951 0.409529 0.182774
0.053839 0.410682 0.182273
0.051874 0.410692 0.182065
0.049754 0.411846 0.181562
0.047629 0.413000 0.181060
0.045498 0.414153 0.180556
-0.166067 0.963832 0.024926
-0.168194 0.959271 0.025810
-0.169753 0.952422 0.027310
-0.171281 0.945572 0.028813
0.055750 0.408913 0.184642
0.053638 0.410066 0.184143
0.051673 0.410076 0.183934
0.049552 0.411229 0.183434
0.047427 0.412382 0.182934
0.045296 0.413535 0.182433
-0.164516 0.968527 0.026803
-0.166396 0.962826 0.027979
-0.168521 0.958268 0.028854
-0.170079 0.951423 0.030339
0.055549 0.408298 0.186509
0.053436 0.409450 0.186012
0.051471 0.409460 0.185804
0.049351 0.410612 0.185307
0.047225 0.411764 0.184809
0.045254 0.411774 0.184600
-0.162150 0.969785 0.029609
-0.164846 0.967517 0.029869
-0.166993 0.962962 0.030731
-0.168035 0.953837 0.032801
-0.169858 0.948140 0.033971
0.055200 0.408824 0.188090
0.053235 0.408834 0.187882
0.051270 0.408844 0.187674
0.049149 0.409995 0.187179
0.047023 0.411146 0.186683
0.044892 0.412297 0.186187
-0.162745 0.969915 0.032382
-0.165176 0.966506 0.032934
-0.167860 0.964239 0.033190
-0.169177 0.956262 0.034941
-0.170731 0.949427 0.036396
0.054999 0.408207 0.189960
0.053034 0.408217 0.189752
0.050915 0.409368 0.189260
0.048947 0.409378 0.189051
0.046821 0.410528 0.188558
0.044690 0.411679 0.188064
-0.161937 0.978014 0.033435
-0.163076 0.968902 0.035455
-0.165506 0.965496 0.036000
-0.168459 0.964371 0.035954
-0.169776 0.956400 0.037688
0.054798 0.407591 0.191830
0.052832 0.407601 0.191621
0.050714 0.408751 0.191132
0.048590 0.409900 0.190641
0.046619 0.409911 0.190433
0.044649 0.409921 0.190224
-0.165498 1.005483 0.029557
-0.163056 0.980415 0.035649
-0.163407 0.967889 0.038528
-0.165836 0.964485 0.039065
-0.168789 0.963362 0.039017
-0.170648 0.957677 0.040146
0.054596 0.406975 0.193699
0.052631 0.406985 0.193491
0.050512 0.408134 0.193004
0.048388 0.409283 0.192516
0.046417 0.409293 0.192307
0.044447 0.409303 0.192098
-0.166876 1.009001 0.031550
-0.164437 0.983951 0.037587
-0.163738 0.966877 0.041600
-0.166700 0.965754 0.041549
-0.168849 0.961212 0.042372
0.054395 0.406359 0.195569
0.052430 0.406369 0.195361
0.050310 0.407517 0.194876
0.048186 0.408665 0.194391
0.046215 0.408675 0.194182
0.044245 0.408685 0.193973
-0.166719 1.020466 0.031905
-0.167995 1.011374 0.033851
-0.165821 0.987481 0.039545
-0.164333 0.967003 0.044385
-0.166496 0.962465 0.045196
0.054194 0.405742 0.197439
0.052077 0.406890 0.196957
0.050109 0.406900 0.196748
0.047984 0.408047 0.196265
0.046014 0.408057 0.196056
0.044043 0.408067 0.195847
-0.168337 1.010329 0.037022
-0.166157 0.986453 0.042664
-0.164665 0.965989 0.047460
0.053843 0.406263 0.199038
0.051875 0.406273 0.198829
0.049753 0.407419 0.198349
0.047782 0.407429 0.198140
0.045812 0.407439 0.197931
0.043841 0.407449 0.197722
-0.168694 1.024048 0.036873
-0.168678 1.009284 0.040193
-0.166493 0.985425 0.045783
-0.164996 0.964975 0.050536
0.053641 0.405645 0.200910
0.051673 0.405656 0.200701
0.049551 0.406801 0.200223
0.047580 0.406811 0.200014
0.045610 0.406821 0.199806
0.043639 0.406831 0.199597
0.041669 0.406841 0.199388
-0.172416 1.068402 0.029609
-0.172311 1.052514 0.033158
0.053440 0.405028 0.202782
0.051319 0.406173 0.202307
0.049349 0.406183 0.202098
0.047378 0.406193 0.201889
0.045408 0.406203 0.201680
0.043438 0.406213 0.201471
0.041467 0.406223 0.201262
-0.172056 1.079785 0.030233
-0.172771 1.067314 0.032910
-0.172407 1.050302 0.036702
0.051117 0.405555 0.204181
0.049147 0.405565 0.203973
0.047177 0.405576 0.203764
0.045206 0.405586 0.203555
0.043236 0.405596 0.203346
0.041100 0.406740 0.202872
-0.171150 1.088881 0.031465
-0.171412 1.074150 0.034658
-0.172367 1.062823 0.037035
-0.171480 1.043554 0.041341
-0.168954 1.017477 0.047307
-0.169181 1.003880 0.050256
0.050915 0.404938 0.206056
0.048945 0.404948 0.205847
0.046816 0.406091 0.205376
0.045004 0.404968 0.205429
0.042870 0.406111 0.204958
0.040897 0.406121 0.204749
-0.168727 1.091159 0.034374
-0.169275 1.077574 0.037259
-0.170264 1.066254 0.039607
-0.171961 1.058336 0.041145
-0.170293 1.035680 0.046227
-0.168522 1.013023 0.051321
0.050560 0.405452 0.207672
0.048587 0.405462 0.207462
0.046614 0.405472 0.207253
0.044641 0.405482 0.207044
0.042668 0.405492 0.206835
0.040529 0.406635 0.206365
-0.164343 1.084371 0.039448
-0.166136 1.076459 0.040958
-0.167645 1.067414 0.042741
-0.169615 1.060634 0.043989
-0.170792 1.050456 0.046049
-0.168334 1.024417 0.051894
0.050358 0.404833 0.209549
0.048229 0.405975 0.209083
0.046253 0.405985 0.208873
0.044278 0.405995 0.208664
0.042302 0.406005 0.208454
0.040160 0.407147 0.207987
-0.160463 1.079854 0.043964
-0.162022 1.070816 0.045721
-0.164031 1.064042 0.046950
-0.166508 1.059531 0.047649
-0.168460 1.052757 0.048884
-0.167588 1.033529 0.053062
0.049848 0.406476 0.210917
0.047870 0.406486 0.210708
0.045733 0.407627 0.210243
0.043752 0.407637 0.210033
0.041936 0.406517 0.210079
0.039791 0.407658 0.209613
-0.157315 1.078737 0.047673
-0.158891 1.069705 0.049409
-0.160915 1.062935 0.050621
-0.163400 1.058428 0.051309
-0.165616 1.052789 0.052264
-0.166044 1.039232 0.055073
0.049491 0.406986 0.212548
0.047511 0.406996 0.212338
0.045530 0.407006 0.212128
0.043549 0.407016 0.211918
0.041569 0.407026 0.211708
0.039588 0.407036 0.211498
-0.153934 1.093426 0.048112
-0.154876 1.081010 0.050601
-0.155522 1.067463 0.053357
-0.157557 1.060699 0.054554
-0.159805 1.055064 0.055492
-0.161780 1.048299 0.056695
-0.162977 1.038143 0.058687
0.048980 0.408623 0.213934
0.046994 0.408633 0.213723
0.045168 0.407514 0.213762
0.043184 0.407524 0.213552
0.041201 0.407534 0.213342
0.039050 0.408674 0.212881
-0.150645 1.109221 0.048378
-0.152374 1.100203 0.050057
-0.152189 1.082149 0.053803
-0.152394 1.066353 0.057042
-0.153964 1.057334 0.058739
-0.155976 1.050574 0.059923
-0.157714 1.042684 0.061369
-0.158426 1.030276 0.063855
0.048622 0.409129 0.215576
0.046633 0.409139 0.215365
0.044645 0.409149 0.215154
0.042656 0.409159 0.214944
0.040668 0.409169 0.214733
0.038679 0.409180 0.214522
-0.147883 1.110337 0.051657
-0.149177 1.099068 0.053824
-0.148564 1.078769 0.058037
-0.148563 1.061856 0.061493
-0.150617 1.055101 0.062658
-0.151922 1.044960 0.064593
-0.151970 1.029174 0.067814
0.048263 0.409633 0.217223
0.046114 0.410771 0.216768
0.044441 0.408526 0.217046
0.042453 0.408536 0.216835
0.040464 0.408546 0.216625
0.038308 0.409684 0.216168
-0.142849 1.118198 0.053820
-0.144887 1.110322 0.055199
-0.146434 1.100189 0.057087
-0.145409 1.077649 0.061754
-0.144977 1.058492 0.065675
-0.146806 1.050614 0.067076
-0.147412 1.037096 0.069747
0.047904 0.410135 0.218876
0.045910 0.410145 0.218664
0.043917 0.410156 0.218453
0.041923 0.410166 0.218242
0.039929 0.410176 0.218030
0.037936 0.410186 0.217819
-0.140776 1.141825 0.052552
-0.141367 1.126065 0.055645
-0.142553 1.113686 0.058000
-0.144580 1.105814 0.059363
-0.143390 1.082164 0.064224
-0.141861 1.057386 0.069346
-0.143706 1.049513 0.070729
-0.143164 1.030370 0.074619
0.047544 0.410636 0.220533
0.045548 0.410646 0.220321
0.043552 0.410656 0.220110
0.041556 0.410667 0.219898
0.039559 0.410677 0.219686
0.037563 0.410687 0.219475
0.035567 0.410697 0.219263
-0.137916 1.142909 0.055936
-0.140065 1.135044 0.057269
-0.140420 1.118169 0.060576
-0.141365 1.104673 0.063152
-0.140898 1.084418 0.067215
-0.139883 1.061911 0.071782
0.045185 0.411146 0.221983
0.043186 0.411156 0.221771
0.041351 0.410041 0.221797
0.039355 0.410051 0.221586
0.037359 0.410061 0.221374
0.035363 0.410071 0.221162
-0.130951 1.141721 0.060206
-0.134621 1.141740 0.059817
-0.137002 1.135006 0.060888
-0.138264 1.122645 0.063179
-0.139690 1.111409 0.065233
0.044822 0.411643 0.223650
0.042820 0.411653 0.223438
0.040983 0.410539 0.223461
0.038984 0.410549 0.223249
0.036985 0.410559 0.223037
0.034987 0.410570 0.222825
-0.122757 1.133785 0.065915
-0.138516 1.102408 0.070349
0.044617 0.411016 0.225554
0.042615 0.411026 0.225342
0.040614 0.411036 0.225130
0.038613 0.411046 0.224917
0.036611 0.411056 0.224705
0.034610 0.411067 0.224493
-0.113821 1.121365 0.072534
-0.117450 1.121383 0.072149
-0.121079 1.121402 0.071765
-0.124709 1.121420 0.071380
-0.128127 1.120315 0.071233
-0.134303 1.114733 0.071656
-0.135954 1.104637 0.073421
0.044253 0.411511 0.227228
0.042410 0.410398 0.227246
0.040409 0.410408 0.227034
0.038408 0.410419 0.226821
0.036406 0.410429 0.226609
0.034405 0.410439 0.226397
0.032404 0.410449 0.226185
-0.109575 1.114594 0.077542
-0.113191 1.114612 0.077158
-0.116808 1.114631 0.076775
-0.120424 1.114649 0.076392
-0.123832 1.113545 0.076243
-0.127025 1.111317 0.076331
-0.130633 1.111336 0.075949
0.042043 0.410892 0.228922
0.040040 0.410903 0.228710
0.038036 0.410913 0.228497
0.036201 0.409801 0.228513
0.034200 0.409811 0.228301
0.032199 0.409822 0.228089
-0.105743 1.110075 0.082059
-0.109352 1.110094 0.081677
-0.112559 1.107868 0.081758
-0.116163 1.107886 0.081376
-0.119766 1.107905 0.080994
-0.123161 1.106801 0.080845
0.041838 0.410264 0.230828
0.039834 0.410274 0.230616
0.037830 0.410285 0.230404
0.035826 0.410295 0.230191
0.033823 0.410305 0.229979
0.031819 0.410315 0.229766
0.029815 0.410325 0.229554
0.023803 0.410356 0.228917
-0.105722 1.106701 0.085950
-0.109325 1.106720 0.085568
-0.112928 1.106738 0.085186
-0.116328 1.105635 0.085034
0.041470 0.410756 0.232512
0.039464 0.410766 0.232299
0.037625 0.409656 0.232310
0.035621 0.409666 0.232098
0.033617 0.409677 0.231885
0.031613 0.409687 0.231673
0.029609 0.409697 0.231460
0.025602 0.409718 0.231035
0.023598 0.409728 0.230823
-0.098312 1.102174 0.090820
-0.102294 1.104433 0.089987
-0.105895 1.104451 0.089605
-0.109496 1.104469 0.089223
-0.112694 1.102247 0.089295
0.041265 0.410127 0.234421
0.039258 0.410137 0.234208
0.037252 0.410147 0.233996
0.035245 0.410158 0.233783
0.033239 0.410168 0.233570
0.031408 0.409059 0.233579
0.029404 0.409069 0.233367
0.027400 0.409079 0.233154
0.025396 0.409089 0.232942
-0.098107 1.097687 0.094911
-0.101888 1.098825 0.094307
-0.105479 1.098843 0.093926
0.040896 0.410616 0.236112
0.038887 0.410627 0.235899
0.037046 0.409518 0.235904
0.035040 0.409528 0.235692
0.033033 0.409539 0.235479
0.031027 0.409549 0.235266
0.029020 0.409559 0.235054
0.027195 0.408451 0.235061
0.025007 0.409580 0.234628
-0.097518 1.090968 0.099429
0.038681 0.409997 0.237810
0.036672 0.410007 0.237597
0.034834 0.408899 0.237601
0.032828 0.408910 0.237388
0.030821 0.408920 0.237175
0.028815 0.408930 0.236963
0.026808 0.408940 0.236750
0.024802 0.408950 0.236537
0.038309 0.410484 0.239508
0.036466 0.409377 0.239509
0.034457 0.409387 0.239296
0.032448 0.409398 0.239083
0.030616 0.408291 0.239084
0.028609 0.408301 0.238871
0.026603 0.408311 0.238659
0.024412 0.409438 0.238231
0.038103 0.409853 0.241422
0.036092 0.409863 0.241209
0.034252 0.408757 0.241207
0.032243 0.408768 0.240994
0.030234 0.408778 0.240781
0.028224 0.408788 0.240568
0.026215 0.408798 0.240355
0.024206 0.408809 0.240142
0.039909 0.409212 0.243549
0.037731 0.410338 0.243128
0.035886 0.409233 0.243123
0.033874 0.409243 0.242910
0.031862 0.409253 0.242696
0.030028 0.408148 0.242693
0.028019 0.408158 0.242480
0.026010 0.408168 0.242267
0.023816 0.409294 0.241843
0.043408 0.410790 0.245479
0.041391 0.410800 0.245265
0.039538 0.409696 0.245257
0.037524 0.409706 0.245044
0.035680 0.408602 0.245037
0.033668 0.408612 0.244823
0.031656 0.408622 0.244610
0.029822 0.407518 0.244604
0.027813 0.407528 0.244391
0.025804 0.407538 0.244178
0.023610 0.408663 0.243757
0.045375 0.409034 0.247814
0.043201 0.410158 0.247398
0.041184 0.410168 0.247184
0.039168 0.410178 0.246970
0.037151 0.410188 0.246757
0.035304 0.409085 0.246747
0.031275 0.409105 0.246320
0.029439 0.408002 0.246311
0.027427 0.408012 0.246097
0.025415 0.408022 0.245884
0.047028 0.409505 0.249744
0.045011 0.409515 0.249531
0.042835 0.410638 0.249116
0.040815 0.410649 0.248902
0.038796 0.410659 0.248688
0.036944 0.409556 0.248675
0.031069 0.408474 0.248236
0.029055 0.408484 0.248022
0.027041 0.408494 0.247809
0.025026 0.408505 0.247595
0.048838 0.408862 0.251877
0.046667 0.409984 0.251466
0.044647 0.409995 0.251252
0.042628 0.410005 0.251038
0.040609 0.410015 0.250824
0.038589 0.410026 0.250610
0.030512 0.410067 0.249753
0.028492 0.410077 0.249539
0.026473 0.410087 0.249325
0.024454 0.410098 0.249111
-0.074163 0.949613 0.150946
0.050648 0.408219 0.254009
0.048479 0.409341 0.253601
0.046460 0.409351 0.253387
0.044440 0.409362 0.253173
0.042421 0.409372 0.252959
0.040402 0.409382 0.252745
0.028286 0.409444 0.251460
0.026266 0.409454 0.251246
0.024247 0.409464 0.251032
-0.073733 0.944142 0.154851
-0.076992 0.944159 0.154505
0.050292 0.408697 0.255736
0.048272 0.408708 0.255522
0.046098 0.409829 0.255116
0.044076 0.409839 0.254901
0.042054 0.409849 0.254687
0.027900 0.409921 0.253187
0.026059 0.408821 0.253167
0.023673 0.411053 0.252563
-0.074067 0.943121 0.157950
-0.077325 0.943137 0.157605
0.052104 0.408054 0.257872
0.050085 0.408064 0.257657
0.047912 0.409184 0.257254
0.045735 0.410304 0.256849
0.043710 0.410315 0.256635
0.025490 0.410408 0.254703
0.023281 0.411528 0.254296
-0.074784 0.944319 0.160663
-0.077659 0.942115 0.160705
-0.080917 0.942132 0.160360
0.051749 0.408530 0.259606
0.049727 0.408540 0.259392
0.047552 0.409659 0.258990
0.045372 0.410778 0.258588
0.025101 0.410882 0.256439
0.023074 0.410892 0.256224
-0.074351 0.938859 0.164533
-0.077604 0.938876 0.164188
-0.080660 0.937783 0.164035
0.053418 0.408993 0.261560
0.051393 0.409004 0.261345
0.049369 0.409014 0.261131
0.047191 0.410133 0.260731
0.045164 0.410143 0.260517
0.024711 0.411354 0.258180
0.022682 0.411365 0.257965
-0.074492 0.936731 0.167816
-0.077548 0.935639 0.167661
-0.080796 0.935656 0.167317
-0.084044 0.935672 0.166972
0.055092 0.409456 0.263520
0.053064 0.409466 0.263305
0.051037 0.409476 0.263090
0.049010 0.409487 0.262875
0.046983 0.409497 0.262660
-0.074248 0.932389 0.171468
-0.077491 0.932405 0.171124
-0.080733 0.932422 0.170781
-0.083776 0.931331 0.170624
0.056911 0.408810 0.265663
0.054884 0.408820 0.265448
0.052857 0.408830 0.265233
0.050830 0.408841 0.265018
0.048803 0.408851 0.264803
-0.074387 0.930266 0.174737
-0.077628 0.930282 0.174394
-0.080670 0.929192 0.174235
-0.084108 0.930315 0.173707
-0.087348 0.930332 0.173363
0.056703 0.408174 0.267592
0.054676 0.408184 0.267377
0.052649 0.408195 0.267162
0.050622 0.408205 0.266947
-0.068802 0.932534 0.177964
-0.071669 0.930339 0.177982
-0.074912 0.930355 0.177638
-0.077960 0.929266 0.177476
-0.081200 0.929283 0.177133
-0.084440 0.929299 0.176789
-0.087680 0.929316 0.176446
0.058523 0.407528 0.269735
0.056496 0.407538 0.269520
0.054324 0.408654 0.269131
0.052441 0.407559 0.269090
-0.072574 0.932637 0.180531
-0.075631 0.931549 0.180365
-0.078879 0.931565 0.180021
-0.081730 0.929371 0.180036
-0.084973 0.929388 0.179692
-0.088216 0.929405 0.179348
0.058315 0.406892 0.271663
0.056288 0.406903 0.271449
0.054116 0.408017 0.271062
0.052087 0.408027 0.270847
-0.076157 0.931634 0.183279
-0.079408 0.931651 0.182934
-0.082460 0.930563 0.182767
-0.085305 0.928371 0.182777
-0.088548 0.928388 0.182434
-0.091584 0.927300 0.182268
0.060134 0.406247 0.273807
0.057968 0.407360 0.273424
0.056080 0.406267 0.273377
0.053908 0.407381 0.272993
0.051879 0.407391 0.272778
-0.079741 0.930632 0.186027
-0.082792 0.929545 0.185857
-0.086040 0.929562 0.185513
-0.088880 0.927371 0.185519
-0.091916 0.926284 0.185350
-0.094947 0.925197 0.185183
0.061684 0.407805 0.275619
0.059789 0.406713 0.275570
0.057620 0.407826 0.275189
0.055588 0.407836 0.274973
0.053555 0.407847 0.274758
-0.083324 0.929629 0.188775
-0.086575 0.929646 0.188430
-0.089213 0.926354 0.188604
-0.092455 0.926371 0.188260
-0.095279 0.924182 0.188263
-0.098517 0.924198 0.187920
0.061476 0.407168 0.277553
0.059581 0.406077 0.277501
0.057412 0.407189 0.277122
0.055379 0.407199 0.276907
0.053347 0.407209 0.276691
-0.086908 0.928626 0.191523
-0.090158 0.928643 0.191178
-0.092788 0.925354 0.191345
-0.095821 0.924269 0.191172
-0.099061 0.924285 0.190829
-0.102301 0.924302 0.190485
-0.105324 0.923216 0.190313
0.061268 0.406531 0.279486
0.059236 0.406541 0.279271
0.057203 0.406551 0.279055
0.055171 0.406562 0.278840
-0.087443 0.928708 0.194447
-0.090492 0.927624 0.194270
-0.093535 0.926539 0.194094
-0.096363 0.924353 0.194087
-0.099393 0.923269 0.193911
-0.102848 0.924387 0.193399
-0.105873 0.923302 0.193224
-0.109114 0.923319 0.192881
0.059027 0.405904 0.281204
0.056854 0.407014 0.280830
0.054963 0.405925 0.280773
-0.091030 0.927705 0.197198
-0.094075 0.926621 0.197018
-0.097115 0.925537 0.196840
-0.100363 0.925554 0.196495
-0.103611 0.925571 0.196151
-0.106423 0.923386 0.196140
-0.109666 0.923403 0.195797
-0.112686 0.922319 0.195620
0.313582 0.408362 0.309580
0.311359 0.407275 0.309486
0.060580 0.407455 0.283042
0.058681 0.406366 0.282982
0.056646 0.406376 0.282766
-0.094616 0.926701 0.199948
-0.097659 0.925618 0.199766
-0.100909 0.925635 0.199422
-0.103944 0.924552 0.199241
-0.107192 0.924569 0.198897
-0.110440 0.924585 0.198553
-0.113241 0.922402 0.198538
-0.116484 0.922419 0.198194
-0.119498 0.921336 0.198016
0.313190 0.406625 0.311643
0.310969 0.405538 0.311546
0.308932 0.405549 0.311330
0.062275 0.407904 0.285043
0.060371 0.406816 0.284980
0.058472 0.405728 0.284918
0.056296 0.406837 0.284548
-0.101242 0.924616 0.202514
-0.104493 0.924632 0.202170
-0.107743 0.924649 0.201825
-0.110994 0.924665 0.201480
-0.114021 0.923583 0.201298
-0.116816 0.921402 0.201279
-0.120059 0.921419 0.200936
0.312798 0.404889 0.313701
0.310760 0.404900 0.313485
0.308723 0.404910 0.313269
0.306685 0.404920 0.313053
0.060162 0.406177 0.286919
0.058125 0.406187 0.286703
0.056088 0.406198 0.286487
-0.105042 0.924711 0.205103
-0.108295 0.924728 0.204758
-0.111548 0.924744 0.204413
-0.114577 0.923663 0.204228
-0.117828 0.923679 0.203884
-0.120849 0.922598 0.203700
0.311309 0.396585 0.316440
0.309650 0.398785 0.315996
0.307804 0.399891 0.315667
0.305776 0.399901 0.315452
0.303922 0.401006 0.315121
0.061857 0.406624 0.288925
0.059954 0.405538 0.288857
0.057916 0.405548 0.288641
-0.112325 0.925918 0.207194
-0.115135 0.923741 0.207163
-0.118388 0.923757 0.206818
-0.121411 0.922677 0.206632
0.310190 0.390480 0.318920
0.308543 0.392679 0.318483
0.306709 0.393784 0.318157
0.305044 0.395983 0.317718
0.303197 0.397087 0.317391
0.301345 0.398192 0.317064
0.061648 0.405985 0.290866
0.059608 0.405995 0.290649
0.057568 0.406006 0.290433
0.307798 0.388768 0.320726
0.305971 0.389872 0.320404
0.304139 0.390975 0.320081
0.302302 0.392079 0.319757
0.300291 0.392089 0.319544
0.298613 0.394287 0.319108
0.059262 0.406450 0.292447
0.057359 0.405366 0.292374
0.305412 0.387057 0.322528
0.303585 0.388160 0.322208
0.301581 0.388170 0.321995
0.299746 0.389273 0.321675
0.297907 0.390376 0.321353
0.295897 0.390386 0.321140
0.059053 0.405810 0.294390
0.057150 0.404726 0.294315
0.302684 0.383164 0.324536
0.301205 0.386450 0.324008
0.299203 0.386460 0.323795
0.297368 0.387562 0.323477
0.295364 0.387573 0.323265
0.293521 0.388675 0.322945
0.056660 0.406274 0.295978
0.300144 0.380367 0.326428
0.298492 0.382559 0.326010
0.296831 0.384752 0.325591
0.294832 0.384762 0.325379
0.292994 0.385863 0.325063
0.058358 0.406714 0.298005
0.297447 0.376483 0.328412
0.295632 0.377583 0.328101
0.293975 0.379774 0.327687
0.060060 0.407154 0.300036
0.058148 0.406072 0.299953
0.294601 0.371514 0.330482
0.292794 0.372613 0.330174
0.292266 0.369817 0.332244
0.286827 0.373114 0.331326
0.285004 0.374213 0.331019
0.062955 0.412388 0.303605
0.061290 0.409128 0.303771
0.059504 0.406958 0.303809
0.057590 0.405878 0.303720
0.289937 0.368123 0.334002
0.287972 0.368133 0.333794
0.286161 0.369231 0.333490
0.284193 0.369241 0.333282
0.282225 0.369251 0.333073
0.062874 0.410651 0.305696
0.061079 0.408483 0.305729
0.059294 0.406315 0.305762
0.057380 0.405236 0.305671
0.287613 0.366429 0.335756
0.285805 0.367526 0.335455
0.283840 0.367536 0.335247
0.281875 0.367546 0.335038
0.279909 0.367557 0.334830
0.062926 0.407827 0.307905
0.061002 0.406749 0.307810
0.059083 0.405671 0.307715
0.057170 0.404593 0.307621
0.283487 0.365834 0.337207
0.281524 0.365844 0.336999
0.062847 0.406094 0.309983
0.060926 0.405017 0.309886
0.059010 0.403939 0.309789
0.057099 0.402862 0.309693
0.060850 0.403286 0.311957
0.058800 0.403296 0.311740
0.056890 0.402220 0.311641
0.060910 0.400471 0.314139
0.058865 0.400481 0.313923
0.056960 0.399405 0.313822
0.061241 0.395488 0.316539
0.059206 0.395499 0.316323
0.057312 0.394423 0.316221
0.061710 0.389427 0.319029
0.059826 0.388353 0.318926
0.057806 0.388363 0.318712
0.062045 0.384458 0.321387
0.060034 0.384469 0.321174
0.058022 0.384479 0.320960
0.062111 0.381662 0.323513
0.060105 0.381672 0.323300
0.058098 0.381682 0.323087
0.062178 0.378868 0.325629
0.060177 0.378879 0.325417
0.058175 0.378889 0.325204
0.062246 0.376078 0.327735
0.060250 0.376088 0.327523
0.058254 0.376098 0.327312
0.060185 0.374382 0.329522
0.058191 0.374392 0.329310
0.191475 0.211724 0.465732
0.189780 0.211733 0.465552
0.188085 0.211742 0.465372
0.186391 0.211750 0.465192
0.184696 0.211759 0.465013
0.183001 0.211767 0.464833
0.181306 0.211776 0.464653
0.179611 0.211785 0.464474
0.177917 0.211793 0.464294
0.176222 0.211802 0.464114
0.174517 0.210787 0.463847
0.172825 0.210795 0.463668
0.171133 0.210804 0.463488
0.169440 0.210813 0.463309
0.167749 0.209797 0.463043
0.166059 0.209806 0.462863
0.164375 0.208790 0.462598
0.162688 0.208799 0.462419
0.161001 0.208808 0.462240
0.159314 0.208816 0.462062
0.157626 0.208825 0.461883
0.155939 0.208833 0.461704
0.154273 0.207818 0.461440
0.208372 0.213152 0.469332
0.206672 0.213161 0.469152
0.204972 0.213170 0.468972
0.203219 0.212155 0.468697
0.201521 0.212164 0.468517
0.199824 0.212173 0.468337
0.198126 0.212181 0.468157
0.196429 0.212190 0.467977
0.194732 0.212199 0.467797
0.193034 0.212207 0.467617
0.191337 0.212216 0.467437
0.189639 0.212224 0.467257
0.187942 0.212233 0.467077
0.186245 0.212242 0.466897
0.184547 0.212250 0.466717
0.182850 0.212259 0.466537
0.181153 0.212268 0.466357
0.179455 0.212276 0.466177
0.177758 0.212285 0.465997
0.176048 0.211271 0.465727
0.174353 0.211279 0.465547
0.172651 0.210265 0.465277
0.170959 0.210273 0.465098
0.169265 0.209259 0.464829
0.167575 0.209267 0.464650
0.165886 0.209276 0.464471
0.164202 0.208261 0.464203
0.162515 0.208270 0.464024
0.160828 0.208279 0.463845
0.159141 0.208287 0.463667
0.157454 0.208296 0.463488
0.155767 0.208304 0.463309
0.154101 0.207290 0.463043
0.152392 0.208322 0.462951
0.150705 0.208330 0.462772
0.149018 0.208339 0.462594
0.147331 0.208347 0.462415
0.145644 0.208356 0.462236
0.143957 0.208365 0.462057
0.142270 0.208373 0.461878
0.140583 0.208382 0.461699
0.138896 0.208390 0.461520
0.137209 0.208399 0.461342
0.218474 0.213589 0.472131
0.216771 0.213598 0.471950
0.215069 0.213607 0.471770
0.213366 0.213615 0.471589
0.211664 0.213624 0.471409
0.209961 0.213633 0.471228
0.208259 0.213641 0.471048
0.206556 0.213650 0.470867
0.204854 0.213659 0.470687
0.203151 0.213667 0.470506
0.201448 0.213676 0.470326
0.199746 0.213685 0.470145
0.198043 0.213693 0.469965
0.196341 0.213702 0.469784
0.194638 0.213711 0.469604
0.192936 0.213719 0.469423
0.191233 0.213728 0.469243
0.189531 0.213737 0.469062
0.187828 0.213745 0.468882
0.186126 0.213754 0.468701
0.184423 0.213763 0.468521
0.182720 0.213771 0.468340
0.180998 0.212758 0.468066
0.179281 0.211744 0.467792
0.177569 0.210731 0.467519
0.175875 0.210739 0.467339
0.174180 0.210748 0.467160
0.172478 0.209734 0.466887
0.170786 0.209743 0.466708
0.169094 0.209751 0.466529
0.167401 0.209760 0.466349
0.165713 0.208746 0.466078
0.164023 0.208755 0.465899
0.162342 0.207741 0.465629
0.160655 0.207750 0.465451
0.158968 0.207758 0.465272
0.157281 0.207767 0.465093
0.155594 0.207775 0.464914
0.153907 0.207784 0.464735
0.152219 0.207793 0.464556
0.150532 0.207801 0.464377
0.148845 0.207810 0.464199
0.147158 0.207818 0.464020
0.145471 0.207827 0.463841
0.143784 0.207836 0.463662
0.142057 0.208867 0.463571
0.140368 0.208875 0.463392
0.138723 0.207861 0.463125
0.137036 0.207870 0.462947
0.135349 0.207879 0.462768
0.133662 0.207887 0.462589
0.131974 0.207896 0.462410
0.130287 0.207904 0.462231
0.128660 0.206890 0.461967
0.126976 0.206899 0.461788
0.125291 0.206907 0.461610
0.123675 0.205893 0.461347
0.228606 0.214024 0.474937
0.226812 0.213012 0.474653
0.225110 0.213021 0.474472
0.223407 0.213029 0.474292
0.221704 0.213038 0.474111
0.220002 0.213047 0.473931
0.218299 0.213055 0.473750
0.216670 0.214085 0.473672
0.214965 0.214094 0.473491
0.213260 0.214103 0.473310
0.211555 0.214111 0.473130
0.209850 0.214120 0.472949
0.208145 0.214129 0.472768
0.206440 0.214137 0.472587
0.204735 0.214146 0.472407
0.203029 0.214155 0.472226
0.201324 0.214163 0.472045
0.199619 0.214172 0.471864
0.197914 0.214181 0.471684
0.196209 0.214190 0.471503
0.194504 0.214198 0.471322
0.192799 0.214207 0.471141
0.191094 0.214216 0.470961
0.189388 0.214224 0.470780
0.187683 0.214233 0.470599
0.185951 0.213220 0.470321
0.184249 0.213229 0.470141
0.182546 0.213238 0.469960
0.180824 0.212225 0.469683
0.179107 0.211212 0.469407
0.177410 0.211221 0.469227
0.175701 0.210208 0.468952
0.174006 0.210216 0.468772
0.172311 0.210225 0.468592
0.170612 0.209212 0.468318
0.168920 0.209221 0.468139
0.167228 0.209229 0.467959
0.165536 0.209238 0.467780
0.163844 0.209247 0.467600
0.162160 0.208234 0.467328
0.160471 0.208242 0.467149
0.158781 0.208251 0.466969
0.157108 0.207238 0.466698
0.155421 0.207246 0.466519
0.153734 0.207255 0.466340
0.152047 0.207264 0.466161
0.150360 0.207272 0.465982
0.148643 0.208303 0.465895
0.146953 0.208311 0.465716
0.145264 0.208320 0.465537
0.143574 0.208328 0.465357
0.141844 0.209359 0.465268
0.140152 0.209367 0.465089
0.138460 0.209376 0.464910
0.136768 0.209385 0.464730
0.135076 0.209393 0.464551
0.133436 0.208380 0.464283
0.131746 0.208389 0.464104
0.130115 0.207375 0.463836
0.128427 0.207384 0.463657
0.126740 0.207393 0.463479
0.125119 0.206379 0.463212
0.123434 0.206388 0.463034
0.121750 0.206396 0.462855
0.120139 0.205383 0.462590
0.118457 0.205392 0.462412
0.116775 0.205400 0.462234
0.115174 0.204387 0.461970
0.113411 0.205417 0.461877
0.111815 0.204404 0.461614
0.110136 0.204413 0.461436
0.108456 0.204421 0.461258
0.235353 0.214475 0.477390
0.233646 0.214484 0.477209
0.231938 0.214493 0.477028
0.230137 0.213481 0.476740
0.228431 0.213490 0.476559
0.226726 0.213498 0.476379
0.225021 0.213507 0.476198
0.223316 0.213516 0.476017
0.221611 0.213524 0.475836
0.219906 0.213533 0.475656
0.218201 0.213542 0.475475
0.216496 0.213551 0.475294
0.214791 0.213559 0.475113
0.213085 0.213568 0.474933
0.211380 0.213577 0.474752
0.209738 0.214606 0.474675
0.208030 0.214614 0.474493
0.206323 0.214623 0.474312
0.204615 0.214632 0.474131
0.202907 0.214641 0.473950
0.201200 0.214649 0.473769
0.199492 0.214658 0.473588
0.197784 0.214667 0.473407
0.196077 0.214675 0.473226
0.194369 0.214684 0.473045
0.192661 0.214693 0.472864
0.190954 0.214702 0.472683
0.189246 0.214710 0.472502
0.187538 0.214719 0.472321
0.185804 0.213707 0.472040
0.184098 0.213716 0.471860
0.182393 0.213724 0.471679
0.180669 0.212712 0.471399
0.178967 0.212721 0.471219
0.177250 0.211709 0.470940
0.175539 0.210697 0.470662
0.173841 0.210706 0.470482
0.172144 0.210714 0.470302
0.170443 0.209702 0.470025
0.168748 0.209711 0.469845
0.167053 0.209720 0.469666
0.165362 0.208707 0.469390
0.163670 0.208716 0.469210
0.161978 0.208725 0.469031
0.160286 0.208733 0.468852
0.158608 0.207721 0.468577
0.156918 0.207730 0.468398
0.155228 0.207738 0.468219
0.153561 0.206726 0.467945
0.151849 0.207756 0.467861
0.150159 0.207764 0.467681
0.148470 0.207773 0.467502
0.146748 0.208802 0.467416
0.145056 0.208811 0.467237
0.143363 0.208820 0.467058
0.141671 0.208828 0.466878
0.139936 0.209858 0.466791
0.138241 0.209866 0.466611
0.136547 0.209875 0.466432
0.134852 0.209884 0.466252
0.133210 0.208871 0.465981
0.131518 0.208880 0.465802
0.129825 0.208889 0.465623
0.128194 0.207876 0.465353
0.126504 0.207885 0.465174
0.124880 0.206872 0.464905
0.123193 0.206881 0.464726
0.121506 0.206889 0.464547
0.119819 0.206898 0.464368
0.118208 0.205885 0.464101
0.116524 0.205894 0.463922
0.114839 0.205903 0.463744
0.113155 0.205911 0.463565
0.111470 0.205920 0.463386
0.109786 0.205928 0.463208
0.108101 0.205937 0.463029
0.106417 0.205946 0.462851
0.104732 0.205954 0.462672
0.103048 0.205963 0.462494
0.101363 0.205971 0.462315
0.099679 0.205980 0.462136
0.097994 0.205988 0.461958
0.242121 0.214924 0.479850
0.240411 0.214933 0.479669
0.238700 0.214942 0.479487
0.236990 0.214950 0.479306
0.235179 0.213940 0.479015
0.233471 0.213948 0.478834
0.231763 0.213957 0.478653
0.230055 0.213966 0.478472
0.228348 0.213975 0.478291
0.226552 0.212964 0.478001
0.224847 0.212972 0.477820
0.223141 0.212981 0.477639
0.221436 0.212990 0.477459
0.219731 0.212999 0.477278
0.218026 0.213007 0.477097
0.216394 0.214036 0.477023
0.214686 0.214044 0.476842
0.212979 0.214053 0.476661
0.211271 0.214062 0.476480
0.209563 0.214070 0.476299
0.207916 0.215099 0.476224
0.206205 0.215107 0.476042
0.204495 0.215116 0.475861
0.202785 0.215125 0.475680
0.201074 0.215133 0.475498
0.199364 0.215142 0.475317
0.197654 0.215151 0.475136
0.195944 0.215160 0.474955
0.194233 0.215168 0.474773
0.192523 0.215177 0.474592
0.190813 0.215186 0.474411
0.189103 0.215195 0.474229
0.187392 0.215203 0.474048
0.185655 0.214192 0.473765
0.183948 0.214201 0.473584
0.182240 0.214210 0.473403
0.180514 0.213198 0.473120
0.178808 0.213207 0.472940
0.177090 0.212196 0.472658
0.175387 0.212205 0.472478
0.173676 0.211193 0.472197
0.171976 0.211202 0.472017
0.170273 0.210191 0.471737
0.168575 0.210199 0.471557
0.166878 0.210208 0.471377
0.165185 0.209197 0.471098
0.163490 0.209205 0.470919
0.161805 0.208194 0.470641
0.160112 0.208203 0.470462
0.158420 0.208211 0.470282
0.156728 0.208220 0.470103
0.155055 0.207209 0.469826
0.153366 0.207217 0.469647
0.151676 0.207226 0.469468
0.149959 0.208254 0.469385
0.148267 0.208263 0.469206
0.146574 0.208272 0.469026
0.144882 0.208280 0.468847
0.143152 0.209309 0.468763
0.141417 0.210338 0.468678
0.139763 0.209326 0.468403
0.138022 0.210355 0.468318
0.136325 0.210364 0.468138
0.134627 0.210372 0.467958
0.132983 0.209361 0.467685
0.131288 0.209370 0.467505
0.129594 0.209378 0.467325
0.127899 0.209387 0.467146
0.126268 0.208375 0.466874
0.124575 0.208384 0.466694
0.122883 0.208392 0.466515
0.121191 0.208401 0.466335
0.119572 0.207389 0.466065
0.117883 0.207398 0.465886
0.116193 0.207407 0.465706
0.114503 0.207415 0.465527
0.112814 0.207424 0.465348
0.111211 0.206412 0.465079
0.109524 0.206421 0.464900
0.107837 0.206429 0.464721
0.106150 0.206438 0.464543
0.104463 0.206446 0.464364
0.102775 0.206455 0.464185
0.101088 0.206464 0.464006
0.099401 0.206472 0.463827
0.097714 0.206481 0.463648
0.096027 0.206489 0.463469
0.094340 0.206498 0.463291
0.092653 0.206507 0.463112
0.090966 0.206515 0.462933
0.089279 0.206524 0.462754
0.087714 0.205512 0.462489
0.086030 0.205520 0.462310
0.084345 0.205529 0.462132
0.247076 0.214362 0.482021
0.245366 0.214371 0.481840
0.243656 0.214379 0.481658
0.241946 0.214388 0.481477
0.240235 0.214397 0.481296
0.238525 0.214405 0.481114
0.236815 0.214414 0.480933
0.235105 0.214423 0.480752
0.233394 0.214432 0.480570
0.231588 0.213422 0.480277
0.229880 0.213430 0.480096
0.228173 0.213439 0.479915
0.226465 0.213448 0.479734
0.224757 0.213457 0.479553
0.223050 0.213465 0.479372
0.221342 0.213474 0.479191
0.219634 0.213483 0.479010
0.217927 0.213491 0.478829
0.216219 0.213500 0.478648
0.214581 0.214527 0.478576
0.212871 0.214536 0.478395
0.211161 0.214545 0.478213
0.209451 0.214554 0.478032
0.207740 0.214562 0.477851
0.206030 0.214571 0.477670
0.204320 0.214580 0.477488
0.202610 0.214588 0.477307
0.200899 0.214597 0.477126
0.199236 0.215625 0.477051
0.197523 0.215634 0.476869
0.195810 0.215642 0.476688
0.194097 0.215651 0.476506
0.144638 0.209788 0.470653
0.142940 0.209797 0.470473
0.141202 0.210825 0.470390
0.139459 0.211853 0.470307
0.137757 0.211862 0.470127
0.136054 0.211870 0.469946
0.134352 0.211879 0.469766
0.132649 0.211888 0.469585
0.131003 0.210877 0.469309
0.129303 0.210886 0.469129
0.127664 0.209875 0.468853
0.125967 0.209883 0.468673
0.124269 0.209892 0.468494
0.122572 0.209901 0.468314
0.120874 0.209909 0.468134
0.119177 0.209918 0.467954
0.117480 0.209927 0.467774
0.115782 0.209935 0.467594
0.114167 0.208924 0.467321
0.112387 0.209953 0.467234
0.110777 0.208942 0.466962
0.109082 0.208950 0.466782
0.107387 0.208959 0.466602
0.105693 0.208968 0.466423
0.103998 0.208976 0.466243
0.102303 0.208985 0.466063
0.100608 0.208994 0.465884
0.098913 0.209002 0.465704
0.097219 0.209011 0.465524
0.095524 0.209020 0.465345
0.093829 0.209028 0.465165
0.092134 0.209037 0.464985
0.090557 0.208026 0.464716
0.088865 0.208034 0.464537
0.087173 0.208043 0.464358
0.085480 0.208052 0.464178
0.083916 0.207040 0.463911
0.082227 0.207049 0.463732
0.080537 0.207058 0.463552
0.078847 0.207066 0.463373
0.077158 0.207075 0.463194
0.075468 0.207084 0.463015
0.073922 0.206072 0.462749
0.072235 0.206081 0.462571
0.252032 0.213799 0.484192
0.250322 0.213808 0.484011
0.248612 0.213817 0.483829
0.246901 0.213826 0.483648
0.245191 0.213834 0.483467
0.243481 0.213843 0.483285
0.241770 0.213852 0.483104
0.240060 0.213860 0.482923
0.238350 0.213869 0.482741
0.236640 0.213878 0.482560
0.234929 0.213887 0.482379
0.233219 0.213895 0.482198
0.231509 0.213904 0.482016
0.229799 0.213913 0.481835
0.227998 0.212904 0.481540
0.226290 0.212912 0.481359
0.224582 0.212921 0.481178
0.222875 0.212930 0.480997
0.221167 0.212938 0.480816
0.219459 0.212947 0.480635
0.217827 0.213974 0.480566
0.216116 0.213982 0.480384
0.214406 0.213991 0.480203
0.212696 0.214000 0.480022
0.210986 0.214009 0.479841
0.209275 0.214017 0.479659
0.117075 0.212451 0.469677
0.115370 0.212459 0.469496
0.113665 0.212468 0.469315
0.111960 0.212477 0.469134
0.110254 0.212485 0.468954
0.108549 0.212494 0.468773
0.106937 0.211484 0.468498
0.105234 0.211493 0.468317
0.103532 0.211501 0.468137
0.101829 0.211510 0.467956
0.100126 0.211519 0.467776
0.098424 0.211527 0.467595
0.096721 0.211536 0.467415
0.095019 0.211545 0.467234
0.093316 0.211554 0.467054
0.091614 0.211562 0.466873
0.089911 0.211571 0.466693
0.088209 0.211580 0.466512
0.086629 0.210569 0.466241
0.084929 0.210578 0.466061
0.083358 0.209567 0.465790
0.081661 0.209576 0.465610
0.079963 0.209585 0.465430
0.078402 0.208574 0.465160
0.076568 0.209602 0.465070
0.074871 0.209611 0.464890
0.073318 0.208600 0.464621
0.071623 0.208609 0.464442
0.069928 0.208618 0.464262
0.068385 0.207607 0.463994
0.256988 0.213237 0.486363
0.255277 0.213246 0.486182
0.253567 0.213254 0.486000
0.251857 0.213263 0.485819
0.250270 0.214289 0.485757
0.248557 0.214298 0.485576
0.246845 0.214306 0.485394
0.245016 0.213298 0.485094
0.243305 0.213307 0.484912
0.241595 0.213315 0.484731
0.239885 0.213324 0.484550
0.238175 0.213333 0.484369
0.236464 0.213342 0.484187
0.234754 0.213350 0.484006
0.233044 0.213359 0.483825
0.231334 0.213368 0.483643
0.229623 0.213376 0.483462
0.227913 0.213385 0.483281
0.226203 0.213394 0.483099
0.224493 0.213403 0.482918
0.222782 0.213411 0.482737
0.221072 0.213420 0.482556
0.219362 0.213429 0.482374
0.110080 0.211951 0.470576
0.108375 0.211959 0.470395
0.106669 0.211968 0.470214
0.104964 0.211977 0.470034
0.103259 0.211986 0.469853
0.101554 0.211994 0.469672
0.099849 0.212003 0.469491
0.098249 0.210994 0.469215
0.096439 0.212020 0.469130
0.094734 0.212029 0.468949
0.093029 0.212038 0.468768
0.091323 0.212046 0.468588
0.089500 0.213073 0.468501
0.087792 0.213082 0.468320
0.086085 0.213091 0.468139
0.084377 0.213099 0.467958
0.082669 0.213108 0.467777
0.080961 0.213117 0.467596
0.079254 0.213125 0.467415
0.077546 0.213134 0.467234
0.075838 0.213143 0.467053
0.074272 0.212133 0.466780
0.072567 0.212142 0.466599
0.070862 0.212151 0.466418
0.069157 0.212159 0.466238
0.067604 0.211150 0.465966
0.065901 0.211159 0.465786
0.260233 0.212683 0.488353
0.258523 0.212692 0.488171
0.256812 0.212701 0.487990
0.255233 0.213726 0.487932
0.253520 0.213734 0.487750
0.251808 0.213743 0.487569
0.250095 0.213752 0.487387
0.248382 0.213760 0.487205
0.246669 0.213769 0.487024
0.244956 0.213778 0.486842
0.243243 0.213787 0.486661
0.241531 0.213795 0.486479
0.239710 0.212788 0.486177
0.237999 0.212797 0.485996
0.236289 0.212805 0.485814
0.234579 0.212814 0.485633
0.232869 0.212823 0.485452
0.231158 0.212831 0.485270
0.229448 0.212840 0.485089
0.227738 0.212849 0.484908
0.226028 0.212858 0.484727
0.097969 0.211477 0.470933
0.096264 0.211486 0.470752
0.094559 0.211494 0.470571
0.092740 0.212520 0.470488
0.091033 0.212529 0.470307
0.089325 0.212538 0.470125
0.087617 0.212546 0.469944
0.085786 0.213572 0.469859
0.084075 0.213581 0.469678
0.082365 0.213590 0.469497
0.080655 0.213599 0.469316
0.078945 0.213607 0.469134
0.077098 0.214634 0.469048
0.075385 0.214642 0.468866
0.073672 0.214651 0.468684
0.071959 0.214660 0.468503
0.070393 0.213651 0.468228
0.068683 0.213660 0.468046
0.066973 0.213668 0.467865
0.065263 0.213677 0.467684
0.263478 0.212130 0.490342
0.261768 0.212138 0.490161
0.260058 0.212147 0.489980
0.258347 0.212156 0.489798
0.256771 0.213180 0.489743
0.255058 0.213188 0.489561
0.253345 0.213197 0.489380
0.251632 0.213206 0.489198
0.249919 0.213215 0.489017
0.248206 0.213223 0.488835
0.246494 0.213232 0.488653
0.244781 0.213241 0.488472
0.243068 0.213250 0.488290
0.241355 0.213258 0.488109
0.239642 0.213267 0.487927
0.237929 0.213276 0.487746
0.236217 0.213284 0.487564
0.234404 0.212278 0.487260
0.232693 0.212286 0.487079
0.230983 0.212295 0.486898
0.087442 0.212011 0.471569
0.085611 0.213036 0.471487
0.083900 0.213045 0.471305
0.082190 0.213054 0.471124
0.080480 0.213062 0.470943
0.078769 0.213071 0.470761
0.076922 0.214096 0.470677
0.075209 0.214105 0.470496
0.073496 0.214114 0.470314
0.071784 0.214123 0.470132
0.070071 0.214131 0.469951
0.068358 0.214140 0.469769
0.066645 0.214149 0.469588
0.266724 0.211576 0.492332
0.265013 0.211585 0.492151
0.263303 0.211593 0.491969
0.261593 0.211602 0.491788
0.260021 0.212625 0.491736
0.258308 0.212634 0.491554
0.256595 0.212643 0.491372
0.254882 0.212651 0.491191
0.253169 0.212660 0.491009
0.251457 0.212669 0.490828
0.249744 0.212678 0.490646
0.248031 0.212686 0.490465
0.246318 0.212695 0.490283
0.244605 0.212704 0.490101
0.242892 0.212712 0.489920
0.241180 0.212721 0.489738
0.239467 0.212730 0.489557
0.237754 0.212739 0.489375
0.269969 0.211022 0.494322
0.268259 0.211031 0.494141
0.266548 0.211040 0.493959
0.264838 0.211048 0.493778
0.263128 0.211057 0.493597
0.261558 0.212079 0.493547
0.259845 0.212088 0.493365
0.258133 0.212097 0.493184
0.256420 0.212106 0.493002
0.254707 0.212114 0.492820
0.252994 0.212123 0.492639
0.251281 0.212132 0.492457
0.249568 0.212141 0.492276
0.247855 0.212149 0.492094
0.246143 0.212158 0.491913
0.244430 0.212167 0.491731
0.242717 0.212175 0.491549
0.273214 0.210468 0.496312
0.271504 0.210477 0.496130
0.269794 0.210486 0.495949
0.268083 0.210495 0.495768
0.266373 0.210503 0.495586
0.264808 0.211525 0.495539
0.263096 0.211534 0.495358
0.261383 0.211542 0.495176
0.259670 0.211551 0.494995
0.257957 0.211560 0.494813
0.256244 0.211568 0.494632
0.254531 0.211577 0.494450
0.252818 0.211586 0.494268
0.251106 0.211595 0.494087
0.249393 0.211603 0.493905
0.247680 0.211612 0.493724
0.209997 0.211804 0.489729
0.208285 0.211813 0.489547
0.206572 0.211822 0.489366
0.204859 0.211830 0.489184
0.203146 0.211839 0.489003
0.201483 0.212861 0.488945
0.199768 0.212870 0.488764
0.198053 0.212879 0.488582
0.196380 0.213901 0.488523
0.194662 0.213909 0.488341
0.192944 0.213918 0.488159
0.191226 0.213927 0.487977
0.189508 0.213936 0.487795
0.187790 0.213944 0.487613
0.186072 0.213953 0.487431
0.184354 0.213962 0.487249
0.182636 0.213971 0.487066
0.180918 0.213979 0.486884
0.179200 0.213988 0.486702
0.177482 0.213997 0.486520
0.175752 0.212992 0.486218
0.174037 0.213001 0.486036
0.172315 0.211996 0.485734
0.170602 0.212005 0.485553
0.168889 0.212014 0.485371
0.167176 0.212022 0.485189
0.165464 0.212031 0.485008
0.274910 0.210935 0.498259
0.273197 0.210944 0.498077
0.271329 0.209941 0.497757
0.269618 0.209950 0.497576
0.267908 0.209958 0.497395
0.266346 0.210979 0.497351
0.264633 0.210988 0.497169
0.262920 0.210997 0.496987
0.261207 0.211005 0.496806
0.259494 0.211014 0.496624
0.257782 0.211023 0.496443
0.256069 0.211031 0.496261
0.254356 0.211040 0.496080
0.252643 0.211049 0.495898
0.250930 0.211058 0.495716
0.218386 0.211223 0.492266
0.216673 0.211232 0.492085
0.214960 0.211241 0.491903
0.213248 0.211250 0.491722
0.211535 0.211258 0.491540
0.209822 0.211267 0.491359
0.208109 0.211276 0.491177
0.206396 0.211285 0.490995
0.204683 0.211293 0.490814
0.202971 0.211302 0.490632
0.201308 0.212323 0.490577
0.199592 0.212332 0.490396
0.197877 0.212341 0.490214
0.196204 0.213362 0.490158
0.194486 0.213371 0.489976
0.192768 0.213379 0.489794
0.191050 0.213388 0.489612
0.189332 0.213397 0.489429
0.187614 0.213406 0.489247
0.185896 0.213414 0.489065
0.184178 0.213423 0.488883
0.182460 0.213432 0.488701
0.180723 0.212428 0.488395
0.179007 0.212437 0.488213
0.177292 0.212446 0.488032
0.175576 0.212454 0.487850
0.173852 0.211450 0.487545
0.172139 0.211459 0.487364
0.170427 0.211468 0.487182
0.168714 0.211477 0.487001
0.167001 0.211485 0.486819
0.165288 0.211494 0.486637
0.163575 0.211503 0.486456
0.161862 0.211512 0.486274
0.160161 0.210508 0.485972
0.158451 0.210516 0.485791
0.156741 0.210525 0.485610
0.155050 0.209521 0.485309
0.278160 0.210381 0.500251
0.276447 0.210390 0.500070
0.274734 0.210398 0.499888
0.273022 0.210407 0.499707
0.271309 0.210416 0.499525
0.269596 0.210424 0.499343
0.267883 0.210433 0.499162
0.266170 0.210442 0.498980
0.264457 0.210451 0.498799
0.262745 0.210459 0.498617
0.261032 0.210468 0.498435
0.259319 0.210477 0.498254
0.257606 0.210486 0.498072
0.255893 0.210494 0.497891
0.226775 0.210643 0.494804
0.225062 0.210651 0.494622
0.223349 0.210660 0.494441
0.221636 0.210669 0.494259
0.219924 0.210678 0.494078
0.218211 0.210686 0.493896
0.216498 0.210695 0.493714
0.214785 0.210704 0.493533
0.213072 0.210713 0.493351
0.211359 0.210721 0.493170
0.209646 0.210730 0.492988
0.207934 0.210739 0.492806
0.206221 0.210748 0.492625
0.204508 0.210756 0.492443
0.202847 0.211777 0.492391
0.201132 0.211785 0.492209
0.199417 0.211794 0.492028
0.197701 0.211803 0.491846
0.196028 0.212823 0.491792
0.194310 0.212832 0.491610
0.192592 0.212841 0.491428
0.190874 0.212849 0.491246
0.189156 0.212858 0.491064
0.187409 0.211855 0.490755
0.185693 0.211864 0.490573
0.183978 0.211873 0.490391
0.182262 0.211882 0.490209
0.180547 0.211890 0.490027
0.178832 0.211899 0.489845
0.177102 0.210896 0.489538
0.175390 0.210905 0.489356
0.173677 0.210913 0.489175
0.171964 0.210922 0.488993
0.170251 0.210931 0.488812
0.168538 0.210940 0.488630
0.166825 0.210948 0.488449
0.165113 0.210957 0.488267
0.163400 0.210966 0.488085
0.161687 0.210975 0.487904
0.159974 0.210983 0.487722
0.158261 0.210992 0.487541
0.156566 0.209989 0.487237
0.154855 0.209997 0.487056
0.153167 0.208994 0.486753
0.151460 0.209003 0.486572
0.149780 0.208000 0.486270
0.148074 0.208008 0.486089
0.146369 0.208017 0.485908
0.144664 0.208026 0.485727
0.279698 0.209835 0.502062
0.277985 0.209844 0.501881
0.276272 0.209852 0.501699
0.274559 0.209861 0.501518
0.272846 0.209870 0.501336
0.271133 0.209879 0.501154
0.269420 0.209887 0.500973
0.267708 0.209896 0.500791
0.265995 0.209905 0.500610
0.264282 0.209914 0.500428
0.262569 0.209922 0.500247
0.260856 0.209931 0.500065
0.235164 0.210062 0.497341
0.233451 0.210071 0.497160
0.231738 0.210079 0.496978
0.230025 0.210088 0.496797
0.228312 0.210097 0.496615
0.226599 0.210106 0.496433
0.224887 0.210114 0.496252
0.223174 0.210123 0.496070
0.221541 0.211142 0.496024
0.219826 0.211151 0.495842
0.218110 0.211160 0.495660
0.216395 0.211169 0.495478
0.214680 0.211177 0.495296
0.212964 0.211186 0.495114
0.211249 0.211195 0.494933
0.209533 0.211204 0.494751
0.207818 0.211212 0.494569
0.206102 0.211221 0.494387
0.204387 0.211230 0.494205
0.202672 0.211239 0.494023
0.200956 0.211247 0.493841
0.199241 0.211256 0.493660
0.197525 0.211265 0.493478
0.195810 0.211274 0.493296
0.194095 0.211282 0.493114
0.192379 0.211291 0.492932
0.190664 0.211300 0.492750
0.188948 0.211309 0.492568
0.187233 0.211317 0.492387
0.185517 0.211326 0.492205
0.183802 0.211335 0.492023
0.182065 0.210333 0.491712
0.180353 0.210341 0.491531
0.178640 0.210350 0.491349
0.176927 0.210359 0.491168
0.175214 0.210368 0.490986
0.173501 0.210376 0.490804
0.171788 0.210385 0.490623
0.170076 0.210394 0.490441
0.168363 0.210402 0.490260
0.166650 0.210411 0.490078
0.164937 0.210420 0.489897
0.163224 0.210429 0.489715
0.161511 0.210437 0.489533
0.159799 0.210446 0.489352
0.158086 0.210455 0.489170
0.156373 0.210464 0.488989
0.154660 0.210472 0.488807
0.152970 0.209470 0.488501
0.151260 0.209479 0.488320
0.149577 0.208476 0.488015
0.147869 0.208485 0.487834
0.146162 0.208494 0.487653
0.144454 0.208502 0.487472
0.142708 0.209522 0.487414
0.140998 0.209531 0.487232
0.139288 0.209540 0.487051
0.137577 0.209548 0.486870
0.135819 0.210568 0.486810
0.134106 0.210577 0.486628
0.132393 0.210586 0.486447
0.282948 0.209280 0.504055
0.281235 0.209289 0.503874
0.279522 0.209298 0.503692
0.277809 0.209307 0.503510
0.276096 0.209315 0.503329
0.274383 0.209324 0.503147
0.272671 0.209333 0.502966
0.270958 0.209342 0.502784
0.269245 0.209350 0.502602
0.267532 0.209359 0.502421
0.265819 0.209368 0.502239
0.264106 0.209377 0.502058
0.240127 0.209499 0.499516
0.238414 0.209507 0.499334
0.236701 0.209516 0.499152
0.234988 0.209525 0.498971
0.233275 0.209534 0.498789
0.231562 0.209542 0.498608
0.229850 0.209551 0.498426
0.228137 0.209560 0.498245
0.226424 0.209569 0.498063
0.224711 0.209577 0.497881
0.223081 0.210596 0.497838
0.221365 0.210605 0.497656
0.219650 0.210613 0.497474
0.217935 0.210622 0.497292
0.216219 0.210631 0.497110
0.214504 0.210640 0.496928
0.212788 0.210648 0.496746
0.211073 0.210657 0.496565
0.209358 0.210666 0.496383
0.207642 0.210675 0.496201
0.205927 0.210683 0.496019
0.204211 0.210692 0.495837
0.202496 0.210701 0.495655
0.200780 0.210710 0.495473
0.199065 0.210718 0.495292
0.197350 0.210727 0.495110
0.195634 0.210736 0.494928
0.193919 0.210745 0.494746
0.192203 0.210753 0.494564
0.190454 0.209752 0.494250
0.188741 0.209761 0.494068
0.187029 0.209769 0.493887
0.185316 0.209778 0.493705
0.183603 0.209787 0.493524
0.181890 0.209796 0.493342
0.180177 0.209804 0.493160
0.178464 0.209813 0.492979
0.176751 0.209822 0.492797
0.175039 0.209831 0.492616
0.173326 0.209839 0.492434
0.171613 0.209848 0.492252
0.169900 0.209857 0.492071
0.168187 0.209865 0.491889
0.166474 0.209874 0.491708
0.164762 0.209883 0.491526
0.163041 0.210902 0.491473
0.161326 0.210911 0.491291
0.159623 0.209909 0.490981
0.157910 0.209918 0.490800
0.156197 0.209927 0.490618
0.154485 0.209935 0.490437
0.152772 0.209944 0.490255
0.151059 0.209953 0.490074
0.149374 0.208951 0.489766
0.147664 0.208960 0.489585
0.145954 0.208968 0.489403
0.144207 0.209988 0.489347
0.142495 0.209996 0.489166
0.140782 0.210005 0.488984
0.139069 0.210014 0.488802
0.137356 0.210023 0.488621
0.135595 0.211042 0.488563
0.133879 0.211051 0.488381
0.132164 0.211059 0.488199
0.130448 0.211068 0.488018
0.128733 0.211077 0.487836
0.127017 0.211085 0.487654
0.286376 0.209734 0.506198
0.284660 0.209743 0.506016
0.282945 0.209752 0.505834
0.281229 0.209761 0.505653
0.279514 0.209769 0.505471
0.277799 0.209778 0.505289
0.276083 0.209787 0.505107
0.274368 0.209796 0.504925
0.272652 0.209804 0.504743
0.270937 0.209813 0.504561
0.269221 0.209822 0.504380
0.267506 0.209831 0.504198
0.245206 0.209944 0.501834
0.243377 0.208944 0.501508
0.241664 0.208953 0.501327
0.239951 0.208962 0.501145
0.238238 0.208970 0.500964
0.236525 0.208979 0.500782
0.234813 0.208988 0.500600
0.233100 0.208997 0.500419
0.231387 0.209005 0.500237
0.229674 0.209014 0.500056
0.227961 0.209023 0.499874
0.226336 0.210041 0.499833
0.224621 0.210049 0.499651
0.222905 0.210058 0.499470
0.221190 0.210067 0.499288
0.219552 0.211084 0.499245
0.217834 0.211093 0.499063
0.216116 0.211102 0.498881
0.214398 0.211111 0.498699
0.212680 0.211119 0.498517
0.210962 0.211128 0.498335
0.209244 0.211137 0.498153
0.164581 0.210355 0.493287
0.162866 0.210364 0.493105
0.161150 0.210373 0.492923
0.159435 0.210382 0.492741
0.157719 0.210390 0.492559
0.156004 0.210399 0.492377
0.154288 0.210408 0.492195
0.152573 0.210416 0.492014
0.150858 0.210425 0.491832
0.149142 0.210434 0.491650
0.147427 0.210443 0.491468
0.145711 0.210451 0.491286
0.143996 0.210460 0.491104
0.142280 0.210469 0.490923
0.140565 0.210478 0.490741
0.138806 0.211496 0.490686
0.137088 0.211505 0.490503
0.135370 0.211514 0.490321
0.133652 0.211522 0.490139
0.131934 0.211531 0.489957
0.130216 0.211540 0.489775
0.128498 0.211549 0.489593
0.126780 0.211557 0.489411
0.125062 0.211566 0.489229
0.123344 0.211575 0.489046
0.121626 0.211584 0.488864
0.119908 0.211592 0.488682
0.118190 0.211601 0.488500
0.289813 0.210187 0.508347
0.288095 0.210195 0.508165
0.286200 0.209197 0.507830
0.284484 0.209205 0.507648
0.282769 0.209214 0.507466
0.281054 0.209223 0.507285
0.279338 0.209232 0.507103
0.277623 0.209240 0.506921
0.275907 0.209249 0.506739
0.274192 0.209258 0.506557
0.272477 0.209267 0.506375
0.270761 0.209275 0.506193
0.250176 0.209380 0.504011
0.248461 0.209389 0.503829
0.246745 0.209398 0.503648
0.245030 0.209406 0.503466
0.243314 0.209415 0.503284
0.241599 0.209424 0.503102
0.239884 0.209433 0.502920
0.238168 0.209441 0.502738
0.236350 0.208442 0.502412
0.234637 0.208451 0.502230
0.232924 0.208459 0.502048
0.231306 0.209476 0.502011
0.229591 0.209485 0.501829
0.227876 0.209494 0.501647
0.226160 0.209503 0.501465
0.224445 0.209511 0.501283
0.222812 0.210528 0.501244
0.221094 0.210537 0.501062
0.219376 0.210546 0.500880
0.150656 0.210896 0.493595
0.148938 0.210905 0.493413
0.147220 0.210914 0.493231
0.145468 0.211931 0.493179
0.143747 0.211940 0.492997
0.142027 0.211949 0.492814
0.140306 0.211957 0.492632
0.138586 0.211966 0.492449
0.136865 0.211975 0.492267
0.135145 0.211984 0.492085
0.133424 0.211993 0.491902
0.131649 0.213010 0.491848
0.129983 0.212010 0.491537
0.128262 0.212019 0.491355
0.126542 0.212028 0.491173
0.124821 0.212036 0.490990
0.123101 0.212045 0.490808
0.121380 0.212054 0.490625
0.119660 0.212063 0.490443
0.117939 0.212071 0.490261
0.116296 0.211071 0.489952
0.114578 0.211080 0.489770
0.112860 0.211089 0.489588
0.111142 0.211097 0.489406
0.291355 0.209639 0.510164
0.289637 0.209648 0.509982
0.287919 0.209657 0.509799
0.286201 0.209666 0.509617
0.284483 0.209674 0.509435
0.282765 0.209683 0.509253
0.281047 0.209692 0.509071
0.279329 0.209701 0.508889
0.277611 0.209709 0.508707
0.275893 0.209718 0.508525
0.274175 0.209727 0.508342
0.253559 0.209832 0.506157
0.251841 0.209841 0.505975
0.250123 0.209849 0.505793
0.248405 0.209858 0.505611
0.246570 0.208860 0.505279
0.244854 0.208869 0.505098
0.243139 0.208877 0.504916
0.241423 0.208886 0.504734
0.239708 0.208895 0.504552
0.237992 0.208903 0.504370
0.236277 0.208912 0.504188
0.234562 0.208921 0.504007
0.232846 0.208930 0.503825
0.231131 0.208938 0.503643
0.229415 0.208947 0.503461
0.227790 0.209963 0.503425
0.226072 0.209972 0.503243
0.141772 0.213425 0.494716
0.140047 0.213434 0.494533
0.138321 0.213443 0.494350
0.136548 0.214460 0.494298
0.134820 0.214468 0.494115
0.133144 0.213469 0.493801
0.131418 0.213478 0.493618
0.129692 0.213487 0.493435
0.127967 0.213496 0.493252
0.126241 0.213504 0.493069
0.124580 0.212505 0.492757
0.122857 0.212514 0.492574
0.121134 0.212523 0.492391
0.119411 0.212531 0.492209
0.117687 0.212540 0.492026
0.116042 0.211541 0.491715
0.114322 0.211549 0.491533
0.112601 0.211558 0.491350
0.110880 0.211567 0.491168
0.109160 0.211576 0.490985
0.107439 0.211585 0.490803
0.105719 0.211593 0.490621
0.104094 0.210594 0.490312
0.294805 0.210089 0.512321
0.293085 0.210098 0.512139
0.291364 0.210107 0.511957
0.289643 0.210115 0.511774
0.287923 0.210124 0.511592
0.286025 0.209127 0.511252
0.284307 0.209136 0.511070
0.282589 0.209144 0.510888
0.280871 0.209153 0.510705
0.279153 0.209162 0.510523
0.277435 0.209171 0.510341
0.275717 0.209179 0.510159
0.256819 0.209276 0.508156
0.255101 0.209284 0.507973
0.253383 0.209293 0.507791
0.251665 0.209302 0.507609
0.249947 0.209311 0.507427
0.248229 0.209320 0.507245
0.246511 0.209328 0.507063
0.244793 0.209337 0.506881
0.243075 0.209346 0.506699
0.241357 0.209355 0.506517
0.239639 0.209363 0.506334
0.237921 0.209372 0.506152
0.236101 0.208374 0.505820
0.234485 0.209390 0.505788
0.232767 0.209398 0.505606
0.132915 0.213935 0.495576
0.131186 0.213944 0.495393
0.129458 0.213953 0.495209
0.127730 0.213962 0.495026
0.126001 0.213971 0.494843
0.124338 0.212972 0.494528
0.122613 0.212981 0.494345
0.120887 0.212990 0.494162
0.119161 0.212998 0.493979
0.117435 0.213007 0.493796
0.115788 0.212009 0.493483
0.114065 0.212017 0.493300
0.112341 0.212026 0.493117
0.110618 0.212035 0.492935
0.108895 0.212044 0.492752
0.107263 0.211045 0.492440
0.105542 0.211054 0.492258
0.103822 0.211063 0.492075
0.102101 0.211071 0.491893
0.100381 0.211080 0.491710
0.098660 0.211089 0.491528
0.097046 0.210090 0.491218
0.095328 0.210099 0.491036
0.296349 0.209541 0.514141
0.294629 0.209550 0.513958
0.292908 0.209558 0.513776
0.291188 0.209567 0.513593
0.289467 0.209576 0.513411
0.287746 0.209585 0.513229
0.286026 0.209593 0.513046
0.284305 0.209602 0.512864
0.282585 0.209611 0.512681
0.280864 0.209620 0.512499
0.279144 0.209629 0.512317
0.260217 0.209725 0.510310
0.258497 0.209734 0.510128
0.256776 0.209743 0.509946
0.255056 0.209751 0.509763
0.253335 0.209760 0.509581
0.251615 0.209769 0.509398
0.249894 0.209778 0.509216
0.248053 0.208781 0.508879
0.246335 0.208790 0.508697
0.244617 0.208798 0.508515
0.242899 0.208807 0.508333
0.241181 0.208816 0.508151
0.239463 0.208825 0.507969
0.125761 0.214435 0.496622
0.124096 0.213437 0.496304
0.122368 0.213446 0.496121
0.120639 0.213455 0.495938
0.118911 0.213464 0.495754
0.117183 0.213473 0.495571
0.115533 0.212475 0.495255
0.113807 0.212484 0.495072
0.112081 0.212493 0.494889
0.110356 0.212501 0.494706
0.108719 0.211503 0.494391
0.106995 0.211512 0.494209
0.105272 0.211521 0.494026
0.103549 0.211530 0.493843
0.101925 0.210532 0.493530
0.100204 0.210541 0.493347
0.098484 0.210549 0.493165
0.096763 0.210558 0.492983
0.095043 0.210567 0.492800
0.093322 0.210576 0.492618
0.091602 0.210584 0.492435
0.089881 0.210593 0.492253
0.088160 0.210602 0.492070
0.086318 0.211618 0.492017
0.084595 0.211626 0.491834
0.298088 0.209997 0.516124
0.296365 0.210006 0.515942
0.294642 0.210015 0.515759
0.292919 0.210023 0.515576
0.291196 0.210032 0.515394
0.289472 0.210041 0.515211
0.287749 0.210050 0.515028
0.286026 0.210058 0.514846
0.284303 0.210067 0.514663
0.282580 0.210076 0.514480
0.280857 0.210085 0.514298
0.265203 0.209159 0.512494
0.263482 0.209168 0.512312
0.261762 0.209177 0.512130
0.260041 0.209186 0.511947
0.258321 0.209194 0.511765
0.256600 0.209203 0.511582
0.254879 0.209212 0.511400
0.253159 0.209221 0.511218
0.251438 0.209229 0.511035
0.249718 0.209238 0.510853
0.247997 0.209247 0.510670
0.246277 0.209256 0.510488
0.244556 0.209264 0.510306
0.118661 0.213928 0.497535
0.117006 0.212931 0.497216
0.115277 0.212940 0.497032
0.113549 0.212948 0.496849
0.111821 0.212957 0.496666
0.110179 0.211960 0.496348
0.108453 0.211969 0.496165
0.106727 0.211978 0.495982
0.105002 0.211987 0.495799
0.103276 0.211995 0.495616
0.101650 0.210998 0.495300
0.099926 0.211007 0.495117
0.098203 0.211016 0.494935
0.096480 0.211025 0.494752
0.094757 0.211033 0.494569
0.093034 0.211042 0.494387
0.091311 0.211051 0.494204
0.089587 0.211060 0.494021
0.087745 0.212075 0.493970
0.086019 0.212083 0.493787
0.084293 0.212092 0.493604
0.082567 0.212101 0.493421
0.080842 0.212110 0.493238
0.079116 0.212119 0.493055
0.077390 0.212127 0.492872
0.075664 0.212136 0.492689
0.299831 0.210451 0.518114
0.298106 0.210460 0.517931
0.296380 0.210469 0.517748
0.294654 0.210478 0.517565
0.292929 0.210487 0.517382
0.291203 0.210495 0.517199
0.289477 0.210504 0.517016
0.287751 0.210513 0.516833
0.286026 0.210522 0.516650
0.284300 0.210531 0.516467
0.282574 0.210539 0.516284
0.270341 0.209597 0.514841
0.268618 0.209606 0.514658
0.266895 0.209615 0.514476
0.265172 0.209624 0.514293
0.263449 0.209632 0.514110
0.261725 0.209641 0.513928
0.260002 0.209650 0.513745
0.258279 0.209659 0.513562
0.256556 0.209667 0.513380
0.254833 0.209676 0.513197
0.253110 0.209685 0.513014
0.251387 0.209694 0.512832
0.249663 0.209703 0.512649
0.108187 0.212433 0.497944
0.106459 0.212442 0.497760
0.104731 0.212451 0.497577
0.103099 0.211454 0.497258
0.101373 0.211463 0.497075
0.099648 0.211472 0.496892
0.097922 0.211481 0.496709
0.096196 0.211489 0.496526
0.094471 0.211498 0.496343
0.092745 0.211507 0.496160
0.091019 0.211516 0.495977
0.089293 0.211525 0.495794
0.087448 0.212539 0.495745
0.085719 0.212547 0.495562
0.083991 0.212556 0.495379
0.082263 0.212565 0.495195
0.080534 0.212574 0.495012
0.078673 0.213588 0.494961
0.076942 0.213597 0.494778
0.075211 0.213606 0.494594
0.073481 0.213614 0.494411
0.071893 0.212618 0.494096
0.070165 0.212627 0.493913
0.068436 0.212636 0.493730
0.066708 0.212644 0.493546
0.064980 0.212653 0.493363
0.063252 0.212662 0.493180
0.061682 0.211665 0.492867
0.059956 0.211674 0.492684
0.058230 0.211683 0.492501
0.056505 0.211692 0.492319
0.054779 0.211701 0.492136
0.053225 0.210704 0.491825
0.051502 0.210713 0.491642
0.049779 0.210721 0.491459
0.301579 0.210904 0.520108
0.299851 0.210913 0.519925
0.298123 0.210922 0.519742
0.296394 0.210931 0.519559
0.294666 0.210940 0.519375
0.292938 0.210948 0.519192
0.291210 0.210957 0.519009
0.289481 0.210966 0.518826
0.287753 0.210975 0.518643
0.286025 0.210984 0.518459
0.273927 0.211045 0.517177
0.272198 0.211054 0.516994
0.270317 0.210060 0.516645
0.268592 0.210069 0.516462
0.266866 0.210077 0.516280
0.265140 0.210086 0.516097
0.263414 0.210095 0.515914
0.261689 0.210104 0.515731
0.259963 0.210113 0.515548
0.258237 0.210121 0.515365
0.256512 0.210130 0.515182
0.254786 0.210139 0.514999
0.253060 0.210148 0.514816
0.099369 0.211935 0.498672
0.097640 0.211944 0.498489
0.095912 0.211953 0.498305
0.094184 0.211961 0.498122
0.092455 0.211970 0.497939
0.090727 0.211979 0.497756
0.088999 0.211988 0.497573
0.087150 0.213001 0.497525
0.085419 0.213010 0.497342
0.083563 0.214023 0.497294
0.081830 0.214032 0.497110
0.080096 0.214041 0.496926
0.078363 0.214050 0.496743
0.076629 0.214058 0.496559
0.074896 0.214067 0.496375
0.073162 0.214076 0.496191
0.071429 0.214085 0.496008
0.069695 0.214094 0.495824
0.067962 0.214103 0.495640
0.066229 0.214111 0.495456
0.064495 0.214120 0.495272
0.062762 0.214129 0.495089
0.061028 0.214138 0.494905
0.059456 0.213142 0.494590
0.057725 0.213151 0.494406
0.056161 0.212155 0.494091
0.054264 0.213169 0.494039
0.052705 0.212173 0.493725
0.050802 0.213186 0.493672
0.049248 0.212191 0.493359
0.047520 0.212199 0.493175
0.045974 0.211203 0.492863
0.044248 0.211212 0.492680
0.042709 0.210216 0.492368
0.305267 0.212349 0.522465
0.303533 0.212357 0.522281
0.301800 0.212366 0.522097
0.300066 0.212375 0.521913
0.298333 0.212384 0.521730
0.296600 0.212393 0.521546
0.294866 0.212402 0.521362
0.293133 0.212410 0.521178
0.291399 0.212419 0.520995
0.289666 0.212428 0.520811
0.277369 0.211488 0.519356
0.275638 0.211497 0.519173
0.273907 0.211505 0.518989
0.272176 0.211514 0.518806
0.270293 0.210521 0.518455
0.268565 0.210530 0.518271
0.266836 0.210539 0.518088
0.265108 0.210547 0.517905
0.263380 0.210556 0.517722
0.261651 0.210565 0.517539
0.259923 0.210574 0.517355
0.258195 0.210583 0.517172
0.256335 0.209589 0.516824
0.090319 0.213444 0.499678
0.088586 0.213453 0.499494
0.086852 0.213462 0.499311
0.085119 0.213471 0.499127
0.083260 0.214483 0.499081
0.081524 0.214492 0.498897
0.079788 0.214501 0.498713
0.078052 0.214510 0.498529
0.076316 0.214519 0.498345
0.074580 0.214527 0.498161
0.072844 0.214536 0.497977
0.071107 0.214545 0.497793
0.069371 0.214554 0.497609
0.067635 0.214563 0.497425
0.065899 0.214572 0.497241
0.064163 0.214580 0.497057
0.062427 0.214589 0.496873
0.060691 0.214598 0.496688
0.058955 0.214607 0.496504
0.057219 0.214616 0.496320
0.055483 0.214625 0.496136
0.053747 0.214634 0.495952
0.052011 0.214642 0.495768
0.050275 0.214651 0.495584
0.048539 0.214660 0.495400
0.046983 0.213665 0.495084
0.045250 0.213674 0.494900
0.043701 0.212679 0.494585
0.042158 0.211684 0.494270
0.307029 0.212797 0.524473
0.305293 0.212806 0.524289
0.303557 0.212815 0.524105
0.301821 0.212824 0.523921
0.300085 0.212833 0.523737
0.298349 0.212842 0.523553
0.296613 0.212850 0.523369
0.294877 0.212859 0.523185
0.293141 0.212868 0.523001
0.291222 0.211876 0.522644
0.279252 0.212939 0.521529
0.277354 0.211946 0.521174
0.275621 0.211955 0.520990
0.273887 0.211964 0.520806
0.272154 0.211973 0.520622
0.270420 0.211982 0.520439
0.268687 0.211991 0.520255
0.266806 0.210998 0.519902
0.265075 0.211007 0.519718
0.263345 0.211016 0.519535
0.261474 0.210023 0.519183
0.259746 0.210032 0.519000
0.081217 0.214951 0.500689
0.079479 0.214959 0.500504
0.077740 0.214968 0.500320
0.076001 0.214977 0.500136
0.074263 0.214986 0.499951
0.072383 0.215998 0.499906
0.070642 0.216007 0.499721
0.068900 0.216015 0.499537
0.067159 0.216024 0.499352
0.065418 0.216033 0.499168
0.063677 0.216042 0.498983
0.062093 0.215048 0.498661
0.060194 0.216060 0.498614
0.058453 0.216069 0.498429
0.056712 0.216078 0.498245
0.054971 0.216086 0.498060
0.053230 0.216095 0.497875
0.051489 0.216104 0.497691
0.049747 0.216113 0.497506
0.048006 0.216122 0.497322
0.046445 0.215128 0.497002
0.044707 0.215137 0.496818
0.042968 0.215145 0.496634
0.041417 0.214151 0.496316
0.308796 0.213244 0.526487
0.307057 0.213253 0.526303
0.305115 0.212262 0.525941
0.303379 0.212271 0.525757
0.301643 0.212279 0.525573
0.299907 0.212288 0.525389
0.298171 0.212297 0.525205
0.296435 0.212306 0.525021
0.294699 0.212315 0.524837
0.292963 0.212324 0.524653
0.282717 0.213377 0.523723
0.280811 0.212386 0.523364
0.279075 0.212395 0.523180
0.277339 0.212403 0.522996
0.275603 0.212412 0.522812
0.273867 0.212421 0.522628
0.272131 0.212430 0.522444
0.270395 0.212439 0.522260
0.268509 0.211447 0.521904
0.266776 0.211456 0.521720
0.265042 0.211465 0.521537
0.263309 0.211474 0.521353
0.073946 0.215443 0.501747
0.072204 0.215452 0.501562
0.070463 0.215461 0.501378
0.068722 0.215469 0.501193
0.066981 0.215478 0.501009
0.065240 0.215487 0.500824
0.063498 0.215496 0.500639
0.061757 0.215505 0.500455
0.060016 0.215514 0.500270
0.058275 0.215523 0.500086
0.056534 0.215532 0.499901
0.054793 0.215540 0.499717
0.053051 0.215549 0.499532
0.051310 0.215558 0.499347
0.049569 0.215567 0.499163
0.047828 0.215576 0.498978
0.046087 0.215585 0.498794
0.044346 0.215594 0.498609
0.042604 0.215603 0.498424
0.310356 0.212690 0.528326
0.308617 0.212699 0.528141
0.306879 0.212708 0.527957
0.305140 0.212717 0.527773
0.303402 0.212726 0.527588
0.301663 0.212735 0.527404
0.299924 0.212744 0.527220
0.298186 0.212752 0.527035
0.296447 0.212761 0.526851
0.286016 0.212814 0.525745
0.284277 0.212823 0.525561
0.282538 0.212832 0.525377
0.280800 0.212841 0.525192
0.279061 0.212850 0.525008
0.277323 0.212859 0.524824
0.275584 0.212868 0.524639
0.273845 0.212876 0.524455
0.272107 0.212885 0.524271
0.270217 0.211894 0.523912
0.268481 0.211903 0.523728
0.063165 0.215951 0.502438
0.061421 0.215960 0.502253
0.059678 0.215969 0.502069
0.057934 0.215978 0.501884
0.056190 0.215987 0.501699
0.054446 0.215996 0.501514
0.052703 0.216005 0.501329
0.050959 0.216014 0.501144
0.049215 0.216022 0.500959
0.047471 0.216031 0.500775
0.045728 0.216040 0.500590
0.043984 0.216049 0.500405
0.312130 0.213135 0.530348
0.310389 0.213144 0.530163
0.308647 0.213153 0.529979
0.306906 0.213162 0.529794
0.305165 0.213171 0.529609
0.303424 0.213179 0.529425
0.301683 0.213188 0.529240
0.299942 0.213197 0.529056
0.298200 0.213206 0.528871
0.289494 0.213250 0.527948
0.287753 0.213259 0.527764
0.286012 0.213268 0.527579
0.284271 0.213277 0.527394
0.282530 0.213286 0.527210
0.280789 0.213295 0.527025
0.279047 0.213304 0.526841
0.277306 0.213313 0.526656
0.275565 0.213321 0.526472
0.273824 0.213330 0.526287
0.272083 0.213339 0.526102
0.270190 0.212349 0.525741
0.055846 0.216441 0.503501
0.054100 0.216450 0.503316
0.052353 0.216459 0.503131
0.050607 0.216467 0.502946
0.048861 0.216476 0.502761
0.047114 0.216485 0.502576
0.045549 0.215494 0.502249
0.313693 0.212580 0.532189
0.311951 0.212589 0.532004
0.310210 0.212598 0.531820
0.308469 0.212607 0.531635
0.306728 0.212616 0.531451
0.304987 0.212625 0.531266
0.303245 0.212633 0.531081
0.301504 0.212642 0.530897
0.299763 0.212651 0.530712
0.292798 0.212687 0.529974
0.291057 0.212696 0.529789
0.289316 0.212704 0.529605
0.287575 0.212713 0.529420
0.285834 0.212722 0.529236
0.284093 0.212731 0.529051
0.282351 0.212740 0.528866
0.280610 0.212749 0.528682
0.278869 0.212758 0.528497
0.277128 0.212767 0.528313
0.275387 0.212775 0.528128
0.315473 0.213022 0.534219
0.313729 0.213031 0.534034
0.311986 0.213040 0.533849
0.310242 0.213049 0.533665
0.308498 0.213058 0.533480
0.306754 0.213067 0.533295
0.304808 0.212079 0.532923
0.303067 0.212087 0.532738
0.301326 0.212096 0.532553
0.294361 0.212132 0.531815
0.292620 0.212141 0.531630
0.290879 0.212150 0.531446
0.289138 0.212159 0.531261
0.287573 0.213165 0.531262
0.285829 0.213173 0.531077
0.284086 0.213182 0.530892
0.282342 0.213191 0.530707
0.280598 0.213200 0.530522
0.278854 0.213209 0.530337
0.317038 0.212467 0.536063
0.315294 0.212476 0.535878
0.313551 0.212484 0.535693
0.311807 0.212493 0.535508
0.310063 0.212502 0.535324
0.308319 0.212511 0.535139
0.306576 0.212520 0.534954
0.304832 0.212529 0.534769
0.303088 0.212538 0.534584
0.297857 0.212564 0.534030
0.296113 0.212573 0.533845
0.294369 0.212582 0.533660
0.292626 0.212591 0.533475
0.290882 0.212600 0.533290
0.289138 0.212609 0.533105
0.287394 0.212618 0.532920
0.285651 0.212627 0.532736
0.283907 0.212636 0.532551
0.282163 0.212644 0.532366
0.316860 0.211920 0.537722
0.315116 0.211929 0.537537
0.313372 0.211938 0.537352
0.311628 0.211947 0.537167
0.309885 0.211955 0.536983
0.308141 0.211964 0.536798
0.306397 0.211973 0.536613
0.304653 0.211982 0.536428
0.299422 0.212009 0.535873
0.297678 0.212018 0.535689
0.295935 0.212027 0.535504
0.294191 0.212035 0.535319
0.292447 0.212044 0.535134
0.290703 0.212053 0.534949
0.288960 0.212062 0.534764
0.287216 0.212071 0.534579
0.285472 0.212080 0.534395
0.283728 0.212089 0.534210
0.318425 0.211364 0.539566
0.316681 0.211373 0.539381
0.314937 0.211382 0.539196
0.313193 0.211391 0.539011
0.311450 0.211400 0.538826
0.309706 0.211409 0.538642
0.307962 0.211418 0.538457
0.306218 0.211426 0.538272
0.302731 0.211444 0.537902
0.300987 0.211453 0.537717
0.299243 0.211462 0.537532
0.297500 0.211471 0.537348
0.295756 0.211480 0.537163
0.294012 0.211489 0.536978
0.292268 0.211498 0.536793
0.290525 0.211506 0.536608
0.288781 0.211515 0.536423
0.287037 0.211524 0.536238
0.320214 0.211802 0.541609
0.318468 0.211811 0.541424
0.316722 0.211820 0.541239
0.314975 0.211829 0.541054
0.313229 0.211838 0.540869
0.311483 0.211847 0.540684
0.309736 0.211856 0.540499
0.307990 0.211865 0.540314
0.306244 0.211873 0.540128
0.304497 0.211882 0.539943
0.302552 0.210897 0.539561
0.300808 0.210906 0.539376
0.299065 0.210915 0.539191
0.297321 0.210924 0.539007
0.295577 0.210933 0.538822
0.293833 0.210942 0.538637
0.292090 0.210951 0.538452
0.290346 0.210960 0.538267
0.320035 0.211255 0.543271
0.318289 0.211264 0.543086
0.316543 0.211272 0.542901
0.314796 0.211281 0.542716
0.313050 0.211290 0.542530
0.311304 0.211299 0.542345
0.309557 0.211308 0.542160
0.307811 0.211317 0.541975
0.306065 0.211326 0.541790
0.304318 0.211335 0.541605
0.302572 0.211344 0.541420
0.300826 0.211353 0.541234
0.299079 0.211362 0.541049
0.297333 0.211370 0.540864
0.295587 0.211379 0.540679
0.293840 0.211388 0.540494
0.321603 0.210698 0.545117
0.319856 0.210707 0.544932
0.318110 0.210716 0.544747
0.316364 0.210725 0.544562
0.314617 0.210734 0.544377
0.312871 0.210743 0.544192
0.311125 0.210752 0.544007
0.309378 0.210761 0.543822
0.307632 0.210769 0.543636
0.305886 0.210778 0.543451
0.304139 0.210787 0.543266
0.302393 0.210796 0.543081
0.300647 0.210805 0.542896
0.298900 0.210814 0.542711
0.297154 0.210823 0.542526
0.295408 0.210832 0.542341
0.323170 0.210142 0.546964
0.321424 0.210151 0.546779
0.319677 0.210160 0.546594
0.317931 0.210168 0.546409
0.316185 0.210177 0.546223
0.314438 0.210186 0.546038
0.312692 0.210195 0.545853
0.310946 0.210204 0.545668
0.309200 0.210213 0.545483
0.307453 0.210222 0.545298
0.305707 0.210231 0.545113
0.303961 0.210240 0.544928
0.302214 0.210249 0.544742
0.300468 0.210257 0.544557
0.298722 0.210266 0.544372
0.322991 0.209594 0.548625
0.321245 0.209603 0.548440
0.319499 0.209612 0.548255
0.317752 0.209621 0.548070
0.316006 0.209630 0.547885
0.314260 0.209639 0.547700
0.312513 0.209648 0.547515
0.310767 0.209656 0.547329
0.309021 0.209665 0.547144
0.307274 0.209674 0.546959
0.305528 0.209683 0.546774
0.303782 0.209692 0.546589
0.302035 0.209701 0.546404
0.323041 0.210036 0.550499
0.321292 0.210045 0.550314
0.319543 0.210054 0.550129
0.317794 0.210063 0.549943
0.316045 0.210072 0.549758
0.314296 0.210081 0.549572
0.312547 0.210090 0.549387
0.310798 0.210099 0.549202
0.309049 0.210108 0.549016
0.307300 0.210117 0.548831
0.305552 0.210125 0.548645
0.303803 0.210134 0.548460
0.324610 0.209479 0.552349
0.322861 0.209488 0.552163
0.321113 0.209497 0.551978
0.319364 0.209506 0.551793
0.317835 0.210504 0.551821
0.315866 0.209523 0.551422
0.314117 0.209532 0.551236
0.312581 0.210530 0.551264
0.310829 0.210539 0.551079
0.309078 0.210548 0.550893
0.307326 0.210557 0.550707
0.326413 0.209910 0.554416
0.324661 0.209919 0.554230
0.322910 0.209928 0.554045
0.321159 0.209936 0.553859
0.319407 0.209945 0.553673
0.317656 0.209954 0.553488
0.315904 0.209963 0.553302
0.314153 0.209972 0.553116
0.312401 0.209981 0.552931
0.310650 0.209990 0.552745
0.308898 0.209999 0.552559
0.327985 0.209352 0.556268
0.326466 0.210348 0.556303
0.324712 0.210357 0.556117
0.322958 0.210366 0.555931
0.321204 0.210375 0.555745
0.319450 0.210383 0.555559
0.317696 0.210392 0.555373
0.315942 0.210401 0.555187
0.314188 0.210410 0.555001
0.312434 0.210419 0.554815
0.310680 0.210428 0.554629
0.329795 0.209780 0.558344
0.328041 0.209789 0.558158
0.326519 0.210784 0.558195
0.324762 0.210793 0.558008
0.323006 0.210802 0.557822
0.321249 0.210811 0.557636
0.319492 0.210820 0.557450
0.317736 0.210829 0.557264
0.315979 0.210838 0.557077
0.314223 0.210847 0.556891
0.333123 0.209212 0.560384
0.331609 0.210206 0.560425
0.329852 0.210215 0.560238
0.328330 0.211210 0.560278
0.326571 0.211219 0.560091
0.324812 0.211228 0.559905
0.323053 0.211237 0.559718
0.321293 0.211246 0.559532
0.319534 0.211255 0.559345
0.317775 0.211264 0.559159
0.334942 0.209638 0.562468
0.333185 0.209647 0.562282
0.331668 0.210640 0.562325
0.329909 0.210649 0.562138
0.328385 0.211643 0.562180
0.326855 0.212637 0.562221
0.325090 0.212646 0.562034
0.323326 0.212655 0.561847
0.321562 0.212664 0.561660
0.319797 0.212673 0.561473
0.336519 0.209078 0.564326
0.335007 0.210071 0.564371
0.333247 0.210080 0.564185
0.331728 0.211073 0.564229
0.330203 0.212066 0.564273
0.328438 0.212075 0.564086
0.326905 0.213068 0.564130
0.325139 0.213077 0.563942
0.323372 0.213086 0.563755
0.338345 0.209501 0.566418
0.336586 0.209510 0.566231
0.335071 0.210502 0.566279
0.333551 0.211494 0.566326
0.331786 0.211503 0.566139
0.330258 0.212496 0.566185
0.328491 0.212505 0.565998
0.326724 0.212514 0.565811
0.324957 0.212523 0.565623
0.340175 0.209923 0.568515
0.338663 0.210914 0.568566
0.336898 0.210923 0.568379
0.335134 0.210932 0.568192
0.333611 0.211923 0.568241
0.331844 0.211932 0.568054
0.330077 0.211942 0.567866
0.328544 0.212933 0.567915
0.326774 0.212942 0.567727
0.342011 0.210343 0.570619
0.340246 0.210352 0.570431
0.338731 0.211342 0.570484
0.336964 0.211351 0.570297
0.335197 0.211360 0.570109
0.333671 0.212351 0.570161
0.331902 0.212360 0.569973
0.330132 0.212369 0.569786
0.343594 0.209781 0.572484
0.342084 0.210770 0.572540
0.340317 0.210779 0.572352
0.338550 0.210788 0.572165
0.337029 0.211778 0.572219
0.335259 0.211787 0.572032
0.333490 0.211796 0.571844
0.331959 0.212786 0.571898
0.347203 0.210189 0.574783
0.345437 0.210198 0.574595
0.343670 0.210207 0.574408
0.342156 0.211196 0.574466
0.340387 0.211205 0.574278
0.338617 0.211214 0.574091
0.336848 0.211223 0.573903
0.335321 0.212212 0.573959
0.333549 0.212221 0.573771
0.349053 0.210605 0.576900
0.347283 0.210614 0.576712
0.345514 0.210623 0.576524
0.343744 0.210632 0.576337
0.341975 0.210641 0.576149
0.340456 0.211629 0.576209
0.338684 0.211638 0.576021
0.336912 0.211647 0.575833
0.335140 0.211657 0.575645
0.333368 0.211666 0.575457
0.350907 0.211020 0.579022
0.349135 0.211029 0.578834
0.347363 0.211038 0.578646
0.345591 0.211047 0.578458
0.343819 0.211056 0.578270
0.342047 0.211065 0.578083
0.340274 0.211074 0.577895
0.338502 0.211083 0.577707
0.336730 0.211092 0.577519
0.335201 0.212079 0.577580
0.333426 0.212088 0.577392
0.352497 0.210455 0.580896
0.350725 0.210464 0.580708
0.348953 0.210473 0.580520
0.347181 0.210482 0.580332
0.345409 0.210491 0.580144
0.343892 0.211477 0.580209
0.342118 0.211486 0.580021
0.340343 0.211495 0.579833
0.338568 0.211505 0.579645
0.336794 0.211514 0.579457
0.335019 0.211523 0.579268
0.354358 0.210867 0.583026
0.352584 0.210876 0.582838
0.350809 0.210885 0.582650
0.349034 0.210894 0.582462
0.347260 0.210903 0.582274
0.345485 0.210912 0.582086
0.343710 0.210921 0.581897
0.341936 0.210930 0.581709
0.340161 0.210939 0.581521
0.338387 0.210948 0.581333
0.336612 0.210957 0.581145
0.334837 0.210966 0.580957
0.356224 0.211277 0.585162
0.354177 0.210310 0.584715
0.352402 0.210319 0.584527
0.350627 0.210328 0.584338
0.348853 0.210337 0.584150
0.347078 0.210346 0.583962
0.345303 0.210355 0.583774
0.343529 0.210364 0.583586
0.342006 0.211349 0.583655
0.340229 0.211358 0.583467
0.338452 0.211367 0.583278
0.336675 0.211376 0.583090
0.334897 0.211386 0.582901
0.357819 0.210710 0.587041
0.356042 0.210720 0.586853
0.354265 0.210729 0.586665
0.352488 0.210738 0.586476
0.350710 0.210747 0.586288
0.348933 0.210756 0.586099
0.347156 0.210765 0.585911
0.345379 0.210774 0.585723
0.343601 0.210783 0.585534
0.341824 0.210792 0.585346
0.340047 0.210801 0.585157
0.338270 0.210810 0.584969
0.336492 0.210819 0.584781
0.359414 0.210144 0.588921
0.357637 0.210153 0.588732
0.355860 0.210162 0.588544
0.354083 0.210171 0.588355
0.352305 0.210180 0.588167
0.350528 0.210189 0.587979
0.348751 0.210199 0.587790
0.346974 0.210208 0.587602
0.345196 0.210217 0.587413
0.343419 0.210226 0.587225
0.341642 0.210235 0.587037
0.339865 0.210244 0.586848
0.338088 0.210253 0.586660
0.336310 0.210262 0.586471
0.361289 0.210551 0.591068
0.359509 0.210560 0.590879
0.357730 0.210569 0.590690
0.355950 0.210578 0.590502
0.354170 0.210587 0.590313
0.352390 0.210596 0.590124
0.350610 0.210606 0.589936
0.348831 0.210615 0.589747
0.345271 0.210633 0.589369
0.343491 0.210642 0.589181
0.341711 0.210651 0.588992
0.339931 0.210660 0.588803
0.338152 0.210669 0.588615
0.362887 0.209984 0.592950
0.361107 0.209993 0.592761
0.359327 0.210002 0.592572
0.357547 0.210011 0.592384
0.355767 0.210020 0.592195
0.353988 0.210029 0.592006
0.352208 0.210038 0.591817
0.350428 0.210047 0.591629
0.346868 0.210066 0.591251
0.345089 0.210075 0.591063
0.343309 0.210084 0.590874
0.341529 0.210093 0.590685
0.339749 0.210102 0.590497
0.337969 0.210111 0.590308
0.152825 0.213002 0.571162
0.364484 0.209417 0.594831
0.362704 0.209426 0.594643
0.360925 0.209435 0.594454
0.359145 0.209444 0.594265
0.357365 0.209453 0.594077
0.355585 0.209462 0.593888
0.353805 0.209471 0.593699
0.346686 0.209507 0.592945
0.344906 0.209517 0.592756
0.343126 0.209526 0.592567
0.341347 0.209535 0.592379
0.339567 0.209544 0.592190
0.338033 0.210525 0.592270
0.156195 0.213398 0.573480
0.154408 0.213407 0.573290
0.152620 0.213416 0.573101
0.150833 0.213425 0.572911
0.149018 0.214407 0.572962
0.147257 0.213443 0.572532
0.364586 0.209829 0.596800
0.362803 0.209838 0.596611
0.361021 0.209848 0.596422
0.359239 0.209857 0.596233
0.357456 0.209866 0.596045
0.355674 0.209875 0.595856
0.353892 0.209884 0.595667
0.346762 0.209920 0.594911
0.344980 0.209929 0.594722
0.343197 0.209938 0.594533
0.341415 0.209948 0.594344
0.339632 0.209957 0.594155
0.337850 0.209966 0.593966
0.155995 0.213809 0.575424
0.154185 0.214791 0.575477
0.152392 0.214800 0.575287
0.150599 0.214809 0.575097
0.148807 0.214818 0.574907
0.147014 0.214827 0.574717
0.145221 0.214836 0.574527
0.366472 0.210231 0.598963
0.364687 0.210241 0.598774
0.362902 0.210250 0.598585
0.361117 0.210259 0.598396
0.359332 0.210268 0.598206
0.357547 0.210277 0.598017
0.355762 0.210286 0.597828
0.348622 0.210322 0.597071
0.346837 0.210331 0.596882
0.345052 0.210341 0.596693
0.343268 0.210350 0.596503
0.341483 0.210359 0.596314
0.339698 0.210368 0.596125
0.157586 0.214210 0.577563
0.155794 0.214220 0.577373
0.153981 0.215200 0.577429
0.152186 0.215209 0.577238
0.150390 0.215218 0.577048
0.148595 0.215228 0.576858
0.146800 0.215237 0.576667
0.145005 0.215246 0.576477
0.143209 0.215255 0.576287
0.368074 0.209663 0.600851
0.366289 0.209672 0.600661
0.364788 0.210650 0.600753
0.363000 0.210659 0.600563
0.361213 0.210668 0.600374
0.359425 0.210677 0.600184
0.357638 0.210686 0.599995
0.348700 0.210732 0.599047
0.346912 0.210741 0.598858
0.345125 0.210750 0.598668
0.343337 0.210759 0.598479
0.341300 0.209799 0.598012
0.339515 0.209808 0.597823
0.157372 0.215590 0.579766
0.155574 0.215599 0.579576
0.153777 0.215608 0.579385
0.151979 0.215617 0.579194
0.150181 0.215626 0.579004
0.148383 0.215635 0.578813
0.146585 0.215645 0.578623
0.144787 0.215654 0.578432
0.142990 0.215663 0.578241
0.141192 0.215672 0.578051
0.369967 0.210062 0.603022
0.368180 0.210071 0.602832
0.366678 0.211049 0.602926
0.364888 0.211058 0.602736
0.363098 0.211067 0.602546
0.361308 0.211076 0.602357
0.359793 0.212054 0.602449
0.350830 0.212099 0.601499
0.349037 0.212108 0.601309
0.347244 0.212118 0.601119
0.345197 0.211158 0.600649
0.343406 0.211167 0.600459
0.341616 0.211176 0.600269
0.157188 0.215026 0.581477
0.155372 0.216005 0.581537
0.153572 0.216014 0.581346
0.151771 0.216023 0.581155
0.149971 0.216032 0.580964
0.148171 0.216042 0.580773
0.146370 0.216051 0.580583
0.144570 0.216060 0.580392
0.142769 0.216069 0.580201
0.140969 0.216078 0.580010
0.139168 0.216088 0.579819
0.137368 0.216097 0.579628
0.370075 0.210469 0.605009
0.368573 0.211446 0.605105
0.366780 0.211455 0.604915
0.364987 0.211464 0.604725
0.363195 0.211473 0.604535
0.361680 0.212450 0.604629
0.350908 0.212505 0.603487
0.349113 0.212514 0.603297
0.347318 0.212523 0.603107
0.345268 0.211565 0.602634
0.343475 0.211574 0.602444
0.341682 0.211583 0.602254
0.155188 0.215440 0.583250
0.153387 0.215450 0.583059
0.151587 0.215459 0.582868
0.149786 0.215468 0.582677
0.147986 0.215477 0.582486
0.146186 0.215486 0.582295
0.144385 0.215495 0.582105
0.142585 0.215505 0.581914
0.140784 0.215514 0.581723
0.138984 0.215523 0.581532
0.137184 0.215532 0.581341
0.135383 0.215541 0.581150
0.371974 0.210865 0.607190
0.370182 0.210874 0.607000
0.368677 0.211850 0.607099
0.367167 0.212826 0.607196
0.365369 0.212835 0.607006
0.363571 0.212845 0.606815
0.350987 0.212909 0.605481
0.349189 0.212918 0.605291
0.347391 0.212927 0.605100
0.345593 0.212936 0.604909
0.343795 0.212945 0.604719
0.341748 0.211988 0.604244
0.154985 0.215844 0.585219
0.153182 0.215853 0.585027
0.151379 0.215863 0.584836
0.149576 0.215872 0.584645
0.147773 0.215881 0.584454
0.145970 0.215890 0.584263
0.144167 0.215899 0.584072
0.142364 0.215908 0.583881
0.140561 0.215918 0.583689
0.138758 0.215927 0.583498
0.136955 0.215936 0.583307
0.135152 0.215945 0.583116
0.373584 0.210294 0.609086
0.372084 0.211269 0.609187
0.370579 0.212244 0.609288
0.368781 0.212253 0.609097
0.366983 0.212263 0.608907
0.365467 0.213238 0.609007
0.363667 0.213247 0.608816
0.351064 0.213311 0.607480
0.349264 0.213320 0.607289
0.347463 0.213329 0.607098
0.345663 0.213339 0.606907
0.343611 0.212382 0.606429
0.152997 0.215288 0.586743
0.151194 0.215297 0.586552
0.149391 0.215306 0.586360
0.147588 0.215316 0.586169
0.145785 0.215325 0.585978
0.143982 0.215334 0.585787
0.142179 0.215343 0.585596
0.140376 0.215352 0.585405
0.138573 0.215361 0.585214
0.136770 0.215371 0.585023
0.134967 0.215380 0.584831
0.373990 0.211662 0.611380
0.372192 0.211671 0.611189
0.370394 0.211680 0.610998
0.368884 0.212655 0.611101
0.367083 0.212664 0.610910
0.365283 0.212673 0.610719
0.352944 0.213702 0.609674
0.351141 0.213712 0.609483
0.349338 0.213721 0.609292
0.347535 0.213730 0.609101
0.345732 0.213739 0.608910
0.343678 0.212783 0.608429
0.152790 0.215689 0.588719
0.150985 0.215698 0.588527
0.149179 0.215708 0.588336
0.147374 0.215717 0.588144
0.145568 0.215726 0.587953
0.143763 0.215735 0.587762
0.141957 0.215744 0.587570
0.140152 0.215754 0.587379
0.138346 0.215763 0.587187
0.136540 0.215772 0.586996
0.134735 0.215781 0.586804
0.375604 0.211089 0.613281
0.373806 0.211098 0.613090
0.372300 0.212072 0.613196
0.370500 0.212081 0.613005
0.368987 0.213054 0.613110
0.367184 0.213064 0.612919
0.365381 0.213073 0.612727
0.353024 0.214102 0.611683
0.351218 0.214111 0.611491
0.349412 0.214120 0.611300
0.347351 0.213165 0.610816
0.345548 0.213174 0.610625
0.343745 0.213183 0.610434
0.150800 0.215132 0.590245
0.148994 0.215142 0.590053
0.147189 0.215151 0.589862
0.145383 0.215160 0.589671
0.143578 0.215169 0.589479
0.141772 0.215178 0.589288
0.139967 0.215188 0.589096
0.138161 0.215197 0.588905
0.136355 0.215206 0.588714
0.134550 0.215215 0.588522
0.375419 0.210526 0.614991
0.373916 0.211498 0.615099
0.372116 0.211507 0.614909
0.370605 0.212480 0.615016
0.368802 0.212489 0.614825
0.367283 0.213462 0.614932
0.352839 0.213535 0.613400
0.351033 0.213545 0.613209
0.349227 0.213554 0.613018
0.347422 0.213563 0.612826
0.345616 0.213572 0.612635
0.150615 0.214566 0.591963
0.148809 0.214575 0.591771
0.147004 0.214585 0.591580
0.145198 0.214594 0.591388
0.143358 0.215568 0.591461
0.141549 0.215577 0.591269
0.139741 0.215587 0.591078
0.137933 0.215596 0.590886
0.136125 0.215605 0.590694
0.134317 0.215614 0.590503
0.377333 0.210915 0.617194
0.375532 0.210924 0.617003
0.374026 0.211896 0.617114
0.372223 0.211905 0.616923
0.370420 0.211915 0.616731
0.368904 0.212886 0.616841
0.352917 0.213932 0.615416
0.350848 0.212978 0.614927
0.349042 0.212988 0.614735
0.347237 0.212997 0.614544
0.345431 0.213006 0.614353
0.148597 0.214974 0.593756
0.146789 0.214983 0.593565
0.144980 0.214992 0.593373
0.143172 0.215001 0.593181
0.141364 0.215010 0.592990
0.139556 0.215020 0.592798
0.137748 0.215029 0.592606
0.135940 0.215038 0.592415
0.134132 0.215047 0.592223
0.132323 0.215056 0.592031
0.377148 0.210351 0.618907
0.375644 0.211322 0.619020
0.373841 0.211331 0.618829
0.372038 0.211340 0.618638
0.370524 0.212311 0.618750
0.368719 0.212320 0.618559
0.354540 0.213356 0.617328
0.352732 0.213365 0.617137
0.350924 0.213374 0.616945
0.349115 0.213383 0.616753
0.347052 0.212431 0.616262
0.345246 0.212440 0.616070
0.148384 0.215370 0.595746
0.146573 0.215379 0.595554
0.144762 0.215388 0.595362
0.142951 0.215398 0.595170
0.141141 0.215407 0.594979
0.139330 0.215416 0.594787
0.137519 0.215425 0.594595
0.135709 0.215435 0.594403
0.133898 0.215444 0.594211
0.132087 0.215453 0.594019
0.379066 0.210738 0.621118
0.377263 0.210747 0.620927
0.375460 0.210756 0.620736
0.373657 0.210765 0.620544
0.372145 0.211736 0.620659
0.370339 0.211745 0.620468
0.354355 0.212789 0.619049
0.352546 0.212798 0.618857
0.350738 0.212807 0.618665
0.348930 0.212817 0.618474
0.347122 0.212826 0.618282
0.146387 0.214811 0.597277
0.144577 0.214821 0.597085
0.142766 0.214830 0.596893
0.140955 0.214839 0.596701
0.139144 0.214848 0.596509
0.137334 0.214858 0.596317
0.135523 0.214867 0.596125
0.133712 0.214876 0.595933
0.131902 0.214885 0.595741
0.130091 0.214895 0.595549
0.378881 0.210173 0.622833
0.377078 0.210182 0.622642
0.375275 0.210191 0.622451
0.373765 0.211160 0.622568
0.371960 0.211170 0.622377
0.370154 0.211179 0.622186
0.354169 0.212222 0.620769
0.352361 0.212231 0.620577
0.350553 0.212240 0.620385
0.348745 0.212250 0.620194
0.346937 0.212259 0.620002
0.144391 0.214253 0.598808
0.142580 0.214262 0.598616
0.140770 0.214271 0.598424
0.138959 0.214281 0.598232
0.137148 0.214290 0.598040
0.135337 0.214299 0.597848
0.133527 0.214308 0.597656
0.131716 0.214318 0.597464
0.129905 0.214327 0.597272
0.380499 0.209598 0.624740
0.378696 0.209607 0.624548
0.376893 0.209616 0.624357
0.375386 0.210585 0.624478
0.373580 0.210594 0.624286
0.371775 0.210603 0.624095
0.355792 0.211646 0.622681
0.353984 0.211655 0.622489
0.352176 0.211664 0.622297
0.350368 0.211673 0.622106
0.348560 0.211683 0.621914
0.346752 0.211692 0.621722
0.144206 0.213685 0.600531
0.142395 0.213694 0.600339
0.140584 0.213704 0.600147
0.138773 0.213713 0.599955
0.136963 0.213722 0.599763
0.135152 0.213731 0.599571
0.133341 0.213741 0.599379
0.131531 0.213750 0.599187
0.129720 0.213759 0.598995
0.380618 0.209991 0.626770
0.378812 0.210000 0.626578
0.377007 0.210010 0.626387
0.375201 0.210019 0.626195
0.373395 0.210028 0.626004
0.371590 0.210037 0.625813
0.355607 0.211079 0.624401
0.353799 0.211088 0.624209
0.351991 0.211097 0.624018
0.350183 0.211106 0.623826
0.348374 0.211116 0.623634
0.346566 0.211125 0.623443
0.142173 0.214087 0.602340
0.140359 0.214096 0.602148
0.138546 0.214105 0.601955
0.136733 0.214115 0.601763
0.134919 0.214124 0.601571
0.133106 0.214133 0.601379
0.131293 0.214142 0.601187
0.129480 0.214152 0.600994
0.127666 0.214161 0.600802
0.382238 0.209416 0.628679
0.380433 0.209425 0.628487
0.378627 0.209434 0.628296
0.376822 0.209443 0.628105
0.375311 0.210410 0.628230
0.373503 0.210420 0.628038
0.355689 0.211470 0.626435
0.353878 0.211479 0.626243
0.352067 0.211488 0.626051
0.350257 0.211497 0.625859
0.348446 0.211507 0.625667
0.346635 0.211516 0.625475
0.140174 0.213528 0.603873
0.138360 0.213537 0.603681
0.136547 0.213546 0.603488
0.134734 0.213555 0.603296
0.132920 0.213564 0.603104
0.131107 0.213574 0.602912
0.129294 0.213583 0.602719
0.127480 0.213592 0.602527
0.382359 0.209807 0.630717
0.380550 0.209816 0.630525
0.378742 0.209825 0.630333
0.376934 0.209834 0.630142
0.375421 0.210800 0.630269
0.373610 0.210810 0.630077
0.355503 0.210902 0.628157
0.353692 0.210911 0.627965
0.351882 0.210920 0.627773
0.350071 0.210930 0.627581
0.348260 0.210939 0.627389
0.139948 0.213918 0.605881
0.138132 0.213927 0.605689
0.136316 0.213936 0.605496
0.134500 0.213945 0.605304
0.132684 0.213955 0.605111
0.130869 0.213964 0.604919
0.129053 0.213973 0.604726
0.127237 0.213982 0.604534
0.382478 0.210196 0.632759
0.380668 0.210205 0.632567
0.378857 0.210214 0.632375
0.377046 0.210223 0.632183
0.375236 0.210233 0.631991
0.373425 0.210242 0.631799
0.355318 0.210334 0.629880
0.353507 0.210343 0.629688
0.351696 0.210353 0.629496
0.349885 0.210362 0.629304
0.348075 0.210371 0.629112
0.137946 0.213357 0.607416
0.136130 0.213367 0.607224
0.134314 0.213376 0.607031
0.132498 0.213385 0.606839
0.130683 0.213395 0.606646
0.128867 0.213404 0.606454
0.127051 0.213413 0.606261
0.125235 0.213422 0.606069
0.382293 0.209628 0.634482
0.380482 0.209637 0.634290
0.378671 0.209646 0.634098
0.376861 0.209656 0.633906
0.375050 0.209665 0.633714
0.355132 0.209766 0.631603
0.353321 0.209776 0.631411
0.351511 0.209785 0.631219
0.349700 0.209794 0.631027
0.347889 0.209803 0.630835
0.135944 0.212797 0.608951
0.134128 0.212807 0.608759
0.132312 0.212816 0.608566
0.130497 0.212825 0.608374
0.128681 0.212834 0.608181
0.126865 0.212844 0.607989
0.125049 0.212853 0.607796
0.384225 0.210005 0.636724
0.382412 0.210015 0.636532
0.380599 0.210024 0.636340
0.378785 0.210033 0.636147
0.376972 0.210042 0.635955
0.375159 0.210052 0.635763
0.356757 0.209189 0.633517
0.354947 0.209199 0.633325
0.353136 0.209208 0.633133
0.351325 0.209217 0.632941
0.349514 0.209226 0.632749
0.347704 0.209236 0.632557
0.133894 0.213194 0.610776
0.132075 0.213203 0.610584
0.130257 0.213212 0.610391
0.128439 0.213221 0.610198
0.126620 0.213231 0.610005
0.124802 0.213240 0.609813
0.384039 0.209437 0.638449
0.382226 0.209446 0.638257
0.380413 0.209455 0.638065
0.378600 0.209465 0.637873
0.376786 0.209474 0.637680
0.356840 0.209575 0.635566
0.354761 0.208631 0.635048
0.353213 0.209594 0.635181
0.351400 0.209603 0.634989
0.349329 0.208659 0.634472
0.347518 0.208668 0.634280
0.131838 0.213588 0.612606
0.130017 0.213597 0.612413
0.128196 0.213607 0.612220
0.126375 0.213616 0.612027
0.124554 0.213625 0.611834
0.385976 0.209812 0.640699
0.384160 0.209821 0.640507
0.382344 0.209830 0.640314
0.380529 0.209840 0.640122
0.378713 0.209849 0.639929
0.376897 0.209858 0.639737
0.356654 0.209007 0.637291
0.354841 0.209016 0.637099
0.353028 0.209025 0.636907
0.351214 0.209035 0.636714
0.349401 0.209044 0.636522
0.131600 0.213972 0.614633
0.129776 0.213981 0.614439
0.127953 0.213990 0.614246
0.126129 0.214000 0.614053
0.124367 0.213054 0.613566
0.385790 0.209243 0.642427
0.383974 0.209252 0.642234
0.382158 0.209261 0.642042
0.380342 0.209270 0.641849
0.378527 0.209280 0.641657
0.356468 0.208438 0.639016
0.354655 0.208448 0.638824
0.352842 0.208457 0.638632
0.351029 0.208466 0.638439
0.349215 0.208475 0.638247
0.131361 0.214354 0.616665
0.129535 0.214363 0.616471
0.127709 0.214372 0.616277
0.125942 0.213428 0.615788
0.124119 0.213437 0.615594
0.385913 0.209624 0.644492
0.384094 0.209634 0.644299
0.382276 0.209643 0.644107
0.380457 0.209652 0.643914
0.378341 0.208710 0.643385
0.356550 0.208821 0.641074
0.354734 0.208830 0.640882
0.352918 0.208840 0.640689
0.351103 0.208849 0.640497
0.349287 0.208858 0.640305
0.129294 0.214744 0.618508
0.127465 0.214753 0.618314
0.125636 0.214762 0.618120
0.123807 0.214772 0.617926
0.121979 0.214781 0.617732
0.387856 0.209995 0.646755
0.386035 0.210005 0.646562
0.384214 0.210014 0.646369
0.382393 0.210023 0.646176
0.380572 0.210032 0.645983
0.378453 0.209091 0.645451
0.356364 0.208252 0.642802
0.354548 0.208261 0.642610
0.352732 0.208270 0.642417
0.350916 0.208280 0.642225
0.349101 0.208289 0.642032
0.129051 0.215122 0.620549
0.127220 0.215132 0.620355
0.125389 0.215141 0.620161
0.123620 0.214198 0.619666
0.121791 0.214207 0.619472
0.387980 0.210374 0.648831
0.386156 0.210383 0.648637
0.384333 0.210393 0.648444
0.382509 0.210402 0.648251
0.380385 0.209461 0.647716
0.378564 0.209471 0.647523
0.356178 0.207682 0.644530
0.354362 0.207692 0.644337
0.352546 0.207701 0.644145
0.350730 0.207710 0.643952
0.348915 0.207719 0.643760
0.128809 0.215500 0.622595
0.126975 0.215509 0.622401
0.125141 0.215518 0.622207
0.123370 0.214576 0.621709
0.121538 0.214586 0.621515
0.388414 0.211700 0.651256
0.386277 0.210760 0.650717
0.384451 0.210769 0.650524
0.382625 0.210779 0.650330
0.380499 0.209839 0.649792
0.356259 0.208062 0.646598
0.354440 0.208071 0.646405
0.352622 0.208081 0.646212
0.350803 0.208090 0.646020
0.348729 0.207150 0.645487
0.126729 0.215885 0.624452
0.124893 0.215894 0.624257
0.123056 0.215903 0.624063
0.121220 0.215913 0.623868
0.388227 0.211126 0.652996
0.386398 0.211136 0.652802
0.384569 0.211145 0.652608
0.382740 0.211154 0.652414
0.380612 0.210216 0.651874
0.358160 0.208431 0.648864
0.356339 0.208440 0.648671
0.354518 0.208449 0.648478
0.352697 0.208459 0.648285
0.350617 0.207520 0.647750
0.348799 0.207529 0.647557
0.126483 0.216259 0.626508
0.124644 0.216268 0.626313
0.122805 0.216277 0.626118
0.120966 0.216287 0.625923
0.119126 0.216296 0.625728
0.390180 0.211491 0.655280
0.388349 0.211500 0.655086
0.386518 0.211509 0.654892
0.384382 0.210571 0.654348
0.382553 0.210581 0.654154
0.380724 0.210590 0.653960
0.358242 0.208807 0.650942
0.356418 0.208817 0.650749
0.354595 0.208826 0.650556
0.352771 0.208835 0.650362
0.350689 0.207897 0.649824
0.348868 0.207906 0.649631
0.126236 0.216631 0.628569
0.124394 0.216640 0.628373
0.122553 0.216650 0.628178
0.120711 0.216659 0.627983
0.118869 0.216669 0.627788
0.390305 0.211863 0.657375
0.388471 0.211872 0.657181
0.386330 0.210935 0.656634
0.384499 0.210944 0.656440
0.382667 0.210954 0.656246
0.358592 0.210129 0.653374
0.356763 0.210138 0.653180
0.354671 0.209201 0.652638
0.352845 0.209210 0.652445
0.350761 0.208273 0.651904
0.348937 0.208282 0.651711
0.126047 0.216054 0.630321
0.124206 0.216063 0.630125
0.122300 0.217021 0.630243
0.120456 0.217030 0.630048
0.118612 0.217039 0.629852
0.390429 0.212233 0.659475
0.388593 0.212243 0.659281
0.386449 0.211306 0.658731
0.384615 0.211316 0.658537
0.382480 0.210380 0.657988
0.358673 0.210501 0.655464
0.356841 0.210510 0.655270
0.355010 0.210520 0.655076
0.352918 0.209583 0.654532
0.351089 0.209592 0.654338
0.349005 0.208656 0.653795
0.123955 0.216433 0.632193
0.122111 0.216442 0.631998
0.120267 0.216452 0.631802
0.118353 0.217409 0.631922
0.392392 0.212593 0.661775
0.390553 0.212602 0.661580
0.388404 0.211667 0.661028
0.386568 0.211676 0.660833
0.384731 0.211686 0.660638
0.382895 0.211695 0.660444
0.356919 0.210881 0.657365
0.354822 0.209945 0.656818
0.352991 0.209955 0.656624
0.351160 0.209964 0.656430
0.349328 0.209973 0.656236
0.123705 0.216801 0.634266
0.121858 0.216811 0.634070
0.120011 0.216820 0.633874
0.118164 0.216830 0.633679
0.116317 0.216839 0.633483
0.392203 0.212016 0.663525
0.390364 0.212026 0.663330
0.388525 0.212035 0.663135
0.386686 0.212044 0.662940
0.384847 0.212054 0.662745
0.382707 0.211119 0.662191
0.356996 0.211250 0.659465
0.355160 0.211259 0.659271
0.353323 0.211269 0.659076
0.351229 0.210334 0.658527
0.349395 0.210343 0.658332
0.123515 0.216222 0.636023
0.121669 0.216232 0.635827
0.119822 0.216241 0.635631
0.117975 0.216251 0.635436
0.116128 0.216260 0.635240
0.392328 0.212383 0.665637
0.390176 0.211449 0.665080
0.388337 0.211458 0.664885
0.386498 0.211468 0.664690
0.384659 0.211477 0.664495
0.357073 0.211618 0.661570
0.355234 0.211627 0.661375
0.353395 0.211636 0.661180
0.351299 0.210702 0.660628
0.349462 0.210712 0.660434
0.123326 0.215643 0.637780
0.121479 0.215653 0.637584
0.119633 0.215662 0.637388
0.117786 0.215671 0.637193
0.115939 0.215681 0.636997
0.392140 0.211805 0.667390
0.390298 0.211815 0.667194
0.388457 0.211824 0.666999
0.386615 0.211833 0.666804
0.384773 0.211843 0.666609
0.357149 0.211984 0.663680
0.355307 0.211993 0.663485
0.353466 0.212002 0.663290
0.351624 0.212012 0.663095
0.349528 0.211078 0.662540
0.121290 0.215074 0.639341
0.119443 0.215083 0.639145
0.117597 0.215092 0.638950
0.115750 0.215102 0.638754
0.113828 0.216056 0.638882
0.394109 0.212160 0.669705
0.392264 0.212169 0.669510
0.390420 0.212179 0.669314
0.388576 0.212188 0.669119
0.386732 0.212197 0.668923
0.384585 0.211265 0.668361
0.357224 0.212348 0.665795
0.355380 0.212357 0.665599
0.353536 0.212367 0.665404
0.351692 0.212376 0.665208
0.349848 0.212385 0.665013
0.121036 0.215438 0.641426
0.119186 0.215447 0.641230
0.117337 0.215457 0.641034
0.115487 0.215466 0.640838
0.113638 0.215476 0.640642
0.393920 0.211582 0.671460
0.392075 0.211591 0.671264
0.390231 0.211600 0.671069
0.388387 0.211610 0.670873
0.386543 0.211619 0.670678
0.384699 0.211629 0.670482
0.357299 0.212710 0.667915
0.355453 0.212720 0.667719
0.353606 0.212729 0.667523
0.351759 0.212739 0.667327
0.349912 0.212748 0.667132
0.120846 0.214858 0.643185
0.118997 0.214867 0.642989
0.117147 0.214877 0.642793
0.115298 0.214886 0.642597
0.113449 0.214896 0.642401
0.394046 0.211943 0.673587
0.392199 0.211953 0.673391
0.390352 0.211962 0.673196
0.388505 0.211971 0.673000
0.386659 0.211981 0.672804
0.357110 0.212131 0.669672
0.355263 0.212141 0.669476
0.353417 0.212150 0.669280
0.351570 0.212160 0.669084
0.349723 0.212169 0.668889
0.120591 0.215220 0.645277
0.118739 0.215229 0.645081
0.116887 0.215239 0.644885
0.115035 0.215248 0.644688
0.113183 0.215258 0.644492
0.393857 0.211364 0.675344
0.392010 0.211374 0.675148
0.390163 0.211383 0.674953
0.388316 0.211392 0.674757
0.386470 0.211402 0.674561
0.356921 0.211552 0.671429
0.355074 0.211562 0.671233
0.353227 0.211571 0.671037
0.351381 0.211581 0.670841
0.349534 0.211590 0.670645
0.120335 0.215580 0.647374
0.118480 0.215590 0.647178
0.116697 0.214658 0.646647
0.114845 0.214668 0.646450
0.112993 0.214677 0.646254
0.395514 0.210776 0.677297
0.393667 0.210785 0.677101
0.391821 0.210794 0.676905
0.389974 0.210804 0.676710
0.388127 0.210813 0.676514
0.386280 0.210823 0.676318
0.356995 0.211912 0.673558
0.355146 0.211921 0.673362
0.353296 0.211931 0.673166
0.351447 0.211940 0.672970
0.349598 0.211950 0.672774
0.120078 0.215939 0.649476
0.118290 0.215008 0.648942
0.116436 0.215018 0.648745
0.114581 0.215027 0.648549
0.112727 0.215037 0.648352
0.395325 0.210196 0.679054
0.393478 0.210206 0.678858
0.391631 0.210215 0.678662
0.389785 0.210225 0.678467
0.387938 0.210234 0.678271
0.386091 0.210244 0.678075
0.356806 0.211332 0.675318
0.354956 0.211341 0.675121
0.353107 0.211351 0.674925
0.351258 0.211360 0.674729
0.349661 0.212307 0.674907
0.119888 0.215357 0.651243
0.118031 0.215366 0.651046
0.116174 0.215376 0.650849
0.114317 0.215385 0.650652
0.112537 0.214455 0.650117
0.110682 0.214465 0.649920
0.395136 0.209617 0.680811
0.393289 0.209627 0.680615
0.391442 0.209636 0.680419
0.389595 0.209646 0.680224
0.387749 0.209655 0.680028
0.386206 0.210601 0.680214
0.356879 0.211689 0.677454
0.355027 0.211698 0.677258
0.353175 0.211708 0.677062
0.351323 0.211717 0.676865
0.349471 0.211727 0.676669
0.117771 0.215722 0.653155
0.115983 0.214793 0.652616
0.114126 0.214803 0.652419
0.112269 0.214812 0.652222
0.110412 0.214822 0.652025
0.395263 0.209974 0.682953
0.393414 0.209984 0.682757
0.391564 0.209993 0.682561
0.389715 0.210002 0.682365
0.387866 0.210012 0.682169
0.356951 0.212044 0.679596
0.355097 0.212054 0.679399
0.353242 0.212063 0.679203
0.351388 0.212073 0.679006
0.349533 0.212082 0.678810
0.117511 0.216077 0.655269
0.115721 0.215149 0.654727
0.113936 0.214220 0.654186
0.112079 0.214230 0.653989
0.395074 0.209394 0.684713
0.393224 0.209404 0.684517
0.391375 0.209413 0.684321
0.389526 0.209423 0.684125
0.387676 0.209432 0.683929
0.356761 0.211463 0.681360
0.354907 0.211472 0.681164
0.353052 0.211482 0.680967
0.351198 0.211491 0.680771
0.349595 0.212436 0.680955
0.347738 0.212445 0.680758
0.394884 0.208814 0.686472
0.393035 0.208824 0.686276
0.391185 0.208833 0.686080
0.389336 0.208843 0.685884
0.387487 0.208852 0.685688
0.356833 0.211816 0.683509
0.354976 0.211825 0.683313
0.353119 0.211835 0.683116
0.351262 0.211844 0.682919
0.349405 0.211854 0.682722
0.347548 0.211863 0.682525
0.396862 0.209158 0.688821
0.395010 0.209168 0.688625
0.393158 0.209177 0.688428
0.391306 0.209187 0.688232
0.389455 0.209196 0.688036
0.356643 0.211233 0.685276
0.354786 0.211243 0.685079
0.352929 0.211252 0.684883
0.351072 0.211262 0.684686
0.349215 0.211271 0.684489
0.347358 0.211281 0.684292
0.396991 0.209510 0.690979
0.395136 0.209520 0.690782
0.392969 0.208597 0.690190
0.391117 0.208606 0.689994
0.389265 0.208615 0.689798
0.356453 0.210651 0.687043
0.354596 0.210661 0.686846
0.352739 0.210670 0.686649
0.350882 0.210680 0.686452
0.349275 0.211622 0.686644
0.347167 0.210698 0.686059
0.397118 0.209861 0.693141
0.395261 0.209870 0.692944
0.393404 0.209880 0.692747
0.391237 0.208957 0.692153
0.389383 0.208967 0.691957
0.354664 0.211010 0.689005
0.352548 0.210088 0.688416
0.350945 0.211029 0.688610
0.349085 0.211039 0.688413
0.347225 0.211048 0.688216
0.397246 0.210209 0.695308
0.395386 0.210219 0.695111
0.393214 0.209297 0.694514
0.391357 0.209307 0.694317
0.389500 0.209316 0.694120
0.354732 0.211359 0.691168
0.352614 0.210437 0.690577
0.351007 0.211378 0.690773
0.349145 0.211387 0.690576
0.347283 0.211397 0.690379
0.345175 0.210475 0.689788
0.399554 0.211477 0.698081
0.397689 0.211486 0.697883
0.395825 0.211496 0.697686
0.393960 0.211505 0.697488
0.392095 0.211515 0.697290
0.390230 0.211524 0.697093
0.354799 0.211705 0.693337
0.352934 0.211715 0.693139
0.351069 0.211724 0.692941
0.349204 0.211734 0.692744
0.347092 0.210813 0.692150
0.345230 0.210822 0.691953
0.400002 0.212751 0.700667
0.398132 0.212760 0.700469
0.395948 0.211841 0.699865
0.394081 0.211850 0.699667
0.392213 0.211860 0.699469
0.390346 0.211869 0.699271
0.354608 0.211120 0.695111
0.352743 0.211130 0.694913
0.350878 0.211139 0.694715
0.349013 0.211149 0.694518
0.347149 0.211158 0.694320
0.345039 0.210238 0.693725
0.400130 0.213093 0.702854
0.398257 0.213103 0.702655
0.396385 0.213112 0.702457
0.394512 0.213122 0.702258
0.392640 0.213131 0.702060
0.354674 0.211464 0.697287
0.352807 0.211474 0.697089
0.350939 0.211484 0.696891
0.349072 0.211493 0.696693
0.346958 0.210574 0.696094
0.345093 0.210583 0.695897
0.400576 0.214361 0.705457
0.398698 0.214371 0.705258
0.396821 0.214380 0.705059
0.394943 0.214390 0.704860
0.393065 0.214400 0.704661
0.352870 0.211816 0.699269
0.350748 0.210898 0.698667
0.348881 0.210908 0.698469
0.347013 0.210917 0.698271
0.344902 0.209998 0.697671
0.400384 0.213773 0.707243
0.398506 0.213782 0.707044
0.396628 0.213792 0.706845
0.394751 0.213801 0.706646
0.392873 0.213811 0.706447
0.352933 0.212157 0.701454
0.351060 0.212167 0.701256
0.348939 0.211249 0.700652
0.346822 0.210331 0.700048
0.344955 0.210341 0.699850
0.343087 0.210351 0.699652
0.400510 0.214110 0.709445
0.398630 0.214120 0.709246
0.396749 0.214129 0.709046
0.394869 0.214139 0.708847
0.392989 0.214148 0.708648
0.353249 0.213423 0.704053
0.351120 0.212506 0.703446
0.348996 0.211589 0.702839
0.347123 0.211599 0.702640
0.345007 0.210682 0.702034
0.342896 0.209765 0.701429
0.400317 0.213520 0.711234
0.398437 0.213530 0.711035
0.396557 0.213540 0.710835
0.394677 0.213549 0.710636
0.392796 0.213559 0.710437
0.353057 0.212834 0.705840
0.351179 0.212844 0.705640
0.349053 0.211928 0.705031
0.346932 0.211012 0.704422
0.345059 0.211021 0.704223
0.342946 0.210105 0.703615
0.402005 0.212921 0.713222
0.400125 0.212931 0.713023
0.398244 0.212940 0.712823
0.396364 0.212950 0.712624
0.394484 0.212960 0.712425
0.392604 0.212969 0.712225
0.350987 0.212255 0.707427
0.349109 0.212265 0.707228
0.346986 0.211349 0.706616
0.345110 0.211359 0.706417
0.342995 0.210444 0.705806
0.341122 0.210453 0.705608
0.401812 0.212332 0.715011
0.399932 0.212341 0.714812
0.398052 0.212351 0.714612
0.396171 0.212360 0.714413
0.394291 0.212370 0.714214
0.351045 0.212590 0.709629
0.348917 0.211676 0.709014
0.347039 0.211685 0.708815
0.344918 0.210771 0.708201
0.343043 0.210781 0.708002
0.340930 0.209866 0.707389
0.401620 0.211742 0.716800
0.399739 0.211752 0.716600
0.397859 0.211761 0.716401
0.395979 0.211771 0.716202
0.394099 0.211780 0.716002
0.350852 0.212001 0.711418
0.348724 0.211087 0.710801
0.346847 0.211097 0.710602
0.344969 0.211106 0.710402
0.343091 0.211116 0.710203
0.340976 0.210202 0.709588
0.401427 0.211152 0.718589
0.399547 0.211162 0.718389
0.397666 0.211172 0.718190
0.395786 0.211181 0.717991
0.393906 0.211191 0.717791
0.350660 0.211411 0.713207
0.348780 0.211421 0.713007
0.346654 0.210508 0.712388
0.344777 0.210517 0.712189
0.342899 0.210527 0.711990
0.341021 0.210537 0.711791
0.401234 0.210563 0.720377
0.399354 0.210572 0.720178
0.397474 0.210582 0.719979
0.395594 0.210592 0.719779
0.393713 0.210601 0.719580
0.348587 0.210831 0.714796
0.346707 0.210841 0.714597
0.344584 0.209929 0.713975
0.342707 0.209938 0.713776
0.340829 0.209948 0.713577
0.338951 0.209957 0.713378
0.401361 0.210894 0.722599
0.399478 0.210903 0.722400
0.397595 0.210913 0.722200
0.395712 0.210922 0.722000
0.393830 0.210932 0.721801
0.348641 0.211162 0.717010
0.346514 0.210251 0.716386
0.344634 0.210261 0.716186
0.342754 0.210270 0.715987
0.340636 0.209359 0.715364
0.338759 0.209369 0.715164
0.401168 0.210303 0.724391
0.399285 0.210313 0.724191
0.397402 0.210322 0.723991
0.395519 0.210332 0.723792
0.393637 0.210342 0.723592
0.348449 0.210572 0.718802
0.346566 0.210582 0.718602
0.344441 0.209671 0.717975
0.342561 0.209681 0.717776
0.340681 0.209690 0.717577
0.338800 0.209700 0.717377
0.400975 0.209713 0.726182
0.399092 0.209723 0.725982
0.397209 0.209732 0.725783
0.395327 0.209742 0.725583
0.393444 0.209751 0.725383
0.346373 0.209991 0.720393
0.344490 0.210001 0.720194
0.342607 0.210010 0.719994
0.340724 0.210020 0.719795
0.338608 0.209110 0.719166
0.336727 0.209120 0.718967
0.402665 0.209113 0.728173
0.400782 0.209123 0.727973
0.398899 0.209132 0.727773
0.397017 0.209142 0.727574
0.395134 0.209151 0.727374
0.393251 0.209161 0.727175
0.346180 0.209401 0.722185
0.344297 0.209410 0.721985
0.342414 0.209420 0.721785
0.340531 0.209430 0.721586
0.338648 0.209439 0.721386
0.336766 0.209449 0.721187
0.402793 0.209440 0.730407
0.400907 0.209449 0.730207
0.399022 0.209459 0.730007
0.397137 0.209469 0.729807
0.395251 0.209478 0.729607
0.393366 0.209488 0.729408
0.346230 0.209728 0.724411
0.344104 0.208820 0.723776
0.342221 0.208830 0.723577
0.340338 0.208839 0.723377
0.338456 0.208849 0.723178
0.336573 0.208858 0.722978
0.334690 0.208868 0.722778
0.400714 0.208858 0.732001
0.398829 0.208868 0.731801
0.396943 0.208877 0.731601
0.395058 0.208887 0.731401
0.393173 0.208897 0.731201
0.344152 0.209146 0.726005
0.342028 0.208239 0.725368
0.340146 0.208249 0.725168
0.338263 0.208259 0.724969
0.336380 0.208268 0.724769
0.334497 0.208278 0.724570
0.400521 0.208267 0.733795
0.398951 0.209192 0.734042
0.397063 0.209202 0.733842
0.395175 0.209211 0.733642
0.393287 0.209221 0.733442
0.343959 0.208555 0.727798
0.342073 0.208565 0.727599
0.340188 0.208575 0.727399
0.338302 0.208584 0.727199
0.336187 0.207678 0.726561
0.334532 0.208603 0.726799
0.332646 0.208613 0.726599
0.400645 0.208591 0.736038
0.398757 0.208600 0.735838
0.396869 0.208610 0.735638
0.395291 0.209534 0.735887
0.393400 0.209544 0.735687
0.341880 0.207974 0.729392
0.339995 0.207983 0.729192
0.338109 0.207993 0.728993
0.336224 0.208003 0.728793
0.334338 0.208012 0.728593
0.332453 0.208022 0.728393
0.400769 0.208913 0.738287
0.398878 0.208922 0.738087
0.396988 0.208932 0.737886
0.395097 0.208942 0.737686
0.393514 0.209865 0.737937
0.341924 0.208297 0.731630
0.339801 0.207392 0.730986
0.337916 0.207402 0.730786
0.336031 0.207411 0.730586
0.334145 0.207421 0.730386
0.332260 0.207431 0.730187
0.330596 0.208355 0.730429
0.400575 0.208320 0.740086
0.398685 0.208329 0.739885
0.397106 0.209252 0.740139
0.395213 0.209262 0.739939
0.393626 0.210185 0.740192
0.341731 0.207705 0.733426
0.339843 0.207715 0.733226
0.337723 0.206811 0.732580
0.335837 0.206820 0.732380
0.333952 0.206830 0.732180
0.332291 0.207753 0.732426
0.330403 0.207763 0.732225
0.400698 0.208639 0.742342
0.398805 0.208649 0.742141
0.397223 0.209571 0.742397
0.395636 0.210493 0.742653
0.393738 0.210503 0.742452
0.339649 0.207123 0.735022
0.337761 0.207132 0.734822
0.335873 0.207142 0.734622
0.333985 0.207151 0.734422
0.332097 0.207161 0.734222
0.330209 0.207171 0.734022
0.328540 0.208093 0.734269
0.400820 0.208957 0.744603
0.399238 0.209878 0.744862
0.397340 0.209888 0.744660
0.395442 0.209898 0.744459
0.393850 0.210819 0.744717
0.339690 0.207443 0.737270
0.337568 0.206540 0.736618
0.335680 0.206550 0.736418
0.333792 0.206559 0.736218
0.332128 0.207481 0.736468
0.330237 0.207491 0.736268
0.328346 0.207500 0.736067
0.400942 0.209274 0.746869
0.399044 0.209283 0.746668
0.397457 0.210204 0.746928
0.395556 0.210213 0.746727
0.393961 0.211134 0.746986
0.392057 0.211144 0.746785
0.337606 0.206859 0.738868
0.335715 0.206869 0.738667
0.333824 0.206879 0.738467
0.331934 0.206888 0.738267
0.330264 0.207809 0.738518
0.328371 0.207819 0.738318
0.326693 0.208740 0.738569
0.401064 0.209588 0.749140
0.399476 0.210508 0.749403
0.397573 0.210518 0.749201
0.395669 0.210527 0.748999
0.393766 0.210537 0.748797
0.392165 0.211457 0.749059
0.337643 0.207177 0.741122
0.335521 0.206276 0.740466
0.333631 0.206286 0.740266
0.331963 0.207206 0.740520
0.330070 0.207216 0.740320
0.328395 0.208136 0.740573
0.326714 0.209056 0.740826
0.401184 0.209901 0.751415
0.399281 0.209911 0.751214
0.397378 0.209921 0.751012
0.395474 0.209930 0.750810
0.393876 0.210849 0.751074
0.392272 0.211768 0.751338
0.335555 0.206593 0.742723
0.333662 0.206603 0.742522
0.331992 0.207522 0.742779
0.330316 0.208441 0.743035
0.328418 0.208451 0.742834
0.326735 0.209370 0.743089
0.325047 0.210289 0.743344
0.399086 0.209314 0.753024
0.397182 0.209324 0.752823
0.395279 0.209334 0.752621
0.393681 0.210252 0.752888
0.392077 0.211170 0.753154
0.335589 0.206908 0.744984
0.333694 0.206918 0.744783
0.332020 0.207836 0.745042
0.330122 0.207846 0.744841
0.328441 0.208764 0.745099
0.326755 0.209683 0.745357
0.324852 0.209693 0.745155
0.398891 0.208717 0.754835
0.397297 0.209635 0.755105
0.395391 0.209644 0.754903
0.393790 0.210562 0.755172
0.391881 0.210571 0.754970
0.333724 0.207231 0.747049
0.331826 0.207241 0.746848
0.330367 0.209067 0.747571
0.328463 0.209076 0.747369
0.326775 0.209994 0.747629
0.325080 0.210912 0.747888
0.323172 0.210922 0.747686
0.399008 0.209027 0.757121
0.397102 0.209037 0.756919
0.395503 0.209953 0.757190
0.393594 0.209963 0.756988
0.391686 0.209973 0.756786
0.332075 0.208460 0.749584
0.330172 0.208470 0.749382
0.328485 0.209387 0.749644
0.326794 0.210304 0.749906
0.324885 0.210313 0.749704
0.323185 0.211230 0.749965
0.399125 0.209336 0.759411
0.397216 0.209345 0.759208
0.395307 0.209355 0.759006
0.393703 0.210271 0.759280
0.391792 0.210280 0.759077
0.390180 0.211196 0.759350
0.331880 0.207863 0.751395
0.330196 0.208779 0.751660
0.328507 0.209695 0.751924
0.326598 0.209705 0.751722
0.324901 0.210621 0.751986
0.323199 0.211538 0.752249
0.321285 0.211547 0.752046
0.399241 0.209642 0.761706
0.397330 0.209652 0.761503
0.395725 0.210567 0.761779
0.393811 0.210577 0.761576
0.391897 0.210586 0.761373
0.389984 0.210596 0.761171
0.330220 0.209087 0.753943
0.328311 0.209097 0.753740
0.326616 0.210012 0.754007
0.324916 0.210928 0.754273
0.323002 0.210937 0.754070
0.321089 0.210947 0.753867
0.319378 0.211863 0.754132
0.397443 0.209957 0.763803
0.395529 0.209967 0.763600
0.393615 0.209976 0.763397
0.392002 0.210891 0.763675
0.390086 0.210900 0.763472
0.330024 0.208489 0.755758
0.328332 0.209403 0.756028
0.326634 0.210318 0.756296
0.324720 0.210328 0.756093
0.323015 0.211242 0.756361
0.321098 0.211252 0.756158
0.319182 0.211262 0.755955
0.397555 0.210260 0.766107
0.395639 0.210270 0.765904
0.393722 0.210280 0.765701
0.391806 0.210290 0.765498
0.390188 0.211203 0.765777
0.328352 0.209708 0.758320
0.326438 0.209718 0.758117
0.324735 0.210632 0.758388
0.322818 0.210641 0.758184
0.321108 0.211555 0.758454
0.319189 0.211565 0.758251
0.317270 0.211575 0.758047
0.397667 0.210562 0.768417
0.395748 0.210572 0.768213
0.393829 0.210582 0.768010
0.391910 0.210591 0.767807
0.390289 0.211504 0.768088
0.388368 0.211514 0.767885
0.326455 0.210021 0.760414
0.324538 0.210031 0.760211
0.322830 0.210944 0.760483
0.320911 0.210953 0.760280
0.318992 0.210963 0.760076
0.317073 0.210973 0.759873
0.315154 0.210983 0.759670
0.395857 0.210872 0.770527
0.393935 0.210882 0.770324
0.392014 0.210892 0.770120
0.390092 0.210901 0.769916
0.388171 0.210911 0.769713
0.326258 0.209420 0.762237
0.324552 0.210332 0.762512
0.322633 0.210342 0.762309
0.320714 0.210352 0.762105
0.318998 0.211264 0.762380
0.317076 0.211274 0.762176
0.315155 0.211283 0.761972
0.395660 0.210270 0.772355
0.393738 0.210279 0.772152
0.391817 0.210289 0.771948
0.389896 0.210299 0.771744
0.387974 0.210309 0.771541
0.386053 0.210319 0.771337
0.324356 0.209730 0.764338
0.322437 0.209740 0.764134
0.320722 0.210652 0.764411
0.318801 0.210661 0.764208
0.316880 0.210671 0.764004
0.314958 0.210681 0.763800
0.313037 0.210691 0.763597
0.395463 0.209667 0.774184
0.393542 0.209677 0.773980
0.391620 0.209687 0.773776
0.389996 0.210597 0.774065
0.388072 0.210607 0.773861
0.386148 0.210616 0.773657
0.322447 0.210039 0.766443
0.320526 0.210049 0.766239
0.318604 0.210059 0.766036
0.316683 0.210069 0.765832
0.314761 0.210078 0.765628
0.312840 0.210088 0.765425
0.310918 0.210098 0.765221
0.393647 0.209974 0.776303
0.391723 0.209984 0.776100
0.389799 0.209994 0.775896
0.387875 0.210003 0.775692
0.385951 0.210013 0.775488
0.384027 0.210023 0.775284
0.322250 0.209437 0.768271
0.320329 0.209447 0.768067
0.318407 0.209456 0.767864
0.316486 0.209466 0.767660
0.314564 0.209476 0.767456
0.312643 0.209486 0.767253
0.310721 0.209496 0.767049
0.308800 0.209505 0.766845
0.393450 0.209371 0.778134
0.391526 0.209380 0.777930
0.389898 0.210289 0.778224
0.387972 0.210299 0.778019
0.386045 0.210309 0.777815
0.384118 0.210318 0.777611
0.320132 0.208844 0.769895
0.318210 0.208854 0.769692
0.316289 0.208864 0.769488
0.314367 0.208873 0.769284
0.312446 0.208883 0.769081
0.310524 0.208893 0.768877
0.308603 0.208903 0.768673
0.391627 0.209675 0.780261
0.389701 0.209685 0.780056
0.387774 0.209695 0.779852
0.385848 0.209705 0.779648
0.383921 0.209714 0.779444
0.381994 0.209724 0.779239
0.318014 0.208251 0.771520
0.316092 0.208261 0.771316
0.314171 0.208271 0.771112
0.312249 0.208281 0.770909
0.310328 0.208291 0.770705
0.308406 0.208300 0.770501
0.306485 0.208310 0.770298
0.391430 0.209071 0.782094
0.389503 0.209081 0.781889
0.387577 0.209091 0.781685
0.385650 0.209100 0.781481
0.383724 0.209110 0.781277
0.381797 0.209120 0.781072
0.317817 0.207649 0.773348
0.315895 0.207659 0.773144
0.313974 0.207668 0.772941
0.312245 0.208576 0.773228
0.310321 0.208586 0.773024
0.308397 0.208596 0.772820
0.306473 0.208605 0.772616
0.304549 0.208615 0.772412
0.389306 0.208477 0.783722
0.387379 0.208486 0.783518
0.385453 0.208496 0.783314
0.383526 0.208506 0.783110
0.381600 0.208516 0.782905
0.379673 0.208526 0.782701
0.315698 0.207056 0.774972
0.313972 0.207963 0.775263
0.312048 0.207973 0.775059
0.310124 0.207982 0.774855
0.308200 0.207992 0.774651
0.306276 0.208002 0.774447
0.304352 0.208012 0.774243
0.302428 0.208022 0.774039
0.389404 0.208768 0.786063
0.387475 0.208778 0.785858
0.385546 0.208788 0.785654
0.383617 0.208797 0.785449
0.381687 0.208807 0.785245
0.379758 0.208817 0.785040
0.377829 0.208827 0.784836
0.313775 0.207359 0.777093
0.311851 0.207369 0.776889
0.309927 0.207379 0.776685
0.308003 0.207389 0.776481
0.306079 0.207399 0.776277
0.304337 0.208305 0.776569
0.302410 0.208314 0.776364
0.300484 0.208324 0.776160
0.387570 0.209068 0.788203
0.385638 0.209077 0.787998
0.383419 0.208193 0.787284
0.381775 0.209097 0.787589
0.379843 0.209107 0.787384
0.377911 0.209117 0.787179
0.375979 0.209127 0.786974
0.311654 0.206766 0.778720
0.309730 0.206776 0.778516
0.307993 0.207681 0.778810
0.306066 0.207691 0.778606
0.304140 0.207700 0.778402
0.302213 0.207710 0.778197
0.300286 0.207720 0.777993
0.298534 0.208625 0.778286
0.385440 0.208472 0.789836
0.383509 0.208482 0.789631
0.381577 0.208491 0.789426
0.379645 0.208501 0.789222
0.377713 0.208511 0.789017
0.375782 0.208521 0.788812
0.309722 0.207067 0.780847
0.307796 0.207077 0.780643
0.305869 0.207087 0.780439
0.304124 0.207991 0.780735
0.302195 0.208001 0.780530
0.300266 0.208010 0.780326
0.298510 0.208915 0.780621
0.296579 0.208925 0.780416
0.383885 0.209662 0.792497
0.381948 0.209672 0.792291
0.380011 0.209682 0.792086
0.378074 0.209692 0.791881
0.376137 0.209701 0.791675
0.374200 0.209711 0.791470
0.307598 0.206473 0.782476
0.305856 0.207376 0.782775
0.303926 0.207386 0.782570
0.302176 0.208289 0.782868
0.300244 0.208299 0.782663
0.298313 0.208309 0.782458
0.296552 0.209213 0.782755
0.294786 0.210116 0.783051
0.383973 0.209947 0.794856
0.382034 0.209957 0.794650
0.380094 0.209967 0.794444
0.378155 0.209977 0.794239
0.376215 0.209987 0.794033
0.374276 0.209996 0.793828
0.372065 0.209114 0.793107
0.305658 0.206771 0.784610
0.303910 0.207674 0.784911
0.301978 0.207684 0.784706
0.300222 0.208586 0.785006
0.298461 0.209489 0.785305
0.296525 0.209499 0.785099
0.294756 0.210402 0.785398
0.292816 0.210412 0.785192
0.382403 0.211132 0.797532
0.380458 0.211142 0.797326
0.378514 0.211151 0.797120
0.376569 0.211161 0.796914
0.374351 0.210280 0.796190
0.372409 0.210290 0.795984
0.370198 0.209408 0.795262
0.303712 0.207068 0.786748
0.301959 0.207970 0.787051
0.300200 0.208872 0.787353
0.298263 0.208882 0.787147
0.296497 0.209784 0.787449
0.294725 0.210686 0.787749
0.292949 0.211588 0.788049
0.291004 0.211598 0.787843
0.380540 0.211422 0.799697
0.378593 0.211432 0.799490
0.376646 0.211442 0.799284
0.374425 0.210562 0.798558
0.372480 0.210571 0.798351
0.370536 0.210581 0.798145
0.368591 0.210591 0.797939
0.301760 0.207363 0.788891
0.300002 0.208264 0.789196
0.298411 0.210057 0.790008
0.296468 0.210067 0.789803
0.294694 0.210968 0.790105
0.292749 0.210978 0.789899
0.290967 0.211879 0.790201
0.289020 0.211889 0.789995
0.378672 0.211712 0.801866
0.376446 0.210832 0.801136
0.374499 0.210842 0.800930
0.372552 0.210852 0.800724
0.370336 0.209972 0.799995
0.368392 0.209982 0.799789
0.366447 0.209991 0.799583
0.299978 0.208548 0.791550
0.298384 0.210338 0.792368
0.296440 0.210348 0.792162
0.294662 0.211249 0.792466
0.292715 0.211259 0.792260
0.290930 0.212159 0.792564
0.288981 0.212169 0.792357
0.287031 0.212179 0.792151
0.376798 0.211999 0.804039
0.374845 0.212009 0.803832
0.372352 0.210241 0.802576
0.370405 0.210251 0.802370
0.368458 0.210261 0.802163
0.366511 0.210271 0.801957
0.364563 0.210281 0.801750
0.298185 0.209729 0.794218
0.296240 0.209738 0.794012
0.294463 0.210638 0.794319
0.292680 0.211538 0.794626
0.290893 0.212437 0.794932
0.288940 0.212447 0.794725
0.286988 0.212457 0.794518
0.374645 0.211397 0.805689
0.372693 0.211407 0.805482
0.370740 0.211417 0.805275
0.368523 0.210539 0.804542
0.366573 0.210549 0.804335
0.364623 0.210559 0.804129
0.362417 0.209680 0.803396
0.360469 0.209690 0.803190
0.296211 0.210018 0.796378
0.294263 0.210027 0.796172
0.292481 0.210926 0.796481
0.290693 0.211825 0.796790
0.288900 0.212724 0.797098
0.286945 0.212734 0.796890
0.284990 0.212744 0.796683
0.283035 0.212754 0.796476
0.372762 0.211682 0.807869
0.370540 0.210805 0.807133
0.368588 0.210815 0.806926
0.366636 0.210825 0.806719
0.364683 0.210835 0.806512
0.362731 0.210845 0.806305
0.360524 0.209967 0.805570
0.294064 0.209417 0.798024
0.292281 0.210315 0.798336
0.290493 0.211213 0.798647
0.288540 0.211223 0.798440
0.286744 0.212121 0.798750
0.284789 0.212131 0.798543
0.282834 0.212141 0.798336
0.280879 0.212151 0.798129
0.370607 0.211079 0.809522
0.368652 0.211089 0.809315
0.366697 0.211099 0.809107
0.364742 0.211109 0.808900
0.362787 0.211119 0.808693
0.360832 0.211129 0.808486
0.358626 0.210252 0.807748
0.356674 0.210262 0.807542
0.291917 0.208816 0.799670
0.290293 0.210601 0.800504
0.288340 0.210611 0.800297
0.286544 0.211508 0.800610
0.284589 0.211518 0.800403
0.282634 0.211528 0.800196
0.280679 0.211538 0.799989
0.278724 0.211548 0.799781
0.368716 0.211362 0.811708
0.366758 0.211372 0.811501
0.364801 0.211382 0.811293
0.362843 0.211392 0.811086
0.360632 0.210516 0.810346
0.358677 0.210526 0.810138
0.356971 0.211422 0.810463
0.355013 0.211432 0.810256
0.289932 0.209102 0.801839
0.288140 0.209998 0.802155
0.286344 0.210895 0.802470
0.284389 0.210905 0.802263
0.282434 0.210915 0.802056
0.280479 0.210925 0.801848
0.278669 0.211821 0.802162
0.276712 0.211831 0.801955
0.366819 0.211644 0.813899
0.364859 0.211654 0.813691
0.362899 0.211664 0.813483
0.360939 0.211674 0.813275
0.358979 0.211684 0.813068
0.357019 0.211694 0.812860
0.355059 0.211704 0.812652
0.353098 0.211713 0.812444
0.287940 0.209386 0.804012
0.285988 0.209396 0.803805
0.284188 0.210292 0.804123
0.282233 0.210302 0.803916
0.280426 0.211197 0.804232
0.278469 0.211207 0.804025
0.276511 0.211217 0.803817
0.274554 0.211227 0.803610
0.364658 0.211039 0.815556
0.362698 0.211049 0.815348
0.360738 0.211059 0.815140
0.358778 0.211069 0.814932
0.356818 0.211079 0.814725
0.354858 0.211089 0.814517
0.352898 0.211099 0.814309
0.350937 0.211109 0.814101
0.285788 0.208784 0.805663
0.283988 0.209679 0.805983
0.282033 0.209689 0.805775
0.280226 0.210584 0.806095
0.278268 0.210594 0.805887
0.276311 0.210604 0.805679
0.274353 0.210614 0.805472
0.272396 0.210624 0.805264
0.360790 0.211328 0.817545
0.358828 0.211338 0.817337
0.356865 0.211348 0.817129
0.354902 0.211358 0.816921
0.352939 0.211368 0.816713
0.350737 0.210494 0.815966
0.348777 0.210504 0.815758
0.346816 0.210514 0.815551
0.281833 0.209076 0.807635
0.279878 0.209086 0.807428
0.278068 0.209980 0.807749
0.276110 0.209990 0.807542
0.274153 0.210000 0.807334
0.272195 0.210010 0.807127
0.270238 0.210020 0.806919
0.358626 0.210723 0.819204
0.356664 0.210733 0.818996
0.354701 0.210743 0.818788
0.352738 0.210753 0.818580
0.350776 0.210763 0.818372
0.348813 0.210773 0.818164
0.346850 0.210783 0.817956
0.344888 0.210793 0.817748
0.281633 0.208463 0.809495
0.279678 0.208473 0.809288
0.277723 0.208483 0.809081
0.275910 0.209376 0.809404
0.273952 0.209386 0.809197
0.271995 0.209396 0.808989
0.270037 0.209406 0.808782
0.268080 0.209416 0.808574
0.266122 0.209426 0.808367
0.356463 0.210117 0.820863
0.354500 0.210127 0.820655
0.352537 0.210137 0.820447
0.350575 0.210147 0.820239
0.348612 0.210157 0.820031
0.346649 0.210167 0.819823
0.344687 0.210177 0.819615
0.342724 0.210187 0.819407
0.277522 0.207870 0.810941
0.275567 0.207880 0.810733
0.273612 0.207890 0.810526
0.271657 0.207900 0.810319
0.269837 0.208792 0.810644
0.267879 0.208802 0.810436
0.265921 0.208812 0.810229
0.263964 0.208822 0.810021
0.354299 0.209512 0.822523
0.352336 0.209522 0.822315
0.350374 0.209532 0.822106
0.348411 0.209542 0.821898
0.346448 0.209552 0.821690
0.344485 0.209562 0.821482
0.342523 0.209572 0.821274
0.340560 0.209582 0.821066
0.338597 0.209592 0.820858
0.275367 0.207267 0.812593
0.273412 0.207277 0.812386
0.271457 0.207287 0.812179
0.269636 0.208178 0.812506
0.267678 0.208188 0.812299
0.265721 0.208198 0.812091
0.263763 0.208208 0.811884
0.261806 0.208218 0.811676
0.350411 0.209797 0.824522
0.348446 0.209807 0.824314
0.346481 0.209817 0.824105
0.344516 0.209827 0.823897
0.342322 0.208956 0.823141
0.340359 0.208966 0.822933
0.338396 0.208976 0.822725
0.336434 0.208986 0.822517
0.271257 0.206674 0.814039
0.269302 0.206684 0.813832
0.267478 0.207575 0.814161
0.265520 0.207585 0.813954
0.263563 0.207594 0.813746
0.261605 0.207604 0.813539
0.259648 0.207614 0.813331
0.257690 0.207624 0.813124
0.348245 0.209190 0.826183
0.346280 0.209201 0.825975
0.344314 0.209211 0.825767
0.342349 0.209221 0.825558
0.340384 0.209231 0.825350
0.338419 0.209241 0.825142
0.336453 0.209251 0.824933
0.334488 0.209261 0.824725
0.332307 0.208391 0.823968
0.269102 0.206071 0.815691
0.267277 0.206961 0.816024
0.265320 0.206971 0.815816
0.263362 0.206981 0.815609
0.261405 0.206991 0.815401
0.259447 0.207001 0.815193
0.257490 0.207011 0.814986
0.255532 0.207021 0.814778
0.253575 0.207031 0.814571
0.346078 0.208584 0.827845
0.344113 0.208594 0.827636
0.342148 0.208604 0.827428
0.340182 0.208614 0.827220
0.338217 0.208624 0.827011
0.336252 0.208634 0.826803
0.334287 0.208644 0.826595
0.332321 0.208654 0.826386
0.330356 0.208664 0.826178
0.265119 0.206357 0.817678
0.263162 0.206367 0.817471
0.261204 0.206377 0.817263
0.259247 0.206387 0.817056
0.257289 0.206397 0.816848
0.255332 0.206407 0.816641
0.253374 0.206417 0.816433
0.251526 0.207306 0.816765
0.249566 0.207316 0.816558
0.247606 0.207326 0.816350
0.342174 0.208866 0.829852
0.340207 0.208876 0.829644
0.338016 0.208008 0.828881
0.336051 0.208018 0.828673
0.334085 0.208028 0.828465
0.332120 0.208038 0.828256
0.330155 0.208048 0.828048
0.328190 0.208058 0.827839
0.261004 0.205763 0.819126
0.259046 0.205773 0.818918
0.257089 0.205783 0.818711
0.255246 0.206672 0.819046
0.253285 0.206681 0.818838
0.251325 0.206692 0.818630
0.249365 0.206702 0.818422
0.247405 0.206711 0.818215
0.245445 0.206721 0.818007
0.338037 0.208269 0.831307
0.336069 0.208279 0.831099
0.334101 0.208289 0.830890
0.332134 0.208299 0.830682
0.329953 0.207432 0.829918
0.327988 0.207442 0.829709
0.326023 0.207452 0.829501
0.324058 0.207462 0.829293
0.256888 0.205169 0.820573
0.255045 0.206057 0.820911
0.253085 0.206067 0.820703
0.251125 0.206077 0.820495
0.249164 0.206087 0.820287
0.247204 0.206097 0.820079
0.245244 0.206107 0.819872
0.243284 0.206117 0.819664
0.241324 0.206127 0.819456
0.239364 0.206137 0.819248
0.336087 0.208539 0.833530
0.334117 0.208549 0.833321
0.331932 0.207682 0.832554
0.329964 0.207692 0.832345
0.327996 0.207702 0.832137
0.325822 0.206836 0.831371
0.323856 0.206846 0.831162
0.321891 0.206856 0.830954
0.319926 0.206866 0.830746
0.254844 0.205442 0.822775
0.252884 0.205452 0.822568
0.250924 0.205462 0.822360
0.248964 0.205472 0.822152
0.247004 0.205482 0.821944
0.245043 0.205492 0.821736
0.243083 0.205502 0.821529
0.241219 0.206389 0.821866
0.239257 0.206399 0.821658
0.237294 0.206409 0.821450
0.235331 0.206419 0.821242
0.333915 0.207931 0.835195
0.331945 0.207941 0.834987
0.329974 0.207951 0.834778
0.327795 0.207085 0.834009
0.325827 0.207095 0.833800
0.323859 0.207105 0.833591
0.321891 0.207115 0.833383
0.319724 0.206250 0.832615
0.317759 0.206260 0.832407
0.250723 0.204848 0.824225
0.248763 0.204858 0.824017
0.246803 0.204868 0.823809
0.244843 0.204878 0.823601
0.242981 0.205764 0.823942
0.241018 0.205774 0.823734
0.239056 0.205784 0.823526
0.237093 0.205794 0.823318
0.235130 0.205804 0.823110
0.233167 0.205814 0.822901
0.231205 0.205824 0.822693
0.331743 0.207323 0.836861
0.329772 0.207333 0.836652
0.327802 0.207343 0.836443
0.325831 0.207353 0.836234
0.323861 0.207363 0.836026
0.321689 0.206498 0.835255
0.319722 0.206508 0.835046
0.317754 0.206518 0.834838
0.315786 0.206528 0.834629
0.313818 0.206538 0.834421
0.248562 0.204243 0.825882
0.246602 0.204253 0.825674
0.244742 0.205139 0.826017
0.242780 0.205149 0.825809
0.240817 0.205159 0.825601
0.238854 0.205169 0.825393
0.236892 0.205179 0.825185
0.234929 0.205189 0.824977
0.232966 0.205199 0.824769
0.231086 0.206084 0.825110
0.229121 0.206094 0.824901
0.227156 0.206104 0.824693
0.225191 0.206114 0.824485
0.223225 0.206124 0.824276
0.142550 0.209163 0.817345
0.140577 0.209173 0.817136
0.138565 0.210059 0.817463
0.327600 0.206725 0.838318
0.325630 0.206735 0.838109
0.323659 0.206745 0.837900
0.321689 0.206755 0.837691
0.319718 0.206765 0.837482
0.317748 0.206775 0.837274
0.315778 0.206785 0.837065
0.313617 0.205921 0.836293
0.311649 0.205931 0.836084
0.309866 0.206816 0.836438
0.242579 0.204533 0.827676
0.240616 0.204543 0.827468
0.238653 0.204553 0.827260
0.236691 0.204563 0.827052
0.234728 0.204573 0.826844
0.232850 0.205458 0.827188
0.230885 0.205468 0.826979
0.228920 0.205478 0.826771
0.226954 0.205488 0.826563
0.224989 0.205498 0.826354
0.223024 0.205508 0.826146
0.221059 0.205518 0.825938
0.219160 0.206403 0.826279
0.217193 0.206413 0.826071
0.144321 0.208534 0.819431
0.142348 0.208544 0.819222
0.140375 0.208555 0.819013
0.138363 0.209440 0.819343
0.323660 0.207001 0.840342
0.321688 0.207011 0.840133
0.319715 0.207021 0.839923
0.317546 0.206158 0.839148
0.315576 0.206168 0.838939
0.313605 0.206178 0.838730
0.311823 0.207061 0.839087
0.309850 0.207071 0.838878
0.307877 0.207081 0.838668
0.305904 0.207091 0.838459
0.238452 0.203938 0.829127
0.236490 0.203948 0.828919
0.234614 0.204832 0.829266
0.232649 0.204842 0.829058
0.230684 0.204852 0.828849
0.228718 0.204862 0.828641
0.226753 0.204872 0.828433
0.224862 0.205756 0.828777
0.222894 0.205766 0.828569
0.220927 0.205776 0.828360
0.219025 0.206660 0.828704
0.217055 0.206670 0.828495
0.215085 0.206680 0.828286
0.213173 0.207564 0.828629
0.211200 0.207574 0.828420
0.209227 0.207584 0.828211
0.148117 0.206147 0.820642
0.146120 0.207031 0.820975
0.144150 0.207041 0.820766
0.142146 0.207926 0.821099
0.140173 0.207936 0.820890
0.138200 0.207946 0.820681
0.319512 0.206402 0.841800
0.317539 0.206412 0.841591
0.315566 0.206422 0.841382
0.313593 0.206432 0.841173
0.311620 0.206442 0.840964
0.309832 0.207325 0.841322
0.307857 0.207335 0.841113
0.306061 0.208218 0.841470
0.304083 0.208228 0.841260
0.302279 0.209111 0.841617
0.234413 0.204215 0.831136
0.232448 0.204225 0.830927
0.230482 0.204235 0.830719
0.228517 0.204245 0.830511
0.226628 0.205129 0.830858
0.224661 0.205139 0.830649
0.222764 0.206022 0.830996
0.220794 0.206032 0.830787
0.218824 0.206042 0.830579
0.216917 0.206925 0.830924
0.214944 0.206935 0.830715
0.212971 0.206945 0.830506
0.211054 0.207829 0.830851
0.209132 0.208712 0.831195
0.207205 0.209595 0.831538
0.205224 0.209605 0.831328
0.203243 0.209615 0.831118
0.201263 0.209625 0.830908
0.151872 0.204636 0.822385
0.149883 0.205520 0.822722
0.147915 0.205530 0.822514
0.145918 0.206413 0.822850
0.143948 0.206424 0.822641
0.141977 0.206434 0.822432
0.139970 0.207317 0.822767
0.317727 0.207537 0.844610
0.315749 0.207547 0.844401
0.313771 0.207557 0.844191
0.311793 0.207567 0.843981
0.309999 0.208449 0.844341
0.308018 0.208459 0.844131
0.306038 0.208469 0.843921
0.304057 0.208479 0.843711
0.302251 0.209361 0.844070
0.300267 0.209371 0.843860
0.298453 0.210253 0.844218
0.228316 0.203629 0.832380
0.226427 0.204511 0.832730
0.224459 0.204522 0.832522
0.222562 0.205404 0.832871
0.220592 0.205414 0.832662
0.218688 0.206296 0.833010
0.216715 0.206306 0.832801
0.214864 0.208061 0.833706
0.212886 0.208071 0.833496
0.210963 0.208954 0.833843
0.208983 0.208964 0.833632
0.207053 0.209847 0.833978
0.205118 0.210729 0.834323
0.203132 0.210739 0.834113
0.201189 0.211622 0.834457
0.199200 0.211632 0.834246
0.197212 0.211642 0.834036
0.195223 0.211652 0.833825
0.193235 0.211662 0.833614
0.155585 0.204873 0.825220
0.153617 0.204883 0.825012
0.151649 0.204893 0.824803
0.149681 0.204903 0.824594
0.147713 0.204913 0.824386
0.145716 0.205796 0.824724
0.143746 0.205806 0.824516
0.141741 0.206689 0.824853
0.313758 0.207808 0.846646
0.311777 0.207818 0.846436
0.309981 0.208699 0.846798
0.307997 0.208709 0.846588
0.306014 0.208719 0.846377
0.304207 0.209600 0.846739
0.302222 0.209610 0.846528
0.300407 0.210492 0.846889
0.298419 0.210502 0.846678
0.296430 0.210512 0.846467
0.294442 0.210522 0.846256
0.224257 0.203904 0.834394
0.222361 0.204786 0.834746
0.220390 0.204796 0.834537
0.218486 0.205678 0.834888
0.216576 0.206559 0.835238
0.214661 0.207441 0.835588
0.212741 0.208323 0.835937
0.210760 0.208333 0.835727
0.208886 0.210086 0.836634
0.206900 0.210096 0.836423
0.204962 0.210978 0.836771
0.202973 0.210988 0.836560
0.201028 0.211870 0.836906
0.199037 0.211880 0.836695
0.197083 0.212762 0.837041
0.195090 0.212772 0.836829
0.193096 0.212782 0.836618
0.191102 0.212793 0.836407
0.189109 0.212803 0.836195
0.187115 0.212813 0.835984
0.185100 0.211951 0.835218
0.183109 0.211961 0.835007
0.181101 0.211100 0.834241
0.179098 0.210238 0.833476
0.177100 0.209376 0.832711
0.175108 0.208515 0.831947
0.159307 0.205107 0.828061
0.157337 0.205118 0.827852
0.155367 0.205128 0.827643
0.153415 0.204266 0.826884
0.151447 0.204276 0.826675
0.149455 0.205158 0.827017
0.147485 0.205168 0.826808
0.145515 0.205178 0.826599
0.143544 0.205188 0.826390
0.309962 0.208947 0.849260
0.308157 0.209828 0.849624
0.306169 0.209838 0.849413
0.304180 0.209848 0.849202
0.302192 0.209858 0.848991
0.300203 0.209868 0.848780
0.298384 0.210748 0.849143
0.296393 0.210759 0.848932
0.294402 0.210769 0.848721
0.292411 0.210779 0.848510
0.290420 0.210789 0.848298
0.216374 0.205940 0.837117
0.214459 0.206821 0.837470
0.212538 0.207702 0.837821
0.210613 0.208583 0.838172
0.208682 0.209463 0.838523
0.206747 0.210344 0.838873
0.204758 0.210355 0.838662
0.202815 0.211236 0.839011
0.200866 0.212117 0.839360
0.198873 0.212127 0.839149
0.196879 0.212137 0.838938
0.194885 0.212147 0.838726
0.192892 0.212157 0.838515
0.190898 0.212167 0.838303
0.188905 0.212178 0.838092
0.186911 0.212188 0.837881
0.184917 0.212198 0.837669
0.182924 0.212208 0.837458
0.180930 0.212218 0.837247
0.178908 0.210486 0.835922
0.176920 0.210496 0.835711
0.174932 0.210507 0.835500
0.172937 0.209646 0.834734
0.170947 0.208785 0.833967
0.166983 0.207063 0.832437
0.165009 0.206202 0.831672
0.163040 0.205341 0.830908
0.161067 0.205351 0.830699
0.159094 0.205361 0.830490
0.157135 0.204500 0.829727
0.155165 0.204510 0.829518
0.153194 0.204520 0.829309
0.151224 0.204530 0.829100
0.149253 0.204540 0.828891
0.147283 0.204550 0.828683
0.145283 0.205431 0.829026
0.143310 0.205441 0.828817
0.305965 0.209214 0.851305
0.303977 0.209224 0.851094
0.301988 0.209234 0.850883
0.300171 0.210114 0.851248
0.298180 0.210124 0.851037
0.296354 0.211004 0.851401
0.294361 0.211014 0.851190
0.292367 0.211024 0.850979
0.290374 0.211034 0.850767
0.288225 0.210175 0.849982
0.286234 0.210185 0.849771
0.284243 0.210195 0.849559
0.210410 0.207961 0.840059
0.208479 0.208841 0.840412
0.206543 0.209721 0.840765
0.204554 0.209731 0.840554
0.202611 0.210611 0.840906
0.200662 0.211492 0.841257
0.198668 0.211502 0.841045
0.196675 0.211512 0.840834
0.194716 0.212392 0.841184
0.192719 0.212402 0.840973
0.190723 0.212412 0.840761
0.188727 0.212423 0.840549
0.186731 0.212433 0.840338
0.184735 0.212443 0.840126
0.182739 0.212453 0.839915
0.180726 0.211593 0.839143
0.178732 0.211603 0.838932
0.176728 0.210743 0.838162
0.174737 0.210753 0.837951
0.172739 0.209893 0.837181
0.170751 0.209903 0.836971
0.168762 0.209043 0.836202
0.166777 0.208183 0.835434
0.164798 0.207323 0.834666
0.162817 0.207333 0.834456
0.160846 0.206473 0.833690
0.158880 0.205612 0.832923
0.156919 0.204752 0.832158
0.154946 0.204762 0.831949
0.152973 0.204772 0.831739
0.151000 0.204782 0.831530
0.149027 0.204792 0.831321
0.147054 0.204802 0.831112
0.301958 0.209480 0.853353
0.299967 0.209490 0.853142
0.297976 0.209500 0.852931
0.295985 0.209510 0.852720
0.294157 0.210389 0.853087
0.292163 0.210399 0.852875
0.290169 0.210409 0.852664
0.288176 0.210419 0.852453
0.286182 0.210429 0.852241
0.284189 0.210440 0.852030
0.282048 0.209581 0.851243
0.280056 0.209591 0.851032
0.198464 0.210877 0.842942
0.196470 0.210887 0.842731
0.194511 0.211766 0.843083
0.192515 0.211776 0.842872
0.190519 0.211787 0.842660
0.188523 0.211797 0.842448
0.186526 0.211807 0.842237
0.184530 0.211817 0.842025
0.182534 0.211827 0.841814
0.180538 0.211837 0.841602
0.178528 0.210978 0.840829
0.176535 0.210988 0.840617
0.174541 0.210998 0.840406
0.172547 0.211009 0.840195
0.170550 0.210149 0.839423
0.168559 0.209290 0.838651
0.166570 0.209300 0.838441
0.164586 0.208441 0.837670
0.162607 0.207581 0.836900
0.160634 0.206722 0.836131
0.158653 0.206732 0.835921
0.156672 0.206742 0.835711
0.154709 0.205883 0.834942
0.152751 0.205023 0.834175
0.150775 0.205033 0.833965
0.148800 0.205043 0.833756
0.297940 0.209743 0.855406
0.295946 0.209754 0.855195
0.293952 0.209764 0.854983
0.291959 0.209774 0.854772
0.289965 0.209784 0.854560
0.287972 0.209794 0.854349
0.285978 0.209804 0.854138
0.283984 0.209814 0.853927
0.281991 0.209825 0.853715
0.279997 0.209835 0.853504
0.278004 0.209845 0.853292
0.276010 0.209855 0.853081
0.178337 0.211222 0.843289
0.176341 0.211232 0.843078
0.174337 0.210373 0.842303
0.172343 0.210384 0.842091
0.170350 0.210394 0.841880
0.168356 0.210404 0.841669
0.166364 0.209545 0.840895
0.164378 0.208687 0.840122
0.162390 0.208697 0.839911
0.160401 0.208707 0.839700
0.158425 0.207848 0.838928
0.156454 0.206990 0.838156
0.154489 0.206131 0.837385
0.293748 0.209139 0.856880
0.291755 0.209149 0.856669
0.289761 0.209159 0.856457
0.287767 0.209169 0.856246
0.285774 0.209179 0.856035
0.283780 0.209189 0.855823
0.281787 0.209200 0.855612
0.279793 0.209210 0.855401
0.277941 0.210087 0.855769
0.275945 0.210097 0.855558
0.273949 0.210107 0.855346
0.271953 0.210118 0.855134
0.269956 0.210128 0.854923
0.267960 0.210138 0.854711
0.180129 0.210586 0.845400
0.178133 0.210596 0.845189
0.176137 0.210606 0.844977
0.174140 0.210616 0.844765
0.172144 0.210626 0.844554
0.170145 0.209769 0.843777
0.168152 0.209779 0.843565
0.166158 0.209789 0.843354
0.164164 0.209799 0.843143
0.162178 0.208941 0.842367
0.160187 0.208951 0.842156
0.158209 0.208094 0.841381
0.289557 0.208534 0.858354
0.287563 0.208544 0.858142
0.285569 0.208554 0.857931
0.283576 0.208564 0.857720
0.281582 0.208574 0.857508
0.279733 0.209451 0.857880
0.277737 0.209461 0.857668
0.275741 0.209471 0.857457
0.273744 0.209481 0.857245
0.271882 0.210358 0.857615
0.269883 0.210368 0.857404
0.267884 0.210378 0.857192
0.265886 0.210389 0.856980
0.263887 0.210399 0.856768
0.261888 0.210409 0.856556
0.187832 0.207318 0.846435
0.185844 0.207328 0.846224
0.183896 0.209072 0.847153
0.181903 0.209082 0.846941
0.179909 0.209093 0.846730
0.177915 0.209103 0.846519
0.175932 0.209980 0.846876
0.173928 0.209123 0.846096
0.171935 0.209133 0.845885
0.169941 0.209143 0.845673
0.167947 0.209154 0.845462
0.165954 0.209164 0.845251
0.163960 0.209174 0.845039
0.283372 0.207939 0.859617
0.281524 0.208815 0.859991
0.279528 0.208825 0.859779
0.277532 0.208835 0.859568
0.275675 0.209711 0.859941
0.273676 0.209721 0.859729
0.271677 0.209731 0.859517
0.269678 0.209741 0.859305
0.267808 0.210617 0.859677
0.265807 0.210627 0.859465
0.263806 0.210638 0.859253
0.261804 0.210648 0.859040
0.259803 0.210658 0.858828
0.257802 0.210668 0.858616
0.255687 0.209813 0.857822
0.253689 0.209823 0.857610
0.251690 0.209833 0.857398
0.193494 0.204066 0.847238
0.191514 0.204076 0.847028
0.189561 0.204952 0.847391
0.187577 0.204962 0.847181
0.185617 0.205839 0.847543
0.183651 0.206715 0.847905
0.181681 0.207591 0.848266
0.179705 0.208468 0.848627
0.177711 0.208478 0.848415
0.175718 0.208488 0.848204
0.173724 0.208498 0.847993
0.171730 0.208508 0.847781
0.169737 0.208518 0.847570
0.167743 0.208529 0.847359
0.277469 0.209074 0.862054
0.275470 0.209084 0.861842
0.273471 0.209094 0.861630
0.271472 0.209105 0.861419
0.269604 0.209979 0.861793
0.267603 0.209990 0.861581
0.265602 0.210000 0.861369
0.263600 0.210010 0.861157
0.261599 0.210020 0.860945
0.259598 0.210030 0.860732
0.257597 0.210041 0.860520
0.255595 0.210051 0.860308
0.253594 0.210061 0.860096
0.251593 0.210071 0.859884
0.249591 0.210082 0.859672
0.247488 0.209227 0.858876
0.245489 0.209237 0.858664
0.243490 0.209247 0.858452
0.241491 0.209257 0.858240
0.203241 0.204260 0.850750
0.201214 0.203405 0.849962
0.199233 0.203415 0.849752
0.197253 0.203425 0.849542
0.195272 0.203435 0.849332
0.193291 0.203445 0.849122
0.191341 0.204320 0.849488
0.189358 0.204330 0.849278
0.187399 0.205206 0.849643
0.185436 0.206081 0.850007
0.183448 0.206091 0.849797
0.181494 0.207832 0.850735
0.179500 0.207842 0.850523
0.177507 0.207853 0.850312
0.175523 0.208728 0.850674
0.173527 0.208738 0.850463
0.171526 0.207883 0.849678
0.271401 0.209342 0.863909
0.269399 0.209352 0.863697
0.267398 0.209362 0.863485
0.265397 0.209372 0.863273
0.263395 0.209383 0.863061
0.261394 0.209393 0.862849
0.259393 0.209403 0.862636
0.257391 0.209413 0.862424
0.255390 0.209423 0.862212
0.253389 0.209434 0.862000
0.251388 0.209444 0.861788
0.249386 0.209454 0.861576
0.247385 0.209464 0.861363
0.245384 0.209474 0.861151
0.243382 0.209485 0.860939
0.241381 0.209495 0.860727
0.239380 0.209505 0.860515
0.237378 0.209515 0.860303
0.235377 0.209525 0.860090
0.233376 0.209536 0.859878
0.231374 0.209546 0.859666
0.229373 0.209556 0.859454
0.227372 0.209566 0.859242
0.225370 0.209576 0.859030
0.223369 0.209587 0.858817
0.221299 0.208732 0.858023
0.219300 0.208743 0.857811
0.217302 0.208753 0.857599
0.215242 0.207899 0.856806
0.213246 0.207909 0.856594
0.211194 0.207055 0.855802
0.209147 0.206201 0.855009
0.207105 0.205346 0.854218
0.205117 0.205356 0.854007
0.203083 0.204502 0.853216
0.201054 0.203648 0.852426
0.199071 0.203658 0.852216
0.197088 0.203668 0.852006
0.195104 0.203678 0.851796
0.193121 0.203688 0.851585
0.191168 0.204563 0.851953
0.189209 0.205438 0.852321
0.187221 0.205448 0.852110
0.185255 0.206322 0.852477
0.183283 0.207197 0.852843
0.181290 0.207207 0.852631
0.179311 0.208082 0.852997
0.177315 0.208092 0.852785
0.265192 0.208745 0.865177
0.263190 0.208755 0.864965
0.261189 0.208765 0.864753
0.259188 0.208775 0.864540
0.257186 0.208786 0.864328
0.255185 0.208796 0.864116
0.253184 0.208806 0.863904
0.251182 0.208816 0.863692
0.249181 0.208826 0.863480
0.247180 0.208837 0.863267
0.245179 0.208847 0.863055
0.243177 0.208857 0.862843
0.241176 0.208867 0.862631
0.239175 0.208877 0.862419
0.237173 0.208888 0.862207
0.235172 0.208898 0.861994
0.233171 0.208908 0.861782
0.231251 0.209782 0.862156
0.229247 0.209792 0.861944
0.227243 0.209802 0.861731
0.225239 0.209812 0.861519
0.223235 0.209822 0.861307
0.221231 0.209833 0.861094
0.219161 0.208979 0.860297
0.217160 0.208990 0.860085
0.215159 0.209000 0.859873
0.213099 0.208147 0.859077
0.211101 0.208157 0.858865
0.209049 0.207303 0.858070
0.207002 0.206450 0.857275
0.204961 0.205597 0.856482
0.202925 0.204743 0.855688
0.200936 0.204753 0.855477
0.198908 0.203900 0.854685
0.196922 0.203910 0.854474
0.194936 0.203920 0.854264
0.192982 0.204794 0.854634
0.190994 0.204804 0.854423
0.189033 0.205678 0.854793
0.187042 0.205688 0.854582
0.185073 0.206562 0.854951
0.183079 0.206572 0.854739
0.181102 0.207446 0.855107
0.256981 0.208158 0.866232
0.254980 0.208168 0.866020
0.252979 0.208178 0.865808
0.250977 0.208189 0.865596
0.248976 0.208199 0.865384
0.246975 0.208209 0.865171
0.244973 0.208219 0.864959
0.242972 0.208229 0.864747
0.240971 0.208240 0.864535
0.239061 0.209112 0.864913
0.237057 0.209123 0.864700
0.235053 0.209133 0.864488
0.233049 0.209143 0.864275
0.231045 0.209153 0.864063
0.229041 0.209163 0.863850
0.227037 0.209174 0.863638
0.225034 0.209184 0.863425
0.223100 0.210057 0.863801
0.221026 0.209204 0.863001
0.219022 0.209215 0.862788
0.217018 0.209225 0.862576
0.215014 0.209235 0.862363
0.212952 0.208382 0.861565
0.210951 0.208393 0.861353
0.208950 0.208403 0.861140
0.206898 0.207550 0.860343
0.204852 0.206698 0.859546
0.202811 0.205845 0.858750
0.200817 0.205855 0.858538
0.198784 0.205003 0.857743
0.196756 0.204150 0.856947
0.194767 0.204160 0.856737
0.192779 0.204170 0.856526
0.190849 0.205906 0.857481
0.188856 0.205916 0.857270
0.246770 0.207582 0.867075
0.244867 0.208453 0.867456
0.242863 0.208464 0.867244
0.240859 0.208474 0.867031
0.238856 0.208484 0.866819
0.236852 0.208494 0.866607
0.234848 0.208504 0.866394
0.232844 0.208515 0.866182
0.230921 0.209387 0.866560
0.228914 0.209397 0.866348
0.226908 0.209407 0.866135
0.224901 0.209417 0.865922
0.222895 0.209428 0.865709
0.220888 0.209438 0.865497
0.218882 0.209448 0.865284
0.216875 0.209458 0.865071
0.214869 0.209469 0.864859
0.212862 0.209479 0.864646
0.210801 0.208627 0.863845
0.208797 0.208637 0.863632
0.206743 0.207786 0.862832
0.204742 0.207796 0.862620
0.202696 0.206944 0.861821
0.200697 0.206954 0.861609
0.198659 0.206102 0.860810
0.230715 0.208758 0.868469
0.228709 0.208768 0.868256
0.226702 0.208778 0.868044
0.224768 0.209649 0.868424
0.222759 0.209660 0.868211
0.220818 0.210531 0.868590
0.218806 0.210541 0.868377
0.216795 0.210551 0.868163
0.214783 0.210562 0.867950
