ply
format ascii 1.0
element vertex 5260
property float x
property float y
property float z
end_header
0.141559 -0.475564 0.763000
0.143535 -0.475564 0.763000
0.145702 -0.476187 0.764000
0.147875 -0.476810 0.765000
0.150052 -0.477434 0.766000
0.382365 -0.769130 1.234000
0.139400 -0.472964 0.762000
0.141374 -0.472964 0.762000
0.143535 -0.473585 0.763000
0.145702 -0.474206 0.764000
0.147681 -0.474206 0.764000
0.149856 -0.474826 0.765000
0.381626 -0.770895 1.242000
0.382365 -0.765929 1.234000
0.384311 -0.763446 1.230000
0.139400 -0.470988 0.762000
0.141559 -0.471606 0.763000
0.143535 -0.471606 0.763000
0.145702 -0.472224 0.764000
0.147875 -0.472842 0.765000
0.150052 -0.473460 0.766000
0.379628 -0.770146 1.246000
0.381626 -0.767673 1.242000
0.382984 -0.763965 1.236000
0.384311 -0.760256 1.230000
0.139400 -0.469012 0.762000
0.141559 -0.469627 0.763000
0.143535 -0.469627 0.763000
0.145702 -0.470243 0.764000
0.147875 -0.470858 0.765000
0.150052 -0.471474 0.766000
0.377911 -0.769992 1.251000
0.379628 -0.766914 1.246000
0.381626 -0.764452 1.242000
0.382984 -0.760759 1.236000
0.139400 -0.467035 0.762000
0.141559 -0.467648 0.763000
0.143535 -0.467648 0.763000
0.145702 -0.468261 0.764000
0.147875 -0.468874 0.765000
0.149856 -0.468874 0.765000
0.375270 -0.767973 1.253000
0.377911 -0.766747 1.251000
0.379933 -0.764295 1.247000
0.380705 -0.759392 1.239000
0.382365 -0.756328 1.234000
0.139583 -0.465669 0.763000
0.141559 -0.465669 0.763000
0.143535 -0.465669 0.763000
0.145702 -0.466280 0.764000
0.147875 -0.466890 0.765000
0.150052 -0.467500 0.766000
0.375569 -0.765333 1.254000
0.377911 -0.763502 1.251000
0.380542 -0.762282 1.249000
0.381626 -0.758010 1.242000
0.382984 -0.754348 1.236000
0.139583 -0.463690 0.763000
0.141559 -0.463690 0.763000
0.143724 -0.464298 0.764000
0.145702 -0.464298 0.764000
0.147875 -0.464906 0.765000
0.150052 -0.465514 0.766000
0.374697 -0.766943 1.262000
0.375569 -0.762081 1.254000
0.377911 -0.760258 1.251000
0.380847 -0.759650 1.250000
0.381934 -0.755396 1.243000
0.139583 -0.461712 0.763000
0.141559 -0.461712 0.763000
0.143724 -0.462317 0.764000
0.145893 -0.462922 0.765000
0.147875 -0.462922 0.765000
0.149856 -0.462922 0.765000
0.378786 -0.778798 1.287000
0.375587 -0.765485 1.265000
0.375569 -0.758829 1.254000
0.377911 -0.757013 1.251000
0.380847 -0.756408 1.250000
0.382548 -0.753383 1.245000
0.139583 -0.459733 0.763000
0.141559 -0.459733 0.763000
0.143724 -0.460335 0.764000
0.145893 -0.460938 0.765000
0.147875 -0.460938 0.765000
0.149856 -0.460938 0.765000
0.379963 -0.777870 1.291000
0.376775 -0.764614 1.269000
0.375569 -0.755576 1.254000
0.378515 -0.754974 1.253000
0.380542 -0.752564 1.249000
0.139583 -0.457754 0.763000
0.141559 -0.457754 0.763000
0.143724 -0.458354 0.764000
0.145893 -0.458954 0.765000
0.147875 -0.458954 0.765000
0.149856 -0.458954 0.765000
0.379828 -0.781121 1.302000
0.380846 -0.776322 1.294000
0.377963 -0.763723 1.273000
0.375869 -0.752924 1.255000
0.377911 -0.750524 1.251000
0.139583 -0.455775 0.763000
0.141745 -0.456372 0.764000
0.143724 -0.456372 0.764000
0.145893 -0.456969 0.765000
0.147875 -0.456969 0.765000
0.149856 -0.456969 0.765000
0.380846 -0.772965 1.294000
0.377963 -0.760421 1.273000
0.375869 -0.749669 1.255000
0.139766 -0.454391 0.764000
0.141745 -0.454391 0.764000
0.143912 -0.454985 0.765000
0.145893 -0.454985 0.765000
0.147875 -0.454985 0.765000
0.149856 -0.454985 0.765000
0.381287 -0.777341 1.307000
0.380846 -0.769609 1.294000
0.377963 -0.757120 1.273000
0.375869 -0.746414 1.255000
0.139766 -0.452409 0.764000
0.141745 -0.452409 0.764000
0.143912 -0.453001 0.765000
0.145893 -0.453001 0.765000
0.147875 -0.453001 0.765000
0.149856 -0.453001 0.765000
0.151838 -0.453001 0.765000
0.385978 -0.797638 1.347000
0.385419 -0.789347 1.333000
0.139766 -0.450428 0.764000
0.141930 -0.451017 0.765000
0.143912 -0.451017 0.765000
0.145893 -0.451017 0.765000
0.147875 -0.451017 0.765000
0.149856 -0.451017 0.765000
0.151838 -0.451017 0.765000
0.385612 -0.800629 1.358000
0.385978 -0.794144 1.347000
0.385130 -0.785301 1.332000
0.141930 -0.449033 0.765000
0.143912 -0.449033 0.765000
0.145893 -0.449033 0.765000
0.147875 -0.449033 0.765000
0.149856 -0.449033 0.765000
0.152036 -0.449620 0.766000
0.384627 -0.802390 1.367000
0.384477 -0.794759 1.354000
0.385118 -0.788890 1.344000
0.383684 -0.778911 1.327000
0.380412 -0.765411 1.304000
0.380257 -0.758367 1.292000
0.141930 -0.447049 0.765000
0.143912 -0.447049 0.765000
0.146084 -0.447633 0.766000
0.147875 -0.447049 0.765000
0.150052 -0.447633 0.766000
0.152036 -0.447633 0.766000
0.381923 -0.800598 1.370000
0.382095 -0.793585 1.358000
0.382773 -0.787741 1.348000
0.384259 -0.783651 1.341000
0.381949 -0.771963 1.321000
0.379536 -0.760276 1.301000
0.142116 -0.445647 0.766000
0.144100 -0.445647 0.766000
0.146084 -0.445647 0.766000
0.148068 -0.445647 0.766000
0.150052 -0.445647 0.766000
0.152235 -0.446229 0.767000
0.376993 -0.794136 1.365000
0.378578 -0.790063 1.358000
0.379844 -0.785409 1.350000
0.381637 -0.781918 1.344000
0.382539 -0.776682 1.335000
0.379347 -0.763301 1.312000
0.142116 -0.443660 0.766000
0.144288 -0.444239 0.767000
0.146275 -0.444239 0.767000
0.148261 -0.444239 0.767000
0.150248 -0.444239 0.767000
0.152433 -0.444818 0.768000
0.372637 -0.788858 1.362000
0.373955 -0.784224 1.354000
0.375790 -0.780749 1.348000
0.378156 -0.778432 1.344000
0.379933 -0.774957 1.338000
0.378528 -0.765111 1.321000
0.142487 -0.442827 0.768000
0.144476 -0.442827 0.768000
0.146656 -0.443403 0.769000
0.148648 -0.443403 0.769000
0.150444 -0.442827 0.768000
0.152632 -0.443403 0.769000
0.369109 -0.785325 1.362000
0.370448 -0.780712 1.354000
0.372298 -0.777253 1.348000
0.374675 -0.774946 1.344000
0.376749 -0.772063 1.339000
0.376810 -0.765144 1.327000
0.142672 -0.441409 0.769000
0.144664 -0.441409 0.769000
0.146656 -0.441409 0.769000
0.148648 -0.441409 0.769000
0.150640 -0.441409 0.769000
0.152632 -0.441409 0.769000
0.365775 -0.789829 1.376000
0.366387 -0.783515 1.365000
0.366670 -0.776627 1.353000
0.368533 -0.773183 1.347000
0.370641 -0.770313 1.342000
0.372444 -0.766869 1.336000
0.373373 -0.761703 1.327000
0.143043 -0.440557 0.771000
0.145040 -0.440557 0.771000
0.146847 -0.439986 0.770000
0.148841 -0.439986 0.770000
0.150836 -0.439986 0.770000
0.153029 -0.440557 0.771000
0.362557 -0.794831 1.391000
0.364054 -0.790260 1.383000
0.363383 -0.781117 1.367000
0.363166 -0.773118 1.353000
0.364502 -0.768546 1.345000
0.366344 -0.765118 1.339000
0.367879 -0.761118 1.332000
0.368263 -0.754832 1.321000
0.143229 -0.439126 0.772000
0.145229 -0.439126 0.772000
0.147228 -0.439126 0.772000
0.149228 -0.439126 0.772000
0.151227 -0.439126 0.772000
0.153227 -0.439126 0.772000
0.359470 -0.792361 1.393000
0.360471 -0.786673 1.383000
0.359315 -0.776434 1.365000
0.358864 -0.767902 1.350000
0.360750 -0.764489 1.344000
0.361792 -0.759370 1.335000
0.361420 -0.751406 1.321000
0.143414 -0.437690 0.773000
0.145605 -0.438256 0.774000
0.147228 -0.437124 0.772000
0.149228 -0.437124 0.772000
0.151227 -0.437124 0.772000
0.153425 -0.437690 0.773000
0.354277 -0.793278 1.401000
0.356117 -0.789314 1.394000
0.357405 -0.784218 1.385000
0.355780 -0.772894 1.365000
0.354840 -0.763268 1.348000
0.356471 -0.759305 1.341000
0.356724 -0.752510 1.329000
0.143600 -0.436249 0.774000
0.145605 -0.436249 0.774000
0.147610 -0.436249 0.774000
0.149614 -0.436249 0.774000
0.151619 -0.436249 0.774000
0.153624 -0.436249 0.774000
0.352468 -0.802044 1.423000
0.352650 -0.794153 1.409000
0.353518 -0.787953 1.398000
0.355351 -0.784008 1.391000
0.353535 -0.772172 1.370000
0.351349 -0.759772 1.348000
0.352998 -0.755827 1.341000
0.351952 -0.746245 1.324000
0.143786 -0.434803 0.775000
0.145793 -0.434803 0.775000
0.147800 -0.434803 0.775000
0.149808 -0.434803 0.775000
0.151815 -0.434803 0.775000
0.153822 -0.434803 0.775000
0.155830 -0.434803 0.775000
0.349273 -0.799476 1.425000
0.351230 -0.795548 1.418000
0.351148 -0.787133 1.403000
0.351748 -0.780400 1.391000
0.350752 -0.770302 1.373000
0.349148 -0.759081 1.353000
0.145981 -0.433351 0.776000
0.147991 -0.433351 0.776000
0.149808 -0.432792 0.775000
0.151815 -0.432792 0.775000
0.153822 -0.432792 0.775000
0.155830 -0.432792 0.775000
0.341891 -0.795780 1.425000
0.345582 -0.795780 1.425000
0.347802 -0.792429 1.419000
0.348753 -0.786286 1.408000
0.349897 -0.780702 1.398000
0.146169 -0.431894 0.777000
0.148182 -0.431894 0.777000
0.150001 -0.431338 0.776000
0.152011 -0.431338 0.776000
0.154021 -0.431338 0.776000
0.156031 -0.431338 0.776000
0.333100 -0.788749 1.419000
0.348145 -0.773185 1.391000
0.146169 -0.429879 0.777000
0.148182 -0.429879 0.777000
0.150194 -0.429879 0.777000
0.152207 -0.429879 0.777000
0.154219 -0.429879 0.777000
0.156232 -0.429879 0.777000
0.323454 -0.779536 1.409000
0.327103 -0.779536 1.409000
0.330753 -0.779536 1.409000
0.334402 -0.779536 1.409000
0.337812 -0.778983 1.408000
0.343880 -0.776216 1.403000
0.345285 -0.771237 1.394000
0.146357 -0.428414 0.778000
0.148182 -0.427864 0.777000
0.150194 -0.427864 0.777000
0.152207 -0.427864 0.777000
0.154219 -0.427864 0.777000
0.156232 -0.427864 0.777000
0.158245 -0.427864 0.777000
0.318669 -0.773128 1.404000
0.322306 -0.773128 1.404000
0.325942 -0.773128 1.404000
0.329579 -0.773128 1.404000
0.332978 -0.772578 1.403000
0.336132 -0.771476 1.401000
0.339761 -0.771476 1.401000
0.148372 -0.426397 0.778000
0.150388 -0.426397 0.778000
0.152403 -0.426397 0.778000
0.154219 -0.425849 0.777000
0.156232 -0.425849 0.777000
0.158245 -0.425849 0.777000
0.314360 -0.767843 1.401000
0.317988 -0.767843 1.401000
0.321158 -0.766747 1.399000
0.324782 -0.766747 1.399000
0.328405 -0.766747 1.399000
0.331792 -0.766198 1.398000
0.148372 -0.424379 0.778000
0.150388 -0.424379 0.778000
0.152403 -0.424379 0.778000
0.154418 -0.424379 0.778000
0.156433 -0.424379 0.778000
0.158448 -0.424379 0.778000
0.160463 -0.424379 0.778000
0.166509 -0.424379 0.778000
0.313911 -0.763118 1.399000
0.317534 -0.763118 1.399000
0.321158 -0.763118 1.399000
0.324550 -0.762573 1.398000
0.148563 -0.422904 0.779000
0.150581 -0.422904 0.779000
0.152403 -0.422361 0.778000
0.154418 -0.422361 0.778000
0.156433 -0.422361 0.778000
0.158448 -0.422361 0.778000
0.160463 -0.422361 0.778000
0.164494 -0.422361 0.778000
0.166509 -0.422361 0.778000
0.306006 -0.757861 1.396000
0.310065 -0.758947 1.398000
0.313686 -0.758947 1.398000
0.317307 -0.758947 1.398000
0.320469 -0.757861 1.396000
0.148563 -0.420883 0.779000
0.150581 -0.420883 0.779000
0.152599 -0.420883 0.779000
0.154616 -0.420883 0.779000
0.156634 -0.420883 0.779000
0.158448 -0.420343 0.778000
0.160463 -0.420343 0.778000
0.162478 -0.420343 0.778000
0.164494 -0.420343 0.778000
0.305348 -0.752620 1.393000
0.309178 -0.753160 1.394000
0.312789 -0.753160 1.394000
0.148754 -0.419401 0.780000
0.150774 -0.419401 0.780000
0.152599 -0.418863 0.779000
0.154616 -0.418863 0.779000
0.156634 -0.418863 0.779000
0.158652 -0.418863 0.779000
0.160670 -0.418863 0.779000
0.162478 -0.418325 0.778000
0.164705 -0.418863 0.779000
0.304252 -0.746318 1.388000
0.150774 -0.417378 0.780000
0.152794 -0.417378 0.780000
0.154616 -0.416843 0.779000
0.156634 -0.416843 0.779000
0.158652 -0.416843 0.779000
0.160670 -0.416843 0.779000
0.162687 -0.416843 0.779000
0.164705 -0.416843 0.779000
0.150967 -0.415887 0.781000
0.152794 -0.415355 0.780000
0.154815 -0.415355 0.780000
0.156835 -0.415355 0.780000
0.158652 -0.414822 0.779000
0.160670 -0.414822 0.779000
0.162687 -0.414822 0.779000
0.164916 -0.415355 0.780000
0.150967 -0.413862 0.781000
0.152990 -0.413862 0.781000
0.154815 -0.413332 0.780000
0.156835 -0.413332 0.780000
0.158855 -0.413332 0.780000
0.160876 -0.413332 0.780000
0.162896 -0.413332 0.780000
0.164916 -0.413332 0.780000
0.148945 -0.411836 0.781000
0.151161 -0.412363 0.782000
0.152990 -0.411836 0.781000
0.155013 -0.411836 0.781000
0.157036 -0.411836 0.781000
0.158855 -0.411309 0.780000
0.160876 -0.411309 0.780000
0.162896 -0.411309 0.780000
0.165128 -0.411836 0.781000
0.145270 -0.410860 0.783000
0.147298 -0.410860 0.783000
0.149135 -0.410335 0.782000
0.151161 -0.410335 0.782000
0.152990 -0.409810 0.781000
0.155013 -0.409810 0.781000
0.157036 -0.409810 0.781000
0.158855 -0.409286 0.780000
0.160876 -0.409286 0.780000
0.162896 -0.409286 0.780000
0.165128 -0.409810 0.781000
0.143059 -0.408307 0.782000
0.145270 -0.408829 0.783000
0.147298 -0.408829 0.783000
0.149326 -0.408829 0.783000
0.151354 -0.408829 0.783000
0.153186 -0.408307 0.782000
0.157237 -0.408307 0.782000
0.159059 -0.407785 0.781000
0.161082 -0.407785 0.781000
0.163105 -0.407785 0.781000
0.141214 -0.406798 0.783000
0.143242 -0.406798 0.783000
0.145455 -0.407318 0.784000
0.147486 -0.407318 0.784000
0.149517 -0.407318 0.784000
0.151354 -0.406798 0.783000
0.157237 -0.406279 0.782000
0.159263 -0.406279 0.782000
0.161288 -0.406279 0.782000
0.163314 -0.406279 0.782000
0.139185 -0.404768 0.783000
0.141394 -0.405284 0.784000
0.143425 -0.405284 0.784000
0.145455 -0.405284 0.784000
0.147486 -0.405284 0.784000
0.149517 -0.405284 0.784000
0.157639 -0.405284 0.784000
0.159670 -0.405284 0.784000
0.161701 -0.405284 0.784000
0.163732 -0.405284 0.784000
0.274880 -0.656003 1.269000
0.137157 -0.402737 0.783000
0.139363 -0.403251 0.784000
0.141394 -0.403251 0.784000
0.143425 -0.403251 0.784000
0.145455 -0.403251 0.784000
0.147486 -0.403251 0.784000
0.159670 -0.403251 0.784000
0.161701 -0.403251 0.784000
0.163732 -0.403251 0.784000
0.274014 -0.650654 1.265000
0.277290 -0.650654 1.265000
0.137333 -0.401218 0.784000
0.139363 -0.401218 0.784000
0.141574 -0.401729 0.785000
0.143608 -0.401729 0.785000
0.145641 -0.401729 0.785000
0.159874 -0.401729 0.785000
0.161701 -0.401218 0.784000
0.164149 -0.402241 0.786000
0.274014 -0.647373 1.265000
0.277290 -0.647373 1.265000
0.135302 -0.399184 0.784000
0.137333 -0.399184 0.784000
0.139541 -0.399694 0.785000
0.141755 -0.400203 0.786000
0.143790 -0.400203 0.786000
0.162113 -0.400203 0.786000
0.164358 -0.400712 0.787000
0.274447 -0.645110 1.267000
0.277290 -0.644092 1.265000
0.280567 -0.644092 1.265000
0.135474 -0.397658 0.785000
0.137508 -0.397658 0.785000
0.139719 -0.398164 0.786000
0.141935 -0.398671 0.787000
0.162320 -0.398671 0.787000
0.164358 -0.398671 0.787000
0.273581 -0.639798 1.263000
0.276852 -0.639798 1.263000
0.279902 -0.639291 1.262000
0.133611 -0.396126 0.786000
0.135647 -0.396126 0.786000
0.137683 -0.396126 0.786000
0.139896 -0.396630 0.787000
0.141935 -0.396630 0.787000
0.162526 -0.397133 0.788000
0.164567 -0.397133 0.788000
0.273364 -0.636018 1.262000
0.276414 -0.635514 1.261000
0.279680 -0.635514 1.261000
0.282946 -0.635514 1.261000
0.131743 -0.394588 0.787000
0.133781 -0.394588 0.787000
0.135820 -0.394588 0.787000
0.137858 -0.394588 0.787000
0.139896 -0.394588 0.787000
0.272714 -0.631241 1.259000
0.275975 -0.631241 1.259000
0.279236 -0.631241 1.259000
0.282273 -0.630740 1.258000
0.129704 -0.392547 0.787000
0.131743 -0.392547 0.787000
0.133781 -0.392547 0.787000
0.135820 -0.392547 0.787000
0.137858 -0.392547 0.787000
0.272498 -0.627477 1.258000
0.275756 -0.627477 1.258000
0.278793 -0.626978 1.257000
0.282273 -0.627477 1.258000
0.285531 -0.627477 1.258000
0.129704 -0.390506 0.787000
0.131743 -0.390506 0.787000
0.133781 -0.390506 0.787000
0.135820 -0.390506 0.787000
0.266615 -0.625703 1.261000
0.269453 -0.624710 1.259000
0.272714 -0.624710 1.259000
0.275756 -0.624214 1.258000
0.279014 -0.624214 1.258000
0.282273 -0.624214 1.258000
0.285531 -0.624214 1.258000
0.127666 -0.388465 0.787000
0.129704 -0.388465 0.787000
0.131910 -0.388959 0.788000
0.133781 -0.388465 0.787000
0.270095 -0.622926 1.262000
0.273147 -0.622432 1.261000
0.276414 -0.622432 1.261000
0.279236 -0.621445 1.259000
0.282497 -0.621445 1.259000
0.285758 -0.621445 1.259000
0.127666 -0.386424 0.787000
0.129704 -0.386424 0.787000
0.131910 -0.386915 0.788000
0.133951 -0.386915 0.788000
0.273364 -0.619653 1.262000
0.276633 -0.619653 1.262000
0.279680 -0.619162 1.261000
0.282497 -0.618180 1.259000
0.285758 -0.618180 1.259000
0.288790 -0.617689 1.258000
0.125627 -0.384383 0.787000
0.127828 -0.384871 0.788000
0.129704 -0.384383 0.787000
0.131910 -0.384871 0.788000
0.133951 -0.384871 0.788000
0.276633 -0.616380 1.262000
0.279680 -0.615891 1.261000
0.282946 -0.615891 1.261000
0.285758 -0.614914 1.259000
0.288790 -0.614426 1.258000
0.291816 -0.613938 1.257000
0.123903 -0.383313 0.789000
0.125787 -0.382827 0.788000
0.127990 -0.383313 0.789000
0.130034 -0.383313 0.789000
0.132077 -0.383313 0.789000
0.279902 -0.613107 1.262000
0.283170 -0.613107 1.262000
0.285758 -0.611649 1.259000
0.289019 -0.611649 1.259000
0.291816 -0.610677 1.257000
0.295072 -0.610677 1.257000
0.123903 -0.381267 0.789000
0.125787 -0.380784 0.788000
0.127990 -0.381267 0.789000
0.130034 -0.381267 0.789000
0.132077 -0.381267 0.789000
0.283170 -0.609833 1.262000
0.286439 -0.609833 1.262000
0.289019 -0.608384 1.259000
0.292048 -0.607901 1.258000
0.295307 -0.607901 1.258000
0.298565 -0.607901 1.258000
0.301584 -0.607417 1.257000
0.123903 -0.379220 0.789000
0.125947 -0.379220 0.789000
0.127990 -0.379220 0.789000
0.130034 -0.379220 0.789000
0.283395 -0.607041 1.263000
0.286439 -0.606560 1.262000
0.289478 -0.606080 1.261000
0.292280 -0.605118 1.259000
0.295307 -0.604638 1.258000
0.298802 -0.605118 1.259000
0.301823 -0.604638 1.258000
0.305082 -0.604638 1.258000
0.125947 -0.377174 0.789000
0.128152 -0.377652 0.790000
0.130034 -0.377174 0.789000
0.286666 -0.603765 1.263000
0.289708 -0.603287 1.262000
0.292745 -0.602809 1.261000
0.296011 -0.602809 1.261000
0.299277 -0.602809 1.261000
0.302063 -0.601853 1.259000
0.305324 -0.601853 1.259000
0.308340 -0.601375 1.258000
-0.130165 -0.377030 0.793000
-0.127950 -0.376554 0.792000
0.124217 -0.376079 0.791000
0.126106 -0.375603 0.790000
0.128152 -0.375603 0.790000
0.289938 -0.600490 1.263000
0.292977 -0.600014 1.262000
0.296246 -0.600014 1.262000
0.299277 -0.599539 1.261000
0.302543 -0.599539 1.261000
0.305809 -0.599539 1.261000
0.308585 -0.598588 1.259000
0.311846 -0.598588 1.259000
0.314857 -0.598112 1.258000
-0.130001 -0.374500 0.792000
-0.127788 -0.374027 0.791000
-0.125740 -0.374027 0.791000
0.122323 -0.374500 0.792000
0.124217 -0.374027 0.791000
0.126106 -0.373554 0.790000
0.128315 -0.374027 0.791000
0.296246 -0.596741 1.262000
0.299514 -0.596741 1.262000
0.302783 -0.596741 1.262000
0.306052 -0.596741 1.262000
0.309076 -0.596268 1.261000
0.311846 -0.595322 1.259000
0.315107 -0.595322 1.259000
-0.129837 -0.371976 0.791000
-0.127788 -0.371976 0.791000
-0.125740 -0.371976 0.791000
-0.123691 -0.371976 0.791000
0.124217 -0.371976 0.791000
0.126266 -0.371976 0.791000
0.128315 -0.371976 0.791000
0.299752 -0.593938 1.263000
0.303023 -0.593938 1.263000
0.306294 -0.593938 1.263000
0.309321 -0.593468 1.262000
0.312590 -0.593468 1.262000
0.315608 -0.592998 1.261000
-0.128688 -0.366650 0.784000
-0.126981 -0.367586 0.786000
-0.125104 -0.368053 0.787000
-0.123065 -0.368053 0.787000
-0.121181 -0.368521 0.788000
0.122323 -0.370392 0.792000
0.124217 -0.369924 0.791000
0.126266 -0.369924 0.791000
0.306779 -0.591598 1.265000
0.309566 -0.590663 1.263000
0.312837 -0.590663 1.263000
0.315858 -0.590195 1.262000
-0.127867 -0.362292 0.779000
-0.126173 -0.363222 0.781000
-0.124309 -0.363687 0.782000
-0.122596 -0.364617 0.784000
-0.120719 -0.365082 0.785000
-0.118837 -0.365547 0.786000
0.122323 -0.368338 0.792000
0.124374 -0.368338 0.792000
0.126425 -0.368338 0.792000
-0.125688 -0.359809 0.778000
-0.123832 -0.360271 0.779000
-0.121971 -0.360734 0.780000
-0.120104 -0.361196 0.781000
-0.118081 -0.361196 0.781000
-0.116355 -0.362121 0.783000
0.124531 -0.366746 0.793000
0.126425 -0.366283 0.792000
-0.123514 -0.357331 0.777000
-0.121658 -0.357791 0.778000
-0.119643 -0.357791 0.778000
-0.117779 -0.358251 0.779000
-0.115910 -0.358711 0.780000
-0.113889 -0.358711 0.780000
0.124531 -0.364689 0.793000
0.126425 -0.364229 0.792000
-0.121032 -0.353944 0.774000
-0.119489 -0.355316 0.777000
-0.117476 -0.355316 0.777000
-0.115612 -0.355773 0.778000
-0.113597 -0.355773 0.778000
-0.111726 -0.356230 0.779000
0.126745 -0.363090 0.794000
-0.118720 -0.351027 0.772000
-0.117023 -0.351936 0.774000
-0.115315 -0.352846 0.776000
-0.113305 -0.352846 0.776000
-0.111439 -0.353301 0.777000
0.124845 -0.361485 0.795000
-0.116267 -0.347669 0.769000
-0.114424 -0.348121 0.770000
-0.112721 -0.349025 0.772000
0.122940 -0.359875 0.796000
0.124845 -0.359423 0.795000
-0.113681 -0.343876 0.765000
-0.111845 -0.344326 0.766000
-0.111553 -0.341445 0.764000
-0.106031 -0.342786 0.767000
-0.104180 -0.343233 0.768000
0.119712 -0.358428 0.802000
0.121334 -0.357087 0.799000
0.123095 -0.356193 0.797000
0.125002 -0.355746 0.796000
-0.109431 -0.339019 0.763000
-0.107455 -0.339019 0.763000
-0.105616 -0.339464 0.764000
-0.103638 -0.339464 0.764000
-0.101659 -0.339464 0.764000
0.119563 -0.355904 0.801000
0.121334 -0.355015 0.799000
0.123095 -0.354126 0.797000
0.125002 -0.353682 0.796000
-0.107314 -0.336599 0.762000
-0.105478 -0.337040 0.763000
-0.103502 -0.337040 0.763000
-0.101526 -0.337040 0.763000
-0.099549 -0.337040 0.763000
0.119265 -0.352943 0.799000
0.121182 -0.352501 0.798000
0.123095 -0.352059 0.797000
0.125002 -0.351617 0.796000
-0.103366 -0.334622 0.762000
-0.101393 -0.334622 0.762000
0.119115 -0.350431 0.798000
0.121030 -0.349992 0.797000
0.122940 -0.349553 0.796000
0.124845 -0.349114 0.795000
0.120879 -0.347488 0.796000
0.122940 -0.347488 0.796000
0.124845 -0.347052 0.795000
0.120575 -0.344556 0.794000
0.122631 -0.344556 0.794000
0.124531 -0.344122 0.793000
0.119967 -0.340771 0.790000
0.122014 -0.340771 0.790000
0.123903 -0.340340 0.789000
0.119208 -0.336579 0.785000
0.121087 -0.336150 0.784000
0.123118 -0.336150 0.784000
0.118601 -0.332838 0.781000
0.120624 -0.332838 0.781000
0.122647 -0.332838 0.781000
0.118297 -0.329965 0.779000
0.120315 -0.329965 0.779000
0.122332 -0.329965 0.779000
0.117993 -0.327103 0.777000
0.120006 -0.327103 0.777000
0.122018 -0.327103 0.777000
0.117690 -0.324251 0.775000
0.119697 -0.324251 0.775000
0.121704 -0.324251 0.775000
0.119543 -0.321825 0.774000
0.121547 -0.321825 0.774000
-0.026198 -0.155839 0.658000
-0.024494 -0.155839 0.658000
-0.022790 -0.155839 0.658000
-0.021085 -0.155839 0.658000
-0.019381 -0.155839 0.658000
-0.017677 -0.155839 0.658000
-0.015972 -0.155839 0.658000
-0.014268 -0.155839 0.658000
-0.012564 -0.155839 0.658000
-0.010859 -0.155839 0.658000
-0.009141 -0.155602 0.657000
-0.007439 -0.155602 0.657000
-0.005738 -0.155602 0.657000
-0.004036 -0.155602 0.657000
-0.002331 -0.155365 0.656000
-0.000631 -0.155365 0.656000
0.001066 -0.155128 0.655000
0.002763 -0.155128 0.655000
0.004459 -0.155128 0.655000
0.006156 -0.155128 0.655000
0.007852 -0.155128 0.655000
0.009549 -0.155128 0.655000
0.011228 -0.154891 0.654000
-0.043373 -0.154601 0.660000
-0.041664 -0.154601 0.660000
-0.039954 -0.154601 0.660000
-0.038187 -0.154366 0.659000
-0.036480 -0.154366 0.659000
-0.034773 -0.154366 0.659000
-0.033066 -0.154366 0.659000
-0.031359 -0.154366 0.659000
-0.029652 -0.154366 0.659000
-0.027945 -0.154366 0.659000
-0.026238 -0.154366 0.659000
-0.024531 -0.154366 0.659000
-0.022824 -0.154366 0.659000
-0.021117 -0.154366 0.659000
-0.019410 -0.154366 0.659000
-0.017703 -0.154366 0.659000
-0.015997 -0.154366 0.659000
-0.014290 -0.154366 0.659000
-0.012583 -0.154366 0.659000
-0.010859 -0.154132 0.658000
-0.009155 -0.154132 0.658000
-0.007439 -0.153898 0.657000
-0.005738 -0.153898 0.657000
-0.004030 -0.153664 0.656000
-0.002331 -0.153664 0.656000
-0.000631 -0.153664 0.656000
0.001066 -0.153429 0.655000
0.002763 -0.153429 0.655000
0.004459 -0.153429 0.655000
0.006156 -0.153429 0.655000
0.007852 -0.153429 0.655000
0.009549 -0.153429 0.655000
0.011228 -0.153195 0.654000
0.012942 -0.153429 0.655000
0.014639 -0.153429 0.655000
0.016335 -0.153429 0.655000
0.018032 -0.153429 0.655000
0.019728 -0.153429 0.655000
0.021425 -0.153429 0.655000
0.023121 -0.153429 0.655000
0.024818 -0.153429 0.655000
0.026515 -0.153429 0.655000
0.028211 -0.153429 0.655000
-0.053711 -0.153120 0.661000
-0.051999 -0.153120 0.661000
-0.050287 -0.153120 0.661000
-0.048575 -0.153120 0.661000
-0.046863 -0.153120 0.661000
-0.045151 -0.153120 0.661000
-0.043439 -0.153120 0.661000
-0.041727 -0.153120 0.661000
-0.040015 -0.153120 0.661000
-0.038302 -0.153120 0.661000
-0.036590 -0.153120 0.661000
-0.034878 -0.153120 0.661000
-0.033166 -0.153120 0.661000
-0.031454 -0.153120 0.661000
-0.029742 -0.153120 0.661000
-0.028030 -0.153120 0.661000
-0.026318 -0.153120 0.661000
-0.024606 -0.153120 0.661000
-0.022894 -0.153120 0.661000
-0.021181 -0.153120 0.661000
-0.019469 -0.153120 0.661000
-0.017757 -0.153120 0.661000
-0.016021 -0.152889 0.660000
-0.014290 -0.152657 0.659000
-0.012564 -0.152425 0.658000
-0.010859 -0.152425 0.658000
-0.009155 -0.152425 0.658000
-0.007439 -0.152194 0.657000
-0.005738 -0.152194 0.657000
-0.004036 -0.152194 0.657000
-0.002334 -0.152194 0.657000
-0.000631 -0.151962 0.656000
0.001068 -0.151962 0.656000
0.002763 -0.151730 0.655000
0.004459 -0.151730 0.655000
0.006156 -0.151730 0.655000
0.007852 -0.151730 0.655000
0.009549 -0.151730 0.655000
0.011246 -0.151730 0.655000
0.012942 -0.151730 0.655000
0.014639 -0.151730 0.655000
0.016335 -0.151730 0.655000
0.018032 -0.151730 0.655000
0.019728 -0.151730 0.655000
0.021425 -0.151730 0.655000
0.023157 -0.151962 0.656000
0.024856 -0.151962 0.656000
0.026515 -0.151730 0.655000
0.028211 -0.151730 0.655000
0.029908 -0.151730 0.655000
0.031604 -0.151730 0.655000
0.033301 -0.151730 0.655000
0.034997 -0.151730 0.655000
0.036638 -0.151499 0.654000
0.038332 -0.151499 0.654000
0.040026 -0.151499 0.654000
0.041656 -0.151267 0.653000
-0.064081 -0.151635 0.662000
-0.062272 -0.151406 0.661000
-0.060560 -0.151406 0.661000
-0.058848 -0.151406 0.661000
-0.057136 -0.151406 0.661000
-0.055423 -0.151406 0.661000
-0.053711 -0.151406 0.661000
-0.052078 -0.151635 0.662000
-0.050363 -0.151635 0.662000
-0.048649 -0.151635 0.662000
-0.046934 -0.151635 0.662000
-0.045219 -0.151635 0.662000
-0.043504 -0.151635 0.662000
-0.041790 -0.151635 0.662000
-0.040075 -0.151635 0.662000
-0.038360 -0.151635 0.662000
-0.036646 -0.151635 0.662000
-0.034931 -0.151635 0.662000
-0.033216 -0.151635 0.662000
-0.031502 -0.151635 0.662000
-0.029787 -0.151635 0.662000
-0.028072 -0.151635 0.662000
-0.026358 -0.151635 0.662000
-0.024643 -0.151635 0.662000
-0.022928 -0.151635 0.662000
-0.021181 -0.151406 0.661000
-0.019469 -0.151406 0.661000
-0.017757 -0.151406 0.661000
-0.016021 -0.151177 0.660000
-0.014290 -0.150948 0.659000
-0.012583 -0.150948 0.659000
-0.010859 -0.150719 0.658000
-0.009155 -0.150719 0.658000
-0.007451 -0.150719 0.658000
-0.005738 -0.150490 0.657000
-0.004036 -0.150490 0.657000
-0.002334 -0.150490 0.657000
-0.000632 -0.150490 0.657000
0.001069 -0.150490 0.657000
0.002767 -0.150261 0.656000
0.004466 -0.150261 0.656000
0.006165 -0.150261 0.656000
0.007852 -0.150032 0.655000
0.009549 -0.150032 0.655000
0.011246 -0.150032 0.655000
0.012942 -0.150032 0.655000
0.014639 -0.150032 0.655000
0.016360 -0.150261 0.656000
0.018059 -0.150261 0.656000
0.019758 -0.150261 0.656000
0.021458 -0.150261 0.656000
0.023192 -0.150490 0.657000
0.024894 -0.150490 0.657000
0.026596 -0.150490 0.657000
0.028297 -0.150490 0.657000
0.029999 -0.150490 0.657000
0.031652 -0.150261 0.656000
0.033352 -0.150261 0.656000
0.034997 -0.150032 0.655000
0.036694 -0.150032 0.655000
0.038390 -0.150032 0.655000
0.040026 -0.149803 0.654000
0.041720 -0.149803 0.654000
0.043414 -0.149803 0.654000
0.045039 -0.149574 0.653000
0.046730 -0.149574 0.653000
0.048422 -0.149574 0.653000
0.050036 -0.149345 0.652000
0.051804 -0.149574 0.653000
0.053414 -0.149345 0.652000
0.055103 -0.149345 0.652000
0.056791 -0.149345 0.652000
-0.071047 -0.150145 0.663000
-0.069329 -0.150145 0.663000
-0.067612 -0.150145 0.663000
-0.065795 -0.149918 0.662000
-0.064081 -0.149918 0.662000
-0.062366 -0.149918 0.662000
-0.060651 -0.149918 0.662000
-0.058937 -0.149918 0.662000
-0.057222 -0.149918 0.662000
-0.055507 -0.149918 0.662000
-0.053793 -0.149918 0.662000
-0.052078 -0.149918 0.662000
-0.050363 -0.149918 0.662000
-0.048649 -0.149918 0.662000
-0.046934 -0.149918 0.662000
-0.045287 -0.150145 0.663000
-0.043570 -0.150145 0.663000
-0.041853 -0.150145 0.663000
-0.040136 -0.150145 0.663000
-0.038418 -0.150145 0.663000
-0.036701 -0.150145 0.663000
-0.034984 -0.150145 0.663000
-0.033266 -0.150145 0.663000
-0.031549 -0.150145 0.663000
-0.029832 -0.150145 0.663000
-0.028115 -0.150145 0.663000
-0.026397 -0.150145 0.663000
-0.024680 -0.150145 0.663000
-0.022963 -0.150145 0.663000
-0.021213 -0.149918 0.662000
-0.019499 -0.149918 0.662000
-0.017784 -0.149918 0.662000
-0.016045 -0.149692 0.661000
-0.014333 -0.149692 0.661000
-0.012602 -0.149465 0.660000
-0.010876 -0.149239 0.659000
-0.009169 -0.149239 0.659000
-0.007462 -0.149239 0.659000
-0.005746 -0.149012 0.658000
-0.004042 -0.149012 0.658000
-0.002338 -0.149012 0.658000
-0.000632 -0.148786 0.657000
0.001069 -0.148786 0.657000
0.002771 -0.148786 0.657000
0.004473 -0.148786 0.657000
0.006165 -0.148559 0.656000
0.007864 -0.148559 0.656000
0.009564 -0.148559 0.656000
0.011246 -0.148333 0.655000
0.012962 -0.148559 0.656000
0.014661 -0.148559 0.656000
0.016360 -0.148559 0.656000
0.018087 -0.148786 0.657000
0.019789 -0.148786 0.657000
0.021490 -0.148786 0.657000
0.023192 -0.148786 0.657000
0.024932 -0.149012 0.658000
0.026636 -0.149012 0.658000
0.028340 -0.149012 0.658000
0.030045 -0.149012 0.658000
0.031701 -0.148786 0.657000
0.033402 -0.148786 0.657000
0.035104 -0.148786 0.657000
0.036750 -0.148559 0.656000
0.038449 -0.148559 0.656000
0.040087 -0.148333 0.655000
0.041784 -0.148333 0.655000
0.043480 -0.148333 0.655000
0.045177 -0.148333 0.655000
0.046802 -0.148106 0.654000
0.048496 -0.148106 0.654000
0.050190 -0.148106 0.654000
0.051884 -0.148106 0.654000
0.053578 -0.148106 0.654000
0.055272 -0.148106 0.654000
0.056966 -0.148106 0.654000
0.058660 -0.148106 0.654000
0.060353 -0.148106 0.654000
0.062047 -0.148106 0.654000
0.063741 -0.148106 0.654000
0.065435 -0.148106 0.654000
0.067129 -0.148106 0.654000
-0.078033 -0.148649 0.664000
-0.076313 -0.148649 0.664000
-0.074594 -0.148649 0.664000
-0.072874 -0.148649 0.664000
-0.071047 -0.148425 0.663000
-0.069329 -0.148425 0.663000
-0.067612 -0.148425 0.663000
-0.065895 -0.148425 0.663000
-0.064178 -0.148425 0.663000
-0.062366 -0.148201 0.662000
-0.060651 -0.148201 0.662000
-0.058937 -0.148201 0.662000
-0.057222 -0.148201 0.662000
-0.055507 -0.148201 0.662000
-0.053793 -0.148201 0.662000
-0.052157 -0.148425 0.663000
-0.050439 -0.148425 0.663000
-0.048722 -0.148425 0.663000
-0.047005 -0.148425 0.663000
-0.045287 -0.148425 0.663000
-0.043636 -0.148649 0.664000
-0.041916 -0.148649 0.664000
-0.040196 -0.148649 0.664000
-0.038476 -0.148649 0.664000
-0.036756 -0.148649 0.664000
-0.035037 -0.148649 0.664000
-0.033317 -0.148649 0.664000
-0.031597 -0.148649 0.664000
-0.029877 -0.148649 0.664000
-0.028157 -0.148649 0.664000
-0.026437 -0.148649 0.664000
-0.024717 -0.148649 0.664000
-0.022997 -0.148649 0.664000
-0.021245 -0.148425 0.663000
-0.019528 -0.148425 0.663000
-0.017811 -0.148425 0.663000
-0.016069 -0.148201 0.662000
-0.014355 -0.148201 0.662000
-0.012621 -0.147977 0.661000
-0.010909 -0.147977 0.661000
-0.009183 -0.147753 0.660000
-0.007473 -0.147753 0.660000
-0.005755 -0.147530 0.659000
-0.004048 -0.147530 0.659000
-0.002341 -0.147530 0.659000
-0.000633 -0.147306 0.658000
0.001071 -0.147306 0.658000
0.002771 -0.147082 0.657000
0.004473 -0.147082 0.657000
0.006175 -0.147082 0.657000
0.007876 -0.147082 0.657000
0.009564 -0.146858 0.656000
0.011263 -0.146858 0.656000
0.012962 -0.146858 0.656000
0.014683 -0.147082 0.657000
0.016385 -0.147082 0.657000
0.018087 -0.147082 0.657000
0.019789 -0.147082 0.657000
0.021523 -0.147306 0.658000
0.023263 -0.147530 0.659000
0.024932 -0.147306 0.658000
0.026676 -0.147530 0.659000
0.028383 -0.147530 0.659000
0.030090 -0.147530 0.659000
0.031749 -0.147306 0.658000
0.033453 -0.147306 0.658000
0.035158 -0.147306 0.658000
0.036862 -0.147306 0.658000
0.038508 -0.147082 0.657000
0.040209 -0.147082 0.657000
0.041911 -0.147082 0.657000
0.043613 -0.147082 0.657000
0.045246 -0.146858 0.656000
0.046945 -0.146858 0.656000
0.048644 -0.146858 0.656000
0.050343 -0.146858 0.656000
0.052042 -0.146858 0.656000
0.053660 -0.146634 0.655000
0.055356 -0.146634 0.655000
0.057053 -0.146634 0.655000
0.058749 -0.146634 0.655000
0.060446 -0.146634 0.655000
0.062142 -0.146634 0.655000
0.063839 -0.146634 0.655000
0.065535 -0.146634 0.655000
0.067232 -0.146634 0.655000
0.068929 -0.146634 0.655000
0.070625 -0.146634 0.655000
0.072322 -0.146634 0.655000
0.074018 -0.146634 0.655000
0.075715 -0.146634 0.655000
0.077293 -0.146410 0.654000
0.078987 -0.146410 0.654000
0.080681 -0.146410 0.654000
-0.083193 -0.146927 0.664000
-0.081473 -0.146927 0.664000
-0.079753 -0.146927 0.664000
-0.078033 -0.146927 0.664000
-0.076313 -0.146927 0.664000
-0.074594 -0.146927 0.664000
-0.072874 -0.146927 0.664000
-0.071154 -0.146927 0.664000
-0.069434 -0.146927 0.664000
-0.067612 -0.146705 0.663000
-0.065895 -0.146705 0.663000
-0.064178 -0.146705 0.663000
-0.062460 -0.146705 0.663000
-0.060743 -0.146705 0.663000
-0.059026 -0.146705 0.663000
-0.057308 -0.146705 0.663000
-0.055591 -0.146705 0.663000
-0.053874 -0.146705 0.663000
-0.052157 -0.146705 0.663000
-0.050515 -0.146927 0.664000
-0.048795 -0.146927 0.664000
-0.047076 -0.146927 0.664000
-0.045356 -0.146927 0.664000
-0.043636 -0.146927 0.664000
-0.041916 -0.146927 0.664000
-0.040196 -0.146927 0.664000
-0.038476 -0.146927 0.664000
-0.036756 -0.146927 0.664000
-0.035089 -0.147148 0.665000
-0.033367 -0.147148 0.665000
-0.031644 -0.147148 0.665000
-0.029922 -0.147148 0.665000
0.019849 -0.145820 0.659000
0.021556 -0.145820 0.659000
0.023298 -0.146042 0.660000
0.025045 -0.146263 0.661000
0.026757 -0.146263 0.661000
0.028470 -0.146263 0.661000
0.030182 -0.146263 0.661000
0.031894 -0.146263 0.661000
0.033555 -0.146042 0.660000
0.035265 -0.146042 0.660000
0.036918 -0.145820 0.659000
0.038625 -0.145820 0.659000
0.040332 -0.145820 0.659000
0.042039 -0.145820 0.659000
0.043746 -0.145820 0.659000
0.045453 -0.145820 0.659000
0.047160 -0.145820 0.659000
0.048866 -0.145820 0.659000
0.050497 -0.145599 0.658000
0.052280 -0.145820 0.659000
0.053905 -0.145599 0.658000
0.055610 -0.145599 0.658000
0.057314 -0.145599 0.658000
0.059018 -0.145599 0.658000
0.060723 -0.145599 0.658000
0.062427 -0.145599 0.658000
0.064131 -0.145599 0.658000
0.065836 -0.145599 0.658000
0.067540 -0.145599 0.658000
0.069244 -0.145599 0.658000
0.070949 -0.145599 0.658000
0.072653 -0.145599 0.658000
0.074244 -0.145378 0.657000
0.075946 -0.145378 0.657000
0.077648 -0.145378 0.657000
0.079349 -0.145378 0.657000
0.080928 -0.145157 0.656000
0.082627 -0.145157 0.656000
0.084326 -0.145157 0.656000
0.086025 -0.145157 0.656000
0.087724 -0.145157 0.656000
0.089424 -0.145157 0.656000
0.090984 -0.144935 0.655000
0.092680 -0.144935 0.655000
-0.088353 -0.145205 0.664000
-0.086633 -0.145205 0.664000
-0.084913 -0.145205 0.664000
-0.083193 -0.145205 0.664000
-0.081473 -0.145205 0.664000
-0.079753 -0.145205 0.664000
-0.078033 -0.145205 0.664000
-0.076313 -0.145205 0.664000
-0.074594 -0.145205 0.664000
-0.072874 -0.145205 0.664000
-0.071154 -0.145205 0.664000
-0.069434 -0.145205 0.664000
-0.067714 -0.145205 0.664000
-0.065994 -0.145205 0.664000
-0.064178 -0.144986 0.663000
-0.062460 -0.144986 0.663000
-0.060743 -0.144986 0.663000
-0.059026 -0.144986 0.663000
-0.057308 -0.144986 0.663000
-0.055591 -0.144986 0.663000
-0.053955 -0.145205 0.664000
-0.052235 -0.145205 0.664000
-0.050515 -0.145205 0.664000
-0.048795 -0.145205 0.664000
-0.047076 -0.145205 0.664000
-0.045356 -0.145205 0.664000
0.047374 -0.144767 0.662000
0.049089 -0.144767 0.662000
0.050804 -0.144767 0.662000
0.052518 -0.144767 0.662000
0.054233 -0.144767 0.662000
0.055948 -0.144767 0.662000
0.057575 -0.144549 0.661000
0.059287 -0.144549 0.661000
0.060999 -0.144549 0.661000
0.062712 -0.144549 0.661000
0.064424 -0.144549 0.661000
0.066136 -0.144549 0.661000
0.067848 -0.144549 0.661000
0.069560 -0.144549 0.661000
0.071272 -0.144549 0.661000
0.072984 -0.144549 0.661000
0.074696 -0.144549 0.661000
0.076408 -0.144549 0.661000
0.078002 -0.144330 0.660000
0.079712 -0.144330 0.660000
0.081298 -0.144111 0.659000
0.083005 -0.144111 0.659000
0.084712 -0.144111 0.659000
0.086288 -0.143893 0.658000
0.088126 -0.144111 0.659000
0.089833 -0.144111 0.659000
0.091401 -0.143893 0.658000
0.093105 -0.143893 0.658000
0.094809 -0.143893 0.658000
0.096367 -0.143674 0.657000
-0.093512 -0.143482 0.664000
-0.091792 -0.143482 0.664000
-0.090072 -0.143482 0.664000
-0.088353 -0.143482 0.664000
-0.086763 -0.143699 0.665000
-0.085041 -0.143699 0.665000
-0.083318 -0.143699 0.665000
-0.081473 -0.143482 0.664000
-0.079753 -0.143482 0.664000
-0.078033 -0.143482 0.664000
-0.076313 -0.143482 0.664000
-0.074594 -0.143482 0.664000
-0.072874 -0.143482 0.664000
-0.071154 -0.143482 0.664000
-0.069434 -0.143482 0.664000
-0.067714 -0.143482 0.664000
-0.065994 -0.143482 0.664000
-0.064274 -0.143482 0.664000
-0.062554 -0.143482 0.664000
-0.060835 -0.143482 0.664000
-0.059115 -0.143482 0.664000
-0.057395 -0.143482 0.664000
-0.055675 -0.143482 0.664000
0.054233 -0.143050 0.662000
0.055948 -0.143050 0.662000
0.057662 -0.143050 0.662000
0.059377 -0.143050 0.662000
0.061092 -0.143050 0.662000
0.062806 -0.143050 0.662000
0.064521 -0.143050 0.662000
0.066136 -0.142834 0.661000
0.067951 -0.143050 0.662000
0.069665 -0.143050 0.662000
0.071380 -0.143050 0.662000
0.073095 -0.143050 0.662000
0.074922 -0.143266 0.663000
0.076640 -0.143266 0.663000
0.078357 -0.143266 0.663000
0.080074 -0.143266 0.663000
0.081791 -0.143266 0.663000
0.083509 -0.143266 0.663000
0.085226 -0.143266 0.663000
0.086943 -0.143266 0.663000
0.088661 -0.143266 0.663000
0.090242 -0.143050 0.662000
0.091956 -0.143050 0.662000
0.093671 -0.143050 0.662000
0.095386 -0.143050 0.662000
0.096954 -0.142834 0.661000
0.098666 -0.142834 0.661000
-0.096952 -0.141760 0.664000
-0.095232 -0.141760 0.664000
-0.093512 -0.141760 0.664000
-0.091931 -0.141974 0.665000
-0.090208 -0.141974 0.665000
-0.088486 -0.141974 0.665000
-0.086763 -0.141974 0.665000
-0.085041 -0.141974 0.665000
-0.083318 -0.141974 0.665000
-0.081596 -0.141974 0.665000
-0.079873 -0.141974 0.665000
-0.078151 -0.141974 0.665000
-0.076313 -0.141760 0.664000
-0.074594 -0.141760 0.664000
-0.072874 -0.141760 0.664000
-0.071154 -0.141760 0.664000
-0.069434 -0.141760 0.664000
-0.067714 -0.141760 0.664000
-0.065994 -0.141760 0.664000
-0.064274 -0.141760 0.664000
-0.062554 -0.141760 0.664000
0.066236 -0.141333 0.662000
0.067951 -0.141333 0.662000
0.069665 -0.141333 0.662000
0.071488 -0.141547 0.663000
0.073205 -0.141547 0.663000
0.074922 -0.141547 0.663000
0.076640 -0.141547 0.663000
0.078475 -0.141760 0.664000
0.080195 -0.141760 0.664000
0.081915 -0.141760 0.664000
0.083635 -0.141760 0.664000
0.085355 -0.141760 0.664000
0.087206 -0.141974 0.665000
0.088928 -0.141974 0.665000
0.090650 -0.141974 0.665000
0.092373 -0.141974 0.665000
0.093954 -0.141760 0.664000
0.095674 -0.141760 0.664000
0.097394 -0.141760 0.664000
0.099114 -0.141760 0.664000
-0.100392 -0.140038 0.664000
-0.098672 -0.140038 0.664000
-0.096952 -0.140038 0.664000
-0.095232 -0.140038 0.664000
-0.093653 -0.140249 0.665000
-0.091931 -0.140249 0.665000
-0.090208 -0.140249 0.665000
-0.088486 -0.140249 0.665000
-0.086763 -0.140249 0.665000
-0.085041 -0.140249 0.665000
-0.083318 -0.140249 0.665000
-0.081596 -0.140249 0.665000
-0.079873 -0.140249 0.665000
-0.078151 -0.140249 0.665000
-0.076428 -0.140249 0.665000
-0.074706 -0.140249 0.665000
-0.072983 -0.140249 0.665000
-0.071154 -0.140038 0.664000
-0.069434 -0.140038 0.664000
-0.067714 -0.140038 0.664000
0.076640 -0.139827 0.663000
0.078475 -0.140038 0.664000
0.080195 -0.140038 0.664000
0.081915 -0.140038 0.664000
0.083635 -0.140038 0.664000
0.085355 -0.140038 0.664000
0.087206 -0.140249 0.665000
0.088928 -0.140249 0.665000
0.090650 -0.140249 0.665000
0.092373 -0.140249 0.665000
0.094095 -0.140249 0.665000
0.095818 -0.140249 0.665000
0.097540 -0.140249 0.665000
-0.103831 -0.138316 0.664000
-0.102112 -0.138316 0.664000
-0.100392 -0.138316 0.664000
-0.098672 -0.138316 0.664000
-0.097098 -0.138524 0.665000
-0.095375 -0.138524 0.665000
-0.093653 -0.138524 0.665000
-0.091931 -0.138524 0.665000
-0.090208 -0.138524 0.665000
-0.088486 -0.138524 0.665000
-0.086763 -0.138524 0.665000
-0.085041 -0.138524 0.665000
-0.083318 -0.138524 0.665000
-0.081596 -0.138524 0.665000
-0.079873 -0.138524 0.665000
-0.078151 -0.138524 0.665000
-0.076428 -0.138524 0.665000
-0.074706 -0.138524 0.665000
-0.107271 -0.136594 0.664000
-0.105551 -0.136594 0.664000
-0.103831 -0.136594 0.664000
-0.102112 -0.136594 0.664000
-0.100392 -0.136594 0.664000
-0.098820 -0.136800 0.665000
-0.097098 -0.136800 0.665000
-0.095375 -0.136800 0.665000
-0.093653 -0.136800 0.665000
-0.091931 -0.136800 0.665000
-0.090208 -0.136800 0.665000
-0.088486 -0.136800 0.665000
-0.086763 -0.136800 0.665000
-0.085041 -0.136800 0.665000
-0.083318 -0.136800 0.665000
-0.081596 -0.136800 0.665000
-0.079873 -0.136800 0.665000
-0.110711 -0.134872 0.664000
-0.108991 -0.134872 0.664000
-0.107271 -0.134872 0.664000
-0.105551 -0.134872 0.664000
-0.103831 -0.134872 0.664000
-0.102265 -0.135075 0.665000
-0.100543 -0.135075 0.665000
-0.098820 -0.135075 0.665000
-0.097098 -0.135075 0.665000
-0.095375 -0.135075 0.665000
-0.093653 -0.135075 0.665000
-0.091931 -0.135075 0.665000
-0.090208 -0.135075 0.665000
-0.088486 -0.135075 0.665000
-0.086763 -0.135075 0.665000
-0.085041 -0.135075 0.665000
-0.047147 -0.135075 0.665000
-0.045424 -0.135075 0.665000
-0.043702 -0.135075 0.665000
-0.041979 -0.135075 0.665000
-0.040257 -0.135075 0.665000
-0.038592 -0.135278 0.666000
-0.036867 -0.135278 0.666000
-0.035142 -0.135278 0.666000
-0.033467 -0.135481 0.667000
-0.031740 -0.135481 0.667000
-0.030012 -0.135481 0.667000
-0.028284 -0.135481 0.667000
-0.026557 -0.135481 0.667000
-0.024829 -0.135481 0.667000
-0.023101 -0.135481 0.667000
-0.021374 -0.135481 0.667000
-0.019646 -0.135481 0.667000
-0.017918 -0.135481 0.667000
-0.016191 -0.135481 0.667000
-0.014463 -0.135481 0.667000
-0.012716 -0.135278 0.666000
-0.010991 -0.135278 0.666000
-0.009252 -0.135075 0.665000
-0.007530 -0.135075 0.665000
-0.005807 -0.135075 0.665000
-0.004085 -0.135075 0.665000
-0.002362 -0.135075 0.665000
-0.112600 -0.133350 0.665000
-0.110878 -0.133350 0.665000
-0.108991 -0.133150 0.664000
-0.107271 -0.133150 0.664000
-0.105551 -0.133150 0.664000
-0.103988 -0.133350 0.665000
-0.102265 -0.133350 0.665000
-0.100543 -0.133350 0.665000
-0.098820 -0.133350 0.665000
-0.097098 -0.133350 0.665000
-0.095375 -0.133350 0.665000
-0.093653 -0.133350 0.665000
-0.091931 -0.133350 0.665000
-0.090208 -0.133350 0.665000
-0.088486 -0.133350 0.665000
-0.055759 -0.133350 0.665000
-0.054036 -0.133350 0.665000
-0.052314 -0.133350 0.665000
-0.050591 -0.133350 0.665000
-0.048869 -0.133350 0.665000
-0.047147 -0.133350 0.665000
-0.045424 -0.133350 0.665000
-0.043702 -0.133350 0.665000
-0.041979 -0.133350 0.665000
-0.040257 -0.133350 0.665000
-0.038592 -0.133551 0.666000
-0.036867 -0.133551 0.666000
-0.035142 -0.133551 0.666000
-0.033467 -0.133751 0.667000
-0.031740 -0.133751 0.667000
-0.030012 -0.133751 0.667000
-0.028284 -0.133751 0.667000
-0.026557 -0.133751 0.667000
-0.024829 -0.133751 0.667000
-0.023101 -0.133751 0.667000
-0.021374 -0.133751 0.667000
-0.019646 -0.133751 0.667000
-0.017892 -0.133551 0.666000
-0.016166 -0.133551 0.666000
-0.014441 -0.133551 0.666000
-0.012716 -0.133551 0.666000
-0.010975 -0.133350 0.665000
-0.009252 -0.133350 0.665000
-0.007530 -0.133350 0.665000
-0.005807 -0.133350 0.665000
-0.004085 -0.133350 0.665000
-0.002362 -0.133350 0.665000
-0.000640 -0.133350 0.665000
0.001082 -0.133350 0.665000
0.002801 -0.133150 0.664000
0.004521 -0.133150 0.664000
0.006240 -0.133150 0.664000
0.007948 -0.132949 0.663000
-0.116045 -0.131625 0.665000
-0.114323 -0.131625 0.665000
-0.112600 -0.131625 0.665000
-0.110878 -0.131625 0.665000
-0.109155 -0.131625 0.665000
-0.107433 -0.131625 0.665000
-0.105710 -0.131625 0.665000
-0.103988 -0.131625 0.665000
-0.102265 -0.131625 0.665000
-0.100543 -0.131625 0.665000
-0.098820 -0.131625 0.665000
-0.097098 -0.131625 0.665000
-0.095375 -0.131625 0.665000
-0.093653 -0.131625 0.665000
-0.064371 -0.131625 0.665000
-0.062649 -0.131625 0.665000
-0.060926 -0.131625 0.665000
-0.059204 -0.131625 0.665000
-0.057481 -0.131625 0.665000
-0.055759 -0.131625 0.665000
-0.054036 -0.131625 0.665000
-0.052314 -0.131625 0.665000
-0.050591 -0.131625 0.665000
-0.048869 -0.131625 0.665000
-0.047147 -0.131625 0.665000
-0.045424 -0.131625 0.665000
-0.043702 -0.131625 0.665000
-0.041979 -0.131625 0.665000
-0.040317 -0.131823 0.666000
-0.038592 -0.131823 0.666000
-0.036867 -0.131823 0.666000
-0.035142 -0.131823 0.666000
-0.033467 -0.132021 0.667000
-0.031740 -0.132021 0.667000
-0.030012 -0.132021 0.667000
-0.028284 -0.132021 0.667000
-0.026557 -0.132021 0.667000
-0.024792 -0.131823 0.666000
-0.023067 -0.131823 0.666000
-0.021342 -0.131823 0.666000
-0.019617 -0.131823 0.666000
-0.017892 -0.131823 0.666000
-0.016166 -0.131823 0.666000
-0.014420 -0.131625 0.665000
-0.012697 -0.131625 0.665000
-0.010975 -0.131625 0.665000
-0.009252 -0.131625 0.665000
-0.007530 -0.131625 0.665000
-0.005807 -0.131625 0.665000
-0.004085 -0.131625 0.665000
-0.002362 -0.131625 0.665000
-0.000640 -0.131625 0.665000
0.001082 -0.131625 0.665000
0.002805 -0.131625 0.665000
0.004527 -0.131625 0.665000
0.006240 -0.131427 0.664000
0.007960 -0.131427 0.664000
0.009666 -0.131230 0.663000
0.011383 -0.131230 0.663000
0.013080 -0.131032 0.662000
0.014795 -0.131032 0.662000
0.016510 -0.131032 0.662000
0.018224 -0.131032 0.662000
-0.117767 -0.129901 0.665000
-0.116045 -0.129901 0.665000
-0.114323 -0.129901 0.665000
-0.112600 -0.129901 0.665000
-0.110878 -0.129901 0.665000
-0.109155 -0.129901 0.665000
-0.107433 -0.129901 0.665000
-0.105710 -0.129901 0.665000
-0.103988 -0.129901 0.665000
-0.102265 -0.129901 0.665000
-0.100543 -0.129901 0.665000
-0.098820 -0.129901 0.665000
-0.072983 -0.129901 0.665000
-0.071261 -0.129901 0.665000
-0.069539 -0.129901 0.665000
-0.067816 -0.129901 0.665000
-0.066094 -0.129901 0.665000
-0.064371 -0.129901 0.665000
-0.062649 -0.129901 0.665000
-0.060926 -0.129901 0.665000
-0.059293 -0.130096 0.666000
-0.057568 -0.130096 0.666000
-0.055843 -0.130096 0.666000
-0.054118 -0.130096 0.666000
-0.052393 -0.130096 0.666000
-0.050668 -0.130096 0.666000
-0.048942 -0.130096 0.666000
-0.047217 -0.130096 0.666000
-0.045492 -0.130096 0.666000
-0.043767 -0.130096 0.666000
-0.042042 -0.130096 0.666000
-0.040317 -0.130096 0.666000
-0.038592 -0.130096 0.666000
-0.036867 -0.130096 0.666000
-0.035142 -0.130096 0.666000
-0.033417 -0.130096 0.666000
-0.031692 -0.130096 0.666000
-0.029967 -0.130096 0.666000
-0.028242 -0.130096 0.666000
-0.026517 -0.130096 0.666000
-0.024792 -0.130096 0.666000
-0.023067 -0.130096 0.666000
-0.021342 -0.130096 0.666000
-0.019587 -0.129901 0.665000
-0.017865 -0.129901 0.665000
-0.016142 -0.129901 0.665000
-0.014420 -0.129901 0.665000
-0.012697 -0.129901 0.665000
-0.010975 -0.129901 0.665000
-0.009252 -0.129901 0.665000
-0.007530 -0.129901 0.665000
-0.005807 -0.129901 0.665000
-0.004085 -0.129901 0.665000
-0.002362 -0.129901 0.665000
-0.000640 -0.129901 0.665000
0.001082 -0.129901 0.665000
0.002805 -0.129901 0.665000
0.004527 -0.129901 0.665000
0.006250 -0.129901 0.665000
0.007972 -0.129901 0.665000
0.009680 -0.129705 0.664000
0.011400 -0.129705 0.664000
0.013100 -0.129510 0.663000
0.014817 -0.129510 0.663000
0.016535 -0.129510 0.663000
0.018252 -0.129510 0.663000
0.019999 -0.129705 0.664000
0.021719 -0.129705 0.664000
0.023439 -0.129705 0.664000
0.025159 -0.129705 0.664000
0.026919 -0.129901 0.665000
0.028642 -0.129901 0.665000
0.030364 -0.129901 0.665000
-0.121212 -0.128176 0.665000
-0.119490 -0.128176 0.665000
-0.117767 -0.128176 0.665000
-0.116045 -0.128176 0.665000
-0.114323 -0.128176 0.665000
-0.112600 -0.128176 0.665000
-0.110878 -0.128176 0.665000
-0.109155 -0.128176 0.665000
-0.107433 -0.128176 0.665000
-0.105710 -0.128176 0.665000
-0.103988 -0.128176 0.665000
-0.102265 -0.128176 0.665000
-0.078151 -0.128176 0.665000
-0.076428 -0.128176 0.665000
-0.074706 -0.128176 0.665000
-0.072983 -0.128176 0.665000
-0.071261 -0.128176 0.665000
-0.069539 -0.128176 0.665000
-0.067816 -0.128176 0.665000
-0.066094 -0.128176 0.665000
-0.064371 -0.128176 0.665000
-0.062649 -0.128176 0.665000
-0.061018 -0.128369 0.666000
-0.059293 -0.128369 0.666000
-0.057568 -0.128369 0.666000
-0.055843 -0.128369 0.666000
-0.054118 -0.128369 0.666000
-0.052393 -0.128369 0.666000
-0.050668 -0.128369 0.666000
-0.048942 -0.128369 0.666000
-0.047217 -0.128369 0.666000
-0.045492 -0.128369 0.666000
-0.043767 -0.128369 0.666000
-0.042042 -0.128369 0.666000
-0.040317 -0.128369 0.666000
-0.038592 -0.128369 0.666000
-0.036867 -0.128369 0.666000
-0.035142 -0.128369 0.666000
-0.033417 -0.128369 0.666000
-0.031692 -0.128369 0.666000
-0.029967 -0.128369 0.666000
-0.028199 -0.128176 0.665000
-0.026477 -0.128176 0.665000
-0.024755 -0.128176 0.665000
-0.023032 -0.128176 0.665000
-0.021310 -0.128176 0.665000
-0.019587 -0.128176 0.665000
-0.017865 -0.128176 0.665000
-0.016142 -0.128176 0.665000
-0.014420 -0.128176 0.665000
-0.012697 -0.128176 0.665000
-0.010975 -0.128176 0.665000
-0.009252 -0.128176 0.665000
-0.007530 -0.128176 0.665000
-0.005807 -0.128176 0.665000
-0.004085 -0.128176 0.665000
-0.002362 -0.128176 0.665000
-0.000641 -0.128369 0.666000
0.001084 -0.128369 0.666000
0.002805 -0.128176 0.665000
0.004527 -0.128176 0.665000
0.006250 -0.128176 0.665000
0.007972 -0.128176 0.665000
0.009695 -0.128176 0.665000
0.011417 -0.128176 0.665000
0.013120 -0.127983 0.664000
0.014840 -0.127983 0.664000
0.016560 -0.127983 0.664000
0.018307 -0.128176 0.665000
0.020030 -0.128176 0.665000
0.021752 -0.128176 0.665000
0.023474 -0.128176 0.665000
0.025197 -0.128176 0.665000
0.026960 -0.128369 0.666000
0.028685 -0.128369 0.666000
0.030410 -0.128369 0.666000
0.032135 -0.128369 0.666000
0.033860 -0.128369 0.666000
0.035585 -0.128369 0.666000
-0.124845 -0.126641 0.666000
-0.123120 -0.126641 0.666000
-0.121395 -0.126641 0.666000
-0.119670 -0.126641 0.666000
-0.117945 -0.126641 0.666000
-0.116220 -0.126641 0.666000
-0.114494 -0.126641 0.666000
-0.112769 -0.126641 0.666000
-0.111044 -0.126641 0.666000
-0.109319 -0.126641 0.666000
-0.107594 -0.126641 0.666000
-0.105869 -0.126641 0.666000
-0.083444 -0.126641 0.666000
-0.081596 -0.126451 0.665000
-0.079873 -0.126451 0.665000
-0.078151 -0.126451 0.665000
-0.076428 -0.126451 0.665000
-0.074706 -0.126451 0.665000
-0.072983 -0.126451 0.665000
-0.071261 -0.126451 0.665000
-0.069539 -0.126451 0.665000
-0.067816 -0.126451 0.665000
-0.066094 -0.126451 0.665000
-0.064468 -0.126641 0.666000
-0.062743 -0.126641 0.666000
-0.061018 -0.126641 0.666000
-0.059293 -0.126641 0.666000
-0.057654 -0.126831 0.667000
-0.055927 -0.126831 0.667000
-0.054199 -0.126831 0.667000
-0.052471 -0.126831 0.667000
-0.050744 -0.126831 0.667000
-0.049016 -0.126831 0.667000
-0.047288 -0.126831 0.667000
-0.002366 -0.126641 0.666000
-0.000641 -0.126641 0.666000
0.001084 -0.126641 0.666000
0.002809 -0.126641 0.666000
0.004534 -0.126641 0.666000
0.006259 -0.126641 0.666000
0.007984 -0.126641 0.666000
0.009709 -0.126641 0.666000
0.011434 -0.126641 0.666000
0.013159 -0.126641 0.666000
0.014884 -0.126641 0.666000
0.016610 -0.126641 0.666000
0.018335 -0.126641 0.666000
0.020060 -0.126641 0.666000
0.021785 -0.126641 0.666000
0.023545 -0.126831 0.667000
0.025273 -0.126831 0.667000
0.027000 -0.126831 0.667000
0.028728 -0.126831 0.667000
0.030456 -0.126831 0.667000
0.032183 -0.126831 0.667000
0.033911 -0.126831 0.667000
0.035639 -0.126831 0.667000
0.037366 -0.126831 0.667000
0.039094 -0.126831 0.667000
0.040821 -0.126831 0.667000
0.042549 -0.126831 0.667000
0.044277 -0.126831 0.667000
-0.128488 -0.125102 0.667000
-0.126760 -0.125102 0.667000
-0.124845 -0.124914 0.666000
-0.123120 -0.124914 0.666000
-0.121395 -0.124914 0.666000
-0.119670 -0.124914 0.666000
-0.117945 -0.124914 0.666000
-0.116220 -0.124914 0.666000
-0.114494 -0.124914 0.666000
-0.112769 -0.124914 0.666000
-0.111044 -0.124914 0.666000
-0.109319 -0.124914 0.666000
-0.088619 -0.124914 0.666000
-0.086894 -0.124914 0.666000
-0.085169 -0.124914 0.666000
-0.083444 -0.124914 0.666000
-0.081718 -0.124914 0.666000
-0.079993 -0.124914 0.666000
-0.078268 -0.124914 0.666000
-0.076543 -0.124914 0.666000
-0.074706 -0.124726 0.665000
-0.072983 -0.124726 0.665000
-0.071261 -0.124726 0.665000
-0.069643 -0.124914 0.666000
-0.067918 -0.124914 0.666000
-0.066193 -0.124914 0.666000
-0.064468 -0.124914 0.666000
-0.062743 -0.124914 0.666000
-0.061109 -0.125102 0.667000
-0.059382 -0.125102 0.667000
-0.057654 -0.125102 0.667000
0.011452 -0.125102 0.667000
0.013179 -0.125102 0.667000
0.014907 -0.125102 0.667000
0.016659 -0.125289 0.668000
0.018390 -0.125289 0.668000
0.020120 -0.125289 0.668000
0.021850 -0.125289 0.668000
0.023580 -0.125289 0.668000
0.025311 -0.125289 0.668000
0.027041 -0.125289 0.668000
0.028771 -0.125289 0.668000
0.030547 -0.125477 0.669000
0.032232 -0.125289 0.668000
0.033962 -0.125289 0.668000
0.035692 -0.125289 0.668000
0.037422 -0.125289 0.668000
0.039152 -0.125289 0.668000
0.040883 -0.125289 0.668000
0.042613 -0.125289 0.668000
0.044343 -0.125289 0.668000
0.046004 -0.125102 0.667000
0.047732 -0.125102 0.667000
0.049460 -0.125102 0.667000
0.051187 -0.125102 0.667000
-0.130215 -0.123372 0.667000
-0.128488 -0.123372 0.667000
-0.126760 -0.123372 0.667000
-0.125032 -0.123372 0.667000
-0.123305 -0.123372 0.667000
-0.121577 -0.123372 0.667000
-0.119849 -0.123372 0.667000
-0.118122 -0.123372 0.667000
-0.116394 -0.123372 0.667000
-0.114666 -0.123372 0.667000
-0.112939 -0.123372 0.667000
-0.092207 -0.123372 0.667000
-0.090479 -0.123372 0.667000
-0.088752 -0.123372 0.667000
-0.087024 -0.123372 0.667000
-0.085169 -0.123187 0.666000
-0.083444 -0.123187 0.666000
-0.081718 -0.123187 0.666000
-0.079993 -0.123187 0.666000
-0.078268 -0.123187 0.666000
-0.076543 -0.123187 0.666000
-0.074818 -0.123187 0.666000
-0.073093 -0.123187 0.666000
-0.071368 -0.123187 0.666000
-0.069643 -0.123187 0.666000
-0.067918 -0.123187 0.666000
-0.066292 -0.123372 0.667000
-0.064565 -0.123372 0.667000
0.020180 -0.123927 0.670000
0.021916 -0.123927 0.670000
0.023651 -0.123927 0.670000
0.025424 -0.124111 0.671000
0.027162 -0.124111 0.671000
0.028857 -0.123927 0.670000
0.030593 -0.123927 0.670000
0.032328 -0.123927 0.670000
0.034063 -0.123927 0.670000
0.035799 -0.123927 0.670000
0.037478 -0.123742 0.669000
0.039211 -0.123742 0.669000
0.040944 -0.123742 0.669000
0.042677 -0.123742 0.669000
0.044410 -0.123742 0.669000
0.046073 -0.123557 0.668000
0.047804 -0.123557 0.668000
0.049534 -0.123557 0.668000
0.051264 -0.123557 0.668000
0.052994 -0.123557 0.668000
0.054725 -0.123557 0.668000
0.056455 -0.123557 0.668000
0.058098 -0.123372 0.667000
-0.133871 -0.121824 0.668000
-0.132141 -0.121824 0.668000
-0.130410 -0.121824 0.668000
-0.128680 -0.121824 0.668000
-0.126950 -0.121824 0.668000
-0.125032 -0.121642 0.667000
-0.123305 -0.121642 0.667000
-0.121577 -0.121642 0.667000
-0.119849 -0.121642 0.667000
-0.118122 -0.121642 0.667000
-0.116394 -0.121642 0.667000
-0.114666 -0.121642 0.667000
-0.095662 -0.121642 0.667000
-0.093935 -0.121642 0.667000
-0.092207 -0.121642 0.667000
-0.090479 -0.121642 0.667000
-0.088752 -0.121642 0.667000
-0.087024 -0.121642 0.667000
-0.085296 -0.121642 0.667000
-0.083569 -0.121642 0.667000
-0.081841 -0.121642 0.667000
-0.080114 -0.121642 0.667000
-0.078386 -0.121642 0.667000
-0.076658 -0.121642 0.667000
-0.074818 -0.121459 0.666000
-0.073203 -0.121642 0.667000
-0.071475 -0.121642 0.667000
0.028900 -0.122371 0.671000
0.030638 -0.122371 0.671000
0.032376 -0.122371 0.671000
0.034114 -0.122371 0.671000
0.035852 -0.122371 0.671000
0.037534 -0.122189 0.670000
0.039270 -0.122189 0.670000
0.041005 -0.122189 0.670000
0.042740 -0.122189 0.670000
0.044476 -0.122189 0.670000
0.046142 -0.122006 0.669000
0.047875 -0.122006 0.669000
0.049608 -0.122006 0.669000
0.051341 -0.122006 0.669000
0.053074 -0.122006 0.669000
0.054725 -0.121824 0.668000
0.056455 -0.121824 0.668000
0.058185 -0.121824 0.668000
0.059915 -0.121824 0.668000
0.061645 -0.121824 0.668000
0.063376 -0.121824 0.668000
0.065008 -0.121642 0.667000
0.066736 -0.121642 0.667000
-0.135601 -0.120092 0.668000
-0.133871 -0.120092 0.668000
-0.132141 -0.120092 0.668000
-0.130410 -0.120092 0.668000
-0.128680 -0.120092 0.668000
-0.126950 -0.120092 0.668000
-0.125220 -0.120092 0.668000
-0.123489 -0.120092 0.668000
-0.121759 -0.120092 0.668000
-0.120029 -0.120092 0.668000
-0.118299 -0.120092 0.668000
-0.099266 -0.120092 0.668000
-0.097536 -0.120092 0.668000
-0.095806 -0.120092 0.668000
-0.094075 -0.120092 0.668000
-0.092345 -0.120092 0.668000
-0.090615 -0.120092 0.668000
-0.088885 -0.120092 0.668000
-0.087024 -0.119912 0.667000
-0.085296 -0.119912 0.667000
-0.083569 -0.119912 0.667000
-0.081841 -0.119912 0.667000
-0.080114 -0.119912 0.667000
-0.078386 -0.119912 0.667000
0.035906 -0.120811 0.672000
0.037590 -0.120631 0.671000
0.039328 -0.120631 0.671000
0.041066 -0.120631 0.671000
0.042804 -0.120631 0.671000
0.044542 -0.120631 0.671000
0.046211 -0.120451 0.670000
0.047947 -0.120451 0.670000
0.049682 -0.120451 0.670000
0.051418 -0.120451 0.670000
0.053074 -0.120271 0.669000
0.054806 -0.120271 0.669000
0.056539 -0.120271 0.669000
0.058272 -0.120271 0.669000
0.059915 -0.120092 0.668000
0.061645 -0.120092 0.668000
0.063376 -0.120092 0.668000
0.065106 -0.120092 0.668000
0.066836 -0.120092 0.668000
0.068566 -0.120092 0.668000
0.070297 -0.120092 0.668000
0.072027 -0.120092 0.668000
0.073757 -0.120092 0.668000
0.075600 -0.120271 0.669000
0.077333 -0.120271 0.669000
-0.137537 -0.118536 0.669000
-0.135804 -0.118536 0.669000
-0.134071 -0.118536 0.669000
-0.132338 -0.118536 0.669000
-0.130606 -0.118536 0.669000
-0.128873 -0.118536 0.669000
-0.127140 -0.118536 0.669000
-0.125407 -0.118536 0.669000
-0.123674 -0.118536 0.669000
-0.121942 -0.118536 0.669000
-0.120209 -0.118536 0.669000
-0.104457 -0.118359 0.668000
-0.102727 -0.118359 0.668000
-0.100996 -0.118359 0.668000
-0.099266 -0.118359 0.668000
-0.097536 -0.118359 0.668000
-0.095806 -0.118359 0.668000
-0.094075 -0.118359 0.668000
-0.092345 -0.118359 0.668000
-0.090615 -0.118359 0.668000
-0.088885 -0.118359 0.668000
-0.087155 -0.118359 0.668000
-0.085424 -0.118359 0.668000
-0.083694 -0.118359 0.668000
0.042868 -0.119068 0.672000
0.044542 -0.118891 0.671000
0.046280 -0.118891 0.671000
0.048018 -0.118891 0.671000
0.049756 -0.118891 0.671000
0.051418 -0.118713 0.670000
0.053153 -0.118713 0.670000
0.054888 -0.118713 0.670000
0.056624 -0.118713 0.670000
0.058359 -0.118713 0.670000
0.060005 -0.118536 0.669000
0.061738 -0.118536 0.669000
0.063471 -0.118536 0.669000
0.065203 -0.118536 0.669000
0.066936 -0.118536 0.669000
0.068669 -0.118536 0.669000
0.070402 -0.118536 0.669000
0.072135 -0.118536 0.669000
0.073978 -0.118713 0.670000
0.075713 -0.118713 0.670000
0.077449 -0.118713 0.670000
0.079184 -0.118713 0.670000
0.080920 -0.118713 0.670000
0.082655 -0.118713 0.670000
0.084390 -0.118713 0.670000
0.086126 -0.118713 0.670000
-0.139478 -0.116976 0.670000
-0.137742 -0.116976 0.670000
-0.136007 -0.116976 0.670000
-0.134272 -0.116976 0.670000
-0.132536 -0.116976 0.670000
-0.130801 -0.116976 0.670000
-0.129065 -0.116976 0.670000
-0.127330 -0.116976 0.670000
-0.125595 -0.116976 0.670000
-0.123859 -0.116976 0.670000
-0.122124 -0.116976 0.670000
-0.109812 -0.116801 0.669000
-0.108079 -0.116801 0.669000
-0.106346 -0.116801 0.669000
-0.104613 -0.116801 0.669000
-0.102880 -0.116801 0.669000
-0.101148 -0.116801 0.669000
-0.099415 -0.116801 0.669000
-0.097682 -0.116801 0.669000
-0.095949 -0.116801 0.669000
-0.094216 -0.116801 0.669000
-0.092484 -0.116801 0.669000
-0.090751 -0.116801 0.669000
-0.089018 -0.116801 0.669000
0.053232 -0.117150 0.671000
0.054970 -0.117150 0.671000
0.056708 -0.117150 0.671000
0.058359 -0.116976 0.670000
0.060095 -0.116976 0.670000
0.061830 -0.116976 0.670000
0.063565 -0.116976 0.670000
0.065301 -0.116976 0.670000
0.067036 -0.116976 0.670000
0.068772 -0.116976 0.670000
0.070507 -0.116976 0.670000
0.072243 -0.116976 0.670000
0.074088 -0.117150 0.671000
0.075826 -0.117150 0.671000
0.077564 -0.117150 0.671000
0.079302 -0.117150 0.671000
0.081040 -0.117150 0.671000
0.082902 -0.117325 0.672000
0.084642 -0.117325 0.672000
0.086383 -0.117325 0.672000
0.088124 -0.117325 0.672000
0.089730 -0.117150 0.671000
0.091468 -0.117150 0.671000
0.093206 -0.117150 0.671000
0.094944 -0.117150 0.671000
0.096682 -0.117150 0.671000
0.098420 -0.117150 0.671000
0.100009 -0.116976 0.670000
0.101745 -0.116976 0.670000
0.103480 -0.116976 0.670000
0.105215 -0.116976 0.670000
0.106951 -0.116976 0.670000
0.108524 -0.116801 0.669000
0.110257 -0.116801 0.669000
0.111990 -0.116801 0.669000
-0.141424 -0.115410 0.671000
-0.139686 -0.115410 0.671000
-0.137948 -0.115410 0.671000
-0.136210 -0.115410 0.671000
-0.134472 -0.115410 0.671000
-0.132734 -0.115410 0.671000
-0.130996 -0.115410 0.671000
-0.129258 -0.115410 0.671000
-0.127520 -0.115410 0.671000
-0.125782 -0.115410 0.671000
-0.113616 -0.115410 0.671000
-0.111878 -0.115410 0.671000
-0.109976 -0.115238 0.670000
-0.108240 -0.115238 0.670000
-0.106505 -0.115238 0.670000
-0.104770 -0.115238 0.670000
-0.103034 -0.115238 0.670000
-0.101299 -0.115238 0.670000
-0.099563 -0.115238 0.670000
-0.097828 -0.115238 0.670000
-0.096093 -0.115238 0.670000
-0.094357 -0.115238 0.670000
-0.092622 -0.115238 0.670000
0.061922 -0.115410 0.671000
0.063660 -0.115410 0.671000
0.065398 -0.115410 0.671000
0.067136 -0.115410 0.671000
0.068874 -0.115410 0.671000
0.070612 -0.115410 0.671000
0.072350 -0.115410 0.671000
0.074199 -0.115582 0.672000
0.075939 -0.115582 0.672000
0.077796 -0.115754 0.673000
0.079539 -0.115754 0.673000
0.081282 -0.115754 0.673000
0.083025 -0.115754 0.673000
0.084768 -0.115754 0.673000
0.086511 -0.115754 0.673000
0.088255 -0.115754 0.673000
0.089998 -0.115754 0.673000
0.091741 -0.115754 0.673000
0.093484 -0.115754 0.673000
0.095227 -0.115754 0.673000
0.096971 -0.115754 0.673000
0.098714 -0.115754 0.673000
0.100457 -0.115754 0.673000
0.102048 -0.115582 0.672000
0.103789 -0.115582 0.672000
0.105372 -0.115410 0.671000
0.107270 -0.115582 0.672000
0.108848 -0.115410 0.671000
0.110751 -0.115582 0.672000
0.112324 -0.115410 0.671000
0.114062 -0.115410 0.671000
0.115628 -0.115238 0.670000
0.117363 -0.115238 0.670000
0.118921 -0.115066 0.669000
-0.145332 -0.114009 0.673000
-0.143589 -0.114009 0.673000
-0.141846 -0.114009 0.673000
-0.140102 -0.114009 0.673000
-0.138359 -0.114009 0.673000
-0.136616 -0.114009 0.673000
-0.134873 -0.114009 0.673000
-0.133130 -0.114009 0.673000
-0.131387 -0.114009 0.673000
-0.129643 -0.114009 0.673000
-0.117267 -0.113839 0.672000
-0.115526 -0.113839 0.672000
-0.113785 -0.113839 0.672000
-0.112045 -0.113839 0.672000
-0.110140 -0.113670 0.671000
-0.108402 -0.113670 0.671000
-0.106664 -0.113670 0.671000
-0.104926 -0.113670 0.671000
-0.103188 -0.113670 0.671000
-0.101450 -0.113670 0.671000
-0.099712 -0.113670 0.671000
-0.097974 -0.113670 0.671000
-0.096093 -0.113500 0.670000
0.070823 -0.114009 0.673000
0.072566 -0.114009 0.673000
0.074309 -0.114009 0.673000
0.076052 -0.114009 0.673000
0.077911 -0.114178 0.674000
0.079657 -0.114178 0.674000
0.081403 -0.114178 0.674000
0.083148 -0.114178 0.674000
0.084894 -0.114178 0.674000
0.086640 -0.114178 0.674000
0.088386 -0.114178 0.674000
0.090132 -0.114178 0.674000
0.091877 -0.114178 0.674000
0.093623 -0.114178 0.674000
0.095369 -0.114178 0.674000
0.097115 -0.114178 0.674000
0.098860 -0.114178 0.674000
0.100606 -0.114178 0.674000
0.102352 -0.114178 0.674000
0.104098 -0.114178 0.674000
0.105844 -0.114178 0.674000
0.107589 -0.114178 0.674000
0.109335 -0.114178 0.674000
0.111081 -0.114178 0.674000
0.112827 -0.114178 0.674000
0.114402 -0.114009 0.673000
0.116146 -0.114009 0.673000
0.117714 -0.113839 0.672000
0.119276 -0.113670 0.671000
-0.147294 -0.112430 0.674000
-0.145548 -0.112430 0.674000
-0.143802 -0.112430 0.674000
-0.142056 -0.112430 0.674000
-0.140311 -0.112430 0.674000
-0.138565 -0.112430 0.674000
-0.136819 -0.112430 0.674000
-0.135073 -0.112430 0.674000
-0.133328 -0.112430 0.674000
-0.131387 -0.112263 0.673000
-0.119361 -0.112430 0.674000
-0.117441 -0.112263 0.673000
-0.115698 -0.112263 0.673000
-0.113955 -0.112263 0.673000
-0.112211 -0.112263 0.673000
-0.110468 -0.112263 0.673000
-0.108725 -0.112263 0.673000
-0.106823 -0.112096 0.672000
-0.105082 -0.112096 0.672000
-0.103342 -0.112096 0.672000
-0.101450 -0.111929 0.671000
-0.099712 -0.111929 0.671000
0.079775 -0.112597 0.675000
0.081523 -0.112597 0.675000
0.083272 -0.112597 0.675000
0.085020 -0.112597 0.675000
0.086769 -0.112597 0.675000
0.088648 -0.112763 0.676000
0.090399 -0.112763 0.676000
0.092150 -0.112763 0.676000
0.093901 -0.112763 0.676000
0.095652 -0.112763 0.676000
0.097403 -0.112763 0.676000
0.099007 -0.112597 0.675000
0.100905 -0.112763 0.676000
0.102656 -0.112763 0.676000
0.104407 -0.112763 0.676000
0.106158 -0.112763 0.676000
0.107909 -0.112763 0.676000
0.109659 -0.112763 0.676000
0.111410 -0.112763 0.676000
0.113161 -0.112763 0.676000
0.114742 -0.112597 0.675000
0.116491 -0.112597 0.675000
0.118239 -0.112597 0.675000
0.119810 -0.112430 0.674000
-0.149261 -0.110846 0.675000
-0.147512 -0.110846 0.675000
-0.145548 -0.110682 0.674000
-0.143802 -0.110682 0.674000
-0.142056 -0.110682 0.674000
-0.140311 -0.110682 0.674000
-0.138565 -0.110682 0.674000
-0.136819 -0.110682 0.674000
-0.135073 -0.110682 0.674000
-0.133328 -0.110682 0.674000
-0.123035 -0.110846 0.675000
-0.121107 -0.110682 0.674000
-0.119361 -0.110682 0.674000
-0.117616 -0.110682 0.674000
-0.115870 -0.110682 0.674000
-0.114124 -0.110682 0.674000
-0.112378 -0.110682 0.674000
-0.110632 -0.110682 0.674000
-0.108725 -0.110518 0.673000
-0.106982 -0.110518 0.673000
-0.105239 -0.110518 0.673000
-0.103496 -0.110518 0.673000
0.086897 -0.111010 0.676000
0.088648 -0.111010 0.676000
0.090399 -0.111010 0.676000
0.092150 -0.111010 0.676000
0.093901 -0.111010 0.676000
0.095652 -0.111010 0.676000
0.097403 -0.111010 0.676000
0.099154 -0.111010 0.676000
0.100905 -0.111010 0.676000
0.102656 -0.111010 0.676000
0.104407 -0.111010 0.676000
0.106158 -0.111010 0.676000
0.107909 -0.111010 0.676000
0.109659 -0.111010 0.676000
0.111410 -0.111010 0.676000
0.113161 -0.111010 0.676000
0.114912 -0.111010 0.676000
0.116663 -0.111010 0.676000
0.118414 -0.111010 0.676000
-0.151009 -0.109095 0.675000
-0.149261 -0.109095 0.675000
-0.147512 -0.109095 0.675000
-0.145764 -0.109095 0.675000
-0.144016 -0.109095 0.675000
-0.142267 -0.109095 0.675000
-0.140519 -0.109095 0.675000
-0.138770 -0.109095 0.675000
-0.137022 -0.109095 0.675000
-0.126532 -0.109095 0.675000
-0.124784 -0.109095 0.675000
-0.123035 -0.109095 0.675000
-0.121287 -0.109095 0.675000
-0.119538 -0.109095 0.675000
-0.117790 -0.109095 0.675000
-0.116042 -0.109095 0.675000
-0.114293 -0.109095 0.675000
-0.112545 -0.109095 0.675000
-0.110632 -0.108934 0.674000
-0.108887 -0.108934 0.674000
0.097547 -0.109419 0.677000
0.099300 -0.109419 0.677000
0.101054 -0.109419 0.677000
0.102808 -0.109419 0.677000
0.104561 -0.109419 0.677000
0.106315 -0.109419 0.677000
0.108068 -0.109419 0.677000
0.109822 -0.109419 0.677000
0.111575 -0.109419 0.677000
0.113329 -0.109419 0.677000
0.115082 -0.109419 0.677000
0.116836 -0.109419 0.677000
-0.152984 -0.107504 0.676000
-0.151233 -0.107504 0.676000
-0.149482 -0.107504 0.676000
-0.147731 -0.107504 0.676000
-0.145980 -0.107504 0.676000
-0.144229 -0.107504 0.676000
-0.142478 -0.107504 0.676000
-0.140727 -0.107504 0.676000
-0.138976 -0.107504 0.676000
-0.130221 -0.107504 0.676000
-0.128470 -0.107504 0.676000
-0.126719 -0.107504 0.676000
-0.124968 -0.107504 0.676000
-0.123217 -0.107504 0.676000
-0.121466 -0.107504 0.676000
-0.119716 -0.107504 0.676000
-0.117965 -0.107504 0.676000
-0.116214 -0.107504 0.676000
-0.114463 -0.107504 0.676000
-0.112712 -0.107504 0.676000
-0.110797 -0.107345 0.675000
0.104716 -0.107822 0.678000
0.106472 -0.107822 0.678000
0.108228 -0.107822 0.678000
0.109984 -0.107822 0.678000
0.111740 -0.107822 0.678000
0.113496 -0.107822 0.678000
0.115082 -0.107663 0.677000
-0.154735 -0.105750 0.676000
-0.152984 -0.105750 0.676000
-0.151233 -0.105750 0.676000
-0.149482 -0.105750 0.676000
-0.147731 -0.105750 0.676000
-0.145980 -0.105750 0.676000
-0.144229 -0.105750 0.676000
-0.142478 -0.105750 0.676000
-0.140727 -0.105750 0.676000
-0.133723 -0.105750 0.676000
-0.131972 -0.105750 0.676000
-0.130221 -0.105750 0.676000
-0.128470 -0.105750 0.676000
-0.126719 -0.105750 0.676000
-0.124968 -0.105750 0.676000
-0.123217 -0.105750 0.676000
-0.121466 -0.105750 0.676000
-0.119716 -0.105750 0.676000
-0.117965 -0.105750 0.676000
-0.116214 -0.105750 0.676000
-0.156717 -0.104151 0.677000
-0.154963 -0.104151 0.677000
-0.153210 -0.104151 0.677000
-0.151456 -0.104151 0.677000
-0.149703 -0.104151 0.677000
-0.147949 -0.104151 0.677000
-0.145980 -0.103997 0.676000
-0.144229 -0.103997 0.676000
-0.142478 -0.103997 0.676000
-0.135474 -0.103997 0.676000
-0.133723 -0.103997 0.676000
-0.131972 -0.103997 0.676000
-0.130221 -0.103997 0.676000
-0.128660 -0.104151 0.677000
-0.126907 -0.104151 0.677000
-0.125153 -0.104151 0.677000
-0.123400 -0.104151 0.677000
-0.121646 -0.104151 0.677000
-0.119893 -0.104151 0.677000
-0.158471 -0.102395 0.677000
-0.156717 -0.102395 0.677000
-0.154963 -0.102395 0.677000
-0.153210 -0.102395 0.677000
-0.151456 -0.102395 0.677000
-0.149703 -0.102395 0.677000
-0.147949 -0.102395 0.677000
-0.146196 -0.102395 0.677000
-0.144442 -0.102395 0.677000
-0.139182 -0.102395 0.677000
-0.137428 -0.102395 0.677000
-0.135675 -0.102395 0.677000
-0.133921 -0.102395 0.677000
-0.132167 -0.102395 0.677000
-0.130414 -0.102395 0.677000
-0.128660 -0.102395 0.677000
-0.126907 -0.102395 0.677000
-0.125153 -0.102395 0.677000
-0.123400 -0.102395 0.677000
-0.158471 -0.100639 0.677000
-0.156717 -0.100639 0.677000
-0.154963 -0.100639 0.677000
-0.153210 -0.100639 0.677000
-0.151456 -0.100639 0.677000
-0.149703 -0.100639 0.677000
-0.147949 -0.100639 0.677000
-0.146196 -0.100639 0.677000
-0.140935 -0.100639 0.677000
-0.139182 -0.100639 0.677000
-0.137428 -0.100639 0.677000
-0.135675 -0.100639 0.677000
-0.133921 -0.100639 0.677000
-0.132167 -0.100639 0.677000
-0.130414 -0.100639 0.677000
-0.128660 -0.100639 0.677000
-0.126907 -0.100639 0.677000
-0.125153 -0.100639 0.677000
-0.160224 -0.098883 0.677000
-0.158471 -0.098883 0.677000
-0.156717 -0.098883 0.677000
-0.154963 -0.098883 0.677000
-0.153210 -0.098883 0.677000
-0.151456 -0.098883 0.677000
-0.149703 -0.098883 0.677000
-0.147949 -0.098883 0.677000
-0.144442 -0.098883 0.677000
-0.142689 -0.098883 0.677000
-0.140935 -0.098883 0.677000
-0.139182 -0.098883 0.677000
-0.137428 -0.098883 0.677000
-0.135675 -0.098883 0.677000
-0.133921 -0.098883 0.677000
-0.132167 -0.098883 0.677000
-0.130414 -0.098883 0.677000
-0.128660 -0.098883 0.677000
-0.162217 -0.097271 0.678000
-0.160461 -0.097271 0.678000
-0.158705 -0.097271 0.678000
-0.156949 -0.097271 0.678000
-0.155192 -0.097271 0.678000
-0.153436 -0.097271 0.678000
-0.151680 -0.097271 0.678000
-0.149924 -0.097271 0.678000
-0.148168 -0.097271 0.678000
-0.146412 -0.097271 0.678000
-0.144442 -0.097128 0.677000
-0.142689 -0.097128 0.677000
-0.140935 -0.097128 0.677000
-0.139182 -0.097128 0.677000
-0.137428 -0.097128 0.677000
-0.135675 -0.097128 0.677000
-0.133921 -0.097128 0.677000
-0.132167 -0.097128 0.677000
-0.162217 -0.095513 0.678000
-0.160461 -0.095513 0.678000
-0.158705 -0.095513 0.678000
-0.156949 -0.095513 0.678000
-0.155192 -0.095513 0.678000
-0.153436 -0.095513 0.678000
-0.151680 -0.095513 0.678000
-0.149924 -0.095513 0.678000
-0.148168 -0.095513 0.678000
-0.146412 -0.095513 0.678000
-0.144656 -0.095513 0.678000
-0.142899 -0.095513 0.678000
-0.141143 -0.095513 0.678000
-0.139387 -0.095513 0.678000
-0.137631 -0.095513 0.678000
-0.135875 -0.095513 0.678000
-0.163973 -0.093754 0.678000
-0.162217 -0.093754 0.678000
-0.160461 -0.093754 0.678000
-0.158705 -0.093754 0.678000
-0.156949 -0.093754 0.678000
-0.155192 -0.093754 0.678000
-0.153436 -0.093754 0.678000
-0.151680 -0.093754 0.678000
-0.149924 -0.093754 0.678000
-0.148168 -0.093754 0.678000
-0.146412 -0.093754 0.678000
-0.144656 -0.093754 0.678000
-0.142899 -0.093754 0.678000
-0.141143 -0.093754 0.678000
-0.139387 -0.093754 0.678000
-0.137631 -0.093754 0.678000
-0.165729 -0.091996 0.678000
-0.163973 -0.091996 0.678000
-0.162217 -0.091996 0.678000
-0.160461 -0.091996 0.678000
-0.158705 -0.091996 0.678000
-0.156949 -0.091996 0.678000
-0.155192 -0.091996 0.678000
-0.153436 -0.091996 0.678000
-0.151680 -0.091996 0.678000
-0.149924 -0.091996 0.678000
-0.148168 -0.091996 0.678000
-0.146412 -0.091996 0.678000
-0.144656 -0.091996 0.678000
-0.142899 -0.091996 0.678000
-0.141143 -0.091996 0.678000
-0.165729 -0.090237 0.678000
-0.163973 -0.090237 0.678000
-0.162217 -0.090237 0.678000
-0.160461 -0.090237 0.678000
-0.158705 -0.090237 0.678000
-0.156949 -0.090237 0.678000
-0.155192 -0.090237 0.678000
-0.153436 -0.090237 0.678000
-0.151680 -0.090237 0.678000
-0.149924 -0.090237 0.678000
-0.148168 -0.090237 0.678000
-0.146412 -0.090237 0.678000
-0.144656 -0.090237 0.678000
-0.165974 -0.088609 0.679000
-0.164215 -0.088609 0.679000
-0.162456 -0.088609 0.679000
-0.160697 -0.088609 0.679000
-0.158939 -0.088609 0.679000
-0.157180 -0.088609 0.679000
-0.155421 -0.088609 0.679000
-0.153663 -0.088609 0.679000
-0.151904 -0.088609 0.679000
-0.150145 -0.088609 0.679000
-0.148386 -0.088609 0.679000
-0.146628 -0.088609 0.679000
-0.167732 -0.086848 0.679000
-0.165974 -0.086848 0.679000
-0.164215 -0.086848 0.679000
-0.162456 -0.086848 0.679000
-0.160934 -0.086976 0.680000
-0.158939 -0.086848 0.679000
-0.157180 -0.086848 0.679000
-0.155650 -0.086976 0.680000
-0.153889 -0.086976 0.680000
-0.152128 -0.086976 0.680000
-0.150366 -0.086976 0.680000
-0.169741 -0.085212 0.680000
-0.167979 -0.085212 0.680000
-0.166218 -0.085212 0.680000
-0.164457 -0.085212 0.680000
-0.162695 -0.085212 0.680000
-0.160934 -0.085212 0.680000
-0.159173 -0.085212 0.680000
-0.157412 -0.085212 0.680000
-0.155650 -0.085212 0.680000
-0.153889 -0.085212 0.680000
-0.152128 -0.085212 0.680000
-0.171502 -0.083449 0.680000
-0.169990 -0.083572 0.681000
-0.168226 -0.083572 0.681000
-0.166463 -0.083572 0.681000
-0.164699 -0.083572 0.681000
-0.162935 -0.083572 0.681000
-0.161171 -0.083572 0.681000
-0.159407 -0.083572 0.681000
-0.157643 -0.083572 0.681000
-0.155879 -0.083572 0.681000
-0.154115 -0.083572 0.681000
-0.173518 -0.081805 0.681000
-0.171754 -0.081805 0.681000
-0.170240 -0.081925 0.682000
-0.168473 -0.081925 0.682000
-0.166707 -0.081925 0.682000
-0.164940 -0.081925 0.682000
-0.163174 -0.081925 0.682000
-0.161407 -0.081925 0.682000
-0.159641 -0.081925 0.682000
-0.157874 -0.081925 0.682000
-0.177046 -0.080039 0.681000
-0.175539 -0.080157 0.682000
-0.173773 -0.080157 0.682000
-0.172259 -0.080274 0.683000
-0.170490 -0.080274 0.683000
-0.168720 -0.080274 0.683000
-0.166951 -0.080274 0.683000
-0.165182 -0.080274 0.683000
-0.163413 -0.080274 0.683000
-0.161644 -0.080274 0.683000
-0.179072 -0.078388 0.682000
-0.177306 -0.078388 0.682000
-0.175797 -0.078503 0.683000
-0.174028 -0.078503 0.683000
-0.172511 -0.078618 0.684000
-0.170989 -0.078733 0.685000
-0.169215 -0.078733 0.685000
-0.167440 -0.078733 0.685000
-0.165666 -0.078733 0.685000
-0.163892 -0.078733 0.685000
-0.180839 -0.076619 0.682000
-0.179335 -0.076731 0.683000
-0.177566 -0.076731 0.683000
-0.176054 -0.076844 0.684000
-0.174537 -0.076956 0.685000
-0.172763 -0.076956 0.685000
-0.171238 -0.077068 0.686000
-0.169462 -0.077068 0.686000
-0.167685 -0.077068 0.686000
-0.182873 -0.074960 0.683000
-0.181104 -0.074960 0.683000
-0.179598 -0.075070 0.684000
-0.178086 -0.075179 0.685000
-0.176312 -0.075179 0.685000
-0.174792 -0.075289 0.686000
-0.173015 -0.075289 0.686000
-0.171238 -0.075289 0.686000
-0.169462 -0.075289 0.686000
-0.184913 -0.073296 0.684000
-0.183409 -0.073403 0.685000
-0.181634 -0.073403 0.685000
-0.179860 -0.073403 0.685000
-0.178346 -0.073510 0.686000
-0.176569 -0.073510 0.686000
-0.174792 -0.073510 0.686000
-0.173267 -0.073617 0.687000
-0.171488 -0.073617 0.687000
-0.186957 -0.071626 0.685000
-0.185183 -0.071626 0.685000
-0.183676 -0.071731 0.686000
-0.181900 -0.071731 0.686000
-0.180123 -0.071731 0.686000
-0.178606 -0.071835 0.687000
-0.176826 -0.071835 0.687000
-0.175047 -0.071835 0.687000
-0.188731 -0.069850 0.685000
-0.187230 -0.069951 0.686000
-0.185453 -0.069951 0.686000
-0.183676 -0.069951 0.686000
-0.182165 -0.070053 0.687000
-0.180385 -0.070053 0.687000
-0.178606 -0.070053 0.687000
-0.177084 -0.070155 0.688000
-0.192561 -0.068172 0.686000
-0.190784 -0.068172 0.686000
-0.189007 -0.068172 0.686000
-0.187503 -0.068272 0.687000
-0.185724 -0.068272 0.687000
-0.183944 -0.068272 0.687000
-0.182165 -0.068272 0.687000
-0.180648 -0.068371 0.688000
-0.178866 -0.068371 0.688000
-0.194621 -0.066490 0.687000
-0.192841 -0.066490 0.687000
-0.191062 -0.066490 0.687000
-0.189282 -0.066490 0.687000
-0.187503 -0.066490 0.687000
-0.185994 -0.066587 0.688000
-0.184212 -0.066587 0.688000
-0.182430 -0.066587 0.688000
-0.180648 -0.066587 0.688000
-0.178866 -0.066587 0.688000
-0.196686 -0.064802 0.688000
-0.194904 -0.064802 0.688000
-0.193122 -0.064802 0.688000
-0.191340 -0.064802 0.688000
-0.189558 -0.064802 0.688000
-0.187776 -0.064802 0.688000
-0.185994 -0.064802 0.688000
-0.184212 -0.064802 0.688000
-0.182430 -0.064802 0.688000
-0.180910 -0.064896 0.689000
-0.179126 -0.064896 0.689000
-0.198468 -0.063018 0.688000
-0.196686 -0.063018 0.688000
-0.194904 -0.063018 0.688000
-0.193122 -0.063018 0.688000
-0.191340 -0.063018 0.688000
-0.189834 -0.063109 0.689000
-0.188049 -0.063109 0.689000
-0.186264 -0.063109 0.689000
-0.184480 -0.063109 0.689000
-0.182695 -0.063109 0.689000
-0.180910 -0.063109 0.689000
-0.200541 -0.061322 0.689000
-0.198757 -0.061322 0.689000
-0.196972 -0.061322 0.689000
-0.195187 -0.061322 0.689000
-0.193403 -0.061322 0.689000
-0.191618 -0.061322 0.689000
-0.189834 -0.061322 0.689000
-0.188049 -0.061322 0.689000
-0.186264 -0.061322 0.689000
-0.184480 -0.061322 0.689000
-0.182695 -0.061322 0.689000
-0.180910 -0.061322 0.689000
-0.202620 -0.059622 0.690000
-0.200541 -0.059535 0.689000
-0.198757 -0.059535 0.689000
-0.196972 -0.059535 0.689000
-0.195187 -0.059535 0.689000
-0.193403 -0.059535 0.689000
-0.191618 -0.059535 0.689000
-0.189834 -0.059535 0.689000
-0.188322 -0.059622 0.690000
-0.186535 -0.059622 0.690000
-0.184747 -0.059622 0.690000
-0.182960 -0.059622 0.690000
-0.181173 -0.059622 0.690000
-0.204407 -0.057832 0.690000
-0.202620 -0.057832 0.690000
-0.200832 -0.057832 0.690000
-0.199045 -0.057832 0.690000
-0.197258 -0.057832 0.690000
-0.195471 -0.057832 0.690000
-0.193683 -0.057832 0.690000
-0.191896 -0.057832 0.690000
-0.190109 -0.057832 0.690000
-0.188322 -0.057832 0.690000
-0.186535 -0.057832 0.690000
-0.184747 -0.057832 0.690000
-0.182960 -0.057832 0.690000
-0.206194 -0.056043 0.690000
-0.204407 -0.056043 0.690000
-0.202620 -0.056043 0.690000
-0.200832 -0.056043 0.690000
-0.199045 -0.056043 0.690000
-0.197258 -0.056043 0.690000
-0.195471 -0.056043 0.690000
-0.193683 -0.056043 0.690000
-0.191896 -0.056043 0.690000
-0.190109 -0.056043 0.690000
-0.188322 -0.056043 0.690000
-0.186535 -0.056043 0.690000
-0.184747 -0.056043 0.690000
-0.182960 -0.056043 0.690000
-0.208283 -0.054332 0.691000
-0.206493 -0.054332 0.691000
-0.204703 -0.054332 0.691000
-0.202913 -0.054332 0.691000
-0.201123 -0.054332 0.691000
-0.199334 -0.054332 0.691000
-0.197544 -0.054332 0.691000
-0.195754 -0.054332 0.691000
-0.192174 -0.054332 0.691000
-0.190385 -0.054332 0.691000
-0.188595 -0.054332 0.691000
-0.186805 -0.054332 0.691000
-0.185015 -0.054332 0.691000
-0.210072 -0.052540 0.691000
-0.208283 -0.052540 0.691000
-0.206493 -0.052540 0.691000
-0.204703 -0.052540 0.691000
-0.202913 -0.052540 0.691000
-0.201123 -0.052540 0.691000
-0.199334 -0.052540 0.691000
-0.197544 -0.052540 0.691000
-0.193964 -0.052540 0.691000
-0.192174 -0.052540 0.691000
-0.190385 -0.052540 0.691000
-0.188595 -0.052540 0.691000
-0.186805 -0.052540 0.691000
-0.185015 -0.052540 0.691000
0.001128 -0.052692 0.693000
-0.211862 -0.050747 0.691000
-0.210072 -0.050747 0.691000
-0.208283 -0.050747 0.691000
-0.206493 -0.050747 0.691000
-0.204703 -0.050747 0.691000
-0.202913 -0.050747 0.691000
-0.201123 -0.050747 0.691000
-0.193964 -0.050747 0.691000
-0.192174 -0.050747 0.691000
-0.190385 -0.050747 0.691000
-0.188595 -0.050747 0.691000
-0.186805 -0.050747 0.691000
-0.185283 -0.050821 0.692000
-0.002466 -0.050968 0.694000
-0.000668 -0.050968 0.694000
0.001130 -0.050968 0.694000
0.002927 -0.050968 0.694000
0.004732 -0.051041 0.695000
0.006522 -0.050968 0.694000
-0.212169 -0.049026 0.692000
-0.210376 -0.049026 0.692000
-0.208584 -0.049026 0.692000
-0.206792 -0.049026 0.692000
-0.204999 -0.049026 0.692000
-0.203207 -0.049026 0.692000
-0.201414 -0.049026 0.692000
-0.194245 -0.049026 0.692000
-0.192452 -0.049026 0.692000
-0.190660 -0.049026 0.692000
-0.188868 -0.049026 0.692000
-0.187075 -0.049026 0.692000
-0.185283 -0.049026 0.692000
-0.002469 -0.049239 0.695000
-0.000670 -0.049310 0.696000
0.001133 -0.049310 0.696000
0.002936 -0.049310 0.696000
0.004738 -0.049310 0.696000
0.006541 -0.049310 0.696000
0.008344 -0.049310 0.696000
-0.214270 -0.047300 0.693000
-0.212475 -0.047300 0.693000
-0.210680 -0.047300 0.693000
-0.208885 -0.047300 0.693000
-0.207091 -0.047300 0.693000
-0.205296 -0.047300 0.693000
-0.203501 -0.047300 0.693000
-0.196321 -0.047300 0.693000
-0.194526 -0.047300 0.693000
-0.192731 -0.047300 0.693000
-0.190936 -0.047300 0.693000
-0.189141 -0.047300 0.693000
-0.187346 -0.047300 0.693000
-0.004275 -0.047504 0.696000
-0.002473 -0.047504 0.696000
-0.000671 -0.047573 0.697000
0.001135 -0.047573 0.697000
0.002940 -0.047573 0.697000
0.004745 -0.047573 0.697000
0.006551 -0.047573 0.697000
0.008356 -0.047573 0.697000
0.010161 -0.047573 0.697000
-0.216065 -0.045502 0.693000
-0.214270 -0.045502 0.693000
-0.212782 -0.045568 0.694000
-0.210984 -0.045568 0.694000
-0.209187 -0.045568 0.694000
-0.207389 -0.045568 0.694000
-0.205592 -0.045568 0.694000
-0.196604 -0.045568 0.694000
-0.194806 -0.045568 0.694000
-0.193009 -0.045568 0.694000
-0.191211 -0.045568 0.694000
-0.189141 -0.045502 0.693000
-0.187346 -0.045502 0.693000
-0.004288 -0.045831 0.698000
-0.002480 -0.045831 0.698000
-0.000672 -0.045831 0.698000
0.001136 -0.045831 0.698000
0.002944 -0.045831 0.698000
0.004752 -0.045831 0.698000
0.006560 -0.045831 0.698000
0.008368 -0.045831 0.698000
0.010176 -0.045831 0.698000
0.011984 -0.045831 0.698000
-0.218175 -0.043768 0.694000
-0.216377 -0.043768 0.694000
-0.214889 -0.043831 0.695000
-0.213089 -0.043831 0.695000
-0.211288 -0.043831 0.695000
-0.209488 -0.043831 0.695000
-0.207987 -0.043894 0.696000
-0.198973 -0.043894 0.696000
-0.197170 -0.043894 0.696000
-0.195368 -0.043894 0.696000
-0.193287 -0.043831 0.695000
-0.191487 -0.043831 0.695000
-0.189686 -0.043831 0.695000
-0.004288 -0.044020 0.698000
-0.002483 -0.044083 0.699000
-0.000673 -0.044083 0.699000
0.001138 -0.044083 0.699000
0.002948 -0.044083 0.699000
0.004759 -0.044083 0.699000
0.006569 -0.044083 0.699000
0.008380 -0.044083 0.699000
0.010190 -0.044083 0.699000
0.012001 -0.044083 0.699000
0.013811 -0.044083 0.699000
0.015622 -0.044083 0.699000
-0.218489 -0.042028 0.695000
-0.217001 -0.042089 0.696000
-0.215198 -0.042089 0.696000
-0.213395 -0.042089 0.696000
-0.211593 -0.042089 0.696000
-0.210091 -0.042149 0.697000
-0.199259 -0.042149 0.697000
-0.197454 -0.042149 0.697000
-0.195648 -0.042149 0.697000
-0.193565 -0.042089 0.696000
-0.191762 -0.042089 0.696000
-0.189959 -0.042089 0.696000
-0.002483 -0.042270 0.699000
-0.000673 -0.042270 0.699000
0.001138 -0.042270 0.699000
0.002948 -0.042270 0.699000
0.004759 -0.042270 0.699000
0.006569 -0.042270 0.699000
0.008380 -0.042270 0.699000
0.010190 -0.042270 0.699000
0.012001 -0.042270 0.699000
0.013811 -0.042270 0.699000
0.015622 -0.042270 0.699000
0.017433 -0.042270 0.699000
-0.220606 -0.040284 0.696000
-0.218804 -0.040284 0.696000
-0.217313 -0.040342 0.697000
-0.215816 -0.040400 0.698000
-0.214008 -0.040400 0.698000
-0.212201 -0.040400 0.698000
-0.199545 -0.040400 0.698000
-0.197737 -0.040400 0.698000
-0.195929 -0.040400 0.698000
-0.194121 -0.040400 0.698000
-0.192313 -0.040400 0.698000
-0.190232 -0.040342 0.697000
-0.002487 -0.040515 0.700000
-0.000674 -0.040515 0.700000
0.001139 -0.040515 0.700000
0.002953 -0.040515 0.700000
0.004766 -0.040515 0.700000
0.006579 -0.040515 0.700000
0.008392 -0.040515 0.700000
0.010205 -0.040515 0.700000
0.012018 -0.040515 0.700000
0.013831 -0.040515 0.700000
0.015644 -0.040515 0.700000
0.017457 -0.040515 0.700000
-0.222409 -0.038479 0.696000
-0.220923 -0.038534 0.697000
-0.219432 -0.038589 0.698000
-0.217624 -0.038589 0.698000
-0.215816 -0.038589 0.698000
-0.214315 -0.038645 0.699000
-0.212505 -0.038645 0.699000
-0.199831 -0.038645 0.699000
-0.198020 -0.038645 0.699000
-0.196210 -0.038645 0.699000
-0.194399 -0.038645 0.699000
-0.192313 -0.038589 0.698000
-0.000674 -0.038700 0.700000
0.001139 -0.038700 0.700000
0.002953 -0.038700 0.700000
0.004766 -0.038700 0.700000
0.006579 -0.038700 0.700000
0.008392 -0.038700 0.700000
0.010205 -0.038700 0.700000
0.012018 -0.038700 0.700000
0.013831 -0.038700 0.700000
0.015644 -0.038700 0.700000
0.017457 -0.038700 0.700000
-0.223048 -0.036779 0.698000
-0.221240 -0.036779 0.698000
-0.219432 -0.036779 0.698000
-0.217936 -0.036832 0.699000
-0.216126 -0.036832 0.699000
-0.214315 -0.036832 0.699000
-0.201930 -0.036884 0.700000
-0.200117 -0.036884 0.700000
-0.198304 -0.036884 0.700000
-0.196490 -0.036884 0.700000
-0.194677 -0.036884 0.700000
-0.192589 -0.036832 0.699000
-0.000675 -0.036937 0.701000
0.001141 -0.036937 0.701000
0.002957 -0.036937 0.701000
0.004772 -0.036937 0.701000
0.006588 -0.036937 0.701000
0.008404 -0.036937 0.701000
0.010220 -0.036937 0.701000
0.012035 -0.036937 0.701000
0.013851 -0.036937 0.701000
0.015667 -0.036937 0.701000
0.017482 -0.036937 0.701000
-0.224856 -0.034969 0.698000
-0.223048 -0.034969 0.698000
-0.221557 -0.035019 0.699000
-0.219747 -0.035019 0.699000
-0.218248 -0.035069 0.700000
-0.216435 -0.035069 0.700000
-0.214622 -0.035069 0.700000
-0.202218 -0.035119 0.701000
-0.200403 -0.035119 0.701000
-0.198587 -0.035119 0.701000
-0.196490 -0.035069 0.700000
-0.194677 -0.035069 0.700000
-0.192864 -0.035069 0.700000
0.001141 -0.035119 0.701000
0.002957 -0.035119 0.701000
0.004772 -0.035119 0.701000
0.006588 -0.035119 0.701000
0.008404 -0.035119 0.701000
0.010220 -0.035119 0.701000
0.012035 -0.035119 0.701000
0.013851 -0.035119 0.701000
0.015667 -0.035119 0.701000
0.017482 -0.035119 0.701000
-0.224856 -0.033158 0.698000
-0.223368 -0.033206 0.699000
-0.221557 -0.033206 0.699000
-0.220061 -0.033253 0.700000
-0.218248 -0.033253 0.700000
-0.216744 -0.033301 0.701000
-0.202218 -0.033301 0.701000
-0.200403 -0.033301 0.701000
-0.198587 -0.033301 0.701000
-0.196771 -0.033301 0.701000
-0.194955 -0.033301 0.701000
0.001141 -0.033301 0.701000
0.002957 -0.033301 0.701000
0.004772 -0.033301 0.701000
0.006588 -0.033301 0.701000
0.008416 -0.033348 0.702000
0.010234 -0.033348 0.702000
0.012052 -0.033348 0.702000
0.013871 -0.033348 0.702000
0.015689 -0.033348 0.702000
0.017507 -0.033348 0.702000
-0.226989 -0.031393 0.699000
-0.225178 -0.031393 0.699000
-0.223687 -0.031438 0.700000
-0.221874 -0.031438 0.700000
-0.220061 -0.031438 0.700000
-0.218560 -0.031483 0.701000
-0.202507 -0.031528 0.702000
-0.200403 -0.031483 0.701000
-0.198587 -0.031483 0.701000
-0.196771 -0.031483 0.701000
-0.194955 -0.031483 0.701000
0.002961 -0.031528 0.702000
0.004779 -0.031528 0.702000
0.006598 -0.031528 0.702000
0.008416 -0.031528 0.702000
0.010234 -0.031528 0.702000
0.012052 -0.031528 0.702000
0.013871 -0.031528 0.702000
0.015689 -0.031528 0.702000
0.017507 -0.031528 0.702000
0.019326 -0.031528 0.702000
-0.226989 -0.029580 0.699000
-0.225500 -0.029622 0.700000
-0.223687 -0.029622 0.700000
-0.221874 -0.029622 0.700000
-0.220375 -0.029665 0.701000
-0.218560 -0.029665 0.701000
-0.204325 -0.029707 0.702000
-0.202507 -0.029707 0.702000
-0.200688 -0.029707 0.702000
-0.198870 -0.029707 0.702000
-0.196771 -0.029665 0.701000
-0.194955 -0.029665 0.701000
0.002965 -0.029749 0.703000
0.004786 -0.029749 0.703000
0.006607 -0.029749 0.703000
0.008428 -0.029749 0.703000
0.010249 -0.029749 0.703000
0.012070 -0.029749 0.703000
0.013891 -0.029749 0.703000
0.015711 -0.029749 0.703000
0.017532 -0.029749 0.703000
0.019353 -0.029749 0.703000
-0.229127 -0.027807 0.700000
-0.227314 -0.027807 0.700000
-0.225500 -0.027807 0.700000
-0.223687 -0.027807 0.700000
-0.222191 -0.027846 0.701000
-0.220375 -0.027846 0.701000
-0.204325 -0.027886 0.702000
-0.202507 -0.027886 0.702000
-0.200688 -0.027886 0.702000
-0.198870 -0.027886 0.702000
-0.197052 -0.027886 0.702000
0.004786 -0.027926 0.703000
0.006607 -0.027926 0.703000
0.008428 -0.027926 0.703000
0.010249 -0.027926 0.703000
0.012070 -0.027926 0.703000
0.013891 -0.027926 0.703000
0.015711 -0.027926 0.703000
0.017532 -0.027926 0.703000
0.019353 -0.027926 0.703000
0.021174 -0.027926 0.703000
-0.229127 -0.025991 0.700000
-0.227314 -0.025991 0.700000
-0.225500 -0.025991 0.700000
-0.224007 -0.026028 0.701000
-0.222191 -0.026028 0.701000
-0.220375 -0.026028 0.701000
-0.204325 -0.026065 0.702000
-0.202507 -0.026065 0.702000
-0.200688 -0.026065 0.702000
-0.198870 -0.026065 0.702000
-0.197052 -0.026065 0.702000
0.006607 -0.026103 0.703000
0.008428 -0.026103 0.703000
0.010249 -0.026103 0.703000
0.012070 -0.026103 0.703000
0.013891 -0.026103 0.703000
0.015711 -0.026103 0.703000
0.017532 -0.026103 0.703000
0.019353 -0.026103 0.703000
0.021174 -0.026103 0.703000
-0.230940 -0.024176 0.700000
-0.229127 -0.024176 0.700000
-0.227314 -0.024176 0.700000
-0.225823 -0.024210 0.701000
-0.224007 -0.024210 0.701000
-0.222191 -0.024210 0.701000
-0.206143 -0.024245 0.702000
-0.204325 -0.024245 0.702000
-0.202507 -0.024245 0.702000
-0.200688 -0.024245 0.702000
-0.198870 -0.024245 0.702000
-0.197052 -0.024245 0.702000
0.006607 -0.024279 0.703000
0.008428 -0.024279 0.703000
0.010249 -0.024279 0.703000
0.012070 -0.024279 0.703000
0.013891 -0.024279 0.703000
0.015711 -0.024279 0.703000
0.017532 -0.024279 0.703000
0.019353 -0.024279 0.703000
0.021174 -0.024279 0.703000
-0.231270 -0.022392 0.701000
-0.229454 -0.022392 0.701000
-0.227638 -0.022392 0.701000
-0.225823 -0.022392 0.701000
-0.224007 -0.022392 0.701000
-0.222191 -0.022392 0.701000
-0.206143 -0.022424 0.702000
-0.204325 -0.022424 0.702000
-0.202507 -0.022424 0.702000
-0.200688 -0.022424 0.702000
-0.198870 -0.022424 0.702000
-0.197052 -0.022424 0.702000
0.008440 -0.022488 0.704000
0.010263 -0.022488 0.704000
0.012087 -0.022488 0.704000
0.013910 -0.022488 0.704000
0.015734 -0.022488 0.704000
0.017557 -0.022488 0.704000
0.019381 -0.022488 0.704000
0.021204 -0.022488 0.704000
0.023028 -0.022488 0.704000
-0.233085 -0.020574 0.701000
-0.231270 -0.020574 0.701000
-0.229454 -0.020574 0.701000
-0.227638 -0.020574 0.701000
-0.226145 -0.020603 0.702000
-0.224326 -0.020603 0.702000
-0.206437 -0.020633 0.703000
-0.204616 -0.020633 0.703000
-0.202795 -0.020633 0.703000
-0.200974 -0.020633 0.703000
-0.199153 -0.020633 0.703000
-0.197333 -0.020633 0.703000
0.010263 -0.020662 0.704000
0.012087 -0.020662 0.704000
0.013910 -0.020662 0.704000
0.015734 -0.020662 0.704000
0.017557 -0.020662 0.704000
0.019381 -0.020662 0.704000
0.021204 -0.020662 0.704000
0.023028 -0.020662 0.704000
-0.233418 -0.018783 0.702000
-0.231600 -0.018783 0.702000
-0.229781 -0.018783 0.702000
-0.227963 -0.018783 0.702000
-0.226467 -0.018809 0.703000
-0.224646 -0.018809 0.703000
-0.206437 -0.018809 0.703000
-0.204616 -0.018809 0.703000
-0.202795 -0.018809 0.703000
-0.200974 -0.018809 0.703000
-0.199153 -0.018809 0.703000
0.010278 -0.018863 0.705000
0.012104 -0.018863 0.705000
0.013930 -0.018863 0.705000
0.015756 -0.018863 0.705000
0.017582 -0.018863 0.705000
0.019408 -0.018863 0.705000
0.021234 -0.018863 0.705000
0.023060 -0.018863 0.705000
-0.233750 -0.016986 0.703000
-0.231929 -0.016986 0.703000
-0.230109 -0.016986 0.703000
-0.228288 -0.016986 0.703000
-0.226467 -0.016986 0.703000
-0.224646 -0.016986 0.703000
-0.206437 -0.016986 0.703000
-0.204616 -0.016986 0.703000
-0.202795 -0.016986 0.703000
-0.200974 -0.016986 0.703000
-0.199153 -0.016986 0.703000
0.012104 -0.017034 0.705000
0.013930 -0.017034 0.705000
0.015756 -0.017034 0.705000
0.017582 -0.017034 0.705000
0.019408 -0.017034 0.705000
0.021234 -0.017034 0.705000
0.023060 -0.017034 0.705000
0.024886 -0.017034 0.705000
-0.233750 -0.015163 0.703000
-0.231929 -0.015163 0.703000
-0.230109 -0.015163 0.703000
-0.228288 -0.015163 0.703000
-0.226467 -0.015163 0.703000
-0.206437 -0.015163 0.703000
-0.204616 -0.015163 0.703000
-0.202795 -0.015163 0.703000
-0.200974 -0.015163 0.703000
-0.199153 -0.015163 0.703000
0.013930 -0.015206 0.705000
0.015756 -0.015206 0.705000
0.017582 -0.015206 0.705000
0.019408 -0.015206 0.705000
0.021234 -0.015206 0.705000
0.023060 -0.015206 0.705000
0.024886 -0.015206 0.705000
-0.235906 -0.013359 0.704000
-0.234083 -0.013359 0.704000
-0.232259 -0.013359 0.704000
-0.230436 -0.013359 0.704000
-0.228612 -0.013359 0.704000
-0.226789 -0.013359 0.704000
-0.208258 -0.013340 0.703000
-0.206437 -0.013340 0.703000
-0.204616 -0.013340 0.703000
-0.202795 -0.013340 0.703000
-0.200974 -0.013340 0.703000
-0.199153 -0.013340 0.703000
0.015778 -0.013396 0.706000
0.017607 -0.013396 0.706000
0.019436 -0.013396 0.706000
0.021264 -0.013396 0.706000
0.023093 -0.013396 0.706000
0.024922 -0.013396 0.706000
-0.235906 -0.011533 0.704000
-0.234083 -0.011533 0.704000
-0.232259 -0.011533 0.704000
-0.230436 -0.011533 0.704000
-0.228612 -0.011533 0.704000
-0.208554 -0.011533 0.704000
-0.206437 -0.011516 0.703000
-0.204907 -0.011533 0.704000
-0.203084 -0.011533 0.704000
-0.200974 -0.011516 0.703000
-0.199153 -0.011516 0.703000
0.017632 -0.011582 0.707000
0.019463 -0.011582 0.707000
0.021295 -0.011582 0.707000
0.023126 -0.011582 0.707000
0.024957 -0.011582 0.707000
-0.238068 -0.009721 0.705000
-0.236241 -0.009721 0.705000
-0.234415 -0.009721 0.705000
-0.232589 -0.009721 0.705000
-0.230763 -0.009721 0.705000
-0.228937 -0.009721 0.705000
-0.208554 -0.009707 0.704000
-0.206731 -0.009707 0.704000
-0.204907 -0.009707 0.704000
-0.203084 -0.009707 0.704000
-0.201260 -0.009707 0.704000
0.017657 -0.009762 0.708000
0.019491 -0.009762 0.708000
0.021325 -0.009762 0.708000
0.023158 -0.009762 0.708000
0.024957 -0.009748 0.707000
-0.238068 -0.007892 0.705000
-0.236241 -0.007892 0.705000
-0.234415 -0.007892 0.705000
-0.232589 -0.007892 0.705000
-0.230763 -0.007892 0.705000
-0.208554 -0.007881 0.704000
-0.206731 -0.007881 0.704000
-0.204907 -0.007881 0.704000
-0.203084 -0.007881 0.704000
-0.201260 -0.007881 0.704000
0.017682 -0.007937 0.709000
0.019518 -0.007937 0.709000
0.021355 -0.007937 0.709000
0.023158 -0.007926 0.708000
0.024992 -0.007926 0.708000
-0.238405 -0.006072 0.706000
-0.236577 -0.006072 0.706000
-0.234748 -0.006072 0.706000
-0.232919 -0.006072 0.706000
-0.230763 -0.006064 0.705000
-0.208850 -0.006064 0.705000
-0.207024 -0.006064 0.705000
-0.205198 -0.006064 0.705000
-0.203372 -0.006064 0.705000
-0.201546 -0.006064 0.705000
0.019546 -0.006107 0.710000
0.021385 -0.006107 0.710000
0.023224 -0.006107 0.710000
0.025063 -0.006107 0.710000
0.026902 -0.006107 0.710000
-0.240574 -0.004247 0.707000
-0.238743 -0.004247 0.707000
-0.236912 -0.004247 0.707000
-0.235080 -0.004247 0.707000
-0.233249 -0.004247 0.707000
-0.231091 -0.004241 0.706000
-0.208850 -0.004235 0.705000
-0.207024 -0.004235 0.705000
-0.205198 -0.004235 0.705000
-0.203372 -0.004235 0.705000
-0.201546 -0.004235 0.705000
0.019573 -0.004271 0.711000
0.021415 -0.004271 0.711000
0.023257 -0.004271 0.711000
0.025063 -0.004265 0.710000
0.026902 -0.004265 0.710000
-0.240914 -0.002417 0.708000
-0.239081 -0.002417 0.708000
-0.237247 -0.002417 0.708000
-0.235413 -0.002417 0.708000
-0.233249 -0.002413 0.707000
-0.231418 -0.002413 0.707000
-0.208850 -0.002407 0.705000
-0.207024 -0.002407 0.705000
-0.205198 -0.002407 0.705000
-0.203372 -0.002407 0.705000
-0.201546 -0.002407 0.705000
0.019601 -0.002431 0.712000
0.021445 -0.002431 0.712000
0.023289 -0.002431 0.712000
0.025098 -0.002427 0.711000
0.026940 -0.002427 0.711000
-0.241595 -0.000582 0.710000
-0.239418 -0.000581 0.709000
-0.237582 -0.000581 0.709000
-0.235745 -0.000581 0.709000
-0.233579 -0.000581 0.708000
-0.209147 -0.000579 0.706000
-0.207318 -0.000579 0.706000
-0.205489 -0.000579 0.706000
-0.203661 -0.000579 0.706000
-0.201546 -0.000578 0.705000
0.021475 -0.000585 0.713000
0.023322 -0.000585 0.713000
0.025169 -0.000585 0.713000
0.027016 -0.000585 0.713000
-0.241595 0.001259 0.710000
-0.239756 0.001259 0.710000
-0.237917 0.001259 0.710000
-0.236078 0.001259 0.710000
-0.233909 0.001257 0.709000
-0.211274 0.001254 0.707000
-0.209443 0.001254 0.707000
-0.207612 0.001254 0.707000
-0.205780 0.001254 0.707000
-0.203661 0.001252 0.706000
-0.201832 0.001252 0.706000
0.021505 0.001266 0.714000
0.023355 0.001266 0.714000
0.025204 0.001266 0.714000
0.027054 0.001266 0.714000
0.028903 0.001266 0.714000
-0.243777 0.003105 0.711000
-0.241935 0.003105 0.711000
-0.240094 0.003105 0.711000
-0.237917 0.003101 0.710000
-0.236078 0.003101 0.710000
-0.234239 0.003101 0.710000
-0.211573 0.003092 0.708000
-0.209739 0.003092 0.708000
-0.207905 0.003092 0.708000
-0.206071 0.003092 0.708000
-0.203949 0.003088 0.707000
-0.202118 0.003088 0.707000
0.021535 0.003122 0.715000
0.023387 0.003122 0.715000
0.025239 0.003122 0.715000
0.027091 0.003122 0.715000
0.028943 0.003122 0.715000
-0.244120 0.004956 0.712000
-0.242276 0.004956 0.712000
-0.240094 0.004949 0.711000
-0.238252 0.004949 0.711000
-0.236410 0.004949 0.711000
-0.212171 0.004942 0.710000
-0.210332 0.004942 0.710000
-0.208199 0.004935 0.709000
-0.206363 0.004935 0.709000
-0.204238 0.004928 0.708000
-0.202404 0.004928 0.708000
0.021535 0.004977 0.715000
0.023387 0.004977 0.715000
0.025275 0.004984 0.716000
0.027129 0.004984 0.716000
0.028984 0.004984 0.716000
-0.244463 0.006812 0.713000
-0.242616 0.006812 0.713000
-0.240431 0.006803 0.712000
-0.238587 0.006803 0.712000
-0.236410 0.006793 0.711000
-0.212469 0.006793 0.711000
-0.210628 0.006793 0.711000
-0.208786 0.006793 0.711000
-0.206654 0.006784 0.710000
-0.204815 0.006784 0.710000
-0.202690 0.006774 0.709000
0.023420 0.006841 0.716000
0.025275 0.006841 0.716000
0.027129 0.006841 0.716000
0.029024 0.006850 0.717000
-0.246655 0.008674 0.714000
-0.244805 0.008674 0.714000
-0.242616 0.008661 0.713000
-0.240769 0.008661 0.713000
-0.238922 0.008661 0.713000
-0.237075 0.008661 0.713000
-0.210924 0.008649 0.712000
-0.208786 0.008637 0.711000
-0.206945 0.008637 0.711000
-0.205103 0.008637 0.711000
-0.203261 0.008637 0.711000
0.023453 0.008710 0.717000
0.025310 0.008710 0.717000
0.027167 0.008710 0.717000
0.029024 0.008710 0.717000
0.030881 0.008710 0.717000
-0.246655 0.010525 0.714000
-0.244805 0.010525 0.714000
-0.242956 0.010525 0.714000
-0.241107 0.010525 0.714000
-0.239257 0.010525 0.714000
-0.237075 0.010511 0.713000
-0.211220 0.010511 0.713000
-0.209374 0.010511 0.713000
-0.207527 0.010511 0.713000
-0.205392 0.010496 0.712000
-0.203547 0.010496 0.712000
0.023453 0.010570 0.717000
0.025310 0.010570 0.717000
0.027167 0.010570 0.717000
0.029024 0.010570 0.717000
0.030881 0.010570 0.717000
-0.247000 0.012395 0.715000
-0.244805 0.012377 0.714000
-0.242956 0.012377 0.714000
-0.241107 0.012377 0.714000
-0.239257 0.012377 0.714000
-0.211517 0.012377 0.714000
-0.209667 0.012377 0.714000
-0.207818 0.012377 0.714000
-0.205680 0.012360 0.713000
-0.203833 0.012360 0.713000
0.023453 0.012429 0.717000
0.025310 0.012429 0.717000
0.027167 0.012429 0.717000
0.029024 0.012429 0.717000
0.030881 0.012429 0.717000
-0.247000 0.014249 0.715000
-0.245148 0.014249 0.715000
-0.243296 0.014249 0.715000
-0.241444 0.014249 0.715000
-0.239592 0.014249 0.715000
-0.211813 0.014249 0.715000
-0.209961 0.014249 0.715000
-0.208109 0.014249 0.715000
-0.206257 0.014249 0.715000
-0.204119 0.014229 0.714000
0.025310 0.014289 0.717000
0.027167 0.014289 0.717000
0.029024 0.014289 0.717000
0.030881 0.014289 0.717000
0.032784 0.014309 0.718000
-0.249200 0.016126 0.716000
-0.247346 0.016126 0.716000
-0.245491 0.016126 0.716000
-0.243637 0.016126 0.716000
-0.241782 0.016126 0.716000
-0.239592 0.016103 0.715000
-0.212109 0.016126 0.716000
-0.210255 0.016126 0.716000
-0.208400 0.016126 0.716000
-0.206545 0.016126 0.716000
-0.204691 0.016126 0.716000
0.025345 0.016171 0.718000
0.027205 0.016171 0.718000
0.029065 0.016171 0.718000
0.030925 0.016171 0.718000
0.032784 0.016171 0.718000
-0.249200 0.017983 0.716000
-0.247346 0.017983 0.716000
-0.245491 0.017983 0.716000
-0.243637 0.017983 0.716000
-0.241782 0.017983 0.716000
-0.239928 0.017983 0.716000
-0.212405 0.018008 0.717000
-0.210548 0.018008 0.717000
-0.208691 0.018008 0.717000
-0.206834 0.018008 0.717000
-0.204977 0.018008 0.717000
0.025345 0.018033 0.718000
0.027205 0.018033 0.718000
0.029065 0.018033 0.718000
0.030925 0.018033 0.718000
0.032784 0.018033 0.718000
-0.249548 0.019868 0.717000
-0.247691 0.019868 0.717000
-0.245834 0.019868 0.717000
-0.243977 0.019868 0.717000
-0.242120 0.019868 0.717000
-0.212405 0.019868 0.717000
-0.210548 0.019868 0.717000
-0.208691 0.019868 0.717000
-0.206834 0.019868 0.717000
-0.204977 0.019868 0.717000
0.025381 0.019923 0.719000
0.027243 0.019923 0.719000
0.029105 0.019923 0.719000
0.030968 0.019923 0.719000
0.032830 0.019923 0.719000
-0.249548 0.021727 0.717000
-0.247691 0.021727 0.717000
-0.245834 0.021727 0.717000
-0.243977 0.021727 0.717000
-0.242120 0.021727 0.717000
-0.212405 0.021727 0.717000
-0.210548 0.021727 0.717000
-0.208691 0.021727 0.717000
-0.206834 0.021727 0.717000
-0.204977 0.021727 0.717000
0.025416 0.021818 0.720000
0.027281 0.021818 0.720000
0.029105 0.021788 0.719000
0.030968 0.021788 0.719000
0.032830 0.021788 0.719000
-0.251406 0.023587 0.717000
-0.249548 0.023587 0.717000
-0.247691 0.023587 0.717000
-0.245834 0.023587 0.717000
-0.243977 0.023587 0.717000
-0.242120 0.023587 0.717000
-0.212702 0.023620 0.718000
-0.210842 0.023620 0.718000
-0.208982 0.023620 0.718000
-0.207122 0.023620 0.718000
-0.205263 0.023620 0.718000
0.025451 0.023718 0.721000
0.027281 0.023686 0.720000
0.029146 0.023686 0.720000
0.031011 0.023686 0.720000
0.032876 0.023686 0.720000
-0.251406 0.025446 0.717000
-0.249548 0.025446 0.717000
-0.247691 0.025446 0.717000
-0.245834 0.025446 0.717000
-0.243977 0.025446 0.717000
-0.242120 0.025446 0.717000
-0.212702 0.025482 0.718000
-0.210842 0.025482 0.718000
-0.208982 0.025482 0.718000
-0.207122 0.025482 0.718000
-0.205548 0.025517 0.719000
0.025451 0.025588 0.721000
0.027319 0.025588 0.721000
0.029186 0.025588 0.721000
0.031054 0.025588 0.721000
0.032876 0.025553 0.720000
0.034741 0.025553 0.720000
-0.251406 0.027306 0.717000
-0.249548 0.027306 0.717000
-0.247691 0.027306 0.717000
-0.245834 0.027306 0.717000
-0.243977 0.027306 0.717000
-0.242457 0.027344 0.718000
-0.212998 0.027382 0.719000
-0.211135 0.027382 0.719000
-0.209273 0.027382 0.719000
-0.207411 0.027382 0.719000
-0.205548 0.027382 0.719000
0.027357 0.027496 0.722000
0.029186 0.027458 0.721000
0.031054 0.027458 0.721000
0.032921 0.027458 0.721000
0.034789 0.027458 0.721000
-0.251756 0.029206 0.718000
-0.249896 0.029206 0.718000
-0.248037 0.029206 0.718000
-0.246177 0.029206 0.718000
-0.244317 0.029206 0.718000
-0.213294 0.029288 0.720000
-0.211429 0.029288 0.720000
-0.209564 0.029288 0.720000
-0.207699 0.029288 0.720000
-0.205834 0.029288 0.720000
0.027395 0.029410 0.723000
0.029227 0.029369 0.722000
0.031054 0.029328 0.721000
0.032921 0.029328 0.721000
-0.251756 0.031069 0.718000
-0.249896 0.031069 0.718000
-0.248037 0.031069 0.718000
-0.246177 0.031069 0.718000
-0.244317 0.031069 0.718000
-0.213294 0.031155 0.720000
-0.211429 0.031155 0.720000
-0.209564 0.031155 0.720000
-0.207699 0.031155 0.720000
-0.206120 0.031198 0.721000
-0.204253 0.031198 0.721000
-0.251756 0.032931 0.718000
-0.249896 0.032931 0.718000
-0.248037 0.032931 0.718000
-0.246177 0.032931 0.718000
-0.244317 0.032931 0.718000
-0.213590 0.033068 0.721000
-0.211723 0.033068 0.721000
-0.209855 0.033068 0.721000
-0.207988 0.033068 0.721000
-0.206120 0.033068 0.721000
-0.204253 0.033068 0.721000
-0.253969 0.034841 0.719000
-0.252107 0.034841 0.719000
-0.250244 0.034841 0.719000
-0.248382 0.034841 0.719000
-0.246520 0.034841 0.719000
-0.213590 0.034938 0.721000
-0.211723 0.034938 0.721000
-0.209855 0.034938 0.721000
-0.207988 0.034938 0.721000
-0.206120 0.034938 0.721000
-0.204253 0.034938 0.721000
-0.254322 0.036757 0.720000
-0.252457 0.036757 0.720000
-0.250244 0.036706 0.719000
-0.248382 0.036706 0.719000
-0.246520 0.036706 0.719000
-0.213590 0.036808 0.721000
-0.211723 0.036808 0.721000
-0.209855 0.036808 0.721000
-0.207988 0.036808 0.721000
-0.206406 0.036859 0.722000
-0.204253 0.036808 0.721000
-0.254676 0.038678 0.721000
-0.252808 0.038678 0.721000
-0.250941 0.038678 0.721000
-0.248728 0.038625 0.720000
-0.246863 0.038625 0.720000
-0.212016 0.038732 0.722000
-0.209855 0.038678 0.721000
-0.208276 0.038732 0.722000
-0.206406 0.038732 0.722000
-0.204536 0.038732 0.722000
-0.255029 0.040604 0.722000
-0.253159 0.040604 0.722000
-0.250941 0.040548 0.721000
-0.249073 0.040548 0.721000
-0.247205 0.040548 0.721000
-0.212310 0.040661 0.723000
-0.210146 0.040604 0.722000
-0.208565 0.040661 0.723000
-0.206692 0.040661 0.723000
-0.204819 0.040661 0.723000
-0.202666 0.040604 0.722000
-0.257610 0.042595 0.724000
-0.255735 0.042595 0.724000
-0.253860 0.042595 0.724000
-0.251985 0.042595 0.724000
-0.250109 0.042595 0.724000
-0.248234 0.042595 0.724000
-0.212604 0.042595 0.724000
-0.210728 0.042595 0.724000
-0.208853 0.042595 0.724000
-0.206978 0.042595 0.724000
-0.204819 0.042536 0.723000
-0.202947 0.042536 0.723000
-0.258322 0.044595 0.726000
-0.256442 0.044595 0.726000
-0.254211 0.044534 0.725000
-0.252333 0.044534 0.725000
-0.250455 0.044534 0.725000
-0.248577 0.044534 0.725000
-0.212604 0.044472 0.724000
-0.210728 0.044472 0.724000
-0.208853 0.044472 0.724000
-0.206978 0.044472 0.724000
-0.205103 0.044472 0.724000
-0.202947 0.044411 0.723000
-0.258678 0.046542 0.727000
-0.256795 0.046542 0.727000
-0.254912 0.046542 0.727000
-0.253029 0.046542 0.727000
-0.251146 0.046542 0.727000
-0.212897 0.046414 0.725000
-0.211020 0.046414 0.725000
-0.209142 0.046414 0.725000
-0.207264 0.046414 0.725000
-0.205103 0.046350 0.724000
-0.203227 0.046350 0.724000
-0.259390 0.048561 0.729000
-0.257501 0.048561 0.729000
-0.255613 0.048561 0.729000
-0.253725 0.048561 0.729000
-0.251837 0.048561 0.729000
-0.211311 0.048361 0.726000
-0.209142 0.048295 0.725000
-0.207264 0.048295 0.725000
-0.205386 0.048295 0.725000
-0.203227 0.048228 0.724000
-0.259390 0.050452 0.729000
-0.257501 0.050452 0.729000
-0.255613 0.050452 0.729000
-0.253725 0.050452 0.729000
-0.251837 0.050452 0.729000
-0.211602 0.050313 0.727000
-0.209719 0.050313 0.727000
-0.207550 0.050244 0.726000
-0.205386 0.050175 0.725000
-0.203508 0.050175 0.725000
-0.201630 0.050175 0.725000
-0.259745 0.052414 0.730000
-0.257855 0.052414 0.730000
-0.255964 0.052414 0.730000
-0.254073 0.052414 0.730000
-0.252182 0.052414 0.730000
-0.212184 0.052343 0.729000
-0.210007 0.052271 0.728000
-0.207836 0.052199 0.727000
-0.205952 0.052199 0.727000
-0.203789 0.052127 0.726000
-0.201630 0.052055 0.725000
-0.259745 0.054308 0.730000
-0.257855 0.054308 0.730000
-0.255964 0.054308 0.730000
-0.254073 0.054308 0.730000
-0.252182 0.054308 0.730000
-0.212184 0.054233 0.729000
-0.210296 0.054233 0.729000
-0.208121 0.054159 0.728000
-0.205952 0.054084 0.727000
-0.204069 0.054084 0.727000
-0.201908 0.054010 0.726000
-0.261636 0.056201 0.730000
-0.259745 0.056201 0.730000
-0.257855 0.056201 0.730000
-0.255964 0.056201 0.730000
-0.254073 0.056201 0.730000
-0.252182 0.056201 0.730000
-0.210296 0.056124 0.729000
-0.208407 0.056124 0.729000
-0.206236 0.056047 0.728000
-0.204350 0.056047 0.728000
-0.202186 0.055970 0.727000
-0.200303 0.055970 0.727000
-0.261636 0.058094 0.730000
-0.259745 0.058094 0.730000
-0.257855 0.058094 0.730000
-0.255964 0.058094 0.730000
-0.254073 0.058094 0.730000
-0.210584 0.058094 0.730000
-0.208407 0.058015 0.729000
-0.206519 0.058015 0.729000
-0.204350 0.057935 0.728000
-0.202464 0.057935 0.728000
-0.200303 0.057856 0.727000
-0.261636 0.059988 0.730000
-0.259745 0.059988 0.730000
-0.257855 0.059988 0.730000
-0.255964 0.059988 0.730000
-0.254073 0.059988 0.730000
-0.210584 0.059988 0.730000
-0.208407 0.059905 0.729000
-0.206519 0.059905 0.729000
-0.204631 0.059905 0.729000
-0.202743 0.059905 0.729000
-0.200579 0.059823 0.728000
-0.261636 0.061881 0.730000
-0.259745 0.061881 0.730000
-0.257855 0.061881 0.730000
-0.255964 0.061881 0.730000
-0.254073 0.061881 0.730000
-0.210584 0.061881 0.730000
-0.208693 0.061881 0.730000
-0.206519 0.061796 0.729000
-0.204631 0.061796 0.729000
-0.202743 0.061796 0.729000
-0.200854 0.061796 0.729000
-0.261636 0.063774 0.730000
-0.259745 0.063774 0.730000
-0.257855 0.063774 0.730000
-0.255964 0.063774 0.730000
-0.254073 0.063774 0.730000
-0.208693 0.063774 0.730000
-0.206802 0.063774 0.730000
-0.204631 0.063687 0.729000
-0.202743 0.063687 0.729000
-0.200854 0.063687 0.729000
-0.198966 0.063687 0.729000
-0.261995 0.065758 0.731000
-0.260101 0.065758 0.731000
-0.258208 0.065758 0.731000
-0.256314 0.065758 0.731000
-0.254421 0.065758 0.731000
-0.208979 0.065758 0.731000
-0.206802 0.065668 0.730000
-0.204912 0.065668 0.730000
-0.203021 0.065668 0.730000
-0.200854 0.065578 0.729000
-0.198966 0.065578 0.729000
-0.261995 0.067653 0.731000
-0.260101 0.067653 0.731000
-0.258208 0.067653 0.731000
-0.256314 0.067653 0.731000
-0.254421 0.067653 0.731000
-0.208979 0.067653 0.731000
-0.207086 0.067653 0.731000
-0.204912 0.067561 0.730000
-0.203021 0.067561 0.730000
-0.201130 0.067561 0.730000
-0.199239 0.067561 0.730000
-0.261995 0.069549 0.731000
-0.260101 0.069549 0.731000
-0.258208 0.069549 0.731000
-0.256314 0.069549 0.731000
-0.254421 0.069549 0.731000
-0.207086 0.069549 0.731000
-0.205192 0.069549 0.731000
-0.203299 0.069549 0.731000
-0.201405 0.069549 0.731000
-0.199239 0.069454 0.730000
-0.197348 0.069454 0.730000
-0.263888 0.071445 0.731000
-0.261995 0.071445 0.731000
-0.260101 0.071445 0.731000
-0.258208 0.071445 0.731000
-0.256314 0.071445 0.731000
-0.254421 0.071445 0.731000
-0.207086 0.071445 0.731000
-0.205192 0.071445 0.731000
-0.203299 0.071445 0.731000
-0.201405 0.071445 0.731000
-0.199512 0.071445 0.731000
-0.197619 0.071445 0.731000
-0.264249 0.073442 0.732000
-0.262353 0.073442 0.732000
-0.260457 0.073442 0.732000
-0.258561 0.073442 0.732000
-0.256665 0.073442 0.732000
-0.254769 0.073442 0.732000
-0.207369 0.073442 0.732000
-0.205192 0.073341 0.731000
-0.203299 0.073341 0.731000
-0.201405 0.073341 0.731000
-0.199512 0.073341 0.731000
-0.197619 0.073341 0.731000
-0.195725 0.073341 0.731000
-0.262353 0.075340 0.732000
-0.260457 0.075340 0.732000
-0.258561 0.075340 0.732000
-0.256665 0.075340 0.732000
-0.254769 0.075340 0.732000
-0.205473 0.075340 0.732000
-0.203299 0.075237 0.731000
-0.201405 0.075237 0.731000
-0.199512 0.075237 0.731000
-0.197619 0.075237 0.731000
-0.195725 0.075237 0.731000
-0.262353 0.077239 0.732000
-0.260813 0.077344 0.733000
-0.258914 0.077344 0.733000
-0.257016 0.077344 0.733000
-0.255117 0.077344 0.733000
-0.205473 0.077239 0.732000
-0.203577 0.077239 0.732000
-0.201681 0.077239 0.732000
-0.199785 0.077239 0.732000
-0.197619 0.077133 0.731000
-0.195993 0.077239 0.732000
-0.194097 0.077239 0.732000
-0.262711 0.079245 0.733000
-0.260813 0.079245 0.733000
-0.258914 0.079245 0.733000
-0.257366 0.079353 0.734000
-0.255465 0.079353 0.734000
-0.203577 0.079137 0.732000
-0.201681 0.079137 0.732000
-0.199785 0.079137 0.732000
-0.197889 0.079137 0.732000
-0.195993 0.079137 0.732000
-0.194097 0.079137 0.732000
-0.263070 0.081257 0.734000
-0.261169 0.081257 0.734000
-0.259267 0.081257 0.734000
-0.257366 0.081257 0.734000
-0.255813 0.081368 0.735000
-0.203855 0.081146 0.733000
-0.201681 0.081036 0.732000
-0.199785 0.081036 0.732000
-0.197889 0.081036 0.732000
-0.195993 0.081036 0.732000
-0.194097 0.081036 0.732000
-0.192463 0.081146 0.733000
-0.263070 0.083161 0.734000
-0.261169 0.083161 0.734000
-0.259621 0.083274 0.735000
-0.257717 0.083274 0.735000
-0.256161 0.083387 0.736000
-0.203855 0.083047 0.733000
-0.201956 0.083047 0.733000
-0.199785 0.082934 0.732000
-0.197889 0.082934 0.732000
-0.195993 0.082934 0.732000
-0.194362 0.083047 0.733000
-0.192463 0.083047 0.733000
-0.263428 0.085180 0.735000
-0.261524 0.085180 0.735000
-0.259974 0.085296 0.736000
-0.258418 0.085412 0.737000
-0.256509 0.085412 0.737000
-0.201956 0.084948 0.733000
-0.200058 0.084948 0.733000
-0.198159 0.084948 0.733000
-0.196261 0.084948 0.733000
-0.194362 0.084948 0.733000
-0.192463 0.084948 0.733000
-0.190825 0.085064 0.734000
-0.263787 0.087205 0.736000
-0.262236 0.087323 0.737000
-0.260327 0.087323 0.737000
-0.258418 0.087323 0.737000
-0.256857 0.087442 0.738000
-0.202232 0.086968 0.734000
-0.200058 0.086850 0.733000
-0.198159 0.086850 0.733000
-0.196261 0.086850 0.733000
-0.194627 0.086968 0.734000
-0.192726 0.086968 0.734000
-0.190825 0.086968 0.734000
-0.264145 0.089235 0.737000
-0.262236 0.089235 0.737000
-0.260680 0.089356 0.738000
-0.258769 0.089356 0.738000
-0.257205 0.089477 0.739000
-0.255291 0.089477 0.739000
-0.200331 0.088872 0.734000
-0.198430 0.088872 0.734000
-0.196528 0.088872 0.734000
-0.194627 0.088872 0.734000
-0.192989 0.088993 0.735000
-0.191085 0.088993 0.735000
-0.189438 0.089114 0.736000
-0.264503 0.091270 0.738000
-0.262948 0.091394 0.739000
-0.261034 0.091394 0.739000
-0.259119 0.091394 0.739000
-0.257205 0.091394 0.739000
-0.255637 0.091517 0.740000
-0.200604 0.090899 0.735000
-0.198430 0.090775 0.734000
-0.196528 0.090775 0.734000
-0.194892 0.090899 0.735000
-0.192989 0.090899 0.735000
-0.191345 0.091023 0.736000
-0.189696 0.091146 0.737000
-0.264862 0.093310 0.739000
-0.262948 0.093310 0.739000
-0.261034 0.093310 0.739000
-0.259119 0.093310 0.739000
-0.257553 0.093437 0.740000
-0.255982 0.093563 0.741000
-0.198700 0.092805 0.735000
-0.196796 0.092805 0.735000
-0.195158 0.092932 0.736000
-0.193514 0.093058 0.737000
-0.191605 0.093058 0.737000
-0.189953 0.093184 0.738000
-0.188296 0.093310 0.739000
-0.262948 0.095227 0.739000
-0.261034 0.095227 0.739000
-0.259119 0.095227 0.739000
-0.257553 0.095356 0.740000
-0.255982 0.095485 0.741000
-0.198970 0.094841 0.736000
-0.197064 0.094841 0.736000
-0.195423 0.094969 0.737000
-0.193514 0.094969 0.737000
-0.191865 0.095098 0.738000
-0.190211 0.095227 0.739000
-0.188296 0.095227 0.739000
-0.262948 0.097144 0.739000
-0.261387 0.097275 0.740000
-0.259470 0.097275 0.740000
-0.257901 0.097407 0.741000
-0.255982 0.097407 0.741000
-0.197332 0.096881 0.737000
-0.195423 0.096881 0.737000
-0.194039 0.097144 0.739000
-0.192125 0.097144 0.739000
-0.190468 0.097275 0.740000
-0.188806 0.097407 0.741000
-0.186887 0.097407 0.741000
-0.263304 0.099194 0.740000
-0.261387 0.099194 0.740000
-0.259821 0.099329 0.741000
-0.257901 0.099329 0.741000
-0.255982 0.099329 0.741000
-0.195953 0.099060 0.739000
-0.194039 0.099060 0.739000
-0.192385 0.099194 0.740000
-0.190725 0.099329 0.741000
-0.188806 0.099329 0.741000
-0.187139 0.099463 0.742000
-0.263659 0.101250 0.741000
-0.261740 0.101250 0.741000
-0.259821 0.101250 0.741000
-0.258249 0.101387 0.742000
-0.256328 0.101387 0.742000
-0.254749 0.101524 0.743000
-0.195953 0.100977 0.739000
-0.194301 0.101114 0.740000
-0.192645 0.101250 0.741000
-0.190725 0.101250 0.741000
-0.189061 0.101387 0.742000
-0.187391 0.101524 0.743000
-0.185467 0.101524 0.743000
-0.264015 0.103311 0.742000
-0.262093 0.103311 0.742000
-0.260522 0.103451 0.743000
-0.258597 0.103451 0.743000
-0.256673 0.103451 0.743000
-0.254749 0.103451 0.743000
-0.194564 0.103172 0.741000
-0.192645 0.103172 0.741000
-0.190983 0.103311 0.742000
-0.189316 0.103451 0.743000
-0.187391 0.103451 0.743000
-0.185467 0.103451 0.743000
-0.183789 0.103590 0.744000
-0.262446 0.105378 0.743000
-0.260522 0.105378 0.743000
-0.258597 0.105378 0.743000
-0.257018 0.105520 0.744000
-0.255091 0.105520 0.744000
-0.194564 0.105094 0.741000
-0.192905 0.105236 0.742000
-0.191240 0.105378 0.743000
-0.189316 0.105378 0.743000
-0.187643 0.105520 0.744000
-0.185716 0.105520 0.744000
-0.183789 0.105520 0.744000
-0.262800 0.107449 0.744000
-0.260873 0.107449 0.744000
-0.258946 0.107449 0.744000
-0.257018 0.107449 0.744000
-0.255434 0.107594 0.745000
-0.193165 0.107305 0.743000
-0.191240 0.107305 0.743000
-0.189570 0.107449 0.744000
-0.187643 0.107449 0.744000
-0.185966 0.107594 0.745000
-0.184036 0.107594 0.745000
-0.182107 0.107594 0.745000
-0.263153 0.109526 0.745000
-0.261223 0.109526 0.745000
-0.259294 0.109526 0.745000
-0.257364 0.109526 0.745000
-0.255777 0.109673 0.746000
-0.253845 0.109673 0.746000
-0.191498 0.109379 0.744000
-0.189570 0.109379 0.744000
-0.187896 0.109526 0.745000
-0.185966 0.109526 0.745000
-0.184036 0.109526 0.745000
-0.182107 0.109526 0.745000
-0.180177 0.109526 0.745000
-0.261574 0.111608 0.746000
-0.259642 0.111608 0.746000
-0.257709 0.111608 0.746000
-0.255777 0.111608 0.746000
-0.253845 0.111608 0.746000
-0.191498 0.111308 0.744000
-0.189825 0.111458 0.745000
-0.187896 0.111458 0.745000
-0.185966 0.111458 0.745000
-0.184283 0.111608 0.746000
-0.182351 0.111608 0.746000
-0.180419 0.111608 0.746000
-0.261574 0.113542 0.746000
-0.259642 0.113542 0.746000
-0.257709 0.113542 0.746000
-0.255777 0.113542 0.746000
-0.253845 0.113542 0.746000
-0.251913 0.113542 0.746000
-0.189825 0.113390 0.745000
-0.187896 0.113390 0.745000
-0.186216 0.113542 0.746000
-0.184283 0.113542 0.746000
-0.182351 0.113542 0.746000
-0.180419 0.113542 0.746000
-0.178486 0.113542 0.746000
-0.261574 0.115477 0.746000
-0.259642 0.115477 0.746000
-0.257709 0.115477 0.746000
-0.256120 0.115632 0.747000
-0.254185 0.115632 0.747000
-0.252250 0.115632 0.747000
-0.188148 0.115477 0.746000
-0.186216 0.115477 0.746000
-0.184283 0.115477 0.746000
-0.182351 0.115477 0.746000
-0.180419 0.115477 0.746000
-0.178486 0.115477 0.746000
-0.176554 0.115477 0.746000
-0.259990 0.117570 0.747000
-0.258055 0.117570 0.747000
-0.256120 0.117570 0.747000
-0.254185 0.117570 0.747000
-0.252250 0.117570 0.747000
-0.250315 0.117570 0.747000
-0.188148 0.117412 0.746000
-0.186216 0.117412 0.746000
-0.184283 0.117412 0.746000
-0.182351 0.117412 0.746000
-0.180419 0.117412 0.746000
-0.178486 0.117412 0.746000
-0.176554 0.117412 0.746000
-0.174622 0.117412 0.746000
-0.259990 0.119507 0.747000
-0.258055 0.119507 0.747000
-0.256463 0.119667 0.748000
-0.254525 0.119667 0.748000
-0.252588 0.119667 0.748000
-0.250651 0.119667 0.748000
-0.186216 0.119347 0.746000
-0.184283 0.119347 0.746000
-0.182351 0.119347 0.746000
-0.180419 0.119347 0.746000
-0.178486 0.119347 0.746000
-0.176554 0.119347 0.746000
-0.174622 0.119347 0.746000
-0.258400 0.121607 0.748000
-0.256463 0.121607 0.748000
-0.254525 0.121607 0.748000
-0.252588 0.121607 0.748000
-0.250651 0.121607 0.748000
-0.248713 0.121607 0.748000
-0.184283 0.121282 0.746000
-0.182351 0.121282 0.746000
-0.180419 0.121282 0.746000
-0.178486 0.121282 0.746000
-0.176554 0.121282 0.746000
-0.174622 0.121282 0.746000
-0.172690 0.121282 0.746000
-0.258400 0.123547 0.748000
-0.256463 0.123547 0.748000
-0.254525 0.123547 0.748000
-0.252588 0.123547 0.748000
-0.250651 0.123547 0.748000
-0.248713 0.123547 0.748000
-0.184283 0.123217 0.746000
-0.182351 0.123217 0.746000
-0.180419 0.123217 0.746000
-0.178726 0.123382 0.747000
-0.176791 0.123382 0.747000
-0.174856 0.123382 0.747000
-0.172921 0.123382 0.747000
-0.170986 0.123382 0.747000
-0.256463 0.125487 0.748000
-0.254525 0.125487 0.748000
-0.252588 0.125487 0.748000
-0.250651 0.125487 0.748000
-0.248713 0.125487 0.748000
-0.246776 0.125487 0.748000
-0.182351 0.125151 0.746000
-0.180661 0.125319 0.747000
-0.178726 0.125319 0.747000
-0.176791 0.125319 0.747000
-0.174856 0.125319 0.747000
-0.172921 0.125319 0.747000
-0.170986 0.125319 0.747000
-0.169051 0.125319 0.747000
-0.256806 0.127597 0.749000
-0.254866 0.127597 0.749000
-0.252926 0.127597 0.749000
-0.250986 0.127597 0.749000
-0.249046 0.127597 0.749000
-0.247106 0.127597 0.749000
-0.245165 0.127597 0.749000
-0.180661 0.127257 0.747000
-0.178726 0.127257 0.747000
-0.176791 0.127257 0.747000
-0.174856 0.127257 0.747000
-0.172921 0.127257 0.747000
-0.171215 0.127427 0.748000
-0.169278 0.127427 0.748000
-0.167340 0.127427 0.748000
-0.255206 0.129713 0.750000
-0.253263 0.129713 0.750000
-0.250986 0.129540 0.749000
-0.249378 0.129713 0.750000
-0.247435 0.129713 0.750000
-0.245493 0.129713 0.750000
-0.243550 0.129713 0.750000
-0.178726 0.129194 0.747000
-0.176791 0.129194 0.747000
-0.175090 0.129367 0.748000
-0.173153 0.129367 0.748000
-0.171215 0.129367 0.748000
-0.169278 0.129367 0.748000
-0.167340 0.129367 0.748000
-0.165624 0.129540 0.749000
-0.253263 0.131658 0.750000
-0.251321 0.131658 0.750000
-0.249378 0.131658 0.750000
-0.247435 0.131658 0.750000
-0.245493 0.131658 0.750000
-0.243550 0.131658 0.750000
-0.177028 0.131307 0.748000
-0.175090 0.131307 0.748000
-0.173153 0.131307 0.748000
-0.171444 0.131482 0.749000
-0.169504 0.131482 0.749000
-0.167564 0.131482 0.749000
-0.165845 0.131658 0.750000
-0.163902 0.131658 0.750000
-0.251991 0.133960 0.752000
-0.250043 0.133960 0.752000
-0.248095 0.133960 0.752000
-0.246147 0.133960 0.752000
-0.244200 0.133960 0.752000
-0.242252 0.133960 0.752000
-0.175090 0.133247 0.748000
-0.173384 0.133425 0.749000
-0.171444 0.133425 0.749000
-0.169730 0.133603 0.750000
-0.167788 0.133603 0.750000
-0.165845 0.133603 0.750000
-0.164121 0.133781 0.751000
-0.162392 0.133960 0.752000
-0.252326 0.136091 0.753000
-0.250376 0.136091 0.753000
-0.248425 0.136091 0.753000
-0.246475 0.136091 0.753000
-0.244524 0.136091 0.753000
-0.242574 0.136091 0.753000
-0.240304 0.135910 0.752000
-0.173384 0.135368 0.749000
-0.171673 0.135548 0.750000
-0.169730 0.135548 0.750000
-0.168011 0.135729 0.751000
-0.166287 0.135910 0.752000
-0.164340 0.135910 0.752000
-0.162608 0.136091 0.753000
-0.160657 0.136091 0.753000
-0.251041 0.138410 0.755000
-0.249085 0.138410 0.755000
-0.247129 0.138410 0.755000
-0.245174 0.138410 0.755000
-0.242896 0.138227 0.754000
-0.240943 0.138227 0.754000
-0.238673 0.138044 0.753000
-0.171673 0.137494 0.750000
-0.169957 0.137677 0.751000
-0.168235 0.137860 0.752000
-0.166287 0.137860 0.752000
-0.164558 0.138044 0.753000
-0.162824 0.138227 0.754000
-0.161084 0.138410 0.755000
-0.159128 0.138410 0.755000
-0.249415 0.140554 0.756000
-0.247457 0.140554 0.756000
-0.245499 0.140554 0.756000
-0.243218 0.140368 0.755000
-0.241263 0.140368 0.755000
-0.239307 0.140368 0.755000
-0.237352 0.140368 0.755000
-0.169957 0.139625 0.751000
-0.168235 0.139811 0.752000
-0.166730 0.140182 0.754000
-0.164777 0.140182 0.754000
-0.163040 0.140368 0.755000
-0.161084 0.140368 0.755000
-0.159339 0.140554 0.756000
-0.157381 0.140554 0.756000
-0.247784 0.142704 0.757000
-0.245499 0.142515 0.756000
-0.243540 0.142515 0.756000
-0.241582 0.142515 0.756000
-0.239307 0.142327 0.755000
-0.237352 0.142327 0.755000
-0.235396 0.142327 0.755000
-0.168459 0.141950 0.753000
-0.166951 0.142327 0.755000
-0.164995 0.142327 0.755000
-0.163256 0.142515 0.756000
-0.161297 0.142515 0.756000
-0.159550 0.142704 0.757000
-0.157589 0.142704 0.757000
-0.155628 0.142704 0.757000
-0.246148 0.144858 0.758000
-0.244185 0.144858 0.758000
-0.241582 0.144476 0.756000
-0.239624 0.144476 0.756000
-0.237666 0.144476 0.756000
-0.235708 0.144476 0.756000
-0.233750 0.144476 0.756000
-0.166951 0.144285 0.755000
-0.164995 0.144285 0.755000
-0.163256 0.144476 0.756000
-0.161511 0.144667 0.757000
-0.159761 0.144858 0.758000
-0.157797 0.144858 0.758000
-0.155834 0.144858 0.758000
-0.244185 0.146824 0.758000
-0.242221 0.146824 0.758000
-0.240258 0.146824 0.758000
-0.237980 0.146630 0.757000
-0.236020 0.146630 0.757000
-0.234059 0.146630 0.757000
-0.231791 0.146437 0.756000
-0.229833 0.146437 0.756000
-0.165214 0.146437 0.756000
-0.163256 0.146437 0.756000
-0.161511 0.146630 0.757000
-0.159761 0.146824 0.758000
-0.158006 0.147018 0.759000
-0.156040 0.147018 0.759000
-0.154074 0.147018 0.759000
-0.152108 0.147018 0.759000
-0.242541 0.148986 0.759000
-0.240258 0.148790 0.758000
-0.238295 0.148790 0.758000
-0.236331 0.148790 0.758000
-0.234368 0.148790 0.758000
-0.232405 0.148790 0.758000
-0.230137 0.148594 0.757000
-0.163256 0.148397 0.756000
-0.161511 0.148594 0.757000
-0.159761 0.148790 0.758000
-0.157797 0.148790 0.758000
-0.156040 0.148986 0.759000
-0.154074 0.148986 0.759000
-0.152108 0.148986 0.759000
-0.150142 0.148986 0.759000
-0.240575 0.150955 0.759000
-0.238609 0.150955 0.759000
-0.236643 0.150955 0.759000
-0.234677 0.150955 0.759000
-0.232711 0.150955 0.759000
-0.230745 0.150955 0.759000
-0.228478 0.150756 0.758000
-0.226515 0.150756 0.758000
-0.161297 0.150358 0.756000
-0.159761 0.150756 0.758000
-0.157797 0.150756 0.758000
-0.156040 0.150955 0.759000
-0.154074 0.150955 0.759000
-0.152108 0.150955 0.759000
-0.150142 0.150955 0.759000
-0.148176 0.150955 0.759000
-0.238923 0.153125 0.760000
-0.236955 0.153125 0.760000
-0.234986 0.153125 0.760000
-0.233018 0.153125 0.760000
-0.230745 0.152923 0.759000
-0.228779 0.152923 0.759000
-0.227112 0.153125 0.760000
-0.225144 0.153125 0.760000
-0.159550 0.152520 0.757000
-0.157797 0.152722 0.758000
-0.156040 0.152923 0.759000
-0.154074 0.152923 0.759000
-0.152108 0.152923 0.759000
-0.150142 0.152923 0.759000
-0.148371 0.153125 0.760000
-0.146403 0.153125 0.760000
-0.237267 0.155300 0.761000
-0.235296 0.155300 0.761000
-0.233324 0.155300 0.761000
-0.231353 0.155300 0.761000
-0.229382 0.155300 0.761000
-0.227411 0.155300 0.761000
-0.225440 0.155300 0.761000
-0.223469 0.155300 0.761000
-0.157797 0.154688 0.758000
-0.155834 0.154688 0.758000
-0.154074 0.154892 0.759000
-0.152108 0.154892 0.759000
-0.150340 0.155096 0.760000
-0.148371 0.155096 0.760000
-0.146403 0.155096 0.760000
-0.144434 0.155096 0.760000
-0.235296 0.157274 0.761000
-0.233324 0.157274 0.761000
-0.231353 0.157274 0.761000
-0.229382 0.157274 0.761000
-0.227411 0.157274 0.761000
-0.225440 0.157274 0.761000
-0.223469 0.157274 0.761000
-0.221498 0.157274 0.761000
-0.155834 0.156654 0.758000
-0.154074 0.156860 0.759000
-0.152108 0.156860 0.759000
-0.150340 0.157067 0.760000
-0.148371 0.157067 0.760000
-0.146403 0.157067 0.760000
-0.144434 0.157067 0.760000
-0.142466 0.157067 0.760000
-0.231657 0.159457 0.762000
-0.229684 0.159457 0.762000
-0.227710 0.159457 0.762000
-0.225736 0.159457 0.762000
-0.223762 0.159457 0.762000
-0.221498 0.159247 0.761000
-0.219527 0.159247 0.761000
-0.217555 0.159247 0.761000
-0.152108 0.158829 0.759000
-0.150142 0.158829 0.759000
-0.148371 0.159038 0.760000
-0.146403 0.159038 0.760000
-0.144434 0.159038 0.760000
-0.142466 0.159038 0.760000
-0.140497 0.159038 0.760000
-0.229684 0.161433 0.762000
-0.227710 0.161433 0.762000
-0.225736 0.161433 0.762000
-0.223762 0.161433 0.762000
-0.221789 0.161433 0.762000
-0.219815 0.161433 0.762000
-0.217841 0.161433 0.762000
-0.215868 0.161433 0.762000
-0.152108 0.160797 0.759000
-0.150142 0.160797 0.759000
-0.148176 0.160797 0.759000
-0.146403 0.161009 0.760000
-0.144434 0.161009 0.760000
-0.142466 0.161009 0.760000
-0.140497 0.161009 0.760000
-0.138528 0.161009 0.760000
-0.136560 0.161009 0.760000
-0.227710 0.163409 0.762000
-0.225736 0.163409 0.762000
-0.223762 0.163409 0.762000
-0.221789 0.163409 0.762000
-0.219815 0.163409 0.762000
-0.217841 0.163409 0.762000
-0.215868 0.163409 0.762000
-0.213894 0.163409 0.762000
-0.148176 0.162766 0.759000
-0.146210 0.162766 0.759000
-0.144244 0.162766 0.759000
-0.142278 0.162766 0.759000
-0.140497 0.162980 0.760000
-0.138528 0.162980 0.760000
-0.136560 0.162980 0.760000
-0.134591 0.162980 0.760000
-0.225736 0.165386 0.762000
-0.223762 0.165386 0.762000
-0.221789 0.165386 0.762000
-0.219815 0.165386 0.762000
-0.217841 0.165386 0.762000
-0.215868 0.165386 0.762000
-0.213894 0.165386 0.762000
-0.211920 0.165386 0.762000
-0.209947 0.165386 0.762000
-0.146210 0.164734 0.759000
-0.144244 0.164734 0.759000
-0.142278 0.164734 0.759000
-0.140497 0.164952 0.760000
-0.138528 0.164952 0.760000
-0.136560 0.164952 0.760000
-0.134591 0.164952 0.760000
-0.132623 0.164952 0.760000
-0.222080 0.167582 0.763000
-0.220104 0.167582 0.763000
-0.218127 0.167582 0.763000
-0.216151 0.167582 0.763000
-0.213894 0.167362 0.762000
-0.211920 0.167362 0.762000
-0.209947 0.167362 0.762000
-0.207973 0.167362 0.762000
-0.142278 0.166703 0.759000
-0.140312 0.166703 0.759000
-0.138528 0.166923 0.760000
-0.136560 0.166923 0.760000
-0.134591 0.166923 0.760000
-0.132623 0.166923 0.760000
-0.130654 0.166923 0.760000
-0.128686 0.166923 0.760000
-0.220104 0.169560 0.763000
-0.218127 0.169560 0.763000
-0.216151 0.169560 0.763000
-0.214175 0.169560 0.763000
-0.212198 0.169560 0.763000
-0.210222 0.169560 0.763000
-0.208246 0.169560 0.763000
-0.206269 0.169560 0.763000
-0.204025 0.169338 0.762000
-0.140312 0.168672 0.759000
-0.138528 0.168894 0.760000
-0.136560 0.168894 0.760000
-0.134591 0.168894 0.760000
-0.132623 0.168894 0.760000
-0.130654 0.168894 0.760000
-0.128686 0.168894 0.760000
-0.126717 0.168894 0.760000
-0.124749 0.168894 0.760000
-0.218127 0.171539 0.763000
-0.216151 0.171539 0.763000
-0.214175 0.171539 0.763000
-0.212198 0.171539 0.763000
-0.210222 0.171539 0.763000
-0.208246 0.171539 0.763000
-0.206269 0.171539 0.763000
-0.204293 0.171539 0.763000
-0.202317 0.171539 0.763000
-0.136560 0.170865 0.760000
-0.134591 0.170865 0.760000
-0.132623 0.170865 0.760000
-0.130654 0.170865 0.760000
-0.128686 0.170865 0.760000
-0.126717 0.170865 0.760000
-0.124749 0.170865 0.760000
-0.122942 0.171090 0.761000
-0.120971 0.171090 0.761000
-0.119000 0.171090 0.761000
-0.214455 0.173746 0.764000
-0.212476 0.173746 0.764000
-0.210222 0.173518 0.763000
-0.208246 0.173518 0.763000
-0.206269 0.173518 0.763000
-0.204293 0.173518 0.763000
-0.202317 0.173518 0.763000
-0.200341 0.173518 0.763000
-0.132623 0.172836 0.760000
-0.130654 0.172836 0.760000
-0.128686 0.172836 0.760000
-0.126884 0.173063 0.761000
-0.124913 0.173063 0.761000
-0.122942 0.173063 0.761000
-0.120971 0.173063 0.761000
-0.119000 0.173063 0.761000
-0.117028 0.173063 0.761000
-0.210498 0.175727 0.764000
-0.208519 0.175727 0.764000
-0.206540 0.175727 0.764000
-0.204561 0.175727 0.764000
-0.202317 0.175497 0.763000
-0.200341 0.175497 0.763000
-0.198364 0.175497 0.763000
-0.196388 0.175497 0.763000
-0.128686 0.174807 0.760000
-0.126884 0.175037 0.761000
-0.124913 0.175037 0.761000
-0.122942 0.175037 0.761000
-0.120971 0.175037 0.761000
-0.119000 0.175037 0.761000
-0.117028 0.175037 0.761000
-0.115057 0.175037 0.761000
-0.113086 0.175037 0.761000
-0.111115 0.175037 0.761000
-0.208792 0.177941 0.765000
-0.206810 0.177941 0.765000
-0.204561 0.177709 0.764000
-0.202582 0.177709 0.764000
-0.200603 0.177709 0.764000
-0.198364 0.177476 0.763000
-0.196388 0.177476 0.763000
-0.194412 0.177476 0.763000
-0.192435 0.177476 0.763000
-0.126884 0.177011 0.761000
-0.124913 0.177011 0.761000
-0.122942 0.177011 0.761000
-0.120971 0.177011 0.761000
-0.119000 0.177011 0.761000
-0.117028 0.177011 0.761000
-0.115057 0.177011 0.761000
-0.113235 0.177244 0.762000
-0.111261 0.177244 0.762000
-0.109287 0.177244 0.762000
-0.107314 0.177244 0.762000
-0.206810 0.179925 0.765000
-0.204829 0.179925 0.765000
-0.202847 0.179925 0.765000
-0.200603 0.179690 0.764000
-0.198624 0.179690 0.764000
-0.196645 0.179690 0.764000
-0.194666 0.179690 0.764000
-0.192435 0.179455 0.763000
-0.190459 0.179455 0.763000
-0.122942 0.178985 0.761000
-0.120971 0.178985 0.761000
-0.119000 0.178985 0.761000
-0.117028 0.178985 0.761000
-0.115209 0.179220 0.762000
-0.113235 0.179220 0.762000
-0.111261 0.179220 0.762000
-0.109287 0.179220 0.762000
-0.107314 0.179220 0.762000
-0.105340 0.179220 0.762000
-0.103366 0.179220 0.762000
-0.204829 0.181910 0.765000
-0.202847 0.181910 0.765000
-0.200866 0.181910 0.765000
-0.198884 0.181910 0.765000
-0.196903 0.181910 0.765000
-0.194666 0.181672 0.764000
-0.192688 0.181672 0.764000
-0.190709 0.181672 0.764000
-0.188730 0.181672 0.764000
-0.186751 0.181672 0.764000
-0.120971 0.180958 0.761000
-0.119000 0.180958 0.761000
-0.117182 0.181196 0.762000
-0.115209 0.181196 0.762000
-0.113235 0.181196 0.762000
-0.111261 0.181196 0.762000
-0.109287 0.181196 0.762000
-0.107314 0.181196 0.762000
-0.105340 0.181196 0.762000
-0.103502 0.181434 0.763000
-0.101526 0.181434 0.763000
-0.099549 0.181434 0.763000
-0.097573 0.181434 0.763000
-0.095597 0.181434 0.763000
-0.014626 0.182147 0.766000
-0.012642 0.182147 0.766000
-0.010672 0.182385 0.767000
-0.200866 0.183894 0.765000
-0.198884 0.183894 0.765000
-0.196903 0.183894 0.765000
-0.194921 0.183894 0.765000
-0.192940 0.183894 0.765000
-0.190958 0.183894 0.765000
-0.188977 0.183894 0.765000
-0.186751 0.183653 0.764000
-0.184772 0.183653 0.764000
-0.183032 0.183894 0.765000
-0.115209 0.183172 0.762000
-0.113235 0.183172 0.762000
-0.111261 0.183172 0.762000
-0.109287 0.183172 0.762000
-0.107314 0.183172 0.762000
-0.105478 0.183413 0.763000
-0.103502 0.183413 0.763000
-0.101526 0.183413 0.763000
-0.099549 0.183413 0.763000
-0.097573 0.183413 0.763000
-0.095597 0.183413 0.763000
-0.093620 0.183413 0.763000
-0.091764 0.183653 0.764000
-0.089785 0.183653 0.764000
-0.016610 0.184134 0.766000
-0.014626 0.184134 0.766000
-0.012642 0.184134 0.766000
-0.010672 0.184374 0.767000
-0.197160 0.186121 0.766000
-0.195176 0.186121 0.766000
-0.193192 0.186121 0.766000
-0.190958 0.185878 0.765000
-0.188977 0.185878 0.765000
-0.186995 0.185878 0.765000
-0.185256 0.186121 0.766000
-0.183272 0.186121 0.766000
-0.181288 0.186121 0.766000
-0.179303 0.186121 0.766000
-0.111261 0.185149 0.762000
-0.109287 0.185149 0.762000
-0.107455 0.185392 0.763000
-0.105478 0.185392 0.763000
-0.103502 0.185392 0.763000
-0.101526 0.185392 0.763000
-0.099549 0.185392 0.763000
-0.097701 0.185635 0.764000
-0.095722 0.185635 0.764000
-0.093743 0.185635 0.764000
-0.091884 0.185878 0.765000
-0.089903 0.185878 0.765000
-0.087921 0.185878 0.765000
-0.086052 0.186121 0.766000
-0.084068 0.186121 0.766000
-0.082084 0.186121 0.766000
-0.020524 0.185635 0.764000
-0.018570 0.185878 0.765000
-0.016588 0.185878 0.765000
-0.014626 0.186121 0.766000
-0.012642 0.186121 0.766000
-0.010658 0.186121 0.766000
-0.193192 0.188107 0.766000
-0.191208 0.188107 0.766000
-0.189224 0.188107 0.766000
-0.187240 0.188107 0.766000
-0.185256 0.188107 0.766000
-0.183511 0.188353 0.767000
-0.181524 0.188353 0.767000
-0.179772 0.188599 0.768000
-0.177782 0.188599 0.768000
-0.176022 0.188844 0.769000
-0.107455 0.187371 0.763000
-0.105478 0.187371 0.763000
-0.103502 0.187371 0.763000
-0.101526 0.187371 0.763000
-0.099680 0.187616 0.764000
-0.097701 0.187616 0.764000
-0.095847 0.187862 0.765000
-0.093866 0.187862 0.765000
-0.091884 0.187862 0.765000
-0.090020 0.188107 0.766000
-0.088036 0.188107 0.766000
-0.086052 0.188107 0.766000
-0.084178 0.188353 0.767000
-0.082298 0.188599 0.768000
-0.080414 0.188844 0.769000
-0.078422 0.188844 0.769000
-0.076430 0.188844 0.769000
-0.074438 0.188844 0.769000
-0.024450 0.187371 0.763000
-0.022503 0.187616 0.764000
-0.020524 0.187616 0.764000
-0.018570 0.187862 0.765000
-0.016588 0.187862 0.765000
-0.014607 0.187862 0.765000
-0.012642 0.188107 0.766000
-0.191707 0.190590 0.768000
-0.189718 0.190590 0.768000
-0.187729 0.190590 0.768000
-0.185739 0.190590 0.768000
-0.183989 0.190839 0.769000
-0.181998 0.190839 0.769000
-0.180006 0.190839 0.769000
-0.178014 0.190839 0.769000
-0.176251 0.191087 0.770000
-0.174257 0.191087 0.770000
-0.172486 0.191335 0.771000
-0.101526 0.189350 0.763000
-0.099680 0.189598 0.764000
-0.097701 0.189598 0.764000
-0.095847 0.189846 0.765000
-0.093866 0.189846 0.765000
-0.092004 0.190094 0.766000
-0.090020 0.190094 0.766000
-0.088266 0.190590 0.768000
-0.086277 0.190590 0.768000
-0.084397 0.190839 0.769000
-0.082406 0.190839 0.769000
-0.080518 0.191087 0.770000
-0.078626 0.191335 0.771000
-0.076629 0.191335 0.771000
-0.074729 0.191583 0.772000
-0.072729 0.191583 0.772000
-0.070729 0.191583 0.772000
-0.068730 0.191583 0.772000
-0.066730 0.191583 0.772000
-0.028440 0.189598 0.764000
-0.026461 0.189598 0.764000
-0.024482 0.189598 0.764000
-0.022503 0.189598 0.764000
-0.020524 0.189598 0.764000
-0.018570 0.189846 0.765000
-0.016588 0.189846 0.765000
-0.014626 0.190094 0.766000
-0.187973 0.192833 0.769000
-0.185981 0.192833 0.769000
-0.184229 0.193084 0.770000
-0.182234 0.193084 0.770000
-0.180240 0.193084 0.770000
-0.178477 0.193335 0.771000
-0.176480 0.193335 0.771000
-0.174709 0.193585 0.772000
-0.172710 0.193585 0.772000
-0.170710 0.193585 0.772000
-0.168710 0.193585 0.772000
-0.097701 0.191579 0.764000
-0.095847 0.191830 0.765000
-0.093866 0.191830 0.765000
-0.092004 0.192081 0.766000
-0.090138 0.192332 0.767000
-0.088266 0.192582 0.768000
-0.086389 0.192833 0.769000
-0.084397 0.192833 0.769000
-0.082620 0.193335 0.771000
-0.080623 0.193335 0.771000
-0.078728 0.193585 0.772000
-0.076728 0.193585 0.772000
-0.074825 0.193836 0.773000
-0.072823 0.193836 0.773000
-0.070913 0.194087 0.774000
-0.068908 0.194087 0.774000
-0.066903 0.194087 0.774000
-0.064898 0.194087 0.774000
-0.062893 0.194087 0.774000
-0.060889 0.194087 0.774000
-0.058808 0.193836 0.773000
-0.056806 0.193836 0.773000
-0.054733 0.193585 0.772000
-0.052665 0.193335 0.771000
-0.050602 0.193084 0.770000
-0.048544 0.192833 0.769000
-0.032440 0.191830 0.765000
-0.030458 0.191830 0.765000
-0.028477 0.191830 0.765000
-0.026461 0.191579 0.764000
-0.024482 0.191579 0.764000
-0.022533 0.191830 0.765000
-0.020551 0.191830 0.765000
-0.018570 0.191830 0.765000
-0.016588 0.191830 0.765000
-0.184468 0.195334 0.771000
-0.182708 0.195588 0.772000
-0.180708 0.195588 0.772000
-0.178708 0.195588 0.772000
-0.176709 0.195588 0.772000
-0.174709 0.195588 0.772000
-0.172933 0.195841 0.773000
-0.170931 0.195841 0.773000
-0.168929 0.195841 0.773000
-0.166927 0.195841 0.773000
-0.164924 0.195841 0.773000
-0.090138 0.194321 0.767000
-0.088266 0.194574 0.768000
-0.086389 0.194827 0.769000
-0.084507 0.195081 0.770000
-0.082620 0.195334 0.771000
-0.080727 0.195588 0.772000
-0.078728 0.195588 0.772000
-0.076828 0.195841 0.773000
-0.074922 0.196094 0.774000
-0.072917 0.196094 0.774000
-0.070913 0.196094 0.774000
-0.068908 0.196094 0.774000
-0.066903 0.196094 0.774000
-0.064898 0.196094 0.774000
-0.062893 0.196094 0.774000
-0.060889 0.196094 0.774000
-0.058884 0.196094 0.774000
-0.056879 0.196094 0.774000
-0.054874 0.196094 0.774000
-0.052733 0.195588 0.772000
-0.050733 0.195588 0.772000
-0.048734 0.195588 0.772000
-0.046674 0.195334 0.771000
-0.044619 0.195081 0.770000
-0.040524 0.194574 0.768000
-0.038485 0.194321 0.767000
-0.036450 0.194067 0.766000
-0.034466 0.194067 0.766000
-0.032482 0.194067 0.766000
-0.030458 0.193814 0.765000
-0.028477 0.193814 0.765000
-0.026496 0.193814 0.765000
-0.024514 0.193814 0.765000
-0.022533 0.193814 0.765000
-0.020551 0.193814 0.765000
-0.018594 0.194067 0.766000
-0.016610 0.194067 0.766000
-0.180708 0.197590 0.772000
-0.178708 0.197590 0.772000
-0.176709 0.197590 0.772000
-0.174935 0.197846 0.773000
-0.172933 0.197846 0.773000
-0.171152 0.198102 0.774000
-0.169147 0.198102 0.774000
-0.167143 0.198102 0.774000
-0.165138 0.198102 0.774000
-0.162922 0.197846 0.773000
-0.160920 0.197846 0.773000
-0.158918 0.197846 0.773000
-0.084507 0.197078 0.770000
-0.082620 0.197334 0.771000
-0.080727 0.197590 0.772000
-0.078728 0.197590 0.772000
-0.076828 0.197846 0.773000
-0.074922 0.198102 0.774000
-0.072917 0.198102 0.774000
-0.070913 0.198102 0.774000
-0.068997 0.198358 0.775000
-0.066989 0.198358 0.775000
-0.064982 0.198358 0.775000
-0.062975 0.198358 0.775000
-0.060967 0.198358 0.775000
-0.058960 0.198358 0.775000
-0.056953 0.198358 0.775000
-0.054874 0.198102 0.774000
-0.052870 0.198102 0.774000
-0.050799 0.197846 0.773000
-0.048797 0.197846 0.773000
-0.046734 0.197590 0.772000
-0.044734 0.197590 0.772000
-0.042679 0.197334 0.771000
-0.040630 0.197078 0.770000
-0.038585 0.196822 0.769000
-0.036593 0.196822 0.769000
-0.034556 0.196566 0.768000
-0.032525 0.196310 0.767000
-0.030498 0.196054 0.766000
-0.028514 0.196054 0.766000
-0.026530 0.196054 0.766000
-0.024546 0.196054 0.766000
-0.022562 0.196054 0.766000
-0.020578 0.196054 0.766000
-0.176938 0.199851 0.773000
-0.174935 0.199851 0.773000
-0.172933 0.199851 0.773000
-0.170931 0.199851 0.773000
-0.169147 0.200109 0.774000
-0.167143 0.200109 0.774000
-0.165138 0.200109 0.774000
-0.163133 0.200109 0.774000
-0.161128 0.200109 0.774000
-0.159123 0.200109 0.774000
-0.156916 0.199851 0.773000
-0.154913 0.199851 0.773000
-0.072917 0.200109 0.774000
-0.070913 0.200109 0.774000
-0.068997 0.200368 0.775000
-0.066989 0.200368 0.775000
-0.064982 0.200368 0.775000
-0.062975 0.200368 0.775000
-0.060967 0.200368 0.775000
-0.058960 0.200368 0.775000
-0.056953 0.200368 0.775000
-0.054945 0.200368 0.775000
-0.052870 0.200109 0.774000
-0.050865 0.200109 0.774000
-0.048860 0.200109 0.774000
-0.046855 0.200109 0.774000
-0.044792 0.199851 0.773000
-0.042735 0.199592 0.772000
-0.040735 0.199592 0.772000
-0.038685 0.199334 0.771000
-0.036641 0.199075 0.770000
-0.034601 0.198816 0.769000
-0.032610 0.198816 0.769000
-0.030618 0.198816 0.769000
-0.028589 0.198558 0.768000
-0.026565 0.198299 0.767000
-0.024578 0.198299 0.767000
-0.022591 0.198299 0.767000
-0.173157 0.202117 0.774000
-0.171152 0.202117 0.774000
-0.169147 0.202117 0.774000
-0.167143 0.202117 0.774000
-0.165138 0.202117 0.774000
-0.163133 0.202117 0.774000
-0.161128 0.202117 0.774000
-0.159123 0.202117 0.774000
-0.157119 0.202117 0.774000
-0.155114 0.202117 0.774000
-0.153109 0.202117 0.774000
-0.151104 0.202117 0.774000
-0.052938 0.202378 0.775000
-0.050930 0.202378 0.775000
-0.048860 0.202117 0.774000
-0.046855 0.202117 0.774000
-0.044850 0.202117 0.774000
-0.042846 0.202117 0.774000
-0.040788 0.201855 0.773000
-0.038736 0.201594 0.772000
-0.036736 0.201594 0.772000
-0.034736 0.201594 0.772000
-0.032694 0.201333 0.771000
-0.030658 0.201072 0.770000
-0.028626 0.200811 0.769000
-0.169147 0.204124 0.774000
-0.167143 0.204124 0.774000
-0.165138 0.204124 0.774000
-0.163133 0.204124 0.774000
-0.161128 0.204124 0.774000
-0.159123 0.204124 0.774000
-0.157119 0.204124 0.774000
-0.155114 0.204124 0.774000
-0.153307 0.204388 0.775000
-0.151299 0.204388 0.775000
-0.149292 0.204388 0.775000
-0.147285 0.204388 0.775000
-0.145277 0.204388 0.775000
-0.143270 0.204388 0.775000
-0.054945 0.204388 0.775000
-0.052938 0.204388 0.775000
-0.050930 0.204388 0.775000
-0.048923 0.204388 0.775000
-0.046916 0.204388 0.775000
-0.044850 0.204124 0.774000
-0.042846 0.204124 0.774000
-0.040841 0.204124 0.774000
-0.038836 0.204124 0.774000
-0.036784 0.203860 0.773000
-0.034781 0.203860 0.773000
-0.032737 0.203597 0.772000
-0.165138 0.206131 0.774000
-0.163133 0.206131 0.774000
-0.161128 0.206131 0.774000
-0.159123 0.206131 0.774000
-0.157119 0.206131 0.774000
-0.155314 0.206398 0.775000
-0.153307 0.206398 0.775000
-0.151299 0.206398 0.775000
-0.149292 0.206398 0.775000
-0.147475 0.206664 0.776000
-0.145465 0.206664 0.776000
-0.143455 0.206664 0.776000
-0.141445 0.206664 0.776000
-0.139435 0.206664 0.776000
-0.137425 0.206664 0.776000
-0.062731 0.205599 0.772000
-0.060731 0.205599 0.772000
-0.058884 0.206131 0.774000
-0.056879 0.206131 0.774000
-0.054874 0.206131 0.774000
-0.052870 0.206131 0.774000
-0.050930 0.206398 0.775000
-0.048860 0.206131 0.774000
-0.046855 0.206131 0.774000
-0.044850 0.206131 0.774000
-0.042846 0.206131 0.774000
-0.040841 0.206131 0.774000
-0.038836 0.206131 0.774000
-0.159123 0.208139 0.774000
-0.157322 0.208408 0.775000
-0.155314 0.208408 0.775000
-0.153307 0.208408 0.775000
-0.151495 0.208677 0.776000
-0.149485 0.208677 0.776000
-0.147475 0.208677 0.776000
-0.145465 0.208677 0.776000
-0.143640 0.208946 0.777000
-0.141627 0.208946 0.777000
-0.139615 0.208946 0.777000
-0.137602 0.208946 0.777000
-0.135589 0.208946 0.777000
-0.133577 0.208946 0.777000
-0.131395 0.208677 0.776000
-0.129385 0.208677 0.776000
-0.127375 0.208677 0.776000
-0.068463 0.206794 0.769000
-0.066471 0.206794 0.769000
-0.064563 0.207063 0.770000
-0.062568 0.207063 0.770000
-0.060653 0.207332 0.771000
-0.058732 0.207601 0.772000
-0.056806 0.207870 0.773000
-0.054874 0.208139 0.774000
-0.052870 0.208139 0.774000
-0.050865 0.208139 0.774000
-0.048860 0.208139 0.774000
-0.046855 0.208139 0.774000
-0.044850 0.208139 0.774000
-0.042846 0.208139 0.774000
-0.153505 0.210689 0.776000
-0.151495 0.210689 0.776000
-0.149485 0.210689 0.776000
-0.147475 0.210689 0.776000
-0.145652 0.210961 0.777000
-0.143640 0.210961 0.777000
-0.141627 0.210961 0.777000
-0.139615 0.210961 0.777000
-0.137602 0.210961 0.777000
-0.135589 0.210961 0.777000
-0.133577 0.210961 0.777000
-0.131564 0.210961 0.777000
-0.129552 0.210961 0.777000
-0.127539 0.210961 0.777000
-0.125527 0.210961 0.777000
-0.123355 0.210689 0.776000
-0.121345 0.210689 0.776000
-0.119335 0.210689 0.776000
-0.117325 0.210689 0.776000
-0.078524 0.209060 0.770000
-0.076430 0.208789 0.769000
-0.074438 0.208789 0.769000
-0.072446 0.208789 0.769000
-0.070455 0.208789 0.769000
-0.068463 0.208789 0.769000
-0.066557 0.209060 0.770000
-0.064563 0.209060 0.770000
-0.062650 0.209332 0.771000
-0.060731 0.209603 0.772000
-0.058732 0.209603 0.772000
-0.056879 0.210146 0.774000
-0.054874 0.210146 0.774000
-0.052870 0.210146 0.774000
-0.050930 0.210418 0.775000
-0.048923 0.210418 0.775000
-0.046855 0.210146 0.774000
-0.147665 0.212976 0.777000
-0.145652 0.212976 0.777000
-0.143640 0.212976 0.777000
-0.141627 0.212976 0.777000
-0.139615 0.212976 0.777000
-0.137602 0.212976 0.777000
-0.135589 0.212976 0.777000
-0.133577 0.212976 0.777000
-0.131564 0.212976 0.777000
-0.129552 0.212976 0.777000
-0.127539 0.212976 0.777000
-0.125527 0.212976 0.777000
-0.123514 0.212976 0.777000
-0.121502 0.212976 0.777000
-0.119489 0.212976 0.777000
-0.117476 0.212976 0.777000
-0.115464 0.212976 0.777000
-0.113451 0.212976 0.777000
-0.111439 0.212976 0.777000
-0.109426 0.212976 0.777000
-0.107414 0.212976 0.777000
-0.105401 0.212976 0.777000
-0.103388 0.212976 0.777000
-0.101376 0.212976 0.777000
-0.099363 0.212976 0.777000
-0.097225 0.212702 0.776000
-0.095216 0.212702 0.776000
-0.093206 0.212702 0.776000
-0.091078 0.212428 0.775000
-0.089071 0.212428 0.775000
-0.086951 0.212154 0.774000
-0.084836 0.211880 0.773000
-0.082727 0.211606 0.772000
-0.080727 0.211606 0.772000
-0.078626 0.211331 0.771000
-0.076529 0.211057 0.770000
-0.074535 0.211057 0.770000
-0.072541 0.211057 0.770000
-0.070546 0.211057 0.770000
-0.068552 0.211057 0.770000
-0.066644 0.211331 0.771000
-0.064731 0.211606 0.772000
-0.062731 0.211606 0.772000
-0.060810 0.211880 0.773000
-0.058884 0.212154 0.774000
-0.056879 0.212154 0.774000
-0.054945 0.212428 0.775000
-0.052938 0.212428 0.775000
-0.141627 0.214991 0.777000
-0.139615 0.214991 0.777000
-0.137602 0.214991 0.777000
-0.135589 0.214991 0.777000
-0.133577 0.214991 0.777000
-0.131564 0.214991 0.777000
-0.129552 0.214991 0.777000
-0.127539 0.214991 0.777000
-0.125527 0.214991 0.777000
-0.123514 0.214991 0.777000
-0.121502 0.214991 0.777000
-0.119489 0.214991 0.777000
-0.117476 0.214991 0.777000
-0.115464 0.214991 0.777000
-0.113451 0.214991 0.777000
-0.111439 0.214991 0.777000
-0.109426 0.214991 0.777000
-0.107552 0.215268 0.778000
-0.105537 0.215268 0.778000
-0.103522 0.215268 0.778000
-0.101506 0.215268 0.778000
-0.099491 0.215268 0.778000
-0.097476 0.215268 0.778000
-0.095338 0.214991 0.777000
-0.093326 0.214991 0.777000
-0.091313 0.214991 0.777000
-0.089186 0.214715 0.776000
-0.087176 0.214715 0.776000
-0.085056 0.214438 0.775000
-0.082941 0.214161 0.774000
-0.080832 0.213885 0.773000
-0.078728 0.213608 0.772000
-0.076728 0.213608 0.772000
-0.074632 0.213331 0.771000
-0.072635 0.213331 0.771000
-0.070638 0.213331 0.771000
-0.068730 0.213608 0.772000
-0.066730 0.213608 0.772000
-0.064814 0.213885 0.773000
-0.062812 0.213885 0.773000
-0.060889 0.214161 0.774000
-0.058884 0.214161 0.774000
-0.056953 0.214438 0.775000
-0.133577 0.217007 0.777000
-0.131564 0.217007 0.777000
-0.129552 0.217007 0.777000
-0.127539 0.217007 0.777000
-0.125527 0.217007 0.777000
-0.123514 0.217007 0.777000
-0.121502 0.217007 0.777000
-0.119489 0.217007 0.777000
-0.117476 0.217007 0.777000
-0.115612 0.217286 0.778000
-0.113597 0.217286 0.778000
-0.111582 0.217286 0.778000
-0.109567 0.217286 0.778000
-0.107552 0.217286 0.778000
-0.105537 0.217286 0.778000
-0.103522 0.217286 0.778000
-0.101506 0.217286 0.778000
-0.099619 0.217565 0.779000
-0.097476 0.217286 0.778000
-0.095461 0.217286 0.778000
-0.093446 0.217286 0.778000
-0.091431 0.217286 0.778000
-0.089301 0.217007 0.777000
-0.087288 0.217007 0.777000
-0.085275 0.217007 0.777000
-0.083156 0.216727 0.776000
-0.081041 0.216448 0.775000
-0.078932 0.216169 0.774000
-0.076927 0.216169 0.774000
-0.074825 0.215889 0.773000
-0.072729 0.215610 0.772000
-0.070729 0.215610 0.772000
-0.068730 0.215610 0.772000
-0.066903 0.216169 0.774000
-0.064898 0.216169 0.774000
-0.123514 0.219022 0.777000
-0.121658 0.219304 0.778000
-0.119643 0.219304 0.778000
-0.117628 0.219304 0.778000
-0.115612 0.219304 0.778000
-0.113597 0.219304 0.778000
-0.111582 0.219304 0.778000
-0.109567 0.219304 0.778000
-0.107690 0.219585 0.779000
-0.105672 0.219585 0.779000
-0.103655 0.219585 0.779000
-0.101637 0.219585 0.779000
-0.099619 0.219585 0.779000
-0.097601 0.219585 0.779000
-0.095584 0.219585 0.779000
-0.093566 0.219585 0.779000
-0.091548 0.219585 0.779000
-0.089530 0.219585 0.779000
-0.087400 0.219304 0.778000
-0.085385 0.219304 0.778000
-0.083263 0.219022 0.777000
-0.081250 0.219022 0.777000
-0.079136 0.218740 0.776000
-0.077126 0.218740 0.776000
-0.075019 0.218458 0.775000
-0.107690 0.221606 0.779000
-0.105672 0.221606 0.779000
-0.103655 0.221606 0.779000
-0.101767 0.221890 0.780000
-0.099747 0.221890 0.780000
-0.097852 0.222175 0.781000
-0.095829 0.222175 0.781000
-0.093806 0.222175 0.781000
-0.091783 0.222175 0.781000
