ply
format ascii 1.0
element vertex 3842
property float x
property float y
property float z
property uchar red
property uchar green
property uchar blue
end_header
-0.167834 -0.313039 0.576000 62 93 40
-0.166051 -0.312496 0.575000 66 97 44
-0.164560 -0.312496 0.575000 81 112 57
-0.163069 -0.312496 0.575000 88 119 64
-0.161578 -0.312496 0.575000 88 121 65
-0.160088 -0.312496 0.575000 91 124 68
-0.158597 -0.312496 0.575000 87 125 68
-0.157106 -0.312496 0.575000 88 126 69
-0.155615 -0.312496 0.575000 82 125 66
-0.153856 -0.311952 0.574000 80 123 64
-0.152367 -0.311952 0.574000 86 126 66
-0.151142 -0.312496 0.575000 88 128 68
-0.149651 -0.312496 0.575000 84 122 65
-0.148160 -0.312496 0.575000 81 119 62
-0.146669 -0.312496 0.575000 77 112 58
-0.145178 -0.312496 0.575000 70 105 51
-0.143687 -0.312496 0.575000 62 96 45
-0.142196 -0.312496 0.575000 58 92 41
-0.140705 -0.312496 0.575000 50 83 39
-0.181031 -0.313707 0.580000 71 106 52
-0.179217 -0.313166 0.579000 92 127 73
-0.177716 -0.313166 0.579000 109 150 87
-0.175910 -0.312625 0.578000 125 166 103
-0.174411 -0.312625 0.578000 136 177 112
-0.172913 -0.312625 0.578000 143 184 119
-0.171414 -0.312625 0.578000 148 194 114
-0.169915 -0.312625 0.578000 151 197 117
-0.168125 -0.312085 0.577000 157 205 117
-0.166629 -0.312085 0.577000 158 206 118
-0.165133 -0.312085 0.577000 159 209 118
-0.163353 -0.311544 0.576000 161 211 120
-0.161859 -0.311544 0.576000 165 215 126
-0.160366 -0.311544 0.576000 165 215 126
-0.158872 -0.311544 0.576000 167 215 127
-0.157379 -0.311544 0.576000 167 215 127
-0.155615 -0.311003 0.575000 163 213 120
-0.154124 -0.311003 0.575000 161 211 118
-0.152633 -0.311003 0.575000 156 207 111
-0.151405 -0.311544 0.576000 156 207 111
-0.149911 -0.311544 0.576000 159 210 114
-0.148417 -0.311544 0.576000 158 209 113
-0.146924 -0.311544 0.576000 158 209 113
-0.145430 -0.311544 0.576000 156 207 111
-0.143937 -0.311544 0.576000 154 205 109
-0.142690 -0.312085 0.577000 150 201 105
-0.141194 -0.312085 0.577000 147 197 108
-0.139456 -0.311544 0.576000 141 191 102
-0.137963 -0.311544 0.576000 135 181 105
-0.136232 -0.311003 0.575000 121 167 91
-0.134741 -0.311003 0.575000 109 149 80
-0.133018 -0.310462 0.574000 105 145 76
-0.131530 -0.310462 0.574000 92 130 71
-0.129815 -0.309921 0.573000 80 118 59
-0.128329 -0.309921 0.573000 67 103 58
-0.188875 -0.312740 0.581000 83 119 72
-0.187369 -0.312740 0.581000 108 152 88
-0.185862 -0.312740 0.581000 122 166 102
-0.184356 -0.312740 0.581000 137 183 105
-0.182849 -0.312740 0.581000 146 192 114
-0.181031 -0.312201 0.580000 150 200 111
-0.179527 -0.312201 0.580000 156 206 117
-0.178023 -0.312201 0.580000 166 214 124
-0.176519 -0.312201 0.580000 169 217 127
-0.175015 -0.312201 0.580000 167 215 123
-0.173212 -0.311663 0.579000 171 219 127
-0.171711 -0.311663 0.579000 170 222 119
-0.170209 -0.311663 0.579000 165 217 114
-0.168416 -0.311125 0.578000 161 217 104
-0.166918 -0.311125 0.578000 169 225 112
-0.165419 -0.311125 0.578000 169 225 110
-0.163920 -0.311125 0.578000 166 222 107
-0.162421 -0.311125 0.578000 169 224 114
-0.160923 -0.311125 0.578000 177 232 122
-0.159424 -0.311125 0.578000 174 229 119
-0.157925 -0.311125 0.578000 173 228 118
-0.156427 -0.311125 0.578000 173 227 110
-0.154928 -0.311125 0.578000 170 224 107
-0.153429 -0.311125 0.578000 171 226 106
-0.151930 -0.311125 0.578000 173 228 108
-0.150432 -0.311125 0.578000 166 223 103
-0.148933 -0.311125 0.578000 167 224 104
-0.147434 -0.311125 0.578000 163 220 98
-0.146188 -0.311663 0.579000 163 220 98
-0.144686 -0.311663 0.579000 162 219 95
-0.143185 -0.311663 0.579000 161 218 94
-0.141684 -0.311663 0.579000 162 219 97
-0.140182 -0.311663 0.579000 169 226 104
-0.138442 -0.311125 0.578000 175 229 116
-0.136943 -0.311125 0.578000 172 226 113
-0.135210 -0.310586 0.577000 169 221 116
-0.133482 -0.310048 0.576000 168 220 115
-0.131759 -0.309510 0.575000 164 213 116
-0.130042 -0.308972 0.574000 158 207 110
-0.128553 -0.308972 0.574000 152 200 119
-0.127065 -0.308972 0.574000 143 191 110
-0.125576 -0.308972 0.574000 130 176 111
-0.124088 -0.308972 0.574000 115 161 96
-0.122600 -0.308972 0.574000 100 144 89
-0.121111 -0.308972 0.574000 79 123 68
-0.119623 -0.308972 0.574000 62 98 53
-0.118135 -0.308972 0.574000 45 81 36
-0.196746 -0.311767 0.582000 75 107 58
-0.194902 -0.311231 0.581000 102 134 85
-0.193395 -0.311231 0.581000 120 160 91
-0.191888 -0.311231 0.581000 138 178 109
-0.190382 -0.311231 0.581000 145 192 107
-0.188875 -0.311231 0.581000 156 203 118
-0.187369 -0.311231 0.581000 164 215 119
-0.185862 -0.311231 0.581000 172 223 127
-0.184356 -0.311231 0.581000 173 227 124
-0.182849 -0.311231 0.581000 166 220 117
-0.181343 -0.311231 0.581000 162 220 109
-0.179836 -0.311231 0.581000 164 222 111
-0.178330 -0.311231 0.581000 171 226 116
-0.176519 -0.310695 0.580000 178 233 123
-0.175015 -0.310695 0.580000 181 236 128
-0.173511 -0.310695 0.580000 170 225 117
-0.172007 -0.310695 0.580000 169 224 114
-0.170503 -0.310695 0.580000 168 223 113
-0.168999 -0.310695 0.580000 163 219 104
-0.167495 -0.310695 0.580000 162 218 103
-0.165705 -0.310160 0.579000 180 239 121
-0.164204 -0.310160 0.579000 188 247 129
-0.162703 -0.310160 0.579000 189 248 134
-0.161480 -0.310695 0.580000 189 248 134
-0.159976 -0.310695 0.580000 190 246 131
-0.158472 -0.310695 0.580000 185 241 126
-0.156968 -0.310695 0.580000 181 238 116
-0.155464 -0.310695 0.580000 184 241 119
-0.153960 -0.310695 0.580000 189 244 120
-0.152456 -0.310695 0.580000 187 242 118
-0.150952 -0.310695 0.580000 184 241 117
-0.149448 -0.310695 0.580000 177 234 110
-0.147944 -0.310695 0.580000 179 239 114
-0.146693 -0.311231 0.581000 180 240 115
-0.145186 -0.311231 0.581000 181 242 114
-0.143680 -0.311231 0.581000 183 244 116
-0.142173 -0.311231 0.581000 182 243 115
-0.140667 -0.311231 0.581000 179 240 112
-0.138921 -0.310695 0.580000 178 238 115
-0.137417 -0.310695 0.580000 165 225 102
-0.135913 -0.310695 0.580000 164 223 105
-0.134177 -0.310160 0.579000 168 227 109
-0.132447 -0.309624 0.578000 168 227 111
-0.130721 -0.309088 0.577000 169 228 112
-0.129001 -0.308553 0.576000 173 228 120
-0.127286 -0.308017 0.575000 167 222 114
-0.125795 -0.308017 0.575000 162 217 123
-0.124304 -0.308017 0.575000 162 217 123
-0.122813 -0.308017 0.575000 158 211 129
-0.121322 -0.308017 0.575000 151 204 122
-0.119831 -0.308017 0.575000 153 199 123
-0.118340 -0.308017 0.575000 148 194 118
-0.116849 -0.308017 0.575000 131 167 104
-0.115358 -0.308017 0.575000 99 135 72
-0.113669 -0.307481 0.574000 80 112 61
-0.112181 -0.307481 0.574000 63 95 44
-0.202783 -0.310256 0.582000 66 92 50
-0.201273 -0.310256 0.582000 103 129 87
-0.199764 -0.310256 0.582000 123 161 102
-0.198255 -0.310256 0.582000 140 178 119
-0.196746 -0.310256 0.582000 150 199 115
-0.195237 -0.310256 0.582000 162 211 127
-0.193395 -0.309723 0.581000 166 218 117
-0.190710 -0.310256 0.582000 171 225 112
-0.189201 -0.310256 0.582000 173 227 114
-0.187691 -0.310256 0.582000 178 232 115
-0.186182 -0.310256 0.582000 186 240 123
-0.184673 -0.310256 0.582000 182 242 119
-0.183164 -0.310256 0.582000 182 242 119
-0.181655 -0.310256 0.582000 180 240 115
-0.180146 -0.310256 0.582000 182 242 117
-0.178637 -0.310256 0.582000 180 236 119
-0.176823 -0.309723 0.581000 169 225 108
-0.175317 -0.309723 0.581000 161 216 108
-0.173810 -0.309723 0.581000 166 221 113
-0.172304 -0.309723 0.581000 173 226 118
-0.170797 -0.309723 0.581000 177 230 122
-0.169291 -0.309723 0.581000 172 225 117
-0.167784 -0.309723 0.581000 163 216 108
-0.166278 -0.309723 0.581000 163 216 108
-0.164487 -0.309189 0.580000 171 224 116
-0.162984 -0.309189 0.580000 170 224 121
-0.161758 -0.309723 0.581000 171 225 122
-0.160251 -0.309723 0.581000 171 223 118
-0.158745 -0.309723 0.581000 170 222 117
-0.157238 -0.309723 0.581000 173 222 111
-0.155732 -0.309723 0.581000 172 221 110
-0.154225 -0.309723 0.581000 173 222 109
-0.152719 -0.309723 0.581000 173 222 109
-0.151212 -0.309723 0.581000 172 224 108
-0.149706 -0.309723 0.581000 172 224 108
-0.148454 -0.310256 0.582000 175 229 112
-0.146945 -0.310256 0.582000 180 234 117
-0.145436 -0.310256 0.582000 182 238 121
-0.143927 -0.310256 0.582000 185 241 124
-0.142418 -0.310256 0.582000 188 248 127
-0.140909 -0.310256 0.582000 189 249 128
-0.139400 -0.310256 0.582000 187 246 128
-0.137891 -0.310256 0.582000 175 234 116
-0.136147 -0.309723 0.581000 167 226 110
-0.134641 -0.309723 0.581000 167 226 110
-0.132905 -0.309189 0.580000 171 227 110
-0.131174 -0.308656 0.579000 166 222 105
-0.129449 -0.308123 0.578000 171 228 108
-0.127729 -0.307590 0.577000 173 230 110
-0.126233 -0.307590 0.577000 175 234 118
-0.124520 -0.307057 0.576000 178 237 121
-0.123027 -0.307057 0.576000 174 233 130
-0.121533 -0.307057 0.576000 164 223 120
-0.120040 -0.307057 0.576000 168 224 125
-0.118546 -0.307057 0.576000 162 218 119
-0.117053 -0.307057 0.576000 166 215 120
-0.115559 -0.307057 0.576000 166 215 120
-0.113868 -0.306524 0.575000 158 202 120
-0.112377 -0.306524 0.575000 150 194 112
-0.110886 -0.306524 0.575000 126 171 100
-0.109395 -0.306524 0.575000 106 151 80
-0.107904 -0.306524 0.575000 86 121 65
-0.106413 -0.306524 0.575000 57 92 36
-0.104922 -0.306524 0.575000 47 71 32
-0.207310 -0.308744 0.582000 75 101 57
-0.206154 -0.309275 0.583000 104 140 79
-0.204643 -0.309275 0.583000 135 171 110
-0.203131 -0.309275 0.583000 155 198 121
-0.201619 -0.309275 0.583000 166 209 132
-0.199764 -0.308744 0.582000 165 215 124
-0.198255 -0.308744 0.582000 168 218 127
-0.196746 -0.308744 0.582000 162 220 111
-0.195237 -0.308744 0.582000 165 223 114
-0.193728 -0.308744 0.582000 171 228 106
-0.192219 -0.308744 0.582000 171 228 106
-0.190710 -0.308744 0.582000 169 222 101
-0.189201 -0.308744 0.582000 166 219 98
-0.187691 -0.308744 0.582000 165 218 97
-0.186182 -0.308744 0.582000 176 229 108
-0.184673 -0.308744 0.582000 191 247 118
-0.183164 -0.308744 0.582000 183 239 110
-0.181655 -0.308744 0.582000 171 229 100
-0.180146 -0.308744 0.582000 152 210 81
-0.178637 -0.308744 0.582000 148 195 92
-0.177128 -0.308744 0.582000 151 198 95
-0.175618 -0.308744 0.582000 141 181 92
-0.174109 -0.308744 0.582000 122 162 73
-0.172600 -0.308744 0.582000 115 152 70
-0.171091 -0.308744 0.582000 96 133 51
-0.169582 -0.308744 0.582000 82 119 39
-0.168073 -0.308744 0.582000 72 109 29
-0.166564 -0.308744 0.582000 66 102 25
-0.165055 -0.308744 0.582000 65 101 24
-0.163546 -0.308744 0.582000 68 104 31
-0.162036 -0.308744 0.582000 68 104 31
-0.160527 -0.308744 0.582000 64 99 29
-0.159018 -0.308744 0.582000 60 95 25
-0.157509 -0.308744 0.582000 64 98 24
-0.156000 -0.308744 0.582000 64 98 24
-0.154491 -0.308744 0.582000 69 100 25
-0.152982 -0.308744 0.582000 70 101 26
-0.151473 -0.308744 0.582000 68 102 26
-0.149963 -0.308744 0.582000 71 105 29
-0.148454 -0.308744 0.582000 75 111 34
-0.146945 -0.308744 0.582000 80 116 39
-0.145436 -0.308744 0.582000 84 123 43
-0.143927 -0.308744 0.582000 92 131 51
-0.142663 -0.309275 0.583000 101 144 56
-0.140909 -0.308744 0.582000 115 158 70
-0.139400 -0.308744 0.582000 120 163 73
-0.137891 -0.308744 0.582000 132 175 85
-0.136381 -0.308744 0.582000 143 189 93
-0.134872 -0.308744 0.582000 148 194 98
-0.133134 -0.308214 0.581000 158 200 99
-0.131627 -0.308214 0.581000 171 213 112
-0.129897 -0.307683 0.580000 177 224 112
-0.128393 -0.307683 0.580000 186 233 121
-0.126889 -0.307683 0.580000 187 242 122
-0.125169 -0.307153 0.579000 192 247 127
-0.123454 -0.306623 0.578000 188 248 136
-0.121955 -0.306623 0.578000 188 248 136
-0.120457 -0.306623 0.578000 180 238 127
-0.118958 -0.306623 0.578000 179 237 126
-0.117459 -0.306623 0.578000 183 239 126
-0.115960 -0.306623 0.578000 180 236 123
-0.114462 -0.306623 0.578000 176 229 121
-0.112767 -0.306092 0.577000 177 230 122
-0.111078 -0.305562 0.576000 162 215 117
-0.109585 -0.305562 0.576000 157 210 112
-0.108091 -0.305562 0.576000 155 207 114
-0.106598 -0.305562 0.576000 146 198 105
-0.105104 -0.305562 0.576000 137 180 101
-0.103611 -0.305562 0.576000 115 158 79
-0.102294 -0.306092 0.577000 95 128 72
-0.211837 -0.307233 0.582000 73 111 56
-0.210328 -0.307233 0.582000 105 143 88
-0.209178 -0.307761 0.583000 135 176 100
-0.207666 -0.307761 0.583000 154 195 119
-0.206154 -0.307761 0.583000 165 210 121
-0.204643 -0.307761 0.583000 173 218 129
-0.203131 -0.307761 0.583000 172 221 124
-0.201619 -0.307761 0.583000 173 222 125
-0.200108 -0.307761 0.583000 178 231 123
-0.198255 -0.307233 0.582000 184 237 129
-0.196746 -0.307233 0.582000 169 228 112
-0.195237 -0.307233 0.582000 165 224 108
-0.193728 -0.307233 0.582000 170 225 105
-0.192219 -0.307233 0.582000 171 226 106
-0.190710 -0.307233 0.582000 169 217 100
-0.189201 -0.307233 0.582000 161 209 92
-0.187691 -0.307233 0.582000 160 203 97
-0.186182 -0.307233 0.582000 150 193 87
-0.184673 -0.307233 0.582000 129 177 69
-0.183164 -0.307233 0.582000 112 160 52
-0.180455 -0.307761 0.583000 60 104 9
-0.178944 -0.307761 0.583000 52 86 14
-0.177128 -0.307233 0.582000 50 84 12
-0.175618 -0.307233 0.582000 46 73 15
-0.174109 -0.307233 0.582000 42 69 11
-0.172600 -0.307233 0.582000 41 63 16
-0.171091 -0.307233 0.582000 42 64 17
-0.169582 -0.307233 0.582000 45 65 20
-0.168073 -0.307233 0.582000 50 70 25
-0.166564 -0.307233 0.582000 51 70 30
-0.165055 -0.307233 0.582000 52 71 31
-0.163546 -0.307233 0.582000 51 69 36
-0.162036 -0.307233 0.582000 53 71 38
-0.160803 -0.307761 0.583000 53 70 40
-0.159291 -0.307761 0.583000 50 67 37
-0.157780 -0.307761 0.583000 47 64 34
-0.156268 -0.307761 0.583000 49 66 36
-0.154756 -0.307761 0.583000 48 68 35
-0.153507 -0.308289 0.584000 56 76 43
-0.151993 -0.308289 0.584000 54 77 43
-0.150479 -0.308289 0.584000 49 72 38
-0.148964 -0.308289 0.584000 46 68 37
-0.147450 -0.308289 0.584000 46 68 37
-0.145936 -0.308289 0.584000 50 70 37
-0.144422 -0.308289 0.584000 49 69 36
-0.142907 -0.308289 0.584000 41 62 22
-0.141151 -0.307761 0.583000 45 66 26
-0.139639 -0.307761 0.583000 48 73 27
-0.138127 -0.307761 0.583000 48 73 27
-0.136616 -0.307761 0.583000 52 80 24
-0.134872 -0.307233 0.582000 59 87 31
-0.133363 -0.307233 0.582000 71 100 28
-0.131854 -0.307233 0.582000 86 115 43
-0.130121 -0.306705 0.581000 105 136 50
-0.128614 -0.306705 0.581000 120 151 65
-0.127108 -0.306705 0.581000 134 174 75
-0.125601 -0.306705 0.581000 150 190 91
-0.123881 -0.306178 0.580000 164 216 113
-0.122377 -0.306178 0.580000 178 230 127
-0.120873 -0.306178 0.580000 182 237 127
-0.119369 -0.306178 0.580000 187 242 132
-0.117866 -0.306178 0.580000 189 245 128
-0.116362 -0.306178 0.580000 191 247 130
-0.114858 -0.306178 0.580000 190 245 123
-0.113158 -0.305650 0.579000 183 238 116
-0.111464 -0.305122 0.578000 175 232 112
-0.109965 -0.305122 0.578000 170 227 107
-0.108467 -0.305122 0.578000 166 222 105
-0.106968 -0.305122 0.578000 164 220 103
-0.105469 -0.305122 0.578000 156 211 103
-0.103970 -0.305122 0.578000 157 212 104
-0.102472 -0.305122 0.578000 154 204 115
-0.100973 -0.305122 0.578000 148 198 109
-0.099474 -0.305122 0.578000 129 173 107
-0.098145 -0.305650 0.579000 96 140 74
-0.096810 -0.306178 0.580000 67 104 52
-0.095307 -0.306178 0.580000 42 79 27
-0.216365 -0.305722 0.582000 60 89 55
-0.214856 -0.305722 0.582000 89 132 71
-0.213346 -0.305722 0.582000 124 167 106
-0.211837 -0.305722 0.582000 152 200 112
-0.210690 -0.306248 0.583000 165 213 125
-0.209178 -0.306248 0.583000 169 216 113
-0.207666 -0.306248 0.583000 175 222 119
-0.206154 -0.306248 0.583000 180 231 124
-0.204994 -0.306773 0.584000 181 232 125
-0.203479 -0.306773 0.584000 176 227 120
-0.201619 -0.306248 0.583000 173 224 117
-0.200108 -0.306248 0.583000 174 232 121
-0.198596 -0.306248 0.583000 174 232 121
-0.197084 -0.306248 0.583000 175 233 122
-0.195237 -0.305722 0.582000 152 210 99
-0.193728 -0.305722 0.582000 145 192 89
-0.192219 -0.305722 0.582000 134 181 78
-0.190710 -0.305722 0.582000 122 158 72
-0.189201 -0.305722 0.582000 95 131 45
-0.188014 -0.306248 0.583000 67 97 31
-0.186502 -0.306248 0.583000 53 83 17
-0.184990 -0.306248 0.583000 39 71 7
-0.183479 -0.306248 0.583000 38 70 6
-0.181967 -0.306248 0.583000 44 71 22
-0.180455 -0.306248 0.583000 52 79 30
-0.178944 -0.306248 0.583000 51 72 34
-0.177432 -0.306248 0.583000 49 70 32
-0.175920 -0.306248 0.583000 51 68 38
-0.135336 -0.306773 0.584000 51 66 41
-0.133592 -0.306248 0.583000 51 67 35
-0.132081 -0.306248 0.583000 54 70 38
-0.130345 -0.305722 0.582000 54 69 26
-0.128836 -0.305722 0.582000 49 64 21
-0.127327 -0.305722 0.582000 43 65 8
-0.125818 -0.305722 0.582000 56 78 21
-0.124308 -0.305722 0.582000 65 102 34
-0.122588 -0.305197 0.581000 82 119 51
-0.121082 -0.305197 0.581000 93 139 59
-0.119575 -0.305197 0.581000 117 163 83
-0.118069 -0.305197 0.581000 148 200 97
-0.116562 -0.305197 0.581000 164 216 113
-0.115056 -0.305197 0.581000 176 228 112
-0.113354 -0.304672 0.580000 187 239 123
-0.111850 -0.304672 0.580000 192 247 127
-0.110346 -0.304672 0.580000 193 248 128
-0.108842 -0.304672 0.580000 185 245 122
-0.107338 -0.304672 0.580000 179 239 116
-0.105834 -0.304672 0.580000 178 238 117
-0.104330 -0.304672 0.580000 169 229 108
-0.102649 -0.304146 0.579000 165 224 110
-0.101148 -0.304146 0.579000 164 223 109
-0.099818 -0.304672 0.580000 160 213 115
-0.098314 -0.304672 0.580000 157 210 112
-0.096810 -0.304672 0.580000 147 198 114
-0.095307 -0.304672 0.580000 128 179 95
-0.093803 -0.304672 0.580000 101 145 81
-0.092299 -0.304672 0.580000 65 109 45
-0.090795 -0.304672 0.580000 38 74 31
-0.219383 -0.304211 0.582000 84 114 75
-0.217874 -0.304211 0.582000 113 157 91
-0.216365 -0.304211 0.582000 148 192 126
-0.214856 -0.304211 0.582000 161 213 124
-0.213713 -0.304734 0.583000 168 220 131
-0.212201 -0.304734 0.583000 169 223 118
-0.210690 -0.304734 0.583000 176 230 125
-0.209537 -0.305257 0.584000 185 237 121
-0.208022 -0.305257 0.584000 183 235 119
-0.206508 -0.305257 0.584000 180 233 125
-0.204994 -0.305257 0.584000 180 233 125
-0.203479 -0.305257 0.584000 175 229 128
-0.201965 -0.305257 0.584000 168 222 121
-0.200108 -0.304734 0.583000 152 204 111
-0.198596 -0.304734 0.583000 121 173 80
-0.197084 -0.304734 0.583000 107 153 73
-0.195572 -0.304734 0.583000 86 132 52
-0.194061 -0.304734 0.583000 64 93 30
-0.192549 -0.304734 0.583000 47 76 13
-0.191037 -0.304734 0.583000 44 62 18
-0.189526 -0.304734 0.583000 44 62 18
-0.188014 -0.304734 0.583000 48 60 32
-0.186502 -0.304734 0.583000 52 64 36
-0.184990 -0.304734 0.583000 57 73 41
-0.125818 -0.304211 0.582000 64 71 47
-0.124308 -0.304211 0.582000 53 68 39
-0.122799 -0.304211 0.582000 51 66 37
-0.121290 -0.304211 0.582000 42 68 28
-0.119781 -0.304211 0.582000 46 72 32
-0.118272 -0.304211 0.582000 46 80 19
-0.116763 -0.304211 0.582000 57 91 30
-0.115254 -0.304211 0.582000 80 117 37
-0.113745 -0.304211 0.582000 107 144 64
-0.112043 -0.303688 0.581000 130 180 80
-0.110536 -0.303688 0.581000 158 208 108
-0.109030 -0.303688 0.581000 174 229 121
-0.107523 -0.303688 0.581000 181 236 128
-0.106017 -0.303688 0.581000 184 245 130
-0.104510 -0.303688 0.581000 184 245 130
-0.103004 -0.303688 0.581000 181 242 125
-0.101497 -0.303688 0.581000 174 235 118
-0.099990 -0.303688 0.581000 167 228 113
-0.098314 -0.303166 0.580000 159 220 105
-0.096810 -0.303166 0.580000 157 215 106
-0.095307 -0.303166 0.580000 155 213 104
-0.093803 -0.303166 0.580000 154 209 117
-0.092299 -0.303166 0.580000 140 195 103
-0.090795 -0.303166 0.580000 123 172 100
-0.089291 -0.303166 0.580000 96 145 73
-0.087787 -0.303166 0.580000 72 111 60
-0.086432 -0.303688 0.581000 40 79 28
-0.224295 -0.303220 0.583000 54 83 42
-0.222783 -0.303220 0.583000 96 125 84
-0.221272 -0.303220 0.583000 130 174 106
-0.219760 -0.303220 0.583000 155 199 131
-0.218248 -0.303220 0.583000 162 212 121
-0.216736 -0.303220 0.583000 166 216 125
-0.215225 -0.303220 0.583000 167 222 114
-0.213713 -0.303220 0.583000 166 221 113
-0.212565 -0.303740 0.584000 169 225 112
-0.211051 -0.303740 0.584000 175 231 118
-0.209537 -0.303740 0.584000 182 236 121
-0.208022 -0.303740 0.584000 183 237 122
-0.206508 -0.303740 0.584000 166 218 117
-0.204994 -0.303740 0.584000 141 193 92
-0.203479 -0.303740 0.584000 119 165 85
-0.201965 -0.303740 0.584000 78 124 44
-0.200451 -0.303740 0.584000 57 95 36
-0.198937 -0.303740 0.584000 45 83 24
-0.197422 -0.303740 0.584000 45 69 28
-0.195908 -0.303740 0.584000 40 64 23
-0.194394 -0.303740 0.584000 52 64 36
-0.192879 -0.303740 0.584000 49 61 33
-0.116963 -0.303220 0.583000 48 63 38
-0.115254 -0.302700 0.582000 54 67 34
-0.113745 -0.302700 0.582000 54 67 34
-0.112236 -0.302700 0.582000 46 72 21
-0.110726 -0.302700 0.582000 57 83 32
-0.109217 -0.302700 0.582000 72 108 43
-0.107708 -0.302700 0.582000 103 139 74
-0.106199 -0.302700 0.582000 127 177 88
-0.104690 -0.302700 0.582000 147 197 108
-0.103181 -0.302700 0.582000 163 222 115
-0.101672 -0.302700 0.582000 174 233 126
-0.100163 -0.302700 0.582000 177 238 123
-0.098484 -0.302180 0.581000 179 240 125
-0.096977 -0.302180 0.581000 179 240 123
-0.095471 -0.302180 0.581000 175 236 119
-0.093964 -0.302180 0.581000 163 223 111
-0.092458 -0.302180 0.581000 163 223 111
-0.090795 -0.301660 0.580000 159 217 119
-0.089445 -0.302180 0.581000 154 212 114
-0.087938 -0.302180 0.581000 154 203 119
-0.086432 -0.302180 0.581000 133 182 98
-0.084779 -0.301660 0.580000 110 151 86
-0.083275 -0.301660 0.580000 70 111 46
-0.081912 -0.302180 0.581000 37 70 28
-0.227708 -0.302224 0.584000 63 88 51
-0.226194 -0.302224 0.584000 109 134 97
-0.224680 -0.302224 0.584000 133 174 107
-0.223165 -0.302224 0.584000 159 200 133
-0.221651 -0.302224 0.584000 170 222 131
-0.220137 -0.302224 0.584000 174 226 135
-0.218622 -0.302224 0.584000 175 230 122
-0.217108 -0.302224 0.584000 171 226 118
-0.215594 -0.302224 0.584000 173 227 112
-0.214080 -0.302224 0.584000 168 222 107
-0.212565 -0.302224 0.584000 170 222 110
-0.211051 -0.302224 0.584000 170 222 110
-0.209895 -0.302741 0.585000 157 205 99
-0.208379 -0.302741 0.585000 126 174 68
-0.206862 -0.302741 0.585000 93 129 52
-0.205345 -0.302741 0.585000 63 99 22
-0.203828 -0.302741 0.585000 48 74 30
-0.202311 -0.302741 0.585000 40 66 22
-0.200794 -0.302741 0.585000 50 69 41
-0.198937 -0.302224 0.584000 54 73 45
-0.109405 -0.301706 0.583000 60 75 48
-0.107893 -0.301706 0.583000 57 72 45
-0.106381 -0.301706 0.583000 49 76 27
-0.104870 -0.301706 0.583000 54 81 32
-0.103181 -0.301189 0.582000 67 108 30
-0.101672 -0.301189 0.582000 95 136 58
-0.100163 -0.301189 0.582000 135 187 84
-0.098653 -0.301189 0.582000 161 213 110
-0.097144 -0.301189 0.582000 175 231 116
-0.095635 -0.301189 0.582000 182 238 123
-0.094126 -0.301189 0.582000 182 241 123
-0.092458 -0.300671 0.581000 180 239 121
-0.090951 -0.300671 0.581000 174 232 121
-0.089445 -0.300671 0.581000 166 224 113
-0.087938 -0.300671 0.581000 160 217 115
-0.086432 -0.300671 0.581000 157 214 112
-0.084779 -0.300154 0.580000 148 200 111
-0.083275 -0.300154 0.580000 142 194 105
-0.081771 -0.300154 0.580000 120 167 95
-0.080406 -0.300671 0.581000 79 126 54
-0.078899 -0.300671 0.581000 47 80 34
-0.231527 -0.301737 0.586000 62 88 48
-0.230008 -0.301737 0.586000 109 135 95
-0.228488 -0.301737 0.586000 141 180 114
-0.226581 -0.301223 0.585000 165 204 138
-0.225064 -0.301223 0.585000 174 223 128
-0.223548 -0.301223 0.585000 174 223 128
-0.222031 -0.301223 0.585000 173 225 111
-0.220514 -0.301223 0.585000 169 221 107
-0.218997 -0.301223 0.585000 165 218 99
-0.217480 -0.301223 0.585000 165 218 99
-0.215963 -0.301223 0.585000 162 214 100
-0.214446 -0.301223 0.585000 157 209 95
-0.212929 -0.301223 0.585000 134 179 79
-0.211774 -0.301737 0.586000 87 132 32
-0.210254 -0.301737 0.586000 62 93 20
-0.208735 -0.301737 0.586000 46 77 4
-0.207215 -0.301737 0.586000 44 64 19
-0.205696 -0.301737 0.586000 46 66 21
-0.204176 -0.301737 0.586000 57 72 47
-0.105050 -0.300708 0.584000 58 71 54
-0.103358 -0.300193 0.583000 50 68 35
-0.101846 -0.300193 0.583000 47 65 32
-0.100335 -0.300193 0.583000 48 75 13
-0.098823 -0.300193 0.583000 64 91 29
-0.097144 -0.299678 0.582000 96 134 45
-0.095635 -0.299678 0.582000 128 166 77
-0.094126 -0.299678 0.582000 159 211 99
-0.092617 -0.299678 0.582000 176 228 116
-0.091108 -0.299678 0.582000 183 237 122
-0.089445 -0.299163 0.581000 183 237 122
-0.087938 -0.299163 0.581000 178 234 117
-0.086432 -0.299163 0.581000 173 229 112
-0.084925 -0.299163 0.581000 162 216 111
-0.083419 -0.299163 0.581000 157 211 106
-0.081912 -0.299163 0.581000 155 207 114
-0.080406 -0.299163 0.581000 150 202 109
-0.078899 -0.299163 0.581000 132 178 102
-0.077393 -0.299163 0.581000 103 149 73
-0.075886 -0.299163 0.581000 71 105 56
-0.074508 -0.299678 0.582000 37 71 22
-0.234966 -0.300728 0.587000 62 86 45
-0.233444 -0.300728 0.587000 116 140 99
-0.231922 -0.300728 0.587000 150 187 119
-0.230400 -0.300728 0.587000 165 202 134
-0.228488 -0.300216 0.586000 169 218 123
-0.226969 -0.300216 0.586000 169 218 123
-0.225449 -0.300216 0.586000 172 222 104
-0.224312 -0.300728 0.587000 168 218 100
-0.222410 -0.300216 0.586000 163 216 93
-0.220891 -0.300216 0.586000 170 223 100
-0.219371 -0.300216 0.586000 158 210 94
-0.217852 -0.300216 0.586000 141 193 77
-0.216701 -0.300728 0.587000 105 150 59
-0.215179 -0.300728 0.587000 66 111 20
-0.213657 -0.300728 0.587000 45 78 22
-0.212135 -0.300728 0.587000 37 70 14
-0.210613 -0.300728 0.587000 50 66 32
-0.098992 -0.299191 0.584000 61 73 45
-0.097311 -0.298679 0.583000 45 67 22
-0.095800 -0.298679 0.583000 48 70 25
-0.094288 -0.298679 0.583000 58 96 23
-0.092617 -0.298167 0.582000 97 135 62
-0.091108 -0.298167 0.582000 123 168 70
-0.089599 -0.298167 0.582000 154 199 101
-0.088090 -0.298167 0.582000 175 229 114
-0.086580 -0.298167 0.582000 179 233 118
-0.084925 -0.297654 0.581000 178 232 117
-0.083419 -0.297654 0.581000 177 231 116
-0.081912 -0.297654 0.581000 173 227 114
-0.080406 -0.297654 0.581000 165 219 106
-0.078899 -0.297654 0.581000 164 214 112
-0.077393 -0.297654 0.581000 159 209 107
-0.075886 -0.297654 0.581000 147 191 107
-0.074508 -0.298167 0.582000 122 166 82
-0.072998 -0.298167 0.582000 70 110 54
-0.071489 -0.298167 0.582000 40 80 24
-0.236891 -0.299714 0.588000 103 132 91
-0.235367 -0.299714 0.588000 148 189 115
-0.233842 -0.299714 0.588000 166 207 133
-0.232317 -0.299714 0.588000 177 221 126
-0.230400 -0.299204 0.587000 181 225 130
-0.228878 -0.299204 0.587000 186 234 126
-0.227356 -0.299204 0.587000 179 227 119
-0.225834 -0.299204 0.587000 173 226 105
-0.224694 -0.299714 0.588000 166 219 98
-0.223169 -0.299714 0.588000 159 209 91
-0.221645 -0.299714 0.588000 128 178 60
-0.220120 -0.299714 0.588000 82 126 42
-0.218595 -0.299714 0.588000 47 91 7
-0.217071 -0.299714 0.588000 34 65 19
-0.215546 -0.299714 0.588000 38 69 23
-0.214021 -0.299714 0.588000 50 72 45
-0.094450 -0.297675 0.584000 50 67 39
-0.092776 -0.297165 0.583000 47 64 36
-0.091264 -0.297165 0.583000 46 72 21
-0.089753 -0.297165 0.583000 55 81 30
-0.088090 -0.296656 0.582000 83 122 42
-0.086580 -0.296656 0.582000 128 167 87
-0.085071 -0.296656 0.582000 157 208 101
-0.083562 -0.296656 0.582000 176 227 120
-0.082053 -0.296656 0.582000 182 236 119
-0.080406 -0.296146 0.581000 182 236 119
-0.078899 -0.296146 0.581000 177 230 111
-0.077393 -0.296146 0.581000 169 222 103
-0.075886 -0.296146 0.581000 167 219 105
-0.074508 -0.296656 0.582000 164 216 102
-0.072998 -0.296656 0.582000 150 200 107
-0.071489 -0.296656 0.582000 128 178 85
-0.069980 -0.296656 0.582000 90 129 67
-0.068471 -0.296656 0.582000 52 91 29
-0.240349 -0.298694 0.589000 98 124 84
-0.238821 -0.298694 0.589000 137 177 106
-0.236891 -0.298187 0.588000 165 205 134
-0.235367 -0.298187 0.588000 170 220 120
-0.233842 -0.298187 0.588000 172 222 122
-0.232317 -0.298187 0.588000 176 225 114
-0.230793 -0.298187 0.588000 175 224 113
-0.229268 -0.298187 0.588000 185 233 125
-0.227743 -0.298187 0.588000 180 228 120
-0.226219 -0.298187 0.588000 164 212 104
-0.224694 -0.298187 0.588000 131 179 71
-0.223169 -0.298187 0.588000 77 117 32
-0.221645 -0.298187 0.588000 41 81 0
-0.220120 -0.298187 0.588000 34 61 12
-0.218595 -0.298187 0.588000 41 68 19
-0.217071 -0.298187 0.588000 49 68 42
-0.089907 -0.296159 0.584000 57 66 46
-0.088241 -0.295652 0.583000 49 70 30
-0.086729 -0.295652 0.583000 48 69 29
-0.085071 -0.295144 0.582000 55 92 22
-0.083562 -0.295144 0.582000 94 131 61
-0.082053 -0.295144 0.582000 131 181 81
-0.080544 -0.295144 0.582000 165 215 115
-0.079035 -0.295144 0.582000 179 232 113
-0.077526 -0.295144 0.582000 180 233 114
-0.076017 -0.295144 0.582000 171 226 104
-0.074508 -0.295144 0.582000 169 224 102
-0.072998 -0.295144 0.582000 159 213 98
-0.071489 -0.295144 0.582000 159 213 98
-0.069980 -0.295144 0.582000 161 207 113
-0.068589 -0.295652 0.583000 138 184 90
-0.067077 -0.295652 0.583000 103 142 80
-0.065565 -0.295652 0.583000 59 98 36
-0.243817 -0.297670 0.590000 71 94 58
-0.242287 -0.297670 0.590000 122 161 95
-0.240757 -0.297670 0.590000 156 195 129
-0.238821 -0.297165 0.589000 170 221 123
-0.237294 -0.297165 0.589000 176 227 129
-0.235767 -0.297165 0.589000 171 225 108
-0.234240 -0.297165 0.589000 165 219 102
-0.232712 -0.297165 0.589000 174 226 110
-0.231185 -0.297165 0.589000 174 226 110
-0.229658 -0.297165 0.589000 161 208 105
-0.228131 -0.297165 0.589000 125 172 69
-0.226603 -0.297165 0.589000 86 121 40
-0.225076 -0.297165 0.589000 49 84 3
-0.223549 -0.297165 0.589000 40 58 14
-0.221645 -0.296661 0.588000 46 64 20
-0.220120 -0.296661 0.588000 54 66 40
-0.085364 -0.294642 0.584000 49 67 32
-0.083706 -0.294138 0.583000 43 61 26
-0.082194 -0.294138 0.583000 49 78 15
-0.080682 -0.294138 0.583000 75 104 41
-0.079171 -0.294138 0.583000 112 157 59
-0.077526 -0.293633 0.582000 154 199 101
-0.076017 -0.293633 0.582000 174 226 112
-0.074508 -0.293633 0.582000 177 229 115
-0.072998 -0.293633 0.582000 175 229 114
-0.071612 -0.294138 0.583000 170 224 109
-0.070100 -0.294138 0.583000 166 219 109
-0.068589 -0.294138 0.583000 155 208 98
-0.067077 -0.294138 0.583000 152 200 110
-0.065565 -0.294138 0.583000 130 178 88
-0.064163 -0.294642 0.584000 98 136 79
-0.062649 -0.294642 0.584000 49 87 30
-0.245762 -0.296640 0.591000 91 127 66
-0.244230 -0.296640 0.591000 136 172 111
-0.242697 -0.296640 0.591000 166 216 127
-0.241165 -0.296640 0.591000 172 222 133
-0.239227 -0.296138 0.590000 177 233 120
-0.237697 -0.296138 0.590000 173 229 116
-0.236167 -0.296138 0.590000 179 234 112
-0.234637 -0.296138 0.590000 166 221 99
-0.232712 -0.295636 0.589000 144 193 82
-0.231578 -0.296138 0.590000 132 181 70
-0.230048 -0.296138 0.590000 78 111 28
-0.228131 -0.295636 0.589000 51 84 1
-0.226603 -0.295636 0.589000 50 68 22
-0.225076 -0.295636 0.589000 55 73 27
-0.082335 -0.293126 0.584000 57 72 45
-0.080821 -0.293126 0.584000 50 65 38
-0.079306 -0.293126 0.584000 41 67 14
-0.077792 -0.293126 0.584000 60 86 33
-0.076147 -0.292624 0.583000 103 144 52
-0.074636 -0.292624 0.583000 150 191 99
-0.073124 -0.292624 0.583000 169 222 112
-0.071612 -0.292624 0.583000 182 235 125
-0.070100 -0.292624 0.583000 177 231 118
-0.068706 -0.293126 0.584000 173 227 114
-0.067192 -0.293126 0.584000 162 215 107
-0.065678 -0.293126 0.584000 151 204 96
-0.064163 -0.293126 0.584000 150 199 113
-0.062649 -0.293126 0.584000 126 175 89
-0.061135 -0.293126 0.584000 88 130 76
-0.059723 -0.293628 0.585000 38 80 26
-0.248827 -0.295105 0.591000 77 109 58
-0.247295 -0.295105 0.591000 130 162 111
-0.245762 -0.295105 0.591000 156 203 118
-0.244230 -0.295105 0.591000 173 220 135
-0.242697 -0.295105 0.591000 176 226 124
-0.241165 -0.295105 0.591000 174 224 122
-0.239632 -0.295105 0.591000 179 234 114
-0.238100 -0.295105 0.591000 178 233 113
-0.236167 -0.294606 0.590000 166 219 100
-0.234637 -0.294606 0.590000 136 189 70
-0.233107 -0.294606 0.590000 85 120 41
-0.231578 -0.294606 0.590000 45 80 1
-0.230048 -0.294606 0.590000 45 63 17
-0.228518 -0.294606 0.590000 51 69 23
-0.077925 -0.292109 0.585000 48 61 46
-0.076409 -0.292109 0.585000 44 65 25
-0.074892 -0.292109 0.585000 54 75 35
-0.073375 -0.292109 0.585000 78 116 41
-0.071858 -0.292109 0.585000 119 157 82
-0.070341 -0.292109 0.585000 166 216 114
-0.068706 -0.291610 0.584000 180 230 128
-0.067192 -0.291610 0.584000 180 233 123
-0.065678 -0.291610 0.584000 176 229 119
-0.064163 -0.291610 0.584000 162 214 109
-0.062756 -0.292109 0.585000 152 204 99
-0.061240 -0.292109 0.585000 146 197 111
-0.059723 -0.292109 0.585000 128 179 93
-0.058305 -0.292608 0.586000 81 119 64
-0.056786 -0.292608 0.586000 39 77 22
-0.250360 -0.293571 0.591000 102 130 94
-0.248827 -0.293571 0.591000 148 189 113
-0.247295 -0.293571 0.591000 172 213 137
-0.245762 -0.293571 0.591000 182 229 130
-0.244230 -0.293571 0.591000 174 221 122
-0.242697 -0.293571 0.591000 169 217 111
-0.241165 -0.293571 0.591000 166 214 108
-0.239632 -0.293571 0.591000 168 222 107
-0.238100 -0.293571 0.591000 138 192 77
-0.236568 -0.293571 0.591000 90 132 51
-0.235035 -0.293571 0.591000 46 88 7
-0.233503 -0.293571 0.591000 45 66 26
-0.231970 -0.293571 0.591000 56 77 37
-0.073500 -0.291087 0.586000 46 69 33
-0.071981 -0.291087 0.586000 48 71 35
-0.070461 -0.291087 0.586000 73 112 48
-0.068942 -0.291087 0.586000 125 164 100
-0.067422 -0.291087 0.586000 165 215 115
-0.065903 -0.291087 0.586000 179 229 129
-0.064273 -0.290590 0.585000 181 232 123
-0.062756 -0.290590 0.585000 172 223 114
-0.061240 -0.290590 0.585000 157 210 100
-0.059723 -0.290590 0.585000 155 208 98
-0.058305 -0.291087 0.586000 146 193 108
-0.056786 -0.291087 0.586000 120 167 82
-0.055266 -0.291087 0.586000 71 107 60
-0.053838 -0.291584 0.587000 37 73 26
-0.253425 -0.292036 0.591000 63 85 58
-0.251892 -0.292036 0.591000 122 161 97
-0.250360 -0.292036 0.591000 163 202 138
-0.248827 -0.292036 0.591000 182 226 133
-0.247295 -0.292036 0.591000 183 227 134
-0.245762 -0.292036 0.591000 183 229 124
-0.244643 -0.292530 0.592000 179 225 120
-0.243108 -0.292530 0.592000 175 221 116
-0.241573 -0.292530 0.592000 161 207 102
-0.239632 -0.292036 0.591000 123 168 81
-0.238100 -0.292036 0.591000 60 105 18
-0.236568 -0.292036 0.591000 40 66 24
-0.235035 -0.292036 0.591000 48 74 32
-0.070702 -0.290554 0.588000 41 63 34
-0.069177 -0.290554 0.588000 49 71 42
-0.067537 -0.290060 0.587000 75 113 54
-0.066015 -0.290060 0.587000 127 165 106
-0.064383 -0.289566 0.586000 166 216 116
-0.062864 -0.289566 0.586000 181 231 131
-0.061344 -0.289566 0.586000 179 233 118
-0.059825 -0.289566 0.586000 170 224 109
-0.058305 -0.289566 0.586000 156 209 99
-0.056786 -0.289566 0.586000 143 196 86
-0.055266 -0.289566 0.586000 141 189 112
-0.053838 -0.290060 0.587000 113 161 84
-0.052316 -0.290060 0.587000 61 97 63
-0.254957 -0.290502 0.591000 88 121 67
-0.253425 -0.290502 0.591000 141 174 120
-0.251892 -0.290502 0.591000 166 214 126
-0.250360 -0.290502 0.591000 183 231 143
-0.249248 -0.290993 0.592000 183 231 125
-0.247713 -0.290993 0.592000 178 226 120
-0.246178 -0.290993 0.592000 180 226 119
-0.244643 -0.290993 0.592000 174 220 113
-0.243108 -0.290993 0.592000 139 179 90
-0.241573 -0.290993 0.592000 90 130 41
-0.240038 -0.290993 0.592000 54 79 31
-0.238503 -0.290993 0.592000 47 72 24
-0.236568 -0.290502 0.591000 58 72 50
-0.067652 -0.289027 0.588000 51 68 38
-0.066128 -0.289027 0.588000 60 77 47
-0.064603 -0.289027 0.588000 90 128 55
-0.063078 -0.289027 0.588000 135 173 100
-0.061449 -0.288536 0.587000 166 219 109
-0.059927 -0.288536 0.587000 176 229 119
-0.058405 -0.288536 0.587000 175 231 116
-0.056883 -0.288536 0.587000 167 223 108
-0.055361 -0.288536 0.587000 149 202 104
-0.053838 -0.288536 0.587000 152 205 107
-0.052316 -0.288536 0.587000 129 176 114
-0.050881 -0.289027 0.588000 74 121 59
-0.049356 -0.289027 0.588000 37 68 38
-0.256923 -0.289456 0.592000 119 145 105
-0.255388 -0.289456 0.592000 152 198 118
-0.253853 -0.289456 0.592000 174 220 140
-0.252318 -0.289456 0.592000 180 232 127
-0.250783 -0.289456 0.592000 186 238 133
-0.249248 -0.289456 0.592000 180 232 120
-0.247713 -0.289456 0.592000 173 225 113
-0.246594 -0.289945 0.593000 151 195 100
-0.245056 -0.289945 0.593000 99 143 48
-0.243519 -0.289945 0.593000 63 90 32
-0.241981 -0.289945 0.593000 43 70 12
-0.240038 -0.289456 0.592000 61 72 51
-0.064713 -0.287989 0.589000 50 69 29
-0.063186 -0.287989 0.589000 53 72 32
-0.061554 -0.287500 0.588000 69 112 26
-0.060029 -0.287500 0.588000 132 175 89
-0.058504 -0.287500 0.588000 163 218 110
-0.056980 -0.287500 0.588000 171 226 118
-0.055361 -0.287011 0.587000 165 225 115
-0.053838 -0.287011 0.587000 158 218 108
-0.052316 -0.287011 0.587000 145 201 115
-0.050881 -0.287500 0.588000 145 201 115
-0.049356 -0.287500 0.588000 110 157 97
-0.047831 -0.287500 0.588000 63 110 50
-0.046386 -0.287989 0.589000 30 59 27
-0.259993 -0.287919 0.592000 69 88 62
-0.258458 -0.287919 0.592000 123 162 98
-0.256923 -0.287919 0.592000 163 202 138
-0.255388 -0.287919 0.592000 171 220 123
-0.253853 -0.287919 0.592000 180 229 132
-0.252318 -0.287919 0.592000 173 227 114
-0.251207 -0.288405 0.593000 169 223 110
-0.249669 -0.288405 0.593000 174 226 114
-0.248132 -0.288405 0.593000 128 180 68
-0.246594 -0.288405 0.593000 81 117 44
-0.245056 -0.288405 0.593000 45 81 8
-0.243519 -0.288405 0.593000 50 68 35
-0.061763 -0.286946 0.590000 47 74 25
-0.060131 -0.286460 0.589000 51 78 29
-0.058604 -0.286460 0.589000 95 140 49
-0.056980 -0.285974 0.588000 150 195 104
-0.055455 -0.285974 0.588000 166 223 117
-0.053930 -0.285974 0.588000 169 226 120
-0.052406 -0.285974 0.588000 163 224 123
-0.050881 -0.285974 0.588000 156 217 116
-0.049356 -0.285974 0.588000 147 206 119
-0.047913 -0.286460 0.589000 127 186 99
-0.046386 -0.286460 0.589000 85 128 67
-0.044934 -0.286946 0.590000 37 80 19
-0.261529 -0.286382 0.592000 67 98 52
-0.259993 -0.286382 0.592000 137 168 122
-0.258458 -0.286382 0.592000 169 214 123
-0.257357 -0.286866 0.593000 178 223 132
-0.255820 -0.286866 0.593000 170 221 112
-0.254282 -0.286866 0.593000 179 230 121
-0.252744 -0.286866 0.593000 180 234 119
-0.251207 -0.286866 0.593000 163 217 102
-0.249669 -0.286866 0.593000 108 154 60
-0.248132 -0.286866 0.593000 53 99 5
-0.246594 -0.286866 0.593000 41 67 25
-0.245470 -0.287350 0.594000 42 68 26
-0.060233 -0.285414 0.590000 54 67 50
-0.058703 -0.285414 0.590000 39 69 21
-0.057076 -0.284931 0.589000 60 90 42
-0.055549 -0.284931 0.589000 113 162 76
-0.054022 -0.284931 0.589000 159 208 122
-0.052495 -0.284931 0.589000 171 229 129
-0.050967 -0.284931 0.589000 171 229 129
-0.049440 -0.284931 0.589000 166 224 126
-0.047913 -0.284931 0.589000 150 208 110
-0.046386 -0.284931 0.589000 133 184 98
-0.044934 -0.285414 0.590000 109 160 74
-0.043405 -0.285414 0.590000 71 108 56
-0.041946 -0.285898 0.591000 25 62 10
-0.263508 -0.285326 0.593000 71 93 66
-0.261970 -0.285326 0.593000 142 183 109
-0.260433 -0.285326 0.593000 170 211 137
-0.258895 -0.285326 0.593000 175 221 116
-0.257357 -0.285326 0.593000 177 223 118
-0.255820 -0.285326 0.593000 176 228 116
-0.254711 -0.285807 0.594000 163 215 103
-0.253171 -0.285807 0.594000 146 196 92
-0.251630 -0.285807 0.594000 85 135 31
-0.250090 -0.285807 0.594000 46 79 21
-0.248550 -0.285807 0.594000 38 71 13
-0.057270 -0.284364 0.591000 50 66 45
-0.055643 -0.283883 0.590000 37 70 24
-0.054114 -0.283883 0.590000 79 112 66
-0.052584 -0.283883 0.590000 130 183 101
-0.051054 -0.283883 0.590000 167 220 138
-0.049524 -0.283883 0.590000 172 230 130
-0.047994 -0.283883 0.590000 163 221 121
-0.046464 -0.283883 0.590000 163 217 114
-0.044934 -0.283883 0.590000 152 206 103
-0.043478 -0.284364 0.591000 132 179 96
-0.041946 -0.284364 0.591000 87 134 51
-0.040413 -0.284364 0.591000 33 67 32
-0.265046 -0.283786 0.593000 88 121 65
-0.263508 -0.283786 0.593000 155 188 132
-0.261970 -0.283786 0.593000 173 219 123
-0.260872 -0.284265 0.594000 171 217 121
-0.259332 -0.284265 0.594000 173 221 113
-0.257791 -0.284265 0.594000 182 230 122
-0.256251 -0.284265 0.594000 174 224 122
-0.255140 -0.284744 0.595000 135 185 83
-0.253597 -0.284744 0.595000 64 104 33
-0.252054 -0.284744 0.595000 38 78 7
-0.250511 -0.284744 0.595000 48 70 41
-0.054205 -0.282829 0.591000 38 55 37
-0.052673 -0.282829 0.591000 45 81 38
-0.051140 -0.282829 0.591000 91 127 84
-0.049608 -0.282829 0.591000 143 194 110
-0.048076 -0.282829 0.591000 170 221 137
-0.046543 -0.282829 0.591000 171 224 116
-0.045011 -0.282829 0.591000 166 219 111
-0.043478 -0.282829 0.591000 156 206 102
-0.041946 -0.282829 0.591000 143 193 89
-0.040413 -0.282829 0.591000 113 161 96
-0.038881 -0.282829 0.591000 58 106 41
-0.037348 -0.282829 0.591000 21 54 26
-0.267033 -0.282723 0.594000 97 120 86
-0.265493 -0.282723 0.594000 157 196 114
-0.263952 -0.282723 0.594000 179 218 136
-0.262412 -0.282723 0.594000 174 225 118
-0.260872 -0.282723 0.594000 170 221 114
-0.259768 -0.283199 0.595000 168 220 115
-0.258225 -0.283199 0.595000 168 220 115
-0.256683 -0.283199 0.595000 121 167 87
-0.255569 -0.283675 0.596000 53 99 19
-0.254023 -0.283675 0.596000 35 61 21
-0.252478 -0.283675 0.596000 52 78 38
-0.051140 -0.281295 0.591000 48 65 47
-0.049608 -0.281295 0.591000 62 97 41
-0.048076 -0.281295 0.591000 120 155 99
-0.046543 -0.281295 0.591000 164 213 116
-0.045011 -0.281295 0.591000 176 225 128
-0.043478 -0.281295 0.591000 169 222 112
-0.041946 -0.281295 0.591000 157 210 100
-0.040413 -0.281295 0.591000 149 200 116
-0.038881 -0.281295 0.591000 129 180 96
-0.037348 -0.281295 0.591000 87 131 78
-0.035877 -0.281771 0.592000 28 72 19
-0.269025 -0.281654 0.595000 101 135 74
-0.267482 -0.281654 0.595000 166 200 139
-0.265940 -0.281654 0.595000 179 223 128
-0.264397 -0.281654 0.595000 176 220 125
-0.262854 -0.281654 0.595000 175 228 118
-0.261750 -0.282127 0.596000 173 226 116
-0.260205 -0.282127 0.596000 160 212 119
-0.259093 -0.282601 0.597000 107 159 66
-0.257545 -0.282601 0.597000 51 85 34
-0.255997 -0.282601 0.597000 46 80 29
-0.049692 -0.280234 0.592000 47 66 40
-0.048157 -0.280234 0.592000 54 73 47
-0.046622 -0.280234 0.592000 87 125 50
-0.045087 -0.280234 0.592000 156 194 119
-0.043552 -0.280234 0.592000 170 222 119
-0.041946 -0.279760 0.591000 169 221 118
-0.040413 -0.279760 0.591000 160 216 117
-0.038881 -0.279760 0.591000 148 204 105
-0.037412 -0.280234 0.592000 139 193 117
-0.035877 -0.280234 0.592000 95 149 73
-0.034341 -0.280234 0.592000 39 77 33
-0.271023 -0.280580 0.596000 102 127 90
-0.269477 -0.280580 0.596000 162 204 121
-0.267932 -0.280580 0.596000 176 218 135
-0.266386 -0.280580 0.596000 175 222 119
-0.264841 -0.280580 0.596000 174 221 118
-0.263737 -0.281051 0.597000 178 229 122
-0.262189 -0.281051 0.597000 158 209 102
-0.260641 -0.281051 0.597000 98 141 66
-0.259093 -0.281051 0.597000 41 84 9
-0.257545 -0.281051 0.597000 44 67 42
-0.046701 -0.279167 0.593000 44 70 30
-0.045163 -0.279167 0.593000 73 99 59
-0.043552 -0.278697 0.592000 133 178 89
-0.042017 -0.278697 0.592000 169 214 125
-0.040482 -0.278697 0.592000 169 226 120
-0.038947 -0.278697 0.592000 155 212 106
-0.037412 -0.278697 0.592000 149 207 109
-0.035877 -0.278697 0.592000 144 202 104
-0.034341 -0.278697 0.592000 112 160 93
-0.032862 -0.279167 0.593000 47 95 28
-0.031324 -0.279167 0.593000 31 60 30
-0.273025 -0.279500 0.597000 106 142 77
-0.271477 -0.279500 0.597000 164 200 135
-0.269929 -0.279500 0.597000 178 225 126
-0.268381 -0.279500 0.597000 173 220 121
-0.266833 -0.279500 0.597000 172 220 114
-0.265285 -0.279500 0.597000 180 228 122
-0.264179 -0.279969 0.598000 146 195 100
-0.262629 -0.279969 0.598000 79 128 33
-0.261078 -0.279969 0.598000 39 68 25
-0.259961 -0.280437 0.599000 38 67 24
-0.045239 -0.278096 0.594000 52 67 53
-0.043699 -0.278096 0.594000 52 83 28
-0.042088 -0.277628 0.593000 102 133 78
-0.040550 -0.277628 0.593000 154 206 105
-0.039012 -0.277628 0.593000 168 220 119
-0.037475 -0.277628 0.593000 155 214 100
-0.035877 -0.277160 0.592000 157 216 102
-0.034399 -0.277628 0.593000 141 196 106
-0.032862 -0.277628 0.593000 130 185 95
-0.031324 -0.277628 0.593000 92 134 82
-0.029837 -0.278096 0.594000 30 72 20
-0.275033 -0.278416 0.598000 120 148 110
-0.273483 -0.278416 0.598000 160 203 115
-0.271932 -0.278416 0.598000 180 223 135
-0.270834 -0.278882 0.599000 169 217 109
-0.269281 -0.278882 0.599000 168 216 108
-0.267727 -0.278882 0.599000 169 220 113
-0.266174 -0.278882 0.599000 141 192 85
-0.264621 -0.278882 0.599000 76 115 49
-0.263068 -0.278882 0.599000 35 74 8
-0.261515 -0.278882 0.599000 45 59 37
-0.042230 -0.277019 0.595000 49 66 36
-0.040618 -0.276554 0.594000 69 111 39
-0.039078 -0.276554 0.594000 139 181 109
-0.037475 -0.276088 0.593000 167 221 116
-0.035937 -0.276088 0.593000 170 224 119
-0.034399 -0.276088 0.593000 157 211 110
-0.032862 -0.276088 0.593000 149 203 102
-0.031324 -0.276088 0.593000 141 191 114
-0.029837 -0.276554 0.594000 95 145 68
-0.028297 -0.276554 0.594000 42 73 41
-0.277047 -0.277326 0.599000 103 139 78
-0.275493 -0.277326 0.599000 162 198 137
-0.273940 -0.277326 0.599000 176 223 122
-0.272387 -0.277326 0.599000 174 221 120
-0.271286 -0.277789 0.600000 171 223 111
-0.269730 -0.277789 0.600000 166 218 106
-0.267727 -0.277326 0.599000 141 189 97
-0.266619 -0.277789 0.600000 64 112 20
-0.265063 -0.277789 0.600000 39 65 25
-0.263507 -0.277789 0.600000 46 72 32
-0.040755 -0.275937 0.596000 41 67 25
-0.039144 -0.275474 0.595000 58 84 42
-0.037601 -0.275474 0.595000 116 164 83
-0.035998 -0.275011 0.594000 164 212 131
-0.034457 -0.275011 0.594000 173 227 126
-0.032917 -0.275011 0.594000 168 222 121
-0.031377 -0.275011 0.594000 155 207 114
-0.029837 -0.275011 0.594000 146 198 105
-0.028297 -0.275011 0.594000 110 153 92
-0.026801 -0.275474 0.595000 41 84 23
-0.025301 -0.275937 0.596000 28 54 30
-0.278600 -0.275771 0.599000 94 113 83
-0.277509 -0.276231 0.600000 160 204 120
-0.275953 -0.276231 0.600000 175 219 135
-0.274397 -0.276231 0.600000 173 225 111
-0.272842 -0.276231 0.600000 177 229 115
-0.271286 -0.276231 0.600000 179 232 122
-0.269730 -0.276231 0.600000 143 196 86
-0.268174 -0.276231 0.600000 74 116 44
-0.266619 -0.276231 0.600000 31 73 1
-0.265063 -0.276231 0.600000 51 65 43
-0.039276 -0.274850 0.597000 46 60 40
-0.037728 -0.274850 0.597000 42 74 23
-0.036119 -0.274390 0.596000 103 135 84
-0.034515 -0.273930 0.595000 152 204 113
-0.032973 -0.273930 0.595000 176 228 137
-0.031430 -0.273930 0.595000 169 223 120
-0.029887 -0.273930 0.595000 155 209 106
-0.028344 -0.273930 0.595000 146 197 113
-0.026801 -0.273930 0.595000 119 170 86
-0.025301 -0.274390 0.596000 62 98 51
-0.023795 -0.274850 0.597000 24 60 13
-0.280153 -0.274216 0.599000 79 110 53
-0.279065 -0.274674 0.600000 159 190 133
-0.277509 -0.274674 0.600000 171 218 115
-0.275953 -0.274674 0.600000 165 212 109
-0.274855 -0.275131 0.601000 158 210 94
-0.273296 -0.275131 0.601000 166 218 102
-0.271738 -0.275131 0.601000 142 192 90
-0.270180 -0.275131 0.601000 64 114 12
-0.268621 -0.275131 0.601000 38 68 20
-0.267063 -0.275131 0.601000 43 73 25
-0.037791 -0.273758 0.598000 51 65 43
-0.036180 -0.273300 0.597000 43 57 35
-0.034631 -0.273300 0.597000 68 104 39
-0.033083 -0.273300 0.597000 148 184 119
-0.031483 -0.272842 0.596000 173 225 124
-0.029937 -0.272842 0.596000 164 216 115
-0.028439 -0.273300 0.597000 162 215 117
-0.026891 -0.273300 0.597000 154 207 109
-0.025343 -0.273300 0.597000 128 177 103
-0.023795 -0.273300 0.597000 71 120 46
-0.022247 -0.273300 0.597000 36 68 31
-0.282176 -0.273116 0.600000 87 103 71
-0.280621 -0.273116 0.600000 148 187 105
-0.279530 -0.273571 0.601000 181 220 138
-0.277972 -0.273571 0.601000 166 215 100
-0.276413 -0.273571 0.601000 161 210 95
-0.274855 -0.273571 0.601000 145 198 79
-0.273296 -0.273571 0.601000 143 196 77
-0.271738 -0.273571 0.601000 70 111 35
-0.270180 -0.273571 0.601000 31 72 0
-0.268621 -0.273571 0.601000 48 67 41
-0.034806 -0.273116 0.600000 44 64 31
-0.033250 -0.273116 0.600000 69 89 56
-0.031641 -0.272661 0.599000 129 171 88
-0.030038 -0.272205 0.598000 170 212 129
-0.028487 -0.272205 0.598000 171 225 124
-0.026891 -0.271750 0.597000 160 214 113
-0.025343 -0.271750 0.597000 148 203 111
-0.023795 -0.271750 0.597000 136 191 99
-0.022285 -0.272205 0.598000 89 132 73
-0.020734 -0.272205 0.598000 28 71 12
-0.283732 -0.271558 0.600000 72 92 45
-0.282176 -0.271558 0.600000 150 170 123
-0.281088 -0.272011 0.601000 179 221 120
-0.279530 -0.272011 0.601000 182 224 123
-0.277972 -0.272011 0.601000 168 218 96
-0.276413 -0.272011 0.601000 176 226 104
-0.274855 -0.272011 0.601000 148 197 86
-0.273296 -0.272011 0.601000 88 137 26
-0.272190 -0.272463 0.602000 41 73 22
-0.270629 -0.272463 0.602000 43 75 24
-0.033305 -0.272011 0.601000 50 60 46
-0.031694 -0.271558 0.600000 43 73 23
-0.030138 -0.271558 0.600000 118 148 98
-0.028535 -0.271105 0.599000 166 217 121
-0.026982 -0.271105 0.599000 171 222 126
-0.025428 -0.271105 0.599000 166 223 117
-0.023835 -0.270653 0.598000 157 214 108
-0.022285 -0.270653 0.598000 141 191 110
-0.020769 -0.271105 0.599000 100 150 69
-0.019216 -0.271105 0.599000 41 71 32
-0.285764 -0.270450 0.601000 71 80 62
-0.284205 -0.270450 0.601000 135 164 94
-0.282647 -0.270450 0.601000 181 210 140
-0.281088 -0.270450 0.601000 187 234 122
-0.279530 -0.270450 0.601000 179 226 114
-0.277972 -0.270450 0.601000 172 223 98
-0.276413 -0.270450 0.601000 155 206 81
-0.273751 -0.270900 0.602000 54 94 5
-0.272190 -0.270900 0.602000 42 61 31
-0.030188 -0.270450 0.601000 44 63 37
-0.028582 -0.270000 0.600000 97 139 67
-0.027027 -0.270000 0.600000 155 197 125
-0.025471 -0.270000 0.600000 171 225 120
-0.023875 -0.269550 0.599000 167 221 116
-0.022322 -0.269550 0.599000 156 210 109
-0.020769 -0.269550 0.599000 148 202 101
-0.019216 -0.269550 0.599000 107 148 83
-0.017692 -0.270000 0.600000 36 77 12
-0.285764 -0.268890 0.601000 124 138 102
-0.284205 -0.268890 0.601000 179 216 125
-0.282647 -0.268890 0.601000 184 221 130
-0.281088 -0.268890 0.601000 174 223 110
-0.278434 -0.269337 0.602000 164 213 102
-0.276873 -0.269337 0.602000 95 144 33
-0.275312 -0.269337 0.602000 45 74 15
-0.273751 -0.269337 0.602000 46 75 16
-0.028630 -0.268890 0.601000 36 65 24
-0.027072 -0.268890 0.601000 73 102 61
-0.025513 -0.268890 0.601000 138 188 97
-0.023915 -0.268442 0.600000 170 220 129
-0.022359 -0.268442 0.600000 167 221 116
-0.020803 -0.268442 0.600000 146 200 95
-0.019248 -0.268442 0.600000 147 196 110
-0.017692 -0.268442 0.600000 123 172 86
-0.016136 -0.268442 0.600000 55 86 44
-0.287322 -0.267329 0.601000 99 126 68
-0.285764 -0.267329 0.601000 171 198 140
-0.284205 -0.267329 0.601000 182 224 123
-0.283117 -0.267774 0.602000 172 214 113
-0.281556 -0.267774 0.602000 163 215 101
-0.279995 -0.267774 0.602000 163 215 101
-0.278434 -0.267774 0.602000 104 147 59
-0.276873 -0.267774 0.602000 39 82 0
-0.275312 -0.267774 0.602000 44 62 27
-0.027072 -0.267329 0.601000 44 62 41
-0.025513 -0.267329 0.601000 61 100 38
-0.023955 -0.267329 0.601000 138 177 115
-0.022396 -0.267329 0.601000 168 221 125
-0.020803 -0.266884 0.600000 162 215 119
-0.019248 -0.266884 0.600000 162 212 119
-0.017692 -0.266884 0.600000 157 207 114
-0.016163 -0.267329 0.601000 126 167 104
-0.014605 -0.267329 0.601000 58 99 36
-0.013046 -0.267329 0.601000 25 46 22
-0.288880 -0.265769 0.601000 93 110 82
-0.287322 -0.265769 0.601000 160 196 119
-0.286239 -0.266211 0.602000 186 222 145
-0.284678 -0.266211 0.602000 179 228 117
-0.283117 -0.266211 0.602000 173 222 111
-0.281556 -0.266211 0.602000 166 220 107
-0.279995 -0.266211 0.602000 125 179 66
-0.278434 -0.266211 0.602000 53 89 28
-0.277333 -0.266653 0.603000 41 77 16
-0.275769 -0.266653 0.603000 58 72 50
-0.025556 -0.266211 0.602000 41 65 33
-0.023955 -0.265769 0.601000 60 84 52
-0.022396 -0.265769 0.601000 136 182 102
-0.020838 -0.265769 0.601000 176 222 142
-0.019280 -0.265769 0.601000 171 224 128
-0.017721 -0.265769 0.601000 162 215 119
-0.016163 -0.265769 0.601000 149 199 120
-0.014605 -0.265769 0.601000 127 177 98
-0.013046 -0.265769 0.601000 70 106 63
-0.011488 -0.265769 0.601000 21 57 14
-0.290439 -0.264208 0.601000 62 91 50
-0.288880 -0.264208 0.601000 145 174 133
-0.287800 -0.264648 0.602000 175 220 129
-0.286239 -0.264648 0.602000 175 220 129
-0.284678 -0.264648 0.602000 176 228 114
-0.283117 -0.264648 0.602000 171 223 109
-0.282024 -0.265087 0.603000 135 185 83
-0.280460 -0.265087 0.603000 63 113 11
-0.278897 -0.265087 0.603000 45 70 33
-0.023995 -0.264648 0.602000 42 59 45
-0.022396 -0.264208 0.601000 53 86 30
-0.020838 -0.264208 0.601000 130 163 107
-0.019280 -0.264208 0.601000 169 222 126
-0.017721 -0.264208 0.601000 170 223 127
-0.016163 -0.264208 0.601000 155 211 114
-0.014605 -0.264208 0.601000 151 207 110
-0.013046 -0.264208 0.601000 134 180 115
-0.011488 -0.264208 0.601000 63 109 44
-0.009946 -0.264648 0.602000 21 47 23
-0.290922 -0.263085 0.602000 124 164 104
-0.289361 -0.263085 0.602000 173 213 153
-0.287800 -0.263085 0.602000 168 220 117
-0.286239 -0.263085 0.602000 165 217 114
-0.285151 -0.263522 0.603000 172 226 109
-0.283587 -0.263522 0.603000 147 201 84
-0.282024 -0.263522 0.603000 73 115 34
-0.280460 -0.263522 0.603000 35 77 0
-0.279359 -0.263959 0.604000 59 76 50
-0.022471 -0.263522 0.603000 39 61 34
-0.020873 -0.263085 0.602000 49 71 44
-0.019280 -0.262648 0.601000 112 158 82
-0.017721 -0.262648 0.601000 167 213 137
-0.016163 -0.262648 0.601000 169 223 122
-0.014605 -0.262648 0.601000 163 217 116
-0.013046 -0.262648 0.601000 154 206 117
-0.011488 -0.262648 0.601000 125 177 88
-0.009946 -0.263085 0.602000 64 100 53
-0.008385 -0.263085 0.602000 18 54 7
-0.292483 -0.261522 0.602000 104 125 101
-0.290922 -0.261522 0.602000 163 211 130
-0.289361 -0.261522 0.602000 172 220 139
-0.288278 -0.261956 0.603000 167 222 114
-0.286714 -0.261956 0.603000 154 209 101
-0.285151 -0.261956 0.603000 155 207 102
-0.284058 -0.262391 0.604000 77 129 24
-0.282491 -0.262391 0.604000 33 64 9
-0.280925 -0.262391 0.604000 45 76 21
-0.020907 -0.261956 0.603000 45 59 48
-0.019312 -0.261522 0.602000 30 66 19
-0.017751 -0.261522 0.602000 104 140 93
-0.016190 -0.261522 0.602000 165 215 122
-0.014605 -0.261087 0.601000 173 223 130
-0.013046 -0.261087 0.601000 160 214 111
-0.011507 -0.261522 0.602000 157 211 108
-0.009946 -0.261522 0.602000 132 177 104
-0.008385 -0.261522 0.602000 64 109 36
-0.006835 -0.261956 0.603000 23 50 21
-0.294044 -0.259959 0.602000 66 92 50
-0.292483 -0.259959 0.602000 155 181 139
-0.291405 -0.260391 0.603000 173 224 128
-0.289842 -0.260391 0.603000 168 219 123
-0.288278 -0.260391 0.603000 166 221 113
-0.287190 -0.260822 0.604000 157 212 104
-0.285624 -0.260822 0.604000 103 151 59
-0.284528 -0.261254 0.605000 32 80 0
-0.282959 -0.261254 0.605000 47 66 28
-0.017780 -0.260391 0.603000 36 57 33
-0.016190 -0.259959 0.602000 99 147 70
-0.014629 -0.259959 0.602000 159 207 130
-0.013068 -0.259959 0.602000 171 225 120
-0.011507 -0.259959 0.602000 168 222 117
-0.009946 -0.259959 0.602000 149 199 106
-0.008385 -0.259959 0.602000 126 176 83
-0.006835 -0.260391 0.603000 66 103 53
-0.005272 -0.260391 0.603000 20 57 7
-0.294532 -0.258825 0.603000 115 151 88
-0.292969 -0.258825 0.603000 177 213 150
-0.291405 -0.258825 0.603000 167 221 116
-0.290322 -0.259254 0.604000 167 221 116
-0.288756 -0.259254 0.604000 165 223 114
-0.287665 -0.259683 0.605000 125 183 74
-0.286097 -0.259683 0.605000 53 94 18
-0.284528 -0.259683 0.605000 34 75 0
-0.282959 -0.259683 0.605000 55 70 43
-0.016244 -0.259254 0.604000 39 71 20
-0.014653 -0.258825 0.603000 107 139 88
-0.013068 -0.258396 0.602000 161 212 116
-0.011507 -0.258396 0.602000 171 222 126
-0.009946 -0.258396 0.602000 164 216 113
-0.008385 -0.258396 0.602000 156 208 105
-0.006835 -0.258825 0.603000 122 167 94
-0.005272 -0.258825 0.603000 53 98 25
-0.296096 -0.257259 0.603000 105 125 92
-0.295021 -0.257686 0.604000 162 209 124
-0.293455 -0.257686 0.604000 180 227 142
-0.291888 -0.257686 0.604000 178 236 127
-0.290803 -0.258113 0.605000 159 217 108
-0.289234 -0.258113 0.605000 148 205 103
-0.287665 -0.258113 0.605000 68 125 23
-0.286570 -0.258539 0.606000 35 68 12
-0.284998 -0.258539 0.606000 46 79 23
-0.014702 -0.258113 0.605000 42 59 33
-0.013111 -0.257686 0.604000 96 137 61
-0.011526 -0.257259 0.603000 162 203 127
-0.009962 -0.257259 0.603000 175 227 124
-0.008399 -0.257259 0.603000 168 220 117
-0.006835 -0.257259 0.603000 150 200 109
-0.003714 -0.257686 0.604000 69 102 58
-0.002152 -0.258113 0.605000 19 52 8
-0.297078 -0.256542 0.605000 158 184 140
-0.295509 -0.256542 0.605000 179 229 136
-0.293940 -0.256542 0.605000 170 220 127
-0.292372 -0.256542 0.605000 166 225 118
-0.291284 -0.256966 0.606000 165 224 117
-0.290190 -0.257390 0.607000 92 141 55
-0.288616 -0.257390 0.607000 37 86 0
-0.287042 -0.257390 0.607000 50 73 37
-0.013133 -0.256542 0.605000 40 67 20
-0.011564 -0.256542 0.605000 105 132 85
-0.009979 -0.256118 0.604000 163 212 117
-0.008413 -0.256118 0.604000 172 221 126
-0.006847 -0.256118 0.604000 164 216 113
-0.005280 -0.256118 0.604000 155 207 104
-0.003720 -0.256542 0.605000 122 166 100
-0.002152 -0.256542 0.605000 52 96 30
-0.000584 -0.256966 0.606000 19 45 21
-0.299140 -0.255392 0.606000 107 140 82
-0.297569 -0.255392 0.606000 184 217 159
-0.295998 -0.255392 0.606000 178 230 129
-0.294912 -0.255814 0.607000 163 215 114
-0.293338 -0.255814 0.607000 153 212 107
-0.291764 -0.255814 0.607000 131 190 85
-0.290668 -0.256235 0.608000 56 95 31
-0.289092 -0.256235 0.608000 39 78 14
-0.011583 -0.255392 0.606000 44 60 39
-0.009995 -0.254971 0.605000 104 144 73
-0.008427 -0.254971 0.605000 166 206 135
-0.006858 -0.254971 0.605000 169 223 120
-0.005289 -0.254971 0.605000 160 214 111
-0.003720 -0.254971 0.605000 150 201 117
-0.002152 -0.254971 0.605000 120 171 87
-0.000584 -0.255392 0.606000 48 84 41
-0.301208 -0.254238 0.607000 79 96 68
-0.299634 -0.254238 0.607000 156 197 123
-0.298060 -0.254238 0.607000 181 222 148
-0.296975 -0.254657 0.608000 167 221 116
-0.295398 -0.254657 0.608000 166 220 115
-0.293821 -0.254657 0.608000 145 201 102
-0.292726 -0.255075 0.609000 81 137 38
-0.291146 -0.255075 0.609000 38 68 20
-0.289567 -0.255075 0.609000 45 75 27
-0.010029 -0.254238 0.607000 40 69 24
-0.008441 -0.253819 0.606000 107 136 91
-0.006858 -0.253400 0.605000 163 213 122
-0.005289 -0.253400 0.605000 171 221 130
-0.003720 -0.253400 0.605000 156 209 111
-0.002155 -0.253819 0.606000 147 200 102
-0.000584 -0.253819 0.606000 115 156 89
0.000989 -0.254238 0.607000 38 79 12
-0.301704 -0.253078 0.608000 134 155 113
-0.300128 -0.253078 0.608000 184 228 135
-0.299042 -0.253494 0.609000 180 224 131
-0.297463 -0.253494 0.609000 175 231 118
-0.295884 -0.253494 0.609000 162 218 105
-0.294305 -0.253494 0.609000 106 154 64
-0.292726 -0.253494 0.609000 36 84 0
-0.291625 -0.253911 0.610000 51 67 33
-0.008468 -0.253078 0.608000 49 65 42
-0.006881 -0.252662 0.607000 100 145 72
-0.005298 -0.252246 0.606000 163 208 135
-0.003727 -0.252246 0.606000 163 217 114
-0.002155 -0.252246 0.606000 155 209 106
-0.000585 -0.252662 0.607000 147 198 102
0.000989 -0.252662 0.607000 108 159 63
0.002567 -0.253078 0.608000 34 65 21
-0.303780 -0.251913 0.609000 79 110 53
-0.302200 -0.251913 0.609000 177 208 151
-0.300621 -0.251913 0.609000 185 232 129
-0.299042 -0.251913 0.609000 187 234 131
-0.297463 -0.251913 0.609000 180 236 121
-0.296370 -0.252327 0.610000 136 192 77
-0.294788 -0.252327 0.610000 57 95 22
-0.293206 -0.252327 0.610000 35 73 0
-0.006903 -0.251913 0.609000 37 71 20
-0.005315 -0.251499 0.608000 108 142 91
-0.003733 -0.251086 0.607000 164 217 119
-0.002159 -0.251086 0.607000 162 215 117
-0.000585 -0.251086 0.607000 154 209 101
0.000991 -0.251499 0.608000 143 198 90
0.002571 -0.251913 0.609000 83 124 59
0.004151 -0.251913 0.609000 32 73 8
-0.303780 -0.250332 0.609000 135 171 106
-0.302200 -0.250332 0.609000 183 219 154
-0.301115 -0.250743 0.610000 170 220 118
-0.299533 -0.250743 0.610000 172 222 120
-0.297951 -0.250743 0.610000 164 216 111
-0.296370 -0.250743 0.610000 85 137 32
-0.294788 -0.250743 0.610000 37 68 15
-0.293206 -0.250743 0.610000 50 81 28
-0.005324 -0.250332 0.609000 46 67 43
-0.003739 -0.249921 0.608000 120 169 83
-0.002166 -0.250332 0.609000 168 217 131
-0.000586 -0.249921 0.608000 164 218 113
0.000992 -0.250332 0.609000 156 210 105
0.002571 -0.250332 0.609000 136 187 101
0.004151 -0.250332 0.609000 65 116 30
0.005739 -0.250743 0.610000 27 58 28
-0.305860 -0.249159 0.610000 82 104 73
-0.304278 -0.249159 0.610000 173 214 138
-0.302697 -0.249159 0.610000 183 224 148
-0.301115 -0.249159 0.610000 168 220 117
-0.299533 -0.249159 0.610000 154 206 103
-0.297951 -0.249159 0.610000 139 187 97
-0.296856 -0.249568 0.611000 43 91 1
-0.295271 -0.249568 0.611000 44 69 32
-0.003745 -0.248751 0.609000 45 83 26
-0.002166 -0.248751 0.609000 135 173 116
-0.000587 -0.248751 0.609000 161 215 110
0.000992 -0.248751 0.609000 160 214 109
0.002571 -0.248751 0.609000 145 199 98
0.004151 -0.248751 0.609000 128 182 81
0.005739 -0.249159 0.610000 55 93 47
0.007321 -0.249159 0.610000 25 63 17
-0.305860 -0.247575 0.610000 148 174 134
-0.304278 -0.247575 0.610000 187 232 143
-0.302697 -0.247575 0.610000 181 226 137
-0.301609 -0.247981 0.611000 173 225 122
-0.300024 -0.247981 0.611000 156 208 105
-0.298440 -0.247981 0.611000 89 132 53
-0.296856 -0.247981 0.611000 31 74 0
-0.295271 -0.247981 0.611000 52 71 45
-0.003751 -0.247575 0.610000 39 66 35
-0.002169 -0.247575 0.610000 72 99 68
-0.000587 -0.247169 0.609000 142 192 103
0.000992 -0.247169 0.609000 165 215 126
0.002571 -0.247169 0.609000 150 207 103
0.004151 -0.247169 0.609000 146 203 99
0.005739 -0.247575 0.610000 118 164 97
0.007321 -0.247575 0.610000 42 88 21
-0.307946 -0.246395 0.611000 72 104 55
-0.306361 -0.246395 0.611000 180 212 163
-0.304777 -0.246395 0.611000 181 231 129
-0.303193 -0.246395 0.611000 181 231 129
-0.301609 -0.246395 0.611000 176 227 120
-0.300024 -0.246395 0.611000 128 179 72
-0.298440 -0.246395 0.611000 42 81 15
-0.296856 -0.246395 0.611000 40 79 13
-0.002169 -0.245991 0.610000 43 60 42
-0.000588 -0.245991 0.610000 79 123 57
0.000994 -0.245991 0.610000 153 197 131
0.002576 -0.245991 0.610000 165 221 122
0.004157 -0.245991 0.610000 151 207 108
0.005739 -0.245991 0.610000 149 198 114
0.007321 -0.245991 0.610000 104 153 69
0.008917 -0.246395 0.611000 34 68 37
-0.307946 -0.244808 0.611000 127 166 104
-0.306361 -0.244808 0.611000 184 223 161
-0.304777 -0.244808 0.611000 172 223 116
-0.303193 -0.244808 0.611000 167 218 111
-0.302102 -0.245209 0.612000 164 215 108
-0.300515 -0.245209 0.612000 81 132 25
-0.298928 -0.245209 0.612000 32 63 6
-0.297341 -0.245209 0.612000 47 78 21
-0.000588 -0.244408 0.610000 28 59 15
0.000994 -0.244408 0.610000 96 127 83
0.002576 -0.244408 0.610000 157 209 118
0.004157 -0.244408 0.610000 163 215 124
0.005739 -0.244408 0.610000 156 208 115
0.007321 -0.244408 0.610000 141 193 100
0.008917 -0.244808 0.611000 75 114 63
0.010502 -0.244808 0.611000 26 65 14
-0.308450 -0.243620 0.612000 170 207 137
-0.306863 -0.243620 0.612000 186 223 153
-0.305276 -0.243620 0.612000 174 225 118
-0.303689 -0.243620 0.612000 183 234 127
-0.302102 -0.243620 0.612000 137 182 80
-0.300515 -0.243620 0.612000 44 89 0
-0.298928 -0.243620 0.612000 49 71 24
0.000996 -0.243222 0.611000 44 62 39
0.002580 -0.243222 0.611000 119 165 87
0.004164 -0.243222 0.611000 166 212 134
0.005749 -0.243222 0.611000 160 212 119
0.007333 -0.243222 0.611000 155 207 114
0.008917 -0.243222 0.611000 123 169 102
0.010502 -0.243222 0.611000 51 97 30
-0.310037 -0.242031 0.612000 112 131 101
-0.308450 -0.242031 0.612000 185 225 140
-0.306863 -0.242031 0.612000 179 219 134
-0.305276 -0.242031 0.612000 172 220 114
-0.303689 -0.242031 0.612000 165 213 107
-0.302596 -0.242426 0.613000 85 125 38
-0.301006 -0.242426 0.613000 35 75 0
-0.299417 -0.242426 0.613000 59 75 41
0.002580 -0.241636 0.611000 44 79 25
0.004164 -0.241636 0.611000 132 167 113
0.005749 -0.241636 0.611000 163 216 120
0.007333 -0.241636 0.611000 163 216 120
0.008917 -0.241636 0.611000 157 205 126
0.010502 -0.241636 0.611000 116 164 85
0.012106 -0.242031 0.612000 44 70 44
-0.310543 -0.240835 0.613000 161 182 140
-0.308954 -0.240835 0.613000 186 226 129
-0.307364 -0.240835 0.613000 179 219 122
-0.305775 -0.240835 0.613000 180 227 124
-0.304185 -0.240835 0.613000 155 202 99
-0.302596 -0.240835 0.613000 51 85 20
-0.301006 -0.240835 0.613000 45 79 14
0.004171 -0.240442 0.612000 67 94 63
0.005758 -0.240442 0.612000 146 193 108
0.007345 -0.240442 0.612000 164 211 126
0.008932 -0.240442 0.612000 158 203 130
0.010519 -0.240442 0.612000 137 182 109
0.012106 -0.240442 0.612000 115 138 113
0.013715 -0.240835 0.613000 63 86 61
-0.312133 -0.239243 0.613000 98 124 73
-0.310543 -0.239243 0.613000 185 211 160
-0.308954 -0.239243 0.613000 184 226 125
-0.307364 -0.239243 0.613000 167 209 108
-0.306274 -0.239634 0.614000 170 219 122
-0.304682 -0.239634 0.614000 108 157 60
-0.303089 -0.239634 0.614000 36 67 21
-0.301497 -0.239634 0.614000 46 77 31
0.004178 -0.239243 0.613000 40 60 45
0.005758 -0.238853 0.612000 103 139 78
0.007345 -0.238853 0.612000 164 200 139
0.008932 -0.238853 0.612000 164 200 139
0.010519 -0.238853 0.612000 167 203 142
0.012106 -0.238853 0.612000 182 201 175
0.013715 -0.239243 0.613000 164 183 157
-0.312133 -0.237652 0.613000 140 169 108
-0.309458 -0.238039 0.614000 178 225 122
-0.308367 -0.238427 0.615000 185 232 129
-0.306772 -0.238427 0.615000 153 200 115
-0.305178 -0.238427 0.615000 60 107 22
-0.303583 -0.238427 0.615000 39 66 35
0.005767 -0.237652 0.613000 47 72 35
0.007357 -0.237652 0.613000 138 163 126
0.008946 -0.237652 0.613000 196 222 171
0.010519 -0.237264 0.612000 213 239 188
0.012125 -0.237652 0.613000 220 239 211
0.013715 -0.237652 0.613000 208 227 199
0.015354 -0.238427 0.615000 122 136 127
-0.314234 -0.236445 0.614000 76 91 66
-0.312642 -0.236445 0.614000 169 207 134
-0.311050 -0.236445 0.614000 190 228 155
-0.310466 -0.237215 0.616000 183 235 132
-0.308868 -0.237215 0.616000 162 214 111
-0.307271 -0.237215 0.616000 123 169 93
-0.305674 -0.237215 0.616000 31 77 1
-0.304570 -0.237600 0.617000 49 72 49
0.007369 -0.236445 0.614000 71 88 70
0.008946 -0.236060 0.613000 192 215 179
0.010536 -0.236060 0.613000 237 255 224
0.012125 -0.236060 0.613000 234 255 225
0.013737 -0.236445 0.614000 227 249 218
0.015354 -0.236830 0.615000 192 208 197
0.016977 -0.237215 0.616000 73 89 78
-0.314746 -0.235233 0.615000 114 130 98
-0.313660 -0.235616 0.616000 189 231 148
-0.312063 -0.235616 0.616000 189 231 148
-0.310466 -0.235616 0.616000 178 230 127
-0.309370 -0.235998 0.617000 162 214 111
-0.307770 -0.235998 0.617000 83 122 56
-0.306666 -0.236381 0.618000 32 71 5
0.007393 -0.235616 0.616000 49 63 54
0.008976 -0.235233 0.615000 121 140 114
0.010553 -0.234851 0.614000 232 251 225
0.012145 -0.234851 0.614000 233 255 226
0.013760 -0.235233 0.615000 230 252 223
0.015379 -0.235616 0.616000 227 244 230
0.016977 -0.235616 0.616000 154 171 157
-0.315258 -0.234017 0.616000 164 183 143
-0.313660 -0.234017 0.616000 190 233 143
-0.312570 -0.234396 0.617000 175 218 128
-0.310970 -0.234396 0.617000 169 221 120
-0.309871 -0.234776 0.618000 140 192 91
-0.308269 -0.234776 0.618000 51 82 27
-0.307163 -0.235156 0.619000 47 78 23
0.008990 -0.234017 0.616000 66 83 69
0.010570 -0.233637 0.615000 183 200 186
0.012165 -0.233637 0.615000 239 255 232
0.013782 -0.234017 0.616000 232 251 225
0.015379 -0.234017 0.616000 233 250 232
0.017004 -0.234396 0.617000 211 228 210
0.018634 -0.234776 0.618000 101 111 114
-0.316855 -0.232417 0.616000 90 113 61
-0.315769 -0.232794 0.617000 187 210 158
-0.314169 -0.232794 0.617000 186 233 132
-0.313076 -0.233172 0.618000 180 227 126
-0.311474 -0.233172 0.618000 172 223 125
-0.310373 -0.233549 0.619000 99 150 52
-0.308768 -0.233549 0.619000 38 64 20
0.010587 -0.232417 0.616000 107 120 115
0.012185 -0.232417 0.616000 218 236 213
0.013782 -0.232417 0.616000 240 255 235
0.015404 -0.232794 0.617000 238 254 231
0.017004 -0.232794 0.617000 235 251 228
0.018634 -0.233172 0.618000 170 183 180
0.020269 -0.233549 0.619000 52 65 62
-0.317369 -0.231192 0.617000 127 156 93
-0.316281 -0.231567 0.618000 194 223 160
-0.314679 -0.231567 0.618000 179 227 119
-0.313583 -0.231942 0.619000 186 234 126
-0.311978 -0.231942 0.619000 163 212 115
-0.310373 -0.231942 0.619000 57 106 9
-0.309266 -0.232317 0.620000 41 67 27
0.010622 -0.231567 0.618000 60 71 69
0.012224 -0.231567 0.618000 141 156 142
0.013804 -0.231192 0.617000 239 254 240
0.015404 -0.231192 0.617000 239 253 231
0.017032 -0.231567 0.618000 242 255 234
0.018664 -0.231942 0.619000 210 226 217
0.020269 -0.231942 0.619000 105 121 112
-0.317884 -0.229963 0.618000 164 197 128
-0.316793 -0.230335 0.619000 191 224 155
-0.315188 -0.230335 0.619000 176 225 114
-0.314089 -0.230707 0.620000 151 200 89
-0.312482 -0.230707 0.620000 137 182 91
-0.310874 -0.230707 0.620000 36 81 0
-0.309266 -0.230707 0.620000 50 72 41
0.012244 -0.230335 0.619000 70 82 74
0.013827 -0.229963 0.618000 196 208 200
0.015429 -0.229963 0.618000 244 255 239
0.017032 -0.229963 0.618000 244 255 239
0.018664 -0.230335 0.619000 226 243 229
0.020302 -0.230707 0.620000 162 179 165
0.021910 -0.230707 0.620000 67 79 83
-0.318398 -0.228728 0.619000 180 216 139
-0.317305 -0.229097 0.620000 187 223 146
-0.315697 -0.229097 0.620000 186 238 122
-0.314089 -0.229097 0.620000 170 222 106
-0.312482 -0.229097 0.620000 88 130 47
-0.311376 -0.229467 0.621000 31 73 0
0.013849 -0.228728 0.619000 119 128 121
0.015454 -0.228728 0.619000 232 247 229
0.017059 -0.228728 0.619000 243 255 240
0.018664 -0.228728 0.619000 237 254 238
0.020302 -0.229097 0.620000 198 215 199
0.021910 -0.229097 0.620000 111 121 124
-0.320520 -0.227487 0.620000 114 133 95
-0.318912 -0.227487 0.620000 188 228 141
-0.317305 -0.227487 0.620000 192 232 145
-0.316206 -0.227854 0.621000 183 237 120
-0.314596 -0.227854 0.621000 159 213 96
-0.312986 -0.227854 0.621000 49 90 16
-0.311376 -0.227854 0.621000 37 78 4
0.013871 -0.227487 0.620000 62 68 66
0.015479 -0.227487 0.620000 181 191 179
0.017059 -0.227120 0.619000 242 252 240
0.018664 -0.227120 0.619000 241 255 240
0.020302 -0.227487 0.620000 235 252 234
0.021910 -0.227487 0.620000 169 180 178
0.023555 -0.227854 0.621000 76 87 85
-0.321037 -0.226242 0.621000 148 172 129
-0.319427 -0.226242 0.621000 184 228 133
-0.317817 -0.226242 0.621000 186 230 135
-0.316206 -0.226242 0.621000 178 234 121
-0.314596 -0.226242 0.621000 126 182 69
-0.312986 -0.226242 0.621000 35 71 10
-0.311877 -0.226606 0.622000 43 79 18
0.015479 -0.225877 0.620000 91 100 91
0.017087 -0.225877 0.620000 218 227 218
0.018694 -0.225877 0.620000 244 255 243
0.020302 -0.225877 0.620000 242 255 241
0.021910 -0.225877 0.620000 207 219 211
0.023555 -0.226242 0.621000 142 154 146
-0.321037 -0.224629 0.621000 175 203 149
-0.319427 -0.224629 0.621000 177 227 125
-0.317817 -0.224629 0.621000 164 214 112
-0.316715 -0.224991 0.622000 162 219 113
-0.315103 -0.224991 0.622000 96 153 47
-0.313490 -0.224991 0.622000 36 68 19
0.015504 -0.224629 0.621000 50 62 54
0.017087 -0.224268 0.620000 153 165 157
0.018694 -0.224268 0.620000 235 250 234
0.020302 -0.224268 0.620000 239 254 238
0.021910 -0.224268 0.620000 231 244 231
0.023555 -0.224629 0.621000 183 196 183
0.025166 -0.224629 0.621000 88 98 101
-0.322647 -0.223017 0.621000 88 118 52
-0.321037 -0.223017 0.621000 187 217 151
-0.319941 -0.223376 0.622000 179 230 123
-0.318328 -0.223376 0.622000 152 203 96
-0.316715 -0.223376 0.622000 147 200 102
-0.315103 -0.223376 0.622000 61 114 16
-0.313994 -0.223735 0.623000 38 63 26
0.017114 -0.223017 0.621000 83 92 83
0.018725 -0.223017 0.621000 190 207 193
0.020335 -0.223017 0.621000 232 249 235
0.021945 -0.223017 0.621000 231 246 228
0.023555 -0.223017 0.621000 216 231 213
0.025166 -0.223017 0.621000 144 157 152
0.026819 -0.223376 0.622000 58 71 66
-0.323167 -0.221761 0.622000 123 156 87
-0.321554 -0.221761 0.622000 189 222 153
-0.319941 -0.221761 0.622000 176 227 118
-0.318328 -0.221761 0.622000 162 213 104
-0.317225 -0.222118 0.623000 149 197 105
-0.315609 -0.222118 0.623000 41 89 0
-0.313994 -0.222118 0.623000 52 71 43
0.018725 -0.221405 0.621000 110 125 111
0.020335 -0.221405 0.621000 218 233 219
0.021945 -0.221405 0.621000 226 244 221
0.023555 -0.221405 0.621000 225 243 220
0.025166 -0.221405 0.621000 198 218 201
0.026819 -0.221761 0.622000 112 132 115
-0.323167 -0.220146 0.622000 158 194 119
-0.322071 -0.220500 0.623000 188 224 149
-0.320456 -0.220500 0.623000 164 215 108
-0.318840 -0.220500 0.623000 149 200 93
-0.317225 -0.220500 0.623000 122 166 82
-0.316116 -0.220854 0.624000 34 78 0
-0.314498 -0.220854 0.624000 61 76 51
0.018725 -0.219792 0.621000 57 67 53
0.020335 -0.219792 0.621000 175 185 171
0.021945 -0.219792 0.621000 227 246 216
0.023555 -0.219792 0.621000 230 249 219
0.025166 -0.219792 0.621000 218 245 212
0.026819 -0.220146 0.622000 153 180 147
0.028477 -0.220500 0.623000 31 52 41
-0.325302 -0.218883 0.623000 80 95 70
-0.323686 -0.218883 0.623000 176 215 135
-0.322071 -0.218883 0.623000 186 225 145
-0.320456 -0.218883 0.623000 160 210 108
-0.319352 -0.219234 0.624000 159 209 107
-0.317734 -0.219234 0.624000 87 130 55
-0.316622 -0.219585 0.625000 33 76 1
0.020368 -0.218531 0.622000 94 102 91
0.021945 -0.218180 0.621000 203 226 190
0.023555 -0.218180 0.621000 214 237 201
0.025206 -0.218531 0.622000 172 206 155
0.026819 -0.218531 0.622000 149 183 132
0.028477 -0.218883 0.623000 71 99 72
-0.325302 -0.217265 0.623000 102 120 87
-0.323686 -0.217265 0.623000 188 228 141
-0.322588 -0.217614 0.624000 175 215 128
-0.320970 -0.217614 0.624000 171 221 119
-0.319864 -0.217963 0.625000 156 206 104
-0.318243 -0.217963 0.625000 59 98 36
-0.316622 -0.217963 0.625000 34 73 11
0.020368 -0.216916 0.622000 60 69 60
0.021980 -0.216916 0.622000 132 158 118
0.023593 -0.216916 0.622000 180 206 166
0.025206 -0.216916 0.622000 152 194 124
0.026819 -0.216916 0.622000 155 197 127
0.028477 -0.217265 0.623000 122 161 110
-0.325824 -0.215994 0.624000 119 140 100
-0.324206 -0.215994 0.624000 192 232 143
-0.323105 -0.216340 0.625000 175 215 126
-0.321484 -0.216340 0.625000 167 214 115
-0.319864 -0.216340 0.625000 140 187 88
-0.318752 -0.216686 0.626000 43 75 24
-0.317129 -0.216686 0.626000 49 81 30
0.021980 -0.215301 0.622000 63 88 53
0.023593 -0.215301 0.622000 153 178 143
0.025206 -0.215301 0.622000 153 199 121
0.026862 -0.215647 0.623000 153 199 121
0.028477 -0.215647 0.623000 150 197 123
0.031810 -0.216340 0.625000 22 50 23
-0.326346 -0.214717 0.625000 156 178 133
-0.324726 -0.214717 0.625000 187 230 140
-0.323622 -0.215061 0.626000 174 217 127
-0.321999 -0.215061 0.626000 171 217 121
-0.320375 -0.215061 0.626000 118 164 68
-0.319261 -0.215404 0.627000 38 68 20
0.022051 -0.214373 0.624000 41 63 32
0.023631 -0.214030 0.623000 88 110 79
0.025247 -0.214030 0.623000 161 204 129
0.026862 -0.214030 0.623000 159 202 127
0.028477 -0.214030 0.623000 152 202 113
0.030141 -0.214373 0.624000 129 179 90
0.031810 -0.214717 0.625000 33 65 26
-0.327967 -0.213094 0.625000 62 88 37
-0.326868 -0.213435 0.626000 180 206 155
-0.325245 -0.213435 0.626000 173 219 123
-0.323622 -0.213435 0.626000 171 217 121
-0.322513 -0.213776 0.627000 167 213 119
-0.320887 -0.213776 0.627000 84 130 36
-0.319771 -0.214117 0.628000 38 65 18
0.023707 -0.213094 0.625000 54 70 47
0.025287 -0.212753 0.624000 145 185 116
0.026905 -0.212753 0.624000 160 200 131
0.028523 -0.212753 0.624000 146 198 105
0.030190 -0.213094 0.625000 150 202 109
0.031861 -0.213435 0.626000 81 120 67
0.033538 -0.213776 0.627000 16 55 2
-0.328491 -0.211810 0.626000 87 118 61
-0.327390 -0.212148 0.627000 185 216 159
-0.325765 -0.212148 0.627000 171 218 115
-0.324139 -0.212148 0.627000 171 218 115
-0.323027 -0.212487 0.628000 157 202 111
-0.321399 -0.212487 0.628000 56 101 10
-0.319771 -0.212487 0.628000 47 71 30
0.025328 -0.211471 0.625000 96 132 71
0.026948 -0.211471 0.625000 163 199 138
0.028569 -0.211471 0.625000 146 201 109
0.030190 -0.211471 0.625000 151 206 114
0.031861 -0.211810 0.626000 127 171 103
0.033538 -0.212148 0.627000 31 75 7
-0.329016 -0.210520 0.627000 108 142 79
-0.327913 -0.210856 0.628000 187 221 158
-0.326284 -0.210856 0.628000 169 219 117
-0.324656 -0.210856 0.628000 166 216 114
-0.323027 -0.210856 0.628000 152 193 115
-0.321911 -0.211192 0.629000 42 83 5
-0.320280 -0.211192 0.629000 52 69 39
0.025409 -0.210520 0.627000 46 77 31
0.026991 -0.210184 0.626000 143 174 128
0.028615 -0.210184 0.626000 153 208 118
0.030238 -0.210184 0.626000 145 200 110
0.031912 -0.210520 0.627000 150 199 115
0.033538 -0.210520 0.627000 79 128 44
0.035276 -0.211192 0.629000 23 47 15
-0.329541 -0.209225 0.628000 133 168 100
-0.327913 -0.209225 0.628000 190 225 157
-0.326804 -0.209559 0.629000 165 217 114
-0.325173 -0.209559 0.629000 156 208 105
-0.323542 -0.209559 0.629000 134 176 104
-0.322423 -0.209892 0.630000 34 76 4
-0.320789 -0.209892 0.630000 56 74 51
0.027035 -0.208892 0.627000 85 112 81
0.028660 -0.208892 0.627000 159 210 124
0.030286 -0.208892 0.627000 149 200 114
0.031912 -0.208892 0.627000 155 208 112
0.033591 -0.209225 0.628000 132 185 89
0.035276 -0.209559 0.629000 41 68 21
-0.329541 -0.207595 0.628000 149 184 114
-0.328435 -0.207925 0.629000 193 228 158
-0.326804 -0.207925 0.629000 178 230 127
-0.324056 -0.208256 0.630000 109 151 81
-0.322423 -0.208256 0.630000 34 76 6
0.027078 -0.207595 0.628000 41 64 41
0.028706 -0.207595 0.628000 138 186 107
0.030334 -0.207595 0.628000 161 209 130
0.031963 -0.207595 0.628000 150 204 101
0.033591 -0.207595 0.628000 150 204 101
0.035276 -0.207925 0.629000 77 111 46
0.036965 -0.208256 0.630000 17 51 0
-0.330066 -0.206292 0.629000 164 202 129
-0.328435 -0.206292 0.629000 190 228 155
-0.327323 -0.206620 0.630000 182 236 131
-0.325690 -0.206620 0.630000 167 221 116
-0.324571 -0.206948 0.631000 80 122 52
-0.322934 -0.206948 0.631000 34 76 6
0.028752 -0.206292 0.629000 82 126 60
0.030334 -0.205964 0.628000 160 204 138
0.031963 -0.205964 0.628000 145 202 98
0.033591 -0.205964 0.628000 152 209 105
0.035276 -0.206292 0.629000 132 173 97
0.036965 -0.206620 0.630000 37 78 2
-0.331697 -0.204659 0.629000 74 86 60
-0.330066 -0.204659 0.629000 176 215 135
-0.328957 -0.204985 0.630000 190 229 149
-0.327323 -0.204985 0.630000 180 238 129
-0.326207 -0.205310 0.631000 160 218 109
-0.324571 -0.205310 0.631000 66 108 38
-0.322934 -0.205310 0.631000 32 74 4
0.028797 -0.204985 0.630000 38 75 23
0.030383 -0.204659 0.629000 138 175 123
0.032014 -0.204659 0.629000 153 209 110
0.033645 -0.204659 0.629000 146 202 103
0.035332 -0.204985 0.630000 149 198 114
0.036965 -0.204985 0.630000 83 132 48
0.038660 -0.205310 0.631000 27 51 19
-0.332224 -0.203349 0.630000 85 102 72
-0.330590 -0.203349 0.630000 184 227 139
-0.329479 -0.203672 0.631000 183 226 138
-0.327843 -0.203672 0.631000 178 234 121
-0.326207 -0.203672 0.631000 156 212 99
-0.324571 -0.203672 0.631000 46 88 18
-0.322934 -0.203672 0.631000 43 85 15
0.028843 -0.203672 0.631000 36 64 28
0.030431 -0.203349 0.630000 83 111 75
0.032065 -0.203349 0.630000 157 208 122
0.033698 -0.203349 0.630000 156 207 121
0.035332 -0.203349 0.630000 148 200 111
0.036965 -0.203349 0.630000 133 185 96
0.038660 -0.203672 0.631000 35 68 24
-0.332751 -0.202033 0.631000 88 108 75
-0.331115 -0.202033 0.631000 186 231 142
-0.329479 -0.202033 0.631000 185 230 141
-0.327843 -0.202033 0.631000 182 235 125
-0.326207 -0.202033 0.631000 152 205 95
-0.325085 -0.202353 0.632000 37 77 6
-0.323446 -0.202353 0.632000 46 86 15
0.030479 -0.202033 0.631000 47 65 42
0.032116 -0.202033 0.631000 130 177 103
0.033698 -0.201713 0.630000 164 211 137
0.035332 -0.201713 0.630000 148 203 111
0.037024 -0.202033 0.631000 150 205 113
0.038660 -0.202033 0.631000 86 128 74
0.040360 -0.202353 0.632000 16 58 4
-0.332751 -0.200395 0.631000 105 125 90
-0.331115 -0.200395 0.631000 190 233 143
-0.329479 -0.200395 0.631000 189 232 142
-0.328362 -0.200713 0.632000 183 236 128
-0.326724 -0.200713 0.632000 133 186 78
-0.325085 -0.200713 0.632000 33 72 6
-0.323446 -0.200713 0.632000 46 85 19
0.032116 -0.200395 0.631000 73 113 55
0.033752 -0.200395 0.631000 165 205 147
0.035388 -0.200395 0.631000 150 205 113
0.037024 -0.200395 0.631000 154 209 117
0.038660 -0.200395 0.631000 128 176 107
0.040360 -0.200713 0.632000 27 75 6
-0.332751 -0.198757 0.631000 130 149 111
-0.331640 -0.199072 0.632000 195 236 142
-0.330001 -0.199072 0.632000 196 237 143
-0.328362 -0.199072 0.632000 179 231 128
-0.326724 -0.199072 0.632000 107 159 56
-0.325599 -0.199387 0.633000 35 68 10
-0.323958 -0.199387 0.633000 49 82 24
0.032116 -0.198757 0.631000 42 73 31
0.033752 -0.198757 0.631000 143 174 132
0.035388 -0.198757 0.631000 159 214 124
0.037024 -0.198757 0.631000 151 206 116
0.038660 -0.198757 0.631000 154 204 123
0.040296 -0.198757 0.631000 90 140 59
0.041999 -0.199072 0.632000 14 45 13
-0.333279 -0.197431 0.632000 153 172 134
-0.331640 -0.197431 0.632000 193 235 136
-0.330001 -0.197431 0.632000 197 239 140
-0.328882 -0.197743 0.633000 178 228 128
-0.327241 -0.197743 0.633000 93 143 43
-0.325599 -0.197743 0.633000 45 72 23
-0.323958 -0.197743 0.633000 54 81 32
0.033805 -0.197431 0.632000 77 96 70
0.035388 -0.197118 0.631000 163 211 132
0.037024 -0.197118 0.631000 152 200 121
0.038660 -0.197118 0.631000 152 204 113
0.040296 -0.197118 0.631000 136 188 97
0.041999 -0.197431 0.632000 30 63 17
-0.333279 -0.195790 0.632000 170 189 151
-0.332165 -0.196100 0.633000 187 234 135
-0.330523 -0.196100 0.633000 185 232 133
-0.328882 -0.196100 0.633000 176 225 128
-0.327241 -0.196100 0.633000 78 127 30
-0.326114 -0.196409 0.634000 48 74 30
-0.324470 -0.196409 0.634000 55 81 37
0.033805 -0.195790 0.632000 51 64 49
0.035444 -0.195790 0.632000 138 180 110
0.037024 -0.195480 0.631000 162 204 134
0.038660 -0.195480 0.631000 154 207 111
0.040360 -0.195790 0.632000 150 203 107
0.041999 -0.195790 0.632000 82 123 60
0.043638 -0.195790 0.632000 13 54 0
-0.333806 -0.194456 0.633000 177 196 154
-0.332165 -0.194456 0.633000 190 240 140
-0.330523 -0.194456 0.633000 184 234 134
-0.329402 -0.194763 0.634000 167 216 119
-0.327758 -0.194763 0.634000 68 117 20
-0.326628 -0.195070 0.635000 48 74 32
-0.324981 -0.195070 0.635000 60 86 44
0.035444 -0.194149 0.632000 87 123 62
0.037083 -0.194149 0.632000 165 201 140
0.038721 -0.194149 0.632000 150 203 107
0.040360 -0.194149 0.632000 152 205 109
0.041999 -0.194149 0.632000 134 173 93
0.043638 -0.194149 0.632000 29 68 0
0.045348 -0.194456 0.633000 43 45 9
-0.333806 -0.192812 0.633000 176 200 157
-0.332689 -0.193117 0.634000 189 241 140
-0.331046 -0.193117 0.634000 189 241 140
-0.329921 -0.193422 0.635000 159 208 113
-0.328275 -0.193422 0.635000 54 103 8
-0.327142 -0.193726 0.636000 43 72 27
0.035500 -0.192812 0.633000 44 71 24
0.037083 -0.192508 0.632000 137 164 117
0.038721 -0.192508 0.632000 167 212 121
0.040360 -0.192508 0.632000 159 204 113
0.041999 -0.192508 0.632000 154 182 85
0.043638 -0.192508 0.632000 73 101 4
0.045348 -0.192812 0.633000 79 67 0
0.046990 -0.192812 0.633000 112 100 32
0.048785 -0.193422 0.635000 110 82 52
-0.334333 -0.191471 0.634000 180 205 157
-0.333214 -0.191773 0.635000 186 238 135
-0.331568 -0.191773 0.635000 184 236 133
-0.330441 -0.192075 0.636000 159 207 115
-0.329309 -0.192377 0.637000 48 96 4
-0.327657 -0.192377 0.637000 38 69 25
0.037083 -0.190867 0.632000 88 106 71
0.038721 -0.190867 0.632000 165 193 100
0.040360 -0.190867 0.632000 143 171 78
0.041999 -0.190867 0.632000 142 147 26
0.043638 -0.190867 0.632000 158 163 42
0.045348 -0.191169 0.633000 221 201 91
0.047064 -0.191471 0.634000 230 210 100
0.048785 -0.191773 0.635000 215 186 122
0.050511 -0.192075 0.636000 159 130 66
-0.335977 -0.189825 0.634000 82 108 55
-0.334861 -0.190124 0.635000 188 214 161
-0.333739 -0.190424 0.636000 178 230 125
-0.332090 -0.190424 0.636000 177 229 124
-0.330960 -0.190723 0.637000 145 193 103
-0.329825 -0.191022 0.638000 44 92 2
-0.328171 -0.191022 0.638000 45 73 35
0.037141 -0.189525 0.633000 51 63 26
0.038783 -0.189525 0.633000 130 132 30
0.040360 -0.189226 0.632000 168 170 68
0.042065 -0.189525 0.633000 227 216 62
0.043707 -0.189525 0.633000 255 245 91
0.045348 -0.189525 0.633000 255 240 99
0.047064 -0.189825 0.634000 255 230 89
0.048861 -0.190424 0.636000 228 192 99
0.050590 -0.190723 0.637000 191 155 62
0.052406 -0.191322 0.639000 71 55 11
-0.336507 -0.188476 0.635000 84 111 51
-0.335388 -0.188772 0.636000 192 219 159
-0.334264 -0.189069 0.637000 177 229 124
-0.332612 -0.189069 0.637000 177 229 124
-0.331480 -0.189366 0.638000 142 190 98
-0.330342 -0.189663 0.639000 38 86 0
-0.329200 -0.189960 0.640000 52 77 42
0.037200 -0.188179 0.634000 94 97 56
0.038783 -0.187882 0.633000 208 195 74
0.040424 -0.187882 0.633000 255 242 121
0.042065 -0.187882 0.633000 255 251 90
0.043707 -0.187882 0.633000 255 250 89
0.045420 -0.188179 0.634000 241 207 56
0.047138 -0.188476 0.635000 201 167 16
0.048938 -0.189069 0.637000 172 134 10
0.050669 -0.189366 0.638000 181 143 19
0.052406 -0.189663 0.639000 154 133 60
-0.337037 -0.187121 0.636000 96 123 65
-0.335915 -0.187415 0.637000 192 219 161
-0.334788 -0.187709 0.638000 177 229 124
-0.333134 -0.187709 0.638000 179 231 126
-0.331999 -0.188004 0.639000 143 191 99
-0.330859 -0.188298 0.640000 34 82 0
-0.329714 -0.188592 0.641000 59 82 48
0.037259 -0.186827 0.635000 123 124 86
0.038844 -0.186533 0.634000 252 238 122
0.040488 -0.186533 0.634000 255 245 129
0.042065 -0.186238 0.633000 242 215 52
0.043776 -0.186533 0.634000 204 177 14
0.045420 -0.186533 0.634000 190 153 0
0.047212 -0.187121 0.636000 203 166 11
0.048938 -0.187415 0.637000 214 182 39
0.050749 -0.188004 0.639000 246 214 71
0.052570 -0.188592 0.641000 219 196 105
0.054316 -0.188886 0.642000 148 125 34
-0.338097 -0.186053 0.638000 101 124 70
-0.336443 -0.186053 0.638000 197 220 166
-0.335313 -0.186345 0.639000 176 228 123
-0.333656 -0.186345 0.639000 173 225 120
-0.332519 -0.186636 0.640000 140 190 99
-0.331376 -0.186928 0.641000 30 80 0
-0.329714 -0.186928 0.641000 51 71 38
0.037376 -0.185761 0.637000 67 68 41
0.038905 -0.185178 0.635000 191 175 71
0.040552 -0.185178 0.635000 194 178 74
0.042265 -0.185470 0.636000 195 170 9
0.043914 -0.185470 0.636000 207 182 21
0.045635 -0.185761 0.637000 228 199 37
0.047361 -0.186053 0.638000 255 235 73
0.049092 -0.186345 0.639000 255 240 94
0.050908 -0.186928 0.641000 255 231 85
0.052652 -0.187219 0.642000 227 205 121
0.054316 -0.187219 0.642000 154 132 48
-0.338627 -0.184685 0.639000 104 128 71
-0.336970 -0.184685 0.639000 199 223 166
-0.335838 -0.184974 0.640000 178 229 122
-0.334178 -0.184974 0.640000 174 225 118
-0.333038 -0.185263 0.641000 133 183 94
-0.331376 -0.185263 0.641000 34 84 0
-0.330229 -0.185553 0.642000 58 78 45
0.039150 -0.184685 0.639000 103 92 1
0.040743 -0.184396 0.638000 191 180 89
0.042398 -0.184396 0.638000 235 217 54
0.044052 -0.184396 0.638000 255 237 74
0.045706 -0.184396 0.638000 255 246 79
0.047435 -0.184685 0.639000 255 249 82
0.049246 -0.185263 0.641000 229 212 76
0.050987 -0.185553 0.642000 225 208 72
0.052652 -0.185553 0.642000 153 133 68
-0.339157 -0.183313 0.640000 110 133 69
-0.337497 -0.183313 0.640000 200 223 159
-0.336363 -0.183599 0.641000 179 227 119
-0.334701 -0.183599 0.641000 180 228 120
-0.333038 -0.183599 0.641000 119 166 81
-0.331893 -0.183886 0.642000 31 78 0
0.040871 -0.183313 0.640000 185 177 104
0.042531 -0.183313 0.640000 255 251 99
0.044190 -0.183313 0.640000 255 251 99
0.045850 -0.183313 0.640000 246 237 73
0.047583 -0.183599 0.641000 192 183 19
0.049322 -0.183886 0.642000 152 149 38
0.050987 -0.183886 0.642000 103 100 0
-0.339687 -0.181935 0.641000 110 132 64
-0.338025 -0.181935 0.641000 200 222 154
-0.336363 -0.181935 0.641000 186 234 126
-0.335223 -0.182219 0.642000 175 223 115
-0.333558 -0.182219 0.642000 127 174 89
-0.331893 -0.182219 0.642000 31 78 0
0.040935 -0.181935 0.641000 125 126 86
0.042597 -0.181935 0.641000 202 204 91
0.044259 -0.181935 0.641000 194 196 83
0.045921 -0.181935 0.641000 190 206 75
0.049322 -0.182219 0.642000 145 165 78
0.052734 -0.182503 0.643000 35 43 14
-0.339687 -0.180271 0.641000 110 132 64
-0.338552 -0.180552 0.642000 201 223 155
-0.336887 -0.180552 0.642000 188 236 128
-0.335223 -0.180552 0.642000 178 226 118
-0.333558 -0.180552 0.642000 124 168 84
-0.332410 -0.180833 0.643000 32 76 0
0.042664 -0.180552 0.642000 62 71 10
0.044328 -0.180552 0.642000 119 128 67
0.045993 -0.180552 0.642000 180 206 110
0.047658 -0.180552 0.642000 178 204 108
0.049322 -0.180552 0.642000 159 181 111
-0.340217 -0.178885 0.642000 110 133 67
-0.338552 -0.178885 0.642000 203 226 160
-0.336887 -0.178885 0.642000 189 237 129
-0.335745 -0.179164 0.643000 176 224 116
-0.334078 -0.179164 0.643000 124 167 81
-0.332410 -0.179164 0.643000 32 75 0
0.044328 -0.178885 0.642000 75 83 52
0.045993 -0.178885 0.642000 145 165 107
0.047658 -0.178885 0.642000 147 167 109
0.049322 -0.178885 0.642000 99 114 69
0.051066 -0.179164 0.643000 41 56 11
0.052734 -0.179164 0.643000 48 50 37
-0.340217 -0.177218 0.642000 109 137 72
-0.339079 -0.177494 0.643000 199 227 162
-0.337412 -0.177494 0.643000 183 234 127
-0.335745 -0.177494 0.643000 149 200 93
-0.334078 -0.177494 0.643000 123 165 82
-0.332927 -0.177770 0.644000 32 74 0
0.044397 -0.177494 0.643000 43 52 34
0.045993 -0.177218 0.642000 51 61 34
0.047658 -0.177218 0.642000 60 70 43
0.049322 -0.177218 0.642000 69 76 54
0.051066 -0.177494 0.643000 62 69 47
0.052734 -0.177494 0.643000 63 64 53
-0.340747 -0.175825 0.643000 109 136 76
-0.339079 -0.175825 0.643000 197 224 164
-0.337412 -0.175825 0.643000 191 241 137
-0.336267 -0.176098 0.644000 155 205 101
-0.334597 -0.176098 0.644000 122 164 83
-0.332927 -0.176098 0.644000 32 74 0
0.046065 -0.175825 0.643000 63 68 58
0.047732 -0.175825 0.643000 77 82 72
0.049399 -0.175825 0.643000 84 89 79
0.051066 -0.175825 0.643000 69 74 64
0.052734 -0.175825 0.643000 68 69 63
-0.340747 -0.174155 0.643000 104 133 74
-0.339079 -0.174155 0.643000 198 227 168
-0.337937 -0.174426 0.644000 191 243 142
-0.336267 -0.174426 0.644000 180 232 131
-0.335117 -0.174697 0.645000 124 171 88
-0.333444 -0.174697 0.645000 32 79 0
0.046065 -0.174155 0.643000 62 66 59
0.047732 -0.174155 0.643000 78 82 75
0.049399 -0.174155 0.643000 80 87 81
0.051066 -0.174155 0.643000 72 79 73
0.052734 -0.174155 0.643000 69 72 71
0.054401 -0.174155 0.643000 46 49 48
-0.341277 -0.172754 0.644000 98 124 69
-0.339607 -0.172754 0.644000 199 225 170
-0.337937 -0.172754 0.644000 191 241 141
-0.336789 -0.173022 0.645000 181 231 131
-0.335117 -0.173022 0.645000 124 171 86
-0.333961 -0.173290 0.646000 29 76 0
0.047732 -0.172486 0.643000 67 74 66
0.049399 -0.172486 0.643000 82 90 87
0.051066 -0.172486 0.643000 77 85 82
0.052734 -0.172486 0.643000 70 76 76
0.054401 -0.172486 0.643000 60 66 66
0.056156 -0.172754 0.644000 41 47 47
-0.341277 -0.171082 0.644000 98 124 71
-0.339607 -0.171082 0.644000 198 224 171
-0.338462 -0.171347 0.645000 192 241 144
-0.336789 -0.171347 0.645000 180 229 132
-0.335636 -0.171613 0.646000 129 176 91
-0.334478 -0.171879 0.647000 30 77 0
0.047806 -0.171082 0.644000 51 55 48
0.049399 -0.170816 0.643000 78 84 86
0.051066 -0.170816 0.643000 84 90 92
0.052734 -0.170816 0.643000 65 71 73
0.054401 -0.170816 0.643000 60 66 68
0.056156 -0.171082 0.644000 44 49 54
0.057825 -0.171082 0.644000 36 41 46
-0.340134 -0.169673 0.645000 201 223 176
-0.338462 -0.169673 0.645000 193 242 145
-0.337311 -0.169936 0.646000 179 228 131
-0.334478 -0.170199 0.647000 30 77 0
0.049476 -0.169410 0.644000 57 63 65
0.051146 -0.169410 0.644000 68 74 76
0.052816 -0.169410 0.644000 57 64 68
0.054401 -0.169147 0.643000 57 64 68
0.056068 -0.169147 0.643000 59 66 70
0.057825 -0.169410 0.644000 42 49 53
0.059495 -0.169410 0.644000 32 38 40
-0.340134 -0.167998 0.645000 197 218 176
-0.338986 -0.168259 0.646000 192 241 144
-0.336675 -0.168779 0.648000 140 185 98
-0.334995 -0.168779 0.648000 40 85 0
-0.333829 -0.169040 0.649000 49 71 42
0.049476 -0.167738 0.644000 50 56 58
0.051146 -0.167738 0.644000 58 64 66
0.052816 -0.167738 0.644000 55 65 68
0.054486 -0.167738 0.644000 57 67 70
0.056156 -0.167738 0.644000 61 68 72
0.057825 -0.167738 0.644000 60 67 71
0.059495 -0.167738 0.644000 47 53 53
0.061165 -0.167738 0.644000 60 66 66
-0.340661 -0.166581 0.646000 192 213 171
-0.337833 -0.166839 0.647000 178 230 129
-0.336675 -0.167097 0.648000 142 190 100
-0.335512 -0.167355 0.649000 43 91 1
-0.334344 -0.167613 0.650000 48 70 39
0.051146 -0.166065 0.644000 56 64 61
0.052816 -0.166065 0.644000 56 68 70
0.054486 -0.166065 0.644000 54 66 68
0.056156 -0.166065 0.644000 59 69 72
0.057825 -0.166065 0.644000 53 63 66
0.059495 -0.166065 0.644000 55 63 62
0.061165 -0.166065 0.644000 56 64 63
-0.340661 -0.164904 0.646000 187 208 166
-0.339511 -0.165159 0.647000 192 239 140
-0.338356 -0.165414 0.648000 183 230 131
-0.337195 -0.165670 0.649000 151 199 107
-0.336029 -0.165925 0.650000 46 94 2
-0.334344 -0.165925 0.650000 46 70 38
0.051225 -0.164649 0.645000 58 61 60
0.052816 -0.164393 0.644000 55 66 64
0.054486 -0.164393 0.644000 57 68 66
0.056156 -0.164393 0.644000 53 64 62
0.057825 -0.164393 0.644000 53 64 62
0.059495 -0.164393 0.644000 55 63 60
0.061260 -0.164649 0.645000 55 63 60
0.062933 -0.164649 0.645000 59 67 64
-0.341716 -0.163732 0.648000 180 201 159
-0.340036 -0.163732 0.648000 193 240 139
-0.338878 -0.163985 0.649000 183 230 129
-0.337714 -0.164237 0.650000 156 204 114
-0.336029 -0.164237 0.650000 52 100 10
-0.334858 -0.164490 0.651000 43 70 37
0.052898 -0.162974 0.645000 52 60 57
0.054570 -0.162974 0.645000 57 65 62
0.056156 -0.162721 0.644000 53 65 57
0.057915 -0.162974 0.645000 54 66 58
0.059588 -0.162974 0.645000 57 66 59
0.061260 -0.162974 0.645000 61 70 63
0.063030 -0.163227 0.646000 60 67 61
0.064805 -0.163479 0.647000 60 67 61
-0.341716 -0.162050 0.648000 171 192 150
-0.340561 -0.162300 0.649000 196 241 143
-0.338878 -0.162300 0.649000 190 235 137
-0.337714 -0.162550 0.650000 160 208 118
-0.336029 -0.162550 0.650000 61 109 19
-0.334858 -0.162800 0.651000 47 75 39
0.052980 -0.161549 0.646000 50 57 49
0.054570 -0.161299 0.645000 57 64 56
0.056243 -0.161299 0.645000 57 66 57
0.057915 -0.161299 0.645000 60 69 60
0.059588 -0.161299 0.645000 63 72 63
0.061355 -0.161549 0.646000 66 75 66
0.063128 -0.161799 0.647000 61 68 62
0.064906 -0.162050 0.648000 55 62 56
-0.342243 -0.160615 0.649000 152 176 135
-0.341085 -0.160862 0.650000 196 240 145
-0.339400 -0.160862 0.650000 190 234 139
-0.337714 -0.160862 0.650000 165 213 121
-0.336546 -0.161109 0.651000 67 115 23
-0.335372 -0.161357 0.652000 46 75 34
0.053062 -0.160120 0.647000 48 55 47
0.054655 -0.159872 0.646000 50 57 49
0.056330 -0.159872 0.646000 68 78 66
0.058005 -0.159872 0.646000 64 74 62
0.059680 -0.159872 0.646000 69 77 66
0.061450 -0.160120 0.647000 67 75 64
0.063225 -0.160367 0.648000 67 70 69
0.065006 -0.160615 0.649000 53 56 55
0.066791 -0.160862 0.650000 64 64 68
-0.342771 -0.159174 0.650000 133 157 118
-0.341085 -0.159174 0.650000 195 239 146
-0.339400 -0.159174 0.650000 188 232 139
-0.338234 -0.159419 0.651000 167 215 123
-0.337063 -0.159664 0.652000 72 120 28
-0.335372 -0.159664 0.652000 43 74 32
0.053226 -0.158929 0.649000 49 56 48
0.054824 -0.158685 0.648000 48 55 47
0.056504 -0.158685 0.648000 68 75 67
0.058185 -0.158685 0.648000 69 76 68
0.059865 -0.158685 0.648000 67 74 66
0.061640 -0.158929 0.649000 67 74 66
0.063323 -0.158929 0.649000 72 72 74
0.065106 -0.159174 0.650000 66 66 68
0.066894 -0.159419 0.651000 62 62 66
-0.342771 -0.157487 0.650000 114 135 97
-0.341610 -0.157729 0.651000 196 239 149
-0.339922 -0.157729 0.651000 187 230 140
-0.338754 -0.157971 0.652000 172 220 128
-0.337063 -0.157971 0.652000 87 135 43
-0.335887 -0.158214 0.653000 39 70 26
0.054909 -0.157244 0.649000 50 57 49
0.056592 -0.157244 0.649000 64 68 61
0.058274 -0.157244 0.649000 72 76 69
0.059957 -0.157244 0.649000 69 70 66
0.061735 -0.157487 0.650000 69 70 66
0.063420 -0.157487 0.650000 79 69 79
0.065206 -0.157729 0.651000 82 72 82
0.066997 -0.157971 0.652000 62 57 65
-0.343298 -0.156039 0.651000 99 119 84
-0.342135 -0.156278 0.652000 195 238 152
-0.340444 -0.156278 0.652000 191 234 148
-0.339273 -0.156518 0.653000 175 225 132
-0.337580 -0.156518 0.653000 107 157 64
-0.335887 -0.156518 0.653000 35 66 20
-0.334194 -0.156518 0.653000 51 82 36
0.054993 -0.155799 0.650000 53 57 52
0.056679 -0.155799 0.650000 49 52 51
0.058364 -0.155799 0.650000 70 73 72
0.060050 -0.155799 0.650000 67 66 70
0.061735 -0.155799 0.650000 69 68 72
0.063518 -0.156039 0.651000 95 78 90
0.065306 -0.156278 0.652000 112 95 107
0.067100 -0.156518 0.653000 65 55 65
-0.343826 -0.154586 0.652000 87 104 74
-0.342660 -0.154823 0.653000 193 235 154
-0.340966 -0.154823 0.653000 190 232 151
-0.339273 -0.154823 0.653000 175 227 138
-0.337580 -0.154823 0.653000 117 169 80
-0.336401 -0.155060 0.654000 35 68 22
-0.334705 -0.155060 0.654000 42 75 29
0.056766 -0.154348 0.651000 45 48 51
0.058454 -0.154348 0.651000 59 62 65
0.060142 -0.154348 0.651000 85 75 87
0.061830 -0.154348 0.651000 148 138 150
0.063616 -0.154586 0.652000 201 183 193
0.065406 -0.154823 0.653000 212 194 204
0.067202 -0.155060 0.654000 111 105 109
0.068898 -0.155060 0.654000 49 43 47
-0.342660 -0.153127 0.653000 185 228 151
-0.340966 -0.153127 0.653000 189 232 155
-0.339273 -0.153127 0.653000 174 226 135
-0.338097 -0.153362 0.654000 133 185 94
-0.336401 -0.153362 0.654000 38 75 23
-0.334705 -0.153362 0.654000 35 72 20
0.056940 -0.153127 0.653000 91 90 94
0.058544 -0.152893 0.652000 96 95 99
0.060234 -0.152893 0.652000 175 163 174
0.061925 -0.152893 0.652000 228 216 227
0.063713 -0.153127 0.653000 232 219 225
0.065406 -0.153127 0.653000 229 216 222
0.067202 -0.153362 0.654000 172 167 165
0.069004 -0.153596 0.655000 64 59 57
-0.342660 -0.151432 0.653000 167 208 134
-0.340966 -0.151432 0.653000 194 235 161
-0.339793 -0.151664 0.654000 181 233 140
-0.338097 -0.151664 0.654000 149 201 108
-0.336401 -0.151664 0.654000 44 82 25
-0.334705 -0.151664 0.654000 35 73 16
0.057028 -0.151664 0.654000 105 101 104
0.058634 -0.151432 0.653000 134 130 133
0.060327 -0.151432 0.653000 144 138 142
0.062020 -0.151432 0.653000 239 233 237
0.063811 -0.151664 0.654000 230 220 220
0.065507 -0.151664 0.654000 225 215 215
0.067202 -0.151664 0.654000 213 208 204
0.069004 -0.151896 0.655000 109 104 100
-0.343184 -0.149966 0.654000 151 188 120
-0.341489 -0.149966 0.654000 197 234 166
-0.339793 -0.149966 0.654000 182 235 137
-0.338097 -0.149966 0.654000 157 210 112
-0.336915 -0.150195 0.655000 68 107 45
-0.335217 -0.150195 0.655000 35 74 12
0.057028 -0.149966 0.654000 161 161 161
0.058723 -0.149966 0.654000 175 175 175
0.060419 -0.149966 0.654000 143 140 137
0.062115 -0.149966 0.654000 191 188 185
0.063811 -0.149966 0.654000 191 184 178
0.065507 -0.149966 0.654000 217 210 204
0.067305 -0.150195 0.655000 222 218 211
0.069109 -0.150424 0.656000 163 159 152
-0.343184 -0.148268 0.654000 135 170 102
-0.341489 -0.148268 0.654000 198 233 165
-0.339793 -0.148268 0.654000 184 236 135
-0.338614 -0.148494 0.655000 162 214 113
-0.336915 -0.148494 0.655000 89 126 58
-0.335217 -0.148494 0.655000 33 70 2
0.057115 -0.148494 0.655000 139 135 136
0.058813 -0.148494 0.655000 188 184 185
0.060512 -0.148494 0.655000 161 158 153
0.062210 -0.148494 0.655000 156 153 148
0.063908 -0.148494 0.655000 155 148 140
0.065607 -0.148494 0.655000 212 205 197
0.067511 -0.148948 0.657000 229 225 216
0.069320 -0.149174 0.658000 189 185 176
-0.343184 -0.146569 0.654000 107 139 75
-0.341489 -0.146569 0.654000 196 228 164
-0.339793 -0.146569 0.654000 192 242 140
-0.338614 -0.146794 0.655000 171 221 119
-0.336915 -0.146794 0.655000 98 141 64
-0.335729 -0.147018 0.656000 27 70 0
-0.334537 -0.147242 0.657000 59 76 50
0.058993 -0.147242 0.657000 151 146 144
0.060696 -0.147242 0.657000 168 161 155
0.062305 -0.147018 0.656000 166 159 153
0.064103 -0.147242 0.657000 196 186 174
0.065807 -0.147242 0.657000 231 221 209
0.067613 -0.147466 0.658000 237 230 220
0.069530 -0.147914 0.660000 217 210 200
-0.343709 -0.145093 0.655000 78 105 45
-0.342011 -0.145093 0.655000 196 223 163
-0.340312 -0.145093 0.655000 194 241 138
-0.338614 -0.145093 0.655000 175 222 119
-0.337430 -0.145314 0.656000 117 165 75
-0.336241 -0.145536 0.657000 28 76 0
-0.335046 -0.145757 0.658000 52 72 39
0.060881 -0.145979 0.659000 174 167 161
0.062495 -0.145757 0.658000 179 172 166
0.064299 -0.145979 0.659000 209 200 191
0.066007 -0.145979 0.659000 229 220 211
0.067922 -0.146422 0.661000 229 225 218
-0.342011 -0.143392 0.655000 186 207 153
-0.340312 -0.143392 0.655000 189 236 133
-0.339131 -0.143611 0.656000 178 225 122
-0.337944 -0.143830 0.657000 131 179 87
-0.336241 -0.143830 0.657000 35 83 0
-0.335046 -0.144049 0.658000 50 74 33
0.062780 -0.144706 0.661000 182 177 173
0.064494 -0.144706 0.661000 198 195 190
0.068024 -0.144925 0.662000 175 174 174
-0.342533 -0.141908 0.656000 157 177 132
-0.340832 -0.141908 0.656000 189 236 137
-0.339648 -0.142124 0.657000 186 233 134
-0.337944 -0.142124 0.657000 150 199 102
-0.336752 -0.142341 0.658000 57 106 9
-0.335555 -0.142557 0.659000 40 64 21
-0.343055 -0.140418 0.657000 130 147 110
-0.341351 -0.140418 0.657000 195 236 142
-0.339648 -0.140418 0.657000 192 233 139
-0.338459 -0.140632 0.658000 164 211 110
-0.337264 -0.140846 0.659000 81 128 27
-0.336574 -0.141273 0.661000 38 65 18
-0.343055 -0.138713 0.657000 106 117 85
-0.341351 -0.138713 0.657000 193 233 144
-0.340165 -0.138924 0.658000 199 239 150
-0.338973 -0.139135 0.659000 171 221 117
-0.337776 -0.139346 0.660000 115 165 61
-0.337083 -0.139768 0.662000 35 67 16
-0.335366 -0.139768 0.662000 51 83 32
-0.341871 -0.137215 0.658000 183 221 136
-0.340682 -0.137424 0.659000 204 242 157
-0.339487 -0.137632 0.660000 179 229 125
-0.338288 -0.137841 0.661000 136 186 82
-0.337083 -0.138049 0.662000 35 73 16
-0.335873 -0.138258 0.663000 38 76 19
-0.342391 -0.135713 0.659000 158 194 117
-0.340682 -0.135713 0.659000 200 236 159
-0.340002 -0.136125 0.661000 184 234 132
-0.338800 -0.136331 0.662000 148 198 96
-0.337592 -0.136537 0.663000 53 94 31
-0.336380 -0.136742 0.664000 30 71 8
-0.342910 -0.134205 0.660000 110 145 75
-0.341716 -0.134408 0.661000 199 234 164
-0.340002 -0.134408 0.661000 186 236 136
-0.339311 -0.134815 0.663000 159 209 109
-0.337592 -0.134815 0.663000 81 122 55
-0.336380 -0.135018 0.664000 24 65 0
-0.335162 -0.135222 0.665000 54 72 51
-0.343430 -0.132692 0.661000 80 109 48
-0.342233 -0.132893 0.662000 196 225 164
-0.340516 -0.132893 0.662000 190 240 138
-0.339311 -0.133094 0.663000 169 219 117
-0.338101 -0.133294 0.664000 109 155 77
-0.336886 -0.133495 0.665000 27 73 0
-0.335162 -0.133495 0.665000 52 70 47
-0.343267 -0.131570 0.664000 170 196 145
-0.341545 -0.131570 0.664000 194 244 144
-0.339823 -0.131570 0.664000 177 227 127
-0.338611 -0.131769 0.665000 134 184 95
-0.336886 -0.131769 0.665000 41 91 2
-0.335162 -0.131769 0.665000 45 69 37
-0.343267 -0.129846 0.664000 143 164 124
-0.341545 -0.129846 0.664000 195 244 149
-0.340335 -0.130042 0.665000 184 233 138
-0.338611 -0.130042 0.665000 143 195 102
-0.336886 -0.130042 0.665000 68 120 27
-0.335666 -0.130237 0.666000 37 67 30
-0.343784 -0.128315 0.665000 97 115 82
-0.342059 -0.128315 0.665000 191 234 146
-0.340335 -0.128315 0.665000 189 232 144
-0.338611 -0.128315 0.665000 164 216 115
-0.337393 -0.128508 0.666000 109 161 60
-0.335666 -0.128508 0.666000 29 60 16
-0.333939 -0.128508 0.666000 49 80 36
-0.342059 -0.126589 0.665000 180 217 135
-0.340335 -0.126589 0.665000 195 232 150
-0.339120 -0.126779 0.666000 178 228 126
-0.337393 -0.126779 0.666000 132 182 80
-0.335666 -0.126779 0.666000 41 73 22
-0.342574 -0.125050 0.666000 132 163 90
-0.340847 -0.125050 0.666000 202 233 160
-0.339120 -0.125050 0.666000 183 231 125
-0.337393 -0.125050 0.666000 154 202 96
-0.334440 -0.125238 0.667000 32 71 9
-0.342574 -0.123321 0.666000 96 125 66
-0.340847 -0.123321 0.666000 198 227 168
-0.339120 -0.123321 0.666000 188 235 134
-0.337899 -0.123506 0.667000 166 213 112
-0.336170 -0.123506 0.667000 109 151 81
-0.334440 -0.123506 0.667000 31 73 3
-0.333210 -0.123691 0.668000 54 75 51
-0.341358 -0.121774 0.667000 178 200 153
-0.339629 -0.121774 0.667000 193 240 141
-0.337899 -0.121774 0.667000 176 223 124
-0.336170 -0.121774 0.667000 135 182 97
-0.334942 -0.121957 0.668000 39 86 1
-0.333210 -0.121957 0.668000 40 64 32
-0.341358 -0.120042 0.667000 132 146 108
-0.339629 -0.120042 0.667000 195 241 147
-0.337899 -0.120042 0.667000 189 235 141
-0.336674 -0.120222 0.668000 141 193 92
-0.334942 -0.120222 0.668000 63 115 14
-0.333709 -0.120402 0.669000 30 59 18
-0.341870 -0.118488 0.668000 90 101 69
-0.340138 -0.118488 0.668000 189 229 144
-0.338406 -0.118488 0.668000 196 236 151
-0.336674 -0.118488 0.668000 156 208 103
-0.335443 -0.118665 0.669000 97 149 44
-0.334207 -0.118843 0.670000 34 67 13
-0.332470 -0.118843 0.670000 45 78 24
-0.340138 -0.116753 0.668000 158 193 114
-0.338406 -0.116753 0.668000 201 236 157
-0.337178 -0.116928 0.669000 176 228 116
-0.335443 -0.116928 0.669000 136 188 76
-0.334207 -0.117103 0.670000 58 94 29
-0.332966 -0.117278 0.671000 40 76 11
-0.340647 -0.115191 0.669000 119 144 78
-0.338913 -0.115191 0.669000 203 228 162
-0.337178 -0.115191 0.669000 189 238 127
-0.335945 -0.115363 0.670000 159 208 97
-0.334706 -0.115536 0.671000 90 134 52
-0.333462 -0.115708 0.672000 30 74 0
-0.332214 -0.115880 0.673000 55 74 48
-0.341157 -0.113624 0.670000 74 93 42
-0.339419 -0.113624 0.670000 187 206 155
-0.337682 -0.113624 0.670000 193 238 136
-0.336446 -0.113793 0.671000 177 222 120
-0.335205 -0.113963 0.672000 124 169 78
-0.333959 -0.114133 0.673000 41 86 0
-0.332707 -0.114302 0.674000 47 71 39
-0.339926 -0.112051 0.671000 136 148 109
-0.338186 -0.112051 0.671000 192 232 135
-0.336947 -0.112218 0.672000 192 232 135
-0.335704 -0.112385 0.673000 151 198 99
-0.333959 -0.112385 0.673000 87 134 35
-0.332707 -0.112552 0.674000 38 64 20
-0.331451 -0.112719 0.675000 56 82 38
-0.340432 -0.110473 0.672000 84 94 67
-0.339194 -0.110638 0.673000 195 228 143
-0.337449 -0.110638 0.673000 200 233 148
-0.335704 -0.110638 0.673000 167 214 111
-0.334455 -0.110802 0.674000 118 165 62
-0.332707 -0.110802 0.674000 50 81 26
-0.331451 -0.110967 0.675000 52 83 28
-0.339194 -0.108890 0.673000 151 182 109
-0.337950 -0.109052 0.674000 201 232 159
-0.336203 -0.109052 0.674000 182 227 127
-0.334455 -0.109052 0.674000 149 194 94
-0.333201 -0.109214 0.675000 80 115 45
-0.331942 -0.109376 0.676000 36 71 1
-0.330189 -0.109376 0.676000 55 73 52
-0.339698 -0.107302 0.674000 88 112 51
-0.338452 -0.107461 0.675000 194 218 157
-0.336701 -0.107461 0.675000 189 234 132
-0.334951 -0.107461 0.675000 166 211 109
-0.333695 -0.107621 0.676000 108 151 65
-0.331942 -0.107621 0.676000 33 76 0
-0.330677 -0.107780 0.677000 49 71 42
-0.338953 -0.105865 0.676000 144 164 117
-0.337200 -0.105865 0.676000 194 238 143
-0.335447 -0.105865 0.676000 176 220 125
-0.333695 -0.105865 0.676000 144 191 92
-0.332433 -0.106022 0.677000 65 112 13
-0.330677 -0.106022 0.677000 35 64 21
-0.328922 -0.106022 0.677000 54 83 40
-0.339455 -0.104264 0.677000 87 103 69
-0.337200 -0.104110 0.676000 185 225 140
-0.335447 -0.104110 0.676000 195 235 150
-0.334188 -0.104264 0.677000 164 211 112
-0.332433 -0.104264 0.677000 111 158 59
-0.331166 -0.104418 0.678000 45 79 16
-0.329408 -0.104418 0.678000 46 80 17
-0.337699 -0.102506 0.677000 138 170 106
-0.335944 -0.102506 0.677000 201 233 169
-0.334188 -0.102506 0.677000 181 227 131
-0.332924 -0.102658 0.678000 148 194 98
-0.331166 -0.102658 0.678000 75 116 40
-0.329408 -0.102658 0.678000 38 79 3
-0.327650 -0.102658 0.678000 60 81 57
-0.338198 -0.100898 0.678000 86 112 61
-0.336440 -0.100898 0.678000 181 207 156
-0.334682 -0.100898 0.678000 188 234 138
-0.332924 -0.100898 0.678000 169 215 119
-0.331166 -0.100898 0.678000 126 174 84
-0.329408 -0.100898 0.678000 38 86 0
-0.328133 -0.101046 0.679000 46 73 40
-0.336440 -0.099137 0.678000 130 148 113
-0.334682 -0.099137 0.678000 195 238 152
-0.332924 -0.099137 0.678000 186 229 143
-0.331166 -0.099137 0.678000 155 208 110
-0.329893 -0.099283 0.679000 86 139 41
-0.328133 -0.099283 0.679000 37 68 24
-0.326853 -0.099430 0.680000 48 79 35
-0.336936 -0.097520 0.679000 73 82 62
-0.335175 -0.097520 0.679000 165 203 128
-0.333415 -0.097520 0.679000 197 235 160
-0.331654 -0.097520 0.679000 170 222 119
-0.329893 -0.097520 0.679000 133 185 82
-0.328616 -0.097664 0.680000 54 95 30
-0.326853 -0.097664 0.680000 37 78 13
-0.335175 -0.095757 0.679000 114 146 84
-0.333415 -0.095757 0.679000 193 225 163
-0.331654 -0.095757 0.679000 180 232 131
-0.330379 -0.095898 0.680000 162 214 113
-0.328616 -0.095898 0.680000 99 149 60
-0.327334 -0.096039 0.681000 29 79 0
-0.326046 -0.096181 0.682000 44 71 40
-0.335669 -0.094133 0.680000 63 84 42
-0.333906 -0.094133 0.680000 162 183 141
-0.332143 -0.094133 0.680000 188 237 140
-0.330379 -0.094133 0.680000 173 222 125
-0.329099 -0.094271 0.681000 126 179 81
-0.327814 -0.094410 0.682000 69 122 24
-0.326524 -0.094548 0.683000 29 62 20
-0.324753 -0.094548 0.683000 49 82 40
-0.334397 -0.092503 0.681000 90 101 80
-0.332631 -0.092503 0.681000 183 225 142
-0.330865 -0.092503 0.681000 193 235 152
-0.329583 -0.092639 0.682000 154 208 105
-0.327814 -0.092639 0.682000 111 165 62
-0.326524 -0.092775 0.683000 50 90 34
-0.325228 -0.092911 0.684000 38 78 22
-0.333119 -0.090868 0.682000 132 161 98
-0.331351 -0.090868 0.682000 198 227 164
-0.330066 -0.091002 0.683000 178 230 127
-0.328295 -0.091002 0.683000 142 194 91
-0.327002 -0.091135 0.684000 90 138 61
-0.325704 -0.091268 0.685000 24 72 0
-0.324401 -0.091401 0.686000 42 66 38
-0.333608 -0.089228 0.683000 75 95 50
-0.331837 -0.089228 0.683000 174 194 149
-0.330066 -0.089228 0.683000 194 241 142
-0.328776 -0.089359 0.684000 174 221 122
-0.327480 -0.089489 0.685000 127 177 84
-0.325704 -0.089489 0.685000 73 123 30
-0.324401 -0.089620 0.686000 27 58 14
-0.332323 -0.087583 0.684000 106 116 89
-0.331032 -0.087711 0.685000 190 230 143
-0.329256 -0.087711 0.685000 191 231 144
-0.327480 -0.087711 0.685000 150 202 97
-0.326179 -0.087839 0.686000 112 164 59
-0.324401 -0.087839 0.686000 44 84 24
-0.323092 -0.087967 0.687000 26 66 6
-0.331032 -0.085932 0.685000 134 168 96
-0.329256 -0.085932 0.685000 199 233 161
-0.327958 -0.086058 0.686000 184 236 131
-0.326179 -0.086058 0.686000 136 188 83
-0.324873 -0.086183 0.687000 88 137 63
-0.323092 -0.086183 0.687000 26 75 1
-0.321778 -0.086309 0.688000 44 67 42
-0.331516 -0.084277 0.686000 77 100 46
-0.329737 -0.084277 0.686000 166 189 135
-0.327958 -0.084277 0.686000 191 241 139
-0.326179 -0.084277 0.686000 162 212 110
-0.324873 -0.084400 0.687000 128 180 89
-0.323562 -0.084522 0.688000 67 119 28
-0.321778 -0.084522 0.688000 21 56 16
-0.320459 -0.084645 0.689000 40 75 35
-0.330218 -0.082616 0.687000 97 107 80
-0.328436 -0.082616 0.687000 180 223 135
-0.326655 -0.082616 0.687000 188 231 143
-0.324873 -0.082616 0.687000 159 213 112
-0.323562 -0.082736 0.688000 107 161 60
-0.322246 -0.082856 0.689000 42 87 27
-0.320459 -0.082856 0.689000 19 64 4
-0.328914 -0.080950 0.688000 124 151 91
-0.327130 -0.080950 0.688000 199 226 166
-0.325346 -0.080950 0.688000 182 234 133
-0.323562 -0.080950 0.688000 148 200 99
-0.322246 -0.081067 0.689000 95 145 66
-0.320459 -0.081067 0.689000 34 84 5
-0.319135 -0.081185 0.690000 32 58 34
-0.329870 -0.079394 0.690000 76 90 52
-0.327606 -0.079278 0.689000 145 159 121
-0.325819 -0.079278 0.689000 192 237 148
-0.324033 -0.079278 0.689000 179 224 135
-0.322246 -0.079278 0.689000 136 189 93
-0.319135 -0.079394 0.690000 39 71 34
-0.317346 -0.079394 0.690000 40 72 35
-0.328081 -0.077602 0.690000 95 99 74
-0.325819 -0.077490 0.689000 157 196 114
-0.324033 -0.077490 0.689000 190 229 147
-0.320925 -0.077602 0.690000 123 177 72
-0.319135 -0.077602 0.690000 66 106 46
-0.317346 -0.077602 0.690000 33 73 13
-0.315557 -0.077602 0.690000 50 67 53
-0.326292 -0.075810 0.690000 88 118 52
-0.324503 -0.075810 0.690000 177 207 141
-0.322714 -0.075810 0.690000 180 234 129
-0.320925 -0.075810 0.690000 160 214 109
-0.319135 -0.075810 0.690000 103 154 70
-0.317346 -0.075810 0.690000 46 97 13
-0.315557 -0.075810 0.690000 32 60 33
-0.324973 -0.074126 0.691000 120 139 101
-0.322714 -0.074019 0.690000 185 231 137
-0.320925 -0.074019 0.690000 186 232 138
-0.319135 -0.074019 0.690000 138 188 95
-0.316014 -0.074126 0.691000 45 84 33
-0.314223 -0.074126 0.691000 29 68 17
-0.312431 -0.074126 0.691000 56 72 61
-0.323181 -0.072332 0.691000 128 160 100
-0.321390 -0.072332 0.691000 198 230 170
-0.319598 -0.072332 0.691000 182 233 137
-0.317806 -0.072332 0.691000 138 189 93
-0.316014 -0.072332 0.691000 88 138 61
-0.314223 -0.072332 0.691000 34 84 7
-0.312431 -0.072332 0.691000 34 62 35
-0.323181 -0.070538 0.691000 70 89 59
-0.321390 -0.070538 0.691000 152 171 141
-0.319598 -0.070538 0.691000 196 240 156
-0.317806 -0.070538 0.691000 179 223 139
-0.316014 -0.070538 0.691000 127 179 88
-0.314223 -0.070538 0.691000 85 137 46
-0.312431 -0.070538 0.691000 31 70 19
-0.321855 -0.068843 0.692000 69 79 65
-0.319598 -0.068744 0.691000 160 194 129
-0.317806 -0.068744 0.691000 198 232 167
-0.316014 -0.068744 0.691000 165 215 122
-0.314223 -0.068744 0.691000 127 177 84
-0.312431 -0.068744 0.691000 74 121 47
-0.311089 -0.068843 0.692000 19 66 0
-0.309294 -0.068843 0.692000 31 57 33
-0.320060 -0.067047 0.692000 78 103 57
-0.318266 -0.067047 0.692000 180 205 159
-0.316472 -0.067047 0.692000 194 238 154
-0.314677 -0.067047 0.692000 164 208 124
-0.312883 -0.067047 0.692000 120 170 81
-0.311089 -0.067047 0.692000 57 107 18
-0.309294 -0.067047 0.692000 27 63 18
-0.307944 -0.067144 0.693000 35 71 26
-0.318726 -0.065344 0.693000 100 115 88
-0.316472 -0.065250 0.692000 175 213 138
-0.314677 -0.065250 0.692000 193 231 156
-0.312883 -0.065250 0.692000 144 194 103
-0.311538 -0.065344 0.693000 109 159 68
-0.309741 -0.065344 0.693000 49 95 26
-0.307944 -0.065344 0.693000 22 68 0
-0.306589 -0.065438 0.694000 47 69 49
-0.316929 -0.063545 0.693000 99 132 76
-0.315132 -0.063545 0.693000 180 213 157
-0.313335 -0.063545 0.693000 184 234 141
-0.311538 -0.063545 0.693000 155 205 112
-0.309741 -0.063545 0.693000 109 160 74
-0.308389 -0.063637 0.694000 56 107 21
-0.306589 -0.063637 0.694000 29 61 24
-0.305229 -0.063728 0.695000 37 69 32
-0.318301 -0.062013 0.696000 53 75 44
-0.316042 -0.061924 0.695000 107 129 98
-0.314239 -0.061924 0.695000 181 228 143
-0.311988 -0.061835 0.694000 184 231 146
-0.310188 -0.061835 0.694000 148 198 98
-0.308389 -0.061835 0.694000 109 159 59
-0.307031 -0.061924 0.695000 50 90 32
-0.305668 -0.062013 0.696000 27 67 9
-0.303863 -0.062013 0.696000 40 62 42
-0.317406 -0.060379 0.698000 54 67 50
-0.315144 -0.060292 0.697000 118 154 91
-0.312887 -0.060206 0.696000 188 224 161
-0.311082 -0.060206 0.696000 181 231 131
-0.309277 -0.060206 0.696000 142 192 92
-0.307473 -0.060206 0.696000 108 152 68
-0.306107 -0.060292 0.697000 50 94 10
-0.304736 -0.060379 0.698000 28 57 23
-0.302927 -0.060379 0.698000 43 72 38
-0.316048 -0.058650 0.699000 53 77 36
-0.313786 -0.058566 0.698000 132 156 115
-0.311529 -0.058483 0.697000 187 232 143
-0.309722 -0.058483 0.697000 185 230 141
-0.308356 -0.058566 0.698000 158 208 106
-0.306546 -0.058566 0.698000 112 162 60
-0.304736 -0.058566 0.698000 66 105 43
-0.302927 -0.058566 0.698000 24 63 1
-0.301548 -0.058650 0.699000 41 64 39
-0.314685 -0.056917 0.700000 58 73 46
-0.312423 -0.056835 0.699000 126 162 89
-0.310611 -0.056835 0.699000 188 224 151
-0.308798 -0.056835 0.699000 179 231 126
-0.306986 -0.056835 0.699000 145 197 92
-0.305173 -0.056835 0.699000 107 156 70
-0.303361 -0.056835 0.699000 51 100 14
-0.301548 -0.056835 0.699000 27 57 18
-0.300164 -0.056917 0.700000 39 69 30
-0.313317 -0.055178 0.701000 56 81 35
-0.311055 -0.055099 0.700000 125 150 104
-0.309240 -0.055099 0.700000 183 232 135
-0.307425 -0.055099 0.700000 179 228 131
-0.305610 -0.055099 0.700000 141 194 96
-0.303795 -0.055099 0.700000 103 156 58
-0.301979 -0.055099 0.700000 50 94 30
-0.300164 -0.055099 0.700000 17 61 0
-0.298775 -0.055178 0.701000 40 59 31
-0.311944 -0.053434 0.702000 59 70 49
-0.310123 -0.053434 0.702000 131 171 100
-0.307864 -0.053358 0.701000 187 227 156
-0.306046 -0.053358 0.701000 176 229 131
-0.304229 -0.053358 0.701000 145 198 100
-0.302411 -0.053358 0.701000 106 155 69
-0.300593 -0.053358 0.701000 49 98 12
-0.299202 -0.053434 0.702000 21 52 6
-0.297381 -0.053434 0.702000 34 65 19
-0.310565 -0.051685 0.703000 50 73 37
-0.308742 -0.051685 0.703000 127 150 114
-0.306483 -0.051611 0.702000 184 232 142
-0.304663 -0.051611 0.702000 181 229 139
-0.302842 -0.051611 0.702000 137 189 86
-0.301022 -0.051611 0.702000 108 160 57
-0.299202 -0.051611 0.702000 56 101 28
-0.297381 -0.051611 0.702000 15 60 0
-0.295982 -0.051685 0.703000 39 56 28
-0.306919 -0.049860 0.703000 112 149 81
-0.305097 -0.049860 0.703000 188 225 157
-0.303274 -0.049860 0.703000 184 233 136
-0.301451 -0.049860 0.703000 151 200 103
-0.299628 -0.049860 0.703000 109 160 64
-0.297805 -0.049860 0.703000 59 110 14
-0.295982 -0.049860 0.703000 24 55 9
-0.294159 -0.049860 0.703000 29 60 14
-0.305097 -0.048034 0.703000 116 138 91
-0.303274 -0.048034 0.703000 186 231 144
-0.301451 -0.048034 0.703000 190 235 148
-0.299628 -0.048034 0.703000 150 201 103
-0.297805 -0.048034 0.703000 116 167 69
-0.295982 -0.048034 0.703000 71 116 43
-0.294159 -0.048034 0.703000 17 62 0
-0.292336 -0.048034 0.703000 30 54 24
-0.290927 -0.048103 0.704000 46 70 40
-0.303705 -0.046275 0.704000 113 148 78
-0.301451 -0.046209 0.703000 186 221 151
-0.299628 -0.046209 0.703000 186 234 142
-0.297805 -0.046209 0.703000 151 199 107
-0.295982 -0.046209 0.703000 122 172 79
-0.294159 -0.046209 0.703000 72 122 29
-0.292752 -0.046275 0.704000 32 66 17
-0.290927 -0.046275 0.704000 25 59 10
-0.289101 -0.046275 0.704000 47 62 48
-0.301880 -0.044447 0.704000 101 120 80
-0.300054 -0.044447 0.704000 172 211 131
-0.298229 -0.044447 0.704000 193 232 152
-0.296403 -0.044447 0.704000 163 212 117
-0.294578 -0.044447 0.704000 123 172 77
-0.292752 -0.044447 0.704000 84 132 53
-0.290927 -0.044447 0.704000 29 77 0
-0.289101 -0.044447 0.704000 22 49 20
-0.287276 -0.044447 0.704000 42 69 40
-0.300054 -0.042619 0.704000 92 115 65
-0.298229 -0.042619 0.704000 172 195 145
-0.296403 -0.042619 0.704000 194 238 145
-0.294578 -0.042619 0.704000 169 213 120
-0.292752 -0.042619 0.704000 126 176 83
-0.290927 -0.042619 0.704000 88 138 45
-0.289101 -0.042619 0.704000 33 72 21
-0.287684 -0.042680 0.705000 16 55 4
-0.285856 -0.042680 0.705000 41 57 46
-0.298652 -0.040849 0.705000 82 92 69
-0.296824 -0.040849 0.705000 167 198 125
-0.294996 -0.040849 0.705000 202 233 160
-0.293168 -0.040849 0.705000 177 227 125
-0.291340 -0.040849 0.705000 137 187 85
-0.289512 -0.040849 0.705000 97 145 68
-0.287684 -0.040849 0.705000 36 84 7
-0.285856 -0.040849 0.705000 25 56 26
-0.284028 -0.040849 0.705000 34 65 35
-0.296824 -0.039019 0.705000 81 101 54
-0.294996 -0.039019 0.705000 159 179 132
-0.293168 -0.039019 0.705000 193 238 147
-0.291340 -0.039019 0.705000 182 227 136
-0.289512 -0.039019 0.705000 143 194 96
-0.287684 -0.039019 0.705000 107 158 60
-0.285856 -0.039019 0.705000 55 95 35
-0.284028 -0.039019 0.705000 25 65 5
-0.282200 -0.039019 0.705000 31 53 33
-0.295833 -0.037294 0.707000 58 68 41
-0.293584 -0.037241 0.706000 126 167 93
-0.291753 -0.037241 0.706000 189 230 156
-0.289923 -0.037241 0.706000 179 231 130
-0.287684 -0.037188 0.705000 154 206 105
-0.286261 -0.037241 0.706000 122 170 78
-0.284431 -0.037241 0.706000 65 113 21
-0.282600 -0.037241 0.706000 36 67 21
-0.280769 -0.037241 0.706000 20 51 5
-0.279334 -0.037294 0.707000 53 68 52
-0.294416 -0.035508 0.708000 47 72 24
-0.292167 -0.035458 0.707000 112 137 89
-0.290333 -0.035458 0.707000 178 223 132
-0.288500 -0.035458 0.707000 187 232 141
-0.286261 -0.035408 0.706000 159 209 107
-0.284431 -0.035408 0.706000 123 173 71
-0.283000 -0.035458 0.707000 81 124 47
-0.281167 -0.035458 0.707000 41 84 7
-0.279334 -0.035458 0.707000 22 44 15
-0.277501 -0.035458 0.707000 39 61 32
-0.292993 -0.033717 0.709000 53 68 43
-0.290744 -0.033670 0.708000 95 127 63
-0.288908 -0.033670 0.708000 177 209 145
-0.286667 -0.033622 0.707000 189 236 137
-0.284834 -0.033622 0.707000 162 209 110
-0.283000 -0.033622 0.707000 117 166 71
-0.281167 -0.033622 0.707000 95 144 49
-0.279334 -0.033622 0.707000 48 86 29
-0.277501 -0.033622 0.707000 18 56 0
-0.276057 -0.033670 0.708000 44 61 43
-0.289724 -0.031922 0.710000 96 113 83
-0.287478 -0.031877 0.709000 159 194 115
-0.285237 -0.031832 0.708000 194 229 150
-0.283401 -0.031832 0.708000 167 215 109
-0.281565 -0.031832 0.708000 137 185 79
-0.279729 -0.031832 0.708000 99 150 66
-0.277893 -0.031832 0.708000 51 102 18
-0.276057 -0.031832 0.708000 29 61 24
-0.274221 -0.031832 0.708000 27 59 22
-0.272386 -0.031832 0.708000 43 57 46
-0.287883 -0.030078 0.710000 77 91 51
-0.286042 -0.030078 0.710000 132 146 106
-0.283801 -0.030036 0.709000 180 224 131
-0.281963 -0.030036 0.709000 181 225 132
-0.279729 -0.029993 0.708000 150 204 101
-0.277893 -0.029993 0.708000 119 173 70
-0.276057 -0.029993 0.708000 69 120 50
-0.274221 -0.029993 0.708000 27 78 8
-0.272386 -0.029993 0.708000 22 50 25
-0.270932 -0.030036 0.709000 37 65 40
-0.286445 -0.028274 0.711000 61 64 48
-0.284602 -0.028274 0.711000 107 141 76
-0.282360 -0.028235 0.710000 180 214 149
-0.280519 -0.028235 0.710000 183 234 136
-0.278286 -0.028195 0.709000 166 217 119
-0.276447 -0.028195 0.709000 121 173 80
-0.274609 -0.028195 0.709000 81 133 40
-0.272770 -0.028195 0.709000 50 89 36
-0.271314 -0.028235 0.710000 22 61 8
-0.269473 -0.028235 0.710000 36 56 41
-0.267632 -0.028235 0.710000 43 63 48
-0.285402 -0.026503 0.713000 58 79 39
-0.283156 -0.026466 0.712000 94 115 75
-0.280914 -0.026428 0.711000 157 200 123
-0.279071 -0.026428 0.711000 185 228 151
-0.276837 -0.026391 0.710000 171 223 132
-0.274996 -0.026391 0.710000 136 188 97
-0.273155 -0.026391 0.710000 107 155 74
-0.271314 -0.026391 0.710000 70 118 37
-0.269853 -0.026428 0.711000 33 64 30
-0.268009 -0.026428 0.711000 21 52 18
-0.266540 -0.026466 0.712000 38 58 41
-0.281704 -0.024651 0.713000 74 101 52
-0.279856 -0.024651 0.713000 144 171 122
-0.277617 -0.024617 0.712000 184 232 144
-0.275383 -0.024582 0.711000 181 229 141
-0.273540 -0.024582 0.711000 158 208 115
-0.271696 -0.024582 0.711000 127 177 84
-0.270232 -0.024617 0.712000 86 134 67
-0.268386 -0.024617 0.712000 45 93 26
-0.266914 -0.024651 0.713000 19 50 18
-0.265065 -0.024651 0.713000 29 60 28
-0.263586 -0.024686 0.714000 45 62 46
-0.280248 -0.022832 0.714000 66 78 54
-0.278397 -0.022832 0.714000 96 130 67
-0.276158 -0.022800 0.713000 174 208 145
-0.274309 -0.022800 0.713000 183 232 137
-0.272460 -0.022800 0.713000 167 216 121
-0.270612 -0.022800 0.713000 127 179 86
-0.268763 -0.022800 0.713000 104 156 63
-0.267288 -0.022832 0.714000 56 103 43
-0.265437 -0.022832 0.714000 20 67 7
-0.263955 -0.022864 0.715000 28 57 27
-0.262101 -0.022864 0.715000 32 61 31
-0.279177 -0.021037 0.716000 57 76 48
-0.276933 -0.021008 0.715000 80 99 71
-0.275079 -0.021008 0.715000 146 182 107
-0.272843 -0.020978 0.714000 185 221 146
-0.270991 -0.020978 0.714000 173 225 124
-0.269140 -0.020978 0.714000 150 202 101
-0.267288 -0.020978 0.714000 123 177 90
-0.265809 -0.021008 0.715000 89 143 56
-0.263955 -0.021008 0.715000 41 83 31
-0.262101 -0.021008 0.715000 20 62 10
-0.260611 -0.021037 0.716000 33 56 33
-0.259116 -0.021067 0.717000 41 64 41
-0.275463 -0.019178 0.716000 71 89 54
-0.273607 -0.019178 0.716000 102 120 85
-0.271750 -0.019178 0.716000 172 215 129
-0.269894 -0.019178 0.716000 180 223 137
-0.268037 -0.019178 0.716000 168 220 119
-0.266181 -0.019178 0.716000 144 196 95
-0.264324 -0.019178 0.716000 116 164 85
-0.262467 -0.019178 0.716000 69 117 38
-0.260611 -0.019178 0.716000 28 64 21
-0.259116 -0.019205 0.717000 21 57 14
-0.257256 -0.019205 0.717000 34 53 41
-0.273989 -0.017343 0.717000 66 71 57
-0.272130 -0.017343 0.717000 70 98 42
-0.270271 -0.017343 0.717000 145 173 117
-0.268411 -0.017343 0.717000 179 224 133
-0.266552 -0.017343 0.717000 186 231 140
-0.264693 -0.017343 0.717000 164 213 118
-0.262834 -0.017343 0.717000 131 180 85
-0.260975 -0.017343 0.717000 95 140 69
-0.259116 -0.017343 0.717000 60 105 34
-0.257256 -0.017343 0.717000 34 63 31
-0.255397 -0.017343 0.717000 27 56 24
-0.253538 -0.017343 0.717000 38 58 41
-0.271025 -0.015525 0.719000 55 69 47
-0.268786 -0.015503 0.718000 99 132 65
-0.266552 -0.015482 0.717000 158 191 124
-0.264693 -0.015482 0.717000 185 230 139
-0.262834 -0.015482 0.717000 182 227 136
-0.260975 -0.015482 0.717000 157 207 116
-0.259116 -0.015482 0.717000 121 171 80
-0.257256 -0.015482 0.717000 87 131 63
-0.255397 -0.015482 0.717000 44 88 20
-0.253538 -0.015482 0.717000 31 59 23
-0.251679 -0.015482 0.717000 28 56 20
-0.250168 -0.015503 0.718000 43 60 42
-0.267296 -0.013658 0.719000 68 85 55
-0.265062 -0.013639 0.718000 131 167 94
-0.263201 -0.013639 0.718000 180 216 143
-0.261339 -0.013639 0.718000 189 239 148
-0.259116 -0.013620 0.717000 175 225 134
-0.257256 -0.013620 0.717000 141 195 108
-0.255397 -0.013620 0.717000 108 162 75
-0.253538 -0.013620 0.717000 77 123 56
-0.252030 -0.013639 0.718000 40 86 19
-0.250168 -0.013639 0.718000 24 53 12
-0.248306 -0.013639 0.718000 29 58 17
-0.265431 -0.011791 0.719000 56 73 43
-0.263567 -0.011791 0.719000 101 118 88
-0.261703 -0.011791 0.719000 144 185 111
-0.259477 -0.011775 0.718000 188 229 155
-0.257615 -0.011775 0.718000 183 235 144
-0.255753 -0.011775 0.718000 166 218 127
-0.253892 -0.011775 0.718000 135 190 107
-0.252030 -0.011775 0.718000 104 159 76
-0.250168 -0.011775 0.718000 67 118 52
-0.248306 -0.011775 0.718000 30 81 15
-0.246788 -0.011791 0.719000 24 54 17
-0.244924 -0.011791 0.719000 31 61 24
-0.243059 -0.011791 0.719000 50 63 50
-0.262067 -0.009938 0.720000 59 84 49
-0.259838 -0.009924 0.719000 110 135 100
-0.257974 -0.009924 0.719000 160 206 128
-0.256110 -0.009924 0.719000 186 232 154
-0.254245 -0.009924 0.719000 172 226 139
-0.252030 -0.009911 0.718000 155 209 122
-0.250517 -0.009924 0.719000 122 181 94
-0.248652 -0.009924 0.719000 97 156 69
-0.246788 -0.009924 0.719000 74 118 52
-0.244924 -0.009924 0.719000 35 79 13
-0.243059 -0.009924 0.719000 26 53 24
-0.241530 -0.009938 0.720000 28 55 26
-0.239663 -0.009938 0.720000 45 60 46
-0.258333 -0.008069 0.720000 65 96 54
-0.256466 -0.008069 0.720000 100 131 89
-0.254245 -0.008058 0.719000 163 208 135
-0.252381 -0.008058 0.719000 180 225 152
-0.250517 -0.008058 0.719000 174 226 137
-0.248652 -0.008058 0.719000 161 213 124
-0.246788 -0.008058 0.719000 136 188 95
-0.244924 -0.008058 0.719000 103 155 62
-0.243397 -0.008069 0.720000 74 120 55
-0.241530 -0.008069 0.720000 35 81 16
-0.239663 -0.008069 0.720000 23 57 26
-0.238127 -0.008080 0.721000 21 55 24
-0.236257 -0.008080 0.721000 32 56 42
-0.254953 -0.006208 0.721000 64 94 46
-0.253083 -0.006208 0.721000 108 138 90
-0.251213 -0.006208 0.721000 168 211 136
-0.248998 -0.006199 0.720000 182 225 150
-0.247131 -0.006199 0.720000 177 227 134
-0.245264 -0.006199 0.720000 161 211 118
-0.243397 -0.006199 0.720000 133 188 94
-0.241866 -0.006208 0.721000 115 170 76
-0.239996 -0.006208 0.721000 79 127 58
-0.238127 -0.006208 0.721000 39 87 18
-0.236257 -0.006208 0.721000 17 56 19
-0.234713 -0.006217 0.722000 13 52 15
-0.233163 -0.006225 0.723000 26 54 39
-0.251562 -0.004342 0.722000 64 90 39
-0.249344 -0.004336 0.721000 130 156 105
-0.247474 -0.004336 0.721000 165 213 132
-0.245605 -0.004336 0.721000 185 233 152
-0.243735 -0.004336 0.721000 178 233 139
-0.241866 -0.004336 0.721000 165 220 126
-0.239996 -0.004336 0.721000 147 204 109
-0.238127 -0.004336 0.721000 120 177 82
-0.236585 -0.004342 0.722000 94 152 72
-0.234713 -0.004342 0.722000 49 107 27
-0.233163 -0.004348 0.723000 23 66 20
-0.231288 -0.004348 0.723000 17 60 14
-0.229731 -0.004354 0.724000 25 52 32
-0.227854 -0.004354 0.724000 32 59 39
-0.250381 -0.002474 0.724000 62 74 50
-0.248504 -0.002474 0.724000 66 93 44
-0.246627 -0.002474 0.724000 115 142 93
-0.244411 -0.002471 0.723000 167 214 129
-0.242537 -0.002471 0.723000 190 237 152
-0.240662 -0.002471 0.723000 180 236 139
-0.238787 -0.002471 0.723000 165 221 124
-0.236912 -0.002471 0.723000 141 202 103
-0.235038 -0.002471 0.723000 112 173 74
-0.233163 -0.002471 0.723000 91 149 69
-0.231288 -0.002471 0.723000 70 128 48
-0.229731 -0.002474 0.724000 43 86 38
-0.227539 -0.002471 0.723000 16 59 11
-0.225664 -0.002471 0.723000 20 50 23
-0.224099 -0.002474 0.724000 26 56 29
-0.222222 -0.002474 0.724000 40 60 41
-0.245088 -0.000595 0.725000 66 87 45
-0.243208 -0.000595 0.725000 111 132 90
-0.241328 -0.000595 0.725000 141 180 98
-0.239448 -0.000595 0.725000 185 224 142
-0.237240 -0.000594 0.724000 185 241 142
-0.233486 -0.000594 0.724000 158 216 118
-0.231608 -0.000594 0.724000 132 190 92
-0.229731 -0.000594 0.724000 111 171 88
-0.227854 -0.000594 0.724000 83 143 60
-0.225976 -0.000594 0.724000 57 109 49
-0.224099 -0.000594 0.724000 29 81 21
-0.222222 -0.000594 0.724000 24 61 22
-0.220040 -0.000594 0.723000 18 55 16
-0.218165 -0.000594 0.723000 29 56 27
-0.216290 -0.000594 0.723000 33 60 31
-0.241993 0.001291 0.727000 59 78 38
-0.240108 0.001291 0.727000 94 113 73
-0.238223 0.001291 0.727000 143 179 102
-0.236013 0.001289 0.726000 183 219 142
-0.234131 0.001289 0.726000 189 242 144
-0.231928 0.001287 0.725000 183 236 138
-0.230048 0.001287 0.725000 161 222 121
-0.228168 0.001287 0.725000 141 202 101
-0.225976 0.001285 0.724000 128 187 100
-0.224099 0.001285 0.724000 109 168 81
-0.222222 0.001285 0.724000 89 140 72
-0.220344 0.001285 0.724000 49 100 32
-0.218467 0.001285 0.724000 29 72 22
-0.216290 0.001284 0.723000 17 60 10
-0.214416 0.001284 0.723000 23 58 20
-0.212541 0.001284 0.723000 24 59 21
-0.210666 0.001284 0.723000 42 65 42
-0.238879 0.003187 0.729000 59 76 37
-0.236663 0.003183 0.728000 86 103 64
-0.234775 0.003183 0.728000 104 141 71
-0.232568 0.003178 0.727000 168 205 135
-0.230683 0.003178 0.727000 180 233 137
-0.228798 0.003178 0.727000 181 234 138
-0.226288 0.003170 0.725000 172 230 132
-0.224408 0.003170 0.725000 163 221 123
-0.222529 0.003170 0.725000 145 202 111
-0.220649 0.003170 0.725000 125 182 91
-0.218769 0.003170 0.725000 104 159 76
-0.216590 0.003165 0.724000 83 138 55
-0.214712 0.003165 0.724000 56 104 39
-0.212835 0.003165 0.724000 27 75 10
-0.210958 0.003165 0.724000 15 58 12
-0.208792 0.003161 0.723000 15 58 12
-0.206917 0.003161 0.723000 21 51 26
-0.204758 0.003156 0.722000 28 58 33
-0.202886 0.003156 0.722000 46 70 56
-0.233208 0.005080 0.729000 61 78 39
-0.231317 0.005080 0.729000 82 117 49
-0.229427 0.005080 0.729000 138 173 105
-0.227225 0.005073 0.728000 167 213 133
-0.225337 0.005073 0.728000 186 232 152
-0.223449 0.005073 0.728000 181 236 146
-0.221257 0.005066 0.727000 171 226 136
-0.219372 0.005066 0.727000 151 211 115
-0.217188 0.005059 0.726000 140 200 104
-0.215305 0.005059 0.726000 122 179 86
-0.213423 0.005059 0.726000 100 157 64
-0.211249 0.005052 0.725000 76 129 51
-0.209080 0.005045 0.724000 54 107 29
-0.207203 0.005045 0.724000 30 74 21
-0.205042 0.005038 0.723000 16 60 7
-0.203167 0.005038 0.723000 14 53 20
-0.201293 0.005038 0.723000 14 53 20
-0.199418 0.005038 0.723000 27 54 32
-0.197543 0.005038 0.723000 31 58 36
-0.229742 0.006982 0.730000 67 78 46
-0.227849 0.006982 0.730000 60 85 37
-0.225956 0.006982 0.730000 95 120 72
-0.224063 0.006982 0.730000 141 186 113
-0.221866 0.006973 0.729000 176 221 148
-0.219976 0.006973 0.729000 184 241 150
-0.218085 0.006973 0.729000 185 242 151
-0.216195 0.006973 0.729000 179 237 139
-0.214305 0.006973 0.729000 167 225 127
-0.211832 0.006954 0.727000 150 207 112
-0.209947 0.006954 0.727000 130 187 92
-0.207775 0.006944 0.726000 123 182 93
-0.205609 0.006934 0.725000 98 157 68
-0.203729 0.006934 0.725000 81 134 63
-0.201849 0.006934 0.725000 51 104 33
-0.199694 0.006925 0.724000 30 74 21
-0.197816 0.006925 0.724000 16 60 7
-0.195939 0.006925 0.724000 19 53 18
-0.194330 0.006934 0.725000 21 55 20
-0.192715 0.006944 0.726000 28 55 33
-0.224370 0.008890 0.731000 54 78 35
-0.222475 0.008890 0.731000 68 92 49
-0.220579 0.008890 0.731000 78 113 43
-0.218684 0.008890 0.731000 136 171 101
-0.216492 0.008878 0.730000 171 223 134
-0.214599 0.008878 0.730000 188 240 151
-0.212706 0.008878 0.730000 187 248 149
-0.210813 0.008878 0.730000 183 244 145
-0.208348 0.008853 0.728000 165 226 125
-0.206460 0.008853 0.728000 157 218 117
-0.204291 0.008841 0.727000 147 204 109
-0.202406 0.008841 0.727000 132 189 94
-0.200245 0.008829 0.726000 116 171 88
-0.198363 0.008829 0.726000 96 151 68
-0.196480 0.008829 0.726000 73 126 57
-0.194598 0.008829 0.726000 46 99 30
-0.192981 0.008841 0.727000 32 78 25
-0.191096 0.008841 0.727000 21 67 14
-0.189471 0.008853 0.728000 15 54 17
-0.187583 0.008853 0.728000 16 55 18
-0.185951 0.008865 0.729000 29 58 28
-0.184060 0.008865 0.729000 30 59 29
-0.182170 0.008865 0.729000 39 60 36
-0.072193 0.009060 0.745000 30 43 38
-0.070262 0.009060 0.745000 30 43 38
-0.068238 0.009048 0.744000 30 43 38
-0.066309 0.009048 0.744000 33 48 43
-0.064380 0.009048 0.744000 36 51 46
-0.062367 0.009036 0.743000 38 51 46
-0.060359 0.009024 0.742000 38 51 46
-0.058356 0.009011 0.741000 39 48 41
-0.056358 0.008999 0.740000 32 41 34
-0.054366 0.008987 0.739000 33 34 25
-0.052450 0.008987 0.739000 37 38 29
-0.050534 0.008987 0.739000 42 43 34
-0.048617 0.008987 0.739000 61 62 53
-0.046701 0.008987 0.739000 91 89 81
-0.044785 0.008987 0.739000 106 104 96
-0.218983 0.010802 0.732000 57 75 40
-0.217085 0.010802 0.732000 64 93 34
-0.215187 0.010802 0.732000 103 132 73
-0.213289 0.010802 0.732000 128 172 90
-0.211102 0.010788 0.731000 159 203 121
-0.209206 0.010788 0.731000 189 235 139
-0.207027 0.010773 0.730000 192 238 142
-0.205134 0.010773 0.730000 183 237 132
-0.202963 0.010758 0.729000 178 232 127
-0.201073 0.010758 0.729000 167 225 125
-0.198909 0.010743 0.728000 153 211 111
-0.197022 0.010743 0.728000 140 197 104
-0.195402 0.010758 0.729000 130 187 94
-0.193512 0.010758 0.729000 117 172 91
-0.191621 0.010758 0.729000 102 157 76
-0.189731 0.010758 0.729000 80 133 64
-0.187841 0.010758 0.729000 58 111 42
-0.185951 0.010758 0.729000 49 95 42
-0.184060 0.010758 0.729000 40 86 33
-0.182170 0.010758 0.729000 29 67 21
-0.180280 0.010758 0.729000 19 57 11
-0.178389 0.010758 0.729000 21 53 16
-0.176499 0.010758 0.729000 20 52 15
-0.174609 0.010758 0.729000 27 55 28
-0.172955 0.010773 0.730000 34 62 35
-0.171063 0.010773 0.730000 38 61 36
-0.076057 0.010994 0.745000 30 43 38
-0.074125 0.010994 0.745000 31 44 41
-0.072193 0.010994 0.745000 35 48 45
-0.070262 0.010994 0.745000 42 57 56
-0.068238 0.010980 0.744000 41 56 55
-0.066309 0.010980 0.744000 38 56 54
-0.064293 0.010965 0.743000 39 57 55
-0.062367 0.010965 0.743000 41 56 55
-0.060359 0.010950 0.742000 41 56 55
-0.058356 0.010935 0.741000 38 46 45
-0.056435 0.010935 0.741000 64 72 71
-0.054366 0.010906 0.739000 128 125 120
-0.052450 0.010906 0.739000 128 125 120
-0.050534 0.010906 0.739000 129 127 119
-0.048617 0.010906 0.739000 140 138 130
-0.046701 0.010906 0.739000 160 160 154
-0.044785 0.010906 0.739000 168 168 162
-0.042869 0.010906 0.739000 138 141 140
-0.211391 0.012703 0.732000 56 80 41
-0.209493 0.012703 0.732000 72 104 42
-0.207594 0.012703 0.732000 109 141 79
-0.205415 0.012686 0.731000 147 190 104
-0.203520 0.012686 0.731000 172 215 129
-0.201624 0.012686 0.731000 185 234 137
-0.199456 0.012668 0.730000 193 242 145
-0.197563 0.012668 0.730000 188 241 143
-0.195670 0.012668 0.730000 184 237 139
-0.193777 0.012668 0.730000 173 229 132
-0.191884 0.012668 0.730000 158 214 117
-0.189991 0.012668 0.730000 145 200 110
-0.188098 0.012668 0.730000 138 193 103
-0.186206 0.012668 0.730000 128 178 97
-0.184313 0.012668 0.730000 117 167 86
-0.182420 0.012668 0.730000 109 157 80
-0.180527 0.012668 0.730000 99 147 70
-0.178634 0.012668 0.730000 86 134 69
-0.176741 0.012668 0.730000 62 110 45
-0.174848 0.012668 0.730000 44 93 37
-0.173192 0.012686 0.731000 34 83 27
-0.171297 0.012686 0.731000 29 71 19
-0.169401 0.012686 0.731000 22 64 12
-0.167506 0.012686 0.731000 24 62 16
-0.165837 0.012703 0.732000 23 61 15
-0.163939 0.012703 0.732000 22 58 22
-0.162041 0.012703 0.732000 20 56 20
-0.160362 0.012720 0.733000 20 55 28
-0.158461 0.012720 0.733000 18 53 26
-0.156560 0.012720 0.733000 23 52 32
-0.154660 0.012720 0.733000 27 56 36
-0.152967 0.012738 0.734000 31 58 38
-0.081852 0.012929 0.745000 22 40 34
-0.079921 0.012929 0.745000 22 40 34
-0.077989 0.012929 0.745000 26 41 38
-0.076057 0.012929 0.745000 28 43 40
-0.074125 0.012929 0.745000 37 51 53
-0.072193 0.012929 0.745000 45 59 61
-0.070262 0.012929 0.745000 43 57 61
-0.068238 0.012911 0.744000 45 59 63
-0.066309 0.012911 0.744000 38 57 59
-0.064380 0.012911 0.744000 39 58 60
-0.062367 0.012894 0.743000 44 58 60
-0.060440 0.012894 0.743000 47 61 63
-0.058356 0.012859 0.741000 46 52 54
-0.056435 0.012859 0.741000 61 67 69
-0.054513 0.012859 0.741000 154 154 148
-0.052521 0.012842 0.740000 163 163 157
-0.050602 0.012842 0.740000 152 153 144
-0.048749 0.012859 0.741000 148 149 140
-0.046828 0.012859 0.741000 152 152 148
-0.044906 0.012859 0.741000 175 175 171
-0.042985 0.012859 0.741000 156 159 158
-0.041119 0.012877 0.742000 45 48 47
-0.205696 0.014604 0.732000 54 78 37
-0.203798 0.014604 0.732000 62 86 45
-0.201900 0.014604 0.732000 75 104 41
-0.200002 0.014604 0.732000 94 123 60
-0.197834 0.014584 0.731000 130 176 98
-0.195938 0.014584 0.731000 165 211 133
-0.194043 0.014584 0.731000 178 230 141
-0.192147 0.014584 0.731000 190 242 153
-0.190252 0.014584 0.731000 199 250 154
-0.188356 0.014584 0.731000 197 248 152
-0.186461 0.014584 0.731000 191 242 146
-0.184565 0.014584 0.731000 184 235 139
-0.182670 0.014584 0.731000 173 225 134
-0.180774 0.014584 0.731000 163 215 124
-0.178879 0.014584 0.731000 150 206 118
-0.176983 0.014584 0.731000 144 200 112
-0.175088 0.014584 0.731000 133 189 101
-0.173192 0.014584 0.731000 125 181 93
-0.171297 0.014584 0.731000 121 175 90
-0.169633 0.014604 0.732000 111 165 80
-0.167735 0.014604 0.732000 103 153 72
-0.166064 0.014624 0.733000 91 141 60
-0.164163 0.014624 0.733000 79 128 56
-0.162262 0.014624 0.733000 74 123 51
-0.160580 0.014644 0.734000 66 117 62
-0.158677 0.014644 0.734000 59 110 55
-0.156774 0.014644 0.734000 44 94 42
-0.154871 0.014644 0.734000 42 92 40
-0.153176 0.014663 0.735000 38 88 36
-0.151270 0.014663 0.735000 29 79 27
-0.149364 0.014663 0.735000 22 71 17
-0.145948 0.014703 0.737000 22 65 17
-0.144037 0.014703 0.737000 22 65 17
-0.140406 0.014723 0.738000 22 62 22
-0.138680 0.014743 0.739000 21 60 23
-0.136763 0.014743 0.739000 18 57 20
-0.134847 0.014743 0.739000 16 55 18
-0.132931 0.014743 0.739000 16 55 18
-0.131192 0.014763 0.740000 15 54 19
-0.129273 0.014763 0.740000 11 50 15
-0.127527 0.014783 0.741000 13 52 17
-0.125605 0.014783 0.741000 14 53 18
-0.123684 0.014783 0.741000 14 53 18
-0.121927 0.014803 0.742000 14 53 18
-0.120003 0.014803 0.742000 15 54 19
-0.118238 0.014823 0.743000 15 54 19
-0.116311 0.014823 0.743000 15 56 22
-0.114539 0.014843 0.744000 15 56 22
-0.112609 0.014843 0.744000 17 56 21
-0.110680 0.014843 0.744000 20 59 24
-0.108751 0.014843 0.744000 20 60 20
-0.106965 0.014863 0.745000 21 61 21
-0.105034 0.014863 0.745000 23 63 23
-0.103102 0.014863 0.745000 24 64 24
-0.101306 0.014883 0.746000 22 64 21
-0.099372 0.014883 0.746000 23 65 22
-0.097437 0.014883 0.746000 28 70 27
-0.095503 0.014883 0.746000 28 70 27
-0.093568 0.014883 0.746000 31 73 32
-0.091634 0.014883 0.746000 37 79 38
-0.089700 0.014883 0.746000 44 81 42
-0.087765 0.014883 0.746000 43 80 41
-0.085831 0.014883 0.746000 40 62 42
-0.083897 0.014883 0.746000 20 42 22
-0.081962 0.014883 0.746000 31 49 43
-0.080028 0.014883 0.746000 36 54 48
-0.078093 0.014883 0.746000 36 54 50
-0.076159 0.014883 0.746000 41 59 55
-0.074225 0.014883 0.746000 54 68 70
-0.072193 0.014863 0.745000 51 65 67
-0.070262 0.014863 0.745000 45 59 63
-0.068330 0.014863 0.745000 47 61 65
-0.066309 0.014843 0.744000 44 58 64
-0.064380 0.014843 0.744000 43 57 63
-0.062367 0.014823 0.743000 47 59 61
-0.060440 0.014823 0.743000 42 54 56
-0.058514 0.014823 0.743000 44 47 48
-0.056511 0.014803 0.742000 89 92 93
-0.054587 0.014803 0.742000 197 197 191
-0.052592 0.014783 0.741000 217 217 211
-0.050670 0.014783 0.741000 219 217 209
-0.048749 0.014783 0.741000 205 203 195
-0.046891 0.014803 0.742000 198 195 190
-0.044967 0.014803 0.742000 197 194 189
-0.043101 0.014823 0.743000 183 184 180
-0.041174 0.014823 0.743000 100 101 97
-0.198375 0.016527 0.733000 47 71 32
-0.196206 0.016504 0.732000 46 70 31
-0.194308 0.016504 0.732000 60 93 37
-0.192410 0.016504 0.732000 94 127 71
-0.190512 0.016504 0.732000 121 154 85
-0.188614 0.016504 0.732000 142 175 106
-0.186716 0.016504 0.732000 163 209 129
-0.184818 0.016504 0.732000 184 230 150
-0.182920 0.016504 0.732000 187 240 158
-0.181022 0.016504 0.732000 189 242 160
-0.178879 0.016482 0.731000 188 245 154
-0.177225 0.016504 0.732000 185 242 151
-0.175327 0.016504 0.732000 183 239 142
-0.173429 0.016504 0.732000 181 237 140
-0.171531 0.016504 0.732000 175 232 130
-0.169633 0.016504 0.732000 164 221 119
-0.167964 0.016527 0.733000 159 212 116
-0.166290 0.016549 0.734000 161 214 118
-0.164387 0.016549 0.734000 145 202 109
-0.162484 0.016549 0.734000 145 202 109
-0.158893 0.016572 0.735000 132 192 107
-0.157201 0.016594 0.736000 132 195 111
-0.155293 0.016594 0.736000 128 191 107
-0.153384 0.016594 0.736000 126 186 101
-0.151682 0.016617 0.737000 118 178 93
-0.149771 0.016617 0.737000 109 168 81
-0.148060 0.016639 0.738000 107 166 79
-0.146345 0.016662 0.739000 105 163 81
-0.144428 0.016662 0.739000 107 165 83
-0.142512 0.016662 0.739000 109 162 91
-0.140786 0.016685 0.740000 106 159 88
-0.138867 0.016685 0.740000 103 156 85
-0.137134 0.016707 0.741000 97 150 79
-0.135212 0.016707 0.741000 95 146 76
-0.133291 0.016707 0.741000 88 139 69
-0.131369 0.016707 0.741000 87 141 67
-0.129448 0.016707 0.741000 83 137 63
-0.127699 0.016730 0.742000 86 139 68
-0.125775 0.016730 0.742000 85 138 67
-0.124018 0.016752 0.743000 86 139 70
-0.122091 0.016752 0.743000 87 140 71
-0.120164 0.016752 0.743000 94 147 80
-0.118238 0.016752 0.743000 90 143 76
-0.116468 0.016775 0.744000 87 140 71
-0.114539 0.016775 0.744000 90 143 74
-0.112609 0.016775 0.744000 93 146 75
-0.110829 0.016797 0.745000 93 146 75
-0.108897 0.016797 0.745000 96 149 78
-0.106965 0.016797 0.745000 101 154 83
-0.105034 0.016797 0.745000 98 155 80
-0.103240 0.016820 0.746000 98 155 80
-0.101306 0.016820 0.746000 100 157 82
-0.099372 0.016820 0.746000 105 162 87
-0.097437 0.016820 0.746000 114 171 96
-0.095503 0.016820 0.746000 115 172 97
-0.093568 0.016820 0.746000 119 176 101
-0.091634 0.016820 0.746000 124 181 106
-0.089700 0.016820 0.746000 129 178 106
-0.087765 0.016820 0.746000 132 181 109
-0.085831 0.016820 0.746000 96 125 91
-0.083897 0.016820 0.746000 34 63 29
-0.081962 0.016820 0.746000 54 73 63
-0.080028 0.016820 0.746000 48 67 57
-0.078093 0.016820 0.746000 55 70 65
-0.076159 0.016820 0.746000 61 76 71
-0.074225 0.016820 0.746000 60 73 70
-0.072290 0.016820 0.746000 63 76 73
-0.070262 0.016797 0.745000 52 64 68
-0.068330 0.016797 0.745000 50 62 66
-0.066309 0.016775 0.744000 47 59 65
-0.064380 0.016775 0.744000 47 59 65
-0.062451 0.016775 0.744000 55 65 68
-0.060521 0.016775 0.744000 52 62 65
-0.058514 0.016752 0.743000 50 56 54
-0.056587 0.016752 0.743000 100 106 104
-0.054660 0.016752 0.743000 219 214 212
-0.052734 0.016752 0.743000 228 223 221
-0.050807 0.016752 0.743000 223 215 212
-0.048881 0.016752 0.743000 222 214 211
-0.047017 0.016775 0.744000 206 201 197
-0.045088 0.016775 0.744000 208 203 199
-0.043159 0.016775 0.744000 187 188 184
-0.041285 0.016797 0.745000 142 143 139
-0.188871 0.018430 0.733000 57 71 33
-0.186971 0.018430 0.733000 56 81 33
-0.185070 0.018430 0.733000 59 84 36
-0.183170 0.018430 0.733000 59 97 42
-0.181022 0.018405 0.732000 81 119 64
-0.179123 0.018405 0.732000 128 165 97
-0.177225 0.018405 0.732000 151 188 120
-0.175327 0.018405 0.732000 167 206 126
-0.173666 0.018430 0.733000 178 217 137
-0.171766 0.018430 0.733000 185 235 146
-0.168193 0.018455 0.734000 193 250 159
-0.166290 0.018455 0.734000 193 250 159
-0.164611 0.018480 0.735000 186 247 157
-0.162705 0.018480 0.735000 184 245 155
-0.161237 0.018530 0.737000 179 240 150
-0.159326 0.018530 0.737000 175 236 146
-0.157628 0.018556 0.738000 172 237 141
-0.155926 0.018581 0.739000 172 237 141
-0.154009 0.018581 0.739000 175 238 138
-0.152093 0.018581 0.739000 175 238 138
-0.150380 0.018606 0.740000 170 233 133
-0.148662 0.018631 0.741000 167 230 130
-0.146741 0.018631 0.741000 165 225 129
-0.144819 0.018631 0.741000 169 229 133
-0.142898 0.018631 0.741000 163 223 131
-0.141167 0.018656 0.742000 168 228 136
-0.139430 0.018681 0.743000 165 224 135
-0.137504 0.018681 0.743000 162 221 132
-0.135577 0.018681 0.743000 163 220 129
-0.133651 0.018681 0.743000 161 218 127
-0.131724 0.018681 0.743000 161 221 127
-0.129797 0.018681 0.743000 158 218 124
-0.127871 0.018681 0.743000 162 222 130
-0.125944 0.018681 0.743000 159 219 127
-0.124018 0.018681 0.743000 154 213 124
-0.122091 0.018681 0.743000 152 211 122
-0.120164 0.018681 0.743000 154 213 124
-0.118397 0.018707 0.744000 157 216 127
-0.116468 0.018707 0.744000 157 216 127
-0.114539 0.018707 0.744000 155 214 125
-0.112761 0.018732 0.745000 161 220 131
-0.110829 0.018732 0.745000 162 221 132
-0.108897 0.018732 0.745000 163 222 133
-0.106965 0.018732 0.745000 163 222 133
-0.105175 0.018757 0.746000 163 225 132
-0.103240 0.018757 0.746000 165 227 134
-0.101306 0.018757 0.746000 165 227 134
-0.099372 0.018757 0.746000 164 226 133
-0.097437 0.018757 0.746000 161 221 125
-0.095503 0.018757 0.746000 168 228 132
-0.093568 0.018757 0.746000 172 232 136
-0.091634 0.018757 0.746000 176 236 140
-0.089700 0.018757 0.746000 183 233 144
-0.087765 0.018757 0.746000 180 230 141
-0.085831 0.018757 0.746000 144 170 128
-0.083897 0.018757 0.746000 54 80 38
-0.081962 0.018757 0.746000 81 96 82
-0.080028 0.018757 0.746000 85 100 86
-0.078093 0.018757 0.746000 87 101 92
-0.076159 0.018757 0.746000 85 99 90
-0.074225 0.018757 0.746000 69 82 77
-0.072290 0.018757 0.746000 66 79 74
-0.070356 0.018757 0.746000 57 67 70
-0.068422 0.018757 0.746000 47 57 60
-0.066398 0.018732 0.745000 43 53 60
-0.064466 0.018732 0.745000 30 40 47
-0.062535 0.018732 0.745000 34 44 49
-0.060521 0.018707 0.744000 82 92 97
-0.058592 0.018707 0.744000 112 120 121
-0.056663 0.018707 0.744000 128 136 137
-0.054734 0.018707 0.744000 148 143 141
-0.052805 0.018707 0.744000 171 166 164
-0.050876 0.018707 0.744000 196 186 184
-0.048946 0.018707 0.744000 213 203 201
-0.047080 0.018732 0.745000 199 194 190
-0.045149 0.018732 0.745000 201 196 192
-0.043275 0.018757 0.746000 184 183 183
-0.041341 0.018757 0.746000 138 137 137
-0.179613 0.020361 0.734000 51 68 29
-0.177710 0.020361 0.734000 55 72 33
-0.175806 0.020361 0.734000 57 76 25
-0.173903 0.020361 0.734000 64 83 32
-0.172000 0.020361 0.734000 71 105 44
-0.170097 0.020361 0.734000 78 112 51
-0.168423 0.020389 0.735000 79 125 60
-0.166743 0.020416 0.736000 95 141 76
-0.165059 0.020444 0.737000 105 153 86
-0.163369 0.020472 0.738000 127 175 108
-0.161674 0.020500 0.739000 149 195 119
-0.159974 0.020527 0.740000 164 210 134
-0.158269 0.020555 0.741000 173 218 131
-0.156348 0.020555 0.741000 181 226 139
-0.154426 0.020555 0.741000 192 231 139
-0.152711 0.020583 0.742000 197 236 144
-0.150787 0.020583 0.742000 196 240 145
-0.149063 0.020610 0.743000 197 241 146
-0.147137 0.020610 0.743000 194 243 146
-0.145210 0.020610 0.743000 197 246 149
-0.143283 0.020610 0.743000 196 247 151
-0.141547 0.020638 0.744000 192 243 147
-0.139618 0.020638 0.744000 191 243 150
-0.137689 0.020638 0.744000 192 244 151
-0.135760 0.020638 0.744000 188 243 149
-0.133830 0.020638 0.744000 189 244 150
-0.131901 0.020638 0.744000 193 248 156
-0.129972 0.020638 0.744000 192 247 155
-0.128043 0.020638 0.744000 192 249 156
-0.126114 0.020638 0.744000 192 249 156
-0.124184 0.020638 0.744000 190 250 158
-0.122255 0.020638 0.744000 190 250 158
-0.120326 0.020638 0.744000 189 250 160
-0.118397 0.020638 0.744000 185 246 156
-0.116624 0.020666 0.745000 188 249 159
-0.114693 0.020666 0.745000 186 247 157
-0.112761 0.020666 0.745000 186 247 157
-0.110829 0.020666 0.745000 188 249 159
-0.108897 0.020666 0.745000 187 246 157
-0.107109 0.020694 0.746000 189 248 159
-0.105175 0.020694 0.746000 190 249 160
-0.103240 0.020694 0.746000 189 248 159
-0.101306 0.020694 0.746000 190 245 155
-0.099372 0.020694 0.746000 190 245 155
-0.097437 0.020694 0.746000 194 245 147
-0.095503 0.020694 0.746000 192 243 145
-0.093694 0.020721 0.747000 192 241 144
-0.091757 0.020721 0.747000 192 241 144
-0.089700 0.020694 0.746000 198 231 148
-0.087883 0.020721 0.747000 188 221 138
-0.085946 0.020721 0.747000 158 175 134
-0.083897 0.020694 0.746000 80 97 56
-0.081962 0.020694 0.746000 103 111 98
-0.080028 0.020694 0.746000 100 108 95
-0.078093 0.020694 0.746000 94 106 96
-0.076159 0.020694 0.746000 90 102 92
-0.074225 0.020694 0.746000 77 89 81
-0.072290 0.020694 0.746000 68 80 72
-0.070356 0.020694 0.746000 69 75 75
-0.068422 0.020694 0.746000 49 55 55
-0.066487 0.020694 0.746000 43 48 55
-0.064553 0.020694 0.746000 46 51 58
-0.062619 0.020694 0.746000 35 47 53
-0.060603 0.020666 0.745000 53 65 71
-0.058671 0.020666 0.745000 66 76 81
-0.056739 0.020666 0.745000 109 119 124
-0.054808 0.020666 0.745000 175 169 173
-0.052876 0.020666 0.745000 199 193 197
-0.050944 0.020666 0.745000 218 208 206
-0.049078 0.020694 0.746000 215 205 203
-0.047144 0.020694 0.746000 196 185 189
-0.045209 0.020694 0.746000 162 151 155
-0.043275 0.020694 0.746000 118 114 117
-0.165731 0.022449 0.740000 44 68 38
-0.163812 0.022449 0.740000 47 71 41
-0.162112 0.022479 0.741000 58 79 37
-0.160623 0.022540 0.743000 54 75 33
-0.158696 0.022540 0.743000 57 77 17
-0.156770 0.022540 0.743000 61 81 21
-0.155051 0.022570 0.744000 68 85 17
-0.153122 0.022570 0.744000 70 87 19
-0.151193 0.022570 0.744000 66 91 15
-0.149464 0.022600 0.745000 71 96 20
-0.147533 0.022600 0.745000 80 114 42
-0.145601 0.022600 0.745000 86 120 48
-0.143669 0.022600 0.745000 88 123 53
-0.141737 0.022600 0.745000 95 130 60
-0.139806 0.022600 0.745000 97 137 66
-0.137874 0.022600 0.745000 94 134 63
-0.135942 0.022600 0.745000 92 137 64
-0.134010 0.022600 0.745000 99 144 71
-0.132079 0.022600 0.745000 100 145 74
-0.130147 0.022600 0.745000 101 146 75
-0.128215 0.022600 0.745000 100 146 77
-0.126283 0.022600 0.745000 98 144 75
-0.124351 0.022600 0.745000 97 145 78
-0.122420 0.022600 0.745000 99 147 80
-0.120488 0.022600 0.745000 92 145 76
-0.118556 0.022600 0.745000 88 141 72
-0.116624 0.022600 0.745000 87 140 73
-0.114846 0.022631 0.746000 87 140 73
-0.112912 0.022631 0.746000 89 139 76
-0.110978 0.022631 0.746000 88 138 75
-0.109043 0.022631 0.746000 89 139 76
-0.107109 0.022631 0.746000 84 134 71
-0.105175 0.022631 0.746000 89 132 71
-0.103240 0.022631 0.746000 87 130 69
-0.101306 0.022631 0.746000 88 127 65
-0.099372 0.022631 0.746000 82 121 59
-0.097568 0.022661 0.747000 78 116 43
-0.095631 0.022661 0.747000 71 109 36
-0.093694 0.022661 0.747000 64 96 18
-0.091757 0.022661 0.747000 58 90 12
-0.089820 0.022661 0.747000 62 79 20
-0.087883 0.022661 0.747000 52 69 10
-0.085946 0.022661 0.747000 53 60 34
-0.084009 0.022661 0.747000 64 71 45
-0.082072 0.022661 0.747000 63 68 54
-0.080135 0.022661 0.747000 56 61 47
-0.078198 0.022661 0.747000 51 58 50
-0.076261 0.022661 0.747000 54 61 53
-0.074225 0.022631 0.746000 57 64 58
-0.072290 0.022631 0.746000 62 69 63
-0.070356 0.022631 0.746000 68 74 72
-0.068422 0.022631 0.746000 71 77 75
-0.066487 0.022631 0.746000 63 66 67
-0.064553 0.022631 0.746000 58 61 62
-0.062619 0.022631 0.746000 53 60 64
-0.060684 0.022631 0.746000 43 50 54
-0.058750 0.022631 0.746000 42 54 58
-0.056815 0.022631 0.746000 53 65 69
-0.054881 0.022631 0.746000 102 104 110
-0.052947 0.022631 0.746000 119 121 127
-0.051012 0.022631 0.746000 104 98 102
-0.049078 0.022631 0.746000 104 98 102
-0.047144 0.022631 0.746000 74 65 72
-0.045209 0.022631 0.746000 64 55 62
-0.141928 0.024568 0.746000 55 77 48
-0.139993 0.024568 0.746000 46 70 38
-0.138059 0.024568 0.746000 46 70 38
-0.136125 0.024568 0.746000 40 67 34
-0.134190 0.024568 0.746000 42 69 36
-0.132256 0.024568 0.746000 41 70 38
-0.130321 0.024568 0.746000 38 67 35
-0.128387 0.024568 0.746000 38 67 33
-0.126453 0.024568 0.746000 36 65 31
-0.124518 0.024568 0.746000 30 61 27
-0.122584 0.024568 0.746000 30 61 27
-0.120650 0.024568 0.746000 23 59 23
-0.118715 0.024568 0.746000 20 56 20
-0.116781 0.024568 0.746000 24 60 26
-0.114846 0.024568 0.746000 23 59 25
-0.112912 0.024568 0.746000 28 62 29
-0.110978 0.024568 0.746000 27 61 28
-0.109043 0.024568 0.746000 25 56 24
-0.107109 0.024568 0.746000 26 57 25
-0.105175 0.024568 0.746000 29 58 28
-0.103240 0.024568 0.746000 32 61 31
-0.101442 0.024600 0.747000 32 56 28
-0.099505 0.024600 0.747000 34 58 30
-0.066487 0.024568 0.746000 75 74 74
-0.064553 0.024568 0.746000 77 76 76
-0.062619 0.024568 0.746000 80 83 84
-0.060684 0.024568 0.746000 87 90 91
-0.058750 0.024568 0.746000 83 93 96
-0.056815 0.024568 0.746000 74 84 87
-0.054881 0.024568 0.746000 55 63 64
-0.052947 0.024568 0.746000 43 51 52
