sec,nanosec,frame_id,x,y,z,qx,qy,qz,qw
1777986252,83730370,base,0.3907984793186188,0.19759446382522583,0.8062698245048523,-0.6396880417367731,-0.2022524638599462,-0.3457814608114093,0.6559941532466232
1777986256,350780243,base,0.39152535796165466,0.19697822630405426,0.8059197068214417,-0.6398572641452998,-0.20147755358100713,-0.3458212806228996,0.6560465825242598
1777986256,384737021,base,0.3922501802444458,0.19638444483280182,0.8055400252342224,-0.6400325727896533,-0.2007258516877289,-0.3458191525245603,0.6561071099815019
1777986256,410785764,base,0.39295899868011475,0.19577695429325104,0.8051642179489136,-0.6401955746073268,-0.2000143413699859,-0.3457782895299842,0.6561868983539483
1777986256,436781693,base,0.3936401307582855,0.19515104591846466,0.8047769069671631,-0.6403377430082753,-0.19937315932854083,-0.34565522819574873,0.6563081502695819
1777986256,462772658,base,0.3943089544773102,0.19452118873596191,0.80435711145401,-0.6404836797589618,-0.19879063628155566,-0.3454413736364794,0.6564550100845667
1777986256,498737575,base,0.3948632776737213,0.1938021332025528,0.8039231896400452,-0.6405327654688505,-0.19845224774177264,-0.34495050353663215,0.6567675481181424
1777986256,559736748,base,0.3939521014690399,0.19368599355220795,0.8035097718238831,-0.6401439769779185,-0.20064527433210427,-0.3424636075284037,0.6577809675093648
1777986256,583795204,base,0.3930216431617737,0.19406063854694366,0.8033977150917053,-0.6398914579731114,-0.20238846661229792,-0.3409279550554696,0.6582901597138762
1777986256,602773823,base,0.3921056389808655,0.19449292123317719,0.8033063411712646,-0.6396693291594318,-0.20408321662720957,-0.33948864504910026,0.6587265237166476
1777986256,618736823,base,0.3912048637866974,0.194940984249115,0.8032017946243286,-0.6394668219277895,-0.20576937737815598,-0.33804740406438916,0.6591396559816323
1777986256,634749892,base,0.3902756869792938,0.1953846663236618,0.8030980229377747,-0.6392496082913095,-0.20749139129197203,-0.33656902029190505,0.6595669414207064
1777986256,653831037,base,0.3893378674983978,0.19582608342170715,0.8029892444610596,-0.6390262239261043,-0.20922516028418847,-0.3350738314480135,0.6599968331186039
1777986256,692786084,base,0.3884236216545105,0.19622614979743958,0.802879810333252,-0.638799208095122,-0.21091615589895912,-0.33359269644116724,0.6604285405165339
1777986256,798752084,base,0.3889772593975067,0.19540433585643768,0.8027376532554626,-0.6387230587139048,-0.21022194811839562,-0.3337121289655518,0.6606631427914796
1777986256,963778813,base,0.38841885328292847,0.19557394087314606,0.8019089102745056,-0.6387725528855904,-0.21107436735430155,-0.3322153675842355,0.6610977073376078
1777986257,10769144,base,0.387870192527771,0.19618773460388184,0.8013208508491516,-0.6389543209905357,-0.21213150483671936,-0.3309279928827023,0.6612293498331614
1777986257,55726519,base,0.38747313618659973,0.19677262008190155,0.800593376159668,-0.6392408057794942,-0.212844635684701,-0.3298062894453609,0.6612836969867631
1777986257,102742441,base,0.3873608708381653,0.19729657471179962,0.7997379899024963,-0.6396792173669001,-0.21301087351101855,-0.3290293147020312,0.6611932940970686
1777986257,147727133,base,0.3873058259487152,0.19780489802360535,0.7988673448562622,-0.6401412510621828,-0.21306005795952535,-0.32833494034296434,0.6610754536155018
1777986257,237728215,base,0.38708582520484924,0.19810356199741364,0.797934353351593,-0.640453321345548,-0.21308884244480084,-0.3275475686422903,0.6611544740754179
1777986257,310766429,base,0.38622528314590454,0.1980614811182022,0.7974261045455933,-0.6401766954686611,-0.2138754104461971,-0.32640457706982473,0.6617334502702948
1777986257,358739770,base,0.38546222448349,0.19807745516300201,0.7967470288276672,-0.640023867122678,-0.21449181644309911,-0.3252688595903187,0.6622407886180017
1777986257,400767268,base,0.3849196135997772,0.19807367026805878,0.7958930730819702,-0.6400233371027153,-0.21465170416484963,-0.3243690045923861,0.662630755371552
1777986257,440727591,base,0.38444462418556213,0.19812996685504913,0.795011043548584,-0.6400895413428026,-0.21476253851823882,-0.32350297807022266,0.6629541818174344
1777986257,482769702,base,0.3840208351612091,0.19820719957351685,0.7940931916236877,-0.6402019433336676,-0.2148035401884443,-0.3226769543251388,0.6632348456623168
1777986257,523740641,base,0.38361695408821106,0.19829611480236053,0.7931813597679138,-0.640326343818787,-0.21482508615630996,-0.3218685899658505,0.6635005112105377
1777986257,564771964,base,0.3831893503665924,0.1983855664730072,0.7922667860984802,-0.6404387933438942,-0.21486932425125618,-0.32104191713102054,0.663778134074606
1777986257,604767980,base,0.3827211260795593,0.19841982424259186,0.7913836240768433,-0.6404985912630887,-0.2149363337813004,-0.3202157392955949,0.6640977310203419
1777986257,641743252,base,0.3822270929813385,0.19845275580883026,0.7905136346817017,-0.6405404706415816,-0.21504364455823255,-0.3193640429853613,0.6644326444162854
1777986257,675777035,base,0.3817127048969269,0.19850733876228333,0.7896297574043274,-0.6405858829074829,-0.2151900451246815,-0.31847114842066415,0.6647699423533332
1777986257,706741058,base,0.38122037053108215,0.1985669881105423,0.7887582182884216,-0.6406397359011317,-0.21531388813664812,-0.31761137388573407,0.6650892184861574
1777986257,738733477,base,0.3807035982608795,0.19859133660793304,0.7878655791282654,-0.6406734894454986,-0.21540427796480388,-0.3167613249605114,0.6654327354019852
1777986257,771783819,base,0.3801610767841339,0.1985563039779663,0.7870199680328369,-0.6406530208783006,-0.21548764797229805,-0.315946373727516,0.6658127708628994
1777986257,804778696,base,0.3796004056930542,0.1985231637954712,0.7861710786819458,-0.6406296292078638,-0.21559818633024072,-0.31511875208745754,0.6661916137399065
1777986257,836736161,base,0.37909749150276184,0.19851870834827423,0.7852742671966553,-0.6406617084384193,-0.2156492670121155,-0.3143081733895238,0.6665270511395323
1777986257,867784539,base,0.37864068150520325,0.1985723376274109,0.7843683958053589,-0.640746046220568,-0.21569805034467388,-0.3135164196090969,0.6668030430849835
1777986257,900756707,base,0.37821653485298157,0.19866125285625458,0.7834617495536804,-0.6408664858669566,-0.2157506043252665,-0.312739882406909,0.66703491995609
1777986257,939772227,base,0.3777965009212494,0.1987670212984085,0.7825429439544678,-0.6410003451922158,-0.2158058631199179,-0.3119570303838843,0.6672549717961285
1777986257,993731359,base,0.3774226903915405,0.1988450586795807,0.7816184163093567,-0.6411662397164976,-0.21585002717206367,-0.3112246726101242,0.6674232451404635
1777986258,71771074,base,0.37740272283554077,0.19893358647823334,0.7806136012077332,-0.6416479845344971,-0.21594915368778742,-0.3107755481177566,0.66713745132711
1777986258,144727325,base,0.3776194155216217,0.19911585748195648,0.7796492576599121,-0.6421458171519735,-0.215716018153175,-0.3101970216881957,0.6670031071909821
1777986258,198729135,base,0.37795770168304443,0.199141263961792,0.7786895036697388,-0.6426052129221734,-0.21529889718710965,-0.30963909693989694,0.6669546569860468
1777986258,238764537,base,0.37829530239105225,0.19914008677005768,0.7777420282363892,-0.643049566718719,-0.21488587749337104,-0.3090998395764054,0.6669097335586454
1777986258,275770180,base,0.37855225801467896,0.19918875396251678,0.7767513394355774,-0.6434858397537055,-0.21452572600535497,-0.3084923528602438,0.6668861449380894
1777986258,312772605,base,0.3787185251712799,0.19923286139965057,0.775748074054718,-0.643875114854774,-0.2141930354150951,-0.3078337399711946,0.666921701588615
1777986258,350739399,base,0.378715842962265,0.19928188621997833,0.7747246623039246,-0.6441948187256968,-0.21394822598480218,-0.3071074842438436,0.6670263764763423
1777986258,388771388,base,0.3785254955291748,0.19933727383613586,0.7737399339675903,-0.6444168329285302,-0.21382566231783084,-0.30635120131200944,0.6671989676815527
1777986258,428727535,base,0.37813565135002136,0.19939926266670227,0.7727980017662048,-0.6445367947052776,-0.21382550896897917,-0.30556501132136116,0.6674436082547732
1777986258,471763516,base,0.3776317834854126,0.1993791162967682,0.7719097137451172,-0.6445469737420816,-0.21386862329379133,-0.3047913229623288,0.6677736539804086
1777986258,515729994,base,0.3770982325077057,0.19933253526687622,0.7710599303245544,-0.64451742800996,-0.21396653791157164,-0.304079463693519,0.6680952525396967
1777986258,559734830,base,0.3765698969364166,0.19929537177085876,0.7701987624168396,-0.6444931996387965,-0.21407451560203855,-0.3033761697218638,0.6684037128776694
1777986258,606728878,base,0.376052588224411,0.19927485287189484,0.7693209648132324,-0.6444905592047613,-0.21412489465886136,-0.30261080377593896,0.668736963647772
1777986258,666767636,base,0.3755646347999573,0.19913004338741302,0.7684534192085266,-0.6444353965094513,-0.2140797085668073,-0.3018558091698822,0.6691456964487674
1777986259,330771412,base,0.37584272027015686,0.1984865665435791,0.7677304148674011,-0.6444302072567106,-0.21336278775624073,-0.3014649561676977,0.6695557603862071
1777986259,719732397,base,0.3764950931072235,0.19833685457706451,0.7669863104820251,-0.6448391203624858,-0.21271146628706936,-0.30111276241673474,0.669527758987889
1777986259,789727474,base,0.37727195024490356,0.1980394572019577,0.7664215564727783,-0.6452034488514509,-0.21196283293594562,-0.30096899525753423,0.6694788493184295
1777986259,830727140,base,0.37797051668167114,0.1978045552968979,0.7657156586647034,-0.6456014027516188,-0.2112474830591451,-0.300688723985082,0.6694472453786473
1777986259,865738295,base,0.3784409165382385,0.19779163599014282,0.7648324966430664,-0.6460543930624422,-0.2107149261382117,-0.30019292886586735,0.6694005857881751
1777986259,897728073,base,0.37875041365623474,0.1979617476463318,0.7638883590698242,-0.6465412913230955,-0.21034527881483125,-0.29958614844941234,0.6693185645537881
1777986259,931728361,base,0.3788227140903473,0.19832074642181396,0.7629410624504089,-0.6470126474416923,-0.21019887703675735,-0.29888192765432653,0.6692239313383721
1777986259,972769030,base,0.3786736726760864,0.19884814321994781,0.7620908617973328,-0.647429373168908,-0.2102861203357473,-0.29815606305056436,0.6691172639835244
1777986264,6757106,base,0.3776920437812805,0.19902490079402924,0.7619689702987671,-0.647075210235929,-0.21088494053793264,-0.2976883803097761,0.669479530269245
1777986264,124770479,base,0.3772200644016266,0.1990925669670105,0.7610839009284973,-0.6471383692378689,-0.21091854383877118,-0.29689944930326556,0.6697581797771335
1777986264,215762800,base,0.37671005725860596,0.199147567152977,0.7602142095565796,-0.6471697587406556,-0.21097053486104808,-0.2961077031504883,0.6700619074727608
1777986264,302755065,base,0.3761431872844696,0.19914859533309937,0.7593815922737122,-0.6471333785591149,-0.2110392769956768,-0.2953245333569597,0.6704209332735565
1777986264,365731701,base,0.3756271302700043,0.19921500980854034,0.7585168480873108,-0.6471666542400772,-0.21110162267409038,-0.29453563672404814,0.6707161832125913
1777986264,416727757,base,0.3750343918800354,0.19916626811027527,0.7577086091041565,-0.6470868166005681,-0.21116993181781304,-0.29377498014420633,0.671105186562849
1777986264,459733921,base,0.3744271397590637,0.19914178550243378,0.7569063901901245,-0.6470105461497099,-0.21125684919781926,-0.29301145401886475,0.6714850563511323
1777986264,498756034,base,0.37379154562950134,0.1991247534751892,0.7561244964599609,-0.6469178574061696,-0.2113728759881114,-0.2922552014387401,0.6718673022932616
1777986264,533755144,base,0.37315696477890015,0.19913481175899506,0.7553307414054871,-0.6468425330952452,-0.2114984469875449,-0.29149280568646035,0.6722314039699174
1777986264,566733077,base,0.37252941727638245,0.199133962392807,0.7545399069786072,-0.6467654812330805,-0.2116169680757715,-0.2907396337675388,0.6725943227451273
1777986264,599728287,base,0.3719141483306885,0.19909214973449707,0.7537393569946289,-0.6466715619780479,-0.2117113905893571,-0.2899913024496195,0.6729778765892821
1777986264,631758846,base,0.3713189661502838,0.19905085861682892,0.7529237270355225,-0.6465853731821836,-0.21182205239595744,-0.2892690954583615,0.6733365755575865
1777986264,661756112,base,0.3707873523235321,0.19908639788627625,0.7520607709884644,-0.6465211489671513,-0.21216756040121074,-0.28878341492081444,0.6734979151699978
1777986264,690763154,base,0.3703036308288574,0.1991870254278183,0.7511903643608093,-0.6463400272534429,-0.2130710618092959,-0.28888185811588585,0.6733443083348856
1777986264,722730071,base,0.3698340952396393,0.19928333163261414,0.7502917051315308,-0.6457899064563181,-0.2151896034510776,-0.29024633728651605,0.6726112491097231
1777986264,760727278,base,0.36941829323768616,0.1993044912815094,0.7493823766708374,-0.6443908452085543,-0.21969545657441716,-0.2941807605313869,0.6707846070478597
1777986264,803766550,base,0.36898863315582275,0.19931179285049438,0.7484572529792786,-0.6420300396051457,-0.22662182780203585,-0.3006358604609114,0.6678757687353588
1777986264,838758336,base,0.36848387122154236,0.19937385618686676,0.7475593686103821,-0.6401533358175951,-0.2319954191058508,-0.3053898911324388,0.6656717068975488
1777986264,865728268,base,0.36795318126678467,0.199466273188591,0.7466848492622375,-0.6392428609251001,-0.23464197311405668,-0.3072791703521752,0.6647489822897114
1777986264,889741936,base,0.3674010634422302,0.1995316594839096,0.7458218336105347,-0.639051727085736,-0.23524665860376293,-0.30705066557973093,0.664824614963191
1777986264,913734079,base,0.3667990565299988,0.1995307207107544,0.7449913620948792,-0.6389834022854659,-0.23532090083242516,-0.3062837168547085,0.6652176836105723
1777986264,936727991,base,0.36618325114250183,0.19948330521583557,0.7441850900650024,-0.6388779823092874,-0.23538958782813743,-0.3055390011814749,0.6656369587285438
1777986264,959740360,base,0.3655368387699127,0.19940681755542755,0.7433765530586243,-0.638741150886468,-0.235456514677927,-0.30478566780006006,0.66608982683579
1777986264,981753047,base,0.3648833930492401,0.19933103024959564,0.7425927519798279,-0.638592859864368,-0.23553720686030297,-0.3040491798713803,0.6665399395150459
1777986265,2758304,base,0.36425548791885376,0.19930702447891235,0.7417874932289124,-0.6384908004249035,-0.23562668700256742,-0.30330421081677333,0.6669453501532003
1777986265,22756058,base,0.3636687099933624,0.1993505358695984,0.7409439086914062,-0.6384533647934726,-0.23572388857104842,-0.3025440078061823,0.6672920472432191
1777986265,42727048,base,0.36309194564819336,0.19941844046115875,0.740084171295166,-0.638422696275997,-0.2358617645372213,-0.3018143044703351,0.6676030226130434
1777986265,63739204,base,0.36251300573349,0.1994788944721222,0.7392256259918213,-0.6383577159405945,-0.2360809215573939,-0.30117930760463124,0.667874413846835
1777986265,86726866,base,0.3618924915790558,0.19948023557662964,0.738418459892273,-0.6381776374336408,-0.23643332762285674,-0.30070085053735557,0.6681373804924896
1777986265,110727050,base,0.36126744747161865,0.19947637617588043,0.7375998497009277,-0.6379085762364191,-0.2370259027771905,-0.3004701433877765,0.6682881455594429
1777986265,134727833,base,0.3606589436531067,0.19948741793632507,0.7367923855781555,-0.6375225987760959,-0.23795930447970706,-0.3006072354686721,0.6682630970609131
1777986265,159763784,base,0.3600461483001709,0.1995060294866562,0.7359840869903564,-0.6369692192372105,-0.23934316213779214,-0.30120952195266065,0.6680253703571404
1777986265,186753942,base,0.359407514333725,0.19948871433734894,0.7351880669593811,-0.6362176260026342,-0.2411450649044984,-0.30226147100332434,0.6676182872325856
1777986265,214731332,base,0.3587789833545685,0.19946162402629852,0.7343857884407043,-0.6352952785132316,-0.24336669866122182,-0.3037718063590261,0.6670046689274552
1777986265,240734045,base,0.3581776022911072,0.19946962594985962,0.7335773706436157,-0.6343207704830496,-0.24577815340407538,-0.30548268400520456,0.6662661390324724
1777986265,264763613,base,0.3575872480869293,0.19952622056007385,0.7327575087547302,-0.633389504492885,-0.24815241499204635,-0.30712765534067593,0.6655153777585385
1777986265,287758942,base,0.35702353715896606,0.1995989829301834,0.7319284081459045,-0.6326068867076742,-0.2501829070177635,-0.3084259030852166,0.664898850943029
1777986265,311727853,base,0.35648849606513977,0.19964906573295593,0.7310431003570557,-0.631951449047389,-0.25187153611345114,-0.30938627918254225,0.6644382712653892
1777986265,335734142,base,0.355972021818161,0.19969120621681213,0.7301519513130188,-0.6314915722622814,-0.25305385870800434,-0.3098360851423651,0.664216621304264
1777986265,359745512,base,0.3554553985595703,0.19971145689487457,0.7292560935020447,-0.6313002068676792,-0.25352621013267956,-0.3095540282966576,0.66434991450962
1777986265,384745210,base,0.35489925742149353,0.19968293607234955,0.7284011840820312,-0.6312216955023168,-0.25357178383055906,-0.3088409780263841,0.6647388453513609
1777986265,411764769,base,0.3543335795402527,0.19958603382110596,0.7275775671005249,-0.6310962608825936,-0.2535731828575615,-0.3081289644120711,0.6651876919982098
1777986265,440735260,base,0.35373425483703613,0.19952479004859924,0.7267512679100037,-0.6309711748521993,-0.253624967659121,-0.3074155008692188,0.6656166061929333
1777986265,470758277,base,0.3531518280506134,0.1995152086019516,0.7259321212768555,-0.6308659382103742,-0.25376393812259923,-0.3067797890993407,0.6659565900133296
1777986265,504773532,base,0.3525618612766266,0.19950619339942932,0.7250949144363403,-0.6307135643768108,-0.2540968986538255,-0.3063270309583006,0.6661823548538023
1777986265,543738078,base,0.35198652744293213,0.1994791477918625,0.7242501378059387,-0.6305118783799046,-0.25469552917494664,-0.3061698335690584,0.6662169240371104
1777986265,586768980,base,0.3514513671398163,0.19944223761558533,0.7233831286430359,-0.6303194298958573,-0.2557879361377715,-0.3064634114776063,0.6658454157337185
1777986265,624769599,base,0.3510685861110687,0.19946390390396118,0.7224496603012085,-0.6304178545365687,-0.2573560785577944,-0.30715670741169454,0.6648277259911666
1777986265,658743772,base,0.3508579134941101,0.19948451220989227,0.7214527130126953,-0.630804539778667,-0.2590910255939301,-0.3080273615556869,0.6633826855510134
1777986265,692727952,base,0.3507760465145111,0.19948846101760864,0.7204278707504272,-0.6312542033605231,-0.2606907373936579,-0.3088798761350316,0.6619302655420822
1777986265,731761516,base,0.3507154583930969,0.19955487549304962,0.7194132208824158,-0.6315667233848267,-0.26182909357608036,-0.3095318560770227,0.6608774658425529
1777986265,788756864,base,0.3505558371543884,0.19962847232818604,0.7184163331985474,-0.6316322512030588,-0.26221044713293346,-0.30952724253979075,0.6606657743034274
1777986265,879727374,base,0.3498959243297577,0.19950829446315765,0.7176659107208252,-0.6314201805122799,-0.26227025990742237,-0.3088601031722271,0.6611567954949479
1777986265,941741298,base,0.3493010699748993,0.19959579408168793,0.7168663144111633,-0.6313715784504725,-0.26239456735629385,-0.30814906127291225,0.6614855715476248
1777986265,992737722,base,0.3486987054347992,0.19962172210216522,0.7160637974739075,-0.6312805284248139,-0.26251823760725995,-0.3074807449673118,0.6618343032608363
1777986266,36731511,base,0.34809568524360657,0.19964894652366638,0.7152513861656189,-0.6311607529244123,-0.2627377895297937,-0.30691051918874174,0.6621260371896711
1777986266,75772107,base,0.34749773144721985,0.19966554641723633,0.7144442200660706,-0.6310187863426998,-0.26303569533406956,-0.30645844145293477,0.6623524104445532
1777986266,114762306,base,0.34686893224716187,0.199590802192688,0.7136427164077759,-0.6307397081697611,-0.2635047211393603,-0.30625908556798814,0.6625239968030586
1777986266,151778737,base,0.3462063670158386,0.1995280534029007,0.7128603458404541,-0.6302671110480346,-0.2643836923738495,-0.30644110920526985,0.662539417712522
1777986266,185772481,base,0.3455088138580322,0.19949036836624146,0.7121217846870422,-0.6296440783182519,-0.2655489850584579,-0.3068633829454509,0.6624703235744067
1777986266,216736056,base,0.3448199927806854,0.19946196675300598,0.711380124092102,-0.6289998443415816,-0.26676399782201315,-0.30733751585605656,0.6623743808326897
1777986266,245752775,base,0.34416788816452026,0.19948704540729523,0.7105880975723267,-0.6283565481726423,-0.2681164974242032,-0.30793536593482984,0.6621611467308258
1777986266,271736431,base,0.3435688018798828,0.19957470893859863,0.7097877860069275,-0.6277218715606346,-0.26960110856796965,-0.3086713943215775,0.6618175334619675
1777986266,297736874,base,0.3430114686489105,0.19965927302837372,0.7089417576789856,-0.6270556573946934,-0.2711858565436219,-0.30955699572301204,0.661387864843444
1777986266,325737571,base,0.3424939513206482,0.19967970252037048,0.708055853843689,-0.6263524817178598,-0.2727705384052369,-0.3105877152489237,0.6609191098371455
1777986266,355735641,base,0.34199661016464233,0.19962884485721588,0.7071771621704102,-0.6256826998153633,-0.2741509917028754,-0.31154462787602255,0.6605318449838145
1777986266,385781664,base,0.3414306640625,0.19959688186645508,0.7063140273094177,-0.6251072365158897,-0.2752704545993811,-0.31211704498577975,0.6603408776084224
1777986266,413877653,base,0.34084242582321167,0.19961269199848175,0.7054977416992188,-0.6247847164891501,-0.2758625107634495,-0.31201491477043064,0.6604473058567664
1777986266,441790233,base,0.34025153517723083,0.19962726533412933,0.704685389995575,-0.6246675602866733,-0.2759790468139894,-0.31139660743308717,0.6608011542193397
1777986266,473738784,base,0.3396435081958771,0.19956518709659576,0.7038649320602417,-0.624525952836235,-0.2759804376269274,-0.3107475022124417,0.661239835466875
1777986266,507735074,base,0.3390144109725952,0.1994847059249878,0.7030855417251587,-0.624343631802696,-0.27601092977567304,-0.31011383159856204,0.6616966127039002
1777986266,541755360,base,0.33836033940315247,0.19945386052131653,0.7022904753684998,-0.6241794632153367,-0.27607614027328786,-0.3094662194024457,0.6621273335128474
1777986266,573747453,base,0.33771467208862305,0.1994859278202057,0.7014961242675781,-0.6240556795894576,-0.2761771701715534,-0.30880254851596006,0.662511631631857
1777986266,606757946,base,0.337099552154541,0.19952334463596344,0.7007020711898804,-0.6239525583789529,-0.2762769496522418,-0.3081819046024497,0.6628560516061087
1777986266,643763705,base,0.3364297151565552,0.19951698184013367,0.6999284625053406,-0.6238102458711765,-0.2763941103596553,-0.30757746594414104,0.6632218039117032
1777986266,679736856,base,0.3357706069946289,0.1994844675064087,0.6991602778434753,-0.6236799105780965,-0.2765236257703689,-0.30699647229422355,0.6635595211958533
1777986266,714760757,base,0.33516284823417664,0.19945941865444183,0.6983453631401062,-0.6236080784834842,-0.27672277181353555,-0.3065336902775146,0.6637578917753051
1777986266,750737025,base,0.3345876634120941,0.19943386316299438,0.6974956393241882,-0.6235302479844433,-0.27706217695348107,-0.3062745570456172,0.6638090547594895
1777986266,787736436,base,0.3340549170970917,0.19940944015979767,0.6966330409049988,-0.6234592445902162,-0.277505413909558,-0.3061741382539619,0.6637369227288512
1777986266,826760770,base,0.33356618881225586,0.19939638674259186,0.6957510113716125,-0.6233039580293979,-0.27829736895720697,-0.3064701189548254,0.6634145134689218
1777986266,870737728,base,0.3331824541091919,0.19936417043209076,0.6948243975639343,-0.6229022614947957,-0.27977380946383223,-0.3077215715310371,0.6625909678459634
1777986266,918736833,base,0.3331940472126007,0.19923840463161469,0.6938313841819763,-0.6220426193773216,-0.28245395895384257,-0.3110779509575919,0.6606914781297392
1777986266,959743998,base,0.3334008753299713,0.19918020069599152,0.6928393244743347,-0.6209527115569246,-0.2857162792805853,-0.3152073362532014,0.658352696208455
1777986266,992735436,base,0.3335362374782562,0.19921091198921204,0.6918278932571411,-0.6201916879458448,-0.2883983967614187,-0.3182748104328773,0.6564219347483481
1777986267,21757710,base,0.3335382640361786,0.19933533668518066,0.6907948851585388,-0.6198900786010008,-0.2901618099260234,-0.31999107816931216,0.6550939917562126
1777986267,47737532,base,0.3334447741508484,0.1994989812374115,0.6897838115692139,-0.6201581034162303,-0.2906620816723586,-0.3202260016495256,0.6545034537943685
1777986267,72759411,base,0.33328747749328613,0.19964651763439178,0.6888030171394348,-0.620666589643345,-0.29051854337046074,-0.3197356856658665,0.6543248743500109
1777986267,101732994,base,0.33307772874832153,0.1996740847826004,0.6878179907798767,-0.6211169213331522,-0.29031217263381315,-0.3192761129145582,0.6542135441793678
1777986267,139736535,base,0.3327215909957886,0.19950033724308014,0.686897337436676,-0.6213672770494358,-0.29008451579418526,-0.31889433825970814,0.6542630055187467
1777986267,183759180,base,0.33207327127456665,0.19931164383888245,0.6861359477043152,-0.6212384311903298,-0.2900588328156689,-0.3184215140081768,0.6546269296039866
1777986267,225735847,base,0.33132490515708923,0.19928479194641113,0.6854547262191772,-0.6209795365549299,-0.2902112017823612,-0.31781351003209785,0.6551003167022267
1777986267,266736192,base,0.3306029438972473,0.19931088387966156,0.6847303509712219,-0.6207758150165189,-0.2903692671644825,-0.31716759633904623,0.655536260285361
1777986267,307760385,base,0.3298921287059784,0.19934800267219543,0.6840092539787292,-0.6205899816310595,-0.29052518832503926,-0.3165267915573116,0.6559527176520226
1777986267,354735045,base,0.32913878560066223,0.1993124783039093,0.6833232641220093,-0.6203310815269324,-0.29067195953016456,-0.3159258832886916,0.6564221142248149
1777986267,403737932,base,0.3283413350582123,0.19923852384090424,0.6826898455619812,-0.6199958151796018,-0.29083985138598906,-0.31535181895141934,0.656940319224761
1777986267,442738386,base,0.3275989294052124,0.19924253225326538,0.6820148825645447,-0.6197500855559889,-0.2910117446037527,-0.31474359580865063,0.6573875911576815
1777986267,476761520,base,0.3268842399120331,0.19931688904762268,0.6812771558761597,-0.6195826718433486,-0.2911916172593113,-0.31408789415966787,0.6577792437034532
1777986267,508760322,base,0.32616350054740906,0.19936026632785797,0.6805673837661743,-0.6193847171477296,-0.29136428765624267,-0.31345683738107305,0.6581901130182474
1777986267,541758150,base,0.32542771100997925,0.1993296593427658,0.6798821091651917,-0.6191326392297354,-0.2915207557894546,-0.3128914495177488,0.6586268805534283
1777986267,577758833,base,0.3246418833732605,0.1991930454969406,0.6792786121368408,-0.6187524374687601,-0.29171135914934626,-0.31246017472899146,0.6591043372709926
1777986267,613758163,base,0.32380586862564087,0.1990663707256317,0.678712785243988,-0.6183160988395785,-0.29194009118030473,-0.3119881713038185,0.6596359263501091
1777986267,647762941,base,0.3230016231536865,0.19900904595851898,0.6780989766120911,-0.6179655042625094,-0.2921520422706743,-0.3114491476666727,0.660125158215426
1777986267,679759047,base,0.3222208023071289,0.1990116834640503,0.6774542927742004,-0.6176790019841677,-0.29237421847953254,-0.31087661799203714,0.6605646602507946
1777986267,710759122,base,0.32148873805999756,0.1990446001291275,0.6767632365226746,-0.6174436609920015,-0.29259952221326613,-0.3103096902212045,0.6609513922735119
1777986267,740736562,base,0.32076504826545715,0.19912441074848175,0.676027774810791,-0.6172317937777902,-0.29287844190479256,-0.3097508625156124,0.6612877741635544
1777986267,768760960,base,0.3200850486755371,0.199209064245224,0.6752983927726746,-0.6170620608827273,-0.2931313351585152,-0.30920773643971333,0.6615882414934938
1777986267,798746103,base,0.31941837072372437,0.19923900067806244,0.6745404601097107,-0.6168841874623768,-0.29339244054664226,-0.30878975157448135,0.6618335481303462
1777986267,835760962,base,0.31881874799728394,0.1991291344165802,0.6737218499183655,-0.6166063396170623,-0.29385933548552917,-0.30897142627006025,0.6618005509184935
1777986267,875757724,base,0.31820717453956604,0.19900597631931305,0.6729125380516052,-0.6160422927387846,-0.29500232593901193,-0.3097874575413308,0.661435735434145
1777986267,911762922,base,0.3176017105579376,0.19899438321590424,0.6721112728118896,-0.6154852622485468,-0.2961928817056231,-0.3104703937427825,0.6611019603455633
1777986267,945758972,base,0.31700363755226135,0.19907216727733612,0.6712961196899414,-0.6150585770524657,-0.29718365265555124,-0.3108446156504477,0.660878542486718
1777986267,980749114,base,0.3163899779319763,0.19914934039115906,0.6704764366149902,-0.6148516254178602,-0.2976882933684369,-0.31068403793439364,0.6609194874845383
1777986268,16759491,base,0.315780907869339,0.19920381903648376,0.6696595549583435,-0.6148370886744982,-0.29777276988189144,-0.3101122494422167,0.6611634406541547
1777986268,53755528,base,0.31518903374671936,0.19923287630081177,0.6688467264175415,-0.614836916275348,-0.2978298468004422,-0.3095680424367763,0.6613928981983823
1777986268,91753274,base,0.31459203362464905,0.1992611140012741,0.6680318713188171,-0.6148361856232417,-0.2978889337621844,-0.3090211415689455,0.661622690008849
1777986268,130736508,base,0.314018189907074,0.1992805451154709,0.667212963104248,-0.6148581868881617,-0.297932142971655,-0.3084978051672404,0.6618269709126214
1777986268,172779650,base,0.3134419322013855,0.199238121509552,0.6663927435874939,-0.6148724000834228,-0.297941977841477,-0.30802455564343106,0.6620297348884295
1777986268,212737177,base,0.31279265880584717,0.19917236268520355,0.6656237244606018,-0.6147793312057308,-0.297997246658277,-0.3075472251549725,0.6623131493298133
1777986268,248767094,base,0.31209900975227356,0.19917204976081848,0.6648654937744141,-0.6146544038177727,-0.2981257391945775,-0.3070140369595938,0.6626185805320658
1777986268,282736866,base,0.31135714054107666,0.19920064508914948,0.6641575694084167,-0.6144703589995087,-0.29831691361262713,-0.3064659974637393,0.662956850242672
1777986268,316755426,base,0.31057918071746826,0.1991771012544632,0.6635119915008545,-0.614187211782674,-0.2985106499152125,-0.3059392799958545,0.6633751516574253
1777986268,352768784,base,0.3097369968891144,0.19908960163593292,0.6629356741905212,-0.6137784228913906,-0.2987187131623758,-0.30543974752233266,0.6638898547927468
1777986268,385756258,base,0.30889904499053955,0.19903387129306793,0.6623581647872925,-0.6133840703071433,-0.2989474087245094,-0.30492702068268956,0.6643868860175561
1777986268,416737486,base,0.30810844898223877,0.19904763996601105,0.6617141962051392,-0.6130843889778915,-0.29916880850352506,-0.3043625448385943,0.664822524972498
1777986268,447736728,base,0.30733931064605713,0.19909103214740753,0.6610405445098877,-0.6128315192906124,-0.2993962770972984,-0.3037871396178058,0.6652163326708551
1777986268,480736687,base,0.3065694570541382,0.19911234080791473,0.6603854298591614,-0.6125587880411865,-0.2996227112884033,-0.30323936490622694,0.6656153838264482
1777986268,517736894,base,0.3057883381843567,0.1990862637758255,0.6597599983215332,-0.6122521126644975,-0.2998399916701863,-0.3027336682811223,0.6660297621627725
1777986268,558736221,base,0.30500319600105286,0.19905845820903778,0.6591079235076904,-0.6119595897479632,-0.30006550309903185,-0.3022412299922642,0.6664205478060133
1777986268,601756491,base,0.3042481541633606,0.19903168082237244,0.658450186252594,-0.6117068581582488,-0.3002758133232077,-0.3017656699506884,0.6667733007821514
1777986268,644737374,base,0.3035227358341217,0.19905225932598114,0.6577515006065369,-0.6115181279660376,-0.3004920971113205,-0.3012566907307132,0.6670790639460631
1777986268,689736415,base,0.3028308153152466,0.19909349083900452,0.6570161581039429,-0.6113984421660723,-0.30073683877736845,-0.30077079664855305,0.667297706614383
1777986268,737766201,base,0.30218297243118286,0.1991458386182785,0.6562413573265076,-0.6113587570018626,-0.30099445855274304,-0.3003166755116041,0.667422407202077
1777986268,788736434,base,0.30153873562812805,0.19911058247089386,0.6554743647575378,-0.611295103139626,-0.3011536977283205,-0.299937479293206,0.6675793923979235
1777986268,835760384,base,0.3008655309677124,0.19907218217849731,0.6547338962554932,-0.6111836603130409,-0.3013123871750893,-0.2995396693557498,0.6677884017347688
1777986268,878754405,base,0.30020156502723694,0.19911181926727295,0.6539689302444458,-0.6111034272608145,-0.30146766708463535,-0.2990374349649284,0.6680167972840917
1777986268,922758581,base,0.29957494139671326,0.19914557039737701,0.6531707644462585,-0.6110791341334532,-0.30156060270514007,-0.2985306128685279,0.6682237297408284
1777986268,965736359,base,0.29899996519088745,0.19918398559093475,0.6523333191871643,-0.611131317564199,-0.3016020073559387,-0.2980264500015485,0.6683823381466655
1777986269,13732758,base,0.2984410226345062,0.1991804838180542,0.6514822244644165,-0.611202132864582,-0.3015976016989567,-0.29756175720651123,0.6685266103262094
1777986269,61750159,base,0.29785507917404175,0.1991206854581833,0.6506589651107788,-0.611223105741524,-0.30158653285973036,-0.2971417083113361,0.668699241543477
1777986269,105727179,base,0.2972036600112915,0.1989947408437729,0.6499079465866089,-0.6111217381622431,-0.30159820283744604,-0.29676327992792223,0.6689546305988968
1777986269,145728488,base,0.29652178287506104,0.19886206090450287,0.6491603255271912,-0.6109920598699327,-0.30163300513150365,-0.29639081052059024,0.6692224554965303
1777986269,181749792,base,0.2958524227142334,0.19872534275054932,0.6484073400497437,-0.6108760759124263,-0.30165833952716603,-0.29602799151885134,0.6694774835891444
1777986269,215727394,base,0.29514285922050476,0.19858475029468536,0.6476712822914124,-0.610712763290024,-0.30171207327541694,-0.29566038581790766,0.6697646253999516
1777986269,247727725,base,0.29440608620643616,0.19846022129058838,0.6469598412513733,-0.610507924888749,-0.3018085709451433,-0.2952816476555465,0.6700749194657946
1777986269,277728588,base,0.29364699125289917,0.19837357103824615,0.6462839841842651,-0.6102607956921674,-0.30195221933385885,-0.2948701896185573,0.6704164228264531
1777986269,306727834,base,0.2928662896156311,0.19835001230239868,0.6456072926521301,-0.6100042518300758,-0.3021546508457611,-0.2944002219702161,0.6707651597285113
1777986269,335761775,base,0.2920858561992645,0.1983412504196167,0.6449418663978577,-0.609738450012871,-0.30237553268058964,-0.2939266011395309,0.6711148977555781
1777986269,367760916,base,0.2912767231464386,0.19827225804328918,0.6443161964416504,-0.6094116951727796,-0.3025816380799015,-0.2934987710039963,0.6715059126040109
1777986269,403730013,base,0.2904454171657562,0.1981104612350464,0.6437564492225647,-0.6090023132265763,-0.30276846074263236,-0.29315956389375825,0.6719411371082258
1777986269,440753719,base,0.2896290123462677,0.19794891774654388,0.6432007551193237,-0.6086085646434363,-0.3029778127379609,-0.29284692837260395,0.672339745790427
1777986269,476731424,base,0.28885406255722046,0.1978503167629242,0.6425676345825195,-0.6083287678185768,-0.30322461960247,-0.2925149455276569,0.672626154477774
1777986269,511778686,base,0.2881176173686981,0.19779306650161743,0.6418819427490234,-0.6081418454396217,-0.30352218224092414,-0.2921931687390029,0.6728007985358583
1777986269,545760946,base,0.2873973250389099,0.19780324399471283,0.6411808133125305,-0.6079988549293805,-0.3039114149604826,-0.2918544132807209,0.6729013607271987
1777986269,579729184,base,0.2866743505001068,0.1978781521320343,0.6404938697814941,-0.6078645481148337,-0.3044151088905702,-0.29149758108415785,0.6729496772220939
1777986269,613728042,base,0.28597354888916016,0.19800858199596405,0.6397636532783508,-0.6078103053636726,-0.305047351285621,-0.291166558827899,0.6728556983056599
1777986269,648728182,base,0.28529736399650574,0.19814267754554749,0.6390025019645691,-0.6078307616507622,-0.3058384427966673,-0.29093718491390197,0.6725772608590731
1777986269,686762524,base,0.284639835357666,0.1982775181531906,0.638235330581665,-0.6078867426359271,-0.30668835535005423,-0.2907605991228365,0.6722159199955898
1777986269,731761362,base,0.28396958112716675,0.19838584959506989,0.6374903917312622,-0.6079132659961551,-0.30756930305319646,-0.2906241796155538,0.6718483256988838
1777986269,801749074,base,0.28326573967933655,0.19847026467323303,0.6367819309234619,-0.6078310070164125,-0.3081686574729217,-0.29033616429611997,0.6717726177565617
1777986269,948727443,base,0.2824135422706604,0.19842778146266937,0.6362447142601013,-0.6074249094422746,-0.3085320477480488,-0.2899726952747726,0.6721300359106837
1777986270,29736889,base,0.2815658748149872,0.19847171008586884,0.6357079744338989,-0.607050602879123,-0.30886512949133604,-0.2895162519960063,0.6725118967337007
1777986270,101727700,base,0.2807479500770569,0.198493093252182,0.6351243853569031,-0.6066938236692336,-0.309156485255696,-0.289051686319666,0.6728996694278748
1777986270,198747476,base,0.2798472046852112,0.19838304817676544,0.634693443775177,-0.6061392844659447,-0.30948804122857354,-0.28872302873067507,0.673387942072758
1777986270,341727252,base,0.2788705825805664,0.19828522205352783,0.6344848871231079,-0.6055048922205081,-0.3099752607180909,-0.2885593486441657,0.6738046144447418
1777986270,528770983,base,0.27801990509033203,0.19834625720977783,0.6339627504348755,-0.6051393690119957,-0.31034246662991793,-0.2881265944800675,0.6741490677819791
1777986270,637754797,base,0.2773832678794861,0.19855673611164093,0.6332140564918518,-0.6050797805023419,-0.3105453101825084,-0.2874971867940085,0.6743778225651414
1777986270,738748644,base,0.2769823968410492,0.19857540726661682,0.6322867274284363,-0.6051731390912771,-0.31038254873059207,-0.28691594180960645,0.6746164658377555
1777986270,832728370,base,0.27658048272132874,0.19853869080543518,0.6313600540161133,-0.6053697186980074,-0.3101968921303746,-0.2865056557163256,0.674699844187352
1777986270,904730061,base,0.2764073610305786,0.1985207200050354,0.6303660273551941,-0.6058901169009324,-0.30987160576562217,-0.28620927525031714,0.674507968826441
1777986270,965745389,base,0.27634885907173157,0.1984947919845581,0.6293613910675049,-0.6065527757372832,-0.309474577497911,-0.2859923562488968,0.6741865946062635
1777986271,34728217,base,0.27637436985969543,0.1983819454908371,0.6283669471740723,-0.6073011848143363,-0.3089772302728105,-0.2859165986186302,0.6737729810181927
1777986271,107727650,base,0.2763432264328003,0.1982000172138214,0.6273815035820007,-0.607989968560282,-0.30846864782203376,-0.28589189264538517,0.6733951974624091
1777986271,150739084,base,0.2761712968349457,0.19832254946231842,0.6263885498046875,-0.6085807401768633,-0.3082428160119956,-0.28551653074330596,0.6731241612442443
1777986271,191744839,base,0.2759426236152649,0.19838294386863708,0.6254159212112427,-0.6090897312308642,-0.3080142557246985,-0.2851761759301177,0.6729126779292398
1777986271,237754060,base,0.27564433217048645,0.19835509359836578,0.6244581937789917,-0.6095069710157571,-0.3077718363077656,-0.2848961226871646,0.6727644043102088
1777986271,286730615,base,0.2753048539161682,0.19829894602298737,0.6234974265098572,-0.6098839518759965,-0.30753064283059045,-0.28462572695261157,0.6726474909261967
1777986271,331733089,base,0.2748734652996063,0.19826968014240265,0.6225726008415222,-0.6101505506291226,-0.3073758535548968,-0.2843055914226358,0.6726118485708353
1777986271,370730986,base,0.27436381578445435,0.19826693832874298,0.6216844916343689,-0.6103180818811573,-0.30729727857771244,-0.28393776949453686,0.6726511558534765
1777986271,407730119,base,0.2737973630428314,0.19824303686618805,0.6208603978157043,-0.6103803326364584,-0.3072648258761526,-0.2835841122814536,0.6727586690396615
1777986271,442731118,base,0.27316781878471375,0.19824132323265076,0.6200606226921082,-0.6103685904304275,-0.3072931571773311,-0.2831935623092026,0.6729208504998987
1777986271,475752827,base,0.2725168466567993,0.19826163351535797,0.6192995309829712,-0.6103100023438217,-0.3073653055460846,-0.28278323043251036,0.6731136071968603
1777986271,508740407,base,0.2718161940574646,0.19825589656829834,0.6185622215270996,-0.6101837952595379,-0.3074559225795839,-0.28238613796560974,0.6733532974083077
1777986271,542730901,base,0.27105987071990967,0.1981801688671112,0.6178841590881348,-0.6099500866256434,-0.30755651741745765,-0.2820510776826745,0.673659451423322
1777986271,575757241,base,0.2702430188655853,0.19809304177761078,0.617275059223175,-0.6096060453258635,-0.30771318174647505,-0.28172146467107595,0.6740371490472226
1777986271,605731330,base,0.269430547952652,0.1980867236852646,0.6166412830352783,-0.6092924719518046,-0.30791245361998304,-0.28131141346441024,0.6744008449913035
1777986271,633741452,base,0.26864609122276306,0.19812935590744019,0.6159656047821045,-0.6090466263166028,-0.3081120709367056,-0.2808618010955188,0.6747190680612416
1777986271,660731001,base,0.2678791582584381,0.19819824397563934,0.6152814030647278,-0.6088306157629981,-0.30831798269712624,-0.2803931626275116,0.6750147971323924
1777986271,688746316,base,0.26710256934165955,0.19823125004768372,0.6146295666694641,-0.6085706558178453,-0.3085147068888147,-0.27996155599668615,0.6753383988044027
1777986271,718747521,base,0.2662944197654724,0.19823500514030457,0.6140162944793701,-0.6082479083086778,-0.30872912887037063,-0.27956360734455477,0.6756959128107942
1777986271,752749775,base,0.26544585824012756,0.19818492233753204,0.6134443879127502,-0.6078508089586522,-0.3089478434624212,-0.27921751301337233,0.6760962970175218
1777986271,789751165,base,0.26459169387817383,0.1981140524148941,0.6128829121589661,-0.6074343176720344,-0.3091609890589129,-0.2788933789699032,0.676506854669645
1777986271,833746226,base,0.2637544870376587,0.19799232482910156,0.6123166084289551,-0.6070286685390519,-0.30931994045975486,-0.27865425870575655,0.6768967044208875
1777986271,886745098,base,0.26291730999946594,0.19789917767047882,0.6117685437202454,-0.6066097429686024,-0.30949939869847726,-0.2783978517661074,0.6772956348718225
1777986271,953753176,base,0.2621835470199585,0.19793272018432617,0.6110721826553345,-0.6063986083863628,-0.3095869188022647,-0.27811429617452216,0.6775611386698474
1777986272,168754192,base,0.26173079013824463,0.19804897904396057,0.6101815104484558,-0.6067655018179354,-0.31054651200202144,-0.2787918676588576,0.6765142707175031
1777986272,244749207,base,0.26154187321662903,0.19821923971176147,0.6092067956924438,-0.6077484896037317,-0.312459755196494,-0.2796903456872829,0.6743767426143896
1777986272,283749363,base,0.26135754585266113,0.19836007058620453,0.6082103848457336,-0.6086435614888239,-0.314385433306304,-0.28050433559298427,0.6723333544640021
1777986272,318727788,base,0.261089026927948,0.19846919178962708,0.6072489023208618,-0.60937430769592,-0.3160758983289791,-0.2811680392011052,0.6705993543740268
1777986272,359737147,base,0.2607601583003998,0.19845931231975555,0.6062859892845154,-0.609973870948831,-0.3173038486189284,-0.2817053754586139,0.6692475109669028
1777986272,410727871,base,0.2602612376213074,0.19831527769565582,0.6054098010063171,-0.6101647475451055,-0.31734250312337936,-0.28166980230177857,0.6690701194224203
1777986272,453748455,base,0.2596737742424011,0.19821777939796448,0.6046031713485718,-0.6101921333814859,-0.3172692883200816,-0.2814512974538381,0.669171814962673
1777986272,489764152,base,0.2590521275997162,0.19821114838123322,0.6038058400154114,-0.6101847890221875,-0.3172796734696216,-0.2811232478728492,0.6693114726490792
1777986272,525754176,base,0.2584383487701416,0.1982395052909851,0.6029892563819885,-0.6102054054047057,-0.3173033069585924,-0.28076371720702836,0.6694323507028915
1777986272,565728379,base,0.2578851878643036,0.1982366442680359,0.6021370887756348,-0.6102976725652733,-0.3172410240081327,-0.2804546448565822,0.6695073307643278
1777986272,615752799,base,0.2573479115962982,0.1981292963027954,0.6012793183326721,-0.6104217276430162,-0.31711626418212835,-0.28028622778558465,0.6695238625720902
1777986272,665732349,base,0.2568344175815582,0.1981138437986374,0.6004021763801575,-0.6106037122715531,-0.3170552284463759,-0.28003370277539785,0.6694925095879958
1777986272,711762156,base,0.2563093304634094,0.19822271168231964,0.5995567440986633,-0.6107798985334912,-0.3170960022834297,-0.27966353379849435,0.6694672135773633
1777986272,766748239,base,0.2556510269641876,0.1982191950082779,0.5987880229949951,-0.610778599529792,-0.3172137417034997,-0.27943393605712846,0.6695084776894916
1777986272,820748669,base,0.25494036078453064,0.19821564853191376,0.598057746887207,-0.6106850637532435,-0.3173952473612814,-0.27919575393795715,0.669607143457353
1777986272,867760389,base,0.25424087047576904,0.1983010470867157,0.5973338484764099,-0.6106266935972833,-0.3176135496022647,-0.2788697410335931,0.6696927238953504
1777986272,910727373,base,0.253597617149353,0.19839324057102203,0.5965485572814941,-0.6106212876338516,-0.31775254287095284,-0.2784893345360605,0.669789994301619
1777986272,954749765,base,0.252993643283844,0.19840212166309357,0.5957360863685608,-0.6106600477946221,-0.3177908940921713,-0.27820361250515785,0.6698551902445857
1777986273,5745789,base,0.252388060092926,0.19831304252147675,0.5949446558952332,-0.6107036005023481,-0.31775170988630463,-0.2780619463912144,0.6698928922661943
1777986273,56746224,base,0.2516602575778961,0.19828972220420837,0.5942297577857971,-0.6106744974646116,-0.3178981111008549,-0.277938164734237,0.669901343578761
1777986273,99727201,base,0.2508620321750641,0.19835571944713593,0.5936084985733032,-0.6105598979929213,-0.3181916004705307,-0.2777561956142091,0.6699419539920817
1777986273,144728115,base,0.2500538229942322,0.19838134944438934,0.5929951667785645,-0.6104002853479421,-0.3184615937194535,-0.27759327907322756,0.6700266159799493
1777986273,194729647,base,0.24922239780426025,0.19834385812282562,0.5924159288406372,-0.6100777255419662,-0.3186961419476166,-0.27739418218717293,0.6702912809385768
1777986273,251747535,base,0.2483433187007904,0.19828857481479645,0.591906726360321,-0.6096019118729149,-0.3189564916460223,-0.2771528752013328,0.6707000418255012
1777986273,316729136,base,0.24743887782096863,0.19823558628559113,0.591480553150177,-0.6090330512597922,-0.31927623074922995,-0.27691891396560686,0.6711611788528703
1777986273,381729444,base,0.24653993546962738,0.19826848804950714,0.5910276174545288,-0.6085026992603052,-0.3196421401585451,-0.2765871728577837,0.6716047224355304
1777986273,434730814,base,0.24574731290340424,0.19843503832817078,0.5904173254966736,-0.6082295537070951,-0.31997612687999943,-0.2761215669657497,0.6718846468731936
1777986273,493727430,base,0.24491947889328003,0.19858719408512115,0.5898582935333252,-0.6078886886332283,-0.3203468699262489,-0.27568445780145595,0.6721958735985017
1777986273,571747140,base,0.24398086965084076,0.19839328527450562,0.5895714163780212,-0.6072331569784574,-0.3207874470421249,-0.2757705908639761,0.6725428423886369
1777986273,635742050,base,0.24304409325122833,0.1983683556318283,0.5891829133033752,-0.6066980788861719,-0.32138215887282184,-0.2757037765854018,0.6727691725904856
1777986273,690728300,base,0.24217991530895233,0.19844721257686615,0.5886535048484802,-0.6062921629071087,-0.32178548769744403,-0.275382369930203,0.6730738751480304
1777986273,740732713,base,0.24138405919075012,0.19854575395584106,0.5880382061004639,-0.6059943436675275,-0.3220955563592547,-0.2750208694226355,0.6733415394762359
1777986273,832742537,base,0.24065659940242767,0.19845815002918243,0.5873522162437439,-0.6057538558335985,-0.32213803074765024,-0.2750775340193702,0.6735144230484843
1777986273,918746216,base,0.239988774061203,0.1984889656305313,0.5866019129753113,-0.6056905819726813,-0.32228880647792757,-0.27483343700267265,0.673598854478747
1777986273,989727841,base,0.23933632671833038,0.19860145449638367,0.5858500599861145,-0.6056389903054588,-0.32244984547547856,-0.2744787119391189,0.6737128000116982
1777986274,50727165,base,0.2387232631444931,0.19866958260536194,0.5850611925125122,-0.605654920706814,-0.32252720604158525,-0.27419147048133796,0.6737784111646875
1777986274,107745904,base,0.23813404142856598,0.19864672422409058,0.5842531323432922,-0.6057149544899783,-0.32252483685455124,-0.2740308617146683,0.6737909203085266
1777986274,176727115,base,0.2374059408903122,0.19851182401180267,0.5835694074630737,-0.6055775547580594,-0.32259528945266974,-0.2740585040078503,0.6738694606762787
1777986274,258741195,base,0.23653145134449005,0.19842545688152313,0.5830907225608826,-0.6053934302430501,-0.32310557745091584,-0.2744046333191053,0.6736495244327549
1777986274,322753832,base,0.23581084609031677,0.19836115837097168,0.5823806524276733,-0.6054401298993864,-0.3236230463189399,-0.2747863551134449,0.6732034005561522
1777986274,370732609,base,0.23526281118392944,0.19834226369857788,0.5815356969833374,-0.6056467226003519,-0.323922487095125,-0.2749520841633147,0.6728057693489402
1777986274,420730379,base,0.23476871848106384,0.19830740988254547,0.5806554555892944,-0.6057522849338859,-0.32434990878921843,-0.2752700273796106,0.6723746823055504
1777986274,469732665,base,0.23427332937717438,0.19830799102783203,0.5797832608222961,-0.6056427679767731,-0.3251591299107285,-0.2759291644167417,0.6718120815791007
1777986274,512726886,base,0.23372380435466766,0.1983543336391449,0.57893306016922,-0.6052397225429498,-0.3262559284307659,-0.27690137623187905,0.6712432826017292
1777986274,550732630,base,0.23319806158542633,0.1983758509159088,0.5780707001686096,-0.6046438187697618,-0.32757707069202013,-0.2782260535916332,0.6705888300306834
1777986274,586727857,base,0.23262639343738556,0.1983514279127121,0.5772230625152588,-0.6042733237188872,-0.32833887179527727,-0.2789843222462695,0.6702350921329103
1777986274,621727034,base,0.23199233412742615,0.19831286370754242,0.5764118432998657,-0.6041991930086597,-0.32842507899293744,-0.2789613056488776,0.6702692574222244
1777986274,655726583,base,0.23136861622333527,0.19830822944641113,0.57560133934021,-0.6042059651013575,-0.3284144753140023,-0.27877244006261453,0.6703469287593683
1777986274,687730733,base,0.23075580596923828,0.1983235627412796,0.5748026371002197,-0.6042335658756927,-0.32842340340200377,-0.2785842732482126,0.670395889880591
1777986274,719744407,base,0.2301015853881836,0.19832473993301392,0.5740214586257935,-0.6042215616428354,-0.32846223598748764,-0.27843520115545245,0.6704496294251996
1777986274,752731225,base,0.22939488291740417,0.19830963015556335,0.5733081102371216,-0.6041394682053852,-0.3285581992803684,-0.2783498899943015,0.6705119985699234
1777986274,787736287,base,0.22861585021018982,0.19828222692012787,0.5726634860038757,-0.6039410961519546,-0.32872694753960163,-0.27829728642240037,0.6706298182088649
1777986274,823747530,base,0.22781039774417877,0.19827081263065338,0.5720533132553101,-0.6036856519894541,-0.3289394197605795,-0.2782174281710441,0.6707887393272077
1777986274,859744091,base,0.226952463388443,0.19830335676670074,0.5715337991714478,-0.6033591120685317,-0.329276679170587,-0.2781397760194455,0.6709492322691522
1777986274,898732994,base,0.2260299175977707,0.19831383228302002,0.5710926651954651,-0.6029540841057873,-0.32968922382068944,-0.27814961172335956,0.6711066837640955
1777986274,941727203,base,0.2250695824623108,0.19827423989772797,0.5707778930664062,-0.6024075598574865,-0.33015496155384555,-0.2782473968808539,0.6713279455642611
1777986274,984731357,base,0.22406890988349915,0.198297917842865,0.5705650448799133,-0.6017938761054812,-0.33075875580642117,-0.27831534213238873,0.671552919103799
1777986275,28744439,base,0.22309371829032898,0.1983841210603714,0.57034832239151,-0.6012621198560165,-0.33140591970157507,-0.27835589006649797,0.6716933587078686
1777986275,81744512,base,0.22213216125965118,0.1984708458185196,0.5700469017028809,-0.6008060645379195,-0.33200171280864393,-0.2783852413666182,0.6717950321446835
1777986275,147730877,base,0.22129353880882263,0.19855768978595734,0.5694864392280579,-0.6005326110507652,-0.3323563483474776,-0.2782561659914996,0.6719176644818123
1777986275,220727111,base,0.22055217623710632,0.198582723736763,0.5688029527664185,-0.6003411924102211,-0.3325351290710354,-0.2781382121606845,0.6720490770718298
1777986275,308727323,base,0.2199508100748062,0.19853809475898743,0.5679953694343567,-0.6003464083059988,-0.33251795173869203,-0.2781372486163217,0.6720533155139458
1777986275,415744499,base,0.2193932831287384,0.19854392111301422,0.5671594738960266,-0.60069530605227,-0.33260970812038476,-0.2784098198631023,0.671583119189463
1777986275,520730395,base,0.2187863290309906,0.1987287849187851,0.566374659538269,-0.6013176898980759,-0.33301477436387855,-0.27884157335147863,0.6706456516071092
1777986275,621727149,base,0.21818046271800995,0.1987578570842743,0.5655707120895386,-0.6018974468860525,-0.33337180341186995,-0.27959776172936585,0.6696325788248397
1777986275,719746130,base,0.21764372289180756,0.19876405596733093,0.5647259950637817,-0.6026142936479606,-0.33359544365063115,-0.2803548175552961,0.6685590861167717
1777986275,824727325,base,0.21709465980529785,0.19883063435554504,0.5638877153396606,-0.603259144230273,-0.3338978852798291,-0.28100977566718105,0.6675508116050276
1777986275,902742425,base,0.21649691462516785,0.1989583522081375,0.5630907416343689,-0.603262072622135,-0.33490047974181697,-0.2820404965429041,0.6666105890654852
1777986275,960730876,base,0.21599307656288147,0.1990467607975006,0.5622173547744751,-0.6026176219886333,-0.3367091990295316,-0.2840068520353759,0.6654464682334966
1777986276,12738225,base,0.21543912589550018,0.1990574598312378,0.5613677501678467,-0.6015746157359702,-0.3388957386079704,-0.2864679585971634,0.6642241772012899
1777986276,65751953,base,0.21494942903518677,0.1989268660545349,0.560504138469696,-0.6009933901694475,-0.33995986658319777,-0.2879960642131929,0.6635453938615808
1777986276,111731137,base,0.2144295871257782,0.1988721340894699,0.5596407651901245,-0.6011391180799518,-0.3398291389292035,-0.28802860303413236,0.6634662145897502
1777986276,151754717,base,0.21394863724708557,0.19889818131923676,0.5587571859359741,-0.601339665385148,-0.339721446670889,-0.2879235049346476,0.6633852520496957
1777986276,194726767,base,0.21338514983654022,0.19890332221984863,0.5579076409339905,-0.6014647777346631,-0.33967768922198266,-0.2879031085392611,0.6633030770443129
1777986276,240735343,base,0.21280226111412048,0.19882382452487946,0.5570961833000183,-0.6014880419875674,-0.3395748313776357,-0.28796337864466415,0.6633084883000209
1777986276,280731053,base,0.21224887669086456,0.19881942868232727,0.5562624931335449,-0.6015820293926448,-0.3395151275860231,-0.2879365015303401,0.6632654939954791
1777986276,317730842,base,0.2116905003786087,0.19888783991336823,0.555413544178009,-0.6017187431889923,-0.3395160937919838,-0.28783102020362406,0.6631867615814113
1777986276,356734745,base,0.21113121509552002,0.19893598556518555,0.5545802712440491,-0.6018348706508068,-0.33951147429312156,-0.2877612037543391,0.6631140344815998
1777986276,406742922,base,0.21048198640346527,0.19886595010757446,0.5538042187690735,-0.6018543346315112,-0.33950758591588015,-0.28794739860246366,0.6630175208300909
1777986276,454740153,base,0.20983436703681946,0.19883213937282562,0.5530416369438171,-0.6019083601254127,-0.3395601085010669,-0.28814163845966995,0.6628571770220224
1777986276,497727476,base,0.209220290184021,0.19889993965625763,0.5522519946098328,-0.6020467631114937,-0.33966895575075606,-0.2881972061875996,0.6626515306850262
1777986276,538731907,base,0.20865735411643982,0.19898901879787445,0.5514141321182251,-0.6022413107263817,-0.3397239504963062,-0.28817549590146085,0.6624559758399401
1777986276,588731571,base,0.20813028514385223,0.19900722801685333,0.55055171251297,-0.6024711271164578,-0.33968232906993545,-0.28826174524365616,0.6622308061306589
1777986276,657731408,base,0.20750291645526886,0.19900943338871002,0.5497548580169678,-0.6026510094531561,-0.33976444490909413,-0.2885147287514821,0.6619147272013784
1777986276,726738998,base,0.20690789818763733,0.19913837313652039,0.5489534139633179,-0.6029707449494756,-0.33996280729850725,-0.2886687747674297,0.6614543810329605
1777986276,808734758,base,0.20624588429927826,0.19910120964050293,0.5482017397880554,-0.6030261677213336,-0.340037466635416,-0.2889419376138328,0.6612461893018284
1777986276,884727583,base,0.20553524792194366,0.19907870888710022,0.5474852323532104,-0.6028923111405076,-0.34012664504105605,-0.28905639354481455,0.6612723624440388
1777986276,956726692,base,0.20471107959747314,0.19917818903923035,0.5469193458557129,-0.6025708901435909,-0.3404738394337696,-0.28900739401532055,0.6614080466125062
1777986277,33733448,base,0.2038818746805191,0.19922176003456116,0.5463428497314453,-0.6021647737320056,-0.34074150179007057,-0.28896439278644037,0.6616588229862322
1777986277,114727337,base,0.20299939811229706,0.19921405613422394,0.5458505153656006,-0.6016221597067825,-0.3410365141020998,-0.2890074536956897,0.6619815238800119
1777986277,181727580,base,0.2021266520023346,0.19921597838401794,0.5453506708145142,-0.6010928738442067,-0.34132922629644397,-0.2890343553057186,0.6622996661649183
1777986284,440727248,base,0.20137163996696472,0.19858111441135406,0.5455371141433716,-0.5996809765841459,-0.33924719580609825,-0.2868877091236531,0.6655745577000283
1777986284,600727562,base,0.20044581592082977,0.19844277203083038,0.5458928942680359,-0.5985494651671567,-0.3402416001813495,-0.28658883928036283,0.6662139485430103
1777986284,797737772,base,0.20009364187717438,0.19849447906017303,0.5449457764625549,-0.5982071786026336,-0.33974005145706226,-0.2856155437108438,0.6671945996431599
1777986284,966729239,base,0.1996701955795288,0.19874534010887146,0.5440695881843567,-0.5981553510914959,-0.33963226681726927,-0.28483210144457455,0.6676306956636947
1777986285,111727010,base,0.1990002989768982,0.19889001548290253,0.543327808380127,-0.597749408968941,-0.3396619022456743,-0.2842549220876423,0.6682249429805401
1777986285,190738023,base,0.19836245477199554,0.1990150809288025,0.5425639152526855,-0.5973407323319954,-0.33962434629376764,-0.28364873095185167,0.6688667648032052
1777986285,266731614,base,0.19767527282238007,0.19893530011177063,0.5418277382850647,-0.5965268396373812,-0.33931516853215404,-0.28304442524430984,0.6700050751372446
1777986285,332728102,base,0.19690652191638947,0.1987912654876709,0.541192352771759,-0.5955173324417969,-0.3390082641056369,-0.28259369974787624,0.6712475469436079
1777986285,373729532,base,0.19609801471233368,0.19890347123146057,0.5406017303466797,-0.5948959004111627,-0.3391900689989477,-0.2821586159579418,0.6718894719905057
1777986285,413734386,base,0.19523486495018005,0.19899927079677582,0.5400680899620056,-0.5942273864739473,-0.3394429791506525,-0.28185081778714866,0.6724822590816214
1777986285,461728230,base,0.19433064758777618,0.1989414244890213,0.5395892262458801,-0.5933283352892628,-0.3395198234269439,-0.2817680394196218,0.673271527050828
1777986285,506749757,base,0.19351303577423096,0.1988970935344696,0.5390053391456604,-0.592524552387649,-0.33947198395298644,-0.28154045531130695,0.6740982094883747
1777986285,549728668,base,0.19275811314582825,0.19891268014907837,0.5383240580558777,-0.5918248557986852,-0.3393912715301165,-0.281088273558433,0.6749416797442108
1777986285,593728568,base,0.19207867980003357,0.19891993701457977,0.5375802516937256,-0.5912197750071959,-0.33918112416857155,-0.2806444135799284,0.6757618179173476
1777986285,639735736,base,0.19136250019073486,0.19893674552440643,0.5368648171424866,-0.5906213580688562,-0.3390444890991453,-0.2803175086469836,0.6764889605554303
1777986285,697727189,base,0.19058215618133545,0.1989324986934662,0.5362154245376587,-0.590075082043195,-0.3389855304103522,-0.28043378311562367,0.676946899838889
1777986285,775732678,base,0.18976478278636932,0.19884611666202545,0.5356354713439941,-0.5896269889935957,-0.3391004435581165,-0.28075594908371787,0.6771462084235909
1777986285,874735088,base,0.18899120390415192,0.19885562360286713,0.5349980592727661,-0.5892913205726918,-0.33924926650057363,-0.28090246512934985,0.6773030766591664
1777986286,2727602,base,0.18827177584171295,0.1988476812839508,0.5342928171157837,-0.5890635466379305,-0.33932029295605337,-0.2810983109089642,0.6773843795972062
1777986286,132726511,base,0.18754300475120544,0.19883912801742554,0.5335988998413086,-0.5888155804262953,-0.3394432386886666,-0.2813317703370391,0.6774414512323016
1777986286,240728964,base,0.18678656220436096,0.19879762828350067,0.5329306721687317,-0.5885030908224915,-0.33954347691948833,-0.2816314229937348,0.6775382387492191
1777986286,308727615,base,0.18605449795722961,0.19879239797592163,0.5322396159172058,-0.5882417305160111,-0.33961524851232244,-0.281850495179116,0.6776381405052556
1777986286,370727719,base,0.18530291318893433,0.1987558752298355,0.5315552353858948,-0.5879460183833739,-0.33967553897168085,-0.2821448366096072,0.6777420442020832
1777986286,427737918,base,0.1845932900905609,0.19875465333461761,0.5308363437652588,-0.5877285582566688,-0.33972031739383146,-0.28237758526828133,0.6778112760882762
1777986286,482726457,base,0.18388929963111877,0.1987195909023285,0.5301150679588318,-0.587507958495648,-0.33972688804356016,-0.28269305248401533,0.6778677210049451
1777986286,535764670,base,0.18317347764968872,0.19864822924137115,0.5294115543365479,-0.5872488273445007,-0.3397206980017286,-0.28309117748786966,0.6779292318462927
1777986286,591728358,base,0.18239447474479675,0.1985764354467392,0.5287661552429199,-0.5869149408481288,-0.33988207031070367,-0.28334799394059745,0.6780301830919635
1777986287,129727839,base,0.1813940852880478,0.1985618621110916,0.5287684798240662,-0.5862009250366366,-0.34159148926809285,-0.28288088338088613,0.6779838688178539
1777986287,280727817,base,0.18044692277908325,0.19884341955184937,0.5286057591438293,-0.5856024080326525,-0.34334288833042403,-0.2816908680078597,0.6781118809182509
1777986287,481730843,base,0.17945535480976105,0.198932483792305,0.528490424156189,-0.5849988095212068,-0.3449715329014515,-0.2803375382856971,0.6783670899166533
1777986287,583727117,base,0.1784602850675583,0.19903714954853058,0.5283620357513428,-0.584386787411007,-0.3464969042147057,-0.2789021380089006,0.6787087474760221
1777986287,826727969,base,0.17751313745975494,0.19912931323051453,0.528051495552063,-0.5839138912747772,-0.3480001255975211,-0.27764145434077847,0.6788635274484522
1777986288,421727376,base,0.17690302431583405,0.1995532065629959,0.5273780226707458,-0.5836751715191026,-0.3490144440291841,-0.2768109022418781,0.6788872839623709
1777986288,708727517,base,0.176345095038414,0.19991649687290192,0.526626467704773,-0.5833587923019403,-0.349691483021712,-0.2750675534788938,0.6795191090363852
1777986290,614760540,base,0.17612630128860474,0.1989496648311615,0.5264945030212402,-0.5808364384012172,-0.34770707655169963,-0.2706963320733441,0.6844357672585722
1777986290,777743261,base,0.17525705695152283,0.198941171169281,0.5259978175163269,-0.5796483711572493,-0.3478021659260501,-0.2696497662670525,0.6858063991799869
1777986290,906731555,base,0.1743645817041397,0.19885730743408203,0.5255332589149475,-0.5784942300607737,-0.3478372393654184,-0.2691178812262024,0.6869710667558999
1777986290,988728597,base,0.17350062727928162,0.19890040159225464,0.5250115394592285,-0.5778360660605458,-0.3482131746575138,-0.26867350066853773,0.6875082687400864
1777986291,64727230,base,0.17287960648536682,0.19885686039924622,0.5242241024971008,-0.5775803183503846,-0.3480563421159435,-0.2687077717724201,0.6877891368724018
1777986291,140726514,base,0.17231163382530212,0.1986621469259262,0.5234220623970032,-0.5772087076370593,-0.34760418551325717,-0.2689541590155687,0.6882333082265786
1777986291,248727659,base,0.1713401973247528,0.19841842353343964,0.5234050750732422,-0.5761190025320346,-0.3487366221051433,-0.26759528915802194,0.689102614623452
1777986291,328727462,base,0.17034059762954712,0.198472797870636,0.5233900547027588,-0.5751163237116509,-0.3501523089823037,-0.26575160932175484,0.6899352468227808
1777986291,434737540,base,0.16936680674552917,0.198233962059021,0.5233083367347717,-0.5739928935629552,-0.35140240397626926,-0.26368228252908404,0.6910283327416723
1777986291,609727178,base,0.16840863227844238,0.19798296689987183,0.5231198668479919,-0.5732666000360797,-0.3527286898936217,-0.2620874147772125,0.6915620356233695
1777986291,735726436,base,0.16742515563964844,0.1979168802499771,0.5229218006134033,-0.5721638542910271,-0.3539043527002944,-0.2598508575079597,0.6927176743190693
1777986291,981731089,base,0.16646620631217957,0.1977393478155136,0.5227001309394836,-0.5704454799246359,-0.3547120202163936,-0.2566397754725586,0.6949153660752987
1777986292,363728142,base,0.16687141358852386,0.19682908058166504,0.5227853059768677,-0.5702960168792064,-0.3539831567238957,-0.25686545192570803,0.6953261687510387
1777986292,411726300,base,0.16765832901000977,0.19617116451263428,0.5227538347244263,-0.5710379247233425,-0.35290472034445947,-0.2582800179219574,0.6947412179897688
1777986292,442731267,base,0.16842563450336456,0.19551821053028107,0.5227277278900146,-0.5717656843097055,-0.3518894476035976,-0.2596943967461311,0.6941301360059656
1777986292,468731349,base,0.16920679807662964,0.19484834372997284,0.5226938724517822,-0.5725118842898054,-0.350848011587439,-0.26113374469124184,0.6935019655419833
1777986292,492736161,base,0.16999664902687073,0.19416660070419312,0.5226554870605469,-0.5732615130977547,-0.3496861713239517,-0.26254208145731656,0.6929375439878072
1777986292,516726959,base,0.17077891528606415,0.19349955022335052,0.5225563645362854,-0.5740555308377923,-0.3484971968793114,-0.26392591202229254,0.6923532721777863
1777986292,540727744,base,0.17153270542621613,0.19283849000930786,0.5224472284317017,-0.5748370823927001,-0.34733577270492577,-0.2652800574088531,0.6917706851859026
1777986292,565736096,base,0.17225803434848785,0.19210636615753174,0.5224025249481201,-0.5755582323555358,-0.3462445114012218,-0.2666476834862267,0.6911920549756746
1777986292,595727166,base,0.17283318936824799,0.19127421081066132,0.5223848223686218,-0.5761594048983733,-0.3453871725992031,-0.26784572302444,0.6906567325680971
1777986292,640732032,base,0.1726934164762497,0.19026944041252136,0.5222885012626648,-0.5763595609206683,-0.3455992238430865,-0.2681859781868384,0.6902514703853943
1777986292,672730946,base,0.17180466651916504,0.18976816534996033,0.5221542716026306,-0.575957917885377,-0.3469246478007266,-0.26725557382063636,0.6902826953979706
1777986292,692726813,base,0.17079249024391174,0.18958236277103424,0.5220271348953247,-0.5753912245884626,-0.34843255686744146,-0.2659830301090951,0.6904872994349437
1777986292,708726147,base,0.16976876556873322,0.18947535753250122,0.5219169855117798,-0.5747815323727891,-0.34996465586271924,-0.26464759028990026,0.6907333477826443
1777986292,722726394,base,0.16876351833343506,0.189419686794281,0.521799623966217,-0.5741789830629683,-0.35145483011059797,-0.26331506856689807,0.6909871016244298
1777986292,735726683,base,0.16768118739128113,0.18941186368465424,0.5216681361198425,-0.5735198048533707,-0.35305747171782376,-0.2618434586331274,0.6912766701561379
1777986292,747726950,base,0.16660882532596588,0.1894250214099884,0.5215310454368591,-0.5728614410929976,-0.3546427944150075,-0.26033104203808444,0.6915822572876631
1777986292,759726958,base,0.16554604470729828,0.1894506812095642,0.5213685035705566,-0.5722283927122594,-0.35620540366714004,-0.2588044548944832,0.6918761668867387
1777986292,770727749,base,0.1645539253950119,0.18948180973529816,0.5212090611457825,-0.5716475789469484,-0.3576591796548043,-0.257388005284259,0.6921346418744455
1777986292,782727127,base,0.1634998321533203,0.18950967490673065,0.5210254788398743,-0.5710395512684218,-0.3592042310894849,-0.25585199726826413,0.6924058684369401
1777986292,795726776,base,0.1624712496995926,0.18952392041683197,0.5208197832107544,-0.5704767177949213,-0.36070822374717826,-0.2543238790062458,0.6926508776002245
1777986292,809727173,base,0.16144996881484985,0.1895235925912857,0.5206067562103271,-0.5699366154982801,-0.3622151909155447,-0.2527884243817064,0.692871140795243
1777986292,825726863,base,0.16044943034648895,0.18949267268180847,0.5203589200973511,-0.5694569342374631,-0.3637033542875696,-0.2511996791893845,0.6930637615960199
1777986292,847729242,base,0.15949995815753937,0.1893959492444992,0.5200096964836121,-0.5691542268832314,-0.3651293613291149,-0.24956734394142321,0.693152336318083
1777986292,888728483,base,0.158860445022583,0.18904756009578705,0.5193102359771729,-0.5695611934814541,-0.3661427708318046,-0.2479664009996609,0.6928579626257163
1777986292,928731037,base,0.15946710109710693,0.18858517706394196,0.5186149477958679,-0.5709537093100127,-0.3653333275326037,-0.24800539706168312,0.6921248056142953
1777986292,954730658,base,0.16029304265975952,0.1882534772157669,0.5181522369384766,-0.5722137121967548,-0.3641812811983142,-0.24858648627371127,0.6914826218941942
1777986292,980727261,base,0.1611444652080536,0.1879490613937378,0.5176807045936584,-0.5734908150771443,-0.3629909179478309,-0.24915917744915653,0.6908440971648003
1777986293,13732429,base,0.16192308068275452,0.1876639723777771,0.5171062350273132,-0.5748445664459736,-0.3619236959023914,-0.2495002095102292,0.6901554955281233
1777986293,77731701,base,0.16168227791786194,0.1874713897705078,0.5161483287811279,-0.57585505352302,-0.36237734472922634,-0.24793118206777295,0.6896402858726642
1777986293,105727469,base,0.1607712358236313,0.1875992715358734,0.5156995058059692,-0.5756470469589925,-0.36372621474465966,-0.24602328641528376,0.689787104334088
1777986293,128727862,base,0.15986217558383942,0.18778936564922333,0.5152736902236938,-0.5754103553694546,-0.3650354186255149,-0.2440854846025405,0.6899813973188436
1777986293,149726780,base,0.1589697152376175,0.18802183866500854,0.5148293375968933,-0.5752273488270229,-0.3662653211964076,-0.24204270574409,0.6902017932190119
1777986293,169731584,base,0.1580898016691208,0.18828248977661133,0.5143651366233826,-0.5750218340233128,-0.36756503805919716,-0.24002418917945903,0.6903870055455714
1777986293,191732278,base,0.15724897384643555,0.18858349323272705,0.5138348340988159,-0.5749031380049924,-0.3688291087524725,-0.2379196197686489,0.6905401457143522
1777986293,217731847,base,0.1565227061510086,0.18893368542194366,0.5131959915161133,-0.5749810258738701,-0.36993964484122743,-0.23574477297368004,0.6906271602199826
1777986293,246731637,base,0.15589092671871185,0.18932956457138062,0.5124928951263428,-0.5751897215812367,-0.37091603496252956,-0.23355775060511766,0.6906727696097479
1777986293,278727824,base,0.15542255342006683,0.18979161977767944,0.5117039084434509,-0.5756033448147914,-0.3716672961517909,-0.23140032121890672,0.6906504918697224
1777986293,309728364,base,0.15508155524730682,0.19031240046024323,0.5108830332756042,-0.5761391656387949,-0.3722444950980994,-0.2293058378427794,0.6905914283107784
1777986293,340727716,base,0.15482652187347412,0.19084221124649048,0.5100482702255249,-0.5767466977019777,-0.37268276875408596,-0.22731610429980625,0.6905057553604178
1777986293,374728577,base,0.1547173708677292,0.19136597216129303,0.5091896057128906,-0.5774946229403812,-0.3729148809291279,-0.22548581492036832,0.6903553967252586
1777986293,413728662,base,0.15464623272418976,0.191892609000206,0.5083168148994446,-0.5782938525162844,-0.3730956510111104,-0.22365852745364467,0.6901831031434902
1777986293,457731793,base,0.15433290600776672,0.19240379333496094,0.5075129270553589,-0.5788298873603643,-0.37360592658913944,-0.22163249767700344,0.69011128514895
1777986293,495732393,base,0.15354065597057343,0.19279561936855316,0.5069889426231384,-0.5786899773339885,-0.37475376959335965,-0.2194885295514059,0.6902914461894522
1777986293,526732272,base,0.1526031345129013,0.19306564331054688,0.5066928863525391,-0.5782072425420252,-0.3760846534136039,-0.2175959663012833,0.6905712848483126
1777986293,554728413,base,0.15162760019302368,0.193256676197052,0.5065315365791321,-0.5775606652356614,-0.37745446024345064,-0.21591429388192038,0.6908927710693255
1777986293,580731424,base,0.15063805878162384,0.19339950382709503,0.5064477920532227,-0.576823383790601,-0.3788385257170631,-0.21437170878591041,0.6912314455321269
1777986293,602729486,base,0.14964070916175842,0.19351394474506378,0.5064019560813904,-0.5760401694530444,-0.3802289348767302,-0.21288895818109557,0.6915793363872078
1777986293,624726915,base,0.1486435830593109,0.19363442063331604,0.5063378810882568,-0.5752692096169516,-0.38160831567298076,-0.2113990265059132,0.6919182529030757
1777986293,650729436,base,0.14765164256095886,0.19377684593200684,0.5062261819839478,-0.5745351162679149,-0.3829515930417864,-0.20990384917743948,0.6922411767047545
1777986293,691728250,base,0.1466674506664276,0.1939370036125183,0.5060700178146362,-0.5738382513041913,-0.38426112742377977,-0.20839353930048085,0.6925497546519861
1777986293,878728951,base,0.14567828178405762,0.1940988302230835,0.5058969259262085,-0.5731673693145602,-0.38562926599845154,-0.20679305820050833,0.6928245543589243
1777986293,924729565,base,0.14467689394950867,0.19419275224208832,0.5058205723762512,-0.5724065657469644,-0.3870727413023417,-0.20532884970083876,0.6930840281320624
1777986293,964730679,base,0.14366532862186432,0.19428503513336182,0.5057317018508911,-0.5716451360726462,-0.3885368883710006,-0.20384653442126063,0.6933307453745866
1777986294,15728443,base,0.14266902208328247,0.19438818097114563,0.5055795907974243,-0.5709638471514262,-0.3900541641543818,-0.20240118010974098,0.6934636232422441
1777986294,74728044,base,0.14168180525302887,0.1944902092218399,0.5053936839103699,-0.5703179050841591,-0.3915650980557623,-0.20096795883951288,0.693560467692991
1777986294,128727570,base,0.14073829352855682,0.19461487233638763,0.5050753951072693,-0.5698318673263985,-0.3930680544538265,-0.1996115453344866,0.6935015297620065
1777986294,169727761,base,0.13975782692432404,0.1947028785943985,0.504843533039093,-0.569238326183782,-0.39461010691356274,-0.19819845464900016,0.6935185310212212
1777986294,205731414,base,0.13876564800739288,0.19477450847625732,0.5046533346176147,-0.5685957573762089,-0.39616227997337694,-0.19676350737189088,0.6935693449782812
1777986294,241728081,base,0.1377784013748169,0.1948375105857849,0.5045063495635986,-0.5679058106502527,-0.3976597325039537,-0.19532709264515513,0.6936836760301515
1777986294,274727634,base,0.13676252961158752,0.19490604102611542,0.5043510794639587,-0.5671947281791254,-0.39918049149643947,-0.1938175271464261,0.6938154164769628
1777986294,306726418,base,0.1357688307762146,0.1949734389781952,0.5041784644126892,-0.566522001247857,-0.4006918741595431,-0.19229839572914473,0.6939165234197141
1777986294,344728113,base,0.13479772210121155,0.19504767656326294,0.5039334893226624,-0.565947041735215,-0.40225886577243125,-0.19078335570135804,0.6938972945312941
1777986294,412727549,base,0.13395868241786957,0.1951465606689453,0.5033981800079346,-0.5658211938732362,-0.40406830013553563,-0.18941908535387908,0.6933221363759551
1777986294,498730261,base,0.1333942860364914,0.19515438377857208,0.5025686621665955,-0.5663129768676746,-0.4063022528768914,-0.18887975602032697,0.691760439185174
1777986294,537733661,base,0.1327584981918335,0.1951472908258438,0.5017757415771484,-0.5666979728298022,-0.40865483858113005,-0.18832179191101597,0.6902097671463719
1777986294,567732056,base,0.13211606442928314,0.19512321054935455,0.5009734630584717,-0.567085149234987,-0.41100799110682923,-0.18775675997406313,0.6886466756290052
1777986294,593727480,base,0.13145755231380463,0.19508835673332214,0.500196635723114,-0.5674243461224379,-0.4133064109578396,-0.1871362297811202,0.6871589673651399
1777986294,618727991,base,0.13083404302597046,0.19504347443580627,0.49940651655197144,-0.567805092422346,-0.41557115742500195,-0.18656531696353343,0.6856320999294286
1777986294,643726626,base,0.13016338646411896,0.19498290121555328,0.4986514151096344,-0.568097510640804,-0.41780062590653105,-0.18588406953587372,0.6842184967037607
1777986294,669727267,base,0.12940996885299683,0.19489528238773346,0.4979965388774872,-0.5681936781511394,-0.4198877156837565,-0.1849984335968733,0.6831001435718859
1777986294,696726675,base,0.1285324990749359,0.19477882981300354,0.49751174449920654,-0.5679745290184449,-0.4217117926822474,-0.18378036857931884,0.682487259947338
1777986294,725728432,base,0.12753985822200775,0.19466212391853333,0.4972597360610962,-0.5673972355239132,-0.42315198904656,-0.18221672268863354,0.6824953116408297
1777986294,752725983,base,0.126552551984787,0.19456277787685394,0.4970819652080536,-0.5667286931164757,-0.4244251688314698,-0.18059210550162327,0.6826919916219871
1777986294,776727749,base,0.12552712857723236,0.1944776177406311,0.4969027638435364,-0.5660222443928724,-0.42574744061259173,-0.17889800273218315,0.6829007503984013
1777986294,796737935,base,0.12453628331422806,0.19441263377666473,0.49672913551330566,-0.5653286776621761,-0.427033307768784,-0.17726109530147705,0.6830992095945452
1777986294,816731713,base,0.12351543456315994,0.1943538784980774,0.49653780460357666,-0.5646207132250616,-0.4283628625387288,-0.1755608749090048,0.6832913529449022
1777986294,835731965,base,0.1224956139922142,0.19430051743984222,0.4963376522064209,-0.5639198845125926,-0.42970394590726696,-0.17383366273481748,0.6834696224458982
1777986294,853727326,base,0.12148051708936691,0.19424690306186676,0.4961344301700592,-0.563221276591186,-0.4310415319486263,-0.17211516889379216,0.683638311364211
1777986294,871727645,base,0.12049084901809692,0.19419123232364655,0.4959218502044678,-0.5625561965492596,-0.4323503074792742,-0.17042636503607989,0.6837825579117315
1777986294,890729122,base,0.11948065459728241,0.1941222995519638,0.49570977687835693,-0.5618697481891279,-0.4336902462254663,-0.1687153388488889,0.6839227104561997
1777986295,372730717,base,0.11875031888484955,0.1944168359041214,0.49505311250686646,-0.5617106429513344,-0.4342845954795013,-0.16754560320284032,0.6839638157929439
1777986295,398728695,base,0.11802879720926285,0.19473110139369965,0.49443262815475464,-0.561489024592268,-0.43481249270957983,-0.16651965572440236,0.6840609549611799
1777986295,421730472,base,0.11732211709022522,0.19505548477172852,0.4937899708747864,-0.5612930304507199,-0.4352942386670643,-0.16555615184013836,0.6841492643678798
1777986295,451728292,base,0.11657606810331345,0.19534340500831604,0.49317631125450134,-0.5610215142229379,-0.435779580692869,-0.1647937829230196,0.6842470341057998
1777986295,552733669,base,0.11570966243743896,0.1948472410440445,0.49333006143569946,-0.5600961560874677,-0.4366611212361958,-0.16510665957497225,0.68436770103892
1777986295,591727446,base,0.11471965163946152,0.19468215107917786,0.49324527382850647,-0.5593084832092207,-0.4379249208553315,-0.1636540969928208,0.6845532250550525
1777986295,618731598,base,0.11372236907482147,0.19459553062915802,0.4931514263153076,-0.5585083502629324,-0.4392160438450542,-0.1621487722834924,0.6847375265559512
1777986295,641727384,base,0.11269349604845047,0.19450373947620392,0.4930586516857147,-0.5576563520419607,-0.44054128279918914,-0.1605810579562344,0.6849499852229716
1777986295,661732308,base,0.11165571212768555,0.1944100707769394,0.4929647743701935,-0.5567898873011122,-0.441880649921281,-0.15899551452873242,0.6851619748153122
1777986295,680732619,base,0.11061067134141922,0.19431670010089874,0.4928695559501648,-0.5559155426471448,-0.4432253830465747,-0.15739949067088332,0.6853718491748192
1777986295,699732879,base,0.10957861691713333,0.19422444701194763,0.4927715063095093,-0.5550543511809837,-0.44455603965629054,-0.1558166028561663,0.6855696821426572
1777986295,717731800,base,0.10858267545700073,0.19413287937641144,0.4926716387271881,-0.5542231803992771,-0.44584530309191933,-0.1542798329503134,0.6857524124571284
1777986295,735733136,base,0.10756417363882065,0.1940392106771469,0.4925517141819,-0.5533962733047676,-0.4471955210985838,-0.15272113907316712,0.6858899090027204
1777986295,753731608,base,0.10654039680957794,0.1939564049243927,0.492394357919693,-0.5526261021036283,-0.44860408768851784,-0.1511764270066276,0.6859332792992962
1777986295,772729892,base,0.10553426295518875,0.19388575851917267,0.4921894073486328,-0.5519541089099689,-0.4500742957724607,-0.14970771635220523,0.6858333448626013
1777986295,791727634,base,0.10454988479614258,0.1938241571187973,0.4919379949569702,-0.5513898219161429,-0.45162683593979924,-0.14832226449207328,0.6855676266118775
1777986295,809726873,base,0.10360123962163925,0.19375300407409668,0.4916192591190338,-0.5509186255889275,-0.4532459206259334,-0.14698708983470096,0.6851653884525108
1777986295,827726690,base,0.1026691198348999,0.19367553293704987,0.4911845326423645,-0.5505773310131373,-0.45502469238569826,-0.14569108796694127,0.6845372446429416
1777986295,845726318,base,0.10181888192892075,0.19359904527664185,0.4905703365802765,-0.5504981716289726,-0.4570111537117896,-0.14454776354934176,0.6835192108387249
1777986295,862729310,base,0.10110125690698624,0.19353295862674713,0.489812433719635,-0.550679225012181,-0.45907272009978417,-0.14361438144305316,0.6821873113522289
1777986295,877727726,base,0.10048963874578476,0.19346532225608826,0.4890207052230835,-0.5509747186958024,-0.4610547354125356,-0.1428144039724928,0.6807785341557984
1777986295,891728068,base,0.09990279376506805,0.19338765740394592,0.48821327090263367,-0.5512847135861383,-0.4630204818144834,-0.14202927304907345,0.6793562078969565
1777986295,905726659,base,0.09931807219982147,0.1933039128780365,0.4873952269554138,-0.551601827492237,-0.46498983854886206,-0.14124382486708054,0.6779159521152821
1777986295,919728796,base,0.09875866770744324,0.19321365654468536,0.486563503742218,-0.5519554931004786,-0.4669609341719298,-0.14049942528846573,0.6764262902535453
1777986295,934726986,base,0.09818506985902786,0.19311675429344177,0.4857010543346405,-0.5523197513767868,-0.46898180338442036,-0.13971873461201942,0.6748908156319906
1777986295,951727051,base,0.09758711606264114,0.1930137723684311,0.4848460257053375,-0.5526430049010463,-0.47099682494350376,-0.13888600632753256,0.673393170635826
1777986295,971727133,base,0.09694605320692062,0.1928950995206833,0.48408743739128113,-0.5528185851256209,-0.47290029571207953,-0.1379618247752511,0.6721037410159406
1777986296,738781,base,0.0961318090558052,0.19274133443832397,0.48349180817604065,-0.5526532950911786,-0.47469767654496414,-0.13672760707000045,0.6712242706747035
1777986296,47731556,base,0.09515811502933502,0.19254830479621887,0.4833240509033203,-0.5518893654637979,-0.4759810757284136,-0.13518448038011174,0.6712564896946028
1777986296,123732023,base,0.09417399019002914,0.19242942333221436,0.483183890581131,-0.5511317163194573,-0.4772362432905266,-0.1336662030529303,0.6712918550923264
1777986296,430731413,base,0.09334561228752136,0.1926613748073578,0.4826338589191437,-0.550875063666236,-0.4780998348734485,-0.1324767559352407,0.6711237694195602
1777986296,456726921,base,0.09242460131645203,0.1927943229675293,0.4822557866573334,-0.5504534847212043,-0.4792327185509123,-0.13138075702653543,0.6708770801304219
1777986296,475732791,base,0.09140561521053314,0.19277910888195038,0.4820539653301239,-0.5498437939839321,-0.4806671967299447,-0.13009581919616864,0.6706011778545744
1777986301,112726165,base,0.09040476381778717,0.1928112655878067,0.4821305572986603,-0.5487997607088395,-0.48161819685781226,-0.12859820559223503,0.6710627644727459
1777986301,144733896,base,0.08937640488147736,0.19285371899604797,0.48220255970954895,-0.547612352933216,-0.48269632366478527,-0.12688171217351504,0.6715846751289861
1777986301,170732889,base,0.08834362775087357,0.1929212212562561,0.4821544289588928,-0.5465302997715009,-0.4839828809934557,-0.1251581470845255,0.671863551652203
1777986301,194731774,base,0.08731330186128616,0.19301888346672058,0.4820770025253296,-0.5454636837687024,-0.4853156177504957,-0.12342940802461236,0.672088752611116
1777986301,219733638,base,0.08631433546543121,0.19316260516643524,0.4820142090320587,-0.5443886377455228,-0.48663031367816073,-0.12174312546478905,0.6723172816856272
1777986301,248728327,base,0.08533868938684464,0.19339308142662048,0.4819747805595398,-0.5432709295763429,-0.4879344345068495,-0.12006615049927483,0.6725777233511184
1777986301,287729813,base,0.08438412100076675,0.1937537044286728,0.4819927215576172,-0.5419794017753715,-0.4892099596911636,-0.11832609114342464,0.6730013861867755
1777986301,351733995,base,0.0834345817565918,0.19404259324073792,0.4821770191192627,-0.5399875594142247,-0.49022225920617923,-0.11610687128175878,0.6742512438735762
1777986301,500726597,base,0.082495778799057,0.1942169964313507,0.48248428106307983,-0.5376714649635882,-0.4906587240269044,-0.11316294042234373,0.676282149241923
1777986301,629726419,base,0.08152344077825546,0.19420765340328217,0.48272860050201416,-0.5385667339885304,-0.4890589619325553,-0.10856250945880784,0.6774816378486223
1777986301,678728083,base,0.08052943646907806,0.19401198625564575,0.4828401207923889,-0.5395262902008164,-0.48771267469045865,-0.10412134797390141,0.6783851857224631
1777986301,707726709,base,0.07954294979572296,0.19383013248443604,0.48288649320602417,-0.5397890511983721,-0.48727746738692634,-0.1007077264901446,0.6790039534605118
1777986301,730731437,base,0.07853159308433533,0.19365417957305908,0.4829008877277374,-0.5397862838041784,-0.4872067903610457,-0.09763725805954107,0.6795051648029281
1777986301,749728126,base,0.07754338532686234,0.1934790164232254,0.48288998007774353,-0.5397754178485707,-0.48723655694736445,-0.09468705759430734,0.6799098581492391
1777986301,766737295,base,0.07654975354671478,0.1932915598154068,0.48284733295440674,-0.5397339031864856,-0.48737562574393345,-0.09178668367590175,0.6802407505474415
1777986301,783726854,base,0.07552884519100189,0.193088561296463,0.4827718436717987,-0.5396666382014361,-0.48762464997187843,-0.08888527259071925,0.680500927015431
1777986301,801733272,base,0.07452602684497833,0.19289016723632812,0.4826880395412445,-0.5396418901989455,-0.4878521405865434,-0.08599962833439447,0.6807282703496397
1777986301,823728362,base,0.07351826131343842,0.1926959753036499,0.4826062321662903,-0.5398175095930032,-0.4878634205305769,-0.08281844273300636,0.6809753598222433
1777986301,852726689,base,0.07251498103141785,0.1924888640642166,0.4825447201728821,-0.5402357982558433,-0.4875829906487405,-0.0793152884609921,0.6812614592793621
1777986301,900729493,base,0.07153325527906418,0.19224438071250916,0.4825495481491089,-0.541068330919598,-0.48678479220525017,-0.07536449978999041,0.6816199977234916
1777986301,969734830,base,0.07066424936056137,0.19191862642765045,0.4829387068748474,-0.5417467397902436,-0.48568186161511073,-0.07216225319836587,0.6822141970844288
1777986302,7741589,base,0.06979351490736008,0.19162356853485107,0.4833613932132721,-0.541565722981392,-0.4854899330657717,-0.07015944811184108,0.6827032597077007
1777986302,38727021,base,0.06889675557613373,0.1913006752729416,0.4837581515312195,-0.5412602821506528,-0.48557765227915495,-0.0683920731118722,0.6830623373139975
1777986302,66728703,base,0.06804961711168289,0.19096195697784424,0.484171599149704,-0.5409863206334735,-0.4856282384139212,-0.06675484192099562,0.6834053004591535
1777986302,92734657,base,0.06719999760389328,0.19059641659259796,0.48459291458129883,-0.5407528393373502,-0.4856216389223079,-0.06503459350177428,0.6837605579398381
1777986302,118729152,base,0.0663769543170929,0.1902090162038803,0.48503053188323975,-0.5407665791775785,-0.485361795739185,-0.06312603516135705,0.6841129538322204
1777986302,145727785,base,0.06561096757650375,0.1897963285446167,0.48553648591041565,-0.5411796867799308,-0.48461013343798803,-0.06091784905918544,0.6845192325597724
1777986302,176737466,base,0.06494937837123871,0.18933939933776855,0.4861644506454468,-0.5422557898678037,-0.4830542722532544,-0.05831220431165303,0.6849941058812415
1777986302,210726710,base,0.06451114267110825,0.18885910511016846,0.48692741990089417,-0.5441611829816789,-0.4804462922373004,-0.05535764065165184,0.6855621716566966
1777986302,244727211,base,0.064104825258255,0.18836280703544617,0.4877161383628845,-0.5462068047172733,-0.477636880165423,-0.05232945808765506,0.6861360984743107
1777986302,280728798,base,0.06370119005441666,0.18786835670471191,0.4885062277317047,-0.5478387381510391,-0.47527044457721107,-0.04990306595787229,0.6866588614966698
1777986302,318728346,base,0.06329384446144104,0.18738679587841034,0.4892861545085907,-0.5489882967689109,-0.4735055918858085,-0.048236039644598244,0.6870790155794203
1777986302,363734348,base,0.06279756128787994,0.1869419664144516,0.4900556802749634,-0.5497185105656356,-0.472486364435005,-0.04742030949750416,0.6872535976555639
1777986302,416731981,base,0.0621030256152153,0.18664510548114777,0.49071428179740906,-0.5497114001139146,-0.4731066625292761,-0.04828054768435847,0.6867724695448495
1777986302,472732996,base,0.06114884093403816,0.18666665256023407,0.4910286068916321,-0.5496379282014991,-0.4750395576994314,-0.0497646050823071,0.6853896854741618
1777986302,517730222,base,0.06019791588187218,0.18700210750102997,0.4909379482269287,-0.5502010278746869,-0.4768366709522874,-0.050446253670157995,0.6836379173179327
1777986302,551727731,base,0.05936501920223236,0.18750052154064178,0.4906098246574402,-0.5510808576458779,-0.4783352194075305,-0.05046818018320735,0.6818784869840888
1777986302,578727957,base,0.058617495000362396,0.1880583018064499,0.4901888966560364,-0.552085387172969,-0.4796670877346116,-0.050223342056192194,0.6801461612471099
1777986302,602732455,base,0.0578942745923996,0.18862254917621613,0.48976415395736694,-0.5532408872315323,-0.4807037316691052,-0.049583238087669144,0.6785203940685678
1777986302,625732158,base,0.0571804977953434,0.18921434879302979,0.4893529713153839,-0.5546967953580874,-0.4814189473521162,-0.0486017238598243,0.6768937380364192
1777986302,647728069,base,0.05648194998502731,0.18983295559883118,0.488944947719574,-0.5564242365065137,-0.48190588611049,-0.047446224968611984,0.6752093160565821
1777986302,670730310,base,0.05583273991942406,0.19048498570919037,0.4885388910770416,-0.5584628811664443,-0.48207147529030386,-0.0460844108006844,0.6735001940873864
1777986302,696728452,base,0.055385176092386246,0.19130165874958038,0.4881224036216736,-0.5613762870774432,-0.4814733628948834,-0.04457757909092921,0.6716046981680635
1777986302,725736140,base,0.05531761422753334,0.19225603342056274,0.48778802156448364,-0.5654036485911257,-0.47941841053210943,-0.042678096541528314,0.6698173421931388
1777986302,753728816,base,0.05547236278653145,0.19323670864105225,0.48754599690437317,-0.5699438511017322,-0.4764973085638644,-0.04056183799386895,0.6681833814712236
1777986302,783728657,base,0.05561085790395737,0.1942196637392044,0.48731908202171326,-0.5746468061284601,-0.4734075139195641,-0.03828649240132971,0.6664836740741614
1777986302,830731958,base,0.05549260601401329,0.1951933056116104,0.48756954073905945,-0.5792805822937884,-0.4700977509290298,-0.035824673944439764,0.6649501449810762
1777986302,927729165,base,0.05507507920265198,0.19497455656528473,0.4884544909000397,-0.579479664877459,-0.47066677393642686,-0.03753567988730013,0.6642794310841008
1777986302,981728528,base,0.05466284230351448,0.1945262998342514,0.4892556071281433,-0.5783285150555907,-0.47129040284952745,-0.03882881435319525,0.664765972693717
1777986303,19728720,base,0.05423077568411827,0.19420604407787323,0.49014055728912354,-0.5772125160443242,-0.4712609037762221,-0.0392973428087546,0.6657286050694957
1777986303,45731551,base,0.05385833606123924,0.19399704039096832,0.49105966091156006,-0.5762835324724447,-0.470580381853588,-0.039049392778022066,0.6670281315357784
1777986303,67727829,base,0.05349315330386162,0.19383423030376434,0.4920019805431366,-0.5752310023116208,-0.4698854063948306,-0.038813016027853524,0.6684388714839139
1777986303,87728563,base,0.053142257034778595,0.19371140003204346,0.4929836690425873,-0.5740739375182581,-0.46916189344132,-0.03866869636005429,0.6699484661374561
1777986303,105734795,base,0.05286436527967453,0.19362525641918182,0.49394917488098145,-0.5729723338789752,-0.4684003258646289,-0.03866254209376361,0.6714231418786666
1777986303,123730696,base,0.052648644894361496,0.19355829060077667,0.49492841958999634,-0.5719432737576481,-0.4675846952495025,-0.03880244820432147,0.672859418848067
1777986303,142728165,base,0.05246155336499214,0.1935175061225891,0.495911180973053,-0.5709558747076404,-0.4667745253996459,-0.039111831556748466,0.6742412061145219
1777986303,163732366,base,0.052275631576776505,0.19350077211856842,0.4969319999217987,-0.5700039344696213,-0.4659825064696513,-0.03959475225265711,0.6755649945535693
1777986303,184727900,base,0.052100807428359985,0.19353695213794708,0.4979398548603058,-0.5691614796624506,-0.46515267021503454,-0.04012970093994815,0.6768144484762364
1777986303,206728689,base,0.051862433552742004,0.19360746443271637,0.49891945719718933,-0.5683897004310818,-0.4644261613181655,-0.04065898349658671,0.677929444781463
1777986303,233728181,base,0.051414214074611664,0.19371508061885834,0.49981197714805603,-0.5677215157392507,-0.4641713491811061,-0.04130318039999719,0.67862455518149
1777986303,265733146,base,0.050735943019390106,0.19388484954833984,0.5005524754524231,-0.5672841438608693,-0.4643750595043171,-0.041922338203338405,0.6788129373103297
1777986303,298732086,base,0.04989819973707199,0.19413341581821442,0.5010419487953186,-0.5672849183094483,-0.46495784161683706,-0.04242436018895174,0.6783820377651324
1777986303,333731677,base,0.04898608475923538,0.19447965919971466,0.5012974739074707,-0.5680519190294163,-0.46572373180074567,-0.04292660651503237,0.6771821828663344
1777986303,374730291,base,0.04806635156273842,0.19487334787845612,0.5014598965644836,-0.5699924569847428,-0.4658943855304483,-0.04298806522716871,0.6754280418634954
1777986303,428727917,base,0.047181207686662674,0.19533176720142365,0.5016369223594666,-0.574262447067154,-0.46440706659740877,-0.04217183195255723,0.6728820489363261
1777986303,490730048,base,0.04649282246828079,0.19551701843738556,0.5023421049118042,-0.5804522643780686,-0.4596731286193408,-0.03938303700753778,0.6709878784152007
1777986303,539728257,base,0.04608006402850151,0.19546452164649963,0.5032707452774048,-0.5841885243905547,-0.45658565523484124,-0.03906652566382701,0.669870959924533
1777986303,581730148,base,0.045689210295677185,0.1953565925359726,0.5042009353637695,-0.585969024311002,-0.4556582514290364,-0.04117319966021324,0.6688203193668917
1777986303,617729959,base,0.045139119029045105,0.19516150653362274,0.5050345063209534,-0.5865669178305567,-0.45604605852263086,-0.04381759513589008,0.6678632044922348
1777986303,648732504,base,0.04448820278048515,0.1949356198310852,0.5057770609855652,-0.5865873454574209,-0.45703955020733766,-0.046509169313233185,0.6669835303709605
1777986303,678732361,base,0.04378008842468262,0.19472531974315643,0.506484866142273,-0.5866732218046544,-0.45799525459535395,-0.04896262183075004,0.6660762155217277
1777986303,707728475,base,0.04311162233352661,0.19451336562633514,0.5072191953659058,-0.5870086940734428,-0.45842574449123724,-0.05092728503446055,0.6653367663178176
1777986303,740728518,base,0.04262934625148773,0.19435974955558777,0.5080903172492981,-0.5882738072855311,-0.4575497070518522,-0.05249312252347644,0.6647004359102513
1777986303,778729793,base,0.042274896055459976,0.19430601596832275,0.5090335607528687,-0.590896347834724,-0.45544125228008625,-0.05378217199064201,0.663718515949719
1777986303,819737039,base,0.04194657504558563,0.19431254267692566,0.5100006461143494,-0.5948056766301792,-0.4519571538875685,-0.0541635385799811,0.6625762140435179
1777986303,860727011,base,0.041586339473724365,0.1943744271993637,0.5109519362449646,-0.5986045894903331,-0.44883486465484573,-0.05518227548069844,0.6611919137184653
1777986303,902729344,base,0.041022889316082,0.19448594748973846,0.5117861032485962,-0.6011876137747605,-0.44762795904870323,-0.057919182284267644,0.6594300719964432
1777986303,936727599,base,0.040129970759153366,0.1945570856332779,0.5122954845428467,-0.6026769639352659,-0.44798563836117944,-0.060307799239896875,0.6576110542720595
1777986303,963727029,base,0.03913723677396774,0.1945832073688507,0.5125904083251953,-0.6036171291191178,-0.44875742450107453,-0.06182103498401866,0.6560802495620809
1777986303,986727913,base,0.0381656251847744,0.19458113610744476,0.5128499269485474,-0.6042969761253149,-0.4494520490852832,-0.06276552238862278,0.6548881791074388
1777986304,9727050,base,0.0371842198073864,0.1945759505033493,0.5131567716598511,-0.6049865101185106,-0.4499045865944722,-0.06340564046381744,0.6538783457144841
1777986304,32729126,base,0.03620005398988724,0.19461123645305634,0.5134333372116089,-0.6059130670986662,-0.450059354627502,-0.06370066795877127,0.6528844905025075
1777986304,57726529,base,0.035213928669691086,0.19463443756103516,0.5137385725975037,-0.607233861801034,-0.4495673053310656,-0.06332839935473289,0.6520320467437842
1777986304,83727671,base,0.03423382714390755,0.19465993344783783,0.5140380263328552,-0.608852404931441,-0.44862684385239093,-0.062474605759447445,0.6512523532740713
1777986304,110728436,base,0.03327065706253052,0.19469206035137177,0.5143259763717651,-0.6107516772191589,-0.4473043325090061,-0.061221006170624835,0.6505022755005069
1777986304,141727898,base,0.03230075538158417,0.19470615684986115,0.514587938785553,-0.6133698104973216,-0.4450807704664194,-0.05908154113678685,0.6497614512206865
1777986304,181728413,base,0.03131639584898949,0.1946999728679657,0.5148353576660156,-0.6170544969684082,-0.4417853421616811,-0.05622122044504757,0.6487747085419375
1777986304,253734659,base,0.030839569866657257,0.1945192515850067,0.5157004594802856,-0.6230579847121432,-0.433960002913921,-0.05139026283922673,0.6487191260852327
1777986304,306731483,base,0.030977338552474976,0.19413599371910095,0.5166186094284058,-0.626692678629282,-0.42726548863112596,-0.047110237189997205,0.6499854736126267
1777986304,349727432,base,0.031456220895051956,0.19393740594387054,0.5174811482429504,-0.6299928212689541,-0.42061996983516353,-0.04326179663277148,0.6513956712846065
1777986304,382726612,base,0.032154347747564316,0.19390638172626495,0.5181967616081238,-0.6327502634086445,-0.41478633922336244,-0.04040357490658367,0.6526461203156395
1777986304,412727272,base,0.032874930649995804,0.1939324140548706,0.5188897848129272,-0.6353015116551047,-0.4090820108844078,-0.03754875158514257,0.6539372751266018
1777986304,446726700,base,0.033535659313201904,0.1939706802368164,0.5196619629859924,-0.6379123517974314,-0.40288660614724364,-0.03404539840151903,0.6554320181874465
1777986304,544728952,base,0.033094022423028946,0.19413192570209503,0.520556628704071,-0.6413312853844118,-0.3940659848541672,-0.02483910183848515,0.657867161955612
1777986304,606727437,base,0.03217972815036774,0.1945149153470993,0.5206889510154724,-0.6419982688881898,-0.39233337439414273,-0.02120021580054942,0.6583793160947271
1777986304,650731840,base,0.03126629441976547,0.19493144750595093,0.5206746459007263,-0.6424844794697572,-0.39168982742503095,-0.01866097207272051,0.6583650457740714
1777986304,691730870,base,0.030360756441950798,0.195371612906456,0.5205144882202148,-0.6429760167935373,-0.39153458757114584,-0.01654055216753333,0.6580341218357705
1777986304,735731228,base,0.029514146968722343,0.19582290947437286,0.5202138423919678,-0.6435242135130066,-0.3917796732334102,-0.014848961093500453,0.6573924043864467
1777986304,780732069,base,0.028705520555377007,0.19625918567180634,0.5197927951812744,-0.6436406502424257,-0.3930925575472857,-0.014231826039675665,0.6565077252895859
1777986304,847728168,base,0.027886560186743736,0.1967581957578659,0.5194888114929199,-0.6436418900835356,-0.39445483915329954,-0.01377635367257141,0.6556986184057917
1777986304,990728165,base,0.026968952268362045,0.19703449308872223,0.519780158996582,-0.6423765692192697,-0.39549189440056176,-0.012289512027242202,0.6563440068215417
1777986305,41729873,base,0.026279648765921593,0.19703342020511627,0.5205341577529907,-0.640905229410652,-0.39516952294924834,-0.0104425661019146,0.6580064264578982
1777986305,74750928,base,0.025731520727276802,0.19701096415519714,0.5213993191719055,-0.6393586161580694,-0.3945236710955105,-0.008800972761132377,0.6599198008211492
1777986305,100727657,base,0.02527168020606041,0.19696636497974396,0.5223097205162048,-0.6378853054233816,-0.39364347550942363,-0.00722279912790603,0.6618874284772392
1777986305,125728618,base,0.024860862642526627,0.19691644608974457,0.5232444405555725,-0.63636965552959,-0.3927505370148935,-0.005808664839488633,0.6638877288051126
1777986305,148726963,base,0.024545779451727867,0.19687263667583466,0.5242033004760742,-0.6348848129123984,-0.3916981822773176,-0.004531348888409633,0.6659378862178476
1777986305,170728945,base,0.02432994171977043,0.19683003425598145,0.5251845121383667,-0.633461586546439,-0.39050347247493983,-0.0034195239965963548,0.6679983104611991
1777986305,195726154,base,0.024118833243846893,0.19679893553256989,0.5261709094047546,-0.6320468904337384,-0.3893166837024909,-0.002394789752945853,0.6700324476092677
1777986305,225728213,base,0.023956291377544403,0.19685380160808563,0.5271862745285034,-0.6307254783894612,-0.38795904497003386,-0.001578218638710966,0.6720644578398783
1777986305,260733069,base,0.023924266919493675,0.19701199233531952,0.5281936526298523,-0.6296844663721783,-0.38646761004568153,-0.001310693556864473,0.673898010499832
1777986305,409727301,base,0.023787982761859894,0.19785962998867035,0.5287100672721863,-0.6323682652168076,-0.38336877844287803,-0.002302064115093832,0.6731518890430326
1777986305,530728735,base,0.023203585296869278,0.1981291025876999,0.5294837355613708,-0.6372575716136439,-0.3784259325754542,-0.003188848214742222,0.6713318348039272
1777986305,633730338,base,0.02252187952399254,0.19857561588287354,0.5300735235214233,-0.6417101103649387,-0.3753392549754909,-0.004326014186852407,0.6688122804999804
1777986305,697726411,base,0.021818768233060837,0.19845424592494965,0.5307930111885071,-0.6425629047615012,-0.37598425992699985,-0.005789524995675618,0.6676190713051571
1777986305,742736006,base,0.021259114146232605,0.19827179610729218,0.5316238403320312,-0.6427447738311177,-0.37649667834436834,-0.006691440523812192,0.6671466048234642
1777986305,772727826,base,0.020871276035904884,0.19811691343784332,0.5325347781181335,-0.6425658982737562,-0.3762399445461856,-0.00682228127060927,0.6674623731101097
1777986305,798729990,base,0.02050190046429634,0.197970449924469,0.5334623456001282,-0.6421239115312117,-0.3758247879166422,-0.006658166138631684,0.6681229276798929
1777986305,822732583,base,0.020124590024352074,0.1978241354227066,0.5344117283821106,-0.6414420626793924,-0.3753946300813601,-0.0063569844460494174,0.6690220503403744
1777986305,845728205,base,0.019756777212023735,0.1976756602525711,0.5353515148162842,-0.6406555923079092,-0.3750177297652173,-0.006063492676057281,0.6699890625740604
1777986305,871730404,base,0.019376514479517937,0.19753386080265045,0.5362662672996521,-0.6398296134684577,-0.37479416126569376,-0.005915750932941306,0.6709041636859783
1777986305,914727534,base,0.018827242776751518,0.1975070983171463,0.5371183156967163,-0.6391988999287554,-0.37481452071183124,-0.006060935176392403,0.6714924482844441
1777986305,981727307,base,0.017941059544682503,0.1978854537010193,0.5374211668968201,-0.6395003552203814,-0.3755345384333875,-0.006970509905526332,0.6707939346970372
1777986306,31727085,base,0.01702030934393406,0.19818466901779175,0.5376759171485901,-0.6399299642936597,-0.3761688280164119,-0.007371984207366757,0.6700241035891434
1777986306,73728022,base,0.016094190999865532,0.19846142828464508,0.5379539132118225,-0.6408114850487765,-0.3763574906056553,-0.007351983518963775,0.6690751903337998
1777986306,123732360,base,0.015273036435246468,0.1986517608165741,0.5385188460350037,-0.6430497525396073,-0.37505762159929873,-0.0067802446937053,0.6676622114020274
1777986306,170729779,base,0.014599488116800785,0.19868728518486023,0.5392802953720093,-0.6461385150185474,-0.3725541542883818,-0.005478307249727449,0.6660918768248594
1777986306,212734218,base,0.013965490274131298,0.19867676496505737,0.5400788187980652,-0.6484196831878418,-0.3711224607998649,-0.005264803690790879,0.6646745918188091
1777986306,255726564,base,0.01328281406313181,0.19872622191905975,0.5408124923706055,-0.6496836356750115,-0.37166783364465983,-0.0070983782087301155,0.663116724032749
1777986306,298731621,base,0.012640700675547123,0.19871832430362701,0.5416088700294495,-0.6504521536719694,-0.37272042275487377,-0.009395876063337194,0.6617425588898107
1777986306,339732040,base,0.012051104567945004,0.19866453111171722,0.5424153804779053,-0.6510879196112253,-0.3736004286474553,-0.01141988166165809,0.6605882388066892
1777986306,373729915,base,0.011530715972185135,0.1985531449317932,0.5432649850845337,-0.6513664975036734,-0.37417995311747043,-0.012864750828318141,0.659958744976808
1777986306,401727824,base,0.011081093922257423,0.1983763575553894,0.5441832542419434,-0.651215011915814,-0.3744345852631845,-0.013671207388940843,0.6599476050040302
1777986306,425728684,base,0.010673978365957737,0.19817785918712616,0.5451071262359619,-0.6507726405724533,-0.37458666909683414,-0.014152852143122827,0.6602874264377444
1777986306,446729260,base,0.010271512903273106,0.19797618687152863,0.5460332632064819,-0.6501390144370556,-0.3747102799936998,-0.014453614367194164,0.660834748147153
1777986306,465735019,base,0.00985709298402071,0.19779349863529205,0.546931266784668,-0.6494286748836319,-0.37480073002338543,-0.014595694972723675,0.6614784720438927
1777986306,483728450,base,0.009404622949659824,0.19762727618217468,0.5478447675704956,-0.6486254199667674,-0.37485768982140694,-0.014595978208024184,0.6622338698382316
1777986306,500728284,base,0.008906598202884197,0.19749578833580017,0.5487449765205383,-0.6477470349818237,-0.37486513187089093,-0.014408998472752616,0.663092953078808
1777986306,516730326,base,0.0083637535572052,0.19740252196788788,0.5496186017990112,-0.6468158720266546,-0.3748415506848351,-0.014065029539207354,0.6640219998631639
1777986306,532728890,base,0.0077802399173378944,0.19734998047351837,0.550441324710846,-0.6459204896322107,-0.37485908667713885,-0.013693557374307632,0.6648908679663104
1777986306,549727996,base,0.0071426378563046455,0.1973462700843811,0.5512133240699768,-0.6450802960254067,-0.37494149492607415,-0.01332609532987366,0.6656670986885531
1777986306,567727783,base,0.006439825985580683,0.19740039110183716,0.551926851272583,-0.6442780567074025,-0.3750857001298586,-0.01292625984298742,0.6663703141803534
1777986306,587732542,base,0.005649840924888849,0.1975354701280594,0.5525946617126465,-0.6435262371716904,-0.37528668800758563,-0.012540126784714953,0.6669907395331778
1777986306,610729576,base,0.004833820275962353,0.197786346077919,0.5531725883483887,-0.6430037337864274,-0.375548765508986,-0.012466050726091317,0.6673484063259584
1777986306,640732059,base,0.003968467470258474,0.19810979068279266,0.5535700917243958,-0.6428983139550207,-0.3761433352243956,-0.012868475378192216,0.6671074520507324
1777986306,694727106,base,0.0030954054091125727,0.19831904768943787,0.5540252327919006,-0.6435387230535433,-0.37743295026394885,-0.014827374702172333,0.6657194614543586
1777986306,741729091,base,0.002522606635466218,0.19818854331970215,0.5548446774482727,-0.643993951918613,-0.3780490821495391,-0.016363533044807754,0.6648931413227774
1777986306,774728674,base,0.0020926790311932564,0.1979493647813797,0.5557464957237244,-0.6443540740499727,-0.37800187872520635,-0.01701372970120523,0.6645547024445113
1777986306,802727835,base,0.0016892607090994716,0.19769592583179474,0.5566510558128357,-0.6447486567792654,-0.37771003076297205,-0.017352036778927358,0.6643291470978062
1777986306,829730993,base,0.0012830189662054181,0.19745928049087524,0.5575726628303528,-0.6453643846765451,-0.3771467492855794,-0.017524114538450854,0.664046724917465
1777986306,854726875,base,0.0009175740997307003,0.19727949798107147,0.558501124382019,-0.6462764774818421,-0.37608242081968846,-0.01747235245988954,0.6637646006919763
1777986306,879732754,base,0.0005729179829359055,0.1971447467803955,0.5594502091407776,-0.6474806087496691,-0.3747407401019555,-0.017490636213261496,0.6633493254294222
1777986306,904726468,base,0.0002732403518166393,0.19704210758209229,0.5604121685028076,-0.6487508990678149,-0.37340240202902436,-0.017818205835735283,0.6628539981737718
1777986306,930732874,base,-0.00010348854993935674,0.19699862599372864,0.5613446235656738,-0.649928414562852,-0.3725238468215683,-0.01868827671404916,0.6621705128285253
1777986306,959729120,base,-0.0005932649364694953,0.19706983864307404,0.5622226595878601,-0.6508845226569326,-0.3725363963318994,-0.02064679520330743,0.661165385944085
1777986306,990728361,base,-0.0011007373686879873,0.1972121149301529,0.5630795359611511,-0.6516302275199292,-0.3730681047088199,-0.02334315933435083,0.6600403966199937
1777986307,21728479,base,-0.001635623280890286,0.19737547636032104,0.5639373660087585,-0.6522734096630852,-0.373739400018301,-0.02619400745552428,0.6589173960721093
1777986307,50734754,base,-0.002276750048622489,0.19751505553722382,0.564717173576355,-0.652826200011398,-0.37452466181915833,-0.028628963620353175,0.6578218589669669
1777986307,76727337,base,-0.0029140892438590527,0.19752657413482666,0.5655324459075928,-0.6531161828708755,-0.3752122743538461,-0.030460672073900963,0.6570594456096491
1777986307,99735403,base,-0.003539132419973612,0.1974845826625824,0.5663716197013855,-0.6532139757289552,-0.375681048613237,-0.031747517976591366,0.656633336073833
1777986307,120726873,base,-0.004124485421925783,0.1973942220211029,0.5672287344932556,-0.6531776925603897,-0.3759586867381269,-0.03264209074465862,0.6564666356417544
1777986307,139728302,base,-0.004642399027943611,0.19726143777370453,0.5680837631225586,-0.6530180311338897,-0.3760480552733511,-0.033199634118743826,0.6565463384757152
1777986307,158727515,base,-0.0051369923166930676,0.19709418714046478,0.5689986944198608,-0.6527421764293451,-0.37599673351436175,-0.03357798417925212,0.6568307407342584
1777986307,176726811,base,-0.005587256979197264,0.196924090385437,0.5698936581611633,-0.6524109666791409,-0.37585995216163054,-0.03382969676146295,0.6572250632599145
1777986307,194728507,base,-0.006024843081831932,0.19674603641033173,0.5708068013191223,-0.6520289933164253,-0.37567295147296603,-0.03402020132632074,0.6577010376294703
1777986307,213730400,base,-0.006481116637587547,0.19657479226589203,0.5717282891273499,-0.6516240483664196,-0.37549231428673585,-0.034193975764084304,0.6581963134096219
1777986307,233729447,base,-0.006936829537153244,0.19639848172664642,0.572629988193512,-0.6512060534654982,-0.3753581613384715,-0.034384693616911106,0.6586764131031565
1777986307,254728138,base,-0.007406258024275303,0.19621947407722473,0.5735012888908386,-0.6507960376456595,-0.3753793593060377,-0.03470179728342448,0.6590528125873965
1777986307,276729233,base,-0.007909130305051804,0.19603115320205688,0.5743767023086548,-0.6503831727382309,-0.3754584533836901,-0.03501282073597058,0.6593988040270284
1777986307,299727843,base,-0.008428233675658703,0.1958395540714264,0.575247585773468,-0.6499886118216468,-0.37562775961095973,-0.03543497387724956,0.6596688158324907
1777986307,321733453,base,-0.008967355825006962,0.19566483795642853,0.5760921239852905,-0.6495432406123647,-0.3758635965684922,-0.03585316596548979,0.6599505177285214
1777986307,343732268,base,-0.009552574716508389,0.19551755487918854,0.5769287943840027,-0.6490687667285386,-0.37612067681198563,-0.03621449220003147,0.6602510519633206
1777986307,364735880,base,-0.010189010761678219,0.19541484117507935,0.5777413845062256,-0.6486008973229477,-0.3763339374634004,-0.0364363531148948,0.6605770502354885
1777986307,384736997,base,-0.010863100178539753,0.19535024464130402,0.5785156488418579,-0.6481914735054614,-0.37648629117562593,-0.036535769943934204,0.660886525663929
1777986307,403728346,base,-0.011561457067728043,0.19532853364944458,0.5792391300201416,-0.6478323086023294,-0.3766370627438728,-0.03660759931165289,0.661148776843485
1777986307,423726111,base,-0.012297084555029869,0.19531142711639404,0.5799793004989624,-0.6475275065503157,-0.3767999157740221,-0.0367186249632649,0.6613484035341379
1777986307,444728784,base,-0.013057430274784565,0.19532018899917603,0.5806848406791687,-0.6474029558261338,-0.37693314813350864,-0.03686400319179831,0.6613863088538195
1777986307,465736385,base,-0.013811618089675903,0.1953454166650772,0.5813484787940979,-0.6474674199383701,-0.3770025961524526,-0.037042771761834764,0.6612736243510503
1777986307,488731835,base,-0.014617273584008217,0.19542296230793,0.5819549560546875,-0.6479000493632862,-0.37702460638040985,-0.037383272620010975,0.6608180123510285
1777986307,514731305,base,-0.015420590527355671,0.1954934000968933,0.5825623273849487,-0.6488687259646456,-0.3766661013913756,-0.03765079819726,0.6600563916179361
1777986307,540725680,base,-0.01617567613720894,0.19551388919353485,0.5832181572914124,-0.6501992041237813,-0.37578599225860815,-0.03758100758888843,0.6592522418747483
1777986307,565731632,base,-0.01690913550555706,0.19552858173847198,0.5839018225669861,-0.6516913826960944,-0.3745638559119638,-0.03726511772324262,0.6584918891402517
1777986307,591730027,base,-0.017606761306524277,0.19554339349269867,0.5846691727638245,-0.6532202584004123,-0.37317295162886294,-0.037082963923607035,0.657776623651402
1777986307,616730560,base,-0.01817752979695797,0.19552387297153473,0.5855008959770203,-0.6545543048264927,-0.3717710617090802,-0.03712166001655938,0.6572418806266301
1777986307,641730461,base,-0.018625525757670403,0.19550803303718567,0.5864144563674927,-0.6557447826528912,-0.3703569827120278,-0.03758158034712076,0.6568273008914768
1777986307,665755086,base,-0.01891060546040535,0.19552041590213776,0.5873820781707764,-0.6567469348645204,-0.36898061396404874,-0.038572312909406145,0.6565431893589614
1777986307,687731215,base,-0.019010111689567566,0.1955077350139618,0.588392972946167,-0.6575469984856491,-0.3675299424624507,-0.03977209545801174,0.6564844569821654
1777986307,707728188,base,-0.018987545743584633,0.1954795867204666,0.5893994569778442,-0.6581681266834901,-0.36611153942144714,-0.041114781344191005,0.6565718854817088
1777986307,726731612,base,-0.01887958124279976,0.19543790817260742,0.5904324054718018,-0.6586147574642623,-0.36479466766640545,-0.04270670949258817,0.6567553436445261
1777986307,743731058,base,-0.0187386441975832,0.19539131224155426,0.5914293527603149,-0.6588582615749784,-0.36375538283970477,-0.04451774803415134,0.6569672564709249
1777986307,759728175,base,-0.018617797642946243,0.19530978798866272,0.5924208164215088,-0.6589330585612838,-0.36298238024249163,-0.04641043926857896,0.6571887687030542
1777986307,776731518,base,-0.018575550988316536,0.19518384337425232,0.593479335308075,-0.6588729033827522,-0.36247802759624304,-0.04848337582728271,0.6573777499608349
1777986307,792730969,base,-0.01857008971273899,0.1950196474790573,0.5945003032684326,-0.6586986951107617,-0.3621743000362195,-0.050442941773852994,0.6575722854960467
1777986307,808732011,base,-0.01862160488963127,0.19483667612075806,0.5955008864402771,-0.6584944873712911,-0.3619916615822085,-0.05231797775351318,0.657730835831347
1777986307,824731166,base,-0.01869734190404415,0.1946347951889038,0.5965005159378052,-0.658263043538496,-0.3618575266097886,-0.054127813280108523,0.6578898575799478
1777986307,840731291,base,-0.01880309358239174,0.19441893696784973,0.597507119178772,-0.6580172827122098,-0.3617600391227072,-0.055892349172075584,0.6580417729596277
1777986307,856731663,base,-0.01894630864262581,0.19420316815376282,0.5985050201416016,-0.6577800113081355,-0.3616935659717227,-0.057607585562364935,0.6581675918903772
1777986307,872732769,base,-0.019137179479002953,0.19398486614227295,0.5994757413864136,-0.6575672780622887,-0.3616691348883675,-0.059222078532719984,0.6582502863257105
1777986307,888730879,base,-0.019397417083382607,0.19374512135982513,0.6004176139831543,-0.6573597478693458,-0.36172737388340287,-0.060659054409702644,0.6582947279580078
1777986307,905727615,base,-0.01976003870368004,0.19346795976161957,0.601365864276886,-0.6571357257251036,-0.36192584993009885,-0.06195406249123781,0.6582886897766135
1777986307,922727640,base,-0.020165972411632538,0.19318027794361115,0.602235734462738,-0.6568948584666454,-0.36224351809299055,-0.0630359991702859,0.6582516417464773
1777986307,941725586,base,-0.020638471469283104,0.19286291301250458,0.6031255125999451,-0.6566215080469623,-0.36266536193596033,-0.0640696300013127,0.6581923005660079
1777986307,961726548,base,-0.021115755662322044,0.19254621863365173,0.6039915680885315,-0.656374117155907,-0.3630560061657599,-0.06500708973416511,0.6581317625214571
1777986307,982726969,base,-0.021583562716841698,0.1922314465045929,0.6048418879508972,-0.6561745548115605,-0.3633453963188668,-0.0658354359638742,0.6580887279087916
1777986308,6736848,base,-0.02208140678703785,0.19194307923316956,0.6056748628616333,-0.65602849503317,-0.3636318266523849,-0.06666836298023741,0.6579922726053864
1777986308,36728367,base,-0.022670721635222435,0.19171151518821716,0.6064854264259338,-0.6559990476530825,-0.36394660942981055,-0.06756208150661444,0.6577563821409753
1777986308,79726966,base,-0.023499533534049988,0.1917441189289093,0.6070690155029297,-0.6564281101592793,-0.36430611877258307,-0.06853866873252305,0.6570278734626145
1777986308,128727467,base,-0.024387409910559654,0.19222529232501984,0.6070128083229065,-0.6574926487328306,-0.36455622964067635,-0.06923159427156253,0.6557508227706383
1777986308,167737331,base,-0.025068312883377075,0.1928703337907791,0.6066208481788635,-0.6586656227082142,-0.3646593390462921,-0.06975733641613678,0.6544593808504812
1777986308,203728548,base,-0.025556497275829315,0.19364427030086517,0.60616135597229,-0.6597843870771356,-0.3647816736969376,-0.07091596540413035,0.6531384318969181
1777986308,251732771,base,-0.025725210085511208,0.19460289180278778,0.6059280037879944,-0.6609559690100977,-0.3643484872482108,-0.07341558485322797,0.651918325358256
1777986308,295741248,base,-0.025131672620773315,0.19535188376903534,0.6062667369842529,-0.6617479501213656,-0.3626632744023309,-0.07658938542158247,0.6516893911070845
1777986308,323727182,base,-0.02436007931828499,0.1957935392856598,0.6067831516265869,-0.6620986779849191,-0.36094487872415826,-0.07930326092330137,0.6519625057964938
1777986308,352727995,base,-0.023579934611916542,0.19620944559574127,0.6073121428489685,-0.6623649346985435,-0.35931027537968546,-0.08207952293364844,0.6522512898621539
1777986308,388731647,base,-0.022829575464129448,0.19666017591953278,0.6078277230262756,-0.6626555009832349,-0.35770513698845335,-0.08494996964403641,0.652470861831186
1777986308,467728174,base,-0.023309819400310516,0.19752636551856995,0.607591986656189,-0.6633793916130953,-0.35800394350157616,-0.08707237931400111,0.6512905315949326
