ply
format ascii 1.0
element vertex 3487
property float x
property float y
property float z
property uchar red
property uchar green
property uchar blue
end_header
0.489844 0.381186 0.421586 98 93 89
0.488355 0.381222 0.421336 115 110 106
0.486866 0.381257 0.421085 124 122 114
0.485377 0.381293 0.420834 92 90 82
0.483888 0.381328 0.420584 62 63 54
0.482399 0.381364 0.420333 53 54 45
0.480910 0.381399 0.420082 45 48 47
0.479421 0.381434 0.419832 55 58 57
0.477932 0.381470 0.419581 55 63 64
0.476443 0.381505 0.419330 52 60 61
0.474954 0.381541 0.419080 50 58 55
0.473465 0.381576 0.418829 47 55 52
0.471976 0.381612 0.418578 43 52 45
0.491089 0.380543 0.423200 137 137 137
0.489067 0.379473 0.422919 160 157 152
0.487580 0.379508 0.422669 167 164 159
0.486094 0.379544 0.422418 161 162 153
0.484608 0.379579 0.422168 167 168 159
0.483121 0.379615 0.421918 130 131 125
0.481635 0.379650 0.421668 126 127 121
0.480148 0.379686 0.421417 79 82 83
0.478662 0.379721 0.421167 50 53 54
0.477688 0.380862 0.420944 54 60 60
0.476199 0.380898 0.420694 54 60 60
0.474710 0.380933 0.420443 53 61 58
0.473221 0.380969 0.420192 49 57 54
0.471732 0.381004 0.419942 48 57 50
0.470243 0.381040 0.419691 45 54 47
0.468754 0.381075 0.419440 44 56 46
0.467265 0.381111 0.419190 45 57 47
0.466268 0.382252 0.418963 38 50 40
0.492334 0.379900 0.424814 128 129 125
0.490845 0.379936 0.424564 146 147 143
0.488823 0.378867 0.424280 152 153 144
0.487337 0.378902 0.424029 151 152 143
0.485850 0.378937 0.423779 147 148 139
0.484364 0.378973 0.423529 170 171 162
0.482878 0.379008 0.423279 153 155 146
0.481391 0.379044 0.423029 149 151 142
0.479905 0.379079 0.422778 125 126 122
0.478418 0.379114 0.422528 62 63 59
0.477444 0.380255 0.422307 62 68 68
0.475955 0.380290 0.422057 62 68 68
0.474466 0.380326 0.421806 59 70 66
0.472977 0.380361 0.421555 52 63 59
0.471488 0.380397 0.421305 50 62 54
0.469999 0.380432 0.421054 46 58 50
0.468510 0.380468 0.420803 45 59 50
0.467021 0.380503 0.420553 45 59 50
0.465532 0.380538 0.420302 44 58 47
0.464043 0.380574 0.420051 37 51 40
0.463040 0.381715 0.419826 33 48 32
0.492090 0.379292 0.426177 143 147 140
0.490601 0.379328 0.425927 147 151 144
0.489112 0.379363 0.425676 146 147 141
0.487623 0.379399 0.425425 147 148 142
0.486134 0.379434 0.425175 149 150 144
0.484645 0.379470 0.424924 173 174 168
0.482634 0.378402 0.424640 168 168 162
0.481148 0.378437 0.424389 145 145 139
0.479661 0.378472 0.424139 152 152 146
0.478689 0.379612 0.423921 97 97 91
0.477200 0.379647 0.423671 68 75 69
0.475711 0.379683 0.423420 62 69 63
0.474222 0.379718 0.423169 62 71 64
0.472733 0.379754 0.422919 63 72 65
0.471244 0.379789 0.422668 60 72 64
0.469755 0.379824 0.422417 53 65 57
0.468266 0.379860 0.422167 50 65 60
0.466777 0.379895 0.421916 44 59 54
0.465288 0.379931 0.421665 43 58 53
0.463799 0.379966 0.421415 40 55 50
0.462796 0.381106 0.421192 43 57 46
0.461304 0.381142 0.420941 39 53 42
0.459813 0.381177 0.420690 37 52 36
0.492382 0.379787 0.427579 145 148 147
0.490891 0.379822 0.427328 145 148 147
0.488868 0.378756 0.427039 149 150 146
0.487379 0.378791 0.426789 155 156 152
0.485890 0.378827 0.426538 157 158 152
0.484401 0.378862 0.426287 154 155 149
0.482912 0.378898 0.426037 153 151 143
0.481423 0.378933 0.425786 146 144 136
0.479934 0.378969 0.425535 136 138 129
0.478445 0.379004 0.425285 143 145 136
0.476956 0.379040 0.425034 128 135 129
0.475467 0.379075 0.424783 92 99 93
0.473978 0.379110 0.424533 57 65 62
0.472489 0.379146 0.424282 56 64 61
0.471501 0.380284 0.424064 55 66 62
0.470009 0.380320 0.423813 54 65 61
0.468518 0.380355 0.423562 53 66 65
0.467026 0.380391 0.423311 52 65 64
0.465535 0.380427 0.423060 49 62 59
0.464043 0.380462 0.422808 47 60 57
0.462552 0.380498 0.422557 47 61 50
0.461060 0.380533 0.422306 47 61 50
0.460049 0.381672 0.422084 46 61 45
0.458555 0.381708 0.421833 45 60 44
0.457061 0.381743 0.421581 43 53 41
0.455567 0.381779 0.421330 41 51 39
0.454073 0.381814 0.421078 42 52 38
0.492674 0.380279 0.428986 88 88 84
0.491180 0.380315 0.428734 140 140 136
0.489155 0.379249 0.428443 150 150 144
0.487663 0.379285 0.428192 158 158 152
0.486172 0.379320 0.427941 154 155 146
0.484680 0.379356 0.427689 150 151 142
0.483189 0.379391 0.427438 149 147 135
0.481697 0.379427 0.427187 155 153 141
0.480206 0.379463 0.426936 153 158 146
0.478714 0.379498 0.426685 106 111 99
0.477223 0.379534 0.426434 86 93 87
0.475731 0.379569 0.426183 63 70 64
0.474239 0.379605 0.425932 49 55 55
0.472748 0.379640 0.425681 44 50 50
0.471757 0.380778 0.425465 40 46 46
0.470263 0.380813 0.425213 48 54 54
0.468769 0.380849 0.424961 50 56 56
0.467275 0.380884 0.424710 62 68 68
0.465780 0.380920 0.424458 60 68 65
0.464286 0.380956 0.424207 57 65 62
0.462792 0.380991 0.423955 57 67 55
0.461298 0.381027 0.423704 60 70 58
0.459804 0.381062 0.423452 61 71 59
0.458310 0.381098 0.423201 63 73 61
0.456816 0.381134 0.422949 56 66 54
0.455322 0.381169 0.422698 57 67 55
0.453828 0.381205 0.422446 57 67 53
0.452334 0.381240 0.422195 55 65 51
0.450839 0.381276 0.421943 50 65 47
0.449345 0.381312 0.421692 63 78 60
0.447851 0.381347 0.421440 93 126 84
0.446357 0.381383 0.421189 91 124 82
0.444863 0.381418 0.420937 75 113 56
0.443369 0.381454 0.420685 77 115 58
0.441875 0.381490 0.420434 61 96 40
0.440381 0.381525 0.420182 56 91 35
0.438887 0.381561 0.419931 51 83 32
0.437393 0.381596 0.419679 42 74 23
0.435899 0.381632 0.419428 41 72 30
0.491469 0.380805 0.430145 146 143 140
0.489972 0.380841 0.429893 187 187 181
0.487947 0.379776 0.429599 188 188 182
0.486453 0.379812 0.429348 211 212 201
0.484959 0.379848 0.429096 216 217 206
0.483465 0.379883 0.428845 209 211 193
0.481971 0.379919 0.428593 200 202 184
0.480477 0.379954 0.428342 186 189 171
0.478983 0.379990 0.428090 93 96 78
0.477488 0.380026 0.427839 47 56 47
0.475994 0.380061 0.427587 45 54 45
0.474500 0.380097 0.427336 48 54 52
0.473006 0.380132 0.427084 43 49 47
0.472012 0.381269 0.426870 42 48 46
0.470515 0.381305 0.426618 43 49 47
0.469019 0.381340 0.426366 48 48 48
0.467522 0.381376 0.426114 48 48 48
0.466025 0.381411 0.425862 66 70 63
0.464529 0.381447 0.425610 71 75 68
0.463032 0.381483 0.425358 71 79 66
0.461535 0.381518 0.425106 78 86 73
0.460039 0.381554 0.424854 67 75 62
0.458542 0.381590 0.424602 65 73 60
0.457045 0.381625 0.424350 68 78 64
0.455549 0.381661 0.424098 69 79 65
0.454052 0.381697 0.423846 63 73 59
0.452556 0.381732 0.423594 64 74 60
0.451059 0.381768 0.423342 43 64 42
0.450024 0.382906 0.423121 107 128 106
0.448066 0.381839 0.422838 141 184 123
0.446569 0.381875 0.422586 143 186 125
0.445526 0.383013 0.422364 140 191 105
0.443576 0.381946 0.422083 135 186 100
0.442528 0.383084 0.421859 134 189 97
0.441029 0.383120 0.421607 125 180 88
0.439529 0.383156 0.421354 128 179 93
0.437589 0.382089 0.421075 124 175 89
0.436092 0.382125 0.420823 119 167 90
0.434160 0.381058 0.420544 106 154 77
0.432665 0.381093 0.420293 95 140 69
0.431171 0.381129 0.420041 86 131 60
0.429677 0.381165 0.419790 75 116 42
0.428183 0.381200 0.419538 57 98 24
0.426689 0.381236 0.419287 52 87 17
0.425195 0.381271 0.419035 45 80 10
0.423701 0.381307 0.418783 37 68 13
0.422207 0.381343 0.418532 39 70 15
0.492822 0.383492 0.431651 124 121 118
0.490787 0.382429 0.431353 182 180 172
0.488758 0.381365 0.431056 160 158 150
0.487259 0.381401 0.430804 147 148 135
0.485759 0.381437 0.430551 161 162 149
0.484260 0.381472 0.430299 181 181 161
0.482761 0.381508 0.430046 186 186 166
0.481262 0.381544 0.429794 176 180 157
0.479763 0.381580 0.429542 108 112 89
0.478263 0.381615 0.429289 55 65 51
0.477271 0.382751 0.429078 61 71 57
0.475770 0.382786 0.428825 59 68 59
0.474268 0.382822 0.428572 55 64 55
0.472766 0.382858 0.428319 54 61 55
0.471264 0.382894 0.428067 56 63 57
0.469762 0.382930 0.427814 63 67 60
0.468261 0.382965 0.427561 67 71 64
0.466759 0.383001 0.427308 67 72 60
0.465257 0.383037 0.427055 75 80 68
0.463755 0.383073 0.426802 82 87 75
0.462254 0.383108 0.426550 88 93 81
0.460752 0.383144 0.426297 89 94 80
0.459250 0.383180 0.426044 82 87 73
0.457748 0.383216 0.425791 75 83 68
0.456246 0.383251 0.425538 75 83 68
0.454745 0.383287 0.425286 71 81 65
0.453243 0.383323 0.425033 70 80 64
0.451741 0.383359 0.424780 51 75 47
0.450239 0.383395 0.424527 117 141 113
0.448738 0.383430 0.424274 162 209 135
0.447236 0.383466 0.424021 156 203 129
0.446188 0.384603 0.423800 152 208 109
0.444683 0.384639 0.423547 150 206 107
0.443179 0.384675 0.423294 135 199 94
0.441675 0.384710 0.423041 135 199 94
0.440170 0.384746 0.422787 130 194 85
0.438225 0.383681 0.422504 130 194 85
0.436723 0.383717 0.422252 134 196 88
0.435222 0.383752 0.421999 134 196 88
0.433287 0.382687 0.421718 128 190 86
0.431788 0.382722 0.421465 135 197 93
0.430288 0.382758 0.421213 131 189 91
0.428364 0.381692 0.420933 128 186 88
0.426867 0.381728 0.420681 125 177 84
0.425370 0.381763 0.420429 117 169 76
0.423874 0.381799 0.420177 121 171 82
0.422377 0.381835 0.419925 114 164 75
0.420880 0.381870 0.419673 108 151 76
0.419384 0.381906 0.419421 101 144 69
0.417887 0.381942 0.419169 93 129 64
0.415986 0.380875 0.418894 77 113 48
0.414492 0.380911 0.418642 58 94 31
0.412997 0.380946 0.418391 53 89 26
0.411503 0.380982 0.418139 47 81 30
0.491601 0.384012 0.432823 150 148 138
0.490094 0.384048 0.432569 168 166 156
0.488062 0.382986 0.432269 143 142 127
0.486558 0.383021 0.432016 117 116 101
0.485054 0.383057 0.431762 104 103 88
0.483549 0.383093 0.431509 101 100 85
0.482045 0.383129 0.431256 97 101 80
0.480541 0.383165 0.431003 88 92 71
0.479546 0.384299 0.430793 60 68 53
0.478039 0.384335 0.430539 67 75 60
0.476532 0.384371 0.430286 63 71 58
0.475025 0.384407 0.430032 61 69 56
0.473518 0.384443 0.429778 62 70 59
0.472011 0.384479 0.429525 64 72 61
0.470504 0.384515 0.429271 65 73 62
0.468998 0.384551 0.429017 64 72 61
0.467491 0.384586 0.428764 67 75 64
0.465984 0.384622 0.428510 68 76 65
0.464477 0.384658 0.428256 72 80 65
0.462970 0.384694 0.428003 72 80 65
0.461463 0.384730 0.427749 84 90 73
0.459956 0.384766 0.427495 84 90 73
0.458449 0.384802 0.427241 77 86 68
0.456942 0.384838 0.426988 79 88 70
0.455436 0.384874 0.426734 80 89 71
0.453929 0.384909 0.426480 82 91 73
0.452422 0.384945 0.426227 57 79 48
0.450915 0.384981 0.425973 109 131 100
0.449408 0.385017 0.425719 164 212 131
0.447901 0.385053 0.425466 172 220 139
0.446394 0.385089 0.425212 165 227 123
0.444887 0.385125 0.424958 165 227 123
0.443380 0.385161 0.424705 162 226 117
0.441874 0.385197 0.424451 161 225 116
0.440367 0.385233 0.424197 163 229 110
0.438860 0.385268 0.423944 155 221 102
0.436915 0.384204 0.423658 149 214 89
0.435411 0.384240 0.423405 150 215 90
0.433906 0.384276 0.423152 150 215 90
0.432402 0.384312 0.422899 147 212 87
0.430470 0.383247 0.422615 145 209 91
0.428968 0.383283 0.422362 148 212 94
0.427467 0.383318 0.422110 153 214 99
0.425965 0.383354 0.421857 146 207 92
0.424046 0.382289 0.421576 137 197 85
0.422547 0.382325 0.421323 133 193 81
0.421047 0.382361 0.421071 135 194 87
0.419958 0.383497 0.420846 136 195 88
0.418049 0.382432 0.420566 133 187 86
0.416550 0.382468 0.420314 133 187 86
0.415051 0.382503 0.420061 128 179 83
0.413551 0.382539 0.419809 133 184 88
0.412052 0.382575 0.419557 121 170 84
0.410553 0.382611 0.419304 120 169 83
0.409054 0.382646 0.419052 108 151 72
0.407165 0.381581 0.418776 91 134 55
0.405669 0.381616 0.418524 82 122 51
0.404172 0.381652 0.418272 69 109 38
0.402675 0.381687 0.418020 63 97 36
0.401179 0.381723 0.417768 55 89 28
0.490374 0.384530 0.433998 109 110 97
0.488865 0.384566 0.433744 118 120 107
0.487355 0.384602 0.433489 112 114 101
0.485846 0.384638 0.433235 106 111 97
0.484336 0.384674 0.432981 107 112 98
0.482827 0.384710 0.432727 99 104 90
0.481317 0.384746 0.432473 89 94 80
0.479808 0.384782 0.432219 72 77 63
0.478298 0.384818 0.431965 66 71 57
0.476789 0.384854 0.431711 61 69 56
0.475280 0.384890 0.431456 62 70 57
0.473770 0.384926 0.431202 58 66 53
0.472757 0.386060 0.430992 64 72 59
0.471245 0.386096 0.430738 63 71 58
0.469242 0.385034 0.430440 62 70 57
0.467732 0.385069 0.430186 61 71 57
0.466223 0.385105 0.429932 63 73 59
0.464713 0.385141 0.429678 64 72 59
0.463204 0.385177 0.429424 64 72 59
0.461695 0.385213 0.429169 64 72 57
0.460185 0.385249 0.428915 63 71 56
0.458676 0.385285 0.428661 61 69 54
0.457166 0.385321 0.428407 62 70 55
0.455657 0.385357 0.428153 55 66 47
0.454147 0.385393 0.427899 61 72 53
0.452638 0.385429 0.427645 56 73 47
0.451589 0.386564 0.427429 52 69 43
0.450077 0.386600 0.427174 108 146 91
0.448565 0.386636 0.426919 131 169 114
0.447053 0.386672 0.426665 132 186 101
0.445541 0.386708 0.426410 139 193 108
0.444029 0.386744 0.426156 143 204 103
0.442517 0.386780 0.425901 152 213 112
0.441005 0.386816 0.425647 160 220 108
0.439493 0.386852 0.425392 163 223 111
0.437543 0.385789 0.425104 167 227 106
0.435599 0.384725 0.424816 166 226 105
0.434092 0.384761 0.424562 163 225 99
0.432585 0.384797 0.424309 164 226 100
0.431078 0.384833 0.424055 166 228 104
0.429572 0.384869 0.423801 166 228 104
0.427643 0.383805 0.423516 164 226 100
0.426138 0.383841 0.423263 161 223 97
0.424634 0.383877 0.423010 157 219 95
0.423130 0.383913 0.422756 152 214 90
0.421625 0.383949 0.422503 153 215 89
0.420121 0.383984 0.422250 152 214 88
0.418617 0.384020 0.421997 146 209 80
0.417112 0.384056 0.421743 142 205 76
0.415608 0.384092 0.421490 140 201 73
0.414104 0.384128 0.421237 140 201 73
0.412599 0.384164 0.420983 142 199 77
0.411095 0.384199 0.420730 134 191 69
0.409199 0.383135 0.420451 138 193 85
0.407698 0.383171 0.420198 139 194 86
0.406196 0.383206 0.419945 140 192 91
0.404310 0.382142 0.419667 138 190 89
0.403192 0.383278 0.419439 131 181 88
0.401691 0.383314 0.419187 125 175 82
0.399813 0.382249 0.418910 114 165 79
0.398314 0.382285 0.418658 105 156 70
0.396814 0.382320 0.418405 93 145 70
0.395315 0.382356 0.418153 84 136 61
0.393816 0.382392 0.417901 81 126 66
0.392317 0.382427 0.417648 66 111 51
0.390818 0.382463 0.417396 52 91 40
0.463437 0.385659 0.430849 57 67 53
0.461925 0.385695 0.430595 55 65 49
0.460413 0.385731 0.430340 52 62 46
0.451341 0.385947 0.428813 44 58 38
0.449829 0.385983 0.428558 32 54 27
0.448317 0.386019 0.428304 33 55 28
0.446805 0.386055 0.428049 24 61 11
0.445743 0.387189 0.427833 33 70 20
0.443781 0.386127 0.427540 41 80 16
0.442269 0.386163 0.427286 53 92 28
0.440757 0.386199 0.427031 60 103 24
0.439245 0.386235 0.426776 66 109 30
0.437733 0.386271 0.426522 70 118 30
0.436221 0.386307 0.426267 85 133 45
0.434709 0.386343 0.426013 97 153 56
0.433197 0.386379 0.425758 119 175 78
0.431258 0.385317 0.425469 136 195 90
0.429749 0.385352 0.425215 144 203 98
0.428239 0.385388 0.424961 149 210 95
0.426730 0.385424 0.424707 152 213 98
0.424804 0.384362 0.424420 157 219 97
0.423297 0.384398 0.424166 163 225 103
0.421790 0.384433 0.423912 169 226 102
0.420283 0.384469 0.423659 167 224 100
0.418776 0.384505 0.423405 166 228 95
0.417270 0.384541 0.423151 166 228 95
0.415763 0.384577 0.422898 167 229 94
0.414256 0.384613 0.422644 166 228 93
0.412749 0.384649 0.422390 167 228 100
0.411242 0.384685 0.422137 168 229 101
0.409735 0.384721 0.421883 164 223 105
0.408228 0.384757 0.421629 160 219 101
0.406336 0.383693 0.421348 154 213 97
0.404831 0.383729 0.421095 146 205 89
0.403327 0.383765 0.420841 147 206 88
0.401823 0.383801 0.420588 151 210 92
0.400318 0.383836 0.420335 140 199 83
0.398814 0.383872 0.420082 133 192 76
0.397310 0.383908 0.419828 132 192 80
0.395805 0.383944 0.419575 131 191 79
0.393936 0.382880 0.419298 133 192 89
0.392434 0.382916 0.419045 131 190 87
0.390932 0.382951 0.418792 133 185 94
0.389430 0.382987 0.418539 125 177 86
0.387928 0.383023 0.418286 112 160 68
0.386074 0.381958 0.418011 99 147 55
0.384575 0.381994 0.417759 84 129 42
0.383076 0.382030 0.417506 73 118 31
0.381577 0.382066 0.417254 52 92 23
0.380420 0.383202 0.417022 37 77 8
0.442910 0.387740 0.428750 46 59 26
0.441392 0.387776 0.428494 44 61 24
0.439436 0.386715 0.428200 43 60 23
0.437922 0.386751 0.427945 38 62 21
0.436407 0.386787 0.427690 34 58 17
0.434461 0.385726 0.427397 22 56 7
0.432949 0.385762 0.427143 25 59 10
0.431437 0.385798 0.426888 28 71 10
0.429925 0.385834 0.426634 31 74 13
0.428413 0.385870 0.426379 39 82 5
0.426901 0.385906 0.426124 55 98 21
0.425389 0.385942 0.425870 72 112 23
0.423877 0.385978 0.425615 85 125 36
0.422365 0.386014 0.425361 101 141 42
0.420853 0.386050 0.425106 115 155 56
0.419341 0.386086 0.424852 121 170 59
0.417426 0.385024 0.424564 137 186 75
0.415916 0.385060 0.424310 143 202 86
0.414407 0.385096 0.424056 154 213 97
0.412898 0.385132 0.423802 160 221 104
0.411388 0.385168 0.423548 164 225 108
0.409879 0.385204 0.423294 166 227 112
0.408369 0.385240 0.423039 166 227 112
0.406860 0.385276 0.422785 168 229 112
0.405350 0.385312 0.422531 167 228 111
0.403841 0.385348 0.422277 167 227 104
0.402331 0.385384 0.422023 162 222 99
0.400822 0.385420 0.421769 160 222 96
0.398940 0.384357 0.421487 158 220 94
0.397433 0.384393 0.421233 150 217 91
0.395926 0.384429 0.420979 150 217 91
0.394054 0.383366 0.420699 147 214 90
0.392550 0.383402 0.420446 141 208 84
0.391405 0.384537 0.420218 137 198 79
0.389541 0.383473 0.419939 135 196 77
0.388037 0.383509 0.419686 140 197 77
0.386533 0.383545 0.419433 138 195 75
0.385028 0.383581 0.419180 134 190 73
0.383524 0.383617 0.418926 134 190 73
0.381675 0.382553 0.418650 128 182 77
0.380515 0.383688 0.418420 119 173 68
0.378672 0.382625 0.418144 113 163 72
0.377170 0.382661 0.417891 95 145 54
0.375668 0.382696 0.417639 78 123 50
0.374166 0.382732 0.417386 59 104 31
0.372336 0.381668 0.417112 47 84 32
0.370836 0.381704 0.416860 32 69 17
0.429677 0.385217 0.428018 46 62 39
0.428165 0.385253 0.427763 44 60 26
0.426653 0.385289 0.427509 39 55 21
0.425141 0.385325 0.427254 47 63 15
0.423629 0.385361 0.427000 43 59 11
0.422117 0.385397 0.426745 41 58 1
0.420605 0.385433 0.426491 41 58 1
0.419093 0.385469 0.426236 38 61 0
0.417581 0.385505 0.425981 44 67 1
0.416069 0.385541 0.425727 43 81 4
0.414557 0.385577 0.425472 47 85 8
0.413045 0.385613 0.425218 50 98 10
0.411533 0.385649 0.424963 64 112 24
0.410021 0.385685 0.424709 89 137 47
0.408509 0.385721 0.424454 114 162 72
0.406997 0.385757 0.424200 136 182 88
0.405485 0.385793 0.423945 143 189 95
0.403973 0.385829 0.423691 150 198 92
0.402461 0.385865 0.423436 157 205 99
0.400949 0.385901 0.423182 158 217 101
0.399437 0.385937 0.422927 166 225 109
0.397556 0.384876 0.422643 164 230 109
0.396046 0.384912 0.422388 167 233 112
0.394537 0.384948 0.422134 164 229 104
0.393027 0.384984 0.421880 162 227 102
0.391518 0.385020 0.421626 161 223 97
0.390008 0.385055 0.421372 161 223 97
0.388499 0.385091 0.421118 161 221 96
0.386638 0.384029 0.420837 155 215 90
0.385131 0.384065 0.420583 152 212 87
0.383624 0.384101 0.420330 150 210 85
0.382117 0.384137 0.420076 145 206 87
0.380269 0.383075 0.419797 147 208 89
0.378765 0.383110 0.419544 133 197 81
0.377260 0.383146 0.419291 131 195 79
0.375422 0.382083 0.419014 132 191 86
0.373920 0.382119 0.418761 126 185 80
0.372090 0.381056 0.418485 124 175 91
0.370591 0.381092 0.418233 116 167 83
0.369092 0.381128 0.417980 112 154 84
0.367271 0.380065 0.417706 93 135 65
0.365775 0.380100 0.417454 71 110 48
0.364278 0.380136 0.417202 48 87 25
0.362781 0.380172 0.416950 28 61 15
0.417736 0.385984 0.427404 49 61 35
0.416221 0.386020 0.427149 38 57 27
0.414707 0.386056 0.426894 38 57 27
0.413192 0.386092 0.426639 32 61 20
0.411678 0.386128 0.426384 28 57 16
0.410163 0.386164 0.426129 31 58 9
0.408649 0.386201 0.425874 38 65 16
0.407134 0.386237 0.425619 36 63 5
0.405238 0.385176 0.425329 42 69 11
0.403726 0.385212 0.425075 48 76 9
0.402214 0.385248 0.424820 57 85 18
0.400702 0.385284 0.424566 65 104 24
0.399190 0.385320 0.424311 79 118 38
0.397678 0.385356 0.424057 91 142 44
0.396166 0.385392 0.423802 115 166 68
0.394654 0.385428 0.423548 138 189 80
0.393142 0.385464 0.423293 150 201 92
0.391630 0.385501 0.423039 155 209 92
0.390118 0.385537 0.422784 161 215 98
0.388605 0.385573 0.422529 165 225 102
0.387093 0.385609 0.422275 171 231 108
0.385581 0.385645 0.422020 172 232 107
0.384070 0.385681 0.421766 168 228 103
0.382557 0.385717 0.421511 166 228 104
0.380704 0.384655 0.421229 164 226 102
0.379195 0.384691 0.420975 159 224 97
0.377350 0.383630 0.420695 150 215 88
0.375843 0.383666 0.420441 145 210 83
0.374005 0.382604 0.420161 143 208 81
0.372173 0.381542 0.419883 142 206 90
0.370671 0.381578 0.419630 142 206 90
0.369169 0.381614 0.419377 139 196 94
0.367347 0.380552 0.419100 132 189 87
0.365847 0.380587 0.418848 133 185 92
0.364348 0.380623 0.418596 126 178 85
0.362849 0.380659 0.418343 113 163 84
0.361350 0.380695 0.418091 96 146 67
0.360158 0.381828 0.417860 77 120 59
0.358962 0.382962 0.417629 53 96 35
0.357457 0.382998 0.417376 34 70 25
0.355953 0.383034 0.417122 19 55 10
0.405753 0.386750 0.426787 45 62 34
0.404236 0.386786 0.426532 44 61 33
0.402719 0.386822 0.426276 38 55 27
0.400828 0.385763 0.425986 34 53 23
0.399313 0.385799 0.425731 34 53 23
0.397799 0.385835 0.425476 31 56 10
0.396284 0.385871 0.425221 36 61 15
0.394769 0.385907 0.424966 36 64 0
0.393255 0.385943 0.424711 41 69 2
0.391740 0.385979 0.424456 49 84 3
0.390226 0.386015 0.424201 62 97 16
0.388711 0.386052 0.423946 82 127 36
0.387197 0.386088 0.423691 101 146 55
0.385682 0.386124 0.423436 110 160 58
0.383822 0.385064 0.423150 130 180 78
0.382310 0.385100 0.422896 152 206 91
0.380798 0.385136 0.422641 164 218 103
0.379286 0.385172 0.422387 164 223 105
0.377774 0.385208 0.422132 167 226 108
0.375929 0.384147 0.421849 165 230 105
0.374089 0.383087 0.421567 162 227 102
0.372582 0.383123 0.421313 162 229 103
0.370750 0.382062 0.421032 160 227 101
0.369246 0.382098 0.420779 157 219 97
0.367421 0.381037 0.420499 157 219 97
0.365919 0.381072 0.420247 151 211 90
0.364418 0.381108 0.419994 143 203 82
0.362916 0.381144 0.419741 132 192 82
0.361414 0.381180 0.419488 135 195 85
0.360220 0.382313 0.419259 133 194 95
0.358715 0.382348 0.419006 123 184 85
0.357211 0.382384 0.418753 112 166 81
0.356006 0.383517 0.418523 97 151 66
0.354499 0.383553 0.418269 80 124 60
0.352992 0.383589 0.418015 59 103 39
0.351778 0.384723 0.417783 36 70 21
0.350268 0.384758 0.417529 25 59 10
0.391850 0.386456 0.425878 39 58 20
0.390333 0.386492 0.425622 40 59 21
0.388816 0.386528 0.425367 32 61 16
0.387299 0.386565 0.425111 35 64 19
0.386130 0.387696 0.424889 35 66 11
0.384265 0.386637 0.424600 37 68 13
0.382747 0.386673 0.424345 41 82 6
0.380890 0.385614 0.424058 54 95 19
0.379376 0.385650 0.423803 71 121 30
0.377526 0.384591 0.423516 98 148 57
0.376014 0.384627 0.423262 124 180 81
0.374502 0.384663 0.423007 136 192 93
0.372990 0.384699 0.422753 147 207 95
0.371153 0.383639 0.422469 159 219 107
0.369321 0.382579 0.422185 167 227 106
0.367814 0.382615 0.421932 167 227 106
0.366308 0.382651 0.421678 168 228 103
0.364486 0.381591 0.421397 165 225 100
0.362982 0.381627 0.421143 160 222 98
0.361477 0.381663 0.420890 154 216 92
0.359973 0.381699 0.420637 148 213 90
0.358773 0.382831 0.420410 141 206 83
0.357266 0.382867 0.420156 144 205 88
0.355759 0.382903 0.419902 133 194 77
0.354252 0.382938 0.419649 129 183 78
0.353040 0.384071 0.419419 128 182 77
0.351530 0.384107 0.419165 117 168 82
0.350021 0.384143 0.418911 99 150 64
0.348225 0.383082 0.418634 75 119 53
0.346718 0.383118 0.418380 45 89 23
0.345211 0.383154 0.418126 24 62 14
0.383183 0.388242 0.425804 42 63 25
0.381321 0.387184 0.425513 41 62 24
0.379802 0.387220 0.425257 29 60 14
0.377947 0.386162 0.424968 30 61 15
0.376098 0.385104 0.424679 27 65 10
0.374584 0.385140 0.424424 37 75 20
0.372742 0.384082 0.424137 59 99 28
0.371230 0.384118 0.423883 76 116 45
0.369718 0.384154 0.423628 92 140 50
0.368206 0.384190 0.423373 122 170 80
0.366377 0.383131 0.423088 138 193 85
0.364868 0.383167 0.422834 155 210 102
0.363358 0.383203 0.422580 161 222 103
0.361849 0.383239 0.422326 167 228 109
0.360340 0.383275 0.422072 163 229 108
0.358830 0.383311 0.421818 163 229 108
0.357321 0.383347 0.421564 157 224 98
0.355811 0.383383 0.421309 151 218 92
0.354302 0.383419 0.421055 147 208 78
0.353086 0.384550 0.420828 143 204 74
0.351283 0.383491 0.420547 141 198 74
0.349773 0.383527 0.420293 136 193 69
0.348264 0.383563 0.420039 131 190 85
0.346755 0.383599 0.419785 126 185 80
0.345245 0.383634 0.419531 104 161 70
0.343736 0.383670 0.419277 74 131 40
0.342226 0.383706 0.419022 49 95 28
0.340717 0.383742 0.418768 28 74 7
0.339478 0.384874 0.418537 22 55 11
0.373147 0.385652 0.425591 51 69 34
0.371306 0.384594 0.425301 45 63 28
0.369470 0.383537 0.425012 41 66 20
0.367958 0.383573 0.424758 42 67 21
0.366446 0.383609 0.424503 44 79 11
0.364934 0.383645 0.424249 56 91 23
0.363422 0.383681 0.423994 84 132 44
0.361910 0.383717 0.423740 110 158 70
0.360398 0.383753 0.423485 122 184 80
0.358886 0.383789 0.423230 149 211 107
0.357374 0.383825 0.422976 163 227 109
0.355862 0.383861 0.422721 165 229 111
0.354350 0.383897 0.422467 170 228 99
0.352838 0.383933 0.422212 169 227 98
0.351326 0.383969 0.421958 163 223 84
0.349814 0.384005 0.421703 156 216 77
0.348302 0.384041 0.421449 141 207 77
0.346507 0.382982 0.421167 140 206 76
0.344998 0.383018 0.420913 140 204 84
0.343488 0.383054 0.420659 130 194 74
0.341979 0.383090 0.420404 125 184 79
0.340742 0.384221 0.420176 113 172 67
0.339230 0.384257 0.419921 93 140 57
0.337718 0.384293 0.419667 63 110 27
0.336206 0.384329 0.419412 39 77 22
0.334694 0.384365 0.419158 20 58 3
0.365000 0.384121 0.425668 50 65 38
0.363485 0.384157 0.425413 41 65 22
0.361971 0.384193 0.425158 38 62 19
0.360456 0.384229 0.424903 34 70 9
0.358942 0.384265 0.424648 48 84 23
0.357427 0.384301 0.424393 66 111 24
0.355913 0.384337 0.424138 103 148 61
0.354398 0.384373 0.423883 135 187 73
0.352883 0.384409 0.423628 151 203 89
0.351079 0.383352 0.423342 163 222 90
0.349567 0.383388 0.423088 169 228 96
0.348055 0.383424 0.422833 166 230 96
0.346543 0.383460 0.422578 164 228 94
0.345031 0.383496 0.422324 151 218 83
0.343519 0.383532 0.422069 145 212 77
0.342007 0.383568 0.421815 138 204 74
0.340495 0.383604 0.421560 143 209 79
0.338983 0.383640 0.421306 145 205 93
0.337471 0.383676 0.421051 138 198 86
0.335959 0.383712 0.420797 125 176 92
0.334446 0.383748 0.420542 106 157 73
0.332934 0.383784 0.420288 73 118 58
0.331423 0.383820 0.420033 43 88 28
0.330165 0.384950 0.419803 27 59 20
0.357779 0.385867 0.425850 45 70 22
0.356260 0.385903 0.425594 46 71 23
0.354740 0.385939 0.425338 44 78 6
0.352928 0.384883 0.425048 54 88 16
0.351411 0.384919 0.424793 76 121 21
0.349606 0.383863 0.424505 102 147 47
0.348092 0.383899 0.424250 135 187 71
0.346577 0.383935 0.423995 157 209 93
0.345062 0.383972 0.423740 166 224 97
0.343548 0.384008 0.423485 169 227 100
0.341759 0.382951 0.423199 162 223 93
0.340247 0.382987 0.422945 161 222 92
0.339004 0.384116 0.422720 156 218 92
0.337490 0.384152 0.422465 153 215 89
0.335975 0.384188 0.422210 145 207 99
0.334460 0.384224 0.421955 140 202 94
0.332946 0.384260 0.421700 130 189 100
0.331431 0.384296 0.421445 120 179 90
0.329917 0.384332 0.421190 104 150 81
0.328402 0.384368 0.420935 78 124 55
0.326888 0.384404 0.420680 47 84 32
0.325373 0.384441 0.420425 25 62 10
0.353263 0.386447 0.426510 45 65 32
0.351741 0.386483 0.426253 35 65 17
0.350219 0.386519 0.425997 32 62 14
0.348412 0.385464 0.425706 43 79 6
0.346892 0.385500 0.425450 59 95 22
0.345094 0.384445 0.425160 94 135 41
0.343576 0.384481 0.424905 125 166 72
0.342059 0.384517 0.424650 151 201 83
0.340542 0.384553 0.424394 171 221 103
0.339025 0.384589 0.424139 170 228 101
0.337508 0.384626 0.423883 170 228 101
0.335991 0.384662 0.423628 159 224 99
0.334474 0.384698 0.423373 156 221 96
0.332698 0.383642 0.423087 151 214 101
0.331183 0.383678 0.422832 147 210 97
0.329669 0.383714 0.422577 140 198 98
0.328154 0.383750 0.422322 130 188 88
0.326640 0.383786 0.422067 118 169 83
0.325125 0.383823 0.421812 95 146 60
0.323610 0.383859 0.421557 66 107 44
0.322337 0.384987 0.421329 36 77 14
0.321058 0.386116 0.421101 25 55 18
0.347206 0.387061 0.426915 40 63 29
0.345681 0.387097 0.426658 40 64 21
0.343880 0.386043 0.426366 42 66 23
0.342358 0.386079 0.426109 52 87 17
0.340836 0.386115 0.425853 74 109 39
0.339314 0.386152 0.425597 118 165 64
0.337791 0.386188 0.425341 151 198 97
0.336006 0.385133 0.425051 159 218 100
0.334486 0.385170 0.424795 171 230 112
0.332966 0.385206 0.424539 166 227 108
0.331447 0.385242 0.424283 165 226 107
0.329674 0.384187 0.423995 160 221 104
0.328157 0.384223 0.423740 150 211 94
0.326391 0.383168 0.423453 144 203 89
0.324877 0.383205 0.423198 143 202 88
0.323605 0.384332 0.422974 135 188 90
0.322088 0.384368 0.422718 118 171 73
0.320571 0.384404 0.422463 95 141 72
0.319289 0.385532 0.422236 53 99 30
0.318002 0.386659 0.422009 26 63 22
0.341399 0.388763 0.427359 52 69 41
0.339869 0.388799 0.427101 44 72 20
0.338073 0.387746 0.426807 46 74 22
0.336546 0.387782 0.426550 66 109 30
0.334758 0.386729 0.426257 104 147 68
0.333233 0.386765 0.426001 146 200 97
0.331453 0.385712 0.425709 164 218 115
0.329678 0.384658 0.425419 171 232 117
0.328158 0.384694 0.425163 173 234 119
0.326639 0.384731 0.424907 170 231 112
0.324874 0.383677 0.424618 160 221 102
0.323357 0.383713 0.424363 148 208 83
0.321839 0.383749 0.424107 145 205 80
0.320560 0.384875 0.423884 134 191 87
0.319040 0.384911 0.423628 131 188 84
0.317520 0.384948 0.423372 108 160 85
0.316231 0.386074 0.423147 70 122 47
0.314936 0.387201 0.422920 37 78 29
0.313635 0.388328 0.422693 20 61 12
0.338353 0.389300 0.428283 54 66 42
0.336821 0.389336 0.428025 42 63 21
0.335288 0.389373 0.427767 43 64 22
0.333498 0.388321 0.427472 48 85 17
0.331713 0.387268 0.427177 73 110 42
0.330186 0.387305 0.426920 109 159 66
0.328409 0.386252 0.426627 144 194 101
0.326637 0.385199 0.426334 169 225 112
0.324870 0.384147 0.426043 173 229 116
0.323350 0.384183 0.425787 171 232 104
0.321831 0.384219 0.425531 164 225 97
0.320311 0.384255 0.425275 154 215 96
0.319026 0.385381 0.425053 151 212 93
0.317503 0.385417 0.424797 145 204 101
0.315981 0.385453 0.424540 135 194 91
0.314686 0.386579 0.424316 116 169 89
0.313161 0.386615 0.424060 84 137 57
0.311858 0.387741 0.423834 55 94 41
0.310330 0.387778 0.423577 23 62 9
0.332227 0.389908 0.428694 45 65 32
0.330440 0.388857 0.428396 36 67 14
0.328658 0.387806 0.428100 49 80 27
0.327128 0.387842 0.427842 73 113 28
0.325354 0.386791 0.427547 124 164 79
0.323585 0.385739 0.427253 151 203 87
0.322060 0.385775 0.426996 169 221 105
0.320535 0.385812 0.426739 170 226 109
0.319010 0.385848 0.426483 169 225 108
0.317717 0.386972 0.426261 161 222 107
0.315961 0.385921 0.425969 154 215 100
0.314436 0.385957 0.425712 148 210 104
0.313135 0.387082 0.425490 141 203 97
0.311608 0.387118 0.425233 129 180 96
0.310080 0.387154 0.424976 111 162 78
0.308553 0.387191 0.424719 62 102 46
0.307025 0.387227 0.424461 34 74 18
0.305709 0.388352 0.424236 28 57 25
0.328905 0.389355 0.429582 49 67 44
0.327370 0.389392 0.429324 36 60 17
0.325591 0.388341 0.429026 39 63 20
0.324059 0.388378 0.428768 51 82 7
0.322288 0.387327 0.428470 94 125 50
0.320758 0.387364 0.428213 132 178 73
0.319228 0.387400 0.427955 166 212 107
0.317698 0.387437 0.427698 167 226 110
0.316168 0.387473 0.427440 166 225 109
0.314412 0.386422 0.427146 161 222 107
0.312885 0.386458 0.426888 157 218 103
0.311357 0.386495 0.426631 154 212 103
0.309830 0.386531 0.426374 144 202 93
0.308303 0.386568 0.426117 136 188 99
0.306775 0.386604 0.425860 113 165 76
0.305248 0.386640 0.425603 77 120 61
0.303720 0.386677 0.425346 44 87 28
0.302193 0.386713 0.425088 28 58 21
0.324290 0.389925 0.430254 48 64 32
0.322514 0.388875 0.429954 43 59 27
0.320979 0.388912 0.429696 45 69 10
0.319444 0.388948 0.429437 64 88 29
0.317908 0.388985 0.429179 98 141 51
0.316145 0.387935 0.428881 141 184 94
0.314613 0.387972 0.428623 167 222 112
0.313080 0.388008 0.428365 168 223 113
0.311548 0.388045 0.428107 164 223 105
0.309798 0.386994 0.427811 155 214 96
0.308268 0.387031 0.427553 157 214 92
0.306525 0.385981 0.427258 148 205 83
0.304998 0.386017 0.427001 141 194 98
0.303470 0.386053 0.426744 125 178 82
0.301943 0.386090 0.426487 91 137 70
0.300416 0.386126 0.426230 59 105 38
0.299088 0.387250 0.426008 34 65 23
0.320962 0.389370 0.431145 58 68 43
0.319425 0.389407 0.430886 53 63 38
0.317887 0.389444 0.430627 42 67 21
0.316350 0.389480 0.430368 54 79 33
0.314587 0.388432 0.430067 79 122 47
0.313052 0.388468 0.429809 138 181 106
0.311517 0.388505 0.429551 158 212 99
0.309764 0.387456 0.429252 169 223 110
0.308447 0.388578 0.429034 167 225 96
0.306912 0.388614 0.428775 166 224 95
0.305167 0.387565 0.428478 158 213 91
0.303427 0.386516 0.428181 155 210 88
0.301897 0.386552 0.427924 140 194 93
0.300367 0.386589 0.427666 128 182 81
0.299037 0.387711 0.427446 104 151 77
0.297505 0.387748 0.427188 64 111 37
0.296166 0.388870 0.426966 32 63 19
0.316779 0.392105 0.431909 55 67 43
0.315009 0.391058 0.431605 43 66 30
0.313245 0.390010 0.431302 49 72 36
0.311485 0.388963 0.430999 62 102 31
0.309947 0.388999 0.430740 106 146 75
0.308410 0.389036 0.430481 149 203 90
0.306872 0.389073 0.430223 165 219 106
0.305125 0.388025 0.429922 171 228 106
0.303383 0.386976 0.429623 170 227 105
0.301851 0.387013 0.429365 161 220 102
0.300318 0.387049 0.429107 150 209 91
0.298786 0.387086 0.428849 140 197 91
0.297253 0.387122 0.428591 132 189 83
0.295915 0.388244 0.428372 108 156 75
0.294380 0.388281 0.428113 63 111 30
0.293034 0.389402 0.427893 34 65 19
0.311671 0.390502 0.432498 49 69 34
0.309912 0.389455 0.432193 43 63 28
0.308158 0.388408 0.431889 53 89 16
0.306620 0.388445 0.431630 101 137 64
0.305083 0.388482 0.431372 133 187 82
0.303545 0.388518 0.431113 163 217 112
0.301804 0.387471 0.430811 165 226 107
0.300269 0.387508 0.430552 160 221 102
0.298734 0.387544 0.430294 150 211 92
0.297198 0.387581 0.430036 152 213 94
0.295663 0.387618 0.429777 137 196 91
0.294319 0.388738 0.429560 128 187 82
0.292782 0.388775 0.429301 109 157 80
0.291244 0.388811 0.429042 64 112 35
0.289707 0.388848 0.428783 32 65 19
0.308333 0.389946 0.433391 48 64 30
0.306579 0.388900 0.433085 43 59 25
0.305039 0.388937 0.432825 44 76 14
0.303293 0.387891 0.432520 69 101 39
0.301755 0.387928 0.432262 108 165 63
0.300218 0.387964 0.432003 153 210 108
0.298680 0.388001 0.431744 163 227 107
0.297143 0.388037 0.431485 162 226 106
0.295605 0.388074 0.431226 159 220 105
0.294068 0.388111 0.430967 153 214 99
0.292530 0.388147 0.430708 146 202 103
0.290992 0.388184 0.430450 131 187 88
0.289455 0.388221 0.430191 103 153 74
0.288098 0.389340 0.429973 61 111 32
0.286557 0.389377 0.429714 37 73 26
0.304995 0.389390 0.434284 47 64 34
0.303452 0.389427 0.434024 42 59 29
0.301706 0.388382 0.433717 39 74 16
0.300166 0.388418 0.433458 59 94 36
0.298626 0.388455 0.433198 100 157 55
0.297086 0.388492 0.432939 150 207 105
0.295353 0.387447 0.432634 166 227 110
0.294006 0.388565 0.432421 167 228 111
0.292278 0.387520 0.432116 161 222 107
0.290925 0.388639 0.431902 156 217 102
0.289385 0.388675 0.431643 144 203 96
0.287845 0.388712 0.431383 126 185 78
0.286305 0.388749 0.431124 98 152 67
0.284765 0.388785 0.430865 61 115 30
0.283397 0.389904 0.430648 29 67 23
0.300314 0.389951 0.434967 43 61 38
0.298571 0.388907 0.434658 33 72 19
0.297029 0.388944 0.434398 52 91 38
0.295486 0.388981 0.434138 109 162 66
0.293943 0.389018 0.433879 152 205 109
0.292213 0.387973 0.433571 167 226 110
0.290673 0.388010 0.433312 167 226 110
0.289133 0.388047 0.433053 154 216 94
0.287593 0.388083 0.432794 142 204 82
0.286053 0.388120 0.432534 141 205 89
0.284512 0.388157 0.432275 124 188 72
0.283144 0.389275 0.432061 90 143 65
0.281601 0.389312 0.431801 51 104 26
0.280059 0.389348 0.431541 24 61 22
0.297165 0.390474 0.435912 45 66 42
0.295617 0.390511 0.435652 32 70 13
0.294069 0.390548 0.435391 56 94 37
0.292334 0.389505 0.435081 98 150 57
0.290789 0.389542 0.434821 148 200 107
0.289062 0.388498 0.434512 167 227 106
0.287520 0.388535 0.434252 165 225 104
0.285977 0.388572 0.433992 155 221 91
0.284434 0.388609 0.433733 143 209 79
0.282891 0.388645 0.433473 133 193 83
0.281349 0.388682 0.433213 123 183 73
0.279806 0.388719 0.432954 97 145 76
0.278263 0.388756 0.432694 42 90 21
0.276882 0.389873 0.432480 20 55 17
0.294193 0.392074 0.436913 51 66 41
0.292454 0.391032 0.436600 38 66 12
0.290904 0.391069 0.436339 53 81 27
0.289172 0.390027 0.436027 101 151 58
0.287624 0.390064 0.435766 150 200 107
0.286076 0.390101 0.435506 164 226 102
0.284355 0.389058 0.435195 166 228 104
0.282810 0.389095 0.434935 157 219 97
0.281096 0.388053 0.434626 147 209 87
0.279553 0.388089 0.434366 142 200 100
0.278011 0.388126 0.434106 122 180 80
0.276468 0.388163 0.433847 86 132 65
0.275083 0.389279 0.433634 33 79 12
0.273694 0.390396 0.433421 22 53 19
0.291016 0.392592 0.437866 56 68 42
0.289280 0.391551 0.437551 40 63 9
0.287727 0.391588 0.437290 64 87 33
0.285998 0.390547 0.436975 108 158 58
0.284275 0.389506 0.436662 155 205 105
0.282727 0.389543 0.436402 166 228 106
0.281179 0.389580 0.436141 160 222 100
0.279466 0.388538 0.435829 154 218 100
0.277921 0.388575 0.435569 148 212 94
0.276375 0.388612 0.435309 135 192 97
0.274830 0.388649 0.435049 113 170 75
0.273440 0.389764 0.434838 69 114 52
0.271892 0.389801 0.434577 22 67 5
0.287651 0.392031 0.438767 50 60 35
0.286095 0.392068 0.438505 47 74 16
0.284367 0.391028 0.438188 76 103 45
0.282644 0.389988 0.437873 119 172 64
0.281093 0.390025 0.437612 164 217 109
0.279378 0.388985 0.437298 167 228 111
0.277830 0.389022 0.437037 164 225 108
0.276122 0.387981 0.436724 154 217 104
0.274734 0.389095 0.436516 144 207 94
0.273187 0.389132 0.436255 128 188 96
0.271639 0.389169 0.435995 97 157 65
0.270091 0.389206 0.435734 51 90 37
0.268690 0.390321 0.435524 24 63 10
0.284457 0.392547 0.439724 47 59 33
0.282729 0.391508 0.439405 43 77 12
0.281006 0.390469 0.439087 73 107 42
0.279289 0.389429 0.438770 130 183 73
0.277738 0.389466 0.438509 168 221 111
0.276029 0.388427 0.438194 166 225 107
0.274481 0.388464 0.437933 159 218 100
0.272933 0.388501 0.437672 143 204 89
0.271385 0.388538 0.437412 138 199 84
0.269837 0.388574 0.437151 122 176 91
0.268436 0.389688 0.436943 83 137 52
0.267030 0.390802 0.436734 38 74 27
0.282813 0.393023 0.440947 53 70 40
0.281086 0.391985 0.440626 46 63 33
0.279528 0.392022 0.440364 43 77 12
0.277808 0.390984 0.440044 80 114 49
0.276093 0.389946 0.439725 145 198 90
0.274540 0.389983 0.439463 170 223 115
0.272987 0.390020 0.439202 167 227 104
0.271283 0.388981 0.438885 158 218 95
0.269733 0.389018 0.438624 147 206 88
0.268182 0.389055 0.438363 137 196 78
0.266776 0.390168 0.438156 114 163 79
0.265364 0.391281 0.437949 66 115 31
0.263947 0.392394 0.437741 27 60 18
0.279436 0.392461 0.441851 52 69 32
0.277875 0.392498 0.441588 51 68 31
0.276156 0.391461 0.441266 50 88 15
0.274598 0.391498 0.441003 101 139 66
0.273040 0.391535 0.440741 149 205 92
0.271331 0.390498 0.440421 167 223 110
0.269775 0.390535 0.440159 164 224 99
0.268220 0.390572 0.439897 154 214 89
0.266664 0.390609 0.439635 147 206 92
0.265109 0.390646 0.439373 127 186 72
0.263692 0.391758 0.439167 88 135 63
0.262134 0.391795 0.438905 38 85 13
0.260576 0.391832 0.438643 20 51 19
0.276217 0.392972 0.442816 52 72 27
0.274498 0.391935 0.442491 49 69 24
0.272938 0.391973 0.442229 57 99 16
0.271227 0.390936 0.441905 124 166 83
0.269669 0.390974 0.441643 161 220 102
0.268111 0.391011 0.441381 168 227 109
0.266553 0.391048 0.441118 159 221 97
0.264994 0.391085 0.440856 149 211 87
0.263436 0.391122 0.440594 136 195 92
0.261878 0.391159 0.440331 113 172 69
0.260320 0.391196 0.440069 67 110 49
0.258892 0.392307 0.439864 23 66 5
0.272835 0.392408 0.443721 48 73 25
0.271122 0.391373 0.443395 45 70 22
0.269561 0.391410 0.443132 103 149 53
0.268000 0.391447 0.442869 150 196 100
0.266440 0.391484 0.442606 159 221 99
0.264879 0.391522 0.442344 158 220 98
0.263318 0.391559 0.442081 147 210 97
0.261623 0.390523 0.441758 135 198 85
0.260197 0.391633 0.441556 126 182 94
0.258637 0.391670 0.441293 87 143 55
0.257076 0.391708 0.441030 47 81 30
0.255515 0.391745 0.440767 23 57 6
0.269452 0.391845 0.444626 41 64 14
0.267889 0.391882 0.444362 66 89 39
0.266184 0.390848 0.444035 112 162 60
0.264623 0.390885 0.443773 159 209 107
0.263063 0.390922 0.443510 165 229 113
0.261502 0.390959 0.443247 161 225 109
0.259942 0.390996 0.442984 147 209 105
0.258381 0.391034 0.442722 141 203 99
0.256820 0.391071 0.442459 114 162 81
0.255260 0.391108 0.442196 74 122 41
0.253821 0.392217 0.441994 29 62 18
0.267777 0.392314 0.445860 48 60 36
0.266212 0.392352 0.445597 38 71 13
0.264507 0.391319 0.445267 87 120 62
0.262944 0.391356 0.445004 132 189 85
0.261246 0.390322 0.444676 165 222 118
0.259686 0.390360 0.444413 163 226 113
0.258125 0.390397 0.444151 156 219 106
0.256565 0.390434 0.443888 143 200 96
0.255004 0.390471 0.443625 122 179 75
0.253443 0.390508 0.443362 89 138 64
0.252001 0.391616 0.443162 31 80 6
0.250438 0.391654 0.442899 20 51 19
0.264389 0.391750 0.446767 38 57 31
0.262687 0.390718 0.446435 53 94 31
0.261124 0.390755 0.446172 110 151 88
0.259561 0.390792 0.445909 150 209 104
0.257869 0.389760 0.445579 164 223 118
0.256309 0.389797 0.445317 160 221 104
0.254748 0.389834 0.445054 147 208 91
0.253308 0.390941 0.444856 135 193 93
0.251745 0.390979 0.444593 102 160 60
0.250182 0.391016 0.444330 47 94 34
0.248619 0.391053 0.444067 8 55 0
0.262703 0.392217 0.448007 39 63 31
0.261001 0.391186 0.447673 42 66 34
0.259305 0.390154 0.447340 66 114 37
0.257742 0.390192 0.447077 138 186 109
0.256179 0.390229 0.446814 166 224 115
0.254615 0.390266 0.446551 164 222 113
0.253052 0.390303 0.446288 157 218 103
0.251489 0.390341 0.446024 143 204 89
0.249926 0.390378 0.445761 116 173 82
0.248363 0.390415 0.445498 64 121 30
0.246800 0.390452 0.445235 26 64 18
0.259309 0.391652 0.448914 39 65 21
0.257613 0.390621 0.448579 61 87 43
0.255922 0.389591 0.448245 106 158 69
0.254359 0.389628 0.447982 160 212 123
0.252796 0.389666 0.447719 163 226 115
0.251233 0.389703 0.447456 157 220 109
0.249670 0.389740 0.447192 149 212 101
0.248107 0.389777 0.446929 128 191 80
0.246543 0.389814 0.446666 95 147 74
0.244980 0.389852 0.446403 41 93 20
0.243522 0.390957 0.446207 28 59 29
0.255916 0.391086 0.449822 45 78 20
0.254225 0.390057 0.449486 82 115 57
0.252660 0.390094 0.449222 138 196 96
0.250977 0.389065 0.448887 165 223 123
0.249414 0.389102 0.448624 161 224 113
0.247850 0.389139 0.448360 156 219 108
0.246287 0.389177 0.448097 138 195 100
0.244831 0.390281 0.447904 117 174 79
0.243265 0.390318 0.447641 65 110 52
0.241699 0.390356 0.447377 24 69 11
0.254090 0.390484 0.450994 44 63 33
0.252403 0.389455 0.450656 51 93 23
0.250837 0.389493 0.450392 126 168 98
0.249272 0.389530 0.450128 163 222 117
0.247706 0.389567 0.449865 166 225 120
0.246140 0.389605 0.449601 160 219 114
0.244574 0.389642 0.449338 142 201 96
0.243009 0.389679 0.449074 121 176 95
0.241443 0.389717 0.448810 78 133 52
0.239976 0.390820 0.448618 27 68 23
0.252384 0.390946 0.452243 43 71 33
0.250813 0.390983 0.451978 53 81 43
0.249129 0.389956 0.451638 105 153 72
0.247449 0.388928 0.451298 161 209 128
0.245992 0.390031 0.451110 168 227 120
0.244318 0.389003 0.450771 157 216 109
0.242855 0.390105 0.450582 140 198 98
0.241287 0.390143 0.450318 129 187 87
0.239719 0.390180 0.450054 91 142 74
0.236675 0.391320 0.449598 23 59 27
0.249098 0.391444 0.453231 40 73 27
0.247524 0.391481 0.452966 66 99 53
0.245843 0.390455 0.452623 131 185 98
0.244272 0.390492 0.452359 164 218 131
0.242701 0.390530 0.452094 165 225 115
0.241130 0.390567 0.451830 149 209 99
0.239560 0.390604 0.451566 133 193 101
0.237989 0.390642 0.451301 112 172 80
0.236511 0.391743 0.451111 53 99 46
0.234937 0.391781 0.450847 21 67 14
0.247377 0.391902 0.454486 42 64 35
0.245801 0.391939 0.454221 40 80 20
0.244225 0.391977 0.453956 114 154 94
0.242649 0.392014 0.453691 158 217 114
0.240973 0.390989 0.453347 164 223 120
0.239400 0.391026 0.453082 156 215 108
0.237921 0.392127 0.452895 140 199 92
0.236345 0.392165 0.452629 120 174 98
0.234769 0.392202 0.452364 74 128 52
0.233193 0.392240 0.452099 28 67 30
0.245757 0.393420 0.455828 47 70 34
0.244176 0.393457 0.455562 41 64 28
0.242493 0.392433 0.455215 103 154 70
0.240914 0.392471 0.454949 155 206 122
0.239336 0.392508 0.454683 163 225 121
0.237757 0.392546 0.454418 162 224 120
0.236179 0.392584 0.454152 147 207 111
0.234600 0.392621 0.453886 126 186 90
0.233022 0.392659 0.453620 86 136 73
0.231527 0.393759 0.453433 27 77 14
0.244125 0.394934 0.457178 49 65 44
0.242437 0.393911 0.456827 38 69 16
0.240854 0.393949 0.456561 81 112 59
0.239270 0.393986 0.456294 140 197 102
0.237687 0.394024 0.456028 166 223 128
0.236011 0.393001 0.455679 161 224 122
0.234430 0.393038 0.455413 150 213 111
0.232849 0.393076 0.455147 133 194 106
0.231352 0.394175 0.454961 98 159 71
0.229768 0.394213 0.454695 42 86 33
0.240693 0.394362 0.458096 44 63 37
0.239107 0.394400 0.457829 53 97 31
0.237521 0.394438 0.457562 119 163 97
0.235934 0.394476 0.457295 160 223 121
0.234260 0.393453 0.456944 163 226 124
0.232676 0.393491 0.456678 157 221 116
0.231093 0.393529 0.456411 139 203 98
0.229509 0.393566 0.456144 118 175 98
0.228003 0.394665 0.455960 58 115 38
0.226417 0.394702 0.455693 20 55 17
0.238943 0.394812 0.459369 40 68 30
0.237354 0.394849 0.459101 39 67 29
0.235675 0.393828 0.458747 101 154 74
0.234088 0.393866 0.458480 152 205 125
0.232502 0.393904 0.458213 165 229 124
0.230916 0.393942 0.457946 157 221 116
0.229330 0.393979 0.457679 144 204 108
0.227744 0.394017 0.457412 121 181 85
0.226157 0.394055 0.457145 69 119 58
0.224571 0.394093 0.456878 19 69 8
0.237094 0.394201 0.460556 50 64 42
0.235505 0.394239 0.460289 33 72 21
0.233828 0.393219 0.459933 87 126 75
0.232242 0.393257 0.459666 146 203 110
0.230656 0.393294 0.459399 170 227 134
0.229070 0.393332 0.459132 158 221 110
0.227484 0.393370 0.458864 140 203 92
0.225897 0.393408 0.458597 124 183 96
0.224311 0.393446 0.458330 77 136 49
0.222725 0.393483 0.458063 36 74 28
0.233656 0.393629 0.461476 41 63 34
0.232067 0.393666 0.461208 66 110 44
0.230478 0.393704 0.460941 134 178 112
0.228810 0.392685 0.460584 165 227 123
0.227224 0.392723 0.460317 157 219 115
0.225638 0.392760 0.460050 153 212 107
0.224051 0.392798 0.459783 135 194 89
0.222534 0.393893 0.459603 97 144 70
0.220946 0.393931 0.459336 38 85 11
0.231807 0.393018 0.462663 41 66 31
0.230218 0.393056 0.462395 61 86 51
0.228629 0.393094 0.462128 113 165 76
0.227040 0.393132 0.461861 162 214 125
0.225452 0.393169 0.461593 167 227 117
0.223863 0.393207 0.461326 161 221 111
0.222274 0.393245 0.461058 141 198 94
0.220685 0.393283 0.460791 110 167 63
0.219097 0.393321 0.460523 62 101 37
0.217508 0.393359 0.460256 26 65 1
0.229958 0.392408 0.463850 53 66 49
0.228369 0.392445 0.463583 40 78 19
0.226780 0.392483 0.463315 105 143 84
0.225191 0.392521 0.463048 156 215 108
0.223603 0.392559 0.462780 168 227 120
0.222014 0.392597 0.462513 161 222 105
0.220425 0.392635 0.462245 144 205 88
0.218836 0.392673 0.461978 122 172 81
0.217308 0.393766 0.461802 74 124 33
0.215717 0.393804 0.461534 28 59 15
0.226520 0.391835 0.464770 32 56 26
0.224931 0.391873 0.464502 80 129 43
0.223342 0.391911 0.464235 154 203 117
0.221753 0.391949 0.463967 172 233 118
0.220165 0.391986 0.463700 163 224 109
0.218639 0.393079 0.463526 144 202 93
0.217047 0.393117 0.463259 124 182 73
0.215456 0.393154 0.462991 75 119 51
0.213920 0.394247 0.462815 29 73 5
0.224743 0.392278 0.466055 28 65 15
0.223152 0.392316 0.465787 68 105 55
0.221561 0.392353 0.465519 139 198 93
0.219969 0.392391 0.465251 168 227 122
0.218378 0.392429 0.464983 166 225 111
0.216787 0.392467 0.464715 150 209 95
0.215253 0.393559 0.464543 127 179 90
0.213714 0.394650 0.464370 84 136 47
0.212117 0.394688 0.464101 40 78 34
0.222961 0.392718 0.467344 39 61 34
0.221300 0.391704 0.466976 59 105 38
0.219709 0.391742 0.466708 125 171 104
0.218179 0.392832 0.466539 165 224 117
0.216586 0.392870 0.466271 167 226 119
0.214992 0.392908 0.466002 147 204 100
0.213452 0.393999 0.465831 133 190 86
0.211908 0.395089 0.465660 99 147 78
0.210358 0.396180 0.465487 41 89 20
0.221173 0.393157 0.468637 32 62 23
0.219512 0.392144 0.468267 55 85 46
0.217980 0.393233 0.468099 106 157 73
0.216383 0.393271 0.467831 164 215 131
0.214787 0.393309 0.467562 171 228 122
0.213245 0.394399 0.467393 160 217 111
0.211697 0.395488 0.467223 137 192 100
0.210095 0.395526 0.466953 101 156 64
0.208540 0.396616 0.466782 44 83 32
0.217841 0.394682 0.469768 41 77 16
0.216239 0.394720 0.469498 105 141 80
0.214638 0.394758 0.469229 162 219 117
0.213036 0.394797 0.468959 172 229 127
0.211435 0.394835 0.468689 157 216 109
0.209881 0.395923 0.468521 138 197 90
0.208277 0.395962 0.468251 103 156 76
0.206717 0.397051 0.468081 39 92 12
0.205110 0.397089 0.467811 23 55 18
0.217639 0.395078 0.471340 42 62 29
0.216035 0.395116 0.471070 47 67 34
0.214431 0.395154 0.470800 96 143 58
0.212827 0.395192 0.470530 164 211 126
0.211223 0.395231 0.470260 165 225 115
0.209619 0.395269 0.469990 157 217 107
0.208060 0.396357 0.469823 143 205 101
0.206453 0.396395 0.469552 106 168 64
0.204847 0.396433 0.469282 50 95 37
0.214223 0.395548 0.472376 35 66 11
0.212617 0.395586 0.472105 82 113 58
0.211010 0.395625 0.471835 148 205 101
0.209403 0.395663 0.471564 169 226 122
0.207797 0.395701 0.471294 159 220 105
0.206190 0.395739 0.471023 149 210 95
0.204623 0.396826 0.470857 118 173 92
0.203014 0.396865 0.470587 52 107 26
0.201440 0.397952 0.470419 25 55 28
0.212458 0.397025 0.473794 41 60 30
0.210797 0.396016 0.473414 65 111 33
0.209187 0.396055 0.473143 145 191 113
0.207578 0.396093 0.472873 168 227 113
0.205969 0.396131 0.472602 162 221 107
0.204360 0.396170 0.472331 151 209 111
0.202750 0.396208 0.472060 120 178 80
0.201176 0.397294 0.471895 58 103 55
0.199564 0.397332 0.471624 18 63 15
0.210582 0.396406 0.474999 37 69 18
0.208970 0.396444 0.474727 63 95 44
0.207359 0.396483 0.474456 144 200 101
0.205747 0.396521 0.474185 169 225 126
0.204135 0.396559 0.473913 165 224 117
0.202523 0.396598 0.473642 145 204 97
0.200911 0.396636 0.473371 119 171 98
0.199331 0.397721 0.473207 60 112 39
0.197717 0.397760 0.472936 26 59 33
0.208753 0.396832 0.476316 39 56 30
0.207138 0.396870 0.476044 63 108 37
0.205483 0.395863 0.475660 146 191 120
0.203871 0.395902 0.475389 171 230 127
0.202259 0.395940 0.475118 161 220 117
0.200681 0.397024 0.474957 145 200 106
0.199067 0.397063 0.474685 121 176 82
0.197452 0.397101 0.474414 69 113 60
0.195838 0.397139 0.474142 24 68 15
0.206874 0.396212 0.477522 44 73 32
0.205259 0.396250 0.477251 66 95 54
0.203645 0.396288 0.476979 132 187 97
0.202031 0.396327 0.476707 171 226 136
0.200416 0.396365 0.476435 166 225 120
0.198802 0.396404 0.476163 149 208 103
0.197188 0.396442 0.475892 126 177 93
0.195599 0.397526 0.475732 63 114 30
0.193982 0.397564 0.475460 25 57 20
0.205035 0.396635 0.478845 49 65 44
0.203418 0.396673 0.478573 59 98 34
0.201766 0.395668 0.478185 141 180 116
0.200152 0.395707 0.477913 170 229 124
0.198538 0.395745 0.477642 166 225 120
0.196951 0.396827 0.477484 149 208 103
0.195334 0.396866 0.477212 117 176 71
0.193717 0.396904 0.476940 63 107 43
0.192100 0.396943 0.476668 20 64 0
0.203153 0.396013 0.480054 46 71 34
0.201537 0.396052 0.479781 61 86 49
0.199920 0.396090 0.479509 136 191 97
0.198303 0.396129 0.479237 169 224 130
0.196686 0.396167 0.478965 165 224 117
0.195069 0.396206 0.478693 146 205 98
0.193452 0.396244 0.478420 121 174 92
0.191835 0.396283 0.478148 53 106 24
0.190235 0.397364 0.477991 24 58 23
0.201306 0.396433 0.481382 50 65 49
0.199655 0.395431 0.480990 57 103 36
0.198038 0.395469 0.480717 142 188 121
0.196421 0.395508 0.480445 168 230 126
0.194804 0.395546 0.480173 162 224 120
0.193187 0.395585 0.479901 145 203 105
0.191570 0.395623 0.479629 115 173 75
0.189970 0.396704 0.479474 47 91 36
0.188350 0.396742 0.479201 17 61 6
0.199421 0.395811 0.482592 37 67 30
0.197802 0.395850 0.482320 60 90 53
0.196182 0.395888 0.482047 137 193 105
0.194539 0.394886 0.481653 168 224 136
0.192922 0.394925 0.481381 156 218 114
0.191324 0.396004 0.481229 148 210 106
0.189705 0.396043 0.480957 112 165 85
0.188085 0.396081 0.480684 39 92 12
0.186477 0.397161 0.480530 25 53 26
0.197565 0.396228 0.483927 47 64 46
0.195917 0.395227 0.483530 57 103 36
0.194298 0.395266 0.483257 143 189 122
0.192678 0.395305 0.482985 170 228 128
0.191059 0.395343 0.482712 163 221 121
0.189439 0.395382 0.482439 144 201 106
0.187833 0.396460 0.482289 101 158 63
0.186211 0.396499 0.482015 35 71 24
0.195677 0.395605 0.485139 37 67 28
0.194055 0.395644 0.484866 68 98 59
0.192413 0.394644 0.484467 145 201 113
0.190811 0.395721 0.484320 168 224 136
0.189189 0.395760 0.484047 160 218 120
0.187567 0.395798 0.483774 138 196 98
0.185945 0.395837 0.483501 93 139 70
0.184331 0.396914 0.483351 29 75 6
0.193834 0.397057 0.486607 45 65 48
0.192167 0.395020 0.486078 73 117 51
0.190545 0.395059 0.485805 158 202 136
0.188923 0.395098 0.485532 168 225 130
0.187314 0.396174 0.485385 157 214 119
0.185689 0.396213 0.485112 136 190 105
0.184064 0.396251 0.484838 82 136 51
0.182444 0.397328 0.484690 33 66 24
0.191941 0.396432 0.487823 35 66 24
0.190297 0.395434 0.487420 88 119 77
0.188672 0.395472 0.487146 159 214 124
0.187047 0.395511 0.486873 169 224 134
0.183805 0.396625 0.486454 131 189 89
0.180552 0.397740 0.486033 23 69 2
0.190063 0.396842 0.489171 55 74 48
0.188420 0.395845 0.488765 98 145 73
0.186793 0.395884 0.488491 164 211 139
0.185166 0.395923 0.488217 173 232 127
0.183545 0.396997 0.488074 158 217 112
0.181915 0.397036 0.487799 127 181 94
0.180285 0.397075 0.487525 60 114 27
0.178654 0.398150 0.487380 23 55 18
0.188180 0.397250 0.490523 36 74 26
0.186537 0.396254 0.490115 105 143 95
0.184907 0.396293 0.489840 166 224 126
0.183278 0.396332 0.489566 170 228 130
0.181648 0.396371 0.489291 152 211 106
0.180019 0.397445 0.489149 117 176 71
0.178385 0.398518 0.489006 43 86 25
0.176746 0.399592 0.488861 21 64 3
0.187926 0.397618 0.492154 38 65 32
0.186291 0.397657 0.491878 52 79 46
0.184648 0.396662 0.491468 130 184 99
0.183016 0.396701 0.491193 174 228 143
0.181384 0.396740 0.490918 167 226 119
0.179752 0.397812 0.490777 147 206 99
0.178117 0.397851 0.490502 94 148 61
0.176478 0.398924 0.490360 30 84 0
0.174833 0.399997 0.490218 38 68 31
0.186034 0.398022 0.493513 45 61 40
0.184396 0.398061 0.493238 56 102 33
0.182754 0.397067 0.492825 142 188 119
0.181119 0.397106 0.492549 167 226 121
0.179484 0.398178 0.492411 159 218 113
0.177847 0.398217 0.492135 143 202 99
0.176204 0.399289 0.491995 80 139 36
0.174564 0.399328 0.491719 34 73 20
0.184135 0.398424 0.494877 38 67 22
0.182495 0.398463 0.494601 81 110 65
0.180853 0.397471 0.494186 150 206 109
0.179215 0.398541 0.494049 165 221 124
0.177575 0.398580 0.493773 150 210 100
0.175936 0.398620 0.493497 130 190 80
0.174287 0.399691 0.493358 65 114 42
0.172645 0.399730 0.493082 27 76 4
0.182227 0.397794 0.496102 47 64 34
0.180587 0.397833 0.495826 92 138 60
0.178947 0.397872 0.495550 166 212 134
0.177307 0.397911 0.495274 166 224 115
0.175661 0.398981 0.495138 146 204 95
0.174018 0.399020 0.494862 119 174 84
0.172376 0.399059 0.494585 40 95 5
0.180319 0.398194 0.497472 50 81 26
0.178677 0.398233 0.497195 127 158 103
0.177034 0.398272 0.496919 168 222 117
0.175392 0.398311 0.496642 163 217 112
0.173749 0.398350 0.496366 152 209 105
0.172107 0.398389 0.496089 94 151 47
0.170450 0.399458 0.495954 36 74 30
0.180050 0.397523 0.498976 49 72 38
0.178406 0.398591 0.498845 67 90 56
0.176761 0.398630 0.498568 135 183 91
0.175116 0.398669 0.498291 173 221 129
0.173471 0.398709 0.498014 158 216 107
0.171826 0.398748 0.497737 144 202 93
0.170181 0.398787 0.497460 70 116 51
0.168536 0.398826 0.497183 27 73 8
0.178136 0.397920 0.500351 46 63 37
0.176491 0.397959 0.500074 82 125 48
0.174846 0.397998 0.499797 162 205 128
0.173201 0.398037 0.499520 164 222 111
0.171556 0.398076 0.499243 157 215 104
0.169911 0.398116 0.498966 124 178 91
0.168266 0.398155 0.498689 38 92 5
0.176217 0.398314 0.501730 42 77 19
0.174577 0.397327 0.501303 117 152 94
0.172932 0.397366 0.501026 160 218 109
0.171287 0.397405 0.500749 162 220 111
0.169642 0.397444 0.500472 149 208 105
0.167996 0.397484 0.500196 89 148 45
0.166351 0.397523 0.499919 26 65 14
0.175947 0.397642 0.503239 49 74 37
0.174299 0.397681 0.502962 54 79 42
0.172651 0.397720 0.502684 131 184 86
0.171004 0.397759 0.502407 168 221 123
0.169356 0.397799 0.502129 154 214 102
0.167727 0.396812 0.501702 136 196 84
0.166061 0.397877 0.501575 62 108 43
0.164413 0.397916 0.501297 28 74 9
0.174021 0.398033 0.504624 41 60 34
0.172370 0.398072 0.504347 67 110 31
0.170734 0.397087 0.503915 160 203 124
0.169086 0.397126 0.503638 164 223 109
0.167439 0.397166 0.503361 158 217 103
0.165791 0.397205 0.503083 119 170 86
0.164143 0.397244 0.502806 36 87 3
0.172089 0.398423 0.506014 37 72 16
0.170450 0.397438 0.505580 115 150 94
0.168800 0.397478 0.505302 170 225 117
0.167149 0.397517 0.505024 167 222 114
0.165499 0.397556 0.504746 145 201 102
0.163849 0.397596 0.504468 91 147 48
0.162172 0.398659 0.504344 23 58 18
0.171794 0.399793 0.507844 48 73 36
0.170165 0.397788 0.507249 52 77 40
0.168512 0.397827 0.506970 143 196 98
0.166860 0.397866 0.506692 168 221 123
0.165207 0.397906 0.506414 161 219 110
0.163554 0.397945 0.506136 138 196 87
0.161901 0.397984 0.505857 43 83 23
0.169850 0.400178 0.509243 43 62 36
0.168207 0.399196 0.508804 85 132 47
0.166549 0.399235 0.508525 164 211 126
0.164913 0.398253 0.508086 161 219 108
0.163233 0.399314 0.507967 154 212 101
0.161575 0.399354 0.507687 103 149 69
0.159887 0.400415 0.507566 18 64 0
0.167899 0.400560 0.510647 41 83 13
0.166257 0.399579 0.510205 131 173 103
0.164596 0.399619 0.509925 163 223 113
0.162936 0.399658 0.509646 157 217 107
0.161275 0.399698 0.509366 147 198 100
0.159584 0.400758 0.509247 58 109 11
0.167608 0.400901 0.512334 37 70 28
0.165964 0.399921 0.511889 63 96 54
0.164301 0.399961 0.511609 157 214 112
0.162638 0.400000 0.511329 159 216 114
0.160975 0.400040 0.511049 155 212 106
0.159312 0.400080 0.510769 105 162 56
0.157615 0.401139 0.510652 31 63 12
0.165649 0.401280 0.513745 41 62 40
0.164005 0.400301 0.513298 110 164 77
0.162339 0.400340 0.513018 165 219 132
0.160674 0.400380 0.512737 158 218 106
0.159008 0.400420 0.512457 147 207 95
0.157308 0.401478 0.512341 62 103 38
0.155640 0.401518 0.512060 25 66 1
0.165354 0.401616 0.515441 44 59 43
0.163683 0.401656 0.515160 69 116 44
0.162039 0.400678 0.514711 161 208 136
0.160371 0.400718 0.514430 160 221 106
0.158703 0.400758 0.514149 158 219 104
0.157035 0.400798 0.513868 107 156 72
0.155330 0.401855 0.513754 24 73 0
0.163409 0.400974 0.516690 39 73 22
0.161739 0.401014 0.516409 115 149 98
0.160068 0.401054 0.516127 167 221 118
0.158398 0.401094 0.515846 162 216 113
0.156727 0.401134 0.515565 143 196 98
0.155056 0.401173 0.515284 48 101 3
0.163111 0.401308 0.518393 48 72 33
0.161465 0.400332 0.517938 74 98 59
0.159794 0.400372 0.517657 163 214 116
0.158124 0.400412 0.517376 164 215 117
0.156453 0.400452 0.517094 157 214 108
0.154783 0.400492 0.516813 97 154 48
0.153071 0.401547 0.516703 27 60 16
0.161163 0.400665 0.519643 49 66 40
0.159490 0.400705 0.519361 131 179 91
0.157850 0.399730 0.518905 170 218 130
0.156144 0.400785 0.518798 157 215 106
0.154471 0.400825 0.518516 144 202 93
0.152797 0.400864 0.518234 42 80 21
0.160889 0.399982 0.521175 55 65 49
0.159216 0.400022 0.520893 73 114 38
0.157543 0.400062 0.520611 168 209 133
0.155870 0.400102 0.520330 160 218 107
0.154196 0.400142 0.520048 158 216 105
0.152523 0.400182 0.519766 84 129 58
0.150850 0.400222 0.519485 21 66 0
0.158942 0.399339 0.522425 32 65 7
0.157269 0.399379 0.522143 137 170 112
0.155595 0.399419 0.521862 165 223 112
0.153922 0.399459 0.521580 158 216 105
0.152249 0.399499 0.521298 130 179 95
0.150532 0.400551 0.521194 28 77 0
0.158636 0.399668 0.524139 37 66 23
0.156994 0.398697 0.523675 94 123 80
0.155321 0.398736 0.523394 163 217 114
0.153609 0.399788 0.523292 161 215 112
0.151933 0.399828 0.523010 152 204 111
0.150257 0.399868 0.522728 62 114 21
0.156685 0.399024 0.525391 52 76 44
0.155010 0.399064 0.525109 149 200 104
0.153334 0.399104 0.524827 168 219 123
0.151658 0.399144 0.524545 160 214 113
0.149937 0.400194 0.524444 111 165 64
0.156376 0.399350 0.527111 42 61 33
0.154697 0.399390 0.526829 106 155 69
0.153019 0.399430 0.526546 168 217 131
0.151341 0.399470 0.526264 159 216 110
0.147936 0.400559 0.525882 44 82 25
0.156065 0.399673 0.528836 45 59 39
0.154384 0.399713 0.528553 63 105 35
0.152703 0.399753 0.528270 166 208 138
0.151022 0.399793 0.527987 157 214 108
0.149341 0.399833 0.527704 154 211 105
0.147612 0.400882 0.527608 80 120 49
0.145929 0.400922 0.527324 19 59 0
0.154070 0.400035 0.530283 40 75 17
0.152387 0.400075 0.529999 143 178 120
0.150703 0.400115 0.529716 157 214 110
0.149020 0.400155 0.529432 158 215 111
0.147287 0.401202 0.529338 123 170 87
0.145601 0.401243 0.529054 24 71 0
0.153755 0.400354 0.532017 36 66 16
0.152069 0.400394 0.531733 101 131 81
0.150383 0.400434 0.531449 160 217 113
0.148697 0.400474 0.531165 157 214 110
0.147011 0.400514 0.530881 150 200 107
0.145221 0.402568 0.530978 43 93 0
0.151709 0.401717 0.533665 58 84 44
0.150062 0.400752 0.533187 157 211 110
0.148327 0.401797 0.533096 152 206 105
0.146635 0.401837 0.532811 158 214 115
0.144944 0.401878 0.532527 80 136 37
0.143198 0.402924 0.532434 30 59 18
0.151389 0.402031 0.535411 41 63 34
0.149695 0.402071 0.535126 140 192 99
0.148002 0.402111 0.534840 162 214 121
0.146308 0.402152 0.534555 157 214 112
0.144615 0.402192 0.534270 112 169 67
0.142866 0.403237 0.534180 27 61 10
0.151069 0.402343 0.537161 38 57 31
0.149373 0.402383 0.536875 109 156 71
0.147724 0.401420 0.536391 170 217 132
0.145980 0.402464 0.536304 157 214 110
0.144284 0.402504 0.536018 144 201 97
0.142588 0.402545 0.535733 32 70 11
0.150747 0.402653 0.538915 47 63 42
0.149049 0.402693 0.538629 75 118 39
0.147398 0.401731 0.538143 169 212 133
0.145702 0.401772 0.537857 159 216 110
0.144006 0.401812 0.537571 154 211 105
0.142254 0.402855 0.537485 60 101 36
0.150425 0.402961 0.540675 52 66 46
0.148770 0.402000 0.540185 41 81 10
0.147072 0.402040 0.539899 160 200 129
0.145373 0.402081 0.539613 164 222 113
0.143674 0.402121 0.539327 157 215 106
0.141975 0.402162 0.539041 96 141 68
0.140277 0.402202 0.538755 24 69 0
0.148445 0.402307 0.541946 37 70 12
0.146744 0.402348 0.541659 143 176 118
0.145094 0.401388 0.541168 166 221 113
0.143396 0.401428 0.540882 159 214 106
0.141697 0.401469 0.540596 126 173 88
0.139939 0.402510 0.540514 24 71 0
0.148167 0.401613 0.543503 37 64 15
0.146465 0.401653 0.543217 92 119 70
0.144764 0.401694 0.542931 165 217 112
0.143063 0.401734 0.542644 161 213 108
0.141361 0.401775 0.542358 148 196 104
0.139660 0.401815 0.542071 43 91 0
0.147840 0.401916 0.545272 49 73 30
0.146186 0.400959 0.544775 69 93 50
0.144485 0.400999 0.544488 160 210 108
0.142784 0.401040 0.544202 163 213 111
0.141082 0.401081 0.543916 157 207 107
0.139381 0.401121 0.543629 63 113 13
0.145857 0.401262 0.546545 50 74 35
0.144206 0.400305 0.546046 147 194 93
0.142505 0.400346 0.545760 166 213 112
0.140804 0.400386 0.545473 161 213 110
0.139102 0.400427 0.545187 98 150 47
0.137401 0.400467 0.544900 24 55 9
0.145578 0.400566 0.548105 42 62 29
0.143874 0.400607 0.547818 126 172 78
0.142170 0.400648 0.547531 166 212 118
0.140525 0.399692 0.547031 161 215 112
0.138824 0.399733 0.546744 128 182 79
0.137058 0.400769 0.546671 28 62 13
0.145247 0.400866 0.549882 43 61 38
0.143595 0.399912 0.549378 103 147 65
0.141891 0.399952 0.549091 169 213 131
0.140187 0.399993 0.548804 159 216 114
0.138483 0.400033 0.548518 139 196 94
0.136779 0.400074 0.548231 35 70 14
0.144968 0.400170 0.551444 47 62 44
0.143261 0.400210 0.551157 74 116 44
0.141612 0.399257 0.550651 168 210 138
0.139908 0.399298 0.550364 158 215 113
0.138204 0.399338 0.550078 148 205 103
0.136500 0.399379 0.549791 53 87 22
0.142982 0.399514 0.552719 49 93 29
0.141275 0.399555 0.552432 160 204 140
0.139569 0.399595 0.552145 160 216 117
0.137925 0.398643 0.551638 155 211 112
0.136156 0.399677 0.551570 78 114 41
0.142647 0.399810 0.554506 41 79 20
0.140996 0.398858 0.553995 154 192 133
0.139289 0.398899 0.553707 165 222 118
0.137583 0.398940 0.553420 158 215 111
0.135876 0.398980 0.553133 97 136 56
0.142311 0.400103 0.556296 36 71 13
0.140658 0.399153 0.555783 135 170 112
0.138949 0.399194 0.555495 167 224 118
0.137303 0.398243 0.554982 159 216 110
0.135531 0.399275 0.554919 109 151 70
0.133822 0.399316 0.554632 31 73 0
0.141975 0.400394 0.558092 35 68 12
0.140319 0.399445 0.557575 120 153 97
0.138669 0.398496 0.557060 167 221 118
0.136960 0.398537 0.556772 161 215 112
0.135251 0.398578 0.556484 129 174 87
0.133473 0.399608 0.556423 29 74 0
0.141638 0.400684 0.559892 37 68 15
0.139980 0.399736 0.559373 101 132 79
0.138266 0.399777 0.559084 164 218 115
0.136616 0.398829 0.558566 161 215 112
0.134837 0.399858 0.558507 140 190 101
0.133123 0.399899 0.558218 27 77 0
0.141243 0.401959 0.561930 43 68 20
0.139640 0.400024 0.561175 91 116 68
0.137923 0.400065 0.560886 165 216 118
0.136271 0.399118 0.560365 164 215 117
0.134490 0.400147 0.560308 151 201 112
0.132773 0.400188 0.560019 35 85 0
0.139239 0.401297 0.563217 77 98 58
0.137579 0.400351 0.562692 166 215 120
0.135925 0.399405 0.562168 166 215 120
0.134141 0.400433 0.562113 157 207 118
0.132351 0.401461 0.562057 40 90 1
0.138896 0.401580 0.565030 63 84 44
0.137235 0.400635 0.564503 164 212 120
0.135513 0.400676 0.564213 166 214 122
0.133791 0.400717 0.563923 157 208 122
0.131999 0.401744 0.563869 55 106 20
0.138553 0.401861 0.566849 55 79 40
0.136889 0.400918 0.566319 158 206 116
0.135165 0.400959 0.566029 160 208 118
0.133441 0.401000 0.565738 160 212 121
0.131645 0.402026 0.565686 78 130 39
0.138209 0.402140 0.568672 46 69 33
0.136543 0.401198 0.568139 151 199 109
0.134816 0.401239 0.567848 159 207 117
0.133089 0.401280 0.567558 163 214 118
0.131291 0.402305 0.567507 95 146 50
0.129562 0.402346 0.567216 33 62 19
0.137864 0.402417 0.570500 39 63 31
0.136196 0.401475 0.569964 149 197 109
0.134467 0.401517 0.569673 164 212 124
0.132737 0.401558 0.569382 163 214 116
0.131008 0.401599 0.569091 100 151 53
0.137580 0.401710 0.572086 40 62 33
0.135848 0.401751 0.571794 145 192 107
0.134183 0.400811 0.571257 167 214 129
0.132454 0.400852 0.570965 163 214 116
0.130724 0.400893 0.570674 122 173 75
0.128920 0.401916 0.570628 35 65 17
0.137234 0.401984 0.573920 40 62 35
0.135564 0.401044 0.573380 136 183 98
0.133832 0.401086 0.573088 172 219 134
0.132100 0.401127 0.572797 170 220 120
0.130368 0.401168 0.572505 129 179 79
0.128561 0.402190 0.572460 35 68 14
0.136950 0.401276 0.575509 40 61 37
0.135215 0.401317 0.575217 116 163 78
0.133481 0.401358 0.574925 174 221 136
0.131746 0.401400 0.574633 169 219 119
0.130012 0.401441 0.574341 132 182 82
0.128277 0.401482 0.574049 33 68 14
0.136666 0.400568 0.577097 34 55 31
0.134931 0.400609 0.576805 117 161 77
0.133196 0.400651 0.576513 173 217 133
0.131462 0.400692 0.576221 166 218 117
0.129727 0.400733 0.575929 136 188 87
0.127993 0.400775 0.575637 32 67 13
0.136318 0.400838 0.578941 36 57 33
0.134647 0.399902 0.578393 108 153 66
0.132912 0.399943 0.578101 171 216 129
0.131178 0.399984 0.577809 168 220 119
0.129443 0.400025 0.577517 140 192 91
0.127632 0.401044 0.577479 34 69 15
0.136033 0.400129 0.580531 47 65 42
0.134296 0.400170 0.580239 94 136 53
0.132559 0.400211 0.579947 173 215 132
0.130822 0.400253 0.579654 169 220 122
0.129085 0.400294 0.579362 143 194 96
0.127271 0.401312 0.579325 34 68 17
0.133944 0.400437 0.582090 81 123 42
0.132205 0.400478 0.581797 166 208 127
0.130465 0.400519 0.581504 166 217 121
0.128725 0.400561 0.581211 144 195 99
0.126908 0.401578 0.581177 35 69 18
0.135334 0.400659 0.584239 35 53 32
0.133592 0.400701 0.583945 80 121 43
0.131850 0.400742 0.583652 161 202 124
0.130107 0.400784 0.583359 167 216 119
0.128365 0.400825 0.583065 149 198 101
0.126545 0.401841 0.583033 37 72 18
0.134983 0.400922 0.586099 34 55 31
0.133239 0.400963 0.585806 80 122 41
0.131494 0.401005 0.585512 173 215 134
0.129749 0.401046 0.585218 165 214 117
0.128004 0.401088 0.584924 149 198 101
0.126181 0.402103 0.584894 36 71 17
0.134632 0.401182 0.587965 48 66 43
0.132884 0.401223 0.587670 74 115 37
0.131137 0.401265 0.587376 173 214 136
0.129390 0.401307 0.587082 166 214 122
0.127566 0.402321 0.587054 149 197 105
0.125738 0.403335 0.587025 35 69 18
0.134213 0.402411 0.590105 48 66 43
0.132461 0.402452 0.589810 71 112 34
0.130780 0.401523 0.589245 174 215 137
0.129030 0.401565 0.588951 169 217 125
0.127203 0.402578 0.588925 148 196 104
0.125372 0.403591 0.588898 32 69 17
0.133860 0.402666 0.591982 47 63 40
0.132174 0.401737 0.591414 81 122 48
0.130421 0.401779 0.591119 174 215 141
0.128669 0.401821 0.590824 169 217 125
0.126839 0.402833 0.590800 148 196 104
0.125005 0.403845 0.590775 30 64 13
0.133505 0.402918 0.593863 40 58 37
0.131817 0.401991 0.593293 90 128 55
0.130062 0.402033 0.592998 176 214 141
0.128307 0.402075 0.592702 167 213 119
0.126475 0.403086 0.592680 151 197 103
0.124637 0.404097 0.592657 34 69 15
0.133150 0.403169 0.595750 43 64 42
0.131459 0.402243 0.595177 81 122 48
0.129702 0.402285 0.594881 176 217 143
0.127944 0.402327 0.594585 173 219 123
0.126109 0.403337 0.594565 150 196 100
0.124269 0.404347 0.594543 36 69 13
0.132793 0.403418 0.597641 41 62 40
0.131101 0.402493 0.597065 83 124 50
0.129341 0.402535 0.596769 176 217 143
0.127581 0.402577 0.596472 176 221 123
0.125743 0.403586 0.596454 149 194 96
0.123980 0.403628 0.596157 35 66 11
0.132505 0.402698 0.599255 36 57 35
0.130742 0.402740 0.598958 84 125 51
0.128979 0.402782 0.598661 173 214 140
0.127216 0.402824 0.598365 175 219 126
0.125454 0.402866 0.598068 148 192 99
0.123610 0.403875 0.598051 35 63 9
0.132147 0.402944 0.601153 31 52 30
0.130453 0.402021 0.600572 100 142 70
0.128690 0.402063 0.600275 174 216 144
0.126851 0.403070 0.600261 172 216 123
0.125086 0.403112 0.599964 144 188 95
0.123321 0.403154 0.599667 39 67 13
0.131858 0.402224 0.602769 28 49 27
0.130093 0.402266 0.602472 115 158 83
0.128327 0.402308 0.602175 178 221 146
0.126562 0.402350 0.601878 176 225 130
0.124717 0.403356 0.601865 138 187 92
0.122950 0.403398 0.601568 38 69 14
0.131569 0.401503 0.604385 34 55 31
0.129803 0.401545 0.604088 124 170 94
0.128038 0.401587 0.603791 178 224 148
0.126196 0.402592 0.603781 172 222 129
0.124428 0.402634 0.603484 131 181 88
0.122660 0.402677 0.603186 38 71 17
0.131209 0.401745 0.606293 35 59 31
0.129442 0.401787 0.605995 131 179 102
0.127674 0.401829 0.605698 173 221 144
0.125906 0.401871 0.605400 169 221 130
0.124058 0.402875 0.605392 118 170 79
0.122288 0.402917 0.605094 35 69 20
0.130920 0.401023 0.607911 39 63 33
0.129152 0.401065 0.607614 140 190 113
0.127384 0.401107 0.607316 171 221 144
0.125538 0.402110 0.607311 168 222 135
0.123687 0.403113 0.607305 109 163 76
0.121914 0.403156 0.607006 33 66 24
0.130630 0.400302 0.609530 36 63 30
0.128789 0.401303 0.609528 146 199 121
0.127019 0.401346 0.609230 173 226 148
0.125170 0.402348 0.609227 166 219 137
0.123397 0.402390 0.608928 95 148 66
0.130269 0.400539 0.611447 39 67 31
0.128499 0.400581 0.611149 150 205 124
0.126652 0.401582 0.611148 170 225 144
0.124879 0.401624 0.610850 165 220 141
0.122944 0.403584 0.611144 67 122 43
0.129908 0.400774 0.613368 46 76 37
0.128135 0.400816 0.613070 153 209 123
0.126285 0.401816 0.613071 168 224 138
0.124430 0.402816 0.613072 164 218 142
0.129545 0.401007 0.615295 57 86 43
0.127770 0.401049 0.614996 161 213 124
0.125917 0.402048 0.614999 173 225 136
0.122196 0.404046 0.615003 39 92 14
0.129182 0.401238 0.617226 68 95 48
0.127404 0.401280 0.616926 164 215 119
0.125548 0.402278 0.616931 173 224 128
0.123687 0.403276 0.616936 159 207 128
0.121739 0.405230 0.617243 36 84 5
0.130598 0.401424 0.619461 37 64 15
0.128818 0.401467 0.619161 78 105 56
0.127037 0.401509 0.618861 163 212 115
0.125100 0.403460 0.619175 174 223 126
0.123315 0.403503 0.618875 143 190 107
0.121363 0.405455 0.619186 30 77 0
0.130236 0.401651 0.621402 29 60 7
0.128453 0.401693 0.621101 99 130 77
0.126594 0.402689 0.621111 166 212 116
0.124730 0.403685 0.621119 178 224 128
0.122941 0.403728 0.620818 128 172 88
0.120986 0.405677 0.621134 32 76 0
0.129801 0.402828 0.623660 30 61 8
0.128013 0.402870 0.623359 120 151 98
0.126149 0.403865 0.623370 172 217 126
0.124358 0.403908 0.623068 180 225 134
0.122485 0.404903 0.623078 112 153 75
0.120608 0.405898 0.623086 35 76 0
0.129437 0.403049 0.625612 30 63 9
0.127646 0.403092 0.625311 135 168 114
0.125778 0.404086 0.625323 173 217 133
0.123906 0.405080 0.625335 178 222 138
0.122028 0.406074 0.625346 104 141 73
0.129071 0.403268 0.627569 42 75 21
0.127278 0.403311 0.627267 152 185 131
0.125408 0.404304 0.627282 173 216 137
0.123532 0.405297 0.627296 174 217 138
0.121733 0.405340 0.626993 84 120 57
0.130501 0.403443 0.629833 47 61 41
0.128705 0.403486 0.629531 58 91 33
0.126834 0.404477 0.629548 159 192 134
0.125036 0.404520 0.629245 172 218 138
0.123237 0.404563 0.628942 164 210 130
0.121439 0.404606 0.628640 54 92 33
0.130137 0.403658 0.631800 39 55 32
0.128338 0.403701 0.631498 83 119 54
0.126540 0.403744 0.631195 162 198 133
0.124741 0.403786 0.630892 176 225 141
0.122862 0.404777 0.630910 154 203 119
0.121061 0.404820 0.630607 37 77 21
0.129842 0.402924 0.633447 34 56 29
0.128043 0.402967 0.633144 109 152 77
0.126245 0.403010 0.632841 161 204 129
0.124368 0.404000 0.632862 173 223 134
0.122567 0.404042 0.632559 140 190 101
0.120766 0.404085 0.632256 30 67 17
0.129476 0.403136 0.635421 40 64 34
0.127675 0.403179 0.635118 127 173 95
0.125874 0.403222 0.634815 164 210 132
0.124073 0.403265 0.634511 173 223 132
0.122191 0.404254 0.634534 100 150 59
0.120387 0.404297 0.634230 30 61 15
0.129110 0.403346 0.637400 45 72 41
0.127306 0.403389 0.637096 128 176 95
0.125502 0.403432 0.636792 165 213 132
0.123699 0.403475 0.636489 172 219 134
0.121895 0.403518 0.636185 71 118 33
0.120007 0.404506 0.636209 38 67 24
0.130548 0.403511 0.639687 36 64 28
0.128814 0.402610 0.639051 64 92 56
0.127010 0.402653 0.638747 158 207 123
0.125130 0.403640 0.638775 161 210 126
0.123324 0.403683 0.638471 164 211 128
0.121435 0.404670 0.638497 53 100 17
0.130183 0.403716 0.641675 31 62 18
0.128374 0.403759 0.641371 86 117 73
0.126565 0.403802 0.641066 170 220 131
0.124756 0.403845 0.640762 171 221 132
0.122868 0.404831 0.640790 143 189 111
0.121056 0.404875 0.640485 35 81 3
0.129816 0.403920 0.643668 32 67 13
0.128005 0.403963 0.643363 124 159 105
0.126193 0.404006 0.643059 173 226 130
0.124304 0.404991 0.643089 174 227 131
0.122410 0.405976 0.643119 125 167 95
0.120594 0.406019 0.642814 31 73 1
0.129378 0.405062 0.646006 35 79 15
0.127562 0.405105 0.645700 150 194 130
0.125745 0.405148 0.645394 174 227 131
0.123850 0.406132 0.645426 173 226 130
0.122031 0.406176 0.645120 84 123 59
0.120212 0.406219 0.644814 33 72 8
0.130828 0.405217 0.648317 40 61 39
0.129009 0.405260 0.648010 58 104 35
0.127190 0.405303 0.647704 162 208 139
0.125371 0.405347 0.647398 166 221 131
0.123474 0.406330 0.647432 168 223 133
0.121571 0.407313 0.647466 52 89 39
0.130393 0.406351 0.650671 32 55 30
0.128569 0.406395 0.650364 90 142 69
0.126744 0.406438 0.650057 164 216 143
0.124920 0.406482 0.649750 168 224 138
0.123017 0.407464 0.649785 143 199 113
0.121190 0.407507 0.649478 39 74 34
0.130024 0.406545 0.652688 36 63 34
0.128198 0.406588 0.652380 124 177 99
0.126371 0.406632 0.652073 164 217 139
0.124467 0.407613 0.652111 171 226 145
0.122638 0.407656 0.651803 102 157 76
0.131485 0.406692 0.655018 32 63 29
0.129655 0.406735 0.654710 53 84 50
0.127826 0.406779 0.654402 147 202 119
0.125997 0.406823 0.654094 168 223 140
0.124090 0.407803 0.654134 165 218 140
0.122258 0.407846 0.653825 62 115 37
0.120427 0.407890 0.653517 44 75 41
0.131117 0.406881 0.657044 25 58 16
0.129286 0.406924 0.656736 106 139 97
0.127454 0.406968 0.656428 157 213 125
0.125622 0.407012 0.656119 170 226 138
0.123712 0.407991 0.656161 153 202 128
0.121878 0.408035 0.655852 35 84 10
0.132584 0.407024 0.659385 47 62 46
0.130749 0.407067 0.659076 29 68 15
0.128915 0.407111 0.658767 122 161 108
0.127080 0.407155 0.658458 161 218 127
0.125246 0.407199 0.658149 164 221 130
0.123412 0.407242 0.657841 112 156 88
0.121577 0.407286 0.657532 30 74 6
0.132283 0.406275 0.661064 38 59 37
0.130449 0.406319 0.660755 57 103 38
0.128614 0.406363 0.660446 138 184 119
0.126780 0.406406 0.660138 169 221 128
0.124946 0.406450 0.659829 167 219 126
0.123111 0.406494 0.659520 64 103 41
0.121277 0.406537 0.659211 39 78 16
0.131982 0.405527 0.662744 34 56 29
0.130148 0.405570 0.662435 98 145 71
0.128314 0.405614 0.662126 155 202 128
0.126479 0.405658 0.661817 175 227 134
0.124568 0.406634 0.661866 140 192 99
0.122732 0.406677 0.661557 38 75 23
0.133452 0.405665 0.665094 44 68 36
0.131615 0.405709 0.664785 42 66 34
0.129778 0.405753 0.664476 138 192 105
0.127941 0.405797 0.664166 167 221 134
0.126104 0.405840 0.663857 169 224 134
0.124267 0.405884 0.663548 93 148 58
0.122351 0.406859 0.663598 35 68 26
0.133087 0.405846 0.667140 31 62 20
0.131247 0.405890 0.666831 78 109 67
0.129408 0.405933 0.666521 155 210 116
0.127568 0.405977 0.666211 169 224 130
0.125729 0.406021 0.665902 163 212 126
0.123889 0.406065 0.665592 47 96 10
0.132720 0.406024 0.669191 34 69 13
0.130878 0.406068 0.668881 127 162 106
0.129036 0.406112 0.668571 160 218 118
0.127194 0.406156 0.668261 174 232 132
0.125277 0.407129 0.668316 115 161 85
0.123432 0.407173 0.668006 28 74 0
0.134198 0.406156 0.671558 45 60 42
0.132353 0.406200 0.671247 55 97 27
0.130508 0.406244 0.670937 126 168 98
0.128664 0.406288 0.670626 164 221 119
0.126819 0.406332 0.670316 165 222 120
0.124899 0.407304 0.670372 72 113 48
0.123052 0.407348 0.670062 40 81 16
0.133769 0.407257 0.673990 36 57 33
0.131919 0.407301 0.673679 109 157 80
0.130069 0.407345 0.673368 140 188 111
0.128220 0.407389 0.673056 169 225 126
0.126296 0.408360 0.673115 138 194 95
0.124444 0.408404 0.672803 35 72 22
0.135254 0.407384 0.676370 33 60 27
0.133402 0.407428 0.676058 56 83 50
0.131550 0.407472 0.675747 138 192 107
0.129629 0.408442 0.675808 171 225 140
0.127774 0.408486 0.675496 169 224 134
0.125919 0.408530 0.675184 72 127 37
0.124064 0.408574 0.674871 38 72 37
0.134889 0.407552 0.678443 28 64 19
0.133034 0.407597 0.678131 110 146 101
0.131113 0.408566 0.678195 158 213 123
0.129255 0.408610 0.677882 172 227 137
0.127326 0.409579 0.677945 142 192 115
0.125466 0.409623 0.677632 32 82 5
0.136381 0.407675 0.680834 33 51 30
0.134461 0.408643 0.680900 67 111 45
0.132601 0.408687 0.680587 131 175 109
0.130741 0.408731 0.680274 161 216 124
0.128812 0.409699 0.680339 169 224 132
0.126877 0.410667 0.680403 81 127 62
0.125012 0.410712 0.680089 29 75 10
0.136017 0.407839 0.682916 34 58 28
0.134094 0.408806 0.682985 106 156 75
0.132167 0.409773 0.683053 138 188 107
0.130302 0.409817 0.682739 167 222 128
0.128437 0.409862 0.682425 139 194 100
0.126572 0.409906 0.682111 39 78 27
0.137456 0.408879 0.685702 26 59 17
0.135591 0.408923 0.685388 66 99 57
0.133726 0.408968 0.685074 143 198 104
0.131861 0.409012 0.684760 166 221 127
0.129996 0.409056 0.684446 170 222 133
0.128061 0.410022 0.684515 75 127 38
0.126193 0.410067 0.684201 35 70 32
0.137151 0.408118 0.687410 39 82 23
0.135286 0.408162 0.687096 110 153 94
0.133421 0.408206 0.686782 155 212 110
0.131490 0.409171 0.686854 171 228 126
0.129622 0.409216 0.686540 140 188 109
0.127684 0.410181 0.686610 33 81 2
0.138654 0.408231 0.689822 34 57 32
0.136787 0.408276 0.689507 75 125 48
0.134919 0.408320 0.689193 133 183 106
0.133051 0.408365 0.688878 167 224 122
0.131118 0.409329 0.688952 162 219 117
0.129247 0.409373 0.688637 63 104 39
0.127377 0.409418 0.688323 36 77 12
0.140216 0.407425 0.691846 37 65 27
0.138348 0.407469 0.691532 52 80 42
0.136422 0.408432 0.691609 117 172 80
0.134551 0.408476 0.691294 146 201 109
0.132681 0.408521 0.690979 172 228 129
0.130811 0.408566 0.690665 118 174 75
0.128941 0.408610 0.690350 39 73 24
0.139856 0.407580 0.693951 35 73 18
0.137985 0.407624 0.693636 106 144 89
0.136115 0.407669 0.693321 151 209 109
0.134245 0.407713 0.693007 166 224 124
0.132375 0.407758 0.692692 147 202 112
0.130505 0.407802 0.692377 61 116 26
0.128565 0.408764 0.692455 49 77 41
0.141419 0.406772 0.695978 39 61 34
0.139549 0.406816 0.695663 70 117 45
0.137679 0.406861 0.695349 137 184 112
0.135809 0.406906 0.695034 163 221 121
0.133876 0.407866 0.695115 163 221 121
0.132004 0.407911 0.694800 85 129 61
0.130131 0.407955 0.694485 35 79 11
0.507733 0.393621 0.757774 142 138 127
0.505873 0.393665 0.757461 147 143 132
0.504459 0.394612 0.757632 128 130 119
0.142933 0.406879 0.698406 34 64 27
0.141060 0.406924 0.698091 50 80 43
0.139188 0.406968 0.697776 122 176 89
0.137315 0.407013 0.697460 137 191 104
0.135442 0.407057 0.697145 167 225 127
0.133569 0.407102 0.696830 117 175 77
0.131697 0.407147 0.696514 44 77 31
0.511148 0.392773 0.760103 128 121 113
0.509288 0.392817 0.759790 158 151 143
0.507428 0.392862 0.759477 147 144 130
0.505568 0.392906 0.759164 129 126 112
0.504154 0.393852 0.759337 139 141 125
0.502735 0.394799 0.759510 137 139 123
0.500870 0.394843 0.759196 82 87 73
0.142626 0.406115 0.700121 36 75 22
0.140754 0.406159 0.699805 107 146 93
0.138881 0.406204 0.699490 130 188 88
0.137008 0.406249 0.699175 161 219 119
0.135135 0.406293 0.698860 145 199 114
0.133199 0.407252 0.698945 55 109 24
0.131324 0.407297 0.698630 43 71 35
0.512703 0.391970 0.762119 142 137 133
0.510843 0.392014 0.761806 170 163 153
0.508983 0.392058 0.761493 146 139 129
0.507123 0.392103 0.761180 123 120 104
0.505263 0.392147 0.760867 130 127 111
0.503849 0.393092 0.761043 129 131 115
0.502429 0.394037 0.761218 109 111 95
0.500564 0.394082 0.760904 117 119 106
0.499137 0.395027 0.761077 64 66 53
0.144144 0.406219 0.702556 42 60 37
0.142269 0.406263 0.702241 75 124 52
0.140393 0.406308 0.701925 140 189 117
0.138518 0.406353 0.701609 164 221 126
0.136643 0.406397 0.701294 165 222 127
0.134767 0.406442 0.700978 95 141 74
0.132892 0.406487 0.700662 26 72 5
0.512398 0.391211 0.763822 192 187 183
0.510538 0.391255 0.763509 190 186 175
0.508225 0.390400 0.762703 156 152 141
0.506818 0.391344 0.762883 141 138 122
0.504958 0.391388 0.762570 146 143 127
0.503543 0.392332 0.762748 115 117 101
0.502124 0.393276 0.762925 94 96 80
0.500258 0.393321 0.762611 123 125 109
0.498831 0.394265 0.762787 119 121 105
0.145666 0.406320 0.704998 37 68 26
0.143788 0.406365 0.704682 58 89 47
0.141910 0.406410 0.704366 127 181 96
0.140032 0.406455 0.704049 154 208 123
0.138154 0.406499 0.703733 160 216 128
0.136277 0.406544 0.703417 122 178 90
0.134399 0.406589 0.703101 37 73 28
0.512093 0.390452 0.765525 191 187 180
0.510233 0.390496 0.765212 199 192 184
0.508373 0.390540 0.764899 182 175 167
0.506514 0.390585 0.764586 149 143 130
0.504654 0.390629 0.764273 136 130 117
0.503238 0.391572 0.764453 125 122 108
0.501818 0.392515 0.764633 132 129 115
0.500392 0.393459 0.764812 142 141 126
0.497092 0.394447 0.764675 117 122 108
0.495221 0.394491 0.764360 53 58 44
0.147148 0.407330 0.707856 42 57 41
0.145312 0.406465 0.707128 36 76 16
0.143431 0.406509 0.706812 102 142 82
0.141602 0.405644 0.706085 129 184 94
0.139725 0.405688 0.705769 164 219 129
0.137847 0.405733 0.705453 145 195 118
0.134029 0.406733 0.705229 47 71 41
0.512246 0.390590 0.767726 138 129 122
0.509929 0.389737 0.766915 186 179 173
0.508069 0.389781 0.766602 163 156 150
0.506209 0.389826 0.766289 135 125 113
0.504796 0.390768 0.766472 128 118 106
0.503377 0.391710 0.766654 132 124 110
0.501512 0.391754 0.766340 137 129 115
0.500086 0.392697 0.766522 143 142 125
0.496785 0.393684 0.766387 73 78 64
0.494915 0.393728 0.766072 46 51 37
0.493474 0.394671 0.766251 41 51 37
0.148639 0.408336 0.710725 37 61 33
0.146795 0.407471 0.709994 38 62 34
0.144910 0.407516 0.709676 85 135 54
0.143074 0.406652 0.708946 121 171 90
0.141243 0.405787 0.708217 155 211 114
0.139362 0.405832 0.707900 162 218 121
0.137482 0.405876 0.707583 93 137 73
0.135542 0.406831 0.707678 37 81 17
0.510078 0.389875 0.769118 128 120 119
0.508215 0.389919 0.768804 175 167 166
0.506353 0.389963 0.768491 177 167 153
0.504937 0.390904 0.768676 170 160 146
0.503072 0.390949 0.768362 137 129 115
0.499780 0.391934 0.768232 120 121 108
0.498349 0.392876 0.768414 65 66 53
0.496479 0.392920 0.768099 41 49 38
0.494609 0.392965 0.767784 49 57 46
0.493167 0.393907 0.767965 46 56 44
0.491294 0.393951 0.767650 42 52 40
0.489421 0.393996 0.767335 41 51 39
0.148287 0.408474 0.712871 23 58 18
0.146441 0.407610 0.712136 75 110 70
0.144601 0.406747 0.711403 131 183 90
0.142715 0.406792 0.711085 162 214 121
0.140830 0.406837 0.710768 168 223 129
0.138944 0.406882 0.710450 115 170 76
0.137059 0.406926 0.710133 42 75 31
0.508361 0.390054 0.771011 108 104 97
0.506496 0.390099 0.770697 174 164 152
0.504631 0.390143 0.770383 181 171 159
0.502766 0.390188 0.770070 173 167 152
0.499474 0.391172 0.769941 50 55 43
0.496172 0.392157 0.769812 47 56 49
0.494302 0.392202 0.769497 47 56 49
0.492860 0.393142 0.769680 46 55 48
0.490987 0.393187 0.769365 46 55 48
0.489115 0.393232 0.769050 43 55 47
0.487662 0.394172 0.769231 40 52 44
0.149828 0.408564 0.715339 31 52 30
0.147977 0.407702 0.714602 59 103 39
0.146087 0.407747 0.714283 110 154 90
0.144196 0.407792 0.713965 154 208 105
0.142356 0.406930 0.713229 167 221 118
0.140468 0.406975 0.712911 134 180 102
0.138580 0.407020 0.712594 48 94 16
0.136634 0.407972 0.712692 49 73 45
0.506191 0.389338 0.772405 100 93 83
0.504326 0.389382 0.772091 155 148 138
0.501036 0.390366 0.771966 68 65 51
0.499168 0.390410 0.771651 50 52 39
0.497736 0.391350 0.771839 51 53 40
0.495866 0.391394 0.771524 49 58 49
0.493996 0.391439 0.771209 48 57 48
0.492553 0.392378 0.771395 45 56 52
0.490680 0.392423 0.771079 45 56 52
0.488808 0.392467 0.770764 44 56 48
0.487355 0.393407 0.770948 43 55 47
0.485480 0.393452 0.770632 41 53 45
0.484019 0.394392 0.770815 34 46 38
0.151373 0.408653 0.717813 30 57 26
0.149477 0.408698 0.717494 44 71 40
0.147625 0.407837 0.716754 113 164 78
0.145731 0.407882 0.716435 145 196 110
0.143886 0.407021 0.715696 166 217 121
0.141996 0.407066 0.715378 155 206 110
0.140105 0.407111 0.715060 58 93 35
0.138214 0.407156 0.714741 39 74 16
0.504465 0.389515 0.774305 72 69 55
0.502598 0.389559 0.773990 82 81 66
0.500730 0.389604 0.773676 94 93 78
0.498862 0.389648 0.773361 67 72 58
0.497430 0.390586 0.773551 51 56 42
0.495559 0.390631 0.773236 51 58 50
0.493689 0.390675 0.772921 50 57 49
0.491819 0.390720 0.772606 44 55 51
0.490374 0.391659 0.772794 44 55 51
0.488501 0.391703 0.772479 44 55 51
0.486628 0.391748 0.772164 44 55 51
0.485172 0.392687 0.772349 43 55 47
0.483712 0.393626 0.772534 37 49 41
0.152922 0.408739 0.720293 33 51 30
0.151062 0.407879 0.719549 27 70 13
0.149167 0.407924 0.719230 99 142 85
0.147271 0.407969 0.718911 143 199 102
0.145375 0.408015 0.718592 167 223 126
0.143479 0.408060 0.718273 162 212 121
0.141635 0.407200 0.717531 71 121 30
0.139741 0.407245 0.717212 41 66 29
0.500864 0.389734 0.775893 88 89 76
0.498556 0.388886 0.775071 89 94 82
0.497123 0.389823 0.775263 73 78 66
0.495253 0.389868 0.774948 53 60 54
0.493383 0.389912 0.774634 50 57 51
0.491513 0.389957 0.774319 47 58 54
0.490067 0.390894 0.774509 44 55 51
0.488194 0.390939 0.774193 46 57 53
0.486321 0.390984 0.773878 45 56 52
0.484865 0.391921 0.774066 46 55 48
0.482990 0.391966 0.773751 41 50 43
0.481526 0.392904 0.773937 40 49 42
0.154442 0.409727 0.723206 28 55 22
0.152575 0.408868 0.722458 28 55 22
0.150713 0.408009 0.721712 86 136 57
0.148815 0.408055 0.721392 134 184 105
0.146916 0.408100 0.721072 159 216 114
0.145064 0.407241 0.720327 164 221 119
0.143169 0.407286 0.720008 98 140 70
0.141273 0.407331 0.719689 38 80 10
0.498687 0.389015 0.777290 85 90 80
0.496817 0.389060 0.776976 88 93 83
0.494947 0.389105 0.776661 79 87 76
0.493076 0.389149 0.776346 64 72 61
0.491206 0.389194 0.776031 44 51 45
0.487887 0.390175 0.775908 51 58 52
0.486014 0.390219 0.775593 49 56 50
0.482683 0.391201 0.775468 44 51 45
0.481218 0.392138 0.775657 39 48 39
0.479340 0.392183 0.775341 39 48 39
0.156002 0.409808 0.725700 36 50 28
0.154130 0.408950 0.724949 23 60 8
0.152227 0.408995 0.724628 91 128 76
0.150363 0.408138 0.723879 123 181 83
0.148462 0.408183 0.723559 151 209 111
0.146561 0.408228 0.723239 164 221 126
0.144660 0.408274 0.722919 94 151 56
0.142759 0.408319 0.722599 39 70 24
0.494640 0.388341 0.778373 85 90 78
0.492770 0.388386 0.778058 89 94 82
0.490900 0.388431 0.777743 80 85 73
0.489030 0.388475 0.777428 69 74 62
0.485708 0.389455 0.777307 44 48 41
0.483835 0.389500 0.776992 46 50 45
0.482375 0.390436 0.777184 46 50 45
0.480500 0.390480 0.776869 39 48 39
0.479033 0.391416 0.777060 38 47 38
0.477155 0.391461 0.776744 34 47 34
0.155658 0.409931 0.727877 24 48 18
0.153784 0.409075 0.727124 70 119 47
0.151878 0.409121 0.726803 113 162 90
0.150012 0.408264 0.726051 144 206 102
0.148108 0.408309 0.725730 159 221 117
0.146205 0.408355 0.725410 114 167 89
0.144301 0.408400 0.725089 32 85 7
0.142398 0.408445 0.724769 45 69 41
0.492464 0.387623 0.779770 88 89 76
0.490593 0.387667 0.779456 93 96 80
0.488723 0.387712 0.779141 93 96 80
0.486853 0.387756 0.778826 81 83 70
0.483528 0.388736 0.778707 55 60 50
0.480193 0.389715 0.778586 40 50 38
0.478317 0.389760 0.778270 35 45 33
0.476847 0.390695 0.778463 36 46 34
0.475372 0.391630 0.778655 41 51 39
0.157254 0.409107 0.729946 19 55 8
0.155345 0.409153 0.729625 69 105 58
0.153437 0.409198 0.729304 120 177 86
0.151528 0.409244 0.728982 157 214 123
0.149660 0.408388 0.728227 167 230 130
0.147754 0.408434 0.727906 129 192 92
0.145848 0.408479 0.727585 42 80 25
0.143942 0.408524 0.727265 37 75 20
0.488417 0.386949 0.780853 88 90 74
0.486547 0.386993 0.780538 90 92 79
0.483221 0.387971 0.780421 79 87 74
0.481348 0.388016 0.780106 67 75 62
0.478010 0.388994 0.779987 40 50 36
0.476539 0.389928 0.780182 34 44 30
0.474662 0.389973 0.779866 35 45 31
0.473183 0.390907 0.780060 43 51 38
0.158850 0.408283 0.732015 24 48 20
0.156941 0.408328 0.731694 66 112 43
0.155032 0.408374 0.731372 126 172 103
0.153124 0.408419 0.731051 141 203 106
0.151215 0.408465 0.730730 169 231 134
0.149307 0.408510 0.730408 140 199 112
0.147398 0.408556 0.730087 45 104 17
0.145490 0.408601 0.729766 38 62 23
0.482914 0.387207 0.782136 80 88 73
0.481041 0.387252 0.781821 77 85 70
0.477703 0.388229 0.781704 56 66 50
0.476232 0.389162 0.781902 44 53 35
0.474354 0.389207 0.781586 36 45 27
0.472875 0.390140 0.781782 43 54 33
0.470995 0.390185 0.781465 47 58 37
0.160420 0.408357 0.734525 17 53 8
0.158509 0.408403 0.734203 71 107 62
0.156598 0.408448 0.733881 117 173 85
0.154720 0.407595 0.733120 154 210 122
0.152811 0.407641 0.732798 169 231 136
0.150903 0.407686 0.732477 143 205 110
0.148994 0.407731 0.732156 49 97 30
0.147085 0.407777 0.731835 20 68 1
0.482607 0.386443 0.783850 77 85 72
0.480735 0.386488 0.783535 79 87 74
0.477396 0.387464 0.783421 68 78 64
0.475520 0.387509 0.783105 64 79 52
0.474046 0.388440 0.783305 67 82 55
0.472168 0.388485 0.782989 55 78 44
0.470687 0.389417 0.783187 31 54 20
0.468806 0.389462 0.782870 42 59 33
0.467708 0.391282 0.783581 38 55 29
0.466211 0.392214 0.783777 47 41 26
0.464709 0.393147 0.783972 58 52 37
0.161994 0.408429 0.737040 25 51 25
0.160081 0.408475 0.736718 67 118 48
0.158196 0.407623 0.735953 108 159 89
0.156284 0.407668 0.735631 156 216 122
0.154373 0.407714 0.735309 172 232 138
0.152462 0.407759 0.734987 145 204 117
0.150590 0.406907 0.734225 45 104 17
0.148681 0.406953 0.733903 24 55 13
0.478964 0.386654 0.785454 75 85 69
0.477088 0.386699 0.785138 74 84 68
0.475616 0.387630 0.785340 80 110 62
0.473739 0.387674 0.785024 88 118 70
0.471861 0.387719 0.784708 104 142 83
0.470379 0.388650 0.784909 56 94 35
0.468891 0.389581 0.785109 38 57 17
0.467399 0.390512 0.785307 31 50 10
0.465902 0.391444 0.785506 68 44 19
0.464399 0.392375 0.785703 123 99 74
0.463274 0.394194 0.786414 139 112 75
0.461759 0.395125 0.786609 114 87 50
0.460238 0.396057 0.786803 52 42 0
0.165489 0.408453 0.739884 35 50 34
0.163573 0.408499 0.739561 16 53 12
0.161681 0.407648 0.738792 66 103 62
0.159767 0.407694 0.738470 116 175 86
0.157853 0.407739 0.738148 140 199 110
0.155940 0.407785 0.737826 169 231 134
0.154026 0.407830 0.737504 148 210 113
0.152149 0.406979 0.736737 58 103 43
0.150238 0.407025 0.736416 19 64 4
0.477187 0.386818 0.787376 103 115 105
0.475309 0.386863 0.787060 156 189 135
0.473831 0.387793 0.787263 159 192 138
0.471951 0.387838 0.786947 141 189 101
0.470466 0.388768 0.787149 103 151 63
0.468583 0.388813 0.786832 85 102 34
0.467090 0.389743 0.787034 60 77 9
0.465980 0.391559 0.787752 139 109 52
0.464089 0.391604 0.787434 190 160 103
0.462964 0.393420 0.788150 208 179 99
0.461828 0.395236 0.788864 156 127 47
0.460304 0.396167 0.789060 106 91 13
0.458776 0.397098 0.789255 84 69 0
0.167075 0.408521 0.742410 27 50 27
0.165156 0.408566 0.742087 23 46 23
0.163259 0.407717 0.741315 69 120 52
0.161343 0.407762 0.740993 111 162 94
0.159427 0.407808 0.740670 149 210 109
0.157511 0.407854 0.740348 168 229 128
0.155594 0.407899 0.740025 146 201 120
0.153713 0.407050 0.739256 57 112 31
0.151799 0.407095 0.738933 30 62 25
0.475806 0.387865 0.789824 99 128 87
0.473923 0.387910 0.789507 160 189 148
0.472438 0.388839 0.789712 168 208 123
0.470552 0.388884 0.789395 142 182 97
0.468667 0.388929 0.789078 143 148 55
0.467171 0.389858 0.789281 172 177 84
0.465670 0.390787 0.789483 238 217 105
0.464164 0.391717 0.789685 242 221 109
0.462653 0.392646 0.789885 175 147 21
0.461516 0.394461 0.790604 166 138 12
0.459992 0.395391 0.790802 186 168 60
0.458463 0.396321 0.791000 170 152 44
0.168680 0.407692 0.744490 29 46 30
0.166761 0.407738 0.744167 24 63 12
0.164842 0.407783 0.743844 94 133 82
0.162923 0.407829 0.743521 107 164 69
0.161004 0.407875 0.743198 137 194 99
0.159086 0.407920 0.742875 168 228 132
0.157167 0.407966 0.742552 136 196 100
0.155280 0.407117 0.741779 49 92 33
0.153364 0.407163 0.741457 21 64 5
0.474414 0.388907 0.792281 86 108 79
0.472923 0.389836 0.792487 162 188 115
0.471032 0.389881 0.792169 191 217 144
0.468750 0.389042 0.791327 204 206 91
0.467251 0.389971 0.791532 250 252 137
0.465360 0.390016 0.791214 253 236 96
0.463854 0.390944 0.791418 194 177 37
0.462342 0.391873 0.791621 186 160 19
0.461205 0.393685 0.792344 231 205 64
0.459681 0.394614 0.792545 225 209 107
0.458151 0.395543 0.792745 173 157 55
0.456617 0.396472 0.792944 65 63 24
0.170259 0.408649 0.747481 18 45 12
0.168350 0.407802 0.746702 31 58 25
0.166429 0.407848 0.746378 88 137 53
0.164508 0.407893 0.746055 138 187 103
0.162586 0.407939 0.745732 156 218 112
0.160665 0.407985 0.745408 169 231 125
0.158744 0.408031 0.745085 130 189 100
0.156822 0.408076 0.744761 42 101 12
0.154934 0.407229 0.743986 31 60 19
0.473406 0.390828 0.795272 93 107 58
0.471511 0.390873 0.794952 182 196 147
0.469615 0.390918 0.794633 255 255 150
0.467330 0.390081 0.793789 255 255 149
0.465823 0.391009 0.793995 203 188 47
0.463927 0.391054 0.793676 187 172 31
0.462413 0.391981 0.793881 250 231 88
0.460893 0.392909 0.794085 250 231 88
0.459369 0.393837 0.794288 197 190 89
0.457839 0.394765 0.794490 82 75 0
0.456304 0.395693 0.794692 38 43 6
0.171858 0.408710 0.750024 22 42 23
0.169944 0.407864 0.749242 31 71 11
0.168020 0.407910 0.748918 86 126 66
0.166096 0.407955 0.748594 140 193 95
0.164172 0.408001 0.748271 168 221 123
0.162248 0.408047 0.747947 169 231 127
0.160325 0.408093 0.747623 130 192 88
0.158401 0.408139 0.747299 36 80 14
0.156477 0.408185 0.746975 22 66 0
0.471987 0.391862 0.797745 132 137 109
0.470086 0.391907 0.797425 242 229 148
0.467797 0.391071 0.796577 230 217 136
0.465899 0.391116 0.796258 240 226 92
0.464000 0.391162 0.795938 250 236 102
0.462483 0.392088 0.796145 252 247 103
0.460582 0.392133 0.795825 215 210 66
0.459057 0.393060 0.796031 91 105 0
0.457526 0.393987 0.796235 50 64 0
0.455991 0.394914 0.796439 41 56 11
0.173453 0.409659 0.753034 16 48 9
0.171532 0.408814 0.752249 55 87 48
0.169616 0.407969 0.751464 92 139 54
0.167689 0.408015 0.751139 127 174 89
0.165763 0.408061 0.750815 172 224 121
0.163836 0.408107 0.750491 176 228 125
0.161910 0.408153 0.750166 128 180 91
0.160009 0.407308 0.749384 39 91 2
0.158085 0.407354 0.749060 30 55 20
0.470165 0.392012 0.799696 102 88 44
0.468262 0.392057 0.799376 180 166 122
0.466359 0.392102 0.799055 254 239 130
0.464455 0.392148 0.798735 255 251 142
0.462552 0.392193 0.798414 235 246 115
0.460648 0.392238 0.798094 137 148 17
0.458745 0.392284 0.797773 94 134 24
0.457214 0.393209 0.797980 79 119 9
0.455678 0.394135 0.798186 38 78 9
0.453770 0.394181 0.797865 21 61 0
0.176996 0.409668 0.755917 23 50 28
0.175062 0.409714 0.755592 21 48 26
0.173136 0.408871 0.754803 67 113 46
0.171204 0.408917 0.754478 114 160 93
0.169286 0.408073 0.753690 148 200 95
0.167357 0.408119 0.753365 169 221 116
0.165428 0.408165 0.753040 171 220 125
0.163499 0.408211 0.752716 113 162 67
0.161570 0.408257 0.752391 36 70 21
0.159668 0.407413 0.751606 30 64 15
0.466432 0.392205 0.801330 170 163 101
0.464526 0.392250 0.801009 219 212 150
0.462620 0.392295 0.800688 199 226 109
0.460714 0.392341 0.800367 180 207 90
0.458808 0.392386 0.800046 138 187 72
0.456902 0.392432 0.799725 112 161 46
0.455366 0.393357 0.799934 85 138 42
0.453457 0.393402 0.799613 56 109 13
0.451549 0.393448 0.799291 30 62 13
0.449640 0.393493 0.798970 28 60 11
0.178612 0.409721 0.758481 25 45 30
0.176679 0.408879 0.757688 20 61 16
0.174745 0.408925 0.757362 84 125 80
0.172820 0.408082 0.756571 121 176 82
0.170888 0.408128 0.756246 153 208 114
0.168956 0.408175 0.755921 168 220 115
0.167025 0.408221 0.755596 163 215 110
0.165093 0.408267 0.755270 89 128 62
0.163162 0.408313 0.754945 37 76 10
0.462687 0.392396 0.802966 97 120 45
0.460779 0.392441 0.802645 172 195 120
0.458870 0.392487 0.802324 173 218 118
0.456961 0.392532 0.802003 156 201 101
0.455053 0.392578 0.801681 119 174 66
0.453144 0.392623 0.801360 95 150 42
0.451236 0.392669 0.801039 64 111 26
0.449327 0.392714 0.800717 35 82 0
0.447778 0.393638 0.800926 32 58 18
0.182172 0.409726 0.761376 24 40 29
0.180232 0.409772 0.761049 19 50 20
0.178295 0.408931 0.760254 41 72 42
0.176358 0.408977 0.759928 90 139 67
0.174428 0.408136 0.759133 114 163 91
0.172494 0.408182 0.758808 160 217 115
0.170560 0.408228 0.758482 171 228 126
0.168626 0.408274 0.758156 149 198 112
0.166691 0.408320 0.757831 65 114 28
0.164757 0.408366 0.757505 36 65 24
0.460466 0.391663 0.804393 75 85 42
0.458557 0.391708 0.804071 134 171 89
0.456649 0.391753 0.803750 176 213 131
0.454740 0.391799 0.803429 168 220 119
0.452832 0.391844 0.803107 144 196 95
0.450923 0.391890 0.802786 110 164 59
0.449015 0.391935 0.802465 85 139 34
0.447106 0.391981 0.802143 51 93 23
0.445554 0.392904 0.802354 27 69 0
0.443642 0.392950 0.802032 34 59 22
0.183793 0.408888 0.763478 21 46 25
0.181854 0.408934 0.763151 24 49 28
0.179915 0.408981 0.762825 56 100 45
0.177975 0.409027 0.762498 98 142 87
0.176036 0.409073 0.762172 133 184 98
0.174104 0.408233 0.761375 157 208 122
0.172167 0.408279 0.761049 168 223 131
0.170230 0.408325 0.760723 129 184 92
0.168294 0.408371 0.760397 45 84 22
0.166357 0.408417 0.760071 35 74 12
0.458618 0.391805 0.806356 53 72 23
0.456336 0.390975 0.805497 83 102 53
0.454427 0.391020 0.805176 154 199 110
0.452519 0.391066 0.804855 169 214 125
0.450610 0.391111 0.804533 159 213 108
0.448702 0.391156 0.804212 132 186 81
0.446793 0.391202 0.803891 102 158 61
0.444885 0.391247 0.803570 67 123 26
0.443329 0.392170 0.803782 44 83 17
0.441418 0.392215 0.803460 25 64 0
0.185415 0.408051 0.765580 26 47 25
0.183475 0.408097 0.765253 32 73 26
0.181536 0.408143 0.764927 81 122 75
0.179597 0.409074 0.765075 102 157 76
0.177658 0.408235 0.764274 138 193 112
0.175718 0.408282 0.763947 168 223 131
0.173779 0.408328 0.763621 157 212 120
0.171840 0.408374 0.763295 107 150 75
0.169900 0.408420 0.762968 33 76 1
0.167961 0.408467 0.762642 45 68 34
0.454483 0.391117 0.807462 53 81 27
0.452206 0.390287 0.806602 123 151 97
0.450298 0.390332 0.806281 162 209 110
0.448389 0.390378 0.805960 176 223 124
0.446481 0.390423 0.805638 146 201 93
0.444572 0.390469 0.805317 112 167 59
0.443016 0.391390 0.805532 92 145 49
0.441105 0.391435 0.805210 64 117 21
0.439542 0.392357 0.805424 38 77 15
0.437628 0.392402 0.805101 20 59 0
0.188975 0.407167 0.768008 27 44 26
0.187046 0.408097 0.768160 20 56 13
0.185104 0.408143 0.767833 51 87 44
0.183162 0.408190 0.767506 103 155 80
0.181221 0.408236 0.767179 123 175 100
0.179279 0.408282 0.766853 158 215 120
0.177337 0.408328 0.766526 171 228 133
0.175395 0.408375 0.766199 150 201 117
0.173453 0.408421 0.765872 86 137 53
0.171511 0.408467 0.765545 47 71 30
0.169570 0.408513 0.765218 47 71 30
0.452624 0.391257 0.809431 47 64 34
0.450347 0.390428 0.808568 74 106 44
0.448436 0.390473 0.808247 147 179 117
0.446525 0.390519 0.807925 169 219 115
0.444614 0.390564 0.807603 165 215 111
0.442703 0.390610 0.807281 133 186 76
0.440792 0.390655 0.806960 101 154 44
0.439228 0.391576 0.807176 78 130 41
0.437314 0.391621 0.806854 41 93 4
0.435743 0.392542 0.807068 30 63 17
0.434166 0.393463 0.807282 26 59 13
0.192553 0.407166 0.770919 34 51 35
0.190611 0.407212 0.770592 13 47 14
0.188670 0.407258 0.770265 25 59 26
0.186728 0.407305 0.769938 69 117 50
0.184786 0.407351 0.769611 117 165 98
0.182849 0.408280 0.769764 131 186 92
0.180904 0.408326 0.769437 165 220 126
0.178960 0.408373 0.769109 164 216 125
0.177015 0.408419 0.768782 125 177 86
0.175071 0.408465 0.768455 61 96 42
0.173127 0.408512 0.768128 40 75 21
0.451121 0.392268 0.811946 39 62 26
0.448842 0.391440 0.811081 50 73 37
0.446569 0.390613 0.810216 111 151 80
0.444655 0.390658 0.809894 163 203 132
0.442742 0.390704 0.809572 173 226 118
0.440828 0.390749 0.809250 151 204 96
0.438914 0.390795 0.808928 96 153 49
0.437001 0.390840 0.808606 82 139 35
0.435429 0.391760 0.808823 60 101 38
0.433513 0.391806 0.808500 45 86 23
0.431933 0.392725 0.808716 33 55 28
0.194177 0.406327 0.773024 16 44 19
0.192235 0.406374 0.772697 21 49 24
0.190293 0.406420 0.772370 39 86 28
0.188363 0.407348 0.772526 90 137 79
0.186419 0.407394 0.772199 137 192 102
0.184474 0.407440 0.771872 162 217 127
0.182534 0.408369 0.772027 174 229 137
0.180587 0.408415 0.771699 157 212 120
0.178640 0.408461 0.771371 97 138 73
0.176693 0.408508 0.771043 40 81 16
0.174746 0.408554 0.770716 48 72 40
0.446969 0.391577 0.813057 34 60 20
0.445050 0.391622 0.812734 71 97 57
0.443131 0.391668 0.812410 115 161 85
0.440863 0.390841 0.811545 169 215 139
0.438947 0.390887 0.811222 167 218 132
0.437031 0.390932 0.810900 146 197 111
0.435115 0.390978 0.810577 119 163 97
0.433537 0.391897 0.810795 112 156 90
0.431619 0.391942 0.810472 108 136 100
0.430033 0.392861 0.810689 66 94 58
0.428443 0.393780 0.810906 36 52 31
0.197742 0.405442 0.775455 23 49 25
0.195801 0.405489 0.775128 22 48 24
0.193878 0.406415 0.775289 43 87 34
0.191933 0.406462 0.774961 81 125 72
0.189989 0.406508 0.774634 123 177 92
0.188056 0.407435 0.774792 150 204 119
0.186109 0.407481 0.774465 165 219 132
0.184162 0.407528 0.774137 168 222 135
0.182215 0.407574 0.773809 125 172 100
0.180268 0.407620 0.773481 65 112 40
0.178321 0.407667 0.773154 38 67 24
0.443870 0.393500 0.815804 42 73 27
0.441595 0.392674 0.814934 86 117 71
0.439325 0.391848 0.814066 139 186 124
0.437404 0.391894 0.813742 174 221 159
0.435142 0.391068 0.812875 176 218 166
0.433223 0.391114 0.812552 181 223 171
0.431304 0.391159 0.812229 155 185 148
0.429385 0.391205 0.811906 110 140 103
0.427797 0.392123 0.812125 78 100 73
0.426204 0.393041 0.812343 49 71 44
0.424280 0.393086 0.812019 41 54 37
0.201337 0.405437 0.778378 26 49 26
0.199392 0.405483 0.778051 20 43 20
0.197448 0.405529 0.777723 27 68 21
0.195503 0.405576 0.777396 61 102 55
0.193577 0.406501 0.777558 111 164 84
0.191631 0.406548 0.777231 127 180 100
0.189684 0.406594 0.776903 166 218 129
0.187737 0.406640 0.776575 171 223 134
0.185790 0.406687 0.776247 155 201 123
0.183843 0.406733 0.775919 89 135 57
0.181899 0.407660 0.776079 43 75 24
0.179950 0.407706 0.775750 43 75 24
0.440047 0.393676 0.817466 56 85 51
0.437775 0.392851 0.816595 101 130 96
0.435508 0.392026 0.815724 193 229 195
0.433584 0.392072 0.815400 215 251 217
0.431325 0.391247 0.814531 216 245 211
0.429404 0.391293 0.814208 194 223 189
0.427482 0.391339 0.813884 159 183 153
0.425561 0.391384 0.813561 122 146 116
0.423640 0.391430 0.813237 102 120 99
0.422041 0.392347 0.813457 58 76 55
0.420437 0.393264 0.813676 42 53 32
0.204940 0.405429 0.781307 25 46 22
0.202993 0.405475 0.780980 20 41 17
0.201046 0.405521 0.780652 17 58 13
0.199099 0.405568 0.780324 65 106 61
0.197152 0.405614 0.779996 97 151 77
0.195205 0.405661 0.779669 114 168 94
0.193258 0.405707 0.779341 154 209 119
0.191312 0.405753 0.779013 169 224 134
0.189365 0.405800 0.778685 172 221 135
0.187428 0.406725 0.778848 116 165 79
0.185479 0.406771 0.778520 69 100 45
0.183529 0.406818 0.778192 40 71 16
0.436213 0.393850 0.819131 99 121 105
0.433944 0.393027 0.818258 168 190 174
0.431680 0.392203 0.817385 217 242 221
0.429421 0.391379 0.816514 231 255 235
0.427497 0.391425 0.816190 226 249 224
0.425573 0.391470 0.815866 203 226 201
0.423325 0.390646 0.814996 166 187 163
0.421726 0.391562 0.815218 114 135 111
0.419802 0.391608 0.814895 97 116 90
0.418195 0.392524 0.815115 54 73 47
0.416897 0.394310 0.815879 37 51 29
0.208553 0.405418 0.784243 28 48 29
0.206568 0.404588 0.783418 22 42 23
0.204621 0.404634 0.783090 17 54 15
0.202674 0.404680 0.782762 48 85 46
0.200727 0.404727 0.782434 81 132 64
0.198780 0.404773 0.782107 107 158 90
0.196833 0.404820 0.781779 143 198 106
0.194886 0.404866 0.781451 157 212 120
0.192957 0.405790 0.781618 171 223 132
0.191008 0.405836 0.781289 140 192 101
0.189058 0.405883 0.780961 85 124 62
0.187109 0.405929 0.780633 40 79 17
0.434302 0.393977 0.821125 63 77 66
0.432033 0.393154 0.820249 100 118 116
0.430102 0.393200 0.819924 184 202 200
0.427841 0.392377 0.819050 226 245 233
0.425585 0.391554 0.818176 240 255 247
0.423334 0.390731 0.817304 230 251 229
0.421410 0.390777 0.816980 198 219 197
0.419486 0.390823 0.816656 148 169 145
0.417879 0.391738 0.816879 114 135 111
0.416581 0.393522 0.817648 81 103 76
0.414649 0.393568 0.817322 56 78 51
0.212175 0.405406 0.787185 19 45 21
0.210183 0.404576 0.786356 18 44 20
0.208234 0.404623 0.786028 17 59 18
0.206284 0.404669 0.785700 49 91 50
0.204335 0.404716 0.785372 98 149 83
0.202385 0.404762 0.785043 112 163 97
0.200436 0.404809 0.784715 135 187 96
0.198486 0.404855 0.784387 161 213 122
0.196537 0.404901 0.784059 170 220 129
0.194587 0.404948 0.783731 157 207 116
0.192638 0.404994 0.783402 86 127 60
0.190688 0.405041 0.783074 46 87 20
0.188739 0.405087 0.782746 41 65 33
0.430448 0.394148 0.822796 66 77 77
0.428182 0.393326 0.821919 118 133 132
0.425922 0.392504 0.821042 204 219 218
0.423990 0.392550 0.820717 237 253 242
0.421738 0.391728 0.819842 242 255 247
0.419809 0.391774 0.819517 230 248 225
0.417880 0.391820 0.819192 197 215 192
0.416264 0.392734 0.819416 143 165 138
0.414333 0.392780 0.819091 117 139 112
0.412709 0.393694 0.819314 80 103 78
0.410775 0.393740 0.818988 61 84 59
0.215807 0.405391 0.790134 16 39 16
0.213808 0.404563 0.789301 16 39 16
0.211856 0.404609 0.788972 21 62 17
0.209903 0.404656 0.788644 46 87 42
0.207951 0.404702 0.788315 74 125 55
0.205965 0.403874 0.787485 127 178 108
0.204015 0.403920 0.787157 160 211 127
0.202066 0.403967 0.786828 167 218 134
0.200116 0.404013 0.786500 175 225 136
0.198167 0.404059 0.786172 161 211 122
0.196217 0.404106 0.785844 106 145 79
0.194268 0.404152 0.785516 51 90 24
0.192318 0.404199 0.785187 45 70 33
0.426257 0.393450 0.823917 77 83 83
0.423997 0.392629 0.823038 151 164 163
0.422063 0.392675 0.822713 212 225 224
0.420129 0.392721 0.822387 243 255 246
0.418195 0.392767 0.822061 242 255 245
0.416261 0.392813 0.821736 225 244 218
0.414327 0.392859 0.821410 194 213 187
0.412392 0.392905 0.821085 142 164 133
0.410458 0.392951 0.820759 120 142 111
0.409130 0.394732 0.821532 68 97 56
0.407191 0.394778 0.821206 33 62 21
0.405549 0.395692 0.821428 21 51 12
0.221460 0.406200 0.793926 28 45 29
0.219501 0.406247 0.793596 18 44 18
0.217491 0.405420 0.792759 18 44 18
0.215534 0.405466 0.792430 26 64 16
0.213532 0.404639 0.791594 59 97 49
0.211578 0.404686 0.791265 92 142 63
0.209623 0.404733 0.790936 121 171 92
0.207632 0.403905 0.790102 146 198 107
0.205680 0.403952 0.789774 164 216 125
0.203727 0.403998 0.789445 175 224 138
0.201775 0.404045 0.789117 166 215 129
0.199823 0.404091 0.788788 124 166 96
0.197871 0.404138 0.788459 56 98 28
0.195919 0.404184 0.788131 45 69 28
0.422387 0.393617 0.825593 88 91 92
0.420448 0.393664 0.825267 171 180 173
0.418193 0.392844 0.824386 224 233 226
0.416257 0.392890 0.824060 245 255 239
0.414320 0.392936 0.823734 244 255 238
0.412383 0.392982 0.823408 219 243 204
0.410446 0.393028 0.823082 162 186 147
0.408812 0.393941 0.823308 113 145 83
0.406873 0.393987 0.822981 100 132 70
0.405231 0.394900 0.823206 71 115 47
0.403289 0.394946 0.822879 35 79 11
0.401640 0.395859 0.823102 25 58 12
0.399695 0.395905 0.822775 26 59 13
0.227142 0.407004 0.797733 27 47 28
0.225178 0.407051 0.797402 25 45 26
0.223156 0.406226 0.796561 16 46 9
0.221193 0.406273 0.796230 21 51 14
0.219231 0.406319 0.795900 45 85 29
0.217220 0.405494 0.795060 73 113 57
0.215260 0.405540 0.794730 98 148 71
0.213256 0.404714 0.793892 117 167 90
0.211299 0.404761 0.793563 128 180 89
0.209342 0.404808 0.793233 162 214 123
0.207348 0.403982 0.792397 170 220 127
0.205394 0.404028 0.792068 156 206 113
0.203439 0.404075 0.791739 128 171 94
0.201484 0.404121 0.791409 58 101 24
0.199530 0.404168 0.791080 38 65 18
0.418506 0.393784 0.827272 91 98 92
0.416564 0.393830 0.826945 167 170 154
0.414622 0.393876 0.826618 231 234 218
0.412680 0.393922 0.826291 237 255 216
0.410434 0.393103 0.825410 212 231 191
0.408797 0.394015 0.825638 165 203 126
0.406855 0.394061 0.825311 144 182 105
0.404913 0.394107 0.824984 122 172 83
0.403266 0.395019 0.825210 98 148 59
0.401321 0.395065 0.824882 71 121 42
0.399377 0.395112 0.824555 45 95 16
0.397432 0.395158 0.824228 25 65 7
0.395488 0.395204 0.823900 16 56 0
0.393825 0.396116 0.824124 25 53 17
0.391878 0.396163 0.823796 28 56 20
0.232784 0.406933 0.801039 30 47 29
0.230817 0.406980 0.800708 22 49 20
0.228849 0.407027 0.800376 16 43 14
0.226882 0.407074 0.800045 15 53 5
0.224915 0.407121 0.799714 30 68 20
0.222947 0.407167 0.799383 62 110 41
0.220980 0.407214 0.799052 99 147 78
0.219012 0.407261 0.798720 103 153 74
0.216996 0.406437 0.797878 121 171 92
0.214985 0.405612 0.797036 155 206 120
0.213023 0.405659 0.796705 167 218 132
0.211019 0.404834 0.795865 177 227 136
0.209060 0.404881 0.795535 155 205 114
0.207100 0.404927 0.795205 101 137 60
0.205140 0.404974 0.794875 57 93 16
0.203150 0.404149 0.794037 43 68 22
0.414923 0.394812 0.829512 97 98 85
0.412669 0.393994 0.828627 123 135 109
0.410724 0.394040 0.828299 140 152 126
0.408780 0.394087 0.827972 168 201 132
0.406836 0.394133 0.827645 180 213 144
0.404891 0.394179 0.827317 163 213 120
0.402947 0.394226 0.826990 144 194 101
0.401294 0.395136 0.827217 119 175 76
0.399058 0.394318 0.826335 101 157 58
0.397114 0.394365 0.826008 82 138 50
0.395169 0.394411 0.825680 59 115 27
0.393506 0.395322 0.825906 35 82 20
0.391559 0.395368 0.825578 21 68 6
0.389612 0.395415 0.825251 19 52 10
0.387666 0.395461 0.824923 19 52 10
0.385719 0.395508 0.824595 38 60 33
0.238517 0.407729 0.804871 32 52 33
0.236545 0.407776 0.804539 25 45 26
0.234572 0.407823 0.804207 15 46 12
0.232668 0.408740 0.804392 18 49 15
0.230693 0.408787 0.804059 23 73 14
0.228718 0.408834 0.803727 52 102 43
0.226743 0.408881 0.803394 79 134 55
0.224710 0.408058 0.802546 106 161 82
0.222737 0.408105 0.802214 139 194 102
0.220764 0.408152 0.801882 158 213 121
0.218792 0.408199 0.801550 167 219 128
0.216723 0.406505 0.800190 171 223 132
0.214755 0.406552 0.799859 170 218 130
0.212788 0.406599 0.799528 142 190 102
0.210780 0.405775 0.798684 94 127 60
0.208815 0.405822 0.798353 54 87 20
0.206850 0.405869 0.798023 47 66 26
0.410710 0.394110 0.830639 49 59 43
0.408763 0.394156 0.830311 51 80 39
0.406816 0.394203 0.829983 107 136 95
0.404869 0.394249 0.829655 147 189 108
0.402922 0.394296 0.829328 172 214 133
0.400975 0.394342 0.829000 166 223 121
0.399028 0.394388 0.828672 159 216 114
0.397081 0.394435 0.828344 134 191 85
0.395134 0.394481 0.828017 111 168 62
0.393187 0.394527 0.827689 101 157 60
0.391240 0.394574 0.827361 87 143 46
0.389293 0.394620 0.827033 66 118 45
0.387347 0.394667 0.826705 39 91 18
0.385400 0.394713 0.826378 18 59 10
0.383453 0.394759 0.826050 9 50 1
0.381506 0.394806 0.825722 17 45 9
0.379559 0.394852 0.825394 24 52 16
0.377612 0.394899 0.825067 38 62 34
0.244195 0.407651 0.808195 28 46 25
0.242220 0.407699 0.807863 19 46 17
0.240245 0.407746 0.807530 21 48 19
0.238270 0.407793 0.807198 17 58 13
0.236295 0.407840 0.806865 36 77 32
0.234391 0.408755 0.807053 53 104 38
0.232413 0.408803 0.806720 80 131 65
0.230436 0.408850 0.806387 104 163 74
0.228458 0.408897 0.806054 131 190 101
0.226480 0.408944 0.805721 150 208 110
0.224503 0.408991 0.805388 165 223 125
0.222469 0.408169 0.804538 173 226 130
0.220494 0.408216 0.804205 175 228 132
0.218519 0.408263 0.803873 165 208 120
0.216544 0.408310 0.803540 130 173 85
0.214524 0.407488 0.802692 65 98 40
0.212551 0.407535 0.802360 46 79 21
0.210498 0.405843 0.800998 50 66 32
0.404846 0.394317 0.831998 44 70 26
0.402603 0.393501 0.831110 80 106 62
0.400656 0.393547 0.830782 113 161 82
0.398709 0.393594 0.830455 157 205 126
0.396762 0.393640 0.830127 171 225 120
0.394815 0.393687 0.829799 170 224 119
0.392868 0.393733 0.829471 148 206 95
0.390921 0.393779 0.829144 122 180 69
0.388974 0.393826 0.828816 107 164 62
0.387028 0.393872 0.828488 100 157 55
0.385081 0.393919 0.828160 93 144 58
0.383134 0.393965 0.827832 71 122 36
0.381187 0.394011 0.827505 48 92 26
0.379240 0.394058 0.827177 27 71 5
0.377293 0.394104 0.826849 17 55 7
0.375346 0.394150 0.826521 15 53 5
0.373399 0.394197 0.826194 25 54 22
0.371452 0.394243 0.825866 30 59 27
0.253555 0.404876 0.810613 31 51 32
0.251678 0.405790 0.810807 27 47 28
0.249706 0.405837 0.810475 16 45 15
0.247822 0.406751 0.810669 16 45 15
0.245847 0.406798 0.810336 22 53 11
0.243955 0.407713 0.810528 35 66 24
0.241977 0.407760 0.810195 51 91 31
0.240078 0.408675 0.810386 69 109 49
0.238098 0.408722 0.810053 90 140 59
0.236118 0.408769 0.809719 119 169 88
0.234137 0.408816 0.809386 131 188 95
0.232157 0.408863 0.809052 147 204 111
0.230243 0.409778 0.809241 158 219 120
0.228197 0.408958 0.808386 169 230 131
0.226217 0.409005 0.808052 175 231 134
0.224236 0.409052 0.807719 166 222 125
0.222256 0.409099 0.807386 141 184 107
0.220276 0.409146 0.807052 94 137 60
0.218246 0.408325 0.806200 64 95 38
0.216268 0.408372 0.805867 45 76 19
0.400627 0.393614 0.833127 38 67 24
0.398678 0.393661 0.832798 45 74 31
0.396728 0.393707 0.832470 83 121 46
0.394496 0.392892 0.831582 122 160 85
0.392549 0.392939 0.831254 163 214 116
0.390602 0.392985 0.830926 173 224 126
0.388655 0.393031 0.830598 164 221 115
0.386708 0.393078 0.830271 157 214 108
0.384762 0.393124 0.829943 147 199 96
0.382815 0.393170 0.829615 129 181 78
0.380868 0.393217 0.829287 112 162 69
0.378921 0.393263 0.828959 100 150 57
0.376974 0.393310 0.828632 82 133 49
0.375027 0.393356 0.828304 55 106 22
0.373080 0.393402 0.827976 41 85 21
0.371133 0.393449 0.827648 28 72 8
0.369186 0.393495 0.827321 23 59 14
0.367239 0.393541 0.826993 18 54 9
0.365292 0.393588 0.826665 21 52 20
0.363345 0.393634 0.826337 21 52 20
0.265496 0.407253 0.816533 32 53 31
0.263407 0.406435 0.815668 31 52 30
0.261430 0.406482 0.815335 21 48 19
0.259349 0.405663 0.814472 14 41 12
0.257374 0.405710 0.814139 14 43 9
0.255398 0.405757 0.813807 18 47 13
0.253423 0.405804 0.813474 22 60 14
0.251448 0.405851 0.813142 34 72 26
0.249564 0.406765 0.813338 46 90 26
0.247586 0.406812 0.813005 68 112 48
0.245694 0.407725 0.813199 92 138 62
0.243714 0.407772 0.812866 119 165 89
0.241814 0.408686 0.813059 138 189 103
0.239831 0.408733 0.812725 150 201 115
0.237849 0.408780 0.812391 163 216 120
0.235866 0.408827 0.812057 169 222 126
0.233953 0.409741 0.812248 174 229 135
0.231968 0.409789 0.811914 174 229 135
0.229983 0.409836 0.811580 160 216 128
0.227935 0.409016 0.810722 116 172 84
0.225952 0.409064 0.810388 93 135 65
0.223969 0.409111 0.810055 47 89 19
0.221987 0.409158 0.809721 47 69 24
0.219952 0.408338 0.808865 51 73 28
0.394459 0.392958 0.833927 50 71 33
0.392510 0.393005 0.833599 55 84 21
0.390560 0.393051 0.833271 74 103 40
0.388611 0.393098 0.832942 130 172 89
0.386661 0.393144 0.832614 159 201 118
0.384712 0.393190 0.832286 173 226 130
0.382762 0.393237 0.831958 173 226 130
0.380813 0.393283 0.831630 163 216 118
0.378602 0.392469 0.830742 149 202 104
0.376655 0.392515 0.830414 126 182 83
0.374708 0.392561 0.830086 123 179 80
0.372761 0.392608 0.829759 114 169 75
0.370814 0.392654 0.829431 94 149 55
0.368867 0.392701 0.829103 83 134 50
0.366920 0.392747 0.828775 72 123 39
0.364973 0.392793 0.828448 58 102 36
0.363026 0.392840 0.828120 36 80 14
0.361318 0.393748 0.828348 17 58 9
0.359368 0.393794 0.828019 13 54 5
0.357419 0.393841 0.827691 17 52 12
0.355469 0.393887 0.827363 18 53 13
0.353520 0.393933 0.827035 26 53 20
0.351796 0.394842 0.827260 25 52 19
0.279290 0.407843 0.821753 38 55 41
0.277305 0.407891 0.821419 33 54 32
0.275319 0.407938 0.821085 26 47 25
0.273334 0.407985 0.820751 26 48 21
0.271349 0.408033 0.820416 25 47 20
0.269364 0.408080 0.820082 22 50 14
0.267378 0.408127 0.819748 23 51 15
0.265282 0.407310 0.818880 16 49 5
0.263299 0.407357 0.818546 19 52 8
0.261211 0.406540 0.817679 31 71 13
0.259231 0.406587 0.817346 55 95 37
0.257251 0.406634 0.817012 73 119 52
0.255271 0.406681 0.816679 79 125 58
0.253290 0.406728 0.816345 88 146 66
0.251310 0.406775 0.816012 107 165 85
0.249330 0.406823 0.815679 111 166 76
0.247437 0.407735 0.815876 116 171 81
0.245455 0.407782 0.815542 132 184 91
0.243555 0.408695 0.815737 149 201 108
0.241569 0.408742 0.815403 174 231 138
0.239584 0.408789 0.815069 177 234 141
0.237599 0.408837 0.814734 173 224 138
0.235613 0.408884 0.814400 155 206 120
0.233698 0.409797 0.814593 136 179 104
0.231710 0.409844 0.814258 76 119 44
0.229657 0.409026 0.813398 47 85 26
0.227672 0.409073 0.813063 37 75 16
0.225687 0.409120 0.812729 41 67 27
0.388291 0.392302 0.834727 47 68 26
0.386342 0.392348 0.834399 52 73 31
0.384392 0.392395 0.834071 75 112 44
0.382443 0.392441 0.833743 103 140 72
0.380493 0.392488 0.833415 151 196 107
0.378544 0.392534 0.833086 174 219 130
0.376594 0.392581 0.832758 173 229 130
0.374645 0.392627 0.832430 167 223 124
0.372695 0.392674 0.832102 154 210 111
0.370746 0.392720 0.831774 143 199 100
0.368796 0.392766 0.831445 123 179 80
0.366847 0.392813 0.831117 116 172 73
0.364897 0.392859 0.830789 105 157 64
0.362948 0.392906 0.830461 98 150 57
0.360999 0.392952 0.830133 86 139 57
0.359049 0.392999 0.829804 70 123 41
0.357100 0.393045 0.829476 57 106 32
0.355381 0.393952 0.829705 45 94 20
0.353428 0.393999 0.829376 30 76 11
0.351476 0.394045 0.829047 20 66 1
0.349524 0.394092 0.828719 11 53 1
0.347572 0.394138 0.828390 6 48 0
0.345838 0.395046 0.828616 13 46 4
0.343883 0.395092 0.828287 14 47 5
0.342141 0.396000 0.828511 22 45 9
0.340184 0.396047 0.828182 27 50 14
0.338435 0.396955 0.828405 35 53 20
0.336475 0.397001 0.828075 43 61 28
0.334717 0.397909 0.828297 40 57 27
0.333155 0.399679 0.829069 40 57 27
0.294550 0.404930 0.825159 42 60 39
0.292716 0.405840 0.825368 36 54 31
0.290733 0.405887 0.825034 36 54 31
0.288750 0.405934 0.824701 33 55 28
0.286768 0.405981 0.824367 27 49 22
0.284785 0.406028 0.824033 24 53 21
0.282802 0.406076 0.823699 20 49 17
0.280950 0.406986 0.823905 12 46 11
0.278965 0.407033 0.823571 12 46 11
0.277105 0.407944 0.823776 16 54 8
0.275117 0.407991 0.823441 23 61 15
0.273129 0.408039 0.823106 31 71 13
0.271141 0.408086 0.822772 40 80 22
0.269154 0.408133 0.822437 53 100 28
0.267166 0.408181 0.822102 59 106 34
0.265068 0.407364 0.821231 73 126 48
0.263082 0.407412 0.820897 94 147 69
0.260992 0.406595 0.820027 113 165 76
0.259009 0.406642 0.819694 126 178 89
0.257026 0.406690 0.819360 133 188 96
0.255044 0.406737 0.819026 141 196 104
0.253061 0.406784 0.818692 149 208 119
0.251078 0.406831 0.818358 155 214 125
0.249095 0.406879 0.818025 158 218 126
0.247200 0.407790 0.818223 166 226 134
0.245215 0.407837 0.817889 175 225 136
0.243311 0.408749 0.818086 165 215 126
0.241323 0.408796 0.817752 137 180 103
0.239336 0.408844 0.817417 95 138 61
0.237348 0.408891 0.817082 73 112 48
0.235360 0.408938 0.816748 49 88 24
0.233372 0.408986 0.816413 42 73 29
0.231384 0.409033 0.816078 41 72 28
0.380437 0.392551 0.835764 49 75 22
0.378485 0.392598 0.835435 62 88 35
0.376533 0.392644 0.835107 94 135 61
0.374581 0.392691 0.834778 127 168 94
0.372629 0.392737 0.834449 153 201 109
0.370677 0.392784 0.834121 171 219 127
0.368477 0.391971 0.833230 172 224 123
0.366773 0.392877 0.833464 169 221 120
0.364578 0.392064 0.832574 157 214 108
0.362869 0.392970 0.832806 138 195 89
0.360917 0.393016 0.832478 129 187 87
0.358965 0.393063 0.832149 125 183 83
0.357013 0.393109 0.831820 119 175 76
0.355291 0.394015 0.832051 111 167 68
0.353336 0.394062 0.831722 102 155 59
0.351382 0.394108 0.831393 91 144 48
0.349649 0.395015 0.831621 88 138 57
0.347692 0.395061 0.831292 71 121 40
0.345735 0.395108 0.830962 58 109 39
0.343993 0.396015 0.831189 43 94 24
0.342033 0.396061 0.830859 32 80 15
0.340283 0.396968 0.831085 26 74 9
0.338528 0.397875 0.831309 26 66 6
0.336563 0.397922 0.830979 22 62 2
0.334800 0.398829 0.831202 20 52 3
0.333032 0.399737 0.831424 18 50 1
0.331062 0.399783 0.831093 19 52 10
0.329480 0.401551 0.831867 19 52 10
0.327505 0.401598 0.831534 16 51 13
0.325530 0.401646 0.831202 16 51 13
0.323742 0.402553 0.831421 17 53 17
0.321764 0.402600 0.831088 17 53 17
0.319968 0.403508 0.831306 16 50 17
0.317988 0.403556 0.830972 16 50 17
0.316008 0.403603 0.830639 15 46 14
0.314027 0.403650 0.830306 15 46 14
0.311876 0.402836 0.829423 20 49 17
0.309898 0.402883 0.829090 21 50 18
0.307921 0.402930 0.828758 16 50 17
0.305943 0.402977 0.828425 18 52 19
0.303965 0.403024 0.828092 16 50 17
0.301988 0.403072 0.827759 17 51 18
0.300166 0.403980 0.827972 18 52 19
0.298186 0.404027 0.827639 17 51 18
0.296356 0.404936 0.827851 17 52 14
0.294374 0.404983 0.827517 17 52 14
0.292391 0.405030 0.827183 16 54 6
0.290408 0.405078 0.826850 22 60 12
0.288566 0.405987 0.827060 21 66 8
0.286581 0.406034 0.826725 24 69 11
0.284595 0.406081 0.826391 33 85 23
0.282610 0.406129 0.826057 43 95 33
0.280755 0.407038 0.826265 60 113 46
0.278767 0.407085 0.825930 75 128 61
0.276779 0.407133 0.825596 90 140 59
0.274791 0.407180 0.825261 100 150 69
0.272804 0.407227 0.824926 115 165 74
0.270816 0.407275 0.824592 123 173 82
0.268828 0.407322 0.824257 138 188 97
0.266840 0.407369 0.823922 149 199 108
0.264852 0.407417 0.823588 151 206 114
0.262864 0.407464 0.823253 158 213 121
0.260772 0.406649 0.822381 168 224 127
0.258786 0.406696 0.822046 173 229 132
0.256801 0.406743 0.821712 177 230 134
0.254816 0.406791 0.821378 175 228 132
0.252830 0.406838 0.821044 170 219 135
0.250845 0.406885 0.820709 149 198 114
0.248860 0.406933 0.820375 129 171 99
0.246961 0.407843 0.820576 109 151 79
0.244973 0.407890 0.820241 75 109 46
0.242986 0.407938 0.819906 55 89 26
0.240998 0.407985 0.819572 51 77 33
0.239010 0.408032 0.819237 47 73 29
0.374517 0.392752 0.837131 41 61 28
0.372562 0.392799 0.836802 46 74 22
0.370607 0.392845 0.836473 59 87 35
0.368653 0.392892 0.836144 74 110 35
0.366698 0.392938 0.835815 114 150 75
0.364744 0.392985 0.835486 133 182 96
0.362789 0.393031 0.835156 151 200 114
0.361072 0.393936 0.835390 169 218 121
0.359114 0.393983 0.835060 173 222 125
0.357157 0.394030 0.834731 174 222 116
0.355200 0.394076 0.834401 171 219 113
0.353470 0.394982 0.834633 161 215 110
0.351510 0.395028 0.834303 153 207 102
0.349551 0.395075 0.833973 130 188 90
0.347591 0.395122 0.833643 126 184 86
0.345848 0.396027 0.833872 118 178 84
0.344100 0.396933 0.834101 106 166 72
0.342347 0.397839 0.834328 97 154 61
0.340380 0.397886 0.833997 95 152 59
0.338619 0.398792 0.834223 95 145 52
0.336649 0.398839 0.833891 93 143 50
0.334880 0.399745 0.834116 84 131 48
0.333107 0.400651 0.834340 77 124 41
0.331132 0.400698 0.834008 67 116 42
0.329157 0.400745 0.833675 60 109 35
0.327373 0.401652 0.833898 61 112 42
0.325584 0.402559 0.834119 59 110 40
0.323604 0.402606 0.833786 54 107 36
0.321807 0.403513 0.834006 48 101 30
0.319825 0.403560 0.833672 40 93 24
0.317842 0.403607 0.833338 40 93 24
0.315683 0.402795 0.832452 47 100 33
0.313876 0.403702 0.832671 44 97 30
0.311723 0.402889 0.831785 42 94 30
0.309743 0.402936 0.831452 42 94 30
0.307762 0.402983 0.831119 37 94 28
0.305782 0.403030 0.830785 43 100 34
0.303802 0.403078 0.830452 58 113 50
0.301822 0.403125 0.830119 64 119 56
0.299997 0.404032 0.830334 70 121 53
0.298014 0.404080 0.830000 75 126 58
0.296032 0.404127 0.829666 83 133 54
0.294197 0.405035 0.829880 84 134 55
0.292211 0.405082 0.829546 96 147 63
0.290226 0.405129 0.829212 106 157 73
0.288241 0.405177 0.828877 110 165 75
0.286393 0.406085 0.829089 114 169 79
0.284405 0.406132 0.828754 120 180 88
0.282417 0.406179 0.828420 129 189 97
0.280429 0.406227 0.828085 127 186 97
0.278441 0.406274 0.827750 134 193 104
0.276578 0.407183 0.827959 149 206 111
0.274588 0.407230 0.827624 156 213 118
0.272598 0.407277 0.827289 164 218 117
0.270607 0.407325 0.826954 170 224 123
0.268617 0.407372 0.826619 179 226 125
0.266626 0.407420 0.826284 179 226 125
0.264526 0.406606 0.825408 176 224 134
0.262539 0.406653 0.825073 165 213 123
0.260551 0.406700 0.824738 146 197 113
0.258563 0.406748 0.824404 128 179 95
0.256575 0.406795 0.824069 98 143 70
0.254587 0.406842 0.823734 64 109 36
0.252599 0.406890 0.823400 58 86 34
0.250611 0.406937 0.823065 51 79 27
0.248623 0.406984 0.822730 42 65 29
0.246636 0.407032 0.822396 42 65 29
0.364907 0.393902 0.838407 44 71 24
0.363187 0.394806 0.838642 52 79 32
0.360988 0.393995 0.837747 71 100 39
0.359497 0.395757 0.838546 92 121 60
0.357300 0.394946 0.837651 111 143 65
0.355567 0.395850 0.837884 146 178 100
0.353829 0.396755 0.838117 159 208 122
0.351862 0.396802 0.837785 171 220 134
0.349894 0.396849 0.837454 167 224 131
0.348146 0.397753 0.837685 168 225 132
0.346176 0.397800 0.837353 168 220 127
0.344420 0.398705 0.837583 167 219 126
0.342659 0.399610 0.837811 164 214 110
0.340684 0.399657 0.837479 159 209 105
0.338709 0.399704 0.837146 155 206 99
0.336733 0.399751 0.836814 153 204 97
0.334960 0.400657 0.837040 151 202 106
0.333180 0.401562 0.837265 149 200 104
0.331200 0.401609 0.836932 133 190 99
0.329220 0.401656 0.836599 135 192 101
0.327240 0.401704 0.836265 126 187 97
0.325448 0.402609 0.836489 113 174 84
0.323465 0.402656 0.836155 108 170 75
0.321666 0.403562 0.836377 108 170 75
0.319680 0.403610 0.836043 113 175 80
0.317695 0.403657 0.835708 117 179 84
0.315534 0.402845 0.834820 115 176 86
0.313551 0.402893 0.834486 118 179 89
0.311569 0.402940 0.834152 110 174 83
0.309586 0.402987 0.833818 108 172 81
0.307603 0.403034 0.833484 109 175 86
0.305620 0.403082 0.833151 110 176 87
0.303638 0.403129 0.832817 118 182 93
0.301655 0.403176 0.832483 126 190 101
0.299827 0.404083 0.832700 135 196 106
0.297842 0.404130 0.832366 135 196 106
0.295857 0.404177 0.832032 143 200 105
0.293871 0.404225 0.831698 146 203 108
0.292031 0.405131 0.831913 151 207 108
0.290043 0.405179 0.831578 159 215 116
0.288055 0.405226 0.831244 167 220 122
0.286067 0.405273 0.830909 169 222 124
0.284079 0.405321 0.830574 171 224 126
0.282091 0.405368 0.830240 171 224 126
0.280233 0.406276 0.830452 172 229 136
0.278243 0.406323 0.830117 171 228 135
0.276252 0.406370 0.829782 166 221 138
0.274262 0.406418 0.829446 161 216 133
0.272271 0.406465 0.829111 155 203 122
0.270281 0.406513 0.828776 122 170 89
0.268291 0.406560 0.828441 108 140 62
0.266300 0.406607 0.828106 94 126 48
0.264310 0.406655 0.827771 78 107 44
0.262319 0.406702 0.827436 59 88 25
0.260329 0.406750 0.827101 36 70 21
0.258237 0.405936 0.826224 32 66 17
0.256249 0.405984 0.825889 38 67 26
0.254261 0.406031 0.825554 43 72 31
0.356161 0.398475 0.841947 48 65 24
0.354186 0.398522 0.841614 39 70 15
0.352210 0.398569 0.841282 49 80 25
0.350235 0.398616 0.840949 64 103 37
0.348260 0.398663 0.840617 96 135 69
0.346501 0.399567 0.840848 122 156 80
0.344524 0.399614 0.840515 137 171 95
0.342757 0.400518 0.840745 147 180 97
0.340777 0.400565 0.840412 158 191 108
0.338796 0.400612 0.840078 167 212 123
0.336816 0.400660 0.839745 174 219 130
0.335037 0.401564 0.839973 170 225 142
0.333054 0.401611 0.839639 172 227 144
0.331071 0.401658 0.839305 166 231 149
0.329282 0.402563 0.839532 166 231 149
0.327296 0.402610 0.839197 166 231 145
0.325311 0.402658 0.838863 163 228 142
0.323326 0.402705 0.838529 162 226 135
0.321340 0.402752 0.838195 161 225 134
0.319355 0.402800 0.837860 160 225 131
0.317370 0.402847 0.837526 159 224 130
0.315384 0.402894 0.837192 161 223 130
0.313399 0.402941 0.836858 162 224 131
0.311414 0.402989 0.836523 161 222 132
0.309428 0.403036 0.836189 164 225 135
0.307443 0.403083 0.835855 165 229 138
0.305458 0.403131 0.835521 166 230 139
0.303473 0.403178 0.835187 164 230 141
0.301487 0.403225 0.834852 165 231 142
0.299657 0.404131 0.835072 164 229 143
0.297669 0.404178 0.834737 161 226 140
0.295681 0.404226 0.834402 161 225 136
0.293693 0.404273 0.834068 161 225 136
0.291705 0.404320 0.833733 166 222 134
0.289717 0.404368 0.833398 159 215 127
0.287729 0.404415 0.833064 151 200 116
0.285878 0.405321 0.833279 138 187 103
0.283888 0.405368 0.832944 135 171 94
0.281897 0.405416 0.832609 122 158 81
0.279907 0.405463 0.832274 108 144 79
0.277917 0.405511 0.831939 85 121 56
0.275926 0.405558 0.831604 54 94 38
0.274057 0.406465 0.831817 34 74 18
0.272064 0.406512 0.831481 34 66 17
0.270071 0.406560 0.831146 36 68 19
0.268078 0.406607 0.830810 43 67 24
0.342643 0.400566 0.843123 51 70 17
0.340868 0.401469 0.843355 55 74 21
0.338883 0.401516 0.843020 58 86 30
0.336897 0.401564 0.842686 56 84 28
0.334912 0.401611 0.842352 54 93 40
0.333125 0.402515 0.842581 55 94 41
0.331137 0.402562 0.842246 56 110 54
0.329149 0.402609 0.841911 63 117 61
0.327161 0.402657 0.841577 71 126 61
0.325173 0.402704 0.841242 87 142 77
0.323185 0.402751 0.840907 109 158 86
0.321197 0.402799 0.840573 120 169 97
0.319210 0.402846 0.840238 124 170 92
0.317222 0.402893 0.839903 124 170 92
0.315234 0.402941 0.839569 127 173 95
0.313246 0.402988 0.839234 132 178 100
0.311258 0.403036 0.838899 134 177 100
0.309270 0.403083 0.838565 133 176 99
0.307282 0.403130 0.838230 126 172 94
0.305294 0.403178 0.837896 112 158 80
0.303307 0.403225 0.837561 95 144 70
0.301319 0.403272 0.837226 81 130 56
0.299331 0.403320 0.836892 60 116 46
0.297343 0.403367 0.836557 48 104 34
0.295355 0.403414 0.836222 44 97 30
0.293367 0.403462 0.835888 42 95 28
0.291379 0.403509 0.835553 44 89 31
0.289533 0.404414 0.835772 42 87 29
0.287543 0.404461 0.835437 49 83 34
0.285552 0.404509 0.835102 40 74 25
0.283562 0.404556 0.834767 52 71 29
0.281571 0.404604 0.834432 51 70 28
0.279581 0.404651 0.834096 50 67 30
0.318884 0.402035 0.842058 47 68 18
0.316896 0.402082 0.841724 50 71 21
0.314908 0.402130 0.841389 53 72 23
0.312920 0.402177 0.841054 54 73 24
0.310932 0.402224 0.840720 54 73 24
0.308944 0.402272 0.840385 53 72 23
0.306957 0.402319 0.840050 49 71 24
0.304969 0.402366 0.839716 44 66 19
