ply
format ascii 1.0
element vertex 3059
property float x
property float y
property float z
property uchar red
property uchar green
property uchar blue
end_header
0.437550 0.174155 0.467705 89 110 88
0.435903 0.174418 0.467362 91 112 90
0.433835 0.173711 0.466927 82 103 81
0.432190 0.173973 0.466586 84 105 83
0.430545 0.174236 0.466244 85 108 85
0.428487 0.173527 0.465811 83 106 83
0.426845 0.173789 0.465470 82 105 82
0.425202 0.174051 0.465129 80 103 80
0.423560 0.174313 0.464788 78 102 74
0.421918 0.174576 0.464446 77 101 73
0.420276 0.174838 0.464105 78 102 74
0.418235 0.174126 0.463676 78 102 74
0.416595 0.174388 0.463335 75 99 71
0.414956 0.174650 0.462995 76 100 72
0.413707 0.175887 0.462741 77 101 73
0.412065 0.176149 0.462399 77 101 73
0.410422 0.176411 0.462058 76 100 72
0.408780 0.176673 0.461717 76 100 72
0.407138 0.176935 0.461376 80 104 76
0.405496 0.177198 0.461035 81 105 77
0.403854 0.177460 0.460694 81 105 77
0.402211 0.177722 0.460353 85 109 81
0.400569 0.177984 0.460011 87 110 85
0.398927 0.178246 0.459670 87 110 85
0.397285 0.178509 0.459329 90 112 92
0.395279 0.177791 0.458907 96 118 98
0.392000 0.178315 0.458226 103 123 104
0.454220 0.176234 0.472904 107 123 112
0.453006 0.177465 0.472659 93 113 96
0.451343 0.177731 0.472314 86 106 89
0.449681 0.177996 0.471969 85 108 85
0.448019 0.178262 0.471623 82 105 82
0.445921 0.177559 0.471180 75 102 73
0.443395 0.175889 0.470639 72 99 70
0.441740 0.176153 0.470295 71 100 66
0.439657 0.175448 0.469854 71 100 66
0.437580 0.174743 0.469415 70 100 61
0.435930 0.175007 0.469072 70 100 61
0.433860 0.174300 0.468634 75 107 68
0.431794 0.173593 0.468197 72 104 65
0.430150 0.173855 0.467856 69 101 64
0.428505 0.174118 0.467514 69 101 64
0.426450 0.173409 0.467079 67 102 64
0.424808 0.173671 0.466738 67 102 64
0.423165 0.173933 0.466397 67 102 62
0.421523 0.174196 0.466055 69 104 64
0.419881 0.174458 0.465714 69 104 64
0.418239 0.174720 0.465373 69 104 64
0.416596 0.174982 0.465032 73 108 68
0.414954 0.175244 0.464691 71 106 66
0.413312 0.175507 0.464350 74 109 69
0.411670 0.175769 0.464009 71 106 66
0.410027 0.176031 0.463667 74 110 67
0.408385 0.176293 0.463326 74 110 67
0.406743 0.176555 0.462985 68 104 61
0.405101 0.176818 0.462644 69 105 62
0.403459 0.177080 0.462303 72 105 63
0.401816 0.177342 0.461962 73 106 64
0.400174 0.177604 0.461621 77 108 66
0.398532 0.177866 0.461279 74 105 63
0.396890 0.178129 0.460938 71 101 64
0.395247 0.178391 0.460597 72 102 65
0.393605 0.178653 0.460256 74 103 69
0.391963 0.178915 0.459915 73 102 68
0.390321 0.179177 0.459574 75 104 72
0.388678 0.179440 0.459232 77 106 74
0.387036 0.179702 0.458891 80 107 78
0.385046 0.178982 0.458470 80 107 78
0.383407 0.179244 0.458129 90 113 90
0.381767 0.179506 0.457789 101 124 101
0.380127 0.179768 0.457448 108 130 112
0.378487 0.180030 0.457107 111 133 115
0.463040 0.176451 0.476466 98 115 101
0.460918 0.175753 0.476015 94 111 97
0.459710 0.176983 0.475774 85 108 85
0.457593 0.176284 0.475324 80 103 80
0.456381 0.177514 0.475083 72 99 70
0.454716 0.177780 0.474737 71 98 69
0.453051 0.178046 0.474391 73 102 68
0.451386 0.178312 0.474045 71 100 66
0.449721 0.178577 0.473699 70 102 65
0.448057 0.178843 0.473353 69 101 64
0.445957 0.178142 0.472907 70 105 65
0.443862 0.177440 0.472461 73 108 68
0.442202 0.177705 0.472116 75 111 66
0.439687 0.176034 0.471573 78 114 69
0.438033 0.176298 0.471229 81 117 70
0.435956 0.175594 0.470787 80 116 69
0.433883 0.174888 0.470346 81 118 68
0.432234 0.175151 0.470003 85 122 72
0.430169 0.174445 0.469564 89 122 76
0.428522 0.174708 0.469222 89 122 76
0.426465 0.174000 0.468784 90 123 81
0.424820 0.174262 0.468442 89 122 80
0.423175 0.174525 0.468100 92 125 83
0.421128 0.173815 0.467665 93 126 84
0.419486 0.174078 0.467323 93 126 82
0.417844 0.174340 0.466982 93 126 82
0.416201 0.174602 0.466641 92 125 81
0.414559 0.174864 0.466300 93 126 82
0.412917 0.175126 0.465959 89 122 76
0.411275 0.175389 0.465618 87 120 74
0.409633 0.175651 0.465276 87 120 74
0.407990 0.175913 0.464935 91 124 78
0.406348 0.176175 0.464594 90 123 77
0.404706 0.176437 0.464253 86 119 73
0.403064 0.176700 0.463912 86 120 71
0.401421 0.176962 0.463571 83 117 68
0.399779 0.177224 0.463230 87 119 70
0.398137 0.177486 0.462888 82 114 65
0.396495 0.177748 0.462547 84 115 69
0.394852 0.178011 0.462206 82 113 67
0.393210 0.178273 0.461865 78 111 67
0.391568 0.178535 0.461524 77 110 66
0.389926 0.178797 0.461183 76 109 67
0.388284 0.179059 0.460842 71 104 62
0.386641 0.179322 0.460500 70 103 61
0.384999 0.179584 0.460159 69 102 60
0.383357 0.179846 0.459818 75 107 68
0.381373 0.179127 0.459395 73 105 66
0.379733 0.179388 0.459055 73 102 70
0.378093 0.179650 0.458714 75 104 72
0.376453 0.179912 0.458373 82 108 84
0.374814 0.180174 0.458033 87 113 89
0.373503 0.181419 0.457771 89 114 93
0.371861 0.181681 0.457430 99 124 103
0.370219 0.181944 0.457089 113 135 119
0.368577 0.182206 0.456748 120 142 126
0.470492 0.173776 0.479715 105 122 108
0.469299 0.175002 0.479481 89 109 92
0.467634 0.175268 0.479135 83 103 86
0.466434 0.176495 0.478899 77 100 77
0.464766 0.176762 0.478552 78 101 78
0.463099 0.177028 0.478206 75 104 72
0.461432 0.177294 0.477860 70 99 67
0.459764 0.177560 0.477513 70 102 63
0.458097 0.177827 0.477167 76 108 69
0.456430 0.178093 0.476820 76 112 67
0.454762 0.178359 0.476474 76 112 67
0.453095 0.178625 0.476128 80 113 67
0.451428 0.178891 0.475781 83 116 70
0.449760 0.179158 0.475435 89 122 78
0.447656 0.178458 0.474985 90 123 79
0.445991 0.178724 0.474639 92 128 83
0.443895 0.178023 0.474190 96 132 87
0.441803 0.177321 0.473743 94 132 86
0.440143 0.177586 0.473398 95 133 87
0.437635 0.175915 0.472850 97 133 88
0.435980 0.176179 0.472507 102 138 93
0.433906 0.175475 0.472063 106 137 91
0.431837 0.174770 0.471620 106 137 91
0.430187 0.175033 0.471277 106 135 92
0.428537 0.175296 0.470934 107 136 93
0.426478 0.174589 0.470493 112 138 98
0.424831 0.174852 0.470151 113 139 99
0.422780 0.174144 0.469712 111 136 99
0.421135 0.174407 0.469370 111 136 99
0.419490 0.174670 0.469029 117 145 107
0.417845 0.174932 0.468687 118 146 108
0.415806 0.174222 0.468250 116 144 106
0.414164 0.174484 0.467909 114 142 104
0.412522 0.174746 0.467568 113 141 103
0.410880 0.175009 0.467227 113 141 103
0.409238 0.175271 0.466886 114 143 102
0.407595 0.175533 0.466544 111 140 99
0.406332 0.176770 0.466295 110 136 96
0.404687 0.177033 0.465953 108 134 94
0.403043 0.177296 0.465612 105 131 89
0.401398 0.177558 0.465270 109 135 93
0.399753 0.177821 0.464928 111 137 93
0.397742 0.177106 0.464498 109 135 91
0.396100 0.177368 0.464156 107 136 93
0.394458 0.177631 0.463815 99 128 85
0.392815 0.177893 0.463474 100 131 87
0.391173 0.178155 0.463133 96 127 83
0.389531 0.178417 0.462792 92 125 81
0.387889 0.178679 0.462451 90 123 79
0.386246 0.178942 0.462109 90 123 79
0.384604 0.179204 0.461768 87 120 76
0.382962 0.179466 0.461427 86 119 73
0.381320 0.179728 0.461086 83 116 70
0.379677 0.179990 0.460745 78 111 67
0.378035 0.180252 0.460404 73 106 62
0.376393 0.180515 0.460063 76 108 69
0.374751 0.180777 0.459721 77 109 70
0.373109 0.181039 0.459380 76 107 73
0.371466 0.181301 0.459039 73 104 70
0.369824 0.181563 0.458698 75 106 74
0.368182 0.181826 0.458357 76 107 75
0.366540 0.182088 0.458016 85 111 87
0.364897 0.182350 0.457674 95 121 97
0.363569 0.183598 0.457412 109 129 112
0.361924 0.183860 0.457070 120 140 123
0.476468 0.168234 0.482606 114 129 115
0.475778 0.170414 0.482494 107 122 108
0.474600 0.171637 0.482265 94 111 93
0.471754 0.173126 0.481689 75 99 71
0.470563 0.174351 0.481458 74 98 70
0.469367 0.175577 0.481225 75 105 68
0.467700 0.175843 0.480879 77 107 70
0.466033 0.176110 0.480532 73 106 64
0.464827 0.177337 0.480298 77 110 68
0.463157 0.177604 0.479951 78 111 67
0.461487 0.177870 0.479604 87 120 76
0.459817 0.178137 0.479257 85 121 76
0.457696 0.177441 0.478801 88 124 79
0.456029 0.177707 0.478454 94 130 83
0.454808 0.178937 0.478216 98 134 87
0.453138 0.179203 0.477869 99 132 86
0.451468 0.179470 0.477522 101 134 88
0.449359 0.178772 0.477069 105 136 94
0.447692 0.179038 0.476722 109 140 98
0.446025 0.179304 0.476376 110 142 105
0.443926 0.178604 0.475924 111 143 106
0.441833 0.177903 0.475474 113 147 112
0.440170 0.178169 0.475128 120 154 119
0.438084 0.177467 0.474679 127 158 126
0.436003 0.176764 0.474231 131 162 130
0.434346 0.177029 0.473887 144 168 138
0.432272 0.176325 0.473440 153 177 147
0.430204 0.175620 0.472995 155 177 148
0.428552 0.175884 0.472652 156 178 149
0.426491 0.175178 0.472208 159 177 154
0.424841 0.175441 0.471865 161 179 156
0.423191 0.175705 0.471523 161 179 156
0.421140 0.174997 0.471081 162 180 157
0.419493 0.175260 0.470739 162 180 157
0.417450 0.174551 0.470298 161 179 156
0.415805 0.174814 0.469957 163 181 158
0.414160 0.175077 0.469615 162 180 157
0.412516 0.175339 0.469273 161 179 156
0.410871 0.175602 0.468932 163 181 158
0.409226 0.175864 0.468590 162 180 157
0.407581 0.176127 0.468248 162 180 157
0.405937 0.176390 0.467907 162 180 157
0.404292 0.176652 0.467565 161 179 156
0.402647 0.176915 0.467223 156 175 149
0.401002 0.177177 0.466882 149 168 142
0.399358 0.177440 0.466540 141 163 134
0.397713 0.177703 0.466198 135 157 128
0.396068 0.177965 0.465857 133 155 126
0.394423 0.178228 0.465515 130 152 123
0.392779 0.178490 0.465173 122 149 118
0.390778 0.177775 0.464742 114 141 110
0.389136 0.178037 0.464401 107 136 102
0.387494 0.178299 0.464060 105 134 100
0.385851 0.178561 0.463719 105 135 96
0.384209 0.178824 0.463377 105 135 96
0.382567 0.179086 0.463036 105 136 92
0.380925 0.179348 0.462695 103 134 90
0.379282 0.179610 0.462354 94 127 83
0.377640 0.179872 0.462013 90 123 79
0.375998 0.180135 0.461672 84 120 77
0.374356 0.180397 0.461330 78 114 71
0.372714 0.180659 0.460989 76 112 67
0.371071 0.180921 0.460648 77 113 68
0.369429 0.181183 0.460307 78 114 69
0.367787 0.181446 0.459966 75 111 66
0.366463 0.182692 0.459707 76 109 67
0.364818 0.182955 0.459365 71 104 62
0.363173 0.183217 0.459023 74 101 70
0.361529 0.183480 0.458682 79 106 75
0.359884 0.183742 0.458340 95 116 94
0.358239 0.184005 0.457998 107 128 106
0.356594 0.184268 0.457657 120 137 123
0.480536 0.166104 0.485134 109 124 110
0.479375 0.167324 0.484911 93 110 92
0.478208 0.168544 0.484687 87 104 86
0.476554 0.168808 0.484343 79 101 74
0.474201 0.171253 0.483891 73 100 67
0.473017 0.172476 0.483664 75 102 69
0.471828 0.173700 0.483435 79 110 68
0.470634 0.174925 0.483205 81 112 70
0.468966 0.175191 0.482859 79 112 68
0.467299 0.175457 0.482512 83 116 72
0.466095 0.176684 0.482281 86 124 78
0.464425 0.176951 0.481934 88 126 80
0.462755 0.177217 0.481587 98 134 89
0.461085 0.177484 0.481240 97 133 88
0.459416 0.177750 0.480893 102 137 97
0.457746 0.178017 0.480546 104 139 99
0.456076 0.178284 0.480199 106 138 101
0.454406 0.178550 0.479852 111 143 106
0.452736 0.178817 0.479505 124 155 123
0.451066 0.179084 0.479159 131 162 130
0.449396 0.179350 0.478812 144 170 144
0.447291 0.178652 0.478356 149 175 149
0.445624 0.178918 0.478010 153 179 155
0.443526 0.178219 0.477555 154 180 156
0.441861 0.178485 0.477210 157 182 161
0.440196 0.178750 0.476864 157 182 161
0.438108 0.178050 0.476412 161 183 165
0.436025 0.177348 0.475961 159 181 163
0.395673 0.177584 0.467468 168 183 167
0.394028 0.177847 0.467127 172 187 171
0.392741 0.179087 0.466878 169 186 170
0.390738 0.178372 0.466443 166 183 167
0.389094 0.178635 0.466102 163 180 164
0.387449 0.178898 0.465760 159 176 160
0.385804 0.179160 0.465418 150 171 147
0.384159 0.179423 0.465077 145 166 142
0.382515 0.179685 0.464735 137 159 132
0.380870 0.179948 0.464393 124 146 119
0.378888 0.179230 0.463963 109 136 105
0.377245 0.179492 0.463622 104 131 100
0.375603 0.179754 0.463281 101 133 96
0.373961 0.180017 0.462940 100 132 95
0.372646 0.181261 0.462685 97 130 88
0.371002 0.181523 0.462343 96 129 87
0.369357 0.181786 0.462001 94 127 83
0.367712 0.182049 0.461660 89 122 78
0.366067 0.182311 0.461318 84 117 73
0.364423 0.182574 0.460976 77 110 66
0.362778 0.182836 0.460635 76 109 65
0.361133 0.183099 0.460293 79 112 68
0.359488 0.183362 0.459951 80 110 71
0.357844 0.183624 0.459610 75 105 66
0.356199 0.183887 0.459268 82 109 78
0.354554 0.184149 0.458926 87 114 83
0.352909 0.184412 0.458585 103 125 109
0.351265 0.184675 0.458243 113 135 119
0.487080 0.168748 0.488276 100 117 101
0.484430 0.167104 0.487684 93 110 94
0.482282 0.166414 0.487217 82 106 78
0.480630 0.166677 0.486873 76 100 72
0.478977 0.166941 0.486530 72 100 64
0.477810 0.168161 0.486309 76 104 68
0.475461 0.170603 0.485862 77 107 68
0.473802 0.170868 0.485518 85 118 76
0.472617 0.172091 0.485292 91 124 82
0.471900 0.174273 0.485185 92 125 81
0.470233 0.174539 0.484839 94 127 83
0.468565 0.174805 0.484492 99 132 90
0.466898 0.175072 0.484146 101 134 92
0.465693 0.176298 0.483917 106 138 101
0.464024 0.176564 0.483570 106 138 101
0.462354 0.176831 0.483223 117 146 114
0.460684 0.177097 0.482876 131 160 128
0.459014 0.177364 0.482529 139 166 137
0.457344 0.177631 0.482182 143 170 141
0.455674 0.177897 0.481835 154 177 154
0.454004 0.178164 0.481489 159 182 159
0.452335 0.178430 0.481142 160 182 164
0.450665 0.178697 0.480795 158 180 162
0.448995 0.178964 0.480448 158 179 166
0.386103 0.180736 0.467216 164 176 166
0.384453 0.180999 0.466873 164 176 166
0.382803 0.181263 0.466530 161 176 162
0.380814 0.180547 0.466096 157 172 158
0.379167 0.180810 0.465754 151 168 150
0.377185 0.180092 0.465321 151 168 150
0.375540 0.180355 0.464980 143 164 140
0.373895 0.180618 0.464638 139 160 136
0.372251 0.180880 0.464296 127 151 121
0.370931 0.182125 0.464043 117 141 111
0.368961 0.181405 0.463613 108 136 98
0.367316 0.181668 0.463271 100 128 90
0.365672 0.181931 0.462930 99 130 86
0.364027 0.182193 0.462588 101 132 88
0.362382 0.182456 0.462246 96 127 83
0.360738 0.182718 0.461905 91 122 78
0.359093 0.182981 0.461563 86 117 73
0.357448 0.183244 0.461221 82 113 69
0.355803 0.183506 0.460880 78 111 69
0.354159 0.183769 0.460538 76 109 67
0.352514 0.184031 0.460196 75 104 72
0.350869 0.184294 0.459855 79 108 76
0.349224 0.184557 0.459513 85 110 91
0.347580 0.184819 0.459171 100 125 106
0.346222 0.186070 0.458910 113 132 120
0.495349 0.171112 0.491797 106 122 111
0.493174 0.170426 0.491322 93 109 98
0.491507 0.170693 0.490975 81 104 81
0.489340 0.170006 0.490502 80 103 80
0.487178 0.169318 0.490029 81 108 75
0.485021 0.168629 0.489558 79 106 73
0.482377 0.166986 0.488961 77 110 68
0.480722 0.167250 0.488618 79 112 70
0.479067 0.167514 0.488274 84 117 73
0.477897 0.168734 0.488054 90 123 79
0.475062 0.170219 0.487489 96 129 87
0.473880 0.171441 0.487266 101 133 94
0.472692 0.172664 0.487043 103 135 96
0.471499 0.173887 0.486819 105 134 100
0.469832 0.174153 0.486473 113 142 108
0.468164 0.174419 0.486126 127 151 123
0.466497 0.174686 0.485780 138 162 134
0.464830 0.174952 0.485433 148 170 150
0.463622 0.176178 0.485206 156 178 158
0.461952 0.176444 0.484859 160 180 163
0.460282 0.176711 0.484512 161 181 164
0.376139 0.182914 0.466868 164 176 166
0.374487 0.183178 0.466525 167 179 169
0.372508 0.182461 0.466091 166 179 164
0.370858 0.182725 0.465748 166 179 164
0.369209 0.182988 0.465405 161 177 156
0.367559 0.183251 0.465062 152 168 147
0.365909 0.183515 0.464720 135 154 126
0.364259 0.183778 0.464377 129 148 120
0.362298 0.183058 0.463946 116 141 106
0.360651 0.183321 0.463604 111 136 101
0.358697 0.182600 0.463175 101 130 89
0.357053 0.182863 0.462833 99 128 87
0.355408 0.183125 0.462491 87 120 76
0.353763 0.183388 0.462150 86 119 75
0.352415 0.184636 0.461893 78 114 69
0.350767 0.184899 0.461551 73 109 64
0.349120 0.185162 0.461208 74 109 69
0.347473 0.185425 0.460866 69 104 64
0.345826 0.185688 0.460524 75 105 78
0.344178 0.185951 0.460182 83 113 86
0.342531 0.186214 0.459840 99 124 105
0.501627 0.169659 0.494821 114 131 117
0.499957 0.169926 0.494474 105 122 108
0.498287 0.170192 0.494127 91 111 92
0.496617 0.170459 0.493780 83 103 84
0.494948 0.170726 0.493433 78 102 72
0.493278 0.170992 0.493086 78 102 72
0.491106 0.170307 0.492609 78 109 67
0.488940 0.169620 0.492133 78 109 67
0.486778 0.168933 0.491658 77 110 64
0.484622 0.168245 0.491184 82 115 69
0.481979 0.166602 0.490583 91 124 80
0.480324 0.166867 0.490239 96 129 85
0.479156 0.168086 0.490022 96 129 87
0.476323 0.169570 0.489460 110 140 103
0.474663 0.169835 0.489115 115 145 108
0.473480 0.171056 0.488895 127 151 123
0.472291 0.172278 0.488674 136 160 132
0.470627 0.172544 0.488329 149 171 151
0.468962 0.172810 0.487983 160 182 162
0.467763 0.174033 0.487760 162 182 167
0.466096 0.174300 0.487413 163 183 168
0.366144 0.185097 0.466519 167 180 165
0.364176 0.184379 0.466085 166 179 164
0.362524 0.184642 0.465741 160 175 157
0.360563 0.183923 0.465308 152 167 149
0.358913 0.184187 0.464965 134 153 127
0.357263 0.184450 0.464623 126 145 119
0.355614 0.184713 0.464280 111 139 103
0.353964 0.184977 0.463937 104 132 96
0.352314 0.185240 0.463594 94 127 83
0.350664 0.185504 0.463252 91 124 80
0.349015 0.185767 0.462909 80 118 70
0.347365 0.186030 0.462566 77 115 67
0.345429 0.185307 0.462138 79 117 71
0.344065 0.186557 0.461881 75 113 67
0.342135 0.185833 0.461454 78 109 75
0.340488 0.186096 0.461111 82 113 79
0.339116 0.187347 0.460853 98 120 100
0.337466 0.187611 0.460510 113 135 115
0.506235 0.168473 0.497497 107 123 112
0.504565 0.168739 0.497151 102 119 101
0.502895 0.169006 0.496804 93 110 92
0.501741 0.170222 0.496593 85 107 78
0.500069 0.170489 0.496245 82 104 75
0.497886 0.169806 0.495763 79 108 67
0.496216 0.170072 0.495416 80 109 68
0.494546 0.170339 0.495069 82 112 64
0.492876 0.170606 0.494722 86 116 68
0.490705 0.169921 0.494243 84 118 69
0.489038 0.170187 0.493896 87 121 72
0.486874 0.169501 0.493418 101 134 88
0.484716 0.168814 0.492941 104 137 91
0.482563 0.168126 0.492465 105 135 96
0.480903 0.168391 0.492121 117 147 108
0.479243 0.168656 0.491776 130 154 124
0.477583 0.168921 0.491431 137 161 131
0.475924 0.169186 0.491086 150 171 147
0.474742 0.170406 0.490869 159 180 156
0.473080 0.170672 0.490524 165 182 164
0.471891 0.171893 0.490306 163 180 162
0.359127 0.185770 0.466766 171 184 171
0.357169 0.185051 0.466330 165 178 165
0.355517 0.185315 0.465987 152 170 147
0.353865 0.185579 0.465644 137 155 132
0.352213 0.185843 0.465301 116 144 106
0.350268 0.185122 0.464868 107 135 97
0.348618 0.185385 0.464525 95 131 86
0.346968 0.185649 0.464183 92 128 83
0.345318 0.185912 0.463840 90 126 81
0.343669 0.186175 0.463497 84 120 75
0.342019 0.186439 0.463155 80 116 73
0.340369 0.186702 0.462812 76 112 69
0.338719 0.186965 0.462469 72 104 67
0.337070 0.187229 0.462126 76 108 71
0.335420 0.187492 0.461784 91 114 91
0.333770 0.187756 0.461441 109 132 109
0.511980 0.166074 0.500379 116 127 123
0.510312 0.166340 0.500033 100 120 103
0.509173 0.167553 0.499827 97 117 100
0.507503 0.167820 0.499481 89 112 87
0.505833 0.168086 0.499134 80 103 78
0.504684 0.169301 0.498926 75 103 67
0.503012 0.169568 0.498579 79 107 71
0.501339 0.169835 0.498231 75 106 62
0.499667 0.170102 0.497884 80 111 67
0.497995 0.170369 0.497536 85 119 70
0.495814 0.169686 0.497052 91 125 76
0.494144 0.169953 0.496705 99 131 82
0.492474 0.170219 0.496359 102 134 85
0.490805 0.170486 0.496012 110 141 97
0.488637 0.169801 0.495530 112 143 99
0.486474 0.169115 0.495050 120 148 112
0.484809 0.169381 0.494704 134 162 126
0.482654 0.168694 0.494225 149 172 147
0.480992 0.168960 0.493879 158 181 156
0.479329 0.169225 0.493534 165 182 166
0.477184 0.168537 0.493057 166 183 167
0.354359 0.188147 0.467542 168 180 170
0.352404 0.187428 0.467105 165 183 162
0.350747 0.187693 0.466760 159 177 156
0.348800 0.186973 0.466325 137 164 133
0.347145 0.187237 0.465981 117 144 113
0.345206 0.186516 0.465547 100 132 93
0.343554 0.186779 0.465204 97 129 90
0.341902 0.187043 0.464860 94 130 87
0.340249 0.187307 0.464517 87 123 80
0.338597 0.187571 0.464174 83 119 74
0.336673 0.186847 0.463743 81 117 72
0.335023 0.187110 0.463400 83 115 76
0.333373 0.187374 0.463057 80 112 73
0.331988 0.188626 0.462801 91 114 91
0.330336 0.188890 0.462458 106 129 106
0.328943 0.190143 0.462199 125 141 130
0.514961 0.162057 0.502614 64 72 69
0.513838 0.163267 0.502415 67 75 72
0.512711 0.164477 0.502214 79 96 80
0.511579 0.165688 0.502013 85 102 86
0.509911 0.165954 0.501667 80 107 74
0.508771 0.167167 0.501464 80 107 74
0.507102 0.167433 0.501117 78 111 67
0.505432 0.167700 0.500770 78 111 67
0.503762 0.167966 0.500423 80 116 69
0.502609 0.169181 0.500217 87 123 76
0.500937 0.169448 0.499870 94 130 83
0.499265 0.169715 0.499523 98 134 87
0.497592 0.169982 0.499175 104 137 93
0.495413 0.169299 0.498688 106 139 95
0.493743 0.169566 0.498342 115 143 105
0.492073 0.169833 0.497995 124 152 114
0.490403 0.170099 0.497648 140 164 136
0.488236 0.169415 0.497164 152 176 148
0.486569 0.169681 0.496817 156 173 155
0.484409 0.168996 0.496335 159 176 158
0.482744 0.169262 0.495989 158 175 161
0.349269 0.189542 0.468228 164 181 165
0.347607 0.189807 0.467882 161 178 162
0.345660 0.189088 0.467444 148 171 148
0.344001 0.189353 0.467099 133 156 133
0.341783 0.187646 0.466571 117 147 110
0.340128 0.187911 0.466227 105 135 98
0.338473 0.188175 0.465883 98 134 89
0.336547 0.187452 0.465450 92 128 83
0.334895 0.187716 0.465106 87 123 78
0.333243 0.187980 0.464763 80 116 71
0.331591 0.188244 0.464420 79 111 74
0.329938 0.188507 0.464077 78 110 73
0.328545 0.189760 0.463821 86 112 86
0.327146 0.191014 0.463564 103 129 103
0.325489 0.191278 0.463220 127 143 132
0.525066 0.157937 0.506350 103 114 112
0.523411 0.158201 0.506006 104 115 113
0.521757 0.158465 0.505662 102 113 111
0.520651 0.159671 0.505469 99 107 106
0.518994 0.159936 0.505125 78 86 85
0.517881 0.161143 0.504930 58 64 64
0.516221 0.161408 0.504585 48 54 54
0.514561 0.161673 0.504240 41 52 48
0.513438 0.162882 0.504044 51 62 58
0.512311 0.164092 0.503846 73 97 69
0.511178 0.165302 0.503647 81 105 77
0.509510 0.165568 0.503300 77 110 66
0.507843 0.165835 0.502954 82 115 71
0.506700 0.167047 0.502753 83 119 72
0.505030 0.167313 0.502406 91 127 80
0.503360 0.167580 0.502059 102 138 93
0.501690 0.167847 0.501712 104 140 95
0.500535 0.169061 0.501509 107 139 102
0.498862 0.169328 0.501161 113 145 108
0.496681 0.168646 0.500672 130 154 126
0.495011 0.168913 0.500325 142 166 138
0.493341 0.169180 0.499978 154 175 153
0.491671 0.169446 0.499631 155 176 154
0.490001 0.169713 0.499284 159 179 162
0.345828 0.190672 0.469261 163 177 166
0.344163 0.190938 0.468915 165 179 168
0.342220 0.190219 0.468475 158 176 153
0.340557 0.190484 0.468130 144 162 139
0.338622 0.189764 0.467691 116 143 110
0.336691 0.189042 0.467254 103 130 97
0.334766 0.188320 0.466817 94 126 89
0.332845 0.187597 0.466382 92 124 87
0.331456 0.188849 0.466130 85 120 80
0.329802 0.189113 0.465786 78 113 73
0.328147 0.189377 0.465442 79 111 74
0.326492 0.189641 0.465099 78 110 73
0.325090 0.190895 0.464844 87 110 87
0.323433 0.191159 0.464499 102 125 102
0.322024 0.192414 0.464243 127 146 134
0.534025 0.155031 0.509876 81 92 90
0.532373 0.155295 0.509533 54 65 63
0.530721 0.155559 0.509190 41 52 50
0.529069 0.155822 0.508846 39 50 46
0.527416 0.156086 0.508503 39 50 46
0.525764 0.156350 0.508160 41 52 50
0.524668 0.157554 0.507971 44 55 53
0.523013 0.157818 0.507627 47 58 56
0.521359 0.158082 0.507284 46 57 55
0.520253 0.159288 0.507093 41 52 50
0.518595 0.159552 0.506749 40 51 49
0.517482 0.160759 0.506556 45 53 52
0.515822 0.161024 0.506212 47 55 54
0.514701 0.162232 0.506018 46 57 53
0.513039 0.162497 0.505672 50 61 57
0.511910 0.163706 0.505477 92 119 88
0.510777 0.164916 0.505280 94 121 90
0.509109 0.165183 0.504934 89 125 80
0.507968 0.166394 0.504736 94 130 85
0.506298 0.166660 0.504389 103 136 94
0.504628 0.166927 0.504042 106 139 97
0.502959 0.167193 0.503695 113 142 110
0.501289 0.167460 0.503348 128 157 125
0.499619 0.167727 0.503001 148 171 148
0.497949 0.167993 0.502655 154 177 154
0.496279 0.168260 0.502308 157 174 158
0.494609 0.168526 0.501961 157 174 158
0.340708 0.192069 0.469951 169 181 171
0.338768 0.191350 0.469509 163 179 158
0.336833 0.190630 0.469068 157 173 152
0.334903 0.189910 0.468628 127 151 123
0.332978 0.189188 0.468189 112 136 108
0.331058 0.188466 0.467751 100 131 97
0.329404 0.188730 0.467407 93 124 90
0.328006 0.189982 0.467156 85 117 80
0.326349 0.190246 0.466812 84 116 79
0.324692 0.190511 0.466468 85 117 80
0.323285 0.191765 0.466214 82 114 77
0.321625 0.192030 0.465869 87 115 90
0.320210 0.193284 0.465615 105 133 108
0.318548 0.193550 0.465269 102 121 109
0.538006 0.152921 0.512363 109 117 118
0.536357 0.153185 0.512020 56 64 65
0.534707 0.153448 0.511678 43 51 52
0.533628 0.154649 0.511495 41 49 50
0.531976 0.154912 0.511152 42 50 49
0.530323 0.155176 0.510809 46 54 53
0.528671 0.155440 0.510465 45 56 52
0.527019 0.155704 0.510122 45 56 52
0.525925 0.156907 0.509936 46 57 53
0.524270 0.157171 0.509593 46 57 53
0.522615 0.157435 0.509249 46 54 51
0.521511 0.158640 0.509061 45 53 50
0.520402 0.159845 0.508872 47 55 52
0.518743 0.160110 0.508527 48 56 53
0.517626 0.161316 0.508337 50 58 55
0.515964 0.161582 0.507992 52 60 57
0.514301 0.161847 0.507646 50 64 55
0.513175 0.163055 0.507454 46 60 51
0.511510 0.163321 0.507108 95 121 97
0.510376 0.164530 0.506914 116 142 118
0.508708 0.164797 0.506568 112 142 105
0.507567 0.166007 0.506372 115 145 108
0.505897 0.166274 0.506025 133 157 129
0.504227 0.166540 0.505678 145 169 141
0.502557 0.166807 0.505331 152 172 157
0.500887 0.167074 0.504984 156 176 161
0.499217 0.167340 0.504638 158 174 163
0.335038 0.191496 0.470448 165 180 166
0.333109 0.190776 0.470006 157 172 158
0.331446 0.191042 0.469661 132 153 129
0.329525 0.190320 0.469220 121 142 118
0.327865 0.190585 0.468875 102 131 97
0.326205 0.190850 0.468530 93 122 88
0.324545 0.191115 0.468185 90 122 83
0.323135 0.192369 0.467934 85 117 78
0.321225 0.191645 0.467496 78 110 71
0.319810 0.192900 0.467243 79 111 72
0.318148 0.193165 0.466898 81 109 82
0.316485 0.193430 0.466553 103 131 104
0.315060 0.194686 0.466298 132 151 141
0.539259 0.152276 0.514322 92 95 94
0.537610 0.152540 0.513979 58 64 64
0.535960 0.152803 0.513637 42 48 48
0.534310 0.153066 0.513294 46 54 55
0.533231 0.154266 0.513114 47 55 56
0.531578 0.154530 0.512771 48 56 55
0.529926 0.154794 0.512427 47 55 54
0.528274 0.155058 0.512084 44 55 53
0.527182 0.156259 0.511901 44 55 53
0.525527 0.156524 0.511558 45 56 52
0.523872 0.156788 0.511214 45 56 52
0.523323 0.158931 0.511188 46 57 53
0.521663 0.159196 0.510843 46 57 53
0.520003 0.159461 0.510499 47 58 54
0.518888 0.160666 0.510311 50 61 57
0.517769 0.161873 0.510123 55 63 60
0.516104 0.162138 0.509777 56 64 61
0.514439 0.162404 0.509431 55 66 64
0.513309 0.163612 0.509241 45 56 54
0.511642 0.163878 0.508894 54 73 63
0.510505 0.165087 0.508702 107 126 116
0.508835 0.165354 0.508355 151 168 152
0.507165 0.165621 0.508008 157 174 158
0.505495 0.165887 0.507661 159 175 164
0.503825 0.166154 0.507314 159 175 164
0.329902 0.192895 0.471140 164 176 166
0.328235 0.193161 0.470794 135 156 134
0.326313 0.192440 0.470350 116 137 115
0.324649 0.192706 0.470004 101 131 94
0.322984 0.192972 0.469659 100 130 93
0.321073 0.192249 0.469217 90 123 81
0.319410 0.192515 0.468872 83 116 74
0.317989 0.193769 0.468621 80 113 71
0.316324 0.194035 0.468275 82 115 73
0.314660 0.194301 0.467929 93 119 93
0.312995 0.194567 0.467583 108 134 108
0.311561 0.195823 0.467330 133 149 140
0.542747 0.152301 0.516792 106 110 105
0.540512 0.151631 0.516281 105 106 100
0.538863 0.151894 0.515939 79 80 74
0.537213 0.152158 0.515596 42 45 44
0.535563 0.152421 0.515253 49 52 51
0.533913 0.152684 0.514911 48 54 52
0.532833 0.153884 0.514733 49 55 53
0.531181 0.154148 0.514390 48 56 53
0.530093 0.155348 0.514210 47 55 52
0.528439 0.155612 0.513867 44 55 51
0.527343 0.156814 0.513686 46 57 53
0.525686 0.157079 0.513342 48 59 55
0.524583 0.158282 0.513159 47 58 54
0.523476 0.159485 0.512976 50 61 57
0.521813 0.159751 0.512631 51 62 58
0.520698 0.160956 0.512446 54 62 59
0.519033 0.161221 0.512100 56 64 61
0.517910 0.162427 0.511913 57 63 63
0.516243 0.162694 0.511567 53 59 59
0.514576 0.162960 0.511221 52 60 61
0.513443 0.164168 0.511032 61 69 70
0.511773 0.164434 0.510685 73 86 85
0.324750 0.194294 0.471833 137 158 134
0.322832 0.193574 0.471388 114 135 111
0.321164 0.193840 0.471042 103 131 93
0.319254 0.193118 0.470598 104 132 94
0.317589 0.193384 0.470252 94 127 83
0.315924 0.193650 0.469906 84 117 73
0.314259 0.193915 0.469561 82 115 73
0.311160 0.195437 0.468964 92 115 92
0.309493 0.195703 0.468617 113 136 113
0.544002 0.151655 0.518754 116 117 113
0.541765 0.150986 0.518241 115 116 112
0.540116 0.151249 0.517898 118 118 112
0.538466 0.151512 0.517555 117 117 111
0.536816 0.151776 0.517212 50 52 43
0.535166 0.152039 0.516870 52 54 45
0.534088 0.153238 0.516695 55 59 52
0.532436 0.153501 0.516352 53 57 50
0.531350 0.154701 0.516176 49 58 51
0.530259 0.155901 0.515998 46 55 48
0.528602 0.156166 0.515654 44 55 51
0.527504 0.157367 0.515475 46 57 53
0.526400 0.158570 0.515295 48 59 55
0.524738 0.158835 0.514950 51 62 58
0.523627 0.160039 0.514769 54 62 59
0.521962 0.160304 0.514423 55 63 60
0.520844 0.161509 0.514240 56 64 63
0.519177 0.161775 0.513893 52 60 59
0.518051 0.162981 0.513709 65 70 75
0.516381 0.163248 0.513362 104 109 114
0.514711 0.163515 0.513015 131 137 139
0.322678 0.194174 0.473123 161 175 164
0.321008 0.194441 0.472776 140 159 133
0.319096 0.193720 0.472329 113 132 106
0.317429 0.193986 0.471983 101 131 92
0.315761 0.194253 0.471636 98 128 89
0.314094 0.194519 0.471290 88 124 79
0.312427 0.194785 0.470944 83 119 74
0.310759 0.195051 0.470597 85 115 76
0.309092 0.195317 0.470251 85 115 76
0.307425 0.195584 0.469905 104 125 103
0.547022 0.153803 0.521239 116 116 112
0.544190 0.152204 0.520547 122 122 116
0.541952 0.151536 0.520030 119 119 113
0.540300 0.151800 0.519687 122 120 112
0.538648 0.152064 0.519344 133 131 123
0.536995 0.152327 0.519000 80 81 68
0.535343 0.152591 0.518657 61 62 49
0.534262 0.153789 0.518485 59 64 54
0.533175 0.154988 0.518311 56 61 51
0.532084 0.156188 0.518136 47 56 49
0.530424 0.156453 0.517791 43 52 45
0.529325 0.157654 0.517615 40 51 47
0.527663 0.157920 0.517269 43 54 50
0.526556 0.159122 0.517092 44 55 51
0.525445 0.160325 0.516913 50 61 57
0.523778 0.160591 0.516566 53 64 62
0.522659 0.161795 0.516386 46 57 55
0.520989 0.162062 0.516039 55 60 65
0.519319 0.162328 0.515692 62 67 72
0.517649 0.162595 0.515345 121 128 132
0.318937 0.194321 0.474065 150 160 146
0.317267 0.194588 0.473718 123 145 116
0.315597 0.194854 0.473371 110 132 103
0.313693 0.194133 0.472924 99 129 90
0.312026 0.194399 0.472577 96 126 87
0.310358 0.194665 0.472231 91 124 80
0.308691 0.194931 0.471885 86 119 75
0.305578 0.196454 0.471290 88 117 83
0.303908 0.196721 0.470943 111 131 114
0.302238 0.196987 0.470596 133 153 136
0.547211 0.154350 0.523042 118 119 115
0.544378 0.152753 0.522345 118 118 112
0.542138 0.152085 0.521825 120 120 114
0.540483 0.152350 0.521481 128 126 116
0.538828 0.152614 0.521137 132 130 120
0.537173 0.152878 0.520793 122 123 110
0.536091 0.154076 0.520623 116 117 104
0.535004 0.155274 0.520452 92 100 89
0.533345 0.155539 0.520107 53 61 50
0.532250 0.156739 0.519934 46 54 51
0.531151 0.157939 0.519760 46 54 51
0.529486 0.158205 0.519414 44 55 53
0.528379 0.159406 0.519239 44 55 53
0.526711 0.159672 0.518893 51 62 60
0.525597 0.160875 0.518716 53 64 62
0.523927 0.161142 0.518369 50 57 63
0.522257 0.161409 0.518022 53 60 66
0.520587 0.161675 0.517675 78 83 88
0.519460 0.162880 0.517495 133 138 143
0.316865 0.194201 0.475354 157 170 153
0.315196 0.194468 0.475007 162 175 158
0.313526 0.194734 0.474660 130 152 125
0.311625 0.194013 0.474211 109 131 104
0.309957 0.194279 0.473865 95 125 86
0.308516 0.195534 0.473620 93 123 84
0.306846 0.195801 0.473273 87 120 78
0.305176 0.196068 0.472926 84 117 75
0.303507 0.196334 0.472579 84 113 79
0.301837 0.196601 0.472232 92 121 87
0.298708 0.198125 0.471637 135 155 140
0.547398 0.154896 0.524850 116 117 111
0.545149 0.154231 0.524326 115 117 108
0.542904 0.153565 0.523802 118 120 111
0.541244 0.153830 0.523457 122 120 110
0.539585 0.154095 0.523113 118 116 106
0.538500 0.155292 0.522944 113 114 103
0.536837 0.155558 0.522599 113 114 103
0.535175 0.155823 0.522254 48 55 47
0.534080 0.157022 0.522083 37 44 36
0.532980 0.158222 0.521912 47 55 54
0.531312 0.158488 0.521565 54 62 61
0.529645 0.158754 0.521219 59 67 68
0.528535 0.159956 0.521046 62 70 71
0.526865 0.160222 0.520699 57 65 66
0.525195 0.160489 0.520352 53 61 62
0.524075 0.161692 0.520176 67 72 77
0.522403 0.161959 0.519829 101 106 111
0.313124 0.194348 0.476297 169 182 167
0.311454 0.194615 0.475950 159 172 157
0.309784 0.194881 0.475603 130 154 124
0.308115 0.195148 0.475256 116 140 110
0.306445 0.195414 0.474909 98 128 89
0.304775 0.195681 0.474562 94 124 85
0.303105 0.195948 0.474215 90 123 81
0.301435 0.196214 0.473868 83 116 74
0.298306 0.197738 0.473275 99 128 98
0.296634 0.198005 0.472928 126 145 135
0.547585 0.155440 0.526663 115 116 112
0.545333 0.154776 0.526135 115 117 108
0.543668 0.155042 0.525790 117 119 110
0.542004 0.155308 0.525444 118 116 104
0.540339 0.155573 0.525098 118 116 104
0.538674 0.155839 0.524752 110 108 98
0.537009 0.156105 0.524406 121 119 109
0.535913 0.157303 0.524238 80 87 81
0.534246 0.157570 0.523892 48 55 49
0.533143 0.158769 0.523722 57 63 63
0.531473 0.159036 0.523375 62 68 68
0.529803 0.159302 0.523029 58 63 68
0.528133 0.159569 0.522682 56 61 66
0.527017 0.160771 0.522510 64 67 70
0.525345 0.161038 0.522162 89 92 95
0.309383 0.194495 0.477239 163 178 162
0.307713 0.194761 0.476892 149 164 148
0.306043 0.195028 0.476545 116 140 110
0.304373 0.195294 0.476198 109 133 103
0.302703 0.195561 0.475851 98 129 87
0.301034 0.195828 0.475505 87 118 76
0.297904 0.197351 0.474914 86 117 75
0.296232 0.197618 0.474567 92 118 94
0.294559 0.197885 0.474219 110 136 112
0.292887 0.198152 0.473872 135 154 144
0.545516 0.155320 0.527950 115 116 110
0.543849 0.155586 0.527604 126 127 121
0.542182 0.155853 0.527257 132 133 122
0.540514 0.156119 0.526911 143 144 133
0.538847 0.156385 0.526565 146 144 136
0.537751 0.157583 0.526399 147 145 137
0.536081 0.157850 0.526052 143 149 147
0.534411 0.158116 0.525705 100 106 104
0.532741 0.158383 0.525358 69 77 78
0.531071 0.158649 0.525012 67 75 76
0.529960 0.159850 0.524843 86 93 97
0.305864 0.195629 0.478290 160 180 163
0.304191 0.195896 0.477942 138 158 141
0.302519 0.196163 0.477595 102 129 96
0.300846 0.196430 0.477248 101 128 95
0.299174 0.196697 0.476900 99 132 90
0.297502 0.196964 0.476553 90 123 81
0.295829 0.197231 0.476205 87 119 82
0.294157 0.197498 0.475858 86 118 81
0.292485 0.197765 0.475510 99 124 103
0.303789 0.195509 0.479581 172 186 177
0.302117 0.195776 0.479234 154 174 155
0.300444 0.196043 0.478886 134 154 135
0.298772 0.196310 0.478539 103 130 97
0.297100 0.196577 0.478191 100 127 94
0.295427 0.196844 0.477844 91 123 84
0.293755 0.197111 0.477496 91 123 84
0.292284 0.198368 0.477256 85 116 82
0.290609 0.198635 0.476908 85 116 82
0.288934 0.198902 0.476560 107 132 113
0.287259 0.199170 0.476212 131 156 137
0.300255 0.196643 0.480636 169 181 173
0.298580 0.196910 0.480289 145 163 142
0.296906 0.197178 0.479941 122 140 119
0.295231 0.197445 0.479593 99 129 92
0.293556 0.197713 0.479245 98 128 91
0.291881 0.197980 0.478897 89 124 86
0.290206 0.198247 0.478549 85 120 82
0.288531 0.198515 0.478201 84 115 83
0.286856 0.198782 0.477853 91 122 90
0.285181 0.199050 0.477505 125 145 130
0.296503 0.196790 0.481582 166 178 168
0.294828 0.197057 0.481234 130 152 125
0.293153 0.197325 0.480886 105 127 100
0.291478 0.197592 0.480538 97 129 90
0.289803 0.197860 0.480190 94 126 87
0.288128 0.198127 0.479842 85 121 78
0.286453 0.198395 0.479494 81 117 74
0.284779 0.198662 0.479146 88 116 89
0.283291 0.199920 0.478907 114 142 115
0.281614 0.200188 0.478559 143 159 150
0.294630 0.197657 0.482990 170 185 169
0.292952 0.197925 0.482641 157 172 156
0.291275 0.198193 0.482293 112 136 104
0.289400 0.197472 0.481831 103 127 95
0.287726 0.197739 0.481483 96 129 87
0.286243 0.198996 0.481248 91 124 82
0.284565 0.199264 0.480899 84 117 75
0.282888 0.199532 0.480551 83 116 74
0.281210 0.199800 0.480202 103 125 105
0.279715 0.201059 0.479964 129 151 131
0.291070 0.198792 0.484053 166 183 167
0.289194 0.198072 0.483588 141 158 142
0.287517 0.198340 0.483240 110 138 102
0.285839 0.198608 0.482891 106 134 98
0.284162 0.198876 0.482543 94 127 83
0.282671 0.200133 0.482308 91 124 80
0.280991 0.200402 0.481959 88 118 79
0.279311 0.200670 0.481610 92 122 83
0.277810 0.201929 0.481374 123 143 128
0.276128 0.202197 0.481024 153 173 158
0.289182 0.199659 0.485469 172 183 179
0.287500 0.199928 0.485119 150 167 149
0.285627 0.199208 0.484652 114 131 113
0.284135 0.200465 0.484420 100 128 90
0.282453 0.200734 0.484071 101 129 91
0.280770 0.201002 0.483721 94 125 83
0.279088 0.201271 0.483372 89 120 78
0.277583 0.202530 0.483137 87 116 86
0.275899 0.202799 0.482787 106 135 105
0.274214 0.203068 0.482437 143 159 150
0.285603 0.200795 0.486538 165 177 167
0.283918 0.201064 0.486188 131 152 128
0.282233 0.201333 0.485838 105 126 102
0.280548 0.201602 0.485488 100 130 91
0.278863 0.201871 0.485138 96 126 87
0.277178 0.202140 0.484788 90 122 85
0.275493 0.202409 0.484438 84 116 79
0.273981 0.203668 0.484204 106 131 112
0.272294 0.203938 0.483853 129 154 135
0.283887 0.202649 0.488082 174 187 174
0.282197 0.202918 0.487731 148 161 148
0.280507 0.203188 0.487380 109 136 105
0.278817 0.203458 0.487029 96 123 92
0.277127 0.203728 0.486678 96 131 93
0.275437 0.203998 0.486327 91 126 88
0.273747 0.204268 0.485976 82 116 83
0.272057 0.204537 0.485625 89 123 90
0.270367 0.204807 0.485274 126 148 132
0.280282 0.203785 0.489159 162 179 163
0.278589 0.204055 0.488808 123 140 124
0.276721 0.203337 0.488334 96 127 95
0.275031 0.203607 0.487983 99 130 98
0.273341 0.203876 0.487632 91 128 89
0.271651 0.204146 0.487281 86 123 84
0.269961 0.204416 0.486930 87 117 90
0.268271 0.204686 0.486579 105 135 108
0.266581 0.204956 0.486228 149 165 156
0.278361 0.204651 0.490591 164 176 168
0.276490 0.203934 0.490114 133 156 131
0.274797 0.204204 0.489763 105 128 103
0.272934 0.203485 0.489288 97 132 94
0.271413 0.204744 0.489060 94 129 91
0.269720 0.205014 0.488708 88 123 83
0.267864 0.204295 0.488234 82 117 77
0.266174 0.204565 0.487883 102 127 108
0.264485 0.204834 0.487532 137 162 143
0.276433 0.205517 0.492027 171 188 174
0.274563 0.204800 0.491548 150 167 153
0.272698 0.204082 0.491070 106 135 103
0.271006 0.204353 0.490718 100 129 97
0.269313 0.204623 0.490366 96 131 91
0.267621 0.204893 0.490015 89 124 84
0.265768 0.204173 0.489539 84 115 81
0.264078 0.204443 0.489188 96 127 93
0.262543 0.205704 0.488960 135 154 142
0.274328 0.205395 0.493338 175 183 180
0.272460 0.204678 0.492856 153 173 154
0.270766 0.204949 0.492504 118 138 119
0.269071 0.205219 0.492152 98 132 97
0.267214 0.204501 0.491673 97 131 96
0.265521 0.204771 0.491322 90 127 86
0.263672 0.204052 0.490844 82 119 78
0.262136 0.205312 0.490618 93 120 98
0.260444 0.205582 0.490267 120 147 125
0.270524 0.205544 0.494295 169 181 173
0.268663 0.204827 0.493813 120 146 120
0.266968 0.205098 0.493461 96 122 96
0.265114 0.204380 0.492980 96 133 94
0.263422 0.204650 0.492628 89 126 87
0.261729 0.204920 0.492277 84 120 84
0.260037 0.205190 0.491925 89 125 89
0.258493 0.206451 0.491700 122 144 128
0.268419 0.205422 0.495606 169 186 170
0.266560 0.204705 0.495122 134 151 135
0.264707 0.203988 0.494638 96 127 95
0.263015 0.204258 0.494287 99 130 98
0.261322 0.204528 0.493935 91 128 89
0.259630 0.204799 0.493583 89 126 87
0.258086 0.206059 0.493361 88 117 87
0.256391 0.206329 0.493009 116 145 115
0.266313 0.205300 0.496917 173 185 177
0.264615 0.205571 0.496564 139 162 137
0.262763 0.204854 0.496078 105 128 103
0.261068 0.205125 0.495726 98 132 97
0.259373 0.205396 0.495374 98 132 97
0.257678 0.205666 0.495022 90 125 87
0.255983 0.205937 0.494670 85 120 82
0.254431 0.207197 0.494448 115 137 117
0.264364 0.206165 0.498364 172 189 173
0.262510 0.205449 0.497875 143 160 144
0.260812 0.205720 0.497522 106 135 103
0.259115 0.205991 0.497169 101 130 98
0.257417 0.206262 0.496817 95 132 91
0.255720 0.206533 0.496464 88 125 84
0.254022 0.206804 0.496111 85 114 82
0.252464 0.208065 0.495891 112 141 109
0.262255 0.206043 0.499676 179 191 183
0.260555 0.206314 0.499323 149 171 151
0.258855 0.206586 0.498970 112 134 114
0.257155 0.206857 0.498617 91 125 90
0.255455 0.207129 0.498263 95 129 94
0.253756 0.207400 0.497910 90 127 88
0.252056 0.207672 0.497557 82 119 80
0.250356 0.207943 0.497204 111 134 111
0.248789 0.209204 0.496985 140 163 140
0.258595 0.207179 0.500775 164 178 167
0.256892 0.207451 0.500421 110 138 113
0.255190 0.207723 0.500068 102 130 105
0.253347 0.207007 0.499576 96 133 94
0.251785 0.208267 0.499360 90 127 88
0.250082 0.208538 0.499007 85 116 84
0.248380 0.208810 0.498653 110 141 109
0.256483 0.207057 0.502090 154 174 159
0.254781 0.207329 0.501736 113 133 118
0.253078 0.207601 0.501382 94 128 95
0.251376 0.207873 0.501029 95 129 96
0.249673 0.208144 0.500675 88 125 86
0.247971 0.208416 0.500321 81 118 79
0.246268 0.208688 0.499967 117 140 117
0.244566 0.208960 0.499614 139 162 139
0.254371 0.206935 0.503404 162 178 169
0.252669 0.207207 0.503050 110 138 113
0.250966 0.207478 0.502697 99 127 102
0.249264 0.207750 0.502343 94 130 94
0.247561 0.208022 0.501989 87 123 87
0.245859 0.208294 0.501636 84 115 83
0.244156 0.208566 0.501282 110 141 109
0.242454 0.208838 0.500928 152 168 157
0.252398 0.207799 0.504864 161 181 166
0.250557 0.207084 0.504365 123 143 128
0.248988 0.208343 0.504156 100 131 99
0.247283 0.208616 0.503801 100 131 99
0.245578 0.208888 0.503447 92 123 89
0.243873 0.209160 0.503093 89 120 86
0.242168 0.209432 0.502739 118 143 124
0.250283 0.207677 0.506180 161 177 168
0.248578 0.207949 0.505826 110 137 108
0.246873 0.208221 0.505472 101 128 99
0.245168 0.208493 0.505118 101 133 96
0.243463 0.208765 0.504764 96 128 91
0.241758 0.209038 0.504409 89 117 90
0.240053 0.209310 0.504055 122 150 123
0.248434 0.209526 0.507795 153 173 156
0.246593 0.208813 0.507291 113 133 116
0.244886 0.209085 0.506937 101 130 96
0.243178 0.209358 0.506582 103 132 98
0.241471 0.209631 0.506227 93 124 90
0.239763 0.209903 0.505872 90 121 87
0.238056 0.210176 0.505518 127 149 133
0.246442 0.210389 0.509267 154 170 159
0.244602 0.209676 0.508760 110 137 108
0.242892 0.209949 0.508405 103 130 101
0.241060 0.209235 0.507900 97 132 94
0.239353 0.209508 0.507546 91 126 88
0.237762 0.210768 0.507339 92 122 95
0.236052 0.211042 0.506984 128 158 131
0.244444 0.211252 0.510742 149 171 151
0.242605 0.210540 0.510233 110 132 112
0.240771 0.209827 0.509725 101 135 100
0.239061 0.210100 0.509370 99 133 98
0.237467 0.211360 0.509166 91 125 90
0.235641 0.210646 0.508660 98 132 97
0.234042 0.211907 0.508455 143 162 150
0.244158 0.211840 0.512578 169 186 172
0.242317 0.211129 0.512066 148 165 151
0.240601 0.211403 0.511710 101 130 98
0.238768 0.210690 0.511200 102 131 99
0.237055 0.210963 0.510844 95 132 93
0.235343 0.211237 0.510488 88 125 86
0.233630 0.211510 0.510133 116 141 120
0.232026 0.212772 0.509929 147 172 151
0.242150 0.212702 0.514062 164 178 169
0.240309 0.211991 0.513548 130 153 128
0.238474 0.211279 0.513034 102 125 100
0.236759 0.211553 0.512678 99 134 96
0.235044 0.211827 0.512322 94 129 91
0.233329 0.212101 0.511966 89 120 90
0.231614 0.212375 0.511609 122 153 123
0.240016 0.212578 0.515390 168 185 169
0.238296 0.212853 0.515033 130 147 131
0.236576 0.213127 0.514675 98 132 97
0.234856 0.213402 0.514318 102 136 101
0.233026 0.212690 0.513803 87 124 85
0.231308 0.212964 0.513447 88 125 86
0.229696 0.214226 0.513246 133 153 136
0.237999 0.213439 0.516880 163 177 166
0.236276 0.213714 0.516522 116 145 115
0.234442 0.213004 0.516004 102 131 101
0.232722 0.213278 0.515646 100 137 96
0.231002 0.213553 0.515289 86 123 82
0.229282 0.213828 0.514932 103 131 104
0.227562 0.214102 0.514574 134 162 135
0.237816 0.215008 0.518895 168 180 170
0.235975 0.214300 0.518373 140 163 140
0.234250 0.214575 0.518015 112 135 112
0.232417 0.213865 0.517494 101 138 99
0.230694 0.214140 0.517136 95 132 93
0.228972 0.214415 0.516778 93 124 92
0.227249 0.214691 0.516420 108 139 107
0.225526 0.214966 0.516063 148 167 155
0.235673 0.214884 0.520229 162 179 165
0.233946 0.215160 0.519870 139 156 142
0.232218 0.215436 0.519511 96 130 97
0.230385 0.214727 0.518988 101 135 102
0.228660 0.215002 0.518630 96 132 96
0.226835 0.214292 0.518108 89 125 89
0.225112 0.214567 0.517750 131 153 135
0.233640 0.215744 0.521731 162 178 169
0.231910 0.216020 0.521371 113 141 116
0.230075 0.215312 0.520845 103 131 106
0.228245 0.214603 0.520320 98 132 97
0.226520 0.214878 0.519962 89 123 88
0.224795 0.215154 0.519603 101 129 104
0.223070 0.215429 0.519245 138 166 141
0.231494 0.215620 0.523067 153 175 157
0.229660 0.214912 0.522538 117 139 121
0.227932 0.215188 0.522179 99 133 100
0.226105 0.214479 0.521652 96 130 97
0.224477 0.215739 0.521461 88 122 89
0.222655 0.215030 0.520935 110 144 111
0.221022 0.216291 0.520744 156 177 166
0.231184 0.216202 0.524934 159 179 164
0.229451 0.216479 0.524574 138 158 143
0.227618 0.215772 0.524043 101 132 100
0.225887 0.216048 0.523684 100 131 99
0.224157 0.216324 0.523324 95 129 94
0.222427 0.216600 0.522965 90 124 89
0.220697 0.216876 0.522605 137 159 141
0.229034 0.216078 0.526272 163 179 168
0.227302 0.216354 0.525912 119 147 120
0.225569 0.216631 0.525552 101 129 102
0.223837 0.216907 0.525192 99 133 98
0.222011 0.216200 0.524660 89 123 88
0.220281 0.216476 0.524301 110 136 112
0.218551 0.216752 0.523941 150 176 152
0.226985 0.216936 0.527786 144 169 148
0.225153 0.216230 0.527250 104 129 108
0.223420 0.216506 0.526890 101 135 102
0.221687 0.216783 0.526530 96 130 97
0.219955 0.217060 0.526170 94 125 95
0.218222 0.217336 0.525810 127 158 128
0.226568 0.216534 0.529486 162 184 168
0.224833 0.216811 0.529125 127 149 133
0.223097 0.217088 0.528765 101 132 102
0.221271 0.216382 0.528227 101 132 102
0.219538 0.216659 0.527868 94 128 93
0.217805 0.216935 0.527508 98 132 97
0.216073 0.217212 0.527148 152 172 157
0.224415 0.216409 0.530825 153 172 160
0.222680 0.216686 0.530465 103 133 106
0.220945 0.216963 0.530105 101 131 104
0.219121 0.216258 0.529565 97 131 98
0.217389 0.216534 0.529205 90 124 91
0.215740 0.217794 0.529023 127 149 129
0.224093 0.216989 0.532709 163 179 170
0.222356 0.217266 0.532348 130 157 135
0.220528 0.216562 0.531805 102 129 107
0.218792 0.216839 0.531444 99 133 98
0.217057 0.217116 0.531084 91 125 90
0.215322 0.217393 0.530723 103 131 104
0.213587 0.217670 0.530363 152 180 153
0.221938 0.216864 0.534050 153 175 159
0.220110 0.216160 0.533505 116 138 122
0.218375 0.216437 0.533144 94 128 93
0.216640 0.216714 0.532784 99 133 98
0.214905 0.216991 0.532423 91 122 90
0.213170 0.217268 0.532063 127 158 126
0.221703 0.218423 0.536127 162 181 169
0.219782 0.216739 0.535392 140 159 147
0.217958 0.216036 0.534845 94 125 95
0.216223 0.216313 0.534484 100 131 101
0.214488 0.216590 0.534124 89 123 88
0.212832 0.217849 0.533948 95 129 94
0.211094 0.218126 0.533587 154 176 158
0.219453 0.217317 0.537284 167 180 175
0.217627 0.216615 0.536733 115 143 116
0.215889 0.216892 0.536372 101 129 102
0.214151 0.217169 0.536011 97 132 94
0.212414 0.217447 0.535650 85 120 82
0.210752 0.218706 0.535476 131 156 135
0.219123 0.217894 0.539180 174 185 183
0.217294 0.217192 0.538627 145 165 146
0.215471 0.216490 0.538075 104 124 105
0.213734 0.216767 0.537714 98 132 97
0.212074 0.218026 0.537543 94 128 93
0.210334 0.218304 0.537181 100 128 103
0.208594 0.218582 0.536820 143 171 146
0.216961 0.217769 0.540526 168 183 167
0.215136 0.217067 0.539971 120 135 119
0.213396 0.217345 0.539609 98 129 95
0.211655 0.217623 0.539248 100 131 97
0.208247 0.219160 0.538716 124 155 125
0.216710 0.219323 0.542626 175 189 178
0.214799 0.217644 0.541871 145 159 148
0.213056 0.217922 0.541509 98 127 97
0.211314 0.218200 0.541147 103 132 102
0.209571 0.218479 0.540785 94 128 93
0.207828 0.218757 0.540423 101 135 100
0.206155 0.220016 0.540254 159 181 163
0.214542 0.219198 0.543975 165 178 173
0.212795 0.219477 0.543612 111 137 111
0.210971 0.218776 0.543052 101 127 101
0.209299 0.220035 0.542886 99 134 96
0.207552 0.220314 0.542523 88 123 85
0.205804 0.220593 0.542160 141 163 143
0.214122 0.218793 0.545687 167 180 175
0.212374 0.219072 0.545324 135 161 137
0.210627 0.219351 0.544961 99 125 101
0.208879 0.219630 0.544598 99 134 96
0.207131 0.219909 0.544235 90 125 87
0.205384 0.220188 0.543872 111 137 113
0.203636 0.220468 0.543509 160 186 162
0.212031 0.219646 0.547239 159 180 158
0.210206 0.218947 0.546674 110 131 109
0.208459 0.219226 0.546311 101 133 96
0.206711 0.219505 0.545948 100 132 95
0.204963 0.219784 0.545585 96 125 95
0.203280 0.221043 0.545421 148 177 147
0.211687 0.220218 0.549159 168 188 171
0.209860 0.219520 0.548591 128 148 131
0.208110 0.219800 0.548227 101 132 98
0.206360 0.220079 0.547863 101 132 98
0.204610 0.220358 0.547500 90 121 89
0.202860 0.220638 0.547136 124 155 123
0.209513 0.220092 0.550512 152 169 155
0.207760 0.220372 0.550148 100 129 97
0.205939 0.219674 0.549578 105 134 102
0.204189 0.219953 0.549215 96 127 93
0.202502 0.221211 0.549056 104 135 101
0.200750 0.221491 0.548692 155 175 158
0.209092 0.219686 0.552230 168 182 171
0.207339 0.219966 0.551866 111 138 109
0.205586 0.220246 0.551502 101 128 99
0.203834 0.220526 0.551138 96 131 93
0.202081 0.220806 0.550773 88 123 85
0.200328 0.221086 0.550409 142 164 144
0.206987 0.220537 0.553794 130 156 132
0.205165 0.219840 0.553219 100 126 102
0.203412 0.220120 0.552855 101 136 98
0.201659 0.220400 0.552491 88 123 85
0.199967 0.221658 0.552336 118 144 118
0.198211 0.221938 0.551971 158 184 158
0.206565 0.220131 0.555514 153 175 157
0.204810 0.220411 0.555149 108 130 112
0.203055 0.220691 0.554785 102 137 99
0.201300 0.220971 0.554420 97 132 94
0.199544 0.221252 0.554056 99 128 94
0.197846 0.222510 0.553902 148 177 143
0.206212 0.220700 0.557450 166 186 169
0.204454 0.220980 0.557085 123 143 126
0.202697 0.221261 0.556720 99 131 94
0.200939 0.221541 0.556355 103 135 98
0.199181 0.221822 0.555990 93 123 86
0.197423 0.222103 0.555624 131 161 124
0.204097 0.221548 0.559025 144 161 147
0.202337 0.221829 0.558660 101 130 96
0.200577 0.222110 0.558294 102 131 97
0.198817 0.222391 0.557928 92 124 87
0.197056 0.222673 0.557563 110 142 105
0.195296 0.222954 0.557197 166 186 171
0.203739 0.222115 0.560971 164 176 166
0.201976 0.222397 0.560605 109 136 105
0.200214 0.222678 0.560238 103 130 99
0.198451 0.222960 0.559872 94 129 91
0.196688 0.223241 0.559506 91 126 88
0.194925 0.223523 0.559140 154 176 158
0.203380 0.222681 0.562921 171 180 173
0.201614 0.222963 0.562554 124 147 122
0.199849 0.223245 0.562188 101 124 99
0.198084 0.223527 0.561821 97 132 94
0.196319 0.223809 0.561454 88 123 85
0.194553 0.224091 0.561087 139 164 145
0.201190 0.222555 0.564284 143 164 142
0.199425 0.222836 0.563917 103 124 102
0.197659 0.223118 0.563550 104 136 99
0.195894 0.223400 0.563184 96 128 91
0.194129 0.223682 0.562817 123 149 125
0.200826 0.223119 0.566241 151 168 150
0.199000 0.222428 0.565647 109 126 108
0.197291 0.223684 0.565507 107 136 102
0.195470 0.222991 0.564913 99 128 94
0.193755 0.224248 0.564772 102 130 103
0.191987 0.224530 0.564405 159 187 160
0.200401 0.222710 0.567973 162 179 163
0.198633 0.222992 0.567606 119 136 120
0.196865 0.223274 0.567239 99 130 98
0.195098 0.223557 0.566871 100 131 99
0.193330 0.223839 0.566504 94 125 95
0.191562 0.224121 0.566137 146 177 147
0.198265 0.223555 0.569570 133 150 136
0.196495 0.223838 0.569202 98 129 97
0.194725 0.224121 0.568834 104 135 103
0.192954 0.224403 0.568467 92 123 93
0.191184 0.224686 0.568099 131 162 132
0.197839 0.223146 0.571304 147 166 154
0.196069 0.223428 0.570937 99 128 96
0.194299 0.223711 0.570569 103 132 100
0.192529 0.223993 0.570201 97 128 96
0.190758 0.224276 0.569833 114 145 113
0.197470 0.223707 0.573276 165 181 172
0.195697 0.223990 0.572908 101 130 100
0.193924 0.224273 0.572539 103 132 102
0.192151 0.224556 0.572171 100 131 97
0.190378 0.224839 0.571803 100 131 97
0.188562 0.224149 0.571200 161 183 165
0.197098 0.224267 0.575252 167 181 172
0.195323 0.224551 0.574883 110 136 110
0.193548 0.224834 0.574515 103 129 103
0.191725 0.224146 0.573908 98 132 97
0.189952 0.224429 0.573540 89 123 88
0.188179 0.224712 0.573171 160 183 160
0.196726 0.224826 0.577233 169 180 176
0.194948 0.225110 0.576864 129 155 131
0.193121 0.224423 0.576254 101 127 103
0.191346 0.224707 0.575885 101 136 98
0.189570 0.224990 0.575516 91 126 88
0.187795 0.225274 0.575148 141 164 141
0.194572 0.225668 0.578850 144 167 144
0.192743 0.224983 0.578237 101 124 101
0.190965 0.225266 0.577867 101 136 98
0.189187 0.225550 0.577498 94 129 91
0.187368 0.224863 0.576887 127 151 123
0.194195 0.226226 0.580840 149 171 151
0.192412 0.226510 0.580470 104 126 106
0.190583 0.225825 0.579854 102 137 99
0.188803 0.226109 0.579484 92 127 89
0.186982 0.225423 0.578871 115 142 113
0.522789 0.168398 0.649747 143 143 145
0.193817 0.226782 0.582835 162 179 163
0.192031 0.227067 0.582465 109 126 110
0.190201 0.226382 0.581846 101 133 96
0.188418 0.226667 0.581476 94 126 89
0.186595 0.225981 0.580859 104 131 100
0.184776 0.225295 0.580243 160 187 156
0.525904 0.167423 0.652217 139 138 138
0.524134 0.167705 0.651849 137 136 136
0.522880 0.168882 0.651829 119 119 113
0.521107 0.169165 0.651461 110 110 104
0.519846 0.170342 0.651440 109 109 105
0.193487 0.228305 0.585087 165 182 166
0.191649 0.227622 0.584464 119 136 120
0.189817 0.226939 0.583843 105 135 98
0.188031 0.227224 0.583472 103 133 96
0.186206 0.226539 0.582852 101 128 97
0.184423 0.226824 0.582482 152 179 148
0.525478 0.167013 0.653951 138 139 133
0.523708 0.167296 0.653584 133 134 128
0.522454 0.168471 0.653566 102 103 94
0.520681 0.168754 0.653198 104 105 96
0.519930 0.170825 0.653529 105 106 100
0.518153 0.171109 0.653159 111 112 106
0.193105 0.228858 0.587095 168 185 169
0.191266 0.228176 0.586469 129 146 130
0.189475 0.228462 0.586097 106 133 100
0.187602 0.226810 0.585222 107 134 101
0.185816 0.227095 0.584851 98 127 95
0.183995 0.226411 0.584229 146 175 143
0.525052 0.166603 0.655686 125 126 120
0.523282 0.166886 0.655318 124 125 119
0.522027 0.168061 0.655303 112 114 105
0.520768 0.169237 0.655288 111 113 104
0.519503 0.170413 0.655271 110 111 107
0.517725 0.170697 0.654901 103 104 100
0.516958 0.172769 0.655234 121 127 129
0.192674 0.228443 0.588851 166 183 167
0.190881 0.228729 0.588479 140 157 141
0.189045 0.228048 0.587852 100 129 97
0.187254 0.228333 0.587480 106 135 103
0.185426 0.227651 0.586854 94 125 93
0.183602 0.226967 0.586229 137 168 136
0.524627 0.166194 0.657421 125 127 118
0.522856 0.166476 0.657053 124 126 117
0.521601 0.167651 0.657041 113 113 107
0.520341 0.168826 0.657027 112 112 106
0.519075 0.170002 0.657013 97 98 94
0.517805 0.171179 0.656997 88 89 85
0.516530 0.172356 0.656981 105 111 111
0.515249 0.173535 0.656963 142 148 148
0.190495 0.229281 0.590493 148 165 151
0.188657 0.228600 0.589863 99 128 98
0.186864 0.228887 0.589491 105 134 104
0.185034 0.228205 0.588862 93 124 94
0.183243 0.228491 0.588490 129 160 130
0.524201 0.165784 0.659155 135 136 130
0.522947 0.166957 0.659146 114 115 109
0.521175 0.167240 0.658778 100 101 95
0.519914 0.168415 0.658767 101 102 96
0.518648 0.169590 0.658755 101 102 96
0.517377 0.170767 0.658742 115 116 110
0.516101 0.171944 0.658728 119 125 123
0.514820 0.173122 0.658713 126 132 130
0.190064 0.228865 0.592253 156 172 163
0.188268 0.229152 0.591880 96 125 95
0.186473 0.229439 0.591507 102 131 101
0.184640 0.228758 0.590875 93 124 94
0.182847 0.229044 0.590503 124 155 125
0.526067 0.165981 0.661619 143 147 142
0.524294 0.166264 0.661251 139 140 134
0.522521 0.166547 0.660883 129 130 124
0.520748 0.166830 0.660515 119 121 112
0.519487 0.168004 0.660506 125 127 118
0.518220 0.169179 0.660497 133 135 126
0.516949 0.170355 0.660486 133 135 126
0.515672 0.171531 0.660475 129 133 128
0.514390 0.172708 0.660462 122 126 121
0.189676 0.229415 0.594275 154 170 161
0.187878 0.229702 0.593901 96 124 97
0.186041 0.229023 0.593266 101 129 102
0.184246 0.229310 0.592893 99 130 98
0.182450 0.229596 0.592520 121 152 120
0.526161 0.166459 0.663721 156 160 153
0.523867 0.165854 0.662988 146 148 139
0.522095 0.166137 0.662620 152 154 145
0.520322 0.166420 0.662252 139 141 130
0.519060 0.167593 0.662246 133 135 124
0.517793 0.168767 0.662239 131 136 126
0.516520 0.169942 0.662230 135 140 130
0.515243 0.171118 0.662221 128 131 132
0.513961 0.172295 0.662211 95 98 99
0.513172 0.174365 0.662560 85 90 95
0.189287 0.229964 0.596302 164 177 172
0.187487 0.230252 0.595927 102 130 103
0.185686 0.230539 0.595554 101 129 102
0.183850 0.229860 0.594916 99 130 98
0.182052 0.230147 0.594542 112 143 111
0.525734 0.166048 0.665460 145 146 140
0.523441 0.165443 0.664725 140 138 130
0.521668 0.165726 0.664357 153 151 143
0.519895 0.166009 0.663989 138 136 128
0.518633 0.167182 0.663985 114 112 104
0.517365 0.168356 0.663981 92 96 91
0.516092 0.169530 0.663975 72 76 71
0.514814 0.170706 0.663968 58 64 66
0.514032 0.172773 0.664323 53 59 61
0.512741 0.173951 0.664314 61 66 71
0.188854 0.229547 0.598066 168 181 176
0.187054 0.229835 0.597692 105 133 108
0.185253 0.230122 0.597318 100 128 103
0.183453 0.230410 0.596944 100 131 99
0.181653 0.230697 0.596570 107 138 106
0.525307 0.165638 0.667200 81 82 76
0.523015 0.165033 0.666462 64 66 57
0.521242 0.165316 0.666094 58 60 51
0.519469 0.165599 0.665726 53 54 50
0.517696 0.165882 0.665357 53 54 50
0.516937 0.167944 0.665722 49 55 53
0.515664 0.169118 0.665719 51 57 55
0.514386 0.170293 0.665715 56 64 63
0.513602 0.172359 0.666075 57 65 64
0.512311 0.173536 0.666068 50 55 60
0.188421 0.229131 0.599830 166 179 176
0.186621 0.229418 0.599456 110 138 113
0.184820 0.229706 0.599082 99 127 102
0.183020 0.229993 0.598708 101 132 98
0.181220 0.230281 0.598334 104 135 101
0.522588 0.164623 0.668199 50 54 49
0.520816 0.164906 0.667831 58 62 57
0.518531 0.164300 0.667093 57 64 58
0.517270 0.165472 0.667094 55 62 56
0.516004 0.166644 0.667095 54 63 56
0.515236 0.168706 0.667464 55 64 57
0.514458 0.170770 0.667830 56 64 61
0.512673 0.171055 0.667459 56 64 61
0.511880 0.173122 0.667822 47 55 56
0.187988 0.228714 0.601594 167 180 177
0.186188 0.229001 0.601220 111 137 113
0.184387 0.229289 0.600846 102 128 104
0.182587 0.229576 0.600472 105 134 102
0.180787 0.229864 0.600098 100 129 97
0.178986 0.230151 0.599724 166 183 165
0.522162 0.164212 0.669936 49 56 50
0.519876 0.163608 0.669195 55 62 56
0.518106 0.163891 0.668827 56 65 58
0.516844 0.165061 0.668831 55 64 57
0.515577 0.166233 0.668835 51 63 55
0.514808 0.168294 0.669208 52 64 56
0.514029 0.170357 0.669580 52 63 61
0.512742 0.171532 0.669579 53 64 62
0.510152 0.173884 0.669574 81 89 90
0.187596 0.229260 0.603633 167 180 175
0.185794 0.229548 0.603258 115 141 115
0.183991 0.229836 0.602884 102 128 102
0.182188 0.230123 0.602509 105 134 102
0.180385 0.230411 0.602135 98 127 95
0.178582 0.230699 0.601760 165 182 164
0.521736 0.163802 0.671673 62 69 63
0.519963 0.164085 0.671305 51 58 52
0.518190 0.164368 0.670937 54 66 58
0.516417 0.164651 0.670569 53 65 57
0.515150 0.165822 0.670574 51 62 58
0.514380 0.167882 0.670953 51 62 58
0.513599 0.169944 0.671329 51 62 60
0.511019 0.172293 0.671331 54 62 63
0.509721 0.173469 0.671331 71 79 80
0.187203 0.229805 0.605677 167 180 175
0.185398 0.230093 0.605302 117 140 115
0.183593 0.230381 0.604927 103 126 101
0.181787 0.230669 0.604552 106 133 100
0.179982 0.230958 0.604177 99 126 93
0.178176 0.231246 0.603802 161 178 160
0.521824 0.164277 0.673789 91 98 90
0.519536 0.163675 0.673042 48 55 47
0.517764 0.163958 0.672674 55 64 57
0.515991 0.164241 0.672306 55 64 57
0.515227 0.166298 0.672690 52 63 59
0.514453 0.168358 0.673073 52 63 59
0.513670 0.170419 0.673454 52 63 61
0.510588 0.171879 0.673085 53 61 62
0.509290 0.173054 0.673087 69 77 78
0.186769 0.229387 0.607446 165 178 175
0.184964 0.229675 0.607071 118 144 120
0.183158 0.229963 0.606696 95 121 97
0.181353 0.230252 0.606321 106 133 100
0.179547 0.230540 0.605946 100 127 94
0.177742 0.230828 0.605571 159 180 158
0.521397 0.163866 0.675529 131 135 130
0.519622 0.164150 0.675160 51 55 50
0.517846 0.164433 0.674791 55 62 54
0.516071 0.164717 0.674422 58 65 57
0.514800 0.165887 0.674432 57 64 58
0.514025 0.167945 0.674820 56 63 57
0.513240 0.170005 0.675205 56 63 57
0.510158 0.171464 0.674839 51 55 50
0.509350 0.173528 0.675220 80 84 79
0.186374 0.229930 0.609498 165 178 175
0.184566 0.230219 0.609122 125 151 127
0.182759 0.230507 0.608747 95 121 97
0.180951 0.230796 0.608371 109 137 101
0.179143 0.231085 0.607995 102 130 94
0.177335 0.231373 0.607620 160 181 157
0.519195 0.163739 0.676899 79 80 74
0.517419 0.164022 0.676530 58 60 51
0.515644 0.164306 0.676162 62 64 55
0.514875 0.166362 0.676556 62 67 55
0.514097 0.168419 0.676948 58 63 51
0.511518 0.170764 0.676966 55 54 39
0.510220 0.171938 0.676973 66 60 45
0.508918 0.173112 0.676979 97 91 76
0.185940 0.229511 0.611269 167 180 177
0.184132 0.229800 0.610894 120 146 122
0.182324 0.230089 0.610518 101 127 103
0.180516 0.230377 0.610142 109 139 102
0.178737 0.231628 0.610050 102 132 95
0.176926 0.231917 0.609674 157 178 154
0.518768 0.163328 0.678639 129 127 106
0.517500 0.164496 0.678655 62 64 32
0.515722 0.164780 0.678286 57 59 27
0.514950 0.166835 0.678684 59 59 24
0.513667 0.168006 0.678697 63 63 28
0.511087 0.170350 0.678720 116 107 61
0.509789 0.171523 0.678730 150 141 104
0.508977 0.173584 0.679120 158 149 112
0.507666 0.174759 0.679127 144 140 131
0.185543 0.230053 0.613328 166 179 176
0.183733 0.230342 0.612952 118 144 120
0.181922 0.230631 0.612576 102 128 104
0.180112 0.230920 0.612200 106 136 99
0.178301 0.231209 0.611824 100 130 93
0.176491 0.231498 0.611448 160 181 157
0.518850 0.163801 0.680766 177 165 109
0.517073 0.164085 0.680397 147 141 76
0.515799 0.165253 0.680414 138 132 67
0.515023 0.167308 0.680817 147 137 69
0.513738 0.168478 0.680832 172 162 94
0.511151 0.170821 0.680859 176 163 98
0.509358 0.171108 0.680487 162 148 100
0.508544 0.173168 0.680882 153 139 91
0.507233 0.174342 0.680891 142 137 117
0.185145 0.230593 0.615392 164 179 174
0.183332 0.230882 0.615015 114 140 116
0.181487 0.230212 0.614350 101 127 103
0.179676 0.230501 0.613974 102 132 95
0.177893 0.231751 0.613885 100 130 93
0.176080 0.232040 0.613509 162 183 159
0.520712 0.163988 0.683268 199 176 87
0.518932 0.164273 0.682899 195 172 83
0.517152 0.164557 0.682529 187 165 83
0.515875 0.165725 0.682548 182 160 78
0.514594 0.166894 0.682567 180 160 80
0.512016 0.169235 0.682600 174 160 84
0.510720 0.170406 0.682616 122 108 32
0.509418 0.171579 0.682630 114 100 40
0.508112 0.172752 0.682643 120 106 46
0.506800 0.173926 0.682655 139 134 105
0.184746 0.231132 0.617461 168 183 178
0.182931 0.231422 0.617083 109 137 112
0.181083 0.230752 0.616415 98 126 101
0.179300 0.232001 0.616329 103 133 96
0.177484 0.232291 0.615952 101 131 94
0.175693 0.233542 0.615865 164 185 161
0.520795 0.164459 0.685406 202 170 64
0.519012 0.164743 0.685036 199 167 61
0.517229 0.165028 0.684665 183 154 63
0.515950 0.166196 0.684687 145 116 25
0.514665 0.167365 0.684707 124 101 14
0.511586 0.168821 0.684355 165 153 67
0.510289 0.169991 0.684372 127 115 29
0.508987 0.171163 0.684389 147 136 71
0.508168 0.173222 0.684794 167 156 91
0.506367 0.173509 0.684420 165 160 129
0.184346 0.231670 0.619534 164 179 174
0.182528 0.231960 0.619157 107 135 108
0.180710 0.232250 0.618779 98 126 99
0.178892 0.232540 0.618401 102 132 95
0.177074 0.232831 0.618024 101 131 94
0.175256 0.233121 0.617646 167 188 166
0.520877 0.164928 0.687549 199 168 69
0.519091 0.165213 0.687178 197 166 67
0.517306 0.165498 0.686807 192 164 77
0.515521 0.165783 0.686436 159 131 44
0.512945 0.168120 0.686481 178 156 74
0.511155 0.168406 0.686109 186 176 92
0.509857 0.169576 0.686129 189 179 95
0.508555 0.170748 0.686148 176 169 109
0.507247 0.171920 0.686167 167 160 100
0.505934 0.173092 0.686184 158 158 136
0.183909 0.231249 0.621315 162 177 172
0.182091 0.231539 0.620938 106 134 107
0.180273 0.231829 0.620560 98 126 99
0.178455 0.232120 0.620183 101 132 98
0.176662 0.233369 0.620100 100 131 97
0.519169 0.165681 0.689325 196 171 94
0.516876 0.165084 0.688556 192 168 98
0.513806 0.166537 0.688211 184 167 101
0.512515 0.167706 0.688235 177 160 94
0.511219 0.168875 0.688258 153 143 84
0.509426 0.169161 0.687886 137 127 68
0.508123 0.170332 0.687908 105 107 73
0.507302 0.172388 0.688322 132 134 100
0.505501 0.172675 0.687948 158 160 149
0.183507 0.231785 0.623397 162 177 172
0.181686 0.232076 0.623018 105 133 106
0.179866 0.232366 0.622640 103 131 104
0.178045 0.232657 0.622262 101 132 98
0.176224 0.232948 0.621884 101 132 98
0.515665 0.166720 0.690733 193 180 140
0.513875 0.167006 0.690361 157 143 110
0.512084 0.167291 0.689989 98 84 51
0.510788 0.168460 0.690015 66 58 32
0.509487 0.169630 0.690040 61 53 27
0.507691 0.169916 0.689667 49 58 40
0.506869 0.171971 0.690086 64 73 55
0.505068 0.172259 0.689712 143 151 140
0.183103 0.232320 0.625482 161 176 171
0.181248 0.231654 0.624802 102 130 103
0.179457 0.232902 0.624725 103 131 104
0.177634 0.233193 0.624346 100 131 99
0.175836 0.234442 0.624268 110 141 109
0.513942 0.167473 0.692517 158 153 131
0.512150 0.167759 0.692144 85 80 58
0.510357 0.168045 0.691772 63 67 39
0.509055 0.169214 0.691799 69 73 45
0.507748 0.170384 0.691825 79 93 71
0.505950 0.170671 0.691451 115 129 107
0.504635 0.171842 0.691476 162 172 160
0.182699 0.232854 0.627573 156 170 161
0.180842 0.232189 0.626890 98 126 99
0.179048 0.233437 0.626815 103 131 104
0.177222 0.233728 0.626436 96 127 95
0.175397 0.234019 0.626056 120 151 119
0.512214 0.168225 0.694304 162 164 146
0.510418 0.168512 0.693931 114 127 96
0.508623 0.168799 0.693558 110 123 92
0.507315 0.169968 0.693587 100 122 93
0.505517 0.170255 0.693213 104 126 97
0.504202 0.171425 0.693240 159 172 159
0.182293 0.233386 0.629669 147 163 152
0.180434 0.232723 0.628983 91 119 92
0.178609 0.233014 0.628604 95 123 96
0.176809 0.234262 0.628530 90 124 93
0.174981 0.234554 0.628150 122 156 125
0.510479 0.168978 0.696095 136 151 124
0.508681 0.169265 0.695722 105 120 93
0.506883 0.169552 0.695348 102 126 96
0.505570 0.170721 0.695378 95 119 89
0.503769 0.171009 0.695004 147 162 146
0.181886 0.233918 0.631770 144 160 149
0.180025 0.233255 0.631081 88 116 89
0.178225 0.234502 0.631009 93 121 94
0.176394 0.234794 0.630629 92 123 93
0.174564 0.235087 0.630249 140 171 141
0.510046 0.168561 0.697857 145 162 136
0.508249 0.168849 0.697483 101 118 92
0.506451 0.169136 0.697110 103 130 97
0.505137 0.170304 0.697142 90 117 84
0.503336 0.170592 0.696768 124 146 126
0.501536 0.170879 0.696394 154 176 156
0.183276 0.233202 0.633944 173 190 176
0.181446 0.233494 0.633563 136 153 139
0.179615 0.233786 0.633183 86 115 83
0.177785 0.234078 0.632803 103 132 100
0.175954 0.234371 0.632423 96 125 95
0.174124 0.234663 0.632042 149 178 148
0.508305 0.169313 0.699654 108 124 101
0.506018 0.168719 0.698871 101 130 96
0.504704 0.169888 0.698906 96 125 91
0.502903 0.170175 0.698532 101 127 103
0.501103 0.170463 0.698158 152 178 154
0.182836 0.232778 0.635737 166 186 171
0.181006 0.233070 0.635357 118 138 123
0.179175 0.233362 0.634977 87 116 84
0.177345 0.233655 0.634597 103 132 100
0.175514 0.233947 0.634216 103 130 99
0.173683 0.234239 0.633836 158 185 154
0.507872 0.168896 0.701419 124 137 120
0.506071 0.169184 0.701044 96 123 90
0.504271 0.169471 0.700670 100 127 94
0.502470 0.169758 0.700296 87 113 87
0.500670 0.170046 0.699922 143 169 143
0.182429 0.233307 0.637848 153 173 158
0.180596 0.233599 0.637468 110 130 115
0.178763 0.233892 0.637087 89 118 86
0.176930 0.234185 0.636706 96 125 93
0.175097 0.234477 0.636325 108 135 104
0.507439 0.168479 0.703183 147 160 145
0.505638 0.168767 0.702809 95 122 89
0.503838 0.169054 0.702435 101 128 95
0.502037 0.169342 0.702061 87 118 86
0.500714 0.170510 0.702099 114 145 113
0.499386 0.171679 0.702136 157 177 162
0.181989 0.232882 0.639645 153 173 158
0.180156 0.233175 0.639264 98 118 103
0.178322 0.233468 0.638883 93 122 90
0.176489 0.233760 0.638502 98 127 95
0.174656 0.234053 0.638121 118 145 116
0.505205 0.168350 0.704573 106 130 100
0.503405 0.168638 0.704199 102 126 96
0.501604 0.168925 0.703825 94 126 89
0.500281 0.170093 0.703865 96 128 91
0.498952 0.171261 0.703905 154 176 158
0.181580 0.233409 0.641763 142 164 148
0.179744 0.233702 0.641382 89 111 95
0.177882 0.233043 0.640679 92 123 93
0.176073 0.234289 0.640619 94 125 95
0.174238 0.234582 0.640238 123 151 126
0.504772 0.167933 0.706337 133 155 128
0.502972 0.168221 0.705963 99 121 94
0.501171 0.168508 0.705589 94 129 91
0.499847 0.169675 0.705632 83 118 80
0.498518 0.170843 0.705674 139 161 141
0.497183 0.172012 0.705715 155 177 157
0.181138 0.232984 0.643562 131 153 135
0.179303 0.233277 0.643180 85 107 89
0.177467 0.233571 0.642799 92 123 91
0.175632 0.233864 0.642418 96 127 95
0.173796 0.234157 0.642036 139 167 142
0.504822 0.168395 0.708522 156 174 151
0.503019 0.168682 0.708148 100 118 95
0.501216 0.168970 0.707773 96 128 91
0.499889 0.170137 0.707818 89 121 84
0.498083 0.170425 0.707443 103 131 104
0.497219 0.172474 0.707905 155 183 156
0.182533 0.232266 0.645741 168 183 178
0.180697 0.232560 0.645360 113 138 119
0.178861 0.232853 0.644979 85 110 91
0.177026 0.233146 0.644597 93 124 92
0.175190 0.233439 0.644216 94 125 93
0.173376 0.234684 0.644160 162 185 162
0.503066 0.169143 0.710337 113 128 110
0.501260 0.169431 0.709962 100 130 93
0.499455 0.169719 0.709587 96 126 89
0.498122 0.170887 0.709634 85 116 84
0.496784 0.172055 0.709679 136 167 135
0.495440 0.173223 0.709723 159 176 162
0.182124 0.232791 0.647870 163 179 170
0.180286 0.233084 0.647488 104 130 106
0.178448 0.233378 0.647107 88 114 90
0.176610 0.233671 0.646725 99 128 94
0.174772 0.233965 0.646343 110 139 105
0.172934 0.234258 0.645961 171 189 168
0.502631 0.168725 0.712106 154 167 152
0.500826 0.169013 0.711731 99 126 93
0.499021 0.169301 0.711356 97 124 91
0.497687 0.170468 0.711405 83 114 80
0.496348 0.171635 0.711453 112 143 109
0.495004 0.172804 0.711500 164 181 165
0.181682 0.232365 0.649671 145 161 150
0.179844 0.232659 0.649289 92 120 93
0.178006 0.232952 0.648908 99 127 100
0.176168 0.233246 0.648526 94 123 89
0.174330 0.233539 0.648144 126 155 121
0.502676 0.169184 0.714303 174 187 174
0.500868 0.169472 0.713928 109 133 103
0.499060 0.169761 0.713552 101 125 95
0.497252 0.170050 0.713177 93 125 88
0.495913 0.171216 0.713227 86 118 81
0.495034 0.173263 0.713702 152 172 153
0.493683 0.174431 0.713749 154 174 155
0.183078 0.231646 0.651854 168 184 173
0.181240 0.231940 0.651472 125 141 130
0.179402 0.232233 0.651090 91 122 92
0.177590 0.233476 0.651043 101 132 102
0.175750 0.233769 0.650660 95 124 90
0.173909 0.234063 0.650278 138 167 133
0.500433 0.169054 0.715699 135 154 126
0.498625 0.169342 0.715324 102 121 93
0.497288 0.170508 0.715377 99 132 90
0.495477 0.170797 0.715001 86 119 77
0.494132 0.171964 0.715053 122 145 120
0.493245 0.174011 0.715531 156 179 154
0.182636 0.231221 0.653655 159 179 164
0.180829 0.232462 0.653611 112 132 117
0.178988 0.232756 0.653229 90 121 89
0.177148 0.233049 0.652846 99 130 98
0.175307 0.233343 0.652464 98 127 95
0.173488 0.234586 0.652417 155 184 152
0.500473 0.169511 0.717903 162 180 157
0.498663 0.169800 0.717527 107 125 102
0.496852 0.170089 0.717151 97 129 90
0.495042 0.170378 0.716775 93 125 86
0.493696 0.171545 0.716829 93 122 92
0.492808 0.173590 0.717312 148 177 147
0.182194 0.230796 0.655456 140 160 145
0.180386 0.232036 0.655414 96 116 101
0.178546 0.232330 0.655032 96 127 93
0.176705 0.232623 0.654650 98 129 95
0.174888 0.233865 0.654606 114 141 110
0.498227 0.169381 0.719301 142 157 139
0.496417 0.169670 0.718925 95 125 86
0.494606 0.169959 0.718549 99 129 90
0.493260 0.171125 0.718606 84 115 83
0.492371 0.173169 0.719093 121 152 120
0.491012 0.174337 0.719148 160 179 167
0.183590 0.230077 0.657639 175 186 186
0.181784 0.231316 0.657600 120 142 126
0.179944 0.231610 0.657218 94 116 100
0.178130 0.232850 0.657178 99 130 96
0.176287 0.233144 0.656795 96 127 93
0.174444 0.233439 0.656412 144 167 142
0.497792 0.168962 0.721075 172 184 174
0.495982 0.169251 0.720699 104 132 96
0.494171 0.169540 0.720323 100 128 92
0.492824 0.170705 0.720382 89 123 88
0.491934 0.172748 0.720875 88 122 87
0.490574 0.173916 0.720931 155 176 163
0.183182 0.230596 0.659786 166 179 176
0.181342 0.230890 0.659404 100 125 104
0.179530 0.232129 0.659366 94 119 98
0.177687 0.232424 0.658983 97 129 92
0.175844 0.232718 0.658601 98 130 93
0.174001 0.233012 0.658218 162 185 162
0.496482 0.170582 0.723350 137 159 130
0.494201 0.169996 0.722535 103 125 96
0.492851 0.171162 0.722596 95 130 90
0.491496 0.172327 0.722656 85 120 80
0.490137 0.173494 0.722715 121 148 128
0.489227 0.175539 0.723209 153 180 160
0.182740 0.230170 0.661590 144 157 152
0.180899 0.230464 0.661207 89 117 90
0.179087 0.231703 0.661172 93 121 94
0.177244 0.231997 0.660789 92 123 89
0.175401 0.232291 0.660406 104 135 101
0.173579 0.233532 0.660370 170 190 171
0.496513 0.171036 0.725570 174 190 169
0.494230 0.170451 0.724752 110 126 105
0.492877 0.171616 0.724815 96 128 89
0.491519 0.172782 0.724877 93 125 86
0.490156 0.173949 0.724938 90 120 95
0.488788 0.175116 0.724998 146 176 151
0.184173 0.230393 0.664127 169 188 178
0.182330 0.230688 0.663744 119 138 128
0.180487 0.230982 0.663361 87 116 86
0.178644 0.231276 0.662978 96 125 95
0.176826 0.232515 0.662945 92 121 87
0.174981 0.232810 0.662561 137 166 132
0.494258 0.170905 0.726974 136 149 134
0.492440 0.171196 0.726596 102 132 95
0.491081 0.172361 0.726661 99 129 92
0.489718 0.173527 0.726724 90 121 89
0.488349 0.174694 0.726787 108 139 107
0.487427 0.176737 0.727289 156 177 166
0.183730 0.229967 0.665933 160 179 167
0.181887 0.230261 0.665550 99 118 106
0.180044 0.230555 0.665167 90 121 87
0.178228 0.231793 0.665137 97 128 94
0.176382 0.232088 0.664753 98 127 95
0.174537 0.232383 0.664370 159 188 156
0.494285 0.171358 0.729201 170 179 170
0.492464 0.171649 0.728823 111 138 105
0.491102 0.172814 0.728889 100 127 94
0.489736 0.173980 0.728955 92 127 89
0.488364 0.175146 0.729019 88 123 85
0.486987 0.176313 0.729082 141 163 147
0.185167 0.230187 0.668478 177 190 187
0.183321 0.230482 0.668095 126 148 132
0.181475 0.230777 0.667712 87 109 93
0.179630 0.231071 0.667328 79 111 74
0.177784 0.231366 0.666945 89 121 84
0.175963 0.232605 0.666916 123 147 119
0.174137 0.233844 0.666886 170 194 166
0.492487 0.172101 0.731054 138 160 131
0.491122 0.173266 0.731123 106 128 99
0.489752 0.174431 0.731190 92 127 87
0.488377 0.175597 0.731256 85 120 80
0.486997 0.176765 0.731321 109 135 109
0.485613 0.177933 0.731385 156 182 156
0.184832 0.232584 0.671365 166 179 176
0.182945 0.231938 0.670621 95 120 99
0.181094 0.232233 0.670237 83 108 87
0.179243 0.232529 0.669852 89 121 84
0.177393 0.232824 0.669468 96 128 91
0.175542 0.233120 0.669083 146 168 141
0.491141 0.173716 0.733361 111 129 106
0.489768 0.174882 0.733430 98 130 91
0.487937 0.175174 0.733050 94 126 87
0.486557 0.176340 0.733117 91 120 88
0.485171 0.177508 0.733184 137 166 134
0.186277 0.232799 0.673928 179 194 189
0.184422 0.233095 0.673543 134 149 144
0.182533 0.232450 0.672796 87 116 86
0.180649 0.231805 0.672050 88 117 87
0.178798 0.232100 0.671666 97 129 92
0.176948 0.232396 0.671281 113 145 108
0.175120 0.233634 0.671256 171 189 168
0.491158 0.174166 0.735604 151 164 149
0.489782 0.175331 0.735675 109 134 99
0.487949 0.175624 0.735294 99 124 89
0.486565 0.176790 0.735364 87 111 79
0.484730 0.177083 0.734983 104 128 96
0.483339 0.178251 0.735051 156 173 159
0.185869 0.233309 0.676111 162 181 171
0.183976 0.232666 0.675361 103 122 112
0.182120 0.232962 0.674976 87 121 88
0.180264 0.233258 0.674590 94 128 95
0.178381 0.232613 0.673842 96 127 93
0.176553 0.233851 0.673819 139 170 136
0.489341 0.174907 0.737471 126 144 121
0.487959 0.176072 0.737544 109 127 104
0.486124 0.176365 0.737162 103 125 96
0.484288 0.176658 0.736781 107 129 100
0.482896 0.177825 0.736852 136 151 137
0.187320 0.233521 0.678686 179 192 189
0.185459 0.233818 0.678299 130 155 138
0.183564 0.233175 0.677546 94 119 102
0.181706 0.233472 0.677160 91 125 90
0.179818 0.232829 0.676408 89 123 88
0.177962 0.233125 0.676023 109 138 104
0.176131 0.234362 0.676002 164 193 159
0.487518 0.175647 0.739342 142 155 142
0.485682 0.175940 0.738961 156 172 151
0.484292 0.177106 0.739035 138 154 133
0.482454 0.177400 0.738653 118 131 118
0.481057 0.178567 0.738725 145 158 145
0.188816 0.234668 0.681637 179 192 187
0.186911 0.234028 0.680879 171 184 179
0.185011 0.233387 0.680123 99 126 104
0.183151 0.233684 0.679736 86 113 91
0.181290 0.233981 0.679349 86 123 82
0.179429 0.234278 0.678963 89 126 85
0.177569 0.234575 0.678576 150 177 148
0.487527 0.176094 0.741599 160 168 165
0.485688 0.176387 0.741217 159 172 155
0.483850 0.176681 0.740835 160 173 156
0.482012 0.176974 0.740454 133 146 131
0.480614 0.178141 0.740528 123 136 121
0.479211 0.179309 0.740601 151 162 160
0.188367 0.234236 0.683465 174 188 179
0.186501 0.234534 0.683078 130 144 135
0.184600 0.233894 0.682318 83 113 86
0.182703 0.233253 0.681559 87 117 90
0.180843 0.233551 0.681173 85 119 84
0.178982 0.233848 0.680786 110 144 109
0.177121 0.234145 0.680400 168 189 167
0.485246 0.175962 0.743018 145 154 145
0.483408 0.176255 0.742637 168 177 168
0.482012 0.177421 0.742714 153 168 152
0.480611 0.178588 0.742790 124 139 123
0.478768 0.178882 0.742407 134 148 139
0.477794 0.180923 0.742940 159 173 164
0.189784 0.233506 0.685681 181 192 190
0.187918 0.233804 0.685293 149 165 154
0.186053 0.234102 0.684906 105 121 110
0.184152 0.233463 0.684144 87 121 88
0.182288 0.233760 0.683756 91 125 92
0.180425 0.234058 0.683369 96 127 95
0.178590 0.235294 0.683356 148 179 147
0.483410 0.176701 0.744900 150 158 155
0.481570 0.176995 0.744517 169 182 167
0.480168 0.178161 0.744596 146 159 144
0.478761 0.179328 0.744674 118 133 119
0.477349 0.180495 0.744751 135 150 136
0.476364 0.182537 0.745286 159 170 168
0.189378 0.234010 0.687888 166 177 175
0.187509 0.234308 0.687500 116 138 122
0.185641 0.234607 0.687112 87 109 93
0.183738 0.233968 0.686346 84 118 83
0.181873 0.234266 0.685959 89 123 88
0.180007 0.234564 0.685571 123 150 121
0.178141 0.234862 0.685184 161 188 159
0.481568 0.177440 0.746785 154 167 152
0.479725 0.177734 0.746402 165 178 163
0.478317 0.178901 0.746482 135 150 132
0.477338 0.180940 0.747024 123 138 120
0.475918 0.182108 0.747102 151 164 159
0.474493 0.183277 0.747178 158 171 166
0.190796 0.233279 0.690106 177 190 187
0.188970 0.234513 0.690100 129 142 139
0.187099 0.234811 0.689711 85 110 89
0.185192 0.234174 0.688942 81 106 85
0.183324 0.234473 0.688554 90 121 87
0.181455 0.234771 0.688166 96 127 93
0.179587 0.235069 0.687778 154 175 153
0.481125 0.177014 0.748591 153 165 155
0.479719 0.178179 0.748674 171 183 173
0.477873 0.178473 0.748291 170 185 167
0.476893 0.180512 0.748837 129 144 126
0.475903 0.182551 0.749382 122 137 123
0.474047 0.182848 0.748996 145 160 146
0.192261 0.233482 0.692710 182 190 189
0.190391 0.233781 0.692321 146 160 151
0.188520 0.234079 0.691933 101 115 106
0.186649 0.234378 0.691544 86 115 85
0.184778 0.234677 0.691155 84 113 83
0.182908 0.234976 0.690767 99 128 94
0.181006 0.234338 0.689996 134 163 129
0.179138 0.234637 0.689608 168 183 167
0.479712 0.178622 0.750951 154 166 156
0.478299 0.179788 0.751035 174 189 171
0.476448 0.180083 0.750651 159 174 156
0.475457 0.182122 0.751200 118 131 114
0.473601 0.182418 0.750815 129 142 125
0.191857 0.233982 0.694930 174 182 181
0.189984 0.234281 0.694541 110 129 117
0.188110 0.234580 0.694152 91 110 98
0.186237 0.234879 0.693762 95 124 90
0.184364 0.235178 0.693373 99 128 94
0.182458 0.234543 0.692600 125 149 121
0.180587 0.234841 0.692211 165 189 161
0.477854 0.179359 0.752848 163 178 162
0.476434 0.180525 0.752934 173 188 172
0.475010 0.181692 0.753018 139 155 134
0.471723 0.183157 0.752716 148 160 150
0.470286 0.184325 0.752798 159 171 161
0.193279 0.233249 0.697155 175 186 184
0.191406 0.233548 0.696765 131 142 140
0.189533 0.233847 0.696376 82 107 86
0.187660 0.234147 0.695987 90 115 94
0.185787 0.234446 0.695598 94 123 89
0.183913 0.234745 0.695209 98 127 93
0.182008 0.234110 0.694433 150 171 149
0.476420 0.180966 0.755222 168 183 169
0.473134 0.182430 0.754922 121 136 118
0.471276 0.182727 0.754536 120 135 119
0.469839 0.183895 0.754621 153 168 152
0.194702 0.232517 0.699379 179 190 188
0.192829 0.232816 0.698990 142 157 152
0.190956 0.233115 0.698601 92 107 102
0.189082 0.233414 0.698212 85 115 88
0.187209 0.233713 0.697823 85 115 88
0.185336 0.234012 0.697433 100 129 97
0.183463 0.234311 0.697044 130 159 127
0.474545 0.181703 0.757129 172 187 169
0.472687 0.182000 0.756743 168 183 165
0.471252 0.183167 0.756830 116 134 113
0.469391 0.183464 0.756444 107 125 104
0.467530 0.183761 0.756057 144 160 149
0.466500 0.185802 0.756614 154 170 159
0.196125 0.231784 0.701604 180 193 190
0.194252 0.232083 0.701215 150 163 160
0.192378 0.232382 0.700825 87 112 95
0.190505 0.232681 0.700436 86 111 94
0.188632 0.232980 0.700047 82 113 79
0.186759 0.233279 0.699658 98 129 95
0.184885 0.233579 0.699269 115 144 114
0.183012 0.233878 0.698880 158 187 157
0.474526 0.182142 0.759427 156 173 157
0.472665 0.182439 0.759040 163 180 164
0.470804 0.182736 0.758654 115 138 115
0.468944 0.183033 0.758267 87 110 87
0.467083 0.183330 0.757880 98 120 102
0.466051 0.185370 0.758442 147 169 151
0.197548 0.231051 0.703828 181 192 190
0.195674 0.231350 0.703439 156 175 165
0.193801 0.231650 0.703050 96 115 105
0.191928 0.231949 0.702661 86 116 89
0.190055 0.232248 0.702272 93 123 96
0.188181 0.232547 0.701883 90 122 85
0.186308 0.232846 0.701493 101 133 96
0.184435 0.233145 0.701104 160 183 158
0.472641 0.182878 0.761342 137 154 140
0.470357 0.182306 0.760477 99 122 97
0.468496 0.182603 0.760090 94 117 92
0.467052 0.183770 0.760181 89 116 85
0.465189 0.184067 0.759794 100 127 96
0.463737 0.185236 0.759883 150 167 153
0.462280 0.186405 0.759971 152 169 155
0.198970 0.230319 0.706053 180 193 190
0.197097 0.230618 0.705664 167 180 177
0.195224 0.230917 0.705275 102 127 110
0.193351 0.231216 0.704885 85 110 93
0.191477 0.231515 0.704496 75 109 74
0.189604 0.231814 0.704107 91 125 90
0.187731 0.232113 0.703718 96 125 91
0.185858 0.232412 0.703329 148 177 143
0.183984 0.232711 0.702940 171 191 174
0.472617 0.183315 0.763649 161 176 171
0.470751 0.183613 0.763261 106 129 104
0.468885 0.183910 0.762874 95 118 93
0.467020 0.184208 0.762486 93 123 86
0.465154 0.184506 0.762098 89 119 82
0.463288 0.184804 0.761711 103 124 100
0.461831 0.185973 0.761801 148 169 145
0.459963 0.186271 0.761413 151 163 153
0.198520 0.229885 0.707888 173 188 183
0.196647 0.230184 0.707499 115 130 125
0.194773 0.230483 0.707110 84 112 87
0.192900 0.230782 0.706721 80 108 83
0.191027 0.231081 0.706332 82 114 77
0.189154 0.231381 0.705943 87 119 82
0.187280 0.231680 0.705553 139 163 133
0.185407 0.231979 0.705164 169 193 163
0.470723 0.184049 0.765572 162 179 163
0.468437 0.183479 0.764702 119 136 120
0.466571 0.183777 0.764314 95 122 89
0.464705 0.184074 0.763927 99 126 93
0.462839 0.184372 0.763539 86 114 78
0.460974 0.184670 0.763151 96 124 88
0.459513 0.185839 0.763244 147 162 146
0.457645 0.186137 0.762856 152 167 151
0.199943 0.229152 0.710113 175 186 186
0.198069 0.229452 0.709724 117 138 127
0.196196 0.229751 0.709335 88 109 98
0.194323 0.230050 0.708946 91 122 92
0.192450 0.230349 0.708556 96 127 97
0.190576 0.230648 0.708167 91 120 86
0.188703 0.230947 0.707778 129 158 124
0.186830 0.231246 0.707389 173 191 170
0.468405 0.183915 0.767015 162 174 164
0.466122 0.183345 0.766142 113 137 109
0.464257 0.183643 0.765755 97 121 93
0.462391 0.183940 0.765367 95 125 86
0.460525 0.184238 0.764979 93 123 84
0.458659 0.184536 0.764592 97 121 93
0.456794 0.184834 0.764204 137 161 133
0.455328 0.186003 0.764298 154 167 152
0.453459 0.186301 0.763910 150 163 148
0.201365 0.228420 0.712337 175 190 187
0.199492 0.228719 0.711948 120 135 132
0.197619 0.229018 0.711559 81 108 88
0.195746 0.229317 0.711170 89 116 96
0.193872 0.229616 0.710781 91 122 90
0.191999 0.229915 0.710392 89 120 88
0.190126 0.230214 0.710003 122 149 120
0.188253 0.230513 0.709614 167 194 165
0.466088 0.183781 0.768457 163 181 160
0.463808 0.183211 0.767583 114 132 111
0.461942 0.183509 0.767195 94 124 87
0.460076 0.183807 0.766808 94 124 87
0.458211 0.184104 0.766420 83 115 78
0.456345 0.184402 0.766032 85 117 80
0.454479 0.184700 0.765645 135 155 136
0.453010 0.185869 0.765741 148 168 149
0.451142 0.186167 0.765352 146 161 147
0.204724 0.228312 0.715365 180 191 189
0.202848 0.228612 0.714976 179 190 188
0.200972 0.228911 0.714586 117 138 127
0.199042 0.228285 0.713784 83 104 93
0.197168 0.228584 0.713395 82 112 85
0.195295 0.228883 0.713006 84 114 87
0.193422 0.229183 0.712616 85 116 84
0.191549 0.229482 0.712227 114 145 113
0.189675 0.229781 0.711838 167 188 166
0.463770 0.183647 0.769900 165 178 165
0.461493 0.183077 0.769023 110 137 106
0.459628 0.183375 0.768636 97 124 93
0.457762 0.183673 0.768248 92 124 85
0.455896 0.183970 0.767860 80 112 73
0.454031 0.184268 0.767473 87 116 82
0.452165 0.184566 0.767085 124 153 119
0.450692 0.185735 0.767183 148 165 149
0.448824 0.186033 0.766795 143 160 144
0.206148 0.227578 0.717593 182 192 195
0.204273 0.227878 0.717203 172 187 182
0.202397 0.228177 0.716814 122 137 132
0.200521 0.228477 0.716424 80 107 85
0.198645 0.228776 0.716034 86 113 91
0.196718 0.228151 0.715230 85 116 82
0.194845 0.228450 0.714841 79 110 76
0.192971 0.228749 0.714452 108 135 106
0.191098 0.229048 0.714063 161 188 159
0.461453 0.183513 0.771342 167 187 168
0.459584 0.183811 0.770954 120 140 121
0.457716 0.184109 0.770566 93 123 86
0.455848 0.184407 0.770178 96 126 89
0.453582 0.183836 0.769301 86 119 77
0.451716 0.184134 0.768913 85 118 76
0.450243 0.185302 0.769014 113 140 111
0.448375 0.185601 0.768625 139 166 137
0.446507 0.185899 0.768237 144 160 149
0.207639 0.227767 0.720240 182 193 193
0.205761 0.228067 0.719850 171 182 182
0.203883 0.228367 0.719460 113 132 120
0.201946 0.227743 0.718651 83 102 90
0.200070 0.228043 0.718262 85 116 84
0.198194 0.228342 0.717872 91 122 90
0.196267 0.227717 0.717066 91 121 84
0.194394 0.228016 0.716676 105 135 98
0.192521 0.228315 0.716287 161 182 160
0.459540 0.184246 0.773277 177 191 182
0.457669 0.184544 0.772889 127 153 127
0.455399 0.183975 0.772008 95 121 95
0.453530 0.184273 0.771620 96 128 89
0.451662 0.184572 0.771232 92 124 85
0.449402 0.184000 0.770354 82 114 75
0.447536 0.184298 0.769966 101 133 94
0.446057 0.185466 0.770068 136 161 140
0.444189 0.185765 0.769680 138 163 142
0.442703 0.186934 0.769780 141 156 151
0.209134 0.227953 0.722894 183 194 194
0.207188 0.227332 0.722081 167 180 179
0.205309 0.227632 0.721691 111 124 123
0.203431 0.227932 0.721300 81 106 87
0.201553 0.228232 0.720910 83 108 89
0.199619 0.227609 0.720100 85 117 80
0.197743 0.227908 0.719710 87 119 82
0.195867 0.228208 0.719320 99 128 94
0.193992 0.228507 0.718931 149 178 144
0.455747 0.185278 0.774827 135 155 140
0.453874 0.185577 0.774438 102 131 97
0.451607 0.185008 0.773556 96 125 91
0.449736 0.185306 0.773167 88 126 82
0.447476 0.184736 0.772287 79 117 73
0.445608 0.185034 0.771898 87 118 86
0.444124 0.186202 0.772001 119 150 118
0.441872 0.185631 0.771122 140 159 147
0.440382 0.186800 0.771224 139 158 146
0.210633 0.228138 0.725553 185 196 196
0.208682 0.227518 0.724737 168 179 179
0.206801 0.227818 0.724346 98 116 110
0.204920 0.228119 0.723955 84 102 96
0.202979 0.227497 0.723141 87 116 86
0.201101 0.227797 0.722751 88 117 87
0.199223 0.228097 0.722360 87 119 82
0.197292 0.227474 0.721548 100 132 95
0.195416 0.227773 0.721158 153 177 149
0.453424 0.185143 0.776274 147 170 147
0.451550 0.185442 0.775885 103 126 103
0.449677 0.185741 0.775495 89 124 86
0.447415 0.185172 0.774612 90 125 87
0.445545 0.185471 0.774223 79 116 75
0.443674 0.185769 0.773834 79 116 75
0.441803 0.186068 0.773446 107 134 112
0.440311 0.187237 0.773550 133 160 138
0.438438 0.187536 0.773161 140 156 147
0.212135 0.228320 0.728219 183 191 192
0.210249 0.228621 0.727827 160 173 172
0.208297 0.228003 0.727007 97 110 109
0.206413 0.228303 0.726616 87 112 91
0.204530 0.228604 0.726225 87 112 91
0.202587 0.227984 0.725407 89 120 88
0.200706 0.228284 0.725017 90 121 89
0.198771 0.227662 0.724201 100 129 97
0.196893 0.227962 0.723811 151 180 148
0.451493 0.185876 0.778218 163 179 168
0.449227 0.185308 0.777331 123 150 119
0.447353 0.185607 0.776942 95 122 91
0.445480 0.185906 0.776553 93 130 89
0.443607 0.186205 0.776163 86 123 82
0.441734 0.186504 0.775774 83 118 80
0.439860 0.186803 0.775385 90 125 87
0.437987 0.187102 0.774996 121 146 127
0.436114 0.187401 0.774607 137 162 143
0.434611 0.188571 0.774711 140 155 150
0.213715 0.229419 0.731322 179 190 190
0.211753 0.228802 0.730498 139 150 150
0.209865 0.229104 0.730106 87 108 97
0.207977 0.229405 0.729713 87 108 97
0.206024 0.228787 0.728891 88 117 87
0.204139 0.229088 0.728500 86 115 85
0.202194 0.228469 0.727679 87 116 86
0.200254 0.227849 0.726860 109 138 108
0.198373 0.228149 0.726469 162 182 163
0.446903 0.185173 0.778777 141 158 140
0.445030 0.185472 0.778388 101 131 92
0.443156 0.185771 0.777999 99 129 90
0.441283 0.186071 0.777610 92 125 83
0.439410 0.186370 0.777221 86 119 77
0.437537 0.186669 0.776832 86 117 83
0.435663 0.186968 0.776442 104 135 101
0.434160 0.188137 0.776549 125 147 131
0.432284 0.188437 0.776159 132 154 138
0.217199 0.230211 0.734831 182 193 193
0.215227 0.229597 0.734002 168 179 179
0.213334 0.229899 0.733609 123 138 133
0.211441 0.230201 0.733216 90 105 100
0.209547 0.230504 0.732822 88 116 91
0.207522 0.228968 0.731564 86 114 89
0.205634 0.229270 0.731171 80 111 79
0.203746 0.229571 0.730779 87 118 86
0.201799 0.228953 0.729955 124 147 122
0.199858 0.228334 0.729133 165 188 163
0.444963 0.185906 0.780725 152 174 147
0.443088 0.186206 0.780335 111 133 106
0.440833 0.185637 0.779445 99 128 87
0.438959 0.185936 0.779056 94 123 82
0.437086 0.186235 0.778667 92 123 79
0.435584 0.187403 0.778777 88 119 75
0.433709 0.187703 0.778387 93 122 90
0.431833 0.188002 0.777997 113 142 110
0.430321 0.189172 0.778105 134 150 139
0.428443 0.189472 0.777715 137 153 142
0.218719 0.230385 0.737521 181 192 192
0.216821 0.230689 0.737127 152 167 164
0.214923 0.230992 0.736732 108 123 120
0.212952 0.230378 0.735901 88 110 92
0.211056 0.230680 0.735507 92 114 96
0.209160 0.230983 0.735113 86 117 83
0.207264 0.231286 0.734720 91 122 88
0.205305 0.230670 0.733891 93 120 89
0.203352 0.230053 0.733063 127 154 123
0.201403 0.229436 0.732237 170 187 171
0.443017 0.186638 0.782677 171 184 169
0.441139 0.186938 0.782287 131 153 122
0.439261 0.187238 0.781896 112 134 103
0.437383 0.187538 0.781506 96 127 83
0.435133 0.186969 0.780615 93 124 80
0.433626 0.188138 0.780726 85 118 76
0.431748 0.188438 0.780336 83 116 74
0.429870 0.188738 0.779945 99 125 101
0.427991 0.189038 0.779555 121 147 123
0.426113 0.189337 0.779165 135 151 142
0.424235 0.189637 0.778775 139 155 146
0.222144 0.230254 0.740612 180 191 191
0.220243 0.230558 0.740217 170 183 182
0.218342 0.230861 0.739822 129 142 141
0.216442 0.231165 0.739427 94 115 102
0.214541 0.231468 0.739032 88 109 96
0.212568 0.230855 0.738198 90 117 86
0.210669 0.231158 0.737803 93 120 89
0.208771 0.231462 0.737409 89 120 86
0.206873 0.231765 0.737015 99 130 96
0.204912 0.231150 0.736183 131 154 129
0.439185 0.187671 0.784242 159 174 156
0.437304 0.187971 0.783851 119 143 111
0.435053 0.187403 0.782956 103 127 95
0.433174 0.187703 0.782566 92 122 83
0.431296 0.188003 0.782176 91 121 82
0.429418 0.188303 0.781786 89 121 84
0.427540 0.188603 0.781396 87 119 82
0.425661 0.188903 0.781005 104 127 104
0.424138 0.190073 0.781116 124 147 124
0.422258 0.190373 0.780725 135 151 140
0.223675 0.230424 0.743314 173 186 185
0.221771 0.230728 0.742918 147 160 159
0.219868 0.231032 0.742523 110 128 122
0.217964 0.231336 0.742128 91 109 103
0.216061 0.231640 0.741732 91 119 92
0.214158 0.231944 0.741337 91 119 92
0.212254 0.232248 0.740941 93 125 88
0.210282 0.231635 0.740105 92 124 87
0.208381 0.231939 0.739710 99 128 96
0.206416 0.231325 0.738875 136 165 133
0.435340 0.188704 0.785809 148 165 147
0.433457 0.189004 0.785418 112 136 104
0.431574 0.189305 0.785027 105 129 97
0.429328 0.188737 0.784131 92 122 83
0.427448 0.189037 0.783740 91 121 82
0.425567 0.189337 0.783349 88 117 83
0.423686 0.189638 0.782959 91 120 86
0.421805 0.189938 0.782568 110 132 112
0.420274 0.191109 0.782679 118 140 120
0.418391 0.191410 0.782288 137 151 142
0.225120 0.229680 0.745574 166 177 177
0.223217 0.229984 0.745179 125 140 137
0.221313 0.230288 0.744783 94 109 106
0.219410 0.230591 0.744388 88 115 95
0.217585 0.231809 0.744438 87 114 94
0.215679 0.232114 0.744042 82 116 81
0.213700 0.231503 0.743202 88 122 87
0.211796 0.231807 0.742806 95 124 90
0.209893 0.232111 0.742411 107 136 102
0.207990 0.232415 0.742016 160 181 157
0.433738 0.190303 0.788280 167 183 162
0.431485 0.189737 0.787380 127 143 122
0.429238 0.189170 0.786481 103 127 95
0.427354 0.189470 0.786090 97 121 89
0.425114 0.188902 0.785192 95 123 87
0.423234 0.189202 0.784802 89 117 81
0.421353 0.189503 0.784411 83 110 77
0.419821 0.190673 0.784525 96 123 90
0.417938 0.190974 0.784133 115 137 119
0.416743 0.193016 0.784749 122 144 126
0.415196 0.194189 0.784860 132 150 146
0.413644 0.195363 0.784970 135 153 149
0.228469 0.228631 0.748230 171 184 183
0.226566 0.228935 0.747835 140 155 154
0.224662 0.229239 0.747439 106 121 120
0.222844 0.230455 0.747494 89 110 97
0.220939 0.230760 0.747098 90 111 98
0.219033 0.231064 0.746702 86 117 85
0.217127 0.231368 0.746306 84 115 83
0.215221 0.231673 0.745910 89 121 84
0.213315 0.231977 0.745514 96 128 91
0.211409 0.232281 0.745118 133 157 127
0.209435 0.231670 0.744276 166 190 160
0.429507 0.190469 0.789345 159 177 154
0.427260 0.189902 0.788444 122 140 117
0.425018 0.189335 0.787544 103 128 93
0.423135 0.189636 0.787152 96 121 86
0.421252 0.189937 0.786761 90 119 78
0.419368 0.190237 0.786370 86 115 74
0.417831 0.191408 0.786485 87 117 80
0.416289 0.192579 0.786599 92 122 85
0.414741 0.193752 0.786713 107 132 115
0.413189 0.194925 0.786825 118 143 126
0.411631 0.196099 0.786936 127 147 142
0.410069 0.197273 0.787046 133 153 148
0.408171 0.197576 0.786651 146 163 164
0.231818 0.227583 0.750886 175 186 186
0.229915 0.227887 0.750490 154 169 168
0.228104 0.229101 0.750549 114 129 128
0.226198 0.229406 0.750153 97 116 104
0.224292 0.229710 0.749757 93 112 100
0.222386 0.230014 0.749361 90 117 88
0.220480 0.230319 0.748965 88 115 86
0.218574 0.230623 0.748569 81 111 74
0.216668 0.230927 0.748173 88 118 81
0.214762 0.231231 0.747777 108 135 102
0.212857 0.231536 0.747381 136 163 130
0.425276 0.190635 0.790411 149 171 144
0.423388 0.190936 0.790019 119 141 114
0.421149 0.190369 0.789117 104 130 90
0.419263 0.190670 0.788725 98 124 84
0.417723 0.191841 0.788842 90 119 76
0.415834 0.192142 0.788450 89 118 75
0.413946 0.192444 0.788057 85 115 78
0.412396 0.193616 0.788172 91 121 84
0.410840 0.194789 0.788287 102 127 108
0.409280 0.195962 0.788400 111 136 117
0.407384 0.196265 0.788006 127 145 141
0.405488 0.196568 0.787612 134 152 148
0.403917 0.197743 0.787723 148 162 164
0.235167 0.226535 0.753542 174 185 185
0.233363 0.227747 0.753604 153 166 165
0.231457 0.228052 0.753208 118 131 130
0.229551 0.228356 0.752812 98 117 107
0.227737 0.229570 0.752872 97 116 106
0.225829 0.229875 0.752476 85 112 83
0.223920 0.230179 0.752079 92 119 90
0.222012 0.230484 0.751683 92 120 82
0.220103 0.230789 0.751287 86 114 76
0.218195 0.231094 0.750890 99 124 87
0.216287 0.231398 0.750494 130 155 118
0.421045 0.190801 0.791477 142 164 135
0.419157 0.191102 0.791084 117 139 110
0.417269 0.191404 0.790692 96 125 84
0.415380 0.191705 0.790300 96 125 84
0.413832 0.192876 0.790418 84 117 73
0.411941 0.193178 0.790025 83 116 72
0.410385 0.194351 0.790142 84 116 79
0.408824 0.195524 0.790257 84 116 79
0.406928 0.195826 0.789863 96 121 104
0.405032 0.196129 0.789469 109 134 117
0.403461 0.197304 0.789583 124 142 140
0.401562 0.197607 0.789189 135 153 151
0.399664 0.197910 0.788794 151 163 165
0.238516 0.225486 0.756197 173 183 186
0.236716 0.226698 0.756263 151 164 163
0.234811 0.227002 0.755867 121 134 133
0.233003 0.228214 0.755932 96 115 105
0.231095 0.228519 0.755535 90 109 99
0.229187 0.228824 0.755139 91 114 89
0.227369 0.230038 0.755201 90 113 88
0.225458 0.230343 0.754804 86 116 79
0.223547 0.230648 0.754407 92 122 85
0.221553 0.230042 0.753553 103 131 93
0.219645 0.230347 0.753157 106 134 96
0.217736 0.230652 0.752760 156 173 145
0.417503 0.192703 0.793570 148 167 139
0.415609 0.193005 0.793177 116 135 107
0.413716 0.193308 0.792783 96 125 84
0.411823 0.193610 0.792390 96 125 84
0.410263 0.194782 0.792509 82 118 73
0.408368 0.195085 0.792115 83 119 74
0.406472 0.195388 0.791721 80 115 77
0.404576 0.195690 0.791327 82 117 79
0.403004 0.196864 0.791443 89 116 96
0.401106 0.197167 0.791049 100 127 107
0.399207 0.197471 0.790654 119 137 131
0.397626 0.198646 0.790768 133 151 145
0.396039 0.199823 0.790881 150 161 159
0.241976 0.225344 0.759318 171 181 184
0.240070 0.225648 0.758923 146 158 160
0.238270 0.226858 0.758991 122 134 136
0.236361 0.227163 0.758594 97 117 110
0.234453 0.227468 0.758198 94 114 107
0.232642 0.228680 0.758264 88 115 93
0.230732 0.228985 0.757867 89 116 94
0.228821 0.229290 0.757470 86 117 83
0.226910 0.229595 0.757073 82 113 79
0.224999 0.229900 0.756676 92 119 86
0.223088 0.230206 0.756279 99 126 93
0.221177 0.230511 0.755883 133 155 126
0.219186 0.229905 0.755026 160 182 153
0.413599 0.193738 0.795154 144 163 135
0.412039 0.194910 0.795275 118 137 109
0.410141 0.195213 0.794880 97 130 88
0.408243 0.195516 0.794486 92 125 83
0.406344 0.195819 0.794092 83 119 74
0.404446 0.196122 0.793697 83 119 74
0.402548 0.196425 0.793303 83 118 80
0.400649 0.196728 0.792909 78 113 75
0.399069 0.197903 0.793025 86 113 91
0.397168 0.198206 0.792631 94 121 99
0.395581 0.199382 0.792746 112 131 121
0.393678 0.199686 0.792350 125 144 134
0.391774 0.199990 0.791955 144 155 153
0.389871 0.200294 0.791559 154 165 163
0.245559 0.226102 0.762915 157 170 169
0.243648 0.226407 0.762518 142 155 154
0.241737 0.226712 0.762121 121 134 133
0.239826 0.227017 0.761725 99 119 112
0.237916 0.227323 0.761328 91 111 104
0.236005 0.227628 0.760931 85 114 94
0.234094 0.227933 0.760534 85 114 94
0.232183 0.228238 0.760137 82 116 83
0.230272 0.228543 0.759740 85 119 86
0.228361 0.228848 0.759343 92 123 89
0.226450 0.229153 0.758946 100 131 97
0.224539 0.229458 0.758549 120 144 114
0.222628 0.229763 0.758152 153 177 147
0.410017 0.195642 0.797257 155 177 148
0.408117 0.195945 0.796862 123 145 116
0.405888 0.195379 0.795952 100 131 89
0.404315 0.196552 0.796073 93 124 82
0.402414 0.196856 0.795678 89 124 84
0.400833 0.198030 0.795797 85 120 80
0.398930 0.198334 0.795401 82 117 79
0.397027 0.198638 0.795006 82 117 79
0.395123 0.198942 0.794611 83 114 84
0.393220 0.199246 0.794215 83 114 84
0.391317 0.199549 0.793820 97 119 103
0.389413 0.199853 0.793424 116 138 122
0.387510 0.200157 0.793029 134 149 144
0.385606 0.200461 0.792634 147 162 157
0.250954 0.225647 0.766452 159 171 173
0.249041 0.225952 0.766054 141 153 155
0.247128 0.226258 0.765657 121 136 133
0.245214 0.226563 0.765259 109 124 121
0.243189 0.225965 0.764391 96 115 103
0.241278 0.226270 0.763994 93 112 100
0.239367 0.226575 0.763597 86 116 91
0.237456 0.226880 0.763200 79 109 84
0.235545 0.227185 0.762803 77 111 78
0.233634 0.227490 0.762406 77 111 78
0.231723 0.227796 0.762009 90 121 89
0.229812 0.228101 0.761612 94 125 93
0.227901 0.228406 0.761215 118 142 114
0.225991 0.228711 0.760818 151 175 147
0.224080 0.229016 0.760421 172 186 166
0.406086 0.196678 0.798848 156 180 150
0.404182 0.196982 0.798453 125 149 119
0.402279 0.197286 0.798057 105 135 98
0.400376 0.197589 0.797662 96 126 89
0.398472 0.197893 0.797266 91 124 82
0.396569 0.198197 0.796871 87 120 78
0.394978 0.199372 0.796991 78 114 71
0.392762 0.198805 0.796080 82 118 75
0.391166 0.199981 0.796199 80 111 77
0.389260 0.200285 0.795803 80 111 77
0.387354 0.200590 0.795407 89 114 95
0.385448 0.200894 0.795011 102 127 108
0.383245 0.200325 0.794103 118 136 130
0.381342 0.200628 0.793708 139 157 151
0.379438 0.200932 0.793312 155 166 164
0.377535 0.201236 0.792917 160 171 169
0.254574 0.226395 0.770074 154 167 166
0.252655 0.226701 0.769676 137 150 149
0.250616 0.226106 0.768802 119 134 131
0.248700 0.226412 0.768404 108 123 120
0.246784 0.226718 0.768006 97 119 101
0.244754 0.226121 0.767134 91 113 95
0.242840 0.226426 0.766736 88 115 84
0.240927 0.226732 0.766339 83 110 79
0.239014 0.227037 0.765942 77 109 70
0.237100 0.227343 0.765544 78 110 71
0.235187 0.227648 0.765146 86 117 83
0.233273 0.227954 0.764749 93 124 90
0.231360 0.228259 0.764351 119 143 115
0.229447 0.228565 0.763954 146 170 142
0.400237 0.198018 0.800046 141 162 140
0.398648 0.199193 0.800168 111 138 105
0.396425 0.198627 0.799254 102 129 96
0.394831 0.199802 0.799376 96 129 87
0.392923 0.200107 0.798979 86 119 77
0.391014 0.200411 0.798583 86 119 77
0.389106 0.200716 0.798186 84 117 75
0.387197 0.201021 0.797790 83 115 78
0.384990 0.200453 0.796878 82 114 77
0.383084 0.200757 0.796483 85 112 90
0.380884 0.200188 0.795573 89 116 94
0.378981 0.200492 0.795177 109 128 118
0.377077 0.200796 0.794782 123 142 132
0.375174 0.201100 0.794387 144 157 154
0.373271 0.201403 0.793991 149 162 159
0.371367 0.201707 0.793596 159 172 169
0.260134 0.226830 0.774110 152 166 168
0.258342 0.228037 0.774191 139 152 149
0.256287 0.227445 0.773311 123 136 133
0.254364 0.227752 0.772912 111 127 118
0.252317 0.227158 0.772034 108 124 115
0.250396 0.227465 0.771635 97 119 101
0.248357 0.226870 0.770758 87 109 91
0.246439 0.227176 0.770360 87 114 81
0.244407 0.226580 0.769485 87 114 81
0.242491 0.226886 0.769087 83 112 71
0.240575 0.227192 0.768689 85 114 73
0.238659 0.227498 0.768291 91 121 82
0.236640 0.226900 0.767419 98 128 89
0.234727 0.227205 0.767021 124 148 118
0.232813 0.227511 0.766624 146 170 140
0.396594 0.199925 0.802162 151 168 150
0.394683 0.200230 0.801765 124 148 120
0.392772 0.200536 0.801368 104 128 100
0.390861 0.200841 0.800971 96 126 89
0.388950 0.201146 0.800574 91 121 84
0.387039 0.201451 0.800177 86 119 77
0.384830 0.200884 0.799263 84 117 75
0.382922 0.201188 0.798867 82 114 77
0.380720 0.200620 0.797954 82 114 77
0.378814 0.200925 0.797558 85 111 85
0.376908 0.201229 0.797162 82 108 82
0.375002 0.201533 0.796766 92 114 98
0.373096 0.201837 0.796370 99 121 105
0.371190 0.202142 0.795974 116 132 123
0.369284 0.202446 0.795578 128 144 135
0.367378 0.202750 0.795183 137 152 147
0.365746 0.203931 0.795299 149 164 159
0.363838 0.204235 0.794902 158 173 170
0.265723 0.227259 0.778163 151 164 163
0.263794 0.227567 0.777762 135 148 147
0.262001 0.228773 0.777845 120 135 132
0.259937 0.228182 0.776961 112 127 124
0.258009 0.228490 0.776560 103 122 110
0.256080 0.228798 0.776160 98 117 105
0.254027 0.228206 0.775278 91 114 91
0.251978 0.227614 0.774397 87 110 87
0.250054 0.227921 0.773997 79 108 76
0.248013 0.227327 0.773118 84 113 81
0.246092 0.227633 0.772719 88 118 79
0.244059 0.227038 0.771841 89 119 80
0.242140 0.227345 0.771442 97 125 87
0.240222 0.227651 0.771044 101 129 91
0.238198 0.227054 0.770168 127 151 119
0.236282 0.227360 0.769770 151 175 143
0.390402 0.200398 0.802844 146 167 143
0.388491 0.200703 0.802447 117 138 114
0.386580 0.201008 0.802050 106 133 100
0.384669 0.201314 0.801653 95 122 89
0.382463 0.200747 0.800737 92 122 83
0.380554 0.201051 0.800340 87 117 78
0.378355 0.200483 0.799426 84 117 75
0.376450 0.200788 0.799030 84 117 75
0.374544 0.201092 0.798634 84 115 81
0.372638 0.201396 0.798238 82 113 79
0.370732 0.201701 0.797842 84 112 85
0.368826 0.202005 0.797446 82 110 83
0.367195 0.203184 0.797565 90 112 92
0.365287 0.203489 0.797169 98 120 100
0.363379 0.203794 0.796772 109 128 116
0.361738 0.204975 0.796889 119 138 126
0.359827 0.205280 0.796492 134 150 141
0.357916 0.205585 0.796095 147 163 154
0.356005 0.205890 0.795698 155 170 165
0.354094 0.206195 0.795301 154 169 164
0.272823 0.224686 0.781166 149 162 159
0.269116 0.226197 0.780853 127 142 137
0.265398 0.227709 0.780539 108 128 121
0.263467 0.228018 0.780138 103 123 116
0.261536 0.228326 0.779737 94 119 102
0.259605 0.228634 0.779336 87 112 95
0.257674 0.228942 0.778934 85 113 88
0.255743 0.229251 0.778533 79 107 82
0.253812 0.229559 0.778132 79 108 74
0.251637 0.228068 0.776765 82 111 77
0.249592 0.227476 0.775882 91 121 84
0.247668 0.227783 0.775482 89 119 82
0.245630 0.227189 0.774601 99 124 89
0.243709 0.227496 0.774202 111 136 101
0.241788 0.227802 0.773803 133 155 128
0.239760 0.227207 0.772924 157 179 152
0.384209 0.200871 0.803525 144 159 141
0.382298 0.201176 0.803128 123 147 117
0.380095 0.200610 0.802210 105 129 99
0.378187 0.200914 0.801814 95 125 86
0.376278 0.201219 0.801417 92 122 83
0.374370 0.201524 0.801021 91 124 82
0.372462 0.201828 0.800624 89 122 80
0.370553 0.202133 0.800228 85 118 76
0.368645 0.202438 0.799831 84 117 75
0.366736 0.202743 0.799435 83 115 78
0.365100 0.203922 0.799556 84 116 79
0.363189 0.204227 0.799159 82 111 79
0.361278 0.204532 0.798762 82 111 79
0.359367 0.204838 0.798365 87 112 91
0.357456 0.205143 0.797968 89 114 93
0.355546 0.205448 0.797571 97 118 105
0.353635 0.205753 0.797174 111 132 119
0.351469 0.205180 0.796263 120 138 132
0.349561 0.205485 0.795867 132 150 144
0.347652 0.205790 0.795470 140 158 154
0.345744 0.206094 0.795074 143 161 157
0.343591 0.205519 0.794166 148 166 162
0.341927 0.206704 0.794281 153 171 167
0.287260 0.219105 0.784767 117 134 135
0.285342 0.219412 0.784368 157 174 175
0.283587 0.220610 0.784464 153 171 169
0.281828 0.221810 0.784559 148 166 164
0.279905 0.222117 0.784160 142 157 154
0.276212 0.223625 0.783853 130 145 140
0.274286 0.223932 0.783453 120 135 130
0.272509 0.225134 0.783544 106 127 116
0.270581 0.225442 0.783144 98 119 108
0.268796 0.226646 0.783233 93 118 99
0.266865 0.226954 0.782832 86 111 92
0.264934 0.227262 0.782431 85 114 92
0.263003 0.227571 0.782030 82 111 89
0.261072 0.227879 0.781629 80 110 83
0.259141 0.228187 0.781228 77 107 80
0.257210 0.228495 0.780827 83 114 82
0.255279 0.228804 0.780425 82 113 81
0.253348 0.229112 0.780024 93 122 88
0.251296 0.228521 0.779137 102 131 97
0.249248 0.227930 0.778252 111 138 105
0.247206 0.227337 0.777367 123 150 117
0.245282 0.227645 0.776967 157 174 148
0.243359 0.227952 0.776568 172 189 163
0.377728 0.200473 0.803684 150 169 141
0.375819 0.200777 0.803287 128 147 119
0.373911 0.201082 0.802891 106 131 96
0.372284 0.202260 0.803016 103 128 93
0.370373 0.202565 0.802619 92 123 81
0.368462 0.202870 0.802222 88 119 77
0.366551 0.203175 0.801825 85 116 72
0.364641 0.203480 0.801428 84 115 71
0.362730 0.203785 0.801031 84 115 71
0.360819 0.204090 0.800634 86 117 73
0.358908 0.204395 0.800237 85 118 76
0.356997 0.204700 0.799840 83 116 74
0.355086 0.205005 0.799443 83 114 80
0.353175 0.205311 0.799046 82 113 79
0.351264 0.205616 0.798649 84 112 87
0.349353 0.205921 0.798252 87 115 90
0.347442 0.206226 0.797855 93 120 102
0.345285 0.205652 0.796944 95 122 104
0.343377 0.205957 0.796548 100 126 111
0.341468 0.206262 0.796151 106 132 117
0.339321 0.205687 0.795242 116 140 126
0.337415 0.205991 0.794846 124 148 134
0.335743 0.207176 0.794962 134 153 143
0.333835 0.207481 0.794565 140 159 149
0.331926 0.207785 0.794169 146 164 158
0.330018 0.208090 0.793772 146 164 158
0.328333 0.209277 0.793885 152 170 164
0.326422 0.209582 0.793489 153 171 165
0.324511 0.209887 0.793092 157 172 169
0.300042 0.215629 0.788934 152 167 164
0.298126 0.215935 0.788536 148 163 160
0.296210 0.216241 0.788138 150 165 162
0.294294 0.216547 0.787740 147 162 159
0.292378 0.216853 0.787342 143 158 155
0.290462 0.217159 0.786944 143 158 155
0.288546 0.217465 0.786546 128 143 140
0.286799 0.218661 0.786646 98 116 112
0.285046 0.219859 0.786745 131 149 145
0.281366 0.221364 0.786444 112 132 125
0.277675 0.222871 0.786140 98 119 106
0.275902 0.224072 0.786235 95 120 103
0.273974 0.224380 0.785834 88 113 96
0.272194 0.225582 0.785928 82 112 85
0.270263 0.225890 0.785527 84 114 87
0.268332 0.226199 0.785125 81 115 82
0.266401 0.226507 0.784724 74 108 75
0.264470 0.226815 0.784323 74 108 73
0.262539 0.227124 0.783922 76 110 75
0.260608 0.227432 0.783521 84 113 79
0.258677 0.227740 0.783120 86 115 81
0.256746 0.228049 0.782719 93 120 87
0.254941 0.229254 0.782807 106 133 100
0.252884 0.228665 0.781916 123 147 119
0.250953 0.228973 0.781515 140 164 136
0.248903 0.228383 0.780626 168 184 163
0.371825 0.201817 0.804888 161 179 158
0.369914 0.202122 0.804491 137 159 128
0.368003 0.202427 0.804094 118 140 109
0.366092 0.202733 0.803697 104 129 92
0.364181 0.203038 0.803300 98 123 86
0.362270 0.203343 0.802903 94 120 76
0.360359 0.203648 0.802506 91 117 73
0.358712 0.204828 0.802630 87 118 72
0.356798 0.205133 0.802232 87 118 72
0.354626 0.204563 0.801315 85 116 70
0.352715 0.204868 0.800918 87 118 72
0.350805 0.205173 0.800521 86 117 73
0.348894 0.205478 0.800125 85 116 72
0.346983 0.205783 0.799728 78 111 69
0.345072 0.206089 0.799331 75 108 66
0.342918 0.205516 0.798417 77 109 72
0.341009 0.205820 0.798021 77 109 72
0.339101 0.206125 0.797625 77 108 76
0.337192 0.206430 0.797228 80 111 79
0.335284 0.206734 0.796832 85 111 87
0.333376 0.207039 0.796435 90 116 92
0.331467 0.207344 0.796039 95 120 99
0.329785 0.208529 0.796155 100 125 104
0.327874 0.208834 0.795758 101 123 105
0.325963 0.209140 0.795361 103 125 107
0.324052 0.209445 0.794964 109 131 115
0.322141 0.209750 0.794567 113 135 119
0.320443 0.210938 0.794680 115 136 125
0.318530 0.211243 0.794282 117 138 127
0.316616 0.211549 0.793885 123 144 133
0.314703 0.211854 0.793487 126 147 136
0.312993 0.213045 0.793598 125 143 137
0.311077 0.213350 0.793200 123 141 135
0.309161 0.213656 0.792802 119 140 129
0.307245 0.213962 0.792404 122 143 132
0.305329 0.214268 0.792006 122 143 130
0.303413 0.214574 0.791608 117 138 125
0.301497 0.214880 0.791210 117 138 125
0.299581 0.215186 0.790812 116 137 124
0.297665 0.215492 0.790414 116 137 124
0.295749 0.215798 0.790016 115 136 123
0.293833 0.216104 0.789618 109 131 115
0.291917 0.216409 0.789220 109 131 115
0.290001 0.216715 0.788822 105 127 111
0.288256 0.217911 0.788925 90 112 96
0.286505 0.219108 0.789027 87 109 93
0.284584 0.219414 0.788628 98 120 104
0.281063 0.221811 0.788828 91 114 91
0.279295 0.223010 0.788926 88 115 86
0.277367 0.223318 0.788525 85 112 83
0.275438 0.223626 0.788125 80 109 77
0.273660 0.224827 0.788221 82 111 79
0.271729 0.225135 0.787820 78 108 69
0.269798 0.225443 0.787419 87 117 78
0.268010 0.226646 0.787513 89 121 84
0.266077 0.226955 0.787111 89 121 84
0.264143 0.227263 0.786709 89 121 84
0.262210 0.227572 0.786308 99 131 94
0.260276 0.227881 0.785906 112 136 106
0.258343 0.228190 0.785504 122 146 116
0.256281 0.227602 0.784611 145 167 140
0.363992 0.203469 0.805697 170 186 165
0.362078 0.203774 0.805300 149 171 142
0.360165 0.204080 0.804902 130 152 123
0.358251 0.204385 0.804505 109 134 97
0.356338 0.204691 0.804107 102 127 90
0.354167 0.204121 0.803188 99 128 87
0.352256 0.204426 0.802791 100 129 88
0.350345 0.204731 0.802394 94 125 81
0.348434 0.205036 0.801997 94 125 81
0.346523 0.205341 0.801600 90 123 77
0.344612 0.205646 0.801203 85 118 72
0.342701 0.205951 0.800806 84 120 73
0.340550 0.205378 0.799891 83 119 72
0.338642 0.205683 0.799494 83 119 72
0.336733 0.205988 0.799098 81 117 70
0.334825 0.206293 0.798702 85 116 72
0.333147 0.207477 0.798821 86 117 73
0.331236 0.207782 0.798424 86 117 75
0.329325 0.208087 0.798027 85 116 74
0.327414 0.208392 0.797630 85 115 76
0.325503 0.208697 0.797233 85 115 76
0.323592 0.209002 0.796836 80 109 75
0.321896 0.210190 0.796952 80 109 75
0.319983 0.210495 0.796555 81 110 80
0.318070 0.210801 0.796157 81 110 80
0.316156 0.211106 0.795760 81 109 84
0.314448 0.212295 0.795873 84 112 87
0.312532 0.212601 0.795475 81 109 84
0.310616 0.212907 0.795077 82 110 85
0.308897 0.214098 0.795188 85 113 86
0.306979 0.214404 0.794790 86 114 87
0.305061 0.214710 0.794391 84 113 83
0.303142 0.215017 0.793993 87 116 86
0.301036 0.214436 0.793087 85 114 82
0.299120 0.214742 0.792689 84 113 81
0.297204 0.215048 0.792291 85 114 82
0.295288 0.215354 0.791893 86 115 83
0.293550 0.216548 0.792000 84 113 81
0.291631 0.216854 0.791602 84 113 81
0.289713 0.217161 0.791203 87 116 82
0.287795 0.217467 0.790805 87 116 82
0.286043 0.218663 0.790909 86 114 78
0.282364 0.220167 0.790613 83 111 73
0.280600 0.221365 0.790715 85 113 75
0.278989 0.223455 0.791316 75 105 66
0.277058 0.223763 0.790915 77 107 68
0.275127 0.224072 0.790514 80 110 73
0.273346 0.225272 0.790612 87 117 80
0.271412 0.225581 0.790211 97 125 87
0.269479 0.225890 0.789809 100 128 90
0.267545 0.226198 0.789407 100 127 94
0.265751 0.227401 0.789503 111 138 105
0.263815 0.227710 0.789101 137 158 134
0.261745 0.227125 0.788202 161 182 158
0.355878 0.204248 0.805982 165 182 164
0.353964 0.204553 0.805584 152 174 147
0.352051 0.204859 0.805187 146 168 141
0.350138 0.205164 0.804789 129 156 125
0.348224 0.205470 0.804392 115 142 111
0.346064 0.204899 0.803472 102 132 95
0.344153 0.205204 0.803075 96 126 89
0.342242 0.205509 0.802678 92 125 83
0.340331 0.205814 0.802281 89 122 80
0.338420 0.206119 0.801884 91 124 80
0.336509 0.206424 0.801487 92 125 81
0.334598 0.206729 0.801090 92 123 77
0.332687 0.207035 0.800694 91 122 76
0.330776 0.207340 0.800297 87 120 74
0.328865 0.207645 0.799900 84 117 71
0.326954 0.207950 0.799503 87 123 78
0.325044 0.208255 0.799106 84 120 75
0.323350 0.209441 0.799225 84 120 77
0.321436 0.209747 0.798827 83 119 76
0.319523 0.210052 0.798430 80 115 75
0.317609 0.210358 0.798032 74 109 69
0.315903 0.211546 0.798148 70 105 67
0.313987 0.211852 0.797750 70 105 67
0.312071 0.212158 0.797352 73 108 70
0.310354 0.213347 0.797467 80 115 77
0.308436 0.213654 0.797068 83 118 78
0.306712 0.214845 0.797181 83 118 78
0.304791 0.215151 0.796782 84 120 75
0.302870 0.215458 0.796383 83 119 74
0.300762 0.214879 0.795474 81 117 72
0.299028 0.216071 0.795584 82 118 73
0.296925 0.215491 0.794677 84 120 75
0.295007 0.215798 0.794278 84 120 75
0.293088 0.216104 0.793880 85 121 78
0.291170 0.216410 0.793481 87 123 80
0.289252 0.216717 0.793083 85 121 78
0.285581 0.218218 0.792791 94 125 81
0.281901 0.219722 0.792497 89 115 73
0.280296 0.221809 0.793106 92 118 76
0.278524 0.223008 0.793208 95 123 85
0.276593 0.223316 0.792807 100 128 90
0.274662 0.223625 0.792406 110 137 106
0.272881 0.224825 0.792507 124 151 120
0.270947 0.225134 0.792105 145 167 140
0.269158 0.226335 0.792204 154 176 149
0.343937 0.205638 0.805472 166 187 165
0.342024 0.205943 0.805074 150 172 145
0.339871 0.205372 0.804154 137 159 132
0.337960 0.205677 0.803757 129 153 121
0.336049 0.205982 0.803360 123 147 115
0.334139 0.206287 0.802963 116 141 106
0.332228 0.206592 0.802566 112 137 102
0.330317 0.206897 0.802169 105 135 98
0.328406 0.207202 0.801772 96 126 89
0.326495 0.207508 0.801375 97 129 92
0.324803 0.208693 0.801497 92 124 87
0.322889 0.208998 0.801099 87 122 82
0.320976 0.209304 0.800702 87 122 82
0.319063 0.209609 0.800304 90 125 85
0.317358 0.210796 0.800424 82 117 77
0.315442 0.211102 0.800026 77 112 72
0.313526 0.211408 0.799628 76 111 71
0.311812 0.212597 0.799745 83 115 76
0.310092 0.213787 0.799861 85 117 78
0.308367 0.214977 0.799976 90 123 81
0.306444 0.215284 0.799577 85 118 76
0.304520 0.215591 0.799177 86 119 73
0.302597 0.215898 0.798777 91 124 78
0.300673 0.216205 0.798378 91 124 78
0.298750 0.216513 0.797978 91 124 78
0.296826 0.216820 0.797579 93 126 84
0.294724 0.216240 0.796669 93 126 84
0.292803 0.216547 0.796270 90 125 85
0.290882 0.216854 0.795870 91 126 86
0.288961 0.217160 0.795471 99 131 92
0.287040 0.217467 0.795072 99 131 92
0.285119 0.217774 0.794673 109 135 95
0.283362 0.218969 0.794782 120 146 106
0.281439 0.219276 0.794382 132 152 119
0.279832 0.221363 0.794995 140 160 127
0.278060 0.222561 0.795100 147 166 138
0.326256 0.207944 0.803769 153 176 153
0.324343 0.208250 0.803372 147 170 147
0.322429 0.208555 0.802974 146 169 144
0.320516 0.208861 0.802577 146 169 144
0.318813 0.210047 0.802699 137 161 131
0.316897 0.210353 0.802301 134 158 128
0.315187 0.211540 0.802422 133 155 124
0.313269 0.211847 0.802023 127 149 118
0.311551 0.213035 0.802142 130 149 119
0.309828 0.214225 0.802260 127 146 116
0.308100 0.215415 0.802377 122 142 109
0.306367 0.216606 0.802494 123 143 110
0.304248 0.216030 0.801577 127 148 110
0.302510 0.217222 0.801692 129 150 112
0.300582 0.217530 0.801292 132 153 115
0.298653 0.217838 0.800891 133 154 116
0.296544 0.217260 0.799977 137 160 126
0.294440 0.216682 0.799064 146 169 135
