sec,nanosec,frame_id,x,y,z,qx,qy,qz,qw
1777985371,707730954,base,0.45527246594429016,0.19310925900936127,0.8110756278038025,-0.6482072428095413,-0.34823397363767,-0.30562225889261385,0.6042809895484649
1777985421,746727578,base,0.45494312047958374,0.1940586119890213,0.8109944462776184,-0.6480438129787547,-0.34883723987789156,-0.30504328323193786,0.6044008462544846
1777985421,805726712,base,0.45463109016418457,0.1950058490037918,0.8109043836593628,-0.6479007870149084,-0.3494263405295169,-0.304478007492549,0.6044989198023235
1777985421,862727313,base,0.45435968041419983,0.1959649622440338,0.8107714056968689,-0.647776434215947,-0.34999248633366836,-0.3038804281760827,0.6046053721905031
1777985422,341730169,base,0.4548940360546112,0.19516843557357788,0.810464084148407,-0.6481064603396111,-0.34924336215964036,-0.30412924078322573,0.6045597424605695
1777985422,444732788,base,0.45535531640052795,0.19429431855678558,0.8103032112121582,-0.6483564194843057,-0.3485407446196834,-0.30449687338367915,0.6045121407643722
1777985422,747726267,base,0.4554325044155121,0.1943553388118744,0.8093041181564331,-0.6486149980824322,-0.3480112466345763,-0.30362578783178573,0.604977795915957
1777985422,912730427,base,0.45492634177207947,0.1939118653535843,0.8085558414459229,-0.6484856734198421,-0.34741069088150345,-0.3028930836036015,0.6058282838353921
1777985423,18731343,base,0.4543250799179077,0.19358734786510468,0.8078216314315796,-0.6483053891566101,-0.347079171187828,-0.3019637444187354,0.6066746001852807
1777985423,150730552,base,0.45367980003356934,0.1930786371231079,0.8072458505630493,-0.6480607720893461,-0.34660878475169876,-0.30131168997414337,0.6075284659674988
1777985423,357730793,base,0.45322734117507935,0.19268140196800232,0.8064457178115845,-0.6479810400734308,-0.3459962317395279,-0.30056126080914614,0.6083338586109459
1777985423,557730525,base,0.4532211720943451,0.1928626149892807,0.8054620027542114,-0.6482187458268083,-0.3457720516298545,-0.29950204717968915,0.6087303706543671
1777985423,648730671,base,0.4525677561759949,0.19319041073322296,0.8047630190849304,-0.6480396329239594,-0.34664159360247626,-0.29781141970794933,0.6092557649082135
1777985423,689726729,base,0.45165616273880005,0.19347739219665527,0.8044567704200745,-0.6476215695875536,-0.3479329588324979,-0.29621807231277675,0.6097407758174714
1777985423,726731864,base,0.45071130990982056,0.19375428557395935,0.8041916489601135,-0.6471730625789001,-0.349250309339701,-0.2946407192706375,0.6102279034277388
1777985423,771731192,base,0.4497816860675812,0.19400198757648468,0.8038965463638306,-0.6467356311589967,-0.35048516308139194,-0.2930864944073104,0.6107319289417297
1777985423,926730699,base,0.4491795301437378,0.19354067742824554,0.8032413125038147,-0.6465467913504473,-0.35049738021670596,-0.2920192585641718,0.611435648417065
1777985424,24727555,base,0.44908177852630615,0.19266991317272186,0.802753210067749,-0.6465789812915959,-0.3497118899233415,-0.29187825143240664,0.6119185382045886
1777985424,107726943,base,0.4486062526702881,0.19202874600887299,0.8021411895751953,-0.6464356450610562,-0.34905502178972797,-0.2913800285014329,0.6126819990755779
1777985424,167730504,base,0.4480026662349701,0.19152724742889404,0.8014980554580688,-0.6462448574221786,-0.34850277478397107,-0.29075703897987604,0.6134930783167595
1777985424,213726408,base,0.4475210905075073,0.19111907482147217,0.8007056713104248,-0.6461515941132174,-0.3479008801276158,-0.2900270465693216,0.6142779437573402
1777985424,256726536,base,0.44703710079193115,0.19070956110954285,0.7999128103256226,-0.6460526730007871,-0.3472947659958163,-0.2892983598182269,0.6150680762380806
1777985424,301733428,base,0.4465329945087433,0.19026395678520203,0.7991446852684021,-0.6459245964553157,-0.34667986438413223,-0.2885989051419745,0.6158775518381779
1777985424,348734348,base,0.4460451602935791,0.18984660506248474,0.7983624935150146,-0.6458020672862521,-0.34612343110917754,-0.28792614869886035,0.6166334345593135
1777985424,392734662,base,0.4455918073654175,0.18950434029102325,0.7975326180458069,-0.6456086393338609,-0.3458151842898858,-0.28741684568762393,0.6172462378181609
1777985424,440735002,base,0.4450789988040924,0.18912655115127563,0.7967366576194763,-0.6450005588526293,-0.34617557616331074,-0.2875674746585181,0.6176096717791139
1777985424,489728800,base,0.4446716904640198,0.18883000314235687,0.7958506941795349,-0.6434901836838018,-0.34841730812878857,-0.289462617046642,0.6170390110227819
1777985424,539733547,base,0.4443851709365845,0.18867160379886627,0.7948948740959167,-0.6408637989246676,-0.35277056630727155,-0.2933301933129691,0.615470485283057
1777985424,593735068,base,0.4441785216331482,0.18873415887355804,0.7939026355743408,-0.6372218030773639,-0.35900478131029623,-0.298849057219375,0.6129870964030941
1777985424,644734342,base,0.4438941478729248,0.18911634385585785,0.7930172085762024,-0.6349408602905555,-0.3629287838134752,-0.3017939711227893,0.6115989026342972
1777985424,691728754,base,0.4435412585735321,0.18957005441188812,0.792185366153717,-0.6347854552415623,-0.3631258873921956,-0.3010344200821665,0.6120173888326542
1777985424,741727904,base,0.44314301013946533,0.1900593489408493,0.7913873195648193,-0.6347721277013585,-0.36304937834277506,-0.3000141840438474,0.6125773192903207
1777985424,796726570,base,0.4426620602607727,0.1904413253068924,0.7905896306037903,-0.6347114247427352,-0.36290737460896305,-0.2990125597414863,0.6132137698433504
1777985424,860727087,base,0.4421311914920807,0.19049577414989471,0.7897434234619141,-0.6346171501174162,-0.3625377923707265,-0.29808105143947006,0.6139829832716047
1777985424,941734252,base,0.4414341449737549,0.19016548991203308,0.7891069054603577,-0.6343628946318892,-0.3620773273549169,-0.2974051746317669,0.6148446013991242
1777985425,25726699,base,0.4406181275844574,0.18960152566432953,0.7889182567596436,-0.6339309721122863,-0.36174977439691325,-0.2971488761794355,0.6156063306496176
1777985425,109726497,base,0.43964719772338867,0.18933480978012085,0.7889916300773621,-0.633368158004294,-0.36182460938676886,-0.2969119059163769,0.6162556327504123
1777985425,165727046,base,0.4387379586696625,0.1897553652524948,0.788865327835083,-0.6329307675040498,-0.36217731584132373,-0.29629145439461724,0.6167962253958511
1777985425,206733729,base,0.43801844120025635,0.1904040426015854,0.7885432839393616,-0.6326581435906967,-0.3625144881114794,-0.295501895867589,0.6172564462739252
1777985425,241730645,base,0.4374227821826935,0.1911085695028305,0.7881195545196533,-0.6324773376791084,-0.3628097614859651,-0.2946544588738213,0.6176732364798132
1777985425,274734249,base,0.43688252568244934,0.1918335109949112,0.7876510620117188,-0.6323412622388412,-0.3630801065564355,-0.2937836405591258,0.618068387475457
1777985425,307736632,base,0.4364234209060669,0.1925673633813858,0.7871302366256714,-0.6322619296261376,-0.36331435244960386,-0.29289891266360857,0.6184316778264323
1777985425,343734609,base,0.4360404908657074,0.19331958889961243,0.7865674495697021,-0.6322352186568225,-0.36351973519200054,-0.2919997654295508,0.6187634014625417
1777985425,385731003,base,0.43573981523513794,0.19408686459064484,0.7859699130058289,-0.6322638885290435,-0.3637030545847089,-0.2910993432222981,0.6190505650450376
1777985425,447731267,base,0.43560177087783813,0.19475622475147247,0.7852340936660767,-0.6324039020920305,-0.36372074332875204,-0.2901839362423608,0.6193268688359608
1777985425,655731587,base,0.4347536563873291,0.19484016299247742,0.7847051620483398,-0.6320834362545654,-0.36362321913103607,-0.28939959499914597,0.620077870842198
1777985425,735730608,base,0.43378856778144836,0.19477586448192596,0.7844207882881165,-0.6316357510903262,-0.36359466805852086,-0.2888325272960651,0.6208147570945282
1777985425,808726957,base,0.4329410493373871,0.19450119137763977,0.7839428782463074,-0.6312535649747156,-0.36336632067076796,-0.2882923084881029,0.6215877884795211
1777985425,871727859,base,0.4321514070034027,0.19422414898872375,0.7833882570266724,-0.630923274303919,-0.3630679810603893,-0.287697982007578,0.6223723263803782
1777985425,928726799,base,0.4313076436519623,0.19412553310394287,0.7828416228294373,-0.6305389873628066,-0.3629810592717905,-0.2871018642760104,0.6230873345897547
1777985425,981726570,base,0.43051815032958984,0.19417203962802887,0.7822130918502808,-0.6299363230258432,-0.36344520378609996,-0.2869060874180769,0.6235163946473199
1777985426,29730189,base,0.42991313338279724,0.19432474672794342,0.7814303040504456,-0.6287201094308434,-0.36517393776230994,-0.2879182373887678,0.6232672663286931
1777985426,68733440,base,0.4294523596763611,0.19454213976860046,0.7805372476577759,-0.6271106136390203,-0.3676744185732846,-0.28969450632120275,0.622595263878423
1777985426,103733853,base,0.429050087928772,0.19475701451301575,0.7796269059181213,-0.6253758053827382,-0.3703748210928597,-0.29171672044363484,0.6217949488349143
1777985426,136734290,base,0.42868924140930176,0.19495463371276855,0.7786839008331299,-0.6237590528165794,-0.3728403686294759,-0.2935494411678725,0.6210824692499417
1777985426,167734886,base,0.4283411502838135,0.19512799382209778,0.7777333855628967,-0.6225393419948851,-0.3745946608442245,-0.2947180038398714,0.6206971152622642
1777985426,198734789,base,0.4279594421386719,0.1952534168958664,0.7768167853355408,-0.621850815684935,-0.37540865319434025,-0.29499371770153393,0.6207645236449657
1777985426,234729958,base,0.42749500274658203,0.19531409442424774,0.7759151458740234,-0.6217664345188084,-0.37511510253507324,-0.2941916717721031,0.6214068136603523
1777985426,277731808,base,0.42698007822036743,0.19533587992191315,0.7750358581542969,-0.6217164682970978,-0.3747096501990121,-0.29330010356866065,0.6221224599806141
1777985426,327731205,base,0.42646411061286926,0.19538293778896332,0.7741709351539612,-0.6216618389099466,-0.37433322256684737,-0.2924150265648765,0.6228199301827699
1777985426,384726952,base,0.42578721046447754,0.19545455276966095,0.7734357714653015,-0.6214939485587129,-0.3740767101376238,-0.2915714896180262,0.623536637916089
1777985426,447779235,base,0.42485564947128296,0.19560839235782623,0.7730726599693298,-0.6211071462872815,-0.374133150943259,-0.2909015738629663,0.6242007330537083
1777985426,501730721,base,0.42391908168792725,0.19594213366508484,0.7729522585868835,-0.6206766127862012,-0.37444678104126256,-0.29035299606296133,0.6246961316876316
1777985426,549730466,base,0.4230775237083435,0.196473628282547,0.7727455496788025,-0.6203368908804053,-0.37482065313305046,-0.2896899433119961,0.6251170540511343
1777985426,615730972,base,0.42231789231300354,0.1969694048166275,0.772315263748169,-0.6201131003509338,-0.37504320700180327,-0.28890823304668756,0.6255672324603108
1777985426,757730192,base,0.4216499924659729,0.1967511773109436,0.771593451499939,-0.6199926786746514,-0.37474886716026556,-0.28825172972201085,0.6261655556412844
1777985426,852727384,base,0.42076900601387024,0.19680899381637573,0.7711083889007568,-0.619811824685953,-0.3749927612298048,-0.2876704077364291,0.6264658501989377
1777985426,920730602,base,0.41999945044517517,0.19678497314453125,0.7704514265060425,-0.6197432842337508,-0.3751057091799759,-0.28703946098232713,0.6267553779659378
1777985426,969730567,base,0.41933128237724304,0.19681641459465027,0.7696972489356995,-0.6197479252874195,-0.3752509673184421,-0.28639706102410606,0.626957702471461
1777985427,18728606,base,0.4187566041946411,0.19678226113319397,0.7688759565353394,-0.6196233182010832,-0.37568550058286615,-0.2861247689721764,0.6269449511259597
1777985427,65759807,base,0.41831639409065247,0.19671399891376495,0.7679653763771057,-0.6192267166050985,-0.37661921847031105,-0.286444367948552,0.6266305396601629
1777985427,109733296,base,0.4179605543613434,0.19674046337604523,0.7670127153396606,-0.6182459843567992,-0.37828890776040835,-0.2875683859863468,0.6260781436333617
1777985427,151727801,base,0.4176504909992218,0.19680389761924744,0.7660431861877441,-0.6167903808798707,-0.3803986013804292,-0.28926191705140575,0.6254550960769591
1777985427,191727291,base,0.41727226972579956,0.19681303203105927,0.7651094198226929,-0.6153288702304837,-0.3823722764860547,-0.2908710745102059,0.6249446792259316
1777985427,229731577,base,0.4168054163455963,0.1967705637216568,0.7642049193382263,-0.6142686351523604,-0.3836021610932483,-0.29174483628230774,0.6248266754621993
1777985427,265737890,base,0.41634631156921387,0.19673287868499756,0.7632918953895569,-0.6137730175168635,-0.3839251219712907,-0.29170050172851336,0.6251359754407728
1777985427,303731178,base,0.41580256819725037,0.19671444594860077,0.7624384164810181,-0.6136391764049564,-0.3836375370477517,-0.2909867559468595,0.6257762261044959
1777985427,345733216,base,0.41519153118133545,0.19675453007221222,0.7616248726844788,-0.6135284409926391,-0.38332651434526993,-0.29015900221110835,0.6264593974506311
1777985427,392731245,base,0.4145914912223816,0.19682562351226807,0.7608190178871155,-0.6134201859611071,-0.38304193619851795,-0.28934031317133574,0.6271177852544744
1777985427,459731306,base,0.413900762796402,0.1968640238046646,0.7600884437561035,-0.6133009201880621,-0.3825575404713117,-0.2887920574579624,0.6277824766201288
1777985427,534778581,base,0.41298195719718933,0.19685722887516022,0.7596778273582458,-0.6129785996967896,-0.38229750162999854,-0.28841010051805244,0.6284309376976732
1777985427,617730807,base,0.4120115637779236,0.19687817990779877,0.7594258785247803,-0.6125480204052027,-0.38235549690880843,-0.2879342259201196,0.6290334312309802
1777985427,755730493,base,0.41117748618125916,0.19693894684314728,0.7588726282119751,-0.6122689362066411,-0.38224599527505165,-0.28723381552106797,0.6296915732469698
1777985427,902730423,base,0.41038230061531067,0.19700896739959717,0.7582595348358154,-0.6120451273300362,-0.3821499355017687,-0.2865072457048184,0.6302981589309516
1777985427,992730970,base,0.4095812141895294,0.19693239033222198,0.7576508522033691,-0.6118111669708067,-0.3820009631264378,-0.28586639302889494,0.6309062797127951
1777985428,50779733,base,0.40877780318260193,0.19698047637939453,0.7570268511772156,-0.6115755520672059,-0.38189376160325855,-0.2851718052491642,0.6315136747997172
1777985428,103730845,base,0.4080617129802704,0.1970495879650116,0.7563137412071228,-0.6113990500073341,-0.38165061319419624,-0.2845374391662222,0.6321174283446385
1777985428,164729961,base,0.4073449373245239,0.1970444619655609,0.7555981874465942,-0.6112422076247374,-0.3812202278157484,-0.2840752911218601,0.6327363582120299
1777985428,231730191,base,0.4066654443740845,0.19705019891262054,0.7548589110374451,-0.6111063164461986,-0.38081859288183095,-0.2835576972942108,0.6333413776512415
1777985428,307730418,base,0.4060964584350586,0.19701221585273743,0.7540363669395447,-0.6110636816538993,-0.38020118665943636,-0.2832453863653193,0.6338929581970512
1777985428,388730347,base,0.405586838722229,0.197018563747406,0.7531653642654419,-0.6107660997400077,-0.3800158226570096,-0.2836183068921988,0.6341241265322315
1777985428,470731746,base,0.4051491916179657,0.19701047241687775,0.7522591948509216,-0.6088860157887058,-0.3824905691067581,-0.2864317145225172,0.6331790014339477
1777985428,537731041,base,0.404757559299469,0.19707627594470978,0.751339316368103,-0.6069153236472212,-0.3852990565219076,-0.2889636948687142,0.6322170549702498
1777985428,598726499,base,0.4042825400829315,0.19704832136631012,0.750458836555481,-0.6063313814791825,-0.3857724460612315,-0.28911001297224836,0.6324217511224655
1777985428,664730480,base,0.4036916494369507,0.19700117409229279,0.7496457695960999,-0.6062470331978117,-0.3853921148175458,-0.2883483722039612,0.6330818747931859
1777985428,718726869,base,0.4030907452106476,0.19697627425193787,0.7488422393798828,-0.6061603758460222,-0.3850263444717585,-0.2875919687520748,0.6337311494873992
1777985428,768726689,base,0.40246275067329407,0.19697198271751404,0.7480454444885254,-0.6060657059874562,-0.3846586774424975,-0.2868449625862714,0.6343831696448179
1777985428,823726660,base,0.4018535614013672,0.19694626331329346,0.7472500205039978,-0.6059933088213151,-0.384211892350735,-0.2861866238698495,0.6350201188284409
1777985428,892726815,base,0.40126994252204895,0.19696904718875885,0.7464234828948975,-0.6059715529867784,-0.38369792039868766,-0.2855804234578744,0.6356242622780996
1777985429,27726291,base,0.40061867237091064,0.19700582325458527,0.7456643581390381,-0.6059471134567994,-0.38309916096092095,-0.28514471947315506,0.6362040686967033
1777985429,154726001,base,0.39977189898490906,0.19696684181690216,0.7451272010803223,-0.6056789251292746,-0.3829358559993565,-0.28455223636745686,0.6368227278464818
1777985429,223730422,base,0.39887937903404236,0.19689495861530304,0.7446557283401489,-0.6053589958197791,-0.382831747350704,-0.28398465223643865,0.6374425843652782
1777985429,276729881,base,0.39798620343208313,0.19682642817497253,0.7441678047180176,-0.6050359460353189,-0.3827176650613912,-0.2833997757302725,0.6380777902465422
1777985429,326726464,base,0.39708176255226135,0.19673652946949005,0.7437118291854858,-0.6046857550227318,-0.3825971452876765,-0.28284991410250765,0.6387256601854421
1777985429,382729240,base,0.3961966335773468,0.19664596021175385,0.7432412505149841,-0.6043526347659045,-0.38245979601266533,-0.28229505714108816,0.6393683519197232
1777985429,442727567,base,0.39540159702301025,0.19660569727420807,0.742633044719696,-0.6041089682830924,-0.382245759149505,-0.2816741993064633,0.6400001327058862
1777985429,507727089,base,0.3947402238845825,0.19658632576465607,0.7418727874755859,-0.6039971286192851,-0.38183245916689573,-0.2811294528603818,0.6405916543312701
1777985429,582727708,base,0.39416471123695374,0.196609765291214,0.7410454154014587,-0.6039684000900384,-0.3813163378165211,-0.2806872912169798,0.6411198349128908
1777985429,681726509,base,0.3936436176300049,0.1967625468969345,0.7401971817016602,-0.6040055634783373,-0.38084639383546964,-0.2802280473608277,0.6415649179331995
1777985429,771728032,base,0.39304226636886597,0.19688154757022858,0.7394002676010132,-0.6039708767586701,-0.38050645218794416,-0.2798058816400797,0.6419833900045012
1777985429,843730788,base,0.39228177070617676,0.19689472019672394,0.7387359738349915,-0.6036211464693242,-0.3806126033321703,-0.2797666845844063,0.6422664268979578
1777985429,897730609,base,0.39148443937301636,0.19692230224609375,0.7381235957145691,-0.6030472424293398,-0.38119574965497,-0.28028913536834205,0.6422319142646656
1777985429,946733301,base,0.39072147011756897,0.1970088630914688,0.7374669909477234,-0.6023269200709103,-0.38195760045620175,-0.28119121775853867,0.6420608789561271
1777985430,3732342,base,0.3900408148765564,0.19704939424991608,0.7367245554924011,-0.6012463261690635,-0.3829212924923561,-0.28324952953186594,0.6415947604580886
1777985430,62727466,base,0.38935887813568115,0.197056382894516,0.7359787821769714,-0.6003593802770182,-0.38348921686282844,-0.28509217517424346,0.6412699100238357
1777985430,112727169,base,0.38867396116256714,0.19705550372600555,0.7352475523948669,-0.6001582307416806,-0.3831120250711765,-0.28531036878574234,0.6415865121960349
1777985430,161731589,base,0.38794437050819397,0.1970701962709427,0.7345588207244873,-0.6001010501615511,-0.38257338392560675,-0.2849829458815532,0.6421067476767087
1777985430,214733492,base,0.3872372508049011,0.19713544845581055,0.7338435649871826,-0.6000320910532853,-0.38216584217354066,-0.28448664034618576,0.64263371198897
1777985430,276731093,base,0.38659822940826416,0.19716401398181915,0.7330575585365295,-0.59997955565789,-0.38175976328675076,-0.2838856085494688,0.6431896848987604
1777985430,347726802,base,0.3859725296497345,0.19712917506694794,0.7322624325752258,-0.5999583886219667,-0.381225530666854,-0.28343802412157104,0.6437234727751968
1777985430,417726435,base,0.3852893114089966,0.19711574912071228,0.7315318584442139,-0.5999156068830761,-0.3807021175855328,-0.2831230570920387,0.6442115333900272
1777985430,491727348,base,0.38465410470962524,0.19715572893619537,0.7307576537132263,-0.5999853955959246,-0.3799974814311696,-0.2829564040026514,0.6446356524455569
1777985430,670728875,base,0.3839152753353119,0.19726985692977905,0.730092465877533,-0.6006288317737578,-0.3777598792641845,-0.28479518470806275,0.6445418351561315
1777985430,799727551,base,0.38317763805389404,0.19734026491641998,0.7294186949729919,-0.6008479447330819,-0.3767044907059462,-0.2851840811798334,0.6447832996456768
1777985430,899726503,base,0.38249462842941284,0.19733892381191254,0.7286824584007263,-0.6007846008348573,-0.37631241516381586,-0.28468502928727984,0.6452915824824847
1777985431,5729790,base,0.3817404806613922,0.19734960794448853,0.7280135750770569,-0.6006382859677674,-0.37607573820031787,-0.2840996742392576,0.6458235377383916
1777985431,111727220,base,0.38097187876701355,0.1972787082195282,0.7273750901222229,-0.6004707565094476,-0.37579082278301507,-0.28358550348770484,0.6463709198482941
1777985431,192727628,base,0.3802265226840973,0.19725574553012848,0.7266894578933716,-0.6003441769548542,-0.37544725002985746,-0.28307315806206174,0.6469125065193267
1777985431,272726075,base,0.3794746696949005,0.19723190367221832,0.7260266542434692,-0.600260216301305,-0.37498487151178,-0.2827341172476695,0.647406688662529
1777985431,404729978,base,0.3787629306316376,0.19723665714263916,0.7253240942955017,-0.6004027594582331,-0.3740416103113062,-0.2829301883972607,0.6477344423739856
1777985431,553727325,base,0.377986878156662,0.19714324176311493,0.7246949076652527,-0.6007151299723447,-0.3725337522645155,-0.2839269525807581,0.647877637085086
1777985431,622726527,base,0.37719956040382385,0.19712473452091217,0.7240631580352783,-0.6007276446883144,-0.37184911916945024,-0.28397753652908364,0.6482370612845317
1777985431,673726900,base,0.37641382217407227,0.19709889590740204,0.723419725894928,-0.6005929267745058,-0.37149811281664313,-0.2836016061766326,0.6487275340844957
1777985431,728727332,base,0.37560799717903137,0.19705307483673096,0.7228040099143982,-0.6004217735946707,-0.3711787450802756,-0.28323962018224896,0.6492267251493173
1777985431,790729941,base,0.37475937604904175,0.1970004141330719,0.7222504019737244,-0.6002572243141016,-0.3708205167785625,-0.2830279168746836,0.649675758594826
1777985431,852735197,base,0.37390264868736267,0.19698946177959442,0.7217137217521667,-0.6000986115418198,-0.37048914226272583,-0.2828441300035091,0.6500912677610872
1777985431,919726880,base,0.3730260729789734,0.19696855545043945,0.7212129831314087,-0.59992580049253,-0.37014332055898413,-0.2828488481681286,0.6504455918527186
1777985432,5730898,base,0.3721383512020111,0.19693170487880707,0.720740020275116,-0.5995297132239805,-0.37002801083027176,-0.28397686291623386,0.6503849082987655
1777985432,90733038,base,0.37153154611587524,0.19689922034740448,0.7199352979660034,-0.5977994633692705,-0.3720510969712834,-0.2884895335850862,0.6488355278905338
1777985432,144734196,base,0.3710290193557739,0.19691763818264008,0.719057559967041,-0.5957657306233444,-0.37483351841340234,-0.292246906395389,0.6474216380570007
1777985432,188734029,base,0.37045788764953613,0.19689661264419556,0.7182325720787048,-0.5941544376745845,-0.37697328884195785,-0.2943667858452705,0.6466991703033084
1777985432,231734995,base,0.369936466217041,0.19690649211406708,0.7173780202865601,-0.5936285562314811,-0.3774570751976583,-0.29455675760150707,0.6468134302661219
1777985432,277726745,base,0.3693826198577881,0.19690965116024017,0.7165324091911316,-0.5936099098692917,-0.37711963152917927,-0.29384216353136694,0.6473521670579916
1777985432,327730844,base,0.3687378168106079,0.19685862958431244,0.7157650589942932,-0.5935098377013875,-0.3768187407217248,-0.2931922756519414,0.6479135672744231
1777985432,378733996,base,0.36805739998817444,0.19681289792060852,0.7150200605392456,-0.5933857888856037,-0.37654730662598523,-0.29254417990356746,0.6484776787489468
1777985432,427728427,base,0.3674214482307434,0.196794793009758,0.7142345309257507,-0.5932994893565845,-0.3762607005333536,-0.2918679031367209,0.6490275286724351
1777985432,482726859,base,0.3667542040348053,0.1967504769563675,0.713472843170166,-0.5931873980706878,-0.3759712269676657,-0.2912259955247293,0.6495858365021923
1777985432,547730804,base,0.366035133600235,0.19668464362621307,0.7127743363380432,-0.5930268728991783,-0.3757185795720309,-0.29063449629387766,0.6501432797277402
1777985432,626727502,base,0.36526188254356384,0.19663874804973602,0.7121334075927734,-0.592832179083209,-0.37551104085156994,-0.2901024663499944,0.6506781280911498
1777985432,707727016,base,0.3644413352012634,0.1966179758310318,0.711555540561676,-0.5926120454158711,-0.3753535219881638,-0.2896113700908428,0.6511881019496094
1777985432,778729481,base,0.36361679434776306,0.19662536680698395,0.7109842896461487,-0.5923751779701357,-0.3752558866668571,-0.2890566806486602,0.651706148397069
1777985432,848733599,base,0.3627302348613739,0.19659224152565002,0.7104997634887695,-0.5920683396600261,-0.375207675370555,-0.2885591039860695,0.6522330312224757
1777985432,912726456,base,0.36181557178497314,0.1965743750333786,0.7100834250450134,-0.5917291838463757,-0.37522471909786664,-0.28809567733815417,0.6527356734311415
1777985432,971733074,base,0.3608846366405487,0.19660848379135132,0.7096709609031677,-0.5913950416907681,-0.3752797563449579,-0.2876138610076752,0.6532191685072909
1777985433,23726913,base,0.3599676191806793,0.19656379520893097,0.7092345952987671,-0.591062692301677,-0.37525061664756004,-0.2871741738009625,0.6537299425823294
1777985433,73734195,base,0.3590525686740875,0.19649101793766022,0.7088072896003723,-0.5907256339870901,-0.37520368600000836,-0.2867625928927181,0.6542420417668914
1777985433,123726353,base,0.3581549823284149,0.196454256772995,0.7083428502082825,-0.5904119022469618,-0.37516000849341874,-0.28631304580736894,0.6547469530474617
1777985433,173733194,base,0.35729220509529114,0.1964639276266098,0.707822322845459,-0.590145523611778,-0.37510041327680194,-0.28581317579245064,0.6552394664133818
1777985433,227727538,base,0.35644951462745667,0.19644521176815033,0.7072564959526062,-0.5899192287093281,-0.3749475024018593,-0.2853543917796979,0.6557305325742473
1777985433,282727182,base,0.3556962013244629,0.19637620449066162,0.7065981030464172,-0.5898346204554419,-0.3745204700034606,-0.2850923759605819,0.6561645107273888
1777985433,339726328,base,0.355247437953949,0.19639787077903748,0.705690324306488,-0.5901158165284157,-0.3736852013947401,-0.284989792207681,0.6564323932496645
1777985433,391733987,base,0.3548491597175598,0.19650018215179443,0.7047606706619263,-0.5903938845539378,-0.3729791870966274,-0.2847460472237392,0.6566896183037251
1777985433,454779715,base,0.3544192314147949,0.19653086364269257,0.7038464546203613,-0.5906224986878527,-0.37225963958179537,-0.2846798158329217,0.6569210252031613
1777985433,536730491,base,0.35376378893852234,0.196601003408432,0.7030839920043945,-0.5908029117433807,-0.3715535878941444,-0.28482567969375855,0.6570952693143856
1777985433,618730118,base,0.3530978858470917,0.1968098282814026,0.7023646235466003,-0.5911849879809904,-0.37064159021667553,-0.285343010431714,0.657042201883027
1777985433,714730429,base,0.35232219099998474,0.19685222208499908,0.7017277479171753,-0.5914818070703461,-0.36964820139768134,-0.28624878436747725,0.6569407310568791
1777985433,801730501,base,0.3514561653137207,0.1969219595193863,0.7012183666229248,-0.5914228689884515,-0.36931700776919707,-0.2867654813379746,0.6569546988176131
1777985433,890730551,base,0.350694477558136,0.19699670374393463,0.7005680799484253,-0.5911753884168996,-0.36928492971340987,-0.2881670662343071,0.6565820735093141
1777985434,3727335,base,0.35004565119743347,0.19715993106365204,0.6998224258422852,-0.5892811552774083,-0.37195324152878084,-0.29369984854899595,0.654323225060131
1777985435,339729662,base,0.3492785692214966,0.19732104241847992,0.6991965174674988,-0.588470596833111,-0.372944564814901,-0.2949406426496664,0.6539301880262763
1777985435,445728161,base,0.3485279977321625,0.1972530335187912,0.6985270380973816,-0.5882829930881961,-0.37275416374054016,-0.2943794870519391,0.6544602140404946
1777985435,528732816,base,0.3476700484752655,0.19717378914356232,0.6979948878288269,-0.5879959320580568,-0.37266885450075954,-0.2939026086121027,0.6549808901610127
1777985435,598726745,base,0.34680256247520447,0.1972503662109375,0.6974796652793884,-0.5877393210939263,-0.3727060438048085,-0.2933650606624067,0.6554308700755469
1777985435,673726690,base,0.34596118330955505,0.19719690084457397,0.6969257593154907,-0.5874728406815031,-0.37262264996221467,-0.2928690878766568,0.655938806290573
1777985435,748730680,base,0.3450106978416443,0.1971653699874878,0.6965991854667664,-0.5870875171857969,-0.37272725568383036,-0.29250694739491084,0.6563857915861929
1777985435,804731030,base,0.3440154790878296,0.19716688990592957,0.6964407563209534,-0.5866374749490314,-0.3729661823023603,-0.2922446571641633,0.6567691696447425
1777985435,856727029,base,0.34303781390190125,0.19711562991142273,0.696182131767273,-0.586212410377181,-0.37310450554304253,-0.291935675449007,0.6572074185909064
1777985435,906730185,base,0.34211137890815735,0.19711510837078094,0.6958054900169373,-0.585862207863369,-0.3731957538492322,-0.291531028714272,0.6576473729644057
1777985435,959725876,base,0.34120437502861023,0.19711504876613617,0.6953685879707336,-0.5855402103482018,-0.37324423903596765,-0.2910891025982053,0.6581022159752457
1777985436,20731039,base,0.3403335511684418,0.19707633554935455,0.6948705911636353,-0.5852429016360031,-0.3732219586238587,-0.29062847849396023,0.6585827123434279
1777985436,83730115,base,0.3395076096057892,0.19702090322971344,0.6943047642707825,-0.584986127588765,-0.37312978089955084,-0.29014012553271695,0.6590782214591726
1777985436,151729666,base,0.3388064205646515,0.19701378047466278,0.6935797333717346,-0.5848530207113107,-0.3729361581420102,-0.2895361671998383,0.6595713398524116
1777985436,237727488,base,0.3382627069950104,0.19706468284130096,0.6927385330200195,-0.5848668744308513,-0.3726351131928005,-0.2888859096629527,0.6600141908508991
1777985436,401730901,base,0.3376356363296509,0.19711880385875702,0.6919607520103455,-0.584806831641094,-0.3724270249019476,-0.2882369940613047,0.6604684177695207
1777985436,561730409,base,0.33682820200920105,0.19713494181632996,0.6913691163063049,-0.5845906986843119,-0.3723700442211432,-0.28772033946634706,0.6609169820436978
1777985436,687729734,base,0.33606988191604614,0.19710156321525574,0.6906999945640564,-0.5844074899460528,-0.37221263500261226,-0.2872011137741859,0.6613933319001347
1777985436,756727649,base,0.33535853028297424,0.1970703899860382,0.6899898648262024,-0.5842389329748264,-0.37205131520682133,-0.2867334246756364,0.6618358087699966
1777985436,810730552,base,0.3346618711948395,0.19706210494041443,0.689265787601471,-0.5840964953934709,-0.37187375534995587,-0.28621775368256325,0.6622843609601226
1777985436,859727455,base,0.33393990993499756,0.19708263874053955,0.6885740160942078,-0.5839402975871495,-0.37173916614545865,-0.28566257383488475,0.6627372146353594
1777985436,914726479,base,0.33321696519851685,0.19709931313991547,0.6878750920295715,-0.5837990675348217,-0.37157908363091313,-0.2851082524719805,0.6631899493669431
1777985436,977728111,base,0.33248189091682434,0.1971036195755005,0.6871770024299622,-0.5836420845208641,-0.3714201651162454,-0.2845459656059941,0.6636584665629048
1777985437,55726460,base,0.33172088861465454,0.19708536565303802,0.6865101456642151,-0.5834893238628601,-0.3712310324724681,-0.2841132002978681,0.6640838675707638
1777985437,146726887,base,0.3309776484966278,0.1970159262418747,0.6858339309692383,-0.5834764670220055,-0.3707623545008121,-0.28408763634224177,0.6643679070811818
1777985437,272726947,base,0.3304961919784546,0.19707931578159332,0.6849536895751953,-0.5839736616993767,-0.3697456471046117,-0.28465845319403066,0.6642533259533298
1777985437,488731010,base,0.3304794430732727,0.19706562161445618,0.6839524507522583,-0.5847396487922067,-0.3684394668669381,-0.2855228503816836,0.6639341812414878
1777985437,626730697,base,0.33074578642845154,0.19702312350273132,0.6829798817634583,-0.5854946832867335,-0.3672632842691098,-0.28592141282157096,0.6637488957012458
1777985437,719727128,base,0.3307960033416748,0.1969672292470932,0.6819764375686646,-0.5858602315399932,-0.3666079438561098,-0.2866459391293051,0.663476063736848
1777985437,789726807,base,0.33050164580345154,0.1969424933195114,0.6810092926025391,-0.5844426945151892,-0.36861594095457,-0.28961888408979103,0.6623216143981517
1777985437,841731502,base,0.33005091547966003,0.1969921886920929,0.6801025867462158,-0.582538844830189,-0.3713882709971483,-0.29277457446317057,0.6610614732487464
1777985437,893727592,base,0.3295619785785675,0.19702543318271637,0.6792234182357788,-0.5809413897667413,-0.3736192922118437,-0.2953108232179655,0.6600812327632013
1777985437,964727147,base,0.32904502749443054,0.19700321555137634,0.6783655881881714,-0.5807488680273982,-0.3735814467587863,-0.29547695120166517,0.6601977017892481
1777985438,65727866,base,0.3285526633262634,0.197002574801445,0.6774877309799194,-0.5808845747778161,-0.37306889522352954,-0.29507918119044324,0.6605459733231592
1777985438,197727187,base,0.32791802287101746,0.19684083759784698,0.6767211556434631,-0.580923408126165,-0.3724695868765549,-0.2949664470405861,0.6609002772179989
1777985438,273727476,base,0.3271922171115875,0.1967334747314453,0.676040530204773,-0.5808144773322259,-0.3721202198499437,-0.29466911768430254,0.6613253224421072
1777985438,344726956,base,0.32644888758659363,0.19663068652153015,0.6753665804862976,-0.5807073288905258,-0.37176843374101365,-0.29440714821571723,0.6617338183048644
1777985438,414727205,base,0.32575148344039917,0.1966133862733841,0.6746398210525513,-0.5806692460944919,-0.37143027536731277,-0.29407244145313755,0.662105845832984
1777985438,518730760,base,0.32501399517059326,0.19648540019989014,0.6739641427993774,-0.5807517967411849,-0.3707845177549119,-0.2942786197244608,0.6623037750543841
1777985438,638731032,base,0.324185311794281,0.19623729586601257,0.6734501123428345,-0.5810616518030367,-0.369671950586053,-0.2955083450612624,0.6621063374418726
1777985438,727730749,base,0.3232234716415405,0.19599363207817078,0.6732822060585022,-0.5808418270026998,-0.3693186416942503,-0.29613978046542283,0.6622142532859406
1777985438,806730344,base,0.3222762644290924,0.19566066563129425,0.6732867956161499,-0.5803456702378306,-0.36927749553496964,-0.29646888033874863,0.6625248968140414
1777985438,912732489,base,0.3215540051460266,0.19497685134410858,0.6731302738189697,-0.5802112118304757,-0.36835871502050654,-0.2976325539712084,0.6626323565769785
1777985439,9727495,base,0.32113027572631836,0.19489245116710663,0.6722215414047241,-0.5806153076792184,-0.3674040535622898,-0.2978779812250042,0.6626981463654197
1777985439,65731144,base,0.3208557963371277,0.19531159102916718,0.6713558435440063,-0.5811170237847915,-0.36699363453280864,-0.29757769601381945,0.6626206866979674
1777985439,107727243,base,0.32045280933380127,0.19595716893672943,0.6706752777099609,-0.5815167925638117,-0.36698700812482155,-0.2971440623955979,0.6624682250140248
1777985439,143727505,base,0.31999754905700684,0.19669628143310547,0.6701598167419434,-0.5818641052554999,-0.3671831229029156,-0.29675969752540865,0.6622268402361395
1777985439,302731030,base,0.3189874291419983,0.19669227302074432,0.670255184173584,-0.582185714011247,-0.3665395421565987,-0.29871582400241126,0.6614207523976514
1777985439,361730919,base,0.31800106167793274,0.19675566256046295,0.6700602769851685,-0.581765571587558,-0.3668467167479818,-0.2984775260260205,0.6617276285413577
1777985439,435726611,base,0.3170238435268402,0.196724995970726,0.6698044538497925,-0.5813491444886978,-0.3670267799570344,-0.2982754504620408,0.6620847752313885
1777985439,515730446,base,0.31610041856765747,0.1966773122549057,0.6694144606590271,-0.580989012969195,-0.3671058001786336,-0.2979789218501342,0.6624904811541918
1777985439,592730359,base,0.31517189741134644,0.19667907059192657,0.6690393686294556,-0.5806836464727758,-0.36717502423729914,-0.2977764452061944,0.6628108198258356
1777985439,665730707,base,0.31418609619140625,0.19665898382663727,0.6688002347946167,-0.5803006420876811,-0.3673269354258647,-0.2976802764657755,0.6631052277052685
1777985439,732726746,base,0.313200443983078,0.19674623012542725,0.6686249375343323,-0.5799307274867351,-0.36761398836311665,-0.29755983103597416,0.6633237944450306
1777985439,812727339,base,0.3122422695159912,0.19666756689548492,0.6683118343353271,-0.5795903021556031,-0.3676343918546447,-0.2975167915613358,0.6636292271273316
1777985439,894727665,base,0.31137245893478394,0.19654755294322968,0.6678140163421631,-0.5793932848057135,-0.3674102516023339,-0.2975056073110656,0.6639303721083274
1777985439,985727416,base,0.3108872175216675,0.1965232938528061,0.6669285893440247,-0.5798338350139728,-0.3665057249104805,-0.29787311431260016,0.6638809018908376
1777985440,59728704,base,0.3109140992164612,0.19673533737659454,0.6659373044967651,-0.580840138578123,-0.3652822441591705,-0.29850384572188143,0.6633920777472051
1777985440,164726134,base,0.31063878536224365,0.19688785076141357,0.6649874448776245,-0.581773000174424,-0.36401505905554155,-0.2994430188266323,0.6628477036580017
1777985440,244726416,base,0.3097134232521057,0.19683592021465302,0.6646103858947754,-0.5815092315068888,-0.3639784828774203,-0.2994290457418177,0.663105521945199
1777985440,311726678,base,0.3088268041610718,0.1967918425798416,0.6641444563865662,-0.5812253914328236,-0.3639708099370979,-0.29918865861509747,0.6634669838293343
1777985440,388729070,base,0.3081643283367157,0.19670970737934113,0.6633957624435425,-0.5812399656850838,-0.36353548170971584,-0.29904276623431436,0.6637586052542416
1777985440,469726867,base,0.3076513409614563,0.19670787453651428,0.6625341176986694,-0.5813964237870832,-0.3630362482405588,-0.2987871324002465,0.664009874025709
1777985440,547730419,base,0.30704519152641296,0.19673313200473785,0.6617391109466553,-0.581413997585142,-0.36273982254459725,-0.2983706882052283,0.6643436657093877
1777985440,608732425,base,0.3064388334751129,0.1967163383960724,0.6609285473823547,-0.581453943509901,-0.36235973554438883,-0.2980427764380253,0.6646632415385021
1777985440,659777432,base,0.30586421489715576,0.19668419659137726,0.6600881218910217,-0.5815507047045245,-0.36188707156813377,-0.2978024089318889,0.6649437890729314
1777985440,708730951,base,0.30525755882263184,0.19664670526981354,0.6592937707901001,-0.5816193504105645,-0.3614449552850538,-0.29760700138273144,0.6652116418550486
1777985440,757731050,base,0.30459824204444885,0.19663488864898682,0.6585284471511841,-0.5816629932643776,-0.36106188083458,-0.2974150127835935,0.6654673554217094
1777985440,804731160,base,0.303876668214798,0.19666190445423126,0.6578297019004822,-0.581604769201351,-0.3608510725721849,-0.29710452109149077,0.6657711976081838
1777985440,854726910,base,0.30307695269584656,0.1966506987810135,0.6572262048721313,-0.5814732149996819,-0.3606896204559201,-0.2969002401788198,0.6660646661059378
1777985440,912732184,base,0.3021754026412964,0.19660723209381104,0.6567763090133667,-0.5812572016354047,-0.3606043008657041,-0.2968918690854772,0.6663030957662293
1777985440,984730495,base,0.30118346214294434,0.19660785794258118,0.6566030979156494,-0.5809742568613944,-0.3607019809949706,-0.29715813373479577,0.6663782930603156
1777985441,107730903,base,0.3002263009548187,0.19681799411773682,0.65682452917099,-0.5810922948529889,-0.36069331079048483,-0.2985630311754507,0.66565169742038
1777985441,202727599,base,0.299228698015213,0.19689688086509705,0.6569765210151672,-0.5808379150581369,-0.3609428684458384,-0.2992458326466753,0.6654317973366295
1777985441,277731433,base,0.2982161343097687,0.19690439105033875,0.6569175720214844,-0.580385095472989,-0.36128839914110794,-0.29929507102945396,0.6656172265574949
1777985441,361730449,base,0.29727301001548767,0.1969185322523117,0.6565690040588379,-0.580066475004496,-0.3614329445922211,-0.2991649408800458,0.6658749459775792
1777985441,449730427,base,0.29648637771606445,0.1969161331653595,0.6559361219406128,-0.5799432230831638,-0.36128512737684093,-0.2989310329048546,0.6661674908081822
1777985441,525731411,base,0.2956075072288513,0.19695201516151428,0.6554528474807739,-0.5798314398851485,-0.36119079168095514,-0.2989964606486284,0.6662865895777085
1777985441,610730246,base,0.29489022493362427,0.19693230092525482,0.6547457575798035,-0.580128050827453,-0.3605257866030247,-0.2995944755632836,0.6661199239129222
1777985441,723730186,base,0.29430654644966125,0.1969674527645111,0.6539254188537598,-0.5808800696624484,-0.35940204146423266,-0.3008669217833398,0.6654980205924536
1777985441,804729753,base,0.29346415400505066,0.1969803124666214,0.653382420539856,-0.5810504522521726,-0.3589612681675172,-0.30150972084047617,0.6652962331633248
1777985441,864734148,base,0.2926519215106964,0.1969916820526123,0.652787983417511,-0.580999415424687,-0.3587649965767898,-0.3015264256885681,0.6654390806918495
1777985441,923726529,base,0.2918423116207123,0.1969940960407257,0.6521845459938049,-0.5808555950498329,-0.3586645407965866,-0.30133254081595834,0.6657065362309037
1777985441,982727239,base,0.2910729944705963,0.19698765873908997,0.6515412926673889,-0.5806952797509252,-0.35856875586757064,-0.3010059626025251,0.6660456720549329
1777985442,37727654,base,0.2903698682785034,0.1969737559556961,0.650814950466156,-0.5806103177602525,-0.3583643068651257,-0.30067849833212845,0.666377608241646
1777985442,93730601,base,0.28961852192878723,0.19696345925331116,0.6501419544219971,-0.5804815395170705,-0.35822706877426574,-0.3003840505479612,0.6666963041070569
1777985442,152727992,base,0.2888352870941162,0.19696643948554993,0.6494982242584229,-0.5803343095005834,-0.3581344090310286,-0.3000995126842213,0.6670023273685849
1777985442,219730914,base,0.2881115972995758,0.1969742476940155,0.6487950682640076,-0.5802651987362605,-0.3579562172577154,-0.2998476343335897,0.6672713378364238
1777985442,290730891,base,0.28736934065818787,0.19699113070964813,0.64811772108078,-0.5801979495550073,-0.3578002966010083,-0.29964184406418476,0.6675058330748036
1777985442,357734171,base,0.2866246998310089,0.19697922468185425,0.6474493741989136,-0.5801964453442554,-0.35754844947205816,-0.29966996961489395,0.6676294806466113
1777985442,427727387,base,0.28596508502960205,0.19703751802444458,0.6466978192329407,-0.5804748401719173,-0.3570812431269367,-0.3000484037810625,0.6674675204200837
1777985442,502730894,base,0.285420686006546,0.19722239673137665,0.6458743214607239,-0.5810979330518302,-0.3563953399084264,-0.30078537377452463,0.6669600382662512
1777985442,588730544,base,0.28467413783073425,0.197281613945961,0.6452017426490784,-0.5815167157466344,-0.35578591155679506,-0.301681363949973,0.6665155975657827
1777985442,669730951,base,0.2838093936443329,0.1972593069076538,0.6446936726570129,-0.5816001399592932,-0.3554621620861172,-0.3022996156370248,0.6663353927033474
1777985442,762730413,base,0.2829297184944153,0.19730012118816376,0.6442086100578308,-0.581624871729403,-0.35528010520730985,-0.3027319390467698,0.6662146223464558
1777985442,893727301,base,0.28208327293395996,0.1972614973783493,0.6436774730682373,-0.5819863883606707,-0.35463540603117394,-0.30399071442560444,0.6656690014367792
1777985442,989727156,base,0.28126049041748047,0.1973131000995636,0.6430981159210205,-0.582338567151293,-0.354115730546468,-0.30498756999746757,0.6651814990216948
1777985443,71729983,base,0.28040611743927,0.19722527265548706,0.642583429813385,-0.5821717791151998,-0.3539663535323277,-0.30513073932815726,0.6653413281728345
1777985443,141730467,base,0.2795368432998657,0.1971495896577835,0.6420875191688538,-0.5818465449783139,-0.3540112558428708,-0.30491898115165134,0.665698917240418
1777985443,203726924,base,0.278611421585083,0.19707165658473969,0.6416821479797363,-0.5814451763183424,-0.35415416352028334,-0.3047376393010142,0.6660565240669222
1777985443,261730943,base,0.2776699662208557,0.196969136595726,0.6413487792015076,-0.5809965413698029,-0.3543378342759317,-0.30460648029798226,0.6664102355752879
1777985443,324726543,base,0.27674388885498047,0.19688759744167328,0.6409589648246765,-0.5805822099128948,-0.35449848933930306,-0.3044336244272355,0.6667647776954214
1777985443,399727480,base,0.27580446004867554,0.19675476849079132,0.6406095027923584,-0.5801786044931447,-0.35460325930649705,-0.30444492593858363,0.6670551493740189
1777985443,468727285,base,0.27485227584838867,0.1967001110315323,0.6402726173400879,-0.5797826979508242,-0.35480204703355706,-0.30437929590078505,0.6673235705358539
1777985443,539727801,base,0.2739340662956238,0.1967032253742218,0.6398740410804749,-0.5794358934549465,-0.3550174412855744,-0.3042048353531062,0.6675897395807193
1777985443,632727658,base,0.2731069028377533,0.19672352075576782,0.6392989158630371,-0.5792464539346003,-0.3550929953435073,-0.3040029643388825,0.6678058846783755
1777985443,762730691,base,0.2723853588104248,0.19667616486549377,0.6385989189147949,-0.5793027337309147,-0.35490405018199706,-0.3041699285184456,0.667781494060784
1777985443,849730963,base,0.2715550661087036,0.19677455723285675,0.638030469417572,-0.5793212332276869,-0.35503685671219504,-0.30425638712510444,0.6676554307546484
1777985443,914732763,base,0.27073144912719727,0.19692115485668182,0.6374717950820923,-0.5792825475828816,-0.3552908213373766,-0.3041708524235802,0.6675928798359697
1777985443,988727580,base,0.269919216632843,0.1969866305589676,0.6368891596794128,-0.5792774303715252,-0.35539755796136413,-0.30426552656033157,0.6674973486417269
1777985444,78730144,base,0.2690618932247162,0.19697225093841553,0.6363725662231445,-0.5792198258083827,-0.3554778850974363,-0.3045363412574498,0.6673810503910995
1777985444,168727840,base,0.2682337760925293,0.1969422996044159,0.6357893347740173,-0.579549983279095,-0.35553817113467256,-0.3054479382075644,0.6666453173070015
1777985444,233728153,base,0.26757514476776123,0.19706778228282928,0.635043740272522,-0.5802573660932798,-0.35588653940243864,-0.306133959296052,0.6655284632493564
1777985444,283728175,base,0.2669481933116913,0.19714295864105225,0.634251058101654,-0.5809108296179741,-0.3567672032511358,-0.3063323033824082,0.6643946840599121
1777985444,336729228,base,0.26629504561424255,0.19710716605186462,0.6334720253944397,-0.5814385188385263,-0.35775060035077993,-0.3064066718810617,0.6633692025393493
1777985444,389727847,base,0.26549145579338074,0.19706664979457855,0.6328732371330261,-0.5814244419212844,-0.35835584393575814,-0.30623218758462145,0.6631353834590473
1777985444,439728770,base,0.26465094089508057,0.197098508477211,0.6322988271713257,-0.5811878558797853,-0.35859764490089546,-0.3058929517133079,0.6633686128893419
1777985444,490731472,base,0.2638114094734192,0.19710081815719604,0.6317288875579834,-0.5808885346762679,-0.35872042636674045,-0.3055496813222586,0.6637224911724817
1777985444,546730649,base,0.2629360258579254,0.19704684615135193,0.6312286257743835,-0.5805200799386956,-0.3588488715444429,-0.3053028441176753,0.6640889260699933
1777985444,611730632,base,0.26201391220092773,0.196934312582016,0.6308218836784363,-0.5800768552634685,-0.35900195933690887,-0.30518273456104367,0.664448583790344
1777985444,677730256,base,0.26107022166252136,0.19682396948337555,0.630490779876709,-0.5795845018185928,-0.3592281435977082,-0.3050799179975427,0.6648031059823271
1777985444,751730456,base,0.26011401414871216,0.19667620956897736,0.6302159428596497,-0.5790446871240271,-0.35946954870465375,-0.3050353169968853,0.6651633926440023
1777985444,846727358,base,0.2591714560985565,0.19652599096298218,0.6299116611480713,-0.5785301424799083,-0.35968551377194163,-0.30499254534366066,0.6655139040132201
1777985444,941730291,base,0.25829017162323,0.19645652174949646,0.6294139623641968,-0.5781802656297512,-0.35986787884226284,-0.3048073413907716,0.665804158196903
1777985445,3731287,base,0.25755009055137634,0.19649726152420044,0.6287186145782471,-0.5780364486535439,-0.3599544179406816,-0.3044308187502255,0.6660544700145674
1777985445,55732344,base,0.2569272518157959,0.19657664000988007,0.6279399991035461,-0.5780238567588029,-0.3599176682489587,-0.30404401937837905,0.6662618875382386
1777985445,115728795,base,0.2564302682876587,0.19660858809947968,0.6270601153373718,-0.5781910742808083,-0.3596921957871375,-0.30395624739852445,0.6662785970193927
1777985445,214728676,base,0.2561558783054352,0.1964879035949707,0.6260997653007507,-0.5781673029034599,-0.3600899212488842,-0.3064454507163814,0.6649428520685535
1777985445,273728956,base,0.2555277943611145,0.19676849246025085,0.6253533363342285,-0.5773155795214632,-0.3619584577267086,-0.3090143323268251,0.6634778885467367
1777985445,315727609,base,0.25495970249176025,0.1970939189195633,0.6245880126953125,-0.5768709175885204,-0.36315331901864883,-0.31066758718599075,0.6624388536089764
1777985445,364728784,base,0.2543715238571167,0.19721025228500366,0.6237872838973999,-0.5769467618522356,-0.36313946708331907,-0.3112953522832282,0.6620856171118054
1777985445,420731717,base,0.25352463126182556,0.19708751142024994,0.6232405304908752,-0.5766525032347432,-0.36307067558107886,-0.3113478650834502,0.6623549413894173
1777985445,472731234,base,0.25261566042900085,0.1970347911119461,0.6228012442588806,-0.5762188193734304,-0.36326553003023554,-0.31116214047633856,0.6627126971954275
1777985445,528728101,base,0.2517348527908325,0.19697842001914978,0.6223177909851074,-0.5758199509008758,-0.3634078396930492,-0.3109832819269468,0.6630652414611853
1777985445,594730457,base,0.2508264482021332,0.19692298769950867,0.6218835711479187,-0.5753823742061838,-0.3636042382916914,-0.3108134635426371,0.6634169624494606
1777985445,677730719,base,0.24990683794021606,0.1968940943479538,0.6214844584465027,-0.5749423114129897,-0.36385637512853264,-0.310663593334998,0.6637303615662367
1777985445,778732240,base,0.2489519864320755,0.1968700885772705,0.6211636662483215,-0.5744670114666725,-0.3641803941173632,-0.3105757564189812,0.6640052616471234
1777985449,321727563,base,0.24929183721542358,0.19624049961566925,0.6204606294631958,-0.5753993712554931,-0.3606662613239634,-0.3081242587696138,0.6662543308124457
1777985449,398727777,base,0.24978874623775482,0.19575266540050507,0.6197349429130554,-0.5763861730413335,-0.35813348926776956,-0.3062331238968895,0.6676381126603299
1777985449,476726566,base,0.2502919137477875,0.19522960484027863,0.6190410852432251,-0.5782539557891736,-0.3540862590820505,-0.3026331517603142,0.6698197114522793
1777985449,600727052,base,0.2501305341720581,0.19548556208610535,0.6180808544158936,-0.5814645483833596,-0.34899617539021566,-0.29628125962105656,0.6725459615939907
1777985449,685727156,base,0.24991057813167572,0.19580519199371338,0.6171568036079407,-0.5823733216182669,-0.3478446358974288,-0.2943535210258059,0.6732023595323269
1777985449,734726768,base,0.24965108931064606,0.19611899554729462,0.6162293553352356,-0.5827662870643887,-0.34752230895752667,-0.29337337824306225,0.6734565650294672
1777985449,774733123,base,0.24932916462421417,0.1964050829410553,0.6153057217597961,-0.5830337492534309,-0.3473366703410935,-0.2925575396858875,0.6736757009296499
1777985449,808734167,base,0.24897359311580658,0.1966760903596878,0.6144100427627563,-0.5832986453798803,-0.34711346249715896,-0.29170098031465824,0.6739328289230067
1777985449,841734338,base,0.2485421746969223,0.19692450761795044,0.6135187149047852,-0.583599761735235,-0.34674224957257194,-0.29067262667388677,0.6743074633359576
1777985449,882734312,base,0.24793869256973267,0.19702520966529846,0.6127086281776428,-0.5838488737488682,-0.34610259328371906,-0.2894611516422361,0.6749412630274592
1777985449,932734411,base,0.24707359075546265,0.19689840078353882,0.6122069358825684,-0.5840376528458857,-0.34506636718335437,-0.2879696861638593,0.6759457594679498
1777985449,974734317,base,0.2461027055978775,0.19675958156585693,0.6119987964630127,-0.5845308115196374,-0.3435139957599227,-0.28582257358096974,0.6772202924834311
1777985450,8737406,base,0.24511584639549255,0.196611225605011,0.6118599772453308,-0.5849832165844167,-0.3420092990009479,-0.2837304616778754,0.6784698181524333
1777985450,39734473,base,0.24412263929843903,0.19645069539546967,0.6116815805435181,-0.5853058394394562,-0.3406843924359054,-0.28185830089431774,0.6796374727341752
1777985450,67734327,base,0.24313972890377045,0.1963043212890625,0.6114789843559265,-0.5854892956735782,-0.33962330360796716,-0.28027419953731336,0.6806648601926839
1777985450,94733801,base,0.24214079976081848,0.1961398869752884,0.6113011240959167,-0.5854074718184371,-0.33898007657549606,-0.2791900491084151,0.6815009233563983
1777985450,121727268,base,0.24115216732025146,0.19598351418972015,0.6110982298851013,-0.5850210911522745,-0.3388736123965983,-0.27872501834163366,0.6820757824057053
1777985450,148731594,base,0.24016375839710236,0.19585636258125305,0.6108323335647583,-0.5844834717143567,-0.3390715010402718,-0.27856493015248374,0.6825035721035634
1777985450,174726951,base,0.23920467495918274,0.19576534628868103,0.6105039715766907,-0.5839413494168174,-0.3393476330066402,-0.2784608035906418,0.6828728034889986
1777985450,201727969,base,0.23823139071464539,0.19566836953163147,0.6101599931716919,-0.5833816580372698,-0.3396332372349926,-0.27837959733288,0.6832421992836654
1777985450,228728316,base,0.2372853308916092,0.1955801397562027,0.6098094582557678,-0.5828491770935937,-0.33990355064007066,-0.2782882183901771,0.6835993344215083
1777985450,256728384,base,0.23634926974773407,0.19550739228725433,0.6094242334365845,-0.582337586589997,-0.34015871036278356,-0.2781604542666612,0.6839603503728409
1777985450,287727863,base,0.2354489415884018,0.19544637203216553,0.6089656352996826,-0.5818915669160055,-0.3403424205395953,-0.27804840956601484,0.6842940299480937
1777985450,325734256,base,0.2346668243408203,0.19537951052188873,0.6083160638809204,-0.5816763640768594,-0.3402077635223728,-0.27809125899963844,0.6845264992182274
1777985450,371729043,base,0.23422569036483765,0.19530346989631653,0.6074214577674866,-0.5818990861680626,-0.3395340988765787,-0.2784628551069523,0.684520625761454
1777985450,420732658,base,0.23397468030452728,0.1953214406967163,0.6064463257789612,-0.5823040911865706,-0.3387909418587761,-0.27867821770555395,0.6844567818310483
1777985450,460731942,base,0.2339048683643341,0.19547580182552338,0.6054564714431763,-0.5828387850078821,-0.338122830210732,-0.27855890014191104,0.6843806152244029
1777985450,497728287,base,0.23392322659492493,0.19569188356399536,0.604449450969696,-0.5834431362521997,-0.33747606148631015,-0.27829944497592046,0.6842904423488533
1777985450,534728116,base,0.2338651567697525,0.1959555745124817,0.6034665107727051,-0.5839657000647268,-0.33699258174374663,-0.27785249435464765,0.684264589574369
1777985450,574728008,base,0.2337007075548172,0.1962592601776123,0.6025173664093018,-0.5843930645710697,-0.33668121509000576,-0.2772728096905857,0.6842881585789928
1777985450,620728444,base,0.23335635662078857,0.19657708704471588,0.6016159653663635,-0.5846561416228335,-0.3365764494345922,-0.27657399549288597,0.6843977791008672
1777985450,686727857,base,0.23273657262325287,0.19677461683750153,0.6008509397506714,-0.5846413453958476,-0.336583884637695,-0.2759425049016525,0.6846616169857003
1777985450,766729836,base,0.23176608979701996,0.1966657042503357,0.6005933880805969,-0.584454928096597,-0.33618763058731665,-0.2750761601867021,0.6853637029464517
1777985450,832731094,base,0.2307741791009903,0.19652265310287476,0.6005005836486816,-0.5844710349549197,-0.33539982685309755,-0.2737790041932088,0.6862547621383704
1777985450,887730583,base,0.22978171706199646,0.19640317559242249,0.6006296277046204,-0.5845533116920988,-0.3346275859511774,-0.2724470293443895,0.687091262919149
1777985450,931727982,base,0.22881582379341125,0.19625256955623627,0.6008794903755188,-0.5843946203222485,-0.334256394633238,-0.2716394267087421,0.6877264102468953
1777985450,971731898,base,0.227830171585083,0.19609753787517548,0.6011122465133667,-0.5842988728962498,-0.3337470674595053,-0.27066256306563347,0.688439897142584
1777985451,8731675,base,0.22685517370700836,0.1959482580423355,0.6013961434364319,-0.5841445700581411,-0.3333848234793829,-0.2698514315117439,0.68906449044085
1777985451,44734826,base,0.22585508227348328,0.19581782817840576,0.6015828251838684,-0.5838846140361256,-0.3332166902816529,-0.26922527160449566,0.6896108630587715
1777985451,81732075,base,0.22485612332820892,0.195685476064682,0.6015610694885254,-0.5834874604449196,-0.3332167789016287,-0.26881447371601325,0.6901070395295906
1777985451,121729116,base,0.2238633781671524,0.19555054605007172,0.6013500094413757,-0.5828785066917581,-0.33350986665844595,-0.2687628114960209,0.6905000737097499
1777985451,162729176,base,0.22291822731494904,0.19546717405319214,0.601029634475708,-0.5823053190211501,-0.33384763682071433,-0.2687271011692835,0.6908342721880556
1777985451,204731562,base,0.2219962775707245,0.19542625546455383,0.6006149053573608,-0.5817951206992522,-0.3341493220750721,-0.2686123782532348,0.6911628114082978
1777985451,245732435,base,0.22114472091197968,0.19546151161193848,0.6000667214393616,-0.5814180371474277,-0.33438515119247514,-0.26835678791152817,0.691465293119748
1777985451,291731821,base,0.22039003670215607,0.1955423802137375,0.5994062423706055,-0.5811786738713228,-0.33450370022548415,-0.26804654031202063,0.691729464657997
1777985451,342732696,base,0.21962888538837433,0.19567014276981354,0.5987662672996521,-0.5809472543639473,-0.3347027562076971,-0.2676656141815951,0.6919750551734904
1777985451,404727581,base,0.21886545419692993,0.19588030874729156,0.5981531739234924,-0.5807795494707679,-0.3350086871683548,-0.2672655802434811,0.6921223741122963
1777985451,461727523,base,0.21810880303382874,0.19621285796165466,0.5975760817527771,-0.5807212990346713,-0.3354504286280287,-0.266838946428808,0.6921219273716531
1777985451,506727013,base,0.21735939383506775,0.19657190144062042,0.5970143675804138,-0.5806898380243537,-0.335925945234044,-0.2664122445923439,0.6920820572992232
1777985451,560731893,base,0.2165713608264923,0.19684557616710663,0.5964449644088745,-0.5805770353667923,-0.33633001024323483,-0.26607980377961493,0.692108342012452
1777985451,650727458,base,0.2159012109041214,0.19681507349014282,0.5957027077674866,-0.5804721357174897,-0.3361136652213794,-0.2662496061182768,0.6922361113569533
1777985451,730730590,base,0.21527546644210815,0.19688235223293304,0.5949149131774902,-0.5804128505438453,-0.3359805697251323,-0.26612724974322677,0.6923974712202858
1777985451,826730846,base,0.2144375741481781,0.19678214192390442,0.5943759083747864,-0.5800477147758013,-0.3359988823336121,-0.26635877952084486,0.6926055154585522
1777985451,891729269,base,0.21354131400585175,0.19673839211463928,0.593914270401001,-0.5795752785637764,-0.3362400429726323,-0.266331399319682,0.692894445271788
1777985451,950727904,base,0.21261008083820343,0.196682870388031,0.5935369729995728,-0.5790221868438146,-0.3365794746179887,-0.26628619998813163,0.6932093498288411
1777985452,6729083,base,0.21171540021896362,0.19665399193763733,0.5930892825126648,-0.5785351385604378,-0.3368647181039295,-0.2662044194921404,0.69350879026386
1777985452,58726540,base,0.2108243703842163,0.19663992524147034,0.5925967693328857,-0.5780776420439608,-0.3371257972158894,-0.26610179022040203,0.6938027562667767
1777985452,105727176,base,0.20995549857616425,0.19663454592227936,0.5920833349227905,-0.5776461028409745,-0.3373629608127347,-0.26599975667294173,0.6940859641072585
1777985452,150727726,base,0.20908309519290924,0.1966441422700882,0.5915656685829163,-0.5772125044301248,-0.3376231545603268,-0.2658493539076315,0.6943777262241879
1777985452,194727489,base,0.20819759368896484,0.19664143025875092,0.5910787582397461,-0.5767483931280303,-0.33790824935598557,-0.2657201815895461,0.6946740728780391
1777985452,238726863,base,0.207274928689003,0.19658610224723816,0.5906788110733032,-0.5762033300049961,-0.3382270359699223,-0.26571730464155036,0.6949723059767684
1777985452,280727314,base,0.2063523381948471,0.19656726717948914,0.590238094329834,-0.5756810617405332,-0.3385673898445656,-0.26562076149853575,0.6952762138885217
1777985452,319731090,base,0.20550785958766937,0.19661174714565277,0.5896992087364197,-0.5752746510561048,-0.3388446138590765,-0.26539074304406024,0.6955653344384619
1777985452,357727753,base,0.20468348264694214,0.1966732144355774,0.5891354084014893,-0.5748986535371283,-0.3391099759668661,-0.2651343548257146,0.6958446194407794
1777985452,397731540,base,0.2038457989692688,0.19671688973903656,0.5885672569274902,-0.5745119794214133,-0.33935457909331557,-0.26493410012811,0.6961209440645743
1777985452,439727031,base,0.20300684869289398,0.19675946235656738,0.5879981517791748,-0.5741255862077391,-0.33959686590207283,-0.26474705528809883,0.6963926802655385
1777985452,484731520,base,0.20220506191253662,0.1968088448047638,0.5873745083808899,-0.5738001192416142,-0.3397637602714717,-0.2645930051582739,0.696638022530548
1777985452,531731747,base,0.2014700323343277,0.19686193764209747,0.5866824984550476,-0.5735728902074997,-0.3398093543036209,-0.264501620326057,0.6968375997279197
1777985452,577729970,base,0.20077398419380188,0.19691714644432068,0.5859376788139343,-0.5734105806785081,-0.3397700392128698,-0.2644741759641038,0.6970007256992563
1777985452,624730712,base,0.20010708272457123,0.19694283604621887,0.5851668119430542,-0.5732893701619562,-0.33962397484646784,-0.264582242464177,0.6971306256094112
1777985452,671734710,base,0.1994086056947708,0.19695566594600677,0.5844244956970215,-0.5731231159037096,-0.33951587542213324,-0.26471974649471514,0.6972677487252855
1777985452,717735405,base,0.1986490935087204,0.19696848094463348,0.5837559700012207,-0.572865622648283,-0.33953077838775547,-0.2648137095897755,0.6974364039502803
1777985452,762733970,base,0.19783562421798706,0.19700145721435547,0.5831504464149475,-0.5725517364892325,-0.3396757221750399,-0.26487007933545886,0.6976021414083192
1777985452,805734764,base,0.19695690274238586,0.19703246653079987,0.5826418399810791,-0.5721430404514316,-0.33996750014270405,-0.2649009352769718,0.6977835729657627
1777985452,847734794,base,0.1960672289133072,0.19704914093017578,0.5821852087974548,-0.5716913048752639,-0.3402981560545146,-0.264948694688321,0.6979744898212291
1777985452,892733948,base,0.1951725333929062,0.19704779982566833,0.5817162394523621,-0.5712632596346664,-0.34057798314074833,-0.2651479938012858,0.6981127839121007
1777985452,941735260,base,0.19428394734859467,0.19703957438468933,0.5812234878540039,-0.5709122904140251,-0.3407831942608513,-0.2655820658458194,0.6981347541588702
1777985453,6735301,base,0.1934010535478592,0.19702988862991333,0.580732524394989,-0.5707959506756727,-0.3408505537926931,-0.2667588762516628,0.6977482202190114
1777985453,95734583,base,0.1925339698791504,0.19737890362739563,0.5803593993186951,-0.5715778432677762,-0.3410581082092092,-0.26925509687815086,0.6960458558128833
1777985455,100728510,base,0.19310179352760315,0.19685949385166168,0.5810116529464722,-0.5754817708261936,-0.3341716450334271,-0.264662414753309,0.6979282580428448
1777985455,161727924,base,0.1939304918050766,0.19649545848369598,0.5814769268035889,-0.5791040447321506,-0.32815675420313806,-0.26132065522095116,0.699044458947732
1777985455,219727239,base,0.1944219470024109,0.1960105448961258,0.5822033286094666,-0.580565659596208,-0.32556380983641703,-0.26211101704054807,0.6987485383454357
1777985455,276726774,base,0.19367803633213043,0.19573548436164856,0.5828255414962769,-0.5799032310289071,-0.32618191541619723,-0.263313542508827,0.6985582276678929
1777985455,326729519,base,0.19268010556697845,0.19570666551589966,0.5828888416290283,-0.5793380175631822,-0.32679884203702847,-0.2634438245124014,0.6986897108131918
1777985455,370730612,base,0.19175395369529724,0.19585660099983215,0.5825144052505493,-0.5793395183244097,-0.32672962134133826,-0.2625479710798814,0.6990579481471213
1777985455,411726783,base,0.19098295271396637,0.1961020827293396,0.581907331943512,-0.5797207611544235,-0.32619862631814156,-0.26106862536057207,0.699543748213104
1777985455,453727086,base,0.190285325050354,0.19637969136238098,0.5812191963195801,-0.5799776865515579,-0.32597286522027347,-0.25998919075576327,0.6998379672008086
1777985455,498729454,base,0.18964076042175293,0.19666586816310883,0.5804911255836487,-0.5800021726488802,-0.32618920860431283,-0.2594914051190831,0.6999016309489424
1777985455,553727141,base,0.18893495202064514,0.19694925844669342,0.5798332691192627,-0.5799384919743559,-0.3265751773212183,-0.2591428978574148,0.6999035337727286
1777985455,680727512,base,0.18799956142902374,0.1969875693321228,0.5794697999954224,-0.5797134829594218,-0.32665673035029336,-0.2588340547608455,0.7001660938098756
1777985455,774731830,base,0.1872381716966629,0.19712960720062256,0.5788215398788452,-0.5798688776446146,-0.3262335765141497,-0.2577732118215546,0.7006259349532614
1777985455,847727669,base,0.1862829327583313,0.1970224380493164,0.5785406827926636,-0.5793198095730241,-0.32646258544920265,-0.25782972745032584,0.7009526071948546
1777985455,899726990,base,0.18528643250465393,0.1970319151878357,0.5783400535583496,-0.5789087907698258,-0.32678376205811294,-0.2575590604034052,0.701241961246541
1777985455,944726968,base,0.18427367508411407,0.19707457721233368,0.5782371163368225,-0.5787603640091297,-0.3268178857518902,-0.2568754167162505,0.7015992710931392
1777985455,986731811,base,0.18326367437839508,0.1970706731081009,0.5782785415649414,-0.5788815273216676,-0.32633993237389886,-0.25567882618552096,0.7021586347112728
1777985456,24727766,base,0.18226812779903412,0.19709931313991547,0.5784080028533936,-0.5791875876388055,-0.32573637303512515,-0.2543869202936995,0.7026555679793862
1777985456,59727458,base,0.18127848207950592,0.19718225300312042,0.5786342024803162,-0.5795912846813929,-0.32525407251765354,-0.2532844262844997,0.7029443376291171
1777985456,93728202,base,0.18031230568885803,0.19726601243019104,0.578952431678772,-0.579994421251945,-0.32492738820855593,-0.2526377212148639,0.7029956062784626
1777985456,135732332,base,0.1793825626373291,0.19732853770256042,0.5793581604957581,-0.5807619004704019,-0.3242630186811968,-0.25269766055822523,0.7026471315504383
1777985456,283727781,base,0.17854344844818115,0.19760672748088837,0.5788868069648743,-0.5863492948266653,-0.3182951358398549,-0.25731116242174906,0.6990519623053839
1777985456,336728256,base,0.1779530644416809,0.19770388305187225,0.5780676007270813,-0.5876799731544752,-0.31660654006970557,-0.25854583441472334,0.6982453766329835
1777985456,380727342,base,0.17734786868095398,0.1976967304944992,0.5772626996040344,-0.5880509523558265,-0.3159025077253188,-0.25963490080109436,0.6978476790355606
1777985456,413727537,base,0.17671921849250793,0.19772790372371674,0.5764648914337158,-0.5880222920886206,-0.31570396800366657,-0.26008378579017094,0.6977945186469543
1777985456,447727410,base,0.1761486530303955,0.19772550463676453,0.5756316781044006,-0.5879322876164143,-0.3154935927773982,-0.26062397318509023,0.6977639714790411
1777985456,487731773,base,0.17543910443782806,0.19765229523181915,0.5749173760414124,-0.587606440716649,-0.3154439182115369,-0.261160319482159,0.697860365288148
1777985456,533727941,base,0.17466667294502258,0.197548046708107,0.5742608904838562,-0.5871779966977851,-0.3154717037962213,-0.261741880290455,0.6979905308535275
1777985456,581728146,base,0.17379099130630493,0.19747740030288696,0.5737650394439697,-0.5866227378673167,-0.31578976097641476,-0.2621306676861184,0.6981676835545848
1777985456,633726750,base,0.1728016883134842,0.1974746584892273,0.5735359191894531,-0.5859860201674667,-0.3165158737739064,-0.26240406213339956,0.6982708571623678
1777985456,686736642,base,0.17179708182811737,0.1975104957818985,0.5735023617744446,-0.5854081655112848,-0.31740284458146295,-0.26277879644308677,0.6982120160606731
1777985456,740734174,base,0.17080087959766388,0.19756320118904114,0.5736401081085205,-0.5849564836289777,-0.31825078933553735,-0.26308761670709657,0.6980882661733764
1777985456,796733590,base,0.16980357468128204,0.19771228730678558,0.5736467242240906,-0.5848001083361064,-0.3188125093762548,-0.2629217866644039,0.6980254523817021
1777985456,856734433,base,0.16879180073738098,0.19777876138687134,0.573632001876831,-0.5845471123840772,-0.31926953936862584,-0.2627929398942534,0.6980770035738185
1777985456,917730750,base,0.16777487099170685,0.1977371871471405,0.5736280679702759,-0.5841514729758109,-0.3196045885027192,-0.26266951759026574,0.6983012941325675
1777985456,973731140,base,0.16676750779151917,0.19767841696739197,0.5737076997756958,-0.5834774239411878,-0.3204355562567149,-0.26311616041145597,0.6983158619565959
1777985457,27730119,base,0.16576890647411346,0.19764746725559235,0.5738434195518494,-0.5828454969061524,-0.3213441263501532,-0.2636212867129304,0.6982355357566857
1777985457,79728311,base,0.16477569937705994,0.19765077531337738,0.5740187764167786,-0.5822431281479382,-0.32235559576032585,-0.26420497087047035,0.6980512344574312
1777985457,131727247,base,0.16376502811908722,0.1976958066225052,0.5740930438041687,-0.5817632149766779,-0.32322044424939944,-0.2645432104277502,0.697923338055158
1777985457,183727791,base,0.1627601832151413,0.19777464866638184,0.5741690993309021,-0.5812999961581363,-0.3241860820628352,-0.2649586421087899,0.6977038248720833
1777985457,237727090,base,0.16174551844596863,0.19784368574619293,0.5742343068122864,-0.5809760794780869,-0.3248644478096314,-0.2650379013766033,0.6976279684979162
1777985457,290727599,base,0.1607479304075241,0.19778095185756683,0.5743317008018494,-0.5806730328822275,-0.325065769493076,-0.2647471871994158,0.6978968212997492
1777985457,340727433,base,0.15975013375282288,0.19775375723838806,0.574447751045227,-0.5804714281788929,-0.32523628933112286,-0.2643643646562288,0.6981301731346552
1777985457,384730954,base,0.15874601900577545,0.19783872365951538,0.5745654702186584,-0.5806181070290076,-0.32520047383133605,-0.2635724896068926,0.6983242720258939
1777985457,422730640,base,0.15774720907211304,0.19794125854969025,0.5747645497322083,-0.5806290408902895,-0.3255456453844148,-0.26322018809874603,0.6982872288188254
1777985457,455728748,base,0.15676896274089813,0.19804979860782623,0.5750554203987122,-0.5805085913984595,-0.32623303296018635,-0.26329238810310746,0.6980393268431133
1777985457,485727727,base,0.15584233403205872,0.19813455641269684,0.5754567384719849,-0.5803450815811443,-0.3270113516687766,-0.26354796890364085,0.6977145862645612
1777985457,514727931,base,0.15496745705604553,0.1981797069311142,0.5759543776512146,-0.5801924058333607,-0.3277294828899361,-0.26385547973573314,0.6973883002686042
1777985457,543732381,base,0.15412163734436035,0.1981791853904724,0.5765085816383362,-0.5802352035463483,-0.3280031308039099,-0.2637749709174515,0.6972544760039766
1777985457,572731834,base,0.1532750427722931,0.1981607973575592,0.5770824551582336,-0.5804990958334614,-0.3278566126210807,-0.2632621877066771,0.6972975229398815
1777985457,601731387,base,0.15244059264659882,0.1981668621301651,0.5776419639587402,-0.5809805313423317,-0.32742581908632895,-0.26246262654735003,0.6974004059575896
1777985457,631733051,base,0.15157152712345123,0.19820141792297363,0.5782002210617065,-0.5815734029894346,-0.3269156612272785,-0.2615623305935032,0.6974838206613453
1777985457,659733981,base,0.1507115662097931,0.19824793934822083,0.5787142515182495,-0.5820759121649,-0.3265415781828383,-0.26067059873976545,0.6975736992642522
1777985457,686727923,base,0.1498584896326065,0.19824741780757904,0.5792419910430908,-0.5823363716013967,-0.32643423801747184,-0.2601238701136325,0.6976106495280936
1777985457,712731360,base,0.14900049567222595,0.19822482764720917,0.579771101474762,-0.5823623279599708,-0.3266556845411518,-0.2599342141296305,0.697555990426542
1777985457,738734008,base,0.14813381433486938,0.19821715354919434,0.5802853107452393,-0.582254783431329,-0.3271595309032396,-0.26005700718002756,0.697363854549457
1777985457,765728503,base,0.14723584055900574,0.19824738800525665,0.5807961225509644,-0.5820950214976103,-0.3278976566415045,-0.2603945179091581,0.6970245307815706
1777985457,793731496,base,0.14633966982364655,0.19830907881259918,0.5812626481056213,-0.5819220759791174,-0.3287392588531443,-0.26081828377537525,0.6966139716148662
1777985457,823731601,base,0.1454048454761505,0.1983817219734192,0.581684947013855,-0.5818377173845842,-0.329430715704717,-0.2610309563474185,0.6962780302867081
1777985457,855728082,base,0.14448131620883942,0.19842223823070526,0.582084596157074,-0.5819618691791322,-0.3296448808657086,-0.2607387088044923,0.6961824166911725
1777985457,893727668,base,0.14357958734035492,0.19841384887695312,0.5825566649436951,-0.5826163334346096,-0.32883201667025,-0.259393760689407,0.6965217736473404
1777985457,935731990,base,0.14271557331085205,0.19840936362743378,0.5830893516540527,-0.5834731031914041,-0.3277348945984924,-0.2578158008343016,0.6969074389793647
1777985457,978727728,base,0.14186424016952515,0.19838376343250275,0.5836352705955505,-0.5838915915297828,-0.32736426427080445,-0.25719665197783,0.6969599053594303
1777985458,18731412,base,0.1410028636455536,0.19835558533668518,0.5841474533081055,-0.5838102563424679,-0.32780440529440374,-0.25732311727488333,0.6967744793796274
1777985458,60732630,base,0.1401268094778061,0.19834880530834198,0.5846425294876099,-0.5836321627806863,-0.32848273742258,-0.25768164746961136,0.6964716371001525
1777985458,107728189,base,0.13925623893737793,0.19830875098705292,0.5851573348045349,-0.583434682146398,-0.32909790690780144,-0.2580164623268869,0.6962226980504836
1777985458,162730791,base,0.13841767609119415,0.19821369647979736,0.5857006311416626,-0.5833282738439183,-0.32938108396899074,-0.2580453458981263,0.6961672316511833
1777985458,228731549,base,0.13757167756557465,0.19816096127033234,0.5862503051757812,-0.5833397459198106,-0.32961443973209453,-0.2579795431451768,0.6960715426275261
1777985458,292727938,base,0.13679814338684082,0.19803859293460846,0.5868912935256958,-0.5832589829485538,-0.3298361655729045,-0.25804500902366584,0.6960099371042795
1777985458,344732576,base,0.13619044423103333,0.19791249930858612,0.5876846313476562,-0.5837445632400688,-0.3291402322583858,-0.2571173630638354,0.6962755517598449
1777985458,386730864,base,0.13567543029785156,0.1978430449962616,0.5885469317436218,-0.5845735326116221,-0.32807349936387153,-0.2557409660841378,0.6965903450263723
1777985458,423727822,base,0.13512501120567322,0.19789443910121918,0.5893830060958862,-0.585407026537961,-0.3273895030866209,-0.25466141137949805,0.6966076880259334
1777985458,459726894,base,0.13449761271476746,0.19807901978492737,0.5901678800582886,-0.5861207464144818,-0.32734042533304425,-0.25415991592067705,0.6962136419038589
1777985458,495729022,base,0.13388194143772125,0.19834813475608826,0.5909314155578613,-0.5867223067693204,-0.3277808296867021,-0.2542998937944411,0.6954482138984267
1777985458,537735612,base,0.13335683941841125,0.19865171611309052,0.5917274951934814,-0.5875797929421402,-0.3279493861411572,-0.2545277467526093,0.6945608716297036
1777985458,592727792,base,0.13306090235710144,0.1987515091896057,0.592683732509613,-0.5885162471230447,-0.32741133019301644,-0.2547599212057892,0.6939364771732776
1777985458,644727543,base,0.13292890787124634,0.19857583940029144,0.5936610102653503,-0.5887706727335213,-0.32709859009210557,-0.2553442929648574,0.6936532848297527
1777985458,693731533,base,0.13279931247234344,0.19835016131401062,0.5946274995803833,-0.5885655131423698,-0.3273669802601935,-0.2562860102398379,0.6933534272704432
1777985458,745728412,base,0.13259661197662354,0.1981809139251709,0.5956095457077026,-0.5883543890542052,-0.327823872766932,-0.25720036412930314,0.6929780489072952
1777985458,795727803,base,0.13228344917297363,0.1981019377708435,0.5965738296508789,-0.5882855071500163,-0.32830422737358805,-0.2578981292108139,0.6925496800170515
1777985458,841731442,base,0.13192006945610046,0.19808752834796906,0.5975298881530762,-0.5884940203489535,-0.3284993355779946,-0.25820496899686257,0.6921655653046362
1777985458,880732362,base,0.13151581585407257,0.19808799028396606,0.5984693169593811,-0.5890783157177019,-0.3280466926708284,-0.2576173990711457,0.6921021292053444
1777985458,913730950,base,0.13110129535198212,0.19809788465499878,0.5994025468826294,-0.5898462936920672,-0.3272805940932226,-0.2566488119454668,0.6921706002219647
1777985458,942731277,base,0.13067620992660522,0.19812195003032684,0.6003170609474182,-0.5905936118413211,-0.32658046406924207,-0.25573519237320724,0.6922022014976946
1777985458,969726717,base,0.13021209836006165,0.19819477200508118,0.601224422454834,-0.5913521066484142,-0.3260100310193089,-0.25493111505929955,0.6921201229132894
1777985458,994731510,base,0.12972179055213928,0.19830024242401123,0.6021141409873962,-0.5920531154596369,-0.3256327496935773,-0.25432140989263097,0.6919226994026827
1777985459,19727896,base,0.12917836010456085,0.1984594613313675,0.6029865145683289,-0.5927618680731023,-0.3253961364080687,-0.25377728285945417,0.6916269365044321
1777985459,44727569,base,0.1286420226097107,0.19862477481365204,0.6038414239883423,-0.593300962622811,-0.3254693347678,-0.2536197279712109,0.6911878968403349
1777985459,70727057,base,0.1281261295080185,0.19875703752040863,0.6047265529632568,-0.5936940275688274,-0.3257043675738569,-0.2537220756974485,0.6907019476292101
1777985459,97730575,base,0.12765027582645416,0.1988498568534851,0.605640172958374,-0.5939825959398181,-0.3260129549527523,-0.2540310501471847,0.6901944959051561
1777985459,126727199,base,0.12725017964839935,0.19889593124389648,0.6065895557403564,-0.5942603398731539,-0.32620636068762243,-0.2544626636864408,0.6897048639199643
1777985459,157729274,base,0.1269095093011856,0.1988811194896698,0.607551097869873,-0.5945666279068814,-0.32614605036472494,-0.25472387257003454,0.689372923889821
1777985459,190727320,base,0.1265375018119812,0.19885307550430298,0.6085067987442017,-0.5948066073238326,-0.32614230781855014,-0.25490071193672936,0.6891022564757087
1777985459,226728032,base,0.12614290416240692,0.19883151352405548,0.6094499826431274,-0.5950727264501422,-0.32609714595745326,-0.2549538412587313,0.6888741677549516
1777985459,263727899,base,0.12575915455818176,0.19879604876041412,0.6103736162185669,-0.595283034855433,-0.32609106105186697,-0.2550358964448898,0.6886649381339053
1777985459,301727784,base,0.1253698170185089,0.19875077903270721,0.6113073825836182,-0.5953966187774233,-0.3262276095796657,-0.2552746418109199,0.6884135805906241
1777985459,339728206,base,0.12494391202926636,0.1987323760986328,0.6122397780418396,-0.595446561345113,-0.32656087067419964,-0.2556725514138606,0.6880646224000007
1777985459,376727525,base,0.12451890110969543,0.19870932400226593,0.6131736040115356,-0.5954411038788716,-0.3269754938858099,-0.25617250591642154,0.687686388260656
1777985459,410729757,base,0.12413089722394943,0.19863741099834442,0.6141268610954285,-0.5953834508842257,-0.32732897546246026,-0.25665948058580146,0.6873864966136244
1777985459,442730676,base,0.12377317994832993,0.1985311061143875,0.615074872970581,-0.5954370335380444,-0.3273681001890417,-0.256828328648285,0.6872583717855872
1777985459,474727204,base,0.12337661534547806,0.19845867156982422,0.6160224080085754,-0.5956522754536336,-0.32721671172710093,-0.2567272237038002,0.6871817160905516
1777985459,506730932,base,0.12293146550655365,0.19844147562980652,0.616951048374176,-0.5959731746697944,-0.32703261723639704,-0.25650943843527263,0.6870724380762181
1777985459,536732547,base,0.12244640290737152,0.19848336279392242,0.6178362369537354,-0.5962866931566653,-0.327014700303838,-0.2564078808204242,0.686846806159723
1777985459,564731251,base,0.12194515764713287,0.1985473334789276,0.618705153465271,-0.5965282792513911,-0.3271882364790349,-0.2564963833888061,0.6865212805376314
1777985459,591731060,base,0.12140382081270218,0.19864052534103394,0.6195846199989319,-0.5966918138387838,-0.3275914527061042,-0.2568045157062731,0.6860715347364814
1777985459,617731596,base,0.12085866928100586,0.19874317944049835,0.6204535961151123,-0.5968289858722111,-0.32805950528516364,-0.257184076912859,0.6855862068239641
1777985459,642727041,base,0.12033026665449142,0.19883398711681366,0.621302604675293,-0.5969692798981129,-0.3284697620230213,-0.257508439072531,0.6851457443867288
1777985459,668730786,base,0.119808129966259,0.19889239966869354,0.622198760509491,-0.5971893410405057,-0.32864998057816924,-0.25761516533207723,0.6848273481763106
1777985459,694730984,base,0.11930318176746368,0.1989419311285019,0.623073399066925,-0.5976147423631235,-0.32841593303934924,-0.2572655211293801,0.6846999686384222
1777985459,720731458,base,0.1187959536910057,0.19898411631584167,0.6239559054374695,-0.5982163509039788,-0.3278338167365485,-0.2565210543800588,0.684732884463765
1777985459,745732432,base,0.11829937994480133,0.19900837540626526,0.6248512268066406,-0.5987743268159572,-0.3272762303210114,-0.25583550776484804,0.6847683991366749
1777985459,769731553,base,0.11781644821166992,0.19901835918426514,0.6257433891296387,-0.5992768905200938,-0.32676822777690734,-0.2552288524896344,0.6847977444111432
1777985459,793732505,base,0.11732388287782669,0.19902203977108002,0.6266504526138306,-0.5997676977439016,-0.32626436810617054,-0.2546336686006505,0.6848298803757512
1777985459,817731240,base,0.11683053523302078,0.19902253150939941,0.6275689005851746,-0.6001692921416761,-0.32591335704091556,-0.2542225583517465,0.6847979130506955
1777985459,840731248,base,0.11634586751461029,0.19901815056800842,0.6284729242324829,-0.6004077514941716,-0.325837950302967,-0.25413078832344593,0.6846588148300337
1777985459,862727430,base,0.11586728692054749,0.1990145742893219,0.6293622851371765,-0.6004260361300845,-0.3261567987988609,-0.2544912442955964,0.6843570044951633
1777985459,884731143,base,0.11539094150066376,0.1990058422088623,0.6302505731582642,-0.6002972332972352,-0.32672565807504333,-0.255139897260708,0.6839570183786837
1777985459,907727677,base,0.11488845944404602,0.1990208476781845,0.6311386823654175,-0.6001398990292617,-0.32741269000587814,-0.2558940754786184,0.6834846518515784
1777985459,931730850,base,0.11437111347913742,0.1990513652563095,0.6320186853408813,-0.6000003920215634,-0.328101130566275,-0.2566320493890616,0.6830001133568545
1777985459,957730856,base,0.11384464055299759,0.19908791780471802,0.632896363735199,-0.5998691441846199,-0.32878831899730726,-0.2573570422149822,0.6825119887074544
1777985459,985731529,base,0.11333069950342178,0.19911906123161316,0.6337610483169556,-0.5997766792199808,-0.32937684585203686,-0.25798089295093046,0.6820738093653167
1777985460,16731126,base,0.11282742768526077,0.19912533462047577,0.6346513628959656,-0.5997893027416723,-0.3297045292724627,-0.2583402890593101,0.6817682824379739
1777985460,49727163,base,0.11234889179468155,0.1990988701581955,0.6355436444282532,-0.5999194531185396,-0.3297194971653643,-0.25838196572268834,0.6816307329482072
1777985460,82731220,base,0.1118839830160141,0.19905172288417816,0.6364448070526123,-0.6001365146893499,-0.3295210205477387,-0.2582083481982623,0.6816014303180707
1777985460,113731350,base,0.11141426116228104,0.19899967312812805,0.6373597979545593,-0.6003447047327757,-0.32932293043380917,-0.25804493556882513,0.6815756928086629
1777985460,141727894,base,0.11094305664300919,0.19895578920841217,0.6382571458816528,-0.6005273216820313,-0.3291869542718835,-0.25794124762255033,0.681519766807674
1777985460,168730560,base,0.11044353991746902,0.1989372968673706,0.6391505002975464,-0.600745588873732,-0.32905338375710047,-0.2578036916766951,0.681443947752146
1777985460,193729402,base,0.109931580722332,0.19894912838935852,0.6400110721588135,-0.6008903712271545,-0.3291269346662532,-0.2578684731434721,0.6812562473583744
1777985460,217727629,base,0.10941128432750702,0.198956698179245,0.6408860683441162,-0.6009354300230042,-0.3293682120910954,-0.25812675664114676,0.68100203219475
1777985460,241727409,base,0.10888038575649261,0.1989591121673584,0.6417734622955322,-0.6009575511557745,-0.3296386205761085,-0.2584123269604689,0.6807433147894996
1777985460,264728071,base,0.10834748297929764,0.19898779690265656,0.6426200270652771,-0.6009574050955843,-0.33000552830493834,-0.2587839464627659,0.6804244339337878
1777985460,288731689,base,0.10777638852596283,0.19904325902462006,0.6434815526008606,-0.6009346543838066,-0.3304889602412402,-0.2592555502066119,0.6800302629155134
1777985460,312727556,base,0.10720064491033554,0.1990978866815567,0.6443442106246948,-0.6009042165010514,-0.33097925549315005,-0.25973623537351376,0.6796351596257251
1777985460,336729912,base,0.10661230981349945,0.19917336106300354,0.645188570022583,-0.6009040622556334,-0.3314582025924512,-0.26017717551223857,0.6792331120791533
1777985460,360727382,base,0.1060343086719513,0.199246346950531,0.6460205316543579,-0.6009816344790659,-0.3317830304592793,-0.26045407315307917,0.6788996495868737
1777985460,385727228,base,0.1054331511259079,0.1993425041437149,0.64683997631073,-0.6011697491519625,-0.3319642811154269,-0.2605362647762984,0.6786129256360216
1777985460,410726945,base,0.10485150665044785,0.19941987097263336,0.6476514935493469,-0.6014069995934574,-0.331995827664967,-0.2604701008677076,0.6784126367190582
1777985460,435728691,base,0.10428864508867264,0.1994626373052597,0.6484931707382202,-0.6016362205100102,-0.33195598362386225,-0.2603710876049827,0.6782668822268798
1777985460,460739497,base,0.10372446477413177,0.19948822259902954,0.6493560671806335,-0.6017997121308686,-0.33198620185278793,-0.26036935560072616,0.6781076995723697
1777985460,485727143,base,0.10317182540893555,0.19950680434703827,0.6502127051353455,-0.601893555649934,-0.33212101681735223,-0.2604992127355264,0.6779084902663791
1777985460,511727745,base,0.10261469334363937,0.19952529668807983,0.6510697603225708,-0.6019597611227522,-0.33230360597379777,-0.26068076647642274,0.6776904056148692
1777985460,538727944,base,0.10205221176147461,0.19954611361026764,0.6519228219985962,-0.6020982998218332,-0.33235414409409164,-0.2607076247534137,0.6775321968073845
1777985460,565739026,base,0.10150638967752457,0.19954411685466766,0.6527894735336304,-0.6023021643694397,-0.3322253159336528,-0.26056720143785667,0.6774682084360777
1777985460,591728679,base,0.10099779814481735,0.19950461387634277,0.6536523103713989,-0.6024953857913351,-0.3320115969218315,-0.2603715344381094,0.6774763789779193
1777985460,617728043,base,0.1005081981420517,0.19942352175712585,0.6545550227165222,-0.6026035220538797,-0.3318506408930124,-0.26028745079652815,0.6774913794705448
1777985460,642727334,base,0.1000480055809021,0.1993231475353241,0.655442476272583,-0.6026145081417779,-0.3318082372442077,-0.2603600616664306,0.6774744784610816
1777985460,667727235,base,0.09958112984895706,0.19922225177288055,0.6563364863395691,-0.6025373650683601,-0.3319214387847947,-0.26060485246483,0.677393516991382
1777985460,692727001,base,0.09907765686511993,0.19916346669197083,0.6572107076644897,-0.6024169579337246,-0.3322185522438145,-0.2610092395332194,0.6771992335097359
1777985460,717738165,base,0.09853922575712204,0.199154794216156,0.6580596566200256,-0.602289817059111,-0.33264867897653755,-0.26150137098875664,0.6769112513491122
1777985460,743735005,base,0.09795615077018738,0.19918926060199738,0.6589015126228333,-0.6022047899947826,-0.33311254362899717,-0.2619798120655403,0.6765737014783684
1777985460,769734488,base,0.09735316038131714,0.1992625743150711,0.6597075462341309,-0.6021941970755459,-0.33352918271125515,-0.2623642384809301,0.6762288325764029
1777985460,796726852,base,0.09676568955183029,0.19934025406837463,0.6605238914489746,-0.602254253466098,-0.3338225972984546,-0.26261733645402924,0.6759322609612419
1777985460,825727004,base,0.09622566401958466,0.19939224421977997,0.6613879799842834,-0.6023541808516178,-0.33396530893497434,-0.26274951334229757,0.6757213229691539
1777985460,856731915,base,0.0957622081041336,0.19942034780979156,0.6622827053070068,-0.6025290143954215,-0.33389431580948437,-0.2626867649694571,0.6756249175305453
1777985460,889727544,base,0.09535658359527588,0.1994282603263855,0.6632093787193298,-0.6028014580701401,-0.33358365940140555,-0.2623964860590756,0.6756481366172575
1777985460,924728352,base,0.09496414661407471,0.1994306445121765,0.664149820804596,-0.6030600047999767,-0.33327752387709764,-0.26212872478747656,0.6756724500171364
1777985460,960728075,base,0.09457775205373764,0.19943906366825104,0.6650848388671875,-0.6031450486598052,-0.3332898592924916,-0.26221456051462577,0.675557118661647
1777985460,996727071,base,0.09420791268348694,0.1994415670633316,0.6660359501838684,-0.6030461104520201,-0.333611485354839,-0.262687788444153,0.6753027915929741
1777985461,31730950,base,0.09384659677743912,0.19941361248493195,0.6669862270355225,-0.6029089288027532,-0.3339249678625437,-0.2632076928786009,0.6750678937540843
1777985461,64727134,base,0.09349620342254639,0.19934730231761932,0.6679388284683228,-0.602766661913007,-0.3341528849315061,-0.2636853395091544,0.6748957130935477
1777985461,95727683,base,0.0932074636220932,0.19925259053707123,0.6689126491546631,-0.6026793234277132,-0.3341885081044576,-0.2640868459916983,0.6747990806722056
1777985461,124727905,base,0.09298604726791382,0.19913841784000397,0.6699045896530151,-0.6026057311414644,-0.3341198790827173,-0.264535796881084,0.6747229343030319
1777985461,151730980,base,0.09287548810243607,0.19899384677410126,0.6709035038948059,-0.6025322871854604,-0.3339332380958456,-0.2650655690316231,0.6746730158429631
1777985461,177727672,base,0.09290889650583267,0.1988198161125183,0.6719064712524414,-0.6025771474025975,-0.33339522452586773,-0.2655376734054742,0.6747133708009475
1777985461,204727267,base,0.09302967041730881,0.19866786897182465,0.6728949546813965,-0.6027681259470619,-0.33258760214481053,-0.26589872312593005,0.6747991938443288
1777985461,235727333,base,0.09317485988140106,0.19858330488204956,0.6739090085029602,-0.6030693124518338,-0.3317102657646164,-0.26620464088686907,0.6748413167085121
1777985461,270731680,base,0.09330212324857712,0.19861792027950287,0.6749227643013,-0.6033934063875259,-0.3310636777543686,-0.26651504288077194,0.6747465964347554
1777985461,313727549,base,0.09332992881536484,0.19886429607868195,0.67591392993927,-0.6036885162537104,-0.33099793627901736,-0.2668384853791822,0.6743869571944886
1777985461,359727338,base,0.09329356253147125,0.19931186735630035,0.6768203377723694,-0.604008181499979,-0.3313731775211852,-0.26709545099206217,0.6738144741887037
1777985461,403727371,base,0.09330577403306961,0.19980943202972412,0.6777076125144958,-0.6043656807485902,-0.3317619375328978,-0.2673364448228537,0.6732067629483548
1777985461,443728844,base,0.09348777681589127,0.2001442313194275,0.6786596775054932,-0.6046467802566821,-0.3318763992059176,-0.2675492845824417,0.6728132767159
1777985461,474735651,base,0.09374819695949554,0.20022894442081451,0.679633617401123,-0.6047242190434182,-0.33179378868701337,-0.2678272996184605,0.6726737950248809
1777985461,502727436,base,0.0939817875623703,0.20022128522396088,0.680640459060669,-0.60467906060721,-0.33175919786509317,-0.26810888178541004,0.6726192736403627
1777985461,529727359,base,0.09420611709356308,0.20019489526748657,0.681624174118042,-0.6046110077517546,-0.3317327226835227,-0.2683708498290038,0.6725890286902504
1777985461,557727801,base,0.09443353116512299,0.2001654952764511,0.6826093196868896,-0.6045422737640317,-0.33169737588048565,-0.26861956536176734,0.6725689504874802
1777985461,587728328,base,0.09465386718511581,0.20013628900051117,0.683617115020752,-0.6044699949436053,-0.3316694967563704,-0.26888286187389115,0.6725424581126147
1777985461,618727106,base,0.09483391046524048,0.20011557638645172,0.6846244931221008,-0.6043872676283749,-0.3316856072454152,-0.26917422572592664,0.6724923043991737
1777985461,650728878,base,0.09492545574903488,0.2001035064458847,0.6856328845024109,-0.6042750701450808,-0.331792285360269,-0.269530771596251,0.6723976978311363
1777985461,683727415,base,0.09490751475095749,0.20008164644241333,0.6866584420204163,-0.6041375560087883,-0.3319484269985053,-0.2699216644400906,0.6722873992596576
1777985461,715728018,base,0.09475362300872803,0.2000407725572586,0.6876640319824219,-0.6040232761464523,-0.33205049811258935,-0.27022180836725274,0.6722191106828902
1777985461,743728964,base,0.0945008248090744,0.19996067881584167,0.6886327862739563,-0.6039210497557627,-0.33207494797820103,-0.2704330879752688,0.6722138951551296
1777985461,768733135,base,0.09417397528886795,0.1998838484287262,0.6895902156829834,-0.6038803144436935,-0.33201122861441984,-0.2705132583003367,0.6722497151579648
1777985461,791732874,base,0.09376923739910126,0.19981974363327026,0.6905365586280823,-0.6039099030129743,-0.33186391989175507,-0.27046560574484674,0.6723150320477957
1777985461,812731991,base,0.09331783652305603,0.19978390634059906,0.6914343237876892,-0.6040281518885211,-0.33162452395660075,-0.2702673497273881,0.6724066751476719
1777985461,832732233,base,0.09283134341239929,0.19974765181541443,0.6923465132713318,-0.6042227440847525,-0.33125294702493374,-0.2699152901437182,0.6725563749961098
1777985461,850731999,base,0.09234286099672318,0.19971583783626556,0.6932191848754883,-0.6044891666674087,-0.3307584856661359,-0.2694124580173677,0.6727619173711153
1777985461,867731825,base,0.0918472483754158,0.1996804028749466,0.6940938234329224,-0.6047608469281738,-0.3302463463317836,-0.26889286208024615,0.6729771727979674
1777985461,884732060,base,0.09132847934961319,0.19964921474456787,0.6950166821479797,-0.6050254578986974,-0.32975068091152615,-0.2683915815830343,0.6731824663298718
1777985461,900731708,base,0.09082335978746414,0.19962313771247864,0.6959390640258789,-0.6052286716940709,-0.32937316864008354,-0.2680208721456727,0.6733322959183639
1777985461,915731826,base,0.09034428745508194,0.199612557888031,0.6968353986740112,-0.6053863409474,-0.32910272768940646,-0.2677598372148894,0.6734266294356543
1777985461,930729883,base,0.08985327929258347,0.19963359832763672,0.6977500319480896,-0.6055314317517924,-0.32891713927708033,-0.2675654427135754,0.6734641308287327
1777985461,944727632,base,0.08939298242330551,0.19965706765651703,0.6986409425735474,-0.6056643764490296,-0.32874988148750356,-0.26739614353520696,0.6734934701418486
1777985461,958728681,base,0.08891244232654572,0.19967956840991974,0.699588418006897,-0.6057777832530971,-0.32861324700782596,-0.2672635768156592,0.6735107704240304
1777985461,971728347,base,0.08846274763345718,0.19969849288463593,0.7005055546760559,-0.6058668837812389,-0.32850517540311314,-0.2671701746550653,0.6735204063128997
1777985461,984734638,base,0.08802922815084457,0.19972620904445648,0.7014170289039612,-0.6059738196260277,-0.32837694324318534,-0.267050583564378,0.6735341667897005
1777985461,998728630,base,0.08759371936321259,0.19977843761444092,0.7023814916610718,-0.6061005139858284,-0.32824948202859816,-0.26692148062131127,0.6735334636660881
1777985462,11729866,base,0.0871984139084816,0.19981180131435394,0.703299880027771,-0.6061890053399575,-0.3281491189282849,-0.2668412882597423,0.6735345498085472
1777985462,24729300,base,0.08681152015924454,0.19983334839344025,0.704244077205658,-0.6062604773968792,-0.328047394247354,-0.2667737181192618,0.6735465062476441
1777985462,37728183,base,0.08644787222146988,0.1998467594385147,0.7051873803138733,-0.6063184618760713,-0.32794951402442235,-0.26672610592142754,0.6735608600547555
1777985462,51728111,base,0.08608309179544449,0.1998654007911682,0.7061710357666016,-0.6063780240772025,-0.32784671695206713,-0.2666736866317606,0.6735780293283344
1777985462,66730957,base,0.08575812727212906,0.1999029964208603,0.7071723341941833,-0.6064572154070663,-0.3277318594009604,-0.2666139955108599,0.673586243601125
1777985462,81731424,base,0.08546990156173706,0.19994136691093445,0.7081378698348999,-0.6064955846533531,-0.3276848484706412,-0.26663552453546746,0.6735660616960695
1777985462,97726919,base,0.08519569039344788,0.1999841332435608,0.7091420292854309,-0.6064983591758033,-0.3276975510439698,-0.2667336085095165,0.6735185347335914
1777985462,113730844,base,0.08497641980648041,0.20000547170639038,0.7101386189460754,-0.6064619410429963,-0.3277267335550789,-0.2668872099934527,0.6734762994039887
1777985462,130731242,base,0.08479797840118408,0.20004425942897797,0.7111418843269348,-0.6064278279733063,-0.32777162906747465,-0.2670446196051519,0.6734227516026375
1777985462,149728371,base,0.08469021320343018,0.20009224116802216,0.7121649384498596,-0.6064084721852236,-0.3277834057159993,-0.26718371249383244,0.6733792758872811
1777985462,169727182,base,0.08463171869516373,0.20013441145420074,0.713190495967865,-0.6063614067602405,-0.32782135107049576,-0.26737143544130476,0.6733286734270636
1777985462,190729345,base,0.08463788777589798,0.20014940202236176,0.7142207622528076,-0.6062580949338142,-0.32789186165811474,-0.26764665695119566,0.6732780477979268
1777985462,213727935,base,0.08474377542734146,0.2001591920852661,0.7152411937713623,-0.606150900867218,-0.3279340116438292,-0.2679103974455021,0.6732491217030081
1777985462,239728473,base,0.08497953414916992,0.2001945972442627,0.7162401080131531,-0.6060911790225594,-0.32790832775328077,-0.2681182298660475,0.6732326564717305
1777985462,267728021,base,0.08533889800310135,0.2003057301044464,0.717201292514801,-0.606124105606967,-0.32782499703666784,-0.2682406192345786,0.6731948551209229
1777985462,295727890,base,0.08571377396583557,0.20043113827705383,0.7181296348571777,-0.6061758383032998,-0.32772919768921327,-0.2683442541608757,0.6731536025367617
1777985462,323728239,base,0.08604702353477478,0.20051254332065582,0.719093918800354,-0.6061707089630104,-0.32765726405635387,-0.26851952820690117,0.6731233345534018
1777985462,351728148,base,0.08640135079622269,0.20056864619255066,0.7200661301612854,-0.6061542718030557,-0.3275301806609626,-0.2687575870845263,0.6731050080440397
1777985462,377728128,base,0.08673350512981415,0.20059333741664886,0.7210186719894409,-0.6061142812148943,-0.32737353245233136,-0.26907250067476096,0.6730913986051812
1777985462,401729453,base,0.08698482066392899,0.20054678618907928,0.7220251560211182,-0.6059849653989999,-0.32725684355768514,-0.26948964152093524,0.6730976997154934
1777985462,424735227,base,0.08718736469745636,0.20047524571418762,0.7230412364006042,-0.6058160163213179,-0.3271806420365069,-0.2699307089242578,0.673110085915866
1777985462,446730351,base,0.0873166173696518,0.200376495718956,0.724055826663971,-0.6055993566578297,-0.32717645951688445,-0.2703817740930126,0.6731260519065979
1777985462,468729397,base,0.08738819509744644,0.20025914907455444,0.7250668406486511,-0.6053477532023028,-0.3272317104668111,-0.2708151242548557,0.6731512982775303
1777985462,490727783,base,0.08741670846939087,0.20014524459838867,0.7260774374008179,-0.605084737344881,-0.32733429800949215,-0.27122487546383206,0.6731729348987624
1777985462,512727997,base,0.08740643411874771,0.20002815127372742,0.7271021604537964,-0.6048172542941535,-0.3274466367469691,-0.271636819482299,0.6731925655290307
1777985462,533729112,base,0.08735750615596771,0.1999357044696808,0.7280983924865723,-0.6045819786955426,-0.32755584726154857,-0.27200673456813856,0.6732014160382468
1777985462,554731677,base,0.08728005737066269,0.19987516105175018,0.7291002869606018,-0.6043887527108244,-0.3276509147905334,-0.2723233343770612,0.6732006399372863
1777985462,576728549,base,0.08714132010936737,0.19985391199588776,0.7301041483879089,-0.6042397771994956,-0.3277438558721802,-0.272588979493974,0.6731816355602378
1777985462,599729676,base,0.08694539964199066,0.19984592497348785,0.7311083674430847,-0.6041096765104115,-0.3278329982456152,-0.27282463259177125,0.6731595219080627
1777985462,622728640,base,0.08670605719089508,0.19982586801052094,0.7320922017097473,-0.6039910850854618,-0.32789299406898276,-0.27301536633442347,0.6731593828653464
1777985462,646732030,base,0.08644110709428787,0.1997813731431961,0.7330794334411621,-0.6039326156414612,-0.3277998184327298,-0.2730455052350278,0.6732449841641825
1777985462,670728991,base,0.08615148067474365,0.19974571466445923,0.7340379357337952,-0.6039626521179489,-0.3275686830866017,-0.2729065419547047,0.6733868729818571
1777985462,695729078,base,0.08582156896591187,0.19972912967205048,0.7350196838378906,-0.6041585628831206,-0.32706708245203997,-0.27243803564873165,0.67364460892495
1777985462,719731530,base,0.08545975387096405,0.19969895482063293,0.7359907031059265,-0.604459631884856,-0.32635413453036494,-0.27173206472784045,0.6740053524309236
1777985462,741728262,base,0.08505544811487198,0.1996525228023529,0.7369194626808167,-0.604765336159993,-0.325617392959928,-0.270988077548308,0.6743868584535977
1777985462,761732105,base,0.08461755514144897,0.199588343501091,0.737820565700531,-0.605011320128476,-0.32496682967253204,-0.2703415705450537,0.6747394163084148
1777985462,780731260,base,0.08412652462720871,0.19952930510044098,0.7387362718582153,-0.6051884260163486,-0.3244609970563348,-0.2698305052972922,0.675028518867919
1777985462,798733574,base,0.08362678438425064,0.19949953258037567,0.7396396994590759,-0.6053422025075036,-0.32405262811975283,-0.269406295267411,0.6752562143966422
1777985462,815731489,base,0.08312033116817474,0.19950270652770996,0.7405292987823486,-0.6054979400800435,-0.32369977457984606,-0.2690104822880104,0.675443609044671
1777985462,831731640,base,0.08262138813734055,0.1995171159505844,0.7414141297340393,-0.605641803135851,-0.3233832416630416,-0.2686479387546502,0.6756104959180288
1777985462,846729144,base,0.08213374763727188,0.19954057037830353,0.7422887086868286,-0.6057765680701194,-0.32310207614582304,-0.26831957744256835,0.6757546878566798
1777985462,861729181,base,0.08163003623485565,0.19956769049167633,0.743191659450531,-0.6058534690144152,-0.3229251913686318,-0.26810351573436675,0.6758560355651516
1777985462,876730176,base,0.08113676309585571,0.1995975822210312,0.7440917491912842,-0.6058660517558826,-0.322872751076568,-0.26802482907729297,0.6759010268054126
1777985462,892728373,base,0.0806492418050766,0.19963833689689636,0.7450159192085266,-0.6058327668854628,-0.32291634389056606,-0.26805238129143677,0.6758991025683199
1777985462,908727912,base,0.0802120566368103,0.19968104362487793,0.7459143400192261,-0.6057640743211922,-0.323021847625803,-0.2681578197518069,0.6758684476923192
1777985462,925729907,base,0.07981506735086441,0.19972284138202667,0.7468342781066895,-0.6056862164122572,-0.32312561905300863,-0.2682753522798172,0.6758419606330235
1777985462,943728435,base,0.07944826036691666,0.19974620640277863,0.7477908730506897,-0.60561940795285,-0.3231614203686182,-0.26834952459131883,0.6758552742254799
1777985462,962729308,base,0.07912912219762802,0.19974957406520844,0.7487652897834778,-0.6055870140543844,-0.3230826959938787,-0.26833407081228117,0.6759280654431336
1777985462,984727619,base,0.07890589535236359,0.1997591108083725,0.7497803568840027,-0.6056727547489914,-0.32276118753675886,-0.26807541933742673,0.6761074615619469
1777985463,9727350,base,0.07880570739507675,0.1997564285993576,0.7508145570755005,-0.6058658813733544,-0.3221839056923922,-0.2675877802166689,0.6764028527949307
1777985463,36728855,base,0.07882950454950333,0.19972701370716095,0.7518492937088013,-0.6061518331568594,-0.32135751066629276,-0.26688048586369134,0.6768190932774379
1777985463,65731081,base,0.0789741799235344,0.19971898198127747,0.7528678178787231,-0.6063247726547767,-0.32075511851499994,-0.2664455468448648,0.6771212574840587
1777985463,95733152,base,0.07918167114257812,0.19976814091205597,0.7538595795631409,-0.6062974332230557,-0.32061708701508834,-0.26649693632234395,0.6771908684610666
1777985463,126728465,base,0.07942336797714233,0.19985057413578033,0.7548303604125977,-0.606216930564554,-0.32063318873366015,-0.2667062704895821,0.6771729119661112
1777985463,158731038,base,0.07966680079698563,0.19991593062877655,0.7558159232139587,-0.6061186340515072,-0.3206476433902414,-0.2669318185193423,0.6771651682397359
1777985463,189732493,base,0.07983455806970596,0.19992537796497345,0.7568240165710449,-0.6059541671142357,-0.3207010090316107,-0.26722793269387807,0.6771703078119068
1777985463,218727345,base,0.07995332777500153,0.19988368451595306,0.7578508853912354,-0.6057359350574824,-0.32077359711008013,-0.2675791666212884,0.6771924568999576
1777985463,245735734,base,0.08007899671792984,0.19985397160053253,0.7588465809822083,-0.6055331634373619,-0.3208361154499141,-0.2679170484889324,0.6772106198493101
1777985463,271729637,base,0.08019450306892395,0.19982317090034485,0.7598437070846558,-0.605326834854755,-0.3209089001581919,-0.2682584143889626,0.6772254632669278
1777985463,296731836,base,0.08025906980037689,0.19975599646568298,0.7608740329742432,-0.6050735581790243,-0.32101429892883343,-0.2686391570046208,0.6772508999214621
1777985463,320727150,base,0.08028527349233627,0.19966396689414978,0.7619012594223022,-0.6047922842243066,-0.3211397263003055,-0.26904845430498997,0.6772802140786331
1777985463,343727768,base,0.0803099274635315,0.19957686960697174,0.762913703918457,-0.6045157528641496,-0.3212658526434487,-0.26945144459212456,0.6773070519041561
1777985463,367734385,base,0.0803782045841217,0.19951623678207397,0.7639477849006653,-0.6042668836072271,-0.321369936420919,-0.26982990051861183,0.6773290961461287
1777985463,391731790,base,0.08049764484167099,0.19950398802757263,0.7649772763252258,-0.6040644794489323,-0.32145139287367475,-0.27015738895003133,0.677340449365848
1777985463,415731564,base,0.08062686771154404,0.19950281083583832,0.7660079002380371,-0.6038758175131567,-0.32152639190347915,-0.2704756235982208,0.6773460688435814
1777985463,439728303,base,0.08078859001398087,0.19951897859573364,0.7670091986656189,-0.6037166788517194,-0.3215707987220468,-0.270752037496354,0.677356405700932
1777985463,465734598,base,0.0810040682554245,0.1995745152235031,0.7679877281188965,-0.603598663048218,-0.32159270693248454,-0.2709879919664659,0.6773568401809735
1777985463,494730135,base,0.08128257840871811,0.19967816770076752,0.7689774036407471,-0.6035235705950688,-0.32159609515844456,-0.2711884437871105,0.6773419137069644
1777985463,522730611,base,0.0815339982509613,0.1997585892677307,0.7699644565582275,-0.6034213119525385,-0.3216150791912279,-0.27141308894272587,0.6773340172271881
1777985463,549729284,base,0.0817137360572815,0.19977889955043793,0.7709817290306091,-0.6032533901194941,-0.3216708370927314,-0.27171609599395735,0.6773356452047814
1777985463,576728970,base,0.08185052871704102,0.19976864755153656,0.7720092535018921,-0.6030489276560519,-0.3217474856903457,-0.2720491666328656,0.6773476019203103
1777985463,603730605,base,0.08194305747747421,0.19972868263721466,0.7730088233947754,-0.6028242004689114,-0.3218289357618664,-0.2723890745715092,0.677372325912617
1777985463,630726964,base,0.08200573921203613,0.199664905667305,0.7740200161933899,-0.602573641436975,-0.32192212598067316,-0.2727555184108642,0.6774035547841392
1777985463,655733714,base,0.08206198364496231,0.19959968328475952,0.7750205993652344,-0.6023221855299375,-0.32201818627225365,-0.2731213516248139,0.6774341360699856
1777985463,679726802,base,0.08211027830839157,0.19952894747257233,0.7760546207427979,-0.6020547796598106,-0.32212861604615384,-0.2735081021993733,0.6774632862677004
1777985463,703727728,base,0.08219015598297119,0.19949598610401154,0.7770918607711792,-0.601818956587845,-0.3222301788489278,-0.27387132810244963,0.6774777811641394
1777985463,726731506,base,0.0822572410106659,0.19946302473545074,0.7780964374542236,-0.6015939183914514,-0.3223218785406357,-0.27420970307481946,0.6774971585306533
1777985463,749728314,base,0.08229097723960876,0.19942055642604828,0.779129683971405,-0.6013556355395661,-0.3224177418421385,-0.27455196260393394,0.6775244599366269
1777985463,772728200,base,0.08229084312915802,0.1993873566389084,0.7801586985588074,-0.6011004282479885,-0.3225712266390756,-0.27494158364459814,0.6775198921379262
1777985463,797730500,base,0.08233828097581863,0.19942030310630798,0.781182587146759,-0.6008882608603322,-0.32273323108666707,-0.27530718996079795,0.6774824894642825
1777985463,825727967,base,0.08248329907655716,0.1995365023612976,0.7821809649467468,-0.600760820433841,-0.322854994771885,-0.2755910697917882,0.6774220447762239
1777985463,855737166,base,0.08274567872285843,0.19967201352119446,0.78314608335495,-0.6006837284992238,-0.32289327281865565,-0.27580128822314676,0.6773866123994585
1777985463,887728383,base,0.08300052583217621,0.19976115226745605,0.7841130495071411,-0.6005753449833914,-0.3229215282503342,-0.2760363971134885,0.6773734863314143
1777985463,922731653,base,0.08319949358701706,0.19980891048908234,0.785092830657959,-0.6004203650809793,-0.32297861459590316,-0.27631951016804474,0.6773682259336008
1777985463,971726874,base,0.08335172384977341,0.19982537627220154,0.7860835194587708,-0.6002289753275537,-0.32306082939558195,-0.276634143896244,0.6773702140552974
1777985464,68727635,base,0.08293139934539795,0.19957289099693298,0.7869588136672974,-0.5997267296143315,-0.32345076454274174,-0.2772183348372655,0.6773901623199068
