ply
format ascii 1.0
element vertex 3060
property float x
property float y
property float z
property uchar red
property uchar green
property uchar blue
end_header
0.014487 -0.177063 0.647000 113 119 121
0.016166 -0.177063 0.647000 111 117 117
0.012808 -0.175382 0.647000 120 123 124
0.014487 -0.175382 0.647000 114 117 118
0.016166 -0.175382 0.647000 113 116 115
0.017873 -0.175653 0.648000 115 118 117
0.019524 -0.175382 0.647000 126 132 132
0.012828 -0.173969 0.648000 115 115 115
0.014510 -0.173969 0.648000 118 118 118
0.016191 -0.173969 0.648000 112 112 112
0.017873 -0.173969 0.648000 112 112 112
0.019555 -0.173969 0.648000 149 152 151
0.021236 -0.173969 0.648000 122 125 124
0.012828 -0.172285 0.648000 124 124 124
0.014510 -0.172285 0.648000 123 123 123
0.016191 -0.172285 0.648000 115 114 114
0.017873 -0.172285 0.648000 134 133 133
0.019555 -0.172285 0.648000 140 141 137
0.021236 -0.172285 0.648000 140 141 137
0.012828 -0.170601 0.648000 125 125 125
0.014510 -0.170601 0.648000 125 125 125
0.016191 -0.170601 0.648000 126 126 120
0.017873 -0.170601 0.648000 129 129 123
0.019555 -0.170601 0.648000 127 128 119
0.021236 -0.170601 0.648000 134 135 126
0.022953 -0.170864 0.649000 99 106 100
0.012848 -0.169178 0.649000 136 135 135
0.014510 -0.168917 0.648000 145 144 144
0.016191 -0.168917 0.648000 134 135 126
0.017873 -0.168917 0.648000 125 126 117
0.019555 -0.168917 0.648000 124 125 116
0.021236 -0.168917 0.648000 117 118 109
0.022918 -0.168917 0.648000 105 112 106
0.024638 -0.169178 0.649000 100 107 101
0.012848 -0.167491 0.649000 131 131 131
0.014510 -0.167233 0.648000 154 154 154
0.016191 -0.167233 0.648000 148 149 138
0.017873 -0.167233 0.648000 122 123 112
0.019555 -0.167233 0.648000 118 120 111
0.021204 -0.166975 0.647000 107 109 100
0.022918 -0.167233 0.648000 108 115 109
0.024600 -0.167233 0.648000 70 77 71
0.026322 -0.167491 0.649000 55 63 60
0.014532 -0.165805 0.649000 139 139 139
0.016191 -0.165550 0.648000 165 166 155
0.017873 -0.165550 0.648000 137 138 127
0.019494 -0.165039 0.646000 117 122 112
0.021171 -0.165039 0.646000 100 105 95
0.022883 -0.165294 0.647000 77 85 82
0.024600 -0.165550 0.648000 42 50 47
0.026322 -0.165805 0.649000 45 53 50
0.028049 -0.166060 0.650000 53 61 58
0.014510 -0.163866 0.648000 131 131 131
0.016191 -0.163866 0.648000 164 166 157
0.017845 -0.163613 0.647000 118 120 111
0.019494 -0.163360 0.646000 56 65 58
0.021171 -0.163360 0.646000 45 54 47
0.022847 -0.163360 0.646000 46 55 48
0.024600 -0.163866 0.648000 50 59 52
0.026322 -0.164119 0.649000 50 58 57
0.028049 -0.164371 0.650000 38 46 45
0.014532 -0.162432 0.649000 123 123 127
0.016191 -0.162182 0.648000 91 95 88
0.017845 -0.161932 0.647000 63 67 60
0.019494 -0.161681 0.646000 41 48 40
0.021171 -0.161681 0.646000 48 55 47
0.022847 -0.161681 0.646000 49 56 50
0.024562 -0.161932 0.647000 53 60 54
0.026322 -0.162432 0.649000 52 60 57
0.028049 -0.162682 0.650000 47 55 52
0.029782 -0.162933 0.651000 50 60 63
0.014532 -0.160746 0.649000 66 69 72
0.016191 -0.160498 0.648000 51 57 55
0.017845 -0.160250 0.647000 53 59 57
0.019494 -0.160003 0.646000 49 56 50
0.021138 -0.159755 0.645000 46 53 47
0.022812 -0.159755 0.645000 46 53 47
0.024562 -0.160250 0.647000 51 58 52
0.026281 -0.160498 0.648000 52 61 54
0.028049 -0.160993 0.650000 52 61 54
0.029736 -0.160993 0.650000 43 51 52
0.014555 -0.159304 0.650000 72 74 80
0.016216 -0.159059 0.649000 50 58 59
0.017845 -0.158569 0.647000 56 64 65
0.019494 -0.158324 0.646000 47 55 54
0.021138 -0.158079 0.645000 46 54 53
0.022812 -0.158079 0.645000 43 50 44
0.024524 -0.158324 0.646000 49 56 50
0.026281 -0.158814 0.648000 54 61 55
0.028049 -0.159304 0.650000 53 60 54
0.029782 -0.159549 0.651000 43 49 49
0.031519 -0.159794 0.652000 58 64 64
0.016216 -0.157373 0.649000 52 60 61
0.017873 -0.157130 0.648000 55 63 64
0.019494 -0.156645 0.646000 55 63 64
0.021138 -0.156403 0.645000 48 56 57
0.022812 -0.156403 0.645000 42 50 47
0.024524 -0.156645 0.646000 47 55 52
0.026281 -0.157130 0.648000 53 59 57
0.028049 -0.157615 0.650000 55 61 59
0.029782 -0.157858 0.651000 53 59 59
0.031519 -0.158100 0.652000 47 53 53
0.016241 -0.155926 0.650000 75 81 83
0.017901 -0.155686 0.649000 55 61 63
0.019555 -0.155446 0.648000 57 64 68
0.021171 -0.154967 0.646000 52 59 63
0.022847 -0.154967 0.646000 45 53 52
0.024600 -0.155446 0.648000 45 53 52
0.026322 -0.155686 0.649000 48 56 55
0.028049 -0.155926 0.650000 54 62 61
0.029782 -0.156166 0.651000 54 62 61
0.031519 -0.156406 0.652000 43 51 50
0.017928 -0.154237 0.650000 62 68 70
0.019585 -0.154000 0.649000 54 61 65
0.021236 -0.153763 0.648000 56 63 67
0.022918 -0.153763 0.648000 48 56 55
0.024638 -0.154000 0.649000 45 53 52
0.026362 -0.154237 0.650000 47 55 54
0.028092 -0.154474 0.651000 54 62 61
0.029827 -0.154712 0.652000 54 65 63
0.031568 -0.154949 0.653000 45 56 54
0.033313 -0.155186 0.654000 98 109 109
-0.087054 -0.153252 0.653000 39 50 50
-0.085360 -0.153252 0.653000 39 49 52
0.019615 -0.152548 0.650000 54 60 62
0.021269 -0.152313 0.649000 61 67 69
0.022953 -0.152313 0.649000 59 67 68
0.024675 -0.152548 0.650000 46 54 55
0.026362 -0.152548 0.650000 49 57 56
0.028092 -0.152783 0.651000 55 63 62
0.029827 -0.153018 0.652000 57 68 66
0.031568 -0.153252 0.653000 46 57 55
0.033313 -0.153487 0.654000 89 100 100
-0.090444 -0.151555 0.653000 42 50 49
-0.088613 -0.151323 0.652000 46 54 55
-0.087054 -0.151555 0.653000 47 55 56
-0.085360 -0.151555 0.653000 44 55 55
-0.083665 -0.151555 0.653000 43 54 54
-0.081971 -0.151555 0.653000 41 52 52
0.019675 -0.151323 0.652000 86 89 92
0.021302 -0.150859 0.650000 55 58 61
0.022989 -0.150859 0.650000 62 68 70
0.024675 -0.150859 0.650000 56 62 64
0.026403 -0.151091 0.651000 54 62 61
0.028135 -0.151323 0.652000 57 65 64
0.029873 -0.151555 0.653000 55 66 62
0.031568 -0.151555 0.653000 46 57 53
0.033313 -0.151787 0.654000 72 83 83
-0.098614 -0.149400 0.651000 89 91 80
-0.096924 -0.149400 0.651000 75 77 66
-0.095235 -0.149400 0.651000 49 58 51
-0.093545 -0.149400 0.651000 40 49 42
-0.091856 -0.149400 0.651000 48 56 53
-0.090167 -0.149400 0.651000 47 55 52
-0.088477 -0.149400 0.651000 48 56 55
-0.086788 -0.149400 0.651000 47 55 54
-0.085229 -0.149629 0.652000 45 56 54
-0.083537 -0.149629 0.652000 46 57 55
-0.081971 -0.149859 0.653000 43 51 48
-0.080276 -0.149859 0.653000 103 111 108
0.021367 -0.149629 0.652000 91 97 99
0.023024 -0.149400 0.651000 53 58 63
0.024713 -0.149400 0.651000 57 62 67
0.026443 -0.149629 0.652000 57 65 66
0.028179 -0.149859 0.653000 57 65 66
0.029873 -0.149859 0.653000 56 64 63
0.031616 -0.150088 0.654000 53 61 60
0.033313 -0.150088 0.654000 48 59 59
0.035011 -0.150088 0.654000 130 141 141
-0.103523 -0.147481 0.650000 102 91 57
-0.101836 -0.147481 0.650000 129 118 82
-0.100149 -0.147481 0.650000 145 134 98
-0.098462 -0.147481 0.650000 54 53 36
-0.096775 -0.147481 0.650000 50 49 32
-0.095089 -0.147481 0.650000 47 56 49
-0.093402 -0.147481 0.650000 46 55 48
-0.091715 -0.147481 0.650000 47 56 49
-0.090028 -0.147481 0.650000 47 56 49
-0.088341 -0.147481 0.650000 45 56 52
-0.086788 -0.147708 0.651000 45 56 52
-0.085098 -0.147708 0.651000 45 56 52
-0.083537 -0.147935 0.652000 46 57 53
-0.081971 -0.148162 0.653000 43 52 45
-0.080276 -0.148162 0.653000 125 134 127
-0.078581 -0.148162 0.653000 121 123 112
0.023095 -0.148162 0.653000 91 98 102
0.024789 -0.148162 0.653000 53 60 64
0.026484 -0.148162 0.653000 54 61 65
0.028179 -0.148162 0.653000 59 66 70
0.029873 -0.148162 0.653000 57 65 66
0.031616 -0.148389 0.654000 55 63 64
0.033313 -0.148389 0.654000 41 52 52
0.035011 -0.148389 0.654000 82 93 93
-0.108917 -0.146241 0.652000 91 85 59
-0.107061 -0.146016 0.651000 147 141 115
-0.105209 -0.145792 0.650000 132 112 63
-0.103523 -0.145792 0.650000 103 83 34
-0.101679 -0.145568 0.649000 156 138 88
-0.099995 -0.145568 0.649000 164 146 96
-0.098311 -0.145568 0.649000 49 47 24
-0.096626 -0.145568 0.649000 54 52 29
-0.094942 -0.145568 0.649000 47 56 47
-0.093258 -0.145568 0.649000 47 56 47
-0.091715 -0.145792 0.650000 47 56 49
-0.090028 -0.145792 0.650000 48 57 50
-0.088341 -0.145792 0.650000 46 57 53
-0.086654 -0.145792 0.650000 46 57 53
-0.085098 -0.146016 0.651000 46 57 53
-0.083409 -0.146016 0.651000 44 55 51
-0.081971 -0.146465 0.653000 46 55 46
-0.080276 -0.146465 0.653000 130 139 130
-0.078581 -0.146465 0.653000 123 125 114
-0.077005 -0.146689 0.654000 123 125 114
0.024789 -0.146465 0.653000 104 111 115
0.026484 -0.146465 0.653000 56 63 67
0.028179 -0.146465 0.653000 54 61 65
0.029919 -0.146689 0.654000 57 68 68
0.031616 -0.146689 0.654000 55 66 66
0.033313 -0.146689 0.654000 48 59 57
0.035011 -0.146689 0.654000 46 57 55
-0.121687 -0.145655 0.657000 97 117 100
-0.119800 -0.145433 0.656000 91 112 90
-0.117917 -0.145211 0.655000 88 109 87
-0.116040 -0.144990 0.654000 83 105 78
-0.114343 -0.144990 0.654000 84 106 79
-0.112473 -0.144768 0.653000 88 105 77
-0.110779 -0.144768 0.653000 57 74 46
-0.108917 -0.144546 0.652000 95 84 48
-0.106896 -0.144103 0.650000 172 161 125
-0.105209 -0.144103 0.650000 146 120 62
-0.103523 -0.144103 0.650000 112 86 28
-0.101679 -0.143881 0.649000 172 149 90
-0.099995 -0.143881 0.649000 181 158 99
-0.098311 -0.143881 0.649000 54 47 16
-0.096626 -0.143881 0.649000 60 53 22
-0.094942 -0.143881 0.649000 48 57 48
-0.093402 -0.144103 0.650000 48 57 48
-0.091715 -0.144103 0.650000 47 56 49
-0.090028 -0.144103 0.650000 48 57 50
-0.088341 -0.144103 0.650000 49 58 51
-0.086788 -0.144325 0.651000 49 58 51
-0.085098 -0.144325 0.651000 47 59 51
-0.083537 -0.144546 0.652000 43 55 47
-0.081971 -0.144768 0.653000 45 54 45
-0.080276 -0.144768 0.653000 138 147 138
-0.078702 -0.144990 0.654000 149 151 142
-0.077005 -0.144990 0.654000 142 144 135
0.026525 -0.144990 0.654000 102 109 113
0.028222 -0.144990 0.654000 53 60 64
0.029919 -0.144990 0.654000 55 65 68
0.031616 -0.144990 0.654000 57 67 70
0.033313 -0.144990 0.654000 55 66 66
0.035064 -0.145211 0.655000 46 57 57
0.036764 -0.145211 0.655000 77 87 90
-0.130609 -0.144386 0.659000 95 116 92
-0.128898 -0.144386 0.659000 85 106 82
-0.127188 -0.144386 0.659000 80 108 81
-0.125478 -0.144386 0.659000 74 102 75
-0.123580 -0.144167 0.658000 73 104 74
-0.121687 -0.143948 0.657000 75 106 76
-0.119800 -0.143728 0.656000 78 109 75
-0.117917 -0.143509 0.655000 77 108 74
-0.116040 -0.143290 0.654000 80 112 73
-0.114343 -0.143290 0.654000 84 116 77
-0.112646 -0.143290 0.654000 98 122 83
-0.110779 -0.143071 0.653000 62 86 47
-0.108917 -0.142852 0.652000 103 94 48
-0.107061 -0.142633 0.651000 186 177 131
-0.105209 -0.142414 0.650000 168 143 78
-0.103523 -0.142414 0.650000 120 95 30
-0.101836 -0.142414 0.650000 183 158 93
-0.100149 -0.142414 0.650000 197 172 107
-0.098462 -0.142414 0.650000 64 55 18
-0.096775 -0.142414 0.650000 63 54 17
-0.095089 -0.142414 0.650000 50 58 47
-0.093402 -0.142414 0.650000 51 59 48
-0.091715 -0.142414 0.650000 53 62 53
-0.090028 -0.142414 0.650000 55 64 55
-0.088477 -0.142633 0.651000 55 64 57
-0.086788 -0.142633 0.651000 59 68 61
-0.085229 -0.142852 0.652000 58 70 62
-0.083665 -0.143071 0.653000 55 67 59
-0.081971 -0.143071 0.653000 53 60 52
-0.080276 -0.143071 0.653000 145 152 144
-0.078702 -0.143290 0.654000 141 145 138
-0.077005 -0.143290 0.654000 126 130 123
0.028222 -0.143290 0.654000 75 82 86
0.029919 -0.143290 0.654000 47 58 58
0.031664 -0.143509 0.655000 58 69 69
0.033364 -0.143509 0.655000 57 68 68
0.035064 -0.143509 0.655000 52 63 63
0.036764 -0.143509 0.655000 44 55 55
-0.138948 -0.142457 0.658000 94 116 98
-0.137449 -0.142673 0.659000 81 107 83
-0.135739 -0.142673 0.659000 80 106 82
-0.134232 -0.142890 0.660000 78 107 75
-0.132319 -0.142673 0.659000 84 113 81
-0.130807 -0.142890 0.660000 82 112 75
-0.129094 -0.142890 0.660000 80 110 73
-0.127381 -0.142890 0.660000 86 118 81
-0.125478 -0.142673 0.659000 87 119 82
-0.123768 -0.142673 0.659000 88 123 85
-0.121873 -0.142457 0.658000 91 126 88
-0.119982 -0.142240 0.657000 94 129 91
-0.118097 -0.142024 0.656000 96 131 93
-0.116218 -0.141807 0.655000 95 130 90
-0.114343 -0.141591 0.654000 97 132 92
-0.112646 -0.141591 0.654000 108 134 92
-0.110779 -0.141374 0.653000 78 104 62
-0.109084 -0.141374 0.653000 87 87 38
-0.107225 -0.141158 0.652000 187 187 138
-0.105371 -0.140941 0.651000 184 162 98
-0.103682 -0.140941 0.651000 120 98 34
-0.101836 -0.140725 0.650000 187 162 95
-0.100149 -0.140725 0.650000 206 181 114
-0.098462 -0.140725 0.650000 87 74 34
-0.096775 -0.140725 0.650000 72 59 19
-0.095089 -0.140725 0.650000 64 69 57
-0.093545 -0.140941 0.651000 64 69 57
-0.091856 -0.140941 0.651000 61 70 61
-0.090305 -0.141158 0.652000 60 69 60
-0.088613 -0.141158 0.652000 61 70 61
-0.087054 -0.141374 0.653000 61 70 61
-0.085360 -0.141374 0.653000 61 70 63
-0.083665 -0.141374 0.653000 59 68 61
-0.082096 -0.141591 0.654000 56 63 57
-0.080399 -0.141591 0.654000 148 155 149
-0.078702 -0.141591 0.654000 148 152 145
-0.077005 -0.141591 0.654000 141 145 138
0.029965 -0.141807 0.655000 44 55 55
0.031664 -0.141807 0.655000 54 65 65
0.033364 -0.141807 0.655000 52 67 66
0.035064 -0.141807 0.655000 45 60 59
0.036764 -0.141807 0.655000 64 78 69
0.038522 -0.142024 0.656000 146 160 151
-0.145557 -0.140533 0.657000 91 108 90
-0.143852 -0.140533 0.657000 83 106 81
-0.142363 -0.140747 0.658000 83 106 81
-0.140656 -0.140747 0.658000 76 103 72
-0.139160 -0.140961 0.659000 82 109 78
-0.137658 -0.141175 0.660000 85 115 78
-0.136151 -0.141389 0.661000 86 116 79
-0.134436 -0.141389 0.661000 84 116 79
-0.132720 -0.141389 0.661000 89 121 84
-0.131005 -0.141389 0.661000 91 126 88
-0.129290 -0.141389 0.661000 97 132 94
-0.127574 -0.141389 0.661000 100 132 95
-0.125669 -0.141175 0.660000 97 129 92
-0.123956 -0.141175 0.660000 100 132 95
-0.122058 -0.140961 0.659000 106 138 101
-0.120165 -0.140747 0.658000 105 136 102
-0.118097 -0.140319 0.656000 106 137 103
-0.116218 -0.140105 0.655000 107 138 106
-0.114518 -0.140105 0.655000 111 142 110
-0.112646 -0.139891 0.654000 120 142 111
-0.110949 -0.139891 0.654000 107 129 98
-0.109084 -0.139677 0.653000 97 103 63
-0.107225 -0.139464 0.652000 168 174 134
-0.105371 -0.139250 0.651000 199 181 120
-0.103682 -0.139250 0.651000 125 107 46
-0.101993 -0.139250 0.651000 172 147 80
-0.100303 -0.139250 0.651000 211 186 119
-0.098614 -0.139250 0.651000 130 112 60
-0.097073 -0.139464 0.652000 78 60 8
-0.095381 -0.139464 0.652000 66 68 50
-0.093689 -0.139464 0.652000 66 68 50
-0.092138 -0.139677 0.653000 62 69 61
-0.090444 -0.139677 0.653000 61 68 60
-0.088749 -0.139677 0.653000 60 68 65
-0.087054 -0.139677 0.653000 62 70 67
-0.085491 -0.139891 0.654000 62 70 71
-0.083793 -0.139891 0.654000 60 68 69
-0.082096 -0.139891 0.654000 55 61 61
-0.080399 -0.139891 0.654000 131 137 137
-0.078822 -0.140105 0.655000 146 146 146
0.029965 -0.140105 0.655000 61 72 70
0.031664 -0.140105 0.655000 45 56 54
0.033364 -0.140105 0.655000 52 71 61
0.035118 -0.140319 0.656000 81 100 90
0.036820 -0.140319 0.656000 96 116 99
0.038581 -0.140533 0.657000 119 139 122
-0.152145 -0.138615 0.656000 98 115 101
-0.150443 -0.138615 0.656000 89 110 86
-0.148967 -0.138826 0.657000 85 106 82
-0.147262 -0.138826 0.657000 82 106 74
-0.145557 -0.138826 0.657000 84 108 76
-0.144071 -0.139037 0.658000 78 108 71
-0.142580 -0.139248 0.659000 86 116 79
-0.140870 -0.139248 0.659000 93 125 88
-0.139371 -0.139460 0.660000 96 128 91
-0.137866 -0.139671 0.661000 96 126 87
-0.136151 -0.139671 0.661000 99 129 90
-0.134639 -0.139882 0.662000 99 131 94
-0.132720 -0.139671 0.661000 103 135 98
-0.131005 -0.139671 0.661000 103 134 102
-0.129485 -0.139882 0.662000 106 137 105
-0.127574 -0.139671 0.661000 117 146 116
-0.125859 -0.139671 0.661000 127 156 126
-0.124144 -0.139671 0.661000 132 159 130
-0.122243 -0.139460 0.660000 138 165 136
-0.120348 -0.139248 0.659000 144 167 142
-0.118457 -0.139037 0.658000 145 168 143
-0.116395 -0.138615 0.656000 144 167 144
-0.114518 -0.138403 0.655000 147 170 147
-0.109251 -0.138192 0.654000 127 134 108
-0.107390 -0.137981 0.653000 150 157 131
-0.105695 -0.137981 0.653000 184 170 122
-0.104000 -0.137981 0.653000 157 143 95
-0.102149 -0.137769 0.652000 163 139 69
-0.100611 -0.137981 0.653000 204 180 110
-0.098917 -0.137981 0.653000 173 151 85
-0.097222 -0.137981 0.653000 95 73 7
-0.095527 -0.137981 0.653000 66 60 34
-0.093833 -0.137981 0.653000 64 58 32
-0.092138 -0.137981 0.653000 52 61 54
-0.090444 -0.137981 0.653000 52 61 54
-0.088885 -0.138192 0.654000 52 60 59
-0.087188 -0.138192 0.654000 52 60 59
-0.085491 -0.138192 0.654000 51 62 62
-0.083793 -0.138192 0.654000 51 62 62
-0.082096 -0.138192 0.654000 60 66 68
0.031761 -0.138826 0.657000 97 108 106
0.033466 -0.138826 0.657000 95 116 103
0.035171 -0.138826 0.657000 106 127 114
0.036876 -0.138826 0.657000 100 126 102
0.038581 -0.138826 0.657000 92 118 94
0.040347 -0.139037 0.658000 149 163 152
-0.158712 -0.136701 0.655000 102 117 112
-0.157013 -0.136701 0.655000 89 111 95
-0.155313 -0.136701 0.655000 83 105 89
-0.153848 -0.136910 0.656000 81 108 79
-0.152145 -0.136910 0.656000 83 110 81
-0.150672 -0.137119 0.657000 79 109 72
-0.148967 -0.137119 0.657000 86 116 79
-0.147262 -0.137119 0.657000 91 123 84
-0.145779 -0.137327 0.658000 96 128 89
-0.144290 -0.137536 0.659000 96 128 91
-0.142580 -0.137536 0.659000 99 131 94
-0.141297 -0.137953 0.661000 103 133 96
-0.139582 -0.137953 0.661000 105 135 98
-0.137866 -0.137953 0.661000 109 136 105
-0.136357 -0.138162 0.662000 116 143 112
-0.134639 -0.138162 0.662000 126 149 124
-0.132921 -0.138162 0.662000 137 160 135
-0.131203 -0.138162 0.662000 148 171 148
-0.129485 -0.138162 0.662000 156 179 156
-0.127767 -0.138162 0.662000 160 180 161
-0.126049 -0.138162 0.662000 161 181 162
-0.124331 -0.138162 0.662000 160 175 159
-0.122428 -0.137953 0.661000 163 178 162
-0.104160 -0.136492 0.654000 175 167 127
-0.102463 -0.136492 0.654000 201 180 107
-0.100765 -0.136492 0.654000 199 178 105
-0.099068 -0.136492 0.654000 215 186 104
-0.097371 -0.136492 0.654000 203 174 92
-0.095674 -0.136492 0.654000 164 151 109
-0.093977 -0.136492 0.654000 152 139 97
-0.092279 -0.136492 0.654000 135 137 128
-0.090582 -0.136492 0.654000 124 126 117
0.033466 -0.137119 0.657000 120 142 126
0.035171 -0.137119 0.657000 108 130 114
0.036876 -0.137119 0.657000 101 132 102
0.038640 -0.137327 0.658000 91 122 92
-0.163812 -0.134999 0.655000 111 122 122
-0.162112 -0.134999 0.655000 112 123 123
-0.160412 -0.134999 0.655000 91 107 96
-0.158712 -0.134999 0.655000 84 100 89
-0.157013 -0.134999 0.655000 78 104 78
-0.155313 -0.134999 0.655000 86 112 86
-0.153848 -0.135205 0.656000 85 116 82
-0.152377 -0.135411 0.657000 91 122 88
-0.150672 -0.135411 0.657000 97 129 92
-0.149194 -0.135617 0.658000 99 131 94
-0.147486 -0.135617 0.658000 101 131 94
-0.146000 -0.135824 0.659000 101 131 94
-0.144728 -0.136236 0.661000 107 134 103
-0.143013 -0.136236 0.661000 118 145 114
-0.141511 -0.136442 0.662000 133 156 131
-0.139793 -0.136442 0.662000 141 164 139
-0.138075 -0.136442 0.662000 155 172 156
-0.136563 -0.136648 0.663000 162 179 163
-0.134843 -0.136648 0.663000 166 181 165
-0.102463 -0.134793 0.654000 201 182 110
-0.100765 -0.134793 0.654000 202 183 111
-0.099068 -0.134793 0.654000 209 181 94
-0.097520 -0.134999 0.655000 213 185 98
-0.095820 -0.134999 0.655000 197 182 131
0.033517 -0.135617 0.658000 134 151 137
0.035225 -0.135617 0.658000 107 124 110
0.036932 -0.135617 0.658000 103 132 102
0.038640 -0.135617 0.658000 102 131 101
0.040409 -0.135824 0.659000 93 119 95
0.042119 -0.135824 0.659000 132 158 134
-0.169685 -0.133908 0.658000 124 130 132
-0.167722 -0.133704 0.657000 112 120 119
-0.166017 -0.133704 0.657000 109 117 116
-0.164062 -0.133501 0.656000 105 117 109
-0.162112 -0.133297 0.655000 116 128 120
-0.160412 -0.133297 0.655000 108 125 107
-0.158712 -0.133297 0.655000 92 109 91
-0.157013 -0.133297 0.655000 90 117 84
-0.155550 -0.133501 0.656000 95 122 89
-0.154082 -0.133704 0.657000 95 125 88
-0.152377 -0.133704 0.657000 99 129 92
-0.150901 -0.133908 0.658000 106 135 101
-0.149421 -0.134111 0.659000 114 143 109
-0.147935 -0.134315 0.660000 127 151 123
-0.146443 -0.134518 0.661000 145 169 141
-0.144947 -0.134722 0.662000 160 180 161
-0.143229 -0.134722 0.662000 162 182 163
-0.141725 -0.134925 0.663000 164 181 167
-0.101073 -0.133501 0.656000 202 184 123
-0.099371 -0.133501 0.656000 209 184 105
0.035278 -0.134111 0.659000 127 141 132
0.036988 -0.134111 0.659000 103 130 101
0.038699 -0.134111 0.659000 106 133 104
0.040409 -0.134111 0.659000 100 129 99
0.042183 -0.134315 0.660000 108 137 107
0.043962 -0.134518 0.661000 156 172 163
-0.173889 -0.132801 0.661000 124 132 133
-0.171913 -0.132600 0.660000 114 122 121
-0.169943 -0.132399 0.659000 104 112 111
-0.167977 -0.132198 0.658000 97 106 97
-0.166017 -0.131997 0.657000 107 116 107
-0.164312 -0.131997 0.657000 125 138 123
-0.162607 -0.131997 0.657000 144 157 142
-0.160657 -0.131796 0.656000 145 161 138
-0.158955 -0.131796 0.656000 114 130 107
-0.157492 -0.131997 0.657000 103 125 98
-0.155787 -0.131997 0.657000 110 132 105
-0.154317 -0.132198 0.658000 118 142 114
-0.152841 -0.132399 0.659000 131 155 127
-0.151131 -0.132399 0.659000 152 173 151
-0.149647 -0.132600 0.660000 162 183 161
-0.148159 -0.132801 0.661000 166 183 169
0.035385 -0.132801 0.661000 153 161 158
0.037044 -0.132600 0.660000 103 126 101
0.038757 -0.132600 0.660000 106 129 104
0.040470 -0.132600 0.660000 101 132 100
0.042247 -0.132801 0.661000 92 123 91
0.043962 -0.132801 0.661000 134 154 139
-0.177856 -0.131480 0.663000 115 126 126
-0.176136 -0.131480 0.663000 109 117 116
-0.174152 -0.131281 0.662000 105 113 112
-0.172174 -0.131083 0.661000 102 114 106
-0.169943 -0.130686 0.659000 117 129 121
-0.168232 -0.130686 0.659000 137 150 135
-0.166270 -0.130488 0.658000 150 163 148
-0.164562 -0.130488 0.658000 159 172 155
-0.162607 -0.130290 0.657000 160 173 156
-0.160902 -0.130290 0.657000 154 169 151
-0.159197 -0.130290 0.657000 138 153 135
-0.157732 -0.130488 0.658000 135 152 134
-0.156024 -0.130488 0.658000 155 172 154
-0.154551 -0.130686 0.659000 165 181 170
0.037101 -0.131083 0.661000 119 139 120
0.038816 -0.131083 0.661000 104 124 105
0.040531 -0.131083 0.661000 101 132 100
0.042247 -0.131083 0.661000 96 127 95
0.044029 -0.131281 0.662000 105 127 107
-0.181844 -0.130148 0.665000 115 126 126
-0.179848 -0.129952 0.664000 112 123 121
-0.178125 -0.129952 0.664000 115 126 124
-0.176401 -0.129952 0.664000 108 122 113
-0.174415 -0.129757 0.663000 103 117 108
-0.172434 -0.129561 0.662000 131 144 131
-0.170458 -0.129365 0.661000 146 159 146
-0.168488 -0.129170 0.660000 158 171 156
-0.166522 -0.128974 0.659000 160 173 158
-0.164812 -0.128974 0.659000 157 172 154
0.037157 -0.129561 0.662000 140 157 143
0.038875 -0.129561 0.662000 113 130 116
0.040593 -0.129561 0.662000 106 135 103
0.042311 -0.129561 0.662000 103 132 100
0.044029 -0.129561 0.662000 96 124 99
0.045816 -0.129757 0.663000 127 155 130
-0.183570 -0.128420 0.665000 109 122 119
-0.181844 -0.128420 0.665000 116 129 126
-0.180119 -0.128420 0.665000 118 132 123
-0.178125 -0.128227 0.664000 122 136 127
-0.176401 -0.128227 0.664000 123 138 122
-0.174415 -0.128034 0.663000 139 154 138
-0.172695 -0.128034 0.663000 163 178 162
-0.170716 -0.127841 0.662000 160 175 159
0.038933 -0.128034 0.663000 125 139 130
0.040654 -0.128034 0.663000 100 128 101
0.042375 -0.128034 0.663000 108 136 109
0.044095 -0.128034 0.663000 95 124 94
0.045885 -0.128227 0.664000 100 129 99
-0.187022 -0.126692 0.665000 107 118 116
-0.185296 -0.126692 0.665000 111 122 120
-0.183570 -0.126692 0.665000 118 130 122
-0.181844 -0.126692 0.665000 126 138 130
-0.180119 -0.126692 0.665000 131 146 130
-0.178393 -0.126692 0.665000 138 153 137
-0.176401 -0.126502 0.664000 149 164 148
-0.174678 -0.126502 0.664000 165 180 164
0.038992 -0.126502 0.664000 145 156 152
0.040715 -0.126502 0.664000 107 133 109
0.042375 -0.126311 0.663000 107 133 109
0.044162 -0.126502 0.664000 99 130 98
0.045885 -0.126502 0.664000 91 122 90
0.047680 -0.126692 0.665000 129 151 135
-0.188747 -0.124964 0.665000 95 106 102
-0.187022 -0.124964 0.665000 90 104 93
-0.185296 -0.124964 0.665000 106 120 109
-0.183570 -0.124964 0.665000 136 151 135
-0.181844 -0.124964 0.665000 138 153 137
-0.180119 -0.124964 0.665000 150 165 149
-0.178393 -0.124964 0.665000 156 171 155
0.040715 -0.124776 0.664000 130 147 129
0.042438 -0.124776 0.664000 111 128 110
0.044162 -0.124776 0.664000 103 134 100
0.045954 -0.124964 0.665000 96 127 93
0.047680 -0.124964 0.665000 99 125 101
-0.192488 -0.123421 0.666000 129 140 136
-0.190760 -0.123421 0.666000 97 112 98
-0.189031 -0.123421 0.666000 88 103 89
-0.187303 -0.123421 0.666000 86 107 85
-0.185296 -0.123236 0.665000 93 114 92
-0.183570 -0.123236 0.665000 143 160 142
-0.181844 -0.123236 0.665000 158 175 157
-0.180119 -0.123236 0.665000 158 171 158
-0.178393 -0.123236 0.665000 158 171 158
0.040777 -0.123236 0.665000 142 159 143
0.042502 -0.123236 0.665000 115 132 116
0.044228 -0.123236 0.665000 107 136 104
0.045954 -0.123236 0.665000 102 131 99
0.047680 -0.123236 0.665000 94 123 91
0.049405 -0.123236 0.665000 116 145 113
-0.194216 -0.121691 0.666000 116 128 118
-0.192488 -0.121691 0.666000 90 102 92
-0.190760 -0.121691 0.666000 88 109 85
-0.189031 -0.121691 0.666000 95 116 92
-0.187303 -0.121691 0.666000 94 121 90
-0.185575 -0.121691 0.666000 101 128 97
-0.183570 -0.121508 0.665000 126 146 127
-0.181844 -0.121508 0.665000 141 161 142
-0.180119 -0.121508 0.665000 156 171 157
0.042502 -0.121508 0.665000 134 148 137
0.044228 -0.121508 0.665000 102 129 98
0.045954 -0.121508 0.665000 106 133 102
0.047751 -0.121691 0.666000 99 130 96
0.049480 -0.121691 0.666000 93 124 90
0.051208 -0.121691 0.666000 154 174 159
-0.196239 -0.120140 0.667000 106 115 108
-0.194508 -0.120140 0.667000 86 106 87
-0.192777 -0.120140 0.667000 89 109 90
-0.190760 -0.119960 0.666000 87 114 81
-0.189031 -0.119960 0.666000 101 128 95
-0.187303 -0.119960 0.666000 103 130 99
-0.185575 -0.119960 0.666000 108 135 104
-0.183846 -0.119960 0.666000 122 139 121
-0.181844 -0.119780 0.665000 155 172 154
0.042566 -0.119960 0.666000 153 164 160
0.044295 -0.119960 0.666000 103 129 105
0.046023 -0.119960 0.666000 108 134 110
0.047751 -0.119960 0.666000 100 131 97
0.049480 -0.119960 0.666000 87 118 84
0.051285 -0.120140 0.667000 127 152 131
-0.197970 -0.118407 0.667000 97 112 98
-0.196239 -0.118407 0.667000 90 105 91
-0.194508 -0.118407 0.667000 86 113 84
-0.192777 -0.118407 0.667000 90 117 88
-0.191046 -0.118407 0.667000 101 130 98
-0.189315 -0.118407 0.667000 102 131 99
-0.187303 -0.118229 0.666000 110 134 106
-0.185575 -0.118229 0.666000 138 162 134
-0.183846 -0.118229 0.666000 167 182 166
0.044295 -0.118229 0.666000 131 153 133
0.046023 -0.118229 0.666000 102 124 104
0.047823 -0.118407 0.667000 104 135 101
0.049554 -0.118407 0.667000 96 127 93
0.051285 -0.118407 0.667000 99 127 102
0.053016 -0.118407 0.667000 145 173 148
-0.199701 -0.116674 0.667000 101 113 105
-0.198266 -0.116849 0.668000 85 108 85
-0.196533 -0.116849 0.668000 94 117 94
-0.194799 -0.116849 0.668000 94 123 89
-0.192777 -0.116674 0.667000 100 129 95
-0.191046 -0.116674 0.667000 100 129 97
-0.189315 -0.116674 0.667000 119 148 116
-0.187584 -0.116674 0.667000 149 169 150
-0.185575 -0.116499 0.666000 161 181 162
0.044361 -0.116674 0.667000 145 162 148
0.046092 -0.116674 0.667000 107 124 110
0.047823 -0.116674 0.667000 103 132 100
0.049554 -0.116674 0.667000 102 131 99
0.051285 -0.116674 0.667000 93 122 92
0.053095 -0.116849 0.668000 120 149 119
-0.201734 -0.115113 0.668000 100 117 101
-0.200000 -0.115113 0.668000 86 103 87
-0.198563 -0.115285 0.669000 89 118 84
-0.196827 -0.115285 0.669000 96 125 91
-0.194799 -0.115113 0.668000 99 130 96
-0.193066 -0.115113 0.668000 98 129 95
-0.191332 -0.115113 0.668000 124 150 124
-0.189315 -0.114941 0.667000 157 183 157
-0.187584 -0.114941 0.667000 164 180 169
0.046161 -0.115113 0.668000 131 145 136
0.047823 -0.114941 0.667000 98 127 97
0.049628 -0.115113 0.668000 101 130 100
0.051362 -0.115113 0.668000 96 127 93
0.053175 -0.115285 0.669000 92 123 89
0.054911 -0.115285 0.669000 146 166 151
-0.203772 -0.113547 0.669000 107 119 111
-0.202036 -0.113547 0.669000 83 106 81
-0.200599 -0.113717 0.670000 88 111 86
-0.198860 -0.113717 0.670000 95 125 86
-0.197121 -0.113717 0.670000 102 132 93
-0.195091 -0.113547 0.669000 102 131 99
-0.193066 -0.113377 0.668000 128 157 125
-0.191332 -0.113377 0.668000 161 183 165
0.046161 -0.113377 0.668000 150 161 159
0.047895 -0.113377 0.668000 109 135 111
0.049628 -0.113377 0.668000 103 129 105
0.051439 -0.113547 0.669000 101 132 98
0.053175 -0.113547 0.669000 89 120 86
0.054993 -0.113717 0.670000 123 145 127
-0.205815 -0.111976 0.670000 101 118 102
-0.204076 -0.111976 0.670000 86 103 87
-0.202640 -0.112143 0.671000 88 118 81
-0.200898 -0.112143 0.671000 96 126 89
-0.199157 -0.112143 0.671000 99 131 94
-0.197121 -0.111976 0.670000 98 130 93
-0.195383 -0.111976 0.670000 134 160 136
-0.193355 -0.111808 0.669000 160 186 162
0.046230 -0.111808 0.669000 159 167 166
0.047966 -0.111808 0.669000 128 148 131
0.049702 -0.111808 0.669000 105 125 108
0.051439 -0.111808 0.669000 104 135 103
0.053254 -0.111976 0.670000 94 125 93
0.055075 -0.112143 0.671000 95 121 97
0.056901 -0.112310 0.672000 145 171 147
-0.208483 -0.110728 0.673000 115 129 118
-0.206429 -0.110564 0.672000 82 105 80
-0.204685 -0.110564 0.672000 91 114 89
-0.202942 -0.110564 0.672000 91 126 88
-0.200898 -0.110399 0.671000 95 130 92
-0.199157 -0.110399 0.671000 99 130 98
-0.197416 -0.110399 0.671000 132 163 131
-0.195383 -0.110234 0.670000 167 187 170
0.048038 -0.110234 0.670000 147 161 150
0.049777 -0.110234 0.670000 120 134 123
0.051516 -0.110234 0.670000 106 135 101
0.053254 -0.110234 0.670000 102 131 97
0.055075 -0.110399 0.671000 92 118 92
0.056986 -0.110728 0.673000 129 155 129
-0.210230 -0.108979 0.673000 121 138 122
-0.208483 -0.108979 0.673000 87 104 88
-0.206737 -0.108979 0.673000 86 113 82
-0.204990 -0.108979 0.673000 95 122 91
-0.203244 -0.108979 0.673000 100 131 97
-0.201497 -0.108979 0.673000 98 129 95
-0.199454 -0.108817 0.672000 136 162 138
-0.197416 -0.108655 0.671000 161 187 163
0.048110 -0.108655 0.671000 157 169 159
0.049851 -0.108655 0.671000 133 145 135
0.051592 -0.108655 0.671000 102 129 98
0.053334 -0.108655 0.671000 107 134 103
0.055075 -0.108655 0.671000 98 127 97
0.056986 -0.108979 0.673000 99 128 98
0.058819 -0.109141 0.674000 160 174 163
-0.212291 -0.107390 0.674000 132 144 134
-0.210542 -0.107390 0.674000 87 110 85
-0.208483 -0.107230 0.673000 85 108 83
-0.206737 -0.107230 0.673000 94 125 91
-0.204990 -0.107230 0.673000 103 134 100
-0.203244 -0.107230 0.673000 102 131 99
-0.201497 -0.107230 0.673000 130 159 127
-0.199454 -0.107071 0.672000 160 180 165
0.049851 -0.106912 0.671000 153 162 155
0.051592 -0.106912 0.671000 102 128 102
0.053413 -0.107071 0.672000 103 129 103
0.055157 -0.107071 0.672000 101 130 96
0.056986 -0.107230 0.673000 92 121 87
0.058819 -0.107390 0.674000 139 159 142
-0.214040 -0.105638 0.674000 137 154 136
-0.212291 -0.105638 0.674000 92 109 91
-0.210542 -0.105638 0.674000 90 117 84
-0.208793 -0.105638 0.674000 100 127 94
-0.207044 -0.105638 0.674000 104 135 101
-0.204990 -0.105482 0.673000 101 132 98
-0.203244 -0.105482 0.673000 130 156 132
-0.201497 -0.105482 0.673000 160 186 162
-0.199750 -0.105482 0.673000 163 179 168
0.049925 -0.105325 0.672000 157 165 162
0.051669 -0.105325 0.672000 123 146 123
0.053413 -0.105325 0.672000 103 126 103
0.055239 -0.105482 0.673000 103 132 98
0.057070 -0.105638 0.674000 99 128 94
0.058819 -0.105638 0.674000 112 132 113
-0.214040 -0.103887 0.674000 98 119 97
-0.212291 -0.103887 0.674000 91 112 90
-0.210542 -0.103887 0.674000 92 122 85
-0.208793 -0.103887 0.674000 103 133 96
-0.207044 -0.103887 0.674000 99 130 98
-0.205295 -0.103887 0.674000 120 151 119
-0.203546 -0.103887 0.674000 162 182 165
-0.201497 -0.103733 0.673000 160 180 163
0.051746 -0.103733 0.673000 141 158 142
0.053493 -0.103733 0.673000 106 123 107
0.055239 -0.103733 0.673000 105 134 102
0.057070 -0.103887 0.674000 101 130 98
0.058819 -0.103887 0.674000 95 118 95
0.060658 -0.104041 0.675000 136 159 136
-0.215789 -0.102136 0.674000 116 128 118
-0.214040 -0.102136 0.674000 86 113 84
-0.212291 -0.102136 0.674000 93 120 91
-0.210542 -0.102136 0.674000 101 133 96
-0.208793 -0.102136 0.674000 99 131 94
-0.207044 -0.102136 0.674000 117 143 117
-0.205295 -0.102136 0.674000 157 183 157
-0.203244 -0.101984 0.673000 164 181 167
0.051746 -0.101984 0.673000 156 170 159
0.053493 -0.101984 0.673000 128 142 131
0.055239 -0.101984 0.673000 101 129 102
0.057070 -0.102136 0.674000 103 131 104
0.058819 -0.102136 0.674000 93 119 93
0.060658 -0.102287 0.675000 114 140 114
-0.217538 -0.100384 0.674000 129 144 128
-0.215789 -0.100384 0.674000 95 110 94
-0.214040 -0.100384 0.674000 89 119 82
-0.212291 -0.100384 0.674000 102 132 95
-0.210542 -0.100384 0.674000 106 135 103
-0.208793 -0.100384 0.674000 108 137 105
-0.207044 -0.100384 0.674000 159 181 163
-0.205295 -0.100384 0.674000 163 185 167
0.053572 -0.100384 0.674000 144 155 151
0.055321 -0.100384 0.674000 99 125 99
0.057070 -0.100384 0.674000 104 130 104
0.058819 -0.100384 0.674000 100 128 101
0.060658 -0.100533 0.675000 96 124 97
0.062503 -0.100682 0.676000 147 163 152
-0.219287 -0.098633 0.674000 152 161 154
-0.217538 -0.098633 0.674000 93 114 92
-0.215789 -0.098633 0.674000 91 112 90
-0.214040 -0.098633 0.674000 96 128 89
-0.212291 -0.098633 0.674000 97 129 90
-0.210542 -0.098633 0.674000 103 132 100
-0.208793 -0.098633 0.674000 143 172 140
-0.207044 -0.098633 0.674000 162 182 167
0.053652 -0.098779 0.675000 161 169 166
0.055403 -0.098779 0.675000 118 141 118
0.057155 -0.098779 0.675000 103 126 103
0.058907 -0.098779 0.675000 102 131 101
0.060748 -0.098925 0.676000 95 124 94
0.062503 -0.098925 0.676000 123 145 127
-0.219287 -0.096881 0.674000 111 123 113
-0.217861 -0.097025 0.675000 88 115 84
-0.216109 -0.097025 0.675000 96 123 92
-0.214358 -0.097025 0.675000 103 133 96
-0.212291 -0.096881 0.674000 108 138 101
-0.210854 -0.097025 0.675000 137 160 137
-0.209103 -0.097025 0.675000 158 181 158
0.055485 -0.097169 0.676000 136 153 135
0.057155 -0.097025 0.675000 104 121 103
0.058994 -0.097169 0.676000 103 132 102
0.060748 -0.097169 0.676000 98 127 97
0.062503 -0.097169 0.676000 96 123 101
0.064352 -0.097313 0.677000 148 175 153
-0.221364 -0.095271 0.675000 119 136 122
-0.219613 -0.095271 0.675000 93 110 96
-0.218184 -0.095412 0.676000 92 120 82
-0.216109 -0.095271 0.675000 101 129 91
-0.214358 -0.095271 0.675000 101 131 94
-0.212606 -0.095271 0.675000 117 147 110
-0.210854 -0.095271 0.675000 162 182 165
-0.209103 -0.095271 0.675000 160 180 163
0.055485 -0.095412 0.676000 153 168 152
0.057240 -0.095412 0.676000 115 130 114
0.058994 -0.095412 0.676000 102 131 101
0.060748 -0.095412 0.676000 102 131 101
0.062595 -0.095553 0.677000 89 117 92
0.064352 -0.095553 0.677000 130 158 133
-0.223116 -0.093517 0.675000 150 161 157
-0.221692 -0.093656 0.676000 95 116 94
-0.219938 -0.093656 0.676000 92 113 91
-0.218184 -0.093656 0.676000 99 127 89
-0.216430 -0.093656 0.676000 106 134 96
-0.214675 -0.093656 0.676000 113 140 109
-0.212921 -0.093656 0.676000 152 179 148
-0.211167 -0.093656 0.676000 164 181 167
0.055485 -0.093656 0.676000 157 171 160
0.057240 -0.093656 0.676000 135 149 138
0.058994 -0.093656 0.676000 102 130 103
0.060838 -0.093794 0.677000 105 133 106
0.062595 -0.093794 0.677000 94 122 95
0.064352 -0.093794 0.677000 107 135 108
-0.223447 -0.091899 0.676000 115 127 117
-0.221692 -0.091899 0.676000 90 114 86
-0.219938 -0.091899 0.676000 101 125 97
-0.218507 -0.092035 0.677000 106 134 98
-0.216750 -0.092035 0.677000 109 137 101
-0.214993 -0.092035 0.677000 142 165 142
-0.212921 -0.091899 0.676000 163 186 163
0.057324 -0.092035 0.677000 150 162 154
0.059081 -0.092035 0.677000 100 126 102
0.060838 -0.092035 0.677000 106 132 108
0.062687 -0.092171 0.678000 99 130 98
0.064447 -0.092171 0.678000 93 124 92
0.066206 -0.092171 0.678000 152 172 157
-0.225201 -0.090142 0.676000 135 152 138
-0.223777 -0.090276 0.677000 95 112 98
-0.222020 -0.090276 0.677000 95 124 90
-0.220263 -0.090276 0.677000 101 130 96
-0.218507 -0.090276 0.677000 104 131 98
-0.216750 -0.090276 0.677000 129 156 123
-0.214993 -0.090276 0.677000 162 182 163
0.057324 -0.090276 0.677000 154 165 161
0.059169 -0.090409 0.678000 112 135 112
0.060928 -0.090409 0.678000 103 126 103
0.062687 -0.090409 0.678000 103 134 102
0.064447 -0.090409 0.678000 92 123 91
0.066206 -0.090409 0.678000 122 144 126
-0.225534 -0.088517 0.677000 104 125 103
-0.224108 -0.088647 0.678000 95 116 94
-0.222348 -0.088647 0.678000 101 131 94
-0.220589 -0.088647 0.678000 102 132 95
-0.218829 -0.088647 0.678000 109 136 105
-0.217070 -0.088647 0.678000 152 179 148
-0.215310 -0.088647 0.678000 167 182 166
0.059169 -0.088647 0.678000 134 154 135
0.060928 -0.088647 0.678000 104 124 105
0.062687 -0.088647 0.678000 105 136 104
0.064447 -0.088647 0.678000 97 128 96
0.066206 -0.088647 0.678000 103 129 105
-0.227627 -0.086885 0.678000 123 135 125
-0.225867 -0.086885 0.678000 91 113 86
-0.224108 -0.086885 0.678000 98 120 93
-0.222348 -0.086885 0.678000 103 133 96
-0.220589 -0.086885 0.678000 103 133 96
-0.218829 -0.086885 0.678000 138 161 136
-0.217070 -0.086885 0.678000 163 186 161
0.059169 -0.086885 0.678000 148 165 149
0.060928 -0.086885 0.678000 107 124 108
0.062687 -0.086885 0.678000 104 135 103
0.064447 -0.086885 0.678000 99 130 98
0.066304 -0.087014 0.679000 92 120 93
0.068066 -0.087014 0.679000 143 171 144
-0.227627 -0.085124 0.678000 100 115 99
-0.225867 -0.085124 0.678000 98 122 92
-0.224438 -0.085249 0.679000 108 132 102
-0.222676 -0.085249 0.679000 110 137 104
-0.220914 -0.085249 0.679000 121 148 115
-0.219152 -0.085249 0.679000 165 182 164
-0.217390 -0.085249 0.679000 165 182 164
0.059256 -0.085249 0.679000 159 173 162
0.061018 -0.085249 0.679000 129 143 132
0.062780 -0.085249 0.679000 103 132 102
0.064542 -0.085249 0.679000 106 135 105
0.066304 -0.085249 0.679000 96 124 97
0.068166 -0.085375 0.680000 122 150 123
-0.229725 -0.083485 0.679000 112 129 111
-0.227962 -0.083485 0.679000 95 112 94
-0.226200 -0.083485 0.679000 100 129 95
-0.224769 -0.083608 0.680000 107 136 102
-0.223004 -0.083608 0.680000 113 140 109
-0.221240 -0.083608 0.680000 145 172 141
-0.219475 -0.083608 0.680000 164 181 167
0.061018 -0.083485 0.679000 138 152 143
0.064637 -0.083608 0.680000 108 134 108
0.066402 -0.083608 0.680000 99 128 98
0.068166 -0.083608 0.680000 100 129 99
-0.231487 -0.081720 0.679000 154 163 154
-0.228298 -0.081841 0.680000 99 120 96
-0.226534 -0.081841 0.680000 102 131 97
-0.223332 -0.081961 0.681000 132 155 130
-0.221565 -0.081961 0.681000 160 183 158
0.061108 -0.081841 0.680000 158 170 160
0.062872 -0.081841 0.680000 109 132 109
0.064637 -0.081841 0.680000 106 129 106
0.066402 -0.081841 0.680000 101 132 100
0.068267 -0.081961 0.681000 90 121 89
0.070034 -0.081961 0.681000 135 155 138
-0.231828 -0.080074 0.680000 123 136 123
-0.230063 -0.080074 0.680000 87 114 83
-0.228298 -0.080074 0.680000 102 129 98
-0.226867 -0.080192 0.681000 103 132 98
-0.225099 -0.080192 0.681000 114 143 109
-0.223332 -0.080192 0.681000 156 176 157
-0.221890 -0.080309 0.682000 162 182 163
0.062965 -0.080192 0.681000 120 141 119
0.064732 -0.080192 0.681000 104 125 103
0.066499 -0.080192 0.681000 101 132 98
0.068367 -0.080309 0.682000 91 122 88
0.070137 -0.080309 0.682000 122 144 124
-0.233592 -0.078307 0.680000 147 162 146
-0.232168 -0.078422 0.681000 94 109 93
-0.230401 -0.078422 0.681000 96 125 91
-0.228634 -0.078422 0.681000 103 132 98
-0.227200 -0.078537 0.682000 101 130 98
-0.225430 -0.078537 0.682000 131 160 128
-0.223660 -0.078537 0.682000 171 188 174
-0.221890 -0.078537 0.682000 165 182 168
0.063057 -0.078537 0.682000 143 160 142
0.064827 -0.078537 0.682000 105 122 104
0.066597 -0.078537 0.682000 103 132 100
0.068367 -0.078537 0.682000 100 129 97
0.070240 -0.078652 0.683000 103 129 105
-0.233936 -0.076652 0.681000 115 133 112
-0.232509 -0.076765 0.682000 93 111 90
-0.230740 -0.076765 0.682000 101 131 94
-0.228970 -0.076765 0.682000 105 135 98
-0.227533 -0.076877 0.683000 114 141 112
-0.225430 -0.076765 0.682000 158 185 156
-0.223988 -0.076877 0.683000 166 180 169
0.063057 -0.076765 0.682000 154 171 157
0.064827 -0.076765 0.682000 114 131 117
0.066695 -0.076877 0.683000 102 131 99
0.068467 -0.076877 0.683000 101 130 98
0.070342 -0.076990 0.684000 93 119 93
0.072223 -0.077103 0.685000 140 166 140
-0.236049 -0.074993 0.682000 160 169 160
-0.234279 -0.074993 0.682000 98 120 93
-0.232850 -0.075103 0.683000 100 122 95
-0.231078 -0.075103 0.683000 103 135 98
-0.229305 -0.075103 0.683000 101 133 96
-0.227533 -0.075103 0.683000 131 157 133
-0.225761 -0.075103 0.683000 164 190 166
0.064922 -0.075103 0.683000 129 145 134
0.066695 -0.075103 0.683000 96 125 95
0.068668 -0.075323 0.685000 103 132 102
0.070445 -0.075323 0.685000 95 124 94
0.072328 -0.075433 0.686000 120 149 119
-0.236049 -0.073220 0.682000 124 137 124
-0.234623 -0.073328 0.683000 92 116 86
-0.232850 -0.073328 0.683000 105 129 99
-0.231078 -0.073328 0.683000 103 134 100
-0.229305 -0.073328 0.683000 110 141 107
-0.227533 -0.073328 0.683000 160 180 163
-0.225761 -0.073328 0.683000 166 186 169
0.065017 -0.073435 0.684000 140 156 147
0.066890 -0.073543 0.685000 98 127 97
0.068668 -0.073543 0.685000 105 134 104
0.070548 -0.073650 0.686000 96 125 95
0.072328 -0.073650 0.686000 107 136 106
-0.236395 -0.071553 0.683000 101 114 99
-0.234966 -0.071658 0.684000 94 122 86
-0.233191 -0.071658 0.684000 109 137 101
-0.231416 -0.071658 0.684000 102 131 99
-0.229641 -0.071658 0.684000 133 162 130
-0.227533 -0.071553 0.683000 166 183 169
0.065112 -0.071763 0.685000 150 163 158
0.066890 -0.071763 0.685000 104 130 104
0.068768 -0.071867 0.686000 104 130 104
0.070548 -0.071867 0.686000 102 131 101
0.072328 -0.071867 0.686000 96 125 95
0.074217 -0.071972 0.687000 157 174 158
-0.238516 -0.069880 0.684000 132 148 127
-0.236741 -0.069880 0.684000 95 111 90
-0.235310 -0.069983 0.685000 101 131 94
-0.233532 -0.069983 0.685000 106 136 99
-0.231755 -0.069983 0.685000 111 135 107
-0.229977 -0.069983 0.685000 158 182 154
-0.227866 -0.069880 0.684000 169 181 171
0.065112 -0.069983 0.685000 161 169 166
0.066890 -0.069983 0.685000 111 134 111
0.068768 -0.070085 0.686000 109 132 109
0.070548 -0.070085 0.686000 105 134 104
0.072434 -0.070187 0.687000 92 121 91
0.074217 -0.070187 0.687000 139 159 142
-0.238865 -0.068203 0.685000 107 128 106
-0.237087 -0.068203 0.685000 98 119 97
-0.235653 -0.068302 0.686000 104 131 98
-0.233873 -0.068302 0.686000 101 128 95
-0.231755 -0.068203 0.685000 135 156 134
-0.229977 -0.068203 0.685000 168 189 167
0.066988 -0.068302 0.686000 129 151 131
0.068868 -0.068402 0.687000 104 126 106
0.070651 -0.068402 0.687000 106 135 103
0.072434 -0.068402 0.687000 99 128 96
0.074325 -0.068501 0.688000 125 145 126
-0.240643 -0.066423 0.685000 151 163 153
-0.238865 -0.066423 0.685000 93 119 93
-0.237434 -0.066520 0.686000 101 127 101
-0.235653 -0.066520 0.686000 100 129 97
-0.233873 -0.066520 0.686000 105 134 102
-0.232093 -0.066520 0.686000 162 179 163
-0.229977 -0.066423 0.685000 166 183 167
0.067085 -0.066617 0.687000 142 162 145
0.068868 -0.066617 0.687000 103 123 106
0.070651 -0.066617 0.687000 104 135 103
0.072539 -0.066713 0.688000 99 130 98
0.074325 -0.066713 0.688000 109 132 109
-0.240994 -0.064737 0.686000 129 142 129
-0.239214 -0.064737 0.686000 92 119 90
-0.237434 -0.064737 0.686000 104 131 102
-0.235997 -0.064831 0.687000 101 130 100
-0.234214 -0.064831 0.687000 121 150 120
-0.232093 -0.064737 0.686000 168 185 171
0.067085 -0.064831 0.687000 152 169 155
0.068968 -0.064926 0.688000 108 125 111
0.070754 -0.064926 0.688000 105 134 104
0.072539 -0.064926 0.688000 105 134 104
0.074325 -0.064926 0.688000 99 125 101
0.076110 -0.064926 0.688000 156 182 158
-0.241345 -0.063046 0.687000 105 118 101
-0.239563 -0.063046 0.687000 96 125 91
-0.237780 -0.063046 0.687000 105 134 100
-0.235997 -0.063046 0.687000 100 128 101
-0.234214 -0.063046 0.687000 134 162 135
-0.232431 -0.063046 0.687000 168 184 173
0.067183 -0.063138 0.688000 156 171 157
0.068968 -0.063138 0.688000 116 131 117
0.070754 -0.063138 0.688000 101 128 99
0.072539 -0.063138 0.688000 104 131 102
0.074325 -0.063138 0.688000 95 123 96
0.076221 -0.063230 0.689000 142 170 143
-0.243128 -0.061261 0.687000 143 159 138
-0.241345 -0.061261 0.687000 97 113 92
-0.239563 -0.061261 0.687000 102 131 97
-0.237780 -0.061261 0.687000 106 135 101
-0.235997 -0.061261 0.687000 110 136 112
-0.234214 -0.061261 0.687000 147 173 149
0.069069 -0.061439 0.689000 128 140 130
0.070857 -0.061439 0.689000 101 127 101
0.072645 -0.061439 0.689000 103 129 103
0.074433 -0.061439 0.689000 93 121 94
0.076221 -0.061439 0.689000 128 156 129
-0.243482 -0.059562 0.688000 119 137 114
-0.241345 -0.059476 0.687000 100 118 95
-0.239911 -0.059562 0.688000 103 134 100
-0.238126 -0.059562 0.688000 98 129 95
-0.236340 -0.059562 0.688000 122 147 126
-0.234555 -0.059562 0.688000 161 186 165
0.069069 -0.059649 0.689000 142 155 142
0.070857 -0.059649 0.689000 96 122 96
0.072645 -0.059649 0.689000 103 129 103
0.074433 -0.059649 0.689000 99 127 100
0.076221 -0.059649 0.689000 113 141 114
-0.243482 -0.057775 0.688000 98 121 96
-0.241697 -0.057775 0.688000 99 122 97
-0.239911 -0.057775 0.688000 103 137 102
-0.238126 -0.057775 0.688000 97 131 96
-0.236684 -0.057859 0.689000 143 168 151
-0.234896 -0.057859 0.689000 160 185 168
0.069169 -0.057942 0.690000 151 163 153
0.070960 -0.057942 0.690000 102 125 100
0.072750 -0.057942 0.690000 105 128 103
0.074541 -0.057942 0.690000 100 129 99
0.076331 -0.057942 0.690000 103 132 102
0.078122 -0.057942 0.690000 159 179 162
-0.245624 -0.056068 0.689000 145 157 147
-0.243836 -0.056068 0.689000 93 120 91
-0.242048 -0.056068 0.689000 104 131 102
-0.240260 -0.056068 0.689000 103 134 102
-0.238472 -0.056068 0.689000 104 135 103
-0.236684 -0.056068 0.689000 158 180 164
0.069169 -0.056150 0.690000 154 166 156
0.070960 -0.056150 0.690000 109 132 109
0.072750 -0.056150 0.690000 105 128 105
0.074541 -0.056150 0.690000 99 130 98
0.076331 -0.056150 0.690000 93 124 92
0.078122 -0.056150 0.690000 154 174 157
-0.245624 -0.054278 0.689000 125 140 126
-0.243836 -0.054278 0.689000 89 118 86
-0.242048 -0.054278 0.689000 105 134 102
-0.240260 -0.054278 0.689000 101 132 100
-0.238818 -0.054357 0.690000 118 149 117
-0.237027 -0.054357 0.690000 163 184 171
0.069169 -0.054357 0.690000 158 170 162
0.071062 -0.054435 0.691000 112 135 112
0.072750 -0.054357 0.690000 104 127 104
0.074541 -0.054357 0.690000 101 132 100
0.076331 -0.054357 0.690000 93 124 92
0.078235 -0.054435 0.691000 144 166 148
-0.245981 -0.052564 0.690000 111 126 110
-0.244190 -0.052564 0.690000 98 127 93
-0.242399 -0.052564 0.690000 105 134 100
-0.240609 -0.052564 0.690000 98 127 97
-0.238818 -0.052564 0.690000 136 165 135
-0.237027 -0.052564 0.690000 166 182 171
0.071062 -0.052640 0.691000 118 140 120
0.072856 -0.052640 0.691000 98 120 100
0.074649 -0.052640 0.691000 101 132 102
0.076442 -0.052640 0.691000 93 124 94
0.078235 -0.052640 0.691000 131 156 137
-0.245981 -0.050771 0.690000 97 115 94
-0.244190 -0.050771 0.690000 100 131 99
-0.242399 -0.050771 0.690000 104 135 103
-0.240609 -0.050771 0.690000 106 132 106
-0.238818 -0.050771 0.690000 153 179 153
0.071062 -0.050844 0.691000 124 146 128
0.072856 -0.050844 0.691000 98 120 102
0.074649 -0.050844 0.691000 100 130 103
0.076442 -0.050844 0.691000 92 122 95
0.078235 -0.050844 0.691000 117 144 122
-0.248130 -0.049049 0.691000 136 154 131
-0.245981 -0.048978 0.690000 97 115 92
-0.244544 -0.049049 0.691000 100 131 97
-0.242751 -0.049049 0.691000 101 132 98
-0.240957 -0.049049 0.691000 116 142 118
-0.239164 -0.049049 0.691000 161 187 163
0.071062 -0.049049 0.691000 139 159 144
0.072856 -0.049049 0.691000 100 120 105
0.074757 -0.049120 0.692000 99 129 102
0.076553 -0.049120 0.692000 93 123 96
0.078348 -0.049120 0.692000 103 130 108
-0.248130 -0.047253 0.691000 126 145 119
-0.246337 -0.047253 0.691000 99 118 92
-0.244544 -0.047253 0.691000 103 134 100
-0.242751 -0.047253 0.691000 99 130 96
-0.240957 -0.047253 0.691000 132 154 134
-0.239164 -0.047253 0.691000 163 185 165
0.071165 -0.047321 0.692000 142 161 149
0.072961 -0.047321 0.692000 103 122 110
0.074757 -0.047321 0.692000 99 129 102
0.076553 -0.047321 0.692000 98 128 101
0.078348 -0.047321 0.692000 100 125 104
-0.248130 -0.045457 0.691000 110 132 105
-0.246337 -0.045457 0.691000 100 122 95
-0.244544 -0.045457 0.691000 105 134 100
-0.242751 -0.045457 0.691000 100 129 95
-0.240957 -0.045457 0.691000 146 166 147
-0.239164 -0.045457 0.691000 168 188 169
0.071268 -0.045589 0.693000 145 164 152
0.072961 -0.045523 0.692000 106 125 113
0.074865 -0.045589 0.693000 96 126 99
0.076663 -0.045589 0.693000 98 128 101
0.078462 -0.045589 0.693000 97 123 99
0.080260 -0.045589 0.693000 149 175 151
-0.248489 -0.043725 0.692000 101 125 97
-0.246693 -0.043725 0.692000 108 132 104
-0.244898 -0.043725 0.692000 107 137 100
-0.243102 -0.043725 0.692000 102 132 95
-0.241306 -0.043725 0.692000 162 179 161
0.071268 -0.043788 0.693000 145 164 152
0.073066 -0.043788 0.693000 116 135 123
0.074865 -0.043788 0.693000 97 127 100
0.076663 -0.043788 0.693000 99 129 102
0.078462 -0.043788 0.693000 96 122 96
0.080260 -0.043788 0.693000 142 168 142
-0.250647 -0.041987 0.693000 155 168 155
-0.248848 -0.041987 0.693000 95 122 93
-0.247050 -0.041987 0.693000 106 133 104
-0.245252 -0.041987 0.693000 108 135 102
-0.243453 -0.041987 0.693000 113 140 107
-0.241306 -0.041927 0.692000 157 172 156
0.071371 -0.042048 0.694000 150 166 155
0.073172 -0.042048 0.694000 122 138 127
0.074973 -0.042048 0.694000 98 127 97
0.076774 -0.042048 0.694000 100 129 99
0.078575 -0.042048 0.694000 94 121 92
0.080376 -0.042048 0.694000 136 163 134
-0.251008 -0.040245 0.694000 140 153 138
-0.248848 -0.040187 0.693000 94 121 90
-0.247050 -0.040187 0.693000 106 133 102
-0.245252 -0.040187 0.693000 106 133 104
-0.243453 -0.040187 0.693000 121 148 119
-0.241655 -0.040187 0.693000 166 181 165
0.071371 -0.040245 0.694000 149 165 156
0.073172 -0.040245 0.694000 122 138 129
0.074973 -0.040245 0.694000 98 127 97
0.076774 -0.040245 0.694000 100 129 99
0.078575 -0.040245 0.694000 92 119 90
0.080376 -0.040245 0.694000 132 159 130
-0.251008 -0.038441 0.694000 130 143 128
-0.248848 -0.038386 0.693000 99 126 95
-0.247050 -0.038386 0.693000 107 134 103
-0.245252 -0.038386 0.693000 101 128 99
-0.243453 -0.038386 0.693000 125 152 123
-0.241655 -0.038386 0.693000 162 179 165
0.071577 -0.038552 0.696000 150 166 157
0.073172 -0.038441 0.694000 121 137 128
0.074973 -0.038441 0.694000 99 127 100
0.076774 -0.038441 0.694000 100 128 101
0.078575 -0.038441 0.694000 95 122 93
0.080376 -0.038441 0.694000 124 151 122
-0.251008 -0.036638 0.694000 122 135 118
-0.249207 -0.036638 0.694000 100 127 94
-0.247050 -0.036585 0.693000 107 134 101
-0.245252 -0.036585 0.693000 100 127 98
-0.243453 -0.036585 0.693000 136 163 134
-0.241655 -0.036585 0.693000 163 180 166
0.073383 -0.036743 0.696000 123 139 130
0.075081 -0.036691 0.695000 101 127 101
0.076884 -0.036691 0.695000 101 127 101
0.078688 -0.036691 0.695000 97 124 95
0.080492 -0.036691 0.695000 118 145 116
-0.251008 -0.034834 0.694000 117 130 113
-0.249207 -0.034834 0.694000 101 128 95
-0.247406 -0.034834 0.694000 108 135 102
-0.245605 -0.034834 0.694000 101 128 99
-0.243804 -0.034834 0.694000 143 170 141
-0.241655 -0.034784 0.693000 162 179 165
0.073383 -0.034935 0.696000 129 145 136
0.075189 -0.034935 0.696000 97 123 97
0.076995 -0.034935 0.696000 101 127 101
0.078801 -0.034935 0.696000 96 125 95
0.080607 -0.034935 0.696000 114 143 113
-0.252809 -0.033031 0.694000 165 179 159
-0.251008 -0.033031 0.694000 108 122 102
-0.249207 -0.033031 0.694000 101 128 95
-0.247406 -0.033031 0.694000 108 135 102
-0.245605 -0.033031 0.694000 103 130 101
-0.243804 -0.033031 0.694000 149 176 147
-0.242003 -0.033031 0.694000 159 176 162
0.073488 -0.033174 0.697000 137 153 144
0.075189 -0.033126 0.696000 95 121 95
0.076995 -0.033126 0.696000 101 127 101
0.078801 -0.033126 0.696000 94 125 95
0.080723 -0.033174 0.697000 103 134 104
-0.252809 -0.031228 0.694000 161 175 155
-0.251008 -0.031228 0.694000 108 122 102
-0.249207 -0.031228 0.694000 104 131 98
-0.247406 -0.031228 0.694000 107 134 101
-0.245605 -0.031228 0.694000 103 129 103
-0.243804 -0.031228 0.694000 152 178 152
-0.242003 -0.031228 0.694000 157 174 160
0.073594 -0.031408 0.698000 139 153 144
0.075297 -0.031363 0.697000 96 122 96
0.077106 -0.031363 0.697000 101 127 101
0.079028 -0.031408 0.698000 96 127 97
0.080839 -0.031408 0.698000 93 124 94
-0.253174 -0.029467 0.695000 153 169 148
-0.251732 -0.029509 0.696000 104 120 99
-0.249926 -0.029509 0.696000 106 135 101
-0.247763 -0.029467 0.695000 103 132 98
-0.246313 -0.029509 0.696000 107 133 107
-0.244507 -0.029509 0.696000 153 179 153
-0.242352 -0.029467 0.695000 161 175 166
0.073594 -0.029594 0.698000 141 155 146
0.075405 -0.029594 0.698000 99 125 101
0.077216 -0.029594 0.698000 101 127 103
0.079028 -0.029594 0.698000 96 126 99
0.080955 -0.029636 0.699000 92 122 95
-0.253538 -0.027701 0.696000 141 159 138
-0.251732 -0.027701 0.696000 99 117 96
-0.249926 -0.027701 0.696000 107 136 102
-0.248119 -0.027701 0.696000 102 131 97
-0.246313 -0.027701 0.696000 117 140 117
-0.244507 -0.027701 0.696000 153 176 153
-0.242701 -0.027701 0.696000 169 181 173
0.073699 -0.027820 0.699000 143 157 148
0.075405 -0.027780 0.698000 97 123 99
0.077216 -0.027780 0.698000 103 129 105
0.079141 -0.027820 0.699000 96 126 99
0.080955 -0.027820 0.699000 92 122 95
-0.253902 -0.025929 0.697000 135 156 134
-0.250644 -0.025966 0.698000 107 136 102
-0.248832 -0.025966 0.698000 102 131 97
-0.247021 -0.025966 0.698000 122 145 122
-0.245210 -0.025966 0.698000 158 181 158
0.073699 -0.026004 0.699000 146 159 154
0.075513 -0.026004 0.699000 101 126 105
0.077327 -0.026004 0.699000 101 126 105
0.079254 -0.026041 0.700000 99 129 102
0.081071 -0.026041 0.700000 94 124 97
-0.254267 -0.024153 0.698000 132 153 131
-0.252455 -0.024153 0.698000 97 118 96
-0.251003 -0.024187 0.699000 107 136 102
-0.249189 -0.024187 0.699000 102 131 97
-0.247375 -0.024187 0.699000 125 148 125
-0.245561 -0.024187 0.699000 159 182 159
0.073804 -0.024222 0.700000 147 158 154
0.075621 -0.024222 0.700000 103 128 107
0.077438 -0.024222 0.700000 100 125 104
0.081187 -0.024256 0.701000 91 124 96
0.083006 -0.024256 0.701000 145 167 151
-0.254631 -0.022371 0.699000 130 151 129
-0.253179 -0.022403 0.700000 98 119 97
-0.251362 -0.022403 0.700000 107 136 102
-0.249545 -0.022403 0.700000 102 131 97
-0.247729 -0.022403 0.700000 130 151 129
-0.245912 -0.022403 0.700000 161 182 160
0.073804 -0.022403 0.700000 151 163 155
0.075621 -0.022403 0.700000 104 129 108
0.077438 -0.022403 0.700000 100 125 104
0.081187 -0.022435 0.701000 91 124 96
0.083124 -0.022467 0.702000 147 169 153
-0.254995 -0.020584 0.700000 131 152 130
-0.253540 -0.020613 0.701000 98 119 97
-0.251721 -0.020613 0.701000 107 136 102
-0.250258 -0.020643 0.702000 103 132 98
-0.248083 -0.020613 0.701000 133 151 130
-0.246264 -0.020613 0.701000 166 184 163
0.073910 -0.020613 0.701000 152 164 156
0.075621 -0.020584 0.700000 101 126 105
0.077548 -0.020613 0.701000 100 125 104
0.079367 -0.020613 0.701000 97 130 102
0.081302 -0.020643 0.702000 91 124 96
0.083124 -0.020643 0.702000 150 175 158
-0.255359 -0.018792 0.701000 125 146 124
-0.253902 -0.018818 0.702000 104 125 103
-0.252080 -0.018818 0.702000 107 136 102
-0.250615 -0.018845 0.703000 105 134 100
-0.248791 -0.018845 0.703000 136 154 133
-0.246615 -0.018818 0.702000 165 183 162
0.073910 -0.018792 0.701000 151 165 156
0.075729 -0.018792 0.701000 99 124 103
0.077548 -0.018792 0.701000 101 126 105
0.079481 -0.018818 0.702000 96 129 101
0.081302 -0.018818 0.702000 91 124 96
0.083243 -0.018845 0.703000 145 172 154
-0.256088 -0.017019 0.703000 120 141 119
-0.254264 -0.017019 0.703000 105 126 104
-0.252439 -0.017019 0.703000 106 135 103
-0.250971 -0.017043 0.704000 105 134 102
-0.248791 -0.017019 0.703000 140 158 137
-0.246966 -0.017019 0.703000 159 177 156
0.074015 -0.016994 0.702000 151 165 156
0.075837 -0.016994 0.702000 99 124 103
0.077659 -0.016994 0.702000 100 125 104
0.079481 -0.016994 0.702000 96 129 101
0.081418 -0.017019 0.703000 92 125 97
0.083243 -0.017019 0.703000 146 171 152
-0.256088 -0.015192 0.703000 120 141 119
-0.254625 -0.015213 0.704000 105 126 104
-0.252798 -0.015213 0.704000 106 135 103
-0.250971 -0.015213 0.704000 103 132 100
-0.249144 -0.015213 0.704000 142 159 141
-0.246966 -0.015192 0.703000 161 178 160
0.074121 -0.015192 0.703000 149 163 154
0.075945 -0.015192 0.703000 100 125 104
0.077769 -0.015192 0.703000 100 125 104
0.079594 -0.015192 0.703000 92 125 97
0.081418 -0.015192 0.703000 89 122 94
0.083243 -0.015192 0.703000 144 169 150
-0.256452 -0.013384 0.704000 117 140 117
-0.254625 -0.013384 0.704000 104 127 104
-0.252798 -0.013384 0.704000 107 136 104
-0.250971 -0.013384 0.704000 99 128 96
-0.249144 -0.013384 0.704000 140 160 143
-0.247318 -0.013384 0.704000 159 179 162
0.074121 -0.013365 0.703000 146 158 150
0.075945 -0.013365 0.703000 100 125 104
0.077769 -0.013365 0.703000 100 125 104
0.079594 -0.013365 0.703000 94 127 99
0.081418 -0.013365 0.703000 91 124 96
0.083243 -0.013365 0.703000 148 170 152
-0.256452 -0.011555 0.704000 115 138 115
-0.254625 -0.011555 0.704000 105 128 105
-0.252798 -0.011555 0.704000 105 136 104
-0.250971 -0.011555 0.704000 99 130 98
-0.249144 -0.011555 0.704000 143 163 146
-0.247318 -0.011555 0.704000 157 177 160
0.074121 -0.011538 0.703000 144 156 148
0.075945 -0.011538 0.703000 99 124 103
0.077769 -0.011538 0.703000 100 125 104
0.079594 -0.011538 0.703000 97 127 100
0.081418 -0.011538 0.703000 97 127 100
0.083361 -0.011555 0.704000 149 169 152
-0.256452 -0.009725 0.704000 119 142 119
-0.254625 -0.009725 0.704000 105 128 105
-0.252798 -0.009725 0.704000 104 135 103
-0.250971 -0.009725 0.704000 100 131 99
-0.249144 -0.009725 0.704000 142 162 145
-0.247318 -0.009725 0.704000 155 175 158
0.074226 -0.009725 0.704000 142 156 147
0.076053 -0.009725 0.704000 97 122 101
0.077769 -0.009711 0.703000 100 125 104
0.079707 -0.009725 0.704000 94 125 95
0.081534 -0.009725 0.704000 98 129 99
0.083361 -0.009725 0.704000 148 168 151
-0.256817 -0.007907 0.705000 120 143 118
-0.254987 -0.007907 0.705000 105 128 103
-0.252798 -0.007896 0.704000 104 135 103
-0.250971 -0.007896 0.704000 100 131 99
-0.249144 -0.007896 0.704000 135 155 138
-0.247318 -0.007896 0.704000 157 177 160
0.074332 -0.007907 0.705000 147 161 152
0.076053 -0.007896 0.704000 96 122 98
0.077880 -0.007896 0.704000 100 126 102
0.079707 -0.007896 0.704000 97 128 98
0.081534 -0.007896 0.704000 96 127 97
-0.256817 -0.006075 0.705000 122 145 120
-0.254987 -0.006075 0.705000 105 128 103
-0.253157 -0.006075 0.705000 105 136 104
-0.250971 -0.006067 0.704000 100 131 99
-0.249144 -0.006067 0.704000 134 154 135
-0.247318 -0.006067 0.704000 160 180 161
0.074332 -0.006075 0.705000 145 159 150
0.076161 -0.006075 0.705000 96 122 98
0.077991 -0.006075 0.705000 100 126 102
0.079707 -0.006067 0.704000 100 129 97
0.081650 -0.006075 0.705000 100 129 97
-0.256817 -0.004243 0.705000 126 149 124
-0.254987 -0.004243 0.705000 105 128 103
-0.253157 -0.004243 0.705000 105 136 104
-0.251328 -0.004243 0.705000 101 132 100
-0.249498 -0.004243 0.705000 135 155 136
-0.247669 -0.004243 0.705000 161 181 162
0.074437 -0.004249 0.706000 142 154 144
0.076161 -0.004243 0.705000 94 120 94
0.077991 -0.004243 0.705000 100 126 100
0.079820 -0.004243 0.705000 99 128 96
0.081650 -0.004243 0.705000 103 132 100
-0.257181 -0.002415 0.706000 127 150 125
-0.255349 -0.002415 0.706000 105 128 103
-0.253157 -0.002411 0.705000 105 136 104
-0.251328 -0.002411 0.705000 100 131 99
-0.249498 -0.002411 0.705000 132 152 135
-0.247669 -0.002411 0.705000 160 180 163
0.074543 -0.002418 0.707000 137 150 137
0.076269 -0.002415 0.706000 95 121 95
0.078101 -0.002415 0.706000 99 125 99
0.079820 -0.002411 0.705000 98 127 95
0.081766 -0.002415 0.706000 113 142 110
-0.257181 -0.000580 0.706000 127 150 125
-0.255710 -0.000581 0.707000 98 121 96
-0.253517 -0.000580 0.706000 105 136 104
-0.251684 -0.000580 0.706000 103 134 102
-0.249498 -0.000579 0.705000 127 149 131
-0.247669 -0.000579 0.705000 156 178 160
0.074543 -0.000581 0.707000 132 147 133
0.076377 -0.000581 0.707000 92 119 90
0.078101 -0.000580 0.706000 100 127 98
0.079934 -0.000580 0.706000 99 128 96
0.081766 -0.000580 0.706000 121 150 118
-0.257545 0.001256 0.707000 132 155 132
-0.255710 0.001256 0.707000 98 121 98
-0.253876 0.001256 0.707000 104 135 103
-0.251684 0.001254 0.706000 100 131 99
-0.249852 0.001254 0.706000 119 141 123
-0.248020 0.001254 0.706000 156 178 160
0.072811 0.001258 0.708000 152 169 155
0.074648 0.001258 0.708000 123 140 126
0.076377 0.001256 0.707000 96 125 95
0.078212 0.001256 0.707000 99 128 98
0.080047 0.001256 0.707000 96 123 92
0.081881 0.001256 0.707000 128 155 124
-0.257909 0.003098 0.708000 133 154 132
-0.256072 0.003098 0.708000 102 123 101
-0.254235 0.003098 0.708000 105 136 104
-0.252041 0.003093 0.707000 99 130 98
-0.250206 0.003093 0.707000 123 145 125
-0.248020 0.003089 0.706000 154 176 156
0.072913 0.003102 0.709000 151 167 156
0.074753 0.003102 0.709000 121 137 126
0.076485 0.003098 0.708000 98 127 97
0.078323 0.003098 0.708000 100 129 99
0.080160 0.003098 0.708000 95 122 93
0.081997 0.003098 0.708000 132 159 130
-0.258274 0.004945 0.709000 142 160 139
-0.256795 0.004952 0.710000 104 122 101
-0.254235 0.004938 0.708000 106 135 103
-0.252397 0.004938 0.708000 101 130 98
-0.250560 0.004938 0.708000 112 134 114
-0.248371 0.004931 0.707000 153 175 155
0.073016 0.004952 0.710000 146 165 153
0.074859 0.004952 0.710000 114 133 121
0.076593 0.004945 0.709000 96 124 97
0.078433 0.004945 0.709000 99 127 100
0.080273 0.004945 0.709000 94 121 92
0.081997 0.004938 0.708000 139 166 137
-0.258638 0.006796 0.710000 157 173 152
-0.256795 0.006796 0.710000 106 122 101
-0.254953 0.006796 0.710000 106 135 101
-0.252754 0.006787 0.709000 106 135 101
-0.250914 0.006787 0.709000 106 131 110
-0.248723 0.006777 0.708000 151 176 155
0.073016 0.006796 0.710000 142 158 147
0.074859 0.006796 0.710000 111 127 116
0.076701 0.006796 0.710000 95 124 94
0.078544 0.006796 0.710000 100 129 99
0.080386 0.006796 0.710000 95 122 93
0.082229 0.006796 0.710000 144 171 142
-0.259002 0.008654 0.711000 159 175 154
-0.257157 0.008654 0.711000 108 124 103
-0.254953 0.008641 0.710000 103 132 98
-0.253110 0.008641 0.710000 105 134 100
-0.251268 0.008641 0.710000 101 127 103
-0.249074 0.008629 0.709000 144 170 146
0.073016 0.008641 0.710000 140 157 143
0.074859 0.008641 0.710000 99 116 102
0.076809 0.008654 0.711000 95 124 94
0.078654 0.008654 0.711000 99 128 98
0.080500 0.008654 0.711000 101 127 101
0.082229 0.008641 0.710000 147 173 147
-0.257157 0.010501 0.711000 109 124 106
-0.255312 0.010501 0.711000 99 130 96
-0.253467 0.010501 0.711000 103 134 100
-0.251268 0.010486 0.710000 96 124 99
-0.249425 0.010486 0.710000 137 165 140
0.073119 0.010501 0.711000 134 154 139
0.074964 0.010501 0.711000 96 116 101
0.076809 0.010501 0.711000 96 127 97
0.078654 0.010501 0.711000 90 121 91
0.080500 0.010501 0.711000 103 131 106
-0.257519 0.012366 0.712000 111 128 110
-0.255671 0.012366 0.712000 99 130 98
-0.253467 0.012349 0.711000 100 131 99
-0.251622 0.012349 0.711000 96 124 97
-0.249777 0.012349 0.711000 136 164 137
0.071274 0.012349 0.711000 155 166 162
0.073119 0.012349 0.711000 130 150 133
0.075070 0.012366 0.712000 95 115 98
0.076917 0.012366 0.712000 96 127 97
0.078765 0.012366 0.712000 89 120 90
0.080726 0.012383 0.713000 115 140 119
-0.257880 0.014236 0.713000 121 138 124
-0.256030 0.014236 0.713000 96 127 97
-0.253823 0.014216 0.712000 97 128 98
-0.251976 0.014216 0.712000 92 120 95
-0.249777 0.014196 0.711000 136 164 139
-0.247932 0.014196 0.711000 161 175 164
0.071274 0.014196 0.711000 151 162 158
0.073222 0.014216 0.712000 112 134 116
0.075175 0.014236 0.713000 92 114 96
0.077025 0.014236 0.713000 94 124 97
0.078876 0.014236 0.713000 91 121 94
0.080726 0.014236 0.713000 127 149 129
-0.257880 0.016089 0.713000 134 148 137
-0.256030 0.016089 0.713000 92 121 91
-0.254180 0.016089 0.713000 95 124 94
-0.252330 0.016089 0.713000 94 120 94
-0.250479 0.016089 0.713000 124 150 124
-0.248629 0.016089 0.713000 158 172 161
0.071374 0.016066 0.712000 147 158 154
0.073325 0.016089 0.713000 104 129 110
0.075175 0.016089 0.713000 96 121 102
0.077133 0.016112 0.714000 96 127 97
0.078986 0.016112 0.714000 92 123 93
0.080839 0.016112 0.714000 140 160 141
-0.257880 0.017942 0.713000 145 159 148
-0.256030 0.017942 0.713000 94 123 93
-0.254180 0.017942 0.713000 96 125 95
-0.252330 0.017942 0.713000 89 115 89
-0.250479 0.017942 0.713000 113 139 113
-0.248978 0.017967 0.714000 153 168 154
0.071475 0.017942 0.713000 142 153 149
0.073325 0.017942 0.713000 96 121 102
0.075281 0.017967 0.714000 96 121 102
0.077241 0.017992 0.715000 98 127 97
0.079097 0.017992 0.715000 100 129 99
0.080952 0.017992 0.715000 149 169 152
-0.258242 0.019822 0.714000 160 172 162
-0.256389 0.019822 0.714000 95 121 95
-0.254536 0.019822 0.714000 99 125 99
-0.252683 0.019822 0.714000 88 117 87
-0.250831 0.019822 0.714000 109 138 108
-0.248978 0.019822 0.714000 154 171 157
0.069722 0.019822 0.714000 147 161 152
0.071575 0.019822 0.714000 124 138 129
0.073428 0.019822 0.714000 94 120 96
0.075386 0.019850 0.715000 97 123 99
0.077241 0.019850 0.715000 100 129 99
0.079097 0.019850 0.715000 103 132 102
-0.258242 0.021678 0.714000 167 179 169
-0.256389 0.021678 0.714000 104 128 100
-0.254536 0.021678 0.714000 103 127 99
-0.252683 0.021678 0.714000 98 127 97
-0.250831 0.021678 0.714000 99 128 98
-0.249326 0.021708 0.715000 143 160 146
0.069722 0.021678 0.714000 151 165 156
0.071675 0.021708 0.715000 121 135 126
0.073530 0.021708 0.715000 94 120 94
0.075491 0.021738 0.716000 99 125 99
0.077350 0.021738 0.716000 95 123 96
0.079208 0.021738 0.716000 119 147 120
-0.256748 0.023566 0.715000 112 135 110
-0.254893 0.023566 0.715000 103 126 101
-0.253037 0.023566 0.715000 107 136 104
-0.251182 0.023566 0.715000 98 127 95
-0.249326 0.023566 0.715000 135 152 138
-0.247471 0.023566 0.715000 161 178 164
0.069819 0.023566 0.715000 135 151 140
0.071775 0.023599 0.716000 113 129 118
0.073633 0.023599 0.716000 92 118 92
0.075491 0.023599 0.716000 97 123 97
0.077458 0.023632 0.717000 92 120 93
0.079318 0.023632 0.717000 130 158 131
-0.257107 0.025459 0.716000 124 147 122
-0.255249 0.025459 0.716000 103 126 101
-0.253037 0.025424 0.715000 105 136 102
-0.251182 0.025424 0.715000 97 128 94
-0.249675 0.025459 0.716000 124 144 127
-0.247817 0.025459 0.716000 160 180 163
0.069917 0.025459 0.716000 127 147 132
0.071875 0.025495 0.717000 96 116 101
0.073736 0.025495 0.717000 93 121 94
0.075597 0.025495 0.717000 95 123 96
0.077458 0.025495 0.717000 99 125 101
0.079318 0.025495 0.717000 143 169 145
-0.257107 0.027320 0.716000 142 163 141
-0.255249 0.027320 0.716000 102 123 101
-0.253391 0.027320 0.716000 105 136 102
-0.251533 0.027320 0.716000 97 128 94
-0.249675 0.027320 0.716000 112 134 114
-0.247817 0.027320 0.716000 156 178 158
0.068154 0.027358 0.717000 154 165 163
0.070015 0.027358 0.717000 119 139 122
0.071875 0.027358 0.717000 91 111 94
0.073736 0.027358 0.717000 92 122 95
0.075597 0.027358 0.717000 92 122 95
0.077458 0.027358 0.717000 116 138 118
0.079318 0.027358 0.717000 153 175 155
-0.255606 0.029221 0.717000 102 120 99
-0.253745 0.029221 0.717000 106 135 101
-0.251884 0.029221 0.717000 103 132 98
-0.250024 0.029221 0.717000 102 127 106
-0.248163 0.029221 0.717000 150 175 154
-0.246302 0.029221 0.717000 161 175 166
0.068154 0.029221 0.717000 143 154 150
0.070015 0.029221 0.717000 109 131 113
0.071875 0.029221 0.717000 95 117 99
0.073736 0.029221 0.717000 93 123 96
0.075597 0.029221 0.717000 89 119 92
0.077458 0.029221 0.717000 125 147 129
-0.255606 0.031084 0.717000 117 130 113
-0.253745 0.031084 0.717000 103 132 98
-0.251884 0.031084 0.717000 103 132 98
-0.250024 0.031084 0.717000 96 124 99
-0.248163 0.031084 0.717000 135 163 138
-0.246302 0.031084 0.717000 161 177 168
0.068154 0.031084 0.717000 137 148 144
0.070015 0.031084 0.717000 99 124 103
0.071875 0.031084 0.717000 93 118 97
0.073839 0.031128 0.718000 94 124 97
0.075702 0.031128 0.718000 94 124 97
0.077566 0.031128 0.718000 143 163 146
-0.255606 0.032948 0.717000 133 146 131
-0.253745 0.032948 0.717000 96 125 93
-0.251884 0.032948 0.717000 103 132 100
-0.250024 0.032948 0.717000 98 127 97
-0.248163 0.032948 0.717000 119 148 118
-0.246646 0.032993 0.718000 161 177 166
0.066386 0.032993 0.718000 158 171 166
0.068249 0.032993 0.718000 127 140 135
0.070112 0.032993 0.718000 94 119 98
0.071976 0.032993 0.718000 94 119 98
0.073839 0.032993 0.718000 89 119 92
0.075702 0.032993 0.718000 104 134 107
0.077566 0.032993 0.718000 150 170 153
-0.255606 0.034811 0.717000 151 164 151
-0.253745 0.034811 0.717000 94 123 91
-0.252236 0.034859 0.718000 105 134 102
-0.250372 0.034859 0.718000 99 128 96
-0.248509 0.034859 0.718000 105 134 102
-0.246646 0.034859 0.718000 154 171 157
0.066386 0.034859 0.718000 144 160 151
0.068249 0.034859 0.718000 112 128 119
0.070112 0.034859 0.718000 85 113 86
0.071976 0.034859 0.718000 93 121 94
0.073942 0.034908 0.719000 88 116 89
0.075808 0.034908 0.719000 121 149 122
-0.254099 0.036725 0.718000 103 127 99
-0.252236 0.036725 0.718000 106 130 102
-0.250372 0.036725 0.718000 103 132 98
-0.248509 0.036725 0.718000 98 127 93
-0.246989 0.036776 0.719000 140 157 141
-0.245124 0.036776 0.719000 161 178 162
0.066478 0.036776 0.719000 126 145 135
0.068344 0.036776 0.719000 102 121 111
0.070210 0.036776 0.719000 89 117 90
0.072076 0.036776 0.719000 93 121 94
0.073942 0.036776 0.719000 92 118 92
0.075808 0.036776 0.719000 137 163 137
-0.254453 0.038644 0.719000 121 143 116
-0.252587 0.038644 0.719000 106 128 101
-0.250721 0.038644 0.719000 106 135 101
-0.248855 0.038644 0.719000 99 128 94
-0.247333 0.038698 0.720000 126 146 127
-0.245464 0.038698 0.720000 155 175 156
0.064612 0.038644 0.719000 150 161 159
0.066478 0.038644 0.719000 116 135 123
0.068344 0.038644 0.719000 93 112 100
0.070210 0.038644 0.719000 89 120 90
0.072076 0.038644 0.719000 87 118 88
0.075913 0.038698 0.720000 152 175 150
-0.254453 0.040513 0.719000 146 167 143
-0.252587 0.040513 0.719000 103 124 100
-0.250721 0.040513 0.719000 106 135 101
-0.248855 0.040513 0.719000 103 132 98
-0.247333 0.040569 0.720000 109 132 109
-0.243934 0.040625 0.721000 164 173 166
0.064702 0.040569 0.720000 139 150 148
0.066571 0.040569 0.720000 115 137 121
0.068439 0.040569 0.720000 90 112 96
0.070308 0.040569 0.720000 91 122 92
0.072176 0.040569 0.720000 85 116 86
0.074045 0.040569 0.720000 126 147 125
-0.252938 0.042440 0.720000 106 123 105
-0.251070 0.042440 0.720000 107 136 102
-0.249201 0.042440 0.720000 105 134 100
-0.245805 0.042499 0.721000 130 158 131
-0.243934 0.042499 0.721000 160 174 165
0.064792 0.042499 0.721000 130 143 138
0.066663 0.042499 0.721000 95 120 101
0.068534 0.042499 0.721000 90 115 96
0.070405 0.042499 0.721000 90 121 91
0.072276 0.042499 0.721000 90 121 91
0.074148 0.042499 0.721000 148 165 149
-0.253290 0.044373 0.721000 123 138 122
-0.251419 0.044373 0.721000 101 128 95
-0.249548 0.044373 0.721000 107 134 101
-0.247676 0.044373 0.721000 95 123 96
-0.245805 0.044373 0.721000 113 141 114
-0.243934 0.044373 0.721000 159 175 166
0.062921 0.044373 0.721000 139 154 149
0.064792 0.044373 0.721000 114 129 124
0.066663 0.044373 0.721000 88 115 93
0.068534 0.044373 0.721000 92 119 97
0.070405 0.044373 0.721000 91 120 90
0.072276 0.044373 0.721000 108 137 107
0.074148 0.044373 0.721000 151 168 152
-0.253290 0.046246 0.721000 154 167 154
-0.251419 0.046246 0.721000 97 124 95
-0.249548 0.046246 0.721000 107 134 105
-0.247676 0.046246 0.721000 94 125 95
-0.245805 0.046246 0.721000 94 125 95
-0.244273 0.046310 0.722000 150 166 155
0.063008 0.046310 0.722000 132 148 139
0.064972 0.046374 0.723000 102 118 109
0.066756 0.046310 0.722000 89 117 92
0.068629 0.046310 0.722000 93 121 96
0.070503 0.046310 0.722000 88 116 89
0.072377 0.046310 0.722000 130 158 131
-0.251419 0.048120 0.721000 103 130 101
-0.249548 0.048120 0.721000 106 133 104
-0.247676 0.048120 0.721000 93 124 92
-0.245805 0.048120 0.721000 89 120 88
-0.244273 0.048186 0.722000 129 146 132
-0.242399 0.048186 0.722000 157 174 160
0.061219 0.048253 0.723000 151 162 158
0.063183 0.048320 0.724000 120 139 127
0.065062 0.048320 0.724000 93 112 100
0.066941 0.048320 0.724000 92 122 97
0.068819 0.048320 0.724000 90 120 95
0.070698 0.048320 0.724000 96 122 98
0.072577 0.048320 0.724000 145 171 147
-0.251419 0.049993 0.721000 133 154 130
-0.249548 0.049993 0.721000 102 123 99
-0.247676 0.049993 0.721000 91 122 88
-0.246146 0.050063 0.722000 87 118 84
-0.244611 0.050132 0.723000 113 133 116
-0.242735 0.050132 0.723000 145 165 148
0.061304 0.050201 0.724000 145 156 152
0.063270 0.050271 0.725000 108 130 114
0.065152 0.050271 0.725000 90 112 96
0.067033 0.050271 0.725000 92 122 95
0.068819 0.050201 0.724000 85 115 88
0.070698 0.050201 0.724000 118 140 120
-0.251767 0.051939 0.722000 161 179 158
-0.249894 0.051939 0.722000 104 122 101
-0.248020 0.051939 0.722000 99 128 96
-0.246146 0.051939 0.722000 94 123 91
-0.244611 0.052011 0.723000 100 125 104
-0.242735 0.052011 0.723000 130 155 134
-0.241192 0.052083 0.724000 165 177 169
0.059507 0.052154 0.725000 149 162 157
0.061389 0.052154 0.725000 130 143 138
0.063357 0.052226 0.726000 95 120 99
0.065242 0.052226 0.726000 90 115 94
0.067126 0.052226 0.726000 92 122 95
0.069010 0.052226 0.726000 91 121 94
0.070894 0.052226 0.726000 142 162 145
-0.249894 0.053815 0.722000 121 136 120
-0.248363 0.053889 0.723000 99 126 95
-0.246487 0.053889 0.723000 99 126 95
-0.244611 0.053889 0.723000 95 121 95
-0.243070 0.053964 0.724000 116 142 116
-0.241192 0.053964 0.724000 151 165 154
0.059589 0.054113 0.726000 141 155 146
0.061473 0.054113 0.726000 115 129 120
0.063445 0.054187 0.727000 92 120 95
0.065331 0.054187 0.727000 91 119 94
0.067218 0.054187 0.727000 92 122 95
0.069105 0.054187 0.727000 107 137 110
0.070991 0.054187 0.727000 155 172 158
-0.250240 0.055768 0.723000 155 168 153
-0.248363 0.055768 0.723000 101 125 95
-0.246828 0.055845 0.724000 102 126 96
-0.244949 0.055845 0.724000 95 124 94
-0.243070 0.055845 0.724000 95 124 94
-0.241192 0.055845 0.724000 140 156 145
-0.239313 0.055845 0.724000 158 174 163
0.059671 0.056077 0.727000 126 146 131
0.061558 0.056077 0.727000 98 118 103
0.063445 0.056077 0.727000 85 115 88
0.065421 0.056154 0.728000 87 117 90
0.067310 0.056154 0.728000 91 119 94
0.069200 0.056154 0.728000 128 156 131
-0.248707 0.057727 0.724000 121 143 116
-0.246828 0.057727 0.724000 99 121 94
-0.244949 0.057727 0.724000 96 125 91
-0.243070 0.057727 0.724000 95 124 90
-0.241525 0.057806 0.725000 117 139 121
-0.239643 0.057806 0.725000 152 174 156
0.057864 0.058045 0.728000 145 156 152
0.059754 0.058045 0.728000 116 138 120
0.061643 0.058045 0.728000 87 109 91
0.063532 0.058045 0.728000 89 119 92
0.065511 0.058125 0.729000 91 121 94
0.067403 0.058125 0.729000 104 129 108
0.069295 0.058125 0.729000 145 170 149
-0.248707 0.059608 0.724000 149 167 144
-0.246828 0.059608 0.724000 106 124 101
-0.245288 0.059690 0.725000 103 133 96
-0.243070 0.059608 0.724000 89 119 82
-0.241525 0.059690 0.725000 90 116 92
-0.239643 0.059690 0.725000 136 162 138
-0.237762 0.059690 0.725000 160 174 165
0.057944 0.060020 0.729000 136 148 140
0.059836 0.060020 0.729000 104 126 106
0.061727 0.060020 0.729000 89 111 91
0.063619 0.060020 0.729000 92 123 93
0.065511 0.060020 0.729000 91 122 92
0.067403 0.060020 0.729000 131 153 135
-0.247169 0.061574 0.725000 135 148 131
-0.245288 0.061574 0.725000 97 124 91
-0.243406 0.061574 0.725000 95 122 89
-0.241525 0.061574 0.725000 89 118 88
-0.239643 0.061574 0.725000 117 146 116
-0.238090 0.061659 0.726000 145 159 148
0.056052 0.061914 0.729000 145 159 150
0.057944 0.061914 0.729000 128 142 133
0.059836 0.061914 0.729000 89 115 89
0.061727 0.061914 0.729000 90 116 90
0.063619 0.061914 0.729000 85 115 88
0.065511 0.061914 0.729000 98 128 101
0.067403 0.061914 0.729000 151 168 154
-0.247169 0.063458 0.725000 164 174 162
-0.245288 0.063458 0.725000 99 126 95
-0.243406 0.063458 0.725000 108 135 104
-0.241525 0.063458 0.725000 102 131 99
-0.239643 0.063458 0.725000 101 130 98
-0.237762 0.063458 0.725000 132 149 135
-0.236531 0.063633 0.727000 148 165 151
0.056129 0.063896 0.730000 135 149 138
0.058023 0.063896 0.730000 110 124 113
0.059918 0.063896 0.730000 87 114 85
0.061727 0.063808 0.729000 93 120 91
0.063619 0.063808 0.729000 89 118 88
0.065511 0.063808 0.729000 122 151 121
-0.245626 0.065432 0.726000 118 141 116
-0.243742 0.065432 0.726000 108 131 106
-0.241858 0.065432 0.726000 105 134 104
-0.239974 0.065432 0.726000 94 123 93
-0.238418 0.065522 0.727000 117 139 121
-0.236531 0.065522 0.727000 141 163 145
-0.234644 0.065522 0.727000 155 166 162
0.054309 0.065883 0.731000 142 153 151
0.056206 0.065883 0.731000 121 141 126
0.058103 0.065883 0.731000 97 117 102
0.059918 0.065793 0.730000 92 121 91
0.061812 0.065793 0.730000 92 121 91
0.063707 0.065793 0.730000 102 125 100
0.065601 0.065793 0.730000 145 168 143
-0.245964 0.067411 0.727000 158 175 157
-0.244078 0.067411 0.727000 109 126 108
-0.242191 0.067411 0.727000 100 127 96
-0.240304 0.067411 0.727000 87 114 83
-0.238418 0.067411 0.727000 98 121 98
-0.236856 0.067504 0.728000 129 152 129
-0.234967 0.067504 0.728000 149 163 154
0.054309 0.067782 0.731000 141 154 151
0.056206 0.067782 0.731000 105 127 109
0.058103 0.067782 0.731000 92 114 96
0.060000 0.067782 0.731000 92 121 91
0.061897 0.067782 0.731000 89 118 88
0.063794 0.067782 0.731000 131 152 130
-0.244078 0.069301 0.727000 128 143 127
-0.242191 0.069301 0.727000 99 123 95
-0.240304 0.069301 0.727000 91 115 87
-0.238418 0.069301 0.727000 88 114 88
-0.236856 0.069396 0.728000 107 133 107
-0.235290 0.069491 0.729000 134 150 139
-0.233398 0.069491 0.729000 151 167 156
0.052483 0.069777 0.732000 142 155 150
0.054383 0.069777 0.732000 122 135 130
0.056283 0.069777 0.732000 92 119 97
0.058103 0.069682 0.731000 89 116 94
0.060000 0.069682 0.731000 92 121 91
0.061897 0.069682 0.731000 92 121 91
0.063794 0.069682 0.731000 150 167 149
-0.244413 0.071288 0.728000 162 175 162
-0.242524 0.071288 0.728000 112 135 110
-0.240635 0.071288 0.728000 104 127 102
-0.238418 0.071190 0.727000 94 121 90
-0.236856 0.071288 0.728000 96 123 92
-0.235290 0.071386 0.729000 116 136 121
-0.233398 0.071386 0.729000 139 159 144
0.052483 0.071679 0.732000 133 149 140
0.054383 0.071679 0.732000 102 118 109
0.056283 0.071679 0.732000 84 114 87
0.058182 0.071679 0.732000 89 119 92
0.060000 0.071581 0.731000 87 116 86
0.061897 0.071581 0.731000 122 151 121
-0.242857 0.073280 0.729000 140 158 137
-0.240635 0.073179 0.728000 108 126 105
-0.239074 0.073280 0.729000 97 124 93
-0.237182 0.073280 0.729000 93 120 89
-0.235290 0.073280 0.729000 99 121 101
-0.233398 0.073280 0.729000 124 146 126
-0.231824 0.073380 0.730000 154 166 158
0.050653 0.073682 0.733000 143 154 150
0.052555 0.073682 0.733000 117 136 124
0.054383 0.073581 0.732000 92 111 99
0.056283 0.073581 0.732000 87 118 86
0.058182 0.073581 0.732000 94 125 93
0.060082 0.073581 0.732000 95 121 95
0.061981 0.073581 0.732000 140 166 140
-0.243190 0.075277 0.730000 173 188 170
-0.240965 0.075174 0.729000 125 140 122
-0.239074 0.075174 0.729000 101 130 100
-0.237182 0.075174 0.729000 92 121 91
-0.235290 0.075174 0.729000 94 122 95
-0.233718 0.075277 0.730000 106 134 107
-0.231824 0.075277 0.730000 139 153 142
-0.230244 0.075380 0.731000 154 168 157
0.050653 0.075587 0.733000 129 143 134
0.052555 0.075587 0.733000 100 125 106
0.054457 0.075587 0.733000 89 114 95
0.056359 0.075587 0.733000 91 122 90
0.058182 0.075484 0.732000 90 121 89
0.060082 0.075484 0.732000 124 146 126
-0.241296 0.077174 0.730000 157 167 153
-0.239402 0.077174 0.730000 108 136 109
-0.237507 0.077174 0.730000 100 128 101
-0.235613 0.077174 0.730000 94 125 95
-0.233718 0.077174 0.730000 93 124 94
-0.232141 0.077280 0.731000 121 141 126
-0.230244 0.077280 0.731000 146 166 151
-0.228347 0.077280 0.731000 157 168 164
0.048817 0.077597 0.734000 137 156 146
0.050653 0.077491 0.733000 110 129 119
0.052555 0.077491 0.733000 88 116 91
0.054457 0.077491 0.733000 92 120 95
0.056359 0.077491 0.733000 91 120 90
0.058262 0.077491 0.733000 109 138 108
0.060082 0.077386 0.732000 147 164 148
-0.239730 0.079179 0.731000 131 154 129
-0.237833 0.079179 0.731000 102 125 100
-0.235613 0.079071 0.730000 92 123 93
-0.234038 0.079179 0.731000 89 120 90
-0.232141 0.079179 0.731000 99 121 101
-0.230244 0.079179 0.731000 127 149 129
-0.228347 0.079179 0.731000 152 166 157
0.046912 0.079504 0.734000 150 163 160
0.048817 0.079504 0.734000 118 139 126
0.050653 0.079396 0.733000 94 115 102
0.052555 0.079396 0.733000 88 117 87
0.054457 0.079396 0.733000 92 121 91
0.056359 0.079396 0.733000 96 123 94
0.058262 0.079396 0.733000 128 155 126
-0.239730 0.081079 0.731000 172 188 167
-0.237833 0.081079 0.731000 117 133 112
-0.235935 0.081079 0.731000 105 134 104
-0.234038 0.081079 0.731000 94 123 93
-0.232141 0.081079 0.731000 87 115 88
-0.230244 0.081079 0.731000 109 137 110
-0.228347 0.081079 0.731000 134 150 141
-0.226760 0.081190 0.732000 152 168 159
0.045008 0.081412 0.734000 157 170 165
0.046912 0.081412 0.734000 135 148 143
0.048817 0.081412 0.734000 106 128 110
0.050722 0.081412 0.734000 89 111 93
0.052555 0.081301 0.733000 89 120 88
0.054457 0.081301 0.733000 87 118 86
0.056359 0.081301 0.733000 111 134 109
0.058262 0.081301 0.733000 144 167 142
-0.238158 0.083092 0.732000 152 165 152
-0.236258 0.083092 0.732000 108 135 106
-0.234359 0.083092 0.732000 101 128 99
-0.232459 0.083092 0.732000 86 115 83
-0.230559 0.083092 0.732000 92 121 89
-0.228660 0.083092 0.732000 112 134 118
-0.226760 0.083092 0.732000 139 161 145
0.045008 0.083319 0.734000 150 164 153
0.046912 0.083319 0.734000 121 135 124
0.048817 0.083319 0.734000 87 113 89
0.050722 0.083319 0.734000 89 115 91
0.052555 0.083206 0.733000 93 122 92
0.054457 0.083206 0.733000 99 128 98
0.056436 0.083319 0.734000 137 157 138
-0.236258 0.084994 0.732000 133 154 132
-0.234359 0.084994 0.732000 106 127 105
-0.232459 0.084994 0.732000 102 131 99
-0.230559 0.084994 0.732000 96 125 93
-0.228660 0.084994 0.732000 96 121 100
-0.226760 0.084994 0.732000 122 147 126
-0.225168 0.085110 0.733000 149 162 157
0.043161 0.085343 0.735000 153 161 158
0.045008 0.085226 0.734000 130 147 133
0.046912 0.085226 0.734000 101 118 104
0.048817 0.085226 0.734000 89 116 87
0.050722 0.085226 0.734000 94 121 92
0.052627 0.085226 0.734000 94 123 93
0.054532 0.085226 0.734000 114 143 113
-0.234679 0.087015 0.733000 133 146 129
-0.232777 0.087015 0.733000 106 133 102
-0.230874 0.087015 0.733000 94 121 90
-0.228972 0.087015 0.733000 92 120 93
-0.227070 0.087015 0.733000 100 128 101
-0.225168 0.087015 0.733000 133 149 140
-0.223265 0.087015 0.733000 148 164 155
0.043161 0.087252 0.735000 144 155 151
0.045069 0.087252 0.735000 110 132 116
0.046976 0.087252 0.735000 90 112 96
0.048884 0.087252 0.735000 92 121 91
0.050722 0.087134 0.734000 91 120 90
0.052627 0.087134 0.734000 103 129 103
0.054606 0.087252 0.735000 137 163 137
-0.234999 0.089041 0.734000 162 170 159
-0.232777 0.088920 0.733000 116 138 111
-0.230874 0.088920 0.733000 106 128 101
-0.228972 0.088920 0.733000 92 121 91
-0.227070 0.088920 0.733000 89 118 88
-0.225475 0.089041 0.734000 111 133 117
-0.223570 0.089041 0.734000 132 154 138
-0.221665 0.089041 0.734000 158 169 165
0.041310 0.089284 0.736000 153 166 161
0.043220 0.089284 0.736000 127 140 135
0.045069 0.089162 0.735000 89 114 95
0.046976 0.089162 0.735000 88 113 94
0.048884 0.089162 0.735000 92 121 91
0.050791 0.089162 0.735000 91 120 90
0.052698 0.089162 0.735000 129 152 129
-0.233094 0.090948 0.734000 143 159 138
-0.231189 0.090948 0.734000 109 125 104
-0.229285 0.090948 0.734000 98 127 97
-0.227380 0.090948 0.734000 93 122 92
-0.225475 0.090948 0.734000 95 121 97
-0.223570 0.090948 0.734000 108 134 110
-0.221665 0.090948 0.734000 142 156 147
0.041310 0.091196 0.736000 135 151 142
0.043161 0.091072 0.735000 97 113 104
0.045069 0.091072 0.735000 86 116 91
0.047040 0.091196 0.736000 89 119 94
0.048884 0.091072 0.735000 93 121 94
0.050791 0.091072 0.735000 114 142 115
0.052770 0.091196 0.736000 147 164 146
-0.231189 0.092856 0.734000 145 158 143
-0.229285 0.092856 0.734000 100 127 98
-0.227380 0.092856 0.734000 100 127 98
-0.225475 0.092856 0.734000 90 116 90
-0.223875 0.092982 0.735000 92 118 92
-0.221967 0.092982 0.735000 120 140 125
-0.220060 0.092982 0.735000 137 157 142
0.039561 0.093488 0.739000 151 162 160
0.041366 0.093235 0.737000 102 123 110
0.043279 0.093235 0.737000 88 109 96
0.045192 0.093235 0.737000 89 120 90
0.047104 0.093235 0.737000 87 118 88
0.049017 0.093235 0.737000 97 123 97
0.050929 0.093235 0.737000 140 166 140
-0.229597 0.094892 0.735000 123 146 121
-0.227690 0.094892 0.735000 101 124 99
-0.225782 0.094892 0.735000 89 118 88
-0.223875 0.094892 0.735000 86 115 85
-0.221967 0.094892 0.735000 102 122 103
-0.220060 0.094892 0.735000 119 139 120
-0.218449 0.095021 0.736000 151 163 155
0.037745 0.095667 0.741000 157 170 165
0.039561 0.095409 0.739000 122 135 130
0.041479 0.095409 0.739000 88 113 94
0.043279 0.095150 0.737000 92 117 98
0.045253 0.095279 0.738000 87 118 88
0.047168 0.095279 0.738000 89 120 90
0.049083 0.095279 0.738000 129 152 129
-0.228309 0.097065 0.737000 119 136 120
-0.226396 0.097065 0.737000 94 123 93
-0.224179 0.096934 0.736000 91 120 90
-0.222269 0.096934 0.736000 89 116 87
-0.220359 0.096934 0.736000 94 121 92
-0.218746 0.097065 0.737000 130 145 131
-0.216834 0.097065 0.737000 149 164 150
0.035822 0.097592 0.741000 158 169 167
0.037745 0.097592 0.741000 139 155 146
0.039614 0.097461 0.740000 95 111 102
0.041479 0.097329 0.739000 86 114 87
0.043396 0.097329 0.739000 91 119 92
0.045314 0.097329 0.739000 88 117 87
0.047232 0.097329 0.739000 114 143 113
0.049150 0.097329 0.739000 147 167 152
-0.228619 0.099115 0.738000 166 178 168
-0.226396 0.098981 0.737000 110 133 110
-0.224484 0.098981 0.737000 104 127 104
-0.222571 0.098981 0.737000 89 118 86
-0.220659 0.098981 0.737000 91 120 88
-0.218746 0.098981 0.737000 99 119 100
-0.216834 0.098981 0.737000 127 147 128
-0.215213 0.099115 0.738000 157 168 164
0.035870 0.099652 0.742000 148 159 157
0.037745 0.099518 0.741000 100 119 107
0.039668 0.099518 0.741000 84 103 91
0.041479 0.099249 0.739000 91 120 90
0.043396 0.099249 0.739000 95 124 94
0.045314 0.099249 0.739000 100 126 102
0.047232 0.099249 0.739000 143 169 145
-0.227011 0.101169 0.739000 152 169 153
-0.224788 0.101033 0.738000 109 126 110
-0.222571 0.100896 0.737000 102 131 101
-0.220659 0.100896 0.737000 94 123 93
-0.218746 0.100896 0.737000 92 118 92
-0.217128 0.101033 0.738000 96 122 96
-0.215504 0.101169 0.739000 134 148 137
-0.213586 0.101169 0.739000 154 168 157
0.033899 0.101443 0.741000 158 169 165
0.035870 0.101580 0.742000 118 129 125
0.037745 0.101443 0.741000 84 106 86
0.039668 0.101443 0.741000 92 114 94
0.041535 0.101306 0.740000 91 121 94
0.043455 0.101306 0.740000 91 121 94
0.045375 0.101306 0.740000 132 154 136
-0.225093 0.103090 0.739000 153 165 155
-0.222873 0.102950 0.738000 106 129 104
-0.220958 0.102950 0.738000 104 127 102
-0.218746 0.102811 0.737000 93 124 94
-0.217128 0.102950 0.738000 84 115 85
-0.215504 0.103090 0.739000 96 118 100
-0.213586 0.103090 0.739000 130 152 134
-0.211955 0.103229 0.740000 161 172 170
0.032019 0.103508 0.742000 164 172 169
0.033899 0.103369 0.741000 122 138 127
0.035870 0.103508 0.742000 86 102 91
0.037745 0.103369 0.741000 88 116 89
0.039668 0.103369 0.741000 93 121 94
0.041591 0.103369 0.741000 93 121 94
0.043455 0.103229 0.740000 119 147 120
0.045437 0.103369 0.741000 149 165 154
-0.223175 0.105010 0.739000 144 162 141
-0.221258 0.105010 0.739000 111 129 108
-0.219043 0.104868 0.738000 96 123 92
-0.217128 0.104868 0.738000 95 122 91
-0.215504 0.105010 0.739000 88 114 90
-0.213875 0.105152 0.740000 97 123 99
-0.211955 0.105152 0.740000 133 148 143
-0.210318 0.105294 0.741000 162 177 172
0.030094 0.105436 0.742000 160 171 167
0.032019 0.105436 0.742000 133 144 140
0.033945 0.105436 0.742000 85 107 87
0.035870 0.105436 0.742000 87 109 89
0.037796 0.105436 0.742000 87 116 84
0.039721 0.105436 0.742000 91 120 88
0.041591 0.105294 0.741000 109 132 109
0.043514 0.105294 0.741000 147 170 147
-0.221258 0.106930 0.739000 146 159 146
-0.219340 0.106930 0.739000 103 127 99
-0.217422 0.106930 0.739000 99 123 95
-0.215504 0.106930 0.739000 92 119 88
-0.213875 0.107075 0.740000 94 121 90
-0.211955 0.107075 0.740000 99 121 105
-0.210318 0.107220 0.741000 131 153 137
-0.208395 0.107220 0.741000 160 171 169
0.028168 0.107364 0.742000 164 175 173
0.030094 0.107364 0.742000 132 148 139
0.032019 0.107364 0.742000 92 108 99
0.033990 0.107509 0.743000 86 113 84
0.035919 0.107509 0.743000 92 119 90
0.037847 0.107509 0.743000 94 121 88
0.039775 0.107509 0.743000 97 124 91
0.041703 0.107509 0.743000 151 168 150
-0.219637 0.108998 0.740000 137 155 134
-0.217716 0.108998 0.740000 106 124 103
-0.215796 0.108998 0.740000 100 127 96
-0.213875 0.108998 0.740000 100 127 96
-0.211955 0.108998 0.740000 92 118 92
-0.210318 0.109145 0.741000 93 119 93
-0.208395 0.109145 0.741000 134 150 141
-0.206473 0.109145 0.741000 155 171 162
0.026278 0.109440 0.743000 165 176 172
0.028206 0.109440 0.743000 145 156 152
0.030134 0.109440 0.743000 92 114 96
0.032062 0.109440 0.743000 87 109 91
0.033990 0.109440 0.743000 92 120 84
0.035919 0.109440 0.743000 96 124 88
0.037847 0.109440 0.743000 97 121 91
0.039775 0.109440 0.743000 133 157 127
-0.218010 0.111071 0.741000 139 152 139
-0.216087 0.111071 0.741000 104 128 100
-0.214164 0.111071 0.741000 108 132 104
-0.212241 0.111071 0.741000 95 124 92
-0.210318 0.111071 0.741000 87 116 84
-0.208395 0.111071 0.741000 96 118 100
-0.206473 0.111071 0.741000 130 152 134
-0.204550 0.111071 0.741000 162 173 169
-0.202627 0.111071 0.741000 169 180 176
0.024350 0.111371 0.743000 164 175 171
0.026278 0.111371 0.743000 145 161 152
0.028206 0.111371 0.743000 97 113 104
0.030134 0.111371 0.743000 81 109 84
0.032105 0.111521 0.744000 87 115 90
0.034036 0.111521 0.744000 91 120 86
0.035967 0.111521 0.744000 93 122 88
0.037898 0.111521 0.744000 132 150 127
-0.216087 0.112996 0.741000 140 157 139
-0.214164 0.112996 0.741000 108 125 107
-0.212241 0.112996 0.741000 94 123 93
-0.210318 0.112996 0.741000 85 114 84
-0.208395 0.112996 0.741000 82 110 85
-0.206473 0.112996 0.741000 92 120 95
-0.204550 0.112996 0.741000 129 145 136
-0.202627 0.112996 0.741000 155 171 162
-0.200974 0.113149 0.742000 166 177 173
0.024350 0.113301 0.743000 155 167 159
0.026313 0.113454 0.744000 97 119 103
0.028206 0.113301 0.743000 85 107 91
0.030175 0.113454 0.744000 87 118 88
0.032105 0.113454 0.744000 91 122 92
0.034036 0.113454 0.744000 93 120 89
0.035967 0.113454 0.744000 118 145 114
-0.214453 0.115077 0.742000 154 167 154
-0.212528 0.115077 0.742000 101 124 99
-0.210318 0.114922 0.741000 96 119 94
-0.208395 0.114922 0.741000 90 121 91
-0.206473 0.114922 0.741000 84 115 85
-0.204550 0.114922 0.741000 91 113 95
-0.202627 0.114922 0.741000 116 138 120
-0.200974 0.115077 0.742000 144 157 152
-0.199317 0.115232 0.743000 165 178 173
0.020548 0.115542 0.745000 166 174 171
0.022482 0.115542 0.745000 152 166 157
0.024382 0.115387 0.744000 100 114 105
0.026349 0.115542 0.745000 81 109 84
0.028282 0.115542 0.745000 88 116 91
0.030215 0.115542 0.745000 91 122 92
0.032149 0.115542 0.745000 87 118 88
0.034082 0.115542 0.745000 120 143 118
0.036015 0.115542 0.745000 152 175 150
-0.212528 0.117005 0.742000 148 165 147
-0.210318 0.116847 0.741000 111 128 110
-0.208395 0.116847 0.741000 103 132 102
-0.206473 0.116847 0.741000 85 114 84
-0.204550 0.116847 0.741000 82 110 83
-0.202900 0.117005 0.742000 89 117 90
-0.200974 0.117005 0.742000 109 128 116
-0.199317 0.117163 0.743000 137 156 144
-0.197389 0.117163 0.743000 159 170 168
0.018640 0.117636 0.746000 164 175 171
0.020576 0.117636 0.746000 152 163 159
0.022482 0.117478 0.745000 97 117 102
0.024415 0.117478 0.745000 85 105 90
0.026384 0.117636 0.746000 87 116 86
0.028282 0.117478 0.745000 91 120 90
0.030215 0.117478 0.745000 88 117 85
0.032192 0.117636 0.746000 109 138 106
0.034082 0.117478 0.745000 154 169 151
-0.210886 0.119093 0.743000 164 176 166
-0.208677 0.118933 0.742000 110 136 110
-0.207030 0.119093 0.743000 95 121 95
-0.205102 0.119093 0.743000 93 122 90
-0.203173 0.119093 0.743000 96 125 93
-0.201245 0.119093 0.743000 94 120 96
-0.199585 0.119254 0.744000 100 126 102
-0.197655 0.119254 0.744000 133 148 143
-0.195724 0.119254 0.744000 159 174 169
0.016704 0.119574 0.746000 168 176 175
0.018640 0.119574 0.746000 146 160 151
0.020576 0.119574 0.746000 99 113 104
0.022512 0.119574 0.746000 82 108 84
0.024448 0.119574 0.746000 90 116 92
0.026384 0.119574 0.746000 92 121 89
0.028320 0.119574 0.746000 94 123 91
0.030256 0.119574 0.746000 113 135 108
0.032192 0.119574 0.746000 154 176 149
-0.209239 0.121187 0.744000 160 180 163
-0.207030 0.121024 0.743000 111 131 114
-0.205378 0.121187 0.744000 99 128 98
-0.203447 0.121187 0.744000 99 128 98
-0.201516 0.121187 0.744000 93 122 90
-0.199585 0.121187 0.744000 92 121 89
-0.197655 0.121187 0.744000 95 117 99
-0.195724 0.121187 0.744000 120 142 124
-0.193793 0.121187 0.744000 153 167 158
-0.191862 0.121187 0.744000 161 175 166
0.014768 0.121513 0.746000 166 177 173
0.016704 0.121513 0.746000 147 158 154
0.018640 0.121513 0.746000 90 110 95
0.020576 0.121513 0.746000 84 104 89
0.022512 0.121513 0.746000 88 117 83
0.024448 0.121513 0.746000 91 120 86
0.026384 0.121513 0.746000 94 121 90
0.028320 0.121513 0.746000 108 135 104
0.030256 0.121513 0.746000 153 169 148
-0.207587 0.123286 0.745000 174 188 179
-0.205654 0.123286 0.745000 124 147 124
-0.203720 0.123286 0.745000 103 126 103
-0.201787 0.123286 0.745000 98 127 97
-0.199854 0.123286 0.745000 89 118 88
-0.197920 0.123286 0.745000 92 120 93
-0.195987 0.123286 0.745000 88 116 89
-0.194054 0.123286 0.745000 116 136 121
-0.192120 0.123286 0.745000 134 154 139
-0.190187 0.123286 0.745000 160 171 167
0.012832 0.123451 0.746000 169 177 174
0.014768 0.123451 0.746000 130 144 135
0.016704 0.123451 0.746000 89 103 94
0.018640 0.123451 0.746000 82 108 82
0.020576 0.123451 0.746000 89 115 89
0.022512 0.123451 0.746000 92 121 89
0.024448 0.123451 0.746000 89 118 86
0.026384 0.123451 0.746000 121 142 118
0.028320 0.123451 0.746000 153 174 150
-0.203994 0.125390 0.746000 137 154 140
-0.202058 0.125390 0.746000 99 126 97
-0.200122 0.125390 0.746000 96 123 94
-0.198186 0.125390 0.746000 91 120 88
-0.196250 0.125390 0.746000 91 120 88
-0.194314 0.125390 0.746000 90 116 92
-0.192378 0.125390 0.746000 102 128 104
-0.190187 0.125222 0.745000 132 148 139
-0.188254 0.125222 0.745000 144 160 151
-0.186320 0.125222 0.745000 161 173 165
0.008960 0.125390 0.746000 163 171 170
0.010896 0.125390 0.746000 159 172 167
0.012832 0.125390 0.746000 120 133 128
0.014768 0.125390 0.746000 81 103 87
0.016704 0.125390 0.746000 84 106 90
0.018640 0.125390 0.746000 88 117 85
0.020576 0.125390 0.746000 92 121 89
0.022512 0.125390 0.746000 89 116 87
0.024448 0.125390 0.746000 118 145 116
-0.202058 0.127328 0.746000 144 162 141
-0.200122 0.127328 0.746000 119 137 116
-0.198186 0.127328 0.746000 98 127 97
-0.196250 0.127328 0.746000 85 114 84
-0.194314 0.127328 0.746000 88 117 85
-0.192378 0.127328 0.746000 86 115 83
-0.190442 0.127328 0.746000 97 119 101
-0.188506 0.127328 0.746000 112 134 116
-0.186570 0.127328 0.746000 143 159 150
-0.184634 0.127328 0.746000 159 175 166
0.007024 0.127328 0.746000 166 174 173
0.008960 0.127328 0.746000 157 165 164
0.010911 0.127499 0.747000 111 127 118
0.012832 0.127328 0.746000 81 97 88
0.014768 0.127328 0.746000 87 113 87
0.016727 0.127499 0.747000 90 116 90
0.018665 0.127499 0.747000 94 123 91
0.020604 0.127499 0.747000 89 118 86
0.022512 0.127328 0.746000 124 145 121
-0.200390 0.129440 0.747000 161 175 164
-0.198452 0.129440 0.747000 120 143 118
-0.196250 0.129267 0.746000 102 125 100
-0.194314 0.129267 0.746000 92 121 89
-0.192378 0.129267 0.746000 85 114 82
-0.190442 0.129267 0.746000 87 116 86
-0.188506 0.129267 0.746000 89 118 88
-0.186570 0.129267 0.746000 103 125 109
-0.184634 0.129267 0.746000 129 151 135
-0.182698 0.129267 0.746000 150 166 157
0.005095 0.129440 0.747000 167 175 174
0.007034 0.129440 0.747000 135 148 145
0.008972 0.129440 0.747000 102 115 112
0.010911 0.129440 0.747000 82 104 84
0.012849 0.129440 0.747000 90 112 92
0.014788 0.129440 0.747000 92 121 91
0.016727 0.129440 0.747000 92 121 91
0.018665 0.129440 0.747000 105 129 101
0.020604 0.129440 0.747000 127 151 123
-0.198452 0.131381 0.747000 177 192 176
-0.196513 0.131381 0.747000 150 165 149
-0.194575 0.131381 0.747000 113 137 107
-0.192378 0.131205 0.746000 99 123 93
-0.190442 0.131205 0.746000 92 121 87
-0.188506 0.131205 0.746000 89 118 84
-0.186570 0.131205 0.746000 87 116 86
-0.184634 0.131205 0.746000 95 124 94
-0.182698 0.131205 0.746000 113 135 119
-0.180762 0.131205 0.746000 138 160 144
-0.178827 0.131205 0.746000 161 174 169
0.001220 0.131557 0.748000 161 172 170
0.003161 0.131557 0.748000 154 165 161
0.005102 0.131557 0.748000 117 128 124
0.007034 0.131381 0.747000 88 108 93
0.008972 0.131381 0.747000 88 108 93
0.010911 0.131381 0.747000 88 115 84
0.012849 0.131381 0.747000 92 119 88
0.014788 0.131381 0.747000 92 119 88
0.016727 0.131381 0.747000 100 127 96
0.018665 0.131381 0.747000 142 159 141
-0.194575 0.133322 0.747000 157 175 154
-0.192636 0.133322 0.747000 116 134 113
-0.190697 0.133322 0.747000 101 128 97
-0.188506 0.133144 0.746000 90 117 86
-0.186570 0.133144 0.746000 82 111 77
-0.184634 0.133144 0.746000 87 116 82
-0.182698 0.133144 0.746000 90 116 90
-0.180762 0.133144 0.746000 95 121 95
-0.179066 0.133322 0.747000 126 142 133
-0.177128 0.133322 0.747000 154 170 161
-0.175189 0.133322 0.747000 160 171 169
-0.000722 0.133679 0.749000 160 171 169
0.001221 0.133679 0.749000 133 144 142
0.003165 0.133679 0.749000 98 114 103
0.005109 0.133679 0.749000 88 104 93
0.007043 0.133501 0.748000 87 114 85
0.008984 0.133501 0.748000 88 115 86
0.010926 0.133501 0.748000 92 119 86
0.012867 0.133501 0.748000 96 123 90
0.014808 0.133501 0.748000 110 133 108
0.016749 0.133501 0.748000 145 168 143
-0.192636 0.135263 0.747000 169 182 169
-0.190697 0.135263 0.747000 130 151 127
-0.188759 0.135263 0.747000 103 124 100
-0.186570 0.135082 0.746000 93 124 92
-0.184634 0.135082 0.746000 89 120 88
-0.182698 0.135082 0.746000 89 118 84
-0.180762 0.135082 0.746000 82 111 77
-0.179066 0.135263 0.747000 88 110 92
-0.177128 0.135263 0.747000 106 128 110
-0.175189 0.135263 0.747000 134 149 144
-0.173251 0.135263 0.747000 150 165 160
-0.171312 0.135263 0.747000 160 171 169
-0.004622 0.135988 0.751000 164 175 173
-0.002670 0.135807 0.750000 151 162 160
-0.000723 0.135807 0.750000 106 122 113
0.001223 0.135807 0.750000 88 104 95
0.003169 0.135807 0.750000 83 109 85
0.005116 0.135807 0.750000 88 114 90
0.007053 0.135626 0.749000 93 120 89
0.008996 0.135626 0.749000 95 122 91
0.010940 0.135626 0.749000 97 121 91
0.012884 0.135626 0.749000 120 144 114
0.014808 0.135445 0.748000 157 172 154
-0.188759 0.137205 0.747000 153 166 153
-0.186820 0.137205 0.747000 110 136 110
-0.184882 0.137205 0.747000 110 136 110
-0.182943 0.137205 0.747000 96 125 93
-0.181005 0.137205 0.747000 81 110 78
-0.179066 0.137205 0.747000 83 110 81
-0.177128 0.137205 0.747000 88 115 86
-0.175189 0.137205 0.747000 91 113 97
-0.173251 0.137205 0.747000 111 133 117
-0.171541 0.137388 0.748000 141 156 151
-0.169600 0.137388 0.748000 151 166 161
-0.008543 0.138307 0.753000 164 175 173
-0.006588 0.138307 0.753000 158 169 167
-0.004628 0.138123 0.752000 121 136 131
-0.002677 0.138123 0.752000 93 108 103
-0.000725 0.138123 0.752000 85 110 91
0.001226 0.138123 0.752000 88 113 94
0.003178 0.138123 0.752000 89 118 88
0.005123 0.137939 0.751000 89 118 88
0.007072 0.137939 0.751000 96 123 92
0.009008 0.137756 0.750000 102 129 98
0.010955 0.137756 0.750000 139 157 134
-0.186820 0.139146 0.747000 171 188 172
-0.184882 0.139146 0.747000 142 159 143
-0.182943 0.139146 0.747000 109 133 105
-0.181005 0.139146 0.747000 90 114 86
-0.179066 0.139146 0.747000 83 110 81
-0.177128 0.139146 0.747000 89 116 87
-0.175189 0.139146 0.747000 89 116 87
-0.173483 0.139332 0.748000 89 116 87
-0.171541 0.139332 0.748000 88 112 98
-0.169600 0.139332 0.748000 109 133 119
-0.167659 0.139332 0.748000 137 152 149
-0.165718 0.139332 0.748000 152 167 164
-0.163996 0.139518 0.749000 167 180 179
-0.012467 0.140450 0.754000 162 173 171
-0.010511 0.140450 0.754000 153 164 162
-0.008565 0.140636 0.755000 123 138 135
-0.006606 0.140636 0.755000 91 106 103
-0.004647 0.140636 0.755000 80 105 86
-0.002687 0.140636 0.755000 86 111 92
-0.000726 0.140263 0.753000 86 117 87
0.001228 0.140263 0.753000 85 116 86
0.003178 0.140077 0.752000 89 118 88
0.005129 0.140077 0.752000 98 127 97
0.007081 0.140077 0.752000 121 142 118
0.009020 0.139891 0.751000 145 166 142
-0.183188 0.141276 0.748000 164 181 165
-0.181247 0.141276 0.748000 135 152 136
-0.179306 0.141276 0.748000 111 135 107
-0.177365 0.141276 0.748000 96 120 92
-0.175424 0.141276 0.748000 96 123 92
-0.173483 0.141276 0.748000 87 114 83
-0.171541 0.141276 0.748000 89 115 89
-0.169600 0.141276 0.748000 88 114 88
-0.167883 0.141464 0.749000 95 117 101
-0.165940 0.141464 0.749000 115 137 121
-0.163996 0.141464 0.749000 139 154 151
-0.162052 0.141464 0.749000 154 169 166
-0.160322 0.141653 0.750000 164 177 176
-0.016402 0.142598 0.755000 163 176 175
-0.014443 0.142598 0.755000 150 163 162
-0.012484 0.142598 0.755000 123 138 135
-0.010525 0.142598 0.755000 100 115 112
-0.008565 0.142598 0.755000 80 102 86
-0.006615 0.142787 0.756000 84 106 90
-0.004653 0.142787 0.756000 86 115 85
-0.002691 0.142787 0.756000 89 118 88
-0.000729 0.142787 0.756000 89 120 88
0.001231 0.142598 0.755000 91 122 90
0.003186 0.142409 0.754000 109 133 105
0.005136 0.142220 0.753000 139 163 135
-0.179546 0.143411 0.749000 168 185 167
-0.177602 0.143411 0.749000 130 147 129
-0.175658 0.143411 0.749000 108 132 102
-0.173714 0.143411 0.749000 91 115 85
-0.171771 0.143411 0.749000 83 110 79
-0.169827 0.143411 0.749000 88 115 84
-0.167883 0.143411 0.749000 90 117 86
-0.166161 0.143602 0.750000 89 116 85
-0.164215 0.143602 0.750000 102 122 107
-0.162268 0.143602 0.750000 117 137 122
-0.160322 0.143602 0.750000 141 154 151
-0.158376 0.143602 0.750000 153 166 163
-0.156638 0.143794 0.751000 165 176 176
-0.020348 0.144751 0.756000 157 168 166
-0.018386 0.144751 0.756000 151 162 160
-0.016424 0.144751 0.756000 121 136 133
-0.014462 0.144751 0.756000 99 114 111
-0.012500 0.144751 0.756000 84 106 88
-0.010538 0.144751 0.756000 85 107 89
-0.008577 0.144751 0.756000 86 113 82
-0.006615 0.144751 0.756000 89 116 85
-0.004653 0.144751 0.756000 91 120 86
-0.002691 0.144751 0.756000 94 123 89
-0.000729 0.144751 0.756000 100 127 98
0.001233 0.144751 0.756000 123 150 121
0.003191 0.144560 0.755000 152 167 149
-0.173946 0.145551 0.750000 131 151 132
-0.172000 0.145551 0.750000 100 127 98
-0.170054 0.145551 0.750000 93 120 91
-0.168332 0.145745 0.751000 94 123 89
-0.166161 0.145551 0.750000 80 109 75
-0.164434 0.145745 0.751000 83 110 79
-0.162485 0.145745 0.751000 81 108 77
-0.160536 0.145745 0.751000 97 116 104
-0.158587 0.145745 0.751000 112 131 119
-0.156847 0.145939 0.752000 130 145 142
-0.154895 0.145939 0.752000 145 160 157
-0.152944 0.145939 0.752000 162 170 171
-0.150992 0.145939 0.752000 166 174 175
-0.026199 0.146521 0.755000 158 169 167
-0.024272 0.146716 0.756000 158 169 167
-0.022310 0.146716 0.756000 145 156 154
-0.020348 0.146716 0.756000 115 130 125
-0.018410 0.146910 0.757000 95 110 105
-0.016446 0.146910 0.757000 84 106 90
-0.014501 0.147104 0.758000 88 110 94
-0.012533 0.147104 0.758000 86 115 85
-0.010566 0.147104 0.758000 86 115 85
-0.008588 0.146910 0.757000 91 120 86
-0.006632 0.147104 0.758000 94 123 89
-0.004665 0.147104 0.758000 103 127 97
-0.002694 0.146910 0.757000 117 141 111
-0.000730 0.146910 0.757000 152 168 147
-0.170507 0.147893 0.752000 125 145 126
-0.168556 0.147893 0.752000 97 124 95
-0.166604 0.147893 0.752000 90 117 88
-0.164653 0.147893 0.752000 81 110 76
-0.162701 0.147893 0.752000 82 111 77
-0.160750 0.147893 0.752000 85 113 86
-0.158798 0.147893 0.752000 85 113 86
-0.157055 0.148090 0.753000 90 112 96
-0.155101 0.148090 0.753000 102 124 108
-0.153147 0.148090 0.753000 120 135 130
-0.151193 0.148090 0.753000 137 152 147
-0.149437 0.148287 0.754000 150 161 161
-0.147480 0.148287 0.754000 154 165 165
-0.030118 0.148483 0.755000 162 173 171
-0.028158 0.148483 0.755000 146 159 156
-0.026199 0.148483 0.755000 127 140 137
-0.024272 0.148680 0.756000 106 122 113
-0.022310 0.148680 0.756000 93 109 100
-0.020375 0.148877 0.757000 87 109 91
-0.018435 0.149073 0.758000 89 111 93
-0.016468 0.149073 0.758000 87 116 86
-0.014501 0.149073 0.758000 88 117 87
-0.012533 0.149073 0.758000 92 121 89
-0.010566 0.149073 0.758000 93 122 90
-0.008599 0.149073 0.758000 99 126 95
-0.006632 0.149073 0.758000 115 142 111
-0.004665 0.149073 0.758000 145 161 138
-0.169004 0.150246 0.754000 147 168 146
-0.167047 0.150246 0.754000 126 147 125
-0.165310 0.150445 0.755000 101 128 97
-0.163350 0.150445 0.755000 88 115 84
-0.161177 0.150246 0.754000 82 113 83
-0.159220 0.150246 0.754000 82 113 83
-0.157264 0.150246 0.754000 84 112 85
-0.155307 0.150246 0.754000 81 109 82
-0.153350 0.150246 0.754000 83 108 91
-0.151394 0.150246 0.754000 95 120 103
-0.149437 0.150246 0.754000 113 131 125
-0.147676 0.150445 0.755000 126 144 138
-0.145716 0.150445 0.755000 139 152 149
-0.143757 0.150445 0.755000 147 160 157
-0.141798 0.150445 0.755000 162 173 171
-0.036043 0.150645 0.756000 155 166 164
-0.034081 0.150645 0.756000 146 157 155
-0.032077 0.150445 0.755000 130 145 142
-0.030118 0.150445 0.755000 115 130 127
-0.028158 0.150445 0.755000 102 121 111
-0.026234 0.150645 0.756000 86 105 95
-0.024272 0.150645 0.756000 85 110 89
-0.022339 0.150844 0.757000 88 113 92
-0.020375 0.150844 0.757000 87 115 88
-0.018435 0.151043 0.758000 88 116 89
-0.016468 0.151043 0.758000 88 117 85
-0.014501 0.151043 0.758000 92 121 89
-0.012550 0.151242 0.759000 94 121 92
-0.010566 0.151043 0.758000 113 140 111
-0.008599 0.151043 0.758000 140 158 137
-0.163567 0.152609 0.756000 128 146 125
-0.161605 0.152609 0.756000 110 137 108
-0.159643 0.152609 0.756000 96 123 94
-0.157681 0.152609 0.756000 81 110 78
-0.155513 0.152407 0.755000 79 108 76
-0.153554 0.152407 0.755000 75 106 76
-0.151594 0.152407 0.755000 80 111 81
-0.149635 0.152407 0.755000 85 112 92
-0.147676 0.152407 0.755000 85 112 92
-0.145716 0.152407 0.755000 103 122 110
-0.143757 0.152407 0.755000 113 132 120
-0.141798 0.152407 0.755000 130 143 138
-0.139839 0.152407 0.755000 136 149 144
-0.137879 0.152407 0.755000 146 157 157
-0.135920 0.152407 0.755000 151 162 162
-0.133961 0.152407 0.755000 160 168 167
-0.044007 0.153013 0.758000 158 169 167
-0.042040 0.153013 0.758000 155 166 164
-0.040073 0.153013 0.758000 142 155 152
-0.038055 0.152811 0.757000 127 140 137
-0.036043 0.152609 0.756000 111 127 118
-0.034081 0.152609 0.756000 101 117 108
-0.032119 0.152609 0.756000 91 111 96
-0.030157 0.152609 0.756000 85 105 90
-0.028196 0.152609 0.756000 83 109 85
-0.026234 0.152609 0.756000 86 112 88
-0.024272 0.152609 0.756000 86 115 85
-0.022339 0.152811 0.757000 92 121 91
-0.020402 0.153013 0.758000 92 121 91
-0.018435 0.153013 0.758000 91 120 90
-0.016468 0.153013 0.758000 95 121 95
-0.014501 0.153013 0.758000 114 140 114
-0.012550 0.153215 0.759000 138 158 139
-0.162032 0.154982 0.758000 159 176 158
-0.159854 0.154778 0.757000 129 146 128
-0.157889 0.154778 0.757000 107 133 107
-0.155719 0.154574 0.756000 99 125 99
-0.153757 0.154574 0.756000 89 118 88
-0.151795 0.154574 0.756000 91 120 90
-0.149833 0.154574 0.756000 80 110 83
-0.147871 0.154574 0.756000 73 103 76
-0.145716 0.154369 0.755000 80 106 80
-0.143757 0.154369 0.755000 85 111 85
-0.141798 0.154369 0.755000 90 112 94
-0.139839 0.154369 0.755000 98 120 102
-0.137879 0.154369 0.755000 108 124 115
-0.135920 0.154369 0.755000 119 135 126
-0.133783 0.154165 0.754000 132 145 142
-0.131827 0.154165 0.754000 144 157 154
-0.129870 0.154165 0.754000 150 163 160
-0.127743 0.153960 0.753000 156 169 166
-0.125789 0.153960 0.753000 154 167 166
-0.049908 0.154982 0.758000 154 165 163
-0.048004 0.155187 0.759000 150 161 159
-0.045974 0.154982 0.758000 140 151 149
-0.044065 0.155187 0.759000 132 145 140
-0.042040 0.154982 0.758000 115 128 123
-0.040073 0.154982 0.758000 104 120 109
-0.038106 0.154982 0.758000 95 111 100
-0.036091 0.154778 0.757000 90 110 91
-0.034081 0.154574 0.756000 86 106 87
-0.032119 0.154574 0.756000 86 113 84
-0.030157 0.154574 0.756000 87 114 85
-0.028196 0.154574 0.756000 87 116 82
-0.026234 0.154574 0.756000 89 118 84
-0.024272 0.154574 0.756000 88 117 85
-0.022339 0.154778 0.757000 94 123 91
-0.020402 0.154982 0.758000 101 125 97
-0.018435 0.154982 0.758000 116 140 112
-0.016468 0.154982 0.758000 144 161 143
-0.156131 0.156952 0.758000 148 168 153
-0.153960 0.156745 0.757000 119 142 119
-0.151996 0.156745 0.757000 101 124 101
-0.149833 0.156538 0.756000 89 117 90
-0.147871 0.156538 0.756000 86 114 87
-0.145909 0.156538 0.756000 88 117 85
-0.143757 0.156331 0.755000 84 113 81
-0.141798 0.156331 0.755000 85 112 79
-0.139839 0.156331 0.755000 87 114 81
-0.137697 0.156124 0.754000 86 112 86
-0.135740 0.156124 0.754000 83 109 83
-0.133783 0.156124 0.754000 87 109 91
-0.131652 0.155917 0.753000 94 116 98
-0.129698 0.155917 0.753000 102 123 112
-0.127743 0.155917 0.753000 113 134 123
-0.125789 0.155917 0.753000 123 141 137
-0.123835 0.155917 0.753000 130 148 144
-0.121881 0.155917 0.753000 140 158 156
-0.119927 0.155917 0.753000 138 156 154
-0.117973 0.155917 0.753000 151 164 163
-0.116173 0.156124 0.754000 151 164 163
-0.061711 0.156952 0.758000 151 164 163
-0.059744 0.156952 0.758000 146 159 156
-0.057777 0.156952 0.758000 144 157 154
-0.055809 0.156952 0.758000 132 147 144
-0.053842 0.156952 0.758000 126 141 138
-0.051944 0.157159 0.759000 118 134 125
-0.049974 0.157159 0.759000 112 128 119
-0.048004 0.157159 0.759000 105 122 108
-0.046035 0.157159 0.759000 93 110 96
-0.044065 0.157159 0.759000 84 104 87
-0.042095 0.157159 0.759000 85 105 88
-0.040073 0.156952 0.758000 89 113 85
-0.038106 0.156952 0.758000 90 114 86
-0.036139 0.156952 0.758000 91 116 81
-0.034171 0.156952 0.758000 91 116 81
-0.032204 0.156952 0.758000 95 120 85
-0.030197 0.156745 0.757000 96 121 86
-0.028233 0.156745 0.757000 95 122 89
-0.026268 0.156745 0.757000 99 126 93
-0.024304 0.156745 0.757000 115 134 108
-0.022339 0.156745 0.757000 142 161 135
-0.150031 0.158712 0.757000 142 164 144
-0.148067 0.158712 0.757000 119 141 121
-0.145909 0.158502 0.756000 102 129 100
-0.143948 0.158502 0.756000 101 128 99
-0.141798 0.158293 0.755000 100 127 96
-0.139839 0.158293 0.755000 90 117 86
-0.137879 0.158293 0.755000 80 109 77
-0.135920 0.158293 0.755000 80 109 77
-0.133783 0.158083 0.754000 88 117 85
-0.131652 0.157874 0.753000 84 113 81
-0.129698 0.157874 0.753000 84 112 85
-0.127743 0.157874 0.753000 82 110 83
-0.125789 0.157874 0.753000 85 110 91
-0.123835 0.157874 0.753000 93 118 99
-0.121881 0.157874 0.753000 93 117 103
-0.119927 0.157874 0.753000 100 124 110
-0.118130 0.158083 0.754000 113 132 122
-0.116173 0.158083 0.754000 117 136 126
-0.114216 0.158083 0.754000 124 142 136
-0.112408 0.158293 0.755000 128 146 140
-0.110449 0.158293 0.755000 137 152 147
-0.108490 0.158293 0.755000 142 157 152
-0.106672 0.158502 0.756000 146 159 154
-0.104710 0.158502 0.756000 149 162 157
-0.102884 0.158712 0.757000 146 160 151
-0.100919 0.158712 0.757000 146 160 151
-0.099085 0.158922 0.758000 153 167 158
-0.097118 0.158922 0.758000 157 171 162
-0.071641 0.159131 0.759000 145 158 153
-0.069671 0.159131 0.759000 138 151 146
-0.067701 0.159131 0.759000 137 150 145
-0.065731 0.159131 0.759000 131 144 139
-0.063762 0.159131 0.759000 121 136 131
-0.061792 0.159131 0.759000 116 131 126
-0.059822 0.159131 0.759000 111 129 123
-0.057853 0.159131 0.759000 105 123 117
-0.055883 0.159131 0.759000 93 117 105
-0.053913 0.159131 0.759000 88 112 100
-0.051944 0.159131 0.759000 85 110 91
-0.049974 0.159131 0.759000 86 111 92
-0.048004 0.159131 0.759000 86 112 86
-0.046035 0.159131 0.759000 85 111 85
-0.044065 0.159131 0.759000 87 114 83
-0.042095 0.159131 0.759000 87 114 83
-0.040126 0.159131 0.759000 87 116 82
-0.038156 0.159131 0.759000 93 122 88
-0.036139 0.158922 0.758000 98 123 88
-0.034171 0.158922 0.758000 97 122 87
-0.032204 0.158922 0.758000 97 119 90
-0.030237 0.158922 0.758000 109 131 102
-0.028270 0.158922 0.758000 135 153 130
-0.026303 0.158922 0.758000 151 169 146
-0.146295 0.160891 0.758000 157 175 154
-0.144138 0.160679 0.757000 137 155 134
-0.141986 0.160467 0.756000 117 140 115
-0.140024 0.160467 0.756000 106 129 104
-0.137879 0.160255 0.755000 94 121 90
-0.135920 0.160255 0.755000 89 116 85
-0.133961 0.160255 0.755000 86 115 81
-0.132001 0.160255 0.755000 81 110 76
-0.130042 0.160255 0.755000 84 113 81
-0.127913 0.160042 0.754000 82 111 79
-0.125956 0.160042 0.754000 83 114 84
-0.124000 0.160042 0.754000 84 115 85
-0.122043 0.160042 0.754000 85 115 88
-0.120086 0.160042 0.754000 80 110 83
-0.118286 0.160255 0.755000 84 112 87
-0.116327 0.160255 0.755000 85 113 88
-0.114368 0.160255 0.755000 87 112 93
-0.112408 0.160255 0.755000 87 112 93
-0.110449 0.160255 0.755000 91 113 97
-0.108490 0.160255 0.755000 97 119 103
-0.106672 0.160467 0.756000 98 120 104
-0.104848 0.160679 0.757000 103 125 109
-0.103020 0.160891 0.758000 106 126 111
-0.101052 0.160891 0.758000 110 130 115
-0.099216 0.161104 0.759000 113 133 118
-0.097246 0.161104 0.759000 116 136 121
-0.095402 0.161316 0.760000 102 118 109
-0.093430 0.161316 0.760000 115 131 122
-0.091458 0.161316 0.760000 127 143 134
-0.089485 0.161316 0.760000 125 141 132
-0.087513 0.161316 0.760000 129 143 132
-0.085541 0.161316 0.760000 125 139 128
-0.083569 0.161316 0.760000 123 139 128
-0.081596 0.161316 0.760000 126 142 131
-0.079624 0.161316 0.760000 116 132 123
-0.077652 0.161316 0.760000 113 129 120
-0.075679 0.161316 0.760000 112 128 119
-0.073707 0.161316 0.760000 108 124 115
-0.071735 0.161316 0.760000 106 125 113
-0.069763 0.161316 0.760000 102 121 109
-0.067790 0.161316 0.760000 97 116 104
-0.065818 0.161316 0.760000 91 110 98
-0.063846 0.161316 0.760000 86 111 94
-0.061874 0.161316 0.760000 82 107 90
-0.059901 0.161316 0.760000 84 111 91
-0.057929 0.161316 0.760000 80 107 87
-0.055957 0.161316 0.760000 83 113 88
-0.053984 0.161316 0.760000 84 114 89
-0.052012 0.161316 0.760000 84 115 85
-0.050040 0.161316 0.760000 85 116 86
-0.048068 0.161316 0.760000 89 118 84
-0.046095 0.161316 0.760000 88 117 83
-0.044123 0.161316 0.760000 93 122 88
-0.042151 0.161316 0.760000 93 122 88
-0.040178 0.161316 0.760000 94 121 90
-0.038156 0.161104 0.759000 96 123 92
-0.036186 0.161104 0.759000 109 133 105
-0.034217 0.161104 0.759000 125 149 121
-0.032247 0.161104 0.759000 147 163 142
-0.140024 0.162431 0.756000 167 182 166
-0.138062 0.162431 0.756000 150 167 149
-0.136100 0.162431 0.756000 134 151 133
-0.134138 0.162431 0.756000 120 144 116
-0.132001 0.162217 0.755000 106 130 102
-0.130042 0.162217 0.755000 95 122 93
-0.128083 0.162217 0.755000 93 120 91
-0.126123 0.162217 0.755000 94 125 95
-0.124164 0.162217 0.755000 86 117 87
-0.122205 0.162217 0.755000 85 116 82
-0.120246 0.162217 0.755000 90 121 87
-0.118286 0.162217 0.755000 90 121 89
-0.116327 0.162217 0.755000 78 109 77
-0.114368 0.162217 0.755000 79 110 80
-0.112557 0.162431 0.756000 80 111 81
-0.110595 0.162431 0.756000 80 110 83
-0.108633 0.162431 0.756000 82 112 85
-0.106813 0.162646 0.757000 84 112 85
-0.104987 0.162861 0.758000 85 113 86
-0.103155 0.163076 0.759000 84 112 85
-0.101186 0.163076 0.759000 81 109 82
-0.099347 0.163291 0.760000 82 108 84
-0.097375 0.163291 0.760000 79 105 81
-0.095528 0.163506 0.761000 78 104 80
-0.093553 0.163506 0.761000 78 104 80
-0.091578 0.163506 0.761000 83 108 87
-0.089603 0.163506 0.761000 83 108 87
-0.087628 0.163506 0.761000 83 108 87
-0.085653 0.163506 0.761000 85 110 89
-0.083679 0.163506 0.761000 82 107 86
-0.081704 0.163506 0.761000 81 106 85
-0.079729 0.163506 0.761000 83 108 87
-0.077754 0.163506 0.761000 85 110 89
-0.075779 0.163506 0.761000 81 106 85
-0.073804 0.163506 0.761000 81 106 85
-0.071829 0.163506 0.761000 88 111 88
-0.069854 0.163506 0.761000 88 111 88
-0.067880 0.163506 0.761000 85 111 85
-0.065905 0.163506 0.761000 83 109 83
-0.063930 0.163506 0.761000 85 113 86
-0.061955 0.163506 0.761000 81 109 82
-0.059980 0.163506 0.761000 83 113 86
-0.058005 0.163506 0.761000 85 115 88
-0.056030 0.163506 0.761000 86 117 83
-0.054055 0.163506 0.761000 86 117 83
-0.052081 0.163506 0.761000 84 116 79
-0.050106 0.163506 0.761000 85 117 80
-0.048068 0.163291 0.760000 93 120 87
-0.046095 0.163291 0.760000 97 124 91
-0.044123 0.163291 0.760000 105 129 101
-0.042151 0.163291 0.760000 116 140 112
-0.040178 0.163291 0.760000 135 153 132
-0.038206 0.163291 0.760000 147 165 144
-0.132176 0.164396 0.756000 165 182 168
-0.130214 0.164396 0.756000 153 173 154
-0.128252 0.164396 0.756000 140 160 141
-0.126291 0.164396 0.756000 130 151 127
-0.124329 0.164396 0.756000 116 137 113
-0.122367 0.164396 0.756000 103 130 101
-0.120405 0.164396 0.756000 97 124 95
-0.118443 0.164396 0.756000 94 123 93
-0.116481 0.164396 0.756000 89 118 88
-0.114519 0.164396 0.756000 89 118 88
-0.112557 0.164396 0.756000 85 114 84
-0.110742 0.164613 0.757000 79 108 74
-0.108777 0.164613 0.757000 81 110 76
-0.106954 0.164831 0.758000 80 110 73
-0.105125 0.165048 0.759000 80 110 73
-0.103291 0.165266 0.760000 80 108 72
-0.101319 0.165266 0.760000 78 106 70
-0.099478 0.165483 0.761000 75 103 67
-0.097503 0.165483 0.761000 82 110 74
-0.095528 0.165483 0.761000 85 115 78
-0.093553 0.165483 0.761000 88 118 81
-0.091578 0.165483 0.761000 89 120 86
-0.089603 0.165483 0.761000 86 117 83
-0.087628 0.165483 0.761000 86 117 85
-0.085653 0.165483 0.761000 85 116 84
-0.083679 0.165483 0.761000 86 117 85
-0.081704 0.165483 0.761000 84 115 83
-0.079729 0.165483 0.761000 85 114 80
-0.077754 0.165483 0.761000 82 111 77
-0.075779 0.165483 0.761000 86 114 78
-0.073804 0.165483 0.761000 90 118 82
-0.071829 0.165483 0.761000 88 116 80
-0.069854 0.165483 0.761000 89 117 81
-0.067880 0.165483 0.761000 88 115 82
-0.065905 0.165483 0.761000 89 116 83
-0.063930 0.165483 0.761000 92 121 89
-0.061955 0.165483 0.761000 87 116 84
-0.059980 0.165483 0.761000 87 116 86
-0.058005 0.165483 0.761000 94 123 93
-0.056030 0.165483 0.761000 96 125 95
-0.054055 0.165483 0.761000 100 129 99
-0.052081 0.165483 0.761000 116 138 109
-0.050106 0.165483 0.761000 124 146 117
-0.048131 0.165483 0.761000 142 160 139
-0.046156 0.165483 0.761000 152 170 149
-0.122690 0.166801 0.758000 164 181 165
-0.120723 0.166801 0.758000 149 166 150
-0.118600 0.166580 0.757000 139 161 141
-0.116635 0.166580 0.757000 134 156 136
-0.114671 0.166580 0.757000 125 148 123
-0.112855 0.166801 0.758000 116 139 114
-0.110888 0.166801 0.758000 117 139 108
-0.108921 0.166801 0.758000 114 136 105
-0.107095 0.167021 0.759000 112 132 99
-0.105264 0.167241 0.760000 108 128 95
-0.103427 0.167461 0.761000 105 125 92
-0.101452 0.167461 0.761000 101 121 88
-0.099478 0.167461 0.761000 95 120 85
-0.097503 0.167461 0.761000 97 122 87
-0.095528 0.167461 0.761000 92 122 85
-0.093553 0.167461 0.761000 93 123 86
-0.091578 0.167461 0.761000 91 123 86
-0.089603 0.167461 0.761000 90 122 85
-0.087628 0.167461 0.761000 92 123 89
-0.085653 0.167461 0.761000 93 124 90
-0.083679 0.167461 0.761000 93 124 90
-0.081704 0.167461 0.761000 94 125 91
-0.079729 0.167461 0.761000 101 130 96
-0.077754 0.167461 0.761000 96 125 91
-0.075779 0.167461 0.761000 103 127 95
-0.073804 0.167461 0.761000 104 128 96
-0.071829 0.167461 0.761000 104 126 95
-0.069854 0.167461 0.761000 107 129 98
-0.067880 0.167461 0.761000 110 132 101
-0.065905 0.167461 0.761000 107 129 98
-0.063930 0.167461 0.761000 112 134 105
-0.061955 0.167461 0.761000 121 143 114
-0.059980 0.167461 0.761000 133 155 135
-0.058005 0.167461 0.761000 137 159 139
-0.105402 0.169438 0.761000 159 175 152
-0.103427 0.169438 0.761000 156 172 149
-0.101452 0.169438 0.761000 153 169 146
-0.099608 0.169661 0.762000 146 167 143
-0.097631 0.169661 0.762000 135 156 132
-0.093676 0.169661 0.762000 121 151 124
-0.091698 0.169661 0.762000 124 154 129
-0.089721 0.169661 0.762000 122 152 127
-0.087628 0.169438 0.761000 126 154 129
-0.085653 0.169438 0.761000 126 154 129
-0.083679 0.169438 0.761000 125 151 125
-0.081704 0.169438 0.761000 125 151 125
-0.079729 0.169438 0.761000 131 154 129
-0.077754 0.169438 0.761000 136 159 134
-0.075779 0.169438 0.761000 140 161 139
