ply
format ascii 1.0
element vertex 23686
property float x
property float y
property float z
property uchar red
property uchar green
property uchar blue
end_header
-0.050088 -0.214361 0.350000 100 100 102
-0.049183 -0.214361 0.350000 124 124 126
-0.048278 -0.214361 0.350000 145 145 145
-0.047373 -0.214361 0.350000 158 158 158
-0.046468 -0.214361 0.350000 164 161 158
-0.045563 -0.214361 0.350000 167 164 161
-0.044658 -0.214361 0.350000 169 166 163
-0.043753 -0.214361 0.350000 169 166 163
-0.042970 -0.214973 0.351000 172 171 171
-0.041943 -0.214361 0.350000 170 169 169
-0.041155 -0.214973 0.351000 168 168 172
-0.040248 -0.214973 0.351000 164 164 168
-0.052652 -0.212845 0.349000 141 144 147
-0.051750 -0.212845 0.349000 158 154 157
-0.050847 -0.212845 0.349000 165 161 164
-0.050088 -0.213455 0.350000 165 165 161
-0.049183 -0.213455 0.350000 165 165 161
-0.048278 -0.213455 0.350000 158 159 153
-0.047373 -0.213455 0.350000 158 159 153
-0.046468 -0.213455 0.350000 159 160 154
-0.045563 -0.213455 0.350000 162 163 157
-0.044658 -0.213455 0.350000 166 167 158
-0.043878 -0.214065 0.351000 165 166 157
-0.042970 -0.214065 0.351000 165 166 160
-0.041943 -0.213455 0.350000 162 163 157
-0.041155 -0.214065 0.351000 164 167 166
-0.040248 -0.214065 0.351000 167 170 169
-0.039452 -0.214675 0.352000 165 171 169
-0.038542 -0.214675 0.352000 165 171 169
-0.037632 -0.214675 0.352000 165 171 169
-0.055939 -0.210727 0.347000 112 115 116
-0.055201 -0.211334 0.348000 144 144 144
-0.054301 -0.211334 0.348000 157 157 157
-0.053554 -0.211941 0.349000 161 160 160
-0.052652 -0.211941 0.349000 158 157 157
-0.051750 -0.211941 0.349000 159 159 155
-0.050993 -0.212549 0.350000 161 161 157
-0.050088 -0.212549 0.350000 156 157 148
-0.048278 -0.212549 0.350000 153 154 143
-0.047373 -0.212549 0.350000 152 153 142
-0.046468 -0.212549 0.350000 146 148 135
-0.045693 -0.213156 0.351000 145 147 134
-0.044658 -0.212549 0.350000 144 146 133
-0.043878 -0.213156 0.351000 146 148 135
-0.042970 -0.213156 0.351000 145 147 136
-0.042063 -0.213156 0.351000 149 151 140
-0.041155 -0.213156 0.351000 145 147 138
-0.040248 -0.213156 0.351000 152 154 145
-0.039340 -0.213156 0.351000 157 158 152
-0.038542 -0.213763 0.352000 157 158 152
-0.037632 -0.213763 0.352000 159 163 156
-0.035913 -0.214370 0.353000 163 170 162
-0.035199 -0.215585 0.355000 168 175 167
-0.034281 -0.215585 0.355000 164 170 168
-0.033457 -0.216192 0.356000 150 156 154
-0.058462 -0.209224 0.346000 110 110 112
-0.057567 -0.209224 0.346000 140 140 142
-0.056836 -0.209828 0.347000 157 159 150
-0.055939 -0.209828 0.347000 159 161 152
-0.055201 -0.210433 0.348000 156 156 150
-0.054301 -0.210433 0.348000 152 152 146
-0.053554 -0.211038 0.349000 152 152 146
-0.052652 -0.211038 0.349000 151 151 145
-0.051750 -0.211038 0.349000 143 144 138
-0.050847 -0.211038 0.349000 143 144 138
-0.050088 -0.211642 0.350000 137 139 130
-0.049183 -0.211642 0.350000 137 139 130
-0.048278 -0.211642 0.350000 138 139 126
-0.047373 -0.211642 0.350000 131 132 119
-0.046468 -0.211642 0.350000 126 128 112
-0.045693 -0.212247 0.351000 127 129 113
-0.044786 -0.212247 0.351000 119 122 106
-0.043878 -0.212247 0.351000 111 114 98
-0.042970 -0.212247 0.351000 114 116 105
-0.042063 -0.212247 0.351000 118 120 109
-0.041155 -0.212247 0.351000 114 116 107
-0.040248 -0.212247 0.351000 117 119 110
-0.039452 -0.212852 0.352000 126 127 121
-0.038542 -0.212852 0.352000 126 127 121
-0.036826 -0.213456 0.353000 133 138 128
-0.036015 -0.214061 0.354000 143 148 136
-0.035199 -0.214666 0.355000 148 153 141
-0.034378 -0.215270 0.356000 157 162 150
-0.033551 -0.215875 0.357000 164 169 157
-0.032719 -0.216480 0.358000 169 174 164
-0.060969 -0.207726 0.345000 89 91 97
-0.060077 -0.207726 0.345000 139 138 140
-0.058462 -0.208328 0.346000 155 155 151
-0.057567 -0.208328 0.346000 152 152 148
-0.056836 -0.208930 0.347000 148 149 138
-0.055939 -0.208930 0.347000 146 147 136
-0.055201 -0.209532 0.348000 151 152 143
-0.054301 -0.209532 0.348000 145 146 137
-0.053554 -0.210134 0.349000 139 139 133
-0.052652 -0.210134 0.349000 134 134 128
-0.051750 -0.210134 0.349000 122 127 117
-0.050847 -0.210134 0.349000 121 126 116
-0.050088 -0.210736 0.350000 117 124 116
-0.049183 -0.210736 0.350000 98 105 97
-0.048278 -0.210736 0.350000 92 97 87
-0.047373 -0.210736 0.350000 80 85 75
-0.046468 -0.210736 0.350000 67 69 58
-0.045563 -0.210736 0.350000 57 59 48
-0.044786 -0.211338 0.351000 46 48 37
-0.043878 -0.211338 0.351000 40 42 31
-0.042970 -0.211338 0.351000 38 42 35
-0.042063 -0.211338 0.351000 42 46 39
-0.041155 -0.211338 0.351000 45 49 44
-0.040248 -0.211338 0.351000 52 56 51
-0.039452 -0.211940 0.352000 69 73 68
-0.038542 -0.211940 0.352000 80 84 79
-0.036826 -0.212542 0.353000 91 98 90
-0.035199 -0.213747 0.355000 109 114 102
-0.034378 -0.214349 0.356000 130 135 123
-0.033551 -0.214951 0.357000 137 142 130
-0.032719 -0.215553 0.358000 149 154 142
-0.083392 -0.565375 0.939000 163 168 156
-0.080964 -0.565375 0.939000 166 170 163
-0.063645 -0.206832 0.345000 83 83 87
-0.062753 -0.206832 0.345000 111 111 115
-0.061861 -0.206832 0.345000 147 146 146
-0.060969 -0.206832 0.345000 156 155 155
-0.060077 -0.206832 0.345000 152 152 148
-0.058462 -0.207432 0.346000 146 147 138
-0.057567 -0.207432 0.346000 146 147 138
-0.056836 -0.208031 0.347000 144 145 134
-0.055939 -0.208031 0.347000 139 140 129
-0.055201 -0.208631 0.348000 143 144 133
-0.054301 -0.208631 0.348000 132 133 122
-0.053554 -0.209230 0.349000 118 119 113
-0.052652 -0.209230 0.349000 103 104 98
-0.051750 -0.209230 0.349000 85 92 86
-0.050847 -0.209230 0.349000 71 78 72
-0.050088 -0.209830 0.350000 55 62 56
-0.049183 -0.209830 0.350000 48 55 49
-0.048278 -0.209830 0.350000 46 49 48
-0.047373 -0.209830 0.350000 44 47 46
-0.036015 -0.212228 0.354000 64 71 63
-0.035199 -0.212827 0.355000 73 80 72
-0.034378 -0.213427 0.356000 87 95 84
-0.033645 -0.214626 0.358000 108 116 105
-0.031882 -0.215225 0.359000 131 139 128
-0.065429 -0.205939 0.345000 89 88 90
-0.064537 -0.205939 0.345000 127 126 128
-0.063645 -0.205939 0.345000 152 152 152
-0.062753 -0.205939 0.345000 152 152 152
-0.061861 -0.205939 0.345000 149 150 144
-0.060969 -0.205939 0.345000 144 145 139
-0.059357 -0.206536 0.346000 143 145 136
-0.058462 -0.206536 0.346000 140 141 130
-0.057567 -0.206536 0.346000 131 132 121
-0.056673 -0.206536 0.346000 130 131 118
-0.055939 -0.207133 0.347000 123 124 111
-0.055201 -0.207730 0.348000 104 105 96
-0.054301 -0.207730 0.348000 88 89 80
-0.053554 -0.208327 0.349000 64 65 61
-0.052652 -0.208327 0.349000 51 52 48
-0.051750 -0.208327 0.349000 44 50 48
-0.033645 -0.213699 0.358000 71 78 70
-0.031882 -0.214296 0.359000 101 108 100
-0.067214 -0.205046 0.345000 114 117 118
-0.066322 -0.205046 0.345000 145 148 149
-0.065429 -0.205046 0.345000 158 158 154
-0.064537 -0.205046 0.345000 148 148 144
-0.063645 -0.205046 0.345000 141 142 133
-0.062753 -0.205046 0.345000 145 146 137
-0.061861 -0.205046 0.345000 140 141 130
-0.060969 -0.205046 0.345000 140 141 130
-0.059357 -0.205640 0.346000 133 134 121
-0.058462 -0.205640 0.346000 122 123 110
-0.057567 -0.205640 0.346000 109 110 97
-0.056836 -0.206234 0.347000 91 93 82
-0.056100 -0.206829 0.348000 67 69 58
-0.055201 -0.206829 0.348000 52 53 47
-0.054301 -0.206829 0.348000 47 48 42
-0.032811 -0.213366 0.359000 45 54 47
-0.069198 -0.204744 0.346000 119 122 125
-0.068303 -0.204744 0.346000 149 152 155
-0.067214 -0.204152 0.345000 158 158 158
-0.066322 -0.204152 0.345000 150 150 150
-0.065429 -0.204152 0.345000 143 143 137
-0.064537 -0.204152 0.345000 138 138 132
-0.063645 -0.204152 0.345000 141 142 131
-0.062753 -0.204152 0.345000 138 139 128
-0.061861 -0.204152 0.345000 132 133 120
-0.060969 -0.204152 0.345000 129 130 117
-0.059357 -0.204744 0.346000 102 103 90
-0.058462 -0.204744 0.346000 74 76 65
-0.057567 -0.204744 0.346000 57 59 48
-0.056836 -0.205336 0.347000 43 50 42
-0.071882 -0.203848 0.346000 88 88 90
-0.070987 -0.203848 0.346000 132 131 131
-0.070092 -0.203848 0.346000 155 154 154
-0.069198 -0.203848 0.346000 155 156 152
-0.068303 -0.203848 0.346000 147 148 144
-0.067408 -0.203848 0.346000 145 145 141
-0.066322 -0.203259 0.345000 141 141 137
-0.065429 -0.203259 0.345000 134 135 126
-0.064537 -0.203259 0.345000 133 134 125
-0.063645 -0.203259 0.345000 139 140 129
-0.061861 -0.203259 0.345000 111 112 101
-0.060251 -0.203848 0.346000 62 64 55
-0.059357 -0.203848 0.346000 52 54 45
-0.058462 -0.203848 0.346000 48 52 45
-0.057734 -0.204437 0.347000 51 55 48
-0.073671 -0.202952 0.346000 96 96 98
-0.072776 -0.202952 0.346000 134 131 126
-0.071882 -0.202952 0.346000 157 154 149
-0.070987 -0.202952 0.346000 150 147 142
-0.070092 -0.202952 0.346000 147 144 139
-0.069198 -0.202952 0.346000 143 144 138
-0.068303 -0.202952 0.346000 143 144 138
-0.067408 -0.202952 0.346000 137 139 130
-0.066514 -0.202952 0.346000 132 134 125
-0.065619 -0.202952 0.346000 130 132 123
-0.064724 -0.202952 0.346000 123 125 116
-0.062935 -0.202952 0.346000 77 78 72
-0.062041 -0.202952 0.346000 56 60 55
-0.060251 -0.202952 0.346000 52 56 51
-0.075678 -0.202641 0.347000 103 102 106
-0.074781 -0.202641 0.347000 139 139 133
-0.073884 -0.202641 0.347000 155 155 149
-0.072776 -0.202057 0.346000 150 151 142
-0.071882 -0.202057 0.346000 143 144 135
-0.070987 -0.202057 0.346000 143 144 135
-0.069198 -0.202057 0.346000 138 139 130
-0.068303 -0.202057 0.346000 133 134 125
-0.067408 -0.202057 0.346000 122 124 115
-0.066514 -0.202057 0.346000 111 113 104
-0.064724 -0.202057 0.346000 67 71 66
-0.063830 -0.202057 0.346000 48 52 47
-0.062935 -0.202057 0.346000 48 52 47
-0.077249 -0.201161 0.346000 98 97 101
-0.076576 -0.201742 0.347000 143 142 142
-0.075678 -0.201742 0.347000 153 152 152
-0.074781 -0.201742 0.347000 147 148 139
-0.073884 -0.201742 0.347000 145 146 137
-0.072987 -0.201742 0.347000 144 145 136
-0.071882 -0.201161 0.346000 140 141 132
-0.070987 -0.201161 0.346000 138 140 131
-0.069198 -0.201161 0.346000 125 127 118
-0.063830 -0.201161 0.346000 49 55 55
-0.079039 -0.200265 0.346000 92 91 95
-0.078144 -0.200265 0.346000 145 141 142
-0.077249 -0.200265 0.346000 155 151 152
-0.076355 -0.200265 0.346000 150 148 140
-0.075678 -0.200844 0.347000 145 143 135
-0.074781 -0.200844 0.347000 140 141 132
-0.073884 -0.200844 0.347000 143 144 135
-0.080594 -0.198793 0.345000 99 98 98
-0.079933 -0.199369 0.346000 139 139 135
-0.079039 -0.199369 0.346000 153 153 149
-0.078144 -0.199369 0.346000 153 151 143
-0.077249 -0.199369 0.346000 145 143 135
-0.076355 -0.199369 0.346000 142 140 130
-0.075678 -0.199945 0.347000 140 138 128
-0.082379 -0.197899 0.345000 161 162 153
-0.081487 -0.197899 0.345000 154 155 146
-0.080594 -0.197899 0.345000 154 155 146
-0.079933 -0.198473 0.346000 147 148 139
-0.079039 -0.198473 0.346000 143 144 135
-0.078144 -0.198473 0.346000 141 139 129
-0.077249 -0.198473 0.346000 139 137 127
-0.084163 -0.197006 0.345000 157 159 150
-0.083271 -0.197006 0.345000 157 159 148
-0.082379 -0.197006 0.345000 153 155 144
-0.081487 -0.197006 0.345000 145 146 135
-0.080594 -0.197006 0.345000 143 144 133
-0.079933 -0.197577 0.346000 141 142 133
-0.079039 -0.197577 0.346000 138 139 130
-0.085301 -0.196681 0.346000 157 159 150
-0.084407 -0.196681 0.346000 152 154 145
-0.083512 -0.196681 0.346000 147 149 140
-0.082617 -0.196681 0.346000 142 144 135
-0.081723 -0.196681 0.346000 140 142 133
-0.080828 -0.196681 0.346000 136 138 129
-0.131682 -0.324013 0.570000 131 132 128
-0.130208 -0.324013 0.570000 125 126 122
-0.128735 -0.324013 0.570000 121 118 115
-0.030303 -0.327423 0.576000 137 137 137
-0.028814 -0.327423 0.576000 158 158 160
-0.086445 -0.196351 0.347000 155 156 147
-0.085301 -0.195785 0.346000 152 153 144
-0.084407 -0.195785 0.346000 146 147 138
-0.083512 -0.195785 0.346000 143 144 138
-0.082617 -0.195785 0.346000 138 139 133
-0.134866 -0.323103 0.571000 135 136 132
-0.133156 -0.322537 0.570000 130 131 127
-0.131451 -0.321971 0.569000 122 122 122
-0.129980 -0.321971 0.569000 121 121 121
-0.128509 -0.321971 0.569000 147 143 144
-0.127037 -0.321971 0.569000 165 161 162
-0.031792 -0.325932 0.576000 90 90 90
-0.030303 -0.325932 0.576000 111 111 111
-0.028814 -0.325932 0.576000 149 151 157
-0.027324 -0.325932 0.576000 153 155 161
-0.088240 -0.195453 0.347000 156 157 148
-0.087342 -0.195453 0.347000 153 154 145
-0.086445 -0.195453 0.347000 143 144 135
-0.085548 -0.195453 0.347000 141 142 133
-0.084651 -0.195453 0.347000 141 142 133
-0.083753 -0.195453 0.347000 136 136 132
-0.082856 -0.195453 0.347000 132 132 128
-0.134630 -0.321061 0.570000 121 121 121
-0.133156 -0.321061 0.570000 128 128 128
-0.131451 -0.320498 0.569000 147 147 147
-0.129980 -0.320498 0.569000 164 164 164
-0.028814 -0.324440 0.576000 124 126 132
-0.027324 -0.324440 0.576000 155 157 163
-0.025835 -0.324440 0.576000 158 164 166
-0.089394 -0.195115 0.348000 156 157 148
-0.088494 -0.195115 0.348000 152 153 144
-0.087594 -0.195115 0.348000 144 144 138
-0.086445 -0.194554 0.347000 139 139 133
-0.085548 -0.194554 0.347000 137 137 131
-0.084651 -0.194554 0.347000 133 133 127
-0.083753 -0.194554 0.347000 126 125 125
-0.082856 -0.194554 0.347000 122 121 121
-0.134630 -0.319585 0.570000 134 133 133
-0.132922 -0.319024 0.569000 155 154 154
-0.131451 -0.319024 0.569000 168 168 164
-0.031792 -0.322949 0.576000 151 155 150
-0.030303 -0.322949 0.576000 95 99 94
-0.028814 -0.322949 0.576000 101 104 105
-0.027324 -0.322949 0.576000 138 141 142
-0.025835 -0.322949 0.576000 160 163 164
-0.090293 -0.194214 0.348000 154 152 144
-0.089394 -0.194214 0.348000 146 146 140
-0.088494 -0.194214 0.348000 141 141 135
-0.087594 -0.194214 0.348000 137 138 134
-0.086694 -0.194214 0.348000 132 133 129
-0.085794 -0.194214 0.348000 125 126 122
-0.084895 -0.194214 0.348000 118 119 115
-0.083995 -0.194214 0.348000 132 132 128
-0.135865 -0.317551 0.569000 154 154 150
-0.134394 -0.317551 0.569000 170 170 166
-0.031792 -0.321458 0.576000 169 173 166
-0.030303 -0.321458 0.576000 120 124 117
-0.028814 -0.321458 0.576000 89 92 91
-0.027324 -0.321458 0.576000 116 119 118
-0.025835 -0.321458 0.576000 148 151 150
-0.024346 -0.321458 0.576000 157 160 159
-0.092093 -0.193313 0.348000 158 159 150
-0.091193 -0.193313 0.348000 147 144 139
-0.090293 -0.193313 0.348000 146 143 138
-0.089394 -0.193313 0.348000 139 138 138
-0.088494 -0.193313 0.348000 136 135 135
-0.087594 -0.193313 0.348000 131 131 131
-0.086694 -0.193313 0.348000 122 122 122
-0.085794 -0.193313 0.348000 124 125 121
-0.084895 -0.193313 0.348000 147 148 144
-0.137336 -0.316078 0.569000 168 168 164
-0.135626 -0.315522 0.568000 165 165 161
-0.030303 -0.319966 0.576000 166 170 163
-0.028814 -0.319966 0.576000 93 94 90
-0.027324 -0.319966 0.576000 98 99 95
-0.025790 -0.319411 0.575000 128 131 130
-0.024303 -0.319411 0.575000 165 168 167
-0.093260 -0.192965 0.349000 154 154 148
-0.092358 -0.192965 0.349000 146 146 140
-0.149106 -0.314605 0.569000 143 143 137
-0.090293 -0.192412 0.348000 141 141 135
-0.089394 -0.192412 0.348000 133 132 132
-0.088494 -0.192412 0.348000 124 123 123
-0.087594 -0.192412 0.348000 123 123 123
-0.086694 -0.192412 0.348000 140 140 140
-0.085794 -0.192412 0.348000 167 167 163
-0.138564 -0.314052 0.568000 167 167 163
-0.030303 -0.318475 0.576000 176 177 171
-0.028764 -0.317922 0.575000 125 125 119
-0.027277 -0.317922 0.575000 94 94 88
-0.025790 -0.317922 0.575000 107 110 109
-0.024303 -0.317922 0.575000 141 144 143
-0.095337 -0.192611 0.350000 159 160 151
-0.094432 -0.192611 0.350000 153 154 145
-0.093260 -0.192061 0.349000 140 140 136
-0.150577 -0.313131 0.569000 140 140 136
-0.149106 -0.313131 0.569000 139 139 135
-0.147635 -0.313131 0.569000 130 130 126
-0.145907 -0.312581 0.568000 126 126 122
-0.144438 -0.312581 0.568000 122 122 118
-0.142970 -0.312581 0.568000 160 159 159
-0.141501 -0.312581 0.568000 168 167 167
-0.028764 -0.316433 0.575000 161 162 158
-0.027277 -0.316433 0.575000 96 97 93
-0.025790 -0.316433 0.575000 100 103 102
-0.024261 -0.315883 0.574000 120 123 122
-0.022777 -0.315883 0.574000 160 166 164
-0.096242 -0.191705 0.350000 159 161 150
-0.095337 -0.191705 0.350000 152 152 146
-0.094432 -0.191705 0.350000 144 144 138
-0.093527 -0.191705 0.350000 139 139 135
-0.150577 -0.311658 0.569000 138 138 134
-0.148844 -0.311110 0.568000 131 131 131
-0.147376 -0.311110 0.568000 118 118 118
-0.145907 -0.311110 0.568000 140 140 136
-0.144438 -0.311110 0.568000 161 161 157
-0.028764 -0.314944 0.575000 172 176 171
-0.027230 -0.314397 0.574000 126 130 125
-0.025745 -0.314397 0.574000 92 95 94
-0.024219 -0.313849 0.573000 108 111 110
-0.022737 -0.313849 0.573000 149 155 153
-0.097147 -0.190799 0.350000 152 154 143
-0.096242 -0.190799 0.350000 147 149 138
-0.095337 -0.190799 0.350000 144 144 138
-0.094432 -0.190799 0.350000 140 140 134
-0.151781 -0.309640 0.568000 133 133 133
-0.150313 -0.309640 0.568000 126 126 126
-0.148844 -0.309640 0.568000 122 122 122
-0.147376 -0.309640 0.568000 146 146 146
-0.145907 -0.309640 0.568000 165 166 162
-0.027182 -0.312365 0.573000 157 161 156
-0.025701 -0.312365 0.573000 91 97 97
-0.024219 -0.312365 0.573000 99 105 105
-0.022737 -0.312365 0.573000 135 141 141
-0.021219 -0.311820 0.572000 165 171 171
-0.098052 -0.189893 0.350000 154 156 147
-0.097147 -0.189893 0.350000 146 148 139
-0.096517 -0.190435 0.351000 143 145 136
-0.095610 -0.190435 0.351000 138 139 135
-0.153250 -0.308169 0.568000 133 134 130
-0.151781 -0.308169 0.568000 125 125 125
-0.150313 -0.308169 0.568000 124 124 124
-0.148582 -0.307626 0.567000 160 161 155
-0.147116 -0.307626 0.567000 165 166 160
-0.027182 -0.310882 0.573000 175 176 172
-0.025701 -0.310882 0.573000 108 114 114
-0.024177 -0.310339 0.572000 92 98 98
-0.022658 -0.309797 0.571000 112 118 116
-0.021182 -0.309797 0.571000 162 168 166
-0.099240 -0.189527 0.351000 156 157 148
-0.098052 -0.188987 0.350000 148 149 140
-0.097425 -0.189527 0.351000 142 143 137
-0.096517 -0.189527 0.351000 138 139 133
-0.154446 -0.306158 0.567000 133 134 130
-0.152980 -0.306158 0.567000 128 129 125
-0.151514 -0.306158 0.567000 132 133 129
-0.150048 -0.306158 0.567000 160 161 157
-0.027135 -0.308858 0.572000 176 177 171
-0.025611 -0.308318 0.571000 137 140 139
-0.024134 -0.308318 0.571000 92 95 94
-0.022618 -0.307778 0.570000 106 112 112
-0.021144 -0.307778 0.570000 142 148 148
-0.158897 -0.302003 0.562000 146 147 138
-0.157724 -0.302541 0.563000 143 144 135
-0.156546 -0.303078 0.564000 135 139 132
-0.155363 -0.303615 0.565000 129 133 126
-0.154174 -0.304153 0.566000 124 125 121
-0.152711 -0.304153 0.566000 144 145 141
-0.151247 -0.304153 0.566000 166 167 161
-0.025566 -0.306302 0.570000 171 172 168
-0.024092 -0.306302 0.570000 97 98 94
-0.022579 -0.305765 0.569000 96 99 100
-0.021107 -0.305765 0.569000 131 134 135
-0.019636 -0.305765 0.569000 170 176 174
-0.161228 -0.299479 0.560000 155 156 147
-0.159780 -0.299479 0.560000 143 144 135
-0.158614 -0.300013 0.561000 144 145 136
-0.157444 -0.300548 0.562000 141 142 133
-0.156546 -0.301618 0.564000 129 133 126
-0.155088 -0.301618 0.564000 121 125 118
-0.152441 -0.302152 0.565000 168 169 165
-0.025521 -0.304292 0.569000 174 175 169
-0.024050 -0.304292 0.569000 121 122 116
-0.022539 -0.303757 0.568000 91 94 93
-0.021070 -0.303757 0.568000 116 119 118
-0.019602 -0.303757 0.568000 165 168 167
-0.162385 -0.297496 0.559000 152 157 147
-0.160940 -0.297496 0.559000 144 146 137
-0.159780 -0.298029 0.560000 143 145 136
-0.158332 -0.298029 0.560000 138 140 131
-0.157164 -0.298561 0.561000 126 128 119
-0.155991 -0.299093 0.562000 121 122 116
-0.154538 -0.299093 0.562000 152 153 147
-0.153629 -0.300157 0.564000 165 166 162
-0.025521 -0.302818 0.569000 175 176 172
-0.024008 -0.302286 0.568000 143 144 140
-0.022539 -0.302286 0.568000 92 95 94
-0.021070 -0.302286 0.568000 102 105 104
-0.019602 -0.302286 0.568000 150 153 152
-0.163537 -0.295519 0.558000 151 155 150
-0.160940 -0.296049 0.559000 138 142 135
-0.159494 -0.296049 0.559000 136 140 133
-0.158332 -0.296579 0.560000 128 132 125
-0.156884 -0.296579 0.560000 123 127 120
-0.155713 -0.297108 0.561000 155 156 150
-0.154263 -0.297108 0.561000 167 168 162
-0.024008 -0.300815 0.568000 164 165 161
-0.022539 -0.300815 0.568000 91 98 92
-0.021070 -0.300815 0.568000 100 107 101
-0.019602 -0.300815 0.568000 133 140 134
-0.164980 -0.294075 0.558000 149 153 148
-0.163537 -0.294075 0.558000 141 144 143
-0.160940 -0.294602 0.559000 135 141 139
-0.159494 -0.294602 0.559000 127 133 131
-0.158332 -0.295129 0.560000 122 126 121
-0.156884 -0.295129 0.560000 162 166 161
-0.155436 -0.295129 0.560000 166 167 163
-0.024008 -0.299345 0.568000 173 177 172
-0.022539 -0.299345 0.568000 99 106 100
-0.021070 -0.299345 0.568000 96 103 97
-0.019567 -0.298818 0.567000 119 126 120
-0.166125 -0.292105 0.557000 158 159 155
-0.164980 -0.292630 0.558000 144 145 141
-0.163537 -0.292630 0.558000 136 142 142
-0.160940 -0.293154 0.559000 127 133 131
-0.159494 -0.293154 0.559000 120 126 124
-0.158049 -0.293154 0.559000 155 159 154
-0.024008 -0.297874 0.568000 176 177 171
-0.022539 -0.297874 0.568000 114 118 113
-0.021033 -0.297350 0.567000 96 100 95
-0.019567 -0.297350 0.567000 115 118 117
-0.018101 -0.297350 0.567000 163 166 165
-0.167264 -0.290141 0.556000 155 157 148
-0.166125 -0.290663 0.557000 141 145 140
-0.164980 -0.291185 0.558000 137 141 136
-0.163537 -0.291185 0.558000 131 139 136
-0.160940 -0.291707 0.559000 121 129 126
-0.159494 -0.291707 0.559000 153 161 158
-0.158049 -0.291707 0.559000 164 168 163
-0.023965 -0.295882 0.567000 174 176 167
-0.022499 -0.295882 0.567000 131 131 131
-0.021033 -0.295882 0.567000 100 100 100
-0.019567 -0.295882 0.567000 108 108 108
-0.018101 -0.295882 0.567000 154 154 154
-0.168398 -0.288183 0.555000 155 157 148
-0.167264 -0.288702 0.556000 146 148 139
-0.166125 -0.289221 0.557000 135 142 136
-0.164685 -0.289221 0.557000 132 139 133
-0.163537 -0.289740 0.558000 126 134 131
-0.162095 -0.289740 0.558000 119 127 124
-0.159494 -0.290260 0.559000 158 165 159
-0.023965 -0.294414 0.567000 171 176 166
-0.022499 -0.294414 0.567000 143 143 143
-0.021033 -0.294414 0.567000 100 100 100
-0.019567 -0.294414 0.567000 104 103 103
-0.018101 -0.294414 0.567000 156 155 155
-0.169527 -0.286229 0.554000 154 156 147
-0.168398 -0.286746 0.555000 147 148 142
-0.166963 -0.286746 0.555000 139 140 134
-0.165826 -0.287262 0.556000 133 139 139
-0.164685 -0.287779 0.557000 128 134 134
-0.163537 -0.288296 0.558000 122 128 126
-0.162095 -0.288296 0.558000 148 154 152
-0.160652 -0.288296 0.558000 163 167 162
-0.023965 -0.292945 0.567000 168 175 167
-0.022499 -0.292945 0.567000 154 154 154
-0.021033 -0.292945 0.567000 97 97 97
-0.019567 -0.292945 0.567000 105 106 102
-0.018101 -0.292945 0.567000 144 145 141
-0.170343 -0.283766 0.552000 158 160 151
-0.169221 -0.284280 0.553000 147 149 140
-0.168095 -0.284794 0.554000 142 146 139
-0.166662 -0.284794 0.554000 136 140 133
-0.165528 -0.285309 0.555000 131 137 137
-0.164389 -0.285823 0.556000 124 130 130
-0.163244 -0.286337 0.557000 144 147 146
-0.161804 -0.286337 0.557000 170 173 172
-0.023923 -0.290963 0.566000 168 176 165
-0.022499 -0.291477 0.567000 158 159 155
-0.021033 -0.291477 0.567000 96 97 93
-0.019533 -0.290963 0.566000 104 104 104
-0.018069 -0.290963 0.566000 140 140 140
-0.171770 -0.282337 0.552000 159 163 156
-0.170651 -0.282849 0.553000 154 155 149
-0.169221 -0.282849 0.553000 144 145 139
-0.168095 -0.283360 0.554000 140 144 139
-0.166662 -0.283360 0.554000 134 138 133
-0.165528 -0.283871 0.555000 130 133 136
-0.164093 -0.283871 0.555000 142 145 148
-0.162951 -0.284383 0.556000 167 170 169
-0.023923 -0.289498 0.566000 170 175 165
-0.022460 -0.289498 0.566000 160 161 157
-0.020996 -0.289498 0.566000 96 97 93
-0.019533 -0.289498 0.566000 103 103 103
-0.018069 -0.289498 0.566000 137 137 137
-0.173197 -0.280908 0.552000 164 165 161
-0.171770 -0.280908 0.552000 153 154 150
-0.170343 -0.280908 0.552000 143 147 142
-0.169221 -0.281417 0.553000 138 142 137
-0.168095 -0.281926 0.554000 136 139 142
-0.166662 -0.281926 0.554000 126 129 132
-0.165230 -0.281926 0.554000 137 140 143
-0.164093 -0.282434 0.555000 165 168 171
-0.022380 -0.287014 0.564000 159 160 156
-0.020959 -0.287523 0.565000 100 101 97
-0.019498 -0.287523 0.565000 104 104 104
-0.018005 -0.287014 0.564000 133 133 133
-0.174625 -0.279479 0.552000 158 162 155
-0.173197 -0.279479 0.552000 157 158 152
-0.171770 -0.279479 0.552000 142 143 137
-0.170343 -0.279479 0.552000 137 140 139
-0.169221 -0.279985 0.553000 135 138 137
-0.167792 -0.279985 0.553000 129 134 139
-0.166662 -0.280491 0.554000 128 133 138
-0.165230 -0.280491 0.554000 168 168 170
-0.022341 -0.285048 0.563000 160 161 157
-0.020885 -0.285048 0.563000 101 102 98
-0.019429 -0.285048 0.563000 102 101 101
-0.017973 -0.285048 0.563000 134 133 133
-0.243676 -0.277042 0.550000 171 172 166
-0.174625 -0.278049 0.552000 153 157 150
-0.173197 -0.278049 0.552000 148 148 142
-0.171770 -0.278049 0.552000 141 141 135
-0.170343 -0.278049 0.552000 136 140 135
-0.168915 -0.278049 0.552000 135 139 134
-0.167488 -0.278049 0.552000 129 134 139
-0.166061 -0.278049 0.552000 160 165 170
-0.020773 -0.282079 0.560000 102 103 99
-0.019326 -0.282079 0.560000 101 102 98
-0.241813 -0.275117 0.549000 173 174 168
-0.240394 -0.275117 0.549000 165 166 160
-0.175733 -0.276119 0.551000 159 159 153
-0.174308 -0.276119 0.551000 153 153 147
-0.172884 -0.276119 0.551000 144 144 140
-0.171459 -0.276119 0.551000 140 140 136
-0.170034 -0.276119 0.551000 132 139 133
-0.168915 -0.276620 0.552000 125 132 126
-0.167488 -0.276620 0.552000 154 160 160
-0.022182 -0.280128 0.559000 163 163 157
-0.020736 -0.280128 0.559000 104 104 98
-0.019291 -0.280128 0.559000 102 102 98
-0.017846 -0.280128 0.559000 132 132 128
-0.241373 -0.273197 0.548000 168 169 163
-0.239956 -0.273197 0.548000 169 173 166
-0.177158 -0.274692 0.551000 160 162 153
-0.175733 -0.274692 0.551000 154 154 148
-0.174308 -0.274692 0.551000 146 146 140
-0.172884 -0.274692 0.551000 140 141 137
-0.171459 -0.274692 0.551000 137 138 134
-0.170034 -0.274692 0.551000 122 128 126
-0.168609 -0.274692 0.551000 148 154 152
-0.022142 -0.278182 0.558000 160 160 154
-0.020699 -0.278182 0.558000 104 104 98
-0.019256 -0.278182 0.558000 106 106 102
-0.017814 -0.278182 0.558000 132 132 128
-0.240932 -0.271282 0.547000 161 161 155
-0.239518 -0.271282 0.547000 171 174 173
-0.238104 -0.271282 0.547000 164 167 166
-0.176836 -0.272770 0.550000 158 159 150
-0.175414 -0.272770 0.550000 150 150 144
-0.173992 -0.272770 0.550000 143 143 137
-0.172884 -0.273266 0.551000 139 140 136
-0.171148 -0.272770 0.550000 133 134 130
-0.170034 -0.273266 0.551000 147 148 144
-0.168609 -0.273266 0.551000 166 167 163
-0.022102 -0.276241 0.557000 158 158 152
-0.020662 -0.276241 0.557000 104 104 98
-0.019222 -0.276241 0.557000 108 107 107
-0.017814 -0.276737 0.558000 137 136 136
-0.240492 -0.269372 0.546000 154 154 148
-0.239080 -0.269372 0.546000 174 177 178
-0.237668 -0.269372 0.546000 169 172 173
-0.178258 -0.271346 0.550000 161 162 153
-0.176836 -0.271346 0.550000 153 154 145
-0.175414 -0.271346 0.550000 144 144 140
-0.173992 -0.271346 0.550000 139 139 135
-0.172570 -0.271346 0.550000 138 138 134
-0.171148 -0.271346 0.550000 138 138 134
-0.169726 -0.271346 0.550000 164 165 161
-0.022063 -0.274306 0.556000 152 152 152
-0.020625 -0.274306 0.556000 101 101 101
-0.019187 -0.274306 0.556000 105 105 105
-0.017750 -0.274306 0.556000 144 144 144
-0.239080 -0.267958 0.546000 156 159 158
-0.237233 -0.267468 0.545000 173 176 175
-0.235824 -0.267468 0.545000 165 169 164
-0.179680 -0.269921 0.550000 159 161 150
-0.178258 -0.269921 0.550000 153 153 147
-0.176836 -0.269921 0.550000 138 138 132
-0.175414 -0.269921 0.550000 138 137 137
-0.173992 -0.269921 0.550000 133 132 132
-0.172570 -0.269921 0.550000 128 129 125
-0.171148 -0.269921 0.550000 160 161 157
-0.022023 -0.272375 0.555000 149 152 155
-0.020588 -0.272375 0.555000 96 99 102
-0.019153 -0.272375 0.555000 103 106 107
-0.017718 -0.272375 0.555000 143 146 147
-0.238642 -0.266057 0.545000 150 150 150
-0.237233 -0.266057 0.545000 171 171 171
-0.235391 -0.265568 0.544000 167 171 164
-0.181102 -0.268497 0.550000 162 160 150
-0.179680 -0.268497 0.550000 153 151 141
-0.178258 -0.268497 0.550000 143 144 138
-0.176836 -0.268497 0.550000 135 136 130
-0.175414 -0.268497 0.550000 132 133 129
-0.173992 -0.268497 0.550000 128 129 125
-0.172570 -0.268497 0.550000 158 159 153
-0.171148 -0.268497 0.550000 164 165 159
-0.023416 -0.270450 0.554000 167 171 166
-0.022023 -0.270938 0.555000 142 148 150
-0.020588 -0.270938 0.555000 94 100 102
-0.019153 -0.270938 0.555000 103 109 111
-0.017718 -0.270938 0.555000 140 146 148
-0.238642 -0.264645 0.545000 149 149 149
-0.236798 -0.264160 0.544000 157 157 157
-0.235391 -0.264160 0.544000 174 175 169
-0.233985 -0.264160 0.544000 164 165 159
-0.181102 -0.267073 0.550000 153 151 141
-0.179680 -0.267073 0.550000 141 139 129
-0.178258 -0.267073 0.550000 136 137 131
-0.176836 -0.267073 0.550000 129 130 124
-0.175414 -0.267073 0.550000 127 134 126
-0.173992 -0.267073 0.550000 149 156 148
-0.172570 -0.267073 0.550000 162 170 159
-0.023416 -0.269016 0.554000 171 175 170
-0.021983 -0.269016 0.554000 129 135 137
-0.020551 -0.269016 0.554000 97 103 105
-0.019118 -0.269016 0.554000 104 110 112
-0.017686 -0.269016 0.554000 155 161 163
-0.235391 -0.262751 0.544000 160 161 157
-0.233554 -0.262268 0.543000 174 175 171
-0.232150 -0.262268 0.543000 166 168 159
-0.183947 -0.265649 0.550000 158 159 150
-0.182525 -0.265649 0.550000 154 155 146
-0.181102 -0.265649 0.550000 145 143 133
-0.179680 -0.265649 0.550000 138 136 126
-0.178258 -0.265649 0.550000 132 134 125
-0.173992 -0.265649 0.550000 137 147 135
-0.023374 -0.267098 0.553000 176 180 175
-0.021944 -0.267098 0.553000 117 125 126
-0.020551 -0.267581 0.554000 104 112 113
-0.019084 -0.267098 0.553000 107 115 116
-0.017654 -0.267098 0.553000 162 170 171
-0.234958 -0.260862 0.543000 147 148 144
-0.233554 -0.260862 0.543000 171 172 168
-0.231723 -0.260382 0.542000 169 170 164
-0.023331 -0.265186 0.552000 168 175 167
-0.021944 -0.265666 0.553000 110 118 117
-0.020514 -0.265666 0.553000 99 107 106
-0.019084 -0.265666 0.553000 112 118 118
-0.017654 -0.265666 0.553000 168 174 174
-0.286192 -0.261368 0.547000 158 163 153
-0.233554 -0.259456 0.543000 153 154 150
-0.231723 -0.258979 0.542000 171 172 166
-0.194254 -0.263279 0.551000 41 48 40
-0.128968 -0.228398 0.478000 52 52 56
-0.127732 -0.228398 0.478000 52 50 57
-0.023331 -0.263757 0.552000 169 173 166
-0.021904 -0.263757 0.552000 107 113 111
-0.020477 -0.263757 0.552000 97 103 101
-0.019049 -0.263757 0.552000 118 124 124
-0.286192 -0.259951 0.547000 156 160 153
-0.284778 -0.259951 0.547000 165 167 156
-0.283881 -0.260427 0.548000 159 161 150
-0.192263 -0.212428 0.447000 135 136 130
-0.159294 -0.228111 0.480000 136 138 129
-0.158053 -0.228111 0.480000 138 146 133
-0.156812 -0.228111 0.480000 111 119 106
-0.155247 -0.227636 0.479000 45 59 50
-0.154008 -0.227636 0.479000 32 46 37
-0.152770 -0.227636 0.479000 34 52 48
-0.151531 -0.227636 0.479000 35 53 49
-0.131439 -0.227160 0.478000 47 52 61
-0.023331 -0.262327 0.552000 157 162 152
-0.021904 -0.262327 0.552000 106 109 108
-0.020477 -0.262327 0.552000 100 103 102
-0.019049 -0.262327 0.552000 134 137 136
0.034599 -0.221933 0.467000 82 105 110
0.035807 -0.221933 0.467000 85 108 113
0.037014 -0.221933 0.467000 84 109 114
-0.285298 -0.259008 0.548000 161 163 154
-0.284399 -0.259480 0.549000 162 164 155
-0.282980 -0.259480 0.549000 160 162 153
-0.191107 -0.211271 0.447000 153 154 148
-0.182198 -0.210326 0.445000 46 52 50
-0.181047 -0.210326 0.445000 37 50 47
-0.179897 -0.210326 0.445000 33 46 43
-0.178746 -0.210326 0.445000 32 45 42
-0.177595 -0.210326 0.445000 37 50 47
-0.161776 -0.226868 0.480000 138 142 137
-0.160535 -0.226868 0.480000 137 139 128
-0.159294 -0.226868 0.480000 136 138 127
-0.158053 -0.226868 0.480000 125 133 122
-0.156485 -0.226395 0.479000 56 64 53
-0.155247 -0.226395 0.479000 26 40 31
-0.150293 -0.226395 0.479000 35 53 47
-0.130476 -0.226395 0.479000 47 63 73
-0.124283 -0.226395 0.479000 144 143 147
-0.122788 -0.225923 0.478000 155 158 157
-0.092466 -0.227341 0.481000 140 142 131
-0.091222 -0.227341 0.481000 142 144 133
-0.090165 -0.227813 0.482000 140 142 131
-0.088735 -0.227341 0.481000 140 142 131
-0.087491 -0.227341 0.481000 143 145 134
-0.086247 -0.227341 0.481000 137 142 130
-0.085003 -0.227341 0.481000 141 146 134
-0.024759 -0.260898 0.552000 169 173 166
-0.023289 -0.260426 0.551000 152 156 149
-0.021904 -0.260898 0.552000 105 108 107
-0.020477 -0.260898 0.552000 101 104 103
-0.019049 -0.260898 0.552000 131 134 133
0.023732 -0.220724 0.467000 53 80 91
0.026203 -0.221196 0.468000 56 78 88
0.027413 -0.221196 0.468000 55 77 87
0.028623 -0.221196 0.468000 56 78 88
0.029897 -0.221669 0.469000 52 74 86
0.031110 -0.221669 0.469000 51 73 85
0.032322 -0.221669 0.469000 44 70 86
0.033535 -0.221669 0.469000 42 68 84
0.034674 -0.221196 0.468000 41 69 84
0.035884 -0.221196 0.468000 36 64 79
0.037094 -0.221196 0.468000 30 58 73
0.038222 -0.220724 0.467000 30 58 73
0.039429 -0.220724 0.467000 31 59 74
0.040637 -0.220724 0.467000 33 61 76
0.041844 -0.220724 0.467000 36 59 76
0.043052 -0.220724 0.467000 42 65 82
0.044260 -0.220724 0.467000 50 72 86
0.045467 -0.220724 0.467000 59 81 95
0.046675 -0.220724 0.467000 73 93 104
-0.284399 -0.258059 0.549000 159 161 152
-0.282980 -0.258059 0.549000 163 164 153
-0.281560 -0.258059 0.549000 160 161 150
-0.189527 -0.209643 0.446000 157 161 154
-0.187951 -0.209173 0.445000 174 175 169
-0.182198 -0.209173 0.445000 46 59 56
-0.181047 -0.209173 0.445000 39 57 53
-0.179897 -0.209173 0.445000 35 53 49
-0.178746 -0.209173 0.445000 35 53 49
-0.177595 -0.209173 0.445000 31 49 45
-0.176445 -0.209173 0.445000 31 49 45
-0.163018 -0.225625 0.480000 137 141 134
-0.161776 -0.225625 0.480000 135 139 132
-0.160535 -0.225625 0.480000 136 138 127
-0.159294 -0.225625 0.480000 135 137 126
-0.157724 -0.225155 0.479000 64 72 61
-0.156485 -0.225155 0.479000 32 40 29
-0.149979 -0.224685 0.478000 33 53 48
-0.129237 -0.225155 0.479000 163 178 177
-0.127999 -0.225155 0.479000 174 180 180
-0.126760 -0.225155 0.479000 170 176 176
-0.125522 -0.225155 0.479000 171 175 168
-0.124283 -0.225155 0.479000 169 173 166
-0.123045 -0.225155 0.479000 174 176 165
-0.121552 -0.224685 0.478000 172 174 163
-0.120316 -0.224685 0.478000 165 170 160
-0.115131 -0.224215 0.477000 156 166 154
-0.113897 -0.224215 0.477000 155 165 153
-0.112900 -0.224685 0.478000 150 155 145
-0.109421 -0.225155 0.479000 145 146 137
-0.107167 -0.225625 0.480000 123 124 118
-0.104685 -0.225625 0.480000 88 99 95
-0.103444 -0.225625 0.480000 79 92 87
-0.102202 -0.225625 0.480000 69 82 77
-0.100961 -0.225625 0.480000 65 76 72
-0.099720 -0.225625 0.480000 59 70 66
-0.098479 -0.225625 0.480000 53 59 57
-0.097440 -0.226095 0.481000 49 55 53
-0.096197 -0.226095 0.481000 49 53 48
-0.094953 -0.226095 0.481000 49 53 48
-0.093709 -0.226095 0.481000 48 52 45
-0.092466 -0.226095 0.481000 50 54 47
-0.091222 -0.226095 0.481000 50 54 47
-0.090165 -0.226565 0.482000 48 52 45
-0.088919 -0.226565 0.482000 48 55 47
-0.087491 -0.226095 0.481000 51 58 50
-0.086247 -0.226095 0.481000 55 64 55
-0.084827 -0.225625 0.480000 70 79 70
-0.083586 -0.225625 0.480000 85 93 82
-0.082516 -0.226095 0.481000 93 101 90
-0.081103 -0.225625 0.480000 100 105 93
-0.080029 -0.226095 0.481000 108 113 101
-0.078785 -0.226095 0.481000 108 116 105
-0.077541 -0.226095 0.481000 113 121 110
-0.076297 -0.226095 0.481000 125 134 127
-0.024714 -0.258999 0.551000 171 175 168
-0.023289 -0.258999 0.551000 141 145 138
-0.021864 -0.258999 0.551000 106 109 108
-0.020440 -0.258999 0.551000 103 106 105
-0.019015 -0.258999 0.551000 147 150 149
0.014011 -0.218574 0.465000 67 89 99
0.015247 -0.219044 0.466000 56 80 94
0.016451 -0.219044 0.466000 55 79 93
0.017656 -0.219044 0.466000 52 82 101
0.018902 -0.219515 0.467000 51 81 100
0.021317 -0.219515 0.467000 42 81 97
0.022524 -0.219515 0.467000 40 77 94
0.023783 -0.219985 0.468000 41 78 95
0.024993 -0.219985 0.468000 41 75 93
0.027530 -0.220925 0.470000 40 74 92
0.028806 -0.221395 0.471000 39 73 91
0.029961 -0.220925 0.470000 38 72 90
0.031176 -0.220925 0.470000 34 68 86
0.032391 -0.220925 0.470000 35 69 89
0.033535 -0.220455 0.469000 33 67 87
0.034748 -0.220455 0.469000 32 66 88
0.035884 -0.219985 0.468000 32 66 88
0.037094 -0.219985 0.468000 32 66 88
0.038304 -0.219985 0.468000 31 65 87
0.039429 -0.219515 0.467000 28 62 84
0.040637 -0.219515 0.467000 22 56 78
0.041844 -0.219515 0.467000 27 61 83
0.043052 -0.219515 0.467000 27 61 83
0.044260 -0.219515 0.467000 28 60 82
0.045467 -0.219515 0.467000 28 60 82
0.046675 -0.219515 0.467000 30 57 77
0.047882 -0.219515 0.467000 29 56 76
0.049090 -0.219515 0.467000 36 60 74
0.050297 -0.219515 0.467000 48 72 86
0.051505 -0.219515 0.467000 74 97 104
0.052712 -0.219515 0.467000 100 123 130
-0.233114 -0.210358 0.450000 150 151 140
-0.231951 -0.210358 0.450000 161 162 153
-0.230274 -0.209891 0.449000 162 163 154
-0.229113 -0.209891 0.449000 159 161 148
-0.209822 -0.212696 0.455000 40 58 52
-0.203491 -0.212228 0.454000 44 60 51
-0.202317 -0.212228 0.454000 41 57 48
-0.200700 -0.211761 0.453000 41 57 48
-0.199529 -0.211761 0.453000 41 57 48
-0.189951 -0.208956 0.447000 145 151 149
-0.188373 -0.208489 0.446000 159 163 156
-0.186800 -0.208021 0.445000 172 176 169
-0.185650 -0.208021 0.445000 139 145 143
-0.184499 -0.208021 0.445000 63 69 67
-0.182198 -0.208021 0.445000 57 75 73
-0.181047 -0.208021 0.445000 55 75 70
-0.179897 -0.208021 0.445000 59 79 74
-0.178746 -0.208021 0.445000 60 78 74
-0.177595 -0.208021 0.445000 55 73 69
-0.176445 -0.208021 0.445000 60 78 72
-0.163916 -0.223915 0.479000 145 148 147
-0.162678 -0.223915 0.479000 136 141 131
-0.161439 -0.223915 0.479000 137 142 132
-0.159866 -0.223447 0.478000 136 138 127
-0.158630 -0.223447 0.478000 87 89 78
-0.157395 -0.223447 0.478000 29 35 33
-0.149665 -0.222980 0.477000 32 49 52
-0.131714 -0.223915 0.479000 166 170 165
-0.130476 -0.223915 0.479000 155 167 159
-0.129237 -0.223915 0.479000 153 165 157
-0.127999 -0.223915 0.479000 148 160 150
-0.126760 -0.223915 0.479000 152 164 154
-0.125784 -0.224382 0.480000 153 161 150
-0.124283 -0.223915 0.479000 148 156 145
-0.123045 -0.223915 0.479000 151 153 142
-0.121806 -0.223915 0.479000 152 154 143
-0.120316 -0.223447 0.478000 144 149 139
-0.116608 -0.223447 0.478000 115 128 123
-0.114136 -0.223447 0.478000 94 109 104
-0.112900 -0.223447 0.478000 79 91 83
-0.111898 -0.223915 0.479000 64 76 68
-0.110659 -0.223915 0.479000 55 62 56
-0.109421 -0.223915 0.479000 46 53 47
-0.108182 -0.223915 0.479000 39 45 45
-0.106944 -0.223915 0.479000 36 42 42
-0.105926 -0.224382 0.480000 33 44 44
-0.104467 -0.223915 0.479000 33 44 44
-0.103444 -0.224382 0.480000 28 43 42
-0.102202 -0.224382 0.480000 27 42 41
-0.100961 -0.224382 0.480000 26 41 38
-0.099720 -0.224382 0.480000 28 43 40
-0.098479 -0.224382 0.480000 33 48 45
-0.097440 -0.224850 0.481000 36 51 48
-0.096197 -0.224850 0.481000 39 52 49
-0.094953 -0.224850 0.481000 40 53 50
-0.093709 -0.224850 0.481000 35 48 43
-0.092466 -0.224850 0.481000 37 50 45
-0.091222 -0.224850 0.481000 38 52 43
-0.089978 -0.224850 0.481000 37 51 42
-0.088735 -0.224850 0.481000 36 50 41
-0.087491 -0.224850 0.481000 35 49 40
-0.086247 -0.224850 0.481000 31 44 39
-0.085003 -0.224850 0.481000 30 43 38
-0.083760 -0.224850 0.481000 32 44 34
-0.082516 -0.224850 0.481000 33 45 35
-0.081272 -0.224850 0.481000 40 49 40
-0.080029 -0.224850 0.481000 46 55 46
-0.078785 -0.224850 0.481000 54 63 56
-0.077541 -0.224850 0.481000 59 68 61
-0.076297 -0.224850 0.481000 52 63 61
-0.075210 -0.225317 0.482000 59 70 68
-0.073810 -0.224850 0.481000 78 91 90
-0.024714 -0.257572 0.551000 171 172 166
-0.023289 -0.257572 0.551000 125 126 120
-0.021864 -0.257572 0.551000 113 116 115
-0.020440 -0.257572 0.551000 110 113 112
-0.019015 -0.257572 0.551000 155 161 159
0.007965 -0.216435 0.463000 79 103 117
0.009163 -0.216435 0.463000 61 85 99
0.010382 -0.216903 0.464000 48 80 100
0.014042 -0.217838 0.466000 44 85 107
0.015247 -0.217838 0.466000 44 85 107
0.016487 -0.218305 0.467000 37 78 100
0.017694 -0.218305 0.467000 36 74 97
0.018942 -0.218773 0.468000 35 73 96
0.020152 -0.218773 0.468000 29 68 88
0.021362 -0.218773 0.468000 24 63 83
0.022621 -0.219240 0.469000 29 63 83
0.023884 -0.219708 0.470000 24 58 78
0.025100 -0.219708 0.470000 23 55 73
0.026315 -0.219708 0.470000 19 51 69
0.027589 -0.220175 0.471000 17 47 66
0.028806 -0.220175 0.471000 18 48 67
0.029961 -0.219708 0.470000 17 49 67
0.031176 -0.219708 0.470000 19 51 69
0.032391 -0.219708 0.470000 16 48 66
0.033606 -0.219708 0.470000 16 48 66
0.034748 -0.219240 0.469000 17 49 67
0.035884 -0.218773 0.468000 20 52 70
0.038304 -0.218773 0.468000 17 49 69
0.039429 -0.218305 0.467000 14 46 66
0.040637 -0.218305 0.467000 13 45 65
0.041844 -0.218305 0.467000 17 47 68
0.043052 -0.218305 0.467000 24 54 75
0.044260 -0.218305 0.467000 23 53 76
0.045467 -0.218305 0.467000 25 55 78
0.046675 -0.218305 0.467000 27 59 79
0.047882 -0.218305 0.467000 26 58 78
0.049090 -0.218305 0.467000 27 61 81
0.050297 -0.218305 0.467000 24 58 78
0.051505 -0.218305 0.467000 17 54 71
0.052712 -0.218305 0.467000 19 56 73
0.053920 -0.218305 0.467000 36 65 75
0.055127 -0.218305 0.467000 58 87 97
-0.233114 -0.209193 0.450000 97 104 96
-0.231951 -0.209193 0.450000 138 139 133
-0.230787 -0.209193 0.450000 166 167 161
-0.229113 -0.208728 0.449000 158 160 149
-0.227445 -0.208264 0.448000 153 155 144
-0.226286 -0.208264 0.448000 102 107 95
-0.225128 -0.208264 0.448000 66 71 59
-0.211462 -0.211983 0.456000 38 52 43
-0.206292 -0.211518 0.455000 38 52 43
-0.203491 -0.211053 0.454000 36 50 41
-0.202317 -0.211053 0.454000 36 50 41
-0.200700 -0.210588 0.453000 32 46 37
-0.199089 -0.210123 0.452000 37 51 42
-0.197920 -0.210123 0.452000 39 53 44
-0.195881 -0.209193 0.450000 36 50 41
-0.194717 -0.209193 0.450000 38 51 48
-0.191535 -0.208264 0.448000 32 45 42
-0.189951 -0.207799 0.447000 88 101 98
-0.188373 -0.207334 0.446000 154 160 158
-0.186800 -0.206869 0.445000 158 164 162
-0.185650 -0.206869 0.445000 170 174 169
-0.184499 -0.206869 0.445000 120 124 119
-0.183348 -0.206869 0.445000 40 52 54
-0.182198 -0.206869 0.445000 42 54 56
-0.181047 -0.206869 0.445000 42 59 60
-0.179897 -0.206869 0.445000 43 60 61
-0.178746 -0.206869 0.445000 45 63 59
-0.177196 -0.206404 0.444000 49 67 63
-0.176048 -0.206404 0.444000 50 68 64
-0.164810 -0.222210 0.478000 149 150 146
-0.163574 -0.222210 0.478000 139 140 136
-0.161999 -0.221745 0.477000 137 139 130
-0.160428 -0.221280 0.476000 142 144 135
-0.159198 -0.221280 0.476000 103 107 100
-0.157967 -0.221280 0.476000 42 46 39
-0.150266 -0.220815 0.475000 35 48 57
-0.148724 -0.220350 0.474000 47 59 63
-0.146273 -0.220350 0.474000 109 120 120
-0.144741 -0.219885 0.473000 126 137 137
-0.143518 -0.219885 0.473000 150 161 157
-0.142295 -0.219885 0.473000 162 173 169
-0.141370 -0.220350 0.474000 169 175 173
-0.140144 -0.220350 0.474000 170 176 174
-0.138919 -0.220350 0.474000 162 173 169
-0.138274 -0.221280 0.476000 162 173 169
-0.136383 -0.222210 0.478000 153 161 160
-0.132953 -0.222675 0.479000 149 149 149
-0.131714 -0.222675 0.479000 140 140 140
-0.130748 -0.223140 0.480000 131 139 136
-0.129507 -0.223140 0.480000 125 133 130
-0.128266 -0.223140 0.480000 121 132 128
-0.127025 -0.223140 0.480000 110 121 117
-0.125784 -0.223140 0.480000 98 110 102
-0.124283 -0.222675 0.479000 89 101 93
-0.123045 -0.222675 0.479000 80 87 81
-0.121806 -0.222675 0.479000 69 76 70
-0.116608 -0.222210 0.478000 30 44 46
-0.115372 -0.222210 0.478000 27 45 43
-0.114136 -0.222210 0.478000 27 45 43
-0.113136 -0.222675 0.479000 28 46 42
-0.111898 -0.222675 0.479000 27 45 41
-0.110659 -0.222675 0.479000 35 50 49
-0.109421 -0.222675 0.479000 35 50 49
-0.108182 -0.222675 0.479000 39 50 50
-0.106944 -0.222675 0.479000 36 47 47
-0.105705 -0.222675 0.479000 36 49 48
-0.104467 -0.222675 0.479000 38 51 50
-0.103444 -0.223140 0.480000 34 49 48
-0.102202 -0.223140 0.480000 31 46 45
-0.100961 -0.223140 0.480000 34 49 46
-0.099720 -0.223140 0.480000 36 51 48
-0.098479 -0.223140 0.480000 36 51 48
-0.097238 -0.223140 0.480000 36 51 48
-0.096197 -0.223604 0.481000 36 51 48
-0.094756 -0.223140 0.480000 36 51 48
-0.093709 -0.223604 0.481000 35 50 47
-0.092466 -0.223604 0.481000 35 50 47
-0.091222 -0.223604 0.481000 36 52 43
-0.089978 -0.223604 0.481000 35 51 42
-0.088735 -0.223604 0.481000 36 50 41
-0.087491 -0.223604 0.481000 37 51 42
-0.086247 -0.223604 0.481000 35 48 43
-0.085003 -0.223604 0.481000 35 48 43
-0.083760 -0.223604 0.481000 37 51 42
-0.082344 -0.223140 0.480000 35 49 40
-0.081272 -0.223604 0.481000 37 51 42
-0.080029 -0.223604 0.481000 38 52 43
-0.078785 -0.223604 0.481000 38 52 43
-0.077541 -0.223604 0.481000 35 49 40
-0.076297 -0.223604 0.481000 36 49 44
-0.075210 -0.224069 0.482000 38 51 46
-0.073963 -0.224069 0.482000 34 48 52
-0.072717 -0.224069 0.482000 38 52 56
-0.071471 -0.224069 0.482000 46 59 58
-0.070225 -0.224069 0.482000 51 64 63
-0.068978 -0.224069 0.482000 67 78 74
-0.024669 -0.255681 0.550000 164 168 161
-0.023247 -0.255681 0.550000 117 121 114
-0.021864 -0.256146 0.551000 112 118 118
-0.020403 -0.255681 0.550000 107 113 113
0.003170 -0.214772 0.462000 105 124 128
0.004364 -0.214772 0.462000 82 101 105
0.005559 -0.214772 0.462000 52 83 99
0.006768 -0.215237 0.463000 50 81 97
0.007983 -0.215702 0.464000 48 89 113
0.009182 -0.215702 0.464000 50 91 115
0.010404 -0.216166 0.465000 39 86 113
0.011632 -0.216631 0.466000 38 85 112
0.012864 -0.217096 0.467000 38 83 110
0.014072 -0.217096 0.467000 32 77 104
0.015279 -0.217096 0.467000 23 64 88
0.016522 -0.217561 0.468000 17 58 82
0.017732 -0.217561 0.468000 18 51 76
0.018983 -0.218026 0.469000 17 50 75
0.020238 -0.218491 0.470000 25 52 72
0.021454 -0.218491 0.470000 24 51 71
0.022717 -0.218956 0.471000 32 53 70
0.026371 -0.218956 0.471000 58 70 84
0.027589 -0.218956 0.471000 72 83 94
0.028806 -0.218956 0.471000 79 90 101
0.030024 -0.218956 0.471000 83 99 107
0.031242 -0.218956 0.471000 92 108 116
0.032391 -0.218491 0.470000 97 115 122
0.034748 -0.218026 0.469000 96 114 121
0.035884 -0.217561 0.468000 95 113 120
0.037094 -0.217561 0.468000 92 110 117
0.038222 -0.217096 0.467000 85 103 110
0.039429 -0.217096 0.467000 74 87 96
0.040637 -0.217096 0.467000 58 71 80
0.041844 -0.217096 0.467000 50 60 74
0.043052 -0.217096 0.467000 43 53 67
0.044260 -0.217096 0.467000 28 51 68
0.045467 -0.217096 0.467000 21 44 61
0.046675 -0.217096 0.467000 16 44 61
0.047882 -0.217096 0.467000 16 44 61
0.049090 -0.217096 0.467000 18 48 67
0.050297 -0.217096 0.467000 24 54 73
0.051505 -0.217096 0.467000 24 58 76
0.052712 -0.217096 0.467000 25 59 77
0.053920 -0.217096 0.467000 28 60 78
0.055127 -0.217096 0.467000 21 53 71
0.056214 -0.216631 0.466000 29 57 74
0.057419 -0.216631 0.466000 46 74 91
-0.231951 -0.208028 0.450000 61 67 65
-0.230787 -0.208028 0.450000 131 137 135
-0.229113 -0.207566 0.449000 155 159 152
-0.227445 -0.207104 0.448000 164 168 161
-0.226286 -0.207104 0.448000 159 164 152
-0.225128 -0.207104 0.448000 112 117 105
-0.207469 -0.210340 0.455000 38 50 40
-0.206292 -0.210340 0.455000 41 53 43
-0.205116 -0.210340 0.455000 38 50 40
-0.203491 -0.209877 0.454000 39 51 41
-0.202317 -0.209877 0.454000 38 50 40
-0.201143 -0.209877 0.454000 37 49 39
-0.199089 -0.208953 0.452000 37 49 39
-0.197482 -0.208490 0.451000 40 54 45
-0.195881 -0.208028 0.450000 38 52 43
-0.194717 -0.208028 0.450000 37 50 47
-0.193123 -0.207566 0.449000 38 51 48
-0.189951 -0.206641 0.447000 36 49 48
-0.188373 -0.206179 0.446000 119 125 123
-0.186800 -0.205717 0.445000 153 159 157
-0.185650 -0.205717 0.445000 168 169 165
-0.184499 -0.205717 0.445000 172 173 169
-0.183348 -0.205717 0.445000 84 87 90
-0.182198 -0.205717 0.445000 39 42 45
-0.181047 -0.205717 0.445000 40 52 58
-0.179897 -0.205717 0.445000 42 54 60
-0.178746 -0.205717 0.445000 33 51 49
-0.177196 -0.205254 0.444000 32 50 48
-0.176048 -0.205254 0.444000 31 49 45
-0.164657 -0.219123 0.474000 149 157 156
-0.163431 -0.219123 0.474000 138 142 135
-0.162205 -0.219123 0.474000 135 139 132
-0.160640 -0.218661 0.473000 138 142 135
-0.159754 -0.219123 0.474000 119 123 116
-0.158194 -0.218661 0.473000 46 49 52
-0.156971 -0.218661 0.473000 37 40 43
-0.153302 -0.218661 0.473000 38 48 53
-0.152079 -0.218661 0.473000 60 70 75
-0.150856 -0.218661 0.473000 84 94 97
-0.149633 -0.218661 0.473000 114 124 127
-0.148410 -0.218661 0.473000 152 163 159
-0.147187 -0.218661 0.473000 159 170 166
-0.145964 -0.218661 0.473000 167 176 169
-0.144435 -0.218198 0.472000 162 171 164
-0.143214 -0.218198 0.472000 161 167 165
-0.138626 -0.218661 0.473000 138 141 142
-0.119329 -0.221434 0.479000 33 45 49
-0.118091 -0.221434 0.479000 32 49 52
-0.116852 -0.221434 0.479000 33 50 53
-0.115613 -0.221434 0.479000 35 54 54
-0.114375 -0.221434 0.479000 34 53 53
-0.113136 -0.221434 0.479000 33 53 50
-0.111898 -0.221434 0.479000 32 52 49
-0.110659 -0.221434 0.479000 34 51 52
-0.109421 -0.221434 0.479000 32 49 50
-0.108182 -0.221434 0.479000 34 48 50
-0.106944 -0.221434 0.479000 35 49 51
-0.105705 -0.221434 0.479000 37 49 51
-0.104467 -0.221434 0.479000 37 49 51
-0.103228 -0.221434 0.479000 35 50 49
-0.102202 -0.221897 0.480000 33 48 47
-0.100961 -0.221897 0.480000 35 50 47
-0.099720 -0.221897 0.480000 36 51 48
-0.098479 -0.221897 0.480000 35 50 47
-0.097440 -0.222359 0.481000 36 51 48
-0.096197 -0.222359 0.481000 34 49 46
-0.094953 -0.222359 0.481000 31 46 43
-0.093709 -0.222359 0.481000 33 48 45
-0.092466 -0.222359 0.481000 33 48 45
-0.091222 -0.222359 0.481000 35 50 45
-0.089978 -0.222359 0.481000 35 50 45
-0.088735 -0.222359 0.481000 36 50 41
-0.087491 -0.222359 0.481000 37 51 42
-0.086247 -0.222359 0.481000 36 49 44
-0.085003 -0.222359 0.481000 35 48 43
-0.083760 -0.222359 0.481000 35 48 43
-0.082516 -0.222359 0.481000 36 49 44
-0.081103 -0.221897 0.480000 37 51 42
-0.080029 -0.222359 0.481000 37 51 42
-0.078785 -0.222359 0.481000 35 51 42
-0.077702 -0.222821 0.482000 35 51 42
-0.076297 -0.222359 0.481000 34 49 44
-0.075054 -0.222359 0.481000 36 51 46
-0.073963 -0.222821 0.482000 38 53 52
-0.072717 -0.222821 0.482000 38 53 52
-0.071471 -0.222821 0.482000 43 58 57
-0.070225 -0.222821 0.482000 35 50 49
-0.069121 -0.223284 0.483000 32 45 40
-0.067732 -0.222821 0.482000 35 48 43
-0.066486 -0.222821 0.482000 36 49 46
-0.065375 -0.223284 0.483000 38 51 48
-0.063993 -0.222821 0.482000 41 56 53
-0.062747 -0.222821 0.482000 49 64 61
-0.026138 -0.254719 0.551000 164 169 159
-0.024669 -0.254257 0.550000 151 155 148
-0.023247 -0.254257 0.550000 112 116 109
0.001975 -0.213576 0.462000 61 84 91
0.003170 -0.213576 0.462000 51 81 100
0.004364 -0.213576 0.462000 57 87 106
0.005571 -0.214038 0.463000 48 89 113
0.006783 -0.214500 0.464000 44 85 109
0.008000 -0.214962 0.465000 40 82 110
0.009222 -0.215425 0.466000 34 76 104
0.010449 -0.215887 0.467000 29 71 99
0.011657 -0.215887 0.467000 22 64 92
0.012864 -0.215887 0.467000 23 59 85
0.014102 -0.216349 0.468000 23 59 85
0.015312 -0.216349 0.468000 31 58 80
0.016522 -0.216349 0.468000 34 61 83
0.017770 -0.216812 0.469000 58 78 93
0.019023 -0.217274 0.470000 71 91 106
0.020238 -0.217274 0.470000 81 102 110
0.021499 -0.217736 0.471000 107 128 136
0.026427 -0.218198 0.472000 159 167 166
0.027647 -0.218198 0.472000 162 168 166
0.028868 -0.218198 0.472000 165 171 169
0.030088 -0.218198 0.472000 166 174 171
0.031242 -0.217736 0.471000 166 174 171
0.032460 -0.217736 0.471000 161 172 168
0.033606 -0.217274 0.470000 160 171 167
0.034748 -0.216812 0.469000 161 176 171
0.035884 -0.216349 0.468000 159 174 169
0.037094 -0.216349 0.468000 159 174 169
0.039429 -0.215887 0.467000 162 171 164
0.040637 -0.215887 0.467000 160 169 162
0.041844 -0.215887 0.467000 156 164 165
0.043052 -0.215887 0.467000 148 156 157
0.044260 -0.215887 0.467000 132 148 156
0.045467 -0.215887 0.467000 109 125 133
0.046675 -0.215887 0.467000 71 93 103
0.047882 -0.215887 0.467000 52 74 84
0.049090 -0.215887 0.467000 39 59 74
0.050297 -0.215887 0.467000 26 46 61
0.051505 -0.215887 0.467000 19 47 64
0.052712 -0.215887 0.467000 24 52 69
0.053920 -0.215887 0.467000 23 55 73
0.055009 -0.215425 0.466000 23 55 73
0.056214 -0.215425 0.466000 25 55 76
0.057296 -0.214962 0.465000 25 55 76
0.058498 -0.214962 0.465000 33 61 78
0.059572 -0.214500 0.464000 43 71 88
-0.243404 -0.208702 0.454000 63 71 60
-0.241696 -0.208242 0.453000 56 64 53
-0.240525 -0.208242 0.453000 45 55 41
-0.239354 -0.208242 0.453000 40 50 36
-0.237657 -0.207782 0.452000 33 45 35
-0.235965 -0.207323 0.451000 31 43 33
-0.234798 -0.207323 0.451000 31 43 35
-0.230787 -0.206863 0.450000 50 58 55
-0.229113 -0.206403 0.449000 111 117 115
-0.227952 -0.206403 0.449000 155 161 159
-0.226286 -0.205944 0.448000 160 168 157
-0.225128 -0.205944 0.448000 160 168 157
-0.223470 -0.205484 0.447000 114 127 114
-0.222314 -0.205484 0.447000 36 49 36
-0.212641 -0.209621 0.456000 35 50 36
-0.208645 -0.209162 0.455000 38 53 39
-0.207469 -0.209162 0.455000 38 53 39
-0.206292 -0.209162 0.455000 37 50 37
-0.205116 -0.209162 0.455000 37 50 37
-0.203491 -0.208702 0.454000 34 47 34
-0.202317 -0.208702 0.454000 37 50 37
-0.201143 -0.208702 0.454000 36 49 36
-0.197920 -0.207782 0.452000 38 50 40
-0.196316 -0.207323 0.451000 38 50 40
-0.194717 -0.206863 0.450000 37 50 47
-0.193553 -0.206863 0.450000 39 52 49
-0.191535 -0.205944 0.448000 37 50 49
-0.189951 -0.205484 0.447000 33 46 45
-0.188373 -0.205024 0.446000 49 55 57
-0.186800 -0.204565 0.445000 129 135 137
-0.185650 -0.204565 0.445000 160 160 160
-0.184499 -0.204565 0.445000 175 175 175
-0.183348 -0.204565 0.445000 167 167 167
-0.182198 -0.204565 0.445000 72 72 72
-0.181047 -0.204565 0.445000 35 42 48
-0.179897 -0.204565 0.445000 41 48 54
-0.178746 -0.204565 0.445000 36 50 52
-0.177196 -0.204105 0.444000 35 49 51
-0.166403 -0.216976 0.472000 93 105 107
-0.164309 -0.217436 0.473000 134 140 138
-0.158194 -0.217436 0.473000 50 52 60
-0.154525 -0.217436 0.473000 105 110 115
-0.151758 -0.216976 0.472000 160 171 171
-0.150537 -0.216976 0.472000 164 175 171
-0.149000 -0.216517 0.471000 161 172 168
-0.147782 -0.216517 0.471000 159 171 163
-0.146565 -0.216517 0.471000 155 167 159
-0.145347 -0.216517 0.471000 147 159 151
-0.143823 -0.216057 0.470000 135 147 139
-0.142608 -0.216057 0.470000 129 133 128
-0.120568 -0.220194 0.479000 38 51 60
-0.119329 -0.220194 0.479000 36 49 58
-0.118091 -0.220194 0.479000 36 49 58
-0.116852 -0.220194 0.479000 35 48 57
-0.115613 -0.220194 0.479000 34 48 54
-0.114375 -0.220194 0.479000 36 50 56
-0.113136 -0.220194 0.479000 34 51 54
-0.111898 -0.220194 0.479000 33 50 53
-0.110659 -0.220194 0.479000 37 51 53
-0.109421 -0.220194 0.479000 34 48 50
-0.108182 -0.220194 0.479000 36 50 52
-0.106944 -0.220194 0.479000 36 50 52
-0.105705 -0.220194 0.479000 37 49 51
-0.104467 -0.220194 0.479000 38 50 52
-0.103228 -0.220194 0.479000 36 49 48
-0.102202 -0.220654 0.480000 37 50 49
-0.100961 -0.220654 0.480000 34 49 46
-0.099720 -0.220654 0.480000 36 51 48
-0.098479 -0.220654 0.480000 33 48 43
-0.097440 -0.221114 0.481000 35 50 45
-0.096197 -0.221114 0.481000 33 48 43
-0.094953 -0.221114 0.481000 30 45 40
-0.093709 -0.221114 0.481000 31 46 43
-0.092466 -0.221114 0.481000 34 49 46
-0.091222 -0.221114 0.481000 35 50 47
-0.089978 -0.221114 0.481000 34 49 46
-0.088735 -0.221114 0.481000 35 50 47
-0.087491 -0.221114 0.481000 35 50 47
-0.086247 -0.221114 0.481000 33 48 45
-0.085003 -0.221114 0.481000 34 49 46
-0.083760 -0.221114 0.481000 31 46 43
-0.082516 -0.221114 0.481000 33 48 45
-0.081272 -0.221114 0.481000 31 46 41
-0.080029 -0.221114 0.481000 34 49 44
-0.078785 -0.221114 0.481000 33 49 40
-0.077702 -0.221573 0.482000 34 50 41
-0.076456 -0.221573 0.482000 35 50 45
-0.075210 -0.221573 0.482000 34 49 44
-0.073963 -0.221573 0.482000 35 50 47
-0.072717 -0.221573 0.482000 34 49 46
-0.071471 -0.221573 0.482000 37 52 47
-0.070370 -0.222033 0.483000 36 51 46
-0.068978 -0.221573 0.482000 35 50 45
-0.067872 -0.222033 0.483000 37 52 47
-0.066624 -0.222033 0.483000 40 55 50
-0.065239 -0.221573 0.482000 38 53 48
-0.063993 -0.221573 0.482000 37 52 49
-0.062747 -0.221573 0.482000 33 48 45
-0.061500 -0.221573 0.482000 37 48 44
-0.060254 -0.221573 0.482000 38 49 45
-0.059008 -0.221573 0.482000 39 45 43
-0.057642 -0.221114 0.481000 42 48 46
-0.056398 -0.221114 0.481000 44 55 55
-0.055154 -0.221114 0.481000 51 62 62
-0.053911 -0.221114 0.481000 55 70 67
-0.001605 -0.211920 0.461000 64 88 100
-0.000413 -0.211920 0.461000 58 82 94
0.000779 -0.211920 0.461000 57 91 111
0.003170 -0.212379 0.462000 43 81 106
0.004364 -0.212379 0.462000 39 77 102
0.005571 -0.212839 0.463000 33 73 100
0.006783 -0.213299 0.464000 23 63 90
0.008017 -0.214218 0.466000 22 57 86
0.009242 -0.214678 0.467000 24 59 88
0.010449 -0.214678 0.467000 31 62 87
0.011657 -0.214678 0.467000 44 75 100
0.012892 -0.215138 0.468000 63 86 103
0.014102 -0.215138 0.468000 93 116 133
0.015345 -0.215597 0.469000 130 146 156
0.016593 -0.216057 0.470000 143 159 169
0.017808 -0.216057 0.470000 159 170 170
0.019023 -0.216057 0.470000 162 173 173
0.023986 -0.216976 0.472000 153 166 163
0.026483 -0.217436 0.473000 153 165 155
0.031375 -0.217436 0.473000 157 164 156
0.032529 -0.216976 0.472000 159 168 159
0.033678 -0.216517 0.471000 161 170 161
0.034822 -0.216057 0.470000 156 171 166
0.035960 -0.215597 0.469000 157 172 167
0.037094 -0.215138 0.468000 154 172 168
0.038304 -0.215138 0.468000 148 166 162
0.039429 -0.214678 0.467000 143 154 150
0.040637 -0.214678 0.467000 136 147 143
0.041844 -0.214678 0.467000 132 142 145
0.043052 -0.214678 0.467000 128 138 141
0.044260 -0.214678 0.467000 121 135 139
0.045467 -0.214678 0.467000 119 133 137
0.046675 -0.214678 0.467000 119 132 143
0.047882 -0.214678 0.467000 122 135 146
0.049090 -0.214678 0.467000 120 137 151
0.050297 -0.214678 0.467000 104 121 135
0.051505 -0.214678 0.467000 68 98 117
0.052712 -0.214678 0.467000 25 55 74
0.053804 -0.214218 0.466000 15 49 71
0.055009 -0.214218 0.466000 17 51 73
0.056214 -0.214218 0.466000 15 48 73
0.057296 -0.213758 0.465000 18 51 76
0.058372 -0.213299 0.464000 21 54 79
0.059572 -0.213299 0.464000 21 54 79
-0.251550 -0.208440 0.456000 92 100 87
-0.250371 -0.208440 0.456000 86 94 81
-0.247469 -0.207983 0.455000 53 61 48
-0.246293 -0.207983 0.455000 51 59 48
-0.244578 -0.207526 0.454000 43 51 40
-0.243404 -0.207526 0.454000 31 43 35
-0.242230 -0.207526 0.454000 31 43 35
-0.240525 -0.207069 0.453000 31 43 35
-0.239354 -0.207069 0.453000 33 45 37
-0.237657 -0.206612 0.452000 32 44 36
-0.235965 -0.206155 0.451000 32 44 36
-0.234798 -0.206155 0.451000 34 45 41
-0.233114 -0.205698 0.450000 34 45 41
-0.231951 -0.205698 0.450000 31 42 38
-0.230787 -0.205698 0.450000 29 40 36
-0.229113 -0.205241 0.449000 39 47 46
-0.227445 -0.204784 0.448000 103 111 110
-0.226286 -0.204784 0.448000 154 161 153
-0.225128 -0.204784 0.448000 155 162 154
-0.223470 -0.204327 0.447000 157 167 155
-0.222314 -0.204327 0.447000 117 127 115
-0.220663 -0.203869 0.446000 36 52 41
-0.219510 -0.203869 0.446000 27 43 32
-0.212641 -0.208440 0.456000 33 49 40
-0.211462 -0.208440 0.456000 34 50 39
-0.210283 -0.208440 0.456000 33 49 38
-0.208645 -0.207983 0.455000 35 52 38
-0.207469 -0.207983 0.455000 34 51 37
-0.206292 -0.207983 0.455000 36 51 37
-0.205116 -0.207983 0.455000 35 50 36
-0.203939 -0.207983 0.455000 35 50 36
-0.202317 -0.207526 0.454000 36 51 37
-0.201143 -0.207526 0.454000 34 47 34
-0.199529 -0.207069 0.453000 36 49 36
-0.197920 -0.206612 0.452000 38 50 40
-0.196316 -0.206155 0.451000 37 49 39
-0.194717 -0.205698 0.450000 37 51 42
-0.193123 -0.205241 0.449000 37 51 42
-0.191962 -0.205241 0.449000 34 49 44
-0.189951 -0.204327 0.447000 34 49 44
-0.188373 -0.203869 0.446000 33 41 42
-0.186800 -0.203412 0.445000 60 68 69
-0.185650 -0.203412 0.445000 140 140 142
-0.184499 -0.203412 0.445000 154 154 156
-0.183348 -0.203412 0.445000 174 175 171
-0.182198 -0.203412 0.445000 159 160 156
-0.181047 -0.203412 0.445000 60 65 70
-0.179897 -0.203412 0.445000 32 37 42
-0.178746 -0.203412 0.445000 38 48 53
-0.176048 -0.202955 0.444000 34 49 48
-0.161179 -0.215297 0.471000 117 121 116
-0.159961 -0.215297 0.471000 91 94 95
-0.158743 -0.215297 0.471000 74 77 78
-0.157525 -0.215297 0.471000 101 106 111
-0.156307 -0.215297 0.471000 145 150 155
-0.155090 -0.215297 0.471000 162 168 166
-0.153872 -0.215297 0.471000 164 170 168
-0.152330 -0.214840 0.470000 163 172 165
-0.151114 -0.214840 0.470000 162 171 164
-0.149580 -0.214383 0.469000 160 170 158
-0.148051 -0.213926 0.468000 147 157 145
-0.146841 -0.213926 0.468000 138 147 138
-0.144421 -0.213926 0.468000 108 122 111
-0.143211 -0.213926 0.468000 109 123 112
-0.119329 -0.218954 0.479000 36 48 54
-0.118091 -0.218954 0.479000 39 46 54
-0.115613 -0.218954 0.479000 37 42 49
-0.114375 -0.218954 0.479000 41 46 53
-0.113136 -0.218954 0.479000 37 49 53
-0.111898 -0.218954 0.479000 36 48 52
-0.110659 -0.218954 0.479000 37 51 57
-0.109421 -0.218954 0.479000 40 54 60
-0.108182 -0.218954 0.479000 38 51 60
-0.106944 -0.218954 0.479000 37 50 59
-0.105705 -0.218954 0.479000 37 51 55
-0.104467 -0.218954 0.479000 38 52 56
-0.103228 -0.218954 0.479000 39 51 53
-0.102202 -0.219411 0.480000 38 50 52
-0.100961 -0.219411 0.480000 37 50 49
-0.099720 -0.219411 0.480000 37 50 49
-0.098684 -0.219868 0.481000 36 49 46
-0.097440 -0.219868 0.481000 38 51 48
-0.096197 -0.219868 0.481000 34 49 46
-0.094953 -0.219868 0.481000 33 48 45
-0.093709 -0.219868 0.481000 33 48 45
-0.091222 -0.219868 0.481000 34 49 46
-0.089978 -0.219868 0.481000 34 49 46
-0.088735 -0.219868 0.481000 34 49 46
-0.087491 -0.219868 0.481000 33 48 45
-0.086247 -0.219868 0.481000 31 46 45
-0.085003 -0.219868 0.481000 31 46 45
-0.083760 -0.219868 0.481000 33 48 47
-0.082516 -0.219868 0.481000 31 46 45
-0.081272 -0.219868 0.481000 31 46 45
-0.080029 -0.219868 0.481000 33 48 47
-0.078949 -0.220325 0.482000 30 45 42
-0.077702 -0.220325 0.482000 31 46 43
-0.076456 -0.220325 0.482000 33 48 43
-0.075210 -0.220325 0.482000 33 48 43
-0.073963 -0.220325 0.482000 35 50 47
-0.072717 -0.220325 0.482000 34 49 46
-0.071619 -0.220782 0.483000 33 51 47
-0.070370 -0.220782 0.483000 33 51 47
-0.068978 -0.220325 0.482000 34 52 48
-0.067872 -0.220782 0.483000 34 52 48
-0.066624 -0.220782 0.483000 35 53 49
-0.065375 -0.220782 0.483000 36 54 50
-0.064126 -0.220782 0.483000 33 51 49
-0.062877 -0.220782 0.483000 33 51 49
-0.061500 -0.220325 0.482000 35 53 49
-0.060254 -0.220325 0.482000 35 53 49
-0.059008 -0.220325 0.482000 36 51 48
-0.057642 -0.219868 0.481000 35 50 47
-0.056515 -0.220325 0.482000 32 50 48
-0.055154 -0.219868 0.481000 33 51 49
-0.053911 -0.219868 0.481000 33 51 49
-0.052667 -0.219868 0.481000 32 50 48
-0.051423 -0.219868 0.481000 33 48 43
-0.050075 -0.219411 0.480000 34 49 44
-0.048834 -0.219411 0.480000 40 49 42
-0.047593 -0.219411 0.480000 43 52 45
-0.046352 -0.219411 0.480000 52 61 52
-0.045111 -0.219411 0.480000 66 75 66
-0.042628 -0.219411 0.480000 85 99 90
-0.003989 -0.210726 0.461000 61 90 102
-0.002797 -0.210726 0.461000 56 85 97
-0.001605 -0.210726 0.461000 52 91 111
-0.000413 -0.210726 0.461000 48 87 107
0.000779 -0.210726 0.461000 48 88 115
0.003170 -0.211183 0.462000 26 63 91
0.004364 -0.211183 0.462000 24 61 89
0.005571 -0.211640 0.463000 22 55 80
0.006783 -0.212097 0.464000 27 60 85
0.008017 -0.213012 0.466000 56 82 100
0.009242 -0.213469 0.467000 95 121 139
0.010449 -0.213469 0.467000 129 147 156
0.011682 -0.213926 0.468000 149 167 176
0.012892 -0.213926 0.468000 157 171 175
0.014132 -0.214383 0.469000 157 171 175
0.015377 -0.214840 0.470000 157 168 168
0.016593 -0.214840 0.470000 157 168 168
0.017846 -0.215297 0.471000 154 162 159
0.019064 -0.215297 0.471000 154 162 159
0.022814 -0.216211 0.473000 153 165 155
0.024037 -0.216211 0.473000 153 165 155
0.025260 -0.216211 0.473000 156 165 156
0.026483 -0.216211 0.473000 160 169 160
0.031375 -0.216211 0.473000 155 161 159
0.032598 -0.216211 0.473000 143 154 152
0.034896 -0.215297 0.471000 83 104 110
0.037094 -0.213926 0.468000 58 83 90
0.038304 -0.213926 0.468000 47 72 79
0.039429 -0.213469 0.467000 39 60 66
0.040637 -0.213469 0.467000 37 58 64
0.041844 -0.213469 0.467000 37 55 64
0.043052 -0.213469 0.467000 34 52 61
0.044260 -0.213469 0.467000 33 51 60
0.045467 -0.213469 0.467000 34 52 61
0.046675 -0.213469 0.467000 32 52 65
0.047882 -0.213469 0.467000 33 53 66
0.049090 -0.213469 0.467000 37 60 77
0.050297 -0.213469 0.467000 43 66 83
0.051505 -0.213469 0.467000 34 68 88
0.052712 -0.213469 0.467000 29 63 83
0.053920 -0.213469 0.467000 19 56 75
0.055009 -0.213012 0.466000 17 54 73
0.056214 -0.213012 0.466000 14 55 77
0.057296 -0.212554 0.465000 14 55 77
0.058372 -0.212097 0.464000 14 55 77
0.059444 -0.211640 0.463000 15 56 78
0.060641 -0.211640 0.463000 21 60 80
0.061704 -0.211183 0.462000 16 55 75
-0.256766 -0.208623 0.459000 95 97 88
-0.255579 -0.208623 0.459000 69 74 64
-0.253838 -0.208169 0.458000 57 62 52
-0.251550 -0.207260 0.456000 43 51 40
-0.250371 -0.207260 0.456000 37 45 34
-0.249192 -0.207260 0.456000 31 41 29
-0.247469 -0.206805 0.455000 29 39 27
-0.246293 -0.206805 0.455000 31 40 31
-0.245116 -0.206805 0.455000 33 42 33
-0.243404 -0.206351 0.454000 32 46 37
-0.242230 -0.206351 0.454000 32 46 37
-0.240525 -0.205896 0.453000 31 44 39
-0.239354 -0.205896 0.453000 32 45 40
-0.237657 -0.205442 0.452000 31 44 41
-0.235965 -0.204987 0.451000 31 44 41
-0.234798 -0.204987 0.451000 32 45 42
-0.233632 -0.204987 0.451000 32 45 42
-0.231951 -0.204533 0.450000 30 43 40
-0.230787 -0.204533 0.450000 32 45 42
-0.229113 -0.204078 0.449000 26 37 35
-0.227952 -0.204078 0.449000 34 45 43
-0.226286 -0.203624 0.448000 111 119 116
-0.225128 -0.203624 0.448000 149 157 154
-0.223470 -0.203169 0.447000 153 163 149
-0.222314 -0.203169 0.447000 152 162 148
-0.220663 -0.202715 0.446000 123 136 123
-0.219510 -0.202715 0.446000 50 63 50
-0.216825 -0.204533 0.450000 29 43 45
-0.211462 -0.207260 0.456000 31 47 36
-0.210283 -0.207260 0.456000 31 47 36
-0.209104 -0.207260 0.456000 33 50 36
-0.207469 -0.206805 0.455000 30 47 33
-0.206292 -0.206805 0.455000 31 48 34
-0.205116 -0.206805 0.455000 34 51 37
-0.203939 -0.206805 0.455000 35 50 36
-0.202317 -0.206351 0.454000 36 51 37
-0.201143 -0.206351 0.454000 35 49 38
-0.199970 -0.206351 0.454000 35 49 38
-0.197920 -0.205442 0.452000 35 49 38
-0.196316 -0.204987 0.451000 35 49 38
-0.194717 -0.204533 0.450000 31 47 38
-0.193553 -0.204533 0.450000 33 49 40
-0.191962 -0.204078 0.449000 33 48 43
-0.190376 -0.203624 0.448000 33 48 43
-0.188796 -0.203169 0.447000 36 44 45
-0.187220 -0.202715 0.446000 31 39 40
-0.186067 -0.202715 0.446000 75 73 80
-0.184499 -0.202260 0.445000 146 144 151
-0.183348 -0.202260 0.445000 160 160 156
-0.182198 -0.202260 0.445000 176 176 172
-0.181047 -0.202260 0.445000 155 158 157
-0.179897 -0.202260 0.445000 57 60 59
-0.178746 -0.202260 0.445000 33 39 50
-0.177595 -0.202260 0.445000 41 47 58
-0.176445 -0.202260 0.445000 35 47 49
-0.174900 -0.201806 0.444000 36 48 50
-0.173361 -0.201351 0.443000 32 50 48
-0.161362 -0.212714 0.468000 125 132 126
-0.160152 -0.212714 0.468000 122 129 123
-0.158942 -0.212714 0.468000 114 120 118
-0.158069 -0.213169 0.469000 153 159 157
-0.156522 -0.212714 0.468000 165 171 169
-0.155644 -0.213169 0.469000 161 167 165
-0.154431 -0.213169 0.469000 158 166 155
-0.153218 -0.213169 0.469000 154 162 151
-0.151682 -0.212714 0.468000 151 159 148
-0.150471 -0.212714 0.468000 142 150 139
-0.148942 -0.212260 0.467000 124 133 124
-0.147735 -0.212260 0.467000 99 108 99
-0.146527 -0.212260 0.467000 83 92 85
-0.145320 -0.212260 0.467000 78 87 80
-0.108182 -0.217714 0.479000 32 48 56
-0.106944 -0.217714 0.479000 32 48 56
-0.105705 -0.217714 0.479000 33 47 51
-0.104467 -0.217714 0.479000 34 48 52
-0.103228 -0.217714 0.479000 37 47 52
-0.101989 -0.217714 0.479000 34 44 49
-0.100961 -0.218168 0.480000 36 46 49
-0.099720 -0.218168 0.480000 38 48 51
-0.098479 -0.218168 0.480000 35 49 51
-0.097440 -0.218623 0.481000 38 52 54
-0.096197 -0.218623 0.481000 37 52 51
-0.093709 -0.218623 0.481000 37 51 53
-0.091412 -0.219077 0.482000 34 49 48
-0.090165 -0.219077 0.482000 35 50 49
-0.088919 -0.219077 0.482000 33 48 47
-0.087673 -0.219077 0.482000 31 46 45
-0.086426 -0.219077 0.482000 30 45 42
-0.085180 -0.219077 0.482000 30 45 42
-0.083934 -0.219077 0.482000 33 48 45
-0.082687 -0.219077 0.482000 33 48 45
-0.081441 -0.219077 0.482000 33 48 45
-0.080195 -0.219077 0.482000 33 48 45
-0.078949 -0.219077 0.482000 31 46 43
-0.077702 -0.219077 0.482000 31 46 43
-0.076615 -0.219532 0.483000 31 46 43
-0.075366 -0.219532 0.483000 33 48 45
-0.074117 -0.219532 0.483000 34 49 46
-0.072868 -0.219532 0.483000 31 46 43
-0.071619 -0.219532 0.483000 31 49 45
-0.070370 -0.219532 0.483000 32 50 46
-0.069121 -0.219532 0.483000 31 49 45
-0.067872 -0.219532 0.483000 33 51 47
-0.066624 -0.219532 0.483000 32 50 46
-0.065375 -0.219532 0.483000 32 50 46
-0.064126 -0.219532 0.483000 34 52 50
-0.062877 -0.219532 0.483000 34 52 50
-0.061628 -0.219532 0.483000 32 50 48
-0.060254 -0.219077 0.482000 32 50 48
-0.059008 -0.219077 0.482000 32 50 46
-0.057762 -0.219077 0.482000 32 50 46
-0.056515 -0.219077 0.482000 32 52 49
-0.055269 -0.219077 0.482000 33 53 50
-0.053911 -0.218623 0.481000 34 54 51
-0.052667 -0.218623 0.481000 33 53 50
-0.051423 -0.218623 0.481000 33 53 50
-0.050179 -0.218623 0.481000 33 53 50
-0.048834 -0.218168 0.480000 30 50 47
-0.047593 -0.218168 0.480000 28 48 45
-0.046352 -0.218168 0.480000 28 48 43
-0.045111 -0.218168 0.480000 26 46 41
-0.043869 -0.218168 0.480000 31 46 43
-0.042628 -0.218168 0.480000 31 46 43
-0.041387 -0.218168 0.480000 34 45 43
-0.040062 -0.217714 0.479000 40 51 49
-0.038824 -0.217714 0.479000 47 56 49
-0.037428 -0.216805 0.477000 49 58 51
-0.006345 -0.208623 0.459000 68 96 111
-0.005170 -0.209078 0.460000 51 79 94
-0.003980 -0.209078 0.460000 52 90 113
-0.002791 -0.209078 0.460000 55 93 116
-0.001605 -0.209532 0.461000 42 85 108
-0.000413 -0.209532 0.461000 29 72 95
0.000779 -0.209532 0.461000 19 62 85
0.001971 -0.209532 0.461000 16 59 82
0.004364 -0.209987 0.462000 54 84 105
0.005571 -0.210441 0.463000 103 123 136
0.006797 -0.211350 0.465000 136 156 169
0.008017 -0.211805 0.466000 154 166 172
0.009242 -0.212260 0.467000 159 171 177
0.010449 -0.212260 0.467000 157 168 168
0.011682 -0.212714 0.468000 153 164 164
0.012919 -0.213169 0.469000 155 163 162
0.014192 -0.214078 0.471000 153 161 160
0.016663 -0.214532 0.472000 155 161 159
0.019145 -0.214987 0.473000 155 161 159
0.020368 -0.214987 0.473000 153 162 155
0.021591 -0.214987 0.473000 155 164 157
0.024138 -0.215896 0.475000 159 171 161
0.025420 -0.216350 0.476000 160 168 165
0.026707 -0.216805 0.477000 149 157 154
0.027940 -0.216805 0.477000 122 134 136
0.032667 -0.215441 0.474000 38 60 72
0.033821 -0.214987 0.473000 31 53 65
0.034896 -0.214078 0.471000 26 54 71
0.037173 -0.213169 0.469000 30 58 75
0.038304 -0.212714 0.468000 29 57 74
0.039429 -0.212260 0.467000 31 58 71
0.040637 -0.212260 0.467000 33 60 73
0.041844 -0.212260 0.467000 35 62 73
0.043052 -0.212260 0.467000 35 62 73
0.044260 -0.212260 0.467000 37 66 78
0.045467 -0.212260 0.467000 36 65 77
0.046675 -0.212260 0.467000 31 64 77
0.047882 -0.212260 0.467000 30 63 76
0.049090 -0.212260 0.467000 27 59 77
0.050297 -0.212260 0.467000 24 56 74
0.051505 -0.212260 0.467000 19 56 73
0.052712 -0.212260 0.467000 24 61 78
0.053920 -0.212260 0.467000 22 64 81
0.055009 -0.211805 0.466000 24 66 83
0.056214 -0.211805 0.466000 22 64 83
0.057296 -0.211350 0.465000 23 65 84
0.058372 -0.210896 0.464000 23 67 85
0.059444 -0.210441 0.463000 19 63 81
0.060510 -0.209987 0.462000 22 64 83
0.061704 -0.209987 0.462000 21 63 82
0.063955 -0.209532 0.461000 15 52 73
-0.263222 -0.208791 0.462000 114 122 109
-0.261461 -0.208339 0.461000 80 87 79
-0.260269 -0.208339 0.461000 70 77 69
-0.259077 -0.208339 0.461000 52 60 57
-0.257325 -0.207887 0.460000 46 54 51
-0.255579 -0.207435 0.459000 38 47 40
-0.254392 -0.207435 0.459000 38 47 40
-0.252654 -0.206983 0.458000 39 48 41
-0.250371 -0.206079 0.456000 34 43 36
-0.249192 -0.206079 0.456000 33 42 33
-0.247469 -0.205627 0.455000 33 42 33
-0.246293 -0.205627 0.455000 33 45 35
-0.245116 -0.205627 0.455000 33 45 35
-0.243404 -0.205175 0.454000 33 45 37
-0.242230 -0.205175 0.454000 31 43 35
-0.240525 -0.204723 0.453000 32 45 42
-0.239354 -0.204723 0.453000 32 45 42
-0.237657 -0.204271 0.452000 30 43 40
-0.236488 -0.204271 0.452000 30 43 40
-0.234798 -0.203819 0.451000 32 45 42
-0.233632 -0.203819 0.451000 35 48 45
-0.231951 -0.203368 0.450000 32 45 42
-0.230787 -0.203368 0.450000 31 44 41
-0.229113 -0.202916 0.449000 31 44 39
-0.227952 -0.202916 0.449000 25 38 33
-0.225128 -0.202464 0.448000 102 113 111
-0.223470 -0.202012 0.447000 144 153 144
-0.222314 -0.202012 0.447000 150 159 150
-0.220663 -0.201560 0.446000 156 164 149
-0.219510 -0.201560 0.446000 138 146 131
-0.216825 -0.203368 0.450000 36 48 54
-0.214974 -0.203819 0.451000 29 44 43
-0.211462 -0.206079 0.456000 28 45 31
-0.210283 -0.206079 0.456000 29 46 32
-0.209104 -0.206079 0.456000 30 47 33
-0.207925 -0.206079 0.456000 27 44 30
-0.206292 -0.205627 0.455000 30 47 33
-0.205116 -0.205627 0.455000 30 47 33
-0.203939 -0.205627 0.455000 30 46 35
-0.202317 -0.205175 0.454000 33 49 38
-0.201143 -0.205175 0.454000 31 47 38
-0.199529 -0.204723 0.453000 31 47 38
-0.197920 -0.204271 0.452000 30 45 40
-0.196316 -0.203819 0.451000 31 46 41
-0.194717 -0.203368 0.450000 29 47 43
-0.193553 -0.203368 0.450000 27 45 41
-0.191962 -0.202916 0.449000 29 47 45
-0.190376 -0.202464 0.448000 29 47 45
-0.188796 -0.202012 0.447000 35 47 49
-0.187220 -0.201560 0.446000 35 47 49
-0.186067 -0.201560 0.446000 38 37 46
-0.184914 -0.201560 0.446000 86 85 94
-0.183760 -0.201560 0.446000 153 152 156
-0.182607 -0.201560 0.446000 162 161 165
-0.181454 -0.201560 0.446000 175 176 172
-0.180301 -0.201560 0.446000 153 154 150
-0.179148 -0.201560 0.446000 51 56 63
-0.177994 -0.201560 0.446000 34 39 46
-0.164288 -0.210598 0.466000 141 141 137
-0.163433 -0.211050 0.467000 133 137 132
-0.162225 -0.211050 0.467000 131 135 130
-0.161018 -0.211050 0.467000 128 135 129
-0.159810 -0.211050 0.467000 156 163 157
-0.158603 -0.211050 0.467000 162 169 161
-0.157395 -0.211050 0.467000 164 171 163
-0.156188 -0.211050 0.467000 156 163 155
-0.154980 -0.211050 0.467000 148 155 147
-0.153772 -0.211050 0.467000 149 157 146
-0.152565 -0.211050 0.467000 135 143 132
-0.151033 -0.210598 0.466000 110 119 112
-0.149828 -0.210598 0.466000 74 83 76
-0.145900 -0.210146 0.465000 33 44 42
-0.144698 -0.210146 0.465000 36 47 45
-0.143495 -0.210146 0.465000 39 50 46
-0.142599 -0.210598 0.466000 51 62 58
-0.141394 -0.210598 0.466000 69 74 64
-0.140189 -0.210598 0.466000 94 99 89
-0.139282 -0.211050 0.467000 126 131 121
-0.138075 -0.211050 0.467000 143 148 138
-0.136867 -0.211050 0.467000 156 157 148
-0.105705 -0.216473 0.479000 106 109 110
-0.104467 -0.216473 0.479000 88 91 92
-0.103228 -0.216473 0.479000 75 74 76
-0.102202 -0.216925 0.480000 69 68 70
-0.100961 -0.216925 0.480000 58 64 66
-0.099720 -0.216925 0.480000 48 54 56
-0.098684 -0.217377 0.481000 37 49 53
-0.097440 -0.217377 0.481000 35 47 51
-0.096197 -0.217377 0.481000 34 48 54
-0.093904 -0.217829 0.482000 31 45 47
-0.092658 -0.217829 0.482000 34 48 50
-0.091412 -0.217829 0.482000 35 49 51
-0.090165 -0.217829 0.482000 36 50 52
-0.088919 -0.217829 0.482000 36 51 50
-0.087673 -0.217829 0.482000 36 51 50
-0.086426 -0.217829 0.482000 32 50 46
-0.085180 -0.217829 0.482000 32 50 46
-0.082859 -0.218281 0.483000 31 46 43
-0.081610 -0.218281 0.483000 33 48 45
-0.080361 -0.218281 0.483000 33 48 45
-0.079112 -0.218281 0.483000 33 48 45
-0.077864 -0.218281 0.483000 30 45 42
-0.076615 -0.218281 0.483000 29 44 41
-0.075366 -0.218281 0.483000 33 48 45
-0.074117 -0.218281 0.483000 31 46 43
-0.072868 -0.218281 0.483000 30 45 42
-0.070516 -0.218733 0.484000 34 49 46
-0.069264 -0.218733 0.484000 34 49 46
-0.068013 -0.218733 0.484000 33 48 45
-0.066762 -0.218733 0.484000 34 49 46
-0.065375 -0.218281 0.483000 34 49 46
-0.064259 -0.218733 0.484000 35 50 49
-0.062877 -0.218281 0.483000 33 48 47
-0.061628 -0.218281 0.483000 33 51 49
-0.060379 -0.218281 0.483000 32 50 48
-0.059008 -0.217829 0.482000 30 50 45
-0.057881 -0.218281 0.483000 30 50 45
-0.056515 -0.217829 0.482000 31 51 46
-0.055269 -0.217829 0.482000 30 50 45
-0.053911 -0.217377 0.481000 33 53 48
-0.052667 -0.217377 0.481000 32 52 47
-0.051423 -0.217377 0.481000 32 52 47
-0.050179 -0.217377 0.481000 31 51 46
-0.048936 -0.217377 0.481000 30 50 45
-0.047692 -0.217377 0.481000 32 52 47
-0.046448 -0.217377 0.481000 32 52 49
-0.045205 -0.217377 0.481000 30 50 47
-0.043961 -0.217377 0.481000 32 50 48
-0.042628 -0.216925 0.480000 32 50 48
-0.041387 -0.216925 0.480000 35 50 47
-0.040062 -0.216473 0.479000 35 50 47
-0.038824 -0.216473 0.479000 38 51 46
-0.037350 -0.215118 0.476000 32 45 40
-0.035967 -0.214214 0.474000 30 43 38
-0.034669 -0.213762 0.473000 32 45 40
-0.033446 -0.213762 0.473000 38 51 48
-0.032154 -0.213310 0.472000 30 43 40
-0.030934 -0.213310 0.472000 32 45 42
-0.029651 -0.212858 0.471000 36 49 46
-0.028433 -0.212858 0.471000 53 61 58
-0.007532 -0.207435 0.459000 51 80 92
-0.006345 -0.207435 0.459000 45 86 108
-0.005159 -0.207435 0.459000 49 90 112
-0.003980 -0.207887 0.460000 38 84 104
-0.002791 -0.207887 0.460000 26 72 92
-0.001602 -0.207887 0.460000 14 60 80
-0.000413 -0.208339 0.461000 16 62 82
0.000779 -0.208339 0.461000 38 73 86
0.001971 -0.208339 0.461000 65 100 113
0.004364 -0.208791 0.462000 150 167 170
0.005571 -0.209243 0.463000 161 169 168
0.006797 -0.210146 0.465000 156 164 163
0.036037 -0.212406 0.470000 38 75 94
0.037173 -0.211954 0.469000 41 74 89
0.038304 -0.211502 0.468000 43 76 91
0.039514 -0.211502 0.468000 44 75 89
0.040637 -0.211050 0.467000 45 76 90
0.041844 -0.211050 0.467000 43 75 86
0.043052 -0.211050 0.467000 42 74 85
0.044260 -0.211050 0.467000 42 76 86
0.045467 -0.211050 0.467000 41 75 85
0.046675 -0.211050 0.467000 41 74 87
0.047882 -0.211050 0.467000 40 73 86
0.049090 -0.211050 0.467000 39 74 87
0.050297 -0.211050 0.467000 38 73 86
0.051505 -0.211050 0.467000 32 70 84
0.052712 -0.211050 0.467000 34 72 86
0.053920 -0.211050 0.467000 31 71 84
0.055009 -0.210598 0.466000 29 69 82
0.056093 -0.210146 0.465000 28 70 85
0.057296 -0.210146 0.465000 30 72 87
0.058372 -0.209695 0.464000 30 74 90
0.059444 -0.209243 0.463000 29 73 89
0.060641 -0.209243 0.463000 33 75 92
0.061704 -0.208791 0.462000 33 75 92
0.062899 -0.208791 0.462000 30 69 87
0.063955 -0.208339 0.461000 26 65 83
0.065147 -0.208339 0.461000 28 62 82
-0.266761 -0.208493 0.464000 80 88 77
-0.265562 -0.208493 0.464000 56 65 56
-0.263792 -0.208044 0.463000 46 55 46
-0.262028 -0.207594 0.462000 34 45 41
-0.260833 -0.207594 0.462000 34 45 41
-0.259077 -0.207145 0.461000 33 41 40
-0.257885 -0.207145 0.461000 33 41 40
-0.256136 -0.206696 0.460000 32 43 39
-0.254392 -0.206246 0.459000 31 42 38
-0.252654 -0.205797 0.458000 28 37 30
-0.250920 -0.205348 0.457000 28 37 30
-0.249192 -0.204898 0.456000 30 42 32
-0.248013 -0.204898 0.456000 30 42 32
-0.246293 -0.204449 0.455000 29 42 29
-0.245116 -0.204449 0.455000 29 42 29
-0.243940 -0.204449 0.455000 30 42 32
-0.242230 -0.204000 0.454000 31 43 33
-0.241056 -0.204000 0.454000 32 46 37
-0.239354 -0.203550 0.453000 29 43 34
-0.237657 -0.203101 0.452000 30 41 37
-0.236488 -0.203101 0.452000 31 42 38
-0.234798 -0.202652 0.451000 32 43 39
-0.233632 -0.202652 0.451000 29 40 36
-0.231951 -0.202202 0.450000 29 40 36
-0.230787 -0.202202 0.450000 31 42 38
-0.229113 -0.201753 0.449000 31 43 35
-0.227952 -0.201753 0.449000 29 41 33
-0.226286 -0.201304 0.448000 30 42 34
-0.223470 -0.200854 0.447000 75 84 77
-0.222314 -0.200854 0.447000 138 147 140
-0.221158 -0.200854 0.447000 156 161 149
-0.219510 -0.200405 0.446000 155 160 148
-0.218357 -0.200405 0.446000 151 151 145
-0.217691 -0.200854 0.447000 78 78 72
-0.217019 -0.201304 0.448000 29 31 37
-0.216343 -0.201753 0.449000 35 37 43
-0.211462 -0.204898 0.456000 35 50 36
-0.210283 -0.204898 0.456000 32 47 33
-0.209104 -0.204898 0.456000 32 47 33
-0.207925 -0.204898 0.456000 33 48 34
-0.206292 -0.204449 0.455000 33 49 38
-0.205116 -0.204449 0.455000 33 49 38
-0.203939 -0.204449 0.455000 33 51 45
-0.202763 -0.204449 0.455000 32 50 44
-0.201143 -0.204000 0.454000 29 47 45
-0.199970 -0.204000 0.454000 27 45 43
-0.197920 -0.203101 0.452000 26 43 44
-0.196316 -0.202652 0.451000 26 43 44
-0.194717 -0.202202 0.450000 28 42 44
-0.193553 -0.202202 0.450000 33 47 49
-0.191962 -0.201753 0.449000 33 43 46
-0.190376 -0.201304 0.448000 33 43 46
-0.188796 -0.200854 0.447000 41 43 49
-0.186067 -0.200405 0.446000 48 43 53
-0.184914 -0.200405 0.446000 43 38 48
-0.183760 -0.200405 0.446000 89 85 90
-0.182607 -0.200405 0.446000 150 146 151
-0.181861 -0.200854 0.447000 155 154 154
-0.180705 -0.200854 0.447000 175 174 174
-0.179549 -0.200854 0.447000 149 155 155
-0.177994 -0.200405 0.446000 54 60 60
-0.165624 -0.208044 0.463000 150 153 152
-0.164782 -0.208493 0.464000 145 146 140
-0.163582 -0.208493 0.464000 136 137 131
-0.162733 -0.208942 0.465000 131 135 128
-0.161530 -0.208942 0.465000 130 134 127
-0.160328 -0.208942 0.465000 140 144 137
-0.159126 -0.208942 0.465000 148 152 145
-0.156721 -0.208942 0.465000 149 159 147
-0.154648 -0.209392 0.466000 112 121 112
-0.153114 -0.208942 0.465000 81 92 88
-0.150061 -0.208044 0.463000 31 44 39
-0.148864 -0.208044 0.463000 31 44 39
-0.147667 -0.208044 0.463000 36 49 46
-0.146470 -0.208044 0.463000 38 51 48
-0.145272 -0.208044 0.463000 37 50 49
-0.144075 -0.208044 0.463000 38 51 50
-0.142878 -0.208044 0.463000 38 51 48
-0.141987 -0.208493 0.464000 37 50 47
-0.140787 -0.208493 0.464000 37 48 44
-0.139587 -0.208493 0.464000 36 47 43
-0.138388 -0.208493 0.464000 40 47 41
-0.137483 -0.208942 0.465000 43 50 44
-0.136574 -0.209392 0.466000 59 63 56
-0.135369 -0.209392 0.466000 78 82 75
-0.134452 -0.209841 0.467000 103 103 97
-0.133530 -0.210291 0.468000 137 137 131
-0.132320 -0.210291 0.468000 152 154 143
-0.090352 -0.217031 0.483000 37 47 50
-0.089103 -0.217031 0.483000 36 48 50
-0.087855 -0.217031 0.483000 45 57 59
-0.086606 -0.217031 0.483000 43 56 55
-0.085357 -0.217031 0.483000 36 49 48
-0.084108 -0.217031 0.483000 37 52 51
-0.082859 -0.217031 0.483000 35 50 49
-0.081610 -0.217031 0.483000 34 49 48
-0.080361 -0.217031 0.483000 37 52 51
-0.079112 -0.217031 0.483000 34 49 48
-0.077864 -0.217031 0.483000 30 45 44
-0.075522 -0.217480 0.484000 31 46 45
-0.074270 -0.217480 0.484000 30 45 44
-0.073019 -0.217480 0.484000 31 46 45
-0.071767 -0.217480 0.484000 33 48 47
-0.070516 -0.217480 0.484000 30 45 44
-0.069264 -0.217480 0.484000 30 45 42
-0.068013 -0.217480 0.484000 31 46 43
-0.066762 -0.217480 0.484000 35 48 45
-0.065510 -0.217480 0.484000 36 49 46
-0.064259 -0.217480 0.484000 35 50 49
-0.063007 -0.217480 0.484000 33 48 47
-0.061756 -0.217480 0.484000 29 47 43
-0.060379 -0.217031 0.483000 31 49 45
-0.059130 -0.217031 0.483000 28 48 43
-0.057881 -0.217031 0.483000 28 48 43
-0.056515 -0.216581 0.482000 28 48 43
-0.055269 -0.216581 0.482000 28 48 43
-0.054023 -0.216581 0.482000 28 48 43
-0.052776 -0.216581 0.482000 28 48 43
-0.051423 -0.216132 0.481000 31 51 48
-0.050179 -0.216132 0.481000 30 50 47
-0.048936 -0.216132 0.481000 30 50 47
-0.047692 -0.216132 0.481000 30 50 47
-0.046448 -0.216132 0.481000 28 48 45
-0.045205 -0.216132 0.481000 27 47 44
-0.043961 -0.216132 0.481000 29 47 45
-0.042717 -0.216132 0.481000 28 46 44
-0.041387 -0.215683 0.480000 29 47 43
-0.040062 -0.215233 0.479000 29 47 43
-0.038824 -0.215233 0.479000 29 47 43
-0.037350 -0.213885 0.476000 32 50 46
-0.035967 -0.212987 0.474000 30 50 45
-0.033446 -0.212537 0.473000 35 50 45
-0.032154 -0.212088 0.472000 34 49 44
-0.030934 -0.212088 0.472000 36 49 44
-0.009884 -0.205797 0.458000 48 75 86
-0.008700 -0.205797 0.458000 34 76 95
-0.007532 -0.206246 0.459000 44 86 105
-0.006332 -0.205797 0.458000 39 85 107
-0.005159 -0.206246 0.459000 27 73 95
-0.003972 -0.206246 0.459000 16 63 80
-0.002791 -0.206696 0.460000 7 54 71
-0.001602 -0.206696 0.460000 30 73 85
-0.000413 -0.207145 0.461000 66 109 121
0.000779 -0.207145 0.461000 124 152 156
0.001971 -0.207145 0.461000 144 172 176
0.004364 -0.207594 0.462000 153 166 153
0.038304 -0.210291 0.468000 41 83 100
0.039514 -0.210291 0.468000 40 77 94
0.040637 -0.209841 0.467000 40 77 94
0.041844 -0.209841 0.467000 41 76 91
0.043052 -0.209841 0.467000 41 76 91
0.044260 -0.209841 0.467000 40 75 90
0.045467 -0.209841 0.467000 39 74 89
0.046774 -0.210291 0.468000 41 76 91
0.047985 -0.210291 0.468000 39 74 89
0.049090 -0.209841 0.467000 36 74 88
0.050297 -0.209841 0.467000 34 72 86
0.051505 -0.209841 0.467000 36 76 87
0.052712 -0.209841 0.467000 37 77 88
0.053920 -0.209841 0.467000 36 76 87
0.055127 -0.209841 0.467000 33 73 84
0.056214 -0.209392 0.466000 33 73 84
0.057296 -0.208942 0.465000 35 75 86
0.058372 -0.208493 0.464000 36 76 89
0.059444 -0.208044 0.463000 36 76 89
0.060510 -0.207594 0.462000 37 76 92
0.061704 -0.207594 0.462000 36 75 91
0.062763 -0.207145 0.461000 38 77 93
0.063955 -0.207145 0.461000 37 76 92
0.065006 -0.206696 0.460000 39 76 93
0.066195 -0.206696 0.460000 34 71 88
0.106939 -0.248934 0.554000 22 55 70
0.108175 -0.248484 0.553000 23 56 71
0.109605 -0.248484 0.553000 27 58 72
0.110834 -0.248035 0.552000 28 59 73
0.100796 -0.209392 0.466000 31 63 74
0.102001 -0.209392 0.466000 31 63 72
0.102985 -0.208942 0.465000 31 63 72
0.105389 -0.208942 0.465000 39 71 82
0.106592 -0.208942 0.465000 48 75 86
0.108026 -0.209392 0.466000 56 83 94
0.109231 -0.209392 0.466000 68 90 102
-0.270321 -0.208185 0.466000 67 72 58
-0.269116 -0.208185 0.466000 54 61 53
-0.267911 -0.208185 0.466000 41 48 40
-0.264932 -0.207739 0.465000 30 41 37
-0.263162 -0.207292 0.464000 34 42 41
-0.261398 -0.206845 0.463000 34 42 41
-0.259639 -0.206398 0.462000 33 41 40
-0.258444 -0.206398 0.462000 34 42 41
-0.256693 -0.205951 0.461000 31 43 35
-0.255501 -0.205951 0.461000 32 44 36
-0.253757 -0.205505 0.460000 29 41 33
-0.252568 -0.205505 0.460000 29 41 33
-0.250832 -0.205058 0.459000 30 42 34
-0.249101 -0.204611 0.458000 32 44 36
-0.246834 -0.203718 0.456000 33 43 31
-0.245655 -0.203718 0.456000 32 42 30
-0.243940 -0.203271 0.455000 29 42 29
-0.242763 -0.203271 0.455000 30 43 30
-0.241056 -0.202824 0.454000 30 44 33
-0.239354 -0.202378 0.453000 28 42 31
-0.238182 -0.202378 0.453000 29 43 32
-0.236488 -0.201931 0.452000 26 40 29
-0.234798 -0.201484 0.451000 27 39 31
-0.233632 -0.201484 0.451000 29 41 33
-0.231951 -0.201037 0.450000 32 43 39
-0.230787 -0.201037 0.450000 30 41 37
-0.229113 -0.200591 0.449000 31 43 35
-0.227952 -0.200591 0.449000 29 41 33
-0.226791 -0.200591 0.449000 32 44 34
-0.225128 -0.200144 0.448000 31 43 33
-0.222314 -0.199697 0.447000 70 79 70
-0.221158 -0.199697 0.447000 138 142 135
-0.219510 -0.199250 0.446000 152 156 149
-0.218357 -0.199250 0.446000 153 155 146
-0.216535 -0.199697 0.447000 80 79 81
-0.183017 -0.199697 0.447000 104 95 100
-0.181861 -0.199697 0.447000 137 136 136
-0.180705 -0.199697 0.447000 153 152 152
-0.179549 -0.199697 0.447000 171 178 172
-0.178393 -0.199697 0.447000 149 156 150
-0.176841 -0.199250 0.446000 54 62 63
-0.175688 -0.199250 0.446000 34 42 43
-0.165267 -0.206398 0.462000 142 146 141
-0.164072 -0.206398 0.462000 137 141 134
-0.162877 -0.206398 0.462000 133 137 130
-0.162033 -0.206845 0.463000 129 133 126
-0.160836 -0.206845 0.463000 131 135 128
-0.159983 -0.207292 0.464000 140 148 137
-0.158783 -0.207292 0.464000 146 154 143
-0.157584 -0.207292 0.464000 133 142 133
-0.156721 -0.207739 0.465000 102 111 102
-0.147348 -0.206398 0.462000 36 49 44
-0.146153 -0.206398 0.462000 36 49 44
-0.144959 -0.206398 0.462000 37 50 47
-0.143764 -0.206398 0.462000 37 50 47
-0.142569 -0.206398 0.462000 37 50 47
-0.141375 -0.206398 0.462000 38 51 48
-0.140180 -0.206398 0.462000 34 49 46
-0.139287 -0.206845 0.463000 35 50 47
-0.138089 -0.206845 0.463000 38 51 46
-0.136892 -0.206845 0.463000 36 49 44
-0.135988 -0.207292 0.464000 40 47 41
-0.135079 -0.207739 0.465000 39 46 40
-0.134164 -0.208185 0.466000 36 43 35
-0.132959 -0.208185 0.466000 41 48 40
-0.132037 -0.208632 0.467000 48 57 48
-0.130830 -0.208632 0.467000 81 90 81
-0.129900 -0.209079 0.468000 113 118 108
-0.084108 -0.215780 0.483000 36 49 48
-0.082859 -0.215780 0.483000 33 46 45
-0.081610 -0.215780 0.483000 34 49 48
-0.080361 -0.215780 0.483000 36 51 50
-0.078025 -0.216227 0.484000 30 44 48
-0.076773 -0.216227 0.484000 35 49 51
-0.075522 -0.216227 0.484000 35 49 51
-0.074270 -0.216227 0.484000 35 49 51
-0.073170 -0.216673 0.485000 35 49 51
-0.071916 -0.216673 0.485000 33 48 47
-0.070662 -0.216673 0.485000 33 48 47
-0.069408 -0.216673 0.485000 33 48 45
-0.068154 -0.216673 0.485000 35 50 47
-0.066899 -0.216673 0.485000 38 51 48
-0.065645 -0.216673 0.485000 36 49 46
-0.064259 -0.216227 0.484000 35 48 45
-0.063007 -0.216227 0.484000 35 48 45
-0.061756 -0.216227 0.484000 30 45 42
-0.060504 -0.216227 0.484000 30 45 42
-0.059253 -0.216227 0.484000 27 45 41
-0.057881 -0.215780 0.483000 28 46 42
-0.056633 -0.215780 0.483000 27 47 42
-0.055384 -0.215780 0.483000 30 50 45
-0.054135 -0.215780 0.483000 28 48 43
-0.052886 -0.215780 0.483000 27 47 42
-0.051530 -0.215333 0.482000 27 47 44
-0.050284 -0.215333 0.482000 30 50 47
-0.049037 -0.215333 0.482000 28 48 45
-0.047791 -0.215333 0.482000 28 48 45
-0.046545 -0.215333 0.482000 26 46 43
-0.045205 -0.214886 0.481000 26 46 43
-0.044052 -0.215333 0.482000 31 49 47
-0.042717 -0.214886 0.481000 27 45 43
-0.041387 -0.214440 0.480000 26 46 41
-0.040062 -0.213993 0.479000 27 47 42
-0.038824 -0.213993 0.479000 28 48 43
-0.037350 -0.212653 0.476000 27 47 42
-0.035967 -0.211759 0.474000 28 48 43
-0.034669 -0.211312 0.473000 28 48 43
-0.033446 -0.211312 0.473000 29 47 41
-0.032154 -0.210866 0.472000 29 47 41
-0.030868 -0.210419 0.471000 33 48 43
-0.029651 -0.210419 0.471000 34 49 44
-0.028433 -0.210419 0.471000 34 49 46
-0.009884 -0.204611 0.458000 39 78 98
-0.008700 -0.204611 0.458000 36 79 102
-0.007516 -0.204611 0.458000 33 76 99
-0.006345 -0.205058 0.459000 27 70 91
-0.005159 -0.205058 0.459000 18 61 82
-0.003972 -0.205058 0.459000 18 58 71
-0.002791 -0.205505 0.460000 21 61 74
-0.001602 -0.205505 0.460000 34 67 71
-0.000413 -0.205951 0.461000 21 54 58
0.000779 -0.205951 0.461000 69 88 88
0.001971 -0.205951 0.461000 111 130 130
0.038304 -0.209079 0.468000 13 55 72
0.039514 -0.209079 0.468000 11 50 68
0.040724 -0.209079 0.468000 9 48 66
0.041934 -0.209079 0.468000 12 49 66
0.043144 -0.209079 0.468000 13 50 67
0.044354 -0.209079 0.468000 11 48 65
0.045564 -0.209079 0.468000 11 48 65
0.046774 -0.209079 0.468000 11 48 65
0.047985 -0.209079 0.468000 13 50 67
0.049195 -0.209079 0.468000 18 56 70
0.050405 -0.209079 0.468000 17 55 69
0.051615 -0.209079 0.468000 17 55 67
0.052712 -0.208632 0.467000 16 54 66
0.053920 -0.208632 0.467000 18 58 69
0.055127 -0.208632 0.467000 21 61 72
0.056214 -0.208185 0.466000 29 67 79
0.057296 -0.207739 0.465000 34 72 84
0.058372 -0.207292 0.464000 36 74 88
0.059444 -0.206845 0.463000 36 74 88
0.060510 -0.206398 0.462000 37 77 90
0.061704 -0.206398 0.462000 36 76 89
0.062763 -0.205951 0.461000 35 74 90
0.063955 -0.205951 0.461000 38 77 93
0.065147 -0.205951 0.461000 41 78 95
0.066195 -0.205505 0.460000 44 81 98
0.068425 -0.205058 0.459000 48 81 96
0.069460 -0.204611 0.458000 47 76 88
0.097807 -0.209525 0.469000 34 57 74
0.100580 -0.207739 0.465000 37 60 77
0.101563 -0.207292 0.464000 41 64 81
0.102763 -0.207292 0.464000 42 65 82
0.103963 -0.207292 0.464000 44 67 84
0.105163 -0.207292 0.464000 46 69 86
0.106362 -0.207292 0.464000 44 67 84
0.107562 -0.207292 0.464000 44 67 84
0.108996 -0.207739 0.465000 43 66 85
0.110199 -0.207739 0.465000 46 69 88
0.111401 -0.207739 0.465000 48 71 88
0.112603 -0.207739 0.465000 50 73 90
0.115255 -0.208185 0.466000 57 81 95
0.116460 -0.208185 0.466000 79 101 111
-0.271526 -0.206979 0.466000 51 59 48
-0.270321 -0.206979 0.466000 40 48 37
-0.269116 -0.206979 0.466000 32 40 37
-0.267911 -0.206979 0.466000 32 40 37
-0.266706 -0.206979 0.466000 27 38 34
-0.265501 -0.206979 0.466000 27 38 34
-0.264296 -0.206979 0.466000 31 39 36
-0.263092 -0.206979 0.466000 32 40 37
-0.260763 -0.206090 0.464000 30 41 39
-0.259003 -0.205646 0.463000 32 43 41
-0.257806 -0.205646 0.463000 31 45 36
-0.256055 -0.205202 0.462000 32 46 37
-0.254860 -0.205202 0.462000 28 42 33
-0.253666 -0.205202 0.462000 28 42 33
-0.251925 -0.204758 0.461000 30 42 34
-0.250733 -0.204758 0.461000 29 41 33
-0.249541 -0.204758 0.461000 31 43 33
-0.247810 -0.204314 0.460000 29 41 31
-0.246084 -0.203870 0.459000 27 40 27
-0.244364 -0.203425 0.458000 25 38 25
-0.242118 -0.202537 0.456000 24 39 25
-0.240410 -0.202093 0.455000 25 40 26
-0.239234 -0.202093 0.455000 28 43 29
-0.237534 -0.201649 0.454000 26 41 27
-0.235840 -0.201205 0.453000 30 42 34
-0.234150 -0.200760 0.452000 31 43 35
-0.232466 -0.200316 0.451000 33 42 35
-0.230787 -0.199872 0.450000 35 44 37
-0.229113 -0.199428 0.449000 35 44 35
-0.227952 -0.199428 0.449000 34 43 34
-0.226286 -0.198984 0.448000 35 45 33
-0.225128 -0.198984 0.448000 38 48 36
-0.223970 -0.198984 0.448000 40 47 39
-0.221158 -0.198540 0.447000 71 75 68
-0.219510 -0.198095 0.446000 131 135 128
-0.218357 -0.198095 0.446000 155 155 149
-0.176082 -0.198540 0.447000 70 78 75
-0.168485 -0.204758 0.461000 53 59 59
-0.167293 -0.204758 0.461000 113 119 119
-0.166101 -0.204758 0.461000 148 152 145
-0.165267 -0.205202 0.462000 136 140 133
-0.164072 -0.205202 0.462000 134 138 131
-0.162877 -0.205202 0.462000 129 133 126
-0.162033 -0.205646 0.463000 127 134 126
-0.160836 -0.205646 0.463000 139 146 138
-0.159638 -0.205646 0.463000 132 140 129
-0.158783 -0.206090 0.464000 93 101 90
-0.145837 -0.204758 0.461000 33 49 40
-0.144645 -0.204758 0.461000 34 49 46
-0.143453 -0.204758 0.461000 34 49 46
-0.142261 -0.204758 0.461000 34 49 46
-0.141069 -0.204758 0.461000 34 49 46
-0.140180 -0.205202 0.462000 37 52 49
-0.138986 -0.205202 0.462000 37 52 49
-0.137791 -0.205202 0.462000 36 51 46
-0.136597 -0.205202 0.462000 34 49 44
-0.134498 -0.205646 0.463000 37 51 42
-0.133589 -0.206090 0.464000 36 50 39
-0.132674 -0.206535 0.465000 36 50 39
-0.131472 -0.206535 0.465000 36 50 41
-0.129345 -0.206979 0.466000 34 45 41
-0.128415 -0.207423 0.467000 41 52 48
-0.127207 -0.207423 0.467000 56 65 56
-0.076773 -0.214974 0.484000 37 49 53
-0.075522 -0.214974 0.484000 35 47 51
-0.074424 -0.215418 0.485000 36 48 50
-0.073170 -0.215418 0.485000 32 44 46
-0.071916 -0.215418 0.485000 35 48 47
-0.070662 -0.215418 0.485000 36 49 48
-0.069408 -0.215418 0.485000 35 48 47
-0.068154 -0.215418 0.485000 37 50 49
-0.066899 -0.215418 0.485000 38 51 50
-0.065645 -0.215418 0.485000 36 49 48
-0.064391 -0.215418 0.485000 35 48 47
-0.063137 -0.215418 0.485000 37 50 49
-0.061883 -0.215418 0.485000 34 49 48
-0.060629 -0.215418 0.485000 33 48 47
-0.059253 -0.214974 0.484000 31 46 43
-0.058001 -0.214974 0.484000 31 46 43
-0.056750 -0.214974 0.484000 29 47 41
-0.055498 -0.214974 0.484000 29 47 41
-0.054247 -0.214974 0.484000 27 47 42
-0.052995 -0.214974 0.484000 28 48 43
-0.051744 -0.214974 0.484000 30 50 47
-0.050492 -0.214974 0.484000 28 48 45
-0.049139 -0.214529 0.483000 28 48 45
-0.047890 -0.214529 0.483000 28 48 45
-0.046641 -0.214529 0.483000 27 45 43
-0.045393 -0.214529 0.483000 27 45 43
-0.044144 -0.214529 0.483000 28 46 44
-0.042806 -0.214085 0.482000 26 44 42
-0.041387 -0.213197 0.480000 25 45 40
-0.040062 -0.212753 0.479000 26 46 41
-0.038824 -0.212753 0.479000 26 46 41
-0.037350 -0.211420 0.476000 26 46 41
-0.035967 -0.210532 0.474000 26 46 41
-0.034669 -0.210088 0.473000 25 45 40
-0.033375 -0.209644 0.472000 28 46 42
-0.032086 -0.209199 0.471000 29 47 43
-0.030868 -0.209199 0.471000 29 47 43
-0.029651 -0.209199 0.471000 29 47 43
-0.028433 -0.209199 0.471000 31 49 45
-0.027215 -0.209199 0.471000 29 47 43
-0.025997 -0.209199 0.471000 32 45 44
-0.008700 -0.203425 0.458000 29 72 95
-0.007532 -0.203870 0.459000 20 63 86
-0.006345 -0.203870 0.459000 16 53 72
-0.005159 -0.203870 0.459000 13 50 69
-0.003980 -0.204314 0.460000 22 51 59
-0.002791 -0.204314 0.460000 23 52 60
-0.001605 -0.204758 0.461000 30 52 53
-0.000413 -0.204758 0.461000 29 51 52
0.036037 -0.208755 0.470000 9 51 68
0.037173 -0.208311 0.469000 8 50 67
0.038386 -0.208311 0.469000 8 50 67
0.039598 -0.208311 0.469000 7 46 64
0.040724 -0.207867 0.468000 7 46 64
0.041934 -0.207867 0.468000 11 45 63
0.043144 -0.207867 0.468000 14 48 66
0.044354 -0.207867 0.468000 13 48 63
0.045564 -0.207867 0.468000 13 48 63
0.046774 -0.207867 0.468000 11 46 61
0.047985 -0.207867 0.468000 11 46 61
0.049195 -0.207867 0.468000 11 46 61
0.050405 -0.207867 0.468000 13 48 63
0.051615 -0.207867 0.468000 14 49 64
0.052825 -0.207867 0.468000 11 46 61
0.053920 -0.207423 0.467000 11 46 61
0.055127 -0.207423 0.467000 12 47 62
0.056335 -0.207423 0.467000 10 45 60
0.057419 -0.206979 0.466000 13 48 63
0.058372 -0.206090 0.464000 14 47 62
0.059572 -0.206090 0.464000 19 52 67
0.060510 -0.205202 0.462000 18 53 66
0.061704 -0.205202 0.462000 26 61 74
0.062763 -0.204758 0.461000 27 65 79
0.063955 -0.204758 0.461000 36 74 88
0.065006 -0.204314 0.460000 33 71 85
0.066195 -0.204314 0.460000 37 75 89
0.067238 -0.203870 0.459000 38 73 88
0.068425 -0.203870 0.459000 48 83 98
0.069308 -0.202981 0.457000 56 88 99
0.070490 -0.202981 0.457000 56 88 99
0.097418 -0.210088 0.473000 35 55 70
0.100364 -0.206090 0.464000 35 50 65
0.101563 -0.206090 0.464000 38 50 66
0.102763 -0.206090 0.464000 38 50 66
0.103963 -0.206090 0.464000 35 55 68
0.105163 -0.206090 0.464000 37 57 70
0.106362 -0.206090 0.464000 42 63 80
0.107562 -0.206090 0.464000 45 66 83
0.108762 -0.206090 0.464000 46 68 90
0.109962 -0.206090 0.464000 46 68 90
0.111161 -0.206090 0.464000 46 71 92
0.112361 -0.206090 0.464000 51 76 97
0.113561 -0.206090 0.464000 51 78 98
0.114761 -0.206090 0.464000 52 79 99
0.115960 -0.206090 0.464000 52 79 99
0.117160 -0.206090 0.464000 53 80 100
0.118360 -0.206090 0.464000 57 81 95
-0.273381 -0.203564 0.461000 75 80 66
-0.273369 -0.204447 0.463000 52 57 43
-0.271526 -0.205772 0.466000 27 39 29
-0.270901 -0.206214 0.467000 30 42 32
-0.269116 -0.205772 0.466000 30 43 38
-0.268486 -0.206214 0.467000 29 42 37
-0.267279 -0.206214 0.467000 26 39 34
-0.266071 -0.206214 0.467000 30 43 38
-0.263656 -0.206214 0.467000 30 41 37
-0.262449 -0.206214 0.467000 27 38 34
-0.261241 -0.206214 0.467000 30 41 37
-0.259477 -0.205772 0.466000 29 42 37
-0.258272 -0.205772 0.466000 26 39 34
-0.256515 -0.205331 0.465000 25 39 30
-0.255313 -0.205331 0.465000 26 40 31
-0.253564 -0.204889 0.464000 28 42 33
-0.252364 -0.204889 0.464000 25 39 30
-0.250623 -0.204447 0.463000 26 38 28
-0.249426 -0.204447 0.463000 26 38 28
-0.247693 -0.204006 0.462000 28 43 29
-0.245965 -0.203564 0.461000 25 40 26
-0.244773 -0.203564 0.461000 28 43 29
-0.243052 -0.203123 0.460000 29 44 30
-0.240286 -0.201798 0.457000 31 46 32
-0.238581 -0.201356 0.456000 30 45 31
-0.235840 -0.200032 0.453000 34 46 36
-0.234150 -0.199590 0.452000 33 45 35
-0.232466 -0.199149 0.451000 39 48 39
-0.230787 -0.198707 0.450000 39 48 39
-0.229624 -0.198707 0.450000 38 48 36
-0.227952 -0.198265 0.449000 40 50 38
-0.226791 -0.198265 0.449000 42 52 40
-0.225630 -0.198265 0.449000 42 52 40
-0.223970 -0.197824 0.448000 37 49 39
-0.222811 -0.197824 0.448000 37 49 39
-0.219510 -0.196941 0.446000 54 61 55
-0.218357 -0.196941 0.446000 127 126 126
-0.168485 -0.203564 0.461000 132 139 133
-0.167293 -0.203564 0.461000 150 157 151
-0.166101 -0.203564 0.461000 140 144 137
-0.165267 -0.204006 0.462000 135 139 132
-0.164072 -0.204006 0.462000 129 133 126
-0.162877 -0.204006 0.462000 122 126 119
-0.162033 -0.204447 0.463000 118 125 117
-0.160836 -0.204447 0.463000 82 89 81
-0.159638 -0.204447 0.463000 50 61 59
-0.157584 -0.204889 0.464000 37 48 46
-0.156384 -0.204889 0.464000 38 49 47
-0.155184 -0.204889 0.464000 38 51 50
-0.148221 -0.203564 0.461000 34 49 44
-0.147029 -0.203564 0.461000 34 49 44
-0.145837 -0.203564 0.461000 34 49 44
-0.144645 -0.203564 0.461000 35 50 49
-0.143453 -0.203564 0.461000 35 50 49
-0.142261 -0.203564 0.461000 34 49 48
-0.141069 -0.203564 0.461000 34 49 48
-0.139877 -0.203564 0.461000 36 51 50
-0.138685 -0.203564 0.461000 31 46 45
-0.137493 -0.203564 0.461000 33 48 45
-0.136597 -0.204006 0.462000 31 46 43
-0.135402 -0.204006 0.462000 30 45 42
-0.134207 -0.204006 0.462000 33 48 45
-0.133301 -0.204447 0.463000 34 49 44
-0.132389 -0.204889 0.464000 34 49 44
-0.131189 -0.204889 0.464000 34 49 44
-0.130269 -0.205331 0.465000 33 48 43
-0.129345 -0.205772 0.466000 35 50 47
-0.128140 -0.205772 0.466000 35 50 47
-0.127207 -0.206214 0.467000 35 48 43
-0.126000 -0.206214 0.467000 32 45 40
-0.123320 -0.205772 0.466000 45 54 47
-0.122115 -0.205772 0.466000 63 72 63
-0.120910 -0.205772 0.466000 86 95 86
-0.119448 -0.205331 0.465000 112 117 103
-0.064391 -0.214162 0.485000 33 45 47
-0.063137 -0.214162 0.485000 36 48 50
-0.061883 -0.214162 0.485000 37 49 51
-0.060629 -0.214162 0.485000 33 45 47
-0.059375 -0.214162 0.485000 33 48 47
-0.058121 -0.214162 0.485000 34 49 48
-0.056867 -0.214162 0.485000 31 49 45
-0.055613 -0.214162 0.485000 29 47 43
-0.054359 -0.214162 0.485000 30 50 45
-0.052995 -0.213720 0.484000 30 50 45
-0.051744 -0.213720 0.484000 27 47 44
-0.050492 -0.213720 0.484000 27 47 44
-0.049241 -0.213720 0.484000 28 45 46
-0.047989 -0.213720 0.484000 28 45 46
-0.046738 -0.213720 0.484000 28 45 46
-0.045487 -0.213720 0.484000 28 45 46
-0.044235 -0.213720 0.484000 27 45 43
-0.042895 -0.213279 0.483000 26 44 42
-0.041473 -0.212396 0.481000 24 44 39
-0.040146 -0.211954 0.480000 24 44 39
-0.038824 -0.211513 0.479000 26 46 41
-0.037350 -0.210188 0.476000 26 46 41
-0.035967 -0.209305 0.474000 25 45 40
-0.034669 -0.208863 0.473000 25 45 40
-0.033375 -0.208422 0.472000 25 45 42
-0.032086 -0.207980 0.471000 26 46 43
-0.030868 -0.207980 0.471000 28 46 44
-0.029651 -0.207980 0.471000 27 45 43
-0.028433 -0.207980 0.471000 27 45 43
-0.027215 -0.207980 0.471000 29 47 45
-0.008719 -0.202681 0.459000 21 63 80
-0.007532 -0.202681 0.459000 12 54 71
-0.006359 -0.203123 0.460000 17 49 60
-0.005170 -0.203123 0.460000 14 46 57
-0.003980 -0.203123 0.460000 22 44 47
0.009242 -0.206214 0.467000 38 57 61
0.010472 -0.206655 0.468000 35 55 66
0.011732 -0.207538 0.470000 39 59 70
0.028929 -0.208863 0.473000 13 55 74
0.030152 -0.208863 0.473000 12 54 73
0.031375 -0.208863 0.473000 8 50 69
0.032529 -0.208422 0.472000 9 51 70
0.033749 -0.208422 0.472000 10 52 71
0.034896 -0.207980 0.471000 9 51 68
0.036114 -0.207980 0.471000 8 50 67
0.037331 -0.207980 0.471000 11 50 68
0.038467 -0.207538 0.470000 11 50 68
0.039683 -0.207538 0.470000 12 49 66
0.040898 -0.207538 0.470000 9 46 63
0.042113 -0.207538 0.470000 11 46 61
0.043236 -0.207097 0.469000 11 46 61
0.044544 -0.207538 0.470000 12 47 62
0.045759 -0.207538 0.470000 13 48 63
0.046974 -0.207538 0.470000 11 46 61
0.048087 -0.207097 0.469000 8 43 58
0.049300 -0.207097 0.469000 8 43 58
0.050512 -0.207097 0.469000 10 45 60
0.051615 -0.206655 0.468000 10 45 60
0.052825 -0.206655 0.468000 10 45 60
0.054035 -0.206655 0.468000 10 45 60
0.055127 -0.206214 0.467000 8 43 58
0.056335 -0.206214 0.467000 10 45 60
0.057419 -0.205772 0.466000 10 45 60
0.058498 -0.205331 0.465000 15 48 63
0.059572 -0.204889 0.464000 15 48 63
0.060641 -0.204447 0.463000 15 48 63
0.061704 -0.204006 0.462000 16 49 64
0.062763 -0.203564 0.461000 15 50 65
0.063955 -0.203564 0.461000 19 54 69
0.065006 -0.203123 0.460000 17 52 67
0.066195 -0.203123 0.460000 25 60 75
0.067238 -0.202681 0.459000 31 66 81
0.068425 -0.202681 0.459000 28 63 78
0.069308 -0.201798 0.457000 37 71 81
0.070490 -0.201798 0.457000 53 87 97
0.071515 -0.201356 0.456000 58 90 99
0.072694 -0.201356 0.456000 54 86 95
0.073873 -0.201356 0.456000 32 61 71
0.096195 -0.208863 0.473000 142 156 160
0.096594 -0.207097 0.469000 137 151 155
0.100364 -0.204889 0.464000 119 126 130
0.101563 -0.204889 0.464000 108 117 127
0.102763 -0.204889 0.464000 95 104 114
0.103739 -0.204447 0.463000 74 89 102
0.104936 -0.204447 0.463000 57 72 85
0.106133 -0.204447 0.463000 43 63 78
0.107330 -0.204447 0.463000 38 58 73
0.108528 -0.204447 0.463000 36 55 75
0.109725 -0.204447 0.463000 33 52 72
0.111161 -0.204889 0.464000 35 55 77
0.112361 -0.204889 0.464000 41 61 83
0.113561 -0.204889 0.464000 35 65 86
0.114761 -0.204889 0.464000 35 65 86
0.115960 -0.204889 0.464000 38 70 90
0.116908 -0.204447 0.463000 52 84 104
0.118105 -0.204447 0.463000 59 84 105
0.119302 -0.204447 0.463000 55 80 101
0.120239 -0.204006 0.462000 56 77 94
0.121434 -0.204006 0.462000 65 86 103
-0.273977 -0.201932 0.460000 48 56 43
-0.273381 -0.202371 0.461000 30 43 28
-0.271526 -0.204566 0.466000 29 43 32
-0.269694 -0.205004 0.467000 29 43 34
-0.268486 -0.205004 0.467000 28 42 33
-0.267279 -0.205004 0.467000 28 42 31
-0.266641 -0.205443 0.468000 30 44 33
-0.265431 -0.205443 0.468000 32 44 34
-0.264221 -0.205443 0.468000 29 41 31
-0.263011 -0.205443 0.468000 27 39 31
-0.258170 -0.205443 0.468000 26 40 31
-0.256411 -0.205004 0.467000 26 40 31
-0.255203 -0.205004 0.467000 28 42 33
-0.253996 -0.205004 0.467000 30 44 35
-0.252788 -0.205004 0.467000 30 42 32
-0.251581 -0.205004 0.467000 30 42 32
-0.249837 -0.204566 0.466000 31 46 32
-0.242914 -0.202810 0.462000 33 50 36
-0.241197 -0.202371 0.461000 33 50 36
-0.237402 -0.200176 0.456000 33 48 34
-0.234150 -0.198420 0.452000 36 51 37
-0.232466 -0.197981 0.451000 36 49 36
-0.231300 -0.197981 0.451000 34 47 34
-0.229624 -0.197542 0.450000 36 46 34
-0.228460 -0.197542 0.450000 36 46 34
-0.226791 -0.197103 0.449000 32 45 32
-0.225630 -0.197103 0.449000 33 46 33
-0.224469 -0.197103 0.449000 34 46 36
-0.222811 -0.196664 0.448000 37 49 39
-0.221158 -0.196225 0.447000 36 47 43
-0.218357 -0.195786 0.446000 48 51 52
-0.176476 -0.196664 0.448000 167 171 166
-0.175317 -0.196664 0.448000 170 173 172
-0.168485 -0.202371 0.461000 147 154 146
-0.167293 -0.202371 0.461000 140 147 139
-0.166101 -0.202371 0.461000 137 141 134
-0.164072 -0.202810 0.462000 124 128 123
-0.162877 -0.202810 0.462000 95 99 94
-0.162033 -0.203249 0.463000 63 69 67
-0.160836 -0.203249 0.463000 46 52 50
-0.158441 -0.203249 0.463000 34 45 45
-0.157584 -0.203688 0.464000 36 46 49
-0.156384 -0.203688 0.464000 37 47 50
-0.148221 -0.202371 0.461000 35 49 51
-0.147029 -0.202371 0.461000 34 48 50
-0.145837 -0.202371 0.461000 35 49 51
-0.144645 -0.202371 0.461000 35 49 51
-0.143453 -0.202371 0.461000 35 49 51
-0.142261 -0.202371 0.461000 34 48 50
-0.141069 -0.202371 0.461000 34 48 50
-0.139877 -0.202371 0.461000 35 49 51
-0.138685 -0.202371 0.461000 35 49 51
-0.137493 -0.202371 0.461000 31 49 47
-0.136301 -0.202371 0.461000 31 49 47
-0.135402 -0.202810 0.462000 31 49 47
-0.134207 -0.202810 0.462000 31 49 47
-0.133301 -0.203249 0.463000 31 49 45
-0.132389 -0.203688 0.464000 31 49 45
-0.131189 -0.203688 0.464000 31 49 45
-0.130269 -0.204127 0.465000 31 49 45
-0.129345 -0.204566 0.466000 31 49 45
-0.128140 -0.204566 0.466000 34 52 48
-0.127207 -0.205004 0.467000 35 50 47
-0.126000 -0.205004 0.467000 35 50 47
-0.124792 -0.205004 0.467000 36 52 43
-0.123320 -0.204566 0.466000 36 52 43
-0.122115 -0.204566 0.466000 34 49 44
-0.120910 -0.204566 0.466000 33 48 43
-0.119448 -0.204127 0.465000 36 46 34
-0.118246 -0.204127 0.465000 46 56 44
-0.117044 -0.204127 0.465000 58 66 51
-0.059375 -0.212906 0.485000 34 51 54
-0.058121 -0.212906 0.485000 39 56 59
-0.056867 -0.212906 0.485000 35 53 49
-0.055613 -0.212906 0.485000 28 46 42
-0.054359 -0.212906 0.485000 28 48 43
-0.053105 -0.212906 0.485000 30 50 45
-0.051851 -0.212906 0.485000 28 46 44
-0.050597 -0.212906 0.485000 29 47 45
-0.049343 -0.212906 0.485000 30 44 46
-0.048089 -0.212906 0.485000 31 45 47
-0.046835 -0.212906 0.485000 31 45 49
-0.045581 -0.212906 0.485000 33 47 51
-0.044235 -0.212467 0.484000 28 45 48
-0.042984 -0.212467 0.484000 27 44 47
-0.041646 -0.212028 0.483000 26 46 43
-0.040230 -0.211150 0.481000 25 45 42
-0.038824 -0.210272 0.479000 26 46 43
-0.037350 -0.208955 0.476000 25 45 42
-0.035967 -0.208077 0.474000 23 43 40
-0.034669 -0.207638 0.473000 24 44 41
-0.033375 -0.207199 0.472000 25 45 42
-0.032086 -0.206760 0.471000 24 44 41
-0.030868 -0.206760 0.471000 25 43 41
-0.029651 -0.206760 0.471000 25 43 41
-0.028433 -0.206760 0.471000 25 43 41
-0.027215 -0.206760 0.471000 26 44 42
-0.025997 -0.206760 0.471000 24 35 33
-0.024832 -0.207199 0.472000 51 62 60
-0.023611 -0.207199 0.472000 126 137 135
-0.009906 -0.201493 0.459000 10 57 72
-0.008719 -0.201493 0.459000 13 49 59
-0.007549 -0.201932 0.460000 12 48 58
-0.006359 -0.201932 0.460000 19 44 49
0.008017 -0.204566 0.466000 33 60 73
0.009242 -0.205004 0.467000 40 67 80
0.010449 -0.205004 0.467000 40 68 83
0.011682 -0.205443 0.468000 44 72 87
0.028929 -0.207638 0.473000 12 56 74
0.030152 -0.207638 0.473000 10 52 69
0.031375 -0.207638 0.473000 10 52 69
0.032598 -0.207638 0.473000 12 51 69
0.033749 -0.207199 0.472000 14 53 71
0.034970 -0.207199 0.472000 10 49 67
0.036190 -0.207199 0.472000 9 48 66
0.037411 -0.207199 0.472000 10 49 65
0.038631 -0.207199 0.472000 7 46 62
0.039767 -0.206760 0.471000 8 46 60
0.040985 -0.206760 0.471000 5 43 57
0.042203 -0.206760 0.471000 4 39 52
0.043421 -0.206760 0.471000 7 42 55
0.044639 -0.206760 0.471000 6 41 54
0.045856 -0.206760 0.471000 5 40 53
0.047074 -0.206760 0.471000 6 41 54
0.048292 -0.206760 0.471000 6 41 54
0.049510 -0.206760 0.471000 3 41 53
0.050620 -0.206321 0.470000 6 44 56
0.051835 -0.206321 0.470000 6 44 58
0.052938 -0.205882 0.469000 6 44 58
0.054151 -0.205882 0.469000 6 44 58
0.055245 -0.205443 0.468000 8 46 60
0.056455 -0.205443 0.468000 11 45 63
0.057542 -0.205004 0.467000 10 44 62
0.058624 -0.204566 0.466000 12 46 64
0.059572 -0.203688 0.464000 12 46 64
0.060641 -0.203249 0.463000 13 47 65
0.061704 -0.202810 0.462000 14 48 66
0.062763 -0.202371 0.461000 14 49 64
0.063955 -0.202371 0.461000 14 49 64
0.065006 -0.201932 0.460000 14 49 64
0.066195 -0.201932 0.460000 14 49 64
0.067238 -0.201493 0.459000 18 53 68
0.068425 -0.201493 0.459000 20 55 70
0.069308 -0.200615 0.457000 22 55 68
0.070336 -0.200176 0.456000 34 67 80
0.071515 -0.200176 0.456000 43 75 84
0.072694 -0.200176 0.456000 52 84 93
0.073873 -0.200176 0.456000 56 85 95
0.096388 -0.205443 0.468000 159 173 164
0.098386 -0.204566 0.466000 161 170 163
0.100364 -0.203688 0.464000 162 170 167
0.101345 -0.203249 0.463000 166 174 173
0.102542 -0.203249 0.463000 167 175 174
0.103739 -0.203249 0.463000 163 175 177
0.104936 -0.203249 0.463000 159 171 173
0.105904 -0.202810 0.462000 155 165 170
0.107330 -0.203249 0.463000 147 157 162
0.108528 -0.203249 0.463000 133 142 152
0.109725 -0.203249 0.463000 109 118 128
0.110922 -0.203249 0.463000 84 96 110
0.112119 -0.203249 0.463000 64 76 90
0.113316 -0.203249 0.463000 37 60 79
0.114513 -0.203249 0.463000 30 53 72
0.115711 -0.203249 0.463000 27 54 74
0.116655 -0.202810 0.462000 31 58 78
0.117850 -0.202810 0.462000 40 65 88
0.118787 -0.202371 0.461000 47 72 95
0.119979 -0.202371 0.461000 54 79 102
0.121171 -0.202371 0.461000 54 79 102
-0.275132 -0.198995 0.456000 64 72 59
-0.273977 -0.200741 0.460000 25 34 25
-0.273381 -0.201177 0.461000 29 42 29
-0.271526 -0.203359 0.466000 25 40 26
-0.270901 -0.203795 0.467000 25 40 26
-0.269694 -0.203795 0.467000 29 43 32
-0.269061 -0.204232 0.468000 25 39 28
-0.267851 -0.204232 0.468000 27 39 29
-0.266641 -0.204232 0.468000 30 42 32
-0.266565 -0.205105 0.470000 29 38 29
-0.265350 -0.205105 0.470000 27 36 27
-0.264135 -0.205105 0.470000 26 38 28
-0.263479 -0.205541 0.471000 26 38 28
-0.260489 -0.205105 0.470000 29 43 34
-0.259273 -0.205105 0.470000 29 44 39
-0.258058 -0.205105 0.470000 29 44 39
-0.256843 -0.205105 0.470000 30 44 35
-0.255628 -0.205105 0.470000 33 47 38
-0.254412 -0.205105 0.470000 32 46 37
-0.253197 -0.205105 0.470000 32 46 37
-0.251982 -0.205105 0.470000 35 49 38
-0.250233 -0.204668 0.469000 35 49 38
-0.245018 -0.203359 0.466000 28 44 33
-0.242766 -0.202486 0.464000 27 43 32
-0.237922 -0.199431 0.457000 26 42 31
-0.234668 -0.197686 0.453000 26 42 31
-0.232982 -0.197249 0.452000 28 42 31
-0.231300 -0.196813 0.451000 29 43 32
-0.229624 -0.196377 0.450000 31 44 31
-0.228460 -0.196377 0.450000 31 44 31
-0.227297 -0.196377 0.450000 30 45 31
-0.225630 -0.195940 0.449000 30 45 31
-0.224469 -0.195940 0.449000 32 47 33
-0.222811 -0.195504 0.448000 33 48 34
-0.221158 -0.195067 0.447000 33 47 38
-0.220002 -0.195067 0.447000 31 45 36
-0.175317 -0.195504 0.448000 163 167 162
-0.168485 -0.201177 0.461000 144 148 141
-0.167293 -0.201177 0.461000 133 137 130
-0.166101 -0.201177 0.461000 133 137 130
-0.165267 -0.201613 0.462000 130 134 127
-0.164072 -0.201613 0.462000 136 140 135
-0.162877 -0.201613 0.462000 145 149 144
-0.161683 -0.201613 0.462000 147 151 146
-0.158441 -0.202050 0.463000 99 106 100
-0.157244 -0.202050 0.463000 75 78 79
-0.156047 -0.202050 0.463000 63 66 67
-0.154850 -0.202050 0.463000 48 59 59
-0.153321 -0.201613 0.462000 40 51 51
-0.152126 -0.201613 0.462000 35 47 49
-0.150605 -0.201177 0.461000 32 44 46
-0.149413 -0.201177 0.461000 35 47 51
-0.148221 -0.201177 0.461000 33 45 49
-0.147029 -0.201177 0.461000 34 48 52
-0.145837 -0.201177 0.461000 36 50 54
-0.144645 -0.201177 0.461000 34 48 54
-0.143453 -0.201177 0.461000 33 47 53
-0.142261 -0.201177 0.461000 34 48 54
-0.141069 -0.201177 0.461000 37 51 57
-0.139877 -0.201177 0.461000 36 49 58
-0.138685 -0.201177 0.461000 36 49 58
-0.137493 -0.201177 0.461000 32 49 54
-0.136301 -0.201177 0.461000 31 48 53
-0.135402 -0.201613 0.462000 33 50 53
-0.134207 -0.201613 0.462000 32 49 52
-0.133301 -0.202050 0.463000 30 49 49
-0.132389 -0.202486 0.464000 30 49 49
-0.131472 -0.202923 0.465000 31 51 48
-0.130550 -0.203359 0.466000 28 48 45
-0.129345 -0.203359 0.466000 29 47 43
-0.128140 -0.203359 0.466000 29 47 43
-0.127207 -0.203795 0.467000 35 50 45
-0.126000 -0.203795 0.467000 34 49 44
-0.124792 -0.203795 0.467000 31 47 38
-0.123320 -0.203359 0.466000 33 49 40
-0.122115 -0.203359 0.466000 33 51 45
-0.120910 -0.203359 0.466000 34 52 46
-0.119448 -0.202923 0.465000 38 52 41
-0.118246 -0.202923 0.465000 42 56 45
-0.116792 -0.202486 0.464000 42 52 38
-0.115592 -0.202486 0.464000 38 48 34
-0.114392 -0.202486 0.464000 39 49 37
-0.113193 -0.202486 0.464000 48 58 46
-0.111752 -0.202050 0.463000 71 79 66
-0.051851 -0.211650 0.485000 47 62 61
-0.050597 -0.211650 0.485000 40 55 54
-0.049343 -0.211650 0.485000 32 45 44
-0.048089 -0.211650 0.485000 35 48 47
-0.046835 -0.211650 0.485000 37 49 51
-0.045581 -0.211650 0.485000 36 48 50
-0.044326 -0.211650 0.485000 28 45 48
-0.043072 -0.211650 0.485000 26 43 46
-0.041732 -0.211214 0.484000 27 45 43
-0.040313 -0.210341 0.482000 28 46 44
-0.038905 -0.209468 0.480000 27 45 41
-0.037428 -0.208159 0.477000 27 45 41
-0.035967 -0.206850 0.474000 25 43 41
-0.034669 -0.206414 0.473000 25 43 41
-0.033375 -0.205977 0.472000 24 42 40
-0.032086 -0.205541 0.471000 24 42 40
-0.030868 -0.205541 0.471000 24 42 40
-0.029651 -0.205541 0.471000 25 43 41
-0.028433 -0.205541 0.471000 25 42 43
-0.026052 -0.205977 0.472000 18 31 28
-0.024832 -0.205977 0.472000 99 112 109
-0.009927 -0.200741 0.460000 8 46 58
-0.008738 -0.200741 0.460000 13 44 44
0.005571 -0.202050 0.463000 29 57 72
0.006783 -0.202486 0.464000 34 62 77
0.008000 -0.202923 0.465000 32 63 77
0.009202 -0.202923 0.465000 37 68 82
0.010427 -0.203359 0.466000 37 67 86
0.027706 -0.206414 0.473000 15 59 77
0.028929 -0.206414 0.473000 12 56 74
0.030152 -0.206414 0.473000 8 52 70
0.031375 -0.206414 0.473000 7 51 69
0.032598 -0.206414 0.473000 9 48 66
0.033821 -0.206414 0.473000 9 48 66
0.035044 -0.206414 0.473000 8 45 62
0.036267 -0.206414 0.473000 6 43 60
0.037490 -0.206414 0.473000 10 45 60
0.038631 -0.205977 0.472000 10 45 60
0.039936 -0.206414 0.473000 13 48 61
0.041072 -0.205977 0.472000 14 49 62
0.042382 -0.206414 0.473000 17 50 63
0.043513 -0.205977 0.472000 22 55 68
0.044828 -0.206414 0.473000 22 57 70
0.046051 -0.206414 0.473000 24 59 72
0.047274 -0.206414 0.473000 19 54 67
0.048395 -0.205977 0.472000 26 61 74
0.049615 -0.205977 0.472000 25 64 73
0.050836 -0.205977 0.472000 22 61 70
0.052056 -0.205977 0.472000 17 55 67
0.053276 -0.205977 0.472000 16 54 66
0.054381 -0.205541 0.471000 12 50 62
0.055481 -0.205105 0.470000 8 46 58
0.056697 -0.205105 0.470000 6 44 58
0.057665 -0.204232 0.468000 4 42 56
0.058750 -0.203795 0.467000 10 43 58
0.059829 -0.203359 0.466000 6 39 54
0.060772 -0.202486 0.464000 6 37 51
0.061704 -0.201613 0.462000 11 42 56
0.062763 -0.201177 0.461000 15 50 63
0.063955 -0.201177 0.461000 17 52 65
0.065006 -0.200741 0.460000 17 52 67
0.066195 -0.200741 0.460000 12 47 62
0.067238 -0.200304 0.459000 12 47 62
0.068276 -0.199868 0.458000 12 47 62
0.069308 -0.199431 0.457000 15 48 61
0.070336 -0.198995 0.456000 20 53 66
0.071515 -0.198995 0.456000 15 47 58
0.072694 -0.198995 0.456000 28 60 71
0.073873 -0.198995 0.456000 37 69 78
0.074887 -0.198559 0.455000 60 92 101
0.076064 -0.198559 0.455000 98 121 126
0.098175 -0.202923 0.465000 156 166 154
0.099164 -0.202486 0.464000 158 166 155
0.100147 -0.202050 0.463000 158 166 155
0.103739 -0.202050 0.463000 162 166 161
0.104709 -0.201613 0.462000 162 166 161
0.105904 -0.201613 0.462000 162 165 164
0.107099 -0.201613 0.462000 164 167 166
0.108293 -0.201613 0.462000 170 173 172
0.109488 -0.201613 0.462000 169 172 171
0.110682 -0.201613 0.462000 166 174 175
0.111877 -0.201613 0.462000 160 168 169
0.113072 -0.201613 0.462000 141 155 159
0.114266 -0.201613 0.462000 127 141 145
0.115461 -0.201613 0.462000 109 122 131
0.116655 -0.201613 0.462000 80 93 102
0.117595 -0.201177 0.461000 55 70 85
0.118787 -0.201177 0.461000 42 57 72
0.119979 -0.201177 0.461000 41 66 89
0.120908 -0.200741 0.460000 44 69 92
0.121832 -0.200304 0.459000 54 81 101
-0.277490 -0.197814 0.456000 75 77 64
-0.276311 -0.197814 0.456000 53 55 42
-0.275132 -0.197814 0.456000 34 41 33
-0.274554 -0.198248 0.457000 30 37 29
-0.273970 -0.198682 0.458000 35 44 35
-0.273381 -0.199983 0.461000 27 37 25
-0.272779 -0.200417 0.462000 27 37 25
-0.271560 -0.201285 0.464000 31 41 29
-0.271526 -0.202152 0.466000 29 39 27
-0.270901 -0.202586 0.467000 32 42 30
-0.270271 -0.203020 0.468000 31 41 29
-0.269636 -0.203454 0.469000 29 39 27
-0.268423 -0.203454 0.469000 27 36 27
-0.268350 -0.204321 0.471000 27 36 27
-0.267699 -0.204755 0.472000 27 36 27
-0.266479 -0.204755 0.472000 26 35 26
-0.265820 -0.205189 0.473000 26 38 30
-0.264597 -0.205189 0.473000 30 42 34
-0.263374 -0.205189 0.473000 31 42 38
-0.262151 -0.205189 0.473000 33 44 40
-0.260928 -0.205189 0.473000 32 45 40
-0.259705 -0.205189 0.473000 35 48 43
-0.258482 -0.205189 0.473000 36 49 44
-0.257259 -0.205189 0.473000 40 53 48
-0.256036 -0.205189 0.473000 38 52 43
-0.254813 -0.205189 0.473000 38 52 43
-0.253590 -0.205189 0.473000 33 47 36
-0.252367 -0.205189 0.473000 30 44 33
-0.250613 -0.204755 0.472000 24 40 29
-0.249393 -0.204755 0.472000 23 39 28
-0.247121 -0.203888 0.470000 24 40 29
-0.244859 -0.203020 0.468000 24 40 29
-0.243128 -0.202586 0.467000 24 40 31
-0.239331 -0.200417 0.462000 27 43 34
-0.227297 -0.195211 0.450000 29 44 30
-0.175709 -0.194778 0.449000 144 148 143
-0.170998 -0.197381 0.455000 155 161 159
-0.170195 -0.197814 0.456000 155 161 159
-0.170127 -0.199116 0.459000 148 155 149
-0.168485 -0.199983 0.461000 140 141 137
-0.167293 -0.199983 0.461000 133 134 130
-0.166101 -0.199983 0.461000 128 132 127
-0.165267 -0.200417 0.462000 126 130 125
-0.164072 -0.200417 0.462000 152 156 149
-0.153321 -0.200417 0.462000 118 125 119
-0.152126 -0.200417 0.462000 103 109 107
-0.150605 -0.199983 0.461000 89 95 93
-0.149413 -0.199983 0.461000 66 69 72
-0.148221 -0.199983 0.461000 56 59 62
-0.147029 -0.199983 0.461000 41 51 54
-0.145837 -0.199983 0.461000 36 46 49
-0.144645 -0.199983 0.461000 28 42 48
-0.143453 -0.199983 0.461000 33 47 53
-0.142261 -0.199983 0.461000 33 45 51
-0.141069 -0.199983 0.461000 36 48 54
-0.139877 -0.199983 0.461000 39 50 59
-0.138685 -0.199983 0.461000 38 49 58
-0.137493 -0.199983 0.461000 32 49 54
-0.136597 -0.200417 0.462000 31 48 53
-0.135402 -0.200417 0.462000 32 49 54
-0.134498 -0.200851 0.463000 31 48 53
-0.133301 -0.200851 0.463000 31 48 51
-0.132389 -0.201285 0.464000 31 48 51
-0.131472 -0.201719 0.465000 32 50 48
-0.130269 -0.201719 0.465000 32 50 48
-0.129345 -0.202152 0.466000 29 47 43
-0.128415 -0.202586 0.467000 29 47 43
-0.127207 -0.202586 0.467000 35 50 45
-0.126000 -0.202586 0.467000 33 48 43
-0.124792 -0.202586 0.467000 30 46 37
-0.123320 -0.202152 0.466000 31 47 38
-0.122115 -0.202152 0.466000 31 47 38
-0.120910 -0.202152 0.466000 35 51 42
-0.119448 -0.201719 0.465000 35 51 42
-0.117992 -0.201285 0.464000 35 51 42
-0.116792 -0.201285 0.464000 36 50 39
-0.115592 -0.201285 0.464000 39 53 42
-0.114392 -0.201285 0.464000 38 52 41
-0.112949 -0.200851 0.463000 38 52 41
-0.111752 -0.200851 0.463000 38 48 36
-0.110554 -0.200851 0.463000 35 45 33
-0.109357 -0.200851 0.463000 42 51 42
-0.108394 -0.201285 0.464000 62 71 62
-0.045674 -0.210828 0.486000 65 78 75
-0.044326 -0.210395 0.485000 59 74 73
-0.043072 -0.210395 0.485000 52 67 66
-0.041818 -0.210395 0.485000 48 59 57
-0.040397 -0.209527 0.483000 47 58 56
-0.038986 -0.208659 0.481000 40 51 49
-0.037585 -0.207792 0.479000 33 44 42
-0.036043 -0.206057 0.475000 24 39 36
-0.034669 -0.205189 0.473000 23 38 35
-0.033375 -0.204755 0.472000 24 44 41
-0.032154 -0.204755 0.472000 24 44 41
-0.030868 -0.204321 0.471000 24 41 42
-0.029713 -0.204755 0.472000 21 38 39
-0.026052 -0.204755 0.472000 25 42 43
-0.024884 -0.205189 0.473000 110 127 128
-0.012226 -0.198248 0.457000 6 41 56
-0.009927 -0.199550 0.460000 10 40 43
0.003177 -0.200851 0.463000 31 58 71
0.004374 -0.200851 0.463000 39 66 79
0.005583 -0.201285 0.464000 36 67 83
0.006783 -0.201285 0.464000 36 67 83
0.007983 -0.201285 0.464000 39 70 86
0.026483 -0.205189 0.473000 9 51 70
0.027706 -0.205189 0.473000 6 48 67
0.028929 -0.205189 0.473000 5 47 66
0.030152 -0.205189 0.473000 3 45 64
0.031375 -0.205189 0.473000 5 47 66
0.032598 -0.205189 0.473000 7 46 64
0.033821 -0.205189 0.473000 9 48 66
0.035044 -0.205189 0.473000 10 45 60
0.036267 -0.205189 0.473000 11 46 61
0.037490 -0.205189 0.473000 14 49 62
0.038713 -0.205189 0.473000 15 50 63
0.039936 -0.205189 0.473000 15 50 63
0.041159 -0.205189 0.473000 17 52 65
0.042382 -0.205189 0.473000 21 54 67
0.043605 -0.205189 0.473000 21 54 67
0.044828 -0.205189 0.473000 21 55 65
0.046051 -0.205189 0.473000 19 53 63
0.047274 -0.205189 0.473000 15 49 59
0.048497 -0.205189 0.473000 14 48 58
0.049720 -0.205189 0.473000 17 51 61
0.050943 -0.205189 0.473000 9 43 53
0.052166 -0.205189 0.473000 12 48 58
0.053389 -0.205189 0.473000 8 44 54
0.054612 -0.205189 0.473000 8 44 54
0.055717 -0.204755 0.472000 7 43 53
0.056938 -0.204755 0.472000 9 43 53
0.057912 -0.203888 0.470000 5 39 49
0.058875 -0.203020 0.468000 29 53 63
0.059829 -0.202152 0.466000 44 68 78
0.060903 -0.201719 0.465000 56 75 79
0.061838 -0.200851 0.463000 51 70 74
0.062899 -0.200417 0.462000 26 53 62
0.063955 -0.199983 0.461000 19 46 55
0.065147 -0.199983 0.461000 19 52 65
0.066195 -0.199550 0.460000 22 55 68
0.067238 -0.199116 0.459000 19 54 67
0.068127 -0.198248 0.457000 14 49 62
0.069308 -0.198248 0.457000 13 48 61
0.070336 -0.197814 0.456000 14 49 62
0.071515 -0.197814 0.456000 15 49 59
0.072694 -0.197814 0.456000 16 50 60
0.073873 -0.197814 0.456000 18 50 61
0.074887 -0.197381 0.455000 29 61 72
0.076064 -0.197381 0.455000 41 68 77
0.105904 -0.200417 0.462000 165 170 160
0.107099 -0.200417 0.462000 160 165 155
0.108293 -0.200417 0.462000 165 169 162
0.109488 -0.200417 0.462000 160 164 157
0.110682 -0.200417 0.462000 156 163 155
0.111877 -0.200417 0.462000 160 167 159
0.112827 -0.199983 0.461000 162 171 164
0.114019 -0.199983 0.461000 166 175 168
0.115211 -0.199983 0.461000 165 176 172
0.116403 -0.199983 0.461000 162 173 169
0.117595 -0.199983 0.461000 146 156 159
0.118787 -0.199983 0.461000 112 122 125
0.119718 -0.199550 0.460000 66 88 100
0.120645 -0.199116 0.459000 38 60 72
0.121566 -0.198682 0.458000 36 67 83
0.122483 -0.198248 0.457000 48 79 95
-0.279234 -0.196202 0.455000 84 86 75
-0.278669 -0.196634 0.456000 59 61 50
-0.277490 -0.196634 0.456000 35 40 30
-0.276311 -0.196634 0.456000 29 34 24
-0.275132 -0.196634 0.456000 28 35 27
-0.274554 -0.197065 0.457000 30 37 29
-0.274568 -0.197927 0.459000 32 41 32
-0.273977 -0.198358 0.460000 31 40 31
-0.272109 -0.201377 0.467000 28 38 26
-0.271481 -0.201808 0.468000 29 39 27
-0.270211 -0.202671 0.470000 28 37 28
-0.269568 -0.203102 0.471000 27 36 27
-0.268920 -0.203533 0.472000 29 38 29
-0.268267 -0.203964 0.473000 32 41 34
-0.267044 -0.203964 0.473000 31 40 33
-0.265820 -0.203964 0.473000 27 38 34
-0.264597 -0.203964 0.473000 33 44 40
-0.263374 -0.203964 0.473000 26 38 30
-0.262706 -0.204395 0.474000 32 44 36
-0.261480 -0.204395 0.474000 33 47 38
-0.260254 -0.204395 0.474000 46 60 51
-0.259029 -0.204395 0.474000 47 61 52
-0.257803 -0.204395 0.474000 53 67 58
-0.256578 -0.204395 0.474000 40 54 45
-0.255352 -0.204395 0.474000 36 50 41
-0.254126 -0.204395 0.474000 31 43 35
-0.252901 -0.204395 0.474000 27 39 31
-0.251144 -0.203964 0.473000 25 37 29
-0.249921 -0.203964 0.473000 26 38 30
-0.248698 -0.203964 0.473000 26 42 31
-0.247475 -0.203964 0.473000 28 44 33
-0.245731 -0.203533 0.472000 26 45 35
-0.243993 -0.203102 0.471000 25 44 34
-0.241229 -0.201808 0.468000 29 45 34
-0.228968 -0.194478 0.451000 27 43 32
-0.227802 -0.194478 0.451000 27 43 34
-0.226133 -0.194046 0.450000 29 45 36
-0.171039 -0.194909 0.452000 159 162 161
-0.169821 -0.196202 0.455000 150 158 155
-0.167388 -0.197496 0.458000 136 139 138
-0.166567 -0.197927 0.459000 130 133 132
-0.165740 -0.198358 0.460000 123 127 122
-0.164909 -0.198790 0.461000 145 149 144
-0.147029 -0.198790 0.461000 115 121 121
-0.145837 -0.198790 0.461000 87 93 93
-0.144645 -0.198790 0.461000 72 79 83
-0.143453 -0.198790 0.461000 57 64 68
-0.142261 -0.198790 0.461000 50 52 58
-0.141069 -0.198790 0.461000 48 50 56
-0.140180 -0.199221 0.462000 40 47 53
-0.138986 -0.199221 0.462000 36 43 49
-0.137791 -0.199221 0.462000 34 48 54
-0.136597 -0.199221 0.462000 33 47 53
-0.135402 -0.199221 0.462000 33 47 53
-0.134498 -0.199652 0.463000 33 47 53
-0.133589 -0.200083 0.464000 33 50 53
-0.132389 -0.200083 0.464000 32 49 52
-0.131472 -0.200515 0.465000 32 50 48
-0.130550 -0.200946 0.466000 31 49 47
-0.129345 -0.200946 0.466000 33 48 45
-0.128140 -0.200946 0.466000 34 49 46
-0.127207 -0.201377 0.467000 34 49 46
-0.125730 -0.200946 0.466000 34 49 46
-0.124525 -0.200946 0.466000 31 46 41
-0.123320 -0.200946 0.466000 30 45 40
-0.122115 -0.200946 0.466000 29 45 36
-0.120651 -0.200515 0.465000 29 45 36
-0.119191 -0.200083 0.464000 34 50 41
-0.117992 -0.200083 0.464000 33 49 40
-0.116792 -0.200083 0.464000 33 49 40
-0.115592 -0.200083 0.464000 34 50 41
-0.114146 -0.199652 0.463000 33 49 40
-0.112949 -0.199652 0.463000 36 52 43
-0.111752 -0.199652 0.463000 37 51 42
-0.110554 -0.199652 0.463000 36 50 41
-0.109357 -0.199652 0.463000 33 45 35
-0.108160 -0.199652 0.463000 37 49 39
-0.107425 -0.200515 0.465000 39 50 48
-0.106451 -0.200946 0.466000 37 48 46
-0.105472 -0.201377 0.467000 48 59 59
-0.104488 -0.201808 0.468000 80 91 91
-0.103498 -0.202239 0.469000 126 132 130
-0.033375 -0.203533 0.472000 53 71 69
-0.024884 -0.203964 0.473000 94 115 121
0.000781 -0.199221 0.462000 13 40 53
0.001975 -0.199221 0.462000 39 66 79
0.003177 -0.199652 0.463000 36 68 86
0.004374 -0.199652 0.463000 36 68 86
0.005571 -0.199652 0.463000 35 69 87
0.006783 -0.200083 0.464000 35 69 87
0.007983 -0.200083 0.464000 27 59 77
0.009202 -0.200515 0.465000 14 46 64
0.026483 -0.203964 0.473000 2 44 63
0.027706 -0.203964 0.473000 2 41 61
0.028929 -0.203964 0.473000 3 42 62
0.030152 -0.203964 0.473000 4 43 63
0.031375 -0.203964 0.473000 7 46 66
0.032598 -0.203964 0.473000 11 50 68
0.033821 -0.203964 0.473000 10 49 67
0.035044 -0.203964 0.473000 8 43 58
0.036267 -0.203964 0.473000 7 42 57
0.037490 -0.203964 0.473000 8 43 56
0.040020 -0.204395 0.474000 12 45 58
0.041246 -0.204395 0.474000 10 43 56
0.042472 -0.204395 0.474000 11 42 56
0.043697 -0.204395 0.474000 13 44 58
0.044923 -0.204395 0.474000 9 41 52
0.047474 -0.204827 0.475000 8 40 49
0.048702 -0.204827 0.475000 7 39 48
0.049930 -0.204827 0.475000 9 38 48
0.051159 -0.204827 0.475000 8 37 47
0.052277 -0.204395 0.474000 8 37 45
0.053502 -0.204395 0.474000 6 35 43
0.054728 -0.204395 0.474000 5 35 40
0.055835 -0.203964 0.473000 5 35 40
0.057058 -0.203964 0.473000 9 37 41
0.058281 -0.203964 0.473000 11 39 43
0.059379 -0.203533 0.472000 56 70 72
0.060342 -0.202671 0.470000 73 87 89
0.061296 -0.201808 0.468000 89 95 95
0.062105 -0.200515 0.465000 92 98 98
0.062899 -0.199221 0.462000 62 79 84
0.064094 -0.199221 0.462000 27 44 49
0.065147 -0.198790 0.461000 17 44 53
0.066195 -0.198358 0.460000 19 46 55
0.067238 -0.197927 0.459000 17 51 61
0.068276 -0.197496 0.458000 19 53 63
0.069308 -0.197065 0.457000 17 53 63
0.070336 -0.196634 0.456000 14 50 60
0.071515 -0.196634 0.456000 15 49 59
0.072694 -0.196634 0.456000 14 48 58
0.073711 -0.196202 0.455000 15 47 58
0.074887 -0.196202 0.455000 15 47 58
0.076064 -0.196202 0.455000 21 48 59
0.077070 -0.195771 0.454000 39 66 77
0.087604 -0.198358 0.460000 154 161 153
0.088987 -0.198790 0.461000 154 161 153
0.090374 -0.199221 0.462000 153 160 152
0.091569 -0.199221 0.462000 151 159 148
0.092764 -0.199221 0.462000 153 161 150
0.094162 -0.199652 0.463000 154 162 151
0.095359 -0.199652 0.463000 154 162 151
0.096556 -0.199652 0.463000 153 161 150
0.102320 -0.199221 0.462000 153 163 151
0.103515 -0.199221 0.462000 153 162 153
0.104709 -0.199221 0.462000 154 163 154
0.105675 -0.198790 0.461000 154 163 156
0.106867 -0.198790 0.461000 156 165 158
0.108059 -0.198790 0.461000 155 167 159
0.109251 -0.198790 0.461000 154 166 158
0.110443 -0.198790 0.461000 154 167 162
0.111635 -0.198790 0.461000 157 170 165
0.112827 -0.198790 0.461000 156 169 164
0.114019 -0.198790 0.461000 156 169 164
0.115211 -0.198790 0.461000 157 170 167
0.116150 -0.198358 0.460000 154 167 164
0.117340 -0.198358 0.460000 156 170 174
0.118529 -0.198358 0.460000 157 171 175
0.119458 -0.197927 0.459000 129 156 169
0.120382 -0.197496 0.458000 101 128 141
0.121301 -0.197065 0.457000 46 77 93
0.122483 -0.197065 0.457000 31 62 78
0.123394 -0.196634 0.456000 50 81 97
0.124573 -0.196634 0.456000 60 91 107
-0.280411 -0.195024 0.455000 57 62 48
-0.279234 -0.195024 0.455000 35 40 28
-0.278669 -0.195453 0.456000 35 40 28
-0.277490 -0.195453 0.456000 34 38 31
-0.276311 -0.195453 0.456000 34 38 31
-0.275132 -0.195453 0.456000 31 40 31
-0.274554 -0.195882 0.457000 29 38 29
-0.274568 -0.196739 0.459000 26 38 28
-0.274573 -0.197596 0.461000 29 41 31
-0.273381 -0.197596 0.461000 29 42 29
-0.272109 -0.200168 0.467000 27 36 27
-0.271481 -0.200596 0.468000 28 37 28
-0.270786 -0.201882 0.471000 32 41 34
-0.270140 -0.202311 0.472000 28 36 33
-0.269490 -0.202740 0.473000 32 40 37
-0.268267 -0.202740 0.473000 31 39 38
-0.267044 -0.202740 0.473000 29 37 36
-0.266382 -0.203168 0.474000 27 38 34
-0.265157 -0.203168 0.474000 34 45 41
-0.263931 -0.203168 0.474000 73 89 78
-0.262032 -0.203597 0.475000 76 90 79
-0.260803 -0.203597 0.475000 66 80 69
-0.258891 -0.204025 0.476000 31 45 36
-0.257660 -0.204025 0.476000 28 42 33
-0.256429 -0.204025 0.476000 28 42 33
-0.255199 -0.204025 0.476000 26 37 33
-0.253968 -0.204025 0.476000 26 37 33
-0.252737 -0.204025 0.476000 31 40 31
-0.250978 -0.203597 0.475000 34 43 34
-0.249750 -0.203597 0.475000 31 45 34
-0.247998 -0.203168 0.474000 32 46 35
-0.246773 -0.203168 0.474000 31 47 36
-0.245029 -0.202740 0.473000 29 45 34
-0.242775 -0.201882 0.471000 28 44 33
-0.229475 -0.193738 0.452000 29 45 36
-0.228307 -0.193738 0.452000 28 43 42
-0.142261 -0.197596 0.461000 142 145 144
-0.141375 -0.198025 0.462000 128 131 130
-0.138986 -0.198025 0.462000 64 72 71
-0.137791 -0.198025 0.462000 46 56 61
-0.136597 -0.198025 0.462000 39 49 54
-0.135402 -0.198025 0.462000 35 47 53
-0.134498 -0.198453 0.463000 35 47 53
-0.133301 -0.198453 0.463000 33 47 53
-0.132389 -0.198882 0.464000 34 48 54
-0.131472 -0.199311 0.465000 35 49 51
-0.130550 -0.199739 0.466000 34 48 50
-0.129345 -0.199739 0.466000 35 50 47
-0.128140 -0.199739 0.466000 33 48 45
-0.127207 -0.200168 0.467000 31 46 43
-0.126000 -0.200168 0.467000 35 50 47
-0.124525 -0.199739 0.466000 31 46 41
-0.123320 -0.199739 0.466000 30 45 40
-0.122115 -0.199739 0.466000 31 49 43
-0.120651 -0.199311 0.465000 31 49 43
-0.119191 -0.198882 0.464000 32 50 44
-0.117992 -0.198882 0.464000 29 47 41
-0.116792 -0.198882 0.464000 29 47 41
-0.115592 -0.198882 0.464000 32 50 44
-0.114146 -0.198453 0.463000 31 49 43
-0.112949 -0.198453 0.463000 31 49 43
-0.111752 -0.198453 0.463000 34 49 44
-0.110316 -0.198025 0.462000 33 48 43
-0.109121 -0.198025 0.462000 33 48 43
-0.108160 -0.198453 0.463000 33 48 43
-0.106963 -0.198453 0.463000 33 46 41
-0.105994 -0.198882 0.464000 37 50 45
-0.105246 -0.199739 0.466000 33 46 45
-0.104041 -0.199739 0.466000 40 53 52
-0.103057 -0.200168 0.467000 37 48 48
-0.102068 -0.200596 0.468000 43 54 54
-0.101288 -0.201454 0.470000 62 73 69
-0.026052 -0.202311 0.472000 50 83 96
-0.024884 -0.202740 0.473000 50 83 96
-0.013496 -0.197167 0.460000 15 37 38
-0.001609 -0.198025 0.462000 7 31 45
-0.000414 -0.198025 0.462000 35 59 73
0.000781 -0.198025 0.462000 37 67 86
0.001979 -0.198453 0.463000 37 67 86
0.003177 -0.198453 0.463000 36 68 88
0.004374 -0.198453 0.463000 37 69 89
0.005571 -0.198453 0.463000 27 61 83
0.006783 -0.198882 0.464000 11 45 67
0.007983 -0.198882 0.464000 7 41 63
0.025260 -0.202740 0.473000 19 63 81
0.026483 -0.202740 0.473000 32 76 94
0.027706 -0.202740 0.473000 35 77 94
0.028929 -0.202740 0.473000 37 79 96
0.030152 -0.202740 0.473000 33 75 94
0.031375 -0.202740 0.473000 29 71 90
0.032598 -0.202740 0.473000 21 63 80
0.033821 -0.202740 0.473000 20 62 79
0.036344 -0.203168 0.474000 9 47 61
0.037569 -0.203168 0.474000 8 43 56
0.038877 -0.203597 0.475000 7 42 55
0.040105 -0.203597 0.475000 8 41 54
0.041420 -0.204025 0.476000 6 39 52
0.042651 -0.204025 0.476000 9 37 52
0.043882 -0.204025 0.476000 6 34 49
0.045112 -0.204025 0.476000 6 33 46
0.046441 -0.204454 0.477000 7 34 47
0.047674 -0.204454 0.477000 5 32 43
0.048907 -0.204454 0.477000 4 31 42
0.050141 -0.204454 0.477000 8 32 42
0.051374 -0.204454 0.477000 6 30 40
0.052607 -0.204454 0.477000 8 31 38
0.053841 -0.204454 0.477000 8 31 38
0.054959 -0.204025 0.476000 7 31 33
0.056190 -0.204025 0.476000 6 30 32
0.057300 -0.203597 0.475000 10 32 33
0.058405 -0.203168 0.474000 9 31 32
0.059504 -0.202740 0.473000 11 24 21
0.060599 -0.202311 0.472000 16 29 26
0.061558 -0.201454 0.470000 21 29 28
0.062506 -0.200596 0.468000 21 29 28
0.063444 -0.199739 0.466000 19 33 37
0.064232 -0.198453 0.463000 22 36 40
0.065288 -0.198025 0.462000 20 39 43
0.066339 -0.197596 0.461000 23 42 46
0.067384 -0.197167 0.460000 18 46 52
0.068425 -0.196739 0.459000 17 45 51
0.069308 -0.195882 0.457000 19 53 61
0.070336 -0.195453 0.456000 22 56 64
0.071515 -0.195453 0.456000 20 54 62
0.072534 -0.195024 0.455000 17 51 59
0.073711 -0.195024 0.455000 17 49 58
0.074887 -0.195024 0.455000 16 48 57
0.075897 -0.194596 0.454000 12 41 53
0.077070 -0.194596 0.454000 15 44 56
0.078072 -0.194167 0.453000 27 54 63
0.079243 -0.194167 0.453000 44 71 80
0.080237 -0.193738 0.452000 63 86 91
0.081586 -0.194167 0.453000 53 76 81
0.082940 -0.194596 0.454000 51 65 69
0.084114 -0.194596 0.454000 45 59 63
0.085476 -0.195024 0.455000 44 56 58
0.088408 -0.196310 0.458000 45 58 57
0.091173 -0.197167 0.460000 43 56 55
0.092563 -0.197596 0.461000 45 58 57
0.093755 -0.197596 0.461000 47 60 59
0.095153 -0.198025 0.462000 47 60 59
0.096347 -0.198025 0.462000 47 60 59
0.097542 -0.198025 0.462000 50 63 62
0.098736 -0.198025 0.462000 49 64 63
0.099931 -0.198025 0.462000 49 64 63
0.101126 -0.198025 0.462000 47 66 66
0.102099 -0.197596 0.461000 51 70 70
0.103291 -0.197596 0.461000 52 71 73
0.104483 -0.197596 0.461000 52 71 73
0.105675 -0.197596 0.461000 54 73 75
0.106867 -0.197596 0.461000 56 75 77
0.108059 -0.197596 0.461000 57 79 80
0.109014 -0.197167 0.460000 56 78 79
0.110203 -0.197167 0.460000 59 83 85
0.111393 -0.197167 0.460000 59 83 85
0.112582 -0.197167 0.460000 60 84 86
0.113524 -0.196739 0.459000 61 85 87
0.114711 -0.196739 0.459000 61 84 91
0.115898 -0.196739 0.459000 64 87 94
0.117085 -0.196739 0.459000 62 86 96
0.118014 -0.196310 0.458000 61 85 95
0.118938 -0.195882 0.457000 54 86 97
0.120119 -0.195882 0.457000 48 80 91
0.121036 -0.195453 0.456000 42 73 87
0.122215 -0.195453 0.456000 38 69 83
0.123394 -0.195453 0.456000 35 66 82
0.124573 -0.195453 0.456000 51 82 98
0.125476 -0.195024 0.455000 55 83 98
-0.282764 -0.193846 0.455000 72 74 63
-0.281587 -0.193846 0.455000 35 43 30
-0.280411 -0.193846 0.455000 36 44 31
-0.279234 -0.193846 0.455000 28 33 23
-0.278058 -0.193846 0.455000 32 37 27
-0.277490 -0.194272 0.456000 32 39 31
-0.276311 -0.194272 0.456000 32 39 31
-0.275735 -0.194698 0.457000 32 41 32
-0.275154 -0.195124 0.458000 31 40 31
-0.275166 -0.195976 0.460000 27 40 27
-0.274573 -0.196402 0.461000 27 40 27
-0.273974 -0.196828 0.462000 27 40 27
-0.272760 -0.197681 0.464000 25 37 27
-0.273316 -0.198959 0.467000 25 37 27
-0.272691 -0.199385 0.468000 26 37 33
-0.272061 -0.199811 0.469000 27 38 34
-0.272004 -0.200663 0.471000 29 40 38
-0.271361 -0.201089 0.472000 32 43 41
-0.270140 -0.201089 0.472000 29 37 38
-0.269490 -0.201515 0.473000 29 37 38
-0.268267 -0.201515 0.473000 34 45 43
-0.267044 -0.201515 0.473000 66 77 75
-0.266382 -0.201941 0.474000 93 107 98
-0.265157 -0.201941 0.474000 110 124 115
-0.263260 -0.202367 0.475000 67 82 68
-0.262583 -0.202793 0.476000 52 66 57
-0.261353 -0.202793 0.476000 30 44 35
-0.260122 -0.202793 0.476000 19 32 27
-0.259435 -0.203219 0.477000 24 37 32
-0.258201 -0.203219 0.477000 25 38 33
-0.256968 -0.203219 0.477000 25 38 33
-0.255735 -0.203219 0.477000 29 41 33
-0.254501 -0.203219 0.477000 32 44 36
-0.252737 -0.202793 0.476000 32 44 36
-0.250275 -0.202793 0.476000 32 46 37
-0.249045 -0.202793 0.476000 32 46 37
-0.246773 -0.201941 0.474000 27 42 37
-0.245029 -0.201515 0.473000 24 39 34
-0.234726 -0.195976 0.460000 28 41 40
-0.138986 -0.196828 0.462000 149 153 148
-0.137791 -0.196828 0.462000 143 149 147
-0.136597 -0.196828 0.462000 125 131 129
-0.135402 -0.196828 0.462000 96 107 107
-0.134498 -0.197254 0.463000 68 79 79
-0.133589 -0.197681 0.464000 43 55 57
-0.132389 -0.197681 0.464000 38 50 52
-0.131472 -0.198107 0.465000 38 48 51
-0.130550 -0.198533 0.466000 33 43 46
-0.129345 -0.198533 0.466000 35 48 47
-0.128140 -0.198533 0.466000 35 48 47
-0.127207 -0.198959 0.467000 34 49 48
-0.126000 -0.198959 0.467000 38 53 52
-0.124792 -0.198959 0.467000 33 48 45
-0.123585 -0.198959 0.467000 31 46 43
-0.122115 -0.198533 0.466000 31 46 43
-0.120910 -0.198533 0.466000 31 46 43
-0.119448 -0.198107 0.465000 31 49 45
-0.118246 -0.198107 0.465000 29 47 43
-0.116792 -0.197681 0.464000 31 49 45
-0.115592 -0.197681 0.464000 32 50 46
-0.114146 -0.197254 0.463000 32 50 46
-0.112949 -0.197254 0.463000 28 46 42
-0.111510 -0.196828 0.462000 31 49 43
-0.110316 -0.196828 0.462000 29 47 41
-0.109121 -0.196828 0.462000 29 47 41
-0.107926 -0.196828 0.462000 32 50 44
-0.106732 -0.196828 0.462000 35 50 45
-0.105766 -0.197254 0.463000 35 50 45
-0.104794 -0.197681 0.464000 35 50 47
-0.103818 -0.198107 0.465000 37 52 49
-0.102836 -0.198533 0.466000 36 51 50
-0.101849 -0.198959 0.467000 34 49 48
-0.100642 -0.198959 0.467000 28 43 40
-0.098648 -0.199811 0.469000 39 50 46
-0.097850 -0.200663 0.471000 59 70 66
-0.027273 -0.201089 0.472000 60 83 88
-0.026107 -0.201515 0.473000 35 81 101
-0.001609 -0.196828 0.462000 38 68 87
-0.000414 -0.196828 0.462000 39 69 88
0.000781 -0.196828 0.462000 34 68 88
0.001975 -0.196828 0.462000 34 68 88
0.003177 -0.197254 0.463000 25 59 81
0.004374 -0.197254 0.463000 17 51 73
0.005571 -0.197254 0.463000 6 40 62
0.006783 -0.197681 0.464000 13 47 69
0.007983 -0.197681 0.464000 29 66 87
0.009222 -0.198533 0.466000 37 74 95
0.024037 -0.201515 0.473000 41 84 105
0.025260 -0.201515 0.473000 43 87 105
0.026483 -0.201515 0.473000 34 78 96
0.027706 -0.201515 0.473000 33 75 94
0.028929 -0.201515 0.473000 26 68 87
0.030152 -0.201515 0.473000 17 59 78
0.032667 -0.201941 0.474000 10 52 69
0.033892 -0.201941 0.474000 8 50 67
0.035118 -0.201941 0.474000 8 45 62
0.036344 -0.201941 0.474000 6 43 60
0.037649 -0.202367 0.475000 6 41 54
0.038959 -0.202793 0.476000 6 41 54
0.040274 -0.203219 0.477000 6 39 52
0.041507 -0.203219 0.477000 3 36 49
0.042741 -0.203219 0.477000 6 34 49
0.044066 -0.203645 0.478000 6 34 49
0.045302 -0.203645 0.478000 7 34 47
0.046538 -0.203645 0.478000 5 32 45
0.047774 -0.203645 0.478000 3 30 41
0.049010 -0.203645 0.478000 4 31 42
0.050246 -0.203645 0.478000 4 31 42
0.051482 -0.203645 0.478000 4 31 42
0.052718 -0.203645 0.478000 6 30 40
0.053954 -0.203645 0.478000 7 31 41
0.055190 -0.203645 0.478000 7 32 39
0.056426 -0.203645 0.478000 8 33 40
0.057662 -0.203645 0.478000 10 34 36
0.058774 -0.203219 0.477000 13 37 39
0.059630 -0.201941 0.474000 17 37 34
0.060727 -0.201515 0.473000 18 38 35
0.062906 -0.200663 0.471000 22 40 38
0.063852 -0.199811 0.469000 22 39 40
0.064648 -0.198533 0.466000 22 39 40
0.065571 -0.197681 0.464000 24 41 44
0.066483 -0.196828 0.462000 24 41 44
0.067531 -0.196402 0.461000 23 42 44
0.068574 -0.195976 0.460000 23 42 44
0.069308 -0.194698 0.457000 17 45 49
0.070336 -0.194272 0.456000 20 48 52
0.071515 -0.194272 0.456000 20 54 60
0.072534 -0.193846 0.455000 21 55 61
0.073711 -0.193846 0.455000 19 53 59
0.074887 -0.193846 0.455000 17 51 57
0.075897 -0.193420 0.454000 15 49 59
0.077070 -0.193420 0.454000 14 48 58
0.078072 -0.192994 0.453000 17 46 56
0.079243 -0.192994 0.453000 12 41 51
0.080237 -0.192568 0.452000 26 53 62
0.081406 -0.192568 0.452000 56 83 92
0.082757 -0.192994 0.453000 57 80 87
0.084114 -0.193420 0.454000 39 62 69
0.085476 -0.193846 0.455000 23 44 52
0.086843 -0.194272 0.456000 23 44 52
0.088215 -0.194698 0.457000 22 47 54
0.089592 -0.195124 0.458000 19 44 51
0.092362 -0.195976 0.460000 29 54 61
0.093755 -0.196402 0.461000 35 60 65
0.094947 -0.196402 0.461000 40 65 70
0.096139 -0.196402 0.461000 42 65 70
0.097542 -0.196828 0.462000 48 71 76
0.098523 -0.196402 0.461000 50 75 80
0.099715 -0.196402 0.461000 48 73 78
0.100907 -0.196402 0.461000 39 66 75
0.102099 -0.196402 0.461000 44 71 80
0.103291 -0.196402 0.461000 38 67 75
0.104483 -0.196402 0.461000 33 62 70
0.105446 -0.195976 0.460000 37 67 72
0.106635 -0.195976 0.460000 37 67 72
0.107824 -0.195976 0.460000 41 69 75
0.108777 -0.195550 0.459000 48 76 82
0.109964 -0.195550 0.459000 48 76 82
0.111150 -0.195550 0.459000 49 77 83
0.112093 -0.195124 0.458000 51 80 88
0.113277 -0.195124 0.458000 56 85 93
0.114211 -0.194698 0.457000 56 85 95
0.115393 -0.194698 0.457000 54 83 93
0.116574 -0.194698 0.457000 48 79 93
0.117756 -0.194698 0.457000 48 79 93
0.118677 -0.194272 0.456000 49 82 95
0.119857 -0.194272 0.456000 48 81 94
0.121036 -0.194272 0.456000 51 84 97
0.122215 -0.194272 0.456000 45 78 91
0.123123 -0.193846 0.455000 37 68 84
0.124300 -0.193846 0.455000 39 70 86
0.125200 -0.193420 0.454000 52 83 99
-0.285117 -0.192668 0.455000 75 76 65
-0.283940 -0.192668 0.455000 52 56 49
-0.282764 -0.192668 0.455000 34 38 31
-0.281587 -0.192668 0.455000 37 42 32
-0.280411 -0.192668 0.455000 34 39 29
-0.279234 -0.192668 0.455000 30 35 25
-0.278669 -0.193092 0.456000 32 37 27
-0.277490 -0.193092 0.456000 30 37 31
-0.276311 -0.193092 0.456000 33 40 34
-0.275735 -0.193515 0.457000 30 42 34
-0.275755 -0.194362 0.459000 29 41 33
-0.275765 -0.195209 0.461000 27 39 29
-0.275168 -0.195632 0.462000 24 36 26
-0.273960 -0.196479 0.464000 26 38 28
-0.273936 -0.197326 0.466000 26 40 31
-0.273316 -0.197749 0.467000 28 42 33
-0.272691 -0.198173 0.468000 26 38 40
-0.272641 -0.199020 0.470000 25 37 39
-0.272581 -0.199867 0.472000 27 34 40
-0.271936 -0.200290 0.473000 32 39 45
-0.270713 -0.200290 0.473000 52 60 59
-0.269490 -0.200290 0.473000 84 92 91
-0.268267 -0.200290 0.473000 121 130 121
-0.267608 -0.200714 0.474000 130 139 130
-0.266382 -0.200714 0.474000 108 120 110
-0.264488 -0.201137 0.475000 33 49 38
-0.263260 -0.201137 0.475000 24 40 29
-0.262583 -0.201560 0.476000 25 38 35
-0.261353 -0.201560 0.476000 25 38 35
-0.260668 -0.201984 0.477000 25 38 37
-0.259435 -0.201984 0.477000 24 37 36
-0.258201 -0.201984 0.477000 28 41 36
-0.257507 -0.202407 0.478000 30 43 38
-0.256271 -0.202407 0.478000 33 47 38
-0.255035 -0.202407 0.478000 31 45 36
-0.253799 -0.202407 0.478000 31 45 36
-0.252035 -0.201984 0.477000 32 46 37
-0.250801 -0.201984 0.477000 31 44 39
-0.249568 -0.201984 0.477000 29 42 37
-0.248335 -0.201984 0.477000 28 43 40
-0.171446 -0.190551 0.450000 137 137 133
-0.170282 -0.190551 0.450000 151 151 147
-0.167955 -0.190551 0.450000 145 145 141
-0.133589 -0.196479 0.464000 142 148 146
-0.132389 -0.196479 0.464000 124 130 128
-0.131472 -0.196903 0.465000 90 96 96
-0.130550 -0.197326 0.466000 69 75 75
-0.129345 -0.197326 0.466000 46 56 59
-0.128415 -0.197749 0.467000 38 48 51
-0.127207 -0.197749 0.467000 37 49 51
-0.126000 -0.197749 0.467000 40 52 54
-0.124792 -0.197749 0.467000 36 47 47
-0.123585 -0.197749 0.467000 34 45 45
-0.122377 -0.197749 0.467000 36 49 48
-0.121170 -0.197749 0.467000 36 49 48
-0.119705 -0.197326 0.466000 29 47 45
-0.118500 -0.197326 0.466000 29 47 45
-0.117295 -0.197326 0.466000 32 51 51
-0.115841 -0.196903 0.465000 31 50 50
-0.114392 -0.196479 0.464000 31 51 48
-0.112949 -0.196056 0.463000 27 47 44
-0.111752 -0.196056 0.463000 26 46 41
-0.110554 -0.196056 0.463000 27 47 42
-0.109121 -0.195632 0.462000 32 50 44
-0.107926 -0.195632 0.462000 32 50 44
-0.106732 -0.195632 0.462000 29 47 41
-0.105537 -0.195632 0.462000 29 47 41
-0.104569 -0.196056 0.463000 33 48 45
-0.103371 -0.196056 0.463000 33 48 45
-0.102395 -0.196479 0.464000 31 46 45
-0.101413 -0.196903 0.465000 31 46 45
-0.100426 -0.197326 0.466000 32 50 46
-0.099222 -0.197326 0.466000 32 50 46
-0.098227 -0.197749 0.467000 27 45 41
-0.097227 -0.198173 0.468000 25 43 39
-0.095212 -0.199020 0.470000 40 51 49
-0.094197 -0.199443 0.471000 53 59 57
-0.028553 -0.200290 0.473000 56 91 104
-0.003989 -0.195209 0.461000 24 54 73
-0.002803 -0.195632 0.462000 39 69 88
-0.001609 -0.195632 0.462000 33 70 89
-0.000414 -0.195632 0.462000 32 69 88
0.000781 -0.195632 0.462000 26 63 84
0.001975 -0.195632 0.462000 20 57 78
0.003170 -0.195632 0.462000 11 50 70
0.004374 -0.196056 0.463000 11 50 70
0.005571 -0.196056 0.463000 29 68 88
0.006783 -0.196479 0.464000 38 77 97
0.007983 -0.196479 0.464000 33 72 90
0.009222 -0.197326 0.466000 31 70 88
0.010449 -0.197749 0.467000 33 75 92
0.022814 -0.200290 0.473000 35 78 99
0.024037 -0.200290 0.473000 25 68 89
0.025260 -0.200290 0.473000 22 65 86
0.026483 -0.200290 0.473000 15 58 79
0.027706 -0.200290 0.473000 14 55 77
0.028929 -0.200290 0.473000 10 51 73
0.031441 -0.200714 0.474000 7 49 66
0.032667 -0.200714 0.474000 6 43 60
0.033892 -0.200714 0.474000 3 40 57
0.035192 -0.201137 0.475000 2 40 54
0.036420 -0.201137 0.475000 1 39 53
0.037728 -0.201560 0.476000 3 38 51
0.039040 -0.201984 0.477000 3 38 51
0.040358 -0.202407 0.478000 7 41 51
0.041594 -0.202407 0.478000 6 40 50
0.042830 -0.202407 0.478000 8 40 49
0.044158 -0.202831 0.479000 9 41 50
0.045397 -0.202831 0.479000 11 40 48
0.046635 -0.202831 0.479000 12 41 49
0.047874 -0.202831 0.479000 10 39 47
0.049112 -0.202831 0.479000 9 38 46
0.050351 -0.202831 0.479000 12 39 48
0.051590 -0.202831 0.479000 13 40 49
0.052828 -0.202831 0.479000 13 40 49
0.054067 -0.202831 0.479000 12 39 48
0.055305 -0.202831 0.479000 12 39 48
0.056544 -0.202831 0.479000 11 38 47
0.057782 -0.202831 0.479000 12 37 42
0.058898 -0.202407 0.478000 13 38 43
0.060133 -0.202407 0.478000 16 40 42
0.061241 -0.201984 0.477000 15 39 41
0.064260 -0.199867 0.472000 20 39 41
0.065203 -0.199020 0.470000 23 42 44
0.066136 -0.198173 0.468000 24 43 45
0.067058 -0.197326 0.466000 23 42 44
0.067824 -0.196056 0.463000 26 43 46
0.068723 -0.195209 0.461000 27 44 47
0.069763 -0.194785 0.460000 24 48 50
0.070336 -0.193092 0.456000 23 47 49
0.071515 -0.193092 0.456000 18 51 53
0.072534 -0.192668 0.455000 20 53 55
0.073711 -0.192668 0.455000 18 54 60
0.074723 -0.192245 0.454000 19 55 61
0.075897 -0.192245 0.454000 17 53 63
0.076901 -0.191821 0.453000 12 48 58
0.078072 -0.191821 0.453000 14 48 58
0.079068 -0.191398 0.452000 14 48 58
0.080237 -0.191398 0.452000 15 44 54
0.081406 -0.191398 0.452000 29 58 68
0.082757 -0.191821 0.453000 60 87 96
0.084114 -0.192245 0.454000 62 89 98
0.085476 -0.192668 0.455000 33 58 65
0.086843 -0.193092 0.456000 28 53 60
0.088022 -0.193092 0.456000 30 59 67
0.089396 -0.193515 0.457000 33 62 70
0.090974 -0.194362 0.459000 38 67 77
0.093551 -0.194785 0.460000 46 76 81
0.094947 -0.195209 0.461000 43 73 78
0.096139 -0.195209 0.461000 38 68 71
0.097331 -0.195209 0.461000 43 73 76
0.098523 -0.195209 0.461000 37 66 74
0.099715 -0.195209 0.461000 27 56 64
0.100907 -0.195209 0.461000 27 56 64
0.102099 -0.195209 0.461000 29 58 66
0.103067 -0.194785 0.460000 25 57 66
0.104256 -0.194785 0.460000 23 55 64
0.105446 -0.194785 0.460000 29 61 68
0.106403 -0.194362 0.459000 34 66 73
0.107590 -0.194362 0.459000 27 56 64
0.108540 -0.193938 0.458000 29 58 66
0.109724 -0.193938 0.458000 32 61 69
0.110666 -0.193515 0.457000 37 66 74
0.111848 -0.193515 0.457000 39 68 76
0.113029 -0.193515 0.457000 38 67 75
0.113961 -0.193092 0.456000 34 66 77
0.115140 -0.193092 0.456000 35 67 78
0.116319 -0.193092 0.456000 31 64 77
0.117498 -0.193092 0.456000 31 64 77
0.118677 -0.193092 0.456000 36 71 86
0.119857 -0.193092 0.456000 49 84 99
0.120770 -0.192668 0.455000 51 86 99
0.121947 -0.192668 0.455000 51 86 99
0.123123 -0.192668 0.455000 50 83 96
0.124026 -0.192245 0.454000 44 77 90
0.124649 -0.191398 0.452000 49 82 97
-0.287470 -0.191490 0.455000 113 114 101
-0.286293 -0.191490 0.455000 59 63 56
-0.285117 -0.191490 0.455000 41 45 38
-0.283940 -0.191490 0.455000 29 33 28
-0.282764 -0.191490 0.455000 30 34 29
-0.281587 -0.191490 0.455000 34 39 29
-0.280411 -0.191490 0.455000 31 36 26
-0.279848 -0.191911 0.456000 32 37 27
-0.278669 -0.191911 0.456000 32 37 27
-0.277490 -0.191911 0.456000 30 37 31
-0.276917 -0.192332 0.457000 32 39 33
-0.276942 -0.193173 0.459000 27 38 34
-0.276957 -0.194015 0.461000 26 37 33
-0.276363 -0.194436 0.462000 26 37 33
-0.275160 -0.195278 0.464000 26 37 33
-0.275141 -0.196119 0.466000 25 36 32
-0.274524 -0.196540 0.467000 25 37 41
-0.273901 -0.196961 0.468000 25 37 41
-0.273857 -0.197803 0.470000 28 35 43
-0.273221 -0.198224 0.471000 34 41 49
-0.272581 -0.198645 0.472000 65 71 73
-0.271936 -0.199065 0.473000 107 113 115
-0.270713 -0.199065 0.473000 135 139 132
-0.269490 -0.199065 0.473000 142 146 139
-0.268834 -0.199486 0.474000 127 136 127
-0.267608 -0.199486 0.474000 78 87 78
-0.265716 -0.199907 0.475000 29 43 32
-0.265045 -0.200328 0.476000 23 39 30
-0.263814 -0.200328 0.476000 26 42 33
-0.262583 -0.200328 0.476000 24 39 36
-0.261902 -0.200749 0.477000 24 39 36
-0.260668 -0.200749 0.477000 26 39 36
-0.259435 -0.200749 0.477000 28 41 38
-0.258201 -0.200749 0.477000 32 44 36
-0.256968 -0.200749 0.477000 31 43 35
-0.256271 -0.201170 0.478000 33 45 37
-0.255035 -0.201170 0.478000 32 44 36
-0.253799 -0.201170 0.478000 30 43 38
-0.252563 -0.201170 0.478000 30 43 38
-0.251327 -0.201170 0.478000 31 44 43
-0.249568 -0.200749 0.477000 32 45 44
-0.248335 -0.200749 0.477000 33 47 53
-0.246175 -0.220950 0.525000 142 140 132
-0.244817 -0.220950 0.525000 141 139 131
-0.243460 -0.220950 0.525000 145 145 139
-0.242102 -0.220950 0.525000 151 151 145
-0.172609 -0.189386 0.450000 114 115 109
-0.171446 -0.189386 0.450000 138 138 134
-0.170282 -0.189386 0.450000 147 147 143
-0.169119 -0.189386 0.450000 147 147 143
-0.167955 -0.189386 0.450000 139 139 135
-0.166792 -0.189386 0.450000 130 133 132
-0.165628 -0.189386 0.450000 122 125 124
-0.127207 -0.196540 0.467000 95 98 97
-0.124792 -0.196540 0.467000 48 54 54
-0.123585 -0.196540 0.467000 37 43 43
-0.122377 -0.196540 0.467000 36 47 47
-0.121170 -0.196540 0.467000 38 49 49
-0.119962 -0.196540 0.467000 37 48 48
-0.118755 -0.196540 0.467000 36 47 47
-0.117295 -0.196119 0.466000 35 49 51
-0.116090 -0.196119 0.466000 34 48 50
-0.114639 -0.195699 0.465000 31 49 47
-0.113193 -0.195278 0.464000 31 49 47
-0.111752 -0.194857 0.463000 28 46 44
-0.110554 -0.194857 0.463000 29 47 45
-0.109121 -0.194436 0.462000 31 49 45
-0.107926 -0.194436 0.462000 29 47 43
-0.106732 -0.194436 0.462000 28 46 42
-0.105537 -0.194436 0.462000 28 46 42
-0.104343 -0.194436 0.462000 29 47 45
-0.103148 -0.194436 0.462000 29 47 45
-0.101954 -0.194436 0.462000 28 46 44
-0.100977 -0.194857 0.463000 31 49 47
-0.099780 -0.194857 0.463000 31 49 45
-0.098796 -0.195278 0.464000 29 47 43
-0.097806 -0.195699 0.465000 29 47 43
-0.096812 -0.196119 0.466000 28 46 42
-0.095812 -0.196540 0.467000 37 50 47
-0.094604 -0.196540 0.467000 33 46 43
-0.090543 -0.198224 0.471000 45 53 54
-0.089515 -0.198645 0.472000 63 71 68
-0.006373 -0.194015 0.461000 23 51 68
-0.005181 -0.194015 0.461000 37 65 82
-0.003989 -0.194015 0.461000 31 70 88
-0.002797 -0.194015 0.461000 32 71 89
-0.001605 -0.194015 0.461000 29 70 92
-0.000414 -0.194436 0.462000 13 54 76
0.000781 -0.194436 0.462000 7 48 72
0.001975 -0.194436 0.462000 14 55 79
0.003170 -0.194436 0.462000 21 62 84
0.004364 -0.194436 0.462000 29 70 92
0.005571 -0.194857 0.463000 33 75 94
0.006768 -0.194857 0.463000 31 73 92
0.007983 -0.195278 0.464000 29 71 88
0.009222 -0.196119 0.466000 33 75 92
0.011682 -0.196961 0.468000 21 65 83
0.017922 -0.199065 0.473000 37 78 100
0.019145 -0.199065 0.473000 37 78 100
0.020368 -0.199065 0.473000 33 76 97
0.021591 -0.199065 0.473000 21 64 85
0.022814 -0.199065 0.473000 17 59 78
0.024037 -0.199065 0.473000 14 56 75
0.025260 -0.199065 0.473000 8 49 71
0.026483 -0.199065 0.473000 5 46 68
0.027706 -0.199065 0.473000 4 43 63
0.028929 -0.199065 0.473000 3 42 62
0.031441 -0.199486 0.474000 4 42 56
0.032667 -0.199486 0.474000 7 40 53
0.033964 -0.199907 0.475000 9 42 55
0.035192 -0.199907 0.475000 13 46 59
0.036497 -0.200328 0.476000 15 48 61
0.037807 -0.200749 0.477000 15 48 61
0.039122 -0.201170 0.478000 15 48 61
0.040358 -0.201170 0.478000 16 48 59
0.041681 -0.201591 0.479000 16 48 59
0.042920 -0.201591 0.479000 16 48 57
0.044158 -0.201591 0.479000 18 50 59
0.045397 -0.201591 0.479000 16 48 55
0.046635 -0.201591 0.479000 14 46 53
0.047874 -0.201591 0.479000 16 46 51
0.049215 -0.202011 0.480000 15 45 50
0.050456 -0.202011 0.480000 17 45 51
0.051697 -0.202011 0.480000 16 44 50
0.052938 -0.202011 0.480000 16 44 50
0.054179 -0.202011 0.480000 17 45 51
0.055305 -0.201591 0.479000 16 44 50
0.056544 -0.201591 0.479000 17 45 51
0.057782 -0.201591 0.479000 20 45 52
0.059021 -0.201591 0.479000 20 45 52
0.060259 -0.201591 0.479000 22 45 50
0.061369 -0.201170 0.478000 21 44 49
0.062474 -0.200749 0.477000 18 41 46
0.063574 -0.200328 0.476000 20 43 48
0.064397 -0.199065 0.473000 21 42 48
0.065620 -0.199065 0.473000 22 43 49
0.066560 -0.198224 0.471000 22 43 49
0.068263 -0.196119 0.466000 22 44 47
0.069170 -0.195278 0.464000 25 47 50
0.070066 -0.194436 0.462000 24 47 52
0.070953 -0.193594 0.460000 22 45 50
0.071515 -0.191911 0.456000 14 47 49
0.072694 -0.191911 0.456000 17 50 52
0.073711 -0.191490 0.455000 12 51 56
0.074723 -0.191069 0.454000 18 57 62
0.075897 -0.191069 0.454000 16 55 64
0.076901 -0.190648 0.453000 12 51 60
0.077900 -0.190227 0.452000 15 49 59
0.079068 -0.190227 0.452000 13 47 57
0.080237 -0.190227 0.452000 15 47 58
0.081406 -0.190227 0.452000 15 47 58
0.082575 -0.190227 0.452000 33 60 71
0.083929 -0.190648 0.453000 57 84 95
0.085288 -0.191069 0.454000 64 89 96
0.086652 -0.191490 0.455000 55 80 87
0.088022 -0.191911 0.456000 38 67 75
0.089201 -0.191911 0.456000 29 58 66
0.090578 -0.192332 0.457000 28 60 71
0.092161 -0.193173 0.459000 29 61 72
0.094741 -0.193594 0.460000 23 55 62
0.095930 -0.193594 0.460000 22 55 57
0.097331 -0.194015 0.461000 22 55 57
0.098523 -0.194015 0.461000 20 49 57
0.099715 -0.194015 0.461000 19 48 56
0.100688 -0.193594 0.460000 20 49 57
0.101877 -0.193594 0.460000 20 49 57
0.103067 -0.193594 0.460000 18 50 57
0.104029 -0.193173 0.459000 18 50 57
0.105216 -0.193173 0.459000 18 50 57
0.106171 -0.192753 0.458000 21 53 60
0.107356 -0.192753 0.458000 23 53 58
0.108303 -0.192332 0.457000 22 52 57
0.109484 -0.192332 0.457000 19 49 54
0.110666 -0.192332 0.457000 22 52 57
0.111603 -0.191911 0.456000 24 53 61
0.112782 -0.191911 0.456000 25 54 62
0.113961 -0.191911 0.456000 23 55 64
0.115140 -0.191911 0.456000 23 55 64
0.116319 -0.191911 0.456000 24 58 68
0.117241 -0.191490 0.455000 24 58 68
0.118417 -0.191490 0.455000 24 59 72
0.119594 -0.191490 0.455000 21 56 69
0.120770 -0.191490 0.455000 34 69 82
0.121679 -0.191069 0.454000 43 78 91
0.122582 -0.190648 0.453000 46 81 94
0.123480 -0.190227 0.452000 48 83 96
0.124097 -0.189386 0.450000 51 86 99
0.125261 -0.189386 0.450000 49 84 97
0.126424 -0.189386 0.450000 49 82 95
-0.288646 -0.190312 0.455000 75 80 68
-0.287470 -0.190312 0.455000 55 60 48
-0.286293 -0.190312 0.455000 40 47 41
-0.285117 -0.190312 0.455000 22 29 23
-0.283940 -0.190312 0.455000 28 34 32
-0.282764 -0.190312 0.455000 29 35 33
-0.281587 -0.190312 0.455000 32 37 27
-0.280411 -0.190312 0.455000 31 36 26
-0.279848 -0.190730 0.456000 34 39 29
-0.278669 -0.190730 0.456000 36 41 31
-0.278098 -0.191148 0.457000 31 40 33
-0.278129 -0.191985 0.459000 31 40 33
-0.277545 -0.192403 0.460000 31 39 38
-0.277557 -0.193240 0.462000 28 36 35
-0.276961 -0.193658 0.463000 25 36 34
-0.276346 -0.194913 0.466000 27 34 38
-0.275731 -0.195331 0.467000 24 31 35
-0.275112 -0.195749 0.468000 33 40 46
-0.274487 -0.196168 0.469000 47 54 60
-0.274439 -0.197004 0.471000 81 84 87
-0.273802 -0.197422 0.472000 121 124 127
-0.273159 -0.197841 0.473000 143 147 142
-0.271936 -0.197841 0.473000 147 151 146
-0.270713 -0.197841 0.473000 135 139 132
-0.270059 -0.198259 0.474000 103 107 100
-0.268834 -0.198259 0.474000 64 73 66
-0.267608 -0.198259 0.474000 32 41 34
-0.265716 -0.198677 0.475000 24 38 29
-0.265045 -0.199096 0.476000 26 39 34
-0.263814 -0.199096 0.476000 25 38 33
-0.263135 -0.199514 0.477000 28 41 38
-0.261902 -0.199514 0.477000 33 46 43
-0.260668 -0.199514 0.477000 36 49 44
-0.259435 -0.199514 0.477000 35 48 43
-0.258743 -0.199932 0.478000 34 46 38
-0.257507 -0.199932 0.478000 33 45 37
-0.256271 -0.199932 0.478000 32 44 36
-0.255035 -0.199932 0.478000 32 44 36
-0.253799 -0.199932 0.478000 31 44 39
-0.252563 -0.199932 0.478000 32 45 40
-0.251327 -0.199932 0.478000 31 41 48
-0.244817 -0.219591 0.525000 148 146 138
-0.243460 -0.219591 0.525000 144 145 136
-0.242102 -0.219591 0.525000 144 145 136
-0.171065 -0.187802 0.449000 151 151 147
-0.169904 -0.187802 0.449000 144 144 140
-0.168743 -0.187802 0.449000 139 139 135
-0.167955 -0.188221 0.450000 136 136 132
-0.165628 -0.188221 0.450000 147 150 149
-0.164465 -0.188221 0.450000 155 161 159
-0.122639 -0.195749 0.468000 100 106 104
-0.121429 -0.195749 0.468000 72 78 76
-0.120219 -0.195749 0.468000 50 56 58
-0.118755 -0.195331 0.467000 41 47 49
-0.117547 -0.195331 0.467000 33 45 47
-0.116340 -0.195331 0.467000 35 47 49
-0.114886 -0.194913 0.466000 31 45 47
-0.113437 -0.194495 0.465000 35 49 51
-0.111993 -0.194076 0.464000 32 49 50
-0.110793 -0.194076 0.464000 31 48 49
-0.109357 -0.193658 0.463000 31 49 47
-0.107926 -0.193240 0.462000 29 47 45
-0.106732 -0.193240 0.462000 28 46 44
-0.105537 -0.193240 0.462000 29 47 45
-0.104343 -0.193240 0.462000 29 47 45
-0.103148 -0.193240 0.462000 29 47 45
-0.101954 -0.193240 0.462000 28 46 44
-0.100759 -0.193240 0.462000 29 47 45
-0.099564 -0.193240 0.462000 28 46 44
-0.098370 -0.193240 0.462000 27 45 43
-0.097175 -0.193240 0.462000 29 47 43
-0.096188 -0.193658 0.463000 27 45 41
-0.095196 -0.194076 0.464000 31 46 43
-0.094199 -0.194495 0.465000 31 46 43
-0.093197 -0.194913 0.466000 37 50 47
-0.092189 -0.195331 0.467000 38 51 48
-0.090982 -0.195331 0.467000 40 51 51
-0.089967 -0.195749 0.468000 37 48 48
-0.087074 -0.197422 0.472000 41 49 46
-0.007565 -0.192822 0.461000 37 66 78
-0.006373 -0.192822 0.461000 30 69 89
-0.005181 -0.192822 0.461000 36 75 95
-0.003989 -0.192822 0.461000 31 77 97
-0.002797 -0.192822 0.461000 18 64 84
-0.001605 -0.192822 0.461000 7 53 75
-0.000413 -0.192822 0.461000 4 50 72
0.001975 -0.193240 0.462000 24 70 92
0.003170 -0.193240 0.462000 31 77 97
0.004364 -0.193240 0.462000 30 76 96
0.005559 -0.193240 0.462000 32 76 94
0.006768 -0.193658 0.463000 29 73 91
0.007983 -0.194076 0.464000 30 74 92
0.009222 -0.194913 0.466000 32 76 94
0.010472 -0.195749 0.468000 21 64 85
0.011707 -0.196168 0.469000 19 62 83
0.015443 -0.197422 0.472000 35 78 99
0.016663 -0.197422 0.472000 29 72 93
0.017922 -0.197841 0.473000 26 69 90
0.019145 -0.197841 0.473000 19 62 83
0.020368 -0.197841 0.473000 18 62 80
0.021591 -0.197841 0.473000 9 53 71
0.022814 -0.197841 0.473000 7 49 68
0.024037 -0.197841 0.473000 5 47 66
0.025260 -0.197841 0.473000 5 44 64
0.026483 -0.197841 0.473000 5 44 64
0.027706 -0.197841 0.473000 5 42 61
0.028929 -0.197841 0.473000 5 42 61
0.031441 -0.198259 0.474000 7 42 57
0.032667 -0.198259 0.474000 14 45 59
0.033964 -0.198677 0.475000 16 47 61
0.035266 -0.199096 0.476000 16 47 61
0.036497 -0.199096 0.476000 15 46 60
0.037807 -0.199514 0.477000 15 46 60
0.039122 -0.199932 0.478000 15 46 60
0.040443 -0.200350 0.479000 15 47 58
0.041681 -0.200350 0.479000 15 47 58
0.042920 -0.200350 0.479000 15 44 54
0.044158 -0.200350 0.479000 16 45 55
0.045492 -0.200769 0.480000 12 41 49
0.046733 -0.200769 0.480000 13 42 50
0.047974 -0.200769 0.480000 15 45 50
0.049215 -0.200769 0.480000 13 43 48
0.050456 -0.200769 0.480000 14 42 48
0.051697 -0.200769 0.480000 12 40 46
0.052938 -0.200769 0.480000 11 39 45
0.054179 -0.200769 0.480000 13 41 47
0.055421 -0.200769 0.480000 13 41 47
0.056662 -0.200769 0.480000 14 42 48
0.057903 -0.200769 0.480000 16 41 48
0.059021 -0.200350 0.479000 15 40 47
0.060259 -0.200350 0.479000 18 41 46
0.061498 -0.200350 0.479000 18 41 46
0.062736 -0.200350 0.479000 18 41 46
0.063574 -0.199096 0.476000 21 44 49
0.064669 -0.198677 0.475000 22 45 50
0.065758 -0.198259 0.474000 23 46 51
0.066843 -0.197841 0.473000 22 45 50
0.067922 -0.197422 0.472000 28 51 56
0.070521 -0.194495 0.465000 22 47 54
0.071828 -0.191567 0.458000 18 50 57
0.072694 -0.190730 0.456000 16 48 55
0.073873 -0.190730 0.456000 12 48 56
0.074887 -0.190312 0.455000 17 53 61
0.075897 -0.189894 0.454000 17 56 65
0.076901 -0.189475 0.453000 16 55 64
0.077900 -0.189057 0.452000 12 51 60
0.079068 -0.189057 0.452000 8 47 56
0.080237 -0.189057 0.452000 10 43 56
0.081406 -0.189057 0.452000 10 43 56
0.082575 -0.189057 0.452000 12 39 52
0.083929 -0.189475 0.453000 26 53 66
0.085288 -0.189894 0.454000 53 77 87
0.086652 -0.190312 0.455000 65 89 99
0.087829 -0.190312 0.455000 52 79 90
0.089201 -0.190730 0.456000 20 47 58
0.090380 -0.190730 0.456000 20 49 61
0.091960 -0.191567 0.458000 20 49 61
0.093145 -0.191567 0.458000 18 47 55
0.095930 -0.192403 0.460000 17 47 50
0.097120 -0.192403 0.460000 13 43 46
0.098309 -0.192403 0.460000 17 47 50
0.099498 -0.192403 0.460000 17 47 50
0.100688 -0.192403 0.460000 19 49 54
0.101656 -0.191985 0.459000 20 50 55
0.102843 -0.191985 0.459000 18 50 57
0.103803 -0.191567 0.458000 18 50 57
0.104987 -0.191567 0.458000 20 53 57
0.105940 -0.191148 0.457000 20 53 57
0.107121 -0.191148 0.457000 19 49 54
0.108303 -0.191148 0.457000 22 52 57
0.109245 -0.190730 0.456000 25 53 57
0.110424 -0.190730 0.456000 26 54 58
0.111603 -0.190730 0.456000 27 55 59
0.112782 -0.190730 0.456000 26 54 58
0.113711 -0.190312 0.455000 26 54 60
0.114888 -0.190312 0.455000 26 54 60
0.116064 -0.190312 0.455000 25 54 62
0.117241 -0.190312 0.455000 27 56 64
0.118157 -0.189894 0.454000 27 59 66
0.119331 -0.189894 0.454000 28 60 67
0.120505 -0.189894 0.454000 30 62 71
0.121411 -0.189475 0.453000 30 62 71
0.122311 -0.189057 0.452000 34 70 80
0.123207 -0.188639 0.451000 46 82 92
0.124097 -0.188221 0.450000 51 86 99
0.125261 -0.188221 0.450000 49 84 97
0.126143 -0.187802 0.449000 48 83 96
0.161800 -0.208297 0.498000 65 78 73
0.163088 -0.208297 0.498000 66 79 76
0.164045 -0.207879 0.497000 66 79 76
0.165330 -0.207879 0.497000 64 77 74
0.167563 -0.207461 0.496000 67 78 78
0.168845 -0.207461 0.496000 66 77 77
0.169785 -0.207043 0.495000 71 77 77
-0.290999 -0.189134 0.455000 106 112 95
-0.289823 -0.189134 0.455000 57 63 46
-0.288646 -0.189134 0.455000 44 52 41
-0.287470 -0.189134 0.455000 34 42 31
-0.286293 -0.189134 0.455000 32 38 36
-0.285117 -0.189134 0.455000 28 34 32
-0.283940 -0.189134 0.455000 28 34 32
-0.282764 -0.189134 0.455000 29 35 33
-0.281587 -0.189134 0.455000 32 39 31
-0.281027 -0.189550 0.456000 33 40 32
-0.279848 -0.189550 0.456000 33 41 30
-0.279280 -0.189965 0.457000 32 40 29
-0.279316 -0.190797 0.459000 29 38 31
-0.279341 -0.191628 0.461000 28 37 30
-0.278752 -0.192044 0.462000 29 37 36
-0.278158 -0.192459 0.463000 32 40 39
-0.277551 -0.193706 0.466000 32 39 43
-0.276939 -0.194122 0.467000 32 37 44
-0.276322 -0.194538 0.468000 43 48 55
-0.275699 -0.194953 0.469000 72 75 76
-0.275657 -0.195785 0.471000 128 131 132
-0.275022 -0.196200 0.472000 143 147 140
-0.274382 -0.196616 0.473000 143 147 140
-0.273159 -0.196616 0.473000 141 146 136
-0.271936 -0.196616 0.473000 123 128 118
-0.270713 -0.196616 0.473000 78 82 75
-0.270059 -0.197032 0.474000 51 55 48
-0.268834 -0.197032 0.474000 29 37 34
-0.266944 -0.197447 0.475000 26 37 33
-0.265716 -0.197447 0.475000 27 38 34
-0.265045 -0.197863 0.476000 28 41 36
-0.264368 -0.198279 0.477000 30 43 38
-0.263135 -0.198279 0.477000 32 45 40
-0.261902 -0.198279 0.477000 35 48 43
-0.260668 -0.198279 0.477000 33 46 41
-0.259979 -0.198694 0.478000 30 43 38
-0.258743 -0.198694 0.478000 31 43 33
-0.257507 -0.198694 0.478000 30 42 32
-0.256271 -0.198694 0.478000 30 42 34
-0.255035 -0.198694 0.478000 30 42 34
-0.253799 -0.198694 0.478000 29 39 42
-0.242102 -0.218231 0.525000 143 144 135
-0.172226 -0.186640 0.449000 150 151 145
-0.171065 -0.186640 0.449000 145 146 140
-0.169904 -0.186640 0.449000 137 138 132
-0.116340 -0.194122 0.467000 51 61 64
-0.115132 -0.194122 0.467000 40 50 53
-0.113681 -0.193706 0.466000 36 46 49
-0.112476 -0.193706 0.466000 34 52 50
-0.111032 -0.193291 0.465000 33 51 49
-0.109593 -0.192875 0.464000 29 47 45
-0.108160 -0.192459 0.463000 31 49 47
-0.106963 -0.192459 0.463000 31 49 47
-0.105537 -0.192044 0.462000 29 47 45
-0.104343 -0.192044 0.462000 29 46 47
-0.103148 -0.192044 0.462000 29 46 47
-0.101954 -0.192044 0.462000 29 46 47
-0.100759 -0.192044 0.462000 31 48 49
-0.099564 -0.192044 0.462000 31 46 45
-0.098370 -0.192044 0.462000 30 45 44
-0.097175 -0.192044 0.462000 29 44 41
-0.095981 -0.192044 0.462000 29 44 41
-0.094786 -0.192044 0.462000 29 44 41
-0.093794 -0.192459 0.463000 29 44 41
-0.092597 -0.192459 0.463000 30 45 42
-0.091597 -0.192875 0.464000 30 45 42
-0.090787 -0.193706 0.466000 33 46 43
-0.089774 -0.194122 0.467000 36 49 46
-0.088567 -0.194122 0.467000 38 49 47
-0.087546 -0.194538 0.468000 40 51 49
-0.086521 -0.194953 0.469000 38 49 47
-0.085672 -0.195785 0.471000 37 48 46
-0.009949 -0.191628 0.461000 16 40 42
-0.008757 -0.191628 0.461000 31 65 85
-0.007565 -0.191628 0.461000 43 77 97
-0.006359 -0.191212 0.460000 35 81 101
-0.003989 -0.191628 0.461000 7 53 73
-0.002797 -0.191628 0.461000 7 53 73
-0.001605 -0.191628 0.461000 14 62 82
-0.000413 -0.191628 0.461000 29 77 97
0.000779 -0.191628 0.461000 38 86 106
0.001971 -0.191628 0.461000 33 81 101
0.004364 -0.192044 0.462000 27 73 93
0.005559 -0.192044 0.462000 26 73 90
0.006768 -0.192459 0.463000 28 75 92
0.007983 -0.192875 0.464000 30 76 98
0.009242 -0.194122 0.467000 23 69 91
0.012974 -0.195785 0.471000 32 78 98
0.015443 -0.196200 0.472000 23 69 89
0.016663 -0.196200 0.472000 14 60 80
0.017922 -0.196616 0.473000 14 58 76
0.019145 -0.196616 0.473000 9 53 71
0.020368 -0.196616 0.473000 3 45 62
0.021591 -0.196616 0.473000 3 45 62
0.022814 -0.196616 0.473000 8 47 63
0.024037 -0.196616 0.473000 11 50 66
0.025260 -0.196616 0.473000 13 50 67
0.026483 -0.196616 0.473000 12 49 66
0.027706 -0.196616 0.473000 10 47 64
0.028929 -0.196616 0.473000 5 42 59
0.031441 -0.197032 0.474000 6 41 56
0.032667 -0.197032 0.474000 9 42 55
0.033964 -0.197447 0.475000 9 42 55
0.035266 -0.197863 0.476000 11 42 56
0.036497 -0.197863 0.476000 9 40 54
0.037807 -0.198279 0.477000 7 38 52
0.039122 -0.198694 0.478000 8 39 53
0.040443 -0.199110 0.479000 9 37 52
0.041681 -0.199110 0.479000 9 37 52
0.042920 -0.199110 0.479000 9 36 49
0.044158 -0.199110 0.479000 9 36 49
0.045492 -0.199526 0.480000 7 34 43
0.046733 -0.199526 0.480000 7 34 43
0.047974 -0.199526 0.480000 9 34 41
0.049215 -0.199526 0.480000 11 36 43
0.050456 -0.199526 0.480000 11 34 39
0.051697 -0.199526 0.480000 14 37 42
0.052938 -0.199526 0.480000 13 36 41
0.054179 -0.199526 0.480000 14 37 42
0.055421 -0.199526 0.480000 15 38 43
0.056662 -0.199526 0.480000 15 38 43
0.057903 -0.199526 0.480000 16 37 43
0.059144 -0.199526 0.480000 16 37 43
0.060385 -0.199526 0.480000 14 36 39
0.061498 -0.199110 0.479000 14 36 39
0.062736 -0.199110 0.479000 14 36 39
0.063975 -0.199110 0.479000 12 34 37
0.065077 -0.198694 0.478000 16 39 44
0.066036 -0.197863 0.476000 15 38 43
0.067125 -0.197447 0.475000 16 39 44
0.068210 -0.197032 0.474000 17 40 45
0.069289 -0.196616 0.473000 20 43 48
0.070363 -0.196200 0.472000 21 44 49
0.071724 -0.193291 0.465000 22 47 54
0.073013 -0.190381 0.458000 21 53 62
0.073873 -0.189550 0.456000 19 53 61
0.074887 -0.189134 0.455000 16 50 58
0.075897 -0.188718 0.454000 14 50 58
0.076901 -0.188302 0.453000 18 54 62
0.077900 -0.187887 0.452000 18 57 66
0.079068 -0.187887 0.452000 13 52 61
0.080237 -0.187887 0.452000 12 47 62
0.081406 -0.187887 0.452000 10 45 60
0.082575 -0.187887 0.452000 16 45 57
0.083743 -0.187887 0.452000 15 44 56
0.085100 -0.188302 0.453000 27 54 65
0.086462 -0.188718 0.454000 41 68 79
0.087829 -0.189134 0.455000 57 84 93
0.089005 -0.189134 0.455000 54 81 90
0.090380 -0.189550 0.456000 19 48 60
0.091559 -0.189550 0.456000 10 39 51
0.092941 -0.189965 0.457000 13 42 52
0.094329 -0.190381 0.458000 15 44 54
0.095722 -0.190797 0.459000 12 42 47
0.096909 -0.190797 0.459000 13 43 48
0.098095 -0.190797 0.459000 18 48 51
0.099282 -0.190797 0.459000 20 50 53
0.100469 -0.190797 0.459000 22 55 59
0.101434 -0.190381 0.458000 25 58 62
0.102619 -0.190381 0.458000 20 56 64
0.103576 -0.189965 0.457000 17 53 61
0.104758 -0.189965 0.457000 15 49 57
0.105940 -0.189965 0.457000 13 47 55
0.106887 -0.189550 0.456000 17 47 52
0.108066 -0.189550 0.456000 19 49 54
0.109245 -0.189550 0.456000 20 46 48
0.110424 -0.189550 0.456000 23 49 51
0.111603 -0.189550 0.456000 23 49 51
0.112535 -0.189134 0.455000 25 51 53
0.113711 -0.189134 0.455000 25 51 53
0.114888 -0.189134 0.455000 23 49 51
0.115809 -0.188718 0.454000 25 51 53
0.116983 -0.188718 0.454000 26 52 54
0.118157 -0.188718 0.454000 29 55 57
0.119068 -0.188302 0.453000 32 58 60
0.119974 -0.187887 0.452000 34 59 64
0.120875 -0.187471 0.451000 36 61 66
0.122041 -0.187471 0.451000 35 67 76
0.122934 -0.187055 0.450000 42 74 83
0.124097 -0.187055 0.450000 47 83 93
0.124982 -0.186640 0.449000 48 84 94
0.126143 -0.186640 0.449000 50 85 98
0.161800 -0.207008 0.498000 59 77 73
0.163088 -0.207008 0.498000 61 79 75
0.164375 -0.207008 0.498000 61 79 75
0.165330 -0.206592 0.497000 60 78 76
0.166615 -0.206592 0.497000 60 78 76
0.167900 -0.206592 0.497000 63 77 79
0.168845 -0.206177 0.496000 63 77 79
0.170128 -0.206177 0.496000 68 79 79
0.171065 -0.205761 0.495000 69 80 80
0.172344 -0.205761 0.495000 74 82 81
0.173624 -0.205761 0.495000 77 85 84
0.174904 -0.205761 0.495000 70 76 76
-0.292176 -0.187956 0.455000 101 104 86
-0.290999 -0.187956 0.455000 43 52 34
-0.289823 -0.187956 0.455000 29 38 20
-0.288646 -0.187956 0.455000 28 38 26
-0.287470 -0.187956 0.455000 29 39 27
-0.286293 -0.187956 0.455000 29 38 31
-0.285117 -0.187956 0.455000 31 40 33
-0.283940 -0.187956 0.455000 31 40 33
-0.283385 -0.188369 0.456000 31 40 33
-0.282206 -0.188369 0.456000 32 41 34
-0.281643 -0.188782 0.457000 29 38 31
-0.281075 -0.189195 0.458000 28 37 30
-0.280502 -0.189608 0.459000 29 38 31
-0.280533 -0.190434 0.461000 29 38 31
-0.279947 -0.190847 0.462000 31 40 33
-0.278759 -0.191674 0.464000 27 35 36
-0.278756 -0.192500 0.466000 29 34 41
-0.278146 -0.192913 0.467000 39 44 51
-0.277532 -0.193326 0.468000 81 84 87
-0.277502 -0.194152 0.470000 129 132 135
-0.276875 -0.194565 0.471000 144 148 141
-0.276242 -0.194978 0.472000 140 144 137
-0.275605 -0.195391 0.473000 143 145 132
-0.274382 -0.195391 0.473000 138 140 127
-0.273159 -0.195391 0.473000 112 114 103
-0.271936 -0.195391 0.473000 72 74 63
-0.270059 -0.195804 0.474000 37 41 34
-0.268173 -0.196218 0.475000 29 35 33
-0.266944 -0.196218 0.475000 30 36 34
-0.266276 -0.196631 0.476000 34 40 38
-0.265045 -0.196631 0.476000 32 43 39
-0.263814 -0.196631 0.476000 34 45 41
-0.263135 -0.197044 0.477000 34 45 41
-0.261902 -0.197044 0.477000 33 44 40
-0.260668 -0.197044 0.477000 31 43 35
-0.259979 -0.197457 0.478000 31 43 35
-0.258743 -0.197457 0.478000 29 41 33
-0.257507 -0.197457 0.478000 30 42 34
-0.256271 -0.197457 0.478000 35 43 42
-0.255035 -0.197457 0.478000 31 39 38
-0.241641 -0.216459 0.524000 145 147 138
-0.111271 -0.192500 0.466000 40 53 52
-0.109830 -0.192087 0.465000 36 51 50
-0.108394 -0.191674 0.464000 35 50 49
-0.107194 -0.191674 0.464000 35 49 51
-0.105766 -0.191260 0.463000 35 49 51
-0.104569 -0.191260 0.463000 33 47 49
-0.103148 -0.190847 0.462000 29 43 45
-0.101954 -0.190847 0.462000 27 44 45
-0.100759 -0.190847 0.462000 29 46 47
-0.099564 -0.190847 0.462000 29 47 43
-0.098157 -0.190434 0.461000 27 45 41
-0.096965 -0.190434 0.461000 30 45 40
-0.094786 -0.190847 0.462000 30 45 40
-0.093591 -0.190847 0.462000 30 45 40
-0.092397 -0.190847 0.462000 29 44 39
-0.090203 -0.191260 0.463000 30 45 40
-0.089198 -0.191674 0.464000 30 45 40
-0.088377 -0.192500 0.466000 32 45 42
-0.087172 -0.192500 0.466000 33 46 43
-0.086152 -0.192913 0.467000 36 49 48
-0.085126 -0.193326 0.468000 36 49 48
-0.084095 -0.193739 0.469000 36 49 46
-0.083059 -0.194152 0.470000 33 46 43
-0.082192 -0.194978 0.472000 33 39 37
-0.079921 -0.195391 0.473000 46 54 53
-0.020991 -0.193326 0.468000 55 63 60
-0.012306 -0.190021 0.460000 81 99 97
-0.011117 -0.190021 0.460000 54 86 95
-0.009927 -0.190021 0.460000 32 64 73
-0.008738 -0.190021 0.460000 30 72 89
-0.007549 -0.190021 0.460000 31 73 90
-0.006359 -0.190021 0.460000 23 71 93
-0.005170 -0.190021 0.460000 14 62 84
-0.003980 -0.190021 0.460000 12 58 78
-0.002791 -0.190021 0.460000 30 76 96
-0.001602 -0.190021 0.460000 35 81 101
-0.000413 -0.190434 0.461000 34 80 100
0.000779 -0.190434 0.461000 23 70 87
0.001971 -0.190434 0.461000 17 64 81
0.004364 -0.190847 0.462000 25 72 89
0.005559 -0.190847 0.462000 25 71 91
0.008000 -0.192087 0.465000 21 68 95
0.012974 -0.194565 0.471000 22 70 90
0.015443 -0.194978 0.472000 8 52 68
0.016663 -0.194978 0.472000 6 50 66
0.017922 -0.195391 0.473000 3 45 60
0.019145 -0.195391 0.473000 1 43 58
0.020368 -0.195391 0.473000 3 41 55
0.021591 -0.195391 0.473000 5 43 57
0.022814 -0.195391 0.473000 13 48 61
0.024037 -0.195391 0.473000 22 57 70
0.025260 -0.195391 0.473000 24 59 72
0.026483 -0.195391 0.473000 22 57 70
0.027706 -0.195391 0.473000 22 55 68
0.028929 -0.195391 0.473000 20 53 66
0.031441 -0.195804 0.474000 13 48 61
0.032667 -0.195804 0.474000 8 41 54
0.033964 -0.196218 0.475000 6 39 52
0.035192 -0.196218 0.475000 7 40 53
0.036497 -0.196631 0.476000 6 39 52
0.037807 -0.197044 0.477000 2 35 50
0.039122 -0.197457 0.478000 5 38 53
0.040358 -0.197457 0.478000 4 35 51
0.041681 -0.197870 0.479000 1 32 48
0.042920 -0.197870 0.479000 5 31 47
0.044158 -0.197870 0.479000 5 31 47
0.045397 -0.197870 0.479000 5 32 43
0.046733 -0.198283 0.480000 6 33 44
0.047974 -0.198283 0.480000 8 33 40
0.049215 -0.198283 0.480000 9 34 41
0.050456 -0.198283 0.480000 11 32 38
0.051697 -0.198283 0.480000 14 35 41
0.052938 -0.198283 0.480000 15 39 41
0.054179 -0.198283 0.480000 15 39 41
0.055421 -0.198283 0.480000 15 38 43
0.056662 -0.198283 0.480000 14 37 42
0.057903 -0.198283 0.480000 14 37 42
0.059144 -0.198283 0.480000 13 36 41
0.060385 -0.198283 0.480000 13 36 41
0.061626 -0.198283 0.480000 11 34 39
0.062736 -0.197870 0.479000 10 34 36
0.063975 -0.197870 0.479000 11 35 37
0.065213 -0.197870 0.479000 15 38 45
0.066313 -0.197457 0.478000 13 36 43
0.067549 -0.197457 0.478000 13 36 41
0.068497 -0.196631 0.476000 13 36 41
0.069435 -0.195804 0.474000 11 34 39
0.070512 -0.195391 0.473000 15 38 43
0.071583 -0.194978 0.472000 11 38 47
0.074197 -0.189195 0.458000 19 48 58
0.075052 -0.188369 0.456000 15 44 54
0.076064 -0.187956 0.455000 16 48 57
0.077070 -0.187543 0.454000 20 52 61
0.078072 -0.187130 0.453000 20 55 68
0.079068 -0.186716 0.452000 20 55 68
0.080237 -0.186716 0.452000 16 54 68
0.081406 -0.186716 0.452000 12 50 64
0.082575 -0.186716 0.452000 13 44 58
0.083743 -0.186716 0.452000 13 44 58
0.085100 -0.187130 0.453000 14 41 52
0.086462 -0.187543 0.454000 21 48 59
0.087636 -0.187543 0.454000 40 69 77
0.089005 -0.187956 0.455000 58 87 95
0.090182 -0.187956 0.455000 52 84 95
0.091559 -0.188369 0.456000 15 47 58
0.092738 -0.188369 0.456000 3 34 48
0.094123 -0.188782 0.457000 11 42 56
0.095305 -0.188782 0.457000 15 44 54
0.096486 -0.188782 0.457000 26 55 65
0.097668 -0.188782 0.457000 25 55 60
0.098850 -0.188782 0.457000 26 56 61
0.100031 -0.188782 0.457000 25 57 64
0.101213 -0.188782 0.457000 29 61 68
0.102395 -0.188782 0.457000 29 65 75
0.103350 -0.188369 0.456000 29 65 75
0.104529 -0.188369 0.456000 27 62 75
0.105708 -0.188369 0.456000 13 48 61
0.106887 -0.188369 0.456000 13 42 50
0.108066 -0.188369 0.456000 16 45 53
0.109245 -0.188369 0.456000 21 43 44
0.110424 -0.188369 0.456000 24 46 47
0.111358 -0.187956 0.455000 24 43 43
0.112535 -0.187956 0.455000 24 43 43
0.113711 -0.187956 0.455000 25 44 44
0.114888 -0.187956 0.455000 26 45 45
0.116064 -0.187956 0.455000 29 46 49
0.116983 -0.187543 0.454000 28 45 48
0.118157 -0.187543 0.454000 28 45 48
0.119068 -0.187130 0.453000 31 48 51
0.119974 -0.186716 0.452000 34 51 56
0.120875 -0.186303 0.451000 39 56 61
0.122041 -0.186303 0.451000 45 68 75
0.122934 -0.185890 0.450000 44 67 74
0.126143 -0.185477 0.449000 49 84 97
0.159544 -0.206132 0.499000 40 59 59
0.160835 -0.206132 0.499000 44 64 61
0.162125 -0.206132 0.499000 45 65 62
0.163088 -0.205719 0.498000 49 67 65
0.164375 -0.205719 0.498000 54 72 70
0.165663 -0.205719 0.498000 54 72 70
0.166951 -0.205719 0.498000 54 72 70
0.167900 -0.205305 0.497000 55 73 71
0.169186 -0.205305 0.497000 57 75 73
0.170471 -0.205305 0.497000 62 77 74
0.171410 -0.204892 0.496000 63 78 75
0.172344 -0.204479 0.495000 64 77 74
0.173624 -0.204479 0.495000 67 80 77
0.174904 -0.204479 0.495000 68 79 77
0.175828 -0.204066 0.494000 70 81 79
0.177106 -0.204066 0.494000 75 81 79
0.178383 -0.204066 0.494000 70 76 74
0.179660 -0.204066 0.494000 76 77 73
-0.293352 -0.186778 0.455000 83 85 72
-0.292176 -0.186778 0.455000 53 55 42
-0.290999 -0.186778 0.455000 25 35 21
-0.289823 -0.186778 0.455000 28 38 24
-0.288646 -0.186778 0.455000 27 40 27
-0.287470 -0.186778 0.455000 26 39 26
-0.286293 -0.186778 0.455000 27 40 27
-0.285743 -0.187188 0.456000 32 45 32
-0.284564 -0.187188 0.456000 32 44 34
-0.283385 -0.187188 0.456000 31 43 33
-0.282825 -0.187599 0.457000 26 38 30
-0.282260 -0.188009 0.458000 26 38 30
-0.282303 -0.188830 0.460000 25 36 32
-0.281725 -0.189241 0.461000 27 38 34
-0.281141 -0.189651 0.462000 32 40 41
-0.279959 -0.190472 0.464000 29 34 41
-0.279960 -0.191293 0.466000 32 37 44
-0.279354 -0.191704 0.467000 73 76 79
-0.278742 -0.192114 0.468000 115 118 121
-0.278718 -0.192935 0.470000 150 151 147
-0.278683 -0.193756 0.472000 144 145 141
-0.278051 -0.194167 0.473000 138 140 127
-0.276828 -0.194167 0.473000 145 147 134
-0.275605 -0.194167 0.473000 126 129 113
-0.274382 -0.194167 0.473000 93 96 80
-0.273159 -0.194167 0.473000 58 60 49
-0.271285 -0.194577 0.474000 37 41 34
-0.270059 -0.194577 0.474000 32 36 29
-0.269401 -0.194988 0.475000 29 35 33
-0.268173 -0.194988 0.475000 33 39 37
-0.267506 -0.195398 0.476000 36 42 40
-0.266276 -0.195398 0.476000 39 45 43
-0.265045 -0.195398 0.476000 39 45 43
-0.264368 -0.195809 0.477000 37 43 41
-0.263135 -0.195809 0.477000 35 43 40
-0.261902 -0.195809 0.477000 31 39 36
-0.260668 -0.195809 0.477000 31 40 33
-0.259979 -0.196219 0.478000 31 40 33
-0.257507 -0.196219 0.478000 32 40 41
-0.107425 -0.190883 0.465000 38 50 52
-0.105994 -0.190472 0.464000 36 48 50
-0.104569 -0.190062 0.463000 35 47 51
-0.103371 -0.190062 0.463000 33 45 49
-0.101954 -0.189651 0.462000 33 47 49
-0.100759 -0.189651 0.462000 33 47 49
-0.099564 -0.189651 0.462000 31 46 45
-0.098370 -0.189651 0.462000 29 44 43
-0.097175 -0.189651 0.462000 28 43 40
-0.095981 -0.189651 0.462000 28 43 40
-0.094786 -0.189651 0.462000 30 45 40
-0.093591 -0.189651 0.462000 31 46 41
-0.092397 -0.189651 0.462000 30 45 40
-0.091202 -0.189651 0.462000 29 44 39
-0.089005 -0.190062 0.463000 28 43 38
-0.087998 -0.190472 0.464000 29 44 43
-0.086985 -0.190883 0.465000 30 45 44
-0.085967 -0.191293 0.466000 31 45 47
-0.084944 -0.191704 0.467000 30 44 46
-0.083737 -0.191704 0.467000 31 46 45
-0.082706 -0.192114 0.468000 30 45 44
-0.081670 -0.192525 0.469000 32 43 41
-0.080629 -0.192935 0.470000 31 42 40
-0.079583 -0.193346 0.471000 33 44 42
-0.020901 -0.191293 0.466000 25 31 31
-0.014685 -0.188830 0.460000 80 91 89
-0.013466 -0.188420 0.459000 68 93 100
-0.012280 -0.188420 0.459000 47 72 79
-0.011093 -0.188420 0.459000 37 76 92
-0.009906 -0.188420 0.459000 30 69 85
-0.008719 -0.188420 0.459000 26 72 92
-0.007532 -0.188420 0.459000 16 62 82
-0.006345 -0.188420 0.459000 7 54 79
-0.005159 -0.188420 0.459000 18 65 90
-0.003972 -0.188420 0.459000 31 79 99
-0.002785 -0.188420 0.459000 36 84 104
-0.001602 -0.188830 0.460000 33 77 95
-0.000412 -0.188830 0.460000 15 59 77
0.000777 -0.188830 0.460000 10 52 69
0.001971 -0.189241 0.461000 12 54 71
0.003163 -0.189241 0.461000 23 70 87
0.004355 -0.189241 0.461000 21 68 85
0.006754 -0.189651 0.462000 26 74 96
0.008000 -0.190883 0.465000 13 62 88
0.010472 -0.192114 0.468000 18 65 90
0.011732 -0.192935 0.470000 10 57 82
0.012974 -0.193346 0.471000 13 59 79
0.015443 -0.193756 0.472000 2 41 57
0.016663 -0.193756 0.472000 0 39 55
0.017922 -0.194167 0.473000 0 36 46
0.019145 -0.194167 0.473000 3 39 49
0.020368 -0.194167 0.473000 6 38 47
0.021591 -0.194167 0.473000 7 39 48
0.022814 -0.194167 0.473000 8 40 49
0.024037 -0.194167 0.473000 9 41 50
0.025260 -0.194167 0.473000 17 46 56
0.026483 -0.194167 0.473000 19 48 58
0.027706 -0.194167 0.473000 17 49 58
0.028929 -0.194167 0.473000 25 57 66
0.030152 -0.194167 0.473000 24 58 66
0.032667 -0.194577 0.474000 21 57 67
0.033892 -0.194577 0.474000 19 55 65
0.035192 -0.194988 0.475000 14 50 60
0.036420 -0.194988 0.475000 10 46 56
0.037728 -0.195398 0.476000 5 40 53
0.039040 -0.195809 0.477000 6 41 54
0.040358 -0.196219 0.478000 9 42 55
0.041594 -0.196219 0.478000 7 40 53
0.042920 -0.196630 0.479000 6 37 51
0.044158 -0.196630 0.479000 7 38 52
0.045397 -0.196630 0.479000 6 35 47
0.046635 -0.196630 0.479000 5 34 46
0.047874 -0.196630 0.479000 7 34 45
0.049112 -0.196630 0.479000 9 36 47
0.050456 -0.197040 0.480000 15 40 45
0.051697 -0.197040 0.480000 18 43 48
0.052938 -0.197040 0.480000 9 38 39
0.054179 -0.197040 0.480000 3 32 33
0.055421 -0.197040 0.480000 2 31 32
0.056662 -0.197040 0.480000 0 29 30
0.057903 -0.197040 0.480000 4 30 32
0.059144 -0.197040 0.480000 4 30 32
0.060385 -0.197040 0.480000 5 31 33
0.061498 -0.196630 0.479000 5 31 33
0.062736 -0.196630 0.479000 8 32 34
0.063975 -0.196630 0.479000 10 34 36
0.065213 -0.196630 0.479000 13 36 43
0.066452 -0.196630 0.479000 15 38 45
0.067549 -0.196219 0.478000 10 37 46
0.068785 -0.196219 0.478000 11 38 47
0.069728 -0.195398 0.476000 14 41 50
0.070810 -0.194988 0.475000 17 44 53
0.071735 -0.194167 0.473000 16 43 52
0.072804 -0.193756 0.472000 17 44 53
0.073240 -0.191704 0.467000 20 47 58
0.074128 -0.190883 0.465000 17 44 55
0.076231 -0.187188 0.456000 13 42 52
0.077240 -0.186778 0.455000 15 44 54
0.078244 -0.186367 0.454000 23 56 71
0.079243 -0.185957 0.453000 23 56 71
0.080415 -0.185957 0.453000 24 56 74
0.081406 -0.185546 0.452000 23 55 73
0.082575 -0.185546 0.452000 16 46 65
0.083743 -0.185546 0.452000 7 37 56
0.085100 -0.185957 0.453000 13 42 54
0.086271 -0.185957 0.453000 12 41 53
0.087443 -0.185957 0.453000 15 44 56
0.088809 -0.186367 0.454000 38 67 79
0.089983 -0.186367 0.454000 60 91 105
0.091358 -0.186778 0.455000 50 81 95
0.092535 -0.186778 0.455000 14 47 62
0.093917 -0.187188 0.456000 13 46 61
0.095096 -0.187188 0.456000 17 48 64
0.096275 -0.187188 0.456000 20 51 67
0.097454 -0.187188 0.456000 23 52 64
0.098633 -0.187188 0.456000 23 52 64
0.099812 -0.187188 0.456000 24 53 65
0.100991 -0.187188 0.456000 26 55 67
0.102170 -0.187188 0.456000 29 62 77
0.103350 -0.187188 0.456000 35 68 83
0.104529 -0.187188 0.456000 38 73 88
0.105708 -0.187188 0.456000 42 77 92
0.106887 -0.187188 0.456000 21 53 62
0.108066 -0.187188 0.456000 10 42 51
0.109245 -0.187188 0.456000 17 39 42
0.110182 -0.186778 0.455000 18 40 43
0.111358 -0.186778 0.455000 24 38 42
0.112535 -0.186778 0.455000 24 38 42
0.113711 -0.186778 0.455000 27 41 45
0.114888 -0.186778 0.455000 29 43 47
0.116064 -0.186778 0.455000 26 43 46
0.116983 -0.186367 0.454000 26 43 46
0.118157 -0.186367 0.454000 26 43 46
0.119068 -0.185957 0.453000 27 44 47
0.119974 -0.185546 0.452000 32 48 56
0.120875 -0.185136 0.451000 32 48 56
0.121770 -0.184725 0.450000 28 50 60
0.124982 -0.184315 0.449000 43 72 84
0.125862 -0.183904 0.448000 46 81 94
0.157593 -0.205661 0.501000 31 50 52
0.158571 -0.205250 0.500000 32 49 50
0.159544 -0.204840 0.499000 33 50 51
0.160835 -0.204840 0.499000 33 52 52
0.162125 -0.204840 0.499000 30 49 49
0.163415 -0.204840 0.499000 32 52 49
0.164705 -0.204840 0.499000 38 58 55
0.165663 -0.204429 0.498000 42 62 59
0.166951 -0.204429 0.498000 45 65 62
0.168238 -0.204429 0.498000 43 61 59
0.169186 -0.204019 0.497000 49 67 65
0.170471 -0.204019 0.497000 53 71 69
0.171756 -0.204019 0.497000 55 73 71
0.172693 -0.203608 0.496000 61 76 73
0.173624 -0.203198 0.495000 63 78 75
0.174904 -0.203198 0.495000 66 81 78
0.176184 -0.203198 0.495000 66 81 78
0.177464 -0.203198 0.495000 69 80 78
0.178383 -0.202787 0.494000 70 81 79
0.179660 -0.202787 0.494000 69 80 78
0.180938 -0.202787 0.494000 69 80 78
0.182215 -0.202787 0.494000 69 77 76
0.183121 -0.202377 0.493000 68 76 75
0.184396 -0.202377 0.493000 75 83 82
-0.294529 -0.185600 0.455000 75 76 65
-0.293352 -0.185600 0.455000 43 48 38
-0.292176 -0.185600 0.455000 30 35 25
-0.290999 -0.185600 0.455000 27 40 27
-0.289823 -0.185600 0.455000 25 38 25
-0.288646 -0.185600 0.455000 26 39 26
-0.288102 -0.186007 0.456000 29 42 29
-0.286923 -0.186007 0.456000 31 44 29
-0.285743 -0.186007 0.456000 31 44 29
-0.284564 -0.186007 0.456000 26 40 29
-0.284007 -0.186415 0.457000 25 39 28
-0.283444 -0.186823 0.458000 24 37 32
-0.283492 -0.187639 0.460000 24 37 32
-0.282917 -0.188047 0.461000 28 36 35
-0.282336 -0.188455 0.462000 28 36 35
-0.280552 -0.188863 0.463000 28 35 43
-0.281165 -0.190087 0.466000 60 63 66
-0.280561 -0.190494 0.467000 112 115 118
-0.279952 -0.190902 0.468000 151 152 148
-0.279337 -0.191310 0.469000 151 152 148
-0.279311 -0.192126 0.471000 146 147 138
-0.278683 -0.192534 0.472000 144 145 136
-0.278051 -0.192942 0.473000 138 144 127
-0.276828 -0.192942 0.473000 113 119 102
-0.275605 -0.192942 0.473000 64 72 57
-0.274382 -0.192942 0.473000 37 45 30
-0.272511 -0.193350 0.474000 27 32 22
-0.271285 -0.193350 0.474000 32 39 31
-0.270059 -0.193350 0.474000 30 37 29
-0.269401 -0.193758 0.475000 33 40 34
-0.268173 -0.193758 0.475000 39 46 40
-0.267506 -0.194166 0.476000 37 44 38
-0.266276 -0.194166 0.476000 39 46 40
-0.265045 -0.194166 0.476000 34 41 35
-0.264368 -0.194574 0.477000 33 40 34
-0.263135 -0.194574 0.477000 35 41 39
-0.261902 -0.194574 0.477000 34 40 38
-0.261215 -0.194981 0.478000 33 41 42
-0.103595 -0.189271 0.464000 43 53 56
-0.102174 -0.188863 0.463000 41 51 54
-0.100977 -0.188863 0.463000 39 49 52
-0.099564 -0.188455 0.462000 36 48 50
-0.098370 -0.188455 0.462000 36 48 50
-0.097175 -0.188455 0.462000 31 46 43
-0.095981 -0.188455 0.462000 31 46 43
-0.094786 -0.188455 0.462000 30 45 40
-0.093591 -0.188455 0.462000 33 48 43
-0.092397 -0.188455 0.462000 27 45 39
-0.091202 -0.188455 0.462000 27 45 39
-0.089005 -0.188863 0.463000 28 46 40
-0.087808 -0.188863 0.463000 27 45 43
-0.086798 -0.189271 0.464000 27 45 43
-0.085783 -0.189679 0.465000 28 45 46
-0.084762 -0.190087 0.466000 29 46 47
-0.083557 -0.190087 0.466000 30 45 44
-0.082529 -0.190494 0.467000 28 43 42
-0.081322 -0.190494 0.467000 31 44 41
-0.080286 -0.190902 0.468000 33 46 43
-0.079076 -0.190902 0.468000 33 46 43
-0.078198 -0.191718 0.470000 32 45 42
-0.077147 -0.192126 0.471000 32 43 39
-0.076090 -0.192534 0.472000 30 41 37
-0.073805 -0.192942 0.473000 31 42 38
-0.022059 -0.189679 0.465000 98 104 102
-0.020767 -0.188863 0.463000 28 34 34
-0.015840 -0.187231 0.459000 56 77 85
-0.014653 -0.187231 0.459000 44 65 73
-0.013437 -0.186823 0.458000 35 70 85
-0.012253 -0.186823 0.458000 39 74 89
-0.011093 -0.187231 0.459000 32 76 94
-0.009906 -0.187231 0.459000 28 72 90
-0.008700 -0.186823 0.458000 21 68 93
-0.007516 -0.186823 0.458000 21 68 93
-0.006332 -0.186823 0.458000 37 84 109
-0.005147 -0.186823 0.458000 39 86 111
-0.003963 -0.186823 0.458000 31 77 97
-0.002785 -0.187231 0.459000 17 63 83
-0.001598 -0.187231 0.459000 9 48 68
-0.000411 -0.187231 0.459000 3 42 62
0.000777 -0.187639 0.460000 3 42 60
0.001971 -0.188047 0.461000 22 61 79
0.003163 -0.188047 0.461000 23 67 85
0.004355 -0.188047 0.461000 28 72 90
0.006754 -0.188455 0.462000 15 62 87
0.009242 -0.190494 0.467000 11 58 85
0.010472 -0.190902 0.468000 10 56 78
0.011732 -0.191718 0.470000 3 49 71
0.012974 -0.192126 0.471000 7 46 62
0.015443 -0.192534 0.472000 6 39 52
0.016663 -0.192534 0.472000 3 36 49
0.017922 -0.192942 0.473000 5 32 41
0.019145 -0.192942 0.473000 5 32 41
0.020368 -0.192942 0.473000 8 33 40
0.021591 -0.192942 0.473000 6 31 38
0.022814 -0.192942 0.473000 7 32 39
0.024037 -0.192942 0.473000 8 33 40
0.025260 -0.192942 0.473000 5 32 41
0.026483 -0.192942 0.473000 5 32 41
0.027706 -0.192942 0.473000 8 37 45
0.028929 -0.192942 0.473000 9 38 46
0.030152 -0.192942 0.473000 8 42 50
0.031375 -0.192942 0.473000 15 49 57
0.032598 -0.192942 0.473000 18 54 62
0.035118 -0.193350 0.474000 17 56 63
0.036344 -0.193350 0.474000 22 61 68
0.037649 -0.193758 0.475000 16 55 64
0.038959 -0.194166 0.476000 12 51 60
0.040189 -0.194166 0.476000 9 48 57
0.041507 -0.194574 0.477000 8 47 56
0.042830 -0.194981 0.478000 12 45 58
0.044066 -0.194981 0.478000 10 43 56
0.045302 -0.194981 0.478000 9 42 55
0.046635 -0.195389 0.479000 9 42 55
0.047874 -0.195389 0.479000 10 41 55
0.049112 -0.195389 0.479000 13 44 58
0.050351 -0.195389 0.479000 39 68 78
0.051590 -0.195389 0.479000 65 94 104
0.052828 -0.195389 0.479000 87 117 122
0.054067 -0.195389 0.479000 90 120 125
0.055305 -0.195389 0.479000 85 113 117
0.056544 -0.195389 0.479000 82 110 114
0.057782 -0.195389 0.479000 80 106 108
0.059021 -0.195389 0.479000 75 101 103
0.060259 -0.195389 0.479000 75 94 96
0.061498 -0.195389 0.479000 76 95 97
0.062736 -0.195389 0.479000 81 95 99
0.063975 -0.195389 0.479000 79 93 97
0.065213 -0.195389 0.479000 58 79 85
0.066452 -0.195389 0.479000 29 50 56
0.067549 -0.194981 0.478000 16 45 55
0.068785 -0.194981 0.478000 17 46 56
0.070021 -0.194981 0.478000 17 46 56
0.070959 -0.194166 0.476000 15 44 54
0.071886 -0.193350 0.474000 14 41 54
0.072958 -0.192942 0.473000 14 41 54
0.074024 -0.192534 0.472000 20 44 58
0.074447 -0.190494 0.467000 16 40 54
0.075655 -0.190494 0.467000 16 38 50
0.076398 -0.186415 0.457000 9 29 40
0.077240 -0.185600 0.455000 11 31 42
0.078417 -0.185600 0.455000 15 43 58
0.079418 -0.185192 0.454000 26 54 69
0.080592 -0.185192 0.454000 25 59 77
0.081586 -0.184784 0.453000 25 59 77
0.082575 -0.184376 0.452000 30 62 82
0.083929 -0.184784 0.453000 15 47 67
0.085100 -0.184784 0.453000 9 36 56
0.086271 -0.184784 0.453000 11 38 58
0.087443 -0.184784 0.453000 10 41 55
0.088809 -0.185192 0.454000 22 53 67
0.089983 -0.185192 0.454000 36 69 84
0.091157 -0.185192 0.454000 56 89 104
0.092535 -0.185600 0.455000 45 80 95
0.093711 -0.185600 0.455000 12 47 62
0.095096 -0.186007 0.456000 9 40 56
0.096275 -0.186007 0.456000 8 39 55
0.097454 -0.186007 0.456000 16 38 50
0.098633 -0.186007 0.456000 17 39 51
0.099812 -0.186007 0.456000 23 43 58
0.100991 -0.186007 0.456000 25 45 60
0.102170 -0.186007 0.456000 26 54 71
0.103350 -0.186007 0.456000 33 61 78
0.104529 -0.186007 0.456000 36 68 86
0.105708 -0.186007 0.456000 41 73 91
0.106887 -0.186007 0.456000 43 76 89
0.108066 -0.186007 0.456000 33 66 79
0.109245 -0.186007 0.456000 39 60 66
0.110182 -0.185600 0.455000 42 63 69
0.111358 -0.185600 0.455000 52 64 66
0.112535 -0.185600 0.455000 49 61 63
0.113711 -0.185600 0.455000 47 59 61
0.114888 -0.185600 0.455000 44 56 58
0.116064 -0.185600 0.455000 39 56 57
0.116983 -0.185192 0.454000 40 57 58
0.118157 -0.185192 0.454000 34 51 52
0.119068 -0.184784 0.453000 33 50 51
0.119708 -0.183968 0.451000 29 46 51
0.120875 -0.183968 0.451000 29 46 51
0.121770 -0.183560 0.450000 26 44 51
0.122934 -0.183560 0.450000 32 50 57
0.156610 -0.204771 0.502000 33 50 53
0.157593 -0.204363 0.501000 31 48 51
0.158571 -0.203956 0.500000 33 50 51
0.159864 -0.203956 0.500000 31 48 49
0.161157 -0.203956 0.500000 32 49 50
0.162450 -0.203956 0.500000 29 46 47
0.163415 -0.203548 0.499000 28 47 47
0.164705 -0.203548 0.499000 31 50 50
0.165996 -0.203548 0.499000 34 54 51
0.166951 -0.203140 0.498000 33 53 50
0.168238 -0.203140 0.498000 33 53 50
0.169526 -0.203140 0.498000 37 57 54
0.170471 -0.202732 0.497000 40 60 57
0.171756 -0.202732 0.497000 41 61 58
0.173041 -0.202732 0.497000 47 65 63
0.173624 -0.201916 0.495000 43 61 59
0.174904 -0.201916 0.495000 49 67 65
0.176184 -0.201916 0.495000 53 71 69
0.177464 -0.201916 0.495000 57 72 71
0.178383 -0.201508 0.494000 62 77 76
0.179660 -0.201508 0.494000 63 76 73
0.180938 -0.201508 0.494000 65 78 75
0.181846 -0.201100 0.493000 64 77 74
0.183121 -0.201100 0.493000 66 79 76
0.184396 -0.201100 0.493000 72 82 85
0.186047 -0.201508 0.494000 68 78 81
0.186945 -0.201100 0.493000 68 78 81
0.188602 -0.201508 0.494000 72 82 85
-0.296882 -0.184421 0.455000 102 104 88
-0.295705 -0.184421 0.455000 50 55 45
-0.294529 -0.184421 0.455000 39 44 34
-0.293352 -0.184421 0.455000 35 42 34
-0.292176 -0.184421 0.455000 32 39 31
-0.290999 -0.184421 0.455000 26 39 26
-0.289823 -0.184421 0.455000 26 39 26
-0.289281 -0.184827 0.456000 32 42 30
-0.288102 -0.184827 0.456000 34 44 32
-0.286923 -0.184827 0.456000 32 45 30
-0.286370 -0.185232 0.457000 27 40 25
-0.285812 -0.185637 0.458000 27 39 29
-0.285250 -0.186043 0.459000 26 38 28
-0.284682 -0.186448 0.460000 27 38 34
-0.284109 -0.186853 0.461000 26 37 33
-0.283530 -0.187259 0.462000 29 34 41
-0.282358 -0.188069 0.464000 39 41 49
-0.282370 -0.188880 0.466000 93 95 103
-0.281769 -0.189285 0.467000 140 140 140
-0.281162 -0.189691 0.468000 157 157 157
-0.280550 -0.190096 0.469000 147 147 141
-0.280529 -0.190907 0.471000 146 146 140
-0.279904 -0.191312 0.472000 148 149 140
-0.279274 -0.191717 0.473000 141 142 133
-0.278051 -0.191717 0.473000 96 106 92
-0.276828 -0.191717 0.473000 52 62 48
-0.275605 -0.191717 0.473000 41 49 38
-0.273736 -0.192123 0.474000 26 33 25
-0.272511 -0.192123 0.474000 28 35 27
-0.271285 -0.192123 0.474000 33 40 32
-0.270629 -0.192528 0.475000 37 44 36
-0.269401 -0.192528 0.475000 40 47 39
-0.268173 -0.192528 0.475000 39 46 38
-0.266944 -0.192528 0.475000 34 41 35
-0.266276 -0.192933 0.476000 30 37 31
-0.265045 -0.192933 0.476000 30 36 34
-0.263814 -0.192933 0.476000 32 38 36
-0.263135 -0.193339 0.477000 36 42 44
-0.261902 -0.193339 0.477000 33 39 41
-0.099780 -0.187664 0.463000 49 56 60
-0.098583 -0.187664 0.463000 50 57 61
-0.097386 -0.187664 0.463000 38 48 51
-0.096188 -0.187664 0.463000 39 49 52
-0.094991 -0.187664 0.463000 40 53 50
-0.093794 -0.187664 0.463000 36 49 46
-0.092597 -0.187664 0.463000 31 46 43
-0.091400 -0.187664 0.463000 29 44 41
-0.090203 -0.187664 0.463000 27 45 41
-0.089198 -0.188069 0.464000 29 47 43
-0.087998 -0.188069 0.464000 29 46 47
-0.086798 -0.188069 0.464000 28 45 46
-0.085783 -0.188475 0.465000 27 44 47
-0.084762 -0.188880 0.466000 28 45 48
-0.083557 -0.188880 0.466000 30 45 44
-0.082353 -0.188880 0.466000 29 44 43
-0.081322 -0.189285 0.467000 30 43 40
-0.080114 -0.189285 0.467000 31 44 41
-0.078907 -0.189285 0.467000 32 45 42
-0.077866 -0.189691 0.468000 31 44 41
-0.076655 -0.189691 0.468000 31 45 36
-0.075445 -0.189691 0.468000 32 46 37
-0.074553 -0.190501 0.470000 33 47 38
-0.073493 -0.190907 0.471000 35 49 40
-0.072429 -0.191312 0.472000 28 41 40
-0.018214 -0.186043 0.459000 26 43 55
-0.017027 -0.186043 0.459000 46 63 75
-0.015806 -0.185637 0.458000 34 65 79
-0.014621 -0.185637 0.458000 35 66 80
-0.013437 -0.185637 0.458000 30 72 89
-0.012253 -0.185637 0.458000 33 75 92
-0.011069 -0.185637 0.458000 24 70 92
-0.009884 -0.185637 0.458000 25 71 93
-0.008700 -0.185637 0.458000 25 74 100
-0.007499 -0.185232 0.457000 29 78 104
-0.006318 -0.185232 0.457000 38 87 113
-0.005136 -0.185232 0.457000 20 69 95
-0.003963 -0.185637 0.458000 11 55 73
-0.002779 -0.185637 0.458000 7 51 69
-0.001595 -0.185637 0.458000 6 43 62
-0.000411 -0.186043 0.459000 0 32 51
0.000776 -0.186043 0.459000 11 50 68
0.001967 -0.186448 0.460000 33 72 90
0.003163 -0.186853 0.461000 22 66 84
0.004355 -0.186853 0.461000 30 74 92
0.008000 -0.188475 0.465000 7 54 79
0.009242 -0.189285 0.467000 4 51 76
0.010472 -0.189691 0.468000 6 48 67
0.011732 -0.190501 0.470000 6 48 67
0.012974 -0.190907 0.471000 11 46 59
0.015443 -0.191312 0.472000 8 37 47
0.016663 -0.191312 0.472000 6 35 45
0.017884 -0.191312 0.472000 7 31 41
0.019145 -0.191717 0.473000 5 29 39
0.020368 -0.191717 0.473000 6 29 36
0.021591 -0.191717 0.473000 3 26 33
0.022814 -0.191717 0.473000 6 24 31
0.024037 -0.191717 0.473000 7 25 32
0.025260 -0.191717 0.473000 4 28 38
0.026483 -0.191717 0.473000 5 29 39
0.027706 -0.191717 0.473000 4 33 45
0.028929 -0.191717 0.473000 1 30 42
0.030152 -0.191717 0.473000 0 28 41
0.031375 -0.191717 0.473000 0 31 44
0.032598 -0.191717 0.473000 1 39 53
0.033821 -0.191717 0.473000 10 48 62
0.035044 -0.191717 0.473000 13 51 63
0.037569 -0.192123 0.474000 16 56 67
0.038795 -0.192123 0.474000 16 56 67
0.040105 -0.192528 0.475000 13 51 63
0.041333 -0.192528 0.475000 12 50 62
0.042651 -0.192933 0.476000 13 51 63
0.043882 -0.192933 0.476000 15 53 65
0.045207 -0.193339 0.477000 13 51 63
0.046441 -0.193339 0.477000 13 51 63
0.047574 -0.192933 0.476000 17 52 65
0.048805 -0.192933 0.476000 17 52 65
0.050141 -0.193339 0.477000 17 50 65
0.051374 -0.193339 0.477000 16 49 64
0.052607 -0.193339 0.477000 22 54 65
0.053954 -0.193744 0.478000 27 59 70
0.055190 -0.193744 0.478000 30 59 67
0.056426 -0.193744 0.478000 31 60 68
0.057662 -0.193744 0.478000 32 60 66
0.059021 -0.194149 0.479000 32 60 66
0.060259 -0.194149 0.479000 45 67 70
0.061498 -0.194149 0.479000 46 68 71
0.062736 -0.194149 0.479000 70 87 90
0.063975 -0.194149 0.479000 64 81 84
0.065213 -0.194149 0.479000 35 59 69
0.066452 -0.194149 0.479000 21 45 55
0.067691 -0.194149 0.479000 19 46 57
0.068785 -0.193744 0.478000 16 43 54
0.070021 -0.193744 0.478000 15 44 56
0.071108 -0.193339 0.477000 13 42 54
0.072038 -0.192528 0.475000 14 38 52
0.073112 -0.192123 0.474000 11 35 49
0.074181 -0.191717 0.473000 12 29 43
0.075404 -0.191717 0.473000 11 28 42
0.075655 -0.189285 0.467000 23 36 45
0.076698 -0.188880 0.466000 40 53 62
0.077401 -0.187664 0.463000 79 91 95
0.078259 -0.186853 0.461000 104 116 120
0.078589 -0.184827 0.456000 93 114 120
0.079768 -0.184827 0.456000 36 57 63
0.080770 -0.184421 0.455000 24 56 74
0.081766 -0.184016 0.454000 29 61 79
0.082757 -0.183611 0.453000 32 66 86
0.083929 -0.183611 0.453000 38 72 92
0.085100 -0.183611 0.453000 11 41 60
0.086271 -0.183611 0.453000 14 44 63
0.087443 -0.183611 0.453000 11 42 58
0.088809 -0.184016 0.454000 13 44 60
0.089983 -0.184016 0.454000 12 45 60
0.091157 -0.184016 0.454000 38 71 86
0.092535 -0.184421 0.455000 51 86 101
0.093711 -0.184421 0.455000 41 76 91
0.094888 -0.184421 0.455000 56 83 94
0.096275 -0.184827 0.456000 63 90 101
0.097454 -0.184827 0.456000 66 76 83
0.098633 -0.184827 0.456000 53 63 70
0.099812 -0.184827 0.456000 41 50 60
0.100991 -0.184827 0.456000 38 47 57
0.102170 -0.184827 0.456000 32 52 65
0.103350 -0.184827 0.456000 35 55 68
0.104529 -0.184827 0.456000 33 60 80
0.105708 -0.184827 0.456000 44 71 91
0.106887 -0.184827 0.456000 41 74 89
0.108066 -0.184827 0.456000 52 85 100
0.109005 -0.184421 0.455000 118 140 143
0.110182 -0.184421 0.455000 137 159 162
0.121770 -0.182395 0.450000 121 134 133
0.122934 -0.182395 0.450000 118 131 130
0.155311 -0.203472 0.502000 36 53 54
0.156610 -0.203472 0.502000 35 52 55
0.157593 -0.203066 0.501000 34 51 54
0.158888 -0.203066 0.501000 33 50 53
0.160184 -0.203066 0.501000 33 50 53
0.161479 -0.203066 0.501000 32 49 52
0.162450 -0.202661 0.500000 31 48 51
0.163743 -0.202661 0.500000 31 48 49
0.165035 -0.202661 0.500000 32 49 50
0.165996 -0.202256 0.499000 32 52 49
0.167286 -0.202256 0.499000 33 53 50
0.168576 -0.202256 0.499000 33 53 50
0.169526 -0.201850 0.498000 31 51 48
0.170814 -0.201850 0.498000 34 53 53
0.172101 -0.201850 0.498000 34 53 53
0.173041 -0.201445 0.497000 37 57 54
0.174326 -0.201445 0.497000 39 59 56
0.174904 -0.200634 0.495000 40 60 57
0.176184 -0.200634 0.495000 42 62 59
0.177464 -0.200634 0.495000 41 59 57
0.178383 -0.200229 0.494000 55 73 71
0.179660 -0.200229 0.494000 55 70 69
0.180938 -0.200229 0.494000 57 72 71
0.182215 -0.200229 0.494000 59 72 69
0.183121 -0.199824 0.493000 64 77 74
0.184770 -0.200229 0.494000 66 78 80
0.185670 -0.199824 0.493000 67 79 81
0.186945 -0.199824 0.493000 69 81 85
0.188602 -0.200229 0.494000 72 84 88
0.189879 -0.200229 0.494000 71 78 84
0.191156 -0.200229 0.494000 75 82 88
0.192823 -0.200634 0.495000 91 97 97
-0.298058 -0.183243 0.455000 94 97 81
-0.296882 -0.183243 0.455000 55 58 42
-0.295705 -0.183243 0.455000 36 43 35
-0.293881 -0.182841 0.454000 34 41 33
-0.293352 -0.183243 0.455000 34 43 36
-0.292176 -0.183243 0.455000 29 38 31
-0.290999 -0.183243 0.455000 32 41 34
-0.289823 -0.183243 0.455000 33 42 35
-0.289281 -0.183646 0.456000 33 43 31
-0.288102 -0.183646 0.456000 32 42 30
-0.287552 -0.184049 0.457000 30 43 30
-0.286997 -0.184452 0.458000 26 39 26
-0.287061 -0.185257 0.460000 26 38 28
-0.286493 -0.185660 0.461000 27 39 29
-0.285301 -0.185660 0.461000 31 38 42
-0.284725 -0.186062 0.462000 26 33 37
-0.283558 -0.186868 0.464000 60 59 68
-0.283575 -0.187673 0.466000 128 124 127
-0.282976 -0.188076 0.467000 155 151 154
-0.281769 -0.188076 0.467000 151 152 146
-0.281162 -0.188479 0.468000 147 148 142
-0.281148 -0.189284 0.470000 148 149 140
-0.280529 -0.189687 0.471000 153 154 145
-0.279904 -0.190090 0.472000 129 131 122
-0.279274 -0.190493 0.473000 93 95 86
-0.278051 -0.190493 0.473000 44 56 46
-0.276828 -0.190493 0.473000 22 34 24
-0.275605 -0.190493 0.473000 29 38 29
-0.273736 -0.190895 0.474000 30 37 29
-0.272511 -0.190895 0.474000 34 41 33
-0.271285 -0.190895 0.474000 39 44 34
-0.270059 -0.190895 0.474000 43 48 38
-0.269401 -0.191298 0.475000 36 43 35
-0.268173 -0.191298 0.475000 35 42 34
-0.266944 -0.191298 0.475000 32 39 33
-0.266276 -0.191701 0.476000 33 40 34
-0.265045 -0.191701 0.476000 34 40 42
-0.263814 -0.191701 0.476000 30 36 38
-0.263135 -0.192103 0.477000 28 33 40
-0.194417 -0.178813 0.444000 161 158 153
-0.191688 -0.178411 0.443000 150 151 142
-0.096396 -0.186868 0.464000 48 54 56
-0.095196 -0.186868 0.464000 45 56 56
-0.093997 -0.186868 0.464000 38 49 49
-0.092797 -0.186868 0.464000 35 48 47
-0.091597 -0.186868 0.464000 35 48 47
-0.090397 -0.186868 0.464000 33 48 47
-0.089198 -0.186868 0.464000 35 50 49
-0.088188 -0.187271 0.465000 33 47 51
-0.086985 -0.187271 0.465000 30 44 48
-0.085967 -0.187673 0.466000 30 44 48
-0.084762 -0.187673 0.466000 31 45 49
-0.083557 -0.187673 0.466000 31 45 47
-0.082353 -0.187673 0.466000 29 43 45
-0.081148 -0.187673 0.466000 28 43 42
-0.080114 -0.188076 0.467000 28 43 42
-0.078907 -0.188076 0.467000 28 43 40
-0.077699 -0.188076 0.467000 29 44 41
-0.076492 -0.188076 0.467000 28 44 35
-0.075284 -0.188076 0.467000 28 44 35
-0.074235 -0.188479 0.468000 28 44 35
-0.073025 -0.188479 0.468000 31 47 38
-0.071969 -0.188882 0.469000 31 44 41
-0.070907 -0.189284 0.470000 33 46 43
-0.066467 -0.190493 0.473000 31 43 35
-0.019400 -0.184854 0.459000 55 68 77
-0.018174 -0.184452 0.458000 37 63 79
-0.016990 -0.184452 0.458000 34 60 76
-0.015771 -0.184049 0.457000 29 66 83
-0.014589 -0.184049 0.457000 32 69 86
-0.013408 -0.184049 0.457000 30 74 92
-0.012226 -0.184049 0.457000 27 71 89
-0.011044 -0.184049 0.457000 26 73 98
-0.009863 -0.184049 0.457000 30 77 102
-0.008681 -0.184049 0.457000 27 79 104
-0.007499 -0.184049 0.457000 25 77 102
-0.006318 -0.184049 0.457000 15 63 85
-0.005136 -0.184049 0.457000 3 51 73
-0.003954 -0.184049 0.457000 6 43 60
-0.002773 -0.184049 0.457000 3 40 57
-0.001595 -0.184452 0.458000 0 30 48
-0.000410 -0.184452 0.458000 6 40 58
0.000776 -0.184854 0.459000 30 69 87
0.001967 -0.185257 0.460000 28 67 85
0.003163 -0.185660 0.461000 31 77 97
0.004355 -0.185660 0.461000 30 76 96
0.006754 -0.186062 0.462000 9 54 79
0.008000 -0.187271 0.465000 7 50 71
0.009242 -0.188076 0.467000 8 51 72
0.010472 -0.188479 0.468000 9 46 63
0.011707 -0.188882 0.469000 9 46 63
0.012947 -0.189284 0.470000 10 42 53
0.014192 -0.189687 0.471000 8 40 51
0.016663 -0.190090 0.472000 3 32 42
0.017884 -0.190090 0.472000 3 30 41
0.019145 -0.190493 0.473000 0 27 38
0.020368 -0.190493 0.473000 0 24 33
0.021591 -0.190493 0.473000 0 23 32
0.022814 -0.190493 0.473000 0 22 34
0.024037 -0.190493 0.473000 4 26 38
0.025260 -0.190493 0.473000 5 33 48
0.026483 -0.190493 0.473000 8 36 51
0.027706 -0.190493 0.473000 8 41 56
0.028929 -0.190493 0.473000 14 47 62
0.030152 -0.190493 0.473000 16 54 68
0.031309 -0.190090 0.472000 17 55 69
0.032529 -0.190090 0.472000 17 55 69
0.033821 -0.190493 0.473000 18 56 70
0.035044 -0.190493 0.473000 18 56 68
0.036267 -0.190493 0.473000 19 57 69
0.037490 -0.190493 0.473000 20 58 70
0.038713 -0.190493 0.473000 20 58 70
0.039936 -0.190493 0.473000 19 57 69
0.041159 -0.190493 0.473000 19 57 69
0.042382 -0.190493 0.473000 20 55 68
0.043605 -0.190493 0.473000 20 55 68
0.044828 -0.190493 0.473000 19 54 69
0.046149 -0.190895 0.474000 18 53 68
0.047374 -0.190895 0.474000 18 53 68
0.048600 -0.190895 0.474000 18 53 68
0.051159 -0.191298 0.475000 19 54 67
0.052497 -0.191701 0.476000 21 55 65
0.053728 -0.191701 0.476000 20 54 64
0.055074 -0.192103 0.477000 18 50 59
0.056308 -0.192103 0.477000 15 47 56
0.057662 -0.192506 0.478000 20 49 57
0.058898 -0.192506 0.478000 20 49 57
0.060133 -0.192506 0.478000 28 51 58
0.061498 -0.192909 0.479000 15 38 45
0.062736 -0.192909 0.479000 10 34 36
0.063975 -0.192909 0.479000 21 45 47
0.065213 -0.192909 0.479000 19 44 51
0.066452 -0.192909 0.479000 20 45 52
0.067549 -0.192506 0.478000 18 45 54
0.068785 -0.192506 0.478000 16 43 52
0.070021 -0.192506 0.478000 12 39 50
0.070959 -0.191701 0.476000 9 36 47
0.072038 -0.191298 0.475000 10 30 41
0.073112 -0.190895 0.474000 19 39 50
0.074181 -0.190493 0.473000 60 70 75
0.075404 -0.190493 0.473000 84 94 99
0.076141 -0.189284 0.470000 117 124 128
0.077027 -0.188479 0.468000 144 151 155
0.077736 -0.187271 0.465000 147 158 156
0.078429 -0.186062 0.462000 145 156 154
0.079451 -0.185660 0.461000 143 158 157
0.080947 -0.183646 0.456000 24 52 67
0.081946 -0.183243 0.455000 32 60 75
0.082940 -0.182841 0.454000 28 62 80
0.084114 -0.182841 0.454000 36 70 88
0.085288 -0.182841 0.454000 32 66 84
0.086462 -0.182841 0.454000 7 41 59
0.087636 -0.182841 0.454000 77 103 119
0.088809 -0.182841 0.454000 45 71 87
0.089983 -0.182841 0.454000 2 30 45
0.091157 -0.182841 0.454000 18 46 61
0.092331 -0.182841 0.454000 34 67 82
0.093711 -0.183243 0.455000 55 88 103
0.094888 -0.183243 0.455000 92 119 128
0.096275 -0.183646 0.456000 125 152 161
0.097454 -0.183646 0.456000 145 158 155
0.098633 -0.183646 0.456000 142 155 152
0.099812 -0.183646 0.456000 139 150 148
0.100991 -0.183646 0.456000 132 143 141
0.102170 -0.183646 0.456000 111 128 131
0.103350 -0.183646 0.456000 103 120 123
0.104529 -0.183646 0.456000 51 74 91
0.105708 -0.183646 0.456000 42 65 82
0.106887 -0.183646 0.456000 42 75 88
0.107829 -0.183243 0.455000 33 66 79
0.109005 -0.183243 0.455000 111 130 134
0.110182 -0.183243 0.455000 146 165 169
0.155311 -0.202172 0.502000 32 51 53
0.156610 -0.202172 0.502000 31 50 54
0.158222 -0.202575 0.503000 35 54 58
0.159206 -0.202172 0.502000 33 51 58
0.160504 -0.202172 0.502000 31 49 56
0.161802 -0.202172 0.502000 31 50 54
0.163100 -0.202172 0.502000 31 50 54
0.164070 -0.201769 0.501000 32 52 49
0.165366 -0.201769 0.501000 32 52 49
0.166661 -0.201769 0.501000 34 54 51
0.167956 -0.201769 0.501000 33 53 50
0.168914 -0.201366 0.500000 32 52 49
0.169866 -0.200964 0.499000 33 53 50
0.171157 -0.200964 0.499000 32 51 51
0.172447 -0.200964 0.499000 33 52 52
0.173389 -0.200561 0.498000 33 52 52
0.174677 -0.200561 0.498000 34 53 53
0.175611 -0.200158 0.497000 37 56 56
0.176896 -0.200158 0.497000 37 56 56
0.177464 -0.199353 0.495000 38 57 57
0.178744 -0.199353 0.495000 42 61 61
0.179660 -0.198950 0.494000 45 63 61
0.180938 -0.198950 0.494000 45 63 61
0.182215 -0.198950 0.494000 49 64 63
0.183492 -0.198950 0.494000 54 69 68
0.184770 -0.198950 0.494000 57 71 73
0.186047 -0.198950 0.494000 63 77 79
0.187324 -0.198950 0.494000 62 76 80
0.188602 -0.198950 0.494000 63 77 81
0.189879 -0.198950 0.494000 69 81 85
0.191543 -0.199353 0.495000 79 91 95
0.192823 -0.199353 0.495000 76 84 85
0.194103 -0.199353 0.495000 69 77 78
0.195778 -0.199755 0.496000 85 91 89
-0.299235 -0.182065 0.455000 88 92 71
-0.298058 -0.182065 0.455000 51 56 42
-0.296229 -0.181665 0.454000 39 44 30
-0.295055 -0.181665 0.454000 26 35 26
-0.294529 -0.182065 0.455000 27 36 27
-0.293352 -0.182065 0.455000 29 38 31
-0.292176 -0.182065 0.455000 31 40 33
-0.290999 -0.182065 0.455000 35 44 35
-0.290460 -0.182465 0.456000 33 42 33
-0.289281 -0.182465 0.456000 29 38 29
-0.288733 -0.182866 0.457000 32 41 32
-0.288810 -0.183666 0.459000 25 39 28
-0.288250 -0.184066 0.460000 26 40 29
-0.287685 -0.184466 0.461000 25 38 35
-0.287114 -0.184866 0.462000 25 38 35
-0.285341 -0.185266 0.463000 36 41 50
-0.285371 -0.186067 0.465000 88 88 92
-0.284780 -0.186467 0.466000 143 143 147
-0.284184 -0.186867 0.467000 156 151 149
-0.282976 -0.186867 0.467000 149 144 142
-0.282372 -0.187267 0.468000 146 147 138
-0.281763 -0.187667 0.469000 147 148 139
-0.281746 -0.188468 0.471000 154 155 144
-0.281124 -0.188868 0.472000 115 116 105
-0.279904 -0.188868 0.472000 79 83 76
-0.279274 -0.189268 0.473000 44 48 41
-0.278051 -0.189268 0.473000 19 30 26
-0.276828 -0.189268 0.473000 22 33 29
-0.275605 -0.189268 0.473000 29 41 33
-0.274382 -0.189268 0.473000 27 39 31
-0.272511 -0.189668 0.474000 38 47 38
-0.271285 -0.189668 0.474000 40 48 37
-0.270059 -0.189668 0.474000 36 44 33
-0.268173 -0.190068 0.475000 33 40 32
-0.266944 -0.190068 0.475000 32 40 37
-0.266276 -0.190468 0.476000 34 42 39
-0.265045 -0.190468 0.476000 32 39 47
-0.263814 -0.190468 0.476000 27 34 42
-0.195124 -0.177264 0.443000 143 143 137
-0.193269 -0.177664 0.444000 158 156 148
-0.192121 -0.177664 0.444000 153 154 145
-0.190973 -0.177664 0.444000 148 149 140
-0.092997 -0.186067 0.465000 48 56 55
-0.091795 -0.186067 0.465000 42 50 49
-0.090592 -0.186067 0.465000 39 49 52
-0.089390 -0.186067 0.465000 39 49 52
-0.088377 -0.186467 0.466000 40 50 55
-0.087172 -0.186467 0.466000 37 47 52
-0.085967 -0.186467 0.466000 33 45 49
-0.084762 -0.186467 0.466000 32 44 48
-0.083557 -0.186467 0.466000 33 45 47
-0.082353 -0.186467 0.466000 33 45 47
-0.081148 -0.186467 0.466000 29 44 43
-0.079943 -0.186467 0.466000 27 42 41
-0.078907 -0.186867 0.467000 27 42 39
-0.077533 -0.186467 0.466000 28 43 40
-0.076492 -0.186867 0.467000 28 43 38
-0.075284 -0.186867 0.467000 29 44 39
-0.074077 -0.186867 0.467000 27 42 37
-0.072869 -0.186867 0.467000 29 44 39
-0.071662 -0.186867 0.467000 28 43 40
-0.070605 -0.187267 0.468000 27 42 39
-0.069543 -0.187667 0.469000 28 43 40
-0.068476 -0.188067 0.470000 29 44 41
-0.067404 -0.188468 0.471000 33 46 41
-0.066327 -0.188868 0.472000 29 42 37
-0.065244 -0.189268 0.473000 33 45 37
-0.064021 -0.189268 0.473000 27 39 31
-0.062931 -0.189668 0.474000 33 42 35
-0.020632 -0.184066 0.460000 57 79 93
-0.019400 -0.183666 0.459000 37 59 73
-0.018174 -0.183266 0.458000 29 59 78
-0.016953 -0.182866 0.457000 32 62 81
-0.015771 -0.182866 0.457000 31 70 88
-0.014589 -0.182866 0.457000 31 70 88
-0.013378 -0.182465 0.456000 28 74 94
-0.012199 -0.182465 0.456000 32 78 98
-0.011020 -0.182465 0.456000 30 80 101
-0.009841 -0.182465 0.456000 30 80 101
-0.008662 -0.182465 0.456000 22 71 95
-0.007483 -0.182465 0.456000 3 52 76
-0.006304 -0.182465 0.456000 0 39 57
-0.005125 -0.182465 0.456000 0 29 47
-0.003946 -0.182465 0.456000 0 26 44
-0.002773 -0.182866 0.457000 0 26 44
-0.001591 -0.182866 0.457000 13 47 65
-0.000410 -0.183266 0.458000 32 66 84
0.000776 -0.183666 0.459000 24 66 81
0.001967 -0.184066 0.460000 24 66 81
0.003163 -0.184466 0.461000 29 77 99
0.004355 -0.184466 0.461000 23 71 93
0.006768 -0.185266 0.463000 1 49 71
0.008000 -0.186067 0.465000 8 47 67
0.009242 -0.186867 0.467000 5 44 64
0.010472 -0.187267 0.468000 6 40 58
0.011707 -0.187667 0.469000 4 38 56
0.012947 -0.188067 0.470000 6 37 51
0.014192 -0.188468 0.471000 2 33 47
0.015377 -0.188067 0.470000 1 32 46
0.016628 -0.188468 0.471000 0 28 42
0.017846 -0.188468 0.471000 0 32 47
0.019064 -0.188468 0.471000 6 39 54
0.020325 -0.188868 0.472000 15 48 63
0.021545 -0.188868 0.472000 24 57 72
0.022765 -0.188868 0.472000 26 61 76
0.023986 -0.188868 0.472000 31 66 81
0.025206 -0.188868 0.472000 28 63 78
0.026427 -0.188868 0.472000 27 62 77
0.027647 -0.188868 0.472000 30 69 85
0.028868 -0.188868 0.472000 30 69 85
0.030088 -0.188868 0.472000 29 71 86
0.031309 -0.188868 0.472000 26 68 83
0.032529 -0.188868 0.472000 24 64 77
0.033749 -0.188868 0.472000 25 65 78
0.034970 -0.188868 0.472000 26 66 77
0.036190 -0.188868 0.472000 22 62 73
0.037411 -0.188868 0.472000 21 62 70
0.038631 -0.188868 0.472000 19 60 68
0.039852 -0.188868 0.472000 17 56 65
0.041159 -0.189268 0.473000 17 56 65
0.042382 -0.189268 0.473000 13 49 59
0.043605 -0.189268 0.473000 13 49 59
0.044828 -0.189268 0.473000 12 48 58
0.046051 -0.189268 0.473000 12 48 58
0.047274 -0.189268 0.473000 14 48 58
0.048497 -0.189268 0.473000 12 46 56
0.049825 -0.189668 0.474000 13 47 57
0.051051 -0.189668 0.474000 12 46 56
0.052387 -0.190068 0.475000 14 46 55
0.054959 -0.190468 0.476000 13 42 50
0.056190 -0.190468 0.476000 17 46 54
0.057541 -0.190868 0.477000 16 44 50
0.058898 -0.191269 0.478000 12 40 46
0.060133 -0.191269 0.478000 15 40 45
0.061369 -0.191269 0.478000 13 38 43
0.062736 -0.191669 0.479000 16 40 42
0.063975 -0.191669 0.479000 24 48 50
0.065213 -0.191669 0.479000 23 52 53
0.066452 -0.191669 0.479000 19 48 49
0.067549 -0.191269 0.478000 19 47 53
0.068785 -0.191269 0.478000 18 46 52
0.069728 -0.190468 0.476000 13 40 49
0.070810 -0.190068 0.475000 42 69 78
0.071886 -0.189668 0.474000 94 115 123
0.072958 -0.189268 0.473000 116 137 145
0.074181 -0.189268 0.473000 143 154 152
0.075244 -0.188868 0.472000 146 157 155
0.076141 -0.188067 0.470000 147 155 152
0.076862 -0.186867 0.467000 144 152 149
0.077736 -0.186067 0.465000 139 150 146
0.078598 -0.185266 0.463000 138 149 145
0.079623 -0.184866 0.462000 140 151 147
0.081125 -0.182866 0.457000 45 67 79
0.082126 -0.182465 0.456000 34 56 68
0.083123 -0.182065 0.455000 27 61 79
0.084299 -0.182065 0.455000 31 65 83
0.085476 -0.182065 0.455000 27 64 81
0.086462 -0.181665 0.454000 15 52 69
0.087636 -0.181665 0.454000 48 76 91
0.088809 -0.181665 0.454000 102 130 145
0.089983 -0.181665 0.454000 46 68 78
0.091157 -0.181665 0.454000 10 32 42
0.092535 -0.182065 0.455000 13 41 56
0.093711 -0.182065 0.455000 40 68 83
0.094888 -0.182065 0.455000 45 72 83
0.096275 -0.182465 0.456000 94 121 132
0.097454 -0.182465 0.456000 132 154 155
0.098633 -0.182465 0.456000 131 153 154
0.099812 -0.182465 0.456000 134 153 153
0.100991 -0.182465 0.456000 138 157 157
0.102170 -0.182465 0.456000 138 160 163
0.103350 -0.182465 0.456000 139 161 164
0.104529 -0.182465 0.456000 87 114 127
0.105708 -0.182465 0.456000 34 61 74
0.106887 -0.182465 0.456000 41 76 89
0.108066 -0.182465 0.456000 36 71 84
0.109005 -0.182065 0.455000 76 90 96
0.110182 -0.182065 0.455000 150 164 170
0.160823 -0.201272 0.503000 28 46 53
0.162124 -0.201272 0.503000 28 47 51
0.163424 -0.201272 0.503000 28 47 51
0.164725 -0.201272 0.503000 30 49 49
0.166026 -0.201272 0.503000 33 52 52
0.167326 -0.201272 0.503000 33 53 50
0.168627 -0.201272 0.503000 32 52 49
0.169590 -0.200872 0.502000 32 52 49
0.170547 -0.200472 0.501000 34 54 51
0.171500 -0.200072 0.500000 32 51 51
0.172792 -0.200072 0.500000 34 53 53
0.173737 -0.199672 0.499000 35 54 54
0.174677 -0.199271 0.498000 34 53 53
0.175964 -0.199271 0.498000 36 53 56
0.176896 -0.198871 0.497000 39 56 59
0.177823 -0.198471 0.496000 39 56 59
0.178744 -0.198071 0.495000 36 53 56
0.180024 -0.198071 0.495000 38 55 56
0.180938 -0.197671 0.494000 39 56 57
0.182215 -0.197671 0.494000 42 56 58
0.183492 -0.197671 0.494000 43 57 59
0.184770 -0.197671 0.494000 44 58 60
0.186047 -0.197671 0.494000 48 62 64
0.187324 -0.197671 0.494000 52 69 70
0.188602 -0.197671 0.494000 56 73 74
0.190263 -0.198071 0.495000 63 75 77
0.191543 -0.198071 0.495000 71 83 85
0.192823 -0.198071 0.495000 70 81 81
0.194103 -0.198071 0.495000 73 84 84
0.195778 -0.198471 0.496000 71 79 78
-0.300411 -0.180887 0.455000 84 90 71
-0.298577 -0.180490 0.454000 50 56 37
-0.297403 -0.180490 0.454000 34 42 29
-0.296229 -0.180490 0.454000 28 36 23
-0.295055 -0.180490 0.454000 28 37 30
-0.293881 -0.180490 0.454000 28 37 30
-0.293352 -0.180887 0.455000 31 43 33
-0.292176 -0.180887 0.455000 33 45 35
-0.291639 -0.181285 0.456000 33 45 35
-0.290460 -0.181285 0.456000 29 41 31
-0.289915 -0.181682 0.457000 25 37 27
-0.289997 -0.182477 0.459000 26 38 28
-0.289439 -0.182875 0.460000 25 39 30
-0.288877 -0.183272 0.461000 28 42 33
-0.288309 -0.183670 0.462000 25 35 42
-0.287157 -0.184465 0.464000 53 55 63
-0.286574 -0.184863 0.465000 122 124 132
-0.285985 -0.185260 0.466000 153 152 152
-0.285391 -0.185658 0.467000 150 149 149
-0.284184 -0.185658 0.467000 149 147 139
-0.283582 -0.186055 0.468000 148 146 138
-0.282975 -0.186453 0.469000 151 153 140
-0.282364 -0.186850 0.470000 150 152 139
-0.281746 -0.187248 0.471000 97 99 88
-0.280529 -0.187248 0.471000 55 57 46
-0.279904 -0.187646 0.472000 36 47 43
-0.279274 -0.188043 0.473000 26 37 33
-0.278051 -0.188043 0.473000 24 37 34
-0.276828 -0.188043 0.473000 25 38 35
-0.275605 -0.188043 0.473000 31 43 35
-0.274382 -0.188043 0.473000 33 45 37
-0.272511 -0.188441 0.474000 35 45 33
-0.271285 -0.188441 0.474000 35 45 33
-0.270059 -0.188441 0.474000 28 38 26
-0.269401 -0.188838 0.475000 31 40 31
-0.268173 -0.188838 0.475000 31 40 31
-0.267506 -0.189236 0.476000 27 34 38
-0.266276 -0.189236 0.476000 34 41 45
-0.265045 -0.189236 0.476000 38 45 53
-0.194417 -0.176514 0.444000 139 140 131
-0.193269 -0.176514 0.444000 146 147 138
-0.192121 -0.176514 0.444000 157 155 145
-0.190973 -0.176514 0.444000 156 154 144
-0.088377 -0.185260 0.466000 41 48 52
-0.087359 -0.185658 0.467000 42 49 53
-0.086152 -0.185658 0.467000 42 49 53
-0.084944 -0.185658 0.467000 42 49 53
-0.083737 -0.185658 0.467000 38 48 51
-0.082529 -0.185658 0.467000 36 46 49
-0.081322 -0.185658 0.467000 32 45 42
-0.080114 -0.185658 0.467000 29 42 39
-0.078907 -0.185658 0.467000 26 41 36
-0.077699 -0.185658 0.467000 27 42 37
-0.076492 -0.185658 0.467000 28 43 38
-0.075284 -0.185658 0.467000 29 44 39
-0.073918 -0.185260 0.466000 28 43 40
-0.072713 -0.185260 0.466000 29 44 41
-0.071662 -0.185658 0.467000 27 42 39
-0.070454 -0.185658 0.467000 26 41 38
-0.069247 -0.185658 0.467000 27 42 41
-0.068185 -0.186055 0.468000 27 42 41
-0.066975 -0.186055 0.468000 28 43 42
-0.065905 -0.186453 0.469000 27 42 41
-0.064830 -0.186850 0.470000 28 43 40
-0.063750 -0.187248 0.471000 29 44 41
-0.062665 -0.187646 0.472000 31 43 35
-0.061575 -0.188043 0.473000 32 44 36
-0.060352 -0.188043 0.473000 32 41 32
-0.059129 -0.188043 0.473000 34 43 34
-0.025500 -0.183670 0.462000 83 94 94
-0.024306 -0.183670 0.462000 82 93 93
-0.022961 -0.182477 0.459000 68 85 97
-0.021727 -0.182080 0.458000 42 59 71
-0.020542 -0.182080 0.458000 25 52 72
-0.019316 -0.181682 0.457000 30 57 77
-0.018134 -0.181682 0.457000 28 62 82
-0.016916 -0.181285 0.456000 34 68 88
-0.015736 -0.181285 0.456000 29 72 93
-0.014557 -0.181285 0.456000 34 77 98
-0.013378 -0.181285 0.456000 33 81 103
-0.012199 -0.181285 0.456000 29 77 99
-0.011020 -0.181285 0.456000 14 64 85
-0.009841 -0.181285 0.456000 2 52 73
-0.008662 -0.181285 0.456000 2 46 62
-0.007483 -0.181285 0.456000 12 56 72
-0.006304 -0.181285 0.456000 6 36 55
-0.005125 -0.181285 0.456000 0 24 43
-0.003946 -0.181285 0.456000 0 28 46
-0.002767 -0.181285 0.456000 16 48 66
-0.001588 -0.181285 0.456000 23 60 77
-0.000409 -0.181682 0.457000 24 61 78
0.000774 -0.182080 0.458000 20 64 78
0.001962 -0.182477 0.459000 27 71 85
0.003156 -0.182875 0.460000 28 76 98
0.004355 -0.183272 0.461000 16 64 86
0.006754 -0.183670 0.462000 1 44 67
0.007965 -0.184068 0.463000 3 40 59
0.009202 -0.184863 0.465000 0 36 55
0.010427 -0.185260 0.466000 0 34 54
0.011657 -0.185658 0.467000 0 31 51
0.012864 -0.185658 0.467000 1 35 55
0.014102 -0.186055 0.468000 8 42 62
0.015312 -0.186055 0.468000 13 50 69
0.016557 -0.186453 0.469000 23 60 79
0.017770 -0.186453 0.469000 30 69 87
0.018983 -0.186453 0.469000 32 71 89
0.020238 -0.186850 0.470000 28 70 87
0.021454 -0.186850 0.470000 28 70 87
0.022669 -0.186850 0.470000 29 68 84
0.023884 -0.186850 0.470000 30 69 85
0.025100 -0.186850 0.470000 31 71 84
0.026371 -0.187248 0.471000 28 68 81
0.027589 -0.187248 0.471000 21 61 74
0.028806 -0.187248 0.471000 21 61 74
0.030024 -0.187248 0.471000 13 55 70
0.031242 -0.187248 0.471000 14 56 71
0.032460 -0.187248 0.471000 11 51 64
0.033678 -0.187248 0.471000 3 43 56
0.034896 -0.187248 0.471000 4 42 54
0.036114 -0.187248 0.471000 5 43 55
0.037331 -0.187248 0.471000 5 43 55
0.038549 -0.187248 0.471000 6 44 56
0.039767 -0.187248 0.471000 10 46 56
0.041072 -0.187646 0.472000 6 42 52
0.042293 -0.187646 0.472000 8 42 52
0.043513 -0.187646 0.472000 7 41 51
0.044828 -0.188043 0.473000 4 36 47
0.046051 -0.188043 0.473000 3 35 46
0.047274 -0.188043 0.473000 7 34 45
0.048497 -0.188043 0.473000 7 34 45
0.049720 -0.188043 0.473000 9 36 45
0.050943 -0.188043 0.473000 6 33 42
0.052277 -0.188441 0.474000 7 35 41
0.053615 -0.188838 0.475000 6 34 40
0.056190 -0.189236 0.476000 5 33 39
0.057420 -0.189236 0.476000 8 33 40
0.058774 -0.189633 0.477000 11 36 43
0.060133 -0.190031 0.478000 11 36 41
0.061369 -0.190031 0.478000 9 34 39
0.062605 -0.190031 0.478000 13 37 39
0.063975 -0.190428 0.479000 13 37 39
0.065213 -0.190428 0.479000 13 42 41
0.066452 -0.190428 0.479000 18 47 46
0.067549 -0.190031 0.478000 19 47 53
0.068785 -0.190031 0.478000 20 48 54
0.069728 -0.189236 0.476000 16 43 52
0.070810 -0.188838 0.475000 30 57 66
0.071735 -0.188043 0.473000 69 89 100
0.072958 -0.188043 0.473000 111 131 142
0.074926 -0.186850 0.470000 145 158 157
0.075655 -0.185658 0.467000 144 153 146
0.076698 -0.185260 0.466000 140 149 142
0.077903 -0.185260 0.466000 139 148 141
0.078768 -0.184465 0.464000 138 147 140
0.079623 -0.183670 0.462000 138 147 140
0.082486 -0.182080 0.458000 28 44 52
0.083305 -0.181285 0.456000 27 60 75
0.084484 -0.181285 0.456000 29 62 77
0.085476 -0.180887 0.455000 34 72 86
0.086652 -0.180887 0.455000 32 70 84
0.087829 -0.180887 0.455000 30 61 75
0.088809 -0.180490 0.454000 99 130 144
0.089983 -0.180490 0.454000 111 129 136
0.091358 -0.180887 0.455000 37 55 62
0.092535 -0.180887 0.455000 6 33 46
0.093711 -0.180887 0.455000 25 52 65
0.094888 -0.180887 0.455000 45 76 90
0.096275 -0.181285 0.456000 38 69 83
0.097454 -0.181285 0.456000 50 79 91
0.098633 -0.181285 0.456000 44 73 85
0.099812 -0.181285 0.456000 44 73 85
0.100991 -0.181285 0.456000 48 77 89
0.102170 -0.181285 0.456000 62 91 103
0.103350 -0.181285 0.456000 98 127 139
0.104529 -0.181285 0.456000 95 128 143
0.105708 -0.181285 0.456000 30 63 78
0.106887 -0.181285 0.456000 39 74 89
0.108066 -0.181285 0.456000 40 75 90
0.109245 -0.181285 0.456000 73 84 93
0.110182 -0.180887 0.455000 151 162 171
0.167992 -0.200765 0.505000 39 59 54
0.168962 -0.200367 0.504000 33 53 48
0.170265 -0.200367 0.504000 31 51 48
0.171228 -0.199970 0.503000 32 52 49
0.172529 -0.199970 0.503000 35 54 54
0.173138 -0.199175 0.501000 39 58 58
0.174085 -0.198777 0.500000 41 58 61
0.175027 -0.198380 0.499000 33 50 53
0.176318 -0.198380 0.499000 39 56 61
0.177252 -0.197982 0.498000 40 57 62
0.178181 -0.197584 0.497000 42 55 64
0.179466 -0.197584 0.497000 38 51 60
0.180024 -0.196789 0.495000 40 54 58
0.181304 -0.196789 0.495000 41 55 59
0.182215 -0.196392 0.494000 38 52 54
0.183492 -0.196392 0.494000 38 52 54
0.184770 -0.196392 0.494000 39 56 57
0.186047 -0.196392 0.494000 42 59 60
0.187324 -0.196392 0.494000 42 59 60
0.188602 -0.196392 0.494000 45 62 63
0.190263 -0.196789 0.495000 49 67 65
0.191543 -0.196789 0.495000 52 70 68
0.192823 -0.196789 0.495000 61 74 71
0.194495 -0.197187 0.496000 66 79 76
0.195778 -0.197187 0.496000 68 79 77
0.197060 -0.197187 0.496000 70 81 79
0.200028 -0.197584 0.497000 73 84 82
-0.300925 -0.179314 0.454000 87 91 68
-0.299751 -0.179314 0.454000 43 52 34
-0.298577 -0.179314 0.454000 40 49 31
-0.297403 -0.179314 0.454000 25 34 25
-0.296229 -0.179314 0.454000 28 37 28
-0.295055 -0.179314 0.454000 31 40 33
-0.293881 -0.179314 0.454000 36 45 38
-0.293352 -0.179709 0.455000 33 45 37
-0.292176 -0.179709 0.455000 32 44 36
-0.291639 -0.180104 0.456000 27 39 29
-0.290460 -0.180104 0.456000 26 38 28
-0.290549 -0.180894 0.458000 25 37 27
-0.290629 -0.181684 0.460000 25 37 27
-0.290069 -0.182079 0.461000 27 37 40
-0.288309 -0.182474 0.462000 26 30 42
-0.288357 -0.183264 0.464000 68 72 84
-0.288395 -0.184054 0.466000 143 143 145
-0.287190 -0.184054 0.466000 150 150 152
-0.286599 -0.184449 0.467000 147 148 139
-0.285391 -0.184449 0.467000 147 148 139
-0.284792 -0.184844 0.468000 150 151 140
-0.283582 -0.184844 0.468000 152 153 142
-0.282975 -0.185239 0.469000 143 148 134
-0.282364 -0.185634 0.470000 101 106 92
-0.281148 -0.185634 0.470000 48 57 48
-0.280529 -0.186028 0.471000 33 42 33
-0.279904 -0.186423 0.472000 23 36 35
-0.279274 -0.186818 0.473000 26 39 38
-0.278051 -0.186818 0.473000 28 41 36
-0.276828 -0.186818 0.473000 30 43 38
-0.275605 -0.186818 0.473000 34 46 36
-0.274382 -0.186818 0.473000 36 48 38
-0.272511 -0.187213 0.474000 31 44 31
-0.271285 -0.187213 0.474000 29 39 27
-0.270059 -0.187213 0.474000 28 38 26
-0.269401 -0.187608 0.475000 31 39 38
-0.268173 -0.187608 0.475000 33 41 40
-0.267506 -0.188003 0.476000 33 40 48
-0.266276 -0.188003 0.476000 54 61 69
-0.083737 -0.184449 0.467000 36 48 52
-0.082529 -0.184449 0.467000 38 50 54
-0.081322 -0.184449 0.467000 36 48 50
-0.080114 -0.184449 0.467000 32 44 46
-0.078907 -0.184449 0.467000 30 45 40
-0.077699 -0.184449 0.467000 29 44 39
-0.076492 -0.184449 0.467000 29 44 39
-0.075123 -0.184054 0.466000 28 43 38
-0.073918 -0.184054 0.466000 28 43 42
-0.072713 -0.184054 0.466000 27 42 41
-0.071508 -0.184054 0.466000 27 42 41
-0.070303 -0.184054 0.466000 26 41 40
-0.069098 -0.184054 0.466000 27 42 41
-0.068039 -0.184449 0.467000 27 42 41
-0.066832 -0.184449 0.467000 28 43 42
-0.065624 -0.184449 0.467000 27 42 41
-0.064555 -0.184844 0.468000 27 42 41
-0.063344 -0.184844 0.468000 27 42 41
-0.062267 -0.185239 0.469000 27 42 37
-0.061185 -0.185634 0.470000 29 44 39
-0.060097 -0.186028 0.471000 31 45 36
-0.059004 -0.186423 0.472000 29 43 34
-0.057784 -0.186423 0.472000 28 41 36
-0.056563 -0.186423 0.472000 24 37 32
-0.055343 -0.186423 0.472000 34 45 43
-0.024148 -0.181289 0.459000 71 85 91
-0.022911 -0.180894 0.458000 30 53 70
-0.021679 -0.180499 0.457000 29 52 69
-0.020498 -0.180499 0.457000 27 57 76
-0.019274 -0.180104 0.456000 28 58 77
-0.018095 -0.180104 0.456000 32 71 91
-0.016916 -0.180104 0.456000 33 72 92
-0.015736 -0.180104 0.456000 30 78 100
-0.014525 -0.179709 0.455000 28 76 98
-0.013320 -0.179314 0.454000 22 70 90
-0.012146 -0.179314 0.454000 14 62 82
-0.010972 -0.179314 0.454000 8 52 68
-0.009798 -0.179314 0.454000 0 43 59
-0.008624 -0.179314 0.454000 30 62 73
-0.007450 -0.179314 0.454000 44 76 87
-0.006276 -0.179314 0.454000 38 64 80
-0.005102 -0.179314 0.454000 3 29 45
-0.003937 -0.179709 0.455000 15 47 67
-0.002761 -0.179709 0.455000 29 61 81
-0.001588 -0.180104 0.456000 24 63 83
-0.000409 -0.180499 0.457000 24 63 83
0.000774 -0.180894 0.458000 20 67 84
0.001962 -0.181289 0.459000 30 77 94
0.003156 -0.181684 0.460000 33 81 103
0.004355 -0.182079 0.461000 3 51 73
0.005547 -0.182079 0.461000 1 42 66
0.007948 -0.182474 0.462000 1 40 60
0.009163 -0.182869 0.463000 0 39 59
0.010427 -0.184054 0.466000 5 44 64
0.011632 -0.184054 0.466000 22 61 81
0.012864 -0.184449 0.467000 26 64 87
0.014072 -0.184449 0.467000 31 69 92
0.015312 -0.184844 0.468000 29 70 92
0.016522 -0.184844 0.468000 27 68 90
0.017770 -0.185239 0.469000 23 66 87
0.018983 -0.185239 0.469000 25 68 89
0.020238 -0.185634 0.470000 19 65 85
0.021454 -0.185634 0.470000 10 56 76
0.022669 -0.185634 0.470000 9 53 71
0.023884 -0.185634 0.470000 9 53 71
0.025100 -0.185634 0.470000 9 51 68
0.026315 -0.185634 0.470000 0 42 59
0.027530 -0.185634 0.470000 0 40 55
0.028745 -0.185634 0.470000 0 37 52
0.029961 -0.185634 0.470000 0 37 54
0.031176 -0.185634 0.470000 0 37 54
0.032391 -0.185634 0.470000 0 40 55
0.033606 -0.185634 0.470000 1 43 58
0.034822 -0.185634 0.470000 2 41 57
0.036037 -0.185634 0.470000 2 41 57
0.037252 -0.185634 0.470000 2 40 54
0.038467 -0.185634 0.470000 8 46 60
0.039767 -0.186028 0.471000 12 50 62
0.040985 -0.186028 0.471000 3 41 53
0.042203 -0.186028 0.471000 5 39 49
0.043421 -0.186028 0.471000 5 39 49
0.044733 -0.186423 0.472000 6 38 49
0.045954 -0.186423 0.472000 6 38 49
0.047174 -0.186423 0.472000 9 38 48
0.048497 -0.186818 0.473000 6 35 45
0.049720 -0.186818 0.473000 7 34 43
0.050943 -0.186818 0.473000 7 34 43
0.052166 -0.186818 0.473000 5 33 39
0.053502 -0.187213 0.474000 4 32 38
0.054843 -0.187608 0.475000 3 31 37
0.057420 -0.188003 0.476000 6 31 36
0.058774 -0.188398 0.477000 7 32 37
0.060133 -0.188793 0.478000 8 32 34
0.061369 -0.188793 0.478000 9 33 35
0.062605 -0.188793 0.478000 8 32 34
0.063975 -0.189188 0.479000 11 35 37
0.065213 -0.189188 0.479000 13 39 41
0.066452 -0.189188 0.479000 15 41 43
0.067549 -0.188793 0.478000 15 41 43
0.068785 -0.188793 0.478000 21 47 49
0.069728 -0.188003 0.476000 20 45 52
0.070661 -0.187213 0.474000 15 40 47
0.071735 -0.186818 0.473000 15 38 45
0.072958 -0.186818 0.473000 23 46 53
0.074766 -0.185239 0.469000 104 118 124
0.075655 -0.184449 0.467000 139 148 141
0.076698 -0.184054 0.466000 147 156 149
0.077903 -0.184054 0.466000 140 149 140
0.078938 -0.183659 0.465000 139 148 139
0.079795 -0.182869 0.463000 140 147 139
0.080818 -0.182474 0.462000 143 150 142
0.081835 -0.182079 0.461000 145 155 158
0.083027 -0.182079 0.461000 62 72 75
0.083671 -0.180894 0.458000 22 53 67
0.084670 -0.180499 0.457000 30 61 75
0.085664 -0.180104 0.456000 27 64 81
0.086843 -0.180104 0.456000 33 70 87
0.087829 -0.179709 0.455000 30 63 78
0.089005 -0.179709 0.455000 57 90 105
0.090182 -0.179709 0.455000 132 152 163
0.091358 -0.179709 0.455000 106 126 137
0.092535 -0.179709 0.455000 26 50 62
0.093711 -0.179709 0.455000 41 65 77
0.095096 -0.180104 0.456000 41 78 95
0.096275 -0.180104 0.456000 39 76 93
0.097454 -0.180104 0.456000 35 74 92
0.098633 -0.180104 0.456000 33 72 90
0.100031 -0.180499 0.457000 32 71 89
0.101213 -0.180499 0.457000 30 69 87
0.102395 -0.180499 0.457000 26 63 80
0.103350 -0.180104 0.456000 37 74 91
0.104529 -0.180104 0.456000 39 78 96
0.105708 -0.180104 0.456000 26 65 83
0.108066 -0.180104 0.456000 41 78 95
0.171568 -0.199062 0.504000 30 52 51
0.174175 -0.199062 0.504000 41 58 61
0.175130 -0.198667 0.503000 40 57 62
0.175729 -0.197877 0.501000 56 73 78
0.176671 -0.197482 0.500000 63 79 89
0.177608 -0.197087 0.499000 48 64 74
0.178540 -0.196693 0.498000 38 51 62
0.179827 -0.196693 0.498000 36 49 60
0.180024 -0.195508 0.495000 37 50 59
0.181304 -0.195508 0.495000 37 50 59
0.182584 -0.195508 0.495000 35 52 55
0.183492 -0.195113 0.494000 38 55 58
0.184770 -0.195113 0.494000 39 56 59
0.186047 -0.195113 0.494000 39 56 59
0.187324 -0.195113 0.494000 40 57 58
0.188983 -0.195508 0.495000 42 59 60
0.190263 -0.195508 0.495000 42 60 58
0.191543 -0.195508 0.495000 45 63 61
0.193213 -0.195903 0.496000 50 65 64
0.194495 -0.195903 0.496000 52 67 66
0.195778 -0.195903 0.496000 56 71 70
0.197060 -0.195903 0.496000 62 77 76
0.200028 -0.196298 0.497000 71 83 85
0.201313 -0.196298 0.497000 72 86 90
0.202598 -0.196298 0.497000 71 85 89
0.203883 -0.196298 0.497000 76 87 87
-0.302099 -0.178139 0.454000 77 87 62
-0.300925 -0.178139 0.454000 43 53 28
-0.299091 -0.177746 0.453000 36 46 32
-0.298577 -0.178139 0.454000 32 42 28
-0.297403 -0.178139 0.454000 26 35 26
-0.296229 -0.178139 0.454000 29 38 29
-0.295055 -0.178139 0.454000 34 43 36
-0.294529 -0.178531 0.455000 38 47 40
-0.293352 -0.178531 0.455000 31 43 33
-0.292818 -0.178923 0.456000 30 42 32
-0.291639 -0.178923 0.456000 24 38 27
-0.291097 -0.179316 0.457000 23 37 26
-0.291818 -0.180493 0.460000 25 39 30
-0.291261 -0.180885 0.461000 29 43 34
-0.289503 -0.181278 0.462000 31 41 46
-0.289557 -0.182062 0.464000 96 96 100
-0.289600 -0.182847 0.466000 150 150 154
-0.289014 -0.183239 0.467000 152 152 146
-0.287806 -0.183239 0.467000 146 146 140
-0.286599 -0.183239 0.467000 145 146 135
-0.286002 -0.183632 0.468000 148 149 138
-0.284792 -0.183632 0.468000 153 156 140
-0.283582 -0.183632 0.468000 145 148 132
-0.282975 -0.184024 0.469000 87 95 82
-0.282364 -0.184417 0.470000 50 58 45
-0.281148 -0.184417 0.470000 30 41 37
-0.280529 -0.184809 0.471000 22 33 29
-0.279904 -0.185201 0.472000 23 38 35
-0.278683 -0.185201 0.472000 27 42 39
-0.278051 -0.185594 0.473000 33 46 41
-0.276828 -0.185594 0.473000 35 48 43
-0.275605 -0.185594 0.473000 35 49 38
-0.274382 -0.185594 0.473000 31 45 34
-0.273159 -0.185594 0.473000 31 43 33
-0.271285 -0.185986 0.474000 25 37 29
-0.270059 -0.185986 0.474000 29 41 33
-0.269401 -0.186378 0.475000 29 39 42
-0.268173 -0.186378 0.475000 36 46 49
-0.267506 -0.186771 0.476000 62 67 72
-0.193269 -0.174215 0.444000 135 139 132
-0.192121 -0.174215 0.444000 135 136 130
-0.190973 -0.174215 0.444000 137 138 132
-0.189825 -0.174215 0.444000 150 148 140
-0.188677 -0.174215 0.444000 160 158 150
-0.082529 -0.183239 0.467000 50 62 64
-0.081322 -0.183239 0.467000 43 55 59
-0.080114 -0.183239 0.467000 35 47 51
-0.078907 -0.183239 0.467000 33 45 47
-0.077699 -0.183239 0.467000 33 45 47
-0.076492 -0.183239 0.467000 30 44 46
-0.075284 -0.183239 0.467000 31 45 47
-0.074077 -0.183239 0.467000 27 44 45
-0.072713 -0.182847 0.466000 26 43 44
-0.071508 -0.182847 0.466000 25 43 41
-0.070454 -0.183239 0.467000 24 42 40
-0.069247 -0.183239 0.467000 27 42 41
-0.067893 -0.182847 0.466000 27 42 41
-0.066832 -0.183239 0.467000 22 40 38
-0.065624 -0.183239 0.467000 22 40 38
-0.064417 -0.183239 0.467000 25 43 41
-0.063209 -0.183239 0.467000 26 44 42
-0.062002 -0.183239 0.467000 24 42 38
-0.060924 -0.183632 0.468000 22 40 36
-0.059714 -0.183632 0.468000 26 41 36
-0.058629 -0.184024 0.469000 27 42 37
-0.057416 -0.184024 0.469000 29 44 39
-0.056084 -0.183632 0.468000 27 42 37
-0.054874 -0.183632 0.468000 29 42 39
-0.053664 -0.183632 0.468000 28 41 38
-0.052454 -0.183632 0.468000 30 41 41
-0.051243 -0.183632 0.468000 44 55 55
-0.024095 -0.179708 0.458000 34 56 68
-0.022911 -0.179708 0.458000 29 56 76
-0.021679 -0.179316 0.457000 33 60 80
-0.020453 -0.178923 0.456000 30 62 80
-0.019274 -0.178923 0.456000 38 70 88
-0.018095 -0.178923 0.456000 37 76 94
-0.016878 -0.178531 0.455000 38 77 95
-0.015702 -0.178531 0.455000 26 73 90
-0.014494 -0.178139 0.454000 17 64 81
-0.013290 -0.177746 0.453000 7 54 69
-0.012119 -0.177746 0.453000 3 50 65
-0.010948 -0.177746 0.453000 4 40 50
-0.009776 -0.177746 0.453000 0 36 46
-0.008605 -0.177746 0.453000 42 65 72
-0.007434 -0.177746 0.453000 58 81 88
-0.006262 -0.177746 0.453000 33 59 75
-0.005102 -0.178139 0.454000 11 37 53
-0.003928 -0.178139 0.454000 29 61 83
-0.002761 -0.178531 0.455000 30 62 84
-0.001588 -0.178923 0.456000 22 64 83
-0.000409 -0.178923 0.456000 21 63 82
0.000772 -0.179316 0.457000 21 69 91
0.001958 -0.179708 0.458000 31 79 101
0.003156 -0.180493 0.460000 24 71 98
0.004355 -0.180885 0.461000 0 43 70
0.005547 -0.180885 0.461000 0 42 65
0.007948 -0.181278 0.462000 8 49 71
0.009163 -0.181670 0.463000 19 60 82
0.010382 -0.182062 0.464000 35 76 100
0.011632 -0.182847 0.466000 33 74 98
0.012864 -0.183239 0.467000 31 72 94
0.014072 -0.183239 0.467000 31 72 94
0.015279 -0.183239 0.467000 19 65 87
0.016522 -0.183632 0.468000 14 60 82
0.017732 -0.183632 0.468000 0 44 69
0.018942 -0.183632 0.468000 0 41 66
0.020195 -0.184024 0.469000 0 42 66
0.021408 -0.184024 0.469000 0 44 68
0.022621 -0.184024 0.469000 0 43 64
0.023833 -0.184024 0.469000 0 44 65
0.025046 -0.184024 0.469000 0 46 66
0.026315 -0.184417 0.470000 5 53 73
0.027530 -0.184417 0.470000 14 61 78
0.028684 -0.184024 0.469000 25 72 89
0.029897 -0.184024 0.469000 28 75 92
0.031110 -0.184024 0.469000 16 63 80
0.032322 -0.184024 0.469000 6 50 66
0.033535 -0.184024 0.469000 12 56 72
0.034748 -0.184024 0.469000 16 58 75
0.036037 -0.184417 0.470000 17 59 76
0.037173 -0.184024 0.469000 22 61 79
0.038467 -0.184417 0.470000 24 63 81
0.039683 -0.184417 0.470000 21 60 76
0.040898 -0.184417 0.470000 22 61 77
0.042203 -0.184809 0.471000 26 64 76
0.043421 -0.184809 0.471000 23 61 73
0.044639 -0.184809 0.471000 17 50 63
0.045954 -0.185201 0.472000 16 49 62
0.047174 -0.185201 0.472000 14 46 57
0.048497 -0.185594 0.473000 11 43 54
0.049720 -0.185594 0.473000 12 41 49
0.050943 -0.185594 0.473000 10 39 47
0.052166 -0.185594 0.473000 9 37 43
0.053502 -0.185986 0.474000 7 35 41
0.054843 -0.186378 0.475000 5 33 39
0.057420 -0.186771 0.476000 4 32 36
0.058774 -0.187163 0.477000 4 32 36
0.060133 -0.187556 0.478000 5 31 33
0.061369 -0.187556 0.478000 5 31 33
0.062605 -0.187556 0.478000 5 31 33
0.063975 -0.187948 0.479000 6 32 34
0.065213 -0.187948 0.479000 8 34 36
0.066452 -0.187948 0.479000 9 35 37
0.067549 -0.187556 0.478000 13 39 41
0.068785 -0.187556 0.478000 14 40 42
0.069582 -0.186378 0.475000 14 40 42
0.070661 -0.185986 0.474000 15 41 43
0.071735 -0.185594 0.473000 18 43 48
0.073710 -0.184417 0.470000 18 34 42
0.074447 -0.183239 0.467000 24 40 48
0.075655 -0.183239 0.467000 57 70 69
0.076698 -0.182847 0.466000 101 114 113
0.077903 -0.182847 0.466000 139 148 139
0.078938 -0.182455 0.465000 144 153 144
0.079795 -0.181670 0.463000 139 147 136
0.080818 -0.181278 0.462000 138 146 135
0.082012 -0.181278 0.462000 149 157 154
0.083027 -0.180885 0.461000 119 127 124
0.084219 -0.180885 0.461000 20 44 56
0.084855 -0.179708 0.458000 33 57 69
0.085851 -0.179316 0.457000 26 60 78
0.086843 -0.178923 0.456000 34 68 86
0.088022 -0.178923 0.456000 36 70 88
0.089201 -0.178923 0.456000 29 63 81
0.090182 -0.178531 0.455000 105 129 143
0.092738 -0.178923 0.456000 48 76 93
0.093917 -0.178923 0.456000 43 71 88
0.095096 -0.178923 0.456000 35 77 96
0.096275 -0.178923 0.456000 34 76 95
0.097454 -0.178923 0.456000 34 76 93
0.098850 -0.179316 0.457000 31 73 90
0.131106 -0.184809 0.471000 124 134 137
0.173558 -0.198542 0.506000 39 56 57
0.180751 -0.195011 0.497000 53 70 75
0.181670 -0.194618 0.496000 38 55 60
0.182584 -0.194226 0.495000 32 51 55
0.183864 -0.194226 0.495000 34 53 57
0.184770 -0.193834 0.494000 39 58 62
0.186047 -0.193834 0.494000 39 58 62
0.187703 -0.194226 0.495000 39 58 60
0.188983 -0.194226 0.495000 38 57 59
0.190263 -0.194226 0.495000 39 58 60
0.191543 -0.194226 0.495000 40 59 61
0.193213 -0.194618 0.496000 41 60 60
0.194495 -0.194618 0.496000 41 60 60
0.195778 -0.194618 0.496000 48 65 66
0.198742 -0.195011 0.497000 58 72 76
0.200028 -0.195011 0.497000 65 79 83
0.201313 -0.195011 0.497000 69 83 89
0.202598 -0.195011 0.497000 72 86 92
0.203883 -0.195011 0.497000 71 85 89
0.205168 -0.195011 0.497000 67 81 85
0.206453 -0.195011 0.497000 76 87 83
-0.302605 -0.176573 0.453000 82 86 65
-0.301433 -0.176573 0.453000 46 55 35
-0.300925 -0.176963 0.454000 42 51 31
-0.299751 -0.176963 0.454000 31 40 31
-0.298577 -0.176963 0.454000 28 37 28
-0.297403 -0.176963 0.454000 29 38 29
-0.296229 -0.176963 0.454000 33 42 33
-0.295055 -0.176963 0.454000 41 51 39
-0.294529 -0.177353 0.455000 40 50 38
-0.293352 -0.177353 0.455000 32 45 32
-0.292818 -0.177743 0.456000 26 39 26
-0.292278 -0.178132 0.457000 24 36 26
-0.292371 -0.178912 0.459000 24 36 26
-0.292453 -0.179692 0.461000 24 34 37
-0.290698 -0.180081 0.462000 44 49 54
-0.290130 -0.180471 0.463000 104 109 114
-0.290181 -0.181251 0.465000 150 151 147
-0.290221 -0.182030 0.467000 150 151 147
-0.289014 -0.182030 0.467000 147 148 139
-0.287806 -0.182030 0.467000 147 148 139
-0.287212 -0.182420 0.468000 144 146 130
-0.286002 -0.182420 0.468000 148 150 134
-0.284792 -0.182420 0.468000 142 148 131
-0.283582 -0.182420 0.468000 84 90 73
-0.282975 -0.182810 0.469000 49 56 48
-0.282364 -0.183200 0.470000 25 32 24
-0.281148 -0.183200 0.470000 27 35 34
-0.280529 -0.183589 0.471000 32 40 39
-0.279311 -0.183589 0.471000 29 40 36
-0.278683 -0.183979 0.472000 34 45 41
-0.277463 -0.183979 0.472000 38 50 42
-0.276828 -0.184369 0.473000 34 46 38
-0.275605 -0.184369 0.473000 29 43 34
-0.274382 -0.184369 0.473000 29 43 34
-0.273159 -0.184369 0.473000 26 40 31
-0.271936 -0.184369 0.473000 29 43 34
-0.270059 -0.184759 0.474000 25 37 41
-0.268173 -0.185149 0.475000 100 108 109
-0.192121 -0.173065 0.444000 139 141 132
-0.190973 -0.173065 0.444000 135 137 128
-0.189825 -0.173065 0.444000 140 141 132
-0.188677 -0.173065 0.444000 148 149 140
-0.078907 -0.182030 0.467000 50 57 63
-0.077699 -0.182030 0.467000 41 48 54
-0.076492 -0.182030 0.467000 33 45 49
-0.075284 -0.182030 0.467000 37 49 53
-0.074077 -0.182030 0.467000 33 47 49
-0.072869 -0.182030 0.467000 31 45 47
-0.071662 -0.182030 0.467000 29 44 43
-0.070454 -0.182030 0.467000 28 43 42
-0.069098 -0.181640 0.466000 29 42 41
-0.068039 -0.182030 0.467000 29 42 41
-0.066832 -0.182030 0.467000 23 38 37
-0.065624 -0.182030 0.467000 26 41 40
-0.064417 -0.182030 0.467000 26 41 40
-0.063209 -0.182030 0.467000 27 42 41
-0.062002 -0.182030 0.467000 22 40 38
-0.060794 -0.182030 0.467000 22 40 38
-0.059587 -0.182030 0.467000 23 38 35
-0.058379 -0.182030 0.467000 24 39 36
-0.057172 -0.182030 0.467000 24 39 34
-0.055964 -0.182030 0.467000 24 39 34
-0.054756 -0.182030 0.467000 29 42 39
-0.053549 -0.182030 0.467000 30 43 40
-0.052341 -0.182030 0.467000 29 42 39
-0.051024 -0.181640 0.466000 26 39 36
-0.049820 -0.181640 0.466000 25 36 34
-0.024095 -0.178522 0.458000 38 64 82
-0.022861 -0.178132 0.457000 34 66 84
-0.021679 -0.178132 0.457000 36 68 86
-0.020453 -0.177743 0.456000 36 73 92
-0.019274 -0.177743 0.456000 44 81 100
-0.018055 -0.177353 0.455000 25 64 82
-0.016878 -0.177353 0.455000 14 53 71
-0.015667 -0.176963 0.454000 14 56 73
-0.014494 -0.176963 0.454000 9 51 68
-0.013290 -0.176573 0.453000 8 46 58
-0.012092 -0.176183 0.452000 2 40 52
-0.010924 -0.176183 0.452000 2 30 36
-0.009755 -0.176183 0.452000 2 30 36
-0.008586 -0.176183 0.452000 13 31 40
-0.007417 -0.176183 0.452000 27 45 54
-0.006249 -0.176183 0.452000 12 38 54
-0.005080 -0.176183 0.452000 21 47 63
-0.003928 -0.176963 0.454000 27 61 83
-0.002761 -0.177353 0.455000 24 58 80
-0.001584 -0.177353 0.455000 20 61 83
-0.000409 -0.177743 0.456000 19 60 82
0.000772 -0.178132 0.457000 21 69 91
0.001958 -0.178522 0.458000 31 79 101
0.003149 -0.178912 0.459000 15 62 87
0.004345 -0.179302 0.460000 4 51 76
0.005547 -0.179692 0.461000 13 59 81
0.006739 -0.179692 0.461000 25 71 93
0.009143 -0.180081 0.462000 27 70 93
0.010382 -0.180861 0.464000 23 68 93
0.011607 -0.181251 0.465000 17 62 87
0.012837 -0.181640 0.466000 8 55 80
0.014042 -0.181640 0.466000 3 50 75
0.015279 -0.182030 0.467000 0 43 68
0.016487 -0.182030 0.467000 0 42 67
0.017732 -0.182420 0.468000 0 49 73
0.018942 -0.182420 0.468000 7 56 80
0.020152 -0.182420 0.468000 11 63 86
0.021362 -0.182420 0.468000 15 67 90
0.022573 -0.182420 0.468000 18 70 93
0.023783 -0.182420 0.468000 22 74 97
0.024993 -0.182420 0.468000 27 79 102
0.026203 -0.182420 0.468000 28 80 103
0.027413 -0.182420 0.468000 25 78 98
0.028623 -0.182420 0.468000 25 78 98
0.029833 -0.182420 0.468000 27 77 98
0.031043 -0.182420 0.468000 21 71 92
0.032253 -0.182420 0.468000 22 72 91
0.033463 -0.182420 0.468000 24 74 93
0.034748 -0.182810 0.469000 26 74 94
0.035960 -0.182810 0.469000 25 73 93
0.037173 -0.182810 0.469000 27 71 89
0.038386 -0.182810 0.469000 22 66 84
0.039683 -0.183200 0.470000 21 60 80
0.040898 -0.183200 0.470000 18 57 77
0.042113 -0.183200 0.470000 18 55 74
0.043329 -0.183200 0.470000 13 50 69
0.044639 -0.183589 0.471000 15 48 61
0.045856 -0.183589 0.471000 13 46 59
0.047174 -0.183979 0.472000 13 42 54
0.048395 -0.183979 0.472000 8 37 49
0.049720 -0.184369 0.473000 9 36 45
0.050943 -0.184369 0.473000 11 38 47
0.052166 -0.184369 0.473000 15 39 49
0.053502 -0.184759 0.474000 12 36 46
0.054843 -0.185149 0.475000 9 36 45
0.057420 -0.185538 0.476000 7 32 37
0.058774 -0.185928 0.477000 6 31 36
0.060133 -0.186318 0.478000 8 32 34
0.061369 -0.186318 0.478000 9 33 35
0.062736 -0.186708 0.479000 7 31 33
0.063975 -0.186708 0.479000 4 28 30
0.065213 -0.186708 0.479000 2 28 30
0.066452 -0.186708 0.479000 4 30 32
0.067549 -0.186318 0.478000 8 34 34
0.068785 -0.186318 0.478000 14 40 40
0.069582 -0.185149 0.475000 12 38 38
0.070512 -0.184369 0.473000 13 39 39
0.071735 -0.184369 0.473000 13 39 41
0.073553 -0.182810 0.469000 23 42 46
0.074447 -0.182030 0.467000 19 38 42
0.075493 -0.181640 0.466000 18 35 36
0.076698 -0.181640 0.466000 22 39 40
0.077903 -0.181640 0.466000 66 79 74
0.078938 -0.181251 0.465000 109 122 117
0.079968 -0.180861 0.464000 144 153 144
0.080993 -0.180471 0.463000 138 147 138
0.082012 -0.180081 0.462000 139 146 140
0.083207 -0.180081 0.462000 145 152 146
0.084219 -0.179692 0.461000 59 80 86
0.085411 -0.179692 0.461000 26 47 53
0.086415 -0.179302 0.460000 28 62 80
0.087033 -0.178132 0.457000 31 65 83
0.088022 -0.177743 0.456000 38 72 92
0.089201 -0.177743 0.456000 36 70 90
0.092738 -0.177743 0.456000 29 66 85
0.096275 -0.177743 0.456000 33 75 94
0.097454 -0.177743 0.456000 30 72 89
0.183864 -0.192944 0.495000 49 63 67
0.185144 -0.192944 0.495000 37 51 57
0.186423 -0.192944 0.495000 37 51 57
0.187703 -0.192944 0.495000 36 53 58
0.188983 -0.192944 0.495000 41 58 63
0.190263 -0.192944 0.495000 39 56 61
0.191930 -0.193334 0.496000 39 56 61
0.193213 -0.193334 0.496000 41 58 63
0.196172 -0.193724 0.497000 41 58 61
0.197457 -0.193724 0.497000 42 59 62
0.198742 -0.193724 0.497000 49 66 69
0.200028 -0.193724 0.497000 54 71 74
0.201313 -0.193724 0.497000 62 79 84
0.202598 -0.193724 0.497000 65 82 87
0.203883 -0.193724 0.497000 67 84 87
0.205168 -0.193724 0.497000 68 85 88
0.206453 -0.193724 0.497000 74 87 84
0.207738 -0.193724 0.497000 66 79 76
-0.303776 -0.175400 0.453000 86 89 73
-0.302605 -0.175400 0.453000 52 55 39
-0.301433 -0.175400 0.453000 37 45 32
-0.300262 -0.175400 0.453000 30 38 25
-0.299751 -0.175788 0.454000 28 37 28
-0.298577 -0.175788 0.454000 28 37 28
-0.297403 -0.175788 0.454000 30 42 34
-0.296882 -0.176175 0.455000 34 46 38
-0.295705 -0.176175 0.455000 33 45 35
-0.294529 -0.176175 0.455000 30 42 32
-0.293997 -0.176562 0.456000 25 37 27
-0.292818 -0.176562 0.456000 25 37 27
-0.292278 -0.176949 0.457000 26 37 33
-0.293008 -0.178111 0.460000 27 38 34
-0.292453 -0.178498 0.461000 19 26 32
-0.291327 -0.179272 0.463000 129 132 131
-0.291383 -0.180047 0.465000 148 151 150
-0.290805 -0.180434 0.466000 147 149 140
-0.290221 -0.180821 0.467000 145 147 138
-0.289014 -0.180821 0.467000 145 146 135
-0.288423 -0.181208 0.468000 146 147 136
-0.287212 -0.181208 0.468000 151 154 138
-0.286002 -0.181208 0.468000 139 142 126
-0.284792 -0.181208 0.468000 76 84 69
-0.283582 -0.181208 0.468000 42 50 35
-0.282372 -0.181208 0.468000 26 32 30
-0.281763 -0.181596 0.469000 27 33 31
-0.281148 -0.181983 0.470000 33 39 37
-0.279933 -0.181983 0.470000 35 41 39
-0.279311 -0.182370 0.471000 36 44 41
-0.278093 -0.182370 0.471000 38 46 43
-0.277463 -0.182757 0.472000 37 49 41
-0.276242 -0.182757 0.472000 30 42 34
-0.275605 -0.183144 0.473000 29 40 36
-0.274382 -0.183144 0.473000 29 40 36
-0.273159 -0.183144 0.473000 28 40 44
-0.271936 -0.183144 0.473000 30 42 46
-0.270059 -0.183531 0.474000 58 68 73
-0.192121 -0.171916 0.444000 144 145 139
-0.190973 -0.171916 0.444000 140 141 135
-0.189825 -0.171916 0.444000 130 130 124
-0.188677 -0.171916 0.444000 134 134 128
-0.186800 -0.172303 0.445000 161 161 157
-0.184499 -0.172303 0.445000 151 152 148
-0.075284 -0.180821 0.467000 47 54 58
-0.074077 -0.180821 0.467000 36 46 49
-0.072869 -0.180821 0.467000 33 43 46
-0.071662 -0.180821 0.467000 35 48 47
-0.070454 -0.180821 0.467000 33 46 45
-0.069247 -0.180821 0.467000 30 43 42
-0.068039 -0.180821 0.467000 32 45 44
-0.066832 -0.180821 0.467000 26 39 38
-0.065624 -0.180821 0.467000 26 39 38
-0.064417 -0.180821 0.467000 23 38 37
-0.063209 -0.180821 0.467000 23 38 37
-0.062002 -0.180821 0.467000 21 39 37
-0.060794 -0.180821 0.467000 21 39 37
-0.059587 -0.180821 0.467000 21 39 35
-0.058379 -0.180821 0.467000 22 40 36
-0.057049 -0.180434 0.466000 25 38 33
-0.055844 -0.180434 0.466000 26 39 34
-0.054639 -0.180434 0.466000 26 39 34
-0.053549 -0.180821 0.467000 28 41 36
-0.052229 -0.180434 0.466000 28 41 36
-0.051024 -0.180434 0.466000 28 41 36
-0.049820 -0.180434 0.466000 28 41 36
-0.047511 -0.180821 0.467000 26 37 33
-0.046304 -0.180821 0.467000 26 37 33
-0.019231 -0.176175 0.455000 12 49 68
-0.018055 -0.176175 0.455000 11 48 65
-0.016841 -0.175788 0.454000 10 47 64
-0.015633 -0.175400 0.453000 9 42 55
-0.014462 -0.175400 0.453000 6 39 52
-0.013261 -0.175013 0.452000 6 31 36
-0.012066 -0.174626 0.451000 2 27 32
-0.010899 -0.174626 0.451000 9 28 32
-0.009733 -0.174626 0.451000 7 26 30
-0.008567 -0.174626 0.451000 10 28 37
-0.007401 -0.174626 0.451000 17 35 44
-0.005080 -0.175013 0.452000 27 55 70
-0.003911 -0.175013 0.452000 22 56 76
-0.002755 -0.175788 0.454000 20 54 74
-0.001584 -0.176175 0.455000 17 59 78
-0.000409 -0.176562 0.456000 20 62 81
0.000770 -0.176562 0.456000 34 77 100
0.001950 -0.176562 0.456000 32 75 98
0.003142 -0.177336 0.458000 18 65 90
0.004336 -0.177724 0.459000 22 69 94
0.005535 -0.178111 0.460000 25 72 97
0.006739 -0.178498 0.461000 19 66 91
0.007931 -0.178498 0.461000 20 65 90
0.010337 -0.178885 0.462000 11 56 81
0.011557 -0.179272 0.463000 12 57 82
0.012782 -0.179660 0.464000 11 60 86
0.014042 -0.180434 0.466000 23 72 98
0.017694 -0.180821 0.467000 29 81 106
0.018902 -0.180821 0.467000 27 79 104
0.020109 -0.180821 0.467000 28 80 103
0.021317 -0.180821 0.467000 26 78 101
0.022524 -0.180821 0.467000 26 78 101
0.023732 -0.180821 0.467000 23 75 98
0.024939 -0.180821 0.467000 22 74 97
0.026203 -0.181208 0.468000 20 72 95
0.027413 -0.181208 0.468000 21 74 94
0.028623 -0.181208 0.468000 19 72 92
0.029833 -0.181208 0.468000 18 71 91
0.031043 -0.181208 0.468000 16 69 89
0.032253 -0.181208 0.468000 15 65 86
0.033463 -0.181208 0.468000 15 65 86
0.034674 -0.181208 0.468000 18 66 88
0.035960 -0.181596 0.469000 19 67 89
0.037173 -0.181596 0.469000 17 64 81
0.038386 -0.181596 0.469000 10 57 74
0.039598 -0.181596 0.469000 11 50 68
0.040898 -0.181983 0.470000 11 50 68
0.042113 -0.181983 0.470000 12 46 64
0.043329 -0.181983 0.470000 8 42 60
0.044639 -0.182370 0.471000 13 39 55
0.045856 -0.182370 0.471000 13 39 55
0.047174 -0.182757 0.472000 22 42 53
0.048395 -0.182757 0.472000 35 55 66
0.049720 -0.183144 0.473000 49 65 75
0.050943 -0.183144 0.473000 48 64 74
0.052166 -0.183144 0.473000 17 35 44
0.053502 -0.183531 0.474000 6 24 33
0.054843 -0.183919 0.475000 9 31 43
0.057420 -0.184306 0.476000 11 34 41
0.058774 -0.184693 0.477000 10 33 40
0.060133 -0.185080 0.478000 10 33 38
0.061369 -0.185080 0.478000 10 33 38
0.062736 -0.185467 0.479000 11 36 41
0.063975 -0.185467 0.479000 11 36 41
0.065213 -0.185467 0.479000 7 33 35
0.066452 -0.185467 0.479000 7 33 35
0.067549 -0.185080 0.478000 7 33 33
0.068785 -0.185080 0.478000 5 31 31
0.069582 -0.183919 0.475000 12 38 38
0.070512 -0.183144 0.473000 11 37 37
0.071735 -0.183144 0.473000 12 38 38
0.072649 -0.182370 0.471000 13 39 39
0.073553 -0.181596 0.469000 15 39 39
0.074447 -0.180821 0.467000 16 40 40
0.075493 -0.180434 0.466000 23 42 42
0.076698 -0.180434 0.466000 25 44 44
0.077736 -0.180047 0.465000 21 39 37
0.078768 -0.179660 0.464000 33 51 49
0.079968 -0.179660 0.464000 83 96 91
0.080993 -0.179272 0.463000 136 149 144
0.082012 -0.178885 0.462000 135 144 135
0.083207 -0.178885 0.462000 141 150 141
0.084401 -0.178885 0.462000 107 124 127
0.085411 -0.178498 0.461000 27 44 47
0.086227 -0.177724 0.459000 29 61 79
0.087223 -0.177336 0.458000 31 63 81
0.088215 -0.176949 0.457000 31 67 91
0.089201 -0.176562 0.456000 37 73 97
0.090380 -0.176562 0.456000 36 70 92
0.091559 -0.176562 0.456000 33 67 89
0.092738 -0.176562 0.456000 28 70 89
0.093917 -0.176562 0.456000 35 77 96
0.095096 -0.176562 0.456000 38 77 97
0.096486 -0.176949 0.457000 35 74 94
0.097668 -0.176949 0.457000 26 63 80
0.098850 -0.176949 0.457000 20 57 74
0.101434 -0.177336 0.458000 24 59 72
0.110624 -0.175013 0.452000 143 154 150
0.186423 -0.191663 0.495000 76 84 85
0.187703 -0.191663 0.495000 53 65 71
0.188983 -0.191663 0.495000 44 56 62
0.190648 -0.192050 0.496000 40 53 64
0.191930 -0.192050 0.496000 42 55 66
0.193213 -0.192050 0.496000 42 58 68
0.196172 -0.192437 0.497000 38 55 60
0.197457 -0.192437 0.497000 40 57 62
0.198742 -0.192437 0.497000 42 59 62
0.200028 -0.192437 0.497000 47 64 67
0.201313 -0.192437 0.497000 49 66 69
0.202598 -0.192437 0.497000 52 69 72
0.203883 -0.192437 0.497000 55 72 75
0.205168 -0.192437 0.497000 60 77 80
0.206453 -0.192437 0.497000 65 80 77
0.209444 -0.192824 0.498000 69 83 74
0.210731 -0.192824 0.498000 68 82 73
-0.303105 -0.173843 0.452000 53 55 46
-0.302605 -0.174227 0.453000 51 53 44
-0.301433 -0.174227 0.453000 31 35 28
-0.300925 -0.174612 0.454000 30 34 27
-0.299751 -0.174612 0.454000 26 38 30
-0.298577 -0.174612 0.454000 30 42 34
-0.297403 -0.174612 0.454000 29 45 36
-0.296882 -0.174997 0.455000 29 45 36
-0.295705 -0.174997 0.455000 25 39 28
-0.294529 -0.174997 0.455000 26 40 29
-0.293557 -0.176535 0.459000 29 34 39
-0.293645 -0.177304 0.461000 21 26 31
-0.291892 -0.177689 0.462000 137 137 141
-0.291956 -0.178458 0.464000 154 155 149
-0.292010 -0.179227 0.466000 145 146 140
-0.291429 -0.179612 0.467000 144 146 137
-0.290221 -0.179612 0.467000 144 146 137
-0.289014 -0.179612 0.467000 144 146 135
-0.288423 -0.179997 0.468000 150 152 141
-0.287212 -0.179997 0.468000 135 145 129
-0.286002 -0.179997 0.468000 77 87 71
-0.284792 -0.179997 0.468000 43 51 40
-0.283582 -0.179997 0.468000 26 34 23
-0.282372 -0.179997 0.468000 30 36 36
-0.281763 -0.180381 0.469000 32 38 38
-0.281148 -0.180766 0.470000 35 41 39
-0.279933 -0.180766 0.470000 39 45 43
-0.278718 -0.180766 0.470000 40 46 44
-0.278093 -0.181150 0.471000 36 42 40
-0.277463 -0.181535 0.472000 38 46 43
-0.276242 -0.181535 0.472000 27 35 32
-0.275605 -0.181920 0.473000 27 37 40
-0.274382 -0.181920 0.473000 30 40 43
-0.273159 -0.181920 0.473000 26 37 46
-0.271936 -0.181920 0.473000 30 41 50
-0.189825 -0.170766 0.444000 123 124 120
-0.188677 -0.170766 0.444000 122 123 119
-0.187529 -0.170766 0.444000 130 131 127
-0.186800 -0.171151 0.445000 139 140 136
-0.185650 -0.171151 0.445000 152 153 149
-0.184499 -0.171151 0.445000 160 161 157
-0.070454 -0.179612 0.467000 31 42 42
-0.069247 -0.179612 0.467000 32 43 43
-0.068039 -0.179612 0.467000 34 45 45
-0.066975 -0.179997 0.468000 35 43 44
-0.065765 -0.179997 0.468000 31 39 40
-0.064555 -0.179997 0.468000 25 37 39
-0.063344 -0.179997 0.468000 25 37 39
-0.062134 -0.179997 0.468000 22 37 36
-0.060794 -0.179612 0.467000 21 36 35
-0.059587 -0.179612 0.467000 21 36 31
-0.058379 -0.179612 0.467000 21 36 31
-0.057172 -0.179612 0.467000 23 37 28
-0.055964 -0.179612 0.467000 23 37 28
-0.054756 -0.179612 0.467000 24 38 29
-0.053549 -0.179612 0.467000 26 40 31
-0.052341 -0.179612 0.467000 26 40 31
-0.051134 -0.179612 0.467000 26 40 31
-0.049926 -0.179612 0.467000 25 39 30
-0.048719 -0.179612 0.467000 25 39 30
-0.047511 -0.179612 0.467000 28 42 33
-0.016804 -0.174227 0.453000 10 43 56
-0.015598 -0.173843 0.452000 12 36 46
-0.010875 -0.173074 0.450000 12 26 30
-0.009712 -0.173074 0.450000 12 26 30
-0.008548 -0.173074 0.450000 9 31 41
-0.007401 -0.173458 0.451000 27 49 59
-0.006235 -0.173458 0.451000 31 64 77
-0.003911 -0.173843 0.452000 15 49 67
-0.002749 -0.174227 0.453000 18 52 70
-0.001581 -0.174612 0.454000 16 58 77
-0.000408 -0.174997 0.455000 20 62 81
0.000769 -0.174997 0.455000 31 77 97
0.001950 -0.175381 0.456000 28 74 94
0.003129 -0.175381 0.456000 20 66 88
0.004317 -0.175766 0.457000 18 64 86
0.005511 -0.176150 0.458000 12 59 84
0.006710 -0.176535 0.459000 10 57 82
0.007897 -0.176535 0.459000 16 61 86
0.009123 -0.177304 0.461000 19 64 89
0.010315 -0.177304 0.461000 22 69 94
0.037173 -0.180381 0.469000 7 49 68
0.038386 -0.180381 0.469000 7 49 68
0.039683 -0.180766 0.470000 7 46 64
0.040898 -0.180766 0.470000 5 44 62
0.042113 -0.180766 0.470000 17 50 65
0.044639 -0.181150 0.471000 46 67 75
0.045954 -0.181535 0.472000 50 71 79
0.047174 -0.181535 0.472000 57 70 79
0.048395 -0.181535 0.472000 65 78 87
0.049720 -0.181920 0.473000 98 108 115
0.050943 -0.181920 0.473000 119 129 136
0.052277 -0.182304 0.474000 100 112 114
0.053615 -0.182689 0.475000 61 73 75
0.056190 -0.183073 0.476000 5 23 30
0.057420 -0.183073 0.476000 11 29 38
0.058898 -0.183843 0.478000 14 32 41
0.060133 -0.183843 0.478000 14 35 41
0.061498 -0.184227 0.479000 12 33 39
0.062736 -0.184227 0.479000 13 36 41
0.063975 -0.184227 0.479000 14 37 42
0.065213 -0.184227 0.479000 12 37 42
0.066452 -0.184227 0.479000 11 36 41
0.067549 -0.183843 0.478000 8 34 36
0.068641 -0.183458 0.477000 6 32 34
0.069582 -0.182689 0.475000 6 32 32
0.070512 -0.181920 0.473000 13 39 39
0.071583 -0.181535 0.472000 12 38 38
0.073240 -0.179612 0.467000 14 38 38
0.074447 -0.179612 0.467000 15 39 39
0.075493 -0.179227 0.466000 20 40 37
0.076533 -0.178843 0.465000 23 43 40
0.077568 -0.178458 0.464000 31 49 45
0.078768 -0.178458 0.464000 32 50 46
0.079795 -0.178074 0.463000 24 39 36
0.080993 -0.178074 0.463000 73 88 85
0.082012 -0.177689 0.462000 131 143 135
0.083207 -0.177689 0.462000 131 143 135
0.084401 -0.177689 0.462000 136 151 150
0.085411 -0.177304 0.461000 56 71 70
0.086603 -0.177304 0.461000 24 54 73
0.087604 -0.176920 0.460000 31 61 80
0.088408 -0.176150 0.458000 30 66 90
0.089396 -0.175766 0.457000 34 70 94
0.090380 -0.175381 0.456000 31 72 94
0.091559 -0.175381 0.456000 29 70 92
0.092738 -0.175381 0.456000 29 72 93
0.093917 -0.175381 0.456000 35 78 99
0.095096 -0.175381 0.456000 38 75 96
0.096486 -0.175766 0.457000 25 62 83
0.097454 -0.175381 0.456000 9 37 54
0.098850 -0.175766 0.457000 16 44 61
0.100031 -0.175766 0.457000 13 39 55
0.110135 -0.173074 0.450000 114 128 130
0.111545 -0.173458 0.451000 136 150 152
0.189365 -0.190766 0.496000 94 105 105
0.190648 -0.190766 0.496000 57 68 77
0.193602 -0.191150 0.497000 38 51 62
0.194887 -0.191150 0.497000 42 55 66
0.196172 -0.191150 0.497000 43 56 65
0.197457 -0.191150 0.497000 43 56 65
0.198742 -0.191150 0.497000 40 57 60
0.200028 -0.191150 0.497000 43 60 63
0.201313 -0.191150 0.497000 45 64 64
0.202598 -0.191150 0.497000 45 64 64
0.203883 -0.191150 0.497000 49 68 68
0.205168 -0.191150 0.497000 52 71 71
0.206453 -0.191150 0.497000 56 74 72
0.209023 -0.191150 0.497000 69 83 74
0.212019 -0.191535 0.498000 69 81 73
-0.304947 -0.173055 0.453000 63 61 51
-0.303776 -0.173055 0.453000 48 52 47
-0.302605 -0.173055 0.453000 27 31 26
-0.301433 -0.173055 0.453000 32 39 33
-0.300925 -0.173437 0.454000 32 39 33
-0.299751 -0.173437 0.454000 33 45 37
-0.298577 -0.173437 0.454000 36 48 40
-0.298058 -0.173819 0.455000 27 45 41
-0.296882 -0.173819 0.455000 20 38 34
-0.295705 -0.173819 0.455000 19 37 33
-0.295176 -0.174201 0.456000 20 38 34
-0.294837 -0.176111 0.461000 29 28 39
-0.293087 -0.176493 0.462000 145 144 146
-0.293156 -0.177257 0.464000 153 152 154
-0.293215 -0.178021 0.466000 146 146 140
-0.292636 -0.178403 0.467000 145 145 139
-0.291429 -0.178403 0.467000 144 146 137
-0.290221 -0.178403 0.467000 145 147 138
-0.289014 -0.178403 0.467000 149 154 142
-0.288423 -0.178785 0.468000 143 148 136
-0.287212 -0.178785 0.468000 75 90 74
-0.286002 -0.178785 0.468000 35 50 34
-0.284792 -0.178785 0.468000 24 33 26
-0.283582 -0.178785 0.468000 27 36 29
-0.282372 -0.178785 0.468000 32 38 38
-0.281763 -0.179167 0.469000 35 41 41
-0.280550 -0.179167 0.469000 39 45 43
-0.279933 -0.179549 0.470000 41 47 45
-0.278718 -0.179549 0.470000 39 45 43
-0.278093 -0.179931 0.471000 35 41 39
-0.276875 -0.179931 0.471000 34 40 40
-0.276242 -0.180313 0.472000 32 38 38
-0.275022 -0.180313 0.472000 29 38 48
-0.192121 -0.169616 0.444000 153 157 152
-0.190973 -0.169616 0.444000 145 149 144
-0.189825 -0.169616 0.444000 120 127 121
-0.188677 -0.169616 0.444000 117 124 118
-0.187951 -0.169998 0.445000 124 131 125
-0.186800 -0.169998 0.445000 117 124 118
-0.185650 -0.169998 0.445000 128 132 127
-0.184499 -0.169998 0.445000 145 149 144
-0.069395 -0.178785 0.468000 58 68 71
-0.068185 -0.178785 0.468000 44 54 57
-0.066975 -0.178785 0.468000 39 44 51
-0.065765 -0.178785 0.468000 34 39 46
-0.064555 -0.178785 0.468000 31 41 44
-0.063344 -0.178785 0.468000 27 37 40
-0.062134 -0.178785 0.468000 24 37 36
-0.060924 -0.178785 0.468000 22 35 34
-0.059714 -0.178785 0.468000 22 35 30
-0.058504 -0.178785 0.468000 22 35 30
-0.057172 -0.178403 0.467000 23 37 28
-0.055964 -0.178403 0.467000 24 38 29
-0.054756 -0.178403 0.467000 23 37 28
-0.053549 -0.178403 0.467000 24 38 29
-0.052341 -0.178403 0.467000 23 37 28
-0.051134 -0.178403 0.467000 23 37 28
-0.049926 -0.178403 0.467000 24 37 32
-0.048719 -0.178403 0.467000 24 37 32
-0.047511 -0.178403 0.467000 24 37 34
-0.043983 -0.178785 0.468000 26 39 36
-0.009712 -0.171908 0.450000 12 31 35
-0.008548 -0.171908 0.450000 22 51 59
-0.007385 -0.171908 0.450000 38 67 75
-0.002742 -0.172672 0.452000 17 51 69
-0.001577 -0.173055 0.453000 17 59 78
-0.000407 -0.173437 0.454000 19 61 80
0.000769 -0.173819 0.455000 34 81 98
0.001945 -0.173819 0.455000 27 74 91
0.003129 -0.174201 0.456000 11 57 77
0.004308 -0.174201 0.456000 12 58 78
0.047174 -0.180313 0.472000 60 72 74
0.048497 -0.180695 0.473000 58 70 72
0.049720 -0.180695 0.473000 105 112 118
0.050943 -0.180695 0.473000 117 124 130
0.052277 -0.181077 0.474000 116 127 125
0.056308 -0.182223 0.477000 72 87 86
0.057541 -0.182223 0.477000 27 44 49
0.058898 -0.182605 0.478000 10 27 32
0.060133 -0.182605 0.478000 11 29 36
0.061498 -0.182987 0.479000 16 34 41
0.062736 -0.182987 0.479000 14 35 41
0.063975 -0.182987 0.479000 15 36 42
0.065213 -0.182987 0.479000 13 38 43
0.066313 -0.182605 0.478000 12 37 42
0.067549 -0.182605 0.478000 9 34 39
0.068497 -0.181841 0.476000 9 34 39
0.069435 -0.181077 0.474000 7 32 37
0.070512 -0.180695 0.473000 8 33 38
0.071583 -0.180313 0.472000 11 35 37
0.073240 -0.178403 0.467000 11 35 35
0.074447 -0.178403 0.467000 13 37 37
0.075493 -0.178021 0.466000 19 39 36
0.076533 -0.177639 0.465000 24 44 41
0.077568 -0.177257 0.464000 38 58 53
0.078768 -0.177257 0.464000 32 52 47
0.079795 -0.176875 0.463000 14 34 29
0.080993 -0.176875 0.463000 18 38 33
0.082012 -0.176493 0.462000 69 84 81
0.083207 -0.176493 0.462000 127 142 139
0.084401 -0.176493 0.462000 134 147 142
0.085596 -0.176493 0.462000 102 115 110
0.086603 -0.176111 0.461000 20 46 62
0.087795 -0.176111 0.461000 33 59 75
0.088601 -0.175347 0.459000 26 64 87
0.089592 -0.174965 0.458000 29 67 90
0.090380 -0.174201 0.456000 25 71 93
0.091559 -0.174201 0.456000 27 73 95
0.092738 -0.174201 0.456000 31 77 97
0.093917 -0.174201 0.456000 33 79 99
0.095096 -0.174201 0.456000 44 76 94
0.096275 -0.174201 0.456000 71 103 121
0.097454 -0.174201 0.456000 14 34 49
0.098633 -0.174201 0.456000 10 30 45
0.099812 -0.174201 0.456000 13 36 53
0.100991 -0.174201 0.456000 5 28 45
0.194887 -0.189863 0.497000 46 57 66
0.196172 -0.189863 0.497000 41 54 65
0.197457 -0.189863 0.497000 41 54 65
0.198742 -0.189863 0.497000 43 57 63
0.200028 -0.189863 0.497000 43 57 63
0.201718 -0.190245 0.498000 42 59 62
0.202598 -0.189863 0.497000 43 60 63
0.203883 -0.189863 0.497000 46 63 64
0.205168 -0.189863 0.497000 46 63 64
0.208156 -0.190245 0.498000 50 67 68
0.209444 -0.190245 0.498000 60 73 70
0.210731 -0.190245 0.498000 66 79 76
0.212019 -0.190245 0.498000 68 80 72
0.213307 -0.190245 0.498000 68 80 72
0.214594 -0.190245 0.498000 75 86 82
-0.305443 -0.171502 0.452000 65 70 60
-0.304947 -0.171882 0.453000 53 58 48
-0.303776 -0.171882 0.453000 29 35 33
-0.302605 -0.171882 0.453000 28 34 32
-0.302099 -0.172261 0.454000 29 38 31
-0.300925 -0.172261 0.454000 35 44 37
-0.299751 -0.172261 0.454000 36 48 40
-0.299235 -0.172640 0.455000 33 45 37
-0.298058 -0.172640 0.455000 26 41 36
-0.296882 -0.172640 0.455000 22 37 32
-0.296355 -0.173020 0.456000 23 38 35
-0.295176 -0.173020 0.456000 23 38 35
-0.295286 -0.173779 0.458000 25 29 41
-0.295386 -0.174538 0.460000 26 30 42
-0.294837 -0.174917 0.461000 76 74 85
-0.293788 -0.176435 0.465000 148 145 142
-0.293215 -0.176814 0.466000 146 146 140
-0.292636 -0.177194 0.467000 146 146 140
-0.291429 -0.177194 0.467000 143 145 136
-0.290221 -0.177194 0.467000 150 152 143
-0.289014 -0.177194 0.467000 138 148 134
-0.288423 -0.177573 0.468000 81 91 77
-0.287212 -0.177573 0.468000 31 45 34
-0.286002 -0.177573 0.468000 21 35 24
-0.284792 -0.177573 0.468000 24 35 33
-0.283582 -0.177573 0.468000 27 38 36
-0.282372 -0.177573 0.468000 34 42 43
-0.281763 -0.177952 0.469000 39 47 48
-0.280550 -0.177952 0.469000 39 47 44
-0.279337 -0.177952 0.469000 36 44 41
-0.278718 -0.178332 0.470000 33 39 37
-0.277502 -0.178332 0.470000 34 40 38
-0.276875 -0.178711 0.471000 31 39 40
-0.276242 -0.179091 0.472000 31 39 40
-0.192121 -0.168467 0.444000 160 167 161
-0.190973 -0.168467 0.444000 148 155 149
-0.189825 -0.168467 0.444000 124 130 128
-0.186800 -0.168846 0.445000 135 142 136
-0.185650 -0.168846 0.445000 127 131 126
-0.184499 -0.168846 0.445000 128 132 127
-0.183348 -0.168846 0.445000 142 142 142
-0.064692 -0.177952 0.469000 39 49 54
-0.063615 -0.178332 0.470000 27 37 42
-0.062267 -0.177952 0.469000 21 33 35
-0.061054 -0.177952 0.469000 21 33 35
-0.059714 -0.177573 0.468000 22 35 32
-0.058504 -0.177573 0.468000 22 35 32
-0.057294 -0.177573 0.468000 21 34 29
-0.056084 -0.177573 0.468000 23 36 31
-0.054874 -0.177573 0.468000 23 36 31
-0.053549 -0.177194 0.467000 19 32 27
-0.052341 -0.177194 0.467000 21 34 29
-0.051134 -0.177194 0.467000 23 36 31
-0.049926 -0.177194 0.467000 24 37 34
-0.048719 -0.177194 0.467000 24 37 34
-0.047613 -0.177573 0.468000 23 36 33
-0.043983 -0.177573 0.468000 24 37 34
-0.037608 -0.176055 0.464000 36 75 93
-0.008548 -0.170743 0.450000 32 64 71
-0.007385 -0.170743 0.450000 24 56 63
-0.003903 -0.171123 0.451000 11 45 65
-0.001577 -0.171882 0.453000 17 59 78
-0.000407 -0.172261 0.454000 19 61 80
0.000767 -0.172261 0.454000 41 87 107
0.001945 -0.172640 0.455000 14 60 80
0.003122 -0.172640 0.455000 10 56 78
0.004308 -0.173020 0.456000 13 59 81
0.028274 -0.191612 0.505000 8 42 60
0.029639 -0.191991 0.506000 7 41 59
0.030947 -0.191991 0.506000 8 42 60
0.054959 -0.180608 0.476000 115 126 122
0.056308 -0.180988 0.477000 116 127 123
0.057662 -0.181367 0.478000 106 119 116
0.058898 -0.181367 0.478000 81 94 91
0.060259 -0.181747 0.479000 35 49 53
0.061498 -0.181747 0.479000 15 29 33
0.062736 -0.181747 0.479000 10 28 37
0.063975 -0.181747 0.479000 13 31 40
0.065213 -0.181747 0.479000 13 36 43
0.066313 -0.181367 0.478000 13 36 43
0.067408 -0.180988 0.477000 11 36 43
0.068497 -0.180608 0.476000 13 38 45
0.069435 -0.179850 0.474000 12 37 42
0.070512 -0.179470 0.473000 11 36 41
0.071583 -0.179091 0.472000 13 37 39
0.073240 -0.177194 0.467000 11 33 36
0.074447 -0.177194 0.467000 12 34 37
0.075493 -0.176814 0.466000 11 33 34
0.076533 -0.176435 0.465000 14 36 37
0.077568 -0.176055 0.464000 30 50 45
0.078768 -0.176055 0.464000 32 52 47
0.079795 -0.175676 0.463000 16 39 33
0.080818 -0.175296 0.462000 12 35 29
0.082012 -0.175296 0.462000 15 32 33
0.083207 -0.175296 0.462000 71 88 89
0.084401 -0.175296 0.462000 125 140 137
0.085596 -0.175296 0.462000 122 137 134
0.086603 -0.174917 0.461000 38 58 69
0.087795 -0.174917 0.461000 28 48 59
0.088601 -0.174158 0.459000 25 64 84
0.089396 -0.173399 0.457000 25 64 84
0.090578 -0.173399 0.457000 25 71 93
0.091559 -0.173020 0.456000 27 73 95
0.092738 -0.173020 0.456000 28 76 96
0.093917 -0.173020 0.456000 26 74 94
0.095096 -0.173020 0.456000 56 83 96
0.096275 -0.173020 0.456000 117 144 157
0.097454 -0.173020 0.456000 72 83 94
0.098633 -0.173020 0.456000 16 27 38
0.103840 -0.168087 0.443000 14 53 69
0.106370 -0.168467 0.444000 19 51 69
0.107518 -0.168467 0.444000 22 54 72
0.197855 -0.188956 0.498000 47 58 67
0.199142 -0.188956 0.498000 45 58 67
0.200028 -0.188576 0.497000 43 56 65
0.201313 -0.188576 0.497000 45 62 65
0.202598 -0.188576 0.497000 45 62 65
0.203883 -0.188576 0.497000 43 60 63
0.206453 -0.188576 0.497000 42 59 60
0.209444 -0.188956 0.498000 51 66 63
0.210731 -0.188956 0.498000 55 70 67
0.212019 -0.188956 0.498000 62 77 74
0.213307 -0.188956 0.498000 69 84 81
0.214594 -0.188956 0.498000 67 82 81
0.215882 -0.188956 0.498000 73 88 87
0.217170 -0.188956 0.498000 107 118 116
-0.306611 -0.170332 0.452000 69 72 56
-0.306118 -0.170709 0.453000 44 56 48
-0.304947 -0.170709 0.453000 27 39 31
-0.303776 -0.170709 0.453000 33 41 38
-0.302605 -0.170709 0.453000 33 41 38
-0.302099 -0.171086 0.454000 33 42 35
-0.300925 -0.171086 0.454000 38 47 40
-0.300411 -0.171462 0.455000 35 44 35
-0.299235 -0.171462 0.455000 29 38 29
-0.298058 -0.171462 0.455000 24 38 29
-0.297534 -0.171839 0.456000 25 39 30
-0.296355 -0.171839 0.456000 25 35 38
-0.295823 -0.172216 0.457000 23 33 36
-0.295931 -0.172970 0.459000 29 26 47
-0.296029 -0.173723 0.461000 79 76 97
-0.294420 -0.175608 0.466000 148 145 140
-0.293215 -0.175608 0.466000 146 147 138
-0.292636 -0.175984 0.467000 143 144 135
-0.291429 -0.175984 0.467000 147 152 138
-0.290221 -0.175984 0.467000 141 146 132
-0.289014 -0.175984 0.467000 74 87 70
-0.288423 -0.176361 0.468000 32 45 28
-0.287212 -0.176361 0.468000 26 38 30
-0.286002 -0.176361 0.468000 30 42 34
-0.284792 -0.176361 0.468000 26 37 35
-0.283582 -0.176361 0.468000 31 42 40
-0.282372 -0.176361 0.468000 37 48 48
-0.281162 -0.176361 0.468000 39 50 50
-0.280550 -0.176738 0.469000 35 43 40
-0.279337 -0.176738 0.469000 34 42 39
-0.278125 -0.176738 0.469000 28 36 33
-0.277502 -0.177115 0.470000 29 37 34
-0.276875 -0.177492 0.471000 32 39 47
-0.194417 -0.167317 0.444000 156 164 161
-0.193269 -0.167317 0.444000 160 168 165
-0.192121 -0.167317 0.444000 159 167 166
-0.190973 -0.167317 0.444000 137 145 144
-0.185650 -0.167694 0.445000 138 142 137
-0.184499 -0.167694 0.445000 131 135 130
-0.183348 -0.167694 0.445000 129 130 126
-0.059969 -0.177115 0.470000 23 36 35
-0.058629 -0.176738 0.469000 15 28 27
-0.057416 -0.176738 0.469000 19 32 29
-0.056084 -0.176361 0.468000 22 35 32
-0.054874 -0.176361 0.468000 21 34 29
-0.053664 -0.176361 0.468000 18 31 26
-0.052454 -0.176361 0.468000 21 34 29
-0.051243 -0.176361 0.468000 21 34 29
-0.050033 -0.176361 0.468000 23 34 30
-0.048823 -0.176361 0.468000 23 34 30
-0.047613 -0.176361 0.468000 23 34 30
-0.045193 -0.176361 0.468000 22 35 32
-0.043983 -0.176361 0.468000 22 35 32
-0.037689 -0.175231 0.465000 46 88 107
-0.036330 -0.174477 0.463000 36 78 97
-0.033936 -0.174477 0.463000 74 103 115
-0.032668 -0.174100 0.462000 24 51 62
-0.006221 -0.169578 0.450000 8 41 56
-0.005069 -0.169955 0.451000 9 42 57
-0.003903 -0.169955 0.451000 20 57 76
-0.001577 -0.170709 0.453000 15 59 77
-0.000406 -0.170709 0.453000 21 65 83
0.000767 -0.171086 0.454000 41 87 109
0.001941 -0.171086 0.454000 13 59 81
0.003122 -0.171462 0.455000 17 63 83
0.004298 -0.171462 0.455000 25 71 91
0.025663 -0.190304 0.505000 9 42 57
0.026969 -0.190304 0.505000 9 42 57
0.028330 -0.190681 0.506000 13 46 61
0.029639 -0.190681 0.506000 12 45 60
0.030947 -0.190681 0.506000 10 43 58
0.032319 -0.191058 0.507000 6 41 56
0.037933 -0.192942 0.512000 5 40 55
0.039411 -0.193696 0.514000 6 41 56
0.040819 -0.194073 0.515000 10 45 60
0.043651 -0.194826 0.517000 60 98 110
0.045075 -0.195203 0.518000 72 110 122
0.047938 -0.195957 0.520000 43 77 85
0.049377 -0.196334 0.521000 61 83 86
0.058898 -0.180130 0.478000 109 118 109
0.060259 -0.180507 0.479000 113 121 118
0.061498 -0.180507 0.479000 93 101 98
0.062736 -0.180507 0.479000 47 59 61
0.063975 -0.180507 0.479000 19 31 33
0.065077 -0.180130 0.478000 7 28 34
0.066313 -0.180130 0.478000 12 33 39
0.067267 -0.179376 0.476000 11 35 45
0.068353 -0.178999 0.475000 14 38 48
0.069435 -0.178622 0.474000 13 37 47
0.070512 -0.178245 0.473000 13 37 47
0.071583 -0.177869 0.472000 12 37 44
0.073240 -0.175984 0.467000 14 37 42
0.074447 -0.175984 0.467000 11 34 39
0.075493 -0.175608 0.466000 10 32 35
0.076533 -0.175231 0.465000 10 32 35
0.077568 -0.174854 0.464000 14 36 35
0.078598 -0.174477 0.463000 16 38 37
0.079795 -0.174477 0.463000 15 37 36
0.080818 -0.174100 0.462000 17 39 38
0.082012 -0.174100 0.462000 18 37 41
0.083207 -0.174100 0.462000 11 30 34
0.084401 -0.174100 0.462000 70 84 88
0.085411 -0.173723 0.461000 125 139 143
0.086603 -0.173723 0.461000 94 108 114
0.087795 -0.173723 0.461000 26 40 46
0.088601 -0.172970 0.459000 22 56 76
0.089396 -0.172216 0.457000 28 62 82
0.090380 -0.171839 0.456000 26 69 90
0.091559 -0.171839 0.456000 32 75 96
0.092738 -0.171839 0.456000 34 78 96
0.093917 -0.171839 0.456000 30 74 92
0.095096 -0.171839 0.456000 73 95 105
0.096275 -0.171839 0.456000 135 157 167
0.097240 -0.171462 0.455000 135 142 148
0.101319 -0.166563 0.442000 30 67 84
0.102462 -0.166563 0.442000 32 69 86
0.103840 -0.166940 0.443000 15 53 67
0.104985 -0.166940 0.443000 8 46 60
0.106130 -0.166940 0.443000 8 41 56
0.200430 -0.187666 0.498000 46 56 63
0.201313 -0.187290 0.497000 39 55 65
0.202598 -0.187290 0.497000 42 58 68
0.203883 -0.187290 0.497000 41 60 64
0.205168 -0.187290 0.497000 42 61 65
0.206453 -0.187290 0.497000 42 61 61
0.209444 -0.187666 0.498000 45 62 63
0.210731 -0.187666 0.498000 46 63 64
0.212019 -0.187666 0.498000 54 68 70
0.213307 -0.187666 0.498000 58 72 74
0.214594 -0.187666 0.498000 66 80 82
0.215882 -0.187666 0.498000 71 85 87
0.217170 -0.187666 0.498000 65 76 76
0.218457 -0.187666 0.498000 87 98 98
-0.307780 -0.169161 0.452000 80 85 71
-0.306611 -0.169161 0.452000 44 49 35
-0.306118 -0.169536 0.453000 25 33 30
-0.304947 -0.169536 0.453000 27 35 32
-0.303776 -0.169536 0.453000 29 37 36
-0.302605 -0.169536 0.453000 33 41 40
-0.302099 -0.169910 0.454000 40 48 45
-0.300925 -0.169910 0.454000 38 46 43
-0.300411 -0.170284 0.455000 32 41 34
-0.299235 -0.170284 0.455000 28 37 30
-0.298058 -0.170284 0.455000 30 36 34
-0.297534 -0.170658 0.456000 30 36 34
-0.296355 -0.170658 0.456000 30 31 46
-0.296471 -0.171407 0.458000 22 23 38
-0.296576 -0.172156 0.460000 77 75 86
-0.296029 -0.172530 0.461000 147 145 156
-0.294356 -0.173652 0.464000 146 143 138
-0.294420 -0.174401 0.466000 147 144 139
-0.293215 -0.174401 0.466000 145 146 135
-0.292636 -0.174775 0.467000 146 147 136
-0.291429 -0.174775 0.467000 136 144 129
-0.290221 -0.174775 0.467000 80 88 73
-0.289014 -0.174775 0.467000 35 45 31
-0.288423 -0.175150 0.468000 26 36 22
-0.287212 -0.175150 0.468000 31 40 33
-0.286002 -0.175150 0.468000 29 38 31
-0.284792 -0.175150 0.468000 26 37 33
-0.283582 -0.175150 0.468000 37 48 44
-0.282372 -0.175150 0.468000 39 50 46
-0.281162 -0.175150 0.468000 36 47 43
-0.279952 -0.175150 0.468000 33 41 38
-0.279337 -0.175524 0.469000 31 39 36
-0.278125 -0.175524 0.469000 31 39 38
-0.277502 -0.175898 0.470000 33 41 40
-0.195565 -0.166167 0.444000 160 166 164
-0.194417 -0.166167 0.444000 158 169 167
-0.193269 -0.166167 0.444000 159 170 168
-0.192121 -0.166167 0.444000 147 155 152
-0.190973 -0.166167 0.444000 137 145 142
-0.185650 -0.166542 0.445000 141 145 138
-0.184499 -0.166542 0.445000 136 140 133
-0.183348 -0.166542 0.445000 137 141 134
-0.057539 -0.175898 0.470000 29 37 34
-0.056324 -0.175898 0.470000 21 29 26
-0.054991 -0.175524 0.469000 20 29 22
-0.053778 -0.175524 0.469000 20 29 22
-0.052454 -0.175150 0.468000 20 31 27
-0.051243 -0.175150 0.468000 22 33 29
-0.050033 -0.175150 0.468000 22 33 29
-0.048823 -0.175150 0.468000 22 33 29
-0.047613 -0.175150 0.468000 21 34 31
-0.045193 -0.175150 0.468000 21 34 31
-0.043983 -0.175150 0.468000 21 34 31
-0.038975 -0.174401 0.466000 21 60 76
-0.037689 -0.174027 0.465000 43 82 100
-0.036330 -0.173278 0.463000 26 65 83
-0.033936 -0.173278 0.463000 53 81 96
-0.031541 -0.173278 0.463000 44 71 84
-0.008548 -0.168413 0.450000 10 37 46
-0.007385 -0.168413 0.450000 10 37 46
-0.006221 -0.168413 0.450000 11 46 61
-0.005057 -0.168413 0.450000 20 55 70
-0.003903 -0.168787 0.451000 22 64 83
-0.001574 -0.169161 0.452000 13 59 79
-0.000406 -0.169536 0.453000 24 70 90
0.000767 -0.169910 0.454000 35 81 103
0.001945 -0.170284 0.455000 19 65 87
0.003122 -0.170284 0.455000 26 72 92
0.004298 -0.170284 0.455000 24 70 90
0.005487 -0.170658 0.456000 20 67 84
0.006666 -0.170658 0.456000 9 56 73
0.024357 -0.188997 0.505000 10 41 55
0.025663 -0.188997 0.505000 13 44 58
0.026969 -0.188997 0.505000 11 42 56
0.028330 -0.189371 0.506000 11 42 56
0.029639 -0.189371 0.506000 8 43 58
0.031008 -0.189745 0.507000 7 42 57
0.032383 -0.190120 0.508000 8 43 58
0.033829 -0.190868 0.510000 10 45 60
0.035217 -0.191242 0.511000 5 40 55
0.036610 -0.191617 0.512000 6 41 56
0.038007 -0.191991 0.513000 7 42 57
0.039487 -0.192739 0.515000 8 43 58
0.042314 -0.193488 0.517000 15 50 63
0.043735 -0.193862 0.518000 37 71 81
0.045162 -0.194236 0.519000 51 85 95
0.046504 -0.194236 0.519000 41 70 78
0.047938 -0.194611 0.520000 40 69 77
0.049377 -0.194985 0.521000 63 82 86
0.062736 -0.179266 0.479000 109 117 114
0.063975 -0.179266 0.479000 93 101 98
0.065077 -0.178892 0.478000 52 66 68
0.066036 -0.178144 0.476000 19 33 35
0.067125 -0.177769 0.475000 10 28 37
0.068210 -0.177395 0.474000 17 35 44
0.069289 -0.177021 0.473000 15 37 47
0.070512 -0.177021 0.473000 17 39 49
0.071583 -0.176647 0.472000 17 39 51
0.072495 -0.175898 0.470000 16 38 50
0.073240 -0.174775 0.467000 13 38 45
0.074447 -0.174775 0.467000 12 37 44
0.075493 -0.174401 0.466000 12 37 44
0.076533 -0.174027 0.465000 9 34 41
0.077568 -0.173652 0.464000 9 33 35
0.078598 -0.173278 0.463000 11 35 37
0.079623 -0.172904 0.462000 15 37 40
0.080818 -0.172904 0.462000 16 38 41
0.082012 -0.172904 0.462000 18 40 43
0.083207 -0.172904 0.462000 12 34 37
0.084219 -0.172530 0.461000 17 34 39
0.085411 -0.172530 0.461000 72 89 94
0.086603 -0.172530 0.461000 121 135 141
0.087414 -0.171781 0.459000 40 54 60
0.088408 -0.171407 0.458000 18 46 61
0.089201 -0.170658 0.456000 33 61 76
0.090380 -0.170658 0.456000 26 68 87
0.091559 -0.170658 0.456000 33 75 94
0.092738 -0.170658 0.456000 37 79 98
0.093917 -0.170658 0.456000 33 75 94
0.095096 -0.170658 0.456000 90 111 119
0.096064 -0.170284 0.455000 128 149 157
0.097240 -0.170284 0.455000 139 145 145
0.098201 -0.169910 0.454000 120 126 126
0.099441 -0.168039 0.449000 14 29 42
0.100630 -0.166167 0.444000 38 68 87
0.101319 -0.165419 0.442000 24 61 78
0.102462 -0.165419 0.442000 23 60 77
0.103840 -0.165793 0.443000 17 50 65
0.104985 -0.165793 0.443000 67 100 115
0.201313 -0.186003 0.497000 61 72 81
0.202598 -0.186003 0.497000 44 55 64
0.203883 -0.186003 0.497000 45 62 74
0.206868 -0.186377 0.498000 42 61 65
0.208156 -0.186377 0.498000 41 60 64
0.209444 -0.186377 0.498000 45 59 61
0.210731 -0.186377 0.498000 45 59 61
0.212019 -0.186377 0.498000 50 64 66
0.213307 -0.186377 0.498000 52 66 68
0.214594 -0.186377 0.498000 61 73 77
0.215882 -0.186377 0.498000 67 79 83
0.217170 -0.186377 0.498000 75 83 84
0.218457 -0.186377 0.498000 71 79 80
0.219745 -0.186377 0.498000 82 89 81
-0.308949 -0.167991 0.452000 107 106 89
-0.307780 -0.167991 0.452000 50 52 43
-0.306611 -0.167991 0.452000 41 43 34
-0.306118 -0.168363 0.453000 30 36 36
-0.304947 -0.168363 0.453000 30 36 36
-0.303776 -0.168363 0.453000 33 41 40
-0.302605 -0.168363 0.453000 40 48 47
-0.302099 -0.168734 0.454000 41 49 48
-0.300925 -0.168734 0.454000 33 41 40
-0.300411 -0.169106 0.455000 27 36 29
-0.299235 -0.169106 0.455000 27 36 29
-0.298713 -0.169478 0.456000 32 38 40
-0.297534 -0.169478 0.456000 34 40 42
-0.297005 -0.169849 0.457000 28 29 44
-0.296471 -0.170221 0.458000 67 68 83
-0.296576 -0.170964 0.460000 145 144 148
-0.296029 -0.171336 0.461000 151 150 154
-0.294919 -0.172079 0.463000 148 144 145
-0.294356 -0.172451 0.464000 143 144 135
-0.294420 -0.173194 0.466000 143 144 135
-0.293215 -0.173194 0.466000 146 147 134
-0.292636 -0.173566 0.467000 146 147 134
-0.291429 -0.173566 0.467000 90 98 83
-0.290221 -0.173566 0.467000 41 49 34
-0.289014 -0.173566 0.467000 21 31 19
-0.287806 -0.173566 0.467000 29 39 27
-0.287212 -0.173938 0.468000 29 38 29
-0.286002 -0.173938 0.468000 34 43 34
-0.284792 -0.173938 0.468000 38 50 40
-0.283582 -0.173938 0.468000 39 51 41
-0.282372 -0.173938 0.468000 37 49 41
-0.281162 -0.173938 0.468000 30 42 34
-0.279952 -0.173938 0.468000 32 41 34
-0.279337 -0.174309 0.469000 31 40 33
-0.278125 -0.174309 0.469000 29 36 40
-0.196713 -0.165018 0.444000 160 166 166
-0.195565 -0.165018 0.444000 162 168 168
-0.194417 -0.165018 0.444000 161 172 170
-0.193269 -0.165018 0.444000 152 163 161
-0.192121 -0.165018 0.444000 136 142 140
-0.185233 -0.165018 0.444000 141 145 138
-0.183348 -0.165390 0.445000 142 146 139
-0.047613 -0.173938 0.468000 22 33 31
-0.046403 -0.173938 0.468000 20 31 29
-0.045193 -0.173938 0.468000 17 32 31
-0.043983 -0.173938 0.468000 17 32 31
-0.037770 -0.173194 0.466000 41 83 100
-0.032809 -0.172451 0.464000 41 72 86
-0.008510 -0.166505 0.448000 9 38 46
-0.007368 -0.166876 0.449000 9 38 46
-0.006207 -0.166876 0.449000 12 47 60
-0.005057 -0.167248 0.450000 27 62 75
-0.003894 -0.167248 0.450000 21 65 83
-0.002730 -0.167248 0.450000 21 65 83
-0.000405 -0.167991 0.452000 25 71 91
0.000765 -0.168363 0.453000 30 76 98
0.001941 -0.168734 0.454000 25 71 93
0.003122 -0.169106 0.455000 26 72 92
0.004298 -0.169106 0.455000 16 62 82
0.005475 -0.169106 0.455000 8 47 63
0.021746 -0.187689 0.505000 7 34 47
0.023051 -0.187689 0.505000 6 33 46
0.024357 -0.187689 0.505000 3 34 48
0.025663 -0.187689 0.505000 9 40 54
0.027022 -0.188061 0.506000 13 44 58
0.028330 -0.188061 0.506000 7 38 52
0.029697 -0.188433 0.507000 4 39 54
0.031069 -0.188804 0.508000 5 40 55
0.032447 -0.189176 0.509000 4 39 54
0.033895 -0.189919 0.511000 6 41 56
0.035286 -0.190291 0.512000 3 38 53
0.036610 -0.190291 0.512000 7 42 57
0.038082 -0.191034 0.514000 8 43 58
0.039564 -0.191778 0.516000 7 42 57
0.042396 -0.192521 0.518000 17 51 61
0.043820 -0.192893 0.519000 17 49 60
0.045162 -0.192893 0.519000 16 48 59
0.046593 -0.193264 0.520000 28 50 60
0.066984 -0.176168 0.474000 58 72 74
0.068066 -0.175796 0.473000 22 36 38
0.069289 -0.175796 0.473000 10 31 39
0.070363 -0.175424 0.472000 17 38 46
0.071431 -0.175053 0.471000 17 39 51
0.072495 -0.174681 0.470000 17 39 51
0.073240 -0.173566 0.467000 13 37 47
0.074447 -0.173566 0.467000 13 37 47
0.075493 -0.173194 0.466000 12 36 46
0.076533 -0.172823 0.465000 11 35 45
0.077568 -0.172451 0.464000 13 37 39
0.078598 -0.172079 0.463000 11 35 37
0.079623 -0.171708 0.462000 15 37 40
0.080818 -0.171708 0.462000 15 37 40
0.082012 -0.171708 0.462000 17 39 42
0.083027 -0.171336 0.461000 16 38 41
0.084219 -0.171336 0.461000 16 35 39
0.085411 -0.171336 0.461000 18 37 41
0.086227 -0.170593 0.459000 85 102 107
0.087223 -0.170221 0.458000 76 93 98
0.088215 -0.169849 0.457000 18 45 56
0.089201 -0.169478 0.456000 32 59 70
0.090182 -0.169106 0.455000 26 65 83
0.091358 -0.169106 0.455000 36 75 93
0.092535 -0.169106 0.455000 39 76 95
0.093711 -0.169106 0.455000 30 67 86
0.094888 -0.169106 0.455000 105 123 130
0.095853 -0.168734 0.454000 127 145 152
0.096813 -0.168363 0.453000 135 141 139
0.097335 -0.167248 0.450000 141 147 145
0.098777 -0.165761 0.446000 23 34 43
0.099482 -0.165018 0.444000 21 51 70
0.100403 -0.164646 0.443000 36 66 85
0.101319 -0.164275 0.442000 20 57 74
0.102462 -0.164275 0.442000 13 50 67
0.103605 -0.164275 0.442000 57 84 97
0.105891 -0.164275 0.442000 74 96 108
0.107276 -0.164646 0.443000 15 37 49
0.108421 -0.164646 0.443000 19 45 61
0.205168 -0.184716 0.497000 36 48 62
0.208156 -0.185088 0.498000 44 57 68
0.209444 -0.185088 0.498000 45 59 63
0.210731 -0.185088 0.498000 44 58 62
0.212019 -0.185088 0.498000 45 59 61
0.213307 -0.185088 0.498000 47 61 63
0.214594 -0.185088 0.498000 53 65 69
0.215882 -0.185088 0.498000 61 73 77
0.217170 -0.185088 0.498000 67 75 76
0.218457 -0.185088 0.498000 79 87 88
0.219745 -0.185088 0.498000 70 77 69
0.221033 -0.185088 0.498000 75 82 74
-0.308949 -0.166821 0.452000 65 63 51
-0.307780 -0.166821 0.452000 46 47 43
-0.306611 -0.166821 0.452000 30 31 27
-0.306118 -0.167190 0.453000 30 36 36
-0.304947 -0.167190 0.453000 32 38 38
-0.303776 -0.167190 0.453000 39 47 46
-0.302605 -0.167190 0.453000 39 47 46
-0.302099 -0.167559 0.454000 30 41 39
-0.301588 -0.167928 0.455000 25 36 34
-0.300411 -0.167928 0.455000 25 36 34
-0.299235 -0.167928 0.455000 25 36 34
-0.298713 -0.168297 0.456000 29 36 42
-0.297534 -0.168297 0.456000 19 26 32
-0.297005 -0.168666 0.457000 64 66 74
-0.297118 -0.169404 0.459000 138 140 148
-0.297221 -0.170142 0.461000 148 147 149
-0.295476 -0.170512 0.462000 145 145 141
-0.294919 -0.170881 0.463000 144 144 140
-0.294990 -0.171619 0.465000 139 141 130
-0.294420 -0.171988 0.466000 140 142 131
-0.293215 -0.171988 0.466000 146 148 135
-0.292636 -0.172357 0.467000 100 102 89
-0.291429 -0.172357 0.467000 41 48 40
-0.290221 -0.172357 0.467000 27 34 26
-0.289014 -0.172357 0.467000 26 35 26
-0.287806 -0.172357 0.467000 29 38 29
-0.287212 -0.172726 0.468000 32 42 30
-0.286002 -0.172726 0.468000 39 49 37
-0.284792 -0.172726 0.468000 39 52 39
-0.283582 -0.172726 0.468000 37 50 37
-0.282372 -0.172726 0.468000 33 45 35
-0.281162 -0.172726 0.468000 27 39 29
-0.279952 -0.172726 0.468000 30 41 37
-0.278742 -0.172726 0.468000 29 40 36
-0.196713 -0.163868 0.444000 165 171 169
-0.040266 -0.172357 0.467000 29 73 89
-0.038975 -0.171988 0.466000 29 73 89
-0.037770 -0.171988 0.466000 36 80 98
-0.036487 -0.171619 0.465000 29 73 91
-0.034082 -0.171619 0.465000 31 65 85
-0.008453 -0.164237 0.445000 8 37 45
-0.007319 -0.164606 0.446000 12 41 49
-0.006180 -0.164975 0.447000 25 60 73
-0.005035 -0.165345 0.448000 27 62 75
-0.003885 -0.165714 0.449000 14 58 74
-0.002730 -0.166083 0.450000 20 64 80
-0.001567 -0.166083 0.450000 16 62 82
-0.000404 -0.166452 0.451000 24 70 90
0.001937 -0.167190 0.453000 23 69 91
0.003122 -0.167928 0.455000 14 56 73
0.019134 -0.186382 0.505000 27 51 65
0.020440 -0.186382 0.505000 29 53 67
0.021746 -0.186382 0.505000 24 52 67
0.023051 -0.186382 0.505000 11 39 54
0.024357 -0.186382 0.505000 4 32 47
0.025663 -0.186382 0.505000 6 34 49
0.026969 -0.186382 0.505000 9 41 52
0.028330 -0.186751 0.506000 4 36 47
0.029697 -0.187120 0.507000 3 36 49
0.031069 -0.187489 0.508000 3 36 49
0.032510 -0.188227 0.510000 2 35 48
0.033895 -0.188596 0.511000 2 35 48
0.035286 -0.188965 0.512000 6 39 54
0.036681 -0.189334 0.513000 10 43 58
0.038156 -0.190072 0.515000 9 42 55
0.040977 -0.190811 0.517000 13 47 57
0.042396 -0.191180 0.518000 16 50 60
0.043820 -0.191549 0.519000 23 50 61
0.045162 -0.191549 0.519000 21 48 59
0.068066 -0.174571 0.473000 89 102 97
0.069289 -0.174571 0.473000 57 71 75
0.070363 -0.174202 0.472000 16 30 34
0.071431 -0.173833 0.471000 12 32 43
0.072341 -0.173095 0.469000 14 34 45
0.073240 -0.172357 0.467000 14 36 48
0.074288 -0.171988 0.466000 17 39 51
0.075331 -0.171619 0.465000 13 40 49
0.076369 -0.171250 0.464000 12 39 48
0.077401 -0.170881 0.463000 9 34 39
0.078429 -0.170512 0.462000 11 36 41
0.079623 -0.170512 0.462000 11 35 37
0.080643 -0.170142 0.461000 10 34 36
0.081835 -0.170142 0.461000 16 40 40
0.083027 -0.170142 0.461000 16 40 40
0.084036 -0.169773 0.460000 15 39 39
0.084855 -0.169035 0.458000 6 30 30
0.085851 -0.168666 0.457000 37 56 60
0.086843 -0.168297 0.456000 75 94 98
0.088022 -0.168297 0.456000 19 46 57
0.089005 -0.167928 0.455000 27 54 65
0.089983 -0.167559 0.454000 29 68 86
0.091157 -0.167559 0.454000 37 76 94
0.092331 -0.167559 0.454000 40 77 94
0.093505 -0.167559 0.454000 30 67 84
0.094470 -0.167190 0.453000 109 127 134
0.095431 -0.166821 0.452000 130 148 155
0.096386 -0.166452 0.451000 132 141 134
0.098555 -0.164237 0.445000 56 68 72
0.099034 -0.163130 0.442000 31 61 80
0.100177 -0.163130 0.442000 31 61 80
0.101319 -0.163130 0.442000 18 55 74
0.102462 -0.163130 0.442000 9 46 65
0.103605 -0.163130 0.442000 79 103 115
0.104748 -0.163130 0.442000 119 143 155
0.105891 -0.163130 0.442000 117 135 144
0.107276 -0.163499 0.443000 37 55 64
0.108421 -0.163499 0.443000 13 37 51
0.109567 -0.163499 0.443000 20 44 58
0.206868 -0.183798 0.498000 42 55 66
0.208156 -0.183798 0.498000 43 56 67
0.209444 -0.183798 0.498000 47 60 69
0.211155 -0.184167 0.499000 45 58 67
0.212019 -0.183798 0.498000 44 58 64
0.213307 -0.183798 0.498000 45 59 65
0.214594 -0.183798 0.498000 49 63 69
0.215882 -0.183798 0.498000 49 63 69
0.217170 -0.183798 0.498000 48 59 57
0.218457 -0.183798 0.498000 66 77 75
0.219745 -0.183798 0.498000 71 78 70
0.221033 -0.183798 0.498000 71 78 70
0.222320 -0.183798 0.498000 77 82 70
-0.310118 -0.165651 0.452000 72 73 62
-0.308949 -0.165651 0.452000 48 49 38
-0.307780 -0.165651 0.452000 32 35 36
-0.306611 -0.165651 0.452000 34 37 38
-0.306118 -0.166017 0.453000 29 37 36
-0.304947 -0.166017 0.453000 35 43 42
-0.303776 -0.166017 0.453000 39 50 46
-0.303273 -0.166383 0.454000 30 41 37
-0.302099 -0.166383 0.454000 26 37 33
-0.301588 -0.166750 0.455000 25 36 32
-0.300411 -0.166750 0.455000 26 37 37
-0.299892 -0.167116 0.456000 26 37 37
-0.298713 -0.167116 0.456000 18 27 37
-0.298187 -0.167483 0.457000 51 60 70
-0.297655 -0.167849 0.458000 136 142 144
-0.297765 -0.168582 0.460000 143 149 151
-0.297221 -0.168949 0.461000 143 144 140
-0.295476 -0.169315 0.462000 143 145 136
-0.295555 -0.170048 0.464000 142 144 135
-0.294420 -0.170781 0.466000 152 154 143
-0.293215 -0.170781 0.466000 108 112 105
-0.292636 -0.171148 0.467000 46 50 43
-0.291429 -0.171148 0.467000 22 30 29
-0.290221 -0.171148 0.467000 25 33 32
-0.289014 -0.171148 0.467000 31 40 33
-0.287806 -0.171148 0.467000 33 42 35
-0.286599 -0.171148 0.467000 36 48 38
-0.286002 -0.171514 0.468000 39 51 41
-0.284792 -0.171514 0.468000 37 49 39
-0.283582 -0.171514 0.468000 32 44 34
-0.282372 -0.171514 0.468000 29 43 32
-0.281162 -0.171514 0.468000 26 40 29
-0.040266 -0.171148 0.467000 21 68 85
-0.039059 -0.171148 0.467000 39 86 103
-0.037770 -0.170781 0.466000 25 73 95
-0.036565 -0.170781 0.466000 21 69 91
-0.012938 -0.161619 0.441000 21 46 53
-0.010706 -0.162352 0.443000 15 39 49
-0.009561 -0.162352 0.443000 7 31 41
-0.008434 -0.162719 0.444000 13 40 51
-0.007286 -0.162719 0.444000 20 47 58
-0.006152 -0.163085 0.445000 21 54 67
-0.005012 -0.163452 0.446000 16 49 62
-0.003868 -0.163818 0.447000 3 45 62
-0.002724 -0.164551 0.449000 23 65 82
-0.001567 -0.164918 0.450000 14 57 78
-0.000403 -0.164918 0.450000 33 76 97
0.001937 -0.166017 0.453000 14 57 78
0.019134 -0.185074 0.505000 20 48 63
0.020440 -0.185074 0.505000 16 44 59
0.021746 -0.185074 0.505000 8 36 51
0.023051 -0.185074 0.505000 5 33 48
0.024357 -0.185074 0.505000 3 31 46
0.025663 -0.185074 0.505000 5 33 48
0.027022 -0.185441 0.506000 11 39 54
0.028330 -0.185441 0.506000 8 36 51
0.029756 -0.186174 0.508000 9 37 52
0.031192 -0.186907 0.510000 10 38 53
0.032574 -0.187273 0.511000 8 39 53
0.033962 -0.187640 0.512000 10 41 55
0.035355 -0.188006 0.513000 13 44 58
0.036753 -0.188372 0.514000 14 45 59
0.039564 -0.189105 0.516000 14 45 59
0.041057 -0.189838 0.518000 16 48 57
0.042478 -0.190205 0.519000 15 47 56
0.043820 -0.190205 0.519000 32 53 61
0.068066 -0.173347 0.473000 89 101 93
0.069142 -0.172980 0.472000 96 107 105
0.070214 -0.172614 0.471000 89 100 98
0.071280 -0.172247 0.470000 47 61 67
0.072032 -0.171148 0.467000 20 34 40
0.073240 -0.171148 0.467000 11 31 44
0.074288 -0.170781 0.466000 17 37 50
0.075331 -0.170415 0.465000 14 38 50
0.076369 -0.170048 0.464000 14 38 50
0.077401 -0.169682 0.463000 15 39 49
0.078429 -0.169315 0.462000 12 36 46
0.079451 -0.168949 0.461000 11 36 43
0.080643 -0.168949 0.461000 11 36 43
0.081835 -0.168949 0.461000 12 38 40
0.082847 -0.168582 0.460000 14 40 42
0.083488 -0.167483 0.457000 15 41 43
0.084484 -0.167116 0.456000 13 39 41
0.085664 -0.167116 0.456000 12 34 37
0.086843 -0.167116 0.456000 26 48 51
0.087829 -0.166750 0.455000 20 45 52
0.088614 -0.166017 0.453000 20 45 52
0.089785 -0.166017 0.453000 29 66 83
0.090956 -0.166017 0.453000 37 74 91
0.091924 -0.165651 0.452000 39 76 93
0.093093 -0.165651 0.452000 37 74 91
0.093845 -0.164918 0.450000 93 114 120
0.095008 -0.164918 0.450000 135 156 162
0.097891 -0.161986 0.442000 89 101 103
0.099034 -0.161986 0.442000 29 61 79
0.100177 -0.161986 0.442000 27 59 77
0.101319 -0.161986 0.442000 17 56 74
0.102462 -0.161986 0.442000 11 50 68
0.103605 -0.161986 0.442000 66 93 104
0.104985 -0.162352 0.443000 98 125 136
0.106130 -0.162352 0.443000 79 95 103
0.107276 -0.162352 0.443000 25 41 49
0.108421 -0.162352 0.443000 16 38 50
0.110962 -0.162719 0.444000 20 48 63
0.112110 -0.162719 0.444000 25 53 68
0.210285 -0.183242 0.500000 42 54 68
0.211578 -0.183242 0.500000 44 56 70
0.212445 -0.182875 0.499000 42 58 68
0.213307 -0.182509 0.498000 42 58 68
0.214594 -0.182509 0.498000 45 62 65
0.215882 -0.182509 0.498000 45 62 65
0.217170 -0.182509 0.498000 50 63 60
0.218457 -0.182509 0.498000 56 69 66
0.219745 -0.182509 0.498000 62 71 62
0.221033 -0.182509 0.498000 69 78 69
0.222320 -0.182509 0.498000 72 80 69
-0.310118 -0.164480 0.452000 51 59 48
-0.308949 -0.164480 0.452000 26 34 23
-0.307780 -0.164480 0.452000 30 36 36
-0.306611 -0.164480 0.452000 33 39 39
-0.306118 -0.164844 0.453000 32 43 41
-0.304947 -0.164844 0.453000 38 49 47
-0.303776 -0.164844 0.453000 36 47 43
-0.303273 -0.165208 0.454000 26 37 33
-0.302099 -0.165208 0.454000 25 36 32
-0.301588 -0.165572 0.455000 25 36 32
-0.300411 -0.165572 0.455000 27 37 42
-0.299892 -0.165936 0.456000 23 33 38
-0.298713 -0.165936 0.456000 40 47 55
-0.298187 -0.166300 0.457000 120 127 135
-0.298955 -0.167391 0.460000 149 152 151
-0.297221 -0.167755 0.461000 140 141 135
-0.296671 -0.168119 0.462000 139 140 134
-0.295555 -0.168847 0.464000 140 142 133
-0.294990 -0.169211 0.465000 147 149 138
-0.294420 -0.169575 0.466000 121 123 112
-0.293215 -0.169575 0.466000 46 53 47
-0.292636 -0.169939 0.467000 30 37 31
-0.291429 -0.169939 0.467000 28 36 37
-0.290221 -0.169939 0.467000 28 36 37
-0.289014 -0.169939 0.467000 33 41 38
-0.287806 -0.169939 0.467000 39 47 44
-0.287212 -0.170302 0.468000 37 49 39
-0.286002 -0.170302 0.468000 37 49 39
-0.284792 -0.170302 0.468000 30 44 33
-0.283582 -0.170302 0.468000 26 40 29
-0.282372 -0.170302 0.468000 24 42 38
-0.041474 -0.169939 0.467000 54 83 93
-0.040266 -0.169939 0.467000 23 69 89
-0.039059 -0.169939 0.467000 43 89 109
-0.037770 -0.169575 0.466000 24 71 98
-0.008396 -0.160841 0.442000 18 45 56
-0.006124 -0.161205 0.443000 16 49 62
-0.004990 -0.161569 0.444000 15 48 61
-0.003851 -0.161933 0.445000 11 50 68
0.019134 -0.183767 0.505000 15 44 56
0.020440 -0.183767 0.505000 10 39 51
0.021746 -0.183767 0.505000 6 33 46
0.023051 -0.183767 0.505000 6 33 46
0.024357 -0.183767 0.505000 3 31 46
0.025714 -0.184130 0.506000 5 33 48
0.027022 -0.184130 0.506000 12 40 55
0.028386 -0.184494 0.507000 12 40 55
0.029814 -0.185222 0.509000 11 39 54
0.031253 -0.185950 0.511000 10 38 53
0.032638 -0.186314 0.512000 9 37 52
0.034028 -0.186678 0.513000 10 38 53
0.035424 -0.187042 0.514000 13 41 56
0.038230 -0.187769 0.516000 11 40 50
0.039717 -0.188497 0.518000 19 48 58
0.041136 -0.188861 0.519000 27 54 63
0.069915 -0.170666 0.469000 96 107 103
0.070976 -0.170302 0.468000 100 111 111
0.072032 -0.169939 0.467000 83 94 94
0.073240 -0.169939 0.467000 29 42 51
0.074288 -0.169575 0.466000 14 27 36
0.075169 -0.168847 0.464000 13 35 45
0.076204 -0.168483 0.463000 15 37 47
0.077234 -0.168119 0.462000 15 39 49
0.078259 -0.167755 0.461000 15 39 49
0.079451 -0.167755 0.461000 13 40 51
0.080468 -0.167391 0.460000 9 36 47
0.081302 -0.166664 0.458000 11 36 43
0.082306 -0.166300 0.457000 11 36 43
0.083305 -0.165936 0.456000 13 39 41
0.084299 -0.165572 0.455000 15 41 43
0.085476 -0.165572 0.455000 16 42 44
0.086462 -0.165208 0.454000 18 44 46
0.087443 -0.164844 0.453000 19 47 53
0.088027 -0.163752 0.450000 23 51 57
0.089191 -0.163752 0.450000 27 62 77
0.090354 -0.163752 0.450000 36 71 86
0.091518 -0.163752 0.450000 40 77 94
0.092681 -0.163752 0.450000 37 74 91
0.093636 -0.163388 0.449000 70 95 102
0.094375 -0.162661 0.447000 127 152 159
0.095317 -0.162297 0.446000 128 140 132
0.096254 -0.161933 0.445000 129 141 133
0.097405 -0.161933 0.445000 139 151 153
0.097891 -0.160841 0.442000 73 85 87
0.099034 -0.160841 0.442000 24 56 74
0.100177 -0.160841 0.442000 27 59 77
0.101319 -0.160841 0.442000 19 58 76
0.102694 -0.161205 0.443000 19 58 76
0.103840 -0.161205 0.443000 25 54 66
0.104985 -0.161205 0.443000 19 48 60
0.106130 -0.161205 0.443000 26 44 51
0.107276 -0.161205 0.443000 26 44 51
0.109814 -0.161569 0.444000 17 37 48
0.110962 -0.161569 0.444000 13 42 54
0.112110 -0.161569 0.444000 17 46 58
0.113258 -0.161569 0.444000 29 60 74
0.115554 -0.161569 0.444000 31 60 68
0.212001 -0.182311 0.501000 44 55 66
0.212871 -0.181947 0.500000 43 58 71
0.213735 -0.181583 0.499000 42 57 70
0.214594 -0.181219 0.498000 43 60 65
0.215882 -0.181219 0.498000 46 63 68
0.217170 -0.181219 0.498000 48 63 62
0.218457 -0.181219 0.498000 47 62 61
0.219745 -0.181219 0.498000 53 65 57
0.221033 -0.181219 0.498000 55 67 59
0.223608 -0.181219 0.498000 72 82 70
0.225347 -0.181583 0.499000 67 74 66
-0.310598 -0.162949 0.451000 50 55 43
-0.309432 -0.162949 0.451000 27 36 29
-0.308949 -0.163310 0.452000 26 35 28
-0.307780 -0.163310 0.452000 25 36 34
-0.306611 -0.163310 0.452000 31 42 40
-0.306118 -0.163671 0.453000 38 49 47
-0.304947 -0.163671 0.453000 38 49 47
-0.303776 -0.163671 0.453000 25 36 34
-0.303273 -0.164032 0.454000 26 37 35
-0.302099 -0.164032 0.454000 23 34 34
-0.301588 -0.164394 0.455000 23 34 34
-0.300411 -0.164394 0.455000 17 26 36
-0.299892 -0.164755 0.456000 25 34 44
-0.299368 -0.165116 0.457000 101 106 111
-0.298839 -0.165478 0.458000 148 153 158
-0.298955 -0.166200 0.460000 143 143 139
-0.297221 -0.166562 0.461000 141 141 135
-0.295555 -0.167645 0.464000 144 146 135
-0.294990 -0.168007 0.465000 120 125 111
-0.294420 -0.168368 0.466000 59 64 50
-0.293215 -0.168368 0.466000 27 33 31
-0.292636 -0.168729 0.467000 29 35 33
-0.291429 -0.168729 0.467000 27 35 36
-0.290221 -0.168729 0.467000 33 41 42
-0.289014 -0.168729 0.467000 38 46 45
-0.287806 -0.168729 0.467000 41 49 48
-0.286599 -0.168729 0.467000 37 49 41
-0.286002 -0.169091 0.468000 34 46 38
-0.214436 -0.185711 0.514000 140 142 133
-0.041474 -0.168729 0.467000 46 75 85
-0.040180 -0.168368 0.466000 26 72 94
-0.039059 -0.168729 0.467000 38 84 106
-0.037851 -0.168729 0.467000 16 65 93
-0.035360 -0.168368 0.466000 22 72 93
-0.011744 -0.158613 0.439000 7 31 43
-0.010609 -0.158613 0.439000 5 32 43
-0.009474 -0.158613 0.439000 12 39 50
-0.008358 -0.158974 0.440000 18 47 57
-0.007220 -0.158974 0.440000 18 47 57
-0.006097 -0.159335 0.441000 14 47 60
-0.004968 -0.159697 0.442000 20 53 66
0.019134 -0.182459 0.505000 14 38 48
0.020440 -0.182459 0.505000 35 59 69
0.021746 -0.182459 0.505000 18 40 50
0.023051 -0.182459 0.505000 3 25 35
0.024357 -0.182459 0.505000 0 24 36
0.025714 -0.182820 0.506000 5 29 41
0.027022 -0.182820 0.506000 3 32 44
0.028442 -0.183543 0.508000 3 32 44
0.029932 -0.184627 0.511000 5 32 45
0.031314 -0.184988 0.512000 11 38 51
0.032702 -0.185349 0.513000 18 42 56
0.034094 -0.185711 0.514000 14 38 52
0.036896 -0.186433 0.516000 28 52 64
0.073083 -0.168368 0.466000 91 101 104
0.074128 -0.168007 0.465000 57 67 70
0.075169 -0.167645 0.464000 20 36 46
0.076039 -0.166923 0.462000 13 29 39
0.077234 -0.166923 0.462000 13 37 49
0.078259 -0.166562 0.461000 14 38 50
0.079278 -0.166200 0.460000 14 41 52
0.079943 -0.165116 0.457000 14 41 52
0.080947 -0.164755 0.456000 10 37 46
0.081946 -0.164394 0.455000 7 34 43
0.083123 -0.164394 0.455000 10 38 42
0.084114 -0.164032 0.454000 11 39 43
0.085100 -0.163671 0.453000 13 42 43
0.085700 -0.162587 0.450000 13 42 43
0.086863 -0.162587 0.450000 19 48 56
0.087831 -0.162226 0.449000 23 52 60
0.088992 -0.162226 0.449000 23 60 77
0.089953 -0.161865 0.448000 34 71 88
0.090908 -0.161503 0.447000 42 81 97
0.092063 -0.161503 0.447000 38 77 93
0.093011 -0.161142 0.446000 49 81 88
0.093953 -0.160781 0.445000 107 139 146
0.096038 -0.160419 0.444000 128 146 140
0.097186 -0.160419 0.444000 117 133 141
0.097891 -0.159697 0.442000 52 68 76
0.100177 -0.159697 0.442000 29 61 81
0.102694 -0.160058 0.443000 17 54 73
0.103840 -0.160058 0.443000 11 43 54
0.104985 -0.160058 0.443000 23 55 66
0.106130 -0.160058 0.443000 37 60 67
0.108666 -0.160419 0.444000 40 57 69
0.109814 -0.160419 0.444000 16 33 45
0.110962 -0.160419 0.444000 12 41 53
0.112110 -0.160419 0.444000 16 45 57
0.113258 -0.160419 0.444000 20 53 66
0.114406 -0.160419 0.444000 27 60 73
0.115554 -0.160419 0.444000 32 61 71
0.116965 -0.160781 0.445000 32 61 71
0.212871 -0.180652 0.500000 39 54 67
0.214163 -0.180652 0.500000 41 56 69
0.215025 -0.180291 0.499000 41 59 68
0.215882 -0.179930 0.498000 42 60 69
0.217170 -0.179930 0.498000 41 61 58
0.220186 -0.180291 0.499000 45 61 52
0.221033 -0.179930 0.498000 49 65 56
0.222320 -0.179930 0.498000 58 70 60
0.225347 -0.180291 0.499000 74 85 81
0.226638 -0.180291 0.499000 67 78 74
0.227928 -0.180291 0.499000 115 121 119
-0.311764 -0.161781 0.451000 57 65 54
-0.310598 -0.161781 0.451000 40 48 37
-0.309432 -0.161781 0.451000 27 38 34
-0.308949 -0.162140 0.452000 26 37 33
-0.307780 -0.162140 0.452000 26 37 33
-0.306611 -0.162140 0.452000 33 44 40
-0.306118 -0.162498 0.453000 38 49 45
-0.304947 -0.162498 0.453000 30 41 37
-0.303776 -0.162498 0.453000 25 36 34
-0.303273 -0.162857 0.454000 24 35 33
-0.302099 -0.162857 0.454000 22 34 38
-0.301588 -0.163216 0.455000 19 31 35
-0.301071 -0.163574 0.456000 24 34 41
-0.299892 -0.163574 0.456000 84 94 101
-0.299368 -0.163933 0.457000 147 147 151
-0.299492 -0.164651 0.459000 143 143 147
-0.298413 -0.165368 0.461000 140 140 136
-0.295555 -0.166444 0.464000 140 145 133
-0.294990 -0.166803 0.465000 79 87 74
-0.294420 -0.167162 0.466000 32 40 27
-0.293215 -0.167162 0.466000 27 35 32
-0.292010 -0.167162 0.466000 29 37 34
-0.291429 -0.167520 0.467000 28 36 37
-0.290221 -0.167520 0.467000 36 44 45
-0.289014 -0.167520 0.467000 41 49 50
-0.287806 -0.167520 0.467000 41 49 50
-0.286599 -0.167520 0.467000 34 45 43
-0.286002 -0.167879 0.468000 31 42 40
-0.216672 -0.184021 0.513000 138 140 131
-0.215345 -0.184021 0.513000 140 142 133
-0.214019 -0.184021 0.513000 142 144 135
-0.211778 -0.184380 0.514000 133 135 126
-0.210449 -0.184380 0.514000 132 134 125
-0.041385 -0.167162 0.466000 38 69 83
-0.040180 -0.167162 0.466000 25 72 99
-0.039059 -0.167520 0.467000 38 85 112
-0.037851 -0.167520 0.467000 13 65 92
-0.036644 -0.167520 0.467000 18 70 97
-0.035360 -0.167162 0.466000 23 75 98
-0.012792 -0.156400 0.436000 7 34 45
-0.011691 -0.156759 0.437000 3 30 41
-0.010585 -0.157117 0.438000 10 37 48
-0.009453 -0.157117 0.438000 14 41 52
-0.008339 -0.157476 0.439000 16 45 57
-0.007204 -0.157476 0.439000 12 41 53
-0.006069 -0.157476 0.439000 11 46 61
-0.004934 -0.157476 0.439000 20 55 70
0.019134 -0.181151 0.505000 62 81 85
0.020440 -0.181151 0.505000 68 87 91
0.021746 -0.181151 0.505000 65 82 87
0.023051 -0.181151 0.505000 42 59 64
0.024357 -0.181151 0.505000 14 32 39
0.025714 -0.181510 0.506000 21 39 46
0.027129 -0.182228 0.508000 35 58 65
0.028554 -0.182945 0.510000 42 65 72
0.029990 -0.183662 0.512000 45 67 77
0.031314 -0.183662 0.512000 48 70 80
0.073969 -0.166444 0.464000 89 100 100
0.075007 -0.166085 0.463000 74 88 92
0.076039 -0.165727 0.462000 37 51 55
0.077067 -0.165368 0.461000 10 30 41
0.078259 -0.165368 0.461000 12 32 43
0.078761 -0.163933 0.457000 15 39 51
0.079768 -0.163574 0.456000 16 40 52
0.080770 -0.163216 0.455000 16 40 52
0.081766 -0.162857 0.454000 14 38 50
0.082757 -0.162498 0.453000 14 39 46
0.083373 -0.161422 0.450000 13 38 45
0.084536 -0.161422 0.450000 12 40 46
0.085509 -0.161063 0.449000 13 41 47
0.086477 -0.160705 0.448000 15 44 54
0.087440 -0.160346 0.447000 20 49 59
0.088398 -0.159987 0.446000 23 61 75
0.089350 -0.159628 0.445000 29 67 81
0.090501 -0.159628 0.445000 37 79 96
0.091445 -0.159270 0.444000 41 83 100
0.093742 -0.159270 0.444000 81 116 129
0.095821 -0.158911 0.443000 94 117 122
0.096748 -0.158552 0.442000 55 77 91
0.097891 -0.158552 0.442000 38 60 74
0.099034 -0.158552 0.442000 31 63 81
0.101549 -0.158911 0.443000 21 56 71
0.102694 -0.158911 0.443000 0 34 49
0.103840 -0.158911 0.443000 2 34 45
0.104985 -0.158911 0.443000 20 52 63
0.107518 -0.159270 0.444000 36 60 70
0.108666 -0.159270 0.444000 37 57 68
0.109814 -0.159270 0.444000 12 32 43
0.110962 -0.159270 0.444000 12 39 48
0.112110 -0.159270 0.444000 13 40 49
0.113258 -0.159270 0.444000 14 48 58
0.114406 -0.159270 0.444000 26 60 70
0.115815 -0.159628 0.445000 27 56 66
0.116965 -0.159628 0.445000 25 54 64
0.215887 -0.179717 0.501000 42 60 69
0.216316 -0.178999 0.499000 44 62 71
0.217606 -0.178999 0.499000 42 62 59
0.218896 -0.178999 0.499000 44 64 61
0.220186 -0.178999 0.499000 43 61 55
0.221477 -0.178999 0.499000 47 65 59
0.222767 -0.178999 0.499000 50 66 57
0.224057 -0.178999 0.499000 54 70 61
0.225347 -0.178999 0.499000 69 82 81
0.226638 -0.178999 0.499000 71 84 83
0.227928 -0.178999 0.499000 71 79 80
-0.312930 -0.160613 0.451000 90 91 80
-0.311764 -0.160613 0.451000 52 61 54
-0.310598 -0.160613 0.451000 24 33 26
-0.310118 -0.160969 0.452000 26 37 35
-0.308949 -0.160969 0.452000 27 38 36
-0.307780 -0.160969 0.452000 35 44 37
-0.306611 -0.160969 0.452000 39 48 41
-0.306118 -0.161325 0.453000 34 45 41
-0.304947 -0.161325 0.453000 27 38 34
-0.303776 -0.161325 0.453000 23 36 31
-0.303273 -0.161681 0.454000 22 35 30
-0.302764 -0.162038 0.455000 19 31 35
-0.301588 -0.162038 0.455000 18 30 34
-0.301071 -0.162394 0.456000 70 75 82
-0.300550 -0.162750 0.457000 140 145 152
-0.300023 -0.163106 0.458000 144 147 148
-0.300144 -0.163818 0.460000 138 141 142
-0.298413 -0.164174 0.461000 140 140 140
-0.296192 -0.165599 0.465000 85 90 78
-0.294990 -0.165599 0.465000 31 40 31
-0.294420 -0.165955 0.466000 24 33 24
-0.293215 -0.165955 0.466000 27 38 36
-0.292010 -0.165955 0.466000 29 40 38
-0.290805 -0.165955 0.466000 32 42 45
-0.290221 -0.166311 0.467000 37 47 50
-0.289014 -0.166311 0.467000 44 55 55
-0.287806 -0.166311 0.467000 37 48 48
-0.286599 -0.166311 0.467000 31 42 42
-0.216672 -0.182693 0.513000 138 140 131
-0.215345 -0.182693 0.513000 142 144 135
-0.214019 -0.182693 0.513000 139 141 132
-0.212692 -0.182693 0.513000 137 139 130
-0.211366 -0.182693 0.513000 132 133 127
-0.210039 -0.182693 0.513000 132 133 127
-0.208713 -0.182693 0.513000 133 138 128
-0.041385 -0.165955 0.466000 29 62 77
-0.040180 -0.165955 0.466000 21 68 95
-0.037851 -0.166311 0.467000 15 67 94
-0.034229 -0.166311 0.467000 13 62 86
-0.013887 -0.154915 0.435000 20 54 64
-0.012762 -0.154915 0.435000 0 26 37
-0.011664 -0.155271 0.436000 4 31 42
-0.010537 -0.155271 0.436000 14 38 50
-0.009431 -0.155627 0.437000 16 40 52
-0.008301 -0.155627 0.437000 9 36 47
-0.007171 -0.155627 0.437000 3 30 41
-0.006041 -0.155627 0.437000 15 50 63
-0.004911 -0.155627 0.437000 20 55 68
0.076039 -0.164530 0.462000 83 96 95
0.077067 -0.164174 0.461000 65 79 81
0.077580 -0.162750 0.457000 33 47 49
0.078589 -0.162394 0.456000 9 29 40
0.079593 -0.162038 0.455000 16 36 47
0.080415 -0.161325 0.453000 17 39 49
0.081406 -0.160969 0.452000 18 40 50
0.082392 -0.160613 0.451000 15 40 47
0.083373 -0.160257 0.450000 13 38 45
0.084348 -0.159901 0.449000 14 39 46
0.085129 -0.159189 0.447000 15 40 47
0.086091 -0.158832 0.446000 14 41 52
0.087049 -0.158476 0.445000 20 47 58
0.088949 -0.157764 0.443000 24 61 78
0.089891 -0.157408 0.442000 37 79 94
0.091034 -0.157408 0.442000 35 77 92
0.091968 -0.157052 0.441000 40 80 93
0.095389 -0.157052 0.441000 23 51 66
0.096529 -0.157052 0.441000 32 59 79
0.099034 -0.157408 0.442000 29 63 83
0.100177 -0.157408 0.442000 31 65 85
0.102694 -0.157764 0.443000 0 29 44
0.105222 -0.158120 0.444000 9 38 50
0.106370 -0.158120 0.444000 33 57 69
0.107518 -0.158120 0.444000 34 58 70
0.108666 -0.158120 0.444000 37 59 69
0.109814 -0.158120 0.444000 21 43 53
0.110962 -0.158120 0.444000 13 37 47
0.112110 -0.158120 0.444000 14 38 48
0.113513 -0.158476 0.445000 14 48 56
0.114406 -0.158120 0.444000 23 57 65
0.115815 -0.158476 0.445000 26 55 63
0.116965 -0.158476 0.445000 23 52 60
0.217180 -0.179488 0.504000 45 58 67
0.217183 -0.178419 0.501000 45 58 67
0.217606 -0.177707 0.499000 46 63 66
0.218896 -0.177707 0.499000 43 60 63
0.220186 -0.177707 0.499000 41 59 55
0.221477 -0.177707 0.499000 45 63 59
0.222767 -0.177707 0.499000 42 62 57
0.224057 -0.177707 0.499000 47 67 62
0.225347 -0.177707 0.499000 54 71 72
0.226638 -0.177707 0.499000 67 84 85
0.227928 -0.177707 0.499000 74 84 87
-0.312930 -0.159445 0.451000 62 63 52
-0.311764 -0.159445 0.451000 35 43 42
-0.310598 -0.159445 0.451000 22 30 29
-0.309432 -0.159445 0.451000 28 36 35
-0.308949 -0.159799 0.452000 33 41 40
-0.307780 -0.159799 0.452000 39 48 39
-0.306611 -0.159799 0.452000 39 48 39
-0.306118 -0.160152 0.453000 28 42 33
-0.304947 -0.160152 0.453000 23 37 28
-0.304446 -0.160506 0.454000 22 35 30
-0.303273 -0.160506 0.454000 22 35 30
-0.302764 -0.160859 0.455000 20 25 30
-0.302250 -0.161213 0.456000 42 47 52
-0.301071 -0.161213 0.456000 129 132 135
-0.301208 -0.161920 0.458000 144 147 150
-0.300678 -0.162274 0.459000 136 139 138
-0.299605 -0.162981 0.461000 137 141 136
-0.298413 -0.162981 0.461000 136 140 135
-0.297865 -0.163334 0.462000 132 140 129
-0.297313 -0.163688 0.463000 140 148 137
-0.296755 -0.164041 0.464000 111 119 108
-0.296192 -0.164395 0.465000 36 44 33
-0.295624 -0.164748 0.466000 24 32 33
-0.294420 -0.164748 0.466000 28 36 37
-0.293215 -0.164748 0.466000 30 42 44
-0.292010 -0.164748 0.466000 35 47 49
-0.290805 -0.164748 0.466000 37 49 53
-0.290221 -0.165102 0.467000 39 51 55
-0.289014 -0.165102 0.467000 38 50 52
-0.287806 -0.165102 0.467000 33 45 47
-0.217573 -0.181011 0.512000 139 141 132
-0.216672 -0.181365 0.513000 139 140 134
-0.215345 -0.181365 0.513000 142 143 137
-0.214019 -0.181365 0.513000 135 139 132
-0.212278 -0.181011 0.512000 133 137 130
-0.211366 -0.181365 0.513000 129 133 126
-0.210039 -0.181365 0.513000 130 134 127
-0.016099 -0.153435 0.434000 16 40 52
-0.014977 -0.153435 0.434000 16 50 60
-0.013855 -0.153435 0.434000 8 42 52
-0.012762 -0.153789 0.435000 2 31 41
-0.011637 -0.153789 0.435000 10 39 49
-0.010513 -0.153789 0.435000 16 40 50
-0.009388 -0.153789 0.435000 15 39 49
-0.008263 -0.153789 0.435000 5 32 41
-0.007138 -0.153789 0.435000 0 26 35
-0.006000 -0.153435 0.434000 21 54 67
-0.004878 -0.153435 0.434000 17 50 63
0.077580 -0.161567 0.457000 88 99 97
0.078589 -0.161213 0.456000 43 57 61
0.079418 -0.160506 0.454000 14 28 32
0.080237 -0.159799 0.452000 19 37 46
0.081226 -0.159445 0.451000 19 37 46
0.082209 -0.159092 0.450000 15 38 43
0.083188 -0.158738 0.449000 15 38 43
0.083973 -0.158031 0.447000 15 38 43
0.084938 -0.157678 0.446000 16 39 44
0.085898 -0.157324 0.445000 16 43 54
0.087407 -0.155910 0.441000 12 50 64
0.088547 -0.155910 0.441000 23 61 75
0.089484 -0.155556 0.440000 35 77 92
0.090622 -0.155556 0.440000 35 77 92
0.091759 -0.155556 0.440000 42 81 97
0.100177 -0.156263 0.442000 27 64 83
0.102694 -0.156617 0.443000 0 33 48
0.105222 -0.156971 0.444000 5 32 45
0.106370 -0.156971 0.444000 25 52 63
0.107518 -0.156971 0.444000 34 61 72
0.108666 -0.156971 0.444000 30 54 64
0.109814 -0.156971 0.444000 21 45 55
0.110962 -0.156971 0.444000 15 39 49
0.112110 -0.156971 0.444000 14 38 48
0.113513 -0.157324 0.445000 13 47 55
0.114664 -0.157324 0.445000 19 53 61
0.115815 -0.157324 0.445000 31 60 68
0.116965 -0.157324 0.445000 38 67 75
0.218050 -0.177829 0.503000 50 60 65
0.218042 -0.176769 0.500000 47 58 67
0.218896 -0.176415 0.499000 49 60 69
0.220186 -0.176415 0.499000 42 59 62
0.221477 -0.176415 0.499000 43 60 63
0.222767 -0.176415 0.499000 40 62 63
0.224057 -0.176415 0.499000 42 64 65
0.225347 -0.176415 0.499000 48 67 69
0.226638 -0.176415 0.499000 49 68 70
0.227928 -0.176415 0.499000 72 84 86
0.229218 -0.176415 0.499000 67 79 81
0.230508 -0.176415 0.499000 79 87 86
-0.314096 -0.158278 0.451000 69 74 64
-0.312930 -0.158278 0.451000 44 49 39
-0.311764 -0.158278 0.451000 29 37 34
-0.310598 -0.158278 0.451000 25 33 30
-0.310118 -0.158629 0.452000 29 38 31
-0.308949 -0.158629 0.452000 36 45 38
-0.307780 -0.158629 0.452000 42 49 41
-0.307290 -0.158979 0.453000 34 41 33
-0.306118 -0.158979 0.453000 25 39 28
-0.305620 -0.159330 0.454000 22 36 25
-0.304446 -0.159330 0.454000 18 31 28
-0.303429 -0.160032 0.456000 31 34 37
-0.302250 -0.160032 0.456000 108 111 114
-0.301732 -0.160383 0.457000 144 144 146
-0.301865 -0.161085 0.459000 139 139 141
-0.301333 -0.161436 0.460000 142 143 139
-0.300797 -0.161787 0.461000 140 141 137
-0.299060 -0.162138 0.462000 136 137 131
-0.298510 -0.162489 0.463000 136 144 133
-0.297955 -0.162840 0.464000 131 139 128
-0.297395 -0.163191 0.465000 59 71 63
-0.296192 -0.163191 0.465000 22 34 26
-0.294990 -0.163191 0.465000 29 39 42
-0.294420 -0.163542 0.466000 29 39 42
-0.293215 -0.163542 0.466000 31 43 45
-0.292010 -0.163542 0.466000 38 50 52
-0.290805 -0.163542 0.466000 40 52 54
-0.290221 -0.163893 0.467000 40 52 54
-0.289014 -0.163893 0.467000 35 48 47
-0.217573 -0.179685 0.512000 140 142 133
-0.216249 -0.179685 0.512000 143 144 138
-0.214925 -0.179685 0.512000 138 139 133
-0.213601 -0.179685 0.512000 133 137 130
-0.212278 -0.179685 0.512000 133 137 130
-0.210954 -0.179685 0.512000 129 133 126
-0.209630 -0.179685 0.512000 134 138 131
-0.042590 -0.163542 0.466000 42 81 97
-0.016099 -0.152311 0.434000 17 46 58
-0.014977 -0.152311 0.434000 17 50 63
-0.013855 -0.152311 0.434000 0 31 44
-0.012733 -0.152311 0.434000 7 34 45
-0.011611 -0.152311 0.434000 13 40 51
-0.010489 -0.152311 0.434000 22 44 54
-0.009366 -0.152311 0.434000 14 36 46
-0.008244 -0.152311 0.434000 0 25 34
-0.007122 -0.152311 0.434000 17 44 53
-0.006000 -0.152311 0.434000 24 56 67
-0.004878 -0.152311 0.434000 15 47 58
-0.003747 -0.151961 0.433000 21 56 71
-0.002621 -0.151610 0.432000 29 64 79
-0.001501 -0.151259 0.431000 23 61 75
0.078417 -0.159681 0.455000 83 94 94
0.079243 -0.158979 0.453000 54 65 65
0.080060 -0.158278 0.451000 15 32 35
0.081046 -0.157927 0.450000 17 34 37
0.082027 -0.157576 0.449000 15 36 42
0.083002 -0.157225 0.448000 14 35 41
0.083785 -0.156523 0.446000 13 36 41
0.084748 -0.156172 0.445000 13 36 41
0.085705 -0.155821 0.444000 14 38 48
0.086266 -0.154768 0.441000 16 40 50
0.087209 -0.154417 0.440000 8 43 56
0.088145 -0.154066 0.439000 24 59 72
0.089281 -0.154066 0.439000 32 71 89
0.090416 -0.154066 0.439000 37 76 94
0.091551 -0.154066 0.439000 38 77 95
0.099034 -0.155119 0.442000 28 67 85
0.100177 -0.155119 0.442000 25 64 82
0.102694 -0.155470 0.443000 14 45 61
0.103840 -0.155470 0.443000 7 31 43
0.105222 -0.155821 0.444000 6 30 42
0.106370 -0.155821 0.444000 26 53 64
0.107518 -0.155821 0.444000 39 66 77
0.108666 -0.155821 0.444000 24 51 62
0.109814 -0.155821 0.444000 18 45 56
0.111212 -0.156172 0.445000 16 40 52
0.112363 -0.156172 0.445000 15 39 51
0.113513 -0.156172 0.445000 11 43 52
0.114664 -0.156172 0.445000 14 46 55
0.115815 -0.156172 0.445000 32 59 68
0.116965 -0.156172 0.445000 70 97 106
0.218914 -0.176176 0.502000 50 60 67
0.219335 -0.175474 0.500000 46 56 63
0.220186 -0.175123 0.499000 43 59 67
0.221477 -0.175123 0.499000 43 59 67
0.222767 -0.175123 0.499000 40 62 63
0.224057 -0.175123 0.499000 42 64 65
0.225347 -0.175123 0.499000 46 65 67
0.226638 -0.175123 0.499000 46 65 67
0.227928 -0.175123 0.499000 57 72 71
0.229218 -0.175123 0.499000 70 85 84
0.230508 -0.175123 0.499000 67 80 75
-0.313400 -0.156761 0.450000 60 65 53
-0.312930 -0.157110 0.451000 38 43 31
-0.311764 -0.157110 0.451000 23 30 24
-0.310598 -0.157110 0.451000 28 35 29
-0.310118 -0.157458 0.452000 29 36 30
-0.308949 -0.157458 0.452000 43 50 44
-0.308461 -0.157807 0.453000 39 48 39
-0.307968 -0.158155 0.454000 29 38 29
-0.306794 -0.158155 0.454000 22 36 25
-0.306294 -0.158503 0.455000 22 36 25
-0.304239 -0.159897 0.459000 141 144 147
-0.303712 -0.160245 0.460000 143 142 142
-0.299707 -0.161290 0.463000 138 139 130
-0.298510 -0.161290 0.463000 140 148 133
-0.297955 -0.161638 0.464000 93 101 86
-0.297395 -0.161987 0.465000 28 41 36
-0.296192 -0.161987 0.465000 22 35 30
-0.294990 -0.161987 0.465000 28 40 42
-0.294420 -0.162335 0.466000 29 41 43
-0.293215 -0.162335 0.466000 33 46 45
-0.292010 -0.162335 0.466000 38 51 50
-0.290805 -0.162335 0.466000 36 51 48
-0.217573 -0.178360 0.512000 137 141 134
-0.216249 -0.178360 0.512000 140 144 137
-0.214925 -0.178360 0.512000 135 139 132
-0.213601 -0.178360 0.512000 135 136 130
-0.212278 -0.178360 0.512000 131 132 126
-0.210954 -0.178360 0.512000 135 136 130
-0.042590 -0.162335 0.466000 30 69 85
-0.016099 -0.151188 0.434000 16 47 61
-0.014977 -0.151188 0.434000 12 45 58
-0.013855 -0.151188 0.434000 0 27 40
-0.012733 -0.151188 0.434000 11 38 49
-0.011611 -0.151188 0.434000 14 41 52
-0.010489 -0.151188 0.434000 19 43 55
-0.009366 -0.151188 0.434000 5 29 41
-0.008244 -0.151188 0.434000 1 25 37
-0.007122 -0.151188 0.434000 34 58 70
-0.005986 -0.150839 0.433000 21 53 64
-0.004866 -0.150839 0.433000 13 45 56
-0.003738 -0.150491 0.432000 9 42 55
-0.002621 -0.150491 0.432000 34 67 80
-0.001501 -0.150143 0.431000 24 62 76
0.079418 -0.158155 0.454000 81 90 83
0.080060 -0.157110 0.451000 61 75 77
0.081046 -0.156761 0.450000 20 34 36
0.081844 -0.156065 0.448000 12 34 37
0.082817 -0.155716 0.447000 12 34 37
0.083597 -0.155020 0.445000 11 35 37
0.084557 -0.154671 0.444000 13 37 39
0.085126 -0.153626 0.441000 14 39 46
0.086071 -0.153278 0.440000 15 40 47
0.087010 -0.152930 0.439000 12 45 58
0.088145 -0.152930 0.439000 23 56 69
0.089077 -0.152581 0.438000 25 64 82
0.090210 -0.152581 0.438000 38 77 95
0.091342 -0.152581 0.438000 36 78 97
0.102694 -0.154323 0.443000 19 47 62
0.103840 -0.154323 0.443000 9 33 45
0.105222 -0.154671 0.444000 9 33 45
0.106370 -0.154671 0.444000 14 41 52
0.107518 -0.154671 0.444000 37 64 75
0.108666 -0.154671 0.444000 34 63 73
0.109814 -0.154671 0.444000 23 52 62
0.111212 -0.155020 0.445000 18 45 56
0.112363 -0.155020 0.445000 11 38 49
0.113513 -0.155020 0.445000 12 41 53
0.114664 -0.155020 0.445000 11 40 52
0.115815 -0.155020 0.445000 20 49 59
0.219773 -0.174528 0.501000 50 57 61
0.220628 -0.174179 0.500000 41 57 67
0.221920 -0.174179 0.500000 43 59 69
0.223213 -0.174179 0.500000 44 63 65
0.224506 -0.174179 0.500000 45 64 66
0.225799 -0.174179 0.500000 47 66 66
0.226638 -0.173831 0.499000 47 66 66
0.227928 -0.173831 0.499000 48 66 64
0.229218 -0.173831 0.499000 59 77 75
0.232263 -0.174179 0.500000 65 78 73
0.233556 -0.174179 0.500000 116 125 116
-0.314563 -0.155596 0.450000 71 73 60
-0.313400 -0.155596 0.450000 46 54 43
-0.312930 -0.155942 0.451000 33 41 30
-0.311764 -0.155942 0.451000 28 35 27
-0.310598 -0.155942 0.451000 34 41 33
-0.310118 -0.156288 0.452000 39 46 40
-0.308949 -0.156288 0.452000 41 48 42
-0.308461 -0.156634 0.453000 30 42 34
-0.307968 -0.156979 0.454000 25 37 29
-0.307470 -0.157325 0.455000 22 35 30
-0.306294 -0.157325 0.455000 23 36 31
-0.305788 -0.157671 0.456000 19 28 38
-0.304760 -0.158362 0.458000 131 131 135
-0.304902 -0.159054 0.460000 142 142 146
-0.299707 -0.160091 0.463000 143 141 131
-0.299155 -0.160437 0.464000 115 120 108
-0.297955 -0.160437 0.464000 38 43 31
-0.297395 -0.160783 0.465000 24 37 32
-0.296192 -0.160783 0.465000 24 37 32
-0.294990 -0.160783 0.465000 27 42 41
-0.294420 -0.161129 0.466000 29 44 43
-0.293215 -0.161129 0.466000 40 53 50
-0.292010 -0.161129 0.466000 38 51 48
-0.218469 -0.176688 0.511000 138 143 133
-0.217148 -0.176688 0.511000 140 145 135
-0.215827 -0.176688 0.511000 138 143 133
-0.214506 -0.176688 0.511000 134 139 129
-0.213601 -0.177034 0.512000 135 136 130
-0.211863 -0.176688 0.511000 132 133 127
-0.210542 -0.176688 0.511000 137 138 132
-0.042681 -0.161474 0.467000 32 71 87
-0.041385 -0.161129 0.466000 12 51 67
-0.040180 -0.161129 0.466000 27 81 103
-0.038975 -0.161129 0.466000 20 74 96
-0.037770 -0.161129 0.466000 8 58 79
-0.036565 -0.161129 0.466000 13 63 84
-0.034155 -0.161129 0.466000 8 43 58
-0.016099 -0.150064 0.434000 10 47 64
-0.014977 -0.150064 0.434000 7 40 53
-0.013855 -0.150064 0.434000 2 35 48
-0.012733 -0.150064 0.434000 13 40 51
-0.011611 -0.150064 0.434000 16 43 54
-0.010489 -0.150064 0.434000 13 37 49
-0.009366 -0.150064 0.434000 9 33 45
-0.008244 -0.150064 0.434000 0 27 38
-0.007106 -0.149718 0.433000 33 60 71
-0.005986 -0.149718 0.433000 14 46 57
-0.004866 -0.149718 0.433000 11 43 54
-0.003738 -0.149372 0.432000 8 41 54
-0.002615 -0.149027 0.431000 29 62 75
0.080592 -0.156979 0.454000 70 85 84
0.081226 -0.155942 0.451000 45 60 59
0.082027 -0.155251 0.449000 11 30 32
0.082632 -0.154213 0.446000 11 30 32
0.083597 -0.153867 0.445000 11 35 35
0.083986 -0.152484 0.441000 13 37 37
0.084933 -0.152139 0.440000 13 38 43
0.085875 -0.151793 0.439000 16 41 46
0.087010 -0.151793 0.439000 13 46 59
0.087945 -0.151447 0.438000 20 53 66
0.088874 -0.151101 0.437000 25 64 84
0.090004 -0.151101 0.437000 35 74 94
0.110061 -0.153867 0.445000 59 88 98
0.111212 -0.153867 0.445000 78 105 116
0.112363 -0.153867 0.445000 21 48 59
0.113513 -0.153867 0.445000 11 40 52
0.114664 -0.153867 0.445000 13 42 54
0.221089 -0.174268 0.504000 121 124 125
0.221510 -0.173576 0.502000 51 64 73
0.222364 -0.173231 0.501000 41 54 63
0.223213 -0.172885 0.500000 42 60 67
0.224506 -0.172885 0.500000 45 63 70
0.225799 -0.172885 0.500000 42 61 61
0.227092 -0.172885 0.500000 42 61 61
0.227928 -0.172539 0.499000 48 66 64
0.229218 -0.172539 0.499000 50 68 66
0.230508 -0.172539 0.499000 62 77 72
0.233556 -0.172885 0.500000 66 78 68
0.235318 -0.173231 0.501000 121 133 123
-0.314563 -0.154431 0.450000 61 63 50
-0.313400 -0.154431 0.450000 30 37 29
-0.312930 -0.154774 0.451000 32 39 31
-0.311764 -0.154774 0.451000 29 36 28
-0.310598 -0.154774 0.451000 34 41 33
-0.310118 -0.155118 0.452000 41 50 43
-0.308949 -0.155118 0.452000 36 45 38
-0.308461 -0.155461 0.453000 26 38 30
-0.307968 -0.155804 0.454000 25 37 29
-0.307470 -0.156147 0.455000 22 35 34
-0.306967 -0.156490 0.456000 22 35 34
-0.306458 -0.156833 0.457000 27 32 39
-0.305945 -0.157177 0.458000 107 112 119
-0.306091 -0.157863 0.460000 146 146 148
-0.304373 -0.158206 0.461000 137 137 137
-0.300904 -0.158893 0.463000 142 140 128
-0.299707 -0.158893 0.463000 138 136 124
-0.299155 -0.159236 0.464000 56 64 53
-0.297955 -0.159236 0.464000 21 29 18
-0.296755 -0.159236 0.464000 22 36 27
-0.296192 -0.159579 0.465000 25 39 30
-0.294990 -0.159579 0.465000 32 45 42
-0.293788 -0.159579 0.465000 39 52 49
-0.293215 -0.159922 0.466000 44 57 52
-0.218930 -0.174679 0.509000 135 142 134
-0.218042 -0.175022 0.510000 135 142 134
-0.216723 -0.175022 0.510000 139 146 138
-0.215404 -0.175022 0.510000 137 141 134
-0.214506 -0.175365 0.511000 134 138 131
-0.213184 -0.175365 0.511000 135 136 130
-0.211863 -0.175365 0.511000 136 137 131
-0.048928 -0.160952 0.469000 71 78 72
-0.042681 -0.160265 0.467000 32 71 87
-0.041474 -0.160265 0.467000 12 51 67
-0.040266 -0.160265 0.467000 31 81 102
-0.038975 -0.159922 0.466000 30 80 101
-0.037770 -0.159922 0.466000 4 50 72
-0.036565 -0.159922 0.466000 19 65 87
-0.035360 -0.159922 0.466000 34 67 80
-0.016099 -0.148940 0.434000 12 46 64
-0.014977 -0.148940 0.434000 1 33 44
-0.013855 -0.148940 0.434000 7 39 50
-0.012733 -0.148940 0.434000 18 45 56
-0.011611 -0.148940 0.434000 16 43 54
-0.010489 -0.148940 0.434000 9 33 45
-0.009366 -0.148940 0.434000 6 30 42
-0.008225 -0.148597 0.433000 15 44 56
-0.007106 -0.148597 0.433000 32 61 73
-0.005986 -0.148597 0.433000 11 43 54
-0.004855 -0.148254 0.432000 11 43 54
-0.003738 -0.148254 0.432000 0 32 42
-0.002615 -0.147911 0.431000 9 43 53
0.081586 -0.155461 0.453000 4 17 16
0.082027 -0.154088 0.449000 5 22 23
0.082632 -0.153058 0.446000 6 23 24
0.083409 -0.152372 0.444000 10 32 31
0.083795 -0.150999 0.440000 12 34 33
0.084740 -0.150656 0.439000 12 37 42
0.085875 -0.150656 0.439000 15 40 45
0.086812 -0.150313 0.438000 12 45 58
0.087744 -0.149970 0.437000 19 52 65
0.088874 -0.149970 0.437000 19 58 78
0.222834 -0.173306 0.505000 111 121 126
0.223252 -0.172620 0.503000 52 62 67
0.224106 -0.172277 0.502000 44 62 71
0.224955 -0.171933 0.501000 46 64 73
0.226250 -0.171933 0.501000 46 65 67
0.227092 -0.171590 0.500000 45 64 66
0.228385 -0.171590 0.500000 45 65 62
0.229218 -0.171247 0.499000 47 67 64
0.230508 -0.171247 0.499000 49 67 63
0.233556 -0.171590 0.500000 66 80 71
0.235318 -0.171933 0.501000 81 95 86
-0.315727 -0.153266 0.450000 67 69 58
-0.314563 -0.153266 0.450000 46 48 37
-0.314096 -0.153607 0.451000 27 36 27
-0.312236 -0.153266 0.450000 28 37 28
-0.311764 -0.153607 0.451000 34 41 35
-0.310598 -0.153607 0.451000 41 48 42
-0.310118 -0.153947 0.452000 39 51 43
-0.308949 -0.153947 0.452000 32 44 36
-0.308461 -0.154288 0.453000 24 36 28
-0.307968 -0.154628 0.454000 24 36 28
-0.307470 -0.154969 0.455000 23 33 38
-0.306967 -0.155310 0.456000 15 25 30
-0.306458 -0.155650 0.457000 63 65 71
-0.300904 -0.157694 0.463000 144 146 133
-0.299707 -0.157694 0.463000 97 99 86
-0.298510 -0.157694 0.463000 27 39 29
-0.297955 -0.158034 0.464000 26 38 28
-0.296755 -0.158034 0.464000 24 37 34
-0.296192 -0.158375 0.465000 28 41 38
-0.294990 -0.158375 0.465000 37 50 49
-0.293788 -0.158375 0.465000 43 56 55
-0.218500 -0.173020 0.508000 134 141 133
-0.217187 -0.173020 0.508000 135 142 134
-0.215873 -0.173020 0.508000 136 143 135
-0.214982 -0.173361 0.509000 134 138 131
-0.213666 -0.173361 0.509000 134 138 131
-0.212350 -0.173361 0.509000 132 133 127
-0.211034 -0.173361 0.509000 136 137 131
-0.048928 -0.159737 0.469000 126 133 125
-0.046403 -0.159397 0.468000 106 113 105
-0.042681 -0.159056 0.467000 29 73 91
-0.041474 -0.159056 0.467000 13 57 75
-0.040266 -0.159056 0.467000 30 77 102
-0.039059 -0.159056 0.467000 35 82 107
-0.037851 -0.159056 0.467000 0 37 58
-0.036565 -0.158715 0.466000 16 59 80
-0.035360 -0.158715 0.466000 42 75 90
-0.034155 -0.158715 0.466000 8 41 56
-0.032951 -0.158715 0.466000 8 32 44
-0.031678 -0.158375 0.465000 1 25 37
-0.013855 -0.147817 0.434000 10 42 53
-0.012733 -0.147817 0.434000 21 48 57
-0.011611 -0.147817 0.434000 13 40 49
-0.010464 -0.147476 0.433000 8 32 44
-0.009345 -0.147476 0.433000 0 23 35
-0.008225 -0.147476 0.433000 26 55 67
-0.007106 -0.147476 0.433000 29 58 70
-0.005986 -0.147476 0.433000 11 43 54
0.008051 -0.159397 0.468000 12 47 60
0.009281 -0.159737 0.469000 17 52 65
0.010494 -0.159737 0.469000 31 70 90
0.011707 -0.159737 0.469000 44 83 103
0.012919 -0.159737 0.469000 35 74 94
0.014132 -0.159737 0.469000 25 64 84
0.015377 -0.160078 0.470000 77 101 111
0.016593 -0.160078 0.470000 91 115 125
0.017808 -0.160078 0.470000 85 103 101
0.082817 -0.152244 0.447000 4 22 20
0.083795 -0.149860 0.440000 11 29 27
0.084740 -0.149520 0.439000 11 35 35
0.085875 -0.149520 0.439000 13 37 37
0.086812 -0.149179 0.438000 11 43 54
0.087744 -0.148838 0.437000 17 49 60
0.224140 -0.171999 0.505000 99 104 109
0.224999 -0.171658 0.504000 40 53 64
0.225853 -0.171317 0.503000 45 58 69
0.226250 -0.170636 0.501000 47 63 71
0.227546 -0.170636 0.501000 46 62 70
0.228385 -0.170296 0.500000 44 63 65
0.229677 -0.170296 0.500000 46 65 67
0.230970 -0.170296 0.500000 46 66 63
0.232263 -0.170296 0.500000 54 74 71
0.233556 -0.170296 0.500000 71 84 81
0.234849 -0.170296 0.500000 61 74 71
0.237558 -0.171317 0.503000 112 120 117
-0.315727 -0.152101 0.450000 51 56 42
-0.314563 -0.152101 0.450000 38 43 29
-0.313400 -0.152101 0.450000 29 41 31
-0.312236 -0.152101 0.450000 26 38 28
-0.311764 -0.152439 0.451000 33 42 35
-0.310598 -0.152439 0.451000 42 51 44
-0.310118 -0.152777 0.452000 37 49 41
-0.308949 -0.152777 0.452000 29 41 33
-0.308461 -0.153115 0.453000 24 37 32
-0.307968 -0.153453 0.454000 23 36 31
-0.308146 -0.154129 0.456000 19 29 36
-0.307640 -0.154467 0.457000 22 32 39
-0.307129 -0.154805 0.458000 115 114 121
-0.300904 -0.156495 0.463000 126 131 119
-0.299707 -0.156495 0.463000 45 50 38
-0.298510 -0.156495 0.463000 22 33 31
-0.297955 -0.156833 0.464000 30 41 39
-0.296755 -0.156833 0.464000 28 41 40
-0.295555 -0.156833 0.464000 30 43 42
-0.294990 -0.157171 0.465000 43 56 55
-0.219381 -0.171367 0.507000 135 142 136
-0.218070 -0.171367 0.507000 134 141 135
-0.216759 -0.171367 0.507000 136 143 137
-0.215448 -0.171367 0.507000 135 142 136
-0.214137 -0.171367 0.507000 133 137 132
-0.212826 -0.171367 0.507000 131 135 130
-0.211933 -0.171705 0.508000 131 135 130
-0.048928 -0.158523 0.469000 127 132 122
-0.047613 -0.158185 0.468000 117 124 118
-0.046403 -0.158185 0.468000 93 100 94
-0.042773 -0.158185 0.468000 27 74 91
-0.041563 -0.158185 0.468000 7 54 71
-0.040353 -0.158185 0.468000 29 77 99
-0.039142 -0.158185 0.468000 36 84 106
-0.037932 -0.158185 0.468000 0 33 55
-0.036722 -0.158185 0.468000 5 46 68
-0.035512 -0.158185 0.468000 43 78 93
-0.034229 -0.157847 0.467000 15 50 65
-0.033021 -0.157847 0.467000 10 42 53
-0.012733 -0.146693 0.434000 22 46 56
-0.011611 -0.146693 0.434000 14 38 48
-0.009345 -0.146355 0.433000 1 23 35
-0.008225 -0.146355 0.433000 32 63 77
0.005631 -0.158185 0.468000 8 31 36
0.006841 -0.158185 0.468000 13 36 41
0.008069 -0.158523 0.469000 12 41 51
0.009281 -0.158523 0.469000 16 45 55
0.010516 -0.158861 0.470000 15 54 70
0.011707 -0.158523 0.469000 37 76 92
0.012919 -0.158523 0.469000 43 87 105
0.014162 -0.158861 0.470000 25 69 87
0.015377 -0.158861 0.470000 30 62 80
0.016593 -0.158861 0.470000 58 90 108
0.017846 -0.159199 0.471000 92 114 115
0.019064 -0.159199 0.471000 92 114 115
0.075817 -0.158185 0.468000 15 26 24
0.076862 -0.157847 0.467000 13 24 22
0.078070 -0.157847 0.467000 17 30 29
0.079277 -0.157847 0.467000 19 32 31
0.080140 -0.157171 0.465000 22 33 33
0.080993 -0.156495 0.463000 19 30 30
0.084740 -0.148383 0.439000 12 31 31
0.085680 -0.148045 0.438000 17 36 36
0.086614 -0.147707 0.437000 12 41 51
0.087543 -0.147369 0.436000 17 46 56
0.225892 -0.171029 0.506000 79 90 99
0.226751 -0.170691 0.505000 45 56 65
0.227154 -0.170015 0.503000 45 61 71
0.228000 -0.169677 0.502000 46 62 72
0.228841 -0.169339 0.501000 45 64 68
0.229677 -0.169001 0.500000 46 65 69
0.230508 -0.168663 0.499000 43 65 64
0.231799 -0.168663 0.499000 46 68 67
0.234849 -0.169001 0.500000 65 83 79
0.237558 -0.170015 0.503000 72 83 81
-0.316890 -0.150936 0.450000 87 89 71
-0.315727 -0.150936 0.450000 55 65 49
-0.314563 -0.150936 0.450000 21 31 15
-0.313400 -0.150936 0.450000 24 36 26
-0.312930 -0.151271 0.451000 26 38 28
-0.311764 -0.151271 0.451000 34 45 41
-0.310598 -0.151271 0.451000 40 51 47
-0.301449 -0.154961 0.462000 149 151 142
-0.300254 -0.154961 0.462000 73 80 72
-0.299707 -0.155296 0.463000 22 29 21
-0.298510 -0.155296 0.463000 25 35 38
-0.297313 -0.155296 0.463000 27 37 40
-0.296755 -0.155631 0.464000 32 44 46
-0.295555 -0.155631 0.464000 38 50 52
-0.294356 -0.155631 0.464000 41 56 55
-0.220257 -0.169719 0.506000 136 140 133
-0.218948 -0.169719 0.506000 137 141 134
-0.217640 -0.169719 0.506000 136 140 133
-0.216332 -0.169719 0.506000 140 144 137
-0.215023 -0.169719 0.506000 133 137 130
-0.213715 -0.169719 0.506000 131 135 130
-0.212826 -0.170054 0.507000 133 137 132
-0.211516 -0.170054 0.507000 134 138 133
-0.053014 -0.158650 0.473000 66 69 70
-0.048928 -0.157309 0.469000 112 117 107
-0.047613 -0.156973 0.468000 95 106 104
-0.046403 -0.156973 0.468000 34 45 43
-0.043983 -0.156973 0.468000 44 71 84
-0.042864 -0.157309 0.469000 26 73 90
-0.041651 -0.157309 0.469000 6 53 70
-0.040439 -0.157309 0.469000 30 78 98
-0.039226 -0.157309 0.469000 35 83 103
-0.038013 -0.157309 0.469000 0 37 56
-0.036801 -0.157309 0.469000 0 38 57
-0.035588 -0.157309 0.469000 42 77 92
-0.034375 -0.157309 0.469000 20 55 70
-0.033163 -0.157309 0.469000 15 48 61
-0.031950 -0.157309 0.469000 6 39 52
-0.028372 -0.157644 0.470000 19 52 67
-0.027099 -0.157309 0.469000 49 82 97
0.002005 -0.157309 0.469000 8 37 49
0.003218 -0.157309 0.469000 12 39 50
0.004431 -0.157309 0.469000 6 33 44
0.005631 -0.156973 0.468000 9 33 35
0.006841 -0.156973 0.468000 10 34 36
0.008069 -0.157309 0.469000 11 35 37
0.009281 -0.157309 0.469000 17 41 43
0.010516 -0.157644 0.470000 17 53 63
0.011732 -0.157644 0.470000 25 61 71
0.012947 -0.157644 0.470000 40 82 99
0.014192 -0.157979 0.471000 40 82 99
0.015410 -0.157979 0.471000 24 66 83
0.016628 -0.157979 0.471000 13 55 72
0.017846 -0.157979 0.471000 22 51 63
0.019064 -0.157979 0.471000 36 65 77
0.020325 -0.158315 0.472000 74 91 92
0.071280 -0.157644 0.470000 24 35 33
0.072495 -0.157644 0.470000 13 24 22
0.073553 -0.157309 0.469000 11 22 20
0.074766 -0.157309 0.469000 12 23 21
0.075817 -0.156973 0.468000 15 28 25
0.077027 -0.156973 0.468000 16 29 26
0.078237 -0.156973 0.468000 17 30 27
0.079447 -0.156973 0.468000 18 31 28
0.080485 -0.156638 0.467000 17 30 27
0.081517 -0.156302 0.466000 16 29 26
0.082545 -0.155967 0.465000 10 23 22
0.083207 -0.154961 0.462000 9 22 21
0.228124 -0.171396 0.511000 139 149 152
0.226751 -0.169383 0.505000 64 74 77
0.228057 -0.169383 0.505000 44 56 70
0.228454 -0.168713 0.503000 49 61 75
0.228841 -0.168042 0.501000 46 62 70
0.230137 -0.168042 0.501000 46 62 70
0.230508 -0.167371 0.499000 43 65 64
0.231799 -0.167371 0.499000 44 66 65
0.234849 -0.167706 0.500000 62 82 79
0.237086 -0.168377 0.502000 69 82 79
0.239334 -0.169048 0.504000 86 99 96
-0.316890 -0.149771 0.450000 50 56 39
-0.315727 -0.149771 0.450000 33 48 34
-0.314563 -0.149771 0.450000 23 38 24
-0.313400 -0.149771 0.450000 25 39 30
-0.312236 -0.149771 0.450000 32 46 37
-0.311764 -0.150103 0.451000 37 48 46
-0.310598 -0.150103 0.451000 37 48 46
-0.302644 -0.153764 0.462000 143 145 132
-0.301449 -0.153764 0.462000 119 121 108
-0.300254 -0.153764 0.462000 34 41 35
-0.299060 -0.153764 0.462000 22 29 23
-0.298510 -0.154097 0.463000 27 38 38
-0.297313 -0.154097 0.463000 29 40 40
-0.296116 -0.154097 0.463000 32 45 44
-0.294919 -0.154097 0.463000 42 55 54
-0.219821 -0.168076 0.505000 134 138 131
-0.218516 -0.168076 0.505000 135 139 132
-0.217210 -0.168076 0.505000 137 141 134
-0.216332 -0.168409 0.506000 137 141 134
-0.215023 -0.168409 0.506000 130 134 127
-0.213715 -0.168409 0.506000 128 135 127
-0.212407 -0.168409 0.506000 131 138 130
-0.054237 -0.157425 0.473000 64 70 70
-0.053014 -0.157425 0.473000 132 133 129
-0.051681 -0.157093 0.472000 123 124 120
-0.050354 -0.156760 0.471000 114 118 111
-0.049032 -0.156427 0.470000 95 99 92
-0.047613 -0.155761 0.468000 24 37 46
-0.044171 -0.156427 0.470000 40 72 90
-0.043047 -0.156760 0.471000 32 78 98
-0.041829 -0.156760 0.471000 6 52 72
-0.040525 -0.156427 0.470000 25 75 94
-0.039310 -0.156427 0.470000 27 77 96
-0.038176 -0.156760 0.471000 13 50 69
-0.036958 -0.156760 0.471000 17 54 73
-0.035740 -0.156760 0.471000 40 75 90
-0.034522 -0.156760 0.471000 32 67 82
-0.033304 -0.156760 0.471000 10 48 62
0.002005 -0.156094 0.469000 8 39 53
0.003218 -0.156094 0.469000 8 40 49
0.004431 -0.156094 0.469000 9 41 50
0.005643 -0.156094 0.469000 4 26 29
0.006856 -0.156094 0.469000 7 29 32
0.008086 -0.156427 0.470000 11 29 27
0.009301 -0.156427 0.470000 14 32 30
0.010516 -0.156427 0.470000 12 42 47
0.011757 -0.156760 0.471000 22 52 57
0.012974 -0.156760 0.471000 32 72 85
0.014192 -0.156760 0.471000 42 82 95
0.015410 -0.156760 0.471000 30 72 87
0.017884 -0.157093 0.472000 19 53 73
0.019104 -0.157093 0.472000 0 33 53
0.020325 -0.157093 0.472000 7 28 36
0.022814 -0.157425 0.473000 57 70 67
0.071280 -0.156427 0.470000 7 22 19
0.072495 -0.156427 0.470000 14 29 26
0.073710 -0.156427 0.470000 16 29 26
0.074926 -0.156427 0.470000 17 30 27
0.076141 -0.156427 0.470000 15 28 25
0.077356 -0.156427 0.470000 15 28 25
0.078571 -0.156427 0.470000 16 29 26
0.079787 -0.156427 0.470000 14 27 24
0.080830 -0.156094 0.469000 15 26 24
0.081867 -0.155761 0.468000 12 23 21
0.082900 -0.155429 0.467000 9 22 19
0.084107 -0.155429 0.467000 9 22 19
0.228057 -0.168076 0.505000 53 64 75
0.228908 -0.167743 0.504000 49 60 71
0.229755 -0.167410 0.503000 48 61 72
0.230137 -0.166745 0.501000 47 60 71
0.230508 -0.166079 0.499000 43 65 64
0.231799 -0.166079 0.499000 43 65 64
0.233089 -0.166079 0.499000 47 67 64
0.236142 -0.166412 0.500000 75 88 87
0.238859 -0.167410 0.503000 64 77 76
-0.316890 -0.148605 0.450000 56 64 49
-0.315727 -0.148605 0.450000 23 37 26
-0.314563 -0.148605 0.450000 23 37 26
-0.313400 -0.148605 0.450000 29 40 38
-0.312930 -0.148936 0.451000 39 50 48
-0.311764 -0.148936 0.451000 40 51 49
-0.311286 -0.149266 0.452000 36 47 45
-0.302644 -0.152568 0.462000 139 141 128
-0.301449 -0.152568 0.462000 64 66 53
-0.300254 -0.152568 0.462000 20 28 25
-0.299060 -0.152568 0.462000 28 36 33
-0.298510 -0.152898 0.463000 30 43 40
-0.297313 -0.152898 0.463000 26 39 36
-0.296116 -0.152898 0.463000 36 51 50
-0.294919 -0.152898 0.463000 42 57 56
-0.219821 -0.166768 0.505000 133 137 130
-0.218516 -0.166768 0.505000 135 139 132
-0.217210 -0.166768 0.505000 137 141 134
-0.215904 -0.166768 0.505000 136 137 131
-0.214598 -0.166768 0.505000 133 134 128
-0.213293 -0.166768 0.505000 133 137 130
-0.212407 -0.167099 0.506000 134 138 131
-0.164618 -0.169080 0.512000 151 152 146
-0.163294 -0.169080 0.512000 143 145 136
-0.055460 -0.156201 0.473000 92 96 91
-0.054237 -0.156201 0.473000 127 131 126
-0.053014 -0.156201 0.473000 125 126 120
-0.051681 -0.155871 0.472000 115 116 110
-0.050461 -0.155871 0.472000 87 90 93
-0.049136 -0.155540 0.471000 39 42 45
-0.044359 -0.155871 0.472000 33 67 85
-0.043230 -0.156201 0.473000 26 74 94
-0.042007 -0.156201 0.473000 5 53 73
-0.040784 -0.156201 0.473000 28 74 94
-0.039561 -0.156201 0.473000 30 76 96
-0.038338 -0.156201 0.473000 35 69 89
-0.037115 -0.156201 0.473000 42 76 96
-0.034669 -0.156201 0.473000 37 70 85
-0.033375 -0.155871 0.472000 16 58 73
-0.000420 -0.154880 0.469000 28 51 58
0.000792 -0.154880 0.469000 28 61 76
0.002005 -0.154880 0.469000 9 42 57
0.003225 -0.155210 0.470000 8 42 52
0.004440 -0.155210 0.470000 28 62 72
0.005655 -0.155210 0.470000 2 21 23
0.006870 -0.155210 0.470000 3 22 24
0.008086 -0.155210 0.470000 9 24 21
0.009321 -0.155540 0.471000 9 24 21
0.010516 -0.155210 0.470000 4 26 27
0.011757 -0.155540 0.471000 19 41 42
0.012974 -0.155540 0.471000 24 58 68
0.014192 -0.155540 0.471000 44 78 88
0.016663 -0.155871 0.472000 27 70 82
0.017884 -0.155871 0.472000 26 63 82
0.020368 -0.156201 0.473000 8 32 46
0.021591 -0.156201 0.473000 9 33 47
0.024037 -0.156201 0.473000 23 35 37
0.062906 -0.155540 0.471000 44 55 55
0.064124 -0.155540 0.471000 25 37 39
0.065342 -0.155540 0.471000 12 24 26
0.066560 -0.155540 0.471000 6 21 18
0.067778 -0.155540 0.471000 9 24 21
0.068996 -0.155540 0.471000 13 28 23
0.070214 -0.155540 0.471000 14 29 24
0.071431 -0.155540 0.471000 13 28 23
0.072649 -0.155540 0.471000 14 29 24
0.073867 -0.155540 0.471000 15 30 25
0.075085 -0.155540 0.471000 15 30 25
0.076303 -0.155540 0.471000 12 25 20
0.077356 -0.155210 0.470000 14 27 22
0.078571 -0.155210 0.470000 12 25 22
0.079787 -0.155210 0.470000 11 24 21
0.081002 -0.155210 0.470000 13 24 22
0.082217 -0.155210 0.470000 12 23 21
0.083255 -0.154880 0.469000 10 23 20
0.084288 -0.154550 0.468000 10 23 20
0.228508 -0.167099 0.506000 103 113 120
0.229363 -0.166768 0.505000 48 58 65
0.229755 -0.166108 0.503000 45 58 69
0.230596 -0.165778 0.502000 47 60 71
0.230508 -0.164787 0.499000 45 64 66
0.231799 -0.164787 0.499000 46 65 67
0.233089 -0.164787 0.499000 48 67 67
0.234379 -0.164787 0.499000 51 70 70
0.237909 -0.165447 0.501000 64 76 78
0.240637 -0.166438 0.504000 88 97 90
-0.318054 -0.147440 0.450000 57 62 50
-0.316890 -0.147440 0.450000 51 56 44
-0.315727 -0.147440 0.450000 19 31 21
-0.314563 -0.147440 0.450000 25 37 27
-0.313400 -0.147440 0.450000 32 43 41
-0.312930 -0.147768 0.451000 43 54 52
-0.311764 -0.147768 0.451000 39 50 48
-0.310598 -0.147768 0.451000 34 45 43
-0.303838 -0.151372 0.462000 143 146 130
-0.302644 -0.151372 0.462000 101 109 96
-0.301449 -0.151372 0.462000 20 28 15
-0.300254 -0.151372 0.462000 24 33 26
-0.299060 -0.151372 0.462000 26 35 28
-0.297865 -0.151372 0.462000 29 42 37
-0.297313 -0.151700 0.463000 28 41 36
-0.296116 -0.151700 0.463000 44 59 56
-0.294919 -0.151700 0.463000 43 58 55
-0.219821 -0.165461 0.505000 131 135 128
-0.218516 -0.165461 0.505000 134 138 131
-0.217210 -0.165461 0.505000 137 141 134
-0.215904 -0.165461 0.505000 133 134 128
-0.214598 -0.165461 0.505000 133 134 128
-0.213293 -0.165461 0.505000 135 136 130
-0.159323 -0.167754 0.512000 142 143 137
-0.058028 -0.155304 0.474000 43 47 40
-0.056803 -0.155304 0.474000 105 109 102
-0.055460 -0.154976 0.473000 127 131 124
-0.054237 -0.154976 0.473000 121 125 118
-0.053014 -0.154976 0.473000 112 116 109
-0.051791 -0.154976 0.473000 77 81 74
-0.049241 -0.154648 0.472000 39 47 46
-0.044453 -0.154976 0.473000 33 68 83
-0.043321 -0.155304 0.474000 27 74 91
-0.042096 -0.155304 0.474000 18 65 82
-0.039644 -0.155304 0.474000 31 78 95
-0.038419 -0.155304 0.474000 34 71 90
-0.036119 -0.155959 0.476000 34 67 80
-0.034888 -0.155959 0.476000 34 67 80
-0.033516 -0.155304 0.474000 23 65 80
-0.032291 -0.155304 0.474000 19 61 76
-0.028614 -0.155304 0.474000 1 35 45
-0.027446 -0.155631 0.475000 33 67 77
-0.001633 -0.153666 0.469000 45 64 68
-0.000420 -0.153666 0.469000 28 47 51
0.000792 -0.153666 0.469000 27 62 77
0.002009 -0.153993 0.470000 21 56 71
0.003225 -0.153993 0.470000 0 37 51
0.004440 -0.153993 0.470000 26 64 78
0.005655 -0.153993 0.470000 14 37 42
0.006885 -0.154321 0.471000 0 20 25
0.008103 -0.154321 0.471000 9 22 21
0.009321 -0.154321 0.471000 10 23 22
0.011781 -0.154648 0.472000 10 27 28
0.013002 -0.154648 0.472000 18 47 55
0.014222 -0.154648 0.472000 30 59 67
0.015476 -0.154976 0.473000 39 79 92
0.016663 -0.154648 0.472000 33 73 86
0.017922 -0.154976 0.473000 23 67 83
0.019145 -0.154976 0.473000 21 65 81
0.020368 -0.154976 0.473000 18 45 65
0.021591 -0.154976 0.473000 10 37 57
0.022814 -0.154976 0.473000 21 34 43
0.024037 -0.154976 0.473000 16 29 38
0.025260 -0.154976 0.473000 19 30 30
0.059253 -0.154321 0.471000 54 62 59
0.060471 -0.154321 0.471000 33 41 38
0.061689 -0.154321 0.471000 18 26 27
0.063040 -0.154648 0.472000 20 28 29
0.064260 -0.154648 0.472000 19 30 30
0.065481 -0.154648 0.472000 19 30 30
0.066701 -0.154648 0.472000 19 32 29
0.067922 -0.154648 0.472000 21 34 31
0.069142 -0.154648 0.472000 16 31 26
0.070363 -0.154648 0.472000 16 31 26
0.071583 -0.154648 0.472000 15 30 25
0.072804 -0.154648 0.472000 14 29 24
0.073867 -0.154321 0.471000 14 29 24
0.075085 -0.154321 0.471000 14 29 24
0.076303 -0.154321 0.471000 9 24 21
0.077356 -0.153993 0.470000 9 24 21
0.078571 -0.153993 0.470000 12 23 21
0.079787 -0.153993 0.470000 11 22 20
0.081002 -0.153993 0.470000 11 24 23
0.082217 -0.153993 0.470000 14 27 26
0.083255 -0.153666 0.469000 14 27 26
0.084468 -0.153666 0.469000 14 27 26
0.229412 -0.166444 0.508000 152 159 165
0.230668 -0.165461 0.505000 45 56 67
0.231055 -0.164805 0.503000 51 62 73
0.231432 -0.164150 0.501000 49 66 69
0.231799 -0.163495 0.499000 49 66 69
0.233089 -0.163495 0.499000 48 65 66
0.234379 -0.163495 0.499000 49 66 67
0.235669 -0.163495 0.499000 56 70 72
0.239682 -0.164478 0.502000 67 75 72
-0.318054 -0.146275 0.450000 51 53 42
-0.316890 -0.146275 0.450000 39 41 30
-0.315727 -0.146275 0.450000 29 35 33
-0.314563 -0.146275 0.450000 30 36 34
-0.313400 -0.146275 0.450000 42 50 47
-0.312236 -0.146275 0.450000 46 54 51
-0.311764 -0.146600 0.451000 37 48 44
-0.310598 -0.146600 0.451000 29 40 36
-0.310118 -0.146925 0.452000 22 33 31
-0.309632 -0.147250 0.453000 22 33 31
-0.309823 -0.147900 0.455000 19 24 33
-0.303838 -0.150176 0.462000 144 147 131
-0.302644 -0.150176 0.462000 47 55 42
-0.301449 -0.150176 0.462000 20 28 15
-0.300254 -0.150176 0.462000 22 34 24
-0.299060 -0.150176 0.462000 26 38 28
-0.297865 -0.150176 0.462000 31 44 41
-0.296671 -0.150176 0.462000 39 52 49
-0.296116 -0.150501 0.463000 44 59 58
-0.309487 -0.161878 0.498000 125 132 136
-0.219386 -0.163828 0.504000 131 135 128
-0.218516 -0.164153 0.505000 136 140 133
-0.217210 -0.164153 0.505000 135 139 132
-0.215904 -0.164153 0.505000 130 134 127
-0.214598 -0.164153 0.505000 133 137 130
-0.213293 -0.164153 0.505000 133 137 132
-0.160333 -0.166103 0.511000 158 162 155
-0.159323 -0.166429 0.512000 150 154 147
-0.157999 -0.166429 0.512000 142 146 139
-0.059504 -0.154727 0.476000 60 67 61
-0.058028 -0.154076 0.474000 112 116 109
-0.056803 -0.154076 0.474000 120 124 117
-0.055460 -0.153751 0.473000 120 125 115
-0.054237 -0.153751 0.473000 108 113 103
-0.053014 -0.153751 0.473000 80 87 81
-0.051791 -0.153751 0.473000 70 77 71
-0.045869 -0.154401 0.475000 30 69 85
-0.044735 -0.154727 0.476000 29 68 84
-0.042451 -0.155377 0.478000 19 66 83
-0.041215 -0.155377 0.478000 25 71 91
-0.039979 -0.155377 0.478000 33 79 99
-0.038743 -0.155377 0.478000 31 73 88
-0.037507 -0.155377 0.478000 40 82 97
-0.036271 -0.155377 0.478000 40 74 84
-0.035035 -0.155377 0.478000 29 63 73
-0.033728 -0.155052 0.477000 32 72 83
-0.032495 -0.155052 0.477000 24 64 75
-0.028795 -0.155052 0.477000 0 34 47
-0.026383 -0.155377 0.478000 39 75 85
-0.025200 -0.155702 0.479000 41 77 87
-0.002846 -0.152451 0.469000 80 91 91
-0.001633 -0.152451 0.469000 81 95 99
-0.000420 -0.152451 0.469000 70 84 88
0.000794 -0.152776 0.470000 21 55 65
0.002009 -0.152776 0.470000 27 61 71
0.003225 -0.152776 0.470000 7 47 60
0.005667 -0.153101 0.471000 37 64 73
0.006885 -0.153101 0.471000 0 24 33
0.009341 -0.153426 0.472000 6 20 22
0.010561 -0.153426 0.472000 8 21 20
0.011806 -0.153751 0.473000 8 21 20
0.013029 -0.153751 0.473000 11 34 41
0.014253 -0.153751 0.473000 24 47 54
0.015476 -0.153751 0.473000 21 61 72
0.016699 -0.153751 0.473000 37 77 88
0.017922 -0.153751 0.473000 28 72 86
0.019145 -0.153751 0.473000 22 66 80
0.020368 -0.153751 0.473000 31 68 87
0.021591 -0.153751 0.473000 11 48 67
0.022814 -0.153751 0.473000 12 32 43
0.024037 -0.153751 0.473000 16 36 47
0.025260 -0.153751 0.473000 24 37 36
0.055363 -0.152451 0.469000 50 61 61
0.056697 -0.152776 0.470000 26 34 33
0.057912 -0.152776 0.470000 19 27 26
0.059253 -0.153101 0.471000 17 25 22
0.060471 -0.153101 0.471000 20 28 25
0.061689 -0.153101 0.471000 22 30 27
0.062906 -0.153101 0.471000 29 37 34
0.064260 -0.153426 0.472000 33 41 40
0.065481 -0.153426 0.472000 35 43 42
0.066701 -0.153426 0.472000 32 43 41
0.067922 -0.153426 0.472000 27 38 36
0.069142 -0.153426 0.472000 22 35 32
0.070363 -0.153426 0.472000 19 32 29
0.071583 -0.153426 0.472000 16 31 28
0.072804 -0.153426 0.472000 15 30 27
0.073867 -0.153101 0.471000 11 29 25
0.075085 -0.153101 0.471000 8 26 22
0.076303 -0.153101 0.471000 5 23 19
0.077521 -0.153101 0.471000 6 24 20
0.078571 -0.152776 0.470000 9 24 19
0.079787 -0.152776 0.470000 12 27 22
0.081002 -0.152776 0.470000 11 23 25
0.082217 -0.152776 0.470000 17 29 31
0.083255 -0.152451 0.469000 12 25 24
0.084468 -0.152451 0.469000 15 28 27
0.084115 -0.139774 0.430000 96 107 107
0.085028 -0.139449 0.429000 95 107 111
0.086138 -0.139449 0.429000 49 61 65
0.107747 -0.134573 0.414000 23 69 89
0.108817 -0.134573 0.414000 31 77 97
0.230271 -0.164803 0.507000 124 130 132
0.231055 -0.163503 0.503000 51 62 71
0.231432 -0.162853 0.501000 56 68 74
0.231799 -0.162203 0.499000 54 66 72
0.232622 -0.161878 0.498000 48 65 66
0.233909 -0.161878 0.498000 50 67 68
0.235669 -0.162203 0.499000 54 71 72
0.238727 -0.162528 0.500000 66 79 78
0.241940 -0.163828 0.504000 83 96 95
-0.319217 -0.145110 0.450000 75 73 63
-0.318054 -0.145110 0.450000 51 55 50
-0.316890 -0.145110 0.450000 32 36 31
-0.315727 -0.145110 0.450000 30 36 38
-0.314563 -0.145110 0.450000 32 38 40
-0.313400 -0.145110 0.450000 50 56 56
-0.312236 -0.145110 0.450000 43 49 49
-0.311764 -0.145432 0.451000 36 47 43
-0.311286 -0.145755 0.452000 27 38 34
-0.310118 -0.145755 0.452000 24 35 35
-0.309632 -0.146077 0.453000 17 28 28
-0.309823 -0.146722 0.455000 28 35 43
-0.303838 -0.148980 0.462000 108 111 95
-0.302644 -0.148980 0.462000 20 28 15
-0.301449 -0.148980 0.462000 22 30 17
-0.300254 -0.148980 0.462000 23 37 28
-0.299060 -0.148980 0.462000 29 43 34
-0.297865 -0.148980 0.462000 35 50 49
-0.296671 -0.148980 0.462000 43 58 57
-0.296116 -0.149302 0.463000 43 58 57
-0.310774 -0.160588 0.498000 122 127 132
-0.219386 -0.162523 0.504000 135 139 132
-0.218083 -0.162523 0.504000 137 141 134
-0.217210 -0.162846 0.505000 134 138 131
-0.215904 -0.162846 0.505000 133 137 132
-0.214598 -0.162846 0.505000 133 137 132
-0.159705 -0.164135 0.509000 160 161 157
-0.157690 -0.164780 0.511000 156 160 153
-0.156675 -0.165103 0.512000 149 153 146
-0.155351 -0.165103 0.512000 136 141 131
-0.062096 -0.153817 0.477000 56 64 61
-0.060735 -0.153494 0.476000 96 103 95
-0.059504 -0.153494 0.476000 111 118 110
-0.058028 -0.152849 0.474000 111 119 108
-0.056803 -0.152849 0.474000 114 122 111
-0.055577 -0.152849 0.474000 100 104 97
-0.054352 -0.152849 0.474000 55 59 52
-0.053126 -0.152849 0.474000 41 48 42
-0.041473 -0.155106 0.481000 18 66 88
-0.040230 -0.155106 0.481000 30 78 100
-0.038986 -0.155106 0.481000 22 64 81
-0.037664 -0.154784 0.480000 0 38 55
-0.036423 -0.154784 0.480000 7 41 51
-0.027677 -0.154461 0.479000 9 48 64
-0.026383 -0.154139 0.478000 32 70 82
-0.005260 -0.150914 0.468000 68 92 102
-0.004050 -0.150914 0.468000 73 86 85
-0.001633 -0.151237 0.469000 78 90 92
-0.000420 -0.151237 0.469000 82 94 96
0.000794 -0.151559 0.470000 24 53 61
0.002009 -0.151559 0.470000 27 56 64
0.004449 -0.151882 0.471000 11 51 64
0.005667 -0.151882 0.471000 35 69 79
0.006900 -0.152204 0.472000 14 48 58
0.008120 -0.152204 0.472000 0 16 21
0.009341 -0.152204 0.472000 5 22 27
0.010583 -0.152527 0.473000 9 22 21
0.011806 -0.152527 0.473000 9 22 21
0.013029 -0.152527 0.473000 3 22 24
0.014253 -0.152527 0.473000 7 26 28
0.015476 -0.152527 0.473000 17 51 61
0.016699 -0.152527 0.473000 30 64 74
0.017922 -0.152527 0.473000 32 77 88
0.019145 -0.152527 0.473000 26 71 82
0.020411 -0.152849 0.474000 22 64 79
0.021591 -0.152527 0.473000 26 68 83
0.022814 -0.152527 0.473000 13 40 53
0.024037 -0.152527 0.473000 10 37 50
0.025260 -0.152527 0.473000 21 38 39
0.026483 -0.152527 0.473000 20 37 38
0.027706 -0.152527 0.473000 20 36 27
0.050405 -0.150914 0.468000 76 87 83
0.051615 -0.150914 0.468000 50 63 60
0.052938 -0.151237 0.469000 29 42 39
0.054151 -0.151237 0.469000 22 33 33
0.055363 -0.151237 0.469000 18 29 29
0.056697 -0.151559 0.470000 25 35 38
0.057912 -0.151559 0.470000 25 35 38
0.059253 -0.151882 0.471000 30 41 37
0.060471 -0.151882 0.471000 38 49 45
0.061689 -0.151882 0.471000 39 51 43
0.062906 -0.151882 0.471000 40 52 44
0.064260 -0.152204 0.472000 40 49 42
0.065481 -0.152204 0.472000 35 44 37
0.066701 -0.152204 0.472000 29 40 36
0.067922 -0.152204 0.472000 23 34 30
0.069142 -0.152204 0.472000 19 32 29
0.070363 -0.152204 0.472000 18 31 28
0.071583 -0.152204 0.472000 19 34 31
0.072804 -0.152204 0.472000 16 31 28
0.073867 -0.151882 0.471000 11 29 25
0.075085 -0.151882 0.471000 10 28 24
0.076303 -0.151882 0.471000 10 28 24
0.077356 -0.151559 0.470000 7 25 21
0.078571 -0.151559 0.470000 7 22 19
0.079787 -0.151559 0.470000 7 22 19
0.081002 -0.151559 0.470000 12 22 25
0.082217 -0.151559 0.470000 19 29 32
0.085028 -0.138338 0.429000 103 113 118
0.086138 -0.138338 0.429000 75 85 90
0.087247 -0.138338 0.429000 21 47 63
0.088356 -0.138338 0.429000 31 57 73
0.089465 -0.138338 0.429000 22 63 85
0.090575 -0.138338 0.429000 28 69 91
0.107486 -0.133179 0.413000 25 73 93
0.108817 -0.133501 0.414000 31 79 99
0.109888 -0.133501 0.414000 31 79 101
0.110958 -0.133501 0.414000 15 63 85
0.231125 -0.163168 0.506000 76 86 93
0.231515 -0.162523 0.504000 47 57 64
0.231894 -0.161878 0.502000 54 65 76
0.231799 -0.160911 0.499000 52 63 74
0.232622 -0.160588 0.498000 47 64 67
0.233909 -0.160588 0.498000 48 65 68
0.235197 -0.160588 0.498000 50 67 70
0.236960 -0.160911 0.499000 56 73 76
0.240500 -0.161556 0.501000 63 77 79
-0.319217 -0.143945 0.450000 59 60 49
-0.318054 -0.143945 0.450000 52 55 54
-0.316890 -0.143945 0.450000 27 30 29
-0.315727 -0.143945 0.450000 33 39 41
-0.314563 -0.143945 0.450000 36 42 44
-0.313400 -0.143945 0.450000 47 55 56
-0.312236 -0.143945 0.450000 43 51 52
-0.311764 -0.144265 0.451000 33 44 44
-0.310598 -0.144265 0.451000 27 38 38
-0.310118 -0.144585 0.452000 23 35 39
-0.310316 -0.145224 0.454000 17 29 33
-0.310504 -0.145864 0.456000 54 61 65
-0.303838 -0.147783 0.462000 55 57 44
-0.302644 -0.147783 0.462000 20 28 17
-0.301449 -0.147783 0.462000 26 34 23
-0.300254 -0.147783 0.462000 24 37 34
-0.299060 -0.147783 0.462000 35 48 45
-0.297865 -0.147783 0.462000 43 56 55
-0.296671 -0.147783 0.462000 44 57 56
-0.296116 -0.148103 0.463000 36 50 52
-0.312062 -0.159299 0.498000 95 107 111
-0.219386 -0.161218 0.504000 138 139 133
-0.218083 -0.161218 0.504000 136 140 135
-0.216780 -0.161218 0.504000 133 137 132
-0.215904 -0.161538 0.505000 133 137 132
-0.161381 -0.161858 0.506000 128 130 121
-0.064698 -0.152901 0.478000 33 39 37
-0.063329 -0.152581 0.477000 85 92 86
-0.061966 -0.152262 0.476000 112 119 113
-0.060735 -0.152262 0.476000 108 116 105
-0.059379 -0.151942 0.475000 101 109 98
-0.058028 -0.151622 0.474000 105 109 102
-0.056923 -0.151942 0.475000 71 75 68
-0.047692 -0.153861 0.481000 45 77 86
-0.046641 -0.154501 0.483000 26 70 86
-0.045487 -0.154821 0.484000 32 76 92
-0.044326 -0.155141 0.485000 25 74 91
-0.043161 -0.155460 0.486000 17 66 83
-0.041905 -0.155460 0.486000 14 64 85
-0.040648 -0.155460 0.486000 28 78 99
-0.039391 -0.155460 0.486000 11 50 68
-0.038056 -0.155141 0.485000 0 23 41
-0.036802 -0.155141 0.485000 0 22 35
-0.034294 -0.155141 0.485000 32 61 73
-0.032904 -0.154501 0.483000 43 72 84
-0.031524 -0.153861 0.481000 22 64 79
-0.006456 -0.149383 0.467000 23 47 57
-0.005260 -0.149703 0.468000 62 86 96
-0.004050 -0.149703 0.468000 66 81 80
-0.002840 -0.149703 0.468000 70 85 84
-0.001633 -0.150022 0.469000 78 86 85
-0.000420 -0.150022 0.469000 84 92 91
0.000792 -0.150022 0.469000 57 79 82
0.002009 -0.150342 0.470000 24 46 49
0.004449 -0.150662 0.471000 15 51 61
0.005679 -0.150982 0.472000 20 56 66
0.006900 -0.150982 0.472000 36 72 82
0.008120 -0.150982 0.472000 22 43 49
0.009360 -0.151302 0.473000 4 25 31
0.010583 -0.151302 0.473000 7 20 19
0.011806 -0.151302 0.473000 8 21 20
0.013029 -0.151302 0.473000 9 21 25
0.014283 -0.151622 0.474000 8 20 24
0.015508 -0.151622 0.474000 6 33 42
0.016734 -0.151622 0.474000 23 50 59
0.017959 -0.151622 0.474000 32 70 82
0.019185 -0.151622 0.474000 33 71 83
0.020411 -0.151622 0.474000 23 66 78
0.021636 -0.151622 0.474000 21 64 76
0.022862 -0.151622 0.474000 28 63 78
0.024088 -0.151622 0.474000 5 40 55
0.025260 -0.151302 0.473000 14 36 39
0.026539 -0.151622 0.474000 15 37 40
0.027764 -0.151622 0.474000 19 35 26
0.046774 -0.149703 0.468000 90 102 94
0.047985 -0.149703 0.468000 66 78 70
0.049195 -0.149703 0.468000 36 47 45
0.050405 -0.149703 0.468000 16 27 25
0.051615 -0.149703 0.468000 14 27 26
0.052938 -0.150022 0.469000 16 29 28
0.054151 -0.150022 0.469000 19 31 33
0.055363 -0.150022 0.469000 25 37 39
0.056576 -0.150022 0.469000 31 44 43
0.057912 -0.150342 0.470000 38 51 50
0.059127 -0.150342 0.470000 39 52 49
0.060471 -0.150662 0.471000 38 51 48
0.061689 -0.150662 0.471000 37 51 42
0.062906 -0.150662 0.471000 31 45 36
0.064260 -0.150982 0.472000 30 42 32
0.065481 -0.150982 0.472000 22 34 24
0.066701 -0.150982 0.472000 20 31 27
0.067922 -0.150982 0.472000 19 30 26
0.069142 -0.150982 0.472000 19 30 28
0.070363 -0.150982 0.472000 18 29 27
0.071583 -0.150982 0.472000 17 30 27
0.072649 -0.150662 0.471000 15 28 25
0.073867 -0.150662 0.471000 13 28 25
0.075085 -0.150662 0.471000 12 27 24
0.076141 -0.150342 0.470000 12 27 26
0.077356 -0.150342 0.470000 14 29 28
0.078571 -0.150342 0.470000 16 29 26
0.079787 -0.150342 0.470000 23 36 33
0.081002 -0.150342 0.470000 51 62 60
0.085028 -0.137227 0.429000 105 115 120
0.086138 -0.137227 0.429000 93 103 108
0.087247 -0.137227 0.429000 21 48 61
0.088356 -0.137227 0.429000 32 59 72
0.100590 -0.131470 0.411000 16 43 54
0.107486 -0.132109 0.413000 31 79 99
0.108554 -0.132109 0.413000 35 83 103
0.109622 -0.132109 0.413000 27 73 95
0.110958 -0.132429 0.414000 12 58 80
0.231582 -0.162178 0.507000 125 135 142
0.231974 -0.161538 0.505000 52 62 69
0.232356 -0.160898 0.503000 50 60 74
0.231799 -0.159619 0.499000 53 63 77
0.232622 -0.159299 0.498000 48 65 70
0.233909 -0.159299 0.498000 47 64 69
0.235197 -0.159299 0.498000 49 66 69
0.236960 -0.159619 0.499000 50 67 70
0.240020 -0.159939 0.500000 63 75 79
0.241796 -0.160259 0.501000 96 107 105
-0.318508 -0.142462 0.449000 54 55 44
-0.318054 -0.142780 0.450000 37 44 38
-0.316890 -0.142780 0.450000 26 33 27
-0.315727 -0.142780 0.450000 32 38 38
-0.314563 -0.142780 0.450000 41 47 47
-0.313400 -0.142780 0.450000 46 54 55
-0.312930 -0.143097 0.451000 43 51 52
-0.311764 -0.143097 0.451000 28 42 46
-0.311286 -0.143414 0.452000 23 37 41
-0.305033 -0.146587 0.462000 115 116 103
-0.303838 -0.146587 0.462000 24 25 12
-0.302644 -0.146587 0.462000 23 30 22
-0.301449 -0.146587 0.462000 27 34 26
-0.300254 -0.146587 0.462000 28 41 40
-0.299060 -0.146587 0.462000 36 49 48
-0.297865 -0.146587 0.462000 40 53 52
-0.296671 -0.146587 0.462000 40 53 52
-0.296116 -0.146904 0.463000 39 51 53
-0.312062 -0.158009 0.498000 128 135 139
-0.220252 -0.159596 0.503000 135 136 130
-0.218951 -0.159596 0.503000 137 138 132
-0.218083 -0.159913 0.504000 137 138 132
-0.216780 -0.159913 0.504000 133 134 128
-0.160073 -0.160548 0.506000 130 135 125
-0.148732 -0.162452 0.512000 135 140 130
-0.067310 -0.151981 0.479000 26 33 27
-0.065934 -0.151664 0.478000 81 85 78
-0.064698 -0.151664 0.478000 112 116 109
-0.063329 -0.151346 0.477000 115 120 110
-0.061966 -0.151029 0.476000 106 111 101
-0.060735 -0.151029 0.476000 92 97 87
-0.059379 -0.150712 0.475000 87 92 82
-0.058151 -0.150712 0.475000 49 53 46
-0.047028 -0.154519 0.487000 25 69 83
-0.045956 -0.155154 0.489000 29 73 87
-0.044692 -0.155154 0.489000 23 74 88
-0.043516 -0.155471 0.490000 11 62 76
-0.042336 -0.155788 0.491000 8 58 79
-0.041066 -0.155788 0.491000 34 84 105
-0.039797 -0.155788 0.491000 23 62 80
-0.038449 -0.155471 0.490000 0 23 41
-0.037106 -0.155154 0.489000 4 25 33
-0.035768 -0.154837 0.488000 1 22 30
-0.034506 -0.154837 0.488000 11 38 49
-0.033108 -0.154202 0.486000 44 71 82
-0.005260 -0.148491 0.468000 55 82 91
-0.004050 -0.148491 0.468000 67 80 77
-0.002840 -0.148491 0.468000 71 84 81
-0.001633 -0.148808 0.469000 76 84 81
-0.000420 -0.148808 0.469000 81 89 86
0.000794 -0.149125 0.470000 83 97 99
0.002009 -0.149125 0.470000 30 44 46
0.004449 -0.149443 0.471000 20 54 60
0.005679 -0.149760 0.472000 13 52 59
0.006900 -0.149760 0.472000 30 69 76
0.008137 -0.150077 0.473000 52 80 86
0.009360 -0.150077 0.473000 55 83 89
0.010583 -0.150077 0.473000 40 54 56
0.011806 -0.150077 0.473000 13 27 29
0.013057 -0.150395 0.474000 5 15 18
0.014283 -0.150395 0.474000 5 15 18
0.015508 -0.150395 0.474000 0 21 29
0.016734 -0.150395 0.474000 11 32 40
0.017959 -0.150395 0.474000 21 54 67
0.019185 -0.150395 0.474000 34 67 80
0.020411 -0.150395 0.474000 26 66 79
0.021636 -0.150395 0.474000 23 63 76
0.022862 -0.150395 0.474000 23 63 76
0.024088 -0.150395 0.474000 25 65 78
0.025260 -0.150077 0.473000 5 34 42
0.026483 -0.150077 0.473000 3 32 40
0.027706 -0.150077 0.473000 11 31 24
0.043052 -0.148174 0.467000 93 104 100
0.044260 -0.148174 0.467000 75 87 79
0.045467 -0.148174 0.467000 50 62 54
0.046774 -0.148491 0.468000 23 36 31
0.047985 -0.148491 0.468000 15 28 23
0.049195 -0.148491 0.468000 15 28 25
0.050405 -0.148491 0.468000 19 32 29
0.051615 -0.148491 0.468000 22 35 32
0.052825 -0.148491 0.468000 28 41 38
0.054151 -0.148808 0.469000 30 43 40
0.055363 -0.148808 0.469000 42 55 52
0.056576 -0.148808 0.469000 42 55 54
0.057912 -0.149125 0.470000 38 51 50
0.059127 -0.149125 0.470000 33 46 43
0.060342 -0.149125 0.470000 28 41 38
0.061558 -0.149125 0.470000 28 42 33
0.062906 -0.149443 0.471000 22 36 27
0.064124 -0.149443 0.471000 19 33 22
0.065342 -0.149443 0.471000 16 30 19
0.066560 -0.149443 0.471000 16 29 24
0.067922 -0.149760 0.472000 14 27 22
0.068996 -0.149443 0.471000 15 28 23
0.070214 -0.149443 0.471000 15 28 23
0.071431 -0.149443 0.471000 16 29 26
0.072495 -0.149125 0.470000 15 28 25
0.073710 -0.149125 0.470000 17 29 33
0.074926 -0.149125 0.470000 14 26 30
0.076141 -0.149125 0.470000 14 29 28
0.077356 -0.149125 0.470000 30 45 44
0.085028 -0.136117 0.429000 109 119 124
0.086138 -0.136117 0.429000 102 112 117
0.087247 -0.136117 0.429000 25 52 65
0.088356 -0.136117 0.429000 34 61 74
0.089257 -0.135799 0.428000 23 66 87
0.090364 -0.135799 0.428000 23 66 87
0.095130 -0.131675 0.415000 68 84 92
0.096203 -0.131675 0.415000 35 51 59
0.097042 -0.131357 0.414000 27 45 54
0.097875 -0.131040 0.413000 27 45 54
0.098943 -0.131040 0.413000 23 50 59
0.099527 -0.130405 0.411000 21 48 57
0.100590 -0.130405 0.411000 18 47 59
0.101652 -0.130405 0.411000 15 44 56
0.102715 -0.130405 0.411000 9 41 59
0.103778 -0.130405 0.411000 22 54 72
0.105096 -0.130723 0.412000 16 61 86
0.106161 -0.130723 0.412000 23 68 93
0.107226 -0.130723 0.412000 37 85 107
0.109622 -0.131040 0.413000 5 48 71
0.110690 -0.131040 0.413000 11 54 77
0.111758 -0.131040 0.413000 35 76 98
0.112826 -0.131040 0.413000 20 61 83
0.231799 -0.158327 0.499000 54 65 76
0.232622 -0.158009 0.498000 49 66 71
0.233440 -0.157692 0.497000 47 64 69
0.235197 -0.158009 0.498000 49 66 69
0.236485 -0.158009 0.498000 50 67 70
0.238250 -0.158327 0.499000 65 77 81
0.241796 -0.158961 0.501000 69 82 81
-0.318508 -0.141300 0.449000 52 54 43
-0.318054 -0.141614 0.450000 18 27 20
-0.316890 -0.141614 0.450000 26 35 28
-0.315727 -0.141614 0.450000 36 42 40
-0.314563 -0.141614 0.450000 47 53 51
-0.313400 -0.141614 0.450000 45 56 54
-0.313624 -0.142244 0.452000 43 54 52
-0.305033 -0.145391 0.462000 60 62 51
-0.303838 -0.145391 0.462000 19 21 10
-0.301989 -0.145076 0.461000 21 30 23
-0.301449 -0.145391 0.462000 28 37 30
-0.300254 -0.145391 0.462000 36 48 50
-0.299060 -0.145391 0.462000 43 55 57
-0.297865 -0.145391 0.462000 40 55 54
-0.297313 -0.145706 0.463000 40 55 54
-0.296116 -0.145706 0.463000 35 48 47
-0.312720 -0.156405 0.497000 106 109 112
-0.311435 -0.156405 0.497000 127 130 133
-0.220252 -0.158294 0.503000 136 137 128
-0.218951 -0.158294 0.503000 138 139 130
-0.217650 -0.158294 0.503000 137 138 132
-0.216780 -0.158608 0.504000 133 134 128
-0.071026 -0.150741 0.479000 18 26 23
-0.069787 -0.150741 0.479000 28 36 33
-0.068549 -0.150741 0.479000 84 85 79
-0.067310 -0.150741 0.479000 115 116 110
-0.065934 -0.150426 0.478000 121 126 116
-0.064698 -0.150426 0.478000 113 118 108
-0.063329 -0.150111 0.477000 98 102 95
-0.061966 -0.149797 0.476000 79 83 76
-0.060735 -0.149797 0.476000 58 66 55
-0.059504 -0.149797 0.476000 30 38 27
-0.048584 -0.154202 0.490000 29 58 68
-0.047511 -0.154832 0.492000 34 76 91
-0.046238 -0.154832 0.492000 28 70 85
-0.045058 -0.155147 0.493000 23 72 89
-0.043783 -0.155147 0.493000 15 64 81
-0.042594 -0.155461 0.494000 11 59 81
-0.041233 -0.155147 0.493000 35 83 105
-0.039959 -0.155147 0.493000 39 76 93
-0.036061 -0.154832 0.492000 2 23 29
-0.034718 -0.154517 0.491000 0 25 32
-0.033517 -0.154832 0.492000 29 54 61
-0.018531 -0.146964 0.467000 0 34 49
-0.005260 -0.147279 0.468000 53 77 87
-0.004050 -0.147279 0.468000 75 86 84
-0.002840 -0.147279 0.468000 73 84 82
-0.001629 -0.147279 0.468000 74 83 76
-0.000420 -0.147594 0.469000 76 85 78
0.000794 -0.147908 0.470000 80 93 88
0.003232 -0.148223 0.471000 19 47 51
0.004449 -0.148223 0.471000 27 55 59
0.005679 -0.148538 0.472000 16 55 62
0.006914 -0.148853 0.473000 16 55 62
0.008137 -0.148853 0.473000 38 70 79
0.009360 -0.148853 0.473000 53 85 94
0.010606 -0.149167 0.474000 67 89 92
0.011831 -0.149167 0.474000 64 86 89
0.013057 -0.149167 0.474000 54 67 66
0.014313 -0.149482 0.475000 35 48 47
0.015541 -0.149482 0.475000 9 23 25
0.016769 -0.149482 0.475000 12 26 28
0.017959 -0.149167 0.474000 14 41 52
0.019185 -0.149167 0.474000 26 53 64
0.020411 -0.149167 0.474000 27 65 79
0.021636 -0.149167 0.474000 25 63 77
0.022862 -0.149167 0.474000 21 61 74
0.024037 -0.148853 0.473000 23 63 76
0.025260 -0.148853 0.473000 28 61 76
0.026483 -0.148853 0.473000 0 21 36
0.027706 -0.148853 0.473000 2 24 23
0.028929 -0.148853 0.473000 7 29 28
0.040637 -0.146964 0.467000 25 36 32
0.041844 -0.146964 0.467000 33 46 41
0.043052 -0.146964 0.467000 23 36 31
0.044260 -0.146964 0.467000 12 25 20
0.045467 -0.146964 0.467000 16 29 24
0.046774 -0.147279 0.468000 17 30 25
0.047985 -0.147279 0.468000 23 36 31
0.049195 -0.147279 0.468000 26 39 34
0.050405 -0.147279 0.468000 29 42 37
0.051615 -0.147279 0.468000 39 52 47
0.052825 -0.147279 0.468000 38 51 46
0.054035 -0.147279 0.468000 38 51 46
0.055363 -0.147594 0.469000 35 48 43
0.056576 -0.147594 0.469000 29 44 41
0.057789 -0.147594 0.469000 28 43 40
0.059127 -0.147908 0.470000 27 42 39
0.060342 -0.147908 0.470000 26 41 38
0.061558 -0.147908 0.470000 21 36 31
0.062773 -0.147908 0.470000 17 32 27
0.064124 -0.148223 0.471000 16 29 24
0.065342 -0.148223 0.471000 14 27 22
0.066560 -0.148223 0.471000 12 25 20
0.067778 -0.148223 0.471000 12 25 20
0.068996 -0.148223 0.471000 15 28 23
0.070214 -0.148223 0.471000 11 24 19
0.071280 -0.147908 0.470000 11 22 22
0.072495 -0.147908 0.470000 16 27 27
0.073553 -0.147594 0.469000 28 40 44
0.085028 -0.135006 0.429000 113 125 127
0.086138 -0.135006 0.429000 106 118 120
0.087247 -0.135006 0.429000 30 58 75
0.088356 -0.135006 0.429000 37 65 82
0.089257 -0.134691 0.428000 26 69 90
0.090152 -0.134376 0.427000 22 65 86
0.093656 -0.131544 0.418000 33 67 85
0.095359 -0.130915 0.416000 89 107 114
0.096203 -0.130600 0.415000 67 85 92
0.097042 -0.130285 0.414000 35 51 59
0.097875 -0.129971 0.413000 34 50 58
0.098943 -0.129971 0.413000 23 45 57
0.099527 -0.129341 0.411000 22 44 56
0.100590 -0.129341 0.411000 19 48 60
0.101652 -0.129341 0.411000 19 48 60
0.102715 -0.129341 0.411000 17 56 74
0.103778 -0.129341 0.411000 17 56 74
0.104840 -0.129341 0.411000 16 65 89
0.105903 -0.129341 0.411000 29 78 102
0.107226 -0.129656 0.412000 30 78 100
0.108291 -0.129656 0.412000 15 63 85
0.109357 -0.129656 0.412000 0 37 56
0.111758 -0.129971 0.413000 25 64 84
0.232434 -0.159238 0.506000 126 132 134
0.232818 -0.158608 0.504000 49 60 71
0.231799 -0.157035 0.499000 54 65 76
0.232622 -0.156720 0.498000 48 65 70
0.233440 -0.156405 0.497000 49 66 71
0.234725 -0.156405 0.497000 47 64 67
0.236485 -0.156720 0.498000 49 66 69
0.238250 -0.157035 0.499000 57 71 75
0.240020 -0.157349 0.500000 69 83 87
-0.319669 -0.140137 0.449000 54 62 51
-0.318508 -0.140137 0.449000 47 55 44
-0.318054 -0.140449 0.450000 24 33 26
-0.316890 -0.140449 0.450000 27 36 29
-0.315727 -0.140449 0.450000 37 43 41
-0.314563 -0.140449 0.450000 44 50 48
-0.314096 -0.140761 0.451000 44 55 53
-0.305565 -0.143883 0.461000 136 137 124
-0.304373 -0.143883 0.461000 25 27 16
-0.303838 -0.144195 0.462000 29 31 20
-0.302644 -0.144195 0.462000 27 35 32
-0.301449 -0.144195 0.462000 33 41 38
-0.300254 -0.144195 0.462000 34 48 50
-0.299060 -0.144195 0.462000 44 58 60
-0.297865 -0.144195 0.462000 41 56 55
-0.297313 -0.144507 0.463000 40 55 54
-0.312720 -0.155118 0.497000 127 130 133
-0.220252 -0.156991 0.503000 134 135 126
-0.218951 -0.156991 0.503000 137 138 129
-0.217650 -0.156991 0.503000 137 138 129
-0.073657 -0.149813 0.480000 19 27 24
-0.072415 -0.149813 0.480000 34 42 39
-0.071174 -0.149813 0.480000 71 75 68
-0.069933 -0.149813 0.480000 121 125 118
-0.068549 -0.149501 0.479000 128 133 123
-0.067310 -0.149501 0.479000 119 124 114
-0.065934 -0.149188 0.478000 105 110 100
-0.064698 -0.149188 0.478000 94 99 89
-0.063329 -0.148876 0.477000 64 71 65
-0.062096 -0.148876 0.477000 33 40 34
-0.048882 -0.153870 0.493000 23 52 60
-0.047800 -0.154494 0.495000 36 78 93
-0.045423 -0.155118 0.497000 21 69 89
-0.044138 -0.155118 0.497000 17 65 85
-0.042853 -0.155118 0.497000 11 59 79
-0.041652 -0.155431 0.498000 28 76 96
-0.040364 -0.155431 0.498000 45 82 99
-0.033653 -0.154182 0.494000 5 26 32
-0.024621 -0.146067 0.468000 12 54 69
-0.023411 -0.146067 0.468000 29 72 84
-0.020946 -0.145755 0.467000 16 58 73
-0.019739 -0.145755 0.467000 14 56 71
-0.018531 -0.145755 0.467000 6 43 60
-0.016151 -0.146067 0.468000 12 45 58
-0.005260 -0.146067 0.468000 32 59 70
-0.004050 -0.146067 0.468000 42 55 54
-0.002840 -0.146067 0.468000 68 81 80
-0.001629 -0.146067 0.468000 79 90 86
-0.000421 -0.146692 0.470000 79 90 86
0.000794 -0.146692 0.470000 75 86 82
0.003232 -0.147004 0.471000 37 61 63
0.004459 -0.147316 0.472000 25 49 51
0.005691 -0.147628 0.473000 20 56 66
0.006914 -0.147628 0.473000 15 51 61
0.008137 -0.147628 0.473000 20 55 68
0.009380 -0.147940 0.474000 45 80 93
0.010606 -0.147940 0.474000 58 83 90
0.011856 -0.148252 0.475000 57 82 89
0.013085 -0.148252 0.475000 65 82 83
0.014313 -0.148252 0.475000 72 89 90
0.015541 -0.148252 0.475000 70 84 86
0.016769 -0.148252 0.475000 47 61 63
0.017997 -0.148252 0.475000 23 45 48
0.019185 -0.147940 0.474000 22 44 47
0.020411 -0.147940 0.474000 24 57 70
0.021636 -0.147940 0.474000 30 63 76
0.022862 -0.147940 0.474000 23 62 78
0.024037 -0.147628 0.473000 23 62 78
0.025260 -0.147628 0.473000 29 68 84
0.026483 -0.147628 0.473000 12 51 67
0.027706 -0.147628 0.473000 0 16 28
0.028929 -0.147628 0.473000 0 23 35
0.030152 -0.147628 0.473000 8 23 18
0.037014 -0.145755 0.467000 20 32 24
0.038222 -0.145755 0.467000 20 32 24
0.039429 -0.145755 0.467000 20 32 24
0.040637 -0.145755 0.467000 19 31 23
0.041844 -0.145755 0.467000 16 29 26
0.043052 -0.145755 0.467000 17 30 27
0.044260 -0.145755 0.467000 21 34 31
0.045564 -0.146067 0.468000 23 36 33
0.046774 -0.146067 0.468000 25 36 32
0.047985 -0.146067 0.468000 31 42 38
0.049195 -0.146067 0.468000 40 51 47
0.050405 -0.146067 0.468000 38 49 45
0.051615 -0.146067 0.468000 36 49 44
0.052825 -0.146067 0.468000 31 44 39
0.054035 -0.146067 0.468000 28 43 40
0.055245 -0.146067 0.468000 28 43 40
0.056576 -0.146379 0.469000 31 46 43
0.057789 -0.146379 0.469000 30 45 42
0.059001 -0.146379 0.469000 27 42 39
0.060214 -0.146379 0.469000 19 34 31
0.061427 -0.146379 0.469000 15 28 25
0.062773 -0.146692 0.470000 12 25 22
0.063988 -0.146692 0.470000 12 25 22
0.065203 -0.146692 0.470000 9 22 19
0.066419 -0.146692 0.470000 12 25 20
0.067634 -0.146692 0.470000 11 24 19
0.068849 -0.146692 0.470000 18 26 23
0.070064 -0.146692 0.470000 32 40 37
0.085028 -0.133895 0.429000 112 129 132
0.086138 -0.133895 0.429000 71 88 91
0.087247 -0.133895 0.429000 25 59 77
0.088150 -0.133583 0.428000 32 66 84
0.089257 -0.133583 0.428000 27 70 91
0.090152 -0.133271 0.427000 25 68 89
0.090829 -0.132647 0.425000 24 70 92
0.091712 -0.132334 0.424000 28 74 96
0.093018 -0.131086 0.420000 32 78 100
0.093656 -0.130462 0.418000 17 56 76
0.095130 -0.129525 0.415000 96 117 125
0.096203 -0.129525 0.415000 92 113 121
0.097042 -0.129213 0.414000 75 87 91
0.097875 -0.128901 0.413000 47 59 63
0.098943 -0.128901 0.413000 20 37 49
0.099769 -0.128589 0.412000 24 41 53
0.100590 -0.128277 0.411000 16 47 61
0.101652 -0.128277 0.411000 18 49 63
0.102715 -0.128277 0.411000 19 63 81
0.103778 -0.128277 0.411000 13 57 75
0.104840 -0.128277 0.411000 24 73 97
0.105903 -0.128277 0.411000 28 77 101
0.106966 -0.128277 0.411000 33 79 101
0.108029 -0.128277 0.411000 11 57 79
0.109357 -0.128589 0.412000 1 38 57
0.110422 -0.128589 0.412000 17 54 73
0.231799 -0.155743 0.499000 46 57 68
0.232622 -0.155431 0.498000 49 67 76
0.233440 -0.155118 0.497000 49 67 76
0.234725 -0.155118 0.497000 51 70 74
0.236010 -0.155118 0.497000 48 67 71
0.237772 -0.155431 0.498000 52 69 74
0.239540 -0.155743 0.499000 65 82 87
0.241313 -0.156055 0.500000 58 72 74
-0.319669 -0.138975 0.449000 57 70 57
-0.318508 -0.138975 0.449000 18 31 18
-0.318054 -0.139284 0.450000 23 34 30
-0.316890 -0.139284 0.450000 26 37 33
-0.315727 -0.139284 0.450000 42 50 47
-0.314563 -0.139284 0.450000 46 54 51
-0.316185 -0.140522 0.454000 43 54 52
-0.306757 -0.142689 0.461000 155 157 139
-0.305565 -0.142689 0.461000 75 77 59
-0.304373 -0.142689 0.461000 17 22 12
-0.303181 -0.142689 0.461000 28 33 23
-0.301989 -0.142689 0.461000 27 39 31
-0.301449 -0.142998 0.462000 36 48 40
-0.300254 -0.142998 0.462000 42 54 56
-0.299060 -0.142998 0.462000 47 59 61
-0.297865 -0.142998 0.462000 43 58 57
-0.297313 -0.143308 0.463000 37 52 51
-0.312720 -0.153832 0.497000 126 129 132
-0.219814 -0.155379 0.502000 136 137 128
-0.218951 -0.155689 0.503000 136 137 128
-0.217650 -0.155689 0.503000 133 135 126
-0.135214 -0.156617 0.506000 136 138 127
-0.076297 -0.148879 0.481000 21 27 25
-0.075054 -0.148879 0.481000 36 42 40
-0.073810 -0.148879 0.481000 70 77 69
-0.072566 -0.148879 0.481000 121 128 120
-0.071323 -0.148879 0.481000 137 142 130
-0.069933 -0.148570 0.480000 133 138 126
-0.068692 -0.148570 0.480000 114 119 109
-0.067310 -0.148260 0.479000 103 108 98
-0.066072 -0.148260 0.479000 78 83 73
-0.064833 -0.148260 0.479000 36 41 31
-0.046802 -0.154141 0.498000 27 69 84
-0.045515 -0.154141 0.498000 17 66 83
-0.044227 -0.154141 0.498000 18 67 84
-0.043025 -0.154451 0.499000 12 60 80
-0.041735 -0.154451 0.499000 18 66 86
-0.040445 -0.154451 0.499000 47 86 104
-0.037789 -0.154141 0.498000 1 24 31
-0.036428 -0.153832 0.497000 2 25 32
-0.024569 -0.144546 0.467000 15 54 72
-0.023361 -0.144546 0.467000 19 61 76
-0.022154 -0.144546 0.467000 34 76 91
-0.020946 -0.144546 0.467000 28 68 81
-0.019739 -0.144546 0.467000 19 59 72
-0.018531 -0.144546 0.467000 18 53 68
-0.017361 -0.144856 0.468000 4 39 54
-0.016151 -0.144856 0.468000 6 41 54
-0.014972 -0.145165 0.469000 13 48 61
-0.013760 -0.145165 0.469000 17 50 63
-0.011359 -0.145475 0.470000 16 53 70
-0.004050 -0.144856 0.468000 0 16 19
-0.002840 -0.144856 0.468000 0 17 20
-0.001633 -0.145165 0.469000 12 23 21
-0.000421 -0.145475 0.470000 38 49 47
0.000794 -0.145475 0.470000 67 78 76
0.003232 -0.145784 0.471000 58 80 83
0.004459 -0.146094 0.472000 31 53 56
0.005691 -0.146403 0.473000 17 49 58
0.006914 -0.146403 0.473000 18 50 59
0.008155 -0.146713 0.474000 18 53 68
0.009380 -0.146713 0.474000 29 64 79
0.010628 -0.147022 0.475000 54 83 95
0.011856 -0.147022 0.475000 54 83 95
0.013112 -0.147332 0.476000 59 81 82
0.014343 -0.147332 0.476000 61 83 84
0.015574 -0.147332 0.476000 64 81 82
0.016769 -0.147022 0.475000 67 84 85
0.017997 -0.147022 0.475000 72 89 92
0.019185 -0.146713 0.474000 68 85 88
0.020411 -0.146713 0.474000 20 49 59
0.021636 -0.146713 0.474000 32 61 71
0.022814 -0.146403 0.473000 24 63 81
0.024037 -0.146403 0.473000 22 61 79
0.025260 -0.146403 0.473000 17 59 78
0.026483 -0.146403 0.473000 30 72 91
0.027706 -0.146403 0.473000 15 47 65
0.028868 -0.146094 0.472000 0 16 34
0.030024 -0.145784 0.471000 2 21 25
0.031242 -0.145784 0.471000 4 23 27
0.032391 -0.145475 0.470000 8 23 18
0.035807 -0.144546 0.467000 16 30 21
0.037014 -0.144546 0.467000 17 31 22
0.038222 -0.144546 0.467000 16 30 21
0.039429 -0.144546 0.467000 17 28 24
0.040637 -0.144546 0.467000 19 30 26
0.041844 -0.144546 0.467000 22 35 32
0.043052 -0.144546 0.467000 25 38 35
0.044260 -0.144546 0.467000 28 41 38
0.045564 -0.144856 0.468000 31 44 41
0.046675 -0.144546 0.467000 35 48 45
0.047985 -0.144856 0.468000 33 46 43
0.049195 -0.144856 0.468000 33 46 41
0.050405 -0.144856 0.468000 22 35 30
0.051615 -0.144856 0.468000 21 36 31
0.052825 -0.144856 0.468000 23 38 33
0.054035 -0.144856 0.468000 24 39 36
0.055245 -0.144856 0.468000 26 41 38
0.056455 -0.144856 0.468000 20 35 32
0.057789 -0.145165 0.469000 14 29 26
0.058875 -0.144856 0.468000 15 28 25
0.060214 -0.145165 0.469000 14 27 24
0.061427 -0.145165 0.469000 12 25 22
0.062639 -0.145165 0.469000 10 23 20
0.063852 -0.145165 0.469000 8 21 18
0.065065 -0.145165 0.469000 10 23 20
0.066277 -0.145165 0.469000 19 30 26
0.067490 -0.145165 0.469000 40 51 47
0.085028 -0.132784 0.429000 108 129 135
0.086138 -0.132784 0.429000 37 58 64
0.087247 -0.132784 0.429000 24 63 81
0.088150 -0.132475 0.428000 32 71 89
0.089048 -0.132165 0.427000 27 70 93
0.089730 -0.131546 0.425000 23 66 89
0.090615 -0.131237 0.424000 25 71 93
0.091495 -0.130927 0.423000 28 74 96
0.092370 -0.130618 0.422000 32 78 100
0.093018 -0.129999 0.420000 31 77 99
0.093656 -0.129380 0.418000 16 57 79
0.095359 -0.128761 0.416000 82 104 114
0.096203 -0.128451 0.415000 101 123 133
0.097276 -0.128451 0.415000 101 111 116
0.098112 -0.128141 0.414000 81 91 96
0.098943 -0.127832 0.413000 43 59 67
0.100011 -0.127832 0.413000 22 38 46
0.100590 -0.127213 0.411000 15 48 63
0.101652 -0.127213 0.411000 23 56 71
0.102715 -0.127213 0.411000 19 65 85
0.103778 -0.127213 0.411000 14 60 80
0.104840 -0.127213 0.411000 26 73 98
0.105903 -0.127213 0.411000 30 77 102
0.106966 -0.127213 0.411000 19 62 83
0.108029 -0.127213 0.411000 2 45 66
0.109357 -0.127522 0.412000 6 43 60
0.233280 -0.156308 0.505000 110 121 130
0.231799 -0.154451 0.499000 47 58 67
0.232622 -0.154141 0.498000 48 65 77
0.233440 -0.153832 0.497000 49 66 78
0.234725 -0.153832 0.497000 48 67 71
0.236010 -0.153832 0.497000 47 66 70
0.237772 -0.154141 0.498000 51 70 74
0.239060 -0.154141 0.498000 62 81 85
0.240830 -0.154451 0.499000 62 76 80
-0.320830 -0.137812 0.449000 83 85 72
-0.319669 -0.137812 0.449000 43 55 47
-0.318508 -0.137812 0.449000 23 35 27
-0.318054 -0.138119 0.450000 24 37 34
-0.316890 -0.138119 0.450000 31 44 41
-0.315727 -0.138119 0.450000 45 56 54
-0.314563 -0.138119 0.450000 45 56 54
-0.316882 -0.139654 0.455000 43 56 55
-0.924922 -0.410674 1.338000 20 37 42
-0.306757 -0.141495 0.461000 142 145 129
-0.305565 -0.141495 0.461000 37 40 24
-0.304373 -0.141495 0.461000 22 31 22
-0.303181 -0.141495 0.461000 26 35 26
-0.301989 -0.141495 0.461000 27 38 34
-0.301449 -0.141802 0.462000 36 47 43
-0.300254 -0.141802 0.462000 43 56 53
-0.299060 -0.141802 0.462000 49 62 59
-0.297865 -0.141802 0.462000 40 53 50
-0.219814 -0.154079 0.502000 132 134 125
-0.218951 -0.154386 0.503000 135 137 128
-0.133905 -0.155307 0.506000 142 144 131
-0.132335 -0.155000 0.505000 135 137 124
-0.131029 -0.155000 0.505000 135 137 124
-0.078949 -0.147941 0.482000 23 29 29
-0.077702 -0.147941 0.482000 44 50 50
-0.076456 -0.147941 0.482000 84 91 85
-0.075210 -0.147941 0.482000 120 127 121
-0.073963 -0.147941 0.482000 134 138 131
-0.072566 -0.147634 0.481000 136 140 133
-0.071471 -0.147941 0.482000 130 135 123
-0.070225 -0.147941 0.482000 115 120 108
-0.068835 -0.147634 0.481000 77 82 72
-0.049378 -0.152852 0.498000 28 60 67
-0.048090 -0.152852 0.498000 37 81 97
-0.046896 -0.153159 0.499000 28 72 88
-0.045697 -0.153466 0.500000 19 68 83
-0.044405 -0.153466 0.500000 19 68 83
-0.043112 -0.153466 0.500000 13 63 82
-0.041819 -0.153466 0.500000 11 61 80
-0.037940 -0.153466 0.500000 43 68 75
-0.036574 -0.153159 0.499000 48 73 80
-0.035284 -0.153159 0.499000 50 67 68
-0.033994 -0.153159 0.499000 47 64 65
-0.024516 -0.143030 0.466000 19 58 74
-0.023361 -0.143337 0.467000 16 55 71
-0.022154 -0.143337 0.467000 26 65 81
-0.020946 -0.143337 0.467000 30 70 83
-0.019739 -0.143337 0.467000 24 64 77
-0.018571 -0.143644 0.468000 24 59 72
-0.017361 -0.143644 0.468000 17 52 65
-0.016151 -0.143644 0.468000 6 39 52
-0.014972 -0.143951 0.469000 15 48 61
-0.012574 -0.144258 0.470000 21 54 69
-0.011359 -0.144258 0.470000 19 53 71
-0.010143 -0.144258 0.470000 6 40 58
-0.008928 -0.144258 0.470000 0 35 50
-0.007713 -0.144258 0.470000 6 41 56
-0.004050 -0.143644 0.468000 0 19 23
-0.002846 -0.143951 0.469000 5 24 28
-0.001633 -0.143951 0.469000 9 20 18
-0.000421 -0.144258 0.470000 2 13 11
0.000794 -0.144258 0.470000 4 12 11
0.003232 -0.144565 0.471000 27 44 45
0.004459 -0.144872 0.472000 26 43 44
0.005691 -0.145178 0.473000 17 46 54
0.006914 -0.145178 0.473000 22 51 59
0.008155 -0.145485 0.474000 17 52 65
0.009380 -0.145485 0.474000 14 49 62
0.010628 -0.145792 0.475000 38 71 86
0.011881 -0.146099 0.476000 48 81 96
0.013112 -0.146099 0.476000 57 82 87
0.014343 -0.146099 0.476000 56 81 86
0.015574 -0.146099 0.476000 56 78 77
0.016804 -0.146099 0.476000 60 82 81
0.017997 -0.145792 0.475000 66 85 85
0.019185 -0.145485 0.474000 73 92 92
0.020411 -0.145485 0.474000 55 80 87
0.021591 -0.145178 0.473000 25 50 57
0.022814 -0.145178 0.473000 23 63 76
0.024037 -0.145178 0.473000 23 63 76
0.025206 -0.144872 0.472000 16 58 77
0.026427 -0.144872 0.472000 17 59 78
0.027647 -0.144872 0.472000 33 72 90
0.028806 -0.144565 0.471000 9 48 66
0.029961 -0.144258 0.470000 0 14 24
0.031110 -0.143951 0.469000 0 21 31
0.032253 -0.143644 0.468000 8 21 18
0.034674 -0.143644 0.468000 12 25 20
0.035807 -0.143337 0.467000 15 28 23
0.037014 -0.143337 0.467000 16 29 24
0.038222 -0.143337 0.467000 17 30 25
0.039429 -0.143337 0.467000 16 29 24
0.040637 -0.143337 0.467000 25 38 33
0.041844 -0.143337 0.467000 31 42 38
0.043052 -0.143337 0.467000 34 45 41
0.044260 -0.143337 0.467000 37 50 45
0.045467 -0.143337 0.467000 37 50 45
0.046774 -0.143644 0.468000 28 41 38
0.047985 -0.143644 0.468000 16 29 26
0.049195 -0.143644 0.468000 16 29 26
0.050405 -0.143644 0.468000 17 30 27
0.051615 -0.143644 0.468000 15 30 27
0.052825 -0.143644 0.468000 17 32 29
0.054035 -0.143644 0.468000 17 32 31
0.055245 -0.143644 0.468000 13 28 27
0.056455 -0.143644 0.468000 8 23 22
0.057665 -0.143644 0.468000 8 23 22
0.058875 -0.143644 0.468000 11 22 20
0.060086 -0.143644 0.468000 8 19 17
0.061296 -0.143644 0.468000 7 20 17
0.062506 -0.143644 0.468000 9 22 19
0.063716 -0.143644 0.468000 33 46 45
0.084115 -0.131980 0.430000 114 129 126
0.087247 -0.131673 0.429000 26 68 87
0.088150 -0.131367 0.428000 31 73 92
0.089257 -0.131367 0.428000 24 70 90
0.089730 -0.130446 0.425000 20 66 86
0.090615 -0.130139 0.424000 25 71 93
0.091712 -0.130139 0.424000 28 74 96
0.092370 -0.129525 0.422000 33 79 101
0.093018 -0.128911 0.420000 38 84 106
0.093880 -0.128604 0.419000 27 68 92
0.094964 -0.128604 0.419000 3 44 68
0.095589 -0.127990 0.417000 37 66 78
0.096203 -0.127376 0.415000 98 127 139
0.097276 -0.127376 0.415000 108 120 122
0.098112 -0.127070 0.414000 97 109 111
0.099183 -0.127070 0.414000 81 95 101
0.100011 -0.126763 0.413000 36 50 56
0.100590 -0.126149 0.411000 13 48 61
0.101652 -0.126149 0.411000 26 61 74
0.102715 -0.126149 0.411000 18 64 84
0.103778 -0.126149 0.411000 26 72 92
0.104840 -0.126149 0.411000 30 78 100
0.105903 -0.126149 0.411000 25 73 95
0.106966 -0.126149 0.411000 12 50 73
0.108029 -0.126149 0.411000 7 45 68
0.109091 -0.126149 0.411000 6 43 62
0.232622 -0.152852 0.498000 49 64 77
0.233909 -0.152852 0.498000 50 65 78
0.234725 -0.152545 0.497000 49 68 72
0.236010 -0.152545 0.497000 48 67 71
0.237295 -0.152545 0.497000 49 68 72
0.239060 -0.152852 0.498000 59 78 82
0.240830 -0.153159 0.499000 67 81 85
0.242606 -0.153466 0.500000 57 71 75
-0.320830 -0.136650 0.449000 67 68 55
-0.319669 -0.136650 0.449000 39 51 43
-0.318508 -0.136650 0.449000 29 41 33
-0.318054 -0.136954 0.450000 22 37 36
-0.316890 -0.136954 0.450000 29 44 43
-0.315727 -0.136954 0.450000 47 60 59
-0.314563 -0.136954 0.450000 43 56 55
-0.316882 -0.138476 0.455000 40 54 56
-0.935321 -0.410253 1.348000 27 41 43
-0.929761 -0.409340 1.345000 19 35 43
-0.923529 -0.408123 1.341000 12 28 36
-0.309141 -0.140302 0.461000 146 147 136
-0.307949 -0.140302 0.461000 158 159 148
-0.306757 -0.140302 0.461000 103 105 92
-0.305565 -0.140302 0.461000 19 21 8
-0.304373 -0.140302 0.461000 23 35 27
-0.303181 -0.140302 0.461000 24 36 28
-0.301989 -0.140302 0.461000 31 42 38
-0.301449 -0.140606 0.462000 38 49 45
-0.300254 -0.140606 0.462000 42 55 52
-0.299060 -0.140606 0.462000 44 57 54
-0.219814 -0.152780 0.502000 135 137 128
-0.131029 -0.153693 0.505000 146 147 136
-0.129724 -0.153693 0.505000 146 147 138
-0.125806 -0.153693 0.505000 131 133 124
-0.081610 -0.146997 0.483000 33 41 38
-0.080361 -0.146997 0.483000 66 74 71
-0.079112 -0.146997 0.483000 100 107 101
-0.077864 -0.146997 0.483000 128 135 129
-0.076615 -0.146997 0.483000 134 138 133
-0.075366 -0.146997 0.483000 129 133 128
-0.074117 -0.146997 0.483000 124 129 119
-0.072868 -0.146997 0.483000 116 121 111
-0.070516 -0.147302 0.484000 53 61 50
-0.050665 -0.151562 0.498000 39 71 80
-0.049477 -0.151867 0.499000 28 60 69
-0.048283 -0.152171 0.500000 32 76 92
-0.047084 -0.152475 0.501000 22 66 82
-0.045880 -0.152780 0.502000 23 70 85
-0.044671 -0.153084 0.503000 20 67 82
-0.043370 -0.153084 0.503000 16 64 84
-0.042070 -0.153084 0.503000 10 58 78
-0.040769 -0.153084 0.503000 39 82 103
-0.039469 -0.153084 0.503000 33 76 97
-0.038092 -0.152780 0.502000 41 70 78
-0.036721 -0.152475 0.501000 40 69 77
-0.035425 -0.152475 0.501000 49 67 65
-0.023361 -0.142128 0.467000 19 58 74
-0.022154 -0.142128 0.467000 16 55 71
-0.020991 -0.142432 0.468000 24 64 77
-0.019781 -0.142432 0.468000 30 70 83
-0.018571 -0.142432 0.468000 24 62 74
-0.017361 -0.142432 0.468000 24 62 74
-0.016185 -0.142736 0.469000 14 49 62
-0.013789 -0.143041 0.470000 16 49 62
-0.012574 -0.143041 0.470000 17 50 63
-0.011359 -0.143041 0.470000 14 49 64
-0.010165 -0.143345 0.471000 11 46 61
-0.008928 -0.143041 0.470000 0 34 52
-0.007713 -0.143041 0.470000 3 37 55
-0.006497 -0.143041 0.470000 10 42 53
-0.005271 -0.142736 0.469000 23 55 66
-0.004050 -0.142432 0.468000 0 23 28
-0.002840 -0.142432 0.468000 4 27 32
-0.001629 -0.142432 0.468000 7 25 23
-0.000420 -0.142736 0.469000 8 26 24
0.000794 -0.143041 0.470000 13 24 22
0.003232 -0.143345 0.471000 1 14 13
0.004468 -0.143954 0.473000 3 16 15
0.005691 -0.143954 0.473000 7 32 37
0.006914 -0.143954 0.473000 26 51 56
0.008155 -0.144258 0.474000 18 54 64
0.009400 -0.144562 0.475000 14 50 60
0.010628 -0.144562 0.475000 15 53 67
0.011881 -0.144867 0.476000 37 75 89
0.013112 -0.144867 0.476000 59 86 95
0.014343 -0.144867 0.476000 55 82 91
0.015574 -0.144867 0.476000 57 79 78
0.016804 -0.144867 0.476000 59 81 80
0.017997 -0.144562 0.475000 62 79 80
0.019185 -0.144258 0.474000 67 84 85
0.020368 -0.143954 0.473000 81 103 104
0.021591 -0.143954 0.473000 54 76 77
0.022814 -0.143954 0.473000 13 49 59
0.023986 -0.143649 0.472000 25 61 71
0.025153 -0.143345 0.471000 19 61 76
0.026371 -0.143345 0.471000 17 59 74
0.027530 -0.143041 0.470000 19 61 78
0.028684 -0.142736 0.469000 30 72 89
0.029833 -0.142432 0.468000 12 40 55
0.031043 -0.142432 0.468000 0 19 34
0.032253 -0.142432 0.468000 9 23 27
0.034599 -0.142128 0.467000 12 27 24
0.035807 -0.142128 0.467000 15 30 27
0.037014 -0.142128 0.467000 21 34 29
0.038222 -0.142128 0.467000 26 39 34
0.039429 -0.142128 0.467000 36 47 43
0.040637 -0.142128 0.467000 38 49 45
0.041844 -0.142128 0.467000 39 51 43
0.043052 -0.142128 0.467000 34 46 38
0.044260 -0.142128 0.467000 28 41 36
0.045564 -0.142432 0.468000 16 29 24
0.046774 -0.142432 0.468000 12 25 22
0.047985 -0.142432 0.468000 11 24 21
0.049195 -0.142432 0.468000 12 25 22
0.050405 -0.142432 0.468000 14 27 24
0.051615 -0.142432 0.468000 14 27 24
0.052825 -0.142432 0.468000 12 25 22
0.054035 -0.142432 0.468000 11 24 23
0.055245 -0.142432 0.468000 10 23 22
0.056455 -0.142432 0.468000 9 22 19
0.057665 -0.142432 0.468000 2 15 12
0.058875 -0.142432 0.468000 8 18 21
0.060086 -0.142432 0.468000 29 39 42
0.061296 -0.142432 0.468000 59 72 71
0.062506 -0.142432 0.468000 83 96 95
0.087247 -0.130563 0.429000 26 73 90
0.088356 -0.130563 0.429000 25 72 89
0.089257 -0.130258 0.428000 26 72 92
0.089730 -0.129345 0.425000 20 66 86
0.090615 -0.129041 0.424000 23 69 91
0.092589 -0.128737 0.423000 30 78 100
0.093240 -0.128128 0.421000 38 86 108
0.094104 -0.127824 0.420000 28 69 91
0.094964 -0.127519 0.419000 6 47 69
0.095818 -0.127215 0.418000 9 42 57
0.096435 -0.126606 0.416000 76 109 124
0.097276 -0.126302 0.415000 115 129 131
0.098349 -0.126302 0.415000 106 120 122
0.099422 -0.126302 0.415000 102 116 122
0.100011 -0.125693 0.413000 79 93 99
0.100590 -0.125085 0.411000 20 55 68
0.101652 -0.125085 0.411000 26 61 74
0.102715 -0.125085 0.411000 21 67 87
0.103778 -0.125085 0.411000 28 74 94
0.104840 -0.125085 0.411000 33 75 101
0.105903 -0.125085 0.411000 19 61 87
0.106966 -0.125085 0.411000 16 53 74
0.108029 -0.125085 0.411000 15 52 73
0.109091 -0.125085 0.411000 6 43 62
0.234121 -0.153388 0.504000 68 78 85
0.233089 -0.151867 0.499000 41 56 69
0.233909 -0.151562 0.498000 52 67 80
0.234725 -0.151258 0.497000 52 71 75
0.235535 -0.150954 0.496000 51 70 74
0.237295 -0.151258 0.497000 48 67 69
0.239060 -0.151562 0.498000 53 72 74
0.240348 -0.151562 0.498000 65 79 81
0.242606 -0.152171 0.500000 55 69 71
-0.320830 -0.135487 0.449000 56 57 44
-0.319669 -0.135487 0.449000 33 45 37
-0.319217 -0.135789 0.450000 23 35 27
-0.318054 -0.135789 0.450000 20 34 36
-0.316890 -0.135789 0.450000 28 42 44
-0.315727 -0.135789 0.450000 46 59 58
-0.314563 -0.135789 0.450000 44 57 56
-0.316882 -0.137297 0.455000 38 52 54
-0.936708 -0.407366 1.350000 27 41 43
-0.931144 -0.406461 1.347000 19 35 45
-0.926284 -0.405857 1.345000 12 28 38
-0.922120 -0.405556 1.344000 83 90 98
-0.918644 -0.405556 1.344000 131 138 146
-0.311006 -0.139410 0.462000 144 144 146
-0.309141 -0.139108 0.461000 147 149 138
-0.307949 -0.139108 0.461000 155 157 146
-0.306757 -0.139108 0.461000 66 71 59
-0.305565 -0.139108 0.461000 16 21 9
-0.304373 -0.139108 0.461000 25 37 29
-0.303181 -0.139108 0.461000 26 38 30
-0.301989 -0.139108 0.461000 31 44 41
-0.301449 -0.139410 0.462000 39 52 49
-0.218516 -0.151480 0.502000 133 134 130
-0.124500 -0.152385 0.505000 136 138 129
-0.123195 -0.152385 0.505000 133 135 126
-0.121889 -0.152385 0.505000 127 135 124
-0.120344 -0.152083 0.504000 124 132 121
-0.089103 -0.145747 0.483000 22 34 26
-0.087855 -0.145747 0.483000 19 31 23
-0.086606 -0.145747 0.483000 29 40 40
-0.085357 -0.145747 0.483000 41 52 52
-0.084108 -0.145747 0.483000 66 69 68
-0.082859 -0.145747 0.483000 108 111 110
-0.081610 -0.145747 0.483000 123 128 118
-0.080361 -0.145747 0.483000 131 136 126
-0.079112 -0.145747 0.483000 128 136 125
-0.076773 -0.146048 0.484000 118 125 119
-0.075522 -0.146048 0.484000 108 115 109
-0.074270 -0.146048 0.484000 78 85 79
-0.073019 -0.146048 0.484000 44 51 45
-0.050767 -0.150575 0.499000 32 67 80
-0.049675 -0.151178 0.501000 25 60 73
-0.048573 -0.151782 0.503000 29 73 89
-0.047272 -0.151782 0.503000 21 65 81
-0.046063 -0.152083 0.504000 26 70 86
-0.044760 -0.152083 0.504000 25 69 85
-0.043457 -0.152083 0.504000 19 66 83
-0.042153 -0.152083 0.504000 10 57 74
-0.040850 -0.152083 0.504000 32 78 100
-0.039547 -0.152083 0.504000 31 77 99
-0.038244 -0.152083 0.504000 37 71 79
-0.036867 -0.151782 0.503000 36 70 78
-0.035567 -0.151782 0.503000 48 68 63
-0.034266 -0.151782 0.503000 45 65 60
-0.023411 -0.141220 0.468000 26 65 81
-0.022201 -0.141220 0.468000 21 60 76
-0.019781 -0.141220 0.468000 24 63 79
-0.018571 -0.141220 0.468000 26 64 76
-0.016185 -0.141522 0.469000 20 55 68
-0.015004 -0.141824 0.470000 15 50 63
-0.013789 -0.141824 0.470000 13 48 61
-0.012574 -0.141824 0.470000 13 48 61
-0.011359 -0.141824 0.470000 14 49 64
-0.010165 -0.142126 0.471000 11 46 61
-0.008947 -0.142126 0.471000 1 35 53
-0.007713 -0.141824 0.470000 1 35 53
-0.006484 -0.141522 0.469000 7 40 55
-0.004050 -0.141220 0.468000 8 30 40
-0.002840 -0.141220 0.468000 0 18 28
-0.000420 -0.141522 0.469000 6 23 24
0.000794 -0.141824 0.470000 11 24 21
0.003232 -0.142126 0.471000 12 20 19
0.004468 -0.142729 0.473000 12 20 19
0.005691 -0.142729 0.473000 4 26 27
0.006914 -0.142729 0.473000 15 37 38
0.008155 -0.143031 0.474000 16 50 58
0.009400 -0.143333 0.475000 19 53 61
0.010651 -0.143634 0.476000 13 51 63
0.011881 -0.143634 0.476000 19 57 69
0.013112 -0.143634 0.476000 45 79 89
0.014343 -0.143634 0.476000 49 83 93
0.015574 -0.143634 0.476000 59 81 82
0.016804 -0.143634 0.476000 59 81 82
0.017997 -0.143333 0.475000 62 80 76
0.019185 -0.143031 0.474000 62 80 76
0.020368 -0.142729 0.473000 71 89 87
0.021591 -0.142729 0.473000 83 101 99
0.022765 -0.142427 0.472000 43 73 78
0.023935 -0.142126 0.471000 23 53 58
0.025100 -0.141824 0.470000 22 62 75
0.026259 -0.141522 0.469000 19 59 72
0.027471 -0.141522 0.469000 17 56 72
0.028623 -0.141220 0.468000 24 63 79
0.029833 -0.141220 0.468000 38 73 88
0.030977 -0.140919 0.467000 7 42 57
0.032184 -0.140919 0.467000 2 25 32
0.033392 -0.140919 0.467000 9 32 39
0.034599 -0.140919 0.467000 14 32 28
0.035807 -0.140919 0.467000 24 42 38
0.037014 -0.140919 0.467000 36 50 41
0.038222 -0.140919 0.467000 38 52 43
0.039429 -0.140919 0.467000 41 53 45
0.040637 -0.140919 0.467000 38 50 42
0.041844 -0.140919 0.467000 30 41 37
0.043052 -0.140919 0.467000 19 30 26
0.044260 -0.140919 0.467000 11 22 20
0.045564 -0.141220 0.468000 12 23 21
0.046774 -0.141220 0.468000 9 22 19
0.047985 -0.141220 0.468000 9 22 19
0.049195 -0.141220 0.468000 11 24 19
0.050405 -0.141220 0.468000 11 24 19
0.051615 -0.141220 0.468000 10 23 18
0.052825 -0.141220 0.468000 10 23 18
0.054035 -0.141220 0.468000 10 21 17
0.055245 -0.141220 0.468000 10 21 17
0.056455 -0.141220 0.468000 12 20 19
0.057665 -0.141220 0.468000 41 49 48
0.058875 -0.141220 0.468000 79 90 88
0.060086 -0.141220 0.468000 89 100 98
0.086338 -0.129754 0.430000 31 68 87
0.087247 -0.129452 0.429000 25 73 93
0.089730 -0.128245 0.425000 19 67 87
0.090829 -0.128245 0.425000 22 70 92
0.092589 -0.127641 0.423000 28 76 98
0.093461 -0.127340 0.422000 37 85 107
0.094104 -0.126736 0.420000 29 68 88
0.095190 -0.126736 0.420000 2 41 61
0.096047 -0.126434 0.419000 7 38 54
0.096899 -0.126133 0.418000 28 59 75
0.097511 -0.125529 0.416000 118 132 136
0.098586 -0.125529 0.416000 113 127 131
0.099422 -0.125227 0.415000 111 125 129
0.100495 -0.125227 0.415000 87 101 105
0.101324 -0.124926 0.414000 33 67 85
0.101652 -0.124020 0.411000 25 59 77
0.102715 -0.124020 0.411000 28 71 94
0.103778 -0.124020 0.411000 36 79 102
0.104840 -0.124020 0.411000 28 68 95
0.105903 -0.124020 0.411000 10 50 77
0.106966 -0.124020 0.411000 17 56 76
0.108029 -0.124020 0.411000 32 71 91
0.233089 -0.150575 0.499000 42 55 66
0.233909 -0.150273 0.498000 54 67 78
0.234725 -0.149971 0.497000 53 72 76
0.235535 -0.149669 0.496000 48 67 71
0.237295 -0.149971 0.497000 48 67 69
0.238580 -0.149971 0.497000 52 71 73
0.240348 -0.150273 0.498000 65 79 83
0.242121 -0.150575 0.499000 62 76 80
-0.320830 -0.134324 0.449000 61 63 50
-0.319669 -0.134324 0.449000 32 44 36
-0.319217 -0.134624 0.450000 23 35 27
-0.318054 -0.134624 0.450000 23 35 37
-0.316890 -0.134624 0.450000 33 45 47
-0.315727 -0.134624 0.450000 44 57 56
-0.315961 -0.135222 0.452000 42 55 54
-0.317578 -0.136419 0.456000 38 52 54
-0.938790 -0.404768 1.353000 26 40 42
-0.933218 -0.403871 1.350000 15 28 39
-0.929727 -0.403871 1.350000 29 42 53
-0.924864 -0.403272 1.348000 119 121 131
-0.921379 -0.403272 1.348000 126 128 138
-0.318675 -0.140009 0.468000 124 123 130
-0.311006 -0.138214 0.462000 146 147 143
-0.309141 -0.137914 0.461000 150 152 139
-0.307949 -0.137914 0.461000 144 146 133
-0.306757 -0.137914 0.461000 26 34 21
-0.305565 -0.137914 0.461000 21 29 16
-0.304373 -0.137914 0.461000 26 35 26
-0.303181 -0.137914 0.461000 29 38 29
-0.301989 -0.137914 0.461000 33 46 41
-0.217218 -0.150180 0.502000 130 134 127
-0.112276 -0.145393 0.486000 126 128 117
-0.108283 -0.145094 0.485000 110 111 100
-0.094099 -0.144496 0.483000 38 42 35
-0.092850 -0.144496 0.483000 39 43 36
-0.091791 -0.144795 0.484000 48 46 36
-0.090352 -0.144496 0.483000 65 63 53
-0.089103 -0.144496 0.483000 89 91 82
-0.087855 -0.144496 0.483000 105 107 98
-0.086785 -0.144795 0.484000 121 128 120
-0.085534 -0.144795 0.484000 134 141 133
-0.084282 -0.144795 0.484000 134 139 129
-0.083031 -0.144795 0.484000 129 134 124
-0.081779 -0.144795 0.484000 118 126 115
-0.080528 -0.144795 0.484000 110 118 107
-0.079276 -0.144795 0.484000 110 119 110
-0.078025 -0.144795 0.484000 99 108 99
-0.076773 -0.144795 0.484000 81 89 88
-0.075522 -0.144795 0.484000 42 50 49
-0.050869 -0.149582 0.500000 35 68 81
-0.049774 -0.150180 0.502000 27 60 73
-0.048573 -0.150479 0.503000 30 74 92
-0.047366 -0.150778 0.504000 23 67 85
-0.046063 -0.150778 0.504000 29 68 84
-0.044760 -0.150778 0.504000 29 68 84
-0.043457 -0.150778 0.504000 23 65 82
-0.042153 -0.150778 0.504000 16 58 75
-0.040850 -0.150778 0.504000 26 72 92
-0.039547 -0.150778 0.504000 32 78 98
-0.038244 -0.150778 0.504000 31 70 79
-0.036867 -0.150479 0.503000 33 72 81
-0.035567 -0.150479 0.503000 49 67 63
-0.034266 -0.150479 0.503000 47 65 61
-0.022249 -0.140308 0.469000 24 62 76
-0.019823 -0.140308 0.469000 21 60 76
-0.018610 -0.140308 0.469000 25 63 77
-0.017398 -0.140308 0.469000 23 61 75
-0.016220 -0.140607 0.470000 16 54 66
-0.015004 -0.140607 0.470000 16 54 66
-0.013789 -0.140607 0.470000 14 54 65
-0.012601 -0.140906 0.471000 10 50 61
-0.011359 -0.140607 0.470000 11 49 63
-0.010165 -0.140906 0.471000 8 46 60
-0.008928 -0.140607 0.470000 6 40 58
-0.007713 -0.140607 0.470000 0 34 52
-0.006484 -0.140308 0.469000 3 35 53
-0.005271 -0.140308 0.469000 17 49 67
-0.004050 -0.140009 0.468000 30 57 68
-0.002840 -0.140009 0.468000 0 17 28
-0.001629 -0.140009 0.468000 0 15 20
-0.000420 -0.140308 0.469000 1 18 23
0.000794 -0.140607 0.470000 7 20 17
0.003238 -0.141205 0.472000 7 20 17
0.004468 -0.141504 0.473000 7 20 17
0.005691 -0.141504 0.473000 5 23 21
0.006929 -0.141804 0.474000 12 30 28
0.008155 -0.141804 0.474000 9 39 44
0.009400 -0.142103 0.475000 15 45 50
0.010651 -0.142402 0.476000 11 50 59
0.011881 -0.142402 0.476000 5 44 53
0.013140 -0.142701 0.477000 28 63 76
0.014373 -0.142701 0.477000 41 76 89
0.015574 -0.142402 0.476000 39 64 71
0.016804 -0.142402 0.476000 56 81 88
0.017997 -0.142103 0.475000 67 85 83
0.019185 -0.141804 0.474000 61 79 77
0.020368 -0.141504 0.473000 69 84 81
0.021545 -0.141205 0.472000 78 93 90
0.022717 -0.140906 0.471000 70 94 96
0.023884 -0.140607 0.470000 34 58 60
0.025046 -0.140308 0.469000 13 49 59
0.026203 -0.140009 0.468000 25 61 71
0.027413 -0.140009 0.468000 17 57 70
0.028562 -0.139709 0.467000 16 56 69
0.029769 -0.139709 0.467000 22 61 77
0.030977 -0.139709 0.467000 31 70 86
0.032184 -0.139709 0.467000 23 52 62
0.033392 -0.139709 0.467000 16 45 55
0.035730 -0.139410 0.466000 32 51 51
0.036935 -0.139410 0.466000 36 52 43
0.038140 -0.139410 0.466000 33 49 40
0.039429 -0.139709 0.467000 30 42 34
0.040637 -0.139709 0.467000 22 34 26
0.041844 -0.139709 0.467000 16 28 20
0.043052 -0.139709 0.467000 12 24 16
0.044260 -0.139709 0.467000 10 21 19
0.045564 -0.140009 0.468000 10 21 19
0.046774 -0.140009 0.468000 9 20 18
0.047985 -0.140009 0.468000 9 20 18
0.049195 -0.140009 0.468000 8 21 16
0.050405 -0.140009 0.468000 7 20 15
0.051615 -0.140009 0.468000 7 21 12
0.052825 -0.140009 0.468000 7 21 12
0.054035 -0.140009 0.468000 8 20 12
0.055245 -0.140009 0.468000 9 21 13
0.056455 -0.140009 0.468000 11 18 12
0.057665 -0.140009 0.468000 44 51 45
0.058875 -0.140009 0.468000 62 73 71
0.060086 -0.140009 0.468000 86 97 95
0.083003 -0.128640 0.430000 99 120 126
0.084115 -0.128640 0.430000 40 61 67
0.085227 -0.128640 0.430000 23 65 84
0.087247 -0.128341 0.429000 24 72 92
0.088356 -0.128341 0.429000 17 65 85
0.090829 -0.127145 0.425000 17 67 88
0.091712 -0.126845 0.424000 21 71 92
0.092589 -0.126546 0.423000 25 73 95
0.093461 -0.126247 0.422000 37 85 107
0.094328 -0.125948 0.421000 29 66 87
0.095190 -0.125649 0.420000 1 38 59
0.096276 -0.125649 0.420000 8 36 53
0.097131 -0.125350 0.419000 17 45 62
0.099297 -0.125350 0.419000 120 139 143
0.101813 -0.124452 0.416000 23 60 81
0.102642 -0.124153 0.415000 26 63 84
0.107486 -0.123555 0.413000 14 53 71
0.234586 -0.151078 0.505000 135 145 150
0.233089 -0.149283 0.499000 41 57 65
0.233909 -0.148983 0.498000 53 69 77
0.234725 -0.148684 0.497000 51 73 76
0.235535 -0.148385 0.496000 47 69 72
0.236817 -0.148385 0.496000 46 68 69
0.238580 -0.148684 0.497000 49 71 72
0.240348 -0.148983 0.498000 61 78 79
0.242121 -0.149283 0.499000 61 78 79
-0.320830 -0.133162 0.449000 56 61 47
-0.319669 -0.133162 0.449000 29 37 34
-0.319217 -0.133458 0.450000 27 35 32
-0.318054 -0.133458 0.450000 25 37 39
-0.316890 -0.133458 0.450000 40 52 54
-0.315727 -0.133458 0.450000 44 57 56
-0.318058 -0.134941 0.455000 42 55 54
-0.945771 -0.402748 1.358000 38 49 49
-0.940178 -0.401858 1.355000 26 37 37
-0.935291 -0.401265 1.353000 17 27 34
-0.931793 -0.401265 1.353000 48 58 65
-0.928295 -0.401265 1.353000 131 133 141
-0.924796 -0.401265 1.353000 127 129 137
-0.921298 -0.401265 1.353000 131 131 135
-0.318143 -0.139093 0.469000 140 140 144
-0.309141 -0.136721 0.461000 158 160 147
-0.306757 -0.136721 0.461000 15 23 12
-0.305565 -0.136721 0.461000 26 34 23
-0.304373 -0.136721 0.461000 26 38 28
-0.303181 -0.136721 0.461000 29 41 31
-0.216785 -0.148584 0.501000 131 135 128
-0.114165 -0.140280 0.473000 138 143 133
-0.113181 -0.140576 0.474000 140 145 135
-0.107613 -0.142949 0.482000 138 139 128
-0.106367 -0.142949 0.482000 133 135 124
-0.105121 -0.142949 0.482000 129 131 120
-0.103875 -0.142949 0.482000 118 119 115
-0.102628 -0.142949 0.482000 109 110 106
-0.101382 -0.142949 0.482000 98 102 97
-0.100343 -0.143245 0.483000 98 102 97
-0.099095 -0.143245 0.483000 93 102 95
-0.097846 -0.143245 0.483000 89 98 91
-0.095348 -0.143245 0.483000 96 108 100
-0.094099 -0.143245 0.483000 125 127 116
-0.092850 -0.143245 0.483000 142 144 133
-0.091791 -0.143542 0.484000 146 147 134
-0.090352 -0.143245 0.483000 152 153 140
-0.089288 -0.143542 0.484000 152 157 143
-0.088036 -0.143542 0.484000 144 149 135
-0.086785 -0.143542 0.484000 136 141 131
-0.085534 -0.143542 0.484000 124 129 119
-0.084282 -0.143542 0.484000 119 124 114
-0.083031 -0.143542 0.484000 106 111 101
-0.081779 -0.143542 0.484000 101 109 98
-0.080528 -0.143542 0.484000 90 98 87
-0.079440 -0.143839 0.485000 64 73 66
-0.078186 -0.143839 0.485000 33 42 35
-0.076932 -0.143839 0.485000 13 21 20
-0.049873 -0.149177 0.503000 28 61 76
-0.048669 -0.149473 0.504000 31 73 92
-0.047366 -0.149473 0.504000 27 69 88
-0.046063 -0.149473 0.504000 30 67 84
-0.044849 -0.149770 0.505000 30 67 84
-0.043457 -0.149473 0.504000 26 65 81
-0.042153 -0.149473 0.504000 19 58 74
-0.040850 -0.149473 0.504000 18 65 82
-0.039547 -0.149473 0.504000 34 81 98
-0.038168 -0.149177 0.503000 31 69 81
-0.036721 -0.148584 0.501000 31 69 81
-0.035355 -0.148287 0.500000 48 66 64
-0.033994 -0.147991 0.499000 49 67 65
-0.023611 -0.139983 0.472000 21 55 65
-0.022343 -0.139686 0.471000 23 57 67
-0.019865 -0.139390 0.470000 19 59 72
-0.018650 -0.139390 0.470000 16 56 69
-0.017435 -0.139390 0.470000 22 62 75
-0.016220 -0.139390 0.470000 17 57 70
-0.015004 -0.139390 0.470000 16 56 69
-0.013818 -0.139686 0.471000 15 58 70
-0.012601 -0.139686 0.471000 13 56 68
-0.011383 -0.139686 0.471000 10 52 67
-0.010143 -0.139390 0.470000 8 50 65
-0.008947 -0.139686 0.471000 10 44 62
-0.007713 -0.139390 0.470000 3 37 55
-0.006497 -0.139390 0.470000 4 38 56
-0.005271 -0.139093 0.469000 8 42 60
-0.004050 -0.138797 0.468000 32 61 71
-0.002840 -0.138797 0.468000 20 49 59
-0.001633 -0.139093 0.469000 11 28 31
-0.000421 -0.139390 0.470000 1 18 21
0.003238 -0.139983 0.472000 5 16 14
0.004468 -0.140280 0.473000 6 17 15
0.005691 -0.140280 0.473000 5 18 17
0.006929 -0.140576 0.474000 8 21 20
0.008172 -0.140873 0.475000 1 27 29
0.009400 -0.140873 0.475000 12 38 40
0.010651 -0.141169 0.476000 13 47 57
0.011881 -0.141169 0.476000 16 50 60
0.013140 -0.141466 0.477000 17 52 65
0.014373 -0.141466 0.477000 31 66 79
0.015606 -0.141466 0.477000 15 44 54
0.016804 -0.141169 0.476000 2 31 41
0.017997 -0.140873 0.475000 25 44 46
0.019185 -0.140576 0.474000 52 71 73
0.020368 -0.140280 0.473000 57 72 69
0.021545 -0.139983 0.472000 50 65 62
0.022669 -0.139390 0.470000 20 37 38
0.023833 -0.139093 0.469000 12 29 30
0.024993 -0.138797 0.468000 11 40 48
0.026147 -0.138500 0.467000 19 48 56
0.027354 -0.138500 0.467000 22 60 74
0.028562 -0.138500 0.467000 17 55 69
0.029769 -0.138500 0.467000 15 54 70
0.030911 -0.138204 0.466000 21 60 76
0.032115 -0.138204 0.466000 28 68 79
0.033320 -0.138204 0.466000 21 61 72
0.034525 -0.138204 0.466000 34 58 60
0.035730 -0.138204 0.466000 29 53 55
0.036935 -0.138204 0.466000 27 42 39
0.038140 -0.138204 0.466000 19 34 31
0.039345 -0.138204 0.466000 15 29 20
0.040637 -0.138500 0.467000 9 23 14
0.041844 -0.138500 0.467000 9 20 16
0.043052 -0.138500 0.467000 10 21 17
0.044260 -0.138500 0.467000 11 19 18
0.045564 -0.138797 0.468000 12 20 19
0.046774 -0.138797 0.468000 10 21 19
0.047985 -0.138797 0.468000 9 20 18
0.049195 -0.138797 0.468000 8 22 13
0.050405 -0.138797 0.468000 7 21 12
0.051615 -0.138797 0.468000 8 22 13
0.052825 -0.138797 0.468000 9 23 14
0.054035 -0.138797 0.468000 9 21 11
0.055245 -0.138797 0.468000 9 21 11
0.056455 -0.138797 0.468000 13 22 15
0.057665 -0.138797 0.468000 8 17 10
0.058875 -0.138797 0.468000 10 21 17
0.059957 -0.138500 0.467000 36 47 43
0.081891 -0.127527 0.430000 118 131 130
0.083003 -0.127527 0.430000 68 90 102
0.084115 -0.127527 0.430000 31 53 65
0.085227 -0.127527 0.430000 26 69 90
0.086338 -0.127527 0.430000 29 72 93
0.087247 -0.127230 0.429000 18 66 88
0.088356 -0.127230 0.429000 16 64 86
0.089465 -0.127230 0.429000 24 72 94
0.090364 -0.126934 0.428000 16 64 86
0.090829 -0.126044 0.425000 15 67 90
0.091712 -0.125748 0.424000 18 70 93
0.092808 -0.125748 0.424000 23 72 96
0.093683 -0.125451 0.423000 39 88 112
0.094553 -0.125154 0.422000 26 63 84
0.095417 -0.124858 0.421000 3 40 61
0.096506 -0.124858 0.421000 8 36 53
0.097362 -0.124561 0.420000 12 40 57
0.098448 -0.124561 0.420000 84 106 116
0.099534 -0.124561 0.420000 121 143 153
0.234586 -0.149770 0.505000 148 158 161
0.233089 -0.147991 0.499000 47 63 71
0.233909 -0.147694 0.498000 48 64 72
0.234725 -0.147397 0.497000 51 72 78
0.235535 -0.147101 0.496000 50 71 77
0.236817 -0.147101 0.496000 46 68 69
0.238580 -0.147397 0.497000 50 72 73
0.240348 -0.147694 0.498000 61 78 79
0.242121 -0.147991 0.499000 61 78 79
0.243899 -0.148287 0.500000 67 79 69
-0.320830 -0.131999 0.449000 56 61 47
-0.319669 -0.131999 0.449000 23 34 30
-0.319217 -0.132293 0.450000 25 36 32
-0.318054 -0.132293 0.450000 32 42 45
-0.316890 -0.132293 0.450000 43 53 56
-0.315727 -0.132293 0.450000 45 56 56
-0.951379 -0.400114 1.361000 41 52 52
-0.947860 -0.400114 1.361000 33 44 42
-0.942953 -0.399526 1.359000 25 36 34
-0.937365 -0.398644 1.356000 20 27 33
-0.933170 -0.398350 1.355000 70 77 83
-0.930353 -0.398644 1.356000 136 138 144
-0.928214 -0.399232 1.358000 131 133 139
-0.926745 -0.400114 1.361000 137 137 139
-0.305565 -0.135527 0.461000 25 34 25
-0.304373 -0.135527 0.461000 22 36 27
-0.113181 -0.139349 0.474000 113 117 110
-0.112428 -0.139937 0.476000 119 121 112
-0.111431 -0.140231 0.477000 123 125 116
-0.110428 -0.140525 0.478000 125 127 118
-0.109421 -0.140819 0.479000 132 134 125
-0.108182 -0.140819 0.479000 133 138 126
-0.106944 -0.140819 0.479000 142 147 135
-0.105705 -0.140819 0.479000 143 148 138
-0.104685 -0.141113 0.480000 144 149 139
-0.103444 -0.141113 0.480000 147 149 140
-0.102202 -0.141113 0.480000 147 149 140
-0.101172 -0.141407 0.481000 149 150 144
-0.099928 -0.141407 0.481000 146 147 141
-0.098684 -0.141407 0.481000 145 150 140
-0.096397 -0.141701 0.482000 141 149 138
-0.094099 -0.141995 0.483000 142 147 135
-0.092850 -0.141995 0.483000 142 147 135
-0.091601 -0.141995 0.483000 142 144 131
-0.090352 -0.141995 0.483000 136 138 125
-0.089288 -0.142289 0.484000 130 135 121
-0.088036 -0.142289 0.484000 117 122 108
-0.086785 -0.142289 0.484000 105 113 102
-0.085534 -0.142289 0.484000 86 94 83
-0.084282 -0.142289 0.484000 75 80 70
-0.083202 -0.142583 0.485000 55 60 50
-0.081948 -0.142583 0.485000 27 35 24
-0.080694 -0.142583 0.485000 14 22 11
-0.049873 -0.147874 0.503000 24 57 70
-0.048669 -0.148168 0.504000 36 78 97
-0.047366 -0.148168 0.504000 27 69 88
-0.046063 -0.148168 0.504000 33 66 81
-0.044760 -0.148168 0.504000 30 63 78
-0.043457 -0.148168 0.504000 26 64 76
-0.042153 -0.148168 0.504000 24 62 74
-0.040850 -0.148168 0.504000 14 58 74
-0.039547 -0.148168 0.504000 30 74 90
-0.038092 -0.147580 0.502000 34 72 86
-0.036648 -0.146993 0.500000 30 68 82
-0.026163 -0.139349 0.474000 57 70 65
-0.023661 -0.139055 0.473000 43 66 73
-0.022438 -0.139055 0.473000 27 50 57
-0.021170 -0.138761 0.472000 23 61 73
-0.019908 -0.138467 0.471000 20 58 70
-0.018690 -0.138467 0.471000 7 47 60
-0.017472 -0.138467 0.471000 18 58 71
-0.016254 -0.138467 0.471000 22 62 75
-0.015036 -0.138467 0.471000 18 58 71
-0.013818 -0.138467 0.471000 15 58 70
-0.012601 -0.138467 0.471000 16 59 71
-0.011383 -0.138467 0.471000 13 55 70
-0.010165 -0.138467 0.471000 10 52 67
-0.008947 -0.138467 0.471000 11 48 65
-0.007729 -0.138467 0.471000 5 42 59
-0.006497 -0.138173 0.470000 3 37 55
-0.005282 -0.138173 0.470000 7 41 59
-0.004058 -0.137879 0.469000 30 62 73
-0.002840 -0.137585 0.468000 36 68 79
-0.001636 -0.138173 0.470000 55 74 76
0.002014 -0.138467 0.471000 22 34 26
0.005703 -0.139349 0.474000 3 14 14
0.006929 -0.139349 0.474000 8 19 19
0.008172 -0.139643 0.475000 3 20 23
0.009420 -0.139937 0.476000 6 23 26
0.010651 -0.139937 0.476000 10 39 47
0.011906 -0.140231 0.477000 16 45 53
0.013140 -0.140231 0.477000 15 51 61
0.014373 -0.140231 0.477000 13 49 59
0.015574 -0.139937 0.476000 33 68 81
0.016804 -0.139937 0.476000 18 53 66
0.017997 -0.139643 0.475000 1 24 31
0.019185 -0.139349 0.474000 0 20 27
0.020368 -0.139055 0.473000 6 23 24
0.021545 -0.138761 0.472000 6 23 24
0.022669 -0.138173 0.470000 17 30 29
0.023783 -0.137585 0.468000 17 30 29
0.024993 -0.137585 0.468000 14 36 37
0.026147 -0.137291 0.467000 15 37 38
0.027354 -0.137291 0.467000 13 45 56
0.028501 -0.136997 0.466000 23 55 66
0.029706 -0.136997 0.466000 14 54 67
0.030911 -0.136997 0.466000 12 52 65
0.032047 -0.136703 0.465000 20 62 77
0.033320 -0.136997 0.466000 24 66 81
0.034451 -0.136703 0.465000 10 39 47
0.035654 -0.136703 0.465000 0 26 34
0.036935 -0.136997 0.466000 6 21 20
0.039345 -0.136997 0.466000 10 23 18
0.040550 -0.136997 0.466000 8 21 16
0.041755 -0.136997 0.466000 9 20 16
0.043052 -0.137291 0.467000 8 19 15
0.044260 -0.137291 0.467000 9 20 16
0.045467 -0.137291 0.467000 8 19 15
0.046774 -0.137585 0.468000 7 20 15
0.047985 -0.137585 0.468000 8 21 16
0.049195 -0.137585 0.468000 5 19 10
0.050405 -0.137585 0.468000 7 21 12
0.051615 -0.137585 0.468000 10 22 14
0.052825 -0.137585 0.468000 13 25 17
0.054035 -0.137585 0.468000 15 27 19
0.055245 -0.137585 0.468000 15 27 19
0.056455 -0.137585 0.468000 19 28 19
0.057665 -0.137585 0.468000 17 26 17
0.058875 -0.137585 0.468000 14 22 19
0.059957 -0.137291 0.467000 10 18 15
0.061165 -0.137291 0.467000 10 18 17
0.080591 -0.126120 0.429000 118 132 134
0.081891 -0.126414 0.430000 93 107 109
0.083003 -0.126414 0.430000 30 61 77
0.084115 -0.126414 0.430000 34 65 81
0.085227 -0.126414 0.430000 27 73 93
0.086338 -0.126414 0.430000 25 71 91
0.087247 -0.126120 0.429000 9 57 79
0.088356 -0.126120 0.429000 18 66 88
0.089465 -0.126120 0.429000 17 66 90
0.090364 -0.125826 0.428000 15 64 88
0.090829 -0.124944 0.425000 13 67 91
0.091928 -0.124944 0.425000 17 71 95
0.092808 -0.124650 0.424000 28 75 100
0.093904 -0.124650 0.424000 45 92 117
0.094777 -0.124356 0.423000 20 54 76
0.096735 -0.124062 0.422000 8 39 55
0.097594 -0.123768 0.421000 13 44 60
0.098683 -0.123768 0.421000 55 83 98
0.099771 -0.123768 0.421000 98 126 141
0.104261 -0.125238 0.426000 30 68 93
0.106464 -0.125238 0.426000 34 75 99
0.109432 -0.126120 0.429000 15 57 76
0.234957 -0.147874 0.503000 59 75 83
0.234379 -0.146699 0.499000 48 64 72
0.235197 -0.146405 0.498000 50 73 78
0.235535 -0.145817 0.496000 50 73 78
0.236817 -0.145817 0.496000 46 70 72
0.238100 -0.145817 0.496000 46 70 72
0.239865 -0.146111 0.497000 58 77 77
0.242121 -0.146699 0.499000 60 79 79
0.243899 -0.146993 0.500000 62 74 64
-0.321991 -0.130837 0.449000 51 59 44
-0.320830 -0.130837 0.449000 53 61 46
-0.319669 -0.130837 0.449000 19 30 28
-0.319217 -0.131128 0.450000 25 36 34
-0.318054 -0.131128 0.450000 30 40 43
-0.316890 -0.131128 0.450000 43 53 56
-0.315727 -0.131128 0.450000 45 56 56
-0.316660 -0.132002 0.453000 41 52 52
-0.952038 -0.398338 1.367000 32 43 41
-0.946422 -0.397464 1.364000 23 34 32
-0.941513 -0.396881 1.362000 21 28 34
-0.935925 -0.396007 1.359000 90 97 103
-0.935842 -0.397464 1.364000 135 138 141
-0.304902 -0.134042 0.460000 26 35 28
-0.106720 -0.139287 0.478000 106 113 107
-0.105484 -0.139287 0.478000 114 118 113
-0.104248 -0.139287 0.478000 116 120 115
-0.103228 -0.139579 0.479000 126 123 118
-0.101989 -0.139579 0.479000 128 125 120
-0.100751 -0.139579 0.479000 125 125 119
-0.099720 -0.139870 0.480000 129 129 123
-0.093904 -0.140453 0.482000 119 121 112
-0.092850 -0.140744 0.483000 114 116 107
-0.091601 -0.140744 0.483000 110 112 101
-0.090352 -0.140744 0.483000 95 97 86
-0.089288 -0.141036 0.484000 75 80 68
-0.088036 -0.141036 0.484000 52 57 45
-0.086964 -0.141327 0.485000 35 42 34
-0.085710 -0.141327 0.485000 28 35 27
-0.084456 -0.141327 0.485000 18 25 17
-0.049873 -0.146572 0.503000 16 50 60
-0.048669 -0.146864 0.504000 34 76 93
-0.047366 -0.146864 0.504000 26 68 85
-0.046063 -0.146864 0.504000 32 64 75
-0.044760 -0.146864 0.504000 32 64 75
-0.043457 -0.146864 0.504000 31 63 74
-0.042153 -0.146864 0.504000 31 63 74
-0.040850 -0.146864 0.504000 14 56 73
-0.039390 -0.146281 0.502000 28 70 87
-0.037940 -0.145698 0.500000 38 77 93
-0.036501 -0.145115 0.498000 32 71 87
-0.025095 -0.138996 0.477000 59 71 63
-0.023811 -0.138704 0.476000 46 65 67
-0.022486 -0.138122 0.474000 27 46 48
-0.021215 -0.137830 0.473000 24 58 66
-0.019992 -0.137830 0.473000 24 58 66
-0.018730 -0.137539 0.472000 3 41 53
-0.017509 -0.137539 0.472000 9 47 59
-0.016289 -0.137539 0.472000 18 56 68
-0.015068 -0.137539 0.472000 29 67 79
-0.013818 -0.137247 0.471000 17 57 68
-0.012601 -0.137247 0.471000 16 56 67
-0.011383 -0.137247 0.471000 14 57 69
-0.010165 -0.137247 0.471000 15 58 70
-0.008947 -0.137247 0.471000 10 49 65
-0.007713 -0.136956 0.470000 7 46 62
-0.006497 -0.136956 0.470000 5 42 59
-0.005282 -0.136956 0.470000 3 40 57
-0.004058 -0.136665 0.469000 19 52 65
-0.002846 -0.136665 0.469000 30 63 76
-0.001636 -0.136956 0.470000 45 69 69
0.003245 -0.137830 0.473000 61 71 59
0.006944 -0.138413 0.475000 10 21 17
0.008172 -0.138413 0.475000 1 16 15
0.009420 -0.138704 0.476000 3 18 17
0.010651 -0.138704 0.476000 6 29 34
0.011906 -0.138996 0.477000 15 38 43
0.013140 -0.138996 0.477000 13 45 54
0.014373 -0.138996 0.477000 14 46 55
0.015606 -0.138996 0.477000 19 52 65
0.016804 -0.138704 0.476000 36 69 82
0.017997 -0.138413 0.475000 30 59 69
0.019185 -0.138122 0.474000 0 26 36
0.020368 -0.137830 0.473000 8 29 35
0.021499 -0.137247 0.471000 9 30 36
0.022669 -0.136956 0.470000 14 29 28
0.023783 -0.136373 0.468000 15 30 29
0.024939 -0.136082 0.467000 20 38 36
0.026147 -0.136082 0.467000 26 44 42
0.027296 -0.135790 0.466000 20 48 54
0.028501 -0.135790 0.466000 21 49 55
0.029706 -0.135790 0.466000 16 54 66
0.030844 -0.135499 0.465000 13 51 63
0.031978 -0.135208 0.464000 7 51 65
0.033177 -0.135208 0.464000 19 63 77
0.034451 -0.135499 0.465000 31 66 79
0.035654 -0.135499 0.465000 0 35 48
0.036856 -0.135499 0.465000 0 18 24
0.038058 -0.135499 0.465000 2 23 29
0.039345 -0.135790 0.466000 7 22 19
0.043052 -0.136082 0.467000 8 21 16
0.044260 -0.136082 0.467000 7 20 15
0.045467 -0.136082 0.467000 7 20 15
0.046774 -0.136373 0.468000 8 19 15
0.047985 -0.136373 0.468000 8 19 15
0.049195 -0.136373 0.468000 6 18 10
0.050405 -0.136373 0.468000 6 18 10
0.051615 -0.136373 0.468000 10 22 14
0.052825 -0.136373 0.468000 12 24 16
0.054035 -0.136373 0.468000 17 26 19
0.055245 -0.136373 0.468000 18 27 20
0.056455 -0.136373 0.468000 16 28 20
0.057665 -0.136373 0.468000 17 29 21
0.058875 -0.136373 0.468000 20 29 22
0.059957 -0.136082 0.467000 18 27 20
0.061165 -0.136082 0.467000 16 23 17
0.062239 -0.135790 0.466000 16 23 17
0.063444 -0.135790 0.466000 14 22 19
0.064648 -0.135790 0.466000 25 33 30
0.079482 -0.125009 0.429000 109 124 121
0.080591 -0.125009 0.429000 111 133 136
0.081701 -0.125009 0.429000 50 72 75
0.082810 -0.125009 0.429000 30 67 86
0.083919 -0.125009 0.429000 33 70 89
0.085028 -0.125009 0.429000 30 76 98
0.086138 -0.125009 0.429000 19 65 87
0.087247 -0.125009 0.429000 0 47 72
0.088356 -0.125009 0.429000 24 71 96
0.089465 -0.125009 0.429000 15 67 92
0.090364 -0.124717 0.428000 14 66 91
0.091256 -0.124426 0.427000 15 72 97
0.091928 -0.123843 0.425000 17 74 99
0.092808 -0.123552 0.424000 33 79 101
0.093904 -0.123552 0.424000 42 88 110
0.095001 -0.123552 0.424000 20 52 72
0.095870 -0.123260 0.423000 7 39 59
0.096964 -0.123260 0.423000 14 45 61
0.097826 -0.122969 0.422000 18 49 65
0.099152 -0.123260 0.423000 24 55 71
0.100245 -0.123260 0.423000 43 74 90
0.104016 -0.123843 0.425000 30 71 93
0.106714 -0.124426 0.427000 24 62 85
0.107818 -0.124426 0.427000 17 55 78
0.110541 -0.125009 0.429000 22 61 81
0.234957 -0.146572 0.503000 71 85 91
0.233909 -0.145115 0.498000 50 64 70
0.235197 -0.145115 0.498000 51 74 79
0.235535 -0.144532 0.496000 50 73 78
0.236817 -0.144532 0.496000 48 72 74
0.238100 -0.144532 0.496000 46 70 72
0.239865 -0.144824 0.497000 58 77 79
0.241635 -0.145115 0.498000 64 83 85
0.243899 -0.145698 0.500000 62 74 64
-0.321991 -0.129674 0.449000 49 57 44
-0.320830 -0.129674 0.449000 43 51 38
-0.319669 -0.129674 0.449000 22 33 31
-0.319217 -0.129963 0.450000 24 35 33
-0.318054 -0.129963 0.450000 32 39 43
-0.316890 -0.129963 0.450000 45 52 56
-0.315727 -0.129963 0.450000 45 55 58
-0.316660 -0.130829 0.453000 39 49 52
-0.956217 -0.396531 1.373000 29 41 43
-0.955442 -0.397687 1.377000 25 37 39
-0.948426 -0.396243 1.372000 25 32 38
-0.945567 -0.396531 1.373000 106 113 119
-0.945447 -0.397976 1.378000 137 140 141
-0.945302 -0.399420 1.383000 136 139 140
-0.104030 -0.137761 0.477000 77 78 74
-0.103013 -0.138050 0.478000 88 83 81
-0.101777 -0.138050 0.478000 90 85 83
-0.100751 -0.138338 0.479000 80 81 77
-0.099512 -0.138338 0.479000 77 78 74
-0.098479 -0.138627 0.480000 70 77 71
-0.097238 -0.138627 0.480000 68 75 69
-0.096197 -0.138916 0.481000 59 68 61
-0.094953 -0.138916 0.481000 50 59 52
-0.092658 -0.139205 0.482000 29 38 31
-0.091601 -0.139494 0.483000 24 28 21
-0.049774 -0.144981 0.502000 16 50 58
-0.048573 -0.145270 0.503000 33 75 90
-0.047272 -0.145270 0.503000 24 66 81
-0.045972 -0.145270 0.503000 31 65 73
-0.044671 -0.145270 0.503000 33 67 75
-0.043370 -0.145270 0.503000 36 65 73
-0.042070 -0.145270 0.503000 33 62 70
-0.040688 -0.144981 0.502000 18 58 71
-0.039233 -0.144403 0.500000 22 62 75
-0.037864 -0.144114 0.499000 34 76 93
-0.033040 -0.140071 0.485000 55 79 77
-0.025200 -0.138338 0.479000 60 72 64
-0.021305 -0.137183 0.475000 25 55 60
-0.019992 -0.136606 0.473000 32 62 67
-0.017546 -0.136606 0.473000 6 42 52
-0.016289 -0.136317 0.472000 4 42 54
-0.015068 -0.136317 0.472000 17 55 67
-0.013818 -0.136028 0.471000 19 59 70
-0.012601 -0.136028 0.471000 17 57 68
-0.011383 -0.136028 0.471000 14 54 65
-0.010165 -0.136028 0.471000 17 57 68
-0.008947 -0.136028 0.471000 12 55 67
0.009420 -0.137472 0.476000 30 41 37
0.010651 -0.137472 0.476000 7 26 26
0.011906 -0.137761 0.477000 12 31 31
0.013140 -0.137761 0.477000 11 38 47
0.014403 -0.138050 0.478000 16 43 52
0.015606 -0.137761 0.477000 10 46 56
0.016840 -0.137761 0.477000 17 53 63
0.017997 -0.137183 0.475000 35 68 81
0.019185 -0.136894 0.474000 24 57 70
0.020368 -0.136606 0.473000 16 38 48
0.021499 -0.136028 0.471000 9 31 41
0.024939 -0.134873 0.467000 39 57 55
0.026091 -0.134584 0.466000 39 57 55
0.027296 -0.134584 0.466000 23 47 45
0.028501 -0.134584 0.466000 16 40 38
0.029642 -0.134295 0.465000 13 49 57
0.030844 -0.134295 0.465000 14 50 58
0.031978 -0.134006 0.464000 8 50 65
0.033177 -0.134006 0.464000 10 52 67
0.034377 -0.134006 0.464000 27 70 82
0.035577 -0.134006 0.464000 34 77 89
0.036856 -0.134295 0.465000 9 35 51
0.038058 -0.134295 0.465000 0 19 35
0.039345 -0.134584 0.466000 3 20 21
0.040550 -0.134584 0.466000 3 20 21
0.045467 -0.134873 0.467000 5 18 13
0.046774 -0.135161 0.468000 7 20 15
0.047985 -0.135161 0.468000 8 21 16
0.049195 -0.135161 0.468000 9 21 13
0.050405 -0.135161 0.468000 8 20 12
0.051615 -0.135161 0.468000 9 21 13
0.052825 -0.135161 0.468000 12 24 16
0.054035 -0.135161 0.468000 12 24 16
0.055245 -0.135161 0.468000 13 25 17
0.056455 -0.135161 0.468000 13 25 17
0.057665 -0.135161 0.468000 13 25 17
0.058750 -0.134873 0.467000 17 26 17
0.059957 -0.134873 0.467000 15 24 15
0.061034 -0.134584 0.466000 15 24 15
0.062239 -0.134584 0.466000 18 27 18
0.063444 -0.134584 0.466000 17 28 24
0.064510 -0.134295 0.465000 12 23 19
0.065571 -0.134006 0.464000 10 21 19
0.066771 -0.134006 0.464000 11 22 20
0.067824 -0.133717 0.463000 17 28 26
0.079482 -0.123898 0.429000 109 127 125
0.080591 -0.123898 0.429000 86 115 123
0.081701 -0.123898 0.429000 29 58 66
0.082810 -0.123898 0.429000 28 70 89
0.083919 -0.123898 0.429000 31 73 92
0.085028 -0.123898 0.429000 24 69 94
0.086138 -0.123898 0.429000 6 51 76
0.087247 -0.123898 0.429000 0 48 74
0.088356 -0.123898 0.429000 18 67 93
0.089465 -0.123898 0.429000 16 68 95
0.090575 -0.123898 0.429000 19 71 98
0.091256 -0.123320 0.427000 19 73 99
0.092144 -0.123032 0.426000 21 75 101
0.093027 -0.122743 0.425000 45 86 108
0.093904 -0.122454 0.424000 35 76 98
0.095001 -0.122454 0.424000 19 51 71
0.096097 -0.122454 0.424000 9 41 61
0.097193 -0.122454 0.424000 11 42 58
0.098290 -0.122454 0.424000 20 51 67
0.099386 -0.122454 0.424000 27 59 77
0.100482 -0.122454 0.424000 34 66 84
0.101579 -0.122454 0.424000 24 66 85
0.102917 -0.122743 0.425000 28 70 89
0.104016 -0.122743 0.425000 31 73 92
0.105610 -0.123320 0.427000 38 80 99
0.108070 -0.123609 0.428000 12 49 70
0.109177 -0.123609 0.428000 24 61 82
0.110284 -0.123609 0.428000 31 68 89
0.111650 -0.123898 0.429000 28 67 85
0.112760 -0.123898 0.429000 15 54 72
0.234957 -0.145270 0.503000 80 94 100
0.233909 -0.143826 0.498000 50 64 70
0.234725 -0.143537 0.497000 51 73 76
0.235535 -0.143248 0.496000 52 74 77
0.236340 -0.142959 0.495000 51 73 74
0.238100 -0.143248 0.496000 46 68 69
0.239865 -0.143537 0.497000 58 77 79
0.241635 -0.143826 0.498000 64 83 85
0.243899 -0.144403 0.500000 61 73 65
-0.321991 -0.128512 0.449000 54 62 49
-0.320830 -0.128512 0.449000 42 50 37
-0.319669 -0.128512 0.449000 16 29 26
-0.318508 -0.128512 0.449000 22 35 32
-0.967591 -0.391832 1.369000 30 40 43
-0.316890 -0.128798 0.450000 43 53 56
-0.315727 -0.128798 0.450000 45 55 58
-0.315961 -0.129370 0.452000 38 48 51
-0.964574 -0.396411 1.385000 26 38 44
-0.960993 -0.396411 1.385000 26 38 44
-0.957412 -0.396411 1.385000 32 39 45
-0.956586 -0.397556 1.389000 128 135 141
-0.956425 -0.398987 1.394000 137 137 139
-0.048380 -0.143395 0.501000 35 74 90
-0.047178 -0.143681 0.502000 25 64 80
-0.045880 -0.143681 0.502000 30 64 70
-0.044582 -0.143681 0.502000 33 67 73
-0.043198 -0.143395 0.501000 37 66 67
-0.041903 -0.143395 0.501000 32 61 62
-0.040526 -0.143109 0.500000 19 57 69
-0.039155 -0.142822 0.499000 17 55 67
-0.037789 -0.142536 0.498000 33 72 88
-0.034365 -0.139102 0.486000 48 77 78
-0.032972 -0.138529 0.484000 52 81 82
-0.031655 -0.138243 0.483000 65 79 70
-0.016323 -0.135381 0.473000 2 36 46
-0.015068 -0.135095 0.472000 12 46 56
-0.012601 -0.134808 0.471000 19 55 65
-0.010143 -0.134522 0.470000 14 55 63
0.009420 -0.136239 0.476000 23 34 30
0.013167 -0.136812 0.478000 10 31 39
0.014403 -0.136812 0.478000 17 38 46
0.015606 -0.136526 0.477000 12 46 54
0.016840 -0.136526 0.477000 10 44 52
0.018035 -0.136239 0.476000 12 47 60
0.019226 -0.135953 0.475000 33 68 81
0.023732 -0.133664 0.467000 37 58 64
0.024939 -0.133664 0.467000 29 46 47
0.026091 -0.133377 0.466000 24 41 42
0.027237 -0.133091 0.465000 17 37 34
0.028440 -0.133091 0.465000 10 30 27
0.029642 -0.133091 0.465000 11 41 46
0.030778 -0.132805 0.464000 17 47 52
0.031978 -0.132805 0.464000 10 50 61
0.033177 -0.132805 0.464000 10 50 61
0.034377 -0.132805 0.464000 9 52 64
0.035577 -0.132805 0.464000 20 63 75
0.036856 -0.133091 0.465000 34 69 84
0.038058 -0.133091 0.465000 5 40 55
0.039345 -0.133377 0.466000 0 16 26
0.040550 -0.133377 0.466000 0 21 31
0.041755 -0.133377 0.466000 7 20 17
0.054035 -0.133950 0.468000 12 24 16
0.055245 -0.133950 0.468000 15 27 19
0.056455 -0.133950 0.468000 12 25 20
0.057665 -0.133950 0.468000 12 25 20
0.058750 -0.133664 0.467000 18 27 18
0.059957 -0.133664 0.467000 15 24 15
0.061034 -0.133377 0.466000 16 28 18
0.062239 -0.133377 0.466000 15 27 17
0.063307 -0.133091 0.465000 15 26 24
0.064371 -0.132805 0.464000 15 26 24
0.065571 -0.132805 0.464000 13 24 20
0.066627 -0.132519 0.463000 13 24 20
0.067824 -0.132519 0.463000 12 25 22
0.078373 -0.122787 0.429000 96 118 121
0.079482 -0.122787 0.429000 97 119 122
0.080591 -0.122787 0.429000 28 63 78
0.081701 -0.122787 0.429000 27 62 77
0.082810 -0.122787 0.429000 30 74 92
0.083919 -0.122787 0.429000 30 74 92
0.085028 -0.122787 0.429000 8 55 82
0.086138 -0.122787 0.429000 0 45 72
0.087247 -0.122787 0.429000 11 60 86
0.088356 -0.122787 0.429000 22 71 97
0.089465 -0.122787 0.429000 23 72 100
0.090575 -0.122787 0.429000 25 74 102
0.091470 -0.122501 0.428000 24 73 99
0.092144 -0.121929 0.426000 31 80 106
0.093027 -0.121642 0.425000 47 85 108
0.094126 -0.121642 0.425000 17 55 78
0.095001 -0.121356 0.424000 19 51 69
0.096097 -0.121356 0.424000 10 42 60
0.097193 -0.121356 0.424000 10 41 55
0.098290 -0.121356 0.424000 15 46 60
0.099386 -0.121356 0.424000 31 66 81
0.100482 -0.121356 0.424000 28 63 78
0.101818 -0.121642 0.425000 26 67 89
0.102917 -0.121642 0.425000 31 72 94
0.104261 -0.121929 0.426000 29 66 83
0.105610 -0.122215 0.427000 88 125 142
0.108070 -0.122501 0.428000 15 52 71
0.109432 -0.122787 0.429000 28 67 87
0.110541 -0.122787 0.429000 26 65 85
0.111650 -0.122787 0.429000 18 57 77
0.112760 -0.122787 0.429000 16 55 75
0.234957 -0.143967 0.503000 93 105 111
0.233909 -0.142536 0.498000 49 61 67
0.234725 -0.142250 0.497000 50 72 75
0.235535 -0.141964 0.496000 50 72 75
0.236340 -0.141678 0.495000 51 70 72
0.237620 -0.141678 0.495000 49 68 70
0.239865 -0.142250 0.497000 59 76 81
0.241635 -0.142536 0.498000 64 81 86
0.243899 -0.143109 0.500000 57 71 62
-0.321274 -0.127065 0.448000 53 61 48
-0.319669 -0.127349 0.449000 14 29 24
-0.318508 -0.127349 0.449000 21 36 31
-0.969711 -0.389138 1.372000 29 40 40
-0.316890 -0.127633 0.450000 44 55 55
-0.315727 -0.127633 0.450000 40 52 54
-0.316660 -0.128484 0.453000 38 50 52
-0.970842 -0.395378 1.394000 23 36 45
-0.970013 -0.396512 1.398000 16 29 38
-0.966399 -0.396512 1.398000 44 49 58
-0.964850 -0.397363 1.401000 140 145 154
-0.964658 -0.398781 1.406000 143 139 142
-0.049477 -0.141530 0.499000 24 61 64
-0.048283 -0.141814 0.500000 24 67 77
-0.046990 -0.141814 0.500000 22 65 75
-0.045789 -0.142098 0.501000 25 62 65
-0.044405 -0.141814 0.500000 28 65 68
-0.043112 -0.141814 0.500000 34 65 63
-0.041735 -0.141530 0.499000 31 62 60
-0.040445 -0.141530 0.499000 21 57 63
-0.039076 -0.141247 0.498000 15 51 57
-0.034294 -0.137560 0.485000 46 74 78
-0.032972 -0.137276 0.484000 55 83 87
-0.031589 -0.136709 0.482000 67 81 72
-0.020161 -0.135291 0.477000 41 55 59
-0.018849 -0.134723 0.475000 16 48 59
-0.017546 -0.134156 0.473000 6 38 49
-0.016323 -0.134156 0.473000 1 35 45
-0.015068 -0.133872 0.472000 2 36 46
-0.013818 -0.133589 0.471000 10 44 52
-0.012601 -0.133589 0.471000 15 49 57
-0.011383 -0.133589 0.471000 17 53 61
-0.010143 -0.133305 0.470000 15 51 59
-0.008928 -0.133305 0.470000 14 54 65
-0.007713 -0.133305 0.470000 19 59 70
0.015639 -0.135574 0.478000 11 40 48
0.016840 -0.135291 0.477000 15 44 52
0.018035 -0.135007 0.476000 9 43 53
0.019266 -0.135007 0.476000 14 48 58
0.020411 -0.134440 0.474000 24 58 68
0.024939 -0.132454 0.467000 10 29 33
0.026091 -0.132171 0.466000 5 24 28
0.027237 -0.131887 0.465000 5 23 19
0.028440 -0.131887 0.465000 3 21 17
0.029578 -0.131603 0.464000 3 27 27
0.030778 -0.131603 0.464000 11 35 35
0.031978 -0.131603 0.464000 12 46 56
0.033177 -0.131603 0.464000 15 49 59
0.034377 -0.131603 0.464000 8 51 61
0.035577 -0.131603 0.464000 8 51 61
0.038058 -0.131887 0.465000 30 72 87
0.039345 -0.132171 0.466000 9 40 56
0.040550 -0.132171 0.466000 0 19 35
0.041755 -0.132171 0.466000 5 24 28
0.043052 -0.132454 0.467000 7 26 30
0.044260 -0.132454 0.467000 11 24 19
0.061034 -0.132171 0.466000 14 28 19
0.062105 -0.131887 0.465000 14 28 19
0.063171 -0.131603 0.464000 15 28 25
0.064371 -0.131603 0.464000 15 28 25
0.076154 -0.121676 0.429000 3 20 23
0.077264 -0.121676 0.429000 3 20 23
0.078373 -0.121676 0.429000 5 29 41
0.079482 -0.121676 0.429000 15 39 51
0.080591 -0.121676 0.429000 26 61 76
0.081701 -0.121676 0.429000 34 69 84
0.082810 -0.121676 0.429000 28 74 94
0.083919 -0.121676 0.429000 25 71 91
0.085028 -0.121676 0.429000 11 60 84
0.086138 -0.121676 0.429000 20 69 93
0.087247 -0.121676 0.429000 35 84 110
0.088356 -0.121676 0.429000 28 77 103
0.089465 -0.121676 0.429000 27 76 102
0.090575 -0.121676 0.429000 27 76 102
0.091470 -0.121393 0.428000 31 79 101
0.092361 -0.121109 0.427000 43 91 113
0.093027 -0.120542 0.425000 13 49 73
0.094126 -0.120542 0.425000 10 46 70
0.095001 -0.120258 0.424000 17 51 69
0.096097 -0.120258 0.424000 11 45 63
0.097193 -0.120258 0.424000 8 41 54
0.098290 -0.120258 0.424000 28 61 74
0.099386 -0.120258 0.424000 27 64 81
0.100482 -0.120258 0.424000 24 61 78
0.101818 -0.120542 0.425000 31 72 94
0.102917 -0.120542 0.425000 28 69 91
0.104261 -0.120826 0.426000 50 90 103
0.105610 -0.121109 0.427000 102 142 155
0.108070 -0.121393 0.428000 26 68 87
0.109432 -0.121676 0.429000 31 72 96
0.110541 -0.121676 0.429000 26 67 91
0.111650 -0.121676 0.429000 6 47 69
0.112760 -0.121676 0.429000 19 60 82
0.233089 -0.141530 0.499000 109 121 125
0.233909 -0.141247 0.498000 47 59 63
0.234725 -0.140963 0.497000 49 68 72
0.235535 -0.140680 0.496000 54 73 77
0.236340 -0.140396 0.495000 49 68 70
0.237620 -0.140396 0.495000 51 70 72
0.239865 -0.140963 0.497000 56 75 79
0.241635 -0.141247 0.498000 64 83 87
0.243899 -0.141814 0.500000 61 74 71
-0.321274 -0.125905 0.448000 49 54 42
-0.320115 -0.125905 0.448000 31 36 24
-0.318508 -0.126186 0.449000 24 37 32
-0.973952 -0.387272 1.378000 29 40 40
-0.316890 -0.126468 0.450000 51 62 62
-0.315727 -0.126468 0.450000 40 52 54
-0.315961 -0.127030 0.452000 35 47 49
-0.315489 -0.127311 0.453000 24 38 44
-0.974177 -0.394579 1.404000 17 31 37
-0.315220 -0.128154 0.456000 63 65 75
-0.975180 -0.397951 1.416000 148 150 160
-0.302764 -0.127873 0.455000 27 35 34
-0.049477 -0.140238 0.499000 24 61 62
-0.048186 -0.140238 0.499000 20 63 73
-0.046896 -0.140238 0.499000 22 65 75
-0.045606 -0.140238 0.499000 15 52 53
-0.044316 -0.140238 0.499000 17 54 55
-0.043025 -0.140238 0.499000 29 61 54
-0.041735 -0.140238 0.499000 29 61 54
-0.040283 -0.139676 0.497000 22 57 58
-0.038762 -0.138833 0.494000 20 55 56
-0.037333 -0.138271 0.492000 19 59 72
-0.035695 -0.136866 0.487000 35 75 88
-0.034294 -0.136304 0.485000 45 74 82
-0.032904 -0.135742 0.483000 55 84 92
-0.031589 -0.135461 0.482000 70 86 77
-0.030343 -0.135461 0.482000 72 88 79
-0.022818 -0.135180 0.481000 72 79 71
-0.021574 -0.135180 0.481000 70 81 81
-0.017583 -0.133212 0.474000 6 35 45
-0.016323 -0.132931 0.473000 2 35 48
-0.015068 -0.132650 0.472000 0 31 44
-0.013818 -0.132369 0.471000 10 42 51
-0.012601 -0.132369 0.471000 15 47 56
-0.011383 -0.132369 0.471000 15 49 57
-0.010143 -0.132088 0.470000 19 53 61
-0.008928 -0.132088 0.470000 10 51 59
0.021591 -0.132931 0.473000 27 61 71
0.024886 -0.130964 0.466000 2 24 34
0.026091 -0.130964 0.466000 0 22 32
0.035577 -0.130402 0.464000 7 47 58
0.036856 -0.130683 0.465000 7 51 67
0.038058 -0.130683 0.465000 13 57 73
0.039345 -0.130964 0.466000 32 69 86
0.040550 -0.130964 0.466000 13 50 67
0.041755 -0.130964 0.466000 1 23 35
0.043052 -0.131245 0.467000 7 29 41
0.044260 -0.131245 0.467000 13 28 27
0.045467 -0.131245 0.467000 12 27 26
0.076154 -0.120566 0.429000 10 27 30
0.077264 -0.120566 0.429000 11 28 31
0.078373 -0.120566 0.429000 0 28 40
0.079482 -0.120566 0.429000 23 52 64
0.080591 -0.120566 0.429000 26 65 81
0.081701 -0.120566 0.429000 33 72 88
0.082810 -0.120566 0.429000 31 77 97
0.083919 -0.120566 0.429000 28 74 94
0.085028 -0.120566 0.429000 30 82 107
0.086138 -0.120566 0.429000 37 89 114
0.087247 -0.120566 0.429000 34 86 111
0.088356 -0.120566 0.429000 25 77 102
0.089465 -0.120566 0.429000 23 75 98
0.090364 -0.120285 0.428000 28 80 103
0.091470 -0.120285 0.428000 37 80 101
0.092144 -0.119723 0.426000 18 61 82
0.093027 -0.119442 0.425000 2 39 58
0.094126 -0.119442 0.425000 13 50 69
0.095001 -0.119161 0.424000 13 47 65
0.096097 -0.119161 0.424000 8 42 60
0.097193 -0.119161 0.424000 11 46 61
0.098290 -0.119161 0.424000 28 63 78
0.099386 -0.119161 0.424000 23 62 78
0.100482 -0.119161 0.424000 28 67 83
0.101579 -0.119161 0.424000 33 76 97
0.102917 -0.119442 0.425000 28 71 92
0.104016 -0.119442 0.425000 84 131 148
0.105362 -0.119723 0.426000 55 102 119
0.106714 -0.120004 0.427000 16 64 84
0.109177 -0.120285 0.428000 34 76 104
0.110284 -0.120285 0.428000 28 70 98
0.111650 -0.120566 0.429000 0 40 64
0.112760 -0.120566 0.429000 20 61 85
0.233089 -0.140238 0.499000 118 130 134
0.233909 -0.139957 0.498000 47 59 63
0.234725 -0.139676 0.497000 51 70 74
0.235060 -0.139114 0.495000 54 73 77
0.236340 -0.139114 0.495000 51 70 72
0.237620 -0.139114 0.495000 49 68 70
0.239865 -0.139676 0.497000 56 74 81
0.241635 -0.139957 0.498000 62 80 87
0.243899 -0.140519 0.500000 60 73 70
-0.321274 -0.124745 0.448000 51 53 40
-0.320115 -0.124745 0.448000 31 33 20
-0.318508 -0.125024 0.449000 25 36 32
-0.981726 -0.386767 1.389000 32 43 43
-0.316890 -0.125302 0.450000 46 57 57
-0.315727 -0.125302 0.450000 39 52 51
-0.315262 -0.125581 0.451000 33 46 45
-0.314793 -0.125859 0.452000 29 41 47
-0.314318 -0.126138 0.453000 17 29 35
-0.314529 -0.126695 0.455000 79 81 91
-0.314041 -0.126973 0.456000 151 153 163
-0.986613 -0.400411 1.438000 146 142 145
-0.306294 -0.126695 0.455000 121 119 109
-0.303941 -0.126695 0.455000 23 27 20
-0.302764 -0.126695 0.455000 26 35 28
-0.301588 -0.126695 0.455000 32 41 34
-0.049378 -0.138668 0.498000 27 63 61
-0.048186 -0.138946 0.499000 17 61 68
-0.046896 -0.138946 0.499000 23 67 74
-0.045606 -0.138946 0.499000 12 49 50
-0.044316 -0.138946 0.499000 12 49 50
-0.043025 -0.138946 0.499000 16 48 39
-0.041652 -0.138668 0.498000 20 52 43
-0.040202 -0.138111 0.496000 21 57 55
-0.038684 -0.137276 0.493000 22 58 56
-0.037257 -0.136719 0.491000 9 49 60
-0.035621 -0.135327 0.486000 30 70 81
-0.034294 -0.135048 0.485000 36 72 80
-0.032904 -0.134491 0.483000 47 83 91
-0.031589 -0.134213 0.482000 73 93 86
-0.030343 -0.134213 0.482000 70 90 83
-0.021619 -0.134213 0.482000 81 89 86
0.031429 -0.106925 0.384000 5 47 62
0.032422 -0.106925 0.384000 17 56 74
0.033415 -0.106925 0.384000 36 75 93
0.034407 -0.106925 0.384000 28 54 70
0.035400 -0.106925 0.384000 0 22 38
0.036393 -0.106925 0.384000 8 25 30
0.045467 -0.130036 0.467000 7 24 29
0.077264 -0.119455 0.429000 0 24 35
0.078373 -0.119455 0.429000 20 57 74
0.079482 -0.119455 0.429000 32 69 86
0.080591 -0.119455 0.429000 30 77 94
0.081510 -0.119176 0.428000 39 86 103
0.082617 -0.119176 0.428000 32 81 105
0.083723 -0.119176 0.428000 30 79 103
0.085028 -0.119455 0.429000 30 82 109
0.085937 -0.119176 0.428000 30 82 109
0.087043 -0.119176 0.428000 20 72 99
0.088356 -0.119455 0.429000 19 71 98
0.089257 -0.119176 0.428000 28 77 101
0.090364 -0.119176 0.428000 30 79 103
0.091256 -0.118898 0.427000 21 59 82
0.091928 -0.118341 0.425000 2 40 63
0.093027 -0.118341 0.425000 9 46 63
0.093904 -0.118063 0.424000 17 54 71
0.095001 -0.118063 0.424000 13 47 65
0.096097 -0.118063 0.424000 4 38 56
0.097193 -0.118063 0.424000 24 61 78
0.098290 -0.118063 0.424000 24 61 78
0.099386 -0.118063 0.424000 19 61 80
0.100482 -0.118063 0.424000 33 75 94
0.101579 -0.118063 0.424000 30 76 96
0.102675 -0.118063 0.424000 34 80 100
0.104016 -0.118341 0.425000 41 89 111
0.105115 -0.118341 0.425000 23 71 93
0.106214 -0.118341 0.425000 29 78 102
0.107565 -0.118620 0.426000 28 77 101
0.108922 -0.118898 0.427000 39 81 109
0.110026 -0.118898 0.427000 9 51 79
0.112497 -0.119176 0.428000 29 70 94
0.233089 -0.138946 0.499000 115 127 131
0.233909 -0.138668 0.498000 46 58 62
0.234725 -0.138389 0.497000 52 71 75
0.235060 -0.137833 0.495000 53 72 76
0.236340 -0.137833 0.495000 49 68 70
0.237620 -0.137833 0.495000 48 67 69
0.239865 -0.138389 0.497000 58 77 81
0.241635 -0.138668 0.498000 67 86 90
0.243899 -0.139225 0.500000 60 71 69
-0.321712 -0.123310 0.447000 98 95 81
-0.321274 -0.123585 0.448000 57 59 46
-0.320115 -0.123585 0.448000 31 33 20
-0.318508 -0.123861 0.449000 26 37 35
-0.988087 -0.385653 1.398000 36 47 47
-0.316890 -0.124137 0.450000 44 55 55
-0.315727 -0.124137 0.450000 38 51 50
-0.315262 -0.124413 0.451000 32 45 44
-0.314793 -0.124689 0.452000 24 38 42
-0.314529 -0.125517 0.455000 91 96 105
-0.314041 -0.125792 0.456000 147 152 161
-0.306294 -0.125517 0.455000 98 100 89
-0.305117 -0.125517 0.455000 14 23 16
-0.303941 -0.125517 0.455000 21 30 23
-0.302764 -0.125517 0.455000 27 35 32
-0.301588 -0.125517 0.455000 28 36 33
-0.300411 -0.125517 0.455000 35 44 37
-0.048090 -0.137379 0.498000 18 59 65
-0.046802 -0.137379 0.498000 26 67 73
-0.045515 -0.137379 0.498000 20 58 56
-0.044227 -0.137379 0.498000 20 58 56
-0.042853 -0.137103 0.497000 20 55 43
-0.041568 -0.137103 0.497000 18 53 41
-0.040121 -0.136551 0.495000 22 56 51
-0.038605 -0.135723 0.492000 25 59 54
-0.037257 -0.135447 0.491000 16 55 64
-0.035621 -0.134068 0.486000 22 61 70
-0.034294 -0.133792 0.485000 30 69 78
-0.032972 -0.133516 0.484000 34 73 82
-0.031655 -0.133241 0.483000 72 95 89
-0.030343 -0.132965 0.482000 72 95 89
-0.020415 -0.133241 0.483000 79 92 89
-0.019047 -0.132413 0.480000 26 50 60
0.031347 -0.105655 0.383000 8 46 58
0.032337 -0.105655 0.383000 11 48 65
0.033328 -0.105655 0.383000 20 57 74
0.034318 -0.105655 0.383000 48 80 98
0.035308 -0.105655 0.383000 27 59 77
0.036298 -0.105655 0.383000 1 16 29
0.037289 -0.105655 0.383000 1 16 29
0.038279 -0.105655 0.383000 9 22 21
0.039269 -0.105655 0.383000 8 21 20
0.082617 -0.118068 0.428000 27 79 104
0.083723 -0.118068 0.428000 27 79 104
0.084830 -0.118068 0.428000 25 77 102
0.085937 -0.118068 0.428000 20 72 97
0.087043 -0.118068 0.428000 19 71 96
0.088150 -0.118068 0.428000 20 72 97
0.089257 -0.118068 0.428000 27 73 95
0.090364 -0.118068 0.428000 2 48 70
0.101579 -0.116965 0.424000 26 74 96
0.102675 -0.116965 0.424000 28 76 98
0.232622 -0.137379 0.498000 102 112 117
0.233440 -0.137103 0.497000 51 61 66
0.234252 -0.136827 0.496000 54 71 74
0.235060 -0.136551 0.495000 55 72 75
0.236340 -0.136551 0.495000 51 70 72
0.237620 -0.136551 0.495000 52 71 73
0.239865 -0.137103 0.497000 60 77 80
0.241635 -0.137379 0.498000 65 82 85
0.243899 -0.137930 0.500000 62 73 71
-0.321712 -0.122152 0.447000 95 91 80
-0.320557 -0.122152 0.447000 64 69 57
-0.320115 -0.122426 0.448000 31 36 24
-0.318508 -0.122699 0.449000 28 36 33
-0.991621 -0.383400 1.403000 39 47 46
-0.316890 -0.122972 0.450000 45 53 52
-0.315727 -0.122972 0.450000 37 50 47
-0.315262 -0.123245 0.451000 29 42 39
-0.315489 -0.123792 0.453000 24 38 40
-0.315012 -0.124065 0.454000 16 30 32
-0.314529 -0.124338 0.455000 104 111 117
-0.314041 -0.124612 0.456000 145 152 158
-0.307470 -0.124338 0.455000 147 155 142
-0.306294 -0.124338 0.455000 68 76 63
-0.305117 -0.124338 0.455000 11 22 18
-0.303941 -0.124338 0.455000 23 34 30
-0.302764 -0.124338 0.455000 23 34 32
-0.301588 -0.124338 0.455000 26 37 35
-0.300411 -0.124338 0.455000 38 49 45
-0.049179 -0.135543 0.496000 36 67 65
-0.046708 -0.135816 0.497000 25 66 74
-0.045423 -0.135816 0.497000 22 62 62
-0.044138 -0.135816 0.497000 23 63 63
-0.042767 -0.135543 0.496000 28 64 48
-0.041401 -0.135269 0.495000 24 60 44
-0.040040 -0.134996 0.494000 23 58 46
-0.038605 -0.134449 0.492000 25 60 48
-0.037257 -0.134176 0.491000 16 55 60
-0.035621 -0.132810 0.486000 13 52 57
-0.034294 -0.132537 0.485000 34 69 82
-0.032972 -0.132263 0.484000 33 68 81
-0.031655 -0.131990 0.483000 61 85 85
-0.030406 -0.131990 0.483000 73 97 97
-0.006909 -0.115047 0.421000 17 39 53
-0.005820 -0.115047 0.421000 15 44 56
-0.000377 -0.115047 0.421000 9 52 64
0.000711 -0.115047 0.421000 10 52 67
0.001800 -0.115047 0.421000 13 55 70
0.002888 -0.115047 0.421000 19 57 71
0.003977 -0.115047 0.421000 1 39 53
0.005066 -0.115047 0.421000 7 41 51
0.030357 -0.104663 0.383000 9 41 52
0.031347 -0.104663 0.383000 9 41 52
0.032337 -0.104663 0.383000 5 43 57
0.033328 -0.104663 0.383000 6 44 58
0.034318 -0.104663 0.383000 18 52 70
0.035308 -0.104663 0.383000 45 79 97
0.036298 -0.104663 0.383000 40 63 80
0.037289 -0.104663 0.383000 7 30 47
0.038279 -0.104663 0.383000 2 15 24
0.039269 -0.104663 0.383000 8 21 30
0.040260 -0.104663 0.383000 7 22 21
0.084830 -0.116960 0.428000 21 70 96
0.085937 -0.116960 0.428000 21 70 96
0.087043 -0.116960 0.428000 22 70 92
0.088150 -0.116960 0.428000 18 66 88
0.100482 -0.115867 0.424000 27 74 91
0.101579 -0.115867 0.424000 29 79 100
0.102675 -0.115867 0.424000 30 80 101
0.103771 -0.115867 0.424000 27 79 102
0.232622 -0.136089 0.498000 84 94 99
0.233440 -0.135816 0.497000 54 64 69
0.234252 -0.135543 0.496000 55 72 75
0.235060 -0.135269 0.495000 53 70 73
0.236340 -0.135269 0.495000 51 70 72
0.237620 -0.135269 0.495000 53 72 74
0.239865 -0.135816 0.497000 62 79 82
0.241635 -0.136089 0.498000 63 80 83
0.243899 -0.136636 0.500000 66 74 71
-0.321712 -0.120995 0.447000 92 88 79
-0.320557 -0.120995 0.447000 66 68 59
-0.319401 -0.120995 0.447000 32 34 25
-0.318957 -0.121266 0.448000 25 33 30
-0.318508 -0.121536 0.449000 27 35 32
-0.316890 -0.121807 0.450000 46 54 53
-0.315727 -0.121807 0.450000 36 49 46
-0.315262 -0.122078 0.451000 29 42 39
-0.314793 -0.122348 0.452000 22 40 38
-0.315012 -0.122890 0.454000 15 33 31
-0.314529 -0.123160 0.455000 107 114 118
-0.314041 -0.123431 0.456000 150 157 161
-0.306794 -0.122890 0.454000 139 149 135
-0.305620 -0.122890 0.454000 35 45 31
-0.305117 -0.123160 0.455000 18 31 26
-0.303941 -0.123160 0.455000 22 35 30
-0.302764 -0.123160 0.455000 23 36 33
-0.301588 -0.123160 0.455000 25 38 35
-0.300411 -0.123160 0.455000 39 52 49
-0.299235 -0.123160 0.455000 47 60 57
-0.220637 -0.134800 0.498000 133 140 146
-0.219350 -0.134800 0.498000 124 131 137
-0.049080 -0.133988 0.495000 39 68 67
-0.047897 -0.134258 0.496000 18 58 69
-0.046614 -0.134258 0.496000 23 63 74
-0.044138 -0.134529 0.497000 23 63 63
-0.042767 -0.134258 0.496000 28 64 48
-0.041401 -0.133988 0.495000 27 63 47
-0.039959 -0.133446 0.493000 28 65 44
-0.038605 -0.133176 0.492000 27 64 43
-0.037182 -0.132634 0.490000 18 55 56
-0.035621 -0.131551 0.486000 15 52 53
-0.034294 -0.131281 0.485000 20 53 66
-0.033040 -0.131281 0.485000 45 78 91
-0.031655 -0.130739 0.483000 38 68 73
-0.030406 -0.130739 0.483000 40 70 75
-0.029157 -0.130739 0.483000 62 82 77
-0.007997 -0.113957 0.421000 4 24 35
-0.006909 -0.113957 0.421000 7 27 38
-0.005820 -0.113957 0.421000 9 33 43
-0.004732 -0.113957 0.421000 14 38 48
0.000711 -0.113957 0.421000 12 52 65
0.001800 -0.113957 0.421000 14 54 67
0.002888 -0.113957 0.421000 18 56 70
0.003977 -0.113957 0.421000 16 54 68
0.005066 -0.113957 0.421000 0 29 42
0.030357 -0.103671 0.383000 3 35 44
0.031347 -0.103671 0.383000 6 38 47
0.032337 -0.103671 0.383000 6 41 54
0.033328 -0.103671 0.383000 8 43 56
0.034318 -0.103671 0.383000 7 41 59
0.035308 -0.103671 0.383000 22 56 74
0.036298 -0.103671 0.383000 36 71 86
0.037289 -0.103671 0.383000 38 73 88
0.038279 -0.103671 0.383000 10 32 46
0.039269 -0.103671 0.383000 0 18 32
0.040260 -0.103671 0.383000 2 23 29
0.093904 -0.114769 0.424000 16 46 65
0.095001 -0.114769 0.424000 21 55 75
0.096097 -0.114769 0.424000 27 61 81
0.097193 -0.114769 0.424000 22 64 83
0.099386 -0.114769 0.424000 26 75 92
0.100482 -0.114769 0.424000 25 74 91
0.101579 -0.114769 0.424000 23 76 94
0.102675 -0.114769 0.424000 23 76 94
0.103771 -0.114769 0.424000 22 70 90
0.104868 -0.114769 0.424000 21 69 89
0.231799 -0.135070 0.499000 163 171 168
0.232622 -0.134800 0.498000 72 84 88
0.233440 -0.134529 0.497000 54 66 70
0.234252 -0.134258 0.496000 54 71 76
0.235060 -0.133988 0.495000 53 70 75
0.236340 -0.133988 0.495000 49 68 70
0.237620 -0.133988 0.495000 54 73 75
0.239865 -0.134529 0.497000 65 82 83
0.241635 -0.134800 0.498000 62 79 80
0.243899 -0.135341 0.500000 68 80 72
-0.321712 -0.119837 0.447000 92 88 79
-0.320557 -0.119837 0.447000 66 68 59
-0.319401 -0.119837 0.447000 34 36 27
-0.318957 -0.120106 0.448000 28 34 32
-0.318508 -0.120374 0.449000 28 34 32
-0.316890 -0.120642 0.450000 47 55 54
-0.315727 -0.120642 0.450000 38 51 48
-0.315262 -0.120910 0.451000 31 44 41
-0.314793 -0.121178 0.452000 19 34 33
-0.315012 -0.121714 0.454000 19 34 33
-0.314529 -0.121982 0.455000 108 118 121
-0.313352 -0.121982 0.455000 147 157 160
-0.306794 -0.121714 0.454000 130 143 128
-0.305620 -0.121714 0.454000 19 32 17
-0.305117 -0.121982 0.455000 21 37 28
-0.303941 -0.121982 0.455000 21 37 28
-0.302099 -0.121714 0.454000 23 36 31
-0.301588 -0.121982 0.455000 28 41 36
-0.300411 -0.121982 0.455000 46 57 57
-0.299235 -0.121982 0.455000 47 58 58
-0.221480 -0.133242 0.497000 107 117 122
-0.220637 -0.133510 0.498000 128 135 139
-0.219350 -0.133510 0.498000 124 131 135
-0.218062 -0.133510 0.498000 135 143 142
-0.216774 -0.133510 0.498000 76 84 83
-0.041317 -0.132438 0.494000 24 60 44
-0.033040 -0.130025 0.485000 37 70 83
-0.031655 -0.129489 0.483000 44 76 87
-0.007997 -0.112867 0.421000 2 24 34
-0.006909 -0.112867 0.421000 2 24 34
-0.005820 -0.112867 0.421000 4 27 34
-0.004732 -0.112867 0.421000 9 32 39
-0.003643 -0.112867 0.421000 12 40 46
-0.001466 -0.112867 0.421000 9 41 48
-0.000377 -0.112867 0.421000 11 43 50
0.000711 -0.112867 0.421000 10 46 56
0.001800 -0.112867 0.421000 11 47 57
0.002888 -0.112867 0.421000 17 52 65
0.003977 -0.112867 0.421000 27 62 75
0.005066 -0.112867 0.421000 15 50 65
0.029366 -0.102680 0.383000 9 43 53
0.030357 -0.102680 0.383000 0 34 44
0.031347 -0.102680 0.383000 2 36 46
0.032337 -0.102680 0.383000 3 38 51
0.033328 -0.102680 0.383000 5 40 53
0.034318 -0.102680 0.383000 6 40 58
0.035308 -0.102680 0.383000 10 44 62
0.036298 -0.102680 0.383000 19 56 75
0.037289 -0.102680 0.383000 40 77 96
0.038279 -0.102680 0.383000 43 76 91
0.039269 -0.102680 0.383000 19 52 67
0.040260 -0.102680 0.383000 10 37 48
0.093904 -0.113671 0.424000 24 56 76
0.095001 -0.113671 0.424000 32 66 86
0.096097 -0.113671 0.424000 27 61 81
0.097193 -0.113671 0.424000 26 68 87
0.098290 -0.113671 0.424000 31 73 92
0.099386 -0.113671 0.424000 22 71 88
0.100482 -0.113671 0.424000 22 71 88
0.101579 -0.113671 0.424000 18 67 84
0.102433 -0.113403 0.423000 19 68 85
0.103527 -0.113403 0.423000 18 56 70
0.104620 -0.113403 0.423000 18 56 70
0.105714 -0.113403 0.423000 32 63 77
0.106808 -0.113403 0.423000 43 74 88
0.107901 -0.113403 0.423000 5 42 61
0.231799 -0.133778 0.499000 152 160 157
0.232622 -0.133510 0.498000 61 73 75
0.233440 -0.133242 0.497000 53 65 67
0.234252 -0.132974 0.496000 54 71 74
0.235060 -0.132706 0.495000 52 69 72
0.236340 -0.132706 0.495000 48 67 69
0.237620 -0.132706 0.495000 54 73 75
0.239865 -0.133242 0.497000 67 86 88
0.241635 -0.133510 0.498000 60 79 81
0.243899 -0.134046 0.500000 77 88 84
-0.321712 -0.118680 0.447000 92 90 78
-0.320557 -0.118680 0.447000 62 67 57
-0.319401 -0.118680 0.447000 31 36 26
-0.318957 -0.118946 0.448000 29 35 35
-0.318508 -0.119211 0.449000 30 36 36
-0.317347 -0.119211 0.449000 41 49 50
-1.012641 -0.381794 1.438000 47 55 56
-0.315727 -0.119477 0.450000 39 52 51
-0.314563 -0.119477 0.450000 30 43 42
-0.314793 -0.120008 0.452000 19 34 33
-0.314318 -0.120273 0.453000 19 34 33
-0.313838 -0.120539 0.454000 108 118 121
-0.313352 -0.120804 0.455000 144 154 157
-0.306794 -0.120539 0.454000 124 134 120
-0.305620 -0.120539 0.454000 15 25 11
-0.304446 -0.120539 0.454000 21 37 28
-0.303273 -0.120539 0.454000 21 37 28
-0.302099 -0.120539 0.454000 25 38 33
-0.300925 -0.120539 0.454000 29 42 37
-0.300411 -0.120804 0.455000 44 55 55
-0.299235 -0.120804 0.455000 46 57 57
-0.221480 -0.131955 0.497000 127 134 140
-0.220194 -0.131955 0.497000 129 135 135
-0.218909 -0.131955 0.497000 126 132 132
-0.217624 -0.131955 0.497000 137 145 142
-0.048882 -0.130893 0.493000 41 61 56
-0.047607 -0.130893 0.493000 27 63 71
-0.045149 -0.131159 0.494000 27 66 75
-0.043872 -0.131159 0.494000 25 64 73
-0.042508 -0.130893 0.493000 31 63 52
-0.041233 -0.130893 0.493000 27 59 48
-0.039878 -0.130628 0.492000 29 58 38
-0.038605 -0.130628 0.492000 30 59 39
-0.036954 -0.129300 0.487000 22 54 47
-0.034294 -0.128769 0.485000 13 49 59
-0.007997 -0.111777 0.421000 0 23 33
-0.006909 -0.111777 0.421000 0 22 32
-0.005820 -0.111777 0.421000 4 25 31
-0.004732 -0.111777 0.421000 4 25 31
-0.003643 -0.111777 0.421000 6 30 32
-0.002554 -0.111777 0.421000 14 38 40
-0.001466 -0.111777 0.421000 12 37 42
-0.000377 -0.111777 0.421000 12 37 42
0.000711 -0.111777 0.421000 7 39 46
0.001800 -0.111777 0.421000 8 40 47
0.002888 -0.111777 0.421000 13 47 57
0.003977 -0.111777 0.421000 20 54 64
0.005066 -0.111777 0.421000 20 55 68
0.029366 -0.101688 0.383000 26 59 72
0.030357 -0.101688 0.383000 19 54 67
0.031347 -0.101688 0.383000 8 43 56
0.032337 -0.101688 0.383000 2 40 52
0.033328 -0.101688 0.383000 4 42 54
0.034318 -0.101688 0.383000 3 40 57
0.035308 -0.101688 0.383000 5 42 59
0.036298 -0.101688 0.383000 3 40 59
0.037289 -0.101688 0.383000 15 52 71
0.038279 -0.101688 0.383000 36 70 90
0.039269 -0.101688 0.383000 46 80 100
0.040260 -0.101688 0.383000 21 54 67
0.047482 -0.089209 0.336000 23 52 62
0.093904 -0.112574 0.424000 26 63 82
0.095001 -0.112574 0.424000 24 61 80
0.096097 -0.112574 0.424000 26 63 82
0.097193 -0.112574 0.424000 26 68 87
0.098290 -0.112574 0.424000 30 72 91
0.099386 -0.112574 0.424000 20 64 82
0.100482 -0.112574 0.424000 16 60 78
0.101579 -0.112574 0.424000 15 53 67
0.102433 -0.112308 0.423000 6 44 58
0.103527 -0.112308 0.423000 6 33 42
0.104373 -0.112043 0.422000 7 34 43
0.105464 -0.112043 0.422000 15 46 60
0.106555 -0.112043 0.422000 15 46 60
0.231334 -0.132221 0.498000 132 143 141
0.232622 -0.132221 0.498000 53 65 67
0.233440 -0.131955 0.497000 61 73 75
0.234252 -0.131690 0.496000 56 70 74
0.235060 -0.131424 0.495000 54 68 72
0.236340 -0.131424 0.495000 48 65 70
0.237620 -0.131424 0.495000 64 81 86
0.239865 -0.131955 0.497000 64 83 85
0.241635 -0.132221 0.498000 58 77 79
0.243899 -0.132752 0.500000 98 106 105
-0.321712 -0.117523 0.447000 92 90 78
-0.320557 -0.117523 0.447000 60 65 55
-0.319401 -0.117523 0.447000 31 36 26
-0.318957 -0.117786 0.448000 27 35 34
-0.318508 -0.118049 0.449000 31 39 38
-0.317347 -0.118049 0.449000 33 40 44
-0.315727 -0.118311 0.450000 40 51 51
-0.314563 -0.118311 0.450000 32 43 43
-0.314096 -0.118574 0.451000 29 40 40
-0.313624 -0.118837 0.452000 24 35 35
-0.313838 -0.119363 0.454000 105 112 116
-0.312664 -0.119363 0.454000 145 152 156
-0.306794 -0.119363 0.454000 106 114 101
-0.305620 -0.119363 0.454000 16 24 11
-0.304446 -0.119363 0.454000 22 38 29
-0.303273 -0.119363 0.454000 21 37 28
-0.302099 -0.119363 0.454000 24 37 32
-0.301588 -0.119626 0.455000 30 43 38
-0.299751 -0.119363 0.454000 46 57 55
-0.299235 -0.119626 0.455000 43 54 52
-0.219751 -0.130406 0.496000 129 135 133
-0.218469 -0.130406 0.496000 129 135 133
-0.217186 -0.130406 0.496000 131 139 136
-0.047511 -0.129354 0.492000 33 67 73
-0.046238 -0.129354 0.492000 26 60 66
-0.044966 -0.129354 0.492000 23 63 74
-0.043694 -0.129354 0.492000 24 64 75
-0.042422 -0.129354 0.492000 31 65 62
-0.038527 -0.129091 0.491000 25 46 33
-0.037106 -0.128565 0.489000 9 36 29
-0.009086 -0.110687 0.421000 20 49 57
-0.007997 -0.110687 0.421000 5 32 43
-0.006909 -0.110687 0.421000 0 25 36
-0.005820 -0.110687 0.421000 1 24 29
-0.004732 -0.110687 0.421000 1 24 29
-0.003643 -0.110687 0.421000 0 21 23
-0.002554 -0.110687 0.421000 1 25 27
-0.001466 -0.110687 0.421000 14 36 39
-0.000377 -0.110687 0.421000 12 34 37
0.000711 -0.110687 0.421000 8 33 38
0.001800 -0.110687 0.421000 11 36 41
0.002888 -0.110687 0.421000 9 38 46
0.003977 -0.110687 0.421000 13 42 50
0.005066 -0.110687 0.421000 10 44 54
0.029290 -0.100433 0.382000 10 39 49
0.031265 -0.100433 0.382000 21 55 65
0.032337 -0.100696 0.383000 17 53 63
0.033328 -0.100696 0.383000 12 48 58
0.034318 -0.100696 0.383000 5 43 57
0.035308 -0.100696 0.383000 4 42 56
0.036298 -0.100696 0.383000 7 41 59
0.037289 -0.100696 0.383000 11 45 63
0.038279 -0.100696 0.383000 14 48 68
0.039269 -0.100696 0.383000 33 67 87
0.040260 -0.100696 0.383000 39 76 93
0.042753 -0.087550 0.333000 29 54 61
0.043745 -0.087813 0.334000 27 59 70
0.044609 -0.087813 0.334000 31 63 74
0.045609 -0.088076 0.335000 26 64 78
0.046475 -0.088076 0.335000 18 56 70
0.047341 -0.088076 0.335000 14 57 69
0.048207 -0.088076 0.335000 14 57 69
0.049220 -0.088339 0.336000 13 56 68
0.050089 -0.088339 0.336000 13 56 68
0.093904 -0.111476 0.424000 26 63 82
0.095001 -0.111476 0.424000 28 67 87
0.096097 -0.111476 0.424000 28 67 87
0.097193 -0.111476 0.424000 29 68 88
0.098290 -0.111476 0.424000 24 63 83
0.099386 -0.111476 0.424000 10 45 60
0.100482 -0.111476 0.424000 8 43 58
0.101339 -0.111213 0.423000 16 40 50
0.102433 -0.111213 0.423000 14 38 48
0.103282 -0.110950 0.422000 9 34 41
0.104373 -0.110950 0.422000 8 33 40
0.105464 -0.110950 0.422000 9 42 55
0.231334 -0.130931 0.498000 110 118 117
0.232155 -0.130668 0.497000 47 61 63
0.233440 -0.130668 0.497000 59 73 75
0.234252 -0.130406 0.496000 54 71 74
0.235060 -0.130143 0.495000 52 69 72
0.236817 -0.130406 0.496000 51 70 74
0.238100 -0.130406 0.496000 66 85 89
0.240348 -0.130931 0.498000 62 81 83
0.242121 -0.131194 0.499000 51 70 72
-0.321712 -0.116365 0.447000 90 91 78
-0.319840 -0.116105 0.446000 59 63 56
-0.319401 -0.116365 0.447000 35 39 32
-0.318245 -0.116365 0.447000 22 33 33
-0.317799 -0.116626 0.448000 26 37 37
-0.317347 -0.116886 0.449000 32 40 41
-0.315727 -0.117146 0.450000 41 49 50
-0.314563 -0.117146 0.450000 36 44 45
-0.314096 -0.117407 0.451000 33 41 42
-0.313624 -0.117667 0.452000 27 35 36
-0.313146 -0.117927 0.453000 105 107 113
-0.312664 -0.118188 0.454000 148 150 156
-0.307968 -0.118188 0.454000 144 146 137
-0.306794 -0.118188 0.454000 92 97 85
-0.304947 -0.117927 0.453000 21 26 14
-0.304446 -0.118188 0.454000 25 37 27
-0.303273 -0.118188 0.454000 24 36 26
-0.302099 -0.118188 0.454000 26 38 30
-0.300925 -0.118188 0.454000 26 38 30
-0.299751 -0.118188 0.454000 47 58 54
-0.299235 -0.118448 0.455000 41 52 48
-0.220143 -0.128601 0.494000 137 145 146
-0.218865 -0.128601 0.494000 126 135 128
-0.218028 -0.128861 0.495000 130 139 132
-0.216749 -0.128861 0.495000 121 133 125
-0.046238 -0.128080 0.492000 28 61 63
-0.043694 -0.128080 0.492000 28 68 81
-0.042422 -0.128080 0.492000 19 54 57
-0.037106 -0.127299 0.489000 3 26 20
-0.009086 -0.109597 0.421000 16 46 51
-0.007997 -0.109597 0.421000 19 43 55
-0.006909 -0.109597 0.421000 1 25 37
-0.005834 -0.109857 0.422000 4 24 37
-0.004732 -0.109597 0.421000 3 23 36
-0.003643 -0.109597 0.421000 4 23 27
-0.002554 -0.109597 0.421000 4 23 27
-0.001466 -0.109597 0.421000 7 26 30
-0.000377 -0.109597 0.421000 16 35 39
0.000711 -0.109597 0.421000 12 34 37
0.001800 -0.109597 0.421000 12 34 37
0.003968 -0.109337 0.420000 13 38 45
0.032337 -0.099705 0.383000 10 46 56
0.033241 -0.099444 0.382000 11 47 57
0.034318 -0.099705 0.383000 7 42 57
0.035216 -0.099444 0.382000 6 41 56
0.036298 -0.099705 0.383000 4 38 56
0.037289 -0.099705 0.383000 6 40 58
0.038279 -0.099705 0.383000 4 38 60
0.039269 -0.099705 0.383000 13 47 69
0.040155 -0.099444 0.382000 32 69 88
0.040170 -0.086688 0.333000 41 73 82
0.041031 -0.086688 0.333000 39 71 80
0.041892 -0.086688 0.333000 28 61 74
0.042753 -0.086688 0.333000 27 60 73
0.043614 -0.086688 0.333000 19 62 74
0.044609 -0.086949 0.334000 15 58 70
0.045472 -0.086949 0.334000 11 55 69
0.046336 -0.086949 0.334000 9 53 67
0.047341 -0.087209 0.335000 9 54 65
0.048207 -0.087209 0.335000 9 54 65
0.049073 -0.087209 0.335000 13 58 69
0.050957 -0.087469 0.336000 16 59 71
0.095001 -0.110378 0.424000 27 68 90
0.096097 -0.110378 0.424000 27 68 90
0.097193 -0.110378 0.424000 26 65 83
0.098290 -0.110378 0.424000 0 37 55
0.099386 -0.110378 0.424000 9 36 47
0.100482 -0.110378 0.424000 7 34 45
0.101339 -0.110118 0.423000 15 36 42
0.102433 -0.110118 0.423000 14 35 41
0.103282 -0.109857 0.422000 2 30 36
0.104373 -0.109857 0.422000 10 38 44
0.105214 -0.109597 0.421000 17 55 69
0.106303 -0.109597 0.421000 26 64 78
0.107391 -0.109597 0.421000 34 78 96
0.230508 -0.129902 0.499000 132 143 143
0.231334 -0.129642 0.498000 70 81 81
0.232155 -0.129382 0.497000 52 66 68
0.233440 -0.129382 0.497000 58 72 74
0.234252 -0.129121 0.496000 52 69 72
0.235535 -0.129121 0.496000 50 67 70
0.236817 -0.129121 0.496000 55 74 78
0.238580 -0.129382 0.497000 61 80 84
0.240348 -0.129642 0.498000 60 77 80
0.242121 -0.129902 0.499000 55 72 75
-0.321712 -0.115208 0.447000 92 93 80
-0.319840 -0.114950 0.446000 56 63 55
-0.319401 -0.115208 0.447000 47 54 46
-0.318245 -0.115208 0.447000 23 34 34
-0.317799 -0.115466 0.448000 23 34 34
-0.317347 -0.115723 0.449000 33 40 44
-0.315727 -0.115981 0.450000 43 49 51
-0.314563 -0.115981 0.450000 39 45 47
-0.313400 -0.115981 0.450000 33 39 41
-0.312930 -0.116239 0.451000 26 32 34
-0.312455 -0.116497 0.452000 90 89 96
-0.311975 -0.116754 0.453000 154 153 160
-0.311490 -0.117012 0.454000 138 139 133
-0.307290 -0.116754 0.453000 140 142 133
-0.306118 -0.116754 0.453000 77 82 68
-0.304947 -0.116754 0.453000 24 29 15
-0.303776 -0.116754 0.453000 29 38 29
-0.303273 -0.117012 0.454000 27 36 27
-0.302099 -0.117012 0.454000 29 41 33
-0.300925 -0.117012 0.454000 33 45 37
-0.299751 -0.117012 0.454000 48 57 50
-0.298577 -0.117012 0.454000 42 51 44
-0.220523 -0.126806 0.492000 90 101 99
-0.219697 -0.127064 0.493000 135 146 144
-0.218422 -0.127064 0.493000 127 136 127
-0.217147 -0.127064 0.493000 132 141 132
-0.215873 -0.127064 0.493000 120 129 122
-0.214598 -0.127064 0.493000 43 52 45
-0.043694 -0.126806 0.492000 20 63 73
-0.042422 -0.126806 0.492000 13 49 57
-0.037182 -0.126291 0.490000 6 24 22
-0.009086 -0.108507 0.421000 20 43 48
-0.008016 -0.108765 0.422000 22 43 51
-0.006925 -0.108765 0.422000 22 43 51
-0.005834 -0.108765 0.422000 14 33 37
-0.004743 -0.108765 0.422000 10 29 33
-0.003643 -0.108507 0.421000 10 27 28
-0.002554 -0.108507 0.421000 7 24 25
-0.001466 -0.108507 0.421000 9 23 25
-0.000377 -0.108507 0.421000 20 34 36
0.000711 -0.108507 0.421000 19 38 40
0.035216 -0.098455 0.382000 8 43 58
0.036204 -0.098455 0.382000 6 40 60
0.037700 -0.086084 0.334000 29 71 88
0.038563 -0.086084 0.334000 26 65 81
0.039309 -0.085826 0.333000 22 61 77
0.040170 -0.085826 0.333000 19 58 74
0.041031 -0.085826 0.333000 17 56 72
0.041892 -0.085826 0.333000 15 54 70
0.042753 -0.085826 0.333000 15 54 70
0.043614 -0.085826 0.333000 9 51 66
0.044609 -0.086084 0.334000 9 51 66
0.045472 -0.086084 0.334000 8 52 66
0.046336 -0.086084 0.334000 7 51 65
0.047341 -0.086342 0.335000 8 52 66
0.048207 -0.086342 0.335000 8 52 66
0.049073 -0.086342 0.335000 10 52 67
0.096097 -0.109280 0.424000 23 66 87
0.097193 -0.109280 0.424000 15 52 69
0.098290 -0.109280 0.424000 0 28 45
0.099386 -0.109280 0.424000 5 30 35
0.100482 -0.109280 0.424000 5 30 35
0.101339 -0.109022 0.423000 11 30 32
0.102433 -0.109022 0.423000 12 31 33
0.103282 -0.108765 0.422000 3 30 39
0.104373 -0.108765 0.422000 17 44 53
0.105214 -0.108507 0.421000 18 57 73
0.106303 -0.108507 0.421000 37 76 92
0.107391 -0.108507 0.421000 34 78 94
0.230508 -0.128610 0.499000 109 120 120
0.231334 -0.128352 0.498000 53 64 64
0.232155 -0.128095 0.497000 52 66 72
0.233440 -0.128095 0.497000 55 69 75
0.234725 -0.128095 0.497000 50 67 70
0.235535 -0.127837 0.496000 54 71 74
0.237295 -0.128095 0.497000 60 79 81
0.238580 -0.128095 0.497000 63 82 84
0.240348 -0.128352 0.498000 59 76 77
-0.320993 -0.113795 0.446000 98 96 86
-0.319840 -0.113795 0.446000 57 64 56
-0.318686 -0.113795 0.446000 41 48 40
-0.318245 -0.114051 0.447000 21 34 31
-0.317799 -0.114306 0.448000 21 34 31
-0.317347 -0.114561 0.449000 31 38 42
-0.316186 -0.114561 0.449000 43 50 54
-0.314563 -0.114816 0.450000 41 47 49
-0.313400 -0.114816 0.450000 32 38 40
-0.312930 -0.115071 0.451000 23 29 31
-0.312455 -0.115326 0.452000 80 80 84
-0.311286 -0.115326 0.452000 152 152 156
-0.310804 -0.115581 0.453000 138 139 133
-0.307290 -0.115581 0.453000 137 139 128
-0.306118 -0.115581 0.453000 65 70 56
-0.304947 -0.115581 0.453000 28 33 19
-0.303776 -0.115581 0.453000 34 43 36
-0.302605 -0.115581 0.453000 28 37 30
-0.301433 -0.115581 0.453000 28 37 30
-0.300262 -0.115581 0.453000 36 45 38
-0.299751 -0.115837 0.454000 47 56 47
-0.298577 -0.115837 0.454000 45 54 45
-0.220523 -0.125532 0.492000 102 110 109
-0.219251 -0.125532 0.492000 135 143 142
-0.217979 -0.125532 0.492000 126 135 126
-0.216707 -0.125532 0.492000 134 143 134
-0.215435 -0.125532 0.492000 117 124 116
-0.046050 -0.125022 0.490000 35 64 65
-0.044783 -0.125022 0.490000 9 52 62
-0.043605 -0.125277 0.491000 17 60 70
-0.040982 -0.125022 0.490000 0 28 38
-0.034365 -0.124001 0.486000 6 29 34
-0.003652 -0.107672 0.422000 17 32 31
0.037700 -0.085219 0.334000 15 57 74
0.038563 -0.085219 0.334000 18 57 73
0.039309 -0.084964 0.333000 14 53 69
0.040170 -0.084964 0.333000 14 53 69
0.041031 -0.084964 0.333000 12 51 67
0.041892 -0.084964 0.333000 9 48 64
0.042753 -0.084964 0.333000 8 47 63
0.043614 -0.084964 0.333000 9 48 64
0.044475 -0.084964 0.333000 8 47 63
0.045472 -0.085219 0.334000 8 47 63
0.046336 -0.085219 0.334000 8 47 63
0.047200 -0.085219 0.334000 8 47 63
0.048207 -0.085474 0.335000 8 47 63
0.049073 -0.085474 0.335000 9 48 64
0.049940 -0.085474 0.335000 7 46 62
0.094777 -0.107927 0.423000 21 67 87
0.096097 -0.108182 0.424000 19 65 85
0.097193 -0.108182 0.424000 12 47 62
0.098290 -0.108182 0.424000 0 31 46
0.099386 -0.108182 0.424000 8 30 31
0.100482 -0.108182 0.424000 7 29 30
0.101339 -0.107927 0.423000 10 29 29
0.102433 -0.107927 0.423000 11 30 30
0.103282 -0.107672 0.422000 6 35 45
0.104126 -0.107417 0.421000 25 54 64
0.105214 -0.107417 0.421000 32 71 87
0.106050 -0.107162 0.420000 36 75 91
0.107136 -0.107162 0.420000 35 77 96
0.229218 -0.127318 0.499000 107 120 119
0.230046 -0.127063 0.498000 82 94 98
0.231334 -0.127063 0.498000 52 64 68
0.232155 -0.126808 0.497000 55 69 75
0.233440 -0.126808 0.497000 51 65 71
0.234725 -0.126808 0.497000 49 66 69
0.236010 -0.126808 0.497000 54 71 74
0.237295 -0.126808 0.497000 62 81 83
0.238580 -0.126808 0.497000 64 83 85
0.240348 -0.127063 0.498000 59 73 75
-0.320993 -0.112641 0.446000 106 104 94
-0.319840 -0.112641 0.446000 51 58 50
-0.318686 -0.112641 0.446000 47 54 46
-0.318245 -0.112893 0.447000 21 34 31
-0.317799 -0.113146 0.448000 23 36 33
-0.317347 -0.113398 0.449000 24 34 37
-0.316186 -0.113398 0.449000 41 51 54
-0.985068 -0.354591 1.404000 47 55 54
-0.314563 -0.113651 0.450000 41 49 48
-0.313400 -0.113651 0.450000 30 36 38
-0.312236 -0.113651 0.450000 23 29 31
-0.311764 -0.113903 0.451000 80 79 83
-0.311286 -0.114156 0.452000 148 147 151
-0.310118 -0.114156 0.452000 135 136 130
-0.306611 -0.114156 0.452000 136 138 127
-0.305443 -0.114156 0.452000 64 69 55
-0.304274 -0.114156 0.452000 32 37 23
-0.303776 -0.114409 0.453000 34 43 36
-0.302605 -0.114409 0.453000 29 38 31
-0.301433 -0.114409 0.453000 31 40 33
-0.300262 -0.114409 0.453000 36 45 38
-0.299091 -0.114409 0.453000 43 55 45
-0.298577 -0.114661 0.454000 41 53 43
-0.220075 -0.124006 0.491000 115 121 119
-0.218806 -0.124006 0.491000 131 137 135
-0.217536 -0.124006 0.491000 127 136 127
-0.216267 -0.124006 0.491000 133 142 133
-0.044692 -0.123501 0.489000 21 62 68
-0.043428 -0.123501 0.489000 19 60 66
-0.042163 -0.123501 0.489000 29 65 75
-0.040815 -0.123248 0.488000 20 56 66
-0.039472 -0.122995 0.487000 1 24 31
-0.038213 -0.122995 0.487000 4 27 34
-0.036954 -0.122995 0.487000 10 23 22
0.033682 -0.085112 0.337000 27 61 79
0.034450 -0.084859 0.336000 22 56 74
0.035319 -0.084859 0.336000 17 54 71
0.036188 -0.084859 0.336000 15 52 69
0.036947 -0.084607 0.335000 12 50 64
0.037813 -0.084607 0.335000 11 49 63
0.038563 -0.084354 0.334000 11 49 63
0.039427 -0.084354 0.334000 10 48 62
0.040170 -0.084102 0.333000 8 46 60
0.041031 -0.084102 0.333000 8 46 60
0.041892 -0.084102 0.333000 6 44 58
0.042753 -0.084102 0.333000 5 43 57
0.043614 -0.084102 0.333000 6 44 58
0.044475 -0.084102 0.333000 5 43 57
0.045472 -0.084354 0.334000 5 45 58
0.046336 -0.084354 0.334000 5 45 58
0.047200 -0.084354 0.334000 1 43 58
0.048207 -0.084607 0.335000 2 44 59
0.050806 -0.084607 0.335000 30 72 89
0.081519 -0.102538 0.406000 96 65 67
0.082569 -0.102538 0.406000 59 52 63
0.083619 -0.102538 0.406000 44 37 48
0.095870 -0.106832 0.423000 10 56 76
0.097193 -0.107084 0.424000 9 40 54
0.098290 -0.107084 0.424000 0 28 42
0.099386 -0.107084 0.424000 4 26 27
0.100482 -0.107084 0.424000 5 27 28
0.101339 -0.106832 0.423000 4 25 31
0.102433 -0.106832 0.423000 11 32 38
0.103282 -0.106579 0.422000 21 56 71
0.104373 -0.106579 0.422000 31 66 81
0.105214 -0.106327 0.421000 36 75 91
0.229218 -0.126026 0.499000 88 102 106
0.230046 -0.125774 0.498000 59 73 79
0.231334 -0.125774 0.498000 56 70 76
0.232622 -0.125774 0.498000 53 70 75
0.233440 -0.125521 0.497000 49 66 71
0.234725 -0.125521 0.497000 49 66 69
0.236010 -0.125521 0.497000 59 76 79
0.237295 -0.125521 0.497000 62 81 83
0.239060 -0.125774 0.498000 62 81 83
0.240348 -0.125774 0.498000 63 76 75
-0.319840 -0.111486 0.446000 46 56 44
-0.318686 -0.111486 0.446000 53 63 51
-0.318245 -0.111736 0.447000 19 34 31
-0.317799 -0.111986 0.448000 20 35 32
-0.316640 -0.111986 0.448000 25 36 34
-0.316186 -0.112236 0.449000 36 47 45
-0.315025 -0.112236 0.449000 48 56 55
-0.977243 -0.349456 1.398000 41 49 48
-0.313400 -0.112486 0.450000 28 36 37
-0.312236 -0.112486 0.450000 21 29 30
-0.311073 -0.112486 0.450000 69 68 72
-0.310598 -0.112736 0.451000 147 146 150
-0.309432 -0.112736 0.451000 133 134 128
-0.307099 -0.112736 0.451000 126 131 119
-0.306611 -0.112986 0.452000 133 138 126
-0.305443 -0.112986 0.452000 60 69 51
-0.304274 -0.112986 0.452000 33 42 24
-0.303105 -0.112986 0.452000 37 44 36
-0.301937 -0.112986 0.452000 32 39 31
-0.301433 -0.113236 0.453000 32 41 34
-0.300262 -0.113236 0.453000 38 47 40
-0.299091 -0.113236 0.453000 46 55 46
-0.220894 -0.122484 0.490000 91 94 93
-0.219627 -0.122484 0.490000 129 132 131
-0.218360 -0.122484 0.490000 133 136 135
-0.217093 -0.122484 0.490000 128 135 129
-0.215826 -0.122484 0.490000 135 142 136
-0.214121 -0.122234 0.489000 94 101 93
-0.043339 -0.121984 0.488000 23 57 63
-0.041991 -0.121735 0.487000 23 62 71
-0.040648 -0.121485 0.486000 36 75 84
-0.039391 -0.121485 0.486000 9 33 43
-0.038135 -0.121485 0.486000 0 24 34
0.030375 -0.084739 0.339000 22 58 68
0.031252 -0.084739 0.339000 19 55 65
0.032034 -0.084489 0.338000 20 55 68
0.032908 -0.084489 0.338000 18 53 66
0.033682 -0.084239 0.337000 19 52 65
0.034450 -0.083989 0.336000 15 48 61
0.035319 -0.083989 0.336000 12 45 58
0.036188 -0.083989 0.336000 9 42 55
0.036947 -0.083739 0.335000 8 43 56
0.037813 -0.083739 0.335000 8 43 56
0.038563 -0.083489 0.334000 8 43 56
0.039427 -0.083489 0.334000 8 43 56
0.040170 -0.083239 0.333000 7 42 55
0.041031 -0.083239 0.333000 8 43 56
0.041892 -0.083239 0.333000 7 42 57
0.042753 -0.083239 0.333000 7 42 57
0.043614 -0.083239 0.333000 6 44 58
0.044475 -0.083239 0.333000 9 47 61
0.045336 -0.083239 0.333000 2 46 62
0.046197 -0.083239 0.333000 12 56 72
0.047200 -0.083489 0.334000 27 70 91
0.048063 -0.083489 0.334000 37 80 101
0.078177 -0.101237 0.405000 110 77 76
0.079420 -0.101487 0.406000 106 73 72
0.080470 -0.101487 0.406000 95 64 66
0.081519 -0.101487 0.406000 91 60 62
0.082569 -0.101487 0.406000 60 46 57
0.083619 -0.101487 0.406000 53 39 50
0.084669 -0.101487 0.406000 34 57 74
0.096097 -0.105987 0.424000 12 54 73
0.097193 -0.105987 0.424000 19 48 58
0.098290 -0.105987 0.424000 11 40 50
0.099386 -0.105987 0.424000 16 38 39
0.100482 -0.105987 0.424000 15 37 38
0.102433 -0.105737 0.423000 22 45 52
0.103282 -0.105487 0.422000 22 59 76
0.104126 -0.105237 0.421000 37 74 91
0.227928 -0.124734 0.499000 91 108 111
0.229218 -0.124734 0.499000 69 86 89
0.230046 -0.124484 0.498000 57 74 79
0.231334 -0.124484 0.498000 53 70 75
0.232622 -0.124484 0.498000 52 69 74
0.233440 -0.124234 0.497000 49 66 71
0.234725 -0.124234 0.497000 53 70 73
0.236010 -0.124234 0.497000 63 80 83
0.237772 -0.124484 0.498000 63 82 84
0.239060 -0.124484 0.498000 60 79 81
-0.319840 -0.110331 0.446000 44 56 46
-0.318686 -0.110331 0.446000 58 70 60
-0.318245 -0.110578 0.447000 16 31 28
-0.317089 -0.110578 0.447000 20 35 32
-0.316640 -0.110826 0.448000 24 35 33
-0.316186 -0.111073 0.449000 36 47 45
-0.315025 -0.111073 0.449000 41 52 48
-0.975845 -0.345341 1.396000 38 49 45
-0.313400 -0.111321 0.450000 27 38 38
-0.312236 -0.111321 0.450000 17 28 28
-0.311073 -0.111321 0.450000 51 53 59
-0.309909 -0.111321 0.450000 141 143 149
-0.309432 -0.111568 0.451000 132 133 127
-0.308265 -0.111568 0.451000 130 131 125
-0.307099 -0.111568 0.451000 124 129 117
-0.305933 -0.111568 0.451000 134 139 127
-0.304767 -0.111568 0.451000 57 66 48
-0.303601 -0.111568 0.451000 33 42 24
-0.302435 -0.111568 0.451000 36 43 35
-0.301269 -0.111568 0.451000 30 37 29
-0.300768 -0.111815 0.452000 32 39 33
-0.299599 -0.111815 0.452000 35 42 36
-0.220443 -0.120968 0.489000 94 101 95
-0.219179 -0.120968 0.489000 134 137 136
-0.217469 -0.120721 0.488000 130 133 132
-0.216207 -0.120721 0.488000 128 135 129
-0.214945 -0.120721 0.488000 129 136 130
-0.213245 -0.120474 0.487000 92 99 91
-0.053652 -0.121216 0.490000 20 30 18
-0.049750 -0.120968 0.489000 13 25 17
-0.048485 -0.120968 0.489000 12 24 16
0.025993 -0.083861 0.339000 22 51 61
0.026869 -0.083861 0.339000 17 51 59
0.027746 -0.083861 0.339000 14 48 56
0.028622 -0.083861 0.339000 7 41 49
0.029499 -0.083861 0.339000 6 40 48
0.030375 -0.083861 0.339000 8 40 49
0.031160 -0.083614 0.338000 7 39 48
0.032034 -0.083614 0.338000 8 40 49
0.032908 -0.083614 0.338000 10 42 51
0.033682 -0.083367 0.337000 13 42 54
0.034450 -0.083119 0.336000 12 41 53
0.035319 -0.083119 0.336000 11 40 52
0.036188 -0.083119 0.336000 11 40 52
0.036947 -0.082872 0.335000 9 41 52
0.037813 -0.082872 0.335000 9 41 52
0.038563 -0.082625 0.334000 7 41 51
0.039427 -0.082625 0.334000 8 42 52
0.040170 -0.082377 0.333000 6 41 54
0.041031 -0.082377 0.333000 8 43 56
0.041892 -0.082377 0.333000 12 49 68
0.042753 -0.082377 0.333000 15 52 71
0.043614 -0.082377 0.333000 9 51 70
0.044475 -0.082377 0.333000 12 54 73
0.045336 -0.082377 0.333000 10 56 76
0.046197 -0.082377 0.333000 20 66 86
0.047058 -0.082377 0.333000 21 68 93
0.077130 -0.100188 0.405000 104 68 68
0.078177 -0.100188 0.405000 107 74 73
0.079420 -0.100436 0.406000 103 70 69
0.080470 -0.100436 0.406000 96 59 66
0.081519 -0.100436 0.406000 89 52 59
0.082569 -0.100436 0.406000 69 48 59
0.083619 -0.100436 0.406000 66 45 56
0.084669 -0.100436 0.406000 39 56 72
0.086141 -0.100931 0.408000 41 58 74
0.097193 -0.104889 0.424000 29 55 57
0.098290 -0.104889 0.424000 49 75 77
0.099386 -0.104889 0.424000 67 84 85
0.100482 -0.104889 0.424000 65 82 83
0.101579 -0.104889 0.424000 38 65 74
0.102433 -0.104641 0.423000 19 46 55
0.227092 -0.123689 0.500000 91 105 109
0.227928 -0.123442 0.499000 82 99 102
0.228759 -0.123195 0.498000 56 73 76
0.230046 -0.123195 0.498000 58 72 76
0.231334 -0.123195 0.498000 54 68 72
0.232155 -0.122947 0.497000 55 69 73
0.233440 -0.122947 0.497000 52 66 70
0.234725 -0.122947 0.497000 61 78 81
0.236010 -0.122947 0.497000 67 84 87
0.237772 -0.123195 0.498000 65 82 85
0.239060 -0.123195 0.498000 56 73 76
-0.319840 -0.109176 0.446000 49 58 51
-0.318686 -0.109176 0.446000 64 73 66
-0.317533 -0.109176 0.446000 19 34 29
-0.317089 -0.109421 0.447000 17 32 27
-0.316640 -0.109666 0.448000 21 34 29
-0.315482 -0.109666 0.448000 28 41 36
-0.315025 -0.109911 0.449000 39 52 47
-0.972350 -0.340503 1.391000 38 51 46
-0.313400 -0.110155 0.450000 30 41 39
-0.312236 -0.110155 0.450000 20 31 29
-0.311073 -0.110155 0.450000 39 44 49
-0.309909 -0.110155 0.450000 132 137 142
-0.308745 -0.110155 0.450000 129 133 128
-0.308265 -0.110400 0.451000 127 131 126
-0.307099 -0.110400 0.451000 123 128 116
-0.305933 -0.110400 0.451000 131 136 124
-0.304767 -0.110400 0.451000 60 69 51
-0.303601 -0.110400 0.451000 34 43 25
-0.302435 -0.110400 0.451000 36 43 35
-0.301269 -0.110400 0.451000 29 36 28
-0.300102 -0.110400 0.451000 30 37 31
-0.298430 -0.110645 0.452000 42 49 41
-0.219992 -0.119457 0.488000 100 107 99
-0.218282 -0.119213 0.487000 138 141 140
-0.217023 -0.119213 0.487000 131 134 133
-0.215764 -0.119213 0.487000 128 135 129
-0.214505 -0.119213 0.487000 126 133 127
-0.212808 -0.118968 0.486000 92 99 91
-0.060232 -0.120437 0.492000 29 42 27
-0.058960 -0.120437 0.492000 15 28 13
-0.057571 -0.120192 0.491000 15 28 13
-0.056301 -0.120192 0.491000 17 30 15
-0.054919 -0.119947 0.490000 18 28 14
-0.053652 -0.119947 0.490000 18 28 14
-0.052385 -0.119947 0.490000 18 27 18
-0.051014 -0.119702 0.489000 17 26 17
-0.049750 -0.119702 0.489000 15 24 15
-0.048386 -0.119457 0.488000 15 24 15
0.026869 -0.082984 0.339000 16 41 46
0.027746 -0.082984 0.339000 13 38 43
0.028622 -0.082984 0.339000 7 35 41
0.029499 -0.082984 0.339000 4 32 38
0.030375 -0.082984 0.339000 3 30 39
0.031160 -0.082739 0.338000 3 30 39
0.032034 -0.082739 0.338000 3 30 39
0.032908 -0.082739 0.338000 9 36 45
0.033682 -0.082494 0.337000 11 35 45
0.034450 -0.082249 0.336000 12 36 46
0.035319 -0.082249 0.336000 11 38 47
0.036188 -0.082249 0.336000 10 37 46
0.036947 -0.082005 0.335000 10 37 46
0.037813 -0.082005 0.335000 10 37 46
0.038679 -0.082005 0.335000 9 38 48
0.039427 -0.081760 0.334000 10 39 49
0.040170 -0.081515 0.333000 10 43 56
0.041031 -0.081515 0.333000 20 53 66
0.041892 -0.081515 0.333000 30 69 87
0.042753 -0.081515 0.333000 35 74 92
0.043614 -0.081515 0.333000 32 76 94
0.044475 -0.081515 0.333000 23 67 85
0.045336 -0.081515 0.333000 12 58 78
0.046197 -0.081515 0.333000 13 59 79
0.074850 -0.098895 0.404000 119 89 84
0.075895 -0.098895 0.404000 104 74 69
0.077130 -0.099140 0.405000 117 87 82
0.078177 -0.099140 0.405000 110 80 75
0.079224 -0.099140 0.405000 93 63 58
0.080470 -0.099385 0.406000 89 55 61
0.081519 -0.099385 0.406000 82 48 54
0.082569 -0.099385 0.406000 74 51 61
0.083619 -0.099385 0.406000 73 50 60
0.084669 -0.099385 0.406000 47 59 73
0.085719 -0.099385 0.406000 45 57 71
0.097594 -0.103056 0.421000 23 45 44
0.100245 -0.103546 0.423000 47 66 66
0.101579 -0.103791 0.424000 23 56 69
0.225799 -0.122395 0.500000 87 101 105
0.226638 -0.122150 0.499000 92 106 110
0.227471 -0.121905 0.498000 63 77 79
0.228759 -0.121905 0.498000 51 65 67
0.230046 -0.121905 0.498000 54 68 70
0.231334 -0.121905 0.498000 54 68 70
0.232155 -0.121661 0.497000 55 69 71
0.233440 -0.121661 0.497000 59 73 75
0.234725 -0.121661 0.497000 64 81 86
0.236010 -0.121661 0.497000 67 84 89
0.237772 -0.121905 0.498000 60 77 80
0.239060 -0.121905 0.498000 65 82 85
-0.319840 -0.108021 0.446000 58 65 59
-0.318686 -0.108021 0.446000 67 74 68
-0.317533 -0.108021 0.446000 22 36 27
-0.317089 -0.108264 0.447000 18 32 23
-0.316640 -0.108506 0.448000 19 34 29
-0.315482 -0.108506 0.448000 23 38 33
-0.315025 -0.108748 0.449000 37 52 47
-0.313864 -0.108748 0.449000 35 50 45
-0.964574 -0.335448 1.385000 32 43 41
-0.312236 -0.108990 0.450000 26 37 35
-0.311073 -0.108990 0.450000 27 35 36
-0.309909 -0.108990 0.450000 118 126 127
-0.308745 -0.108990 0.450000 131 135 130
-0.307582 -0.108990 0.450000 124 128 123
-0.306418 -0.108990 0.450000 123 128 116
-0.305255 -0.108990 0.450000 129 134 122
-0.304091 -0.108990 0.450000 58 67 49
-0.302928 -0.108990 0.450000 36 45 27
-0.301269 -0.109232 0.451000 28 37 30
-0.299437 -0.108990 0.450000 28 36 33
-0.298936 -0.109232 0.451000 32 40 37
-0.219091 -0.117709 0.486000 118 125 117
-0.217834 -0.117709 0.486000 135 138 137
-0.216578 -0.117709 0.486000 131 134 133
-0.215321 -0.117709 0.486000 131 135 130
-0.214064 -0.117709 0.486000 128 132 127
-0.212808 -0.117709 0.486000 94 101 95
-0.061504 -0.119163 0.492000 18 30 22
-0.060232 -0.119163 0.492000 18 32 21
-0.058840 -0.118920 0.491000 16 30 19
-0.057571 -0.118920 0.491000 15 30 16
-0.056301 -0.118920 0.491000 12 27 13
-0.054919 -0.118678 0.490000 17 27 15
-0.053652 -0.118678 0.490000 15 25 13
-0.052278 -0.118436 0.489000 15 24 17
-0.051014 -0.118436 0.489000 15 24 17
-0.049750 -0.118436 0.489000 17 26 17
-0.048485 -0.118436 0.489000 15 24 15
-0.040648 -0.117709 0.486000 32 51 53
-0.039391 -0.117709 0.486000 35 50 47
-0.038056 -0.117467 0.485000 23 38 35
0.025116 -0.082106 0.339000 28 47 47
0.028622 -0.082106 0.339000 9 28 32
0.029499 -0.082106 0.339000 6 25 29
0.030286 -0.081864 0.338000 3 26 31
0.031160 -0.081864 0.338000 3 26 31
0.032034 -0.081864 0.338000 3 26 31
0.032810 -0.081622 0.337000 4 27 32
0.033682 -0.081622 0.337000 8 31 36
0.034450 -0.081379 0.336000 10 33 38
0.035319 -0.081379 0.336000 8 33 38
0.036188 -0.081379 0.336000 8 33 38
0.037057 -0.081379 0.336000 8 33 40
0.037813 -0.081137 0.335000 8 33 40
0.038679 -0.081137 0.335000 4 31 40
0.041892 -0.080653 0.333000 13 50 67
0.042753 -0.080653 0.333000 18 55 72
0.043614 -0.080653 0.333000 19 61 78
0.070322 -0.097365 0.402000 5 21 31
0.072581 -0.097607 0.403000 105 93 91
0.073623 -0.097607 0.403000 122 97 88
0.074665 -0.097607 0.403000 120 95 86
0.075895 -0.097849 0.404000 114 87 79
0.076939 -0.097849 0.404000 118 91 83
0.078177 -0.098091 0.405000 108 81 75
0.079224 -0.098091 0.405000 94 67 61
0.080272 -0.098091 0.405000 94 66 65
0.081519 -0.098333 0.406000 85 57 56
0.082569 -0.098333 0.406000 72 49 57
0.083619 -0.098333 0.406000 79 56 64
0.084669 -0.098333 0.406000 61 65 79
0.085719 -0.098333 0.406000 51 55 69
0.086982 -0.098576 0.407000 19 56 75
0.100008 -0.102209 0.422000 18 41 46
0.225347 -0.120858 0.499000 91 105 109
0.226183 -0.120616 0.498000 79 93 97
0.227471 -0.120616 0.498000 50 67 70
0.228759 -0.120616 0.498000 49 66 69
0.230046 -0.120616 0.498000 50 67 68
0.231334 -0.120616 0.498000 52 69 70
0.232155 -0.120374 0.497000 56 70 72
0.233440 -0.120374 0.497000 64 78 80
0.234725 -0.120374 0.497000 64 81 84
0.236010 -0.120374 0.497000 68 85 88
0.237772 -0.120616 0.498000 57 71 73
-0.318686 -0.106867 0.446000 56 63 57
-0.317533 -0.106867 0.446000 24 37 32
-0.317089 -0.107106 0.447000 21 34 29
-0.315933 -0.107106 0.447000 19 37 31
-0.315482 -0.107346 0.448000 19 37 31
-0.315025 -0.107585 0.449000 34 49 44
-0.313864 -0.107585 0.449000 38 53 48
-0.966664 -0.332580 1.388000 34 45 43
-0.312236 -0.107825 0.450000 27 38 36
-0.311073 -0.107825 0.450000 24 32 31
-0.309909 -0.107825 0.450000 96 104 103
-0.308745 -0.107825 0.450000 133 140 134
-0.307582 -0.107825 0.450000 124 131 125
-0.306418 -0.107825 0.450000 120 125 113
-0.305255 -0.107825 0.450000 128 133 121
-0.304091 -0.107825 0.450000 57 66 48
-0.302928 -0.107825 0.450000 36 45 27
-0.301764 -0.107825 0.450000 35 44 37
-0.300601 -0.107825 0.450000 28 37 30
-0.299437 -0.107825 0.450000 25 36 32
-0.219091 -0.116451 0.486000 126 133 127
-0.217834 -0.116451 0.486000 131 135 130
-0.216132 -0.116211 0.485000 131 135 130
-0.214878 -0.116211 0.485000 131 135 130
-0.213624 -0.116211 0.485000 124 128 123
-0.065321 -0.117889 0.492000 19 28 21
-0.064049 -0.117889 0.492000 19 28 21
-0.062776 -0.117889 0.492000 19 30 26
-0.061504 -0.117889 0.492000 19 30 26
-0.060110 -0.117649 0.491000 15 29 20
-0.058840 -0.117649 0.491000 14 28 19
-0.057571 -0.117649 0.491000 13 25 15
-0.056301 -0.117649 0.491000 12 24 14
-0.054919 -0.117410 0.490000 19 26 18
-0.053652 -0.117410 0.490000 18 25 17
-0.052278 -0.117170 0.489000 15 24 17
-0.051014 -0.117170 0.489000 15 24 17
-0.049750 -0.117170 0.489000 14 23 14
-0.043250 -0.116691 0.487000 39 50 48
-0.041905 -0.116451 0.486000 36 47 45
-0.040648 -0.116451 0.486000 37 48 46
0.024240 -0.081228 0.339000 27 45 41
0.025116 -0.081228 0.339000 26 46 43
0.025993 -0.081228 0.339000 27 47 44
0.026869 -0.081228 0.339000 29 46 47
0.029499 -0.081228 0.339000 10 27 30
0.030286 -0.080989 0.338000 3 25 26
0.031160 -0.080989 0.338000 3 25 26
0.031939 -0.080749 0.337000 4 26 29
0.032810 -0.080749 0.337000 7 29 32
0.033682 -0.080749 0.337000 10 32 35
0.034450 -0.080509 0.336000 10 32 35
0.035319 -0.080509 0.336000 5 31 33
0.036188 -0.080509 0.336000 0 26 28
0.037057 -0.080509 0.336000 0 27 33
0.037813 -0.080270 0.335000 0 27 33
0.038679 -0.080270 0.335000 0 26 35
0.039427 -0.080030 0.334000 4 31 40
0.066164 -0.096324 0.402000 35 77 94
0.069282 -0.096324 0.402000 12 30 39
0.070322 -0.096324 0.402000 6 24 33
0.071361 -0.096324 0.402000 17 11 13
0.073623 -0.096563 0.403000 121 99 91
0.074665 -0.096563 0.403000 114 92 84
0.075895 -0.096803 0.404000 121 96 89
0.076939 -0.096803 0.404000 126 101 94
0.078177 -0.097043 0.405000 122 97 90
0.079224 -0.097043 0.405000 127 102 95
0.080272 -0.097043 0.405000 124 99 92
0.081319 -0.097043 0.405000 115 90 83
0.082569 -0.097282 0.406000 106 82 84
0.083619 -0.097282 0.406000 99 75 77
0.084669 -0.097282 0.406000 70 67 81
0.085719 -0.097282 0.406000 51 48 62
0.086768 -0.097282 0.406000 20 50 69
0.088035 -0.097522 0.407000 21 51 70
0.224057 -0.119566 0.499000 90 107 110
0.224896 -0.119326 0.498000 76 93 96
0.226183 -0.119326 0.498000 54 71 74
0.227471 -0.119326 0.498000 49 66 69
0.228759 -0.119326 0.498000 49 66 69
0.229584 -0.119087 0.497000 52 69 70
0.230870 -0.119087 0.497000 54 71 72
0.232155 -0.119087 0.497000 63 77 79
0.233440 -0.119087 0.497000 66 80 82
0.234725 -0.119087 0.497000 67 84 87
0.236485 -0.119326 0.498000 63 80 83
0.237772 -0.119326 0.498000 78 91 88
-0.318686 -0.105712 0.446000 48 52 47
-0.317533 -0.105712 0.446000 39 50 46
-0.316380 -0.105712 0.446000 19 30 26
-0.315933 -0.105949 0.447000 19 34 31
-0.315482 -0.106186 0.448000 21 36 33
-0.314324 -0.106186 0.448000 27 42 39
-0.313864 -0.106423 0.449000 50 65 62
-0.312703 -0.106423 0.449000 36 47 43
-0.311073 -0.106660 0.450000 21 29 26
-0.309909 -0.106660 0.450000 79 87 84
-0.308745 -0.106660 0.450000 137 141 136
-0.307582 -0.106660 0.450000 126 130 125
-0.306418 -0.106660 0.450000 120 125 111
-0.305255 -0.106660 0.450000 127 132 118
-0.304091 -0.106660 0.450000 61 70 52
-0.302928 -0.106660 0.450000 37 46 28
-0.301764 -0.106660 0.450000 36 45 38
-0.300601 -0.106660 0.450000 29 38 31
-0.299437 -0.106660 0.450000 27 38 34
-0.298273 -0.106660 0.450000 30 41 37
-0.219894 -0.114956 0.485000 113 117 112
-0.218640 -0.114956 0.485000 128 132 127
-0.217386 -0.114956 0.485000 130 134 129
-0.216132 -0.114956 0.485000 130 134 129
-0.214878 -0.114956 0.485000 130 134 129
-0.213624 -0.114956 0.485000 116 120 115
-0.069137 -0.116615 0.492000 37 45 34
-0.067865 -0.116615 0.492000 20 29 20
-0.066593 -0.116615 0.492000 27 36 27
-0.065321 -0.116615 0.492000 20 29 22
-0.064049 -0.116615 0.492000 19 28 21
-0.062776 -0.116615 0.492000 17 29 21
-0.061379 -0.116378 0.491000 16 28 20
-0.060110 -0.116378 0.491000 15 27 19
-0.058840 -0.116378 0.491000 15 27 19
-0.057453 -0.116141 0.490000 15 27 19
-0.056186 -0.116141 0.490000 15 27 19
-0.054919 -0.116141 0.490000 18 27 18
-0.053543 -0.115904 0.489000 17 26 17
-0.052278 -0.115904 0.489000 14 23 16
-0.051014 -0.115904 0.489000 14 23 16
-0.045862 -0.115667 0.488000 40 52 42
-0.044509 -0.115430 0.487000 37 49 41
-0.043250 -0.115430 0.487000 30 42 34
0.010699 -0.077506 0.327000 12 25 22
0.011580 -0.077743 0.328000 12 25 22
0.021419 -0.079639 0.336000 14 29 24
0.023294 -0.080113 0.338000 17 35 29
0.024168 -0.080113 0.338000 19 37 31
0.025116 -0.080350 0.339000 24 44 39
0.025993 -0.080350 0.339000 28 48 43
0.026869 -0.080350 0.339000 26 46 43
0.027746 -0.080350 0.339000 23 43 40
0.028538 -0.080113 0.338000 20 39 39
0.031160 -0.080113 0.338000 5 24 26
0.032034 -0.080113 0.338000 5 24 26
0.032810 -0.079876 0.337000 13 32 34
0.033682 -0.079876 0.337000 23 42 44
0.034450 -0.079639 0.336000 23 42 44
0.035319 -0.079639 0.336000 22 46 48
0.036188 -0.079639 0.336000 22 46 48
0.037057 -0.079639 0.336000 13 41 47
0.037926 -0.079639 0.336000 12 40 46
0.038679 -0.079402 0.335000 11 39 45
0.039545 -0.079402 0.335000 6 34 40
0.040291 -0.079165 0.334000 6 38 45
0.064085 -0.095283 0.402000 25 68 89
0.065125 -0.095283 0.402000 22 64 83
0.066164 -0.095283 0.402000 13 55 74
0.067204 -0.095283 0.402000 11 41 60
0.068243 -0.095283 0.402000 0 29 48
0.069282 -0.095283 0.402000 7 24 36
0.070322 -0.095283 0.402000 5 22 34
0.071361 -0.095283 0.402000 10 10 14
0.073623 -0.095520 0.403000 89 68 67
0.074665 -0.095520 0.403000 92 71 70
0.075707 -0.095520 0.403000 99 73 71
0.076939 -0.095757 0.404000 105 79 77
0.077984 -0.095757 0.404000 118 90 87
0.079224 -0.095994 0.405000 122 94 91
0.080272 -0.095994 0.405000 114 88 84
0.081319 -0.095994 0.405000 106 80 76
0.082366 -0.095994 0.405000 100 74 74
0.083619 -0.096231 0.406000 88 62 62
0.084669 -0.096231 0.406000 64 54 66
0.085719 -0.096231 0.406000 52 42 54
0.086768 -0.096231 0.406000 25 49 63
0.087818 -0.096231 0.406000 26 50 64
0.090582 -0.096942 0.409000 1 30 40
0.122215 -0.108082 0.456000 113 130 133
0.123394 -0.108082 0.456000 77 92 91
0.222320 -0.118037 0.498000 82 99 102
0.223608 -0.118037 0.498000 77 94 97
0.224896 -0.118037 0.498000 56 73 76
0.226183 -0.118037 0.498000 50 67 70
0.227014 -0.117800 0.497000 50 67 68
0.228299 -0.117800 0.497000 49 66 67
0.229584 -0.117800 0.497000 56 70 72
0.230870 -0.117800 0.497000 62 76 78
0.232155 -0.117800 0.497000 66 80 82
0.233440 -0.117800 0.497000 67 81 83
0.234725 -0.117800 0.497000 70 84 88
0.236485 -0.118037 0.498000 62 76 80
-0.317972 -0.104323 0.445000 44 51 43
-0.317533 -0.104557 0.446000 51 62 60
-0.316380 -0.104557 0.446000 19 30 28
-0.315933 -0.104791 0.447000 22 35 34
-0.314778 -0.104791 0.447000 23 36 35
-0.314324 -0.105026 0.448000 30 41 41
-0.313864 -0.105260 0.449000 46 57 57
-0.312703 -0.105260 0.449000 43 52 45
-0.311542 -0.105260 0.449000 28 37 30
-0.309909 -0.105495 0.450000 60 66 64
-0.308745 -0.105495 0.450000 138 139 135
-0.307582 -0.105495 0.450000 128 129 125
-0.306418 -0.105495 0.450000 123 125 112
-0.305255 -0.105495 0.450000 126 128 115
-0.304091 -0.105495 0.450000 60 66 49
-0.302928 -0.105495 0.450000 42 48 31
-0.301764 -0.105495 0.450000 40 49 40
-0.300601 -0.105495 0.450000 29 38 29
-0.299437 -0.105495 0.450000 26 38 30
-0.298273 -0.105495 0.450000 26 38 30
-0.219894 -0.113700 0.485000 118 125 117
-0.218640 -0.113700 0.485000 126 133 125
-0.217386 -0.113700 0.485000 129 133 128
-0.216132 -0.113700 0.485000 133 137 132
-0.214878 -0.113700 0.485000 128 135 129
-0.213183 -0.113465 0.484000 114 121 115
-0.071681 -0.115341 0.492000 28 36 23
-0.070409 -0.115341 0.492000 19 28 19
-0.069137 -0.115341 0.492000 18 27 18
-0.067865 -0.115341 0.492000 22 31 22
-0.066593 -0.115341 0.492000 20 29 20
-0.065321 -0.115341 0.492000 15 27 17
-0.064049 -0.115341 0.492000 15 27 17
-0.062649 -0.115107 0.491000 13 25 15
-0.061379 -0.115107 0.491000 15 27 17
-0.060110 -0.115107 0.491000 18 30 20
-0.058720 -0.114872 0.490000 18 30 20
-0.057453 -0.114872 0.490000 18 27 18
-0.056186 -0.114872 0.490000 17 26 17
-0.054807 -0.114638 0.489000 14 23 14
-0.053543 -0.114638 0.489000 14 23 14
-0.052278 -0.114638 0.489000 10 22 14
-0.048386 -0.114403 0.488000 36 49 36
-0.047124 -0.114403 0.488000 38 51 38
-0.045768 -0.114169 0.487000 20 33 20
-0.044509 -0.114169 0.487000 12 24 14
0.010699 -0.076660 0.327000 14 31 34
0.011580 -0.076894 0.328000 13 30 33
0.021419 -0.078769 0.336000 11 24 19
0.022354 -0.079004 0.337000 11 24 19
0.023294 -0.079238 0.338000 14 27 22
0.024240 -0.079473 0.339000 14 27 22
0.025116 -0.079473 0.339000 15 31 22
0.025993 -0.079473 0.339000 15 31 22
0.026869 -0.079473 0.339000 19 37 33
0.027746 -0.079473 0.339000 26 44 40
0.028622 -0.079473 0.339000 28 48 43
0.029412 -0.079238 0.338000 33 53 48
0.061852 -0.094008 0.401000 26 72 92
0.064085 -0.094242 0.402000 6 52 74
0.065125 -0.094242 0.402000 1 44 67
0.066164 -0.094242 0.402000 0 35 58
0.067204 -0.094242 0.402000 0 28 48
0.068243 -0.094242 0.402000 0 31 51
0.069282 -0.094242 0.402000 6 27 44
0.070322 -0.094242 0.402000 4 25 42
0.071361 -0.094242 0.402000 12 19 27
0.072401 -0.094242 0.402000 10 17 25
0.074665 -0.094476 0.403000 86 66 67
0.075707 -0.094476 0.403000 88 65 62
0.076749 -0.094476 0.403000 85 62 59
0.077984 -0.094711 0.404000 96 70 68
0.079224 -0.094945 0.405000 94 68 66
0.080272 -0.094945 0.405000 80 49 49
0.081319 -0.094945 0.405000 77 46 46
0.082366 -0.094945 0.405000 81 53 54
0.083619 -0.095180 0.406000 84 56 57
0.084669 -0.095180 0.406000 71 55 64
0.085719 -0.095180 0.406000 63 47 56
0.086768 -0.095180 0.406000 24 39 52
0.087818 -0.095180 0.406000 24 39 52
0.088868 -0.095180 0.406000 4 27 34
0.090139 -0.095414 0.407000 6 29 36
0.091416 -0.095649 0.408000 9 27 34
0.122215 -0.106901 0.456000 123 138 137
0.123394 -0.106901 0.456000 123 139 130
0.124573 -0.106901 0.456000 118 134 125
0.221033 -0.116748 0.498000 82 99 104
0.222320 -0.116748 0.498000 79 96 99
0.223159 -0.116513 0.497000 56 73 76
0.224444 -0.116513 0.497000 50 67 68
0.225729 -0.116513 0.497000 49 66 67
0.227014 -0.116513 0.497000 50 67 68
0.228299 -0.116513 0.497000 56 73 74
0.229584 -0.116513 0.497000 65 79 81
0.230870 -0.116513 0.497000 70 84 86
0.232155 -0.116513 0.497000 67 84 87
0.233440 -0.116513 0.497000 69 86 89
0.234725 -0.116513 0.497000 64 78 80
-0.318686 -0.103402 0.446000 56 63 55
-0.317533 -0.103402 0.446000 52 63 61
-0.316380 -0.103402 0.446000 31 42 40
-0.315227 -0.103402 0.446000 23 35 37
-0.314778 -0.103634 0.447000 24 36 38
-0.314324 -0.103866 0.448000 31 42 42
-0.313165 -0.103866 0.448000 41 52 52
-0.312703 -0.104098 0.449000 43 51 48
-0.311542 -0.104098 0.449000 34 42 39
-0.310381 -0.104098 0.449000 23 26 25
-0.308745 -0.104330 0.450000 132 132 132
-0.307582 -0.104330 0.450000 130 130 130
-0.306418 -0.104330 0.450000 123 125 112
-0.304576 -0.104098 0.449000 132 134 121
-0.303415 -0.104098 0.449000 65 71 54
-0.302254 -0.104098 0.449000 42 48 31
-0.301094 -0.104098 0.449000 43 52 43
-0.299933 -0.104098 0.449000 29 38 29
-0.298772 -0.104098 0.449000 29 38 29
-0.297611 -0.104098 0.449000 29 38 29
-0.297110 -0.104330 0.450000 35 48 43
-0.219441 -0.112212 0.484000 123 127 120
-0.218189 -0.112212 0.484000 131 135 128
-0.216938 -0.112212 0.484000 129 133 128
-0.215686 -0.112212 0.484000 133 137 132
-0.214435 -0.112212 0.484000 128 135 129
-0.213183 -0.112212 0.484000 115 122 116
-0.076614 -0.113835 0.491000 82 90 77
-0.075344 -0.113835 0.491000 45 50 38
-0.074075 -0.113835 0.491000 41 46 34
-0.072805 -0.113835 0.491000 31 40 31
-0.071681 -0.114067 0.492000 24 33 24
-0.070409 -0.114067 0.492000 26 35 28
-0.069137 -0.114067 0.492000 22 31 24
-0.067865 -0.114067 0.492000 20 29 22
-0.066593 -0.114067 0.492000 18 27 20
-0.065188 -0.113835 0.491000 18 27 18
-0.063918 -0.113835 0.491000 20 29 20
-0.062649 -0.113835 0.491000 16 29 16
-0.061379 -0.113835 0.491000 18 31 18
-0.059987 -0.113603 0.490000 18 31 18
-0.058720 -0.113603 0.490000 15 28 15
-0.057453 -0.113603 0.490000 13 26 13
-0.056072 -0.113372 0.489000 12 25 12
-0.054807 -0.113372 0.489000 15 22 14
-0.053543 -0.113372 0.489000 18 25 17
0.010731 -0.076045 0.328000 17 40 47
0.011580 -0.076045 0.328000 17 40 47
0.018644 -0.077204 0.333000 12 27 24
0.021419 -0.077899 0.336000 14 27 22
0.022354 -0.078131 0.337000 12 25 20
0.023294 -0.078363 0.338000 10 25 20
0.024240 -0.078595 0.339000 9 24 19
0.025116 -0.078595 0.339000 10 26 17
0.025993 -0.078595 0.339000 12 28 19
0.026869 -0.078595 0.339000 13 29 20
0.027746 -0.078595 0.339000 14 30 21
0.028622 -0.078595 0.339000 15 33 29
0.029499 -0.078595 0.339000 26 44 40
0.032034 -0.078363 0.338000 40 59 59
0.032810 -0.078131 0.337000 37 56 56
0.033682 -0.078131 0.337000 38 57 59
0.034553 -0.078131 0.337000 38 57 59
0.035319 -0.077899 0.336000 39 58 60
0.063046 -0.093201 0.402000 23 71 93
0.064085 -0.093201 0.402000 11 59 81
0.065125 -0.093201 0.402000 0 41 68
0.066164 -0.093201 0.402000 0 34 61
0.067204 -0.093201 0.402000 0 43 66
0.068243 -0.093201 0.402000 8 51 74
0.069282 -0.093201 0.402000 11 41 62
0.070322 -0.093201 0.402000 3 33 54
0.071361 -0.093201 0.402000 10 25 40
0.072401 -0.093201 0.402000 1 16 31
0.073440 -0.093201 0.402000 65 54 58
0.075707 -0.093433 0.403000 97 76 73
0.076749 -0.093433 0.403000 96 75 72
0.077984 -0.093665 0.404000 94 68 66
0.079029 -0.093665 0.404000 84 58 56
0.080272 -0.093897 0.405000 73 45 44
0.081319 -0.093897 0.405000 73 45 44
0.082366 -0.093897 0.405000 74 46 45
0.083619 -0.094129 0.406000 82 54 53
0.084669 -0.094129 0.406000 85 65 68
0.085719 -0.094129 0.406000 67 47 50
0.086768 -0.094129 0.406000 49 51 57
0.087818 -0.094129 0.406000 46 48 54
0.088868 -0.094129 0.406000 0 17 23
0.090139 -0.094360 0.407000 3 24 30
0.121036 -0.105721 0.456000 31 46 45
0.122215 -0.105721 0.456000 44 59 58
0.123394 -0.105721 0.456000 72 85 80
0.124300 -0.105489 0.455000 107 120 115
0.125752 -0.105721 0.456000 71 85 87
0.126931 -0.105721 0.456000 36 50 52
0.219745 -0.115458 0.498000 80 94 100
0.220589 -0.115226 0.497000 84 98 104
0.221874 -0.115226 0.497000 57 74 79
0.223159 -0.115226 0.497000 49 66 71
0.223993 -0.114994 0.496000 49 66 69
0.225275 -0.114994 0.496000 49 66 69
0.226558 -0.114994 0.496000 52 66 70
0.227840 -0.114994 0.496000 62 76 80
0.229123 -0.114994 0.496000 68 85 88
0.230405 -0.114994 0.496000 65 82 85
0.232155 -0.115226 0.497000 69 86 91
0.233440 -0.115226 0.497000 61 78 83
-0.318686 -0.102247 0.446000 70 74 67
-0.317533 -0.102247 0.446000 52 60 61
-0.316380 -0.102247 0.446000 33 41 42
-0.315227 -0.102247 0.446000 19 31 33
-0.314778 -0.102477 0.447000 23 35 37
-0.313622 -0.102477 0.447000 26 36 39
-0.313165 -0.102706 0.448000 41 51 54
-0.312007 -0.102706 0.448000 43 54 52
-0.311542 -0.102935 0.449000 34 45 43
-0.310381 -0.102935 0.449000 23 29 29
-0.309220 -0.102935 0.449000 30 36 36
-0.308059 -0.102935 0.449000 112 115 114
-0.306898 -0.102935 0.449000 127 130 129
-0.305737 -0.102935 0.449000 123 124 111
-0.304576 -0.102935 0.449000 132 133 120
-0.303415 -0.102935 0.449000 69 72 56
-0.302254 -0.102935 0.449000 46 49 33
-0.301094 -0.102935 0.449000 46 55 46
-0.299933 -0.102935 0.449000 31 40 31
-0.298772 -0.102935 0.449000 29 38 31
-0.297611 -0.102935 0.449000 29 38 31
-0.296450 -0.102935 0.449000 32 43 39
-0.219441 -0.110959 0.484000 127 131 124
-0.218189 -0.110959 0.484000 134 138 131
-0.216938 -0.110959 0.484000 130 134 127
-0.215686 -0.110959 0.484000 133 137 130
-0.214435 -0.110959 0.484000 128 135 129
-0.212743 -0.110730 0.483000 118 125 119
-0.077725 -0.112335 0.490000 56 64 51
-0.076458 -0.112335 0.490000 30 38 25
-0.075344 -0.112564 0.491000 28 36 25
-0.074075 -0.112564 0.491000 25 33 22
-0.072805 -0.112564 0.491000 24 34 22
-0.071536 -0.112564 0.491000 20 30 18
-0.070266 -0.112564 0.491000 20 29 20
-0.069137 -0.112793 0.492000 20 29 20
-0.067727 -0.112564 0.491000 19 28 21
-0.066593 -0.112793 0.492000 20 29 22
-0.065188 -0.112564 0.491000 20 29 20
-0.063918 -0.112564 0.491000 19 28 19
-0.062649 -0.112564 0.491000 18 28 16
-0.061379 -0.112564 0.491000 18 28 16
-0.059987 -0.112335 0.490000 13 26 13
-0.058600 -0.112105 0.489000 11 24 11
-0.057336 -0.112105 0.489000 10 22 12
-0.055957 -0.111876 0.488000 12 24 14
0.010731 -0.075195 0.328000 15 40 47
0.011580 -0.075195 0.328000 16 41 48
0.018644 -0.076342 0.333000 15 37 36
0.019564 -0.076571 0.334000 16 36 33
0.022420 -0.077488 0.338000 11 31 28
0.023363 -0.077717 0.339000 10 30 25
0.024240 -0.077717 0.339000 10 30 25
0.025116 -0.077717 0.339000 12 27 22
0.025993 -0.077717 0.339000 12 27 22
0.026869 -0.077717 0.339000 10 25 20
0.027746 -0.077717 0.339000 10 25 20
0.032034 -0.077488 0.338000 29 46 47
0.032908 -0.077488 0.338000 32 49 50
0.033782 -0.077488 0.338000 42 59 62
0.034553 -0.077259 0.337000 48 65 68
0.035424 -0.077259 0.337000 47 66 68
0.036188 -0.077029 0.336000 41 60 62
0.060815 -0.091931 0.401000 15 59 77
0.063046 -0.092160 0.402000 26 72 94
0.064085 -0.092160 0.402000 32 78 100
0.065125 -0.092160 0.402000 30 77 102
0.066164 -0.092160 0.402000 30 77 102
0.067204 -0.092160 0.402000 28 75 100
0.068243 -0.092160 0.402000 16 63 88
0.069282 -0.092160 0.402000 8 46 69
0.070322 -0.092160 0.402000 0 33 56
0.071361 -0.092160 0.402000 0 22 41
0.072401 -0.092160 0.402000 0 15 34
0.073440 -0.092160 0.402000 30 31 44
0.074480 -0.092160 0.402000 94 95 108
0.076749 -0.092390 0.403000 103 86 86
0.077791 -0.092390 0.403000 98 77 76
0.079029 -0.092619 0.404000 87 66 65
0.080272 -0.092848 0.405000 86 60 60
0.081319 -0.092848 0.405000 92 66 66
0.082366 -0.092848 0.405000 103 77 77
0.083619 -0.093077 0.406000 108 82 82
0.084669 -0.093077 0.406000 98 78 81
0.085719 -0.093077 0.406000 75 55 58
0.086768 -0.093077 0.406000 103 103 105
0.088035 -0.093307 0.407000 107 107 109
0.089087 -0.093307 0.407000 51 71 84
0.120770 -0.104311 0.455000 25 43 41
0.121947 -0.104311 0.455000 25 43 41
0.123123 -0.104311 0.455000 37 50 45
0.124300 -0.104311 0.455000 49 62 57
0.125476 -0.104311 0.455000 41 56 55
0.126931 -0.104540 0.456000 37 52 51
0.218457 -0.114169 0.498000 112 122 125
0.219304 -0.113939 0.497000 76 90 96
0.220589 -0.113939 0.497000 57 71 77
0.221428 -0.113710 0.496000 49 66 71
0.222710 -0.113710 0.496000 50 67 72
0.223993 -0.113710 0.496000 49 66 71
0.224821 -0.113481 0.495000 49 66 71
0.226101 -0.113481 0.495000 64 81 84
0.227840 -0.113710 0.496000 68 85 88
0.229123 -0.113710 0.496000 63 82 84
0.230405 -0.113710 0.496000 66 85 87
0.232155 -0.113939 0.497000 62 79 84
0.233440 -0.113939 0.497000 63 80 85
-0.317533 -0.101093 0.446000 52 60 59
-0.316380 -0.101093 0.446000 49 57 56
-0.315227 -0.101093 0.446000 19 31 33
-0.314074 -0.101093 0.446000 22 34 36
-0.313622 -0.101319 0.447000 23 35 37
-0.313165 -0.101546 0.448000 35 47 49
-0.312007 -0.101546 0.448000 38 51 48
-0.311542 -0.101773 0.449000 35 48 45
-0.310381 -0.101773 0.449000 29 37 36
-0.309220 -0.101773 0.449000 20 28 27
-0.308059 -0.101773 0.449000 72 78 78
-0.306898 -0.101773 0.449000 131 137 137
-0.305737 -0.101773 0.449000 122 124 113
-0.304576 -0.101773 0.449000 129 131 120
-0.303415 -0.101773 0.449000 75 78 62
-0.301581 -0.101546 0.448000 46 49 33
-0.300423 -0.101546 0.448000 50 59 50
-0.299265 -0.101546 0.448000 32 41 32
-0.298772 -0.101773 0.449000 29 41 33
-0.297611 -0.101773 0.449000 27 39 31
-0.296450 -0.101773 0.449000 35 43 40
-0.308181 -0.108346 0.478000 145 151 151
-0.218987 -0.109479 0.483000 130 131 125
-0.217738 -0.109479 0.483000 136 137 131
-0.216490 -0.109479 0.483000 129 133 126
-0.215241 -0.109479 0.483000 136 140 133
-0.213992 -0.109479 0.483000 129 136 128
-0.212743 -0.109479 0.483000 120 127 119
-0.079931 -0.110613 0.488000 50 60 48
-0.078831 -0.110839 0.489000 27 37 25
-0.077566 -0.110839 0.489000 27 37 25
-0.076458 -0.111066 0.490000 22 32 20
-0.075191 -0.111066 0.490000 25 35 23
-0.074075 -0.111293 0.491000 21 31 19
-0.072805 -0.111293 0.491000 20 30 18
-0.071536 -0.111293 0.491000 19 29 17
-0.070266 -0.111293 0.491000 19 29 17
-0.068997 -0.111293 0.491000 20 30 18
-0.067727 -0.111293 0.491000 21 30 21
-0.066457 -0.111293 0.491000 22 31 22
-0.065188 -0.111293 0.491000 20 29 20
-0.063788 -0.111066 0.490000 18 27 18
-0.062521 -0.111066 0.490000 15 25 13
-0.061129 -0.110839 0.489000 15 25 13
-0.059742 -0.110613 0.488000 12 25 12
-0.058361 -0.110386 0.487000 11 24 11
0.019564 -0.075706 0.334000 11 35 37
0.022354 -0.076386 0.337000 17 41 41
0.023363 -0.076839 0.339000 17 41 41
0.024240 -0.076839 0.339000 15 39 39
0.025116 -0.076839 0.339000 12 34 33
0.032128 -0.076839 0.339000 7 22 21
0.032908 -0.076613 0.338000 8 23 22
0.033782 -0.076613 0.338000 13 27 29
0.034656 -0.076613 0.338000 24 38 40
0.035529 -0.076613 0.338000 34 53 55
0.036296 -0.076386 0.337000 45 64 66
0.037167 -0.076386 0.337000 42 64 67
0.038038 -0.076386 0.337000 36 58 61
0.059778 -0.090893 0.401000 12 45 58
0.060815 -0.090893 0.401000 10 47 66
0.063046 -0.091119 0.402000 15 58 79
0.064085 -0.091119 0.402000 25 68 89
0.065125 -0.091119 0.402000 26 72 94
0.066164 -0.091119 0.402000 35 81 103
0.067204 -0.091119 0.402000 37 83 105
0.068243 -0.091119 0.402000 38 84 106
0.069282 -0.091119 0.402000 39 82 105
0.070322 -0.091119 0.402000 29 72 95
0.071361 -0.091119 0.402000 24 56 76
0.072401 -0.091119 0.402000 12 44 64
0.073440 -0.091119 0.402000 21 41 56
0.075707 -0.091346 0.403000 95 93 104
0.076749 -0.091346 0.403000 90 88 99
0.077984 -0.091573 0.404000 98 83 84
0.079029 -0.091573 0.404000 99 84 85
0.080272 -0.091799 0.405000 101 78 77
0.081319 -0.091799 0.405000 100 77 76
0.082569 -0.092026 0.406000 107 80 83
0.083619 -0.092026 0.406000 115 88 91
0.084669 -0.092026 0.406000 105 83 85
0.085930 -0.092253 0.407000 83 61 63
0.086982 -0.092253 0.407000 95 95 99
0.088035 -0.092253 0.407000 74 74 78
0.089306 -0.092479 0.408000 40 68 85
0.121947 -0.103133 0.455000 22 40 36
0.123123 -0.103133 0.455000 24 39 34
0.124300 -0.103133 0.455000 33 48 43
0.125476 -0.103133 0.455000 39 57 55
0.217170 -0.112879 0.498000 115 127 131
0.218019 -0.112653 0.497000 80 92 96
0.219304 -0.112653 0.497000 49 63 69
0.219701 -0.112199 0.495000 50 64 70
0.220981 -0.112199 0.495000 53 70 75
0.222261 -0.112199 0.495000 53 70 75
0.223541 -0.112199 0.495000 55 72 75
0.224821 -0.112199 0.495000 69 86 89
0.226101 -0.112199 0.495000 68 87 91
0.227381 -0.112199 0.495000 64 83 87
0.228661 -0.112199 0.495000 65 87 88
0.229940 -0.112199 0.495000 59 81 82
0.231688 -0.112426 0.496000 57 71 73
-0.316821 -0.099714 0.445000 41 52 48
-0.316380 -0.099938 0.446000 58 69 65
-0.315227 -0.099938 0.446000 19 32 31
-0.314074 -0.099938 0.446000 22 35 34
-0.313622 -0.100162 0.447000 23 35 37
-0.312466 -0.100162 0.447000 28 40 42
-0.312007 -0.100386 0.448000 35 48 47
-0.310848 -0.100386 0.448000 37 50 49
-0.309690 -0.100386 0.448000 31 42 40
-0.309220 -0.100610 0.449000 17 28 26
-0.308059 -0.100610 0.449000 58 64 66
-0.306898 -0.100610 0.449000 127 133 135
-0.305056 -0.100386 0.448000 121 123 114
-0.303898 -0.100386 0.448000 126 128 119
-0.302740 -0.100386 0.448000 87 92 80
-0.301581 -0.100386 0.448000 41 46 34
-0.300423 -0.100386 0.448000 59 71 61
-0.299265 -0.100386 0.448000 29 41 31
-0.298106 -0.100386 0.448000 30 41 37
-0.296948 -0.100386 0.448000 27 38 34
-0.295789 -0.100386 0.448000 33 41 40
-0.295946 -0.100834 0.450000 40 48 47
-0.219780 -0.108005 0.482000 124 128 121
-0.218987 -0.108229 0.483000 129 133 126
-0.217738 -0.108229 0.483000 131 135 128
-0.216490 -0.108229 0.483000 130 134 127
-0.215241 -0.108229 0.483000 136 140 133
-0.213992 -0.108229 0.483000 129 133 128
-0.082117 -0.108901 0.486000 67 77 63
-0.080860 -0.108901 0.486000 36 46 32
-0.079768 -0.109125 0.487000 31 40 31
-0.078670 -0.109349 0.488000 26 35 26
-0.077566 -0.109573 0.489000 22 31 22
-0.076458 -0.109797 0.490000 21 30 21
-0.075191 -0.109797 0.490000 20 30 18
-0.073924 -0.109797 0.490000 19 29 17
-0.072657 -0.109797 0.490000 20 30 16
-0.071536 -0.110021 0.491000 20 30 16
-0.070266 -0.110021 0.491000 20 30 16
-0.068997 -0.110021 0.491000 19 29 15
-0.067589 -0.109797 0.490000 19 29 17
-0.066322 -0.109797 0.490000 19 29 17
-0.064922 -0.109573 0.489000 17 27 13
-0.054247 -0.108453 0.484000 33 45 35
0.011322 -0.092095 0.411000 38 70 47
0.012384 -0.092095 0.411000 31 63 40
0.015572 -0.092095 0.411000 13 42 39
0.026069 -0.076186 0.340000 13 38 43
0.026948 -0.076186 0.340000 15 37 38
0.027828 -0.076186 0.340000 15 37 38
0.028622 -0.075962 0.339000 14 32 30
0.029499 -0.075962 0.339000 14 32 30
0.033882 -0.075962 0.339000 13 28 25
0.034656 -0.075738 0.338000 14 29 26
0.035529 -0.075738 0.338000 13 27 29
0.036403 -0.075738 0.338000 14 28 30
0.037277 -0.075738 0.338000 18 37 39
0.038151 -0.075738 0.338000 27 46 48
0.059778 -0.089854 0.401000 15 44 56
0.060815 -0.089854 0.401000 11 42 58
0.063046 -0.090079 0.402000 9 46 65
0.064085 -0.090079 0.402000 11 48 67
0.065125 -0.090079 0.402000 13 54 76
0.066164 -0.090079 0.402000 22 63 85
0.067204 -0.090079 0.402000 26 72 92
0.068243 -0.090079 0.402000 31 77 97
0.069282 -0.090079 0.402000 32 78 98
0.070322 -0.090079 0.402000 37 83 103
0.071361 -0.090079 0.402000 39 82 103
0.072401 -0.090079 0.402000 39 82 103
0.073440 -0.090079 0.402000 49 83 105
0.075707 -0.090303 0.403000 60 79 99
0.076749 -0.090303 0.403000 58 77 97
0.077984 -0.090527 0.404000 75 68 77
0.079224 -0.090751 0.405000 79 72 81
0.080272 -0.090751 0.405000 95 73 77
0.081519 -0.090975 0.406000 95 73 77
0.082569 -0.090975 0.406000 99 75 77
0.083619 -0.090975 0.406000 106 82 84
0.084877 -0.091199 0.407000 98 76 80
0.085930 -0.091199 0.407000 86 64 68
0.086982 -0.091199 0.407000 77 79 87
0.088251 -0.091423 0.408000 66 68 76
0.089525 -0.091647 0.409000 37 74 95
0.090582 -0.091647 0.409000 34 71 92
0.093984 -0.091871 0.410000 18 70 93
0.122582 -0.101506 0.453000 30 44 35
0.124300 -0.101955 0.455000 26 40 31
0.217170 -0.111590 0.498000 68 80 84
0.218019 -0.111366 0.497000 50 62 66
0.218863 -0.111142 0.496000 50 62 66
0.219701 -0.110918 0.495000 54 66 70
0.220981 -0.110918 0.495000 55 69 73
0.221812 -0.110694 0.494000 62 76 80
0.223089 -0.110694 0.494000 64 83 85
0.224367 -0.110694 0.494000 68 87 89
0.225644 -0.110694 0.494000 60 82 85
0.226921 -0.110694 0.494000 65 87 90
0.228661 -0.110918 0.495000 60 82 83
0.229940 -0.110918 0.495000 47 69 70
-0.316821 -0.098562 0.445000 50 62 54
-0.315671 -0.098562 0.445000 57 69 61
-0.315227 -0.098783 0.446000 29 42 39
-0.314074 -0.098783 0.446000 23 36 33
-0.312920 -0.098783 0.446000 22 35 32
-0.312466 -0.099005 0.447000 24 37 34
-0.311310 -0.099005 0.447000 33 46 45
-0.310848 -0.099226 0.448000 38 51 50
-0.309690 -0.099226 0.448000 33 44 42
-0.308532 -0.099226 0.448000 25 36 34
-0.307373 -0.099226 0.448000 35 40 45
-0.306215 -0.099226 0.448000 114 119 124
-0.305056 -0.099226 0.448000 121 121 121
-0.303898 -0.099226 0.448000 126 126 126
-0.302064 -0.099005 0.447000 108 115 107
-0.300908 -0.099005 0.447000 35 42 34
-0.299752 -0.099005 0.447000 61 73 65
-0.298597 -0.099005 0.447000 36 48 40
-0.297441 -0.099005 0.447000 32 43 41
-0.296948 -0.099226 0.448000 27 38 36
-0.295129 -0.099005 0.447000 30 41 39
-0.295289 -0.099448 0.449000 36 47 45
-0.219780 -0.106757 0.482000 126 131 121
-0.218987 -0.106978 0.483000 131 136 126
-0.217738 -0.106978 0.483000 131 136 126
-0.216490 -0.106978 0.483000 131 135 128
-0.214795 -0.106757 0.482000 133 137 130
-0.213992 -0.106978 0.483000 129 133 128
-0.083202 -0.107421 0.485000 61 71 57
-0.081948 -0.107421 0.485000 65 79 68
-0.080860 -0.107643 0.486000 53 67 56
-0.079604 -0.107643 0.486000 18 27 20
-0.078508 -0.107864 0.487000 20 29 22
-0.077408 -0.108086 0.488000 20 29 22
-0.076302 -0.108307 0.489000 20 29 22
-0.075191 -0.108528 0.490000 20 30 18
-0.073924 -0.108528 0.490000 20 30 18
-0.072657 -0.108528 0.490000 20 30 16
-0.071390 -0.108528 0.490000 21 31 17
-0.070123 -0.108528 0.490000 19 29 15
-0.068856 -0.108528 0.490000 18 28 14
-0.067451 -0.108307 0.489000 18 28 14
-0.066187 -0.108307 0.489000 15 25 11
-0.064790 -0.108086 0.488000 17 27 13
-0.063398 -0.107864 0.487000 15 25 11
-0.054023 -0.106757 0.482000 27 36 27
0.011322 -0.091031 0.411000 30 64 42
0.012384 -0.091031 0.411000 30 64 42
0.013447 -0.091031 0.411000 26 58 35
0.014510 -0.091031 0.411000 23 55 32
0.015572 -0.091031 0.411000 20 51 35
0.016635 -0.091031 0.411000 14 45 29
0.017698 -0.091031 0.411000 12 42 34
0.018761 -0.091031 0.411000 10 40 32
0.019823 -0.091031 0.411000 11 40 41
0.020835 -0.090810 0.410000 11 40 41
0.024240 -0.075084 0.339000 7 35 41
0.025190 -0.075305 0.340000 7 35 41
0.026069 -0.075305 0.340000 7 35 41
0.026948 -0.075305 0.340000 8 33 38
0.027828 -0.075305 0.340000 11 36 41
0.028707 -0.075305 0.340000 15 39 41
0.029499 -0.075084 0.339000 15 39 41
0.030375 -0.075084 0.339000 14 38 38
0.031252 -0.075084 0.339000 14 38 38
0.034758 -0.075084 0.339000 11 30 30
0.035635 -0.075084 0.339000 13 30 31
0.036511 -0.075084 0.339000 14 31 32
0.037388 -0.075084 0.339000 13 30 31
0.038151 -0.074863 0.338000 12 29 30
0.059778 -0.088816 0.401000 22 47 54
0.060815 -0.088816 0.401000 21 45 55
0.063046 -0.089038 0.402000 16 45 57
0.064085 -0.089038 0.402000 15 44 56
0.065125 -0.089038 0.402000 13 46 61
0.066164 -0.089038 0.402000 12 45 60
0.067204 -0.089038 0.402000 11 50 66
0.068243 -0.089038 0.402000 16 55 71
0.069282 -0.089038 0.402000 19 61 80
0.070322 -0.089038 0.402000 27 69 88
0.071361 -0.089038 0.402000 32 75 96
0.073623 -0.089259 0.403000 33 78 103
0.074665 -0.089259 0.403000 33 78 103
0.075707 -0.089259 0.403000 46 79 104
0.076939 -0.089481 0.404000 42 75 100
0.078177 -0.089702 0.405000 67 65 79
0.079224 -0.089702 0.405000 76 74 88
0.080470 -0.089924 0.406000 98 80 86
0.081519 -0.089924 0.406000 87 69 75
0.082569 -0.089924 0.406000 89 67 69
0.083825 -0.090145 0.407000 89 67 69
0.084877 -0.090145 0.407000 81 61 62
0.086141 -0.090367 0.408000 80 60 61
0.087196 -0.090367 0.408000 62 69 77
0.088467 -0.090588 0.409000 55 62 70
0.089525 -0.090588 0.409000 23 67 85
0.090804 -0.090810 0.410000 23 67 85
0.092924 -0.090810 0.410000 13 66 86
0.093984 -0.090810 0.410000 12 64 87
0.126705 -0.099891 0.451000 16 44 50
0.129896 -0.100555 0.454000 49 82 97
0.216734 -0.110079 0.497000 47 57 60
0.217580 -0.109857 0.496000 50 60 63
0.218421 -0.109636 0.495000 56 68 72
0.219701 -0.109636 0.495000 63 75 79
0.220535 -0.109414 0.494000 67 81 85
0.221812 -0.109414 0.494000 70 84 88
0.222638 -0.109193 0.493000 63 82 84
0.224367 -0.109414 0.494000 61 80 82
0.225644 -0.109414 0.494000 61 83 86
0.226921 -0.109414 0.494000 58 80 83
0.228661 -0.109636 0.495000 52 69 70
0.229940 -0.109636 0.495000 95 112 113
-0.316821 -0.097409 0.445000 79 88 79
-0.315671 -0.097409 0.445000 45 54 45
-0.314520 -0.097409 0.445000 40 53 48
-0.314074 -0.097628 0.446000 18 31 26
-0.312920 -0.097628 0.446000 23 36 31
-0.311767 -0.097628 0.446000 21 34 29
-0.311310 -0.097847 0.447000 25 36 32
-0.310155 -0.097847 0.447000 38 49 45
-0.309690 -0.098066 0.448000 40 48 45
-0.308532 -0.098066 0.448000 29 37 34
-0.307373 -0.098066 0.448000 27 32 37
-0.306215 -0.098066 0.448000 99 104 109
-0.304376 -0.097847 0.447000 124 127 128
-0.303220 -0.097847 0.447000 121 124 125
-0.302064 -0.097847 0.447000 114 121 113
-0.300908 -0.097847 0.447000 37 44 36
-0.299082 -0.097628 0.446000 54 66 58
-0.297929 -0.097628 0.446000 38 50 42
-0.296775 -0.097628 0.446000 31 42 38
-0.296285 -0.097847 0.447000 27 38 34
-0.295129 -0.097847 0.447000 27 42 37
-0.293973 -0.097847 0.447000 31 46 41
-0.219780 -0.105509 0.482000 126 134 123
-0.218534 -0.105509 0.482000 134 139 129
-0.217288 -0.105509 0.482000 131 136 126
-0.216041 -0.105509 0.482000 133 137 130
-0.214795 -0.105509 0.482000 134 138 131
-0.213549 -0.105509 0.482000 129 132 131
-0.085534 -0.105946 0.484000 48 56 43
-0.084282 -0.105946 0.484000 54 67 54
-0.083202 -0.106165 0.485000 59 72 59
-0.081948 -0.106165 0.485000 33 47 38
-0.080694 -0.106165 0.485000 24 38 29
-0.079604 -0.106384 0.486000 18 30 22
-0.077408 -0.106822 0.488000 20 29 20
-0.076302 -0.107041 0.489000 20 29 20
-0.075038 -0.107041 0.489000 20 30 18
-0.073773 -0.107041 0.489000 19 29 17
-0.072509 -0.107041 0.489000 20 30 18
-0.071244 -0.107041 0.489000 20 30 18
-0.067313 -0.106822 0.488000 15 25 13
-0.065916 -0.106603 0.487000 15 25 13
-0.064524 -0.106384 0.486000 14 24 12
-0.063267 -0.106384 0.486000 12 22 10
-0.053798 -0.105071 0.480000 22 31 22
-0.052448 -0.104852 0.479000 18 27 18
-0.051209 -0.104852 0.479000 17 30 15
0.009174 -0.089748 0.410000 14 48 56
0.010259 -0.089967 0.411000 15 49 57
0.011322 -0.089967 0.411000 23 58 48
0.012384 -0.089967 0.411000 24 59 49
0.013447 -0.089967 0.411000 24 58 36
0.014510 -0.089967 0.411000 25 59 37
0.015572 -0.089967 0.411000 25 59 37
0.016635 -0.089967 0.411000 26 60 38
0.017698 -0.089967 0.411000 33 66 49
0.018761 -0.089967 0.411000 24 57 40
0.019775 -0.089748 0.410000 10 40 34
0.020835 -0.089748 0.410000 6 36 30
0.021895 -0.089748 0.410000 6 34 38
0.026146 -0.074644 0.341000 6 35 43
0.027028 -0.074644 0.341000 4 33 41
0.027828 -0.074425 0.340000 4 33 41
0.028707 -0.074425 0.340000 4 33 41
0.029586 -0.074425 0.340000 5 34 42
0.030465 -0.074425 0.340000 8 37 45
0.031344 -0.074425 0.340000 15 44 52
0.032128 -0.074206 0.339000 16 43 52
0.033005 -0.074206 0.339000 14 41 50
0.036511 -0.074206 0.339000 14 36 37
0.037388 -0.074206 0.339000 13 33 30
0.060967 -0.087997 0.402000 19 41 44
0.062006 -0.087997 0.402000 16 38 41
0.063046 -0.087997 0.402000 15 38 43
0.064085 -0.087997 0.402000 15 38 43
0.065125 -0.087997 0.402000 15 39 49
0.066164 -0.087997 0.402000 19 43 53
0.067204 -0.087997 0.402000 11 43 54
0.068243 -0.087997 0.402000 15 47 58
0.069282 -0.087997 0.402000 14 49 64
0.070322 -0.087997 0.402000 14 49 64
0.071361 -0.087997 0.402000 10 52 69
0.073623 -0.088216 0.403000 13 56 77
0.074665 -0.088216 0.403000 14 57 78
0.075895 -0.088435 0.404000 21 55 75
0.077130 -0.088653 0.405000 26 60 80
0.078177 -0.088653 0.405000 54 52 66
0.079420 -0.088872 0.406000 61 59 73
0.080470 -0.088872 0.406000 74 54 57
0.081519 -0.088872 0.406000 69 49 52
0.082773 -0.089091 0.407000 72 51 50
0.084031 -0.089310 0.408000 74 53 52
0.085086 -0.089310 0.408000 70 56 52
0.086352 -0.089529 0.409000 71 57 53
0.087410 -0.089529 0.409000 51 62 71
0.088683 -0.089748 0.410000 44 55 64
0.089744 -0.089748 0.410000 16 63 80
0.090804 -0.089748 0.410000 12 59 76
0.091864 -0.089748 0.410000 7 60 78
0.093151 -0.089967 0.411000 7 60 78
0.127588 -0.098504 0.450000 30 62 71
0.129038 -0.098723 0.451000 43 78 93
0.217141 -0.108354 0.495000 60 66 68
0.217980 -0.108135 0.494000 64 74 77
0.218814 -0.107916 0.493000 72 82 85
0.220088 -0.107916 0.493000 67 81 85
0.221363 -0.107916 0.493000 64 78 82
0.222638 -0.107916 0.493000 61 80 84
0.223912 -0.107916 0.493000 61 80 84
0.225187 -0.107916 0.493000 62 79 84
0.226462 -0.107916 0.493000 54 71 76
0.228199 -0.108135 0.494000 98 109 107
-0.315671 -0.096257 0.445000 40 49 42
-0.314520 -0.096257 0.445000 54 66 58
-0.313369 -0.096257 0.445000 22 34 26
-0.312920 -0.096473 0.446000 24 36 28
-0.311767 -0.096473 0.446000 24 36 28
-0.310614 -0.096473 0.446000 27 36 29
-0.310155 -0.096690 0.447000 36 45 38
-0.308999 -0.096690 0.447000 41 48 42
-0.307843 -0.096690 0.447000 35 42 36
-0.306687 -0.096690 0.447000 22 28 30
-0.305531 -0.096690 0.447000 54 60 62
-0.304376 -0.096690 0.447000 131 134 135
-0.303220 -0.096690 0.447000 122 125 126
-0.301388 -0.096473 0.446000 130 134 127
-0.300235 -0.096473 0.446000 42 46 39
-0.299082 -0.096473 0.446000 59 68 61
-0.297929 -0.096473 0.446000 48 57 50
-0.296775 -0.096473 0.446000 30 42 34
-0.295622 -0.096473 0.446000 27 39 31
-0.294469 -0.096473 0.446000 21 40 30
-0.293316 -0.096473 0.446000 28 47 37
-0.295577 -0.097988 0.453000 33 48 43
-0.219324 -0.104044 0.481000 128 136 125
-0.218081 -0.104044 0.481000 135 140 130
-0.217288 -0.104261 0.482000 131 136 126
-0.216041 -0.104261 0.482000 135 139 134
-0.214795 -0.104261 0.482000 133 137 132
-0.213549 -0.104261 0.482000 129 132 131
-0.085357 -0.104477 0.483000 57 66 57
-0.084108 -0.104477 0.483000 48 60 50
-0.083031 -0.104693 0.484000 13 25 15
-0.081948 -0.104910 0.485000 15 29 18
-0.080694 -0.104910 0.485000 16 30 19
-0.078347 -0.105126 0.486000 18 32 21
-0.077249 -0.105342 0.487000 20 33 20
-0.076146 -0.105558 0.488000 19 32 19
-0.075038 -0.105775 0.489000 19 29 15
-0.073773 -0.105775 0.489000 19 29 15
-0.072509 -0.105775 0.489000 19 26 18
-0.071099 -0.105558 0.488000 18 25 17
-0.067175 -0.105342 0.487000 17 27 15
-0.065781 -0.105126 0.486000 13 23 11
-0.064524 -0.105126 0.486000 27 37 25
-0.058885 -0.104044 0.481000 31 42 38
-0.057522 -0.103828 0.480000 32 43 39
-0.056164 -0.103612 0.479000 23 34 32
-0.054925 -0.103612 0.479000 19 30 28
-0.053686 -0.103612 0.479000 19 28 19
0.007054 -0.088686 0.410000 13 48 63
0.008114 -0.088686 0.410000 11 46 61
0.009174 -0.088686 0.410000 10 45 58
0.010259 -0.088903 0.411000 11 46 59
0.011322 -0.088903 0.411000 8 44 52
0.012384 -0.088903 0.411000 6 42 50
0.015572 -0.088903 0.411000 25 61 45
0.016635 -0.088903 0.411000 31 67 51
0.017698 -0.088903 0.411000 44 80 64
0.018761 -0.088903 0.411000 45 81 65
0.019775 -0.088686 0.410000 39 74 64
0.020835 -0.088686 0.410000 37 72 62
0.021895 -0.088686 0.410000 31 64 66
0.022899 -0.088470 0.409000 23 56 58
0.023898 -0.088254 0.408000 9 41 52
0.024831 -0.087821 0.406000 7 39 50
0.028876 -0.073977 0.342000 14 48 58
0.029673 -0.073761 0.341000 13 47 57
0.030555 -0.073761 0.341000 13 46 59
0.031436 -0.073761 0.341000 15 48 61
0.032223 -0.073545 0.340000 16 49 62
0.033102 -0.073545 0.340000 19 52 65
0.061119 -0.087172 0.403000 20 37 38
0.062006 -0.086956 0.402000 19 36 37
0.065125 -0.086956 0.402000 7 28 34
0.066164 -0.086956 0.402000 17 38 44
0.067204 -0.086956 0.402000 16 40 50
0.068243 -0.086956 0.402000 16 40 50
0.069282 -0.086956 0.402000 16 45 55
0.071539 -0.087172 0.403000 15 48 61
0.072581 -0.087172 0.403000 14 47 60
0.073806 -0.087389 0.404000 10 48 62
0.074850 -0.087389 0.404000 12 50 64
0.076083 -0.087605 0.405000 23 49 65
0.077130 -0.087605 0.405000 24 50 66
0.078370 -0.087821 0.406000 48 46 55
0.079420 -0.087821 0.406000 51 49 58
0.080470 -0.087821 0.406000 64 44 47
0.081720 -0.088037 0.407000 64 44 47
0.082976 -0.088254 0.408000 67 46 43
0.084237 -0.088470 0.409000 73 52 49
0.085294 -0.088470 0.409000 68 56 54
0.086563 -0.088686 0.410000 64 52 50
0.087623 -0.088686 0.410000 32 47 60
0.088683 -0.088686 0.410000 27 42 55
0.089744 -0.088686 0.410000 0 46 63
0.092088 -0.088903 0.411000 4 57 77
0.094443 -0.089119 0.412000 14 66 89
0.095971 -0.089552 0.414000 16 68 91
0.125301 -0.096473 0.446000 22 57 72
0.125887 -0.096041 0.444000 41 76 91
0.219642 -0.106424 0.492000 59 72 81
0.220914 -0.106424 0.492000 65 78 87
0.222186 -0.106424 0.492000 62 78 88
0.223458 -0.106424 0.492000 57 73 83
0.225187 -0.106640 0.493000 57 69 73
-0.315671 -0.095105 0.445000 45 54 47
-0.314520 -0.095105 0.445000 54 62 59
-0.313369 -0.095105 0.445000 39 47 44
-0.312219 -0.095105 0.445000 27 36 27
-0.311767 -0.095319 0.446000 26 35 26
-0.310614 -0.095319 0.446000 29 36 28
-0.309461 -0.095319 0.446000 34 41 33
-0.308999 -0.095532 0.447000 44 51 45
-0.307843 -0.095532 0.447000 34 41 35
-0.306687 -0.095532 0.447000 28 34 36
-0.305531 -0.095532 0.447000 25 31 33
-0.303695 -0.095319 0.446000 117 117 119
-0.302541 -0.095319 0.446000 125 125 127
-0.301388 -0.095319 0.446000 128 129 123
-0.300235 -0.095319 0.446000 69 70 64
-0.298411 -0.095105 0.445000 56 63 55
-0.297261 -0.095105 0.445000 56 63 55
-0.296775 -0.095319 0.446000 34 46 38
-0.295622 -0.095319 0.446000 26 38 30
-0.294469 -0.095319 0.446000 24 43 33
-0.293316 -0.095319 0.446000 27 46 36
-0.294783 -0.096174 0.450000 33 51 45
-0.219324 -0.102799 0.481000 131 139 128
-0.218534 -0.103013 0.482000 134 138 131
-0.216837 -0.102799 0.481000 129 133 126
-0.215593 -0.102799 0.481000 136 140 135
-0.214349 -0.102799 0.481000 135 139 134
-0.088550 -0.102585 0.480000 39 47 46
-0.087491 -0.102799 0.481000 61 69 68
-0.086426 -0.103013 0.482000 38 50 42
-0.085180 -0.103013 0.482000 17 29 21
-0.082859 -0.103226 0.483000 16 30 19
-0.081779 -0.103440 0.484000 16 30 19
-0.080694 -0.103654 0.485000 17 31 20
-0.078347 -0.103867 0.486000 18 32 21
-0.077091 -0.103867 0.486000 18 31 18
-0.075990 -0.104081 0.487000 15 28 15
-0.074884 -0.104295 0.488000 20 25 13
-0.073622 -0.104295 0.488000 18 23 11
-0.072361 -0.104295 0.488000 18 25 17
-0.071099 -0.104295 0.488000 16 23 15
-0.069694 -0.104081 0.487000 14 23 14
-0.068435 -0.104081 0.487000 13 22 13
-0.067037 -0.103867 0.486000 27 37 25
-0.060129 -0.102799 0.481000 39 51 43
-0.058763 -0.102585 0.480000 27 38 36
-0.057402 -0.102371 0.479000 23 34 32
-0.056046 -0.102158 0.478000 19 30 28
-0.054810 -0.102158 0.478000 17 28 26
-0.010541 -0.084205 0.394000 69 88 76
-0.009498 -0.083992 0.393000 67 88 77
-0.008482 -0.083992 0.393000 46 67 56
-0.007465 -0.083992 0.393000 23 49 49
-0.005433 -0.083992 0.393000 13 42 50
-0.004406 -0.083778 0.392000 13 42 50
0.007019 -0.087197 0.408000 18 53 68
0.008114 -0.087625 0.410000 17 52 67
0.009174 -0.087625 0.410000 10 48 60
0.010234 -0.087625 0.410000 12 50 62
0.011294 -0.087625 0.410000 10 47 64
0.012354 -0.087625 0.410000 6 43 60
0.015535 -0.087625 0.410000 19 57 55
0.016595 -0.087625 0.410000 24 62 60
0.017655 -0.087625 0.410000 26 64 58
0.018715 -0.087625 0.410000 32 70 64
0.019775 -0.087625 0.410000 32 73 70
0.020835 -0.087625 0.410000 27 68 65
0.021842 -0.087411 0.409000 25 64 71
0.022843 -0.087197 0.408000 25 64 71
0.023781 -0.086770 0.406000 12 47 60
0.024831 -0.086770 0.406000 12 47 60
0.025817 -0.086556 0.405000 9 47 61
0.026798 -0.086342 0.404000 11 49 63
0.029760 -0.073092 0.342000 18 53 66
0.030644 -0.073092 0.342000 21 54 67
0.031528 -0.073092 0.342000 22 55 68
0.032413 -0.073092 0.342000 20 55 68
0.033102 -0.072664 0.340000 18 53 66
0.033981 -0.072664 0.340000 17 50 63
0.034861 -0.072664 0.340000 15 48 61
0.061119 -0.086129 0.403000 20 38 36
0.062006 -0.085915 0.402000 20 38 36
0.063203 -0.086129 0.403000 19 36 37
0.064085 -0.085915 0.402000 21 38 39
0.067204 -0.085915 0.402000 18 41 46
0.068243 -0.085915 0.402000 16 39 44
0.070497 -0.086129 0.403000 14 39 46
0.071539 -0.086129 0.403000 14 41 50
0.072581 -0.086129 0.403000 13 40 49
0.073806 -0.086342 0.404000 11 40 50
0.075036 -0.086556 0.405000 15 44 54
0.076083 -0.086556 0.405000 24 40 50
0.077320 -0.086770 0.406000 20 36 46
0.078370 -0.086770 0.406000 44 40 45
0.079616 -0.086984 0.407000 44 40 45
0.080668 -0.086984 0.407000 53 36 36
0.081921 -0.087197 0.408000 51 34 34
0.083179 -0.087411 0.409000 59 38 35
0.084443 -0.087625 0.410000 61 40 37
0.085503 -0.087625 0.410000 63 55 54
0.086563 -0.087625 0.410000 60 52 51
0.087623 -0.087625 0.410000 27 51 61
0.088683 -0.087625 0.410000 33 57 67
0.091025 -0.087839 0.411000 42 86 102
0.092088 -0.087839 0.411000 38 88 107
0.093377 -0.088052 0.412000 36 86 105
0.094901 -0.088480 0.414000 27 80 100
0.096203 -0.088693 0.415000 26 79 99
0.103037 -0.089976 0.421000 31 81 102
0.110284 -0.091472 0.428000 39 87 107
0.113548 -0.092327 0.432000 35 82 99
0.115196 -0.092754 0.434000 27 69 86
0.117441 -0.092754 0.434000 14 46 64
0.118836 -0.092968 0.435000 10 42 60
-0.315671 -0.093953 0.445000 91 98 90
-0.314520 -0.093953 0.445000 42 49 41
-0.313369 -0.093953 0.445000 46 53 45
-0.312219 -0.093953 0.445000 29 36 28
-0.311068 -0.093953 0.445000 27 34 26
-0.310614 -0.094164 0.446000 29 36 28
-0.309461 -0.094164 0.446000 30 37 29
-0.308307 -0.094164 0.446000 39 47 44
-0.307154 -0.094164 0.446000 40 48 45
-0.306001 -0.094164 0.446000 28 36 35
-0.304848 -0.094164 0.446000 20 28 27
-0.303695 -0.094164 0.446000 78 84 84
-0.302541 -0.094164 0.446000 127 133 133
-0.301388 -0.094164 0.446000 126 128 119
-0.299562 -0.093953 0.445000 98 100 91
-0.298411 -0.093953 0.445000 44 52 41
-0.297261 -0.093953 0.445000 63 71 60
-0.296110 -0.093953 0.445000 37 49 39
-0.294959 -0.093953 0.445000 29 41 31
-0.293809 -0.093953 0.445000 23 39 28
-0.292658 -0.093953 0.445000 28 44 33
-0.291507 -0.093953 0.445000 33 49 38
-0.305019 -0.100287 0.475000 148 154 156
-0.219324 -0.101553 0.481000 134 138 131
-0.218081 -0.101553 0.481000 135 139 132
-0.216837 -0.101553 0.481000 131 135 128
-0.215593 -0.101553 0.481000 134 138 133
-0.214349 -0.101553 0.481000 133 137 132
-0.088366 -0.101131 0.479000 20 31 29
-0.087309 -0.101342 0.480000 18 29 27
-0.086068 -0.101342 0.480000 19 31 23
-0.085003 -0.101553 0.481000 18 30 22
-0.083934 -0.101765 0.482000 16 30 19
-0.081779 -0.102187 0.484000 17 31 20
-0.080694 -0.102398 0.485000 17 31 20
-0.079440 -0.102398 0.485000 17 29 19
-0.078347 -0.102609 0.486000 16 28 18
-0.077091 -0.102609 0.486000 16 30 19
-0.075990 -0.102820 0.487000 15 29 18
-0.074731 -0.102820 0.487000 19 26 18
-0.073471 -0.102820 0.487000 18 25 17
-0.072212 -0.102820 0.487000 15 22 14
-0.070953 -0.102820 0.487000 18 25 17
-0.069694 -0.102820 0.487000 26 36 24
-0.068294 -0.102609 0.486000 59 69 57
-0.061500 -0.101765 0.482000 37 48 44
-0.060004 -0.101342 0.480000 20 31 27
-0.058641 -0.101131 0.479000 18 29 25
-0.057282 -0.100920 0.478000 18 29 25
-0.056046 -0.100920 0.478000 19 30 26
-0.011618 -0.083607 0.396000 60 86 73
-0.009522 -0.083185 0.394000 48 75 57
-0.008482 -0.082974 0.393000 44 71 53
-0.007465 -0.082974 0.393000 36 63 43
-0.006449 -0.082974 0.393000 29 56 36
-0.005433 -0.082974 0.393000 21 48 41
-0.004417 -0.082974 0.393000 15 42 35
-0.003401 -0.082974 0.393000 16 46 49
-0.001365 -0.082763 0.392000 13 45 52
-0.000351 -0.082763 0.392000 13 45 52
0.000662 -0.082763 0.392000 16 50 58
0.001676 -0.082763 0.392000 20 54 62
0.002690 -0.082763 0.392000 26 59 72
0.003703 -0.082763 0.392000 30 63 76
0.011184 -0.085719 0.406000 16 58 73
0.015497 -0.086352 0.409000 16 56 67
0.016554 -0.086352 0.409000 14 54 65
0.017612 -0.086352 0.409000 14 55 63
0.018669 -0.086352 0.409000 15 56 64
0.019727 -0.086352 0.409000 14 55 63
0.020784 -0.086352 0.409000 12 53 61
0.021735 -0.085930 0.407000 10 53 63
0.022732 -0.085719 0.406000 13 56 66
0.023723 -0.085508 0.405000 13 56 66
0.024770 -0.085508 0.405000 14 57 67
0.025753 -0.085296 0.404000 15 55 66
0.026798 -0.085296 0.404000 15 55 66
0.027774 -0.085085 0.403000 15 53 67
0.028744 -0.084874 0.402000 16 54 68
0.029784 -0.084874 0.402000 16 54 68
0.033200 -0.071995 0.341000 12 45 58
0.034081 -0.071995 0.341000 8 40 51
0.034861 -0.071784 0.340000 6 38 49
0.061119 -0.085085 0.403000 20 35 32
0.062161 -0.085085 0.403000 21 36 33
0.063203 -0.085085 0.403000 21 36 35
0.064245 -0.085085 0.403000 23 38 37
0.065287 -0.085085 0.403000 24 41 42
0.066329 -0.085085 0.403000 25 42 43
0.067371 -0.085085 0.403000 25 44 46
0.072761 -0.085296 0.404000 7 30 35
0.073988 -0.085508 0.405000 7 28 34
0.075221 -0.085719 0.406000 7 28 34
0.078563 -0.085930 0.407000 52 47 45
0.079811 -0.086141 0.408000 50 45 43
0.081064 -0.086352 0.409000 51 35 30
0.082122 -0.086352 0.409000 50 34 29
0.083383 -0.086563 0.410000 51 32 28
0.084443 -0.086563 0.410000 55 36 32
0.085503 -0.086563 0.410000 56 52 55
0.086563 -0.086563 0.410000 56 52 55
0.087623 -0.086563 0.410000 34 63 73
0.089962 -0.086774 0.411000 31 70 86
0.091025 -0.086774 0.411000 29 68 84
0.092312 -0.086985 0.412000 25 69 85
0.093604 -0.087197 0.413000 22 66 82
0.094901 -0.087408 0.414000 21 70 87
0.097511 -0.087830 0.416000 14 67 85
0.101464 -0.088463 0.419000 29 82 100
0.103037 -0.088886 0.421000 29 82 102
0.104868 -0.089519 0.424000 28 81 101
0.105964 -0.089519 0.424000 32 85 105
0.107313 -0.089730 0.425000 32 85 105
0.108922 -0.090152 0.427000 31 81 102
0.111650 -0.090575 0.429000 32 82 101
0.112760 -0.090575 0.429000 32 82 101
0.114134 -0.090786 0.430000 35 86 102
0.115246 -0.090786 0.430000 39 90 106
0.116629 -0.090997 0.431000 41 88 105
0.118290 -0.091419 0.433000 38 85 102
0.119133 -0.091208 0.432000 30 76 96
0.120529 -0.091419 0.433000 32 78 98
0.121929 -0.091630 0.434000 36 79 100
-0.314520 -0.092801 0.445000 48 53 43
-0.313369 -0.092801 0.445000 57 62 52
-0.312219 -0.092801 0.445000 25 32 24
-0.311068 -0.092801 0.445000 27 34 26
-0.309917 -0.092801 0.445000 26 35 26
-0.309461 -0.093009 0.446000 29 38 29
-0.308307 -0.093009 0.446000 33 44 40
-0.307154 -0.093009 0.446000 39 50 46
-0.306001 -0.093009 0.446000 34 42 39
-0.304848 -0.093009 0.446000 21 29 26
-0.303695 -0.093009 0.446000 35 41 39
-0.301863 -0.092801 0.445000 120 126 124
-0.300712 -0.092801 0.445000 128 133 123
-0.299562 -0.092801 0.445000 101 106 96
-0.298411 -0.092801 0.445000 43 53 39
-0.297261 -0.092801 0.445000 66 76 62
-0.296110 -0.092801 0.445000 37 52 38
-0.294959 -0.092801 0.445000 29 44 30
-0.293809 -0.092801 0.445000 24 39 23
-0.292658 -0.092801 0.445000 26 41 25
-0.291507 -0.092801 0.445000 33 47 36
-0.304376 -0.098848 0.474000 150 156 158
-0.220568 -0.100308 0.481000 135 136 130
-0.219324 -0.100308 0.481000 137 138 132
-0.218081 -0.100308 0.481000 135 139 132
-0.216837 -0.100308 0.481000 135 139 132
-0.215593 -0.100308 0.481000 135 139 134
-0.214349 -0.100308 0.481000 134 138 133
-0.088366 -0.099891 0.479000 19 30 26
-0.087127 -0.099891 0.479000 19 30 26
-0.086068 -0.100099 0.480000 20 32 22
-0.085003 -0.100308 0.481000 19 31 21
-0.083934 -0.100517 0.482000 22 34 24
-0.081610 -0.100725 0.483000 17 30 17
-0.080528 -0.100934 0.484000 16 29 16
-0.079440 -0.101142 0.485000 16 29 16
-0.078186 -0.101142 0.485000 15 28 15
-0.077091 -0.101351 0.486000 17 29 19
-0.075834 -0.101351 0.486000 15 27 17
-0.074577 -0.101351 0.486000 18 25 17
-0.073321 -0.101351 0.486000 20 27 19
-0.072064 -0.101351 0.486000 32 41 32
-0.070807 -0.101351 0.486000 60 69 60
-0.062747 -0.100517 0.482000 18 30 22
-0.061373 -0.100308 0.481000 23 35 27
-0.060004 -0.100099 0.480000 17 29 21
-0.058641 -0.099891 0.479000 17 29 19
-0.013769 -0.083208 0.399000 17 49 56
-0.011647 -0.082791 0.397000 28 62 59
-0.010594 -0.082582 0.396000 31 65 62
-0.009546 -0.082374 0.395000 28 64 48
-0.008503 -0.082165 0.394000 29 65 49
-0.007484 -0.082165 0.394000 30 62 41
-0.006466 -0.082165 0.394000 31 63 42
-0.005433 -0.081956 0.393000 36 65 45
-0.004417 -0.081956 0.393000 37 66 46
-0.003401 -0.081956 0.393000 33 61 48
-0.002384 -0.081956 0.393000 19 47 34
-0.001368 -0.081956 0.393000 13 43 35
-0.000352 -0.081956 0.393000 10 40 32
0.000664 -0.081956 0.393000 10 41 39
0.001680 -0.081956 0.393000 15 46 44
0.002696 -0.081956 0.393000 17 47 52
0.003713 -0.081956 0.393000 17 47 52
0.004729 -0.081956 0.393000 16 48 57
0.015383 -0.084667 0.406000 19 57 71
0.016433 -0.084667 0.406000 20 58 72
0.017526 -0.084876 0.407000 20 58 70
0.018578 -0.084876 0.407000 20 58 70
0.019630 -0.084876 0.407000 17 57 68
0.020683 -0.084876 0.407000 19 59 70
0.021682 -0.084667 0.406000 17 60 70
0.022676 -0.084459 0.405000 16 59 69
0.023723 -0.084459 0.405000 14 57 67
0.024709 -0.084250 0.404000 13 56 66
0.025690 -0.084042 0.403000 13 56 66
0.026732 -0.084042 0.403000 12 55 65
0.027705 -0.083833 0.402000 12 52 63
0.028744 -0.083833 0.402000 11 51 62
0.029784 -0.083833 0.402000 12 50 62
0.030823 -0.083833 0.402000 12 50 62
0.031863 -0.083833 0.402000 13 46 59
0.032902 -0.083833 0.402000 14 47 60
0.061119 -0.084042 0.403000 19 32 27
0.062161 -0.084042 0.403000 19 32 27
0.063359 -0.084250 0.404000 20 35 32
0.064245 -0.084042 0.403000 23 38 35
0.065287 -0.084042 0.403000 24 42 40
0.066329 -0.084042 0.403000 25 43 41
0.067371 -0.084042 0.403000 28 45 46
0.068413 -0.084042 0.403000 31 48 49
0.069455 -0.084042 0.403000 32 49 50
0.070672 -0.084250 0.404000 31 48 49
0.081263 -0.085502 0.410000 50 36 30
0.082323 -0.085502 0.410000 45 31 25
0.083383 -0.085502 0.410000 46 35 30
0.084443 -0.085502 0.410000 48 37 32
0.085503 -0.085502 0.410000 39 44 49
0.087837 -0.085710 0.411000 24 51 64
0.088900 -0.085710 0.411000 20 47 60
0.089962 -0.085710 0.411000 14 49 64
0.091025 -0.085710 0.411000 18 53 68
0.092536 -0.086127 0.413000 18 56 70
0.093831 -0.086336 0.414000 19 57 71
0.095130 -0.086544 0.415000 16 58 73
0.096203 -0.086544 0.415000 15 57 72
0.097745 -0.086961 0.417000 13 60 75
0.100381 -0.087378 0.419000 13 60 75
0.101706 -0.087587 0.420000 13 60 75
0.103282 -0.088004 0.422000 12 61 78
0.104868 -0.088421 0.424000 10 59 76
0.105964 -0.088421 0.424000 10 60 79
0.107313 -0.088630 0.425000 15 65 84
0.108412 -0.088630 0.425000 14 65 81
0.111390 -0.089255 0.428000 17 67 86
0.112760 -0.089464 0.429000 20 70 89
0.113869 -0.089464 0.429000 20 70 89
0.114978 -0.089464 0.429000 27 77 96
0.116358 -0.089672 0.430000 26 75 92
0.117470 -0.089672 0.430000 28 77 94
0.118858 -0.089881 0.431000 28 76 96
0.120250 -0.090090 0.432000 28 76 96
0.121367 -0.090090 0.432000 29 77 99
0.122484 -0.090090 0.432000 29 77 99
0.123888 -0.090298 0.433000 26 68 85
-0.314520 -0.091648 0.445000 65 70 60
-0.313369 -0.091648 0.445000 51 56 46
-0.312219 -0.091648 0.445000 42 49 41
-0.311068 -0.091648 0.445000 28 35 27
-0.309917 -0.091648 0.445000 24 36 28
-0.308767 -0.091648 0.445000 24 36 28
-0.307616 -0.091648 0.445000 27 38 34
-0.306466 -0.091648 0.445000 36 47 43
-0.305315 -0.091648 0.445000 34 45 41
-0.304164 -0.091648 0.445000 19 30 26
-0.303014 -0.091648 0.445000 20 26 24
-0.301863 -0.091648 0.445000 91 97 95
-0.300712 -0.091648 0.445000 125 132 124
-0.299562 -0.091648 0.445000 108 115 107
-0.298411 -0.091648 0.445000 40 50 36
-0.297261 -0.091648 0.445000 62 72 58
-0.296110 -0.091648 0.445000 44 59 43
-0.294959 -0.091648 0.445000 28 43 27
-0.293809 -0.091648 0.445000 25 38 23
-0.292658 -0.091648 0.445000 27 40 25
-0.291507 -0.091648 0.445000 32 45 32
-0.220109 -0.098857 0.480000 136 137 131
-0.218868 -0.098857 0.480000 137 138 132
-0.218081 -0.099063 0.481000 133 137 130
-0.216837 -0.099063 0.481000 135 139 132
-0.215593 -0.099063 0.481000 135 139 134
-0.214349 -0.099063 0.481000 134 138 133
-0.088181 -0.098445 0.478000 22 31 22
-0.080528 -0.099680 0.484000 15 25 13
-0.079440 -0.099886 0.485000 15 25 13
-0.078186 -0.099886 0.485000 15 25 13
-0.076932 -0.099886 0.485000 15 25 13
-0.075678 -0.099886 0.485000 21 31 19
-0.074577 -0.100092 0.486000 35 42 34
-0.062617 -0.099063 0.481000 13 24 20
-0.061245 -0.098857 0.480000 16 28 20
-0.059879 -0.098651 0.479000 16 28 20
-0.058641 -0.098651 0.479000 18 30 20
-0.014875 -0.082586 0.401000 14 46 57
-0.013804 -0.082381 0.400000 15 47 58
-0.010621 -0.081763 0.397000 15 47 54
-0.009594 -0.081763 0.397000 21 57 55
-0.008546 -0.081557 0.396000 27 63 61
-0.007503 -0.081351 0.395000 26 63 50
-0.006482 -0.081351 0.395000 24 61 48
-0.005447 -0.081145 0.394000 30 62 43
-0.004428 -0.081145 0.394000 38 70 51
-0.003409 -0.081145 0.394000 39 71 52
-0.002384 -0.080939 0.393000 42 74 55
-0.001368 -0.080939 0.393000 38 70 49
-0.000352 -0.080939 0.393000 28 60 39
0.000664 -0.080939 0.393000 21 53 34
0.001680 -0.080939 0.393000 19 51 32
0.002696 -0.080939 0.393000 18 48 40
0.003722 -0.081145 0.394000 14 44 36
0.004741 -0.081145 0.394000 17 46 45
0.010963 -0.081969 0.398000 13 49 57
0.015345 -0.083410 0.405000 18 54 64
0.017483 -0.083616 0.406000 20 56 66
0.018532 -0.083616 0.406000 20 56 66
0.019582 -0.083616 0.406000 16 54 66
0.020632 -0.083616 0.406000 16 54 66
0.021628 -0.083410 0.405000 12 50 62
0.022676 -0.083410 0.405000 11 49 61
0.023664 -0.083204 0.404000 11 51 62
0.024648 -0.082998 0.403000 9 49 60
0.025626 -0.082792 0.402000 8 48 59
0.026665 -0.082792 0.402000 9 49 60
0.027705 -0.082792 0.402000 10 48 60
0.028744 -0.082792 0.402000 9 47 59
0.029784 -0.082792 0.402000 10 44 54
0.030746 -0.082586 0.401000 16 50 60
0.031783 -0.082586 0.401000 16 40 50
0.032902 -0.082792 0.402000 16 40 50
0.033941 -0.082792 0.402000 18 43 50
0.034981 -0.082792 0.402000 22 47 54
0.036020 -0.082792 0.402000 32 59 68
0.037060 -0.082792 0.402000 21 48 57
0.061270 -0.083204 0.404000 22 35 30
0.062315 -0.083204 0.404000 21 34 29
0.063359 -0.083204 0.404000 19 34 29
0.064404 -0.083204 0.404000 20 35 30
0.065449 -0.083204 0.404000 20 38 34
0.066493 -0.083204 0.404000 20 38 34
0.067538 -0.083204 0.404000 22 40 38
0.068583 -0.083204 0.404000 25 43 41
0.069627 -0.083204 0.404000 27 44 45
0.070672 -0.083204 0.404000 32 49 50
0.071894 -0.083410 0.405000 38 55 56
0.073121 -0.083616 0.406000 40 57 58
0.074171 -0.083616 0.406000 28 41 40
0.075406 -0.083822 0.407000 33 46 45
0.083383 -0.084440 0.410000 38 33 31
0.084443 -0.084440 0.410000 40 35 33
0.086774 -0.084646 0.411000 26 38 44
0.087837 -0.084646 0.411000 14 41 52
0.088900 -0.084646 0.411000 17 44 55
0.089962 -0.084646 0.411000 15 46 60
0.091247 -0.084852 0.412000 18 49 63
0.092536 -0.085058 0.413000 14 49 62
0.093831 -0.085264 0.414000 14 49 62
0.095130 -0.085470 0.415000 15 53 65
0.096435 -0.085676 0.416000 13 51 63
0.097980 -0.086088 0.418000 14 54 67
0.100381 -0.086294 0.419000 13 55 70
0.101706 -0.086500 0.420000 14 56 71
0.103282 -0.086911 0.422000 11 58 75
0.104868 -0.087323 0.424000 10 57 74
0.105964 -0.087323 0.424000 11 58 75
0.107313 -0.087529 0.425000 12 59 76
0.108412 -0.087529 0.425000 13 60 77
0.110026 -0.087941 0.427000 13 60 77
0.112497 -0.088147 0.428000 12 59 76
0.113869 -0.088353 0.429000 11 58 75
0.114978 -0.088353 0.429000 16 63 80
0.116088 -0.088353 0.429000 21 65 81
0.117470 -0.088559 0.430000 23 67 83
0.118582 -0.088559 0.430000 23 67 83
0.119972 -0.088765 0.431000 25 69 85
0.121086 -0.088765 0.431000 24 71 88
0.122484 -0.088971 0.432000 27 74 91
0.123888 -0.089177 0.433000 30 74 92
-0.313369 -0.090496 0.445000 48 53 43
-0.312219 -0.090496 0.445000 55 64 57
-0.311068 -0.090496 0.445000 31 40 33
-0.309917 -0.090496 0.445000 23 34 30
-0.308767 -0.090496 0.445000 22 33 29
-0.307616 -0.090496 0.445000 23 34 32
-0.306466 -0.090496 0.445000 31 42 40
-0.305315 -0.090496 0.445000 36 47 43
-0.304164 -0.090496 0.445000 24 35 31
-0.303014 -0.090496 0.445000 15 26 22
-0.301863 -0.090496 0.445000 43 54 50
-0.300712 -0.090496 0.445000 120 129 122
-0.299562 -0.090496 0.445000 124 133 126
-0.298411 -0.090496 0.445000 46 56 44
-0.297261 -0.090496 0.445000 56 66 54
-0.296110 -0.090496 0.445000 51 64 51
-0.294959 -0.090496 0.445000 29 42 29
-0.293148 -0.090293 0.444000 26 39 24
-0.292658 -0.090496 0.445000 27 40 25
-0.290852 -0.090293 0.444000 28 43 29
-0.289704 -0.090293 0.444000 32 47 33
-0.220109 -0.097614 0.480000 135 140 130
-0.218868 -0.097614 0.480000 137 142 132
-0.217627 -0.097614 0.480000 133 138 128
-0.216386 -0.097614 0.480000 135 140 130
-0.215145 -0.097614 0.480000 136 140 133
-0.066899 -0.098631 0.485000 22 31 24
-0.014875 -0.081548 0.401000 15 45 50
-0.013804 -0.081345 0.400000 14 46 55
-0.012706 -0.080938 0.398000 13 45 54
-0.011647 -0.080735 0.397000 15 47 56
-0.010621 -0.080735 0.397000 16 48 57
-0.009594 -0.080735 0.397000 15 49 55
-0.008546 -0.080531 0.396000 17 51 57
-0.007522 -0.080531 0.396000 12 49 52
-0.006482 -0.080328 0.395000 17 54 57
-0.005461 -0.080328 0.395000 23 57 52
-0.004428 -0.080125 0.394000 31 65 60
-0.003409 -0.080125 0.394000 34 64 54
-0.002391 -0.080125 0.394000 32 62 52
-0.001372 -0.080125 0.394000 28 60 41
-0.000353 -0.080125 0.394000 28 60 41
0.000666 -0.080125 0.394000 31 63 42
0.002703 -0.080125 0.394000 32 60 45
0.003731 -0.080328 0.395000 33 61 46
0.004765 -0.080531 0.396000 33 60 51
0.007856 -0.080735 0.397000 21 48 43
0.009959 -0.081141 0.399000 16 45 42
0.011046 -0.081548 0.401000 15 46 46
0.013153 -0.081752 0.402000 14 47 51
0.014227 -0.081955 0.403000 14 47 51
0.015307 -0.082158 0.404000 14 46 53
0.016352 -0.082158 0.404000 11 43 50
0.018487 -0.082362 0.405000 12 46 54
0.019534 -0.082362 0.405000 10 46 56
0.020581 -0.082362 0.405000 11 47 57
0.021575 -0.082158 0.404000 8 44 54
0.022564 -0.081955 0.403000 8 44 54
0.023606 -0.081955 0.403000 11 47 57
0.024586 -0.081752 0.402000 11 47 57
0.025626 -0.081752 0.402000 7 43 53
0.026665 -0.081752 0.402000 6 42 52
0.027636 -0.081548 0.401000 9 43 53
0.028673 -0.081548 0.401000 10 44 54
0.029710 -0.081548 0.401000 15 47 56
0.030746 -0.081548 0.401000 30 62 71
0.031783 -0.081548 0.401000 33 61 67
0.032902 -0.081752 0.402000 30 58 64
0.033941 -0.081752 0.402000 22 47 54
0.034981 -0.081752 0.402000 20 45 52
0.036020 -0.081752 0.402000 9 38 46
0.037060 -0.081752 0.402000 8 37 45
0.038099 -0.081752 0.402000 9 38 48
0.039139 -0.081752 0.402000 11 40 50
0.040178 -0.081752 0.402000 12 41 53
0.061270 -0.082158 0.404000 23 38 35
0.062315 -0.082158 0.404000 21 36 33
0.063359 -0.082158 0.404000 20 35 32
0.064404 -0.082158 0.404000 20 35 32
0.065449 -0.082158 0.404000 19 37 33
0.066493 -0.082158 0.404000 20 38 34
0.067538 -0.082158 0.404000 21 39 37
0.068583 -0.082158 0.404000 22 40 38
0.069800 -0.082362 0.405000 25 43 41
0.070847 -0.082362 0.405000 26 44 42
0.071894 -0.082362 0.405000 34 48 50
0.073121 -0.082565 0.406000 37 51 53
0.074171 -0.082565 0.406000 38 53 52
0.075591 -0.082972 0.408000 40 55 54
0.076834 -0.083175 0.409000 46 54 53
0.077892 -0.083175 0.409000 45 53 52
0.087837 -0.083582 0.411000 12 39 50
0.088900 -0.083582 0.411000 13 40 51
0.090181 -0.083785 0.412000 14 46 57
0.091247 -0.083785 0.412000 16 48 59
0.092536 -0.083989 0.413000 15 48 61
0.094057 -0.084395 0.415000 17 50 63
0.095130 -0.084395 0.415000 15 50 63
0.096435 -0.084599 0.416000 18 53 66
0.097980 -0.085005 0.418000 17 57 68
0.100381 -0.085209 0.419000 13 55 72
0.101706 -0.085412 0.420000 8 50 67
0.103282 -0.085819 0.422000 3 50 67
0.104868 -0.086226 0.424000 4 51 68
0.105964 -0.086226 0.424000 5 52 69
0.107313 -0.086429 0.425000 9 56 73
0.108412 -0.086429 0.425000 8 52 70
0.109768 -0.086632 0.426000 7 51 69
0.111130 -0.086836 0.427000 6 50 68
0.113604 -0.087039 0.428000 12 56 74
0.114978 -0.087242 0.429000 16 60 78
0.116088 -0.087242 0.429000 22 62 75
0.117197 -0.087242 0.429000 19 59 72
0.118582 -0.087446 0.430000 23 61 73
0.119694 -0.087446 0.430000 23 61 73
0.121086 -0.087649 0.431000 23 63 76
0.122484 -0.087852 0.432000 25 65 78
0.123888 -0.088056 0.433000 24 66 81
0.125007 -0.088056 0.433000 27 69 84
-0.313369 -0.089344 0.445000 67 69 60
-0.312219 -0.089344 0.445000 45 57 47
-0.311068 -0.089344 0.445000 40 52 42
-0.309917 -0.089344 0.445000 22 35 30
-0.308767 -0.089344 0.445000 22 35 30
-0.307616 -0.089344 0.445000 25 36 32
-0.306466 -0.089344 0.445000 26 37 33
-0.305315 -0.089344 0.445000 30 44 35
-0.304164 -0.089344 0.445000 31 45 36
-0.303014 -0.089344 0.445000 22 35 30
-0.301863 -0.089344 0.445000 19 32 27
-0.300712 -0.089344 0.445000 89 97 96
-0.299562 -0.089344 0.445000 123 131 130
-0.298411 -0.089344 0.445000 75 84 75
-0.296593 -0.089143 0.444000 54 63 54
-0.295444 -0.089143 0.444000 67 76 67
-0.294296 -0.089143 0.444000 33 42 33
-0.293148 -0.089143 0.444000 27 39 29
-0.292000 -0.089143 0.444000 26 38 28
-0.290852 -0.089143 0.444000 28 42 31
-0.289704 -0.089143 0.444000 31 45 34
-0.218868 -0.096371 0.480000 138 143 133
-0.217627 -0.096371 0.480000 135 140 130
-0.216386 -0.096371 0.480000 135 140 130
-0.215145 -0.096371 0.480000 136 140 133
-0.092387 -0.093962 0.468000 25 34 25
-0.045108 -0.064448 0.321000 30 43 38
-0.044278 -0.064448 0.321000 14 22 19
-0.043312 -0.064247 0.320000 19 27 24
-0.013804 -0.080309 0.400000 16 44 48
-0.012738 -0.080108 0.399000 14 42 46
-0.011677 -0.079908 0.398000 13 45 54
-0.010621 -0.079707 0.397000 14 46 55
-0.009594 -0.079707 0.397000 15 47 56
-0.008568 -0.079707 0.397000 15 47 56
-0.007522 -0.079506 0.396000 12 46 54
-0.006498 -0.079506 0.396000 12 46 54
-0.005474 -0.079506 0.396000 15 49 55
-0.004451 -0.079506 0.396000 16 50 56
-0.003418 -0.079305 0.395000 20 53 57
-0.000353 -0.079105 0.394000 24 58 55
0.000666 -0.079105 0.394000 27 59 50
0.001689 -0.079305 0.395000 29 61 52
0.003731 -0.079305 0.395000 31 61 51
0.004753 -0.079305 0.395000 27 57 49
0.005789 -0.079506 0.396000 26 56 48
0.006830 -0.079707 0.397000 27 57 49
0.007856 -0.079707 0.397000 27 57 49
0.008905 -0.079908 0.398000 25 55 49
0.010991 -0.080108 0.399000 23 54 50
0.012053 -0.080309 0.400000 23 54 50
0.013120 -0.080510 0.401000 22 53 51
0.014157 -0.080510 0.401000 20 51 49
0.015231 -0.080711 0.402000 16 50 49
0.017353 -0.080911 0.403000 12 47 50
0.019437 -0.080911 0.403000 9 43 49
0.020479 -0.080911 0.403000 9 43 49
0.021468 -0.080711 0.402000 7 41 49
0.022508 -0.080711 0.402000 6 40 48
0.023547 -0.080711 0.402000 7 41 49
0.024586 -0.080711 0.402000 8 42 50
0.025562 -0.080510 0.401000 5 41 49
0.026599 -0.080510 0.401000 4 40 48
0.027636 -0.080510 0.401000 7 41 51
0.028673 -0.080510 0.401000 7 41 51
0.029710 -0.080510 0.401000 8 42 50
0.030746 -0.080510 0.401000 8 42 50
0.031783 -0.080510 0.401000 10 42 49
0.032902 -0.080711 0.402000 13 45 52
0.033941 -0.080711 0.402000 15 44 52
0.034981 -0.080711 0.402000 15 44 52
0.036020 -0.080711 0.402000 14 46 57
0.037060 -0.080711 0.402000 15 47 58
0.038099 -0.080711 0.402000 16 48 59
0.039139 -0.080711 0.402000 16 48 59
0.040278 -0.080911 0.403000 16 48 59
0.041320 -0.080911 0.403000 16 48 59
0.057993 -0.080911 0.403000 24 52 56
0.059181 -0.081112 0.404000 27 51 51
0.060077 -0.080911 0.403000 30 54 54
0.061270 -0.081112 0.404000 27 47 44
0.062315 -0.081112 0.404000 24 44 41
0.063359 -0.081112 0.404000 24 42 40
0.064404 -0.081112 0.404000 21 39 37
0.065449 -0.081112 0.404000 20 38 36
0.066493 -0.081112 0.404000 20 38 36
0.067538 -0.081112 0.404000 21 39 35
0.068583 -0.081112 0.404000 20 38 34
0.069627 -0.081112 0.404000 22 40 36
0.070847 -0.081313 0.405000 24 42 38
0.071894 -0.081313 0.405000 29 47 43
0.073121 -0.081514 0.406000 31 49 45
0.074354 -0.081715 0.407000 33 51 49
0.075591 -0.081915 0.408000 35 53 51
0.076834 -0.082116 0.409000 41 56 55
0.077892 -0.082116 0.409000 44 59 58
0.079142 -0.082317 0.410000 47 58 56
0.080202 -0.082317 0.410000 45 56 54
0.088900 -0.082518 0.411000 12 39 48
0.090181 -0.082718 0.412000 11 43 54
0.091468 -0.082919 0.413000 15 47 58
0.092760 -0.083120 0.414000 16 48 59
0.094057 -0.083321 0.415000 17 49 60
0.095359 -0.083522 0.416000 15 51 61
0.096667 -0.083722 0.417000 18 54 64
0.099297 -0.084124 0.419000 18 56 68
0.100620 -0.084325 0.420000 21 61 74
0.101948 -0.084525 0.421000 26 66 79
0.103282 -0.084726 0.422000 27 69 86
0.104868 -0.085128 0.424000 28 70 87
0.105964 -0.085128 0.424000 28 72 88
0.107060 -0.085128 0.424000 23 67 83
0.108412 -0.085328 0.425000 21 65 81
0.109511 -0.085328 0.425000 20 64 80
0.110870 -0.085529 0.426000 16 60 76
0.112234 -0.085730 0.427000 14 58 74
0.114710 -0.085931 0.428000 12 54 71
0.116088 -0.086132 0.429000 13 51 63
0.117197 -0.086132 0.429000 17 55 67
0.118582 -0.086332 0.430000 24 56 63
0.119694 -0.086332 0.430000 25 57 64
0.121086 -0.086533 0.431000 32 60 66
0.122484 -0.086734 0.432000 32 60 66
0.123888 -0.086935 0.433000 29 63 71
0.125296 -0.087135 0.434000 27 61 69
-0.312219 -0.088192 0.445000 36 48 38
-0.310369 -0.087994 0.444000 44 56 46
-0.309917 -0.088192 0.445000 29 42 37
-0.308767 -0.088192 0.445000 24 37 32
-0.307616 -0.088192 0.445000 25 37 29
-0.306466 -0.088192 0.445000 25 37 29
-0.305315 -0.088192 0.445000 25 39 30
-0.304164 -0.088192 0.445000 32 46 37
-0.303014 -0.088192 0.445000 28 42 33
-0.301863 -0.088192 0.445000 19 33 24
-0.300712 -0.088192 0.445000 49 57 58
-0.299562 -0.088192 0.445000 112 120 121
-0.297741 -0.087994 0.444000 105 114 107
-0.296593 -0.087994 0.444000 43 52 45
-0.295444 -0.087994 0.444000 66 75 66
-0.294296 -0.087994 0.444000 47 56 47
-0.293148 -0.087994 0.444000 29 41 31
-0.292000 -0.087994 0.444000 27 39 29
-0.290852 -0.087994 0.444000 29 43 32
-0.289704 -0.087994 0.444000 29 43 32
-0.288556 -0.087994 0.444000 32 46 37
-0.219651 -0.094930 0.479000 137 142 132
-0.218412 -0.094930 0.479000 137 142 132
-0.217174 -0.094930 0.479000 136 141 131
-0.215935 -0.094930 0.479000 136 141 131
-0.214697 -0.094930 0.479000 135 139 132
-0.096812 -0.092354 0.466000 16 29 24
-0.095402 -0.092155 0.465000 20 28 25
-0.094402 -0.092354 0.466000 22 30 27
-0.046913 -0.063815 0.322000 53 65 57
-0.046081 -0.063815 0.322000 32 45 42
-0.043448 -0.063617 0.321000 17 29 21
-0.042485 -0.063419 0.320000 19 28 21
-0.011677 -0.078877 0.398000 16 41 46
-0.010648 -0.078877 0.398000 15 40 45
-0.009594 -0.078679 0.397000 13 42 52
-0.008568 -0.078679 0.397000 13 42 52
-0.007541 -0.078679 0.397000 13 45 54
-0.006515 -0.078679 0.397000 13 45 54
-0.005488 -0.078679 0.397000 11 43 54
-0.004462 -0.078679 0.397000 11 43 54
-0.003427 -0.078481 0.396000 15 47 56
-0.002403 -0.078481 0.396000 18 50 59
-0.001379 -0.078481 0.396000 16 48 57
-0.000355 -0.078481 0.396000 16 48 57
0.001693 -0.078481 0.396000 20 49 57
0.002717 -0.078481 0.396000 22 52 55
0.003741 -0.078481 0.396000 17 47 50
0.004765 -0.078481 0.396000 19 50 50
0.005803 -0.078679 0.397000 18 49 49
0.006830 -0.078679 0.397000 19 50 48
0.007856 -0.078679 0.397000 19 50 48
0.008883 -0.078679 0.397000 18 49 47
0.009934 -0.078877 0.398000 20 51 49
0.012023 -0.079075 0.399000 20 51 51
0.013087 -0.079273 0.400000 20 51 51
0.014157 -0.079472 0.401000 20 51 51
0.015194 -0.079472 0.401000 16 50 49
0.016230 -0.079472 0.401000 15 49 48
0.017310 -0.079670 0.402000 12 47 50
0.018350 -0.079670 0.402000 9 44 47
0.019389 -0.079670 0.402000 7 43 49
0.020429 -0.079670 0.402000 7 43 49
0.021415 -0.079472 0.401000 4 40 48
0.022452 -0.079472 0.401000 4 40 48
0.023488 -0.079472 0.401000 6 42 52
0.024525 -0.079472 0.401000 7 43 53
0.025562 -0.079472 0.401000 7 43 53
0.026599 -0.079472 0.401000 10 46 56
0.027636 -0.079472 0.401000 8 44 54
0.028673 -0.079472 0.401000 7 43 53
0.029710 -0.079472 0.401000 10 44 54
0.030746 -0.079472 0.401000 10 44 54
0.031783 -0.079472 0.401000 10 44 52
0.032820 -0.079472 0.401000 14 48 56
0.033941 -0.079670 0.402000 14 48 56
0.034981 -0.079670 0.402000 14 48 56
0.036020 -0.079670 0.402000 15 49 59
0.037060 -0.079670 0.402000 14 48 58
0.038099 -0.079670 0.402000 15 47 58
0.039236 -0.079868 0.403000 14 46 57
0.040278 -0.079868 0.403000 16 48 59
0.041320 -0.079868 0.403000 11 43 54
0.042362 -0.079868 0.403000 8 40 51
0.043404 -0.079868 0.403000 7 39 50
0.047454 -0.079670 0.402000 7 41 51
0.048494 -0.079670 0.402000 7 41 51
0.049533 -0.079670 0.402000 10 44 54
0.050573 -0.079670 0.402000 13 47 57
0.057993 -0.079868 0.403000 24 53 61
0.059035 -0.079868 0.403000 27 51 51
0.060077 -0.079868 0.403000 32 56 56
0.061119 -0.079868 0.403000 41 59 57
0.064404 -0.080066 0.404000 25 38 37
0.065449 -0.080066 0.404000 25 43 41
0.066493 -0.080066 0.404000 24 42 40
0.067538 -0.080066 0.404000 24 42 40
0.068583 -0.080066 0.404000 21 39 37
0.074171 -0.080463 0.406000 31 49 47
0.075406 -0.080661 0.407000 32 50 48
0.076834 -0.081057 0.409000 35 53 51
0.077892 -0.081057 0.409000 38 56 54
0.079142 -0.081255 0.410000 44 57 54
0.080202 -0.081255 0.410000 45 58 55
0.081263 -0.081255 0.410000 45 58 53
0.082323 -0.081255 0.410000 46 59 54
0.083383 -0.081255 0.410000 40 55 52
0.084443 -0.081255 0.410000 36 51 48
0.091468 -0.081850 0.413000 14 41 52
0.092760 -0.082048 0.414000 13 42 52
0.094057 -0.082246 0.415000 12 41 51
0.108412 -0.084228 0.425000 29 67 81
0.110870 -0.084426 0.426000 22 62 75
0.116088 -0.085021 0.429000 34 68 74
0.117197 -0.085021 0.429000 19 53 59
0.118582 -0.085219 0.430000 22 47 52
0.119694 -0.085219 0.430000 7 32 37
0.121086 -0.085417 0.431000 39 61 62
0.122484 -0.085615 0.432000 50 72 73
-0.311517 -0.086844 0.444000 53 65 55
-0.310369 -0.086844 0.444000 44 56 46
-0.309221 -0.086844 0.444000 38 53 48
-0.308073 -0.086844 0.444000 23 38 33
-0.307616 -0.087040 0.445000 22 36 27
-0.306466 -0.087040 0.445000 18 32 23
-0.305315 -0.087040 0.445000 23 35 25
-0.304164 -0.087040 0.445000 30 42 32
-0.303014 -0.087040 0.445000 29 43 32
-0.301863 -0.087040 0.445000 25 39 28
-0.300712 -0.087040 0.445000 24 32 29
-0.298889 -0.086844 0.444000 74 82 79
-0.297741 -0.086844 0.444000 113 121 118
-0.296593 -0.086844 0.444000 50 58 55
-0.295444 -0.086844 0.444000 64 73 66
-0.294296 -0.086844 0.444000 57 66 59
-0.293148 -0.086844 0.444000 26 38 28
-0.292000 -0.086844 0.444000 26 38 28
-0.290852 -0.086844 0.444000 26 40 29
-0.289704 -0.086844 0.444000 29 43 32
-0.219651 -0.093690 0.479000 136 141 131
-0.215935 -0.093690 0.479000 134 141 133
-0.214697 -0.093690 0.479000 134 141 133
-0.099222 -0.091147 0.466000 23 35 27
-0.097596 -0.090756 0.464000 24 36 28
-0.096188 -0.090560 0.463000 23 35 27
-0.094786 -0.090365 0.462000 23 35 27
-0.093591 -0.090365 0.462000 22 34 26
-0.047746 -0.062981 0.322000 56 64 61
-0.046913 -0.062981 0.322000 29 37 34
-0.046081 -0.062981 0.322000 20 31 29
-0.043448 -0.062786 0.321000 18 29 25
-0.042485 -0.062590 0.320000 17 29 21
-0.041658 -0.062590 0.320000 15 27 19
-0.025200 -0.093690 0.479000 28 55 24
-0.023961 -0.093690 0.479000 30 57 26
-0.022723 -0.093690 0.479000 31 58 27
-0.007541 -0.077651 0.397000 9 37 43
-0.006515 -0.077651 0.397000 14 42 48
-0.005488 -0.077651 0.397000 13 42 50
-0.004462 -0.077651 0.397000 13 42 50
-0.003435 -0.077651 0.397000 12 41 51
-0.002409 -0.077651 0.397000 13 42 52
-0.001382 -0.077651 0.397000 15 44 56
-0.000356 -0.077651 0.397000 15 44 56
0.000671 -0.077651 0.397000 14 46 57
0.001697 -0.077651 0.397000 15 47 58
0.002724 -0.077651 0.397000 15 47 54
0.003750 -0.077651 0.397000 13 45 52
0.004777 -0.077651 0.397000 14 46 53
0.005803 -0.077651 0.397000 13 45 52
0.006830 -0.077651 0.397000 13 46 50
0.007856 -0.077651 0.397000 13 46 50
0.008883 -0.077651 0.397000 15 48 52
0.009934 -0.077847 0.398000 16 49 53
0.012023 -0.078042 0.399000 10 43 47
0.013054 -0.078042 0.399000 10 43 47
0.014121 -0.078238 0.400000 9 42 46
0.015194 -0.078433 0.401000 11 44 48
0.016230 -0.078433 0.401000 11 44 48
0.017267 -0.078433 0.401000 9 44 47
0.018304 -0.078433 0.401000 10 45 48
0.019341 -0.078433 0.401000 8 44 52
0.020378 -0.078433 0.401000 10 46 54
0.021415 -0.078433 0.401000 7 43 51
0.022452 -0.078433 0.401000 10 46 54
0.023488 -0.078433 0.401000 8 44 54
0.024525 -0.078433 0.401000 8 44 54
0.025562 -0.078433 0.401000 11 47 57
0.026599 -0.078433 0.401000 12 48 58
0.027636 -0.078433 0.401000 12 48 58
0.028673 -0.078433 0.401000 12 48 58
0.029710 -0.078433 0.401000 12 48 58
0.030746 -0.078433 0.401000 13 49 59
0.031783 -0.078433 0.401000 15 49 57
0.032820 -0.078433 0.401000 14 48 56
0.033941 -0.078629 0.402000 13 47 55
0.034981 -0.078629 0.402000 13 47 55
0.036020 -0.078629 0.402000 14 48 56
0.037060 -0.078629 0.402000 14 48 56
0.038099 -0.078629 0.402000 14 46 55
0.039236 -0.078825 0.403000 13 45 54
0.040278 -0.078825 0.403000 11 43 52
0.041320 -0.078825 0.403000 9 41 50
0.042362 -0.078825 0.403000 7 39 48
0.043512 -0.079020 0.404000 9 41 50
0.048494 -0.078629 0.402000 14 48 56
0.049533 -0.078629 0.402000 15 49 57
0.050573 -0.078629 0.402000 16 50 60
0.051612 -0.078629 0.402000 17 51 61
0.052651 -0.078629 0.402000 15 49 59
0.081263 -0.080194 0.410000 42 55 50
0.082323 -0.080194 0.410000 42 55 50
0.083383 -0.080194 0.410000 51 64 59
0.084443 -0.080194 0.410000 45 58 53
0.086774 -0.080389 0.411000 31 48 51
0.087837 -0.080389 0.411000 24 46 49
0.123717 -0.094863 0.485000 39 61 71
0.124971 -0.094863 0.485000 39 61 71
-0.311517 -0.085694 0.444000 100 112 102
-0.310369 -0.085694 0.444000 38 50 40
-0.309221 -0.085694 0.444000 49 62 57
-0.308073 -0.085694 0.444000 35 48 43
-0.306925 -0.085694 0.444000 22 34 26
-0.305777 -0.085694 0.444000 22 34 26
-0.304629 -0.085694 0.444000 24 37 24
-0.303481 -0.085694 0.444000 24 37 24
-0.302333 -0.085694 0.444000 29 42 29
-0.301185 -0.085694 0.444000 26 39 26
-0.300037 -0.085694 0.444000 17 25 22
-0.298889 -0.085694 0.444000 38 46 43
-0.297741 -0.085694 0.444000 102 113 113
-0.296593 -0.085694 0.444000 58 69 69
-0.295444 -0.085694 0.444000 47 59 51
-0.294296 -0.085694 0.444000 57 69 61
-0.293148 -0.085694 0.444000 34 46 36
-0.292000 -0.085694 0.444000 31 43 33
-0.290852 -0.085694 0.444000 29 43 32
-0.289704 -0.085694 0.444000 28 42 31
-0.288556 -0.085694 0.444000 30 44 35
-0.219192 -0.092256 0.478000 136 141 131
-0.217956 -0.092256 0.478000 136 141 131
-0.215484 -0.092256 0.478000 135 142 134
-0.214248 -0.092256 0.478000 134 141 135
-0.109735 -0.091677 0.475000 88 92 87
-0.103057 -0.090133 0.467000 46 53 47
-0.101631 -0.089940 0.466000 29 36 30
-0.098583 -0.089361 0.463000 26 35 26
-0.097175 -0.089168 0.462000 25 37 27
-0.095773 -0.088975 0.461000 25 37 27
-0.094581 -0.088975 0.461000 24 36 26
-0.093389 -0.088975 0.461000 19 31 21
-0.092197 -0.088975 0.461000 19 32 19
-0.048730 -0.062341 0.323000 57 66 57
-0.047746 -0.062148 0.322000 33 42 33
-0.046913 -0.062148 0.322000 19 28 19
-0.046081 -0.062148 0.322000 21 29 26
-0.045248 -0.062148 0.322000 20 28 25
-0.044278 -0.061955 0.321000 19 27 24
-0.043448 -0.061955 0.321000 19 27 24
-0.042618 -0.061955 0.321000 19 28 21
-0.041658 -0.061762 0.320000 19 28 21
-0.027677 -0.092449 0.479000 31 55 23
-0.026439 -0.092449 0.479000 32 56 26
-0.025200 -0.092449 0.479000 32 56 26
-0.023961 -0.092449 0.479000 31 55 27
-0.022723 -0.092449 0.479000 34 58 30
-0.021484 -0.092449 0.479000 42 60 37
-0.004462 -0.076623 0.397000 16 35 39
-0.003435 -0.076623 0.397000 14 37 44
-0.002409 -0.076623 0.397000 16 39 46
-0.001382 -0.076623 0.397000 13 37 47
-0.000356 -0.076623 0.397000 15 39 49
0.000671 -0.076623 0.397000 18 42 54
0.001697 -0.076623 0.397000 20 44 56
0.002724 -0.076623 0.397000 16 45 53
0.003750 -0.076623 0.397000 16 45 53
0.004777 -0.076623 0.397000 14 46 53
0.005803 -0.076623 0.397000 15 47 54
0.006830 -0.076623 0.397000 14 46 55
0.007856 -0.076623 0.397000 15 47 56
0.008905 -0.076816 0.398000 15 47 56
0.009934 -0.076816 0.398000 14 46 55
0.010963 -0.076816 0.398000 13 45 52
0.013054 -0.077009 0.399000 14 46 53
0.014086 -0.077009 0.399000 15 47 54
0.015156 -0.077202 0.400000 17 46 54
0.016190 -0.077202 0.400000 15 44 52
0.017267 -0.077395 0.401000 13 45 52
0.018304 -0.077395 0.401000 14 46 53
0.019341 -0.077395 0.401000 14 48 56
0.020378 -0.077395 0.401000 14 48 56
0.021415 -0.077395 0.401000 12 48 56
0.022452 -0.077395 0.401000 12 48 56
0.023488 -0.077395 0.401000 12 48 58
0.024525 -0.077395 0.401000 12 48 58
0.025562 -0.077395 0.401000 14 48 56
0.026599 -0.077395 0.401000 13 47 55
0.027636 -0.077395 0.401000 12 46 54
0.028673 -0.077395 0.401000 12 46 54
0.029710 -0.077395 0.401000 13 45 54
0.030746 -0.077395 0.401000 14 46 55
0.031783 -0.077395 0.401000 17 47 52
0.032820 -0.077395 0.401000 16 46 51
0.033941 -0.077588 0.402000 16 46 51
0.034981 -0.077588 0.402000 16 46 51
0.036020 -0.077588 0.402000 16 46 51
0.037060 -0.077588 0.402000 13 43 48
0.038194 -0.077781 0.403000 15 44 52
0.039236 -0.077781 0.403000 12 41 49
0.040278 -0.077781 0.403000 13 40 49
0.041320 -0.077781 0.403000 14 41 50
0.042467 -0.077974 0.404000 15 44 52
0.043512 -0.077974 0.404000 16 45 53
0.044556 -0.077974 0.404000 14 46 53
0.045488 -0.077781 0.403000 15 47 54
0.046530 -0.077781 0.403000 16 48 55
0.047454 -0.077588 0.402000 17 49 56
0.048494 -0.077588 0.402000 22 51 59
0.049533 -0.077588 0.402000 18 47 55
0.050573 -0.077588 0.402000 20 49 57
0.080202 -0.079132 0.410000 37 50 47
0.081263 -0.079132 0.410000 39 52 47
0.082323 -0.079132 0.410000 39 52 47
0.083383 -0.079132 0.410000 38 51 46
0.084443 -0.079132 0.410000 36 49 44
0.085503 -0.079132 0.410000 34 49 48
0.087837 -0.079325 0.411000 27 44 45
0.088900 -0.079325 0.411000 25 42 43
0.128733 -0.093608 0.485000 9 33 35
0.129987 -0.093608 0.485000 7 31 33
0.131241 -0.093608 0.485000 11 33 34
0.132495 -0.093608 0.485000 12 34 35
-0.310369 -0.084545 0.444000 62 69 61
-0.309221 -0.084545 0.444000 38 52 43
-0.308073 -0.084545 0.444000 51 65 56
-0.306925 -0.084545 0.444000 27 39 31
-0.305777 -0.084545 0.444000 23 35 27
-0.304629 -0.084545 0.444000 24 37 24
-0.303481 -0.084545 0.444000 23 36 23
-0.302333 -0.084545 0.444000 29 42 29
-0.301185 -0.084545 0.444000 29 42 29
-0.300037 -0.084545 0.444000 23 34 30
-0.298889 -0.084545 0.444000 18 29 25
-0.297741 -0.084545 0.444000 65 78 77
-0.296593 -0.084545 0.444000 86 99 98
-0.295444 -0.084545 0.444000 41 52 50
-0.294296 -0.084545 0.444000 58 69 67
-0.292488 -0.084354 0.443000 49 63 54
-0.292000 -0.084545 0.444000 32 46 37
-0.290197 -0.084354 0.443000 28 41 36
-0.289052 -0.084354 0.443000 24 37 32
-0.287906 -0.084354 0.443000 28 42 33
-0.219192 -0.091019 0.478000 138 142 135
-0.109042 -0.089876 0.472000 31 40 33
-0.105472 -0.088924 0.467000 33 41 38
-0.104041 -0.088734 0.466000 27 35 32
-0.102395 -0.088353 0.464000 24 33 24
-0.100977 -0.088163 0.463000 25 34 25
-0.099349 -0.087782 0.461000 26 35 26
-0.098157 -0.087782 0.461000 26 35 26
-0.096965 -0.087782 0.461000 25 37 27
-0.095565 -0.087591 0.460000 23 35 25
-0.094376 -0.087591 0.460000 22 34 24
-0.093186 -0.087591 0.460000 19 31 21
-0.091997 -0.087591 0.460000 17 30 17
-0.049565 -0.061504 0.323000 53 63 51
-0.048730 -0.061504 0.323000 22 32 20
-0.047894 -0.061504 0.323000 18 25 17
-0.046913 -0.061314 0.322000 21 28 20
-0.046081 -0.061314 0.322000 19 28 19
-0.045248 -0.061314 0.322000 18 27 18
-0.044416 -0.061314 0.322000 18 27 20
-0.043583 -0.061314 0.322000 19 28 21
-0.030154 -0.091209 0.479000 28 53 18
-0.028916 -0.091209 0.479000 34 56 27
-0.027677 -0.091209 0.479000 38 60 31
-0.026439 -0.091209 0.479000 37 56 30
-0.025200 -0.091209 0.479000 42 61 35
-0.023961 -0.091209 0.479000 51 65 45
-0.022723 -0.091209 0.479000 59 73 53
0.003750 -0.075595 0.397000 21 44 49
0.004777 -0.075595 0.397000 16 46 51
0.005803 -0.075595 0.397000 18 48 53
0.006830 -0.075595 0.397000 16 50 58
0.007856 -0.075595 0.397000 16 50 58
0.008905 -0.075786 0.398000 16 48 57
0.009934 -0.075786 0.398000 15 47 56
0.010963 -0.075786 0.398000 17 46 54
0.012023 -0.075976 0.399000 17 46 54
0.013054 -0.075976 0.399000 17 44 53
0.014086 -0.075976 0.399000 16 43 52
0.015156 -0.076166 0.400000 21 45 55
0.016190 -0.076166 0.400000 21 45 55
0.017224 -0.076166 0.400000 18 45 54
0.018258 -0.076166 0.400000 18 45 54
0.019293 -0.076166 0.400000 15 44 52
0.020327 -0.076166 0.400000 16 45 53
0.021361 -0.076166 0.400000 16 48 55
0.022396 -0.076166 0.400000 13 45 52
0.023430 -0.076166 0.400000 13 43 48
0.024464 -0.076166 0.400000 15 45 50
0.025498 -0.076166 0.400000 17 45 51
0.026599 -0.076357 0.401000 18 46 52
0.027636 -0.076357 0.401000 18 43 48
0.028673 -0.076357 0.401000 20 45 50
0.029710 -0.076357 0.401000 21 47 49
0.030746 -0.076357 0.401000 26 52 54
0.031783 -0.076357 0.401000 24 54 48
0.032820 -0.076357 0.401000 19 49 43
0.068243 -0.076547 0.402000 71 86 83
0.069282 -0.076547 0.402000 54 65 61
0.070322 -0.076547 0.402000 43 54 50
0.080007 -0.077880 0.409000 39 52 49
0.081263 -0.078071 0.410000 40 53 48
0.082323 -0.078071 0.410000 43 56 51
0.083383 -0.078071 0.410000 43 56 51
0.084443 -0.078071 0.410000 39 52 47
0.085503 -0.078071 0.410000 36 49 46
0.126225 -0.092352 0.485000 40 54 56
0.127479 -0.092352 0.485000 22 36 38
0.128733 -0.092352 0.485000 10 29 29
0.129987 -0.092352 0.485000 13 32 32
0.131241 -0.092352 0.485000 17 34 35
0.132495 -0.092352 0.485000 12 29 30
-0.309221 -0.083395 0.444000 41 50 41
-0.308073 -0.083395 0.444000 50 59 50
-0.306925 -0.083395 0.444000 38 47 40
-0.305777 -0.083395 0.444000 25 34 27
-0.304629 -0.083395 0.444000 24 33 24
-0.303481 -0.083395 0.444000 22 31 22
-0.302333 -0.083395 0.444000 24 36 26
-0.301185 -0.083395 0.444000 29 41 31
-0.300037 -0.083395 0.444000 23 36 33
-0.298889 -0.083395 0.444000 17 30 27
-0.297741 -0.083395 0.444000 21 33 35
-0.296593 -0.083395 0.444000 73 85 87
-0.295444 -0.083395 0.444000 46 57 57
-0.293634 -0.083207 0.443000 54 65 65
-0.292488 -0.083207 0.443000 59 70 66
-0.291343 -0.083207 0.443000 37 48 44
-0.290197 -0.083207 0.443000 28 42 33
-0.289052 -0.083207 0.443000 26 40 31
-0.287906 -0.083207 0.443000 28 42 31
-0.215034 -0.089593 0.477000 139 146 140
-0.104794 -0.087152 0.464000 26 35 28
-0.102925 -0.086588 0.461000 28 37 30
-0.101733 -0.086588 0.461000 26 35 26
-0.100541 -0.086588 0.461000 26 35 26
-0.099349 -0.086588 0.461000 24 33 24
-0.097944 -0.086400 0.460000 25 34 25
-0.096755 -0.086400 0.460000 22 34 24
-0.095357 -0.086212 0.459000 19 31 21
-0.094171 -0.086212 0.459000 18 30 20
-0.092984 -0.086212 0.459000 18 30 20
-0.091797 -0.086212 0.459000 17 30 15
-0.050400 -0.060668 0.323000 53 62 55
-0.049565 -0.060668 0.323000 19 28 19
-0.048730 -0.060668 0.323000 18 27 18
-0.047894 -0.060668 0.323000 21 29 18
-0.047059 -0.060668 0.323000 21 29 18
-0.046224 -0.060668 0.323000 18 27 18
-0.045248 -0.060480 0.322000 18 27 18
-0.044416 -0.060480 0.322000 18 27 18
-0.043583 -0.060480 0.322000 18 27 18
-0.042751 -0.060480 0.322000 31 40 31
-0.031393 -0.089969 0.479000 33 57 27
-0.030154 -0.089969 0.479000 32 56 26
-0.028916 -0.089969 0.479000 44 62 41
-0.027677 -0.089969 0.479000 47 65 44
-0.026439 -0.089969 0.479000 52 65 48
0.070147 -0.075319 0.401000 115 126 122
0.071184 -0.075319 0.401000 117 125 122
0.121958 -0.090720 0.483000 75 82 76
0.123462 -0.090908 0.484000 46 58 50
0.124713 -0.090908 0.484000 44 56 48
0.125965 -0.090908 0.484000 26 41 40
0.127479 -0.091096 0.485000 10 25 24
0.128733 -0.091096 0.485000 14 32 30
0.129987 -0.091096 0.485000 15 33 31
0.131241 -0.091096 0.485000 14 32 30
0.132495 -0.091096 0.485000 13 31 29
-0.309221 -0.082245 0.444000 76 83 75
-0.308073 -0.082245 0.444000 47 54 46
-0.306925 -0.082245 0.444000 53 61 58
-0.305777 -0.082245 0.444000 32 40 37
-0.304629 -0.082245 0.444000 25 34 27
-0.303481 -0.082245 0.444000 25 34 27
-0.302333 -0.082245 0.444000 23 35 27
-0.301185 -0.082245 0.444000 24 36 28
-0.300037 -0.082245 0.444000 21 36 33
-0.298889 -0.082245 0.444000 17 32 29
-0.297070 -0.082060 0.443000 14 27 26
-0.295925 -0.082060 0.443000 46 59 58
-0.294779 -0.082060 0.443000 52 63 63
-0.293634 -0.082060 0.443000 38 49 49
-0.291828 -0.081875 0.442000 64 75 71
-0.290685 -0.081875 0.442000 46 57 53
-0.289542 -0.081875 0.442000 29 41 33
-0.288399 -0.081875 0.442000 29 41 33
-0.218734 -0.088358 0.477000 140 144 137
-0.217044 -0.088173 0.476000 136 140 133
-0.215814 -0.088173 0.476000 138 142 135
-0.214583 -0.088173 0.476000 140 144 137
-0.107194 -0.085950 0.464000 27 36 27
-0.105537 -0.085580 0.462000 27 36 27
-0.104343 -0.085580 0.462000 27 36 27
-0.102925 -0.085394 0.461000 28 37 28
-0.101733 -0.085394 0.461000 27 36 27
-0.100541 -0.085394 0.461000 26 35 26
-0.099133 -0.085209 0.460000 22 31 22
-0.097944 -0.085209 0.460000 20 29 20
-0.096544 -0.085024 0.459000 20 29 20
-0.095357 -0.085024 0.459000 20 29 20
-0.094171 -0.085024 0.459000 18 28 16
-0.092984 -0.085024 0.459000 18 28 16
-0.052231 -0.060017 0.324000 47 56 49
-0.051235 -0.059832 0.323000 57 65 62
-0.050400 -0.059832 0.323000 22 30 27
-0.049565 -0.059832 0.323000 15 24 15
-0.048730 -0.059832 0.323000 17 26 17
-0.047894 -0.059832 0.323000 19 26 18
-0.047059 -0.059832 0.323000 21 28 20
-0.046224 -0.059832 0.323000 18 27 18
-0.045248 -0.059646 0.322000 17 26 17
-0.044416 -0.059646 0.322000 25 35 23
-0.043583 -0.059646 0.322000 32 42 30
-0.033870 -0.088729 0.479000 35 58 24
-0.032631 -0.088729 0.479000 38 61 27
-0.031393 -0.088729 0.479000 40 61 37
-0.030154 -0.088729 0.479000 42 63 39
-0.028916 -0.088729 0.479000 52 67 51
0.121705 -0.089284 0.482000 54 61 53
0.123207 -0.089470 0.483000 46 55 48
0.124713 -0.089655 0.484000 35 44 37
0.125965 -0.089655 0.484000 19 32 27
0.127479 -0.089840 0.485000 18 31 26
0.128733 -0.089840 0.485000 18 36 34
0.129987 -0.089840 0.485000 15 33 31
0.131241 -0.089840 0.485000 10 25 24
-0.308073 -0.081096 0.444000 50 54 47
-0.306925 -0.081096 0.444000 41 49 46
-0.305777 -0.081096 0.444000 41 49 46
-0.304629 -0.081096 0.444000 26 35 28
-0.303481 -0.081096 0.444000 24 33 26
-0.302333 -0.081096 0.444000 23 35 27
-0.301185 -0.081096 0.444000 23 35 27
-0.299361 -0.080913 0.443000 21 36 31
-0.298215 -0.080913 0.443000 20 35 30
-0.297070 -0.080913 0.443000 16 31 28
-0.295925 -0.080913 0.443000 22 37 34
-0.294114 -0.080731 0.442000 41 52 50
-0.292971 -0.080731 0.442000 40 51 49
-0.291828 -0.080731 0.442000 58 69 65
-0.290685 -0.080731 0.442000 60 71 67
-0.288887 -0.080548 0.441000 37 48 44
-0.287747 -0.080548 0.441000 31 42 38
-0.285957 -0.080365 0.440000 29 43 34
-0.217817 -0.086758 0.475000 138 142 135
-0.216588 -0.086758 0.475000 136 140 133
-0.215360 -0.086758 0.475000 140 144 137
-0.214132 -0.086758 0.475000 138 142 135
-0.107926 -0.084384 0.462000 24 38 27
-0.106501 -0.084201 0.461000 24 36 26
-0.105309 -0.084201 0.461000 24 36 26
-0.104117 -0.084201 0.461000 24 36 26
-0.102702 -0.084018 0.460000 23 35 25
-0.101512 -0.084018 0.460000 23 36 23
-0.100323 -0.084018 0.460000 22 35 22
-0.099133 -0.084018 0.460000 19 32 19
-0.097944 -0.084018 0.460000 17 30 17
-0.096544 -0.083836 0.459000 17 30 17
-0.095357 -0.083836 0.459000 16 29 16
-0.094171 -0.083836 0.459000 18 28 16
-0.053069 -0.059178 0.324000 47 55 52
-0.052070 -0.058995 0.323000 57 65 62
-0.051394 -0.059178 0.324000 27 35 34
-0.050400 -0.058995 0.323000 20 28 27
-0.049565 -0.058995 0.323000 19 28 21
-0.048730 -0.058995 0.323000 19 28 21
-0.047894 -0.058995 0.323000 20 29 20
-0.047059 -0.058995 0.323000 19 28 19
-0.046224 -0.058995 0.323000 19 28 19
-0.045389 -0.058995 0.323000 20 29 20
-0.044416 -0.058813 0.322000 34 44 32
-0.035108 -0.087489 0.479000 35 58 24
-0.033870 -0.087489 0.479000 49 66 40
-0.032631 -0.087489 0.479000 52 69 43
-0.031393 -0.087489 0.479000 58 73 57
-0.030154 -0.087489 0.479000 61 76 60
0.107324 -0.087489 0.479000 21 36 33
0.108562 -0.087489 0.479000 16 31 28
0.109801 -0.087489 0.479000 9 24 21
0.111039 -0.087489 0.479000 24 39 36
0.120209 -0.087854 0.481000 57 64 56
0.121453 -0.087854 0.481000 48 55 47
0.122952 -0.088036 0.482000 37 49 41
0.124456 -0.088219 0.483000 17 29 21
0.125965 -0.088402 0.484000 17 32 27
0.127216 -0.088402 0.484000 20 35 30
0.128733 -0.088584 0.485000 21 36 35
0.129987 -0.088584 0.485000 14 29 28
0.131241 -0.088584 0.485000 36 49 46
-0.308073 -0.079946 0.444000 85 89 84
-0.306925 -0.079946 0.444000 34 42 39
-0.305777 -0.079946 0.444000 47 55 52
-0.304629 -0.079946 0.444000 34 45 41
-0.303481 -0.079946 0.444000 25 36 32
-0.301652 -0.079766 0.443000 25 37 27
-0.300506 -0.079766 0.443000 23 35 25
-0.299361 -0.079766 0.443000 19 35 26
-0.297542 -0.079586 0.442000 20 36 27
-0.296399 -0.079586 0.442000 14 29 24
-0.295257 -0.079586 0.442000 16 31 26
-0.294114 -0.079586 0.442000 29 40 38
-0.292308 -0.079406 0.441000 36 47 45
-0.291168 -0.079406 0.441000 52 63 61
-0.289370 -0.079226 0.440000 69 80 78
-0.288887 -0.079406 0.441000 48 59 55
-0.287094 -0.079226 0.440000 32 43 39
-0.285957 -0.079226 0.440000 30 44 33
-0.284819 -0.079226 0.440000 26 40 29
-0.283681 -0.079226 0.440000 28 42 31
-0.217358 -0.085348 0.474000 137 142 132
-0.215676 -0.085168 0.473000 135 140 130
-0.214907 -0.085348 0.474000 140 144 137
-0.213681 -0.085348 0.474000 140 144 137
-0.122208 -0.084808 0.471000 113 123 111
-0.116090 -0.083908 0.466000 34 45 41
-0.114392 -0.083547 0.464000 29 41 31
-0.109838 -0.082827 0.460000 24 37 24
-0.108649 -0.082827 0.460000 25 40 26
-0.107459 -0.082827 0.460000 23 38 24
-0.106270 -0.082827 0.460000 24 39 25
-0.104117 -0.083007 0.461000 21 35 24
-0.102702 -0.082827 0.460000 18 32 21
-0.101512 -0.082827 0.460000 22 37 23
-0.100541 -0.083007 0.461000 18 33 19
-0.099133 -0.082827 0.460000 18 31 18
-0.097944 -0.082827 0.460000 16 29 16
-0.096544 -0.082647 0.459000 15 22 14
-0.095357 -0.082647 0.459000 21 28 20
-0.053907 -0.058339 0.324000 45 57 47
-0.053069 -0.058339 0.324000 54 63 56
-0.052231 -0.058339 0.324000 29 38 31
-0.051394 -0.058339 0.324000 18 27 20
-0.050556 -0.058339 0.324000 20 29 22
-0.049565 -0.058159 0.323000 19 26 18
-0.048880 -0.058339 0.324000 20 27 19
-0.047894 -0.058159 0.323000 20 29 20
-0.047059 -0.058159 0.323000 19 28 19
-0.046224 -0.058159 0.323000 24 33 24
-0.045389 -0.058159 0.323000 32 41 32
-0.033870 -0.086248 0.479000 60 73 56
-0.032631 -0.086248 0.479000 64 77 60
0.104847 -0.086248 0.479000 19 34 29
0.106085 -0.086248 0.479000 24 39 34
0.107324 -0.086248 0.479000 21 36 31
0.108562 -0.086248 0.479000 16 31 26
0.109572 -0.086068 0.478000 16 31 28
0.111039 -0.086248 0.479000 13 28 25
0.112278 -0.086248 0.479000 26 39 36
0.118718 -0.086428 0.480000 70 79 70
0.121453 -0.086608 0.481000 38 47 38
0.122696 -0.086608 0.481000 19 32 27
0.124198 -0.086788 0.482000 21 34 29
0.125704 -0.086969 0.483000 22 37 32
0.127216 -0.087149 0.484000 22 37 32
0.128468 -0.087149 0.484000 18 31 30
0.129987 -0.087329 0.485000 23 36 35
-0.306925 -0.078797 0.444000 56 63 57
-0.305777 -0.078797 0.444000 40 47 41
-0.303943 -0.078619 0.443000 39 51 43
-0.302797 -0.078619 0.443000 27 39 31
-0.301652 -0.078619 0.443000 24 37 24
-0.300506 -0.078619 0.443000 23 36 23
-0.298685 -0.078442 0.442000 20 32 22
-0.297542 -0.078442 0.442000 22 34 24
-0.295729 -0.078264 0.441000 19 33 24
-0.294589 -0.078264 0.441000 17 31 22
-0.293448 -0.078264 0.441000 23 34 30
-0.291645 -0.078087 0.440000 26 37 33
-0.290507 -0.078087 0.440000 43 54 52
-0.289370 -0.078087 0.440000 64 75 73
-0.288232 -0.078087 0.440000 61 72 68
-0.287094 -0.078087 0.440000 33 44 40
-0.285957 -0.078087 0.440000 31 45 34
-0.284819 -0.078087 0.440000 28 42 31
-0.283037 -0.077909 0.439000 24 40 29
-0.281901 -0.077909 0.439000 28 44 33
-0.216899 -0.083943 0.473000 134 142 131
-0.215676 -0.083943 0.473000 133 141 130
-0.214453 -0.083943 0.473000 138 143 133
-0.213230 -0.083943 0.473000 140 145 135
-0.121853 -0.082523 0.465000 80 94 83
-0.120132 -0.082169 0.463000 59 73 62
-0.118678 -0.081991 0.462000 66 81 76
-0.117229 -0.081814 0.461000 65 80 75
-0.116037 -0.081814 0.461000 48 60 52
-0.114347 -0.081459 0.459000 22 34 26
-0.112913 -0.081281 0.458000 29 42 29
-0.111729 -0.081281 0.458000 27 40 27
-0.110545 -0.081281 0.458000 26 39 26
-0.109361 -0.081281 0.458000 25 38 25
-0.108412 -0.081459 0.459000 26 39 26
-0.107459 -0.081636 0.460000 23 36 23
-0.106270 -0.081636 0.460000 23 36 23
-0.105080 -0.081636 0.460000 22 35 22
-0.103891 -0.081636 0.460000 19 31 21
-0.102925 -0.081814 0.461000 20 32 22
-0.101733 -0.081814 0.461000 22 34 24
-0.100541 -0.081814 0.461000 17 29 19
-0.099349 -0.081814 0.461000 14 23 14
-0.098157 -0.081814 0.461000 26 35 26
-0.054745 -0.057500 0.324000 45 58 45
-0.053907 -0.057500 0.324000 59 72 59
-0.053069 -0.057500 0.324000 43 52 43
-0.052231 -0.057500 0.324000 18 27 18
-0.051394 -0.057500 0.324000 21 28 20
-0.050556 -0.057500 0.324000 22 29 21
-0.049718 -0.057500 0.324000 21 28 20
-0.048880 -0.057500 0.324000 20 27 19
-0.048043 -0.057500 0.324000 19 28 19
-0.047205 -0.057500 0.324000 24 33 24
-0.046367 -0.057500 0.324000 33 45 35
-0.035108 -0.085008 0.479000 65 82 64
0.103608 -0.085008 0.479000 75 84 75
0.104847 -0.085008 0.479000 43 55 47
0.106085 -0.085008 0.479000 17 29 21
0.107324 -0.085008 0.479000 22 35 32
0.108562 -0.085008 0.479000 22 35 32
0.109572 -0.084831 0.478000 19 32 29
0.111039 -0.085008 0.479000 22 35 32
0.112278 -0.085008 0.479000 17 30 27
0.113517 -0.085008 0.479000 40 53 50
0.117232 -0.085008 0.479000 69 78 69
0.118718 -0.085186 0.480000 53 62 53
0.119959 -0.085186 0.480000 37 50 45
0.122696 -0.085363 0.481000 23 36 31
0.124198 -0.085540 0.482000 24 37 32
0.125704 -0.085718 0.483000 25 38 35
0.127216 -0.085895 0.484000 23 36 33
0.128468 -0.085895 0.484000 24 35 33
0.129987 -0.086073 0.485000 65 76 74
-0.305088 -0.077472 0.443000 50 54 49
-0.303943 -0.077472 0.443000 40 52 42
-0.302797 -0.077472 0.443000 38 50 40
-0.301652 -0.077472 0.443000 26 39 24
-0.299828 -0.077297 0.442000 23 36 21
-0.298009 -0.077122 0.441000 24 33 24
-0.296869 -0.077122 0.441000 24 33 24
-0.295058 -0.076947 0.440000 22 34 26
-0.293921 -0.076947 0.440000 20 32 24
-0.292783 -0.076947 0.440000 19 30 26
-0.291645 -0.076947 0.440000 20 31 27
-0.290507 -0.076947 0.440000 29 40 38
-0.289370 -0.076947 0.440000 54 65 63
-0.288232 -0.076947 0.440000 67 78 76
-0.286442 -0.076773 0.439000 48 59 57
-0.285307 -0.076773 0.439000 37 51 42
-0.284172 -0.076773 0.439000 28 42 33
-0.283037 -0.076773 0.439000 23 39 30
-0.281901 -0.076773 0.439000 26 42 33
-0.216899 -0.082719 0.473000 136 144 133
-0.215676 -0.082719 0.473000 134 142 131
-0.214453 -0.082719 0.473000 139 147 136
-0.213230 -0.082719 0.473000 138 146 135
-0.122261 -0.080795 0.462000 67 74 66
-0.120805 -0.080620 0.461000 69 85 76
-0.119613 -0.080620 0.461000 62 78 69
-0.117907 -0.080270 0.459000 47 60 55
-0.116466 -0.080095 0.458000 25 38 33
-0.115282 -0.080095 0.458000 26 35 26
-0.114098 -0.080095 0.458000 27 36 27
-0.112667 -0.079920 0.457000 28 38 26
-0.111729 -0.080095 0.458000 27 37 25
-0.110545 -0.080095 0.458000 26 39 26
-0.109599 -0.080270 0.459000 24 37 24
-0.108412 -0.080270 0.459000 23 36 23
-0.107459 -0.080445 0.460000 20 33 20
-0.106270 -0.080445 0.460000 20 33 20
-0.104117 -0.080620 0.461000 20 33 20
-0.102925 -0.080620 0.461000 18 31 18
-0.101733 -0.080620 0.461000 17 26 17
-0.100541 -0.080620 0.461000 21 30 21
-0.099349 -0.080620 0.461000 50 58 47
-0.055582 -0.056661 0.324000 48 61 48
-0.054745 -0.056661 0.324000 55 68 55
-0.053907 -0.056661 0.324000 53 66 53
-0.053069 -0.056661 0.324000 19 28 19
-0.052231 -0.056661 0.324000 18 27 18
-0.051394 -0.056661 0.324000 20 29 20
-0.050556 -0.056661 0.324000 21 30 21
-0.049718 -0.056661 0.324000 20 28 17
-0.048880 -0.056661 0.324000 19 27 16
-0.048043 -0.056661 0.324000 25 34 25
-0.038743 -0.083593 0.478000 68 83 65
-0.037507 -0.083593 0.478000 68 83 65
0.104847 -0.083768 0.479000 85 94 87
0.106085 -0.083768 0.479000 47 56 49
0.107324 -0.083768 0.479000 15 26 24
0.108562 -0.083768 0.479000 26 37 35
0.109801 -0.083768 0.479000 23 36 35
0.111039 -0.083768 0.479000 23 36 35
0.112278 -0.083768 0.479000 22 35 32
0.113517 -0.083768 0.479000 15 28 25
0.114755 -0.083768 0.479000 51 63 53
0.117232 -0.083768 0.479000 58 72 63
0.118471 -0.083768 0.479000 43 57 48
0.119959 -0.083943 0.480000 24 37 34
0.121200 -0.083943 0.480000 22 35 32
0.123940 -0.084118 0.481000 29 42 37
0.125444 -0.084292 0.482000 26 39 36
0.126953 -0.084467 0.483000 19 32 29
0.128468 -0.084642 0.484000 60 68 65
-0.303943 -0.076325 0.443000 41 50 41
-0.302797 -0.076325 0.443000 43 52 43
-0.300290 -0.075980 0.441000 34 46 36
-0.299150 -0.075980 0.441000 22 34 24
-0.297334 -0.075808 0.440000 25 34 27
-0.296196 -0.075808 0.440000 26 35 28
-0.295058 -0.075808 0.440000 26 35 28
-0.293921 -0.075808 0.440000 24 33 26
-0.292783 -0.075808 0.440000 20 29 22
-0.290982 -0.075636 0.439000 24 33 26
-0.289847 -0.075636 0.439000 20 31 29
-0.288712 -0.075636 0.439000 34 45 43
-0.287577 -0.075636 0.439000 65 76 76
-0.286442 -0.075636 0.439000 59 70 70
-0.285307 -0.075636 0.439000 39 52 47
-0.284172 -0.075636 0.439000 32 45 40
-0.283037 -0.075636 0.439000 28 42 33
-0.281901 -0.075636 0.439000 28 42 33
-0.280766 -0.075636 0.439000 27 42 37
-0.246952 -0.081322 0.472000 156 159 158
-0.216441 -0.081322 0.472000 136 144 133
-0.215220 -0.081322 0.472000 134 142 131
-0.214000 -0.081322 0.472000 138 145 137
-0.212780 -0.081322 0.472000 139 146 138
-0.124651 -0.079599 0.462000 90 96 94
-0.123189 -0.079426 0.461000 82 91 84
-0.121997 -0.079426 0.461000 59 68 61
-0.120281 -0.079082 0.459000 31 44 39
-0.118834 -0.078909 0.458000 28 41 36
-0.117393 -0.078737 0.457000 23 36 31
-0.116212 -0.078737 0.457000 24 37 32
-0.115030 -0.078737 0.457000 29 38 29
-0.113848 -0.078737 0.457000 28 37 28
-0.112667 -0.078737 0.457000 28 38 26
-0.111729 -0.078909 0.458000 26 36 24
-0.110545 -0.078909 0.458000 24 37 24
-0.109599 -0.079082 0.459000 25 38 25
-0.108649 -0.079254 0.460000 23 36 23
-0.107459 -0.079254 0.460000 20 33 20
-0.105309 -0.079426 0.461000 25 35 23
-0.104117 -0.079426 0.461000 18 27 20
-0.102925 -0.079426 0.461000 24 33 26
-0.099564 -0.079599 0.462000 90 98 87
-0.057258 -0.055822 0.324000 33 45 35
-0.056420 -0.055822 0.324000 43 56 43
-0.055582 -0.055822 0.324000 57 70 57
-0.054745 -0.055822 0.324000 54 67 54
-0.053907 -0.055822 0.324000 22 35 22
-0.053069 -0.055822 0.324000 18 25 17
-0.052231 -0.055822 0.324000 20 27 19
-0.051394 -0.055822 0.324000 20 27 19
-0.050556 -0.055822 0.324000 21 28 20
-0.049718 -0.055822 0.324000 18 28 16
-0.048880 -0.055822 0.324000 19 29 17
-0.041129 -0.082183 0.477000 73 88 70
-0.039895 -0.082183 0.477000 75 90 72
0.106085 -0.082528 0.479000 96 103 97
0.107324 -0.082528 0.479000 44 50 48
0.108562 -0.082528 0.479000 20 26 24
0.109801 -0.082528 0.479000 26 36 39
0.110808 -0.082355 0.478000 24 34 37
0.112044 -0.082355 0.478000 22 32 35
0.113280 -0.082355 0.478000 18 28 31
0.114515 -0.082355 0.478000 18 29 25
0.115994 -0.082528 0.479000 54 65 61
0.117232 -0.082528 0.479000 50 63 58
0.118471 -0.082528 0.479000 21 34 29
0.119709 -0.082528 0.479000 22 35 32
0.121200 -0.082700 0.480000 26 39 36
0.122441 -0.082700 0.480000 30 43 42
0.125184 -0.082872 0.481000 21 34 31
0.126690 -0.083044 0.482000 45 58 55
-0.303943 -0.075178 0.443000 66 75 66
-0.302114 -0.075008 0.442000 40 49 40
-0.300290 -0.074839 0.441000 43 54 50
-0.298471 -0.074669 0.440000 33 44 40
-0.297334 -0.074669 0.440000 28 36 33
-0.296196 -0.074669 0.440000 26 34 31
-0.294388 -0.074499 0.439000 27 34 28
-0.293253 -0.074499 0.439000 25 32 26
-0.292117 -0.074499 0.439000 20 32 22
-0.290982 -0.074499 0.439000 19 31 21
-0.289847 -0.074499 0.439000 20 31 29
-0.288712 -0.074499 0.439000 25 36 34
-0.287577 -0.074499 0.439000 52 63 63
-0.286442 -0.074499 0.439000 53 64 64
-0.285307 -0.074499 0.439000 50 63 58
-0.284172 -0.074499 0.439000 33 46 41
-0.283037 -0.074499 0.439000 31 45 36
-0.281901 -0.074499 0.439000 29 43 34
-0.280766 -0.074499 0.439000 27 43 34
-0.278994 -0.074330 0.438000 27 43 34
-0.248172 -0.080099 0.472000 155 159 154
-0.246952 -0.080099 0.472000 155 159 154
-0.245211 -0.079930 0.471000 164 168 163
-0.215982 -0.079930 0.471000 135 142 134
-0.214764 -0.079930 0.471000 138 145 137
-0.213547 -0.079930 0.471000 138 145 139
-0.212329 -0.079930 0.471000 138 145 139
-0.128512 -0.078572 0.463000 69 75 73
-0.127040 -0.078402 0.462000 89 95 93
-0.125573 -0.078233 0.461000 68 79 77
-0.123841 -0.077893 0.459000 46 57 55
-0.122387 -0.077724 0.458000 29 42 39
-0.120938 -0.077554 0.457000 25 38 35
-0.119757 -0.077554 0.457000 24 37 32
-0.118575 -0.077554 0.457000 28 41 36
-0.117136 -0.077384 0.456000 25 38 33
-0.116212 -0.077554 0.457000 24 37 32
-0.115030 -0.077554 0.457000 25 37 27
-0.113848 -0.077554 0.457000 26 38 28
-0.112667 -0.077554 0.457000 25 37 27
-0.111729 -0.077724 0.458000 24 36 26
-0.110786 -0.077893 0.459000 24 36 26
-0.109599 -0.077893 0.459000 24 36 26
-0.108649 -0.078063 0.460000 26 35 26
-0.107459 -0.078063 0.460000 25 34 25
-0.105309 -0.078233 0.461000 26 35 28
-0.104117 -0.078233 0.461000 66 75 68
-0.058096 -0.054983 0.324000 27 36 29
-0.057258 -0.054983 0.324000 39 48 41
-0.056420 -0.054983 0.324000 55 67 57
-0.055582 -0.054983 0.324000 58 70 60
-0.054745 -0.054983 0.324000 22 35 22
-0.053907 -0.054983 0.324000 16 29 16
-0.053069 -0.054983 0.324000 19 29 17
-0.052231 -0.054983 0.324000 19 29 17
-0.051394 -0.054983 0.324000 19 28 19
-0.050556 -0.054983 0.324000 20 29 20
-0.049718 -0.054983 0.324000 22 32 20
-0.042273 -0.080778 0.476000 77 91 71
0.107324 -0.081287 0.479000 102 106 99
0.108336 -0.081118 0.478000 45 49 42
0.109342 -0.080948 0.477000 24 31 35
0.110344 -0.080778 0.476000 26 33 37
0.111575 -0.080778 0.476000 19 29 32
0.112806 -0.080778 0.476000 20 30 33
0.114036 -0.080778 0.476000 18 31 30
0.115509 -0.080948 0.477000 25 38 37
0.116987 -0.081118 0.478000 25 38 37
0.118223 -0.081118 0.478000 18 31 30
0.119709 -0.081287 0.479000 25 38 37
0.120948 -0.081287 0.479000 32 45 44
0.122441 -0.081457 0.480000 31 44 43
0.125184 -0.081627 0.481000 41 52 48
0.126690 -0.081796 0.482000 87 98 94
-0.301430 -0.073697 0.441000 48 55 49
-0.299609 -0.073530 0.440000 35 48 43
-0.298471 -0.073530 0.440000 36 49 44
-0.296658 -0.073363 0.439000 33 44 42
-0.295523 -0.073363 0.439000 25 36 34
-0.294388 -0.073363 0.439000 26 35 28
-0.293253 -0.073363 0.439000 24 33 26
-0.292117 -0.073363 0.439000 20 32 22
-0.290982 -0.073363 0.439000 17 29 19
-0.289847 -0.073363 0.439000 19 33 24
-0.288712 -0.073363 0.439000 18 32 23
-0.287577 -0.073363 0.439000 40 53 50
-0.286442 -0.073363 0.439000 53 66 63
-0.284657 -0.073195 0.438000 52 65 60
-0.283524 -0.073195 0.438000 37 50 45
-0.282392 -0.073195 0.438000 31 45 36
-0.281259 -0.073195 0.438000 30 44 35
-0.280127 -0.073195 0.438000 28 42 33
-0.278994 -0.073195 0.438000 30 44 35
-0.248172 -0.078877 0.472000 157 158 154
-0.246952 -0.078877 0.472000 157 158 154
-0.245211 -0.078710 0.471000 162 169 163
-0.215524 -0.078543 0.470000 134 141 133
-0.214308 -0.078543 0.470000 134 141 133
-0.213093 -0.078543 0.470000 136 143 137
-0.211427 -0.078376 0.469000 138 145 139
-0.130906 -0.077373 0.463000 60 69 60
-0.129429 -0.077206 0.462000 72 81 72
-0.127957 -0.077039 0.461000 52 63 59
-0.126490 -0.076872 0.460000 66 77 73
-0.124756 -0.076538 0.458000 27 38 38
-0.123302 -0.076371 0.457000 23 34 34
-0.122120 -0.076371 0.457000 26 39 34
-0.120674 -0.076203 0.456000 26 39 34
-0.119757 -0.076371 0.457000 26 39 34
-0.118575 -0.076371 0.457000 25 38 33
-0.117393 -0.076371 0.457000 24 38 29
-0.116212 -0.076371 0.457000 24 38 29
-0.115030 -0.076371 0.457000 24 36 26
-0.113848 -0.076371 0.457000 23 35 25
-0.112913 -0.076538 0.458000 24 36 26
-0.111729 -0.076538 0.458000 24 36 26
-0.110786 -0.076705 0.459000 24 36 26
-0.109599 -0.076705 0.459000 24 36 26
-0.108649 -0.076872 0.460000 21 28 22
-0.106501 -0.077039 0.461000 58 65 59
-0.105309 -0.077039 0.461000 90 97 91
-0.104343 -0.077206 0.462000 100 104 97
-0.058934 -0.054145 0.324000 21 29 26
-0.058096 -0.054145 0.324000 40 47 41
-0.057258 -0.054145 0.324000 53 60 54
-0.056420 -0.054145 0.324000 63 73 61
-0.055582 -0.054145 0.324000 28 38 26
-0.054745 -0.054145 0.324000 14 24 10
-0.053907 -0.054145 0.324000 20 30 16
-0.053069 -0.054145 0.324000 20 30 18
-0.052231 -0.054145 0.324000 19 29 17
-0.051394 -0.054145 0.324000 20 30 18
-0.050556 -0.054145 0.324000 21 31 19
-0.044641 -0.079379 0.475000 76 94 71
0.108109 -0.079713 0.477000 94 98 91
0.111106 -0.079212 0.474000 22 33 33
0.112095 -0.079044 0.473000 19 30 30
0.113318 -0.079044 0.473000 22 33 33
0.114783 -0.079212 0.474000 24 35 35
0.116498 -0.079546 0.476000 23 36 35
0.117976 -0.079713 0.477000 25 38 37
0.119459 -0.079880 0.478000 42 55 54
0.120948 -0.080047 0.479000 30 43 42
0.122441 -0.080214 0.480000 21 34 33
0.123683 -0.080214 0.480000 30 43 42
-0.299609 -0.072390 0.440000 39 50 46
-0.298471 -0.072390 0.440000 39 50 46
-0.296658 -0.072226 0.439000 38 51 50
-0.295523 -0.072226 0.439000 30 43 42
-0.294388 -0.072226 0.439000 25 34 27
-0.293253 -0.072226 0.439000 25 34 27
-0.292117 -0.072226 0.439000 22 34 24
-0.290982 -0.072226 0.439000 19 31 21
-0.289187 -0.072061 0.438000 18 32 21
-0.288054 -0.072061 0.438000 15 29 18
-0.286922 -0.072061 0.438000 25 38 33
-0.285789 -0.072061 0.438000 46 59 54
-0.284657 -0.072061 0.438000 52 66 57
-0.283524 -0.072061 0.438000 45 59 50
-0.281747 -0.071897 0.437000 38 50 42
-0.280617 -0.071897 0.437000 33 45 37
-0.279487 -0.071897 0.437000 31 43 35
-0.278357 -0.071897 0.437000 32 44 36
-0.277227 -0.071897 0.437000 32 45 40
-0.248172 -0.077655 0.472000 154 155 151
-0.246429 -0.077491 0.471000 157 158 154
-0.245211 -0.077491 0.471000 160 169 162
-0.215065 -0.077162 0.469000 133 140 132
-0.213853 -0.077162 0.469000 133 140 132
-0.212640 -0.077162 0.469000 136 143 137
-0.210976 -0.076997 0.468000 138 145 139
-0.133013 -0.076010 0.462000 76 83 77
-0.131818 -0.076010 0.462000 75 82 76
-0.130341 -0.075845 0.461000 57 65 62
-0.128869 -0.075681 0.460000 38 46 43
-0.127124 -0.075352 0.458000 36 49 46
-0.125665 -0.075187 0.457000 28 41 38
-0.124483 -0.075187 0.457000 25 38 35
-0.123032 -0.075023 0.456000 28 41 38
-0.121853 -0.075023 0.456000 27 39 31
-0.120674 -0.075023 0.456000 27 39 31
-0.119495 -0.075023 0.456000 26 40 31
-0.118316 -0.075023 0.456000 24 38 29
-0.117136 -0.075023 0.456000 24 38 29
-0.116212 -0.075187 0.457000 22 36 27
-0.115030 -0.075187 0.457000 23 35 25
-0.113848 -0.075187 0.457000 25 37 27
-0.112913 -0.075352 0.458000 25 37 29
-0.111729 -0.075352 0.458000 25 37 29
-0.110786 -0.075516 0.459000 22 31 24
-0.109599 -0.075516 0.459000 27 36 29
-0.108649 -0.075681 0.460000 62 66 59
-0.059771 -0.053306 0.324000 21 28 22
-0.058934 -0.053306 0.324000 41 48 42
-0.058096 -0.053306 0.324000 54 61 53
-0.057258 -0.053306 0.324000 67 74 66
-0.056420 -0.053306 0.324000 34 43 34
-0.055582 -0.053306 0.324000 18 27 18
-0.054745 -0.053306 0.324000 20 30 18
-0.053907 -0.053306 0.324000 22 32 20
-0.053069 -0.053306 0.324000 20 30 18
-0.052231 -0.053306 0.324000 21 31 19
-0.051394 -0.053306 0.324000 18 28 16
0.114541 -0.077820 0.473000 23 34 34
0.116008 -0.077984 0.474000 26 41 40
0.117481 -0.078149 0.475000 41 56 55
0.119209 -0.078478 0.477000 31 46 45
0.120695 -0.078642 0.478000 19 34 33
0.122186 -0.078807 0.479000 41 52 50
0.123683 -0.078971 0.480000 83 94 92
-0.299609 -0.071251 0.440000 73 79 77
-0.297793 -0.071089 0.439000 34 40 38
-0.296658 -0.071089 0.439000 40 51 49
-0.295523 -0.071089 0.439000 41 52 50
-0.294388 -0.071089 0.439000 29 41 33
-0.293253 -0.071089 0.439000 26 38 30
-0.291452 -0.070927 0.438000 23 35 27
-0.290319 -0.070927 0.438000 22 34 26
-0.289187 -0.070927 0.438000 19 31 23
-0.288054 -0.070927 0.438000 18 30 22
-0.286922 -0.070927 0.438000 20 32 24
-0.285137 -0.070765 0.437000 36 48 40
-0.284007 -0.070765 0.437000 57 69 61
-0.282877 -0.070765 0.437000 53 65 57
-0.281747 -0.070765 0.437000 46 58 50
-0.279975 -0.070603 0.436000 31 43 35
-0.278848 -0.070603 0.436000 33 44 40
-0.278357 -0.070765 0.437000 30 41 37
-0.276593 -0.070603 0.436000 30 42 34
-0.276097 -0.070765 0.437000 33 45 37
-0.274338 -0.070603 0.436000 37 43 43
-0.248172 -0.076433 0.472000 149 152 151
-0.246429 -0.076271 0.471000 153 156 155
-0.244690 -0.076109 0.470000 155 163 160
-0.243475 -0.076109 0.470000 134 142 139
-0.213853 -0.075947 0.469000 134 141 133
-0.212186 -0.075785 0.468000 135 142 134
-0.210976 -0.075785 0.468000 136 143 135
-0.135402 -0.074814 0.462000 79 87 84
-0.133917 -0.074652 0.461000 84 92 89
-0.132725 -0.074652 0.461000 72 80 77
-0.131248 -0.074490 0.460000 40 48 45
-0.129493 -0.074166 0.458000 33 41 38
-0.128028 -0.074004 0.457000 31 39 36
-0.126847 -0.074004 0.457000 30 41 37
-0.125390 -0.073842 0.456000 31 42 38
-0.124211 -0.073842 0.456000 26 40 31
-0.123032 -0.073842 0.456000 28 42 33
-0.121853 -0.073842 0.456000 24 38 27
-0.120674 -0.073842 0.456000 23 37 26
-0.119495 -0.073842 0.456000 23 37 26
-0.118316 -0.073842 0.456000 23 37 26
-0.117136 -0.073842 0.456000 24 36 26
-0.115957 -0.073842 0.456000 24 36 26
-0.115030 -0.074004 0.457000 25 37 29
-0.113848 -0.074004 0.457000 24 36 28
-0.112667 -0.074004 0.457000 22 30 27
-0.111729 -0.074166 0.458000 26 34 31
-0.110545 -0.074166 0.458000 50 57 49
-0.109599 -0.074328 0.459000 87 94 86
-0.108649 -0.074490 0.460000 105 106 100
-0.059956 -0.052629 0.325000 34 43 34
-0.059115 -0.052629 0.325000 50 59 50
-0.058275 -0.052629 0.325000 64 73 64
-0.057435 -0.052629 0.325000 41 50 41
-0.056420 -0.052467 0.324000 18 28 16
-0.055582 -0.052467 0.324000 19 29 17
-0.054745 -0.052467 0.324000 20 30 18
-0.053907 -0.052467 0.324000 22 32 20
-0.053069 -0.052467 0.324000 20 30 18
-0.052231 -0.052467 0.324000 19 29 17
0.115764 -0.076595 0.473000 23 38 37
0.117234 -0.076757 0.474000 23 38 37
0.118959 -0.077081 0.476000 26 39 38
0.120443 -0.077243 0.477000 23 36 35
0.121931 -0.077405 0.478000 76 82 80
-0.298471 -0.070112 0.440000 78 81 80
-0.296658 -0.069953 0.439000 33 44 40
-0.295523 -0.069953 0.439000 46 57 53
-0.293717 -0.069793 0.438000 39 50 48
-0.292585 -0.069793 0.438000 31 42 40
-0.291452 -0.069793 0.438000 28 37 30
-0.290319 -0.069793 0.438000 25 34 27
-0.288527 -0.069634 0.437000 24 33 26
-0.287397 -0.069634 0.437000 21 30 23
-0.286267 -0.069634 0.437000 21 30 23
-0.285137 -0.069634 0.437000 26 35 28
-0.283357 -0.069475 0.436000 44 55 53
-0.282230 -0.069475 0.436000 57 68 66
-0.281102 -0.069475 0.436000 52 65 62
-0.279975 -0.069475 0.436000 38 51 48
-0.278208 -0.069315 0.435000 33 46 41
-0.277083 -0.069315 0.435000 31 44 39
-0.275959 -0.069315 0.435000 31 43 33
-0.274834 -0.069315 0.435000 33 45 35
-0.273709 -0.069315 0.435000 36 40 35
-0.247647 -0.075052 0.471000 151 154 153
-0.245905 -0.074892 0.470000 153 156 155
-0.244690 -0.074892 0.470000 153 161 158
-0.243475 -0.074892 0.470000 135 143 140
-0.213397 -0.074574 0.468000 135 142 134
-0.212186 -0.074574 0.468000 139 146 138
-0.210976 -0.074574 0.468000 139 146 138
-0.142293 -0.074096 0.465000 142 144 135
-0.140787 -0.073936 0.464000 115 120 110
-0.137791 -0.073618 0.462000 42 51 44
-0.136301 -0.073458 0.461000 59 68 61
-0.134816 -0.073299 0.460000 73 84 80
-0.133045 -0.072980 0.458000 48 59 55
-0.131573 -0.072821 0.457000 26 37 33
-0.130392 -0.072821 0.457000 27 38 34
-0.128927 -0.072661 0.456000 33 45 37
-0.127748 -0.072661 0.456000 30 42 34
-0.126569 -0.072661 0.456000 28 42 33
-0.125390 -0.072661 0.456000 26 40 31
-0.124211 -0.072661 0.456000 25 39 28
-0.123032 -0.072661 0.456000 25 39 28
-0.121853 -0.072661 0.456000 23 37 26
-0.120674 -0.072661 0.456000 22 36 25
-0.119495 -0.072661 0.456000 22 37 23
-0.118316 -0.072661 0.456000 23 38 24
-0.117136 -0.072661 0.456000 25 39 28
-0.115957 -0.072661 0.456000 26 40 29
-0.114778 -0.072661 0.456000 23 35 27
-0.113848 -0.072821 0.457000 27 39 31
-0.112667 -0.072821 0.457000 61 67 65
-0.111485 -0.072821 0.457000 96 102 100
-0.110545 -0.072980 0.458000 103 107 100
-0.060796 -0.051787 0.325000 31 44 29
-0.059956 -0.051787 0.325000 48 58 46
-0.059115 -0.051787 0.325000 55 65 53
-0.058275 -0.051787 0.325000 59 68 59
-0.057435 -0.051787 0.325000 22 31 22
-0.056594 -0.051787 0.325000 20 29 20
-0.055754 -0.051787 0.325000 20 29 20
-0.054745 -0.051628 0.324000 19 29 17
-0.053907 -0.051628 0.324000 21 31 19
-0.053069 -0.051628 0.324000 21 29 18
0.109185 -0.075052 0.471000 62 73 73
0.109700 -0.074574 0.468000 22 35 34
0.110910 -0.074574 0.468000 23 36 35
0.112599 -0.074892 0.470000 22 35 34
0.115519 -0.075211 0.472000 23 36 35
0.118460 -0.075530 0.474000 33 44 42
0.120190 -0.075848 0.476000 73 84 82
-0.296658 -0.068816 0.439000 65 76 72
-0.295523 -0.068816 0.439000 36 47 43
-0.293717 -0.068659 0.438000 44 55 51
-0.292585 -0.068659 0.438000 37 48 44
-0.290787 -0.068502 0.437000 31 42 40
-0.289657 -0.068502 0.437000 26 37 35
-0.288527 -0.068502 0.437000 22 31 24
-0.287397 -0.068502 0.437000 22 31 24
-0.285612 -0.068346 0.436000 22 31 24
-0.284484 -0.068346 0.436000 22 31 24
-0.283357 -0.068346 0.436000 32 43 43
-0.282230 -0.068346 0.436000 46 57 57
-0.281102 -0.068346 0.436000 52 67 66
-0.279975 -0.068346 0.436000 49 64 63
-0.278208 -0.068189 0.435000 43 57 48
-0.277083 -0.068189 0.435000 33 47 38
-0.275959 -0.068189 0.435000 31 43 33
-0.274834 -0.068189 0.435000 31 43 33
-0.273709 -0.068189 0.435000 35 42 36
-0.272584 -0.068189 0.435000 39 46 40
-0.247121 -0.073675 0.470000 149 152 151
-0.245382 -0.073519 0.469000 152 155 154
-0.244170 -0.073519 0.469000 156 163 157
-0.242439 -0.073362 0.468000 135 142 136
-0.214607 -0.073362 0.468000 135 142 134
-0.213397 -0.073362 0.468000 135 142 134
-0.212186 -0.073362 0.468000 139 146 138
-0.210976 -0.073362 0.468000 139 146 138
-0.144075 -0.072578 0.463000 133 138 128
-0.142569 -0.072421 0.462000 102 107 97
-0.141375 -0.072421 0.462000 65 70 60
-0.138685 -0.072265 0.461000 36 43 35
-0.137195 -0.072108 0.460000 32 44 34
-0.136005 -0.072108 0.460000 27 39 29
-0.133937 -0.071637 0.457000 25 39 30
-0.132755 -0.071637 0.457000 25 39 30
-0.131285 -0.071481 0.456000 29 42 37
-0.130106 -0.071481 0.456000 30 43 38
-0.128927 -0.071481 0.456000 30 44 35
-0.127748 -0.071481 0.456000 26 40 31
-0.126569 -0.071481 0.456000 26 40 31
-0.125390 -0.071481 0.456000 25 39 30
-0.124211 -0.071481 0.456000 21 37 28
-0.123032 -0.071481 0.456000 21 37 28
-0.121853 -0.071481 0.456000 20 36 25
-0.120674 -0.071481 0.456000 22 38 27
-0.119495 -0.071481 0.456000 25 39 28
-0.118316 -0.071481 0.456000 23 37 26
-0.117136 -0.071481 0.456000 26 40 31
-0.115957 -0.071481 0.456000 23 37 28
-0.114778 -0.071481 0.456000 62 68 66
-0.113599 -0.071481 0.456000 90 96 94
-0.112420 -0.071481 0.456000 100 106 104
-0.102925 -0.072265 0.461000 84 88 81
-0.060140 -0.051102 0.326000 53 63 49
-0.059115 -0.050946 0.325000 59 69 55
-0.058275 -0.050946 0.325000 29 38 29
-0.057435 -0.050946 0.325000 17 26 17
-0.056594 -0.050946 0.325000 20 29 20
-0.055754 -0.050946 0.325000 21 30 21
-0.054914 -0.050946 0.325000 21 30 21
0.109465 -0.073205 0.467000 18 31 30
0.110673 -0.073205 0.467000 21 34 33
0.112120 -0.073362 0.468000 21 34 31
0.113814 -0.073675 0.470000 21 34 31
0.116739 -0.073989 0.472000 21 34 31
-0.295523 -0.067679 0.439000 61 70 63
-0.294388 -0.067679 0.439000 33 44 42
-0.292585 -0.067525 0.438000 43 54 52
-0.290787 -0.067371 0.437000 39 50 48
-0.289657 -0.067371 0.437000 29 40 38
-0.288527 -0.067371 0.437000 22 35 32
-0.286739 -0.067217 0.436000 22 35 32
-0.285612 -0.067217 0.436000 22 35 32
-0.284484 -0.067217 0.436000 18 31 28
-0.283357 -0.067217 0.436000 24 36 38
-0.282230 -0.067217 0.436000 40 52 54
-0.280458 -0.067063 0.435000 43 58 57
-0.279333 -0.067063 0.435000 51 66 65
-0.278208 -0.067063 0.435000 48 64 55
-0.277083 -0.067063 0.435000 34 50 41
-0.275959 -0.067063 0.435000 34 46 36
-0.274834 -0.067063 0.435000 33 45 35
-0.273709 -0.067063 0.435000 32 44 36
-0.272584 -0.067063 0.435000 32 44 36
-0.271459 -0.067063 0.435000 35 43 42
-0.246595 -0.072304 0.469000 143 146 145
-0.244859 -0.072150 0.468000 151 154 153
-0.243649 -0.072150 0.468000 157 164 158
-0.242439 -0.072150 0.468000 136 143 137
-0.214607 -0.072150 0.468000 135 142 134
-0.212941 -0.071996 0.467000 136 143 135
-0.211733 -0.071996 0.467000 140 147 139
-0.210526 -0.071996 0.467000 139 146 138
-0.146153 -0.071225 0.462000 116 117 111
-0.144645 -0.071071 0.461000 91 95 88
-0.143453 -0.071071 0.461000 59 63 56
-0.142261 -0.071071 0.461000 42 51 44
-0.140763 -0.070917 0.460000 32 41 34
-0.139573 -0.070917 0.460000 34 46 38
-0.138083 -0.070763 0.459000 33 45 37
-0.136300 -0.070454 0.457000 32 46 37
-0.135118 -0.070454 0.457000 31 45 36
-0.133643 -0.070300 0.456000 30 44 35
-0.132464 -0.070300 0.456000 29 43 34
-0.131285 -0.070300 0.456000 29 42 37
-0.130106 -0.070300 0.456000 30 43 38
-0.128927 -0.070300 0.456000 28 42 33
-0.127748 -0.070300 0.456000 26 40 31
-0.126291 -0.070146 0.455000 25 39 30
-0.125115 -0.070146 0.455000 24 38 29
-0.123939 -0.070146 0.455000 24 38 29
-0.122762 -0.070146 0.455000 24 38 29
-0.121586 -0.070146 0.455000 25 38 33
-0.120409 -0.070146 0.455000 26 39 34
-0.119233 -0.070146 0.455000 22 34 26
-0.118056 -0.070146 0.455000 29 41 33
-0.117136 -0.070300 0.456000 63 72 65
-0.115957 -0.070300 0.456000 85 94 87
-0.114778 -0.070300 0.456000 100 107 101
-0.103213 -0.070454 0.457000 59 60 54
-0.061170 -0.050413 0.327000 48 56 45
-0.060140 -0.050258 0.326000 54 64 52
-0.059297 -0.050258 0.326000 36 46 34
-0.058454 -0.050258 0.326000 20 29 20
-0.057611 -0.050258 0.326000 20 29 20
-0.056594 -0.050104 0.325000 20 29 22
-0.055754 -0.050104 0.325000 21 30 23
-0.054914 -0.050104 0.325000 21 30 23
0.105755 -0.072767 0.472000 98 109 107
0.106296 -0.072304 0.469000 84 95 93
0.107279 -0.072150 0.468000 36 48 50
0.108258 -0.071996 0.467000 8 20 22
0.109465 -0.071996 0.467000 17 30 29
0.110673 -0.071996 0.467000 21 34 33
0.111880 -0.071996 0.467000 22 36 27
0.113330 -0.072150 0.468000 22 36 27
0.115029 -0.072458 0.470000 24 37 32
0.117960 -0.072767 0.472000 51 62 58
-0.294388 -0.066543 0.439000 54 63 56
-0.292585 -0.066391 0.438000 39 48 41
-0.290787 -0.066239 0.437000 43 53 56
-0.289657 -0.066239 0.437000 44 54 57
-0.288527 -0.066239 0.437000 29 44 43
-0.286739 -0.066088 0.436000 27 42 41
-0.285612 -0.066088 0.436000 22 35 34
-0.284484 -0.066088 0.436000 22 35 34
-0.283357 -0.066088 0.436000 18 31 30
-0.281582 -0.065936 0.435000 29 42 41
-0.280458 -0.065936 0.435000 44 59 58
-0.279333 -0.065936 0.435000 47 62 61
-0.278208 -0.065936 0.435000 50 65 60
-0.277083 -0.065936 0.435000 38 53 48
-0.275959 -0.065936 0.435000 38 52 41
-0.274834 -0.065936 0.435000 33 47 36
-0.273709 -0.065936 0.435000 32 44 36
-0.272584 -0.065936 0.435000 32 44 36
-0.271459 -0.065936 0.435000 33 45 37
-0.270335 -0.065936 0.435000 36 48 40
-0.246069 -0.070938 0.468000 141 144 143
-0.244859 -0.070938 0.468000 150 153 152
-0.243649 -0.070938 0.468000 159 162 161
-0.242439 -0.070938 0.468000 143 146 145
-0.212941 -0.070787 0.467000 140 145 135
-0.211733 -0.070787 0.467000 140 147 139
-0.210526 -0.070787 0.467000 138 145 137
-0.148221 -0.069877 0.461000 107 109 98
-0.147029 -0.069877 0.461000 70 78 75
-0.145520 -0.069726 0.460000 45 53 50
-0.144331 -0.069726 0.460000 35 44 37
-0.142830 -0.069574 0.459000 36 45 38
-0.141026 -0.069271 0.457000 31 43 35
-0.139845 -0.069271 0.457000 33 45 37
-0.138663 -0.069271 0.457000 31 45 36
-0.137181 -0.069119 0.456000 31 45 36
-0.136002 -0.069119 0.456000 32 46 37
-0.134823 -0.069119 0.456000 31 45 36
-0.133643 -0.069119 0.456000 29 43 34
-0.132174 -0.068968 0.455000 28 42 33
-0.130997 -0.068968 0.455000 24 40 31
-0.129821 -0.068968 0.455000 26 42 33
-0.128644 -0.068968 0.455000 24 40 31
-0.127468 -0.068968 0.455000 23 39 30
-0.126014 -0.068816 0.454000 23 38 33
-0.124840 -0.068816 0.454000 24 39 34
-0.123666 -0.068816 0.454000 26 39 36
-0.122492 -0.068816 0.454000 24 37 34
-0.121318 -0.068816 0.454000 25 36 32
-0.120144 -0.068816 0.454000 34 45 41
-0.118971 -0.068816 0.454000 63 70 64
-0.117797 -0.068816 0.454000 87 94 88
-0.116880 -0.068968 0.455000 102 106 101
-0.104653 -0.068665 0.453000 55 59 52
-0.103481 -0.068665 0.453000 51 55 48
-0.061170 -0.049566 0.327000 54 62 51
-0.060325 -0.049566 0.327000 45 54 45
-0.059479 -0.049566 0.327000 24 33 24
-0.058634 -0.049566 0.327000 19 31 21
-0.057611 -0.049414 0.326000 19 31 21
-0.056768 -0.049414 0.326000 18 30 22
-0.055926 -0.049414 0.326000 16 28 20
0.104535 -0.071545 0.472000 102 110 107
0.104859 -0.070938 0.468000 84 94 97
0.106069 -0.070938 0.468000 31 41 44
0.107050 -0.070787 0.467000 8 21 20
0.108258 -0.070787 0.467000 12 25 24
0.109231 -0.070635 0.466000 16 29 28
0.110436 -0.070635 0.466000 19 32 31
0.111641 -0.070635 0.466000 21 34 29
0.113088 -0.070787 0.467000 22 35 30
0.114540 -0.070938 0.468000 23 37 28
0.117710 -0.071393 0.471000 30 41 37
-0.293253 -0.065406 0.439000 61 68 60
-0.291452 -0.065257 0.438000 39 47 46
-0.290319 -0.065257 0.438000 48 56 55
-0.288527 -0.065108 0.437000 35 50 49
-0.286739 -0.064959 0.436000 30 45 44
-0.285612 -0.064959 0.436000 22 37 34
-0.284484 -0.064959 0.436000 20 35 32
-0.283357 -0.064959 0.436000 21 34 33
-0.281582 -0.064810 0.435000 22 35 34
-0.280458 -0.064810 0.435000 35 50 49
-0.279333 -0.064810 0.435000 40 55 54
-0.278208 -0.064810 0.435000 44 59 54
-0.277083 -0.064810 0.435000 49 64 59
-0.275959 -0.064810 0.435000 42 55 50
-0.274834 -0.064810 0.435000 36 49 44
-0.273709 -0.064810 0.435000 33 47 38
-0.272584 -0.064810 0.435000 32 46 37
-0.271459 -0.064810 0.435000 31 43 33
-0.270335 -0.064810 0.435000 33 45 35
-0.269210 -0.064810 0.435000 38 47 40
-0.245543 -0.069578 0.467000 144 147 148
-0.244336 -0.069578 0.467000 149 152 153
-0.243128 -0.069578 0.467000 158 161 162
-0.241921 -0.069578 0.467000 144 147 148
-0.211733 -0.069578 0.467000 142 149 141
-0.210526 -0.069578 0.467000 139 146 138
-0.150605 -0.068684 0.461000 80 88 75
-0.149413 -0.068684 0.461000 70 77 69
-0.147899 -0.068535 0.460000 80 87 79
-0.146391 -0.068386 0.459000 50 61 57
-0.144571 -0.068088 0.457000 32 43 39
-0.143390 -0.068088 0.457000 32 44 36
-0.141897 -0.067939 0.456000 33 45 37
-0.140718 -0.067939 0.456000 30 42 34
-0.139539 -0.067939 0.456000 32 44 36
-0.138360 -0.067939 0.456000 31 45 36
-0.136880 -0.067790 0.455000 30 44 35
-0.135703 -0.067790 0.455000 29 43 34
-0.134527 -0.067790 0.455000 29 43 34
-0.133350 -0.067790 0.455000 26 38 30
-0.132174 -0.067790 0.455000 25 37 29
-0.130997 -0.067790 0.455000 25 39 30
-0.129536 -0.067641 0.454000 25 39 30
-0.128362 -0.067641 0.454000 25 39 30
-0.126908 -0.067492 0.453000 26 40 31
-0.125736 -0.067492 0.453000 26 39 36
-0.124565 -0.067492 0.453000 24 37 34
-0.123121 -0.067343 0.452000 25 36 36
-0.121953 -0.067343 0.452000 39 50 50
-0.120784 -0.067343 0.452000 70 78 77
-0.119615 -0.067343 0.452000 93 101 100
-0.118446 -0.067343 0.452000 93 99 97
-0.117278 -0.067343 0.452000 96 102 100
-0.106051 -0.066896 0.449000 50 56 54
-0.104890 -0.066896 0.449000 48 54 52
-0.063053 -0.048868 0.328000 38 50 40
-0.062016 -0.048719 0.327000 44 57 44
-0.061170 -0.048719 0.327000 40 53 40
-0.060325 -0.048719 0.327000 26 36 24
-0.059479 -0.048719 0.327000 21 31 19
-0.058634 -0.048719 0.327000 19 31 21
-0.057788 -0.048719 0.327000 19 31 21
-0.056943 -0.048719 0.327000 19 30 26
0.078014 -0.070620 0.474000 52 79 48
0.103649 -0.069727 0.468000 75 86 84
0.104859 -0.069727 0.468000 23 33 36
0.105843 -0.069578 0.467000 12 22 25
0.107050 -0.069578 0.467000 15 28 27
0.108026 -0.069429 0.466000 17 30 29
0.108996 -0.069280 0.465000 16 31 30
0.110199 -0.069280 0.465000 17 32 31
0.111401 -0.069280 0.465000 21 34 31
0.112846 -0.069429 0.466000 22 35 32
0.114295 -0.069578 0.467000 23 36 31
0.115997 -0.069876 0.469000 26 39 34
-0.292117 -0.064269 0.439000 67 76 67
-0.290982 -0.064269 0.439000 35 44 35
-0.289187 -0.064123 0.438000 40 51 49
-0.287397 -0.063976 0.437000 39 50 48
-0.285612 -0.063830 0.436000 31 42 40
-0.284484 -0.063830 0.436000 24 35 33
-0.283357 -0.063830 0.436000 23 34 32
-0.281582 -0.063684 0.435000 22 33 31
-0.280458 -0.063684 0.435000 20 35 32
-0.279333 -0.063684 0.435000 33 48 45
-0.278208 -0.063684 0.435000 45 60 57
-0.277083 -0.063684 0.435000 48 63 60
-0.275959 -0.063684 0.435000 45 60 55
-0.274834 -0.063684 0.435000 40 55 50
-0.273709 -0.063684 0.435000 37 51 42
-0.272584 -0.063684 0.435000 33 47 38
-0.271459 -0.063684 0.435000 33 47 36
-0.269713 -0.063537 0.434000 33 47 36
-0.269210 -0.063684 0.435000 38 47 38
-0.267469 -0.063537 0.434000 36 45 36
-0.245543 -0.068368 0.467000 145 151 151
-0.244336 -0.068368 0.467000 150 156 156
-0.243128 -0.068368 0.467000 161 161 163
-0.241921 -0.068368 0.467000 152 152 154
-0.212941 -0.068368 0.467000 142 146 139
-0.211733 -0.068368 0.467000 145 152 146
-0.210526 -0.068368 0.467000 139 146 140
-0.154515 -0.067636 0.462000 106 110 105
-0.152989 -0.067490 0.461000 72 76 71
-0.149951 -0.067197 0.459000 82 89 81
-0.148440 -0.067051 0.458000 67 79 71
-0.146935 -0.066904 0.457000 45 57 49
-0.145434 -0.066758 0.456000 36 47 43
-0.144255 -0.066758 0.456000 32 43 39
-0.143076 -0.066758 0.456000 31 43 35
-0.141586 -0.066612 0.455000 30 42 34
-0.140409 -0.066612 0.455000 30 42 34
-0.139233 -0.066612 0.455000 30 42 34
-0.138056 -0.066612 0.455000 30 44 35
-0.136880 -0.066612 0.455000 31 45 36
-0.135405 -0.066465 0.454000 28 42 33
-0.134231 -0.066465 0.454000 28 42 33
-0.133057 -0.066465 0.454000 26 38 30
-0.131593 -0.066319 0.453000 25 37 29
-0.130422 -0.066319 0.453000 29 41 33
-0.129250 -0.066319 0.453000 29 41 33
-0.127796 -0.066172 0.452000 26 40 31
-0.126628 -0.066172 0.452000 23 37 28
-0.125181 -0.066026 0.451000 24 35 33
-0.124015 -0.066026 0.451000 46 57 55
-0.122849 -0.066026 0.451000 70 78 79
-0.121683 -0.066026 0.451000 91 99 100
-0.120249 -0.065880 0.450000 95 103 102
-0.119086 -0.065880 0.450000 95 103 102
-0.117922 -0.065880 0.450000 95 103 100
-0.107890 -0.065440 0.447000 46 55 48
-0.106256 -0.065148 0.445000 46 55 48
-0.104633 -0.064855 0.443000 36 44 43
-0.103955 -0.065148 0.445000 29 37 36
-0.102805 -0.065148 0.445000 27 35 34
-0.062205 -0.048019 0.328000 43 57 46
-0.061357 -0.048019 0.328000 28 42 31
-0.060325 -0.047873 0.327000 24 34 22
-0.059479 -0.047873 0.327000 20 30 18
-0.058634 -0.047873 0.327000 20 29 20
-0.057788 -0.047873 0.327000 20 29 20
-0.077884 -0.066465 0.454000 40 49 42
0.074926 -0.068808 0.470000 53 83 46
0.076465 -0.069100 0.472000 53 83 46
0.077850 -0.069247 0.473000 49 79 42
0.079073 -0.069247 0.473000 64 88 60
0.102439 -0.068515 0.468000 70 81 77
0.103428 -0.068368 0.467000 24 35 31
0.104635 -0.068368 0.467000 20 31 31
0.105843 -0.068368 0.467000 24 35 35
0.106821 -0.068222 0.466000 19 32 31
0.107794 -0.068076 0.465000 18 31 30
0.108762 -0.067929 0.464000 16 29 28
0.109962 -0.067929 0.464000 28 41 40
0.111161 -0.067929 0.464000 19 32 31
0.112603 -0.068076 0.465000 23 36 35
0.114050 -0.068222 0.466000 23 38 35
0.115750 -0.068515 0.468000 22 37 34
0.117460 -0.068808 0.470000 32 43 39
-0.290982 -0.063133 0.439000 69 77 66
-0.289187 -0.062989 0.438000 36 43 37
-0.287397 -0.062845 0.437000 43 50 44
-0.286267 -0.062845 0.437000 39 45 45
-0.284484 -0.062701 0.436000 34 40 40
-0.282707 -0.062557 0.435000 29 40 38
-0.281582 -0.062557 0.435000 25 36 34
-0.280458 -0.062557 0.435000 19 34 29
-0.279333 -0.062557 0.435000 20 35 30
-0.278208 -0.062557 0.435000 42 57 54
-0.277083 -0.062557 0.435000 41 56 53
-0.275959 -0.062557 0.435000 47 60 57
-0.274834 -0.062557 0.435000 51 64 61
-0.273709 -0.062557 0.435000 45 58 53
-0.271958 -0.062413 0.434000 36 49 44
-0.271459 -0.062557 0.435000 35 49 40
-0.269713 -0.062413 0.434000 31 45 36
-0.268591 -0.062413 0.434000 36 45 36
-0.267469 -0.062413 0.434000 36 45 36
-0.245543 -0.067159 0.467000 147 153 155
-0.244336 -0.067159 0.467000 147 153 155
-0.243128 -0.067159 0.467000 162 162 164
-0.241921 -0.067159 0.467000 154 154 156
-0.212485 -0.067015 0.466000 143 147 142
-0.211280 -0.067015 0.466000 146 153 147
-0.210075 -0.067015 0.466000 139 146 140
-0.156565 -0.066296 0.461000 81 89 86
-0.155373 -0.066296 0.461000 74 82 79
-0.154181 -0.066296 0.461000 83 91 92
-0.152657 -0.066153 0.460000 52 60 61
-0.150809 -0.065865 0.458000 52 63 59
-0.148971 -0.065577 0.456000 37 48 44
-0.147792 -0.065577 0.456000 30 44 35
-0.146613 -0.065577 0.456000 30 44 35
-0.145115 -0.065434 0.455000 31 45 36
-0.143939 -0.065434 0.455000 32 46 37
-0.142762 -0.065434 0.455000 30 42 34
-0.141275 -0.065290 0.454000 29 41 33
-0.140101 -0.065290 0.454000 29 43 34
-0.138927 -0.065290 0.454000 26 40 31
-0.137753 -0.065290 0.454000 28 42 33
-0.136579 -0.065290 0.454000 26 40 31
-0.135107 -0.065146 0.453000 28 42 33
-0.133936 -0.065146 0.453000 28 42 33
-0.132471 -0.065002 0.452000 29 41 33
-0.131012 -0.064858 0.451000 27 39 31
-0.129846 -0.064858 0.451000 33 42 33
-0.128680 -0.064858 0.451000 29 38 29
-0.127513 -0.064858 0.451000 29 38 31
-0.126067 -0.064714 0.450000 54 63 56
-0.124904 -0.064714 0.450000 77 85 82
-0.123740 -0.064714 0.450000 89 97 94
-0.122577 -0.064714 0.450000 90 101 101
-0.121413 -0.064714 0.450000 91 102 102
-0.119982 -0.064571 0.449000 90 101 99
-0.118821 -0.064571 0.449000 93 104 102
-0.117398 -0.064427 0.448000 96 107 103
-0.115980 -0.064283 0.447000 102 113 109
-0.114825 -0.064283 0.447000 102 110 107
-0.113414 -0.064139 0.446000 78 86 83
-0.112010 -0.063995 0.445000 57 66 59
-0.109215 -0.063708 0.443000 46 55 46
-0.108314 -0.063852 0.444000 38 47 38
-0.107166 -0.063852 0.444000 35 44 35
-0.105301 -0.063420 0.441000 31 40 31
-0.090215 -0.065721 0.457000 38 50 40
-0.064096 -0.047313 0.329000 35 51 40
-0.062395 -0.047313 0.329000 36 50 39
-0.061357 -0.047170 0.328000 22 36 25
-0.060509 -0.047170 0.328000 18 30 20
-0.059661 -0.047170 0.328000 18 30 20
-0.058813 -0.047170 0.328000 21 28 20
-0.080585 -0.065577 0.456000 18 25 17
-0.079580 -0.065721 0.457000 26 33 27
-0.078399 -0.065721 0.457000 86 93 87
0.072032 -0.067159 0.467000 43 69 45
0.073240 -0.067159 0.467000 54 85 51
0.074607 -0.067303 0.468000 54 85 51
0.075979 -0.067447 0.469000 54 86 49
0.077356 -0.067591 0.470000 51 83 46
0.078906 -0.067878 0.472000 54 81 50
0.080296 -0.068022 0.473000 66 93 62
0.101013 -0.067159 0.467000 60 73 68
0.102220 -0.067159 0.467000 13 24 20
0.103428 -0.067159 0.467000 17 28 24
0.104411 -0.067015 0.466000 32 43 39
0.105616 -0.067015 0.466000 26 37 33
0.106592 -0.066872 0.465000 21 34 33
0.107562 -0.066728 0.464000 14 27 26
0.108528 -0.066584 0.463000 33 44 44
0.109725 -0.066584 0.463000 70 81 81
0.110682 -0.066440 0.462000 30 41 41
0.112119 -0.066584 0.463000 23 34 34
0.113561 -0.066728 0.464000 22 37 36
0.115503 -0.067159 0.467000 23 38 37
0.116960 -0.067303 0.468000 31 44 41
-0.289847 -0.061996 0.439000 73 80 72
-0.288054 -0.061855 0.438000 37 44 36
-0.286267 -0.061713 0.437000 39 47 44
-0.284484 -0.061572 0.436000 42 50 47
-0.283357 -0.061572 0.436000 32 45 40
-0.281582 -0.061431 0.435000 25 38 33
-0.280458 -0.061431 0.435000 20 35 30
-0.279333 -0.061431 0.435000 19 34 29
-0.278208 -0.061431 0.435000 31 46 41
-0.277083 -0.061431 0.435000 43 58 53
-0.275959 -0.061431 0.435000 46 59 56
-0.274834 -0.061431 0.435000 52 65 62
-0.273709 -0.061431 0.435000 50 63 58
-0.271958 -0.061290 0.434000 40 53 48
-0.270835 -0.061290 0.434000 35 48 43
-0.269713 -0.061290 0.434000 32 45 40
-0.268591 -0.061290 0.434000 34 46 36
-0.267469 -0.061290 0.434000 36 48 38
-0.266347 -0.061290 0.434000 34 46 36
-0.265224 -0.061290 0.434000 38 50 40
-0.245543 -0.065950 0.467000 142 148 148
-0.244336 -0.065950 0.467000 150 156 156
-0.243128 -0.065950 0.467000 162 162 162
-0.241921 -0.065950 0.467000 160 160 160
-0.212029 -0.065668 0.465000 142 146 141
-0.211280 -0.065809 0.466000 147 151 146
-0.210075 -0.065809 0.466000 141 145 140
-0.208870 -0.065809 0.466000 140 144 139
-0.161683 -0.065244 0.462000 123 127 120
-0.158949 -0.065103 0.461000 79 88 81
-0.157757 -0.065103 0.461000 84 93 86
-0.156225 -0.064962 0.460000 83 98 95
-0.155036 -0.064962 0.460000 63 78 75
-0.153512 -0.064820 0.459000 49 62 61
-0.151993 -0.064679 0.458000 33 46 45
-0.150150 -0.064397 0.456000 35 48 47
-0.148971 -0.064397 0.456000 29 42 41
-0.147468 -0.064255 0.455000 31 44 39
-0.146292 -0.064255 0.455000 31 44 39
-0.145115 -0.064255 0.455000 30 44 35
-0.143939 -0.064255 0.455000 31 45 36
-0.142448 -0.064114 0.454000 29 41 33
-0.141275 -0.064114 0.454000 29 41 33
-0.139792 -0.063973 0.453000 26 40 31
-0.138621 -0.063973 0.453000 26 40 31
-0.137449 -0.063973 0.453000 28 41 36
-0.135977 -0.063832 0.452000 28 41 36
-0.134809 -0.063832 0.452000 28 41 36
-0.133344 -0.063691 0.451000 29 42 37
-0.132178 -0.063691 0.451000 30 41 37
-0.130721 -0.063549 0.450000 29 40 36
-0.129558 -0.063549 0.450000 35 42 36
-0.128394 -0.063549 0.450000 61 68 62
-0.127231 -0.063549 0.450000 81 85 80
-0.126067 -0.063549 0.450000 91 95 90
-0.124626 -0.063408 0.449000 92 99 91
-0.123465 -0.063408 0.449000 91 98 90
-0.122032 -0.063267 0.448000 91 99 96
-0.120604 -0.063126 0.447000 96 104 101
-0.119181 -0.062984 0.446000 100 111 109
-0.117763 -0.062843 0.445000 101 112 110
-0.116350 -0.062702 0.444000 96 104 103
-0.115202 -0.062702 0.444000 69 77 76
-0.113283 -0.062278 0.441000 57 68 66
-0.111889 -0.062137 0.440000 48 59 57
-0.110499 -0.061996 0.439000 45 56 52
-0.109364 -0.061996 0.439000 38 49 45
-0.108229 -0.061996 0.439000 38 47 40
-0.107094 -0.061996 0.439000 34 43 36
-0.105959 -0.061996 0.439000 31 40 31
-0.104585 -0.061855 0.438000 28 37 28
-0.100956 -0.061713 0.437000 26 37 33
-0.090215 -0.064538 0.457000 35 48 43
-0.063246 -0.046462 0.329000 36 52 41
-0.062395 -0.046462 0.329000 23 35 25
-0.061544 -0.046462 0.329000 18 30 20
-0.060694 -0.046462 0.329000 19 28 19
-0.059661 -0.046320 0.328000 20 29 20
-0.058813 -0.046320 0.328000 21 28 20
-0.081115 -0.064820 0.459000 22 29 21
-0.080277 -0.065103 0.461000 72 80 69
0.070673 -0.065809 0.466000 38 64 38
0.073240 -0.065950 0.467000 44 73 43
0.074447 -0.065950 0.467000 53 82 52
0.075817 -0.066091 0.468000 57 87 50
0.077027 -0.066091 0.468000 56 86 49
0.078571 -0.066374 0.470000 58 88 51
0.079956 -0.066515 0.471000 57 87 50
0.081347 -0.066656 0.472000 74 96 67
0.098598 -0.065950 0.467000 65 78 73
0.099805 -0.065950 0.467000 37 52 47
0.101013 -0.065950 0.467000 16 31 26
0.102220 -0.065950 0.467000 22 35 30
0.103206 -0.065809 0.466000 31 44 39
0.104411 -0.065809 0.466000 30 43 38
0.105389 -0.065668 0.465000 25 38 33
0.106362 -0.065526 0.464000 17 29 31
0.107330 -0.065385 0.463000 21 33 35
0.108293 -0.065244 0.462000 75 83 84
0.109488 -0.065244 0.462000 112 120 121
0.110682 -0.065244 0.462000 46 57 55
0.111635 -0.065103 0.461000 22 33 31
0.113072 -0.065244 0.462000 21 36 35
0.115008 -0.065668 0.465000 24 39 38
0.116710 -0.065950 0.467000 31 46 45
0.118423 -0.066232 0.469000 33 48 47
-0.286922 -0.060721 0.438000 45 54 47
-0.284484 -0.060443 0.436000 38 47 40
-0.283357 -0.060443 0.436000 35 50 45
-0.281582 -0.060305 0.435000 31 46 41
-0.280458 -0.060305 0.435000 23 38 33
-0.279333 -0.060305 0.435000 22 37 32
-0.278208 -0.060305 0.435000 20 35 30
-0.277083 -0.060305 0.435000 29 44 39
-0.275959 -0.060305 0.435000 43 58 55
-0.274834 -0.060305 0.435000 42 57 54
-0.273080 -0.060166 0.434000 48 63 60
-0.271958 -0.060166 0.434000 50 65 62
-0.270835 -0.060166 0.434000 46 59 56
-0.269713 -0.060166 0.434000 36 49 46
-0.268591 -0.060166 0.434000 32 45 40
-0.267469 -0.060166 0.434000 32 45 40
-0.266347 -0.060166 0.434000 30 44 35
-0.264613 -0.060027 0.433000 33 47 38
-0.263494 -0.060027 0.433000 36 49 44
-0.262374 -0.060027 0.433000 37 50 45
-0.243813 -0.064602 0.466000 153 156 157
-0.242608 -0.064602 0.466000 158 159 155
-0.241403 -0.064602 0.466000 166 167 163
-0.210826 -0.064464 0.465000 151 152 148
-0.209624 -0.064464 0.465000 143 144 140
-0.208870 -0.064602 0.466000 142 143 139
-0.164909 -0.063909 0.461000 120 125 115
-0.163717 -0.063909 0.461000 98 107 98
-0.162525 -0.063909 0.461000 66 75 66
-0.160983 -0.063770 0.460000 46 55 46
-0.159793 -0.063770 0.460000 50 59 50
-0.158604 -0.063770 0.460000 80 92 82
-0.157072 -0.063632 0.459000 59 71 61
-0.155546 -0.063493 0.458000 33 51 47
-0.154025 -0.063355 0.457000 22 40 36
-0.152509 -0.063216 0.456000 27 42 41
-0.151329 -0.063216 0.456000 31 46 45
-0.150150 -0.063216 0.456000 29 44 43
-0.148645 -0.063077 0.455000 27 42 41
-0.147468 -0.063077 0.455000 28 43 40
-0.146292 -0.063077 0.455000 27 42 39
-0.145115 -0.063077 0.455000 28 42 33
-0.143622 -0.062939 0.454000 26 40 31
-0.142448 -0.062939 0.454000 29 41 33
-0.140963 -0.062800 0.453000 29 41 33
-0.139483 -0.062661 0.452000 28 42 33
-0.138315 -0.062661 0.452000 29 43 34
-0.136843 -0.062523 0.451000 28 43 40
-0.135676 -0.062523 0.451000 26 41 38
-0.134510 -0.062523 0.451000 24 39 36
-0.133049 -0.062384 0.450000 26 41 38
-0.131885 -0.062384 0.450000 40 49 42
-0.130721 -0.062384 0.450000 64 73 66
-0.129558 -0.062384 0.450000 86 90 85
-0.128109 -0.062246 0.449000 93 97 92
-0.126948 -0.062246 0.449000 96 100 93
-0.125227 -0.061968 0.447000 93 97 90
-0.123793 -0.061830 0.446000 93 100 92
-0.122365 -0.061691 0.445000 99 106 98
-0.121215 -0.061691 0.445000 102 110 107
-0.119794 -0.061552 0.444000 95 103 100
-0.117577 -0.060998 0.440000 79 90 90
-0.116175 -0.060859 0.439000 60 71 71
-0.115040 -0.060859 0.439000 45 58 55
-0.113905 -0.060859 0.439000 40 53 50
-0.112256 -0.060582 0.437000 38 51 48
-0.110872 -0.060443 0.436000 31 44 41
-0.109492 -0.060305 0.435000 29 42 39
-0.108368 -0.060305 0.435000 25 38 35
-0.107243 -0.060305 0.435000 29 41 33
-0.106118 -0.060305 0.435000 29 41 33
-0.104752 -0.060166 0.434000 25 37 27
-0.103630 -0.060166 0.434000 25 37 27
-0.100494 -0.060305 0.435000 26 38 30
-0.091597 -0.063493 0.458000 36 50 41
-0.090413 -0.063493 0.458000 35 49 40
-0.089034 -0.063355 0.457000 37 51 42
-0.063438 -0.045748 0.330000 25 39 30
-0.062585 -0.045748 0.330000 19 28 19
-0.061731 -0.045748 0.330000 20 29 20
-0.060694 -0.045610 0.329000 20 29 20
-0.059843 -0.045610 0.329000 20 29 20
-0.082123 -0.063493 0.458000 19 26 18
-0.081292 -0.063770 0.460000 57 64 56
0.068263 -0.064602 0.466000 50 81 49
0.069468 -0.064602 0.466000 48 79 47
0.070673 -0.064602 0.466000 38 67 37
0.071878 -0.064602 0.466000 37 66 36
0.074447 -0.064741 0.467000 47 74 45
0.075655 -0.064741 0.467000 55 84 50
0.078237 -0.064880 0.468000 56 88 49
0.079617 -0.065018 0.469000 56 88 49
0.096183 -0.064741 0.467000 69 82 79
0.097390 -0.064741 0.467000 61 76 73
0.098598 -0.064741 0.467000 28 43 40
0.099591 -0.064602 0.466000 15 33 27
0.100796 -0.064602 0.466000 22 40 34
0.102001 -0.064602 0.466000 28 46 40
0.102985 -0.064464 0.465000 25 43 37
0.104187 -0.064464 0.465000 24 39 36
0.105163 -0.064325 0.464000 15 30 27
0.106133 -0.064186 0.463000 28 36 35
0.107099 -0.064048 0.462000 81 89 88
0.109251 -0.063909 0.461000 128 134 132
0.110203 -0.063770 0.460000 69 77 76
0.112827 -0.063909 0.461000 22 40 38
0.114513 -0.064186 0.463000 25 43 41
0.116460 -0.064602 0.466000 28 45 46
0.118170 -0.064880 0.468000 26 43 44
-0.285137 -0.059450 0.437000 52 61 52
-0.283357 -0.059314 0.436000 33 47 38
-0.281582 -0.059178 0.435000 38 52 43
-0.280458 -0.059178 0.435000 33 48 45
-0.279333 -0.059178 0.435000 24 39 36
-0.278208 -0.059178 0.435000 24 39 36
-0.277083 -0.059178 0.435000 22 37 34
-0.275959 -0.059178 0.435000 30 45 44
-0.274202 -0.059042 0.434000 42 57 56
-0.273080 -0.059042 0.434000 42 57 54
-0.271958 -0.059042 0.434000 48 63 60
-0.270835 -0.059042 0.434000 50 65 62
-0.269713 -0.059042 0.434000 40 55 52
-0.268591 -0.059042 0.434000 34 45 41
-0.267469 -0.059042 0.434000 33 44 40
-0.265733 -0.058906 0.433000 31 45 36
-0.264613 -0.058906 0.433000 31 45 36
-0.262885 -0.058770 0.432000 35 49 40
-0.261768 -0.058770 0.432000 37 51 42
-0.243813 -0.063396 0.466000 145 148 149
-0.242608 -0.063396 0.466000 155 155 155
-0.241403 -0.063396 0.466000 168 168 168
-0.211573 -0.063124 0.464000 141 145 140
-0.210826 -0.063260 0.465000 150 153 152
-0.209624 -0.063260 0.465000 142 145 144
-0.208422 -0.063260 0.465000 143 144 140
-0.169677 -0.062715 0.461000 144 146 133
-0.168485 -0.062715 0.461000 135 140 130
-0.166930 -0.062579 0.460000 106 111 101
-0.165740 -0.062579 0.460000 68 80 72
-0.164193 -0.062443 0.459000 64 76 68
-0.163007 -0.062443 0.459000 70 82 74
-0.161820 -0.062443 0.459000 72 84 76
-0.160283 -0.062307 0.458000 40 52 42
-0.159099 -0.062307 0.458000 33 45 35
-0.157570 -0.062171 0.457000 37 51 40
-0.156046 -0.062035 0.456000 28 42 31
-0.154867 -0.062035 0.456000 25 43 39
-0.153688 -0.062035 0.456000 25 43 39
-0.152509 -0.062035 0.456000 27 45 43
-0.151329 -0.062035 0.456000 28 46 44
-0.150150 -0.062035 0.456000 27 45 43
-0.148645 -0.061899 0.455000 25 43 41
-0.147468 -0.061899 0.455000 26 41 38
-0.146292 -0.061899 0.455000 26 41 38
-0.144796 -0.061763 0.454000 28 41 36
-0.143306 -0.061627 0.453000 28 41 36
-0.142135 -0.061627 0.453000 29 42 37
-0.140652 -0.061491 0.452000 30 43 38
-0.139175 -0.061355 0.451000 31 44 39
-0.138009 -0.061355 0.451000 31 44 39
-0.136843 -0.061355 0.451000 24 39 38
-0.135376 -0.061219 0.450000 26 41 40
-0.134212 -0.061219 0.450000 38 51 48
-0.133049 -0.061219 0.450000 63 76 73
-0.131885 -0.061219 0.450000 91 98 90
-0.130431 -0.061083 0.449000 97 104 96
-0.129270 -0.061083 0.449000 99 103 96
-0.127824 -0.060947 0.448000 96 100 93
-0.126383 -0.060811 0.447000 98 102 95
-0.124666 -0.060539 0.445000 103 107 100
-0.123516 -0.060539 0.445000 99 108 99
-0.122090 -0.060403 0.444000 89 98 89
-0.119853 -0.059859 0.440000 68 79 75
-0.118445 -0.059723 0.439000 51 62 58
-0.117310 -0.059723 0.439000 45 60 57
-0.113992 -0.059178 0.435000 35 50 47
-0.112867 -0.059178 0.435000 30 45 42
-0.111485 -0.059042 0.434000 29 42 39
-0.110109 -0.058906 0.433000 28 41 38
-0.108989 -0.058906 0.433000 26 39 34
-0.107869 -0.058906 0.433000 25 38 33
-0.106750 -0.058906 0.433000 25 39 28
-0.105630 -0.058906 0.433000 26 40 29
-0.104511 -0.058906 0.433000 26 38 28
-0.103630 -0.059042 0.434000 26 38 28
-0.102508 -0.059042 0.434000 30 42 32
-0.093186 -0.062579 0.460000 59 68 59
-0.091797 -0.062443 0.459000 36 49 44
-0.065145 -0.044894 0.330000 36 49 44
-0.064291 -0.044894 0.330000 31 44 39
-0.063438 -0.044894 0.330000 21 34 29
-0.062585 -0.044894 0.330000 21 30 21
-0.061731 -0.044894 0.330000 21 30 21
-0.060878 -0.044894 0.330000 22 31 22
-0.083307 -0.062307 0.458000 21 30 21
-0.082482 -0.062579 0.460000 30 37 29
-0.081469 -0.062715 0.461000 106 113 105
0.070673 -0.063396 0.466000 53 82 48
0.071878 -0.063396 0.466000 44 73 39
0.074447 -0.063532 0.467000 44 73 41
0.075655 -0.063532 0.467000 52 79 46
0.076862 -0.063532 0.467000 58 85 52
0.079447 -0.063668 0.468000 57 90 48
0.094772 -0.063396 0.466000 69 84 83
0.095977 -0.063396 0.466000 52 67 66
0.097181 -0.063396 0.466000 14 32 28
0.098386 -0.063396 0.466000 19 37 33
0.099591 -0.063396 0.466000 27 45 41
0.100580 -0.063260 0.465000 32 50 46
0.101782 -0.063260 0.465000 21 41 36
0.102763 -0.063124 0.464000 20 40 35
0.103963 -0.063124 0.464000 22 35 32
0.104936 -0.062988 0.463000 28 41 38
0.105904 -0.062851 0.462000 86 92 90
0.109014 -0.062579 0.460000 134 138 133
0.109964 -0.062443 0.459000 82 93 89
0.111393 -0.062579 0.460000 15 26 22
0.114266 -0.062851 0.462000 25 42 43
0.115960 -0.063124 0.464000 29 46 49
0.117918 -0.063532 0.467000 22 39 42
-0.284007 -0.058319 0.437000 60 70 58
-0.282230 -0.058185 0.436000 31 41 29
-0.280458 -0.058052 0.435000 37 50 49
-0.279333 -0.058052 0.435000 42 55 54
-0.278208 -0.058052 0.435000 30 43 42
-0.277083 -0.058052 0.435000 26 39 38
-0.275959 -0.058052 0.435000 21 36 35
-0.274202 -0.057919 0.434000 35 50 49
-0.273080 -0.057919 0.434000 44 59 56
-0.271958 -0.057919 0.434000 43 58 55
-0.270835 -0.057919 0.434000 45 60 55
-0.269713 -0.057919 0.434000 47 62 57
-0.268591 -0.057919 0.434000 44 57 52
-0.266853 -0.057785 0.433000 37 50 45
-0.265733 -0.057785 0.433000 32 43 39
-0.264613 -0.057785 0.433000 32 43 39
-0.262885 -0.057652 0.432000 34 46 38
-0.261162 -0.057518 0.431000 33 45 37
-0.260048 -0.057518 0.431000 35 48 43
-0.258933 -0.057518 0.431000 35 48 43
-0.243813 -0.062189 0.466000 150 153 154
-0.242608 -0.062189 0.466000 153 159 159
-0.241403 -0.062189 0.466000 158 164 164
-0.211573 -0.061922 0.464000 141 145 140
-0.210373 -0.061922 0.464000 150 153 152
-0.209624 -0.062056 0.465000 145 148 147
-0.208422 -0.062056 0.465000 142 146 139
-0.171688 -0.061388 0.460000 136 138 125
-0.170498 -0.061388 0.460000 99 104 92
-0.167754 -0.061255 0.459000 79 83 78
-0.166204 -0.061121 0.458000 86 90 85
-0.165020 -0.061121 0.458000 69 82 79
-0.163478 -0.060988 0.457000 58 71 68
-0.162296 -0.060988 0.457000 38 50 42
-0.161115 -0.060988 0.457000 27 39 31
-0.159583 -0.060855 0.456000 34 43 34
-0.158404 -0.060855 0.456000 39 48 39
-0.157225 -0.060855 0.456000 39 48 39
-0.156046 -0.060855 0.456000 34 43 34
-0.154867 -0.060855 0.456000 30 43 38
-0.153688 -0.060855 0.456000 29 42 37
-0.152509 -0.060855 0.456000 29 44 41
-0.151329 -0.060855 0.456000 28 43 40
-0.149821 -0.060721 0.455000 27 42 39
-0.148645 -0.060721 0.455000 27 42 39
-0.147468 -0.060721 0.455000 24 39 36
-0.145970 -0.060588 0.454000 27 42 39
-0.144796 -0.060588 0.454000 30 43 40
-0.143306 -0.060454 0.453000 31 44 41
-0.141821 -0.060321 0.452000 30 43 40
-0.140652 -0.060321 0.452000 31 44 41
-0.139175 -0.060187 0.451000 29 40 38
-0.138009 -0.060187 0.451000 30 41 39
-0.136539 -0.060054 0.450000 51 62 60
-0.135376 -0.060054 0.450000 76 87 85
-0.134212 -0.060054 0.450000 91 103 95
-0.132753 -0.059920 0.449000 95 107 99
-0.131592 -0.059920 0.449000 93 103 91
-0.130140 -0.059787 0.448000 93 103 91
-0.128406 -0.059520 0.446000 103 111 100
-0.126968 -0.059387 0.445000 104 112 101
-0.125534 -0.059253 0.444000 94 101 93
-0.123546 -0.058853 0.441000 69 76 68
-0.122128 -0.058719 0.440000 61 70 63
-0.120715 -0.058586 0.439000 49 58 51
-0.119308 -0.058452 0.438000 44 57 52
-0.117636 -0.058185 0.436000 40 53 48
-0.114852 -0.057919 0.434000 28 43 40
-0.113467 -0.057785 0.433000 23 38 33
-0.112348 -0.057785 0.433000 24 39 34
-0.110971 -0.057652 0.432000 23 38 33
-0.109854 -0.057652 0.432000 22 37 32
-0.108737 -0.057652 0.432000 24 38 29
-0.107620 -0.057652 0.432000 26 40 31
-0.106503 -0.057652 0.432000 29 41 31
-0.105386 -0.057652 0.432000 26 38 28
-0.104511 -0.057785 0.433000 27 39 29
-0.103391 -0.057785 0.433000 26 38 28
-0.102271 -0.057785 0.433000 25 37 27
-0.094581 -0.061522 0.461000 83 92 85
-0.093186 -0.061388 0.460000 43 52 45
-0.066198 -0.044173 0.331000 34 46 38
-0.065342 -0.044173 0.331000 36 48 40
-0.064486 -0.044173 0.331000 25 37 29
-0.063438 -0.044039 0.330000 19 31 23
-0.062585 -0.044039 0.330000 20 29 20
-0.061731 -0.044039 0.330000 20 29 20
-0.084491 -0.061121 0.458000 25 34 25
-0.083489 -0.061255 0.459000 33 42 33
-0.082482 -0.061388 0.460000 35 42 34
0.069468 -0.062189 0.466000 57 87 50
0.070673 -0.062189 0.466000 56 86 49
0.071878 -0.062189 0.466000 49 79 42
0.073083 -0.062189 0.466000 43 72 38
0.074288 -0.062189 0.466000 48 77 43
0.075493 -0.062189 0.466000 50 79 45
0.076862 -0.062323 0.467000 53 82 48
0.078070 -0.062323 0.467000 57 89 50
0.079277 -0.062323 0.467000 61 93 54
0.080485 -0.062323 0.467000 63 94 50
0.083077 -0.062456 0.468000 69 91 60
0.093567 -0.062189 0.466000 69 84 81
0.094568 -0.062056 0.465000 36 50 52
0.095565 -0.061922 0.464000 16 30 32
0.096973 -0.062056 0.465000 13 31 29
0.097964 -0.061922 0.464000 27 45 43
0.099164 -0.061922 0.464000 28 46 44
0.100364 -0.061922 0.464000 25 43 41
0.101563 -0.061922 0.464000 19 37 35
0.102763 -0.061922 0.464000 15 33 31
0.103739 -0.061789 0.463000 34 45 41
0.104936 -0.061789 0.463000 86 97 93
0.109724 -0.061121 0.458000 88 99 97
0.110908 -0.061121 0.458000 16 27 25
0.112582 -0.061388 0.460000 24 41 44
0.115461 -0.061655 0.462000 32 49 52
-0.280458 -0.056926 0.435000 45 54 47
-0.279333 -0.056926 0.435000 39 48 41
-0.278208 -0.056926 0.435000 32 45 44
-0.277083 -0.056926 0.435000 31 44 43
-0.275324 -0.056795 0.434000 28 41 40
-0.274202 -0.056795 0.434000 26 39 38
-0.273080 -0.056795 0.434000 41 56 53
-0.271958 -0.056795 0.434000 43 58 55
-0.270835 -0.056795 0.434000 42 57 52
-0.269713 -0.056795 0.434000 44 59 54
-0.267972 -0.056664 0.433000 45 60 55
-0.266853 -0.056664 0.433000 35 50 45
-0.265733 -0.056664 0.433000 38 51 46
-0.264002 -0.056533 0.432000 35 48 43
-0.262277 -0.056402 0.431000 33 45 37
-0.261162 -0.056402 0.431000 32 44 36
-0.260048 -0.056402 0.431000 31 43 35
-0.258333 -0.056271 0.430000 34 46 38
-0.257221 -0.056271 0.430000 33 46 43
-0.256109 -0.056271 0.430000 37 50 47
-0.243813 -0.060983 0.466000 141 144 145
-0.242608 -0.060983 0.466000 150 156 154
-0.240885 -0.060852 0.465000 157 163 161
-0.211573 -0.060721 0.464000 140 144 139
-0.210373 -0.060721 0.464000 151 155 150
-0.209173 -0.060721 0.464000 145 149 144
-0.208422 -0.060852 0.465000 142 146 139
-0.173688 -0.060066 0.459000 105 112 106
-0.172125 -0.059936 0.458000 78 82 75
-0.170941 -0.059936 0.458000 79 83 76
-0.169386 -0.059805 0.457000 84 88 81
-0.168205 -0.059805 0.457000 88 92 85
-0.167023 -0.059805 0.457000 72 78 76
-0.165478 -0.059674 0.456000 56 62 60
-0.164299 -0.059674 0.456000 29 40 38
-0.163120 -0.059674 0.456000 27 38 36
-0.161941 -0.059674 0.456000 30 42 34
-0.160762 -0.059674 0.456000 32 44 36
-0.159583 -0.059674 0.456000 34 43 34
-0.158404 -0.059674 0.456000 33 42 33
-0.157225 -0.059674 0.456000 34 43 34
-0.156046 -0.059674 0.456000 32 41 32
-0.154867 -0.059674 0.456000 29 41 33
-0.153688 -0.059674 0.456000 29 41 33
-0.152509 -0.059674 0.456000 29 42 37
-0.150998 -0.059543 0.455000 28 41 36
-0.149821 -0.059543 0.455000 28 41 38
-0.148645 -0.059543 0.455000 29 42 39
-0.147468 -0.059543 0.455000 29 42 39
-0.145970 -0.059412 0.454000 31 44 41
-0.144796 -0.059412 0.454000 28 41 38
-0.143306 -0.059281 0.453000 28 41 38
-0.141821 -0.059150 0.452000 29 40 38
-0.140341 -0.059020 0.451000 40 51 49
-0.139175 -0.059020 0.451000 66 74 73
-0.137703 -0.058889 0.450000 83 91 90
-0.136539 -0.058889 0.450000 93 104 102
-0.135376 -0.058889 0.450000 91 102 100
-0.133914 -0.058758 0.449000 93 105 95
-0.132457 -0.058627 0.448000 94 106 96
-0.131006 -0.058496 0.447000 97 110 97
-0.129269 -0.058234 0.445000 90 103 90
-0.127830 -0.058104 0.444000 85 90 80
-0.126397 -0.057973 0.443000 59 64 54
-0.124686 -0.057711 0.441000 53 60 54
-0.118218 -0.056795 0.434000 30 42 34
-0.116826 -0.056664 0.433000 26 38 30
-0.114322 -0.056533 0.432000 24 40 31
-0.112943 -0.056402 0.431000 23 39 30
-0.111829 -0.056402 0.431000 22 38 29
-0.110458 -0.056271 0.430000 23 39 30
-0.109346 -0.056271 0.430000 21 37 28
-0.108234 -0.056271 0.430000 24 38 29
-0.107371 -0.056402 0.431000 25 39 30
-0.106010 -0.056271 0.430000 26 38 28
-0.104028 -0.056402 0.431000 25 37 27
-0.094581 -0.060328 0.461000 53 62 55
-0.093389 -0.060328 0.461000 32 41 34
-0.091997 -0.060197 0.460000 37 49 41
-0.065342 -0.043316 0.331000 30 42 34
-0.064486 -0.043316 0.331000 20 29 22
-0.063630 -0.043316 0.331000 21 30 23
-0.062585 -0.043185 0.330000 21 30 21
-0.061731 -0.043185 0.330000 20 29 20
-0.084676 -0.060066 0.459000 29 36 28
-0.083489 -0.060066 0.459000 37 44 36
-0.082302 -0.060066 0.459000 18 27 20
0.064787 -0.061113 0.467000 64 78 67
0.065995 -0.061113 0.467000 56 79 56
0.067202 -0.061113 0.467000 58 81 58
0.068410 -0.061113 0.467000 59 87 51
0.069468 -0.060983 0.466000 59 87 51
0.070673 -0.060983 0.466000 58 88 49
0.071878 -0.060983 0.466000 55 85 46
0.073083 -0.060983 0.466000 48 77 43
0.074288 -0.060983 0.466000 49 78 44
0.075493 -0.060983 0.466000 53 82 48
0.076698 -0.060983 0.466000 52 81 47
0.077903 -0.060983 0.466000 58 88 51
0.079108 -0.060983 0.466000 60 90 53
0.080313 -0.060983 0.466000 61 94 52
0.081692 -0.061113 0.467000 59 92 50
0.082900 -0.061113 0.467000 63 88 51
0.084107 -0.061113 0.467000 64 89 52
0.092164 -0.060852 0.465000 63 78 77
0.093165 -0.060721 0.464000 28 43 42
0.094365 -0.060721 0.464000 20 34 36
0.095565 -0.060721 0.464000 24 38 40
0.096764 -0.060721 0.464000 25 43 41
0.097964 -0.060721 0.464000 32 50 48
0.099164 -0.060721 0.464000 31 49 47
0.100147 -0.060590 0.463000 21 39 37
0.101345 -0.060590 0.463000 23 38 35
0.102542 -0.060590 0.463000 47 62 59
0.103739 -0.060590 0.463000 80 91 87
0.109245 -0.059674 0.456000 82 90 89
0.110666 -0.059805 0.457000 20 28 27
0.112337 -0.060066 0.459000 27 41 45
0.115211 -0.060328 0.461000 26 43 46
0.116908 -0.060590 0.463000 22 39 42
-0.281102 -0.055928 0.436000 97 105 94
-0.279333 -0.055799 0.435000 64 72 61
-0.278208 -0.055799 0.435000 29 40 38
-0.277083 -0.055799 0.435000 34 45 43
-0.275324 -0.055671 0.434000 32 45 44
-0.274202 -0.055671 0.434000 33 46 45
-0.273080 -0.055671 0.434000 28 43 40
-0.271958 -0.055671 0.434000 38 53 50
-0.270835 -0.055671 0.434000 41 56 51
-0.269092 -0.055543 0.433000 43 58 53
-0.267972 -0.055543 0.433000 43 59 50
-0.266853 -0.055543 0.433000 47 63 54
-0.265119 -0.055415 0.432000 45 58 53
-0.264002 -0.055415 0.432000 37 50 45
-0.262277 -0.055286 0.431000 34 46 38
-0.261162 -0.055286 0.431000 34 46 38
-0.259444 -0.055158 0.430000 29 43 34
-0.258333 -0.055158 0.430000 31 45 36
-0.257221 -0.055158 0.430000 33 46 41
-0.256109 -0.055158 0.430000 38 51 46
-0.254404 -0.055030 0.429000 41 52 48
-0.243813 -0.059776 0.466000 142 148 148
-0.242087 -0.059648 0.465000 151 157 155
-0.240885 -0.059648 0.465000 158 164 162
-0.211117 -0.059391 0.463000 138 142 137
-0.210373 -0.059519 0.464000 151 155 150
-0.209173 -0.059519 0.464000 143 147 142
-0.207973 -0.059519 0.464000 140 144 137
-0.180405 -0.059135 0.461000 137 146 139
-0.178824 -0.059006 0.460000 127 136 129
-0.177248 -0.058878 0.459000 96 107 105
-0.176062 -0.058878 0.459000 98 109 107
-0.174494 -0.058750 0.458000 104 115 115
-0.172931 -0.058621 0.457000 52 63 63
-0.171374 -0.058493 0.456000 54 62 61
-0.170195 -0.058493 0.456000 70 78 77
-0.169016 -0.058493 0.456000 43 49 47
-0.167836 -0.058493 0.456000 30 36 34
-0.166657 -0.058493 0.456000 26 37 35
-0.165115 -0.058365 0.455000 32 43 41
-0.163939 -0.058365 0.455000 31 42 38
-0.162762 -0.058365 0.455000 29 40 36
-0.161586 -0.058365 0.455000 30 42 34
-0.160410 -0.058365 0.455000 31 43 35
-0.159233 -0.058365 0.455000 30 42 34
-0.158057 -0.058365 0.455000 31 43 35
-0.156880 -0.058365 0.455000 31 43 35
-0.156046 -0.058493 0.456000 31 43 35
-0.154867 -0.058493 0.456000 29 43 34
-0.153688 -0.058493 0.456000 29 43 34
-0.152509 -0.058493 0.456000 29 43 34
-0.150998 -0.058365 0.455000 31 45 36
-0.149821 -0.058365 0.455000 31 45 36
-0.148645 -0.058365 0.455000 31 45 36
-0.147468 -0.058365 0.455000 30 43 38
-0.145970 -0.058237 0.454000 29 42 37
-0.144796 -0.058237 0.454000 32 43 41
-0.142990 -0.057980 0.452000 48 59 57
-0.141821 -0.057980 0.452000 82 90 89
-0.140341 -0.057852 0.451000 89 97 96
-0.139175 -0.057852 0.451000 94 100 100
-0.137703 -0.057724 0.450000 98 104 104
-0.136539 -0.057724 0.450000 92 105 102
-0.135376 -0.057724 0.450000 93 106 103
-0.133616 -0.057467 0.448000 91 103 95
-0.132162 -0.057339 0.447000 73 85 77
-0.130420 -0.057082 0.445000 53 68 54
-0.129269 -0.057082 0.445000 46 61 47
-0.127830 -0.056954 0.444000 51 59 48
-0.125826 -0.056569 0.441000 50 58 47
-0.119908 -0.055415 0.432000 32 41 32
-0.118516 -0.055286 0.431000 34 43 34
-0.117129 -0.055158 0.430000 30 42 32
-0.116017 -0.055158 0.430000 26 38 28
-0.114905 -0.055158 0.430000 23 39 30
-0.113793 -0.055158 0.430000 23 39 30
-0.112419 -0.055030 0.429000 23 39 30
-0.111310 -0.055030 0.429000 21 37 28
-0.110201 -0.055030 0.429000 21 37 26
-0.109092 -0.055030 0.429000 22 38 27
-0.108234 -0.055158 0.430000 22 38 27
-0.107122 -0.055158 0.430000 22 38 27
-0.106010 -0.055158 0.430000 24 39 25
-0.104898 -0.055158 0.430000 22 37 23
-0.103787 -0.055158 0.430000 24 37 24
-0.102914 -0.055286 0.431000 24 37 24
-0.096188 -0.059391 0.463000 81 86 76
-0.094581 -0.059135 0.461000 31 40 31
-0.093389 -0.059135 0.461000 35 44 35
-0.092197 -0.059135 0.461000 32 44 34
-0.065539 -0.042587 0.332000 24 36 26
-0.064486 -0.042459 0.331000 18 27 18
-0.063630 -0.042459 0.331000 18 27 18
-0.062774 -0.042459 0.331000 21 30 21
-0.085676 -0.058750 0.458000 26 35 26
-0.084491 -0.058750 0.458000 35 44 35
-0.083307 -0.058750 0.458000 29 38 29
0.065995 -0.059904 0.467000 61 81 64
0.067202 -0.059904 0.467000 60 80 63
0.068410 -0.059904 0.467000 58 85 54
0.069468 -0.059776 0.466000 59 86 55
0.070673 -0.059776 0.466000 55 87 50
0.071878 -0.059776 0.466000 56 88 51
0.073083 -0.059776 0.466000 51 83 44
0.074128 -0.059648 0.465000 50 82 43
0.075331 -0.059648 0.465000 50 82 45
0.076533 -0.059648 0.465000 54 86 49
0.077568 -0.059519 0.464000 53 85 48
0.078768 -0.059519 0.464000 55 87 50
0.079968 -0.059519 0.464000 59 91 52
0.081343 -0.059648 0.465000 58 90 51
0.082545 -0.059648 0.465000 61 91 52
0.083747 -0.059648 0.465000 64 94 55
0.084950 -0.059648 0.465000 84 103 75
0.089566 -0.059519 0.464000 89 102 99
0.090766 -0.059519 0.464000 60 73 70
0.091767 -0.059391 0.463000 16 30 32
0.092964 -0.059391 0.463000 19 33 35
0.094162 -0.059391 0.463000 24 42 40
0.095359 -0.059391 0.463000 33 51 49
0.096556 -0.059391 0.463000 32 52 49
0.097753 -0.059391 0.463000 38 58 55
0.098950 -0.059391 0.463000 30 50 47
0.100147 -0.059391 0.463000 30 50 47
0.101345 -0.059391 0.463000 52 65 64
0.102320 -0.059263 0.462000 67 80 79
0.108066 -0.058493 0.456000 136 143 137
0.109245 -0.058493 0.456000 75 83 84
0.110424 -0.058493 0.456000 20 28 29
0.111848 -0.058621 0.457000 26 40 42
0.113524 -0.058878 0.459000 29 43 45
0.116655 -0.059263 0.462000 30 44 46
-0.278208 -0.054673 0.435000 68 77 70
-0.277083 -0.054673 0.435000 39 48 41
-0.275959 -0.054673 0.435000 31 44 43
-0.274202 -0.054547 0.434000 36 49 48
-0.273080 -0.054547 0.434000 35 48 47
-0.271958 -0.054547 0.434000 35 48 47
-0.270835 -0.054547 0.434000 37 52 47
-0.269092 -0.054422 0.433000 43 58 53
-0.267972 -0.054422 0.433000 44 58 49
-0.266236 -0.054296 0.432000 46 60 51
-0.265119 -0.054296 0.432000 49 63 54
-0.263391 -0.054170 0.431000 49 63 54
-0.262277 -0.054170 0.431000 39 52 47
-0.260556 -0.054045 0.430000 38 51 46
-0.259444 -0.054045 0.430000 33 44 40
-0.258333 -0.054045 0.430000 33 44 40
-0.257221 -0.054045 0.430000 35 48 43
-0.255513 -0.053919 0.429000 38 51 46
-0.254404 -0.053919 0.429000 40 54 45
-0.253295 -0.053919 0.429000 40 54 45
-0.242087 -0.058444 0.465000 150 153 152
-0.240885 -0.058444 0.465000 158 161 160
-0.211117 -0.058192 0.463000 142 146 139
-0.209919 -0.058192 0.463000 147 154 148
-0.209173 -0.058318 0.464000 145 152 146
-0.207973 -0.058318 0.464000 139 146 138
-0.185173 -0.057941 0.461000 142 146 141
-0.183981 -0.057941 0.461000 126 130 125
-0.182789 -0.057941 0.461000 106 112 110
-0.181203 -0.057815 0.460000 103 109 107
-0.179622 -0.057690 0.459000 80 95 94
-0.178047 -0.057564 0.458000 64 79 78
-0.176476 -0.057438 0.457000 80 92 94
-0.175294 -0.057438 0.457000 76 88 90
-0.173732 -0.057312 0.456000 52 64 66
-0.172553 -0.057312 0.456000 42 54 56
-0.171374 -0.057312 0.456000 34 45 45
-0.169821 -0.057187 0.455000 27 38 38
-0.168645 -0.057187 0.455000 27 38 36
-0.167468 -0.057187 0.455000 31 42 40
-0.166292 -0.057187 0.455000 32 43 41
-0.165115 -0.057187 0.455000 33 44 42
-0.163939 -0.057187 0.455000 29 40 36
-0.162762 -0.057187 0.455000 29 40 36
-0.161586 -0.057187 0.455000 27 38 34
-0.160410 -0.057187 0.455000 30 41 37
-0.159233 -0.057187 0.455000 29 40 36
-0.158057 -0.057187 0.455000 29 40 36
-0.156880 -0.057187 0.455000 28 42 33
-0.155704 -0.057187 0.455000 29 43 34
-0.154867 -0.057312 0.456000 30 44 35
-0.153688 -0.057312 0.456000 32 46 37
-0.152509 -0.057312 0.456000 32 46 37
-0.150998 -0.057187 0.455000 31 45 36
-0.149821 -0.057187 0.455000 26 39 34
-0.148645 -0.057187 0.455000 28 41 36
-0.147468 -0.057187 0.455000 43 56 51
-0.145970 -0.057061 0.454000 63 76 71
-0.144477 -0.056935 0.453000 83 91 88
-0.142990 -0.056810 0.452000 85 93 90
-0.141821 -0.056810 0.452000 90 98 95
-0.140341 -0.056684 0.451000 96 104 101
-0.138866 -0.056558 0.450000 98 106 103
-0.137703 -0.056558 0.450000 90 98 95
-0.136539 -0.056558 0.450000 65 76 74
-0.135075 -0.056433 0.449000 57 68 66
-0.133616 -0.056307 0.448000 53 66 63
-0.132162 -0.056181 0.447000 50 63 60
-0.120464 -0.054045 0.430000 36 40 33
-0.117966 -0.053919 0.429000 31 40 31
-0.116856 -0.053919 0.429000 29 41 31
-0.115747 -0.053919 0.429000 26 38 28
-0.114638 -0.053919 0.429000 22 38 27
-0.113529 -0.053919 0.429000 22 38 27
-0.112419 -0.053919 0.429000 21 37 28
-0.111310 -0.053919 0.429000 21 37 28
-0.110201 -0.053919 0.429000 21 37 28
-0.109092 -0.053919 0.429000 22 38 29
-0.107982 -0.053919 0.429000 22 38 29
-0.106873 -0.053919 0.429000 23 39 30
-0.105764 -0.053919 0.429000 24 38 29
-0.104898 -0.054045 0.430000 32 46 37
-0.103787 -0.054045 0.430000 29 38 29
-0.102675 -0.054045 0.430000 24 33 24
-0.097596 -0.058318 0.464000 100 108 97
-0.096188 -0.058192 0.463000 43 51 40
-0.094786 -0.058067 0.462000 28 37 30
-0.093389 -0.057941 0.461000 34 43 36
-0.092197 -0.057941 0.461000 22 34 24
-0.091005 -0.057941 0.461000 19 31 21
-0.089618 -0.057815 0.460000 19 28 19
-0.088236 -0.057690 0.459000 22 31 22
-0.087050 -0.057690 0.459000 24 33 24
-0.085676 -0.057564 0.458000 35 44 35
-0.084491 -0.057564 0.458000 43 52 43
-0.082123 -0.057564 0.458000 24 36 28
0.065995 -0.058695 0.467000 67 82 68
0.067202 -0.058695 0.467000 64 79 65
0.068410 -0.058695 0.467000 57 83 57
0.069617 -0.058695 0.467000 58 84 58
0.070673 -0.058569 0.466000 54 86 49
0.071878 -0.058569 0.466000 57 89 52
0.073083 -0.058569 0.466000 56 89 47
0.074128 -0.058444 0.465000 53 86 44
0.075169 -0.058318 0.464000 50 83 41
0.076369 -0.058318 0.464000 50 83 41
0.077568 -0.058318 0.464000 57 89 52
0.078598 -0.058192 0.463000 53 85 48
0.079795 -0.058192 0.463000 54 86 47
0.080993 -0.058192 0.463000 56 88 49
0.082012 -0.058067 0.462000 58 91 49
0.083207 -0.058067 0.462000 59 92 50
0.087985 -0.058067 0.462000 87 102 86
0.089180 -0.058067 0.462000 38 50 52
0.090374 -0.058067 0.462000 23 35 37
0.091569 -0.058067 0.462000 20 37 40
0.092764 -0.058067 0.462000 28 45 48
0.093958 -0.058067 0.462000 34 51 52
0.095153 -0.058067 0.462000 36 53 54
0.096556 -0.058192 0.463000 42 59 60
0.097753 -0.058192 0.463000 34 51 52
0.098950 -0.058192 0.463000 33 51 49
0.100147 -0.058192 0.463000 49 67 65
0.101126 -0.058067 0.462000 61 74 73
0.108066 -0.057312 0.456000 136 142 140
0.109005 -0.057187 0.455000 55 63 64
0.110424 -0.057312 0.456000 25 33 34
0.111603 -0.057312 0.456000 27 41 43
0.113029 -0.057438 0.457000 31 45 47
0.115211 -0.057941 0.461000 38 52 54
-0.275959 -0.053547 0.435000 53 61 60
-0.274834 -0.053547 0.435000 35 43 42
-0.273080 -0.053424 0.434000 35 48 45
-0.271958 -0.053424 0.434000 36 49 46
-0.270211 -0.053301 0.433000 35 48 43
-0.269092 -0.053301 0.433000 38 51 46
-0.267972 -0.053301 0.433000 45 59 50
-0.266236 -0.053178 0.432000 44 58 49
-0.264506 -0.053054 0.431000 45 59 50
-0.263391 -0.053054 0.431000 47 61 52
-0.261668 -0.052931 0.430000 45 58 53
-0.260556 -0.052931 0.430000 43 56 51
-0.259444 -0.052931 0.430000 38 51 48
-0.257732 -0.052808 0.429000 36 49 46
-0.256623 -0.052808 0.429000 36 49 48
-0.255513 -0.052808 0.429000 36 49 48
-0.254404 -0.052808 0.429000 37 50 45
-0.253295 -0.052808 0.429000 38 51 46
-0.252186 -0.052808 0.429000 40 52 44
-0.211117 -0.056993 0.463000 138 145 139
-0.209919 -0.056993 0.463000 147 154 148
-0.209173 -0.057117 0.464000 146 153 147
-0.207973 -0.057117 0.464000 139 146 138
-0.188749 -0.056747 0.461000 128 133 123
-0.187557 -0.056747 0.461000 107 113 111
-0.186365 -0.056747 0.461000 99 105 103
-0.184771 -0.056624 0.460000 93 99 99
-0.183582 -0.056624 0.460000 76 82 82
-0.181996 -0.056501 0.459000 93 101 102
-0.180415 -0.056378 0.458000 105 113 114
-0.178839 -0.056255 0.457000 78 95 96
-0.177658 -0.056255 0.457000 69 86 87
-0.176090 -0.056132 0.456000 59 74 73
-0.174911 -0.056132 0.456000 24 39 38
-0.173351 -0.056009 0.455000 25 38 37
-0.172174 -0.056009 0.455000 28 41 40
-0.170998 -0.056009 0.455000 31 44 43
-0.169821 -0.056009 0.455000 31 44 43
-0.168645 -0.056009 0.455000 29 42 39
-0.167468 -0.056009 0.455000 29 42 39
-0.166292 -0.056009 0.455000 29 42 39
-0.165115 -0.056009 0.455000 32 45 42
-0.163939 -0.056009 0.455000 28 41 36
-0.162762 -0.056009 0.455000 26 39 34
-0.161586 -0.056009 0.455000 26 40 31
-0.160410 -0.056009 0.455000 29 43 34
-0.159233 -0.056009 0.455000 29 42 37
-0.158057 -0.056009 0.455000 28 41 36
-0.156880 -0.056009 0.455000 29 42 37
-0.155704 -0.056009 0.455000 29 42 37
-0.154867 -0.056132 0.456000 31 44 39
-0.153688 -0.056132 0.456000 30 43 38
-0.152509 -0.056132 0.456000 29 42 37
-0.151329 -0.056132 0.456000 36 49 44
-0.149821 -0.056009 0.455000 55 66 62
-0.148645 -0.056009 0.455000 72 83 79
-0.147468 -0.056009 0.455000 83 94 90
-0.145970 -0.055886 0.454000 90 101 97
-0.144477 -0.055763 0.453000 93 102 95
-0.142990 -0.055639 0.452000 88 97 90
-0.141507 -0.055516 0.451000 81 90 83
-0.140341 -0.055516 0.451000 75 84 77
-0.138866 -0.055393 0.450000 57 68 64
-0.137703 -0.055393 0.450000 50 61 57
-0.136236 -0.055270 0.449000 52 65 60
-0.135075 -0.055270 0.449000 49 62 57
-0.122403 -0.052808 0.429000 26 40 31
-0.121293 -0.052808 0.429000 26 38 28
-0.119904 -0.052685 0.428000 29 41 31
-0.118797 -0.052685 0.428000 30 42 32
-0.117416 -0.052562 0.427000 26 38 28
-0.116584 -0.052685 0.428000 27 39 29
-0.115477 -0.052685 0.428000 25 37 27
-0.114371 -0.052685 0.428000 24 38 27
-0.113264 -0.052685 0.428000 24 38 27
-0.112157 -0.052685 0.428000 22 38 29
-0.111051 -0.052685 0.428000 22 38 29
-0.110201 -0.052808 0.429000 21 37 28
-0.109092 -0.052808 0.429000 21 37 28
-0.107982 -0.052808 0.429000 21 37 28
-0.106873 -0.052808 0.429000 21 37 28
-0.105764 -0.052808 0.429000 23 35 27
-0.097596 -0.057117 0.464000 77 86 77
-0.096396 -0.057117 0.464000 27 36 27
-0.094991 -0.056993 0.463000 32 44 36
-0.093591 -0.056870 0.462000 29 41 33
-0.092197 -0.056747 0.461000 18 30 20
-0.091005 -0.056747 0.461000 19 31 21
-0.089618 -0.056624 0.460000 21 30 21
-0.088236 -0.056501 0.459000 21 30 21
-0.087050 -0.056501 0.459000 29 38 29
-0.085676 -0.056378 0.458000 42 51 42
-0.084307 -0.056255 0.457000 47 56 47
-0.083125 -0.056255 0.457000 29 38 29
-0.081944 -0.056255 0.457000 25 37 29
-0.080762 -0.056255 0.457000 20 32 24
-0.079580 -0.056255 0.457000 23 30 24
0.067202 -0.057486 0.467000 65 78 63
0.068410 -0.057486 0.467000 57 78 56
0.069617 -0.057486 0.467000 59 80 58
0.070825 -0.057486 0.467000 56 85 51
0.071878 -0.057363 0.466000 57 86 52
0.073083 -0.057363 0.466000 55 88 44
0.074128 -0.057240 0.465000 56 89 45
0.075169 -0.057117 0.464000 54 87 43
0.076369 -0.057117 0.464000 51 84 40
0.077401 -0.056993 0.463000 57 90 48
0.078429 -0.056870 0.462000 58 91 49
0.079623 -0.056870 0.462000 51 84 42
0.080818 -0.056870 0.462000 55 88 46
0.082012 -0.056870 0.462000 57 90 48
0.083207 -0.056870 0.462000 57 90 48
0.085411 -0.056747 0.461000 59 88 54
0.086603 -0.056747 0.461000 67 83 72
0.087795 -0.056747 0.461000 27 43 32
0.088987 -0.056747 0.461000 23 33 36
0.090374 -0.056870 0.462000 26 36 39
0.091569 -0.056870 0.462000 31 48 51
0.092764 -0.056870 0.462000 34 51 54
0.093958 -0.056870 0.462000 39 56 57
0.095153 -0.056870 0.462000 40 57 58
0.096556 -0.056993 0.463000 36 53 54
0.097753 -0.056993 0.463000 38 55 56
0.098950 -0.056993 0.463000 51 65 67
0.100147 -0.056993 0.463000 66 80 82
0.101126 -0.056870 0.462000 64 77 76
0.107829 -0.056009 0.455000 136 142 140
0.109005 -0.056009 0.455000 36 46 49
0.110182 -0.056009 0.455000 30 40 43
0.111603 -0.056132 0.456000 29 43 45
0.112782 -0.056132 0.456000 31 45 47
0.114961 -0.056624 0.460000 35 50 49
-0.273709 -0.052420 0.435000 41 49 46
-0.271958 -0.052300 0.434000 38 46 43
-0.270835 -0.052300 0.434000 31 44 39
-0.269713 -0.052300 0.434000 32 45 40
-0.267972 -0.052179 0.433000 35 50 45
-0.266236 -0.052059 0.432000 41 56 51
-0.264506 -0.051938 0.431000 46 59 54
-0.263391 -0.051938 0.431000 44 57 52
-0.261668 -0.051818 0.430000 45 58 53
-0.260556 -0.051818 0.430000 47 60 55
-0.259444 -0.051818 0.430000 44 57 56
-0.257732 -0.051697 0.429000 42 55 54
-0.256623 -0.051697 0.429000 40 50 53
-0.255513 -0.051697 0.429000 39 49 52
-0.254404 -0.051697 0.429000 36 49 48
-0.252704 -0.051577 0.428000 35 48 47
-0.251010 -0.051456 0.427000 35 48 43
-0.249906 -0.051456 0.427000 36 49 44
-0.248802 -0.051456 0.427000 45 57 47
-0.210661 -0.055674 0.462000 139 146 138
-0.209919 -0.055795 0.463000 147 153 151
-0.209173 -0.055915 0.464000 149 155 153
-0.207973 -0.055915 0.464000 139 146 140
-0.193517 -0.055554 0.461000 128 136 133
-0.192325 -0.055554 0.461000 106 115 108
-0.191133 -0.055554 0.461000 85 94 87
-0.189529 -0.055433 0.460000 91 98 90
-0.188339 -0.055433 0.460000 101 108 100
-0.186743 -0.055313 0.459000 90 96 96
-0.185556 -0.055313 0.459000 83 89 89
-0.183968 -0.055192 0.458000 81 89 90
-0.182783 -0.055192 0.458000 68 76 77
-0.181203 -0.055072 0.457000 69 82 81
-0.179627 -0.054951 0.456000 46 59 58
-0.178448 -0.054951 0.456000 24 42 40
-0.177269 -0.054951 0.456000 22 40 38
-0.175704 -0.054831 0.455000 22 37 34
-0.174527 -0.054831 0.455000 27 42 39
-0.172970 -0.054710 0.454000 28 43 40
-0.171796 -0.054710 0.454000 28 43 40
-0.170622 -0.054710 0.454000 26 41 40
-0.169448 -0.054710 0.454000 24 39 38
-0.168274 -0.054710 0.454000 24 39 36
-0.166292 -0.054831 0.455000 29 42 39
-0.165115 -0.054831 0.455000 30 43 40
-0.163939 -0.054831 0.455000 26 39 34
-0.162762 -0.054831 0.455000 25 38 33
-0.161586 -0.054831 0.455000 28 42 33
-0.160410 -0.054831 0.455000 28 42 33
-0.159233 -0.054831 0.455000 27 43 34
-0.158057 -0.054831 0.455000 28 44 35
-0.156880 -0.054831 0.455000 29 45 36
-0.155704 -0.054831 0.455000 26 42 33
-0.154867 -0.054951 0.456000 31 45 36
-0.153688 -0.054951 0.456000 40 54 45
-0.152509 -0.054951 0.456000 60 73 68
-0.150998 -0.054831 0.455000 73 86 81
-0.149821 -0.054831 0.455000 81 92 88
-0.148645 -0.054831 0.455000 80 91 87
-0.147468 -0.054831 0.455000 83 95 87
-0.145970 -0.054710 0.454000 76 88 80
-0.144477 -0.054590 0.453000 70 79 72
-0.142990 -0.054469 0.452000 63 72 65
-0.141507 -0.054349 0.451000 48 59 55
-0.140341 -0.054349 0.451000 46 57 53
-0.138866 -0.054228 0.450000 49 62 57
-0.137703 -0.054228 0.450000 46 59 54
-0.124331 -0.051577 0.428000 28 43 40
-0.122936 -0.051456 0.427000 27 42 37
-0.121547 -0.051336 0.426000 24 39 34
-0.120445 -0.051336 0.426000 26 40 31
-0.119344 -0.051336 0.426000 28 42 33
-0.118242 -0.051336 0.426000 30 44 35
-0.117141 -0.051336 0.426000 25 39 30
-0.116039 -0.051336 0.426000 25 39 30
-0.114938 -0.051336 0.426000 25 39 30
-0.114103 -0.051456 0.427000 24 38 29
-0.112999 -0.051456 0.427000 24 38 29
-0.111895 -0.051456 0.427000 24 38 29
-0.110791 -0.051456 0.427000 25 39 30
-0.109944 -0.051577 0.428000 21 39 33
-0.108837 -0.051577 0.428000 22 40 34
-0.107731 -0.051577 0.428000 25 37 29
-0.099009 -0.056036 0.465000 106 114 103
-0.097806 -0.056036 0.465000 38 50 42
-0.096396 -0.055915 0.464000 26 38 30
-0.095196 -0.055915 0.464000 31 45 36
-0.093794 -0.055795 0.463000 22 36 27
-0.092397 -0.055674 0.462000 19 31 21
-0.091005 -0.055554 0.461000 19 31 21
-0.089813 -0.055554 0.461000 24 33 24
-0.088429 -0.055433 0.460000 22 31 22
-0.087050 -0.055313 0.459000 44 51 43
-0.085676 -0.055192 0.458000 46 53 45
-0.084307 -0.055072 0.457000 47 56 47
-0.082943 -0.054951 0.456000 45 54 45
-0.081944 -0.055072 0.457000 24 36 28
-0.080585 -0.054951 0.456000 23 35 27
-0.079406 -0.054951 0.456000 17 25 22
-0.078227 -0.054951 0.456000 71 79 76
0.067202 -0.056277 0.467000 76 89 74
0.068410 -0.056277 0.467000 61 76 58
0.069617 -0.056277 0.467000 63 78 60
0.070825 -0.056277 0.467000 58 82 52
0.071878 -0.056156 0.466000 60 84 54
0.073083 -0.056156 0.466000 57 90 48
0.074128 -0.056036 0.465000 58 91 49
0.075169 -0.055915 0.464000 56 92 47
0.076204 -0.055795 0.463000 53 89 44
0.077234 -0.055674 0.462000 42 78 33
0.078429 -0.055674 0.462000 64 100 55
0.079451 -0.055554 0.461000 57 93 50
0.080643 -0.055554 0.461000 52 88 45
0.081835 -0.055554 0.461000 55 87 50
0.083027 -0.055554 0.461000 61 93 56
0.084219 -0.055554 0.461000 59 82 59
0.085411 -0.055554 0.461000 27 50 27
0.086603 -0.055554 0.461000 16 32 23
0.087795 -0.055554 0.461000 21 37 28
0.088987 -0.055554 0.461000 31 43 45
0.090179 -0.055554 0.461000 38 50 52
0.091569 -0.055674 0.462000 40 57 60
0.092764 -0.055674 0.462000 38 55 58
0.093958 -0.055674 0.462000 37 56 58
0.095359 -0.055795 0.463000 33 52 54
0.096556 -0.055795 0.463000 40 58 56
0.097753 -0.055795 0.463000 55 73 71
0.098950 -0.055795 0.463000 64 78 80
0.107829 -0.054831 0.455000 125 132 126
0.108766 -0.054710 0.454000 23 38 37
0.110182 -0.054831 0.455000 28 43 42
0.111358 -0.054831 0.455000 28 45 46
0.112782 -0.054951 0.456000 36 53 54
0.114711 -0.055313 0.459000 33 48 47
-0.271459 -0.051294 0.435000 40 52 44
-0.269713 -0.051176 0.434000 30 42 34
-0.267972 -0.051058 0.433000 31 44 39
-0.266236 -0.050940 0.432000 37 50 45
-0.264506 -0.050822 0.431000 40 55 52
-0.262780 -0.050705 0.430000 45 60 57
-0.261668 -0.050705 0.430000 39 57 53
-0.260556 -0.050705 0.430000 43 61 57
-0.259444 -0.050705 0.430000 43 61 59
-0.257732 -0.050587 0.429000 43 61 59
-0.256623 -0.050587 0.429000 46 59 58
-0.255513 -0.050587 0.429000 40 53 52
-0.253811 -0.050469 0.428000 38 50 52
-0.252704 -0.050469 0.428000 37 49 51
-0.251010 -0.050351 0.427000 35 48 45
-0.249321 -0.050233 0.426000 32 45 42
-0.248219 -0.050233 0.426000 38 52 43
-0.246537 -0.050115 0.425000 38 52 43
-0.245439 -0.050115 0.425000 43 54 50
-0.244340 -0.050115 0.425000 46 57 53
-0.210661 -0.054478 0.462000 135 144 135
-0.206774 -0.054714 0.464000 141 147 145
-0.197093 -0.054360 0.461000 113 117 112
-0.195901 -0.054360 0.461000 92 96 91
-0.194286 -0.054242 0.460000 89 102 101
-0.193097 -0.054242 0.460000 90 103 102
-0.191490 -0.054124 0.459000 92 107 104
-0.189889 -0.054006 0.458000 88 103 100
-0.188705 -0.054006 0.458000 72 81 74
-0.187111 -0.053888 0.457000 61 70 63
-0.184748 -0.053888 0.457000 53 59 59
-0.183164 -0.053770 0.456000 29 37 38
-0.181985 -0.053770 0.456000 33 41 42
-0.180806 -0.053770 0.456000 32 43 41
-0.179627 -0.053770 0.456000 31 42 40
-0.178057 -0.053653 0.455000 29 44 41
-0.176880 -0.053653 0.455000 28 43 40
-0.175318 -0.053535 0.454000 30 43 40
-0.174144 -0.053535 0.454000 31 44 41
-0.172970 -0.053535 0.454000 29 42 39
-0.171796 -0.053535 0.454000 30 43 40
-0.170622 -0.053535 0.454000 28 41 38
-0.169448 -0.053535 0.454000 24 37 34
-0.168274 -0.053535 0.454000 25 38 35
-0.166292 -0.053653 0.455000 28 41 38
-0.165115 -0.053653 0.455000 28 41 38
-0.163939 -0.053653 0.455000 28 41 38
-0.162762 -0.053653 0.455000 28 41 38
-0.161586 -0.053653 0.455000 30 43 38
-0.160410 -0.053653 0.455000 29 42 37
-0.159233 -0.053653 0.455000 33 47 38
-0.158057 -0.053653 0.455000 37 51 42
-0.156880 -0.053653 0.455000 43 57 48
-0.155704 -0.053653 0.455000 53 67 58
-0.154867 -0.053770 0.456000 67 81 72
-0.153688 -0.053770 0.456000 76 90 81
-0.152509 -0.053770 0.456000 79 92 87
-0.151329 -0.053770 0.456000 73 86 81
-0.149821 -0.053653 0.455000 69 82 77
-0.148645 -0.053653 0.455000 58 71 66
-0.147144 -0.053535 0.454000 55 67 59
-0.145970 -0.053535 0.454000 52 64 56
-0.144477 -0.053417 0.453000 50 62 54
-0.142990 -0.053299 0.452000 46 58 50
-0.141507 -0.053181 0.451000 42 56 47
-0.140341 -0.053181 0.451000 38 52 43
-0.125361 -0.049997 0.424000 28 41 36
-0.124265 -0.049997 0.424000 28 41 36
-0.123169 -0.049997 0.424000 29 42 37
-0.121261 -0.050115 0.425000 29 42 37
-0.120162 -0.050115 0.425000 28 41 38
-0.119063 -0.050115 0.425000 28 41 38
-0.117965 -0.050115 0.425000 26 39 34
-0.116866 -0.050115 0.425000 24 37 32
-0.116039 -0.050233 0.426000 24 37 32
-0.114938 -0.050233 0.426000 26 39 34
-0.113836 -0.050233 0.426000 29 40 36
-0.112735 -0.050233 0.426000 29 40 36
-0.111633 -0.050233 0.426000 28 41 36
-0.110791 -0.050351 0.427000 25 38 33
-0.109687 -0.050351 0.427000 23 36 31
-0.108583 -0.050351 0.427000 30 43 38
-0.107479 -0.050351 0.427000 53 60 52
-0.099009 -0.054832 0.465000 74 83 74
-0.097596 -0.054714 0.464000 20 31 27
-0.096396 -0.054714 0.464000 32 43 39
-0.095196 -0.054714 0.464000 28 42 33
-0.093794 -0.054596 0.463000 21 35 26
-0.092397 -0.054478 0.462000 19 31 21
-0.091005 -0.054360 0.461000 19 31 21
-0.089813 -0.054360 0.461000 23 30 22
-0.088429 -0.054242 0.460000 34 41 33
-0.087050 -0.054124 0.459000 79 84 74
-0.085489 -0.053888 0.457000 75 80 70
-0.084307 -0.053888 0.457000 38 48 36
-0.082943 -0.053770 0.456000 50 60 48
-0.081764 -0.053770 0.456000 33 45 37
-0.080585 -0.053770 0.456000 23 35 27
-0.079406 -0.053770 0.456000 22 33 29
-0.078056 -0.053653 0.455000 23 34 30
-0.076879 -0.053653 0.455000 91 98 90
-0.074526 -0.053653 0.455000 65 78 63
0.068410 -0.055068 0.467000 75 88 73
0.069617 -0.055068 0.467000 66 79 64
0.070825 -0.055068 0.467000 62 80 57
0.071878 -0.054950 0.466000 61 79 56
0.073083 -0.054950 0.466000 56 85 51
0.073969 -0.054714 0.464000 59 88 54
0.075007 -0.054596 0.463000 55 91 46
0.076039 -0.054478 0.462000 55 91 46
0.077234 -0.054478 0.462000 46 84 38
0.078259 -0.054360 0.461000 46 84 38
0.079451 -0.054360 0.461000 70 104 69
0.080468 -0.054242 0.460000 54 88 53
0.081657 -0.054242 0.460000 53 81 54
0.082847 -0.054242 0.460000 45 73 46
0.084036 -0.054242 0.460000 20 40 25
0.085226 -0.054242 0.460000 20 40 25
0.086415 -0.054242 0.460000 26 40 31
0.087795 -0.054360 0.461000 36 50 41
0.088987 -0.054360 0.461000 38 51 48
0.090179 -0.054360 0.461000 42 55 52
0.091569 -0.054478 0.462000 41 55 57
0.092764 -0.054478 0.462000 35 49 51
0.094162 -0.054596 0.463000 34 49 48
0.095359 -0.054596 0.463000 64 79 78
0.096764 -0.054714 0.464000 64 78 80
0.097964 -0.054714 0.464000 61 75 77
0.106418 -0.053535 0.454000 135 143 140
0.107592 -0.053535 0.454000 102 110 107
0.108766 -0.053535 0.454000 19 33 35
0.109940 -0.053535 0.454000 29 43 45
0.111358 -0.053653 0.455000 29 46 47
0.112782 -0.053770 0.456000 38 55 56
0.114711 -0.054124 0.459000 29 44 41
-0.268591 -0.050053 0.434000 32 45 40
-0.267469 -0.050053 0.434000 32 45 40
-0.265733 -0.049937 0.433000 36 51 48
-0.263391 -0.049707 0.431000 40 55 52
-0.261668 -0.049591 0.430000 41 59 55
-0.260556 -0.049591 0.430000 40 58 54
-0.258841 -0.049476 0.429000 40 58 54
-0.257732 -0.049476 0.429000 43 61 57
-0.256623 -0.049476 0.429000 50 63 62
-0.254918 -0.049361 0.428000 49 62 61
-0.253811 -0.049361 0.428000 44 56 58
-0.252704 -0.049361 0.428000 39 51 53
-0.251010 -0.049245 0.427000 33 48 47
-0.249906 -0.049245 0.427000 30 45 44
-0.248219 -0.049130 0.426000 33 48 45
-0.246537 -0.049015 0.425000 34 49 46
-0.245439 -0.049015 0.425000 36 51 48
-0.244340 -0.049015 0.425000 41 56 53
-0.241572 -0.048899 0.424000 46 59 58
-0.240476 -0.048899 0.424000 45 56 54
-0.239379 -0.048899 0.424000 47 58 56
-0.217055 -0.048323 0.419000 147 153 153
-0.215972 -0.048323 0.419000 162 168 166
-0.200669 -0.053166 0.461000 49 57 54
-0.199477 -0.053166 0.461000 48 54 52
-0.198285 -0.053166 0.461000 94 100 98
-0.196665 -0.053051 0.460000 79 85 83
-0.195051 -0.052936 0.459000 76 82 80
-0.193442 -0.052820 0.458000 75 88 85
-0.192257 -0.052820 0.458000 45 58 55
-0.186702 -0.052590 0.456000 29 40 36
-0.185116 -0.052474 0.455000 31 39 36
-0.183939 -0.052474 0.455000 32 40 37
-0.182763 -0.052474 0.455000 35 43 42
-0.181586 -0.052474 0.455000 36 44 43
-0.180013 -0.052359 0.454000 34 45 43
-0.178839 -0.052359 0.454000 30 41 39
-0.177665 -0.052359 0.454000 29 42 39
-0.176103 -0.052244 0.453000 30 43 40
-0.174931 -0.052244 0.453000 29 42 39
-0.173760 -0.052244 0.453000 29 42 39
-0.172589 -0.052244 0.453000 30 43 40
-0.171796 -0.052359 0.454000 30 43 40
-0.170622 -0.052359 0.454000 28 41 38
-0.169448 -0.052359 0.454000 29 42 39
-0.168274 -0.052359 0.454000 29 42 37
-0.166292 -0.052474 0.455000 30 43 38
-0.165115 -0.052474 0.455000 30 43 38
-0.163939 -0.052474 0.455000 31 44 41
-0.162762 -0.052474 0.455000 31 44 41
-0.161586 -0.052474 0.455000 32 46 37
-0.160410 -0.052474 0.455000 36 50 41
-0.159233 -0.052474 0.455000 50 64 55
-0.158057 -0.052474 0.455000 60 74 65
-0.156880 -0.052474 0.455000 69 83 74
-0.156046 -0.052590 0.456000 68 82 73
-0.154867 -0.052590 0.456000 68 82 73
-0.153688 -0.052590 0.456000 63 77 68
-0.152509 -0.052590 0.456000 58 71 66
-0.150998 -0.052474 0.455000 51 64 59
-0.149821 -0.052474 0.455000 53 66 61
-0.148645 -0.052474 0.455000 45 58 53
-0.147468 -0.052474 0.455000 45 59 50
-0.145970 -0.052359 0.454000 42 56 47
-0.127554 -0.048899 0.424000 30 45 40
-0.126458 -0.048899 0.424000 30 43 38
-0.125361 -0.048899 0.424000 28 41 36
-0.124265 -0.048899 0.424000 26 39 34
-0.123169 -0.048899 0.424000 29 42 37
-0.122072 -0.048899 0.424000 31 44 39
-0.120162 -0.049015 0.425000 29 42 39
-0.119063 -0.049015 0.425000 28 41 38
-0.117965 -0.049015 0.425000 26 39 34
-0.116866 -0.049015 0.425000 26 39 34
-0.115767 -0.049015 0.425000 24 37 32
-0.114668 -0.049015 0.425000 25 38 33
-0.113569 -0.049015 0.425000 28 36 33
-0.111633 -0.049130 0.426000 31 39 36
-0.110532 -0.049130 0.426000 42 50 47
-0.109430 -0.049130 0.426000 66 75 68
-0.108329 -0.049130 0.426000 105 114 107
-0.100211 -0.053628 0.465000 107 116 107
-0.098796 -0.053512 0.464000 31 40 31
-0.097806 -0.053628 0.465000 24 35 31
-0.096604 -0.053628 0.465000 30 41 37
-0.095196 -0.053512 0.464000 24 37 32
-0.093997 -0.053512 0.464000 22 35 30
-0.092397 -0.053282 0.462000 20 32 24
-0.091005 -0.053166 0.461000 20 32 24
-0.089813 -0.053166 0.461000 24 28 21
-0.088429 -0.053051 0.460000 50 54 47
-0.087050 -0.052936 0.459000 86 91 81
-0.084307 -0.052705 0.457000 51 59 48
-0.082943 -0.052590 0.456000 48 56 45
-0.081764 -0.052590 0.456000 43 55 47
-0.080585 -0.052590 0.456000 26 38 30
-0.079232 -0.052474 0.455000 25 37 29
-0.078056 -0.052474 0.455000 19 31 23
-0.076879 -0.052474 0.455000 38 47 38
-0.075703 -0.052474 0.455000 90 99 90
-0.074526 -0.052474 0.455000 57 74 56
-0.067311 -0.053282 0.462000 100 126 100
0.069617 -0.053858 0.467000 76 89 74
0.070673 -0.053743 0.466000 65 82 64
0.071878 -0.053743 0.466000 61 78 60
0.072769 -0.053512 0.464000 57 84 55
0.073810 -0.053397 0.463000 58 85 56
0.074845 -0.053282 0.462000 53 89 46
0.075875 -0.053166 0.461000 53 89 46
0.077067 -0.053166 0.461000 51 87 42
0.078089 -0.053051 0.460000 35 71 26
0.079278 -0.053051 0.460000 42 73 41
0.080118 -0.052820 0.458000 63 94 62
0.081302 -0.052820 0.458000 35 59 45
0.083853 -0.052936 0.459000 20 39 27
0.085040 -0.052936 0.459000 24 43 31
0.086415 -0.053051 0.460000 40 54 45
0.087604 -0.053051 0.460000 40 54 45
0.088987 -0.053166 0.461000 40 53 50
0.090179 -0.053166 0.461000 42 55 52
0.091569 -0.053282 0.462000 32 45 44
0.092764 -0.053282 0.462000 44 57 56
0.094162 -0.053397 0.463000 85 98 97
0.095565 -0.053512 0.464000 99 112 111
0.096764 -0.053512 0.464000 63 77 79
0.106418 -0.052359 0.454000 139 147 146
0.107355 -0.052244 0.453000 78 86 85
0.108526 -0.052244 0.453000 21 35 37
0.109697 -0.052244 0.453000 26 40 42
0.111358 -0.052474 0.455000 34 51 52
0.112782 -0.052590 0.456000 39 56 57
0.114711 -0.052936 0.459000 29 44 41
-0.268085 -0.049042 0.435000 49 63 54
-0.266347 -0.048929 0.434000 37 50 47
-0.265224 -0.048929 0.434000 33 46 43
-0.263494 -0.048816 0.433000 38 53 50
-0.261162 -0.048591 0.431000 42 57 54
-0.258841 -0.048365 0.429000 47 60 57
-0.257732 -0.048365 0.429000 44 57 54
-0.256623 -0.048365 0.429000 46 57 55
-0.254918 -0.048252 0.428000 47 58 56
-0.253811 -0.048252 0.428000 46 59 58
-0.252114 -0.048140 0.427000 45 58 57
-0.251010 -0.048140 0.427000 40 54 58
-0.249906 -0.048140 0.427000 31 45 49
-0.248219 -0.048027 0.426000 30 45 44
-0.246537 -0.047914 0.425000 31 46 45
-0.245439 -0.047914 0.425000 33 48 47
-0.244340 -0.047914 0.425000 35 50 49
-0.243241 -0.047914 0.425000 38 51 50
-0.242142 -0.047914 0.425000 43 56 55
-0.240476 -0.047801 0.424000 46 59 58
-0.239379 -0.047801 0.424000 50 63 62
-0.236627 -0.047689 0.423000 54 65 63
-0.234977 -0.047576 0.422000 55 67 59
-0.233331 -0.047463 0.421000 60 72 64
-0.231691 -0.047350 0.420000 57 69 61
-0.230605 -0.047350 0.420000 50 62 54
-0.229519 -0.047350 0.420000 47 59 51
-0.228433 -0.047350 0.420000 52 64 56
-0.227347 -0.047350 0.420000 54 67 62
-0.225723 -0.047238 0.419000 58 71 66
-0.224639 -0.047238 0.419000 64 77 74
-0.223556 -0.047238 0.419000 79 92 89
-0.222472 -0.047238 0.419000 97 105 104
-0.221389 -0.047238 0.419000 106 114 113
-0.217055 -0.047238 0.419000 157 163 165
-0.215972 -0.047238 0.419000 156 163 157
-0.214889 -0.047238 0.419000 168 175 169
-0.200669 -0.051973 0.461000 41 49 48
-0.199477 -0.051973 0.461000 39 48 41
-0.197855 -0.051860 0.460000 57 66 59
-0.195810 -0.051635 0.458000 45 54 47
-0.187057 -0.051184 0.454000 31 44 39
-0.185473 -0.051071 0.453000 31 44 39
-0.184302 -0.051071 0.453000 31 43 35
-0.183131 -0.051071 0.453000 30 42 34
-0.181558 -0.050958 0.452000 30 42 34
-0.180389 -0.050958 0.452000 31 43 35
-0.179220 -0.050958 0.452000 29 41 33
-0.178051 -0.050958 0.452000 30 42 34
-0.176883 -0.050958 0.452000 29 40 36
-0.175714 -0.050958 0.452000 31 42 38
-0.174931 -0.051071 0.453000 28 41 38
-0.173760 -0.051071 0.453000 28 41 38
-0.172589 -0.051071 0.453000 30 43 40
-0.171418 -0.051071 0.453000 28 41 38
-0.170622 -0.051184 0.454000 30 43 38
-0.169448 -0.051184 0.454000 30 43 38
-0.168274 -0.051184 0.454000 32 45 40
-0.166292 -0.051296 0.455000 35 48 43
-0.165115 -0.051296 0.455000 33 46 41
-0.163939 -0.051296 0.455000 37 50 45
-0.162762 -0.051296 0.455000 43 56 51
-0.161586 -0.051296 0.455000 49 65 56
-0.160410 -0.051296 0.455000 55 71 62
-0.159233 -0.051296 0.455000 58 74 63
-0.158057 -0.051296 0.455000 54 70 59
-0.156880 -0.051296 0.455000 53 67 56
-0.156046 -0.051409 0.456000 54 68 57
-0.154867 -0.051409 0.456000 52 68 59
-0.153688 -0.051409 0.456000 48 64 55
-0.152509 -0.051409 0.456000 48 63 58
-0.151329 -0.051409 0.456000 38 53 48
-0.129441 -0.047689 0.423000 27 42 37
-0.128347 -0.047689 0.423000 29 44 39
-0.127554 -0.047801 0.424000 29 44 39
-0.126458 -0.047801 0.424000 30 44 35
-0.125361 -0.047801 0.424000 29 43 34
-0.124265 -0.047801 0.424000 26 40 31
-0.123169 -0.047801 0.424000 28 42 33
-0.122072 -0.047801 0.424000 30 44 35
-0.120162 -0.047914 0.425000 29 42 37
-0.119063 -0.047914 0.425000 28 41 36
-0.117965 -0.047914 0.425000 28 41 36
-0.116866 -0.047914 0.425000 25 38 33
-0.115767 -0.047914 0.425000 29 40 38
-0.114668 -0.047914 0.425000 29 40 38
-0.112470 -0.047914 0.425000 59 67 64
-0.099995 -0.052311 0.464000 75 84 75
-0.099009 -0.052424 0.465000 22 31 22
-0.097806 -0.052424 0.465000 29 42 37
-0.096604 -0.052424 0.465000 28 41 36
-0.095196 -0.052311 0.464000 22 35 30
-0.093997 -0.052311 0.464000 21 34 29
-0.092397 -0.052085 0.462000 23 35 27
-0.091005 -0.051973 0.461000 20 32 24
-0.089813 -0.051973 0.461000 34 38 31
-0.088429 -0.051860 0.460000 85 89 82
-0.087050 -0.051747 0.459000 84 89 79
-0.084307 -0.051522 0.457000 71 81 69
-0.082943 -0.051409 0.456000 41 51 39
-0.081764 -0.051409 0.456000 45 57 49
-0.080409 -0.051296 0.455000 38 50 42
-0.079232 -0.051296 0.455000 23 34 30
-0.078056 -0.051296 0.455000 22 33 29
-0.076710 -0.051184 0.454000 18 27 18
-0.075536 -0.051184 0.454000 48 57 48
-0.068357 -0.051973 0.461000 95 117 97
0.071724 -0.052424 0.465000 66 83 65
0.072769 -0.052311 0.464000 60 83 58
0.073650 -0.052085 0.462000 59 82 57
0.074845 -0.052085 0.462000 53 83 46
0.075875 -0.051973 0.461000 57 87 50
0.076565 -0.051635 0.458000 56 86 49
0.077750 -0.051635 0.458000 50 80 43
0.078761 -0.051522 0.457000 26 52 28
0.079943 -0.051522 0.457000 17 43 19
0.081125 -0.051522 0.457000 11 32 21
0.082306 -0.051522 0.457000 18 39 28
0.083671 -0.051635 0.458000 32 51 41
0.086227 -0.051747 0.459000 42 57 52
0.087604 -0.051860 0.460000 40 55 50
0.088987 -0.051973 0.461000 37 52 47
0.090179 -0.051973 0.461000 30 45 40
0.091569 -0.052085 0.462000 66 79 74
0.092964 -0.052198 0.463000 102 115 110
0.094365 -0.052311 0.464000 114 125 123
0.105949 -0.050958 0.452000 125 136 136
0.107118 -0.050958 0.452000 36 47 47
0.108287 -0.050958 0.452000 28 42 46
0.109697 -0.051071 0.453000 21 35 39
0.111114 -0.051184 0.454000 48 62 64
0.112782 -0.051409 0.456000 42 56 58
0.114461 -0.051635 0.458000 45 58 53
-0.266447 -0.048025 0.436000 54 65 61
-0.264102 -0.047805 0.434000 28 43 40
-0.260556 -0.047364 0.430000 35 50 47
-0.258841 -0.047254 0.429000 44 57 52
-0.257732 -0.047254 0.429000 46 59 54
-0.256623 -0.047254 0.429000 45 56 52
-0.254918 -0.047144 0.428000 45 56 52
-0.253811 -0.047144 0.428000 45 58 57
-0.252114 -0.047034 0.427000 46 59 58
-0.251010 -0.047034 0.427000 43 57 61
-0.249321 -0.046924 0.426000 36 50 54
-0.248219 -0.046924 0.426000 32 49 52
-0.246537 -0.046814 0.425000 31 48 51
-0.245439 -0.046814 0.425000 31 49 47
-0.244340 -0.046814 0.425000 31 49 47
-0.243241 -0.046814 0.425000 34 49 48
-0.242142 -0.046814 0.425000 35 50 49
-0.240476 -0.046704 0.424000 35 50 47
-0.239379 -0.046704 0.424000 40 55 52
-0.238283 -0.046704 0.424000 44 57 52
-0.236068 -0.046483 0.422000 49 62 57
-0.234977 -0.046483 0.422000 52 65 60
-0.233331 -0.046373 0.421000 54 67 62
-0.231691 -0.046263 0.420000 56 69 64
-0.230605 -0.046263 0.420000 57 70 65
-0.229519 -0.046263 0.420000 56 70 61
-0.228433 -0.046263 0.420000 53 67 58
-0.227347 -0.046263 0.420000 41 57 48
-0.226261 -0.046263 0.420000 34 50 41
-0.225175 -0.046263 0.420000 36 51 48
-0.223556 -0.046153 0.419000 35 50 47
-0.222472 -0.046153 0.419000 39 52 49
-0.221389 -0.046153 0.419000 39 52 49
-0.220306 -0.046153 0.419000 43 50 56
-0.217055 -0.046153 0.419000 147 152 159
-0.215972 -0.046153 0.419000 157 164 158
-0.214889 -0.046153 0.419000 162 169 163
-0.196140 -0.045822 0.416000 48 55 49
-0.191837 -0.045822 0.416000 34 52 50
-0.190761 -0.045822 0.416000 42 54 56
-0.189686 -0.045822 0.416000 110 122 124
-0.188610 -0.045822 0.416000 153 159 157
-0.199044 -0.050669 0.460000 33 45 37
-0.197424 -0.050559 0.459000 32 44 36
-0.190998 -0.050118 0.455000 28 44 35
-0.189404 -0.050008 0.454000 27 42 37
-0.187401 -0.049788 0.452000 27 42 37
-0.186233 -0.049788 0.452000 28 41 36
-0.185064 -0.049788 0.452000 28 41 36
-0.183488 -0.049678 0.451000 26 40 31
-0.182322 -0.049678 0.451000 26 40 31
-0.181156 -0.049678 0.451000 28 42 33
-0.179990 -0.049678 0.451000 29 43 34
-0.178824 -0.049678 0.451000 26 40 31
-0.177658 -0.049678 0.451000 28 42 33
-0.176491 -0.049678 0.451000 30 44 35
-0.175714 -0.049788 0.452000 30 44 35
-0.174545 -0.049788 0.452000 31 42 40
-0.173760 -0.049898 0.453000 30 41 39
-0.172589 -0.049898 0.453000 29 42 39
-0.171796 -0.050008 0.454000 30 43 40
-0.170622 -0.050008 0.454000 32 45 40
-0.169448 -0.050008 0.454000 31 44 39
-0.167468 -0.050118 0.455000 37 51 42
-0.166292 -0.050118 0.455000 44 58 49
-0.165115 -0.050118 0.455000 47 61 52
-0.163939 -0.050118 0.455000 50 64 55
-0.162762 -0.050118 0.455000 52 66 57
-0.161586 -0.050118 0.455000 51 65 56
-0.160410 -0.050118 0.455000 51 65 56
-0.159233 -0.050118 0.455000 50 65 51
-0.158057 -0.050118 0.455000 51 66 52
-0.156880 -0.050118 0.455000 46 61 47
-0.155704 -0.050118 0.455000 44 59 45
-0.154867 -0.050228 0.456000 38 54 45
-0.129441 -0.046593 0.423000 27 43 34
-0.128347 -0.046593 0.423000 27 42 37
-0.127554 -0.046704 0.424000 28 43 38
-0.126458 -0.046704 0.424000 27 42 37
-0.125361 -0.046704 0.424000 27 42 37
-0.124265 -0.046704 0.424000 29 43 34
-0.123169 -0.046704 0.424000 30 44 35
-0.122072 -0.046704 0.424000 30 43 38
-0.120162 -0.046814 0.425000 31 44 39
-0.119063 -0.046814 0.425000 28 41 36
-0.117965 -0.046814 0.425000 29 40 36
-0.116866 -0.046814 0.425000 32 43 39
-0.115767 -0.046814 0.425000 48 56 55
-0.101195 -0.051110 0.464000 125 127 116
-0.099995 -0.051110 0.464000 32 44 36
-0.098796 -0.051110 0.464000 25 37 29
-0.097596 -0.051110 0.464000 28 41 36
-0.096396 -0.051110 0.464000 24 37 32
-0.095196 -0.051110 0.464000 22 36 27
-0.093794 -0.050999 0.463000 22 36 27
-0.092397 -0.050889 0.462000 26 35 28
-0.091005 -0.050779 0.461000 20 29 22
-0.089813 -0.050779 0.461000 72 76 69
-0.088429 -0.050669 0.460000 96 100 93
-0.082943 -0.050228 0.456000 56 63 55
-0.081764 -0.050228 0.456000 38 49 45
-0.080409 -0.050118 0.455000 45 56 52
-0.079232 -0.050118 0.455000 19 30 26
-0.077884 -0.050008 0.454000 22 33 29
-0.076710 -0.050008 0.454000 23 35 25
-0.075536 -0.050008 0.454000 23 35 25
-0.068357 -0.050779 0.461000 105 122 106
0.074683 -0.050779 0.461000 56 83 52
0.075546 -0.050559 0.459000 53 80 49
0.076398 -0.050339 0.457000 52 79 50
0.077410 -0.050228 0.456000 36 63 34
0.078589 -0.050228 0.456000 18 38 23
0.079768 -0.050228 0.456000 14 34 19
0.080947 -0.050228 0.456000 24 42 36
0.082126 -0.050228 0.456000 35 53 47
0.083488 -0.050339 0.457000 40 55 50
0.084855 -0.050449 0.458000 40 55 50
0.087604 -0.050669 0.460000 31 46 41
0.088987 -0.050779 0.461000 25 44 34
0.090179 -0.050779 0.461000 69 88 78
0.091569 -0.050889 0.462000 107 121 112
0.104549 -0.049678 0.451000 134 142 141
0.105715 -0.049678 0.451000 92 105 104
0.106881 -0.049678 0.451000 23 36 35
0.109697 -0.049898 0.453000 28 45 48
0.111358 -0.050118 0.455000 50 64 66
0.112782 -0.050228 0.456000 37 51 53
-0.260556 -0.046251 0.430000 60 73 68
-0.258841 -0.046144 0.429000 37 51 42
-0.257732 -0.046144 0.429000 42 56 47
-0.256623 -0.046144 0.429000 52 63 59
-0.254918 -0.046036 0.428000 48 59 55
-0.253811 -0.046036 0.428000 45 58 57
-0.252114 -0.045928 0.427000 45 58 57
-0.251010 -0.045928 0.427000 43 57 61
-0.249906 -0.045928 0.427000 43 57 61
-0.248219 -0.045821 0.426000 40 57 60
-0.246537 -0.045713 0.425000 35 52 55
-0.245439 -0.045713 0.425000 32 50 48
-0.244340 -0.045713 0.425000 29 47 45
-0.243241 -0.045713 0.425000 33 48 43
-0.242142 -0.045713 0.425000 31 46 41
-0.240476 -0.045606 0.424000 31 46 41
-0.239379 -0.045606 0.424000 31 46 41
-0.238283 -0.045606 0.424000 36 51 48
-0.236627 -0.045498 0.423000 38 53 50
-0.234977 -0.045391 0.422000 41 56 51
-0.233886 -0.045391 0.422000 43 58 53
-0.232243 -0.045283 0.421000 46 60 51
-0.231154 -0.045283 0.421000 52 66 57
-0.229519 -0.045175 0.420000 52 68 59
-0.228433 -0.045175 0.420000 54 70 61
-0.227347 -0.045175 0.420000 54 70 61
-0.226261 -0.045175 0.420000 52 68 59
-0.225175 -0.045175 0.420000 51 67 58
-0.224089 -0.045175 0.420000 43 59 50
-0.223003 -0.045175 0.420000 40 55 50
-0.221389 -0.045068 0.419000 31 46 41
-0.220306 -0.045068 0.419000 31 43 45
-0.219222 -0.045068 0.419000 28 40 42
-0.217055 -0.045068 0.419000 112 117 126
-0.215972 -0.045068 0.419000 156 162 160
-0.214889 -0.045068 0.419000 156 162 160
-0.204648 -0.044960 0.418000 34 49 44
-0.203081 -0.044853 0.417000 35 50 45
-0.202002 -0.044853 0.417000 37 50 47
-0.200924 -0.044853 0.417000 37 50 47
-0.199846 -0.044853 0.417000 39 52 49
-0.198291 -0.044745 0.416000 35 48 45
-0.197215 -0.044745 0.416000 35 48 45
-0.196140 -0.044745 0.416000 33 46 43
-0.195064 -0.044745 0.416000 35 50 49
-0.193988 -0.044745 0.416000 34 49 48
-0.192913 -0.044745 0.416000 32 49 50
-0.191837 -0.044745 0.416000 29 46 47
-0.190761 -0.044745 0.416000 29 41 43
-0.189686 -0.044745 0.416000 95 107 109
-0.189064 -0.044853 0.417000 157 160 159
-0.187985 -0.044853 0.417000 163 166 165
-0.191752 -0.048833 0.454000 28 42 33
-0.189739 -0.048617 0.452000 28 42 33
-0.188153 -0.048510 0.451000 27 42 37
-0.186987 -0.048510 0.451000 26 41 36
-0.185821 -0.048510 0.451000 26 39 34
-0.184654 -0.048510 0.451000 28 41 36
-0.183488 -0.048510 0.451000 29 43 34
-0.182322 -0.048510 0.451000 29 43 34
-0.181156 -0.048510 0.451000 28 42 33
-0.179990 -0.048510 0.451000 29 43 34
-0.178824 -0.048510 0.451000 28 42 33
-0.177658 -0.048510 0.451000 31 45 36
-0.176491 -0.048510 0.451000 32 45 40
-0.175714 -0.048617 0.452000 32 45 40
-0.174545 -0.048617 0.452000 36 49 46
-0.173377 -0.048617 0.452000 35 48 45
-0.172589 -0.048725 0.453000 35 48 45
-0.171418 -0.048725 0.453000 38 51 48
-0.170622 -0.048833 0.454000 40 54 45
-0.169448 -0.048833 0.454000 46 60 51
-0.168274 -0.048833 0.454000 45 61 52
-0.166292 -0.048940 0.455000 48 64 55
-0.165115 -0.048940 0.455000 48 64 55
-0.163939 -0.048940 0.455000 47 61 52
-0.162762 -0.048940 0.455000 46 60 51
-0.161586 -0.048940 0.455000 44 58 47
-0.160410 -0.048940 0.455000 44 58 47
-0.159233 -0.048940 0.455000 39 53 42
-0.156880 -0.048940 0.455000 36 50 39
-0.156046 -0.049048 0.456000 33 47 36
-0.154867 -0.049048 0.456000 31 47 38
-0.129441 -0.045498 0.423000 27 43 34
-0.128347 -0.045498 0.423000 26 41 36
-0.127554 -0.045606 0.424000 27 42 37
-0.126458 -0.045606 0.424000 31 44 39
-0.125361 -0.045606 0.424000 31 44 39
-0.124265 -0.045606 0.424000 31 44 41
-0.123169 -0.045606 0.424000 31 44 41
-0.122072 -0.045606 0.424000 24 35 33
-0.120976 -0.045606 0.424000 27 38 36
-0.119880 -0.045606 0.424000 37 50 47
-0.101195 -0.049908 0.464000 89 94 82
-0.099995 -0.049908 0.464000 18 31 26
-0.098796 -0.049908 0.464000 29 42 37
-0.097596 -0.049908 0.464000 23 36 31
-0.096396 -0.049908 0.464000 19 32 27
-0.095196 -0.049908 0.464000 19 33 22
-0.093794 -0.049801 0.463000 21 35 24
-0.092397 -0.049693 0.462000 26 35 26
-0.091202 -0.049693 0.462000 32 41 32
-0.089813 -0.049585 0.461000 96 100 93
-0.082943 -0.049048 0.456000 77 81 76
-0.081764 -0.049048 0.456000 39 50 46
-0.080409 -0.048940 0.455000 40 51 47
-0.079058 -0.048833 0.454000 30 41 37
-0.077884 -0.048833 0.454000 25 36 32
-0.076541 -0.048725 0.453000 25 34 25
-0.075370 -0.048725 0.453000 25 34 25
-0.074362 -0.048833 0.454000 22 39 21
-0.069398 -0.049478 0.460000 90 120 93
0.075052 -0.049048 0.456000 59 79 60
0.076231 -0.049048 0.456000 28 48 31
0.077410 -0.049048 0.456000 14 34 17
0.078589 -0.049048 0.456000 23 39 28
0.079593 -0.048940 0.455000 29 45 34
0.080947 -0.049048 0.456000 40 55 50
0.082126 -0.049048 0.456000 38 53 48
0.083488 -0.049155 0.457000 38 53 48
0.084855 -0.049263 0.458000 36 51 46
0.087414 -0.049370 0.459000 33 52 40
0.088987 -0.049585 0.461000 46 66 49
0.104317 -0.048402 0.450000 131 142 140
0.105480 -0.048402 0.450000 51 63 65
0.106881 -0.048510 0.451000 25 37 39
0.109697 -0.048725 0.453000 35 52 53
0.111358 -0.048940 0.455000 41 56 55
0.112782 -0.049048 0.456000 35 50 49
-0.256623 -0.045033 0.429000 49 58 49
-0.254918 -0.044928 0.428000 45 54 45
-0.253811 -0.044928 0.428000 48 56 55
-0.252114 -0.044823 0.427000 49 57 56
-0.251010 -0.044823 0.427000 45 57 61
-0.249321 -0.044718 0.426000 44 56 60
-0.248219 -0.044718 0.426000 40 57 60
-0.247118 -0.044718 0.426000 40 57 60
-0.245439 -0.044613 0.425000 36 54 52
-0.244340 -0.044613 0.425000 32 50 48
-0.243241 -0.044613 0.425000 35 50 45
-0.242142 -0.044613 0.425000 34 49 44
-0.240476 -0.044508 0.424000 35 50 45
-0.239379 -0.044508 0.424000 33 48 43
-0.238283 -0.044508 0.424000 31 49 43
-0.236627 -0.044403 0.423000 31 49 43
-0.234977 -0.044298 0.422000 33 51 45
-0.233886 -0.044298 0.422000 34 52 46
-0.232243 -0.044193 0.421000 32 51 41
-0.231154 -0.044193 0.421000 34 53 43
-0.230066 -0.044193 0.421000 40 56 47
-0.228977 -0.044193 0.421000 45 61 52
-0.227347 -0.044088 0.420000 49 65 56
-0.226261 -0.044088 0.420000 52 68 59
-0.225175 -0.044088 0.420000 55 71 62
-0.224089 -0.044088 0.420000 57 73 64
-0.223003 -0.044088 0.420000 57 73 64
-0.221917 -0.044088 0.420000 58 74 65
-0.220831 -0.044088 0.420000 56 69 66
-0.219222 -0.043983 0.419000 46 59 56
-0.217055 -0.043983 0.419000 67 74 80
-0.215972 -0.043983 0.419000 160 166 164
-0.214889 -0.043983 0.419000 156 162 160
-0.213805 -0.043983 0.419000 172 179 171
-0.210555 -0.043983 0.419000 32 44 34
-0.209472 -0.043983 0.419000 33 45 37
-0.207891 -0.043878 0.418000 32 44 36
-0.207305 -0.043983 0.419000 33 46 41
-0.205729 -0.043878 0.418000 35 48 43
-0.204159 -0.043773 0.417000 32 45 40
-0.203081 -0.043773 0.417000 32 45 40
-0.202002 -0.043773 0.417000 31 46 43
-0.200924 -0.043773 0.417000 30 45 42
-0.199846 -0.043773 0.417000 31 46 45
-0.198768 -0.043773 0.417000 31 46 45
-0.197215 -0.043668 0.416000 29 44 43
-0.196140 -0.043668 0.416000 30 45 44
-0.195064 -0.043668 0.416000 27 45 43
-0.193988 -0.043668 0.416000 27 45 43
-0.192913 -0.043668 0.416000 26 43 44
-0.191837 -0.043668 0.416000 27 44 45
-0.189686 -0.043668 0.416000 85 97 101
-0.189064 -0.043773 0.417000 155 161 161
-0.187985 -0.043773 0.417000 162 168 168
-0.190485 -0.047342 0.451000 29 43 34
-0.189319 -0.047342 0.451000 30 44 35
-0.187736 -0.047237 0.450000 30 44 35
-0.186572 -0.047237 0.450000 28 42 33
-0.185409 -0.047237 0.450000 29 42 37
-0.184245 -0.047237 0.450000 30 43 38
-0.183081 -0.047237 0.450000 29 42 37
-0.181918 -0.047237 0.450000 29 42 37
-0.180754 -0.047237 0.450000 26 41 36
-0.179591 -0.047237 0.450000 28 43 38
-0.178427 -0.047237 0.450000 37 50 45
-0.177658 -0.047342 0.451000 39 52 47
-0.176491 -0.047342 0.451000 40 53 48
-0.175325 -0.047342 0.451000 50 63 58
-0.174159 -0.047342 0.451000 51 64 59
-0.173377 -0.047447 0.452000 45 58 53
-0.172208 -0.047447 0.452000 49 62 57
-0.171418 -0.047552 0.453000 49 62 57
-0.170246 -0.047552 0.453000 47 61 50
-0.169448 -0.047657 0.454000 46 60 49
-0.168274 -0.047657 0.454000 44 60 49
-0.166292 -0.047762 0.455000 44 60 51
-0.165115 -0.047762 0.455000 38 54 45
-0.163939 -0.047762 0.455000 37 53 42
-0.162762 -0.047762 0.455000 36 52 41
-0.161586 -0.047762 0.455000 36 50 39
-0.159233 -0.047762 0.455000 32 46 35
-0.158057 -0.047762 0.455000 31 45 34
-0.156046 -0.047867 0.456000 31 45 36
-0.129441 -0.044403 0.423000 28 44 35
-0.128347 -0.044403 0.423000 28 43 38
-0.127554 -0.044508 0.424000 29 44 39
-0.126458 -0.044508 0.424000 31 42 38
-0.125361 -0.044508 0.424000 31 42 38
-0.124265 -0.044508 0.424000 33 41 38
-0.123169 -0.044508 0.424000 35 43 40
-0.122072 -0.044508 0.424000 51 62 60
-0.102395 -0.048707 0.464000 125 134 125
-0.101195 -0.048707 0.464000 42 51 42
-0.099995 -0.048707 0.464000 24 37 32
-0.098796 -0.048707 0.464000 28 41 36
-0.097596 -0.048707 0.464000 23 37 28
-0.096396 -0.048707 0.464000 19 33 24
-0.094991 -0.048602 0.463000 23 35 25
-0.093794 -0.048602 0.463000 23 35 25
-0.092397 -0.048497 0.462000 19 27 16
-0.091005 -0.048392 0.461000 75 83 72
-0.089813 -0.048392 0.461000 115 117 108
-0.081764 -0.047867 0.456000 72 79 73
-0.080409 -0.047762 0.455000 37 44 38
-0.079058 -0.047657 0.454000 45 53 50
-0.077713 -0.047552 0.453000 31 39 36
-0.076541 -0.047552 0.453000 24 36 26
-0.075370 -0.047552 0.453000 24 36 26
-0.069398 -0.048287 0.460000 99 125 101
0.072853 -0.047972 0.457000 76 91 77
0.073873 -0.047867 0.456000 50 69 57
0.074887 -0.047762 0.455000 22 41 29
0.076064 -0.047762 0.455000 19 35 24
0.077240 -0.047762 0.455000 20 36 25
0.078417 -0.047762 0.455000 36 50 39
0.079593 -0.047762 0.455000 44 58 47
0.080770 -0.047762 0.455000 43 59 50
0.082126 -0.047867 0.456000 37 53 44
0.083305 -0.047867 0.456000 33 49 38
0.084670 -0.047972 0.457000 29 45 34
0.087414 -0.048182 0.459000 52 72 53
0.103153 -0.047237 0.450000 129 140 138
0.104317 -0.047237 0.450000 115 126 124
0.105480 -0.047237 0.450000 32 44 48
0.106881 -0.047342 0.451000 28 40 44
0.109697 -0.047552 0.453000 48 65 66
0.111358 -0.047762 0.455000 40 55 54
-0.253811 -0.043820 0.428000 66 70 65
-0.252114 -0.043717 0.427000 59 63 58
-0.251010 -0.043717 0.427000 47 58 58
-0.249906 -0.043717 0.427000 41 52 52
-0.248219 -0.043615 0.426000 37 51 53
-0.247118 -0.043615 0.426000 40 54 56
-0.245439 -0.043512 0.425000 40 55 54
-0.244340 -0.043512 0.425000 37 52 51
-0.243241 -0.043512 0.425000 40 55 52
-0.242142 -0.043512 0.425000 40 55 52
-0.240476 -0.043410 0.424000 36 54 50
-0.239379 -0.043410 0.424000 32 50 46
-0.238283 -0.043410 0.424000 31 49 45
-0.236627 -0.043308 0.423000 29 47 43
-0.234977 -0.043205 0.422000 29 47 43
-0.233886 -0.043205 0.422000 29 47 43
-0.232794 -0.043205 0.422000 29 47 41
-0.231703 -0.043205 0.422000 31 49 43
-0.230066 -0.043103 0.421000 33 51 45
-0.228977 -0.043103 0.421000 36 54 48
-0.227889 -0.043103 0.421000 37 52 47
-0.226261 -0.043001 0.420000 42 57 52
-0.225175 -0.043001 0.420000 48 64 55
-0.224089 -0.043001 0.420000 45 61 52
-0.223003 -0.043001 0.420000 52 68 59
-0.221917 -0.043001 0.420000 51 67 58
-0.220831 -0.043001 0.420000 58 71 66
-0.219222 -0.042898 0.419000 60 73 68
-0.218139 -0.042898 0.419000 66 77 77
-0.215972 -0.042898 0.419000 150 156 156
-0.214889 -0.042898 0.419000 155 161 161
-0.213805 -0.042898 0.419000 167 176 169
-0.209472 -0.042898 0.419000 31 43 33
-0.208388 -0.042898 0.419000 30 42 32
-0.206810 -0.042796 0.418000 30 42 34
-0.205729 -0.042796 0.418000 30 42 34
-0.204648 -0.042796 0.418000 33 45 37
-0.203568 -0.042796 0.418000 33 45 37
-0.202002 -0.042693 0.417000 30 45 42
-0.200924 -0.042693 0.417000 29 44 41
-0.199846 -0.042693 0.417000 28 43 40
-0.198768 -0.042693 0.417000 29 44 41
-0.197689 -0.042693 0.417000 25 43 39
-0.196611 -0.042693 0.417000 26 44 40
-0.195533 -0.042693 0.417000 25 43 41
-0.193988 -0.042591 0.416000 26 44 42
-0.193376 -0.042693 0.417000 26 44 42
-0.192298 -0.042693 0.417000 22 40 38
-0.191220 -0.042693 0.417000 23 35 39
-0.190142 -0.042693 0.417000 69 81 85
-0.189064 -0.042693 0.417000 152 160 161
-0.187985 -0.042693 0.417000 159 167 168
-0.190063 -0.046072 0.450000 29 41 33
-0.188899 -0.046072 0.450000 30 42 34
-0.187736 -0.046072 0.450000 32 44 36
-0.186572 -0.046072 0.450000 36 48 40
-0.185409 -0.046072 0.450000 41 52 48
-0.184245 -0.046072 0.450000 41 52 48
-0.183081 -0.046072 0.450000 44 57 54
-0.181918 -0.046072 0.450000 45 58 55
-0.180754 -0.046072 0.450000 47 62 59
-0.179591 -0.046072 0.450000 47 62 59
-0.178427 -0.046072 0.450000 45 60 57
-0.177264 -0.046072 0.450000 45 60 57
-0.176100 -0.046072 0.450000 45 60 55
-0.175325 -0.046174 0.451000 47 62 57
-0.174159 -0.046174 0.451000 45 60 57
-0.173377 -0.046277 0.452000 44 59 56
-0.172208 -0.046277 0.452000 44 59 54
-0.171418 -0.046379 0.453000 43 58 53
-0.170622 -0.046482 0.454000 43 57 48
-0.169448 -0.046482 0.454000 38 52 43
-0.168274 -0.046482 0.454000 33 49 40
-0.166292 -0.046584 0.455000 33 49 40
-0.165115 -0.046584 0.455000 31 47 38
-0.163939 -0.046584 0.455000 35 49 40
-0.162762 -0.046584 0.455000 33 47 38
-0.161586 -0.046584 0.455000 33 47 38
-0.160410 -0.046584 0.455000 35 49 40
-0.128347 -0.043308 0.423000 29 41 33
-0.102395 -0.047505 0.464000 91 103 93
-0.101195 -0.047505 0.464000 23 35 25
-0.099995 -0.047505 0.464000 26 39 34
-0.098796 -0.047505 0.464000 24 37 32
-0.097596 -0.047505 0.464000 21 35 26
-0.096396 -0.047505 0.464000 22 36 27
-0.094991 -0.047403 0.463000 25 34 27
-0.093794 -0.047403 0.463000 25 34 27
-0.092397 -0.047301 0.462000 43 47 40
-0.091202 -0.047301 0.462000 113 117 110
0.071515 -0.046686 0.456000 80 92 82
0.072534 -0.046584 0.455000 41 53 43
0.073549 -0.046482 0.454000 16 30 19
0.074723 -0.046482 0.454000 15 29 18
0.075897 -0.046482 0.454000 30 44 35
0.077070 -0.046482 0.454000 44 58 49
0.078244 -0.046482 0.454000 40 56 47
0.079418 -0.046482 0.454000 40 56 47
0.080770 -0.046584 0.455000 29 48 36
0.081946 -0.046584 0.455000 26 45 33
0.083305 -0.046686 0.456000 24 44 27
0.084670 -0.046789 0.457000 47 67 50
0.087414 -0.046993 0.459000 56 79 54
0.088987 -0.047198 0.461000 61 88 59
0.103153 -0.046072 0.450000 136 147 145
0.104317 -0.046072 0.450000 60 71 69
0.105480 -0.046072 0.450000 26 40 44
0.106644 -0.046072 0.450000 29 43 47
0.109697 -0.046379 0.453000 49 66 67
0.111603 -0.046686 0.456000 35 50 49
-0.251010 -0.042612 0.427000 87 93 93
-0.249906 -0.042612 0.427000 73 79 79
-0.248802 -0.042612 0.427000 57 68 66
-0.247118 -0.042512 0.426000 41 52 50
-0.246016 -0.042512 0.426000 38 51 48
-0.244340 -0.042412 0.425000 42 55 52
-0.243241 -0.042412 0.425000 42 57 54
-0.242142 -0.042412 0.425000 42 57 54
-0.240476 -0.042312 0.424000 39 59 54
-0.239379 -0.042312 0.424000 37 57 52
-0.238283 -0.042312 0.424000 33 53 50
-0.237187 -0.042312 0.424000 31 51 48
-0.235534 -0.042212 0.423000 31 51 46
-0.234440 -0.042212 0.423000 27 47 42
-0.232794 -0.042113 0.422000 27 47 42
-0.231703 -0.042113 0.422000 28 48 43
-0.230612 -0.042113 0.422000 31 51 46
-0.229521 -0.042113 0.422000 31 51 46
-0.227889 -0.042013 0.421000 32 50 44
-0.226800 -0.042013 0.421000 34 52 46
-0.225711 -0.042013 0.421000 35 53 47
-0.224089 -0.041913 0.420000 34 52 46
-0.223003 -0.041913 0.420000 40 58 52
-0.221917 -0.041913 0.420000 41 59 53
-0.220831 -0.041913 0.420000 48 63 58
-0.219745 -0.041913 0.420000 48 63 58
-0.218139 -0.041813 0.419000 55 66 66
-0.214889 -0.041813 0.419000 158 164 166
-0.213805 -0.041813 0.419000 157 166 159
-0.209472 -0.041813 0.419000 72 81 74
-0.208388 -0.041813 0.419000 68 77 70
-0.207305 -0.041813 0.419000 61 73 63
-0.205729 -0.041713 0.418000 57 69 59
-0.204648 -0.041713 0.418000 49 63 54
-0.203568 -0.041713 0.418000 44 58 49
-0.202002 -0.041614 0.417000 41 56 51
-0.200924 -0.041614 0.417000 31 46 41
-0.199846 -0.041614 0.417000 28 46 40
-0.198768 -0.041614 0.417000 27 45 39
-0.197689 -0.041614 0.417000 26 44 38
-0.196611 -0.041614 0.417000 28 46 40
-0.195533 -0.041614 0.417000 25 45 40
-0.194455 -0.041614 0.417000 27 47 42
-0.193376 -0.041614 0.417000 26 46 43
-0.192298 -0.041614 0.417000 24 44 41
-0.191220 -0.041614 0.417000 39 51 53
-0.190142 -0.041614 0.417000 61 73 75
-0.189064 -0.041614 0.417000 147 158 158
-0.187985 -0.041614 0.417000 153 164 164
-0.187355 -0.041713 0.418000 164 175 173
-0.185409 -0.044907 0.450000 47 61 52
-0.184245 -0.044907 0.450000 49 63 54
-0.183081 -0.044907 0.450000 47 60 57
-0.181918 -0.044907 0.450000 52 65 62
-0.180754 -0.044907 0.450000 50 65 64
-0.102395 -0.046304 0.464000 54 63 54
-0.101195 -0.046304 0.464000 19 28 19
-0.099995 -0.046304 0.464000 24 38 29
-0.098796 -0.046304 0.464000 23 37 28
-0.097386 -0.046204 0.463000 23 35 25
-0.096188 -0.046204 0.463000 23 35 25
-0.094991 -0.046204 0.463000 27 36 29
-0.093794 -0.046204 0.463000 25 34 27
-0.092397 -0.046104 0.462000 79 83 76
-0.091202 -0.046104 0.462000 123 127 120
0.071358 -0.045406 0.455000 28 37 28
0.072375 -0.045306 0.454000 21 30 21
0.073387 -0.045206 0.453000 32 41 32
0.074394 -0.045106 0.452000 41 50 41
0.075562 -0.045106 0.452000 51 65 56
0.076901 -0.045206 0.453000 42 56 47
0.078072 -0.045206 0.453000 33 52 42
0.079418 -0.045306 0.454000 27 46 36
0.080592 -0.045306 0.454000 21 40 28
0.081946 -0.045406 0.455000 24 43 31
0.083305 -0.045506 0.456000 34 57 32
0.084670 -0.045605 0.457000 47 70 45
0.087414 -0.045805 0.459000 46 75 43
0.088987 -0.046005 0.461000 53 82 50
0.090179 -0.046005 0.461000 63 92 60
0.091569 -0.046104 0.462000 71 94 69
0.103153 -0.044907 0.450000 118 129 127
0.104317 -0.044907 0.450000 31 42 40
0.105480 -0.044907 0.450000 28 42 44
0.106881 -0.045007 0.451000 31 45 47
0.109940 -0.045306 0.454000 45 62 65
0.111603 -0.045506 0.456000 44 59 56
-0.247698 -0.041506 0.427000 79 88 81
-0.245439 -0.041312 0.425000 53 64 60
-0.244340 -0.041312 0.425000 40 51 47
-0.243241 -0.041312 0.425000 40 55 52
-0.242142 -0.041312 0.425000 38 53 50
-0.241043 -0.041312 0.425000 39 57 55
-0.239379 -0.041214 0.424000 36 54 52
-0.238283 -0.041214 0.424000 33 51 49
-0.237187 -0.041214 0.424000 35 53 51
-0.236090 -0.041214 0.424000 32 50 48
-0.234440 -0.041117 0.423000 32 50 48
-0.233346 -0.041117 0.423000 30 50 47
-0.232252 -0.041117 0.423000 30 50 47
-0.230612 -0.041020 0.422000 30 50 47
-0.229521 -0.041020 0.422000 28 48 45
-0.228430 -0.041020 0.422000 31 51 46
-0.227339 -0.041020 0.422000 30 50 45
-0.225711 -0.040923 0.421000 31 51 44
-0.224623 -0.040923 0.421000 32 52 45
-0.223003 -0.040826 0.420000 32 50 44
-0.221917 -0.040826 0.420000 32 50 44
-0.220831 -0.040826 0.420000 35 53 47
-0.219745 -0.040826 0.420000 36 54 48
-0.218139 -0.040728 0.419000 36 51 50
-0.213805 -0.040728 0.419000 150 158 155
-0.212722 -0.040728 0.419000 167 175 172
-0.209472 -0.040728 0.419000 44 55 51
-0.208388 -0.040728 0.419000 48 59 55
-0.207305 -0.040728 0.419000 46 58 50
-0.206221 -0.040728 0.419000 46 58 50
-0.204648 -0.040631 0.418000 49 63 52
-0.203568 -0.040631 0.418000 51 65 54
-0.202487 -0.040631 0.418000 50 66 57
-0.200924 -0.040534 0.417000 52 68 59
-0.199846 -0.040534 0.417000 52 67 62
-0.198768 -0.040534 0.417000 54 69 64
-0.197689 -0.040534 0.417000 49 67 61
-0.196611 -0.040534 0.417000 50 68 62
-0.195533 -0.040534 0.417000 51 71 64
-0.194455 -0.040534 0.417000 49 69 62
-0.193376 -0.040534 0.417000 48 68 61
-0.192298 -0.040534 0.417000 53 73 66
-0.191220 -0.040534 0.417000 58 72 74
-0.190142 -0.040534 0.417000 56 70 72
-0.189064 -0.040534 0.417000 148 159 159
-0.188436 -0.040631 0.418000 151 162 162
-0.186275 -0.040631 0.418000 121 129 126
-0.103595 -0.045103 0.464000 103 108 96
-0.102395 -0.045103 0.464000 27 36 27
-0.101195 -0.045103 0.464000 26 35 26
-0.099995 -0.045103 0.464000 26 38 28
-0.098796 -0.045103 0.464000 25 37 27
-0.097386 -0.045005 0.463000 24 37 24
-0.096188 -0.045005 0.463000 23 36 23
-0.094991 -0.045005 0.463000 27 36 29
-0.093794 -0.045005 0.463000 41 50 43
-0.092397 -0.044908 0.462000 128 130 121
0.069005 -0.044228 0.455000 45 57 47
0.070027 -0.044131 0.454000 27 39 29
0.071044 -0.044033 0.453000 20 29 20
0.072056 -0.043936 0.452000 34 43 34
0.073063 -0.043839 0.451000 49 58 51
0.074394 -0.043936 0.452000 50 59 52
0.075562 -0.043936 0.452000 38 52 43
0.076901 -0.044033 0.453000 31 45 36
0.078072 -0.044033 0.453000 21 40 28
0.079418 -0.044131 0.454000 25 44 32
0.080770 -0.044228 0.455000 53 76 53
0.083305 -0.044325 0.456000 35 62 29
0.084670 -0.044422 0.457000 39 66 33
0.087414 -0.044617 0.459000 42 71 37
0.088794 -0.044714 0.460000 52 81 47
0.090179 -0.044811 0.461000 61 90 56
0.091569 -0.044908 0.462000 73 97 69
0.092964 -0.045005 0.463000 85 109 81
0.101763 -0.043645 0.449000 135 147 139
0.102924 -0.043645 0.449000 61 72 72
0.104085 -0.043645 0.449000 25 36 36
0.105480 -0.043742 0.450000 31 45 47
0.106881 -0.043839 0.451000 34 48 50
0.109940 -0.044131 0.454000 35 52 55
0.111603 -0.044325 0.456000 81 94 91
-0.243241 -0.040211 0.425000 59 72 67
-0.242142 -0.040211 0.425000 39 52 47
-0.241043 -0.040211 0.425000 35 50 47
-0.239379 -0.040117 0.424000 36 51 48
-0.238283 -0.040117 0.424000 38 53 50
-0.237187 -0.040117 0.424000 36 51 48
-0.236090 -0.040117 0.424000 34 49 48
-0.234994 -0.040117 0.424000 34 49 48
-0.233346 -0.040022 0.423000 33 51 49
-0.232252 -0.040022 0.423000 34 52 50
-0.231159 -0.040022 0.423000 32 50 46
-0.230065 -0.040022 0.423000 32 50 46
-0.228430 -0.039927 0.422000 31 49 45
-0.227339 -0.039927 0.422000 31 49 45
-0.226248 -0.039927 0.422000 31 49 43
-0.224623 -0.039833 0.421000 31 49 43
-0.223534 -0.039833 0.421000 27 45 39
-0.221917 -0.039738 0.420000 31 49 43
-0.220831 -0.039738 0.420000 29 47 43
-0.219745 -0.039738 0.420000 29 47 43
-0.218139 -0.039644 0.419000 29 46 49
-0.217055 -0.039644 0.419000 27 44 47
-0.213805 -0.039644 0.419000 153 159 159
-0.212722 -0.039644 0.419000 160 166 166
-0.209472 -0.039644 0.419000 29 42 37
-0.208388 -0.039644 0.419000 36 49 44
-0.207305 -0.039644 0.419000 31 45 36
-0.206221 -0.039644 0.419000 32 46 37
-0.204648 -0.039549 0.418000 42 56 45
-0.203568 -0.039549 0.418000 45 59 48
-0.202487 -0.039549 0.418000 42 56 47
-0.201406 -0.039549 0.418000 47 61 52
-0.200325 -0.039549 0.418000 47 60 55
-0.199244 -0.039549 0.418000 46 59 54
-0.198163 -0.039549 0.418000 46 59 54
-0.196611 -0.039454 0.417000 46 59 54
-0.195533 -0.039454 0.417000 42 60 54
-0.194455 -0.039454 0.417000 45 63 57
-0.193376 -0.039454 0.417000 43 61 55
-0.192298 -0.039454 0.417000 43 61 55
-0.191220 -0.039454 0.417000 46 64 60
-0.190142 -0.039454 0.417000 33 51 47
-0.189064 -0.039454 0.417000 144 155 153
-0.188436 -0.039549 0.418000 148 159 157
-0.187355 -0.039549 0.418000 159 163 158
-0.185637 -0.039644 0.419000 37 52 49
-0.184553 -0.039644 0.419000 44 59 56
-0.182822 -0.039738 0.420000 40 60 57
-0.181736 -0.039738 0.420000 40 60 57
-0.180650 -0.039738 0.420000 34 54 51
-0.103595 -0.043901 0.464000 72 77 65
-0.102395 -0.043901 0.464000 23 35 27
-0.101195 -0.043901 0.464000 27 39 31
-0.099995 -0.043901 0.464000 26 38 28
-0.098796 -0.043901 0.464000 24 36 26
-0.097386 -0.043807 0.463000 23 35 25
-0.096188 -0.043807 0.463000 23 35 25
-0.094991 -0.043807 0.463000 26 33 27
-0.093591 -0.043712 0.462000 82 89 83
-0.092397 -0.043712 0.462000 130 131 120
-0.068945 -0.043239 0.457000 116 124 121
0.066195 -0.043523 0.460000 111 119 104
0.068853 -0.042955 0.454000 16 28 18
0.069873 -0.042860 0.453000 18 30 20
0.070887 -0.042766 0.452000 32 44 34
0.071897 -0.042671 0.451000 48 60 50
0.073225 -0.042766 0.452000 41 53 45
0.074394 -0.042766 0.452000 39 51 43
0.075729 -0.042860 0.453000 22 38 29
0.077070 -0.042955 0.454000 23 39 30
0.078244 -0.042955 0.454000 32 54 38
0.079593 -0.043050 0.455000 63 85 69
0.082126 -0.043144 0.456000 57 84 55
0.083305 -0.043144 0.456000 39 66 33
0.084670 -0.043239 0.457000 35 62 29
0.086039 -0.043333 0.458000 42 72 35
0.088794 -0.043523 0.460000 48 78 41
0.090179 -0.043617 0.461000 57 87 50
0.091371 -0.043617 0.461000 71 98 65
0.092764 -0.043712 0.462000 72 99 66
0.094162 -0.043807 0.463000 68 92 78
0.101536 -0.042387 0.448000 111 122 118
0.102695 -0.042387 0.448000 28 41 40
0.103853 -0.042387 0.448000 35 48 47
0.105480 -0.042577 0.450000 34 49 48
0.106881 -0.042671 0.451000 43 58 57
0.109940 -0.042955 0.454000 38 55 58
-0.239944 -0.039111 0.425000 47 60 55
-0.238283 -0.039019 0.424000 37 50 45
-0.237187 -0.039019 0.424000 32 45 40
-0.236090 -0.039019 0.424000 32 45 42
-0.234994 -0.039019 0.424000 35 48 45
-0.233898 -0.039019 0.424000 36 49 46
-0.232252 -0.038927 0.423000 37 50 47
-0.231159 -0.038927 0.423000 34 49 46
-0.230065 -0.038927 0.423000 34 49 46
-0.228971 -0.038927 0.423000 32 50 46
-0.227339 -0.038835 0.422000 31 49 45
-0.226248 -0.038835 0.422000 31 49 43
-0.225156 -0.038835 0.422000 31 49 43
-0.223534 -0.038743 0.421000 28 46 42
-0.221917 -0.038651 0.420000 31 49 45
-0.220831 -0.038651 0.420000 29 47 45
-0.219745 -0.038651 0.420000 29 47 45
-0.218139 -0.038559 0.419000 28 45 46
-0.217055 -0.038559 0.419000 31 48 49
-0.213805 -0.038559 0.419000 157 163 163
-0.212722 -0.038559 0.419000 158 164 164
-0.211638 -0.038559 0.419000 164 173 166
-0.208388 -0.038559 0.419000 33 46 41
-0.207305 -0.038559 0.419000 28 43 38
-0.206221 -0.038559 0.419000 27 42 37
-0.205138 -0.038559 0.419000 29 44 39
-0.204055 -0.038559 0.419000 34 49 44
-0.202487 -0.038467 0.418000 33 48 43
-0.201406 -0.038467 0.418000 35 50 45
-0.200325 -0.038467 0.418000 38 51 48
-0.199244 -0.038467 0.418000 38 51 48
-0.198163 -0.038467 0.418000 38 51 48
-0.197083 -0.038467 0.418000 37 50 47
-0.195533 -0.038375 0.417000 35 50 47
-0.194455 -0.038375 0.417000 35 50 47
-0.193376 -0.038375 0.417000 34 52 48
-0.192298 -0.038375 0.417000 34 52 48
-0.191220 -0.038375 0.417000 38 53 50
-0.190142 -0.038375 0.417000 23 38 35
-0.189064 -0.038375 0.417000 134 142 141
-0.188436 -0.038467 0.418000 150 158 157
-0.187355 -0.038467 0.418000 159 163 158
-0.185637 -0.038559 0.419000 32 45 40
-0.183470 -0.038559 0.419000 31 51 48
-0.181736 -0.038651 0.420000 31 51 48
-0.180650 -0.038651 0.420000 26 46 43
-0.179564 -0.038651 0.420000 27 47 44
-0.178478 -0.038651 0.420000 28 48 45
-0.167468 -0.041872 0.455000 27 42 37
-0.166292 -0.041872 0.455000 26 41 36
-0.165115 -0.041872 0.455000 27 42 37
-0.163939 -0.041872 0.455000 24 40 31
-0.162762 -0.041872 0.455000 24 40 31
-0.161586 -0.041872 0.455000 26 42 33
-0.160410 -0.041872 0.455000 30 46 37
-0.105020 -0.042792 0.465000 127 132 120
-0.103595 -0.042700 0.464000 37 42 30
-0.102395 -0.042700 0.464000 22 35 30
-0.101195 -0.042700 0.464000 26 39 34
-0.099995 -0.042700 0.464000 22 37 32
-0.098583 -0.042608 0.463000 22 37 32
-0.097386 -0.042608 0.463000 24 38 29
-0.096188 -0.042608 0.463000 19 33 24
-0.094991 -0.042608 0.463000 39 46 38
-0.093591 -0.042516 0.462000 121 128 120
-0.068795 -0.041964 0.456000 98 109 109
-0.067616 -0.041964 0.456000 112 120 117
0.066505 -0.041780 0.454000 24 38 29
0.067530 -0.041687 0.453000 19 33 24
0.068550 -0.041595 0.452000 28 42 31
0.069719 -0.041595 0.452000 43 57 46
0.070887 -0.041595 0.452000 53 65 57
0.071897 -0.041503 0.451000 43 55 47
0.073225 -0.041595 0.452000 35 48 43
0.074558 -0.041687 0.453000 24 37 32
0.075897 -0.041780 0.454000 31 47 36
0.077240 -0.041872 0.455000 56 72 61
0.078417 -0.041872 0.455000 68 88 71
0.082126 -0.041964 0.456000 60 87 58
0.083305 -0.041964 0.456000 52 80 44
0.084670 -0.042056 0.457000 31 59 23
0.086039 -0.042148 0.458000 42 70 34
0.088601 -0.042240 0.459000 50 78 42
0.089983 -0.042332 0.460000 59 87 51
0.091371 -0.042424 0.461000 66 96 57
0.092563 -0.042424 0.461000 70 100 61
0.093958 -0.042516 0.462000 67 94 72
0.100154 -0.041135 0.447000 128 139 137
0.101310 -0.041135 0.447000 70 81 79
0.102466 -0.041135 0.447000 28 41 40
0.103853 -0.041227 0.448000 38 51 50
0.105480 -0.041411 0.450000 40 55 54
0.108287 -0.041595 0.452000 31 49 47
0.110182 -0.041872 0.455000 76 94 92
-0.237187 -0.037921 0.424000 69 78 71
-0.236090 -0.037921 0.424000 55 62 56
-0.234994 -0.037921 0.424000 42 49 43
-0.233898 -0.037921 0.424000 39 48 41
-0.232801 -0.037921 0.424000 39 48 41
-0.231705 -0.037921 0.424000 37 48 46
-0.230065 -0.037831 0.423000 38 49 47
-0.228971 -0.037831 0.423000 34 49 46
-0.227339 -0.037742 0.422000 33 48 45
-0.226248 -0.037742 0.422000 35 50 47
-0.225156 -0.037742 0.422000 33 48 45
-0.223534 -0.037653 0.421000 34 49 46
-0.221917 -0.037563 0.420000 34 49 46
-0.220831 -0.037563 0.420000 31 46 43
-0.219745 -0.037563 0.420000 31 46 43
-0.218139 -0.037474 0.419000 31 46 45
-0.217055 -0.037474 0.419000 30 45 44
-0.212214 -0.037384 0.418000 157 163 163
-0.211638 -0.037474 0.419000 168 175 169
-0.208388 -0.037474 0.419000 30 43 40
-0.207305 -0.037474 0.419000 26 44 42
-0.206221 -0.037474 0.419000 25 43 41
-0.205138 -0.037474 0.419000 25 43 39
-0.204055 -0.037474 0.419000 27 45 41
-0.202971 -0.037474 0.419000 27 45 41
-0.201888 -0.037474 0.419000 28 46 42
-0.200325 -0.037384 0.418000 31 46 43
-0.199721 -0.037474 0.419000 33 48 45
-0.198638 -0.037474 0.419000 34 49 46
-0.197083 -0.037384 0.418000 33 48 45
-0.196002 -0.037384 0.418000 33 48 45
-0.194921 -0.037384 0.418000 33 48 45
-0.193840 -0.037384 0.418000 32 50 46
-0.192759 -0.037384 0.418000 31 49 45
-0.191679 -0.037384 0.418000 33 48 45
-0.190142 -0.037295 0.417000 20 35 32
-0.189517 -0.037384 0.418000 112 118 120
-0.188436 -0.037384 0.418000 154 160 162
-0.187355 -0.037384 0.418000 156 160 155
-0.185637 -0.037474 0.419000 40 53 50
-0.182822 -0.037563 0.420000 26 46 43
-0.181736 -0.037563 0.420000 24 44 41
-0.180650 -0.037563 0.420000 24 44 41
-0.179564 -0.037563 0.420000 26 44 42
-0.178478 -0.037563 0.420000 28 46 44
-0.166292 -0.040693 0.455000 25 43 39
-0.165115 -0.040693 0.455000 26 44 40
-0.163939 -0.040693 0.455000 27 42 39
-0.162762 -0.040693 0.455000 29 44 41
-0.161586 -0.040693 0.455000 30 43 38
-0.160410 -0.040693 0.455000 29 42 37
-0.105020 -0.041588 0.465000 95 105 93
-0.103818 -0.041588 0.465000 26 36 24
-0.102395 -0.041498 0.464000 24 39 36
-0.101195 -0.041498 0.464000 24 39 36
-0.099780 -0.041409 0.463000 22 37 32
-0.098583 -0.041409 0.463000 23 38 33
-0.097386 -0.041409 0.463000 26 39 34
-0.095981 -0.041319 0.462000 19 32 27
-0.094786 -0.041319 0.462000 74 78 71
-0.093591 -0.041319 0.462000 130 134 127
-0.068644 -0.040693 0.455000 45 57 59
-0.067467 -0.040693 0.455000 107 118 116
-0.066436 -0.040783 0.456000 108 119 117
0.061571 -0.041230 0.461000 110 112 101
0.062627 -0.041141 0.460000 111 119 108
0.065188 -0.040515 0.453000 24 35 33
0.066212 -0.040425 0.452000 25 39 30
0.067232 -0.040336 0.451000 33 47 38
0.068398 -0.040336 0.451000 42 56 47
0.069564 -0.040336 0.451000 44 58 49
0.070887 -0.040425 0.452000 39 53 44
0.072215 -0.040515 0.453000 30 44 35
0.073549 -0.040604 0.454000 26 38 30
0.074723 -0.040604 0.454000 54 66 58
0.076064 -0.040693 0.455000 93 108 94
0.082126 -0.040783 0.456000 61 85 57
0.083488 -0.040872 0.457000 54 82 46
0.084670 -0.040872 0.457000 40 68 32
0.086039 -0.040962 0.458000 42 70 34
0.087223 -0.040962 0.458000 47 75 39
0.089788 -0.041051 0.459000 53 83 44
0.091173 -0.041141 0.460000 63 94 52
0.092563 -0.041230 0.461000 68 99 57
0.093755 -0.041230 0.461000 68 97 67
0.094947 -0.041230 0.461000 65 94 64
0.099706 -0.039799 0.445000 100 111 111
0.101083 -0.039889 0.446000 32 43 43
0.102236 -0.039889 0.446000 34 48 50
0.103621 -0.039978 0.447000 41 55 57
0.105480 -0.040246 0.450000 49 66 67
0.108287 -0.040425 0.452000 43 58 55
-0.232801 -0.036823 0.424000 54 63 56
-0.231705 -0.036823 0.424000 48 56 53
-0.230609 -0.036823 0.424000 42 50 47
-0.228971 -0.036736 0.423000 37 50 47
-0.227877 -0.036736 0.423000 36 49 46
-0.226784 -0.036736 0.423000 36 49 46
-0.225156 -0.036649 0.422000 36 49 46
-0.223534 -0.036563 0.421000 33 46 43
-0.221917 -0.036476 0.420000 35 48 45
-0.220831 -0.036476 0.420000 32 45 42
-0.219745 -0.036476 0.420000 32 45 42
-0.218139 -0.036389 0.419000 32 45 42
-0.217055 -0.036389 0.419000 31 44 41
-0.215972 -0.036389 0.419000 33 43 48
-0.212214 -0.036302 0.418000 157 163 163
-0.211638 -0.036389 0.419000 160 167 161
-0.210555 -0.036389 0.419000 154 161 155
-0.208388 -0.036389 0.419000 24 37 34
-0.207305 -0.036389 0.419000 28 45 46
-0.206221 -0.036389 0.419000 25 42 43
-0.205138 -0.036389 0.419000 26 44 40
-0.204055 -0.036389 0.419000 26 44 40
-0.202971 -0.036389 0.419000 26 44 40
-0.201888 -0.036389 0.419000 26 44 40
-0.200804 -0.036389 0.419000 31 46 43
-0.199721 -0.036389 0.419000 31 46 43
-0.198638 -0.036389 0.419000 31 46 43
-0.197554 -0.036389 0.419000 30 45 42
-0.196002 -0.036302 0.418000 29 47 43
-0.194921 -0.036302 0.418000 28 46 42
-0.193840 -0.036302 0.418000 27 45 43
-0.192759 -0.036302 0.418000 29 47 45
-0.191679 -0.036302 0.418000 31 45 47
-0.190598 -0.036302 0.418000 22 36 38
-0.189517 -0.036302 0.418000 79 84 89
-0.188436 -0.036302 0.418000 154 159 164
-0.186720 -0.036389 0.419000 166 174 171
-0.185637 -0.036389 0.419000 56 69 66
-0.182822 -0.036476 0.420000 27 45 41
-0.181736 -0.036476 0.420000 26 46 43
-0.180650 -0.036476 0.420000 25 45 42
-0.179564 -0.036476 0.420000 24 44 39
-0.178478 -0.036476 0.420000 26 46 41
-0.166292 -0.039515 0.455000 28 43 42
-0.165115 -0.039515 0.455000 27 42 41
-0.163939 -0.039515 0.455000 27 42 39
-0.162762 -0.039515 0.455000 31 46 43
-0.160410 -0.039515 0.455000 51 62 58
-0.159233 -0.039515 0.455000 68 79 75
-0.105020 -0.040384 0.465000 50 64 55
-0.103595 -0.040297 0.464000 22 36 27
-0.102395 -0.040297 0.464000 24 39 36
-0.100977 -0.040210 0.463000 23 38 35
-0.099780 -0.040210 0.463000 23 38 33
-0.098583 -0.040210 0.463000 23 38 33
-0.097175 -0.040123 0.462000 23 34 30
-0.095981 -0.040123 0.462000 25 36 32
-0.094786 -0.040123 0.462000 126 130 123
-0.093591 -0.040123 0.462000 128 132 125
-0.069513 -0.039342 0.453000 24 37 36
-0.068493 -0.039428 0.454000 16 29 28
-0.066291 -0.039515 0.455000 108 121 120
0.060379 -0.040036 0.461000 110 115 105
0.061304 -0.039863 0.459000 92 97 87
0.063734 -0.039168 0.451000 22 35 30
0.064756 -0.039081 0.450000 29 42 37
0.065919 -0.039081 0.450000 44 58 49
0.067083 -0.039081 0.450000 50 64 55
0.068247 -0.039081 0.450000 40 54 45
0.069564 -0.039168 0.451000 32 46 37
0.070887 -0.039255 0.452000 24 36 28
0.072375 -0.039428 0.454000 36 48 40
0.073711 -0.039515 0.455000 78 88 76
0.082306 -0.039689 0.457000 64 85 61
0.083488 -0.039689 0.457000 59 86 55
0.084670 -0.039689 0.457000 53 80 49
0.085851 -0.039689 0.457000 42 69 36
0.087033 -0.039689 0.457000 46 73 40
0.088408 -0.039776 0.458000 46 76 37
0.089788 -0.039863 0.459000 45 75 36
0.090974 -0.039863 0.459000 62 95 53
0.093551 -0.039950 0.460000 68 100 63
0.094741 -0.039950 0.460000 63 95 58
0.095722 -0.039863 0.459000 69 89 74
0.098555 -0.038647 0.445000 123 135 127
0.099706 -0.038647 0.445000 38 53 52
0.100856 -0.038647 0.445000 28 43 42
0.102007 -0.038647 0.445000 34 51 54
0.103621 -0.038821 0.447000 46 63 66
0.105480 -0.039081 0.450000 50 67 68
0.108287 -0.039255 0.452000 83 96 93
-0.227877 -0.035641 0.423000 50 61 59
-0.226784 -0.035641 0.423000 38 49 45
-0.225156 -0.035557 0.422000 33 44 40
-0.223534 -0.035472 0.421000 40 49 42
-0.221917 -0.035388 0.420000 38 47 40
-0.220831 -0.035388 0.420000 36 48 40
-0.219745 -0.035388 0.420000 33 45 37
-0.218139 -0.035304 0.419000 32 45 42
-0.217055 -0.035304 0.419000 35 48 45
-0.215972 -0.035304 0.419000 35 47 49
-0.212214 -0.035220 0.418000 161 167 169
-0.211638 -0.035304 0.419000 154 161 155
-0.210555 -0.035304 0.419000 167 174 168
-0.207305 -0.035304 0.419000 31 49 47
-0.206221 -0.035304 0.419000 28 46 44
-0.205138 -0.035304 0.419000 28 46 44
-0.204055 -0.035304 0.419000 27 45 43
-0.202971 -0.035304 0.419000 26 44 40
-0.201888 -0.035304 0.419000 24 42 38
-0.200804 -0.035304 0.419000 29 44 39
-0.199721 -0.035304 0.419000 29 44 39
-0.198638 -0.035304 0.419000 29 44 41
-0.197554 -0.035304 0.419000 29 44 41
-0.196471 -0.035304 0.419000 28 46 42
-0.194921 -0.035220 0.418000 27 45 41
-0.193840 -0.035220 0.418000 27 45 41
-0.192759 -0.035220 0.418000 29 47 43
-0.191679 -0.035220 0.418000 31 45 47
-0.190598 -0.035220 0.418000 28 42 44
-0.189517 -0.035220 0.418000 54 64 69
-0.187804 -0.035304 0.419000 152 163 161
-0.186720 -0.035304 0.419000 165 176 174
-0.185637 -0.035304 0.419000 74 87 82
-0.181736 -0.035388 0.420000 26 46 41
-0.180650 -0.035388 0.420000 26 46 41
-0.179564 -0.035388 0.420000 24 44 39
-0.178478 -0.035388 0.420000 26 46 41
-0.168274 -0.038253 0.454000 39 47 44
-0.167100 -0.038253 0.454000 41 49 46
-0.165926 -0.038253 0.454000 48 56 55
-0.165115 -0.038337 0.455000 60 68 67
-0.104794 -0.039096 0.464000 32 46 37
-0.103595 -0.039096 0.464000 24 38 29
-0.102174 -0.039011 0.463000 22 40 34
-0.100977 -0.039011 0.463000 20 38 32
-0.099564 -0.038927 0.462000 25 39 30
-0.098370 -0.038927 0.462000 26 40 31
-0.096965 -0.038843 0.461000 25 32 26
-0.095773 -0.038843 0.461000 50 57 51
-0.094581 -0.038843 0.461000 136 138 129
-0.069360 -0.038084 0.452000 28 41 38
-0.068191 -0.038084 0.452000 25 38 35
-0.067319 -0.038253 0.454000 15 28 27
-0.066291 -0.038337 0.455000 63 76 75
-0.065114 -0.038337 0.455000 110 123 120
0.058930 -0.038674 0.459000 100 108 97
0.061401 -0.038000 0.451000 25 33 30
0.062429 -0.037916 0.450000 27 35 32
0.063592 -0.037916 0.450000 38 52 43
0.064612 -0.037832 0.449000 50 64 55
0.065919 -0.037916 0.450000 47 63 54
0.067083 -0.037916 0.450000 34 50 41
0.068398 -0.038000 0.451000 30 44 35
0.069719 -0.038084 0.452000 22 36 27
0.071201 -0.038253 0.454000 57 66 57
0.072534 -0.038337 0.455000 103 112 103
0.073873 -0.038421 0.456000 121 131 119
0.082306 -0.038506 0.457000 65 83 62
0.083488 -0.038506 0.457000 58 85 54
0.084670 -0.038506 0.457000 54 81 50
0.085851 -0.038506 0.457000 43 70 37
0.087033 -0.038506 0.457000 43 70 37
0.088215 -0.038506 0.457000 44 74 35
0.089592 -0.038590 0.458000 43 73 34
0.090578 -0.038506 0.457000 56 89 45
0.091960 -0.038590 0.458000 69 102 58
0.093145 -0.038590 0.458000 71 101 62
0.094123 -0.038506 0.457000 68 98 59
0.097405 -0.037495 0.445000 128 139 135
0.098334 -0.037410 0.444000 87 98 94
0.099706 -0.037495 0.445000 28 41 40
0.100856 -0.037495 0.445000 37 50 49
0.102007 -0.037495 0.445000 42 59 62
0.103390 -0.037579 0.446000 48 65 68
0.105480 -0.037916 0.450000 48 62 64
-0.220831 -0.034301 0.420000 44 51 45
-0.219745 -0.034301 0.420000 46 53 47
-0.218139 -0.034219 0.419000 41 52 48
-0.217055 -0.034219 0.419000 38 49 45
-0.212214 -0.034137 0.418000 153 160 164
-0.211638 -0.034219 0.419000 154 161 155
-0.210555 -0.034219 0.419000 167 174 168
-0.209472 -0.034219 0.419000 126 134 131
-0.207305 -0.034219 0.419000 33 45 47
-0.206221 -0.034219 0.419000 33 45 47
-0.205138 -0.034219 0.419000 32 45 44
-0.204055 -0.034219 0.419000 31 44 43
-0.202971 -0.034219 0.419000 30 43 38
-0.201888 -0.034219 0.419000 30 43 38
-0.200804 -0.034219 0.419000 30 43 38
-0.199721 -0.034219 0.419000 30 43 38
-0.198638 -0.034219 0.419000 29 44 39
-0.197554 -0.034219 0.419000 29 44 39
-0.196471 -0.034219 0.419000 28 46 40
-0.195387 -0.034219 0.419000 27 45 39
-0.193840 -0.034137 0.418000 26 44 38
-0.192759 -0.034137 0.418000 26 44 38
-0.191679 -0.034137 0.418000 29 44 43
-0.190598 -0.034137 0.418000 24 39 38
-0.189517 -0.034137 0.418000 42 54 58
-0.187804 -0.034219 0.419000 150 163 162
-0.186720 -0.034219 0.419000 161 174 173
-0.185637 -0.034219 0.419000 121 132 128
-0.184553 -0.034219 0.419000 24 35 31
-0.181736 -0.034301 0.420000 26 46 41
-0.180650 -0.034301 0.420000 26 46 41
-0.179564 -0.034301 0.420000 26 44 40
-0.178478 -0.034301 0.420000 26 44 40
-0.173760 -0.036996 0.453000 40 46 46
-0.172589 -0.036996 0.453000 39 52 51
-0.171418 -0.036996 0.453000 49 62 61
-0.170246 -0.036996 0.453000 67 80 77
-0.169075 -0.036996 0.453000 87 100 97
-0.103148 -0.037731 0.462000 25 37 29
-0.101954 -0.037731 0.462000 25 38 33
-0.075024 -0.028094 0.344000 24 37 32
-0.073919 -0.028012 0.343000 27 39 31
-0.098157 -0.037649 0.461000 27 39 31
-0.096965 -0.037649 0.461000 29 36 28
-0.095773 -0.037649 0.461000 84 91 83
-0.073871 -0.036832 0.451000 53 78 57
-0.070373 -0.036832 0.451000 33 52 40
-0.069206 -0.036832 0.451000 26 37 35
-0.068040 -0.036832 0.451000 26 37 35
-0.067022 -0.036914 0.452000 24 36 38
-0.065999 -0.036996 0.453000 17 29 31
-0.064971 -0.037077 0.454000 71 84 83
-0.063938 -0.037159 0.455000 113 126 125
0.056680 -0.037567 0.460000 110 118 107
0.057617 -0.037404 0.458000 97 104 98
0.061265 -0.036751 0.450000 30 42 34
0.062429 -0.036751 0.450000 52 64 56
0.063451 -0.036669 0.449000 53 67 58
0.064612 -0.036669 0.449000 44 58 49
0.065919 -0.036751 0.450000 26 40 31
0.067083 -0.036751 0.450000 23 37 28
0.068550 -0.036914 0.452000 29 41 31
0.070027 -0.037077 0.454000 75 87 77
0.071358 -0.037159 0.455000 116 126 114
0.072694 -0.037241 0.456000 123 133 121
0.083488 -0.037322 0.457000 62 86 56
0.084670 -0.037322 0.457000 60 84 54
0.085851 -0.037322 0.457000 49 76 43
0.087033 -0.037322 0.457000 43 70 37
0.088215 -0.037322 0.457000 47 76 35
0.089201 -0.037241 0.456000 46 75 34
0.090380 -0.037241 0.456000 58 89 45
0.091559 -0.037241 0.456000 67 98 54
0.092738 -0.037241 0.456000 72 103 61
0.093917 -0.037241 0.456000 72 103 61
0.094888 -0.037159 0.455000 71 91 72
0.096470 -0.036424 0.446000 122 134 126
0.097405 -0.036342 0.445000 104 115 113
0.098334 -0.036261 0.444000 38 49 47
0.099482 -0.036261 0.444000 37 50 49
0.100630 -0.036261 0.444000 42 55 54
0.102007 -0.036342 0.445000 51 65 67
0.103390 -0.036424 0.446000 52 66 68
0.105480 -0.036751 0.450000 45 57 59
-0.212214 -0.033055 0.418000 132 143 143
-0.210555 -0.033134 0.419000 160 166 164
-0.209472 -0.033134 0.419000 160 164 159
-0.206221 -0.033134 0.419000 41 49 50
-0.205138 -0.033134 0.419000 36 46 49
-0.204055 -0.033134 0.419000 34 44 47
-0.202971 -0.033134 0.419000 33 46 45
-0.201888 -0.033134 0.419000 29 42 41
-0.200804 -0.033134 0.419000 30 43 40
-0.199721 -0.033134 0.419000 32 45 42
-0.198638 -0.033134 0.419000 33 48 45
-0.197554 -0.033134 0.419000 33 48 45
-0.196471 -0.033134 0.419000 29 47 43
-0.195387 -0.033134 0.419000 29 47 43
-0.194304 -0.033134 0.419000 26 44 40
-0.193221 -0.033134 0.419000 27 45 41
-0.192137 -0.033134 0.419000 33 48 45
-0.191054 -0.033134 0.419000 29 44 41
-0.189970 -0.033134 0.419000 29 41 45
-0.188887 -0.033134 0.419000 124 136 140
-0.187804 -0.033134 0.419000 147 158 158
-0.186720 -0.033134 0.419000 161 172 172
-0.185637 -0.033134 0.419000 150 161 157
-0.184553 -0.033134 0.419000 30 41 37
-0.181736 -0.033213 0.420000 28 47 47
-0.180650 -0.033213 0.420000 30 49 49
-0.179564 -0.033213 0.420000 28 48 45
-0.178478 -0.033213 0.420000 26 46 43
-0.178051 -0.035744 0.452000 51 66 65
-0.176883 -0.035744 0.452000 70 81 79
-0.175714 -0.035744 0.452000 82 93 91
-0.077918 -0.027282 0.345000 28 37 30
-0.077026 -0.027282 0.345000 31 40 33
-0.076134 -0.027282 0.345000 27 38 36
-0.075242 -0.027282 0.345000 29 40 38
-0.074350 -0.027282 0.345000 30 41 37
-0.073245 -0.027203 0.344000 27 38 34
-0.096965 -0.036456 0.461000 35 42 34
-0.095773 -0.036456 0.461000 112 119 111
-0.071539 -0.035665 0.451000 37 51 42
-0.070217 -0.035586 0.450000 40 54 45
-0.069053 -0.035586 0.450000 38 51 48
-0.067889 -0.035586 0.450000 26 39 36
-0.066726 -0.035586 0.450000 25 38 35
-0.065708 -0.035665 0.451000 21 34 31
-0.064685 -0.035744 0.452000 17 31 33
-0.063797 -0.035902 0.454000 76 90 92
-0.062761 -0.035981 0.455000 113 126 123
0.055249 -0.036218 0.458000 108 115 107
0.058938 -0.035586 0.450000 28 36 33
0.059968 -0.035507 0.449000 39 47 44
0.061129 -0.035507 0.449000 55 67 59
0.062290 -0.035507 0.449000 53 65 57
0.063451 -0.035507 0.449000 39 52 47
0.064756 -0.035586 0.450000 28 41 36
0.065919 -0.035586 0.450000 24 35 31
0.067381 -0.035744 0.452000 51 62 58
0.068853 -0.035902 0.454000 99 106 98
0.070181 -0.035981 0.455000 125 132 124
0.084670 -0.036139 0.457000 65 84 58
0.085664 -0.036060 0.456000 56 80 48
0.086843 -0.036060 0.456000 46 70 38
0.088022 -0.036060 0.456000 48 73 36
0.089201 -0.036060 0.456000 55 80 43
0.090380 -0.036060 0.456000 60 89 46
0.091358 -0.035981 0.455000 66 95 52
0.092535 -0.035981 0.455000 72 101 58
0.093505 -0.035902 0.454000 74 103 60
0.093845 -0.035586 0.450000 82 103 81
0.096254 -0.035190 0.445000 119 131 123
0.097186 -0.035111 0.444000 48 59 59
0.098334 -0.035111 0.444000 36 47 47
0.099482 -0.035111 0.444000 37 49 51
0.100630 -0.035111 0.444000 49 61 63
0.102007 -0.035190 0.445000 58 70 72
0.103621 -0.035348 0.447000 53 65 67
0.105480 -0.035586 0.450000 61 72 72
-0.209472 -0.032049 0.419000 170 174 169
-0.205138 -0.032049 0.419000 41 49 50
-0.204055 -0.032049 0.419000 39 47 48
-0.202971 -0.032049 0.419000 33 46 45
-0.201888 -0.032049 0.419000 32 45 44
-0.200804 -0.032049 0.419000 30 45 42
-0.199721 -0.032049 0.419000 30 45 42
-0.198638 -0.032049 0.419000 36 49 46
-0.197554 -0.032049 0.419000 30 43 40
-0.196471 -0.032049 0.419000 30 43 40
-0.195387 -0.032049 0.419000 32 45 42
-0.194304 -0.032049 0.419000 31 44 41
-0.193221 -0.032049 0.419000 32 45 42
-0.192137 -0.032049 0.419000 36 47 45
-0.191054 -0.032049 0.419000 34 45 43
-0.189970 -0.032049 0.419000 32 40 39
-0.188887 -0.032049 0.419000 109 117 116
-0.187804 -0.032049 0.419000 148 156 153
-0.186720 -0.032049 0.419000 160 168 165
-0.185637 -0.032049 0.419000 161 173 165
-0.184553 -0.032049 0.419000 55 67 59
-0.079039 -0.026466 0.346000 53 57 50
-0.077918 -0.026389 0.345000 30 36 34
-0.077026 -0.026389 0.345000 34 40 38
-0.076134 -0.026389 0.345000 29 40 38
-0.075242 -0.026389 0.345000 31 42 40
-0.074350 -0.026389 0.345000 31 42 40
-0.073458 -0.026389 0.345000 24 35 33
-0.096755 -0.035185 0.460000 57 64 56
-0.071380 -0.034420 0.450000 75 88 83
-0.070217 -0.034420 0.450000 35 48 43
-0.069053 -0.034420 0.450000 40 53 50
-0.067889 -0.034420 0.450000 35 48 45
-0.066726 -0.034420 0.450000 21 36 33
-0.065562 -0.034420 0.450000 21 36 33
-0.064542 -0.034497 0.451000 17 32 31
-0.063376 -0.034497 0.451000 19 34 33
-0.062485 -0.034650 0.453000 72 86 88
-0.061449 -0.034726 0.454000 112 126 128
0.052650 -0.034879 0.456000 108 116 105
0.057646 -0.034344 0.449000 31 44 41
0.058676 -0.034268 0.448000 47 60 55
0.059835 -0.034268 0.448000 45 58 53
0.061129 -0.034344 0.449000 40 53 48
0.062290 -0.034344 0.449000 28 41 36
0.063592 -0.034420 0.450000 27 38 36
0.064756 -0.034420 0.450000 32 43 41
0.066212 -0.034573 0.452000 84 92 89
0.084484 -0.034879 0.456000 69 84 59
0.085664 -0.034879 0.456000 59 81 52
0.086843 -0.034879 0.456000 52 74 45
0.088022 -0.034879 0.456000 48 73 38
0.089005 -0.034803 0.455000 55 80 45
0.090182 -0.034803 0.455000 59 88 45
0.091157 -0.034726 0.454000 62 91 48
0.092128 -0.034650 0.453000 67 98 56
0.092681 -0.034420 0.450000 70 101 59
0.093428 -0.034268 0.448000 83 105 78
0.095103 -0.034038 0.445000 113 127 118
0.096038 -0.033962 0.444000 73 87 78
0.096967 -0.033885 0.443000 31 43 45
0.098334 -0.033962 0.444000 39 51 53
0.099482 -0.033962 0.444000 47 59 61
0.100630 -0.033962 0.444000 54 66 68
0.102007 -0.034038 0.445000 51 63 65
0.103853 -0.034268 0.448000 52 64 66
0.105480 -0.034420 0.450000 116 127 125
-0.209472 -0.030964 0.419000 164 171 165
-0.188887 -0.030964 0.419000 102 106 101
-0.187804 -0.030964 0.419000 147 154 148
-0.186720 -0.030964 0.419000 150 157 151
-0.185637 -0.030964 0.419000 165 177 169
-0.078144 -0.025570 0.346000 33 41 38
-0.077249 -0.025570 0.346000 32 40 37
-0.076355 -0.025570 0.346000 32 40 37
-0.075460 -0.025570 0.346000 32 40 37
-0.074566 -0.025570 0.346000 31 39 36
-0.073671 -0.025570 0.346000 27 35 32
-0.096544 -0.033920 0.459000 94 102 91
-0.075037 -0.033329 0.451000 49 76 47
-0.071380 -0.033255 0.450000 85 99 90
-0.070217 -0.033255 0.450000 66 80 71
-0.069053 -0.033255 0.450000 36 47 43
-0.067889 -0.033255 0.450000 45 56 52
-0.066726 -0.033255 0.450000 37 50 47
-0.065562 -0.033255 0.450000 26 39 36
-0.064399 -0.033255 0.450000 24 39 36
-0.063235 -0.033255 0.450000 20 35 32
-0.062210 -0.033329 0.451000 19 33 35
-0.061179 -0.033403 0.452000 74 88 90
-0.060143 -0.033477 0.453000 117 130 127
0.051470 -0.033699 0.456000 105 112 104
0.055324 -0.033181 0.449000 31 42 40
0.056234 -0.033034 0.447000 38 51 48
0.057389 -0.033034 0.447000 50 63 60
0.059835 -0.033108 0.448000 38 51 46
0.061129 -0.033181 0.449000 30 41 39
0.062429 -0.033255 0.450000 25 36 34
0.063592 -0.033255 0.450000 50 58 55
0.085664 -0.033699 0.456000 64 83 57
0.086843 -0.033699 0.456000 59 78 52
0.087829 -0.033625 0.455000 49 76 45
0.089005 -0.033625 0.455000 52 79 48
0.089785 -0.033477 0.453000 57 87 48
0.090354 -0.033255 0.450000 60 90 51
0.091518 -0.033255 0.450000 62 94 55
0.092063 -0.033034 0.447000 62 94 55
0.092802 -0.032886 0.445000 81 103 76
0.094890 -0.032812 0.444000 86 102 93
0.095605 -0.032664 0.442000 26 42 33
0.098112 -0.032738 0.443000 37 51 53
0.099482 -0.032812 0.444000 51 65 69
0.100630 -0.032812 0.444000 54 68 72
0.102007 -0.032886 0.445000 51 63 65
0.104085 -0.033181 0.449000 87 99 101
-0.210555 -0.029880 0.419000 151 157 157
-0.209472 -0.029880 0.419000 151 158 152
-0.208388 -0.029880 0.419000 162 169 163
-0.188887 -0.029880 0.419000 120 124 119
-0.187804 -0.029880 0.419000 142 149 143
-0.186720 -0.029880 0.419000 145 152 146
-0.185637 -0.029880 0.419000 162 174 166
-0.184553 -0.029880 0.419000 140 152 144
-0.106039 -0.032732 0.459000 97 104 98
-0.079496 -0.024816 0.348000 35 42 36
-0.078370 -0.024745 0.347000 27 38 34
-0.077473 -0.024745 0.347000 29 40 36
-0.076576 -0.024745 0.347000 29 40 36
-0.075678 -0.024745 0.347000 31 42 38
-0.074781 -0.024745 0.347000 29 37 34
-0.073671 -0.024674 0.346000 36 44 41
-0.096544 -0.032732 0.459000 124 129 119
-0.076203 -0.032161 0.451000 46 73 44
-0.075037 -0.032161 0.451000 54 81 52
-0.073871 -0.032161 0.451000 68 87 75
-0.070217 -0.032090 0.450000 88 102 93
-0.069053 -0.032090 0.450000 56 64 61
-0.067889 -0.032090 0.450000 36 44 41
-0.066578 -0.032019 0.449000 44 55 55
-0.065417 -0.032019 0.449000 34 45 45
-0.064256 -0.032019 0.449000 29 42 41
-0.063095 -0.032019 0.449000 28 41 40
-0.062072 -0.032090 0.450000 20 34 36
-0.060908 -0.032090 0.450000 19 33 35
-0.059877 -0.032161 0.451000 83 96 95
-0.058841 -0.032233 0.452000 120 133 132
0.049112 -0.032518 0.456000 116 120 113
0.051610 -0.031876 0.447000 25 38 33
0.052648 -0.031805 0.446000 26 39 34
0.053922 -0.031876 0.447000 28 41 36
0.054955 -0.031805 0.446000 40 53 48
0.056108 -0.031805 0.446000 49 64 59
0.057389 -0.031876 0.447000 40 55 50
0.059968 -0.032019 0.449000 27 42 39
0.061265 -0.032090 0.450000 41 49 46
0.062429 -0.032090 0.450000 84 92 89
0.063875 -0.032233 0.452000 120 127 121
0.086843 -0.032518 0.456000 62 80 59
0.087829 -0.032447 0.455000 51 77 51
0.088809 -0.032375 0.454000 52 78 52
0.089587 -0.032233 0.452000 54 85 51
0.090354 -0.032090 0.450000 54 85 51
0.091111 -0.031948 0.448000 55 86 52
0.091857 -0.031805 0.446000 57 88 54
0.092802 -0.031734 0.445000 75 98 75
0.093742 -0.031662 0.444000 88 111 88
0.094676 -0.031591 0.443000 35 51 42
0.095821 -0.031591 0.443000 27 43 34
0.096967 -0.031591 0.443000 31 46 45
0.098334 -0.031662 0.444000 44 59 58
0.099482 -0.031662 0.444000 54 68 72
0.100856 -0.031734 0.445000 50 64 68
0.102466 -0.031876 0.447000 64 75 75
-0.210052 -0.028726 0.418000 154 160 162
-0.209472 -0.028795 0.419000 149 157 154
-0.208388 -0.028795 0.419000 161 169 166
-0.207305 -0.028795 0.419000 137 149 141
-0.187804 -0.028795 0.419000 133 141 138
-0.186720 -0.028795 0.419000 139 147 144
-0.185637 -0.028795 0.419000 154 165 161
-0.184553 -0.028795 0.419000 144 155 151
-0.105808 -0.031475 0.458000 83 90 82
-0.079724 -0.023984 0.349000 33 40 32
-0.078596 -0.023915 0.348000 29 41 33
-0.077696 -0.023915 0.348000 29 41 33
-0.076796 -0.023915 0.348000 29 41 33
-0.075896 -0.023915 0.348000 31 43 35
-0.098702 -0.031475 0.458000 27 36 29
-0.097518 -0.031475 0.458000 52 61 54
-0.096334 -0.031475 0.458000 140 142 133
-0.076203 -0.030994 0.451000 49 78 48
-0.075037 -0.030994 0.451000 58 87 57
-0.073871 -0.030994 0.451000 70 90 75
-0.069053 -0.030925 0.450000 89 100 96
-0.067889 -0.030925 0.450000 48 59 55
-0.066578 -0.030856 0.449000 34 42 41
-0.065417 -0.030856 0.449000 42 50 49
-0.064113 -0.030788 0.448000 33 48 47
-0.063095 -0.030856 0.449000 26 41 40
-0.061934 -0.030856 0.449000 24 38 40
-0.060773 -0.030856 0.449000 23 37 39
-0.059745 -0.030925 0.450000 22 34 36
-0.058581 -0.030925 0.450000 81 93 95
-0.057545 -0.030994 0.451000 121 132 128
0.046754 -0.031337 0.456000 112 117 107
0.050455 -0.030719 0.447000 25 33 30
0.051379 -0.030581 0.445000 31 44 39
0.052530 -0.030581 0.445000 35 48 43
0.053681 -0.030581 0.445000 49 65 56
0.054955 -0.030650 0.446000 41 57 48
0.056108 -0.030650 0.446000 34 49 44
0.058676 -0.030788 0.448000 26 37 33
0.060102 -0.030925 0.450000 52 63 59
0.061265 -0.030925 0.450000 112 119 113
0.086652 -0.031269 0.455000 66 81 65
0.087829 -0.031269 0.455000 54 79 58
0.088614 -0.031131 0.453000 52 77 56
0.089191 -0.030925 0.450000 55 86 56
0.090153 -0.030856 0.449000 51 82 52
0.090704 -0.030650 0.446000 50 81 51
0.091651 -0.030581 0.445000 50 81 51
0.092594 -0.030513 0.444000 58 80 62
0.093530 -0.030444 0.443000 28 50 32
0.094676 -0.030444 0.443000 29 45 36
0.095821 -0.030444 0.443000 33 49 40
0.096967 -0.030444 0.443000 40 58 56
0.098334 -0.030513 0.444000 54 72 70
0.099706 -0.030581 0.445000 50 67 70
0.101083 -0.030650 0.446000 46 63 66
-0.210052 -0.027644 0.418000 140 148 149
-0.208972 -0.027644 0.418000 153 161 160
-0.208388 -0.027710 0.419000 155 163 162
-0.207305 -0.027710 0.419000 166 175 168
-0.206221 -0.027710 0.419000 113 122 115
-0.187804 -0.027710 0.419000 126 134 135
-0.186720 -0.027710 0.419000 140 148 149
-0.185637 -0.027710 0.419000 157 168 164
-0.184553 -0.027710 0.419000 152 163 159
-0.105577 -0.030223 0.457000 64 71 63
-0.079724 -0.023080 0.349000 37 44 36
-0.078822 -0.023080 0.349000 30 42 34
-0.077919 -0.023080 0.349000 29 41 33
-0.077017 -0.023080 0.349000 30 42 34
-0.099887 -0.030289 0.458000 31 43 35
-0.098487 -0.030223 0.457000 31 40 33
-0.097518 -0.030289 0.458000 70 79 72
-0.078536 -0.029826 0.451000 66 95 54
-0.077369 -0.029826 0.451000 59 88 47
-0.076203 -0.029826 0.451000 52 81 49
-0.075037 -0.029826 0.451000 66 95 63
-0.073871 -0.029826 0.451000 74 94 79
-0.067889 -0.029760 0.450000 88 99 95
-0.066578 -0.029694 0.449000 52 60 57
-0.065271 -0.029628 0.448000 34 42 39
-0.064113 -0.029628 0.448000 43 55 57
-0.062954 -0.029628 0.448000 36 48 50
-0.061796 -0.029628 0.448000 23 37 39
-0.060637 -0.029628 0.448000 27 41 43
-0.059612 -0.029694 0.449000 25 38 37
-0.058451 -0.029694 0.449000 17 30 29
-0.057417 -0.029760 0.450000 76 87 85
-0.056379 -0.029826 0.451000 121 132 130
0.045375 -0.030024 0.454000 114 118 111
0.048035 -0.029495 0.446000 32 38 38
0.049078 -0.029429 0.445000 24 35 31
0.050229 -0.029429 0.445000 32 43 39
0.051379 -0.029429 0.445000 46 60 51
0.052530 -0.029429 0.445000 53 67 58
0.053681 -0.029429 0.445000 36 52 43
0.054955 -0.029495 0.446000 28 44 35
0.057518 -0.029628 0.448000 44 57 52
0.058807 -0.029694 0.449000 91 98 92
0.060102 -0.029760 0.450000 121 128 122
0.087636 -0.030024 0.454000 60 82 62
0.088027 -0.029760 0.450000 58 80 60
0.089191 -0.029760 0.450000 54 84 57
0.090501 -0.029429 0.445000 52 80 53
0.091445 -0.029363 0.444000 50 78 51
0.092385 -0.029297 0.443000 34 50 39
0.093319 -0.029231 0.442000 33 49 38
0.094462 -0.029231 0.442000 30 45 40
0.095821 -0.029297 0.443000 44 59 54
0.097186 -0.029363 0.444000 56 74 72
0.098555 -0.029429 0.445000 52 70 68
0.099930 -0.029495 0.446000 45 60 59
-0.210052 -0.026561 0.418000 123 131 130
-0.208972 -0.026561 0.418000 154 162 161
-0.207891 -0.026561 0.418000 149 157 156
-0.207305 -0.026625 0.419000 164 171 165
-0.206221 -0.026625 0.419000 138 145 139
-0.187804 -0.026625 0.419000 121 129 130
-0.186720 -0.026625 0.419000 145 153 154
-0.185637 -0.026625 0.419000 145 156 152
-0.184553 -0.026625 0.419000 154 165 161
-0.081089 -0.022304 0.351000 51 58 50
-0.104395 -0.029040 0.457000 39 46 38
-0.079048 -0.022240 0.350000 31 42 38
-0.078143 -0.022240 0.350000 29 40 36
-0.077017 -0.022177 0.349000 31 42 38
-0.099669 -0.029040 0.457000 29 40 36
-0.098487 -0.029040 0.457000 29 40 36
-0.097305 -0.029040 0.457000 102 113 109
-0.077369 -0.028658 0.451000 59 88 47
-0.076203 -0.028658 0.451000 59 83 55
-0.075037 -0.028658 0.451000 77 101 73
-0.066578 -0.028531 0.449000 92 100 97
-0.064113 -0.028468 0.448000 37 48 48
-0.062814 -0.028404 0.447000 44 55 55
-0.061658 -0.028404 0.447000 34 48 50
-0.060502 -0.028404 0.447000 28 42 44
-0.059346 -0.028404 0.447000 27 41 43
-0.058321 -0.028468 0.448000 19 33 35
-0.057290 -0.028531 0.449000 17 30 29
-0.056254 -0.028595 0.450000 73 86 85
-0.055090 -0.028595 0.450000 126 135 128
0.043027 -0.028849 0.454000 110 119 110
0.045729 -0.028341 0.446000 33 41 38
0.046777 -0.028277 0.445000 29 42 39
0.047820 -0.028213 0.444000 33 46 43
0.048968 -0.028213 0.444000 39 52 49
0.050116 -0.028213 0.444000 50 63 60
0.051379 -0.028277 0.445000 45 58 53
0.052530 -0.028277 0.445000 33 46 41
0.053801 -0.028341 0.446000 22 37 32
0.056359 -0.028468 0.448000 64 73 64
0.057646 -0.028531 0.449000 110 119 110
0.088027 -0.028595 0.450000 58 80 60
0.088992 -0.028531 0.449000 55 83 56
0.089551 -0.028341 0.446000 56 84 57
0.090501 -0.028277 0.445000 59 81 61
0.091240 -0.028150 0.443000 34 56 36
0.092385 -0.028150 0.443000 35 51 42
0.093319 -0.028086 0.442000 31 47 38
0.094676 -0.028150 0.443000 47 62 59
0.095821 -0.028150 0.443000 56 71 68
0.097186 -0.028213 0.444000 52 66 68
0.098555 -0.028277 0.445000 44 58 60
0.100154 -0.028404 0.447000 72 83 81
-0.208972 -0.025479 0.418000 147 153 153
-0.207891 -0.025479 0.418000 149 155 155
-0.207305 -0.025540 0.419000 154 163 156
-0.206221 -0.025540 0.419000 160 169 162
-0.205138 -0.025540 0.419000 114 120 118
-0.187804 -0.025540 0.419000 124 132 131
-0.187166 -0.025601 0.420000 147 155 154
-0.186080 -0.025601 0.420000 139 150 146
-0.081320 -0.021456 0.352000 41 47 45
-0.080409 -0.021456 0.352000 41 47 45
-0.079273 -0.021395 0.351000 32 43 43
-0.078366 -0.021395 0.351000 31 42 42
-0.077458 -0.021395 0.351000 32 43 43
-0.076333 -0.021334 0.350000 30 41 41
-0.098487 -0.027856 0.457000 30 41 39
-0.097305 -0.027856 0.457000 128 139 137
-0.078536 -0.027491 0.451000 64 92 54
-0.077369 -0.027491 0.451000 60 88 50
-0.076203 -0.027491 0.451000 63 84 60
-0.075037 -0.027491 0.451000 85 106 82
-0.062673 -0.027186 0.446000 36 47 47
-0.061520 -0.027186 0.446000 33 50 53
-0.060367 -0.027186 0.446000 29 46 49
-0.059213 -0.027186 0.446000 26 43 44
-0.057035 -0.027247 0.447000 21 38 39
-0.056004 -0.027308 0.448000 13 30 31
-0.054968 -0.027369 0.449000 65 80 79
-0.053927 -0.027430 0.450000 120 135 134
0.041761 -0.027612 0.453000 115 120 108
0.044476 -0.027125 0.445000 26 39 36
0.045524 -0.027064 0.444000 25 38 35
0.046567 -0.027003 0.443000 33 48 45
0.047712 -0.027003 0.443000 42 57 54
0.048968 -0.027064 0.444000 47 62 59
0.050116 -0.027064 0.444000 38 53 50
0.051379 -0.027125 0.445000 32 45 42
0.052648 -0.027186 0.446000 23 36 33
0.053922 -0.027247 0.447000 47 59 51
0.056485 -0.027369 0.449000 124 129 119
0.089551 -0.027186 0.446000 56 79 54
0.090297 -0.027064 0.444000 35 55 40
0.091240 -0.027003 0.443000 26 46 31
0.092385 -0.027003 0.443000 35 51 42
0.093530 -0.027003 0.443000 42 58 49
0.094676 -0.027003 0.443000 50 65 64
0.096038 -0.027064 0.444000 48 63 62
0.097405 -0.027125 0.445000 40 54 56
0.098998 -0.027247 0.447000 57 71 73
-0.208972 -0.024397 0.418000 135 141 139
-0.207891 -0.024397 0.418000 150 156 154
-0.206810 -0.024397 0.418000 149 157 154
-0.206221 -0.024455 0.419000 162 170 167
-0.205138 -0.024455 0.419000 135 141 141
-0.082230 -0.020545 0.352000 118 125 117
-0.081320 -0.020545 0.352000 33 44 42
-0.080409 -0.020545 0.352000 36 47 45
-0.079499 -0.020545 0.352000 32 43 43
-0.078589 -0.020545 0.352000 32 43 43
-0.077679 -0.020545 0.352000 33 44 44
-0.076769 -0.020545 0.352000 32 43 43
-0.098487 -0.026673 0.457000 37 48 44
-0.097092 -0.026615 0.456000 137 148 144
-0.078361 -0.026264 0.450000 52 80 42
-0.077198 -0.026264 0.450000 58 86 48
-0.076203 -0.026323 0.451000 61 82 58
-0.074871 -0.026264 0.450000 92 113 89
-0.062673 -0.026031 0.446000 52 63 63
-0.061520 -0.026031 0.446000 29 41 45
-0.060367 -0.026031 0.446000 39 51 55
-0.059213 -0.026031 0.446000 31 48 51
-0.058060 -0.026031 0.446000 25 42 45
-0.056907 -0.026031 0.446000 24 41 42
-0.055754 -0.026031 0.446000 22 39 40
-0.054723 -0.026089 0.447000 15 32 33
-0.052646 -0.026206 0.449000 112 123 121
-0.051600 -0.026264 0.450000 130 141 139
0.039419 -0.026440 0.453000 116 121 109
0.042174 -0.025973 0.445000 31 42 40
0.043228 -0.025914 0.444000 26 37 35
0.044376 -0.025914 0.444000 29 44 39
0.045421 -0.025856 0.443000 35 50 45
0.046567 -0.025856 0.443000 41 59 53
0.047712 -0.025856 0.443000 41 59 53
0.048968 -0.025914 0.444000 33 48 47
0.050229 -0.025973 0.445000 24 39 38
0.051495 -0.026031 0.446000 34 45 41
0.054043 -0.026148 0.448000 117 124 116
0.089551 -0.026031 0.446000 43 61 40
0.090501 -0.025973 0.445000 35 50 36
0.091445 -0.025914 0.444000 32 47 33
0.092385 -0.025856 0.443000 36 51 46
0.093742 -0.025914 0.444000 49 64 59
0.094890 -0.025914 0.444000 49 63 65
0.096254 -0.025973 0.445000 41 55 57
0.097623 -0.026031 0.446000 50 63 60
-0.207891 -0.023314 0.418000 148 151 150
-0.206810 -0.023314 0.418000 145 151 151
-0.206221 -0.023370 0.419000 158 164 164
-0.205138 -0.023370 0.419000 156 162 162
-0.082463 -0.019689 0.353000 95 104 97
-0.081551 -0.019689 0.353000 32 45 44
-0.080409 -0.019633 0.352000 28 41 40
-0.079499 -0.019633 0.352000 32 45 44
-0.078589 -0.019633 0.352000 35 48 47
-0.077679 -0.019633 0.352000 36 49 48
-0.099450 -0.025434 0.456000 31 44 43
-0.098271 -0.025434 0.456000 62 70 67
-0.079525 -0.025099 0.450000 65 94 53
-0.078361 -0.025099 0.450000 53 83 44
-0.077198 -0.025099 0.450000 58 88 49
-0.076034 -0.025099 0.450000 74 92 71
-0.075037 -0.025155 0.451000 98 116 95
-0.061520 -0.024876 0.446000 62 73 73
-0.060367 -0.024876 0.446000 36 47 47
-0.059081 -0.024820 0.445000 33 50 51
-0.057930 -0.024820 0.445000 32 49 50
-0.056779 -0.024820 0.445000 26 43 44
-0.055629 -0.024820 0.445000 25 42 43
-0.054478 -0.024820 0.445000 22 39 40
-0.053447 -0.024876 0.446000 15 32 33
-0.052411 -0.024932 0.447000 38 51 50
-0.050324 -0.025043 0.449000 132 140 139
0.038079 -0.025155 0.451000 116 121 111
0.039332 -0.025211 0.452000 87 92 82
0.043033 -0.024653 0.442000 36 49 44
0.044176 -0.024653 0.442000 49 64 59
0.045421 -0.024709 0.443000 55 70 65
0.046567 -0.024709 0.443000 38 56 50
0.047820 -0.024765 0.444000 27 45 39
0.049078 -0.024820 0.445000 25 38 33
0.050342 -0.024876 0.446000 47 60 55
0.052884 -0.024988 0.448000 128 132 127
0.087829 -0.025378 0.455000 70 83 66
0.088614 -0.025267 0.453000 66 79 62
0.089389 -0.025155 0.451000 39 52 37
0.089551 -0.024876 0.446000 39 52 37
0.090501 -0.024820 0.445000 37 49 39
0.091445 -0.024765 0.444000 38 50 40
0.092594 -0.024765 0.444000 52 65 60
0.093742 -0.024765 0.444000 53 66 61
0.095103 -0.024820 0.445000 41 56 55
0.096470 -0.024876 0.446000 38 53 52
-0.206810 -0.022232 0.418000 145 151 149
-0.205729 -0.022232 0.418000 155 161 159
-0.204648 -0.022232 0.418000 164 172 169
-0.203568 -0.022232 0.418000 132 140 137
-0.082697 -0.018828 0.354000 77 89 81
-0.081551 -0.018775 0.353000 35 50 49
-0.080638 -0.018775 0.353000 27 42 41
-0.079725 -0.018775 0.353000 30 44 46
-0.078812 -0.018775 0.353000 31 45 47
-0.077900 -0.018775 0.353000 35 48 47
-0.099450 -0.024253 0.456000 30 43 42
-0.098271 -0.024253 0.456000 81 90 83
-0.079525 -0.023934 0.450000 60 91 49
-0.078361 -0.023934 0.450000 59 91 52
-0.077198 -0.023934 0.450000 49 81 42
-0.076034 -0.023934 0.450000 84 101 83
-0.075037 -0.023987 0.451000 98 115 97
-0.060367 -0.023721 0.446000 74 82 81
-0.059081 -0.023668 0.445000 29 42 41
-0.057930 -0.023668 0.445000 36 49 48
-0.056779 -0.023668 0.445000 36 54 52
-0.055629 -0.023668 0.445000 31 49 47
-0.054478 -0.023668 0.445000 26 44 42
-0.053328 -0.023668 0.445000 25 43 41
-0.052177 -0.023668 0.445000 25 38 37
-0.051141 -0.023721 0.446000 36 49 48
-0.049054 -0.023828 0.448000 126 137 137
0.035667 -0.023934 0.450000 121 125 118
0.036831 -0.023934 0.450000 107 111 104
0.040747 -0.023509 0.442000 30 41 37
0.041795 -0.023455 0.441000 46 59 54
0.042838 -0.023402 0.440000 56 69 64
0.044076 -0.023455 0.441000 50 65 60
0.045319 -0.023509 0.442000 28 43 38
0.046672 -0.023615 0.444000 29 42 37
0.047928 -0.023668 0.445000 31 44 39
0.049189 -0.023721 0.446000 76 84 81
0.087829 -0.024200 0.455000 72 82 70
0.090501 -0.023668 0.445000 39 51 41
0.091445 -0.023615 0.444000 48 60 50
0.092802 -0.023668 0.445000 48 64 55
0.093953 -0.023668 0.445000 37 53 44
0.095531 -0.023775 0.447000 34 49 44
-0.205729 -0.021150 0.418000 148 154 152
-0.204648 -0.021150 0.418000 159 167 164
-0.203568 -0.021150 0.418000 146 154 151
-0.082697 -0.017912 0.354000 68 79 75
-0.081782 -0.017912 0.354000 38 53 52
-0.080866 -0.017912 0.354000 30 45 44
-0.079951 -0.017912 0.354000 30 45 44
-0.079036 -0.017912 0.354000 33 48 47
-0.078120 -0.017912 0.354000 35 48 45
-0.099450 -0.023073 0.456000 30 43 40
-0.098271 -0.023073 0.456000 92 99 93
-0.079525 -0.022769 0.450000 64 95 53
-0.078361 -0.022769 0.450000 56 91 53
-0.077198 -0.022769 0.450000 48 83 45
-0.076034 -0.022769 0.450000 90 110 91
-0.059081 -0.022516 0.445000 73 84 82
-0.057930 -0.022516 0.445000 31 42 40
-0.056779 -0.022516 0.445000 35 53 49
-0.055504 -0.022465 0.444000 36 54 50
-0.054356 -0.022465 0.444000 29 47 43
-0.053208 -0.022465 0.444000 27 45 41
-0.052060 -0.022465 0.444000 30 45 44
-0.051026 -0.022516 0.445000 24 39 38
-0.049876 -0.022516 0.445000 28 40 44
-0.048835 -0.022567 0.446000 65 77 81
-0.047788 -0.022617 0.447000 126 134 135
0.034427 -0.022718 0.449000 117 122 112
0.038375 -0.022314 0.441000 33 41 40
0.039425 -0.022263 0.440000 38 49 45
0.040563 -0.022263 0.440000 48 59 55
0.041701 -0.022263 0.440000 54 67 62
0.042838 -0.022263 0.440000 40 53 48
0.044176 -0.022364 0.442000 31 44 39
0.045524 -0.022465 0.444000 29 42 37
0.046777 -0.022516 0.445000 51 63 55
0.048035 -0.022567 0.446000 94 106 98
0.086843 -0.023073 0.456000 76 86 74
0.087829 -0.023022 0.455000 37 49 39
0.088809 -0.022971 0.454000 32 44 34
0.093011 -0.022567 0.446000 40 56 47
0.095958 -0.022718 0.449000 88 104 93
-0.106525 -0.021892 0.456000 61 74 69
-0.082013 -0.017043 0.355000 41 56 53
-0.081095 -0.017043 0.355000 33 48 45
-0.080177 -0.017043 0.355000 31 46 45
-0.079259 -0.017043 0.355000 31 46 45
-0.078341 -0.017043 0.355000 36 49 46
-0.077423 -0.017043 0.355000 32 45 42
-0.098271 -0.021892 0.456000 100 104 99
-0.080689 -0.021604 0.450000 71 102 60
-0.079525 -0.021604 0.450000 64 95 53
-0.078361 -0.021604 0.450000 58 90 53
-0.077198 -0.021604 0.450000 54 86 49
-0.076034 -0.021604 0.450000 95 115 96
-0.057930 -0.021364 0.445000 88 96 93
-0.056779 -0.021364 0.445000 33 48 43
-0.055504 -0.021316 0.444000 29 44 39
-0.054356 -0.021316 0.444000 36 54 50
-0.053208 -0.021316 0.444000 33 51 47
-0.052060 -0.021316 0.444000 28 46 44
-0.050912 -0.021316 0.444000 26 44 42
-0.049764 -0.021316 0.444000 26 40 44
-0.048725 -0.021364 0.445000 20 34 38
-0.047574 -0.021364 0.445000 57 67 70
-0.046528 -0.021412 0.446000 103 113 116
-0.045477 -0.021460 0.447000 136 142 140
0.032176 -0.021604 0.450000 123 128 118
0.033192 -0.021508 0.448000 106 113 107
0.035112 -0.021268 0.443000 33 41 40
0.036094 -0.021172 0.441000 32 40 39
0.037150 -0.021124 0.440000 30 41 37
0.038288 -0.021124 0.440000 40 51 47
0.039336 -0.021076 0.439000 52 65 60
0.040563 -0.021124 0.440000 49 62 57
0.041701 -0.021124 0.440000 38 51 48
0.042936 -0.021172 0.441000 31 44 41
0.044276 -0.021268 0.443000 30 43 38
0.085664 -0.021892 0.456000 77 86 77
0.086843 -0.021892 0.456000 40 49 40
0.088022 -0.021892 0.456000 31 43 33
0.088809 -0.021796 0.454000 34 46 36
0.089191 -0.021604 0.450000 47 59 49
0.094797 -0.021556 0.449000 72 89 75
-0.106525 -0.020711 0.456000 57 68 64
-0.082244 -0.016169 0.356000 35 53 49
-0.081323 -0.016169 0.356000 33 51 47
-0.080403 -0.016169 0.356000 33 48 45
-0.079482 -0.016169 0.356000 31 46 43
-0.078562 -0.016169 0.356000 37 48 46
-0.099450 -0.020711 0.456000 34 45 43
-0.098271 -0.020711 0.456000 105 106 102
-0.080509 -0.020393 0.449000 72 103 61
-0.079348 -0.020393 0.449000 70 101 59
-0.078361 -0.020439 0.450000 61 93 56
-0.077198 -0.020439 0.450000 56 88 51
-0.076034 -0.020439 0.450000 97 119 99
-0.056779 -0.020212 0.445000 100 112 104
-0.055504 -0.020166 0.444000 52 64 56
-0.054356 -0.020166 0.444000 31 46 43
-0.053208 -0.020166 0.444000 41 56 53
-0.051942 -0.020121 0.443000 36 54 52
-0.050797 -0.020121 0.443000 28 46 44
-0.049764 -0.020166 0.444000 29 47 45
-0.048616 -0.020166 0.444000 28 46 44
-0.047468 -0.020166 0.444000 26 36 39
-0.046424 -0.020212 0.445000 34 44 47
-0.045273 -0.020212 0.445000 76 82 84
-0.044222 -0.020257 0.446000 125 131 133
-0.043165 -0.020302 0.447000 133 139 137
0.030875 -0.020348 0.448000 115 122 116
0.033813 -0.020030 0.441000 29 37 36
0.034874 -0.019984 0.440000 37 48 46
0.035930 -0.019939 0.439000 38 49 47
0.037065 -0.019939 0.439000 50 61 57
0.038200 -0.019939 0.439000 47 58 54
0.039425 -0.019984 0.440000 44 57 52
0.040563 -0.019984 0.440000 26 39 34
0.041795 -0.020030 0.441000 29 40 36
0.043130 -0.020121 0.443000 48 59 55
0.084484 -0.020711 0.456000 67 76 67
0.085664 -0.020711 0.456000 27 39 29
0.086843 -0.020711 0.456000 26 38 28
0.087829 -0.020666 0.455000 39 52 39
0.088027 -0.020439 0.450000 48 61 48
0.093428 -0.020348 0.448000 65 86 64
-0.083631 -0.015333 0.358000 59 70 66
-0.082706 -0.015333 0.358000 31 46 43
-0.081552 -0.015290 0.357000 35 50 47
-0.080628 -0.015290 0.357000 31 46 45
-0.079705 -0.015290 0.357000 33 48 47
-0.078782 -0.015290 0.357000 41 49 48
-0.099450 -0.019530 0.456000 38 46 45
-0.098271 -0.019530 0.456000 107 108 104
-0.080330 -0.019188 0.448000 72 103 61
-0.079348 -0.019231 0.449000 71 102 60
-0.078187 -0.019231 0.449000 66 97 63
-0.077026 -0.019231 0.449000 59 90 56
-0.076034 -0.019274 0.450000 103 125 105
-0.055629 -0.019059 0.445000 109 121 113
-0.054356 -0.019017 0.444000 60 73 68
-0.053208 -0.019017 0.444000 29 42 37
-0.051942 -0.018974 0.443000 35 50 49
-0.050682 -0.018931 0.442000 37 52 51
-0.049539 -0.018931 0.442000 34 49 48
-0.048506 -0.018974 0.443000 31 46 45
-0.047361 -0.018974 0.443000 31 46 45
-0.046319 -0.019017 0.444000 29 44 43
-0.045171 -0.019017 0.444000 27 37 40
-0.044123 -0.019059 0.445000 50 60 63
-0.042972 -0.019059 0.445000 105 113 114
-0.041915 -0.019102 0.446000 131 139 140
0.028558 -0.019188 0.448000 124 131 125
0.032599 -0.018845 0.440000 32 40 39
0.033660 -0.018802 0.439000 36 44 43
0.034795 -0.018802 0.439000 41 52 48
0.035930 -0.018802 0.439000 50 61 57
0.037065 -0.018802 0.439000 47 58 54
0.038200 -0.018802 0.439000 36 47 43
0.039425 -0.018845 0.440000 33 44 40
0.040747 -0.018931 0.442000 39 50 46
0.041985 -0.018974 0.443000 75 83 80
0.081766 -0.019445 0.454000 95 99 92
0.082575 -0.019359 0.452000 75 82 76
0.083743 -0.019359 0.452000 34 41 35
0.084912 -0.019359 0.452000 32 41 32
0.085890 -0.019316 0.451000 43 52 43
0.086863 -0.019274 0.450000 47 60 47
0.093428 -0.019188 0.448000 80 107 74
0.095008 -0.019274 0.450000 86 113 80
0.096172 -0.019274 0.450000 92 119 88
-0.083865 -0.014446 0.359000 58 69 65
-0.082937 -0.014446 0.359000 29 47 45
-0.082008 -0.014446 0.359000 33 51 49
-0.081080 -0.014446 0.359000 33 47 49
-0.079929 -0.014406 0.358000 35 49 51
-0.100630 -0.018350 0.456000 41 49 48
-0.099450 -0.018350 0.456000 38 46 45
-0.098271 -0.018350 0.456000 107 108 104
-0.079172 -0.018028 0.448000 64 97 55
-0.078013 -0.018028 0.448000 65 94 60
-0.077026 -0.018068 0.449000 64 93 59
-0.075865 -0.018068 0.449000 103 126 103
-0.053208 -0.017867 0.444000 70 81 77
-0.051942 -0.017827 0.443000 35 48 45
-0.050797 -0.017827 0.443000 35 48 45
-0.049539 -0.017786 0.442000 37 52 51
-0.048397 -0.017786 0.442000 34 49 48
-0.047254 -0.017786 0.442000 31 46 45
-0.046111 -0.017786 0.442000 30 45 44
-0.045070 -0.017827 0.443000 33 45 47
-0.044023 -0.017867 0.444000 28 40 42
-0.042875 -0.017867 0.444000 34 45 45
-0.041821 -0.017907 0.445000 67 78 78
-0.040671 -0.017907 0.445000 121 129 128
-0.039609 -0.017947 0.446000 135 143 142
0.027277 -0.017947 0.446000 114 121 113
0.030324 -0.017706 0.440000 33 39 37
0.031390 -0.017666 0.439000 37 43 41
0.032525 -0.017666 0.439000 42 50 47
0.033660 -0.017666 0.439000 50 58 55
0.034795 -0.017666 0.439000 47 58 54
0.035930 -0.017666 0.439000 44 55 51
0.037065 -0.017666 0.439000 33 44 42
0.038288 -0.017706 0.440000 32 43 41
0.039604 -0.017786 0.442000 50 58 55
0.040932 -0.017867 0.444000 97 105 102
0.097552 -0.018149 0.451000 86 116 79
-0.083168 -0.013555 0.360000 31 48 49
-0.082237 -0.013555 0.360000 33 50 51
-0.081306 -0.013555 0.360000 35 49 51
-0.080152 -0.013517 0.359000 35 49 51
-0.100630 -0.017169 0.456000 37 48 46
-0.099450 -0.017169 0.456000 34 45 43
-0.098271 -0.017169 0.456000 109 109 105
-0.078995 -0.016830 0.447000 62 95 53
-0.078013 -0.016868 0.448000 61 90 56
-0.076855 -0.016868 0.448000 66 95 61
-0.075696 -0.016868 0.448000 103 126 103
-0.051942 -0.016680 0.443000 91 102 98
-0.050797 -0.016680 0.443000 53 64 60
-0.049539 -0.016642 0.442000 31 44 43
-0.048397 -0.016642 0.442000 39 52 51
-0.047147 -0.016604 0.441000 36 48 50
-0.046007 -0.016604 0.441000 32 44 46
-0.044866 -0.016604 0.441000 31 43 45
-0.043825 -0.016642 0.442000 31 43 45
-0.042779 -0.016680 0.443000 26 41 40
-0.041727 -0.016717 0.444000 23 38 37
-0.040579 -0.016717 0.444000 43 51 50
-0.039520 -0.016755 0.445000 98 106 105
-0.038369 -0.016755 0.445000 129 136 130
-0.037302 -0.016793 0.446000 138 145 139
0.023925 -0.016868 0.448000 121 129 116
0.024971 -0.016793 0.446000 118 126 113
0.029120 -0.016529 0.439000 36 44 41
0.030255 -0.016529 0.439000 41 49 46
0.031318 -0.016491 0.438000 49 57 54
0.032451 -0.016491 0.438000 60 71 67
0.033583 -0.016491 0.438000 47 58 54
0.034795 -0.016529 0.439000 34 45 41
0.035930 -0.016529 0.439000 30 41 37
0.037150 -0.016567 0.440000 39 50 46
0.038462 -0.016642 0.442000 70 81 77
0.039784 -0.016717 0.444000 119 127 124
0.091857 -0.016793 0.446000 71 95 67
0.094797 -0.016906 0.449000 84 115 71
0.096172 -0.016943 0.450000 89 120 76
0.098937 -0.017019 0.452000 108 132 104
-0.084566 -0.012693 0.362000 60 73 70
-0.083630 -0.012693 0.362000 33 51 49
-0.082694 -0.012693 0.362000 33 51 49
-0.081758 -0.012693 0.362000 34 49 48
-0.080822 -0.012693 0.362000 36 51 50
-0.079665 -0.012658 0.361000 37 50 47
-0.078732 -0.012658 0.361000 35 48 45
-0.098271 -0.015988 0.456000 109 109 105
-0.081125 -0.015638 0.446000 81 103 72
-0.079971 -0.015638 0.446000 71 101 62
-0.078818 -0.015638 0.446000 66 96 57
-0.077665 -0.015638 0.446000 62 89 56
-0.076683 -0.015673 0.447000 72 99 66
-0.075527 -0.015673 0.447000 105 126 104
-0.050797 -0.015533 0.443000 107 118 114
-0.049652 -0.015533 0.443000 75 83 80
-0.048397 -0.015498 0.442000 35 43 40
-0.047147 -0.015462 0.441000 32 44 46
-0.046007 -0.015462 0.441000 33 45 47
-0.044866 -0.015462 0.441000 30 44 46
-0.043726 -0.015462 0.441000 30 44 46
-0.042682 -0.015498 0.442000 28 45 46
-0.041539 -0.015498 0.442000 27 44 45
-0.040488 -0.015533 0.443000 29 42 39
-0.039342 -0.015533 0.443000 26 39 36
-0.038283 -0.015568 0.444000 48 56 53
-0.037219 -0.015603 0.445000 93 101 98
-0.036068 -0.015603 0.445000 129 136 130
-0.034996 -0.015638 0.446000 138 145 139
0.021560 -0.015673 0.447000 122 129 121
0.022665 -0.015638 0.446000 119 126 118
0.026849 -0.015392 0.439000 31 40 33
0.027921 -0.015357 0.438000 34 46 38
0.029053 -0.015357 0.438000 43 55 47
0.030186 -0.015357 0.438000 45 57 49
0.031318 -0.015357 0.438000 48 60 52
0.032451 -0.015357 0.438000 34 45 41
0.033660 -0.015392 0.439000 26 37 33
0.034795 -0.015392 0.439000 29 37 34
0.036012 -0.015427 0.440000 56 64 61
0.037319 -0.015498 0.442000 112 119 113
0.084367 -0.015533 0.443000 43 55 47
0.090297 -0.015568 0.444000 66 90 62
0.091651 -0.015603 0.445000 71 95 67
0.093011 -0.015638 0.446000 72 103 59
0.094586 -0.015708 0.448000 82 113 69
0.096172 -0.015778 0.450000 91 122 76
0.097335 -0.015778 0.450000 88 119 73
-0.084566 -0.011755 0.362000 64 75 71
-0.083630 -0.011755 0.362000 34 52 50
-0.082694 -0.011755 0.362000 29 47 45
-0.081758 -0.011755 0.362000 35 50 49
-0.080822 -0.011755 0.362000 36 51 50
-0.079886 -0.011755 0.362000 39 50 46
-0.080943 -0.014451 0.445000 81 103 72
-0.079792 -0.014451 0.445000 71 101 62
-0.078818 -0.014483 0.446000 68 98 59
-0.077665 -0.014483 0.446000 64 91 58
-0.076683 -0.014515 0.447000 73 100 67
-0.075527 -0.014515 0.447000 109 130 108
-0.048506 -0.014386 0.443000 90 99 92
-0.047254 -0.014353 0.442000 48 59 57
-0.046007 -0.014321 0.441000 27 38 36
-0.044866 -0.014321 0.441000 30 44 46
-0.043726 -0.014321 0.441000 30 44 46
-0.042586 -0.014321 0.441000 27 44 45
-0.041445 -0.014321 0.441000 27 44 45
-0.040305 -0.014321 0.441000 29 44 41
-0.039165 -0.014321 0.441000 27 42 39
-0.038111 -0.014353 0.442000 27 38 36
-0.037052 -0.014386 0.443000 27 38 36
-0.035987 -0.014418 0.444000 59 67 68
-0.034839 -0.014418 0.444000 97 105 106
-0.033767 -0.014451 0.445000 131 138 132
-0.032690 -0.014483 0.446000 136 143 137
0.020313 -0.014451 0.445000 122 129 121
0.024579 -0.014256 0.439000 31 39 36
0.025656 -0.014223 0.438000 36 48 40
0.026727 -0.014191 0.437000 40 52 44
0.027857 -0.014191 0.437000 47 59 51
0.028987 -0.014191 0.437000 48 60 52
0.030117 -0.014191 0.437000 44 58 49
0.031318 -0.014223 0.438000 36 50 41
0.032525 -0.014256 0.439000 25 36 32
0.033737 -0.014288 0.440000 40 51 47
0.034954 -0.014321 0.441000 83 92 85
0.036258 -0.014386 0.443000 121 130 123
0.074354 -0.014223 0.438000 85 89 84
0.075659 -0.014256 0.439000 32 43 43
0.076794 -0.014256 0.439000 31 42 42
0.078107 -0.014288 0.440000 35 50 49
0.079245 -0.014288 0.440000 38 53 52
0.081705 -0.014321 0.441000 43 58 53
0.083033 -0.014353 0.442000 39 53 42
0.084367 -0.014386 0.443000 38 52 41
0.085512 -0.014386 0.443000 41 54 41
0.087803 -0.014386 0.443000 67 84 68
0.088949 -0.014386 0.443000 64 81 65
0.090297 -0.014418 0.444000 67 91 63
0.091445 -0.014418 0.444000 70 94 66
0.092802 -0.014451 0.445000 72 101 60
0.094164 -0.014483 0.446000 86 115 74
0.095744 -0.014548 0.448000 92 123 77
0.097335 -0.014613 0.450000 89 120 74
-0.085033 -0.010878 0.364000 72 83 79
-0.084092 -0.010878 0.364000 40 55 52
-0.083151 -0.010878 0.364000 30 45 42
-0.082209 -0.010878 0.364000 37 50 47
-0.081268 -0.010878 0.364000 37 50 47
-0.082093 -0.013298 0.445000 84 106 75
-0.080943 -0.013298 0.445000 79 101 70
-0.079792 -0.013298 0.445000 72 103 61
-0.078641 -0.013298 0.445000 72 103 61
-0.076512 -0.013328 0.446000 73 103 66
-0.075358 -0.013328 0.446000 107 128 104
-0.046111 -0.013209 0.442000 79 88 81
-0.044968 -0.013209 0.442000 31 44 41
-0.043726 -0.013179 0.441000 29 42 39
-0.042586 -0.013179 0.441000 28 45 46
-0.041445 -0.013179 0.441000 31 48 49
-0.040214 -0.013149 0.440000 29 47 45
-0.039076 -0.013149 0.440000 28 46 44
-0.037938 -0.013149 0.440000 33 48 47
-0.036884 -0.013179 0.441000 29 44 43
-0.035825 -0.013209 0.442000 27 37 40
-0.034682 -0.013209 0.442000 30 40 43
-0.033615 -0.013239 0.443000 55 63 62
-0.032543 -0.013268 0.444000 89 97 96
-0.031466 -0.013298 0.445000 126 133 125
-0.030315 -0.013298 0.445000 133 140 132
0.021222 -0.013149 0.440000 35 43 42
0.022309 -0.013119 0.439000 31 39 38
0.023391 -0.013089 0.438000 34 42 39
0.024411 -0.013029 0.436000 40 48 45
0.025539 -0.013029 0.436000 46 55 48
0.026666 -0.013029 0.436000 47 56 49
0.028987 -0.013059 0.437000 31 43 35
0.030255 -0.013119 0.439000 28 41 36
0.031390 -0.013119 0.439000 30 43 38
0.032599 -0.013149 0.440000 69 78 69
0.033890 -0.013209 0.442000 109 118 109
0.035191 -0.013268 0.444000 128 135 127
0.073845 -0.012999 0.435000 32 40 39
0.075315 -0.013059 0.437000 30 44 46
0.076619 -0.013089 0.438000 37 51 53
0.077929 -0.013119 0.439000 40 58 54
0.079065 -0.013119 0.439000 42 60 56
0.080382 -0.013149 0.440000 39 59 52
0.081705 -0.013179 0.441000 34 54 47
0.084367 -0.013239 0.443000 47 63 52
0.087803 -0.013239 0.443000 65 82 64
0.088949 -0.013239 0.443000 64 81 63
0.090297 -0.013268 0.444000 67 90 65
0.091445 -0.013268 0.444000 71 94 69
0.092594 -0.013268 0.444000 72 101 60
0.093953 -0.013298 0.445000 86 115 74
0.097119 -0.013418 0.449000 86 117 71
0.098499 -0.013448 0.450000 85 115 76
-0.213934 -0.012119 0.444000 149 155 153
-0.212786 -0.012119 0.444000 157 166 159
-0.211637 -0.012119 0.444000 152 161 154
-0.191688 -0.012092 0.443000 136 139 138
-0.085267 -0.009963 0.365000 105 114 107
-0.084323 -0.009963 0.365000 41 52 50
-0.083379 -0.009963 0.365000 40 51 49
-0.082435 -0.009963 0.365000 40 51 49
-0.081492 -0.009963 0.365000 39 50 48
-0.080548 -0.009963 0.365000 41 49 48
-0.083057 -0.012119 0.444000 90 101 82
-0.080943 -0.012146 0.445000 79 102 68
-0.079792 -0.012146 0.445000 69 102 60
-0.078641 -0.012146 0.445000 70 103 61
-0.076512 -0.012173 0.446000 74 104 65
-0.075358 -0.012173 0.446000 104 123 95
-0.044968 -0.012064 0.442000 96 108 100
-0.043825 -0.012064 0.442000 53 65 57
-0.042586 -0.012037 0.441000 29 42 39
-0.041445 -0.012037 0.441000 30 43 40
-0.040214 -0.012010 0.440000 31 46 45
-0.039076 -0.012010 0.440000 30 45 44
-0.037938 -0.012010 0.440000 31 45 47
-0.036801 -0.012010 0.440000 31 45 47
-0.035663 -0.012010 0.440000 30 44 46
-0.033463 -0.012037 0.441000 30 41 41
-0.032396 -0.012064 0.442000 27 38 38
-0.031324 -0.012092 0.443000 47 55 52
-0.028014 -0.012146 0.445000 129 136 128
-0.026924 -0.012173 0.446000 129 137 126
0.015710 -0.012146 0.445000 123 133 121
0.020039 -0.011982 0.439000 27 35 34
0.021126 -0.011955 0.438000 33 41 40
0.022156 -0.011900 0.436000 40 48 47
0.023284 -0.011900 0.436000 46 54 53
0.024411 -0.011900 0.436000 47 55 54
0.026727 -0.011928 0.437000 44 50 50
0.027921 -0.011955 0.438000 36 44 41
0.029120 -0.011982 0.439000 31 39 36
0.030255 -0.011982 0.439000 54 63 56
0.031533 -0.012037 0.441000 89 98 91
0.071578 -0.012255 0.449000 123 128 118
0.072720 -0.011873 0.435000 29 41 43
0.073845 -0.011873 0.435000 33 45 47
0.075315 -0.011928 0.437000 33 48 47
0.076619 -0.011955 0.438000 40 55 54
0.077929 -0.011982 0.439000 40 58 54
0.079245 -0.012010 0.440000 35 53 49
0.088001 -0.012119 0.444000 65 82 66
0.089149 -0.012119 0.444000 66 83 67
0.090297 -0.012119 0.444000 68 91 66
0.091445 -0.012119 0.444000 71 94 69
0.092594 -0.012119 0.444000 70 100 61
0.095317 -0.012173 0.446000 93 126 80
0.096903 -0.012228 0.448000 84 117 71
0.098280 -0.012255 0.449000 79 112 70
0.099663 -0.012283 0.450000 92 125 83
-0.214597 -0.010945 0.443000 146 152 150
-0.213934 -0.010969 0.444000 148 154 152
-0.212786 -0.010969 0.444000 157 163 161
-0.211637 -0.010969 0.444000 162 168 166
-0.186381 -0.010969 0.444000 144 147 146
-0.084554 -0.009042 0.366000 42 50 47
-0.083607 -0.009042 0.366000 43 51 48
-0.082661 -0.009042 0.366000 40 51 49
-0.081715 -0.009042 0.366000 39 50 48
-0.080768 -0.009042 0.366000 41 49 48
-0.079822 -0.009042 0.366000 38 46 45
-0.083057 -0.010969 0.444000 90 100 84
-0.081909 -0.010969 0.444000 82 107 72
-0.079792 -0.010994 0.445000 68 101 59
-0.078641 -0.010994 0.445000 66 99 57
-0.077491 -0.010994 0.445000 66 96 59
-0.076340 -0.010994 0.445000 77 107 70
-0.042682 -0.010920 0.442000 93 105 97
-0.041539 -0.010920 0.442000 45 57 49
-0.040305 -0.010895 0.441000 28 41 40
-0.039076 -0.010870 0.440000 29 42 41
-0.037852 -0.010846 0.439000 31 45 47
-0.036801 -0.010870 0.440000 33 47 49
-0.035582 -0.010846 0.439000 31 45 47
-0.034525 -0.010870 0.440000 34 48 50
-0.033388 -0.010870 0.440000 36 49 48
-0.032250 -0.010870 0.440000 33 46 45
-0.028968 -0.010920 0.442000 33 42 35
-0.027888 -0.010945 0.443000 49 58 51
-0.026803 -0.010969 0.444000 93 100 92
-0.025713 -0.010994 0.445000 114 121 113
-0.024617 -0.011019 0.446000 128 133 123
-0.023569 -0.011068 0.448000 131 136 126
-0.022461 -0.011093 0.449000 127 132 122
0.012231 -0.010969 0.444000 127 134 128
0.013349 -0.010945 0.443000 119 126 120
0.016633 -0.010846 0.439000 33 41 40
0.017768 -0.010846 0.439000 27 35 34
0.018861 -0.010821 0.438000 33 44 42
0.019902 -0.010772 0.436000 37 48 46
0.021029 -0.010772 0.436000 43 54 52
0.022156 -0.010772 0.436000 45 56 54
0.023284 -0.010772 0.436000 44 55 53
0.025597 -0.010796 0.437000 33 39 37
0.026788 -0.010821 0.438000 32 38 36
0.027984 -0.010846 0.439000 41 50 43
0.029186 -0.010870 0.440000 83 92 85
0.030461 -0.010920 0.442000 117 124 116
0.070417 -0.011093 0.449000 111 118 112
0.071596 -0.010747 0.435000 33 44 42
0.072720 -0.010747 0.435000 33 48 47
0.075487 -0.010821 0.438000 40 58 54
0.076794 -0.010846 0.439000 38 56 52
0.078107 -0.010870 0.440000 34 52 48
0.082076 -0.010945 0.443000 73 87 76
0.085705 -0.010969 0.444000 67 82 68
0.086853 -0.010969 0.444000 65 80 66
0.088001 -0.010969 0.444000 68 83 67
0.089149 -0.010969 0.444000 67 82 66
0.090297 -0.010969 0.444000 67 90 65
0.091445 -0.010969 0.444000 70 93 68
0.092594 -0.010969 0.444000 64 96 57
0.093742 -0.010969 0.444000 76 108 69
0.095103 -0.010994 0.445000 87 123 76
0.096470 -0.011019 0.446000 81 117 70
0.098061 -0.011068 0.448000 82 115 73
0.099441 -0.011093 0.449000 82 115 73
0.100826 -0.011117 0.450000 119 143 113
-0.213452 -0.009797 0.443000 151 154 153
-0.212786 -0.009820 0.444000 156 159 158
-0.190112 -0.009775 0.442000 134 140 140
-0.188252 -0.009797 0.443000 160 163 164
-0.186381 -0.009820 0.444000 143 149 147
-0.084785 -0.008117 0.367000 49 57 54
-0.083836 -0.008117 0.367000 43 51 48
-0.082887 -0.008117 0.367000 40 51 49
-0.081938 -0.008117 0.367000 40 51 49
-0.080989 -0.008117 0.367000 39 50 48
-0.080040 -0.008117 0.367000 39 50 48
-0.083057 -0.009820 0.444000 90 100 84
-0.081909 -0.009820 0.444000 83 105 74
-0.080761 -0.009820 0.444000 79 101 70
-0.079613 -0.009820 0.444000 68 101 59
-0.078641 -0.009842 0.445000 64 97 55
-0.077491 -0.009842 0.445000 66 96 59
-0.076340 -0.009842 0.445000 84 114 77
-0.075189 -0.009842 0.445000 106 125 97
-0.037938 -0.009731 0.440000 29 42 39
-0.036717 -0.009709 0.439000 28 41 38
-0.035582 -0.009709 0.439000 32 45 42
-0.034447 -0.009709 0.439000 35 48 45
-0.033312 -0.009709 0.439000 33 46 43
-0.032177 -0.009709 0.439000 35 48 45
-0.031041 -0.009709 0.439000 32 45 40
-0.029974 -0.009731 0.440000 32 45 40
-0.028837 -0.009731 0.440000 32 44 36
-0.024341 -0.009753 0.441000 58 62 55
-0.023359 -0.009820 0.444000 87 91 84
-0.022211 -0.009820 0.444000 116 120 113
-0.021157 -0.009864 0.446000 123 127 120
-0.020184 -0.009952 0.450000 109 118 109
-0.019020 -0.009952 0.450000 95 104 95
0.009890 -0.009775 0.442000 126 134 131
0.014363 -0.009709 0.439000 30 40 43
0.015463 -0.009687 0.438000 30 40 43
0.016558 -0.009665 0.437000 33 44 44
0.017607 -0.009621 0.435000 37 48 48
0.018731 -0.009621 0.435000 43 54 52
0.019856 -0.009621 0.435000 44 55 53
0.020981 -0.009621 0.435000 44 57 54
0.022156 -0.009643 0.436000 40 53 50
0.024467 -0.009665 0.437000 31 42 40
0.025714 -0.009709 0.439000 36 42 40
0.026849 -0.009709 0.439000 69 75 73
0.068095 -0.009930 0.449000 126 133 127
0.069256 -0.009930 0.449000 101 108 102
0.070471 -0.009621 0.435000 38 51 48
0.071596 -0.009621 0.435000 42 55 52
0.072887 -0.009643 0.436000 41 56 53
0.074185 -0.009665 0.437000 48 63 60
0.075659 -0.009709 0.439000 47 65 61
0.076969 -0.009731 0.440000 28 46 42
0.079425 -0.009753 0.441000 45 64 54
0.085898 -0.009842 0.445000 68 81 68
0.087049 -0.009842 0.445000 67 80 67
0.088001 -0.009820 0.444000 68 83 69
0.089149 -0.009820 0.444000 66 81 67
0.090297 -0.009820 0.444000 66 89 66
0.091445 -0.009820 0.444000 68 91 68
0.092385 -0.009797 0.443000 64 96 57
0.093742 -0.009820 0.444000 75 107 68
0.095103 -0.009842 0.445000 85 121 74
0.096254 -0.009842 0.445000 82 118 71
0.097842 -0.009886 0.447000 73 109 66
0.099441 -0.009930 0.449000 84 120 77
0.100826 -0.009952 0.450000 97 124 93
-0.210489 -0.008670 0.444000 164 170 168
-0.188970 -0.008631 0.442000 134 137 138
-0.188252 -0.008650 0.443000 152 155 156
-0.187106 -0.008650 0.443000 153 159 159
-0.185961 -0.008650 0.443000 146 152 152
-0.185233 -0.008670 0.444000 142 149 143
-0.085016 -0.007186 0.368000 64 73 66
-0.084064 -0.007186 0.368000 36 45 38
-0.083339 -0.007205 0.369000 38 49 47
-0.082385 -0.007205 0.369000 38 49 47
-0.081430 -0.007205 0.369000 39 52 51
-0.080476 -0.007205 0.369000 43 56 55
-0.082870 -0.008650 0.443000 93 101 86
-0.081724 -0.008650 0.443000 84 106 77
-0.080761 -0.008670 0.444000 79 101 72
-0.079613 -0.008670 0.444000 71 102 60
-0.078465 -0.008670 0.444000 68 99 57
-0.077317 -0.008670 0.444000 65 94 60
-0.076340 -0.008690 0.445000 77 106 72
-0.075189 -0.008690 0.445000 106 125 99
-0.074039 -0.008690 0.445000 108 127 101
-0.039254 -0.008631 0.442000 113 120 112
-0.038025 -0.008611 0.441000 75 84 77
-0.035582 -0.008572 0.439000 24 35 31
-0.034447 -0.008572 0.439000 29 40 36
-0.033312 -0.008572 0.439000 32 45 42
-0.032177 -0.008572 0.439000 33 46 43
-0.031041 -0.008572 0.439000 32 45 40
-0.029906 -0.008572 0.439000 32 45 40
-0.028771 -0.008572 0.439000 36 49 44
-0.027636 -0.008572 0.439000 35 48 43
-0.023679 -0.008377 0.429000 33 39 39
-0.022570 -0.008377 0.429000 29 35 35
0.006461 -0.008631 0.442000 128 137 130
0.007570 -0.008592 0.440000 113 119 117
0.012065 -0.008553 0.438000 26 38 42
0.013168 -0.008533 0.437000 29 41 45
0.014232 -0.008494 0.435000 32 44 46
0.015357 -0.008494 0.435000 36 48 50
0.016444 -0.008475 0.434000 37 49 51
0.017566 -0.008475 0.434000 42 54 56
0.018688 -0.008475 0.434000 43 56 55
0.019856 -0.008494 0.435000 40 53 52
0.021029 -0.008514 0.436000 36 49 48
0.023337 -0.008533 0.437000 35 43 42
0.024579 -0.008572 0.439000 59 67 66
0.025714 -0.008572 0.439000 105 112 106
0.066338 -0.008690 0.445000 116 120 115
0.069187 -0.008475 0.434000 38 49 47
0.070471 -0.008494 0.435000 41 56 53
0.071596 -0.008494 0.435000 41 56 53
0.073055 -0.008533 0.437000 43 58 55
0.074524 -0.008572 0.439000 41 56 53
0.075659 -0.008572 0.439000 25 43 37
0.078284 -0.008611 0.441000 72 87 73
0.079785 -0.008650 0.443000 115 130 116
0.086091 -0.008709 0.446000 72 81 72
0.087049 -0.008690 0.445000 71 80 71
0.088200 -0.008690 0.445000 66 80 69
0.089149 -0.008670 0.444000 66 80 69
0.090297 -0.008670 0.444000 66 89 66
0.091445 -0.008670 0.444000 67 90 67
0.092385 -0.008650 0.443000 63 95 56
0.093742 -0.008670 0.444000 76 108 69
0.094890 -0.008670 0.444000 88 126 78
0.096254 -0.008690 0.445000 83 121 73
0.097623 -0.008709 0.446000 63 101 57
0.098998 -0.008729 0.447000 82 120 76
0.100602 -0.008768 0.449000 91 120 88
-0.210015 -0.007503 0.443000 161 167 167
-0.208870 -0.007503 0.443000 149 155 155
-0.188970 -0.007486 0.442000 135 141 141
-0.187827 -0.007486 0.442000 142 148 148
-0.187106 -0.007503 0.443000 155 161 161
-0.185961 -0.007503 0.443000 150 156 156
-0.185233 -0.007520 0.444000 144 153 146
-0.184084 -0.007520 0.444000 141 150 143
-0.085247 -0.006250 0.369000 82 91 84
-0.084293 -0.006250 0.369000 41 50 43
-0.083339 -0.006250 0.369000 41 52 52
-0.082385 -0.006250 0.369000 39 50 50
-0.081430 -0.006250 0.369000 37 50 49
-0.082870 -0.007503 0.443000 95 100 86
-0.081724 -0.007503 0.443000 84 106 77
-0.080579 -0.007503 0.443000 81 103 74
-0.079433 -0.007503 0.443000 71 102 60
-0.078288 -0.007503 0.443000 67 98 56
-0.076169 -0.007520 0.444000 80 109 75
-0.075021 -0.007520 0.444000 106 127 103
-0.074039 -0.007537 0.445000 106 127 103
-0.036884 -0.007470 0.441000 114 121 113
-0.035663 -0.007453 0.440000 72 81 72
-0.034447 -0.007436 0.439000 43 52 43
-0.033312 -0.007436 0.439000 26 37 35
-0.032177 -0.007436 0.439000 29 40 38
-0.031041 -0.007436 0.439000 28 43 42
-0.029906 -0.007436 0.439000 29 44 43
-0.028771 -0.007436 0.439000 29 44 43
-0.027573 -0.007419 0.438000 31 46 45
-0.026320 -0.007385 0.436000 31 46 43
-0.023734 -0.007283 0.430000 33 46 43
-0.022570 -0.007266 0.429000 33 46 43
-0.020256 -0.007232 0.427000 29 42 39
-0.019152 -0.007232 0.427000 28 41 38
-0.018006 -0.007215 0.426000 28 41 38
-0.002579 -0.007199 0.425000 134 141 133
-0.001480 -0.007199 0.425000 133 141 130
0.005198 -0.007317 0.432000 68 79 75
0.006359 -0.007368 0.435000 50 61 57
0.008608 -0.007368 0.435000 29 40 40
0.009733 -0.007368 0.435000 31 41 44
0.010858 -0.007368 0.435000 34 44 47
0.011983 -0.007368 0.435000 35 47 51
0.013077 -0.007351 0.434000 35 47 51
0.014200 -0.007351 0.434000 34 48 50
0.015322 -0.007351 0.434000 35 49 51
0.016444 -0.007351 0.434000 37 51 53
0.017566 -0.007351 0.434000 36 50 52
0.018731 -0.007368 0.435000 31 45 47
0.019856 -0.007368 0.435000 26 40 42
0.022258 -0.007419 0.438000 50 63 60
0.023444 -0.007436 0.439000 93 100 92
0.064036 -0.007537 0.445000 126 130 123
0.067096 -0.007368 0.435000 35 48 47
0.068064 -0.007351 0.434000 39 52 49
0.069187 -0.007351 0.434000 43 56 53
0.070471 -0.007368 0.435000 44 59 56
0.071760 -0.007385 0.436000 43 58 55
0.073222 -0.007419 0.438000 36 51 48
0.074524 -0.007436 0.439000 26 41 38
0.077144 -0.007470 0.441000 90 104 95
0.087245 -0.007554 0.446000 72 81 72
0.088200 -0.007537 0.445000 68 80 70
0.089350 -0.007537 0.445000 68 80 70
0.090297 -0.007520 0.444000 66 88 68
0.091445 -0.007520 0.444000 67 89 69
0.092594 -0.007520 0.444000 62 97 59
0.093742 -0.007520 0.444000 75 110 72
0.094890 -0.007520 0.444000 83 121 75
0.096254 -0.007537 0.445000 86 124 78
0.097405 -0.007537 0.445000 56 94 50
0.098777 -0.007554 0.446000 80 118 74
0.100378 -0.007588 0.448000 87 116 84
-0.208398 -0.006342 0.442000 154 160 158
-0.187827 -0.006342 0.442000 136 142 140
-0.186684 -0.006342 0.442000 150 156 156
-0.185961 -0.006356 0.443000 156 162 162
-0.184815 -0.006356 0.443000 146 154 151
-0.183670 -0.006356 0.443000 141 149 146
-0.085478 -0.005309 0.370000 100 109 102
-0.084521 -0.005309 0.370000 41 50 43
-0.083565 -0.005309 0.370000 39 50 50
-0.082608 -0.005309 0.370000 39 50 50
-0.079953 -0.005323 0.371000 34 45 45
-0.082683 -0.006342 0.442000 94 99 85
-0.081540 -0.006342 0.442000 85 107 78
-0.080397 -0.006342 0.442000 82 104 75
-0.079254 -0.006342 0.442000 72 103 61
-0.078288 -0.006356 0.443000 64 95 53
-0.077142 -0.006356 0.443000 59 88 54
-0.075997 -0.006356 0.443000 74 103 69
-0.075021 -0.006371 0.444000 106 127 103
-0.073872 -0.006371 0.444000 106 127 103
-0.033388 -0.006313 0.440000 91 98 90
-0.032250 -0.006313 0.440000 56 63 55
-0.031041 -0.006299 0.439000 30 41 39
-0.027573 -0.006285 0.438000 31 44 43
-0.026320 -0.006256 0.436000 30 44 46
-0.025077 -0.006227 0.434000 30 44 46
-0.023734 -0.006170 0.430000 30 45 44
-0.022570 -0.006156 0.429000 33 48 47
-0.021460 -0.006156 0.429000 31 46 45
-0.020304 -0.006141 0.428000 31 46 45
-0.019107 -0.006112 0.426000 31 46 43
-0.017963 -0.006098 0.425000 33 48 45
-0.016865 -0.006098 0.425000 36 47 45
-0.015766 -0.006098 0.425000 37 48 46
-0.004765 -0.006084 0.424000 53 56 57
-0.003678 -0.006098 0.425000 55 61 59
-0.002573 -0.006084 0.424000 51 57 55
-0.001480 -0.006098 0.425000 50 57 51
-0.000381 -0.006098 0.425000 46 53 47
0.000718 -0.006098 0.425000 36 47 43
0.002930 -0.006127 0.427000 31 44 41
0.004034 -0.006127 0.427000 26 39 36
0.005162 -0.006156 0.429000 26 39 36
0.006286 -0.006170 0.430000 31 44 41
0.007449 -0.006213 0.433000 31 44 41
0.008569 -0.006213 0.433000 33 46 43
0.009711 -0.006227 0.434000 38 51 50
0.010833 -0.006227 0.434000 38 51 50
0.011955 -0.006227 0.434000 39 52 51
0.013047 -0.006213 0.433000 39 52 51
0.014200 -0.006227 0.434000 36 50 52
0.015322 -0.006227 0.434000 34 48 50
0.016444 -0.006227 0.434000 31 45 47
0.017607 -0.006242 0.435000 24 38 40
0.018774 -0.006256 0.436000 30 43 40
0.021077 -0.006270 0.437000 96 105 96
0.064996 -0.006256 0.436000 27 38 38
0.065972 -0.006242 0.435000 34 49 48
0.067096 -0.006242 0.435000 36 51 50
0.068221 -0.006242 0.435000 42 57 54
0.069346 -0.006242 0.435000 43 58 55
0.070633 -0.006256 0.436000 40 55 54
0.072089 -0.006285 0.438000 30 45 44
0.073389 -0.006299 0.439000 33 46 43
0.076004 -0.006328 0.441000 115 122 114
0.088200 -0.006385 0.445000 69 82 69
0.089350 -0.006385 0.445000 69 82 69
0.090297 -0.006371 0.444000 67 88 66
0.091445 -0.006371 0.444000 69 90 68
0.092594 -0.006371 0.444000 65 97 60
0.093530 -0.006356 0.443000 79 111 74
0.094890 -0.006371 0.444000 82 120 74
0.096038 -0.006371 0.444000 88 126 80
0.097405 -0.006385 0.445000 62 99 58
0.098555 -0.006385 0.445000 72 109 68
0.099930 -0.006399 0.446000 86 115 83
-0.209731 -0.005174 0.440000 151 157 155
-0.208593 -0.005174 0.440000 150 158 155
-0.207927 -0.005186 0.441000 157 165 162
-0.187402 -0.005186 0.441000 135 142 136
-0.186684 -0.005198 0.442000 139 145 145
-0.185541 -0.005198 0.442000 155 161 161
-0.184815 -0.005209 0.443000 149 157 154
-0.183670 -0.005209 0.443000 145 153 150
-0.182524 -0.005209 0.443000 145 153 150
-0.085709 -0.004363 0.371000 136 142 140
-0.084750 -0.004363 0.371000 44 50 48
-0.083054 -0.004374 0.372000 39 50 50
-0.082092 -0.004374 0.372000 37 50 49
-0.081131 -0.004374 0.372000 40 53 52
-0.080169 -0.004374 0.372000 38 49 49
-0.081355 -0.005186 0.441000 85 107 80
-0.080215 -0.005186 0.441000 83 105 78
-0.079075 -0.005186 0.441000 74 104 65
-0.078111 -0.005198 0.442000 67 97 58
-0.076968 -0.005198 0.442000 69 101 64
-0.075997 -0.005209 0.443000 73 105 68
-0.074852 -0.005209 0.443000 104 125 101
-0.073872 -0.005221 0.444000 107 128 104
-0.026380 -0.005139 0.437000 27 38 38
-0.025135 -0.005115 0.435000 30 41 41
-0.023844 -0.005080 0.432000 32 44 46
-0.022622 -0.005056 0.430000 31 43 45
-0.021460 -0.005045 0.429000 31 44 43
-0.020304 -0.005033 0.428000 33 46 45
-0.019062 -0.004998 0.425000 35 48 47
-0.017963 -0.004998 0.425000 36 49 48
-0.016865 -0.004998 0.425000 36 49 48
-0.015766 -0.004998 0.425000 33 46 45
-0.006958 -0.004986 0.424000 35 40 45
-0.005862 -0.004986 0.424000 32 38 40
-0.004765 -0.004986 0.424000 34 40 42
-0.003678 -0.004998 0.425000 34 40 38
-0.002579 -0.004998 0.425000 34 40 38
-0.001480 -0.004998 0.425000 34 42 39
-0.000381 -0.004998 0.425000 34 42 39
0.000718 -0.004998 0.425000 33 44 40
0.001821 -0.005009 0.426000 36 47 43
0.004034 -0.005021 0.427000 37 48 44
0.005150 -0.005033 0.428000 36 47 45
0.006271 -0.005045 0.429000 36 47 45
0.007398 -0.005056 0.430000 36 47 45
0.008509 -0.005056 0.430000 37 48 46
0.009644 -0.005068 0.431000 39 50 48
0.010783 -0.005080 0.432000 37 48 46
0.011900 -0.005080 0.432000 36 49 48
0.013047 -0.005092 0.433000 33 46 45
0.014167 -0.005092 0.433000 26 39 38
0.015322 -0.005104 0.434000 24 37 36
0.016482 -0.005115 0.435000 33 44 42
0.017607 -0.005115 0.435000 62 73 71
0.061319 -0.005198 0.442000 87 94 86
0.064162 -0.005151 0.438000 32 45 42
0.064996 -0.005127 0.436000 35 48 45
0.065972 -0.005115 0.435000 36 51 48
0.067096 -0.005115 0.435000 40 55 52
0.068378 -0.005127 0.436000 41 56 53
0.069665 -0.005139 0.437000 35 50 47
0.071119 -0.005162 0.439000 32 43 43
0.072254 -0.005162 0.439000 44 55 55
0.087245 -0.005245 0.446000 72 81 72
0.088200 -0.005233 0.445000 70 83 68
0.089350 -0.005233 0.445000 73 86 71
0.090297 -0.005221 0.444000 67 88 64
0.091445 -0.005221 0.444000 67 88 64
0.092385 -0.005209 0.443000 68 98 59
0.093530 -0.005209 0.443000 79 109 70
0.094676 -0.005209 0.443000 83 121 73
0.096038 -0.005221 0.444000 89 127 79
0.097186 -0.005221 0.444000 60 97 56
0.098555 -0.005233 0.445000 68 105 64
0.099930 -0.005245 0.446000 83 114 82
0.101310 -0.005256 0.447000 100 131 99
-0.208593 -0.004035 0.440000 149 155 153
-0.207455 -0.004035 0.440000 157 163 161
-0.206318 -0.004035 0.440000 158 164 162
-0.186262 -0.004044 0.441000 134 142 139
-0.185541 -0.004053 0.442000 148 156 153
-0.184815 -0.004062 0.443000 153 161 160
-0.183670 -0.004062 0.443000 148 156 155
-0.182524 -0.004062 0.443000 142 153 149
-0.181379 -0.004062 0.443000 142 153 149
-0.085207 -0.003420 0.373000 67 73 71
-0.084242 -0.003420 0.373000 38 49 47
-0.083278 -0.003420 0.373000 40 51 49
-0.082313 -0.003420 0.373000 38 51 48
-0.081349 -0.003420 0.373000 38 51 48
-0.080384 -0.003420 0.373000 37 48 46
-0.079420 -0.003420 0.373000 34 45 43
-0.081171 -0.004035 0.440000 85 107 80
-0.080033 -0.004035 0.440000 83 105 78
-0.078895 -0.004035 0.440000 73 105 66
-0.077934 -0.004044 0.441000 66 98 59
-0.076794 -0.004044 0.441000 66 101 63
-0.075654 -0.004044 0.441000 64 99 61
-0.074683 -0.004053 0.442000 104 126 99
-0.073706 -0.004062 0.443000 109 131 104
-0.023844 -0.003961 0.432000 29 42 41
-0.022622 -0.003943 0.430000 26 39 38
-0.021460 -0.003934 0.429000 30 43 42
-0.020304 -0.003925 0.428000 35 48 47
-0.019062 -0.003897 0.425000 33 46 45
-0.017963 -0.003897 0.425000 36 49 48
-0.016865 -0.003897 0.425000 34 45 45
-0.008054 -0.003888 0.424000 32 39 45
-0.006958 -0.003888 0.424000 36 43 49
-0.005875 -0.003897 0.425000 38 46 47
-0.004776 -0.003897 0.425000 36 44 45
-0.003678 -0.003897 0.425000 36 44 41
-0.002579 -0.003897 0.425000 36 44 41
-0.001480 -0.003897 0.425000 38 46 43
-0.000381 -0.003897 0.425000 38 46 43
0.000718 -0.003897 0.425000 36 47 43
0.001821 -0.003906 0.426000 36 47 43
0.004034 -0.003916 0.427000 37 48 46
0.005150 -0.003925 0.428000 37 48 46
0.006271 -0.003934 0.429000 36 47 45
0.007380 -0.003934 0.429000 38 46 45
0.008509 -0.003943 0.430000 39 47 46
0.009621 -0.003943 0.430000 33 44 42
0.010783 -0.003961 0.432000 32 43 41
0.011900 -0.003961 0.432000 29 40 40
0.013047 -0.003971 0.433000 30 41 41
0.014200 -0.003980 0.434000 41 47 45
0.015357 -0.003989 0.435000 75 81 79
0.016482 -0.003989 0.435000 107 111 104
0.061614 -0.003998 0.436000 31 45 34
0.062741 -0.003998 0.436000 37 51 40
0.063869 -0.003998 0.436000 38 53 48
0.064996 -0.003998 0.436000 36 51 46
0.066123 -0.003998 0.436000 38 53 50
0.067405 -0.004007 0.437000 37 52 49
0.068692 -0.004016 0.438000 35 48 43
0.069984 -0.004026 0.439000 32 45 40
0.071281 -0.004035 0.440000 59 67 64
0.087245 -0.004090 0.446000 75 85 73
0.088200 -0.004081 0.445000 72 87 71
0.089350 -0.004081 0.445000 74 89 73
0.090297 -0.004072 0.444000 69 90 66
0.091445 -0.004072 0.444000 67 88 64
0.092385 -0.004062 0.443000 67 98 56
0.093530 -0.004062 0.443000 78 109 67
0.094676 -0.004062 0.443000 82 120 72
0.095821 -0.004062 0.443000 89 127 79
0.097186 -0.004072 0.444000 52 92 52
0.098555 -0.004081 0.445000 63 103 63
0.099706 -0.004081 0.445000 85 116 84
0.101083 -0.004090 0.446000 98 129 97
-0.208119 -0.002889 0.439000 149 155 153
-0.206984 -0.002889 0.439000 155 161 159
-0.206318 -0.002896 0.440000 158 162 157
-0.205180 -0.002896 0.440000 149 153 148
-0.185121 -0.002902 0.441000 134 141 135
-0.184398 -0.002909 0.442000 149 157 156
-0.183670 -0.002915 0.443000 152 160 159
-0.182524 -0.002915 0.443000 146 157 155
-0.084468 -0.002461 0.374000 40 49 42
-0.083501 -0.002461 0.374000 42 51 44
-0.082534 -0.002461 0.374000 41 52 48
-0.081567 -0.002461 0.374000 39 50 46
-0.080600 -0.002461 0.374000 41 52 48
-0.080986 -0.002889 0.439000 85 107 80
-0.079851 -0.002889 0.439000 84 106 79
-0.078895 -0.002896 0.440000 76 108 69
-0.077758 -0.002896 0.440000 72 104 65
-0.076620 -0.002896 0.440000 71 106 68
-0.075482 -0.002896 0.440000 67 102 64
-0.074514 -0.002902 0.441000 102 124 97
-0.073540 -0.002909 0.442000 109 131 104
-0.021460 -0.002823 0.429000 37 50 47
-0.020304 -0.002817 0.428000 29 42 39
-0.019062 -0.002797 0.425000 31 42 40
-0.017963 -0.002797 0.425000 33 44 42
-0.008073 -0.002797 0.425000 32 37 42
-0.006974 -0.002797 0.425000 37 42 47
-0.005875 -0.002797 0.425000 39 45 47
-0.004776 -0.002797 0.425000 37 43 45
-0.003678 -0.002797 0.425000 39 45 43
-0.002579 -0.002797 0.425000 37 43 41
-0.001480 -0.002797 0.425000 36 44 41
-0.000381 -0.002797 0.425000 36 44 41
0.001826 -0.002810 0.427000 38 46 43
0.002930 -0.002810 0.427000 36 47 45
0.004043 -0.002817 0.428000 34 45 43
0.005162 -0.002823 0.429000 34 45 43
0.006271 -0.002823 0.429000 33 44 42
0.007380 -0.002823 0.429000 32 40 39
0.008509 -0.002830 0.430000 31 39 38
0.009644 -0.002836 0.431000 29 37 36
0.010783 -0.002843 0.432000 38 46 45
0.011928 -0.002850 0.433000 56 64 63
0.013077 -0.002856 0.434000 92 100 99
0.014232 -0.002863 0.435000 115 121 119
0.056876 -0.002915 0.443000 111 120 113
0.059359 -0.002869 0.436000 32 45 40
0.060348 -0.002863 0.435000 33 46 41
0.061331 -0.002856 0.434000 35 50 45
0.062597 -0.002863 0.435000 37 52 47
0.063722 -0.002863 0.435000 40 55 52
0.064996 -0.002869 0.436000 36 51 48
0.066275 -0.002876 0.437000 31 46 45
0.067713 -0.002889 0.439000 26 41 40
0.068849 -0.002889 0.439000 44 57 52
0.086091 -0.002935 0.446000 75 82 74
0.087049 -0.002928 0.445000 75 82 74
0.088200 -0.002928 0.445000 73 86 71
0.089149 -0.002922 0.444000 75 88 73
0.090297 -0.002922 0.444000 70 91 67
0.091445 -0.002922 0.444000 68 89 65
0.092385 -0.002915 0.443000 63 95 56
0.093530 -0.002915 0.443000 78 110 71
0.094676 -0.002915 0.443000 83 121 75
0.095821 -0.002915 0.443000 89 127 81
0.097186 -0.002922 0.444000 48 88 46
0.098334 -0.002922 0.444000 58 98 56
0.099706 -0.002928 0.445000 83 114 80
0.101083 -0.002935 0.446000 93 124 90
-0.209254 -0.001752 0.439000 141 147 145
-0.208119 -0.001752 0.439000 150 153 152
-0.206984 -0.001752 0.439000 153 156 155
-0.205849 -0.001752 0.439000 159 163 158
-0.204714 -0.001752 0.439000 158 162 157
-0.184701 -0.001756 0.440000 133 140 134
-0.184398 -0.001764 0.442000 142 150 147
-0.183255 -0.001764 0.442000 153 161 158
-0.182524 -0.001768 0.443000 148 159 157
-0.181379 -0.001768 0.443000 143 154 152
-0.180233 -0.001768 0.443000 144 155 151
-0.084694 -0.001497 0.375000 47 54 48
-0.083724 -0.001497 0.375000 39 46 40
-0.082755 -0.001497 0.375000 42 50 47
-0.081785 -0.001497 0.375000 42 50 47
-0.081031 -0.001501 0.376000 45 53 50
-0.080986 -0.001752 0.439000 86 104 81
-0.079851 -0.001752 0.439000 88 106 83
-0.078716 -0.001752 0.439000 77 107 68
-0.077581 -0.001752 0.439000 73 103 64
-0.076620 -0.001756 0.440000 68 100 61
-0.075482 -0.001756 0.440000 64 96 57
-0.074345 -0.001756 0.440000 96 118 91
-0.073373 -0.001760 0.441000 107 129 102
-0.009172 -0.001696 0.425000 32 37 42
-0.008073 -0.001696 0.425000 34 40 42
-0.006974 -0.001696 0.425000 34 40 42
-0.005875 -0.001696 0.425000 34 42 43
-0.004776 -0.001696 0.425000 33 41 42
-0.003686 -0.001700 0.426000 32 40 41
-0.002585 -0.001700 0.426000 32 40 41
-0.000383 -0.001704 0.427000 32 40 39
0.000721 -0.001704 0.427000 31 39 36
0.001830 -0.001708 0.428000 31 39 36
0.002943 -0.001712 0.429000 31 39 36
0.004053 -0.001712 0.429000 28 36 33
0.005174 -0.001716 0.430000 27 38 36
0.006286 -0.001716 0.430000 32 43 41
0.007432 -0.001724 0.432000 50 58 55
0.008549 -0.001724 0.432000 74 82 79
0.009688 -0.001728 0.433000 100 106 104
0.010833 -0.001732 0.434000 115 121 119
0.011955 -0.001732 0.434000 124 131 125
0.053681 -0.001776 0.445000 131 143 135
0.054585 -0.001768 0.443000 115 127 119
0.058098 -0.001736 0.435000 36 47 45
0.059087 -0.001732 0.434000 37 52 49
0.060209 -0.001732 0.434000 40 55 52
0.061331 -0.001732 0.434000 40 55 52
0.062597 -0.001736 0.435000 36 51 48
0.063869 -0.001740 0.436000 34 49 48
0.065145 -0.001744 0.437000 28 43 42
0.066578 -0.001752 0.439000 33 46 43
0.067713 -0.001752 0.439000 73 86 83
0.086091 -0.001780 0.446000 77 84 76
0.087049 -0.001776 0.445000 76 83 75
0.088200 -0.001776 0.445000 76 86 72
0.089149 -0.001772 0.444000 79 89 75
0.090297 -0.001772 0.444000 70 92 65
0.091445 -0.001772 0.444000 69 91 64
0.092385 -0.001768 0.443000 65 95 56
0.093319 -0.001764 0.442000 78 108 69
0.094462 -0.001764 0.442000 84 120 75
0.095605 -0.001764 0.442000 92 128 83
0.096967 -0.001768 0.443000 46 84 40
0.098334 -0.001772 0.444000 55 93 49
0.099482 -0.001772 0.444000 83 118 80
0.100856 -0.001776 0.445000 89 124 86
-0.208119 -0.000616 0.439000 149 152 151
-0.206984 -0.000616 0.439000 155 158 157
-0.205849 -0.000616 0.439000 158 161 160
-0.204714 -0.000616 0.439000 160 163 162
-0.203579 -0.000616 0.439000 149 152 151
-0.183981 -0.000618 0.441000 135 141 139
-0.182841 -0.000618 0.441000 143 149 147
-0.182112 -0.000620 0.442000 150 158 155
-0.180970 -0.000620 0.442000 147 155 152
-0.179827 -0.000620 0.442000 147 155 152
-0.178684 -0.000620 0.442000 146 154 151
-0.083947 -0.000527 0.376000 37 44 38
-0.082975 -0.000527 0.376000 42 49 43
-0.082003 -0.000527 0.376000 43 50 44
-0.081246 -0.000529 0.377000 43 51 48
-0.080271 -0.000529 0.377000 43 51 48
-0.079851 -0.000616 0.439000 94 108 88
-0.078716 -0.000616 0.439000 80 108 72
-0.077581 -0.000616 0.439000 73 101 65
-0.076446 -0.000616 0.439000 68 99 57
-0.075311 -0.000616 0.439000 59 90 48
-0.074345 -0.000617 0.440000 91 113 84
-0.073207 -0.000617 0.440000 112 134 105
-0.008111 -0.000599 0.427000 48 54 56
-0.007007 -0.000599 0.427000 46 52 54
-0.005903 -0.000599 0.427000 41 52 52
-0.004810 -0.000600 0.428000 38 49 49
-0.003704 -0.000600 0.428000 34 45 45
-0.002603 -0.000602 0.429000 37 48 48
-0.001494 -0.000602 0.429000 39 50 48
-0.000384 -0.000602 0.429000 40 51 49
0.000725 -0.000602 0.429000 46 57 53
0.001838 -0.000603 0.430000 52 63 59
0.002950 -0.000603 0.430000 67 76 69
0.004072 -0.000604 0.431000 78 87 80
0.005198 -0.000606 0.432000 99 106 98
0.006330 -0.000607 0.433000 114 121 113
0.051379 -0.000624 0.445000 134 143 136
0.056106 -0.000613 0.437000 37 50 47
0.057104 -0.000611 0.436000 38 51 48
0.058098 -0.000610 0.435000 39 52 49
0.059223 -0.000610 0.435000 40 55 54
0.060348 -0.000610 0.435000 37 52 51
0.061473 -0.000610 0.435000 34 49 48
0.062741 -0.000611 0.436000 31 46 45
0.064162 -0.000614 0.438000 29 40 40
0.065443 -0.000616 0.439000 55 66 66
0.086091 -0.000625 0.446000 78 85 77
0.087049 -0.000624 0.445000 77 84 76
0.088200 -0.000624 0.445000 76 86 70
0.089149 -0.000623 0.444000 79 89 73
0.090297 -0.000623 0.444000 73 92 66
0.091240 -0.000621 0.443000 72 91 65
0.092385 -0.000621 0.443000 64 94 55
0.093108 -0.000618 0.441000 73 103 64
0.094248 -0.000618 0.441000 91 124 80
0.095605 -0.000620 0.442000 97 130 86
0.098112 -0.000621 0.443000 55 93 49
0.099482 -0.000623 0.444000 84 121 80
0.100856 -0.000624 0.445000 88 125 84
0.102007 -0.000624 0.445000 107 134 105
-0.208119 0.000521 0.439000 147 148 144
-0.206984 0.000521 0.439000 153 154 150
-0.205849 0.000521 0.439000 157 157 157
-0.204714 0.000521 0.439000 164 164 164
-0.203579 0.000521 0.439000 155 158 157
-0.183564 0.000522 0.440000 138 142 137
-0.182426 0.000522 0.440000 140 144 139
-0.181700 0.000523 0.441000 155 158 157
-0.180560 0.000523 0.441000 153 156 155
-0.179420 0.000523 0.441000 148 155 147
-0.178280 0.000523 0.441000 147 154 146
-0.084171 0.000447 0.377000 43 47 40
-0.083196 0.000447 0.377000 43 49 47
-0.082221 0.000447 0.377000 43 49 47
-0.081246 0.000447 0.377000 45 53 52
-0.080484 0.000449 0.378000 43 51 50
-0.079669 0.000520 0.438000 93 107 87
-0.078537 0.000520 0.438000 83 108 73
-0.077581 0.000521 0.439000 78 103 68
-0.076446 0.000521 0.439000 70 101 57
-0.075311 0.000521 0.439000 59 90 46
-0.074176 0.000521 0.439000 84 108 76
-0.073207 0.000522 0.440000 108 132 100
0.048968 0.000527 0.444000 131 140 131
0.050003 0.000526 0.443000 127 136 127
0.052957 0.000521 0.439000 27 42 41
0.053969 0.000520 0.438000 28 43 42
0.054850 0.000517 0.436000 33 48 45
0.055849 0.000516 0.435000 34 49 46
0.056974 0.000516 0.435000 37 50 47
0.058098 0.000516 0.435000 40 53 50
0.059223 0.000516 0.435000 37 52 49
0.060348 0.000516 0.435000 30 45 42
0.061755 0.000519 0.437000 29 42 39
0.063029 0.000520 0.438000 36 49 46
0.085898 0.000528 0.445000 79 87 76
0.087049 0.000528 0.445000 78 86 75
0.088001 0.000527 0.444000 76 89 72
0.089149 0.000527 0.444000 79 92 75
0.090297 0.000527 0.444000 74 93 67
0.091240 0.000526 0.443000 72 91 65
0.091968 0.000523 0.441000 67 95 57
0.093108 0.000523 0.441000 78 106 68
0.094248 0.000523 0.441000 94 127 83
0.095389 0.000523 0.441000 96 129 85
0.096748 0.000525 0.442000 44 82 38
0.099258 0.000526 0.443000 81 117 81
0.102007 0.000528 0.445000 96 124 97
-0.206984 0.001658 0.439000 149 153 148
-0.205849 0.001658 0.439000 155 155 155
-0.204714 0.001658 0.439000 161 161 161
-0.203579 0.001658 0.439000 156 159 158
-0.202443 0.001658 0.439000 148 151 150
-0.182426 0.001661 0.440000 136 140 135
-0.181288 0.001661 0.440000 141 145 140
-0.180151 0.001661 0.440000 157 161 156
-0.179013 0.001661 0.440000 157 158 152
-0.177875 0.001661 0.440000 153 154 148
-0.176738 0.001661 0.440000 150 155 145
-0.084394 0.001427 0.378000 81 85 78
-0.083417 0.001427 0.378000 39 45 43
-0.082657 0.001431 0.379000 43 49 47
-0.081677 0.001431 0.379000 40 51 49
-0.080697 0.001431 0.379000 39 50 48
-0.079928 0.001435 0.380000 37 48 48
-0.079669 0.001654 0.438000 95 106 87
-0.078537 0.001654 0.438000 85 110 73
-0.077404 0.001654 0.438000 80 105 68
-0.076446 0.001658 0.439000 74 103 58
-0.075311 0.001658 0.439000 68 97 52
-0.074176 0.001658 0.439000 75 100 63
-0.073041 0.001658 0.439000 105 130 93
0.047712 0.001673 0.443000 126 133 127
0.051822 0.001658 0.439000 32 45 42
0.052716 0.001650 0.437000 35 50 47
0.053722 0.001646 0.436000 35 50 47
0.054724 0.001643 0.435000 35 50 45
0.055849 0.001643 0.435000 34 49 44
0.056974 0.001643 0.435000 37 50 45
0.058098 0.001643 0.435000 35 48 43
0.059359 0.001646 0.436000 33 46 43
0.060625 0.001650 0.437000 32 45 42
0.085898 0.001680 0.445000 80 87 79
0.087049 0.001680 0.445000 78 85 77
0.088001 0.001677 0.444000 75 88 71
0.089149 0.001677 0.444000 77 90 73
0.090094 0.001673 0.443000 71 94 69
0.090828 0.001665 0.441000 69 92 67
0.091968 0.001665 0.441000 67 97 60
0.092897 0.001661 0.440000 77 107 70
0.094035 0.001661 0.440000 93 126 84
0.095172 0.001661 0.440000 96 129 87
0.096529 0.001665 0.441000 41 78 37
0.099258 0.001673 0.443000 74 113 76
0.100630 0.001677 0.444000 86 125 88
0.102007 0.001680 0.445000 93 122 92
-0.206984 0.002794 0.439000 144 148 141
-0.205849 0.002794 0.439000 153 153 153
-0.204714 0.002794 0.439000 158 158 158
-0.203579 0.002794 0.439000 158 162 157
-0.202443 0.002794 0.439000 152 156 151
-0.181288 0.002801 0.440000 135 139 134
-0.180151 0.002801 0.440000 145 149 144
-0.179013 0.002801 0.440000 160 161 155
-0.177875 0.002801 0.440000 153 154 148
-0.176738 0.002801 0.440000 152 154 145
-0.083858 0.002419 0.380000 48 56 53
-0.082875 0.002419 0.380000 42 50 47
-0.082108 0.002425 0.381000 43 53 56
-0.081123 0.002425 0.381000 39 49 52
-0.080138 0.002425 0.381000 37 49 51
-0.078358 0.002782 0.437000 88 111 77
-0.077404 0.002788 0.438000 83 106 72
-0.076272 0.002788 0.438000 75 105 57
-0.075311 0.002794 0.439000 72 102 54
-0.074176 0.002794 0.439000 68 94 52
-0.073041 0.002794 0.439000 103 129 87
-0.071905 0.002794 0.439000 110 128 95
0.045319 0.002813 0.442000 126 133 127
0.046357 0.002807 0.441000 85 93 92
0.050456 0.002782 0.437000 36 49 46
0.051468 0.002775 0.436000 38 51 48
0.052474 0.002769 0.435000 38 53 48
0.053599 0.002769 0.435000 41 56 51
0.054724 0.002769 0.435000 38 51 46
0.055849 0.002769 0.435000 33 46 41
0.057104 0.002775 0.436000 32 41 34
0.058365 0.002782 0.437000 35 44 37
0.059632 0.002788 0.438000 62 71 64
0.085898 0.002833 0.445000 79 88 79
0.086853 0.002826 0.444000 78 87 78
0.088001 0.002826 0.444000 75 90 72
0.088949 0.002820 0.443000 78 93 75
0.089687 0.002807 0.441000 71 97 71
0.090828 0.002807 0.441000 66 92 66
0.091759 0.002801 0.440000 70 102 65
0.092897 0.002801 0.440000 77 109 72
0.094035 0.002801 0.440000 91 124 82
0.095172 0.002801 0.440000 93 126 84
0.096310 0.002801 0.440000 39 76 35
0.097669 0.002807 0.441000 48 85 44
0.100403 0.002820 0.443000 86 122 86
0.101778 0.002826 0.444000 98 127 95
-0.206512 0.003922 0.438000 142 146 139
-0.205849 0.003931 0.439000 150 153 152
-0.204714 0.003931 0.439000 153 156 155
-0.203579 0.003931 0.439000 156 162 160
-0.202443 0.003931 0.439000 151 157 155
-0.180876 0.003931 0.439000 134 141 135
-0.179741 0.003931 0.439000 129 136 130
-0.179013 0.003940 0.440000 146 146 146
-0.177875 0.003940 0.440000 155 155 155
-0.176738 0.003940 0.440000 151 155 150
-0.175600 0.003940 0.440000 150 154 149
-0.084079 0.003412 0.381000 87 93 91
-0.083093 0.003412 0.381000 44 50 48
-0.082108 0.003412 0.381000 40 51 51
-0.081336 0.003421 0.382000 41 52 52
-0.080348 0.003421 0.382000 40 52 54
-0.079487 0.003913 0.437000 94 103 85
-0.078358 0.003913 0.437000 86 109 75
-0.077228 0.003913 0.437000 82 105 71
-0.076272 0.003922 0.438000 73 105 56
-0.075139 0.003922 0.438000 73 105 56
-0.074176 0.003931 0.439000 75 101 59
-0.073041 0.003931 0.439000 94 120 78
-0.071905 0.003931 0.439000 114 131 101
0.042936 0.003949 0.441000 125 131 129
0.043976 0.003940 0.440000 98 106 105
0.048196 0.003913 0.437000 34 49 48
0.049213 0.003904 0.436000 36 51 50
0.050225 0.003895 0.435000 40 55 54
0.051350 0.003895 0.435000 40 55 54
0.052474 0.003895 0.435000 36 51 46
0.053599 0.003895 0.435000 35 50 45
0.054850 0.003904 0.436000 30 42 34
0.056106 0.003913 0.437000 31 43 35
0.057366 0.003922 0.438000 52 64 56
0.058633 0.003931 0.439000 101 113 105
0.084748 0.003985 0.445000 87 91 84
0.085705 0.003976 0.444000 81 90 81
0.086853 0.003976 0.444000 78 87 78
0.087803 0.003967 0.443000 72 89 71
0.088949 0.003967 0.443000 74 91 73
0.089687 0.003949 0.441000 73 97 69
0.090622 0.003940 0.440000 69 93 65
0.091759 0.003940 0.440000 72 104 65
0.092686 0.003931 0.439000 79 111 72
0.093821 0.003931 0.439000 85 121 78
0.094956 0.003931 0.439000 88 124 81
0.096310 0.003940 0.440000 36 73 34
0.097669 0.003949 0.441000 47 84 45
0.099034 0.003958 0.442000 77 114 75
0.101778 0.003976 0.444000 94 123 91
-0.205380 0.005056 0.438000 147 151 146
-0.204714 0.005068 0.439000 151 155 150
-0.203579 0.005068 0.439000 151 157 155
-0.202443 0.005068 0.439000 153 159 157
-0.201308 0.005068 0.439000 146 152 152
-0.179741 0.005068 0.439000 131 138 132
-0.178606 0.005068 0.439000 130 134 129
-0.177471 0.005068 0.439000 150 154 149
-0.176336 0.005068 0.439000 153 159 157
-0.175201 0.005068 0.439000 150 156 154
-0.174066 0.005068 0.439000 149 155 153
-0.083312 0.004410 0.382000 67 73 71
-0.082539 0.004421 0.383000 36 47 47
-0.081762 0.004433 0.384000 43 54 54
-0.080769 0.004433 0.384000 41 52 52
-0.079776 0.004433 0.384000 41 52 52
-0.078358 0.005045 0.437000 86 109 75
-0.077228 0.005045 0.437000 83 106 72
-0.076272 0.005056 0.438000 77 108 62
-0.075139 0.005056 0.438000 74 105 59
-0.074007 0.005056 0.438000 75 106 64
-0.073041 0.005068 0.439000 84 115 73
-0.071905 0.005068 0.439000 111 128 102
0.040563 0.005079 0.440000 126 135 128
0.043776 0.005056 0.438000 31 44 43
0.044806 0.005045 0.437000 35 48 47
0.045831 0.005033 0.436000 33 48 45
0.046958 0.005033 0.436000 36 51 48
0.047975 0.005022 0.435000 38 53 50
0.049100 0.005022 0.435000 38 53 50
0.050225 0.005022 0.435000 38 53 52
0.051350 0.005022 0.435000 36 51 50
0.052595 0.005033 0.436000 31 46 43
0.053846 0.005045 0.437000 27 42 39
0.055101 0.005056 0.438000 53 62 55
0.056362 0.005068 0.439000 95 104 97
0.084748 0.005137 0.445000 86 90 83
0.085705 0.005125 0.444000 81 90 81
0.086853 0.005125 0.444000 78 87 78
0.087803 0.005114 0.443000 72 89 73
0.088547 0.005091 0.441000 74 91 75
0.089484 0.005079 0.440000 74 97 72
0.090622 0.005079 0.440000 71 94 69
0.091551 0.005068 0.439000 73 103 64
0.092686 0.005068 0.439000 85 115 76
0.093821 0.005068 0.439000 85 121 76
0.094956 0.005068 0.439000 90 126 81
0.096091 0.005068 0.439000 38 75 36
0.097448 0.005079 0.440000 47 84 45
0.098810 0.005091 0.441000 77 114 73
0.101549 0.005114 0.443000 93 124 90
-0.204247 0.006190 0.438000 150 151 147
-0.203115 0.006190 0.438000 149 152 151
-0.202443 0.006204 0.439000 155 158 157
-0.201308 0.006204 0.439000 151 157 155
-0.200173 0.006204 0.439000 143 149 147
-0.178199 0.006190 0.438000 129 136 130
-0.177067 0.006190 0.438000 131 138 132
-0.175934 0.006190 0.438000 146 152 152
-0.175201 0.006204 0.439000 153 159 159
-0.174066 0.006204 0.439000 151 157 157
-0.172931 0.006204 0.439000 149 155 155
-0.082970 0.005441 0.385000 41 49 50
-0.081975 0.005441 0.385000 41 49 50
-0.080979 0.005441 0.385000 42 55 54
-0.079984 0.005441 0.385000 38 51 50
-0.078988 0.005441 0.385000 38 51 48
-0.078195 0.005455 0.386000 37 50 47
-0.077397 0.005469 0.387000 35 48 47
-0.079306 0.006162 0.436000 97 105 90
-0.077228 0.006176 0.437000 88 107 77
-0.076098 0.006176 0.437000 75 106 62
-0.075139 0.006190 0.438000 72 103 59
-0.074007 0.006190 0.438000 75 105 66
-0.073041 0.006204 0.439000 74 104 65
-0.071905 0.006204 0.439000 105 124 98
-0.070770 0.006204 0.439000 112 131 105
0.038288 0.006219 0.440000 128 137 130
0.039336 0.006204 0.439000 94 105 103
0.041416 0.006176 0.437000 31 44 43
0.042449 0.006162 0.436000 36 49 48
0.043476 0.006148 0.435000 36 51 50
0.044601 0.006148 0.435000 37 52 51
0.045726 0.006148 0.435000 36 54 50
0.046851 0.006148 0.435000 38 56 52
0.047975 0.006148 0.435000 38 56 52
0.049100 0.006148 0.435000 35 53 49
0.050340 0.006162 0.436000 30 45 44
0.051586 0.006176 0.437000 26 41 40
0.052836 0.006190 0.438000 48 59 55
0.053969 0.006190 0.438000 84 95 91
0.084557 0.006275 0.444000 84 88 81
0.085705 0.006275 0.444000 81 91 79
0.086658 0.006261 0.443000 79 89 77
0.087407 0.006233 0.441000 73 90 76
0.088346 0.006219 0.440000 76 93 79
0.089484 0.006219 0.440000 71 94 71
0.090416 0.006204 0.439000 71 94 71
0.091551 0.006204 0.439000 73 103 64
0.092686 0.006204 0.439000 87 117 78
0.093821 0.006204 0.439000 89 125 80
0.094740 0.006190 0.438000 89 125 80
0.096091 0.006204 0.439000 38 75 36
0.097226 0.006204 0.439000 48 85 46
0.098586 0.006219 0.440000 74 115 70
0.099950 0.006233 0.441000 78 119 74
0.102926 0.006275 0.444000 111 143 106
-0.203315 0.007291 0.436000 145 149 142
-0.202651 0.007308 0.437000 149 153 148
-0.201982 0.007324 0.438000 150 154 149
-0.200850 0.007324 0.438000 156 159 158
-0.200173 0.007341 0.439000 147 150 149
-0.176258 0.007291 0.436000 131 138 130
-0.174403 0.007308 0.437000 145 153 150
-0.173273 0.007308 0.437000 152 160 161
-0.172143 0.007308 0.437000 148 156 157
-0.171013 0.007308 0.437000 149 155 155
-0.170272 0.007324 0.438000 149 155 155
-0.083186 0.006455 0.386000 75 86 84
-0.082188 0.006455 0.386000 39 50 48
-0.081190 0.006455 0.386000 38 53 50
-0.080399 0.006471 0.387000 38 53 50
-0.079399 0.006471 0.387000 39 52 49
-0.078601 0.006488 0.388000 38 51 48
-0.077597 0.006488 0.388000 40 53 50
-0.077228 0.007308 0.437000 89 106 80
-0.076098 0.007308 0.437000 79 108 67
-0.074968 0.007308 0.437000 74 103 62
-0.074007 0.007324 0.438000 71 102 60
-0.072874 0.007324 0.438000 65 96 54
-0.071905 0.007341 0.439000 102 120 97
-0.070770 0.007341 0.439000 116 134 111
0.038977 0.007274 0.435000 32 43 41
0.040102 0.007274 0.435000 33 44 42
0.041227 0.007274 0.435000 35 48 45
0.042254 0.007257 0.434000 38 51 48
0.043376 0.007257 0.434000 38 53 50
0.044499 0.007257 0.434000 41 56 53
0.045726 0.007274 0.435000 36 54 50
0.046851 0.007274 0.435000 34 52 48
0.048086 0.007291 0.436000 32 45 42
0.049213 0.007291 0.436000 28 41 38
0.050456 0.007308 0.437000 50 61 57
0.051704 0.007324 0.438000 89 100 96
0.084557 0.007425 0.444000 87 91 84
0.085512 0.007408 0.443000 84 92 81
0.086266 0.007374 0.441000 82 90 79
0.087209 0.007358 0.440000 76 93 79
0.088145 0.007341 0.439000 77 94 80
0.089281 0.007341 0.439000 74 97 74
0.090416 0.007341 0.439000 73 96 73
0.091342 0.007324 0.438000 75 105 66
0.092475 0.007324 0.438000 88 118 79
0.093394 0.007308 0.437000 96 129 85
0.094524 0.007308 0.437000 91 124 80
0.095872 0.007324 0.438000 38 75 36
0.097226 0.007341 0.439000 56 93 54
0.098361 0.007341 0.439000 74 115 70
0.099723 0.007358 0.440000 80 121 76
0.101319 0.007391 0.442000 94 126 89
-0.202187 0.008420 0.436000 148 152 145
-0.201521 0.008439 0.437000 149 153 146
-0.200391 0.008439 0.437000 157 161 156
-0.199717 0.008458 0.438000 153 157 152
-0.174729 0.008400 0.435000 132 139 133
-0.173604 0.008400 0.435000 131 138 132
-0.172480 0.008400 0.435000 146 152 152
-0.171749 0.008420 0.436000 151 157 157
-0.170621 0.008420 0.436000 150 156 156
-0.169494 0.008420 0.436000 149 155 155
-0.082614 0.007493 0.388000 59 67 64
-0.081610 0.007493 0.388000 33 48 45
-0.080607 0.007493 0.388000 38 53 50
-0.079604 0.007493 0.388000 38 53 50
-0.078803 0.007512 0.389000 37 52 49
-0.077797 0.007512 0.389000 42 55 52
-0.076098 0.008439 0.437000 82 111 70
-0.074968 0.008439 0.437000 76 105 64
-0.074007 0.008458 0.438000 71 101 62
-0.072874 0.008458 0.438000 71 101 62
-0.071905 0.008478 0.439000 89 111 84
-0.070770 0.008478 0.439000 113 135 108
0.033353 0.008400 0.435000 124 131 125
0.034478 0.008400 0.435000 93 101 98
0.035521 0.008381 0.434000 59 67 64
0.036643 0.008381 0.434000 35 43 40
0.037678 0.008362 0.433000 33 41 38
0.038708 0.008343 0.432000 39 47 44
0.039825 0.008343 0.432000 39 47 44
0.041037 0.008362 0.433000 37 48 44
0.042157 0.008362 0.433000 39 50 46
0.043376 0.008381 0.434000 40 53 48
0.044499 0.008381 0.434000 39 52 47
0.045726 0.008400 0.435000 33 46 43
0.046958 0.008420 0.436000 31 44 41
0.048196 0.008439 0.437000 47 55 52
0.084367 0.008555 0.443000 87 91 84
0.085126 0.008516 0.441000 83 91 80
0.086071 0.008497 0.440000 82 90 79
0.087209 0.008497 0.440000 77 94 78
0.088145 0.008478 0.439000 78 95 79
0.089281 0.008478 0.439000 74 97 72
0.090210 0.008458 0.438000 75 98 73
0.091342 0.008458 0.438000 73 104 62
0.092264 0.008439 0.437000 89 120 78
0.093394 0.008439 0.437000 94 130 85
0.094307 0.008420 0.436000 89 125 80
0.095653 0.008439 0.437000 39 76 37
0.097005 0.008458 0.438000 50 87 48
0.098361 0.008478 0.439000 71 112 67
0.099723 0.008497 0.440000 81 122 77
0.101090 0.008516 0.441000 87 122 84
0.102462 0.008536 0.442000 104 139 101
-0.200599 0.009527 0.435000 149 153 146
-0.199933 0.009549 0.436000 159 160 156
-0.199261 0.009571 0.437000 159 160 156
-0.198131 0.009571 0.437000 151 152 148
-0.173205 0.009505 0.434000 129 136 130
-0.172083 0.009505 0.434000 131 137 135
-0.169105 0.009527 0.435000 150 156 154
-0.167981 0.009527 0.435000 148 154 152
-0.166856 0.009527 0.435000 150 156 154
-0.081821 0.008519 0.389000 49 62 57
-0.080815 0.008519 0.389000 36 49 44
-0.079809 0.008519 0.389000 42 55 50
-0.078803 0.008519 0.389000 40 53 48
-0.077997 0.008541 0.390000 41 52 48
-0.077186 0.008563 0.391000 41 52 48
-0.074968 0.009571 0.437000 76 104 66
-0.073838 0.009571 0.437000 72 104 65
-0.072874 0.009592 0.438000 70 102 63
-0.071742 0.009592 0.438000 77 101 73
-0.070770 0.009614 0.439000 105 129 101
0.031104 0.009527 0.435000 125 134 127
0.032154 0.009505 0.434000 93 101 100
0.033277 0.009505 0.434000 53 61 60
0.034320 0.009483 0.433000 38 46 43
0.035357 0.009461 0.432000 34 42 39
0.036390 0.009439 0.431000 39 48 41
0.037504 0.009439 0.431000 39 48 41
0.038619 0.009439 0.431000 40 48 45
0.039825 0.009461 0.432000 42 50 47
0.040942 0.009461 0.432000 41 49 46
0.042157 0.009483 0.433000 39 47 44
0.043376 0.009505 0.434000 32 43 39
0.044601 0.009527 0.435000 31 42 38
0.045831 0.009549 0.436000 43 52 45
0.084367 0.009702 0.443000 85 89 82
0.085126 0.009658 0.441000 81 90 81
0.086071 0.009636 0.440000 82 91 82
0.087010 0.009614 0.439000 78 95 79
0.088145 0.009614 0.439000 78 95 79
0.089077 0.009592 0.438000 74 98 70
0.090210 0.009592 0.438000 75 99 71
0.091134 0.009571 0.437000 78 109 67
0.092264 0.009571 0.437000 88 119 77
0.093180 0.009549 0.436000 95 131 88
0.094307 0.009549 0.436000 89 125 82
0.095435 0.009549 0.436000 40 76 40
0.097005 0.009592 0.438000 55 91 55
0.098361 0.009614 0.439000 79 119 77
0.099497 0.009614 0.439000 84 124 82
0.100861 0.009636 0.440000 90 125 87
0.102230 0.009658 0.441000 99 134 96
-0.200599 0.010653 0.435000 145 149 142
-0.199474 0.010653 0.435000 152 153 147
-0.198805 0.010678 0.436000 159 160 154
-0.197678 0.010678 0.436000 154 155 149
-0.197001 0.010702 0.437000 149 150 144
-0.172083 0.010629 0.434000 128 135 129
-0.168717 0.010629 0.434000 151 158 152
-0.167594 0.010629 0.434000 149 156 150
-0.166856 0.010653 0.435000 149 156 150
-0.165731 0.010653 0.435000 149 156 150
-0.080815 0.009527 0.389000 43 50 44
-0.080014 0.009551 0.390000 37 48 46
-0.079208 0.009576 0.391000 41 52 50
-0.078197 0.009576 0.391000 40 51 47
-0.077581 0.009625 0.393000 39 50 46
-0.076370 0.009600 0.392000 43 51 48
-0.075549 0.009625 0.393000 38 46 43
-0.074007 0.010727 0.438000 75 105 66
-0.072874 0.010727 0.438000 77 107 68
-0.071742 0.010727 0.438000 75 99 69
-0.070770 0.010751 0.439000 99 123 93
-0.069635 0.010751 0.439000 114 128 108
0.028921 0.010678 0.436000 121 130 121
0.029979 0.010653 0.435000 91 99 96
0.031032 0.010629 0.434000 52 60 57
0.032080 0.010604 0.433000 31 44 41
0.033123 0.010580 0.432000 32 45 42
0.034161 0.010555 0.431000 39 50 46
0.035276 0.010555 0.431000 39 50 46
0.036306 0.010531 0.430000 41 53 45
0.037417 0.010531 0.430000 43 55 47
0.038529 0.010531 0.430000 39 51 43
0.039733 0.010555 0.431000 39 51 43
0.040942 0.010580 0.432000 32 43 39
0.042254 0.010629 0.434000 30 41 37
0.043376 0.010629 0.434000 42 51 44
0.044601 0.010653 0.435000 76 85 78
0.083986 0.010800 0.441000 82 86 79
0.084933 0.010776 0.440000 84 93 84
0.085875 0.010751 0.439000 83 92 83
0.087010 0.010751 0.439000 80 95 77
0.088145 0.010751 0.439000 81 96 78
0.089077 0.010727 0.438000 75 99 69
0.090004 0.010702 0.437000 76 100 70
0.090925 0.010678 0.436000 78 109 67
0.092053 0.010678 0.436000 87 118 76
0.092966 0.010653 0.435000 92 128 85
0.094091 0.010653 0.435000 88 124 81
0.095216 0.010653 0.435000 43 79 43
0.096783 0.010702 0.437000 58 94 58
0.098137 0.010727 0.438000 75 112 71
0.099497 0.010751 0.439000 86 123 82
0.100632 0.010751 0.439000 93 125 88
0.101999 0.010776 0.440000 100 132 95
-0.199474 0.011779 0.435000 145 150 140
-0.198349 0.011779 0.435000 155 160 150
-0.197225 0.011779 0.435000 157 161 154
-0.196100 0.011779 0.435000 150 154 147
-0.170567 0.011725 0.433000 128 135 129
-0.168717 0.011752 0.434000 143 150 144
-0.167594 0.011752 0.434000 150 157 151
-0.166089 0.011725 0.433000 150 157 151
-0.165350 0.011752 0.434000 152 156 151
-0.164228 0.011752 0.434000 152 156 151
-0.080425 0.010615 0.392000 41 47 45
-0.079411 0.010615 0.392000 42 48 46
-0.078597 0.010642 0.393000 43 51 48
-0.077581 0.010642 0.393000 42 50 47
-0.076565 0.010642 0.393000 41 50 43
-0.075933 0.010696 0.395000 41 50 43
-0.075102 0.010723 0.396000 40 49 40
-0.071742 0.011861 0.438000 76 104 68
-0.070609 0.011861 0.438000 81 109 73
-0.069635 0.011888 0.439000 114 130 107
0.026666 0.011806 0.436000 120 129 122
0.027729 0.011779 0.435000 86 94 91
0.028788 0.011752 0.434000 45 53 50
0.029910 0.011752 0.434000 28 41 36
0.030961 0.011725 0.433000 31 44 39
0.032006 0.011698 0.432000 36 49 44
0.033047 0.011671 0.431000 36 49 44
0.034161 0.011671 0.431000 37 50 45
0.035194 0.011644 0.430000 39 52 47
0.036306 0.011644 0.430000 40 53 48
0.037417 0.011644 0.430000 38 51 46
0.038529 0.011644 0.430000 36 47 43
0.039825 0.011698 0.432000 31 42 38
0.041037 0.011725 0.433000 48 57 50
0.042254 0.011752 0.434000 79 88 81
0.083795 0.011915 0.440000 85 89 82
0.084933 0.011915 0.440000 85 94 85
0.085875 0.011888 0.439000 83 92 83
0.087010 0.011888 0.439000 82 97 79
0.087945 0.011861 0.438000 81 96 78
0.089077 0.011861 0.438000 75 99 69
0.090004 0.011834 0.437000 76 100 70
0.090925 0.011806 0.436000 79 110 66
0.091841 0.011779 0.435000 88 119 75
0.092966 0.011779 0.435000 94 130 87
0.094091 0.011779 0.435000 76 112 69
0.095216 0.011779 0.435000 43 79 43
0.096562 0.011806 0.436000 62 98 62
0.097913 0.011834 0.437000 77 113 70
0.099270 0.011861 0.438000 87 123 80
0.100632 0.011888 0.439000 94 124 87
0.101999 0.011915 0.440000 103 133 96
-0.197893 0.012876 0.434000 148 156 145
-0.196771 0.012876 0.434000 158 162 155
-0.196100 0.012906 0.435000 157 161 154
-0.194975 0.012906 0.435000 142 149 141
-0.168665 0.012787 0.431000 127 134 126
-0.167550 0.012787 0.431000 125 132 124
-0.166436 0.012787 0.431000 147 151 146
-0.165705 0.012817 0.432000 151 155 150
-0.164588 0.012817 0.432000 152 155 154
-0.163849 0.012846 0.433000 152 155 154
-0.162730 0.012846 0.433000 152 156 151
-0.079614 0.011660 0.393000 46 47 41
-0.078597 0.011660 0.393000 46 54 53
-0.077581 0.011660 0.393000 43 51 50
-0.076760 0.011689 0.394000 37 49 41
-0.076126 0.011749 0.396000 37 49 41
-0.075291 0.011778 0.397000 40 52 42
-0.074265 0.011778 0.397000 39 51 41
-0.072576 0.011838 0.399000 76 85 76
-0.071723 0.011867 0.400000 103 113 97
-0.070609 0.012995 0.438000 78 106 68
-0.069477 0.012995 0.438000 98 116 93
-0.068344 0.012995 0.438000 119 137 114
0.023337 0.012965 0.437000 133 140 134
0.024411 0.012935 0.436000 120 127 121
0.025480 0.012906 0.435000 83 91 92
0.026605 0.012906 0.435000 48 56 57
0.027666 0.012876 0.434000 31 42 38
0.028788 0.012876 0.434000 31 42 38
0.029841 0.012846 0.433000 35 48 43
0.030889 0.012817 0.432000 37 50 45
0.031932 0.012787 0.431000 36 49 44
0.033047 0.012787 0.431000 37 50 45
0.034082 0.012757 0.430000 37 50 45
0.035194 0.012757 0.430000 35 48 43
0.036306 0.012757 0.430000 30 43 38
0.037504 0.012787 0.431000 29 42 37
0.038708 0.012817 0.432000 44 57 52
0.039918 0.012846 0.433000 80 93 88
0.083795 0.013054 0.440000 84 89 79
0.084740 0.013024 0.439000 86 95 86
0.085875 0.013024 0.439000 86 95 86
0.086812 0.012995 0.438000 80 97 79
0.087744 0.012965 0.437000 80 97 79
0.088874 0.012965 0.437000 73 100 69
0.089798 0.012935 0.436000 75 102 71
0.090717 0.012906 0.435000 78 111 67
0.091841 0.012906 0.435000 89 122 78
0.092966 0.012906 0.435000 92 128 85
0.093875 0.012876 0.434000 69 105 62
0.094997 0.012876 0.434000 48 85 46
0.096340 0.012906 0.435000 60 97 58
0.097689 0.012935 0.436000 76 112 69
0.099043 0.012965 0.437000 91 127 84
0.100402 0.012995 0.438000 94 124 87
0.101767 0.013024 0.439000 105 135 98
-0.197893 0.014000 0.434000 142 150 139
-0.196771 0.014000 0.434000 153 160 154
-0.195649 0.014000 0.434000 156 163 157
-0.194527 0.014000 0.434000 149 156 148
-0.167162 0.013871 0.430000 128 135 127
-0.166050 0.013871 0.430000 128 132 127
-0.164938 0.013871 0.430000 138 142 137
-0.163826 0.013871 0.430000 151 154 155
-0.163471 0.013935 0.432000 152 155 156
-0.162354 0.013935 0.432000 151 155 150
-0.161610 0.013968 0.433000 152 156 151
-0.078597 0.012677 0.393000 52 55 54
-0.077779 0.012709 0.394000 44 47 46
-0.077149 0.012774 0.396000 42 51 44
-0.076318 0.012806 0.397000 41 50 43
-0.075291 0.012806 0.397000 40 52 42
-0.074452 0.012839 0.398000 41 53 43
-0.072757 0.012903 0.400000 34 46 38
-0.071902 0.012935 0.401000 64 76 68
-0.069829 0.012935 0.401000 90 109 83
-0.069477 0.014129 0.438000 82 104 77
-0.068344 0.014129 0.438000 111 133 106
0.021029 0.014064 0.436000 131 139 136
0.022106 0.014032 0.435000 116 124 121
0.023230 0.014032 0.435000 76 84 85
0.024355 0.014032 0.435000 42 50 51
0.025421 0.014000 0.434000 25 36 36
0.026544 0.014000 0.434000 31 42 42
0.027666 0.014000 0.434000 37 48 44
0.028722 0.013968 0.433000 40 51 47
0.029772 0.013935 0.432000 39 53 44
0.030889 0.013935 0.432000 39 53 44
0.031932 0.013903 0.431000 38 51 46
0.033123 0.013935 0.432000 37 50 45
0.034161 0.013903 0.431000 33 46 41
0.035276 0.013903 0.431000 28 41 36
0.036474 0.013935 0.432000 37 51 42
0.037591 0.013935 0.432000 76 90 81
0.082658 0.014193 0.440000 93 101 90
0.083605 0.014161 0.439000 80 88 77
0.084740 0.014161 0.439000 84 96 86
0.085875 0.014161 0.439000 84 96 86
0.086812 0.014129 0.438000 78 98 81
0.087744 0.014097 0.437000 78 98 81
0.088467 0.014032 0.435000 74 101 70
0.089592 0.014032 0.435000 78 105 74
0.090717 0.014032 0.435000 79 112 68
0.091630 0.014000 0.434000 89 122 78
0.092752 0.014000 0.434000 89 125 82
0.093875 0.014000 0.434000 67 103 60
0.094997 0.014000 0.434000 56 93 54
0.096119 0.014000 0.434000 68 105 66
0.097465 0.014032 0.435000 81 117 74
0.098817 0.014064 0.436000 92 128 85
0.100402 0.014129 0.438000 96 126 89
0.101767 0.014161 0.439000 109 139 102
-0.196771 0.015124 0.434000 146 153 147
-0.195649 0.015124 0.434000 155 162 156
-0.194527 0.015124 0.434000 153 160 154
-0.193405 0.015124 0.434000 146 153 147
-0.166050 0.014984 0.430000 128 132 127
-0.164938 0.014984 0.430000 129 133 128
-0.163826 0.014984 0.430000 138 141 140
-0.163093 0.015019 0.431000 147 150 149
-0.161978 0.015019 0.431000 150 154 149
-0.161237 0.015054 0.432000 151 155 150
-0.160120 0.015054 0.432000 151 156 146
-0.159371 0.015089 0.433000 149 154 144
-0.078173 0.013799 0.396000 41 45 40
-0.077344 0.013834 0.397000 40 49 42
-0.076318 0.013834 0.397000 45 54 47
-0.075481 0.013869 0.398000 41 53 45
-0.073792 0.013939 0.400000 43 54 50
-0.072757 0.013939 0.400000 43 54 50
-0.071902 0.013974 0.401000 36 51 50
-0.071042 0.014008 0.402000 50 65 64
-0.070003 0.014008 0.402000 78 98 81
-0.068188 0.015228 0.437000 98 122 90
0.017647 0.015193 0.436000 130 139 130
0.018731 0.015158 0.435000 130 139 132
0.019856 0.015158 0.435000 116 125 118
0.020981 0.015158 0.435000 77 88 86
0.022055 0.015124 0.434000 44 55 53
0.023177 0.015124 0.434000 30 41 41
0.024299 0.015124 0.434000 32 43 43
0.025421 0.015124 0.434000 36 49 48
0.026544 0.015124 0.434000 37 50 49
0.027602 0.015089 0.433000 39 52 47
0.028722 0.015089 0.433000 39 52 47
0.029772 0.015054 0.432000 39 53 44
0.030961 0.015089 0.433000 37 51 42
0.032006 0.015054 0.432000 35 48 43
0.033123 0.015054 0.432000 30 43 38
0.034320 0.015089 0.433000 37 51 42
0.035439 0.015089 0.433000 75 89 80
0.082658 0.015333 0.440000 90 97 89
0.083605 0.015298 0.439000 85 92 84
0.084740 0.015298 0.439000 82 96 87
0.085680 0.015263 0.438000 83 97 88
0.086614 0.015228 0.437000 78 100 82
0.087342 0.015158 0.435000 77 99 81
0.088467 0.015158 0.435000 74 103 71
0.089386 0.015124 0.434000 78 107 75
0.090508 0.015124 0.434000 82 115 69
0.091419 0.015089 0.433000 89 122 76
0.092539 0.015089 0.433000 83 119 74
0.093658 0.015089 0.433000 69 105 60
0.096119 0.015124 0.434000 69 104 64
0.097241 0.015124 0.434000 84 117 75
0.098590 0.015158 0.435000 93 126 84
0.099944 0.015193 0.436000 95 123 87
0.101535 0.015263 0.438000 111 139 103
-0.195198 0.016210 0.433000 146 153 145
-0.194527 0.016247 0.434000 156 163 155
-0.193405 0.016247 0.434000 153 160 152
-0.163826 0.016097 0.430000 130 134 127
-0.162714 0.016097 0.430000 136 140 133
-0.161602 0.016097 0.430000 143 147 142
-0.160864 0.016135 0.431000 148 152 147
-0.160120 0.016172 0.432000 150 154 147
-0.159003 0.016172 0.432000 150 154 147
-0.157886 0.016172 0.432000 148 153 143
-0.077344 0.014862 0.397000 43 50 42
-0.076510 0.014900 0.398000 42 49 41
-0.074826 0.014974 0.400000 39 51 43
-0.073976 0.015012 0.401000 39 52 47
-0.072939 0.015012 0.401000 40 53 48
-0.071902 0.015012 0.401000 38 56 54
-0.071042 0.015049 0.402000 36 54 52
-0.070177 0.015087 0.403000 39 57 51
-0.068032 0.016322 0.436000 74 102 66
-0.066751 0.016285 0.435000 121 139 118
0.015392 0.016322 0.436000 131 140 133
0.016482 0.016285 0.435000 124 135 131
0.017607 0.016285 0.435000 102 113 109
0.018731 0.016285 0.435000 61 69 68
0.019810 0.016247 0.434000 34 42 41
0.020933 0.016247 0.434000 29 42 41
0.022055 0.016247 0.434000 30 43 42
0.023177 0.016247 0.434000 36 49 48
0.024299 0.016247 0.434000 36 49 48
0.025421 0.016247 0.434000 38 51 50
0.026544 0.016247 0.434000 42 55 54
0.027666 0.016247 0.434000 39 52 49
0.028788 0.016247 0.434000 37 50 47
0.029910 0.016247 0.434000 35 48 43
0.031032 0.016247 0.434000 32 45 40
0.032080 0.016210 0.433000 40 53 48
0.033200 0.016210 0.433000 76 89 84
0.082470 0.016434 0.439000 88 97 88
0.083605 0.016434 0.439000 88 97 88
0.084547 0.016397 0.438000 84 100 91
0.085484 0.016360 0.437000 81 97 88
0.086218 0.016285 0.435000 80 102 84
0.087342 0.016285 0.435000 78 100 82
0.088264 0.016247 0.434000 77 106 72
0.089386 0.016247 0.434000 78 107 73
0.090300 0.016210 0.433000 83 116 70
0.091208 0.016172 0.432000 90 123 77
0.092325 0.016172 0.432000 81 117 72
0.093442 0.016172 0.432000 70 106 61
0.094778 0.016210 0.433000 66 101 61
0.097241 0.016247 0.434000 85 120 80
0.098590 0.016285 0.435000 90 125 85
0.099715 0.016285 0.435000 97 124 91
0.101303 0.016360 0.437000 115 142 109
-0.194747 0.017291 0.432000 145 149 142
-0.193630 0.017291 0.432000 150 157 149
-0.192959 0.017331 0.433000 157 164 156
-0.162714 0.017211 0.430000 130 135 125
-0.161602 0.017211 0.430000 131 135 130
-0.160491 0.017211 0.430000 138 142 137
-0.159379 0.017211 0.430000 150 154 147
-0.158635 0.017251 0.431000 150 154 147
-0.157520 0.017251 0.431000 149 153 146
-0.156769 0.017291 0.432000 147 151 144
-0.076050 0.016050 0.401000 34 45 41
-0.075013 0.016050 0.401000 43 54 50
-0.074161 0.016090 0.402000 40 53 50
-0.073121 0.016090 0.402000 40 53 50
-0.072082 0.016090 0.402000 38 53 50
-0.071219 0.016130 0.403000 40 55 52
-0.070177 0.016130 0.403000 35 53 47
-0.069307 0.016170 0.404000 38 56 50
-0.068431 0.016210 0.405000 53 74 52
-0.066751 0.017411 0.435000 99 117 96
0.013168 0.017491 0.437000 132 139 131
0.014232 0.017411 0.435000 118 129 127
0.015357 0.017411 0.435000 89 100 98
0.016444 0.017371 0.434000 55 66 66
0.017566 0.017371 0.434000 34 45 45
0.018688 0.017371 0.434000 30 43 42
0.019810 0.017371 0.434000 32 45 44
0.020933 0.017371 0.434000 34 49 48
0.022055 0.017371 0.434000 37 52 51
0.023177 0.017371 0.434000 35 49 51
0.024299 0.017371 0.434000 36 50 52
0.025421 0.017371 0.434000 37 51 53
0.026544 0.017371 0.434000 35 49 51
0.027666 0.017371 0.434000 31 44 41
0.028788 0.017371 0.434000 31 44 41
0.029910 0.017371 0.434000 46 60 51
0.031032 0.017371 0.434000 79 93 84
0.032154 0.017371 0.434000 115 127 119
0.082470 0.017571 0.439000 84 93 86
0.083415 0.017531 0.438000 90 99 92
0.084354 0.017491 0.437000 85 101 92
0.085093 0.017411 0.435000 85 101 92
0.086218 0.017411 0.435000 80 102 82
0.087142 0.017371 0.434000 80 102 82
0.088060 0.017331 0.433000 79 107 69
0.089180 0.017331 0.433000 81 109 71
0.090091 0.017291 0.432000 85 118 72
0.090997 0.017251 0.431000 94 127 81
0.092111 0.017251 0.431000 80 113 71
0.093226 0.017251 0.431000 72 105 63
0.094559 0.017291 0.432000 68 103 63
0.095898 0.017331 0.433000 74 109 69
0.098363 0.017371 0.434000 92 127 87
0.099715 0.017411 0.435000 96 123 90
0.101071 0.017451 0.436000 121 148 115
-0.192513 0.018409 0.432000 155 162 154
-0.161602 0.018324 0.430000 128 132 125
-0.160491 0.018324 0.430000 127 131 124
-0.159379 0.018324 0.430000 139 140 136
-0.158267 0.018324 0.430000 151 152 148
-0.157155 0.018324 0.430000 151 152 146
-0.156043 0.018324 0.430000 150 151 145
-0.155292 0.018367 0.431000 145 149 142
-0.076240 0.017131 0.402000 59 68 61
-0.075387 0.017174 0.403000 38 47 40
-0.074345 0.017174 0.403000 42 50 49
-0.073303 0.017174 0.403000 42 50 49
-0.072261 0.017174 0.403000 41 52 50
-0.071396 0.017216 0.404000 40 51 49
-0.070351 0.017216 0.404000 41 56 51
-0.069478 0.017259 0.405000 40 55 50
-0.068600 0.017301 0.406000 32 51 39
-0.067550 0.017301 0.406000 46 65 53
0.010908 0.018623 0.437000 132 140 129
0.011983 0.018537 0.435000 119 125 123
0.013107 0.018537 0.435000 87 93 91
0.014232 0.018537 0.435000 50 62 64
0.015322 0.018495 0.434000 30 42 44
0.016444 0.018495 0.434000 29 41 43
0.017566 0.018495 0.434000 32 44 46
0.018688 0.018495 0.434000 31 48 49
0.019810 0.018495 0.434000 32 49 50
0.020933 0.018495 0.434000 33 50 51
0.022055 0.018495 0.434000 34 51 52
0.023177 0.018495 0.434000 36 51 50
0.024299 0.018495 0.434000 34 49 48
0.025421 0.018495 0.434000 33 46 45
0.026544 0.018495 0.434000 31 44 43
0.027666 0.018495 0.434000 50 61 57
0.028788 0.018495 0.434000 75 86 82
0.082094 0.018623 0.437000 85 94 85
0.083034 0.018580 0.436000 91 100 91
0.083968 0.018537 0.435000 85 101 90
0.085093 0.018537 0.435000 86 102 91
0.086019 0.018495 0.434000 82 103 81
0.086941 0.018452 0.433000 82 103 81
0.087857 0.018409 0.432000 78 107 66
0.088768 0.018367 0.431000 82 111 70
0.089882 0.018367 0.431000 87 118 72
0.090786 0.018324 0.430000 92 123 77
0.091898 0.018324 0.430000 72 104 65
0.093009 0.018324 0.430000 73 105 66
0.094340 0.018367 0.431000 72 104 65
0.095676 0.018409 0.432000 79 111 72
0.098363 0.018495 0.434000 94 129 89
-0.192068 0.019483 0.431000 148 155 147
-0.190953 0.019483 0.431000 155 162 154
-0.159008 0.019392 0.429000 129 130 126
-0.157155 0.019438 0.430000 143 147 140
-0.156043 0.019438 0.430000 147 151 144
-0.154931 0.019438 0.430000 145 149 144
-0.153819 0.019438 0.430000 145 149 144
-0.075761 0.018307 0.405000 66 71 61
-0.074714 0.018307 0.405000 38 46 45
-0.073667 0.018307 0.405000 40 48 47
-0.072620 0.018307 0.405000 44 55 53
-0.071572 0.018307 0.405000 39 50 48
-0.070525 0.018307 0.405000 39 52 47
-0.068600 0.018353 0.406000 40 53 48
-0.067550 0.018353 0.406000 33 46 41
-0.065035 0.018534 0.410000 82 103 79
0.008628 0.019709 0.436000 127 134 128
0.009733 0.019664 0.435000 108 114 116
0.010858 0.019664 0.435000 70 76 78
0.011983 0.019664 0.435000 40 50 55
0.013077 0.019618 0.434000 29 39 44
0.014200 0.019618 0.434000 31 43 47
0.015322 0.019618 0.434000 37 49 53
0.016444 0.019618 0.434000 36 50 52
0.017566 0.019618 0.434000 36 50 52
0.018688 0.019618 0.434000 32 49 50
0.019810 0.019618 0.434000 32 49 50
0.020933 0.019618 0.434000 31 50 50
0.022055 0.019618 0.434000 28 47 47
0.023177 0.019618 0.434000 28 41 40
0.024299 0.019618 0.434000 29 42 41
0.025421 0.019618 0.434000 49 57 54
0.026605 0.019664 0.435000 83 91 88
0.081906 0.019709 0.436000 86 95 86
0.082843 0.019664 0.435000 91 100 91
0.083968 0.019664 0.435000 87 103 92
0.084702 0.019573 0.433000 86 102 91
0.085821 0.019573 0.433000 82 103 81
0.086740 0.019528 0.432000 82 103 81
0.087857 0.019528 0.432000 79 107 71
0.088768 0.019483 0.431000 82 110 74
0.089674 0.019438 0.430000 87 118 72
0.090786 0.019438 0.430000 86 117 71
0.091898 0.019438 0.430000 77 109 70
0.093009 0.019438 0.430000 75 107 68
0.094121 0.019438 0.430000 76 108 69
0.095676 0.019528 0.432000 82 114 75
0.097017 0.019573 0.433000 87 122 82
0.098363 0.019618 0.434000 94 129 89
-0.191622 0.020551 0.430000 146 153 147
-0.190510 0.020551 0.430000 155 162 154
-0.157899 0.020503 0.429000 127 131 124
-0.156790 0.020503 0.429000 130 134 127
-0.155680 0.020503 0.429000 136 140 133
-0.153819 0.020551 0.430000 144 148 143
-0.152708 0.020551 0.430000 145 149 144
-0.151596 0.020551 0.430000 141 145 140
-0.073849 0.019404 0.406000 53 57 50
-0.071749 0.019404 0.406000 42 51 44
-0.070699 0.019404 0.406000 39 52 47
-0.069650 0.019404 0.406000 39 52 47
-0.068600 0.019404 0.406000 40 53 48
-0.066664 0.019452 0.407000 38 52 43
-0.065934 0.019547 0.409000 36 50 41
-0.065194 0.019643 0.411000 49 63 52
0.006359 0.020790 0.435000 111 118 112
0.007484 0.020790 0.435000 79 89 94
0.008608 0.020790 0.435000 50 60 65
0.009733 0.020790 0.435000 34 44 51
0.010833 0.020742 0.434000 32 42 49
0.011955 0.020742 0.434000 32 44 50
0.013077 0.020742 0.434000 35 47 53
0.014200 0.020742 0.434000 35 47 49
0.015322 0.020742 0.434000 36 48 50
0.016444 0.020742 0.434000 38 50 52
0.017566 0.020742 0.434000 39 51 53
0.018688 0.020742 0.434000 35 49 53
0.019810 0.020742 0.434000 29 43 47
0.020933 0.020742 0.434000 29 42 41
0.022055 0.020742 0.434000 32 45 44
0.023177 0.020742 0.434000 62 70 67
0.024299 0.020742 0.434000 95 103 100
0.081718 0.020790 0.435000 90 102 92
0.082653 0.020742 0.434000 91 103 93
0.083775 0.020742 0.434000 88 104 93
0.084506 0.020647 0.432000 86 102 91
0.085623 0.020647 0.432000 82 104 84
0.086539 0.020599 0.431000 82 104 84
0.087654 0.020599 0.431000 80 110 73
0.088562 0.020551 0.430000 81 111 74
0.089465 0.020503 0.429000 87 118 74
0.090575 0.020503 0.429000 84 115 71
0.091684 0.020503 0.429000 75 107 68
0.092793 0.020503 0.429000 75 107 68
0.094121 0.020551 0.430000 78 110 71
0.095455 0.020599 0.431000 85 117 78
0.096793 0.020647 0.432000 91 123 84
0.098137 0.020694 0.433000 96 128 89
0.099486 0.020742 0.434000 99 126 97
-0.190067 0.021614 0.429000 151 158 152
-0.189398 0.021664 0.430000 156 163 157
-0.155680 0.021614 0.429000 128 129 123
-0.154571 0.021614 0.429000 136 137 133
-0.153462 0.021614 0.429000 144 145 141
-0.152352 0.021614 0.429000 144 147 146
-0.151243 0.021614 0.429000 143 146 145
-0.150134 0.021614 0.429000 141 144 143
-0.072799 0.020455 0.406000 56 60 53
-0.071749 0.020455 0.406000 43 47 40
-0.070699 0.020455 0.406000 43 51 48
-0.069650 0.020455 0.406000 43 51 48
-0.068600 0.020455 0.406000 40 51 47
-0.067716 0.020506 0.407000 39 50 46
-0.066828 0.020556 0.408000 41 52 48
-0.066095 0.020657 0.410000 40 51 47
-0.065035 0.020657 0.410000 38 51 46
-0.064287 0.020757 0.412000 36 49 44
0.001860 0.021916 0.435000 131 136 126
0.002985 0.021916 0.435000 119 126 120
0.004100 0.021866 0.434000 96 103 97
0.005222 0.021866 0.434000 64 72 73
0.006344 0.021866 0.434000 38 46 47
0.007466 0.021866 0.434000 29 39 44
0.008589 0.021866 0.434000 31 41 46
0.009711 0.021866 0.434000 36 48 54
0.010833 0.021866 0.434000 37 49 55
0.011955 0.021866 0.434000 36 48 54
0.013077 0.021866 0.434000 36 48 54
0.014200 0.021866 0.434000 34 48 50
0.015322 0.021866 0.434000 34 48 50
0.016444 0.021866 0.434000 38 50 52
0.017566 0.021866 0.434000 36 48 50
0.018688 0.021866 0.434000 34 44 47
0.019810 0.021866 0.434000 38 48 51
0.020933 0.021866 0.434000 57 65 64
0.022055 0.021866 0.434000 90 98 97
0.080594 0.021916 0.435000 100 108 97
0.081531 0.021866 0.434000 92 106 95
0.082653 0.021866 0.434000 90 104 93
0.083389 0.021765 0.432000 88 104 93
0.084310 0.021715 0.431000 87 103 92
0.085425 0.021715 0.431000 81 107 83
0.086338 0.021664 0.430000 81 107 83
0.087450 0.021664 0.430000 80 110 71
0.088356 0.021614 0.429000 82 112 73
0.089465 0.021614 0.429000 86 117 73
0.090575 0.021614 0.429000 81 112 68
0.091684 0.021614 0.429000 75 107 68
0.092793 0.021614 0.429000 75 107 68
0.094121 0.021664 0.430000 80 115 75
0.095233 0.021664 0.430000 87 122 82
0.096793 0.021765 0.432000 94 126 87
0.098137 0.021815 0.433000 94 126 87
0.099486 0.021866 0.434000 104 130 104
-0.190067 0.022725 0.429000 148 155 149
-0.188958 0.022725 0.429000 154 161 155
-0.187849 0.022725 0.429000 155 161 159
-0.154571 0.022725 0.429000 126 127 121
-0.153462 0.022725 0.429000 131 132 126
-0.152352 0.022725 0.429000 139 139 139
-0.151243 0.022725 0.429000 144 144 144
-0.150134 0.022725 0.429000 144 147 148
-0.149025 0.022725 0.429000 145 148 149
-0.147915 0.022725 0.429000 144 147 146
-0.146806 0.022725 0.429000 140 143 142
-0.070699 0.021506 0.406000 45 49 44
-0.069650 0.021506 0.406000 49 53 48
-0.068769 0.021559 0.407000 42 51 44
-0.067716 0.021559 0.407000 41 50 43
-0.066992 0.021665 0.409000 41 52 48
-0.066095 0.021718 0.410000 41 52 48
-0.065194 0.021771 0.411000 40 53 48
-0.064443 0.021877 0.413000 39 52 47
-0.062458 0.021930 0.414000 42 57 54
-0.061536 0.021983 0.415000 81 92 92
-0.060463 0.021983 0.415000 119 130 130
-0.001511 0.022990 0.434000 131 138 130
-0.000389 0.022990 0.434000 127 134 126
0.000733 0.022990 0.434000 104 110 110
0.001856 0.022990 0.434000 70 76 76
0.002978 0.022990 0.434000 44 50 52
0.004100 0.022990 0.434000 34 40 42
0.005222 0.022990 0.434000 29 39 42
0.006344 0.022990 0.434000 32 42 45
0.007466 0.022990 0.434000 32 44 46
0.008589 0.022990 0.434000 35 47 49
0.009711 0.022990 0.434000 36 48 52
0.010833 0.022990 0.434000 37 49 53
0.011955 0.022990 0.434000 36 48 50
0.013077 0.022990 0.434000 35 47 49
0.014200 0.022990 0.434000 35 48 47
0.015322 0.022990 0.434000 32 45 44
0.016444 0.022990 0.434000 33 43 46
0.017566 0.022990 0.434000 37 47 50
0.018688 0.022990 0.434000 67 75 74
0.019810 0.022990 0.434000 99 107 106
0.080408 0.022990 0.434000 93 101 90
0.081531 0.022990 0.434000 90 104 93
0.082272 0.022884 0.432000 90 104 93
0.083196 0.022831 0.431000 91 107 96
0.084115 0.022778 0.430000 87 103 92
0.085227 0.022778 0.430000 81 107 83
0.086338 0.022778 0.430000 81 107 83
0.087247 0.022725 0.429000 79 109 70
0.088356 0.022725 0.429000 81 111 72
0.089465 0.022725 0.429000 82 115 71
0.090575 0.022725 0.429000 77 110 66
0.091684 0.022725 0.429000 72 105 63
0.092793 0.022725 0.429000 75 108 66
0.093902 0.022725 0.429000 81 117 74
0.095233 0.022778 0.430000 89 125 82
0.096793 0.022884 0.432000 94 129 89
0.098137 0.022937 0.433000 90 125 85
0.099486 0.022990 0.434000 112 135 110
-0.188517 0.023780 0.428000 153 157 152
-0.187849 0.023835 0.429000 158 162 157
-0.153104 0.023780 0.428000 119 120 114
-0.151997 0.023780 0.428000 124 124 124
-0.150891 0.023780 0.428000 136 136 136
-0.149784 0.023780 0.428000 144 144 146
-0.149025 0.023835 0.429000 149 149 151
-0.147915 0.023835 0.429000 143 146 145
-0.146806 0.023835 0.429000 144 147 146
-0.145697 0.023835 0.429000 140 147 141
-0.069821 0.022613 0.407000 54 55 46
-0.068938 0.022669 0.408000 37 43 41
-0.067883 0.022669 0.408000 44 50 48
-0.066992 0.022724 0.409000 43 54 50
-0.066095 0.022780 0.410000 39 50 46
-0.065194 0.022835 0.411000 40 53 48
-0.064287 0.022891 0.412000 40 53 48
-0.063375 0.022947 0.413000 38 53 50
-0.061388 0.023002 0.414000 35 50 49
-0.060463 0.023058 0.415000 40 55 54
-0.059390 0.023058 0.415000 62 72 75
-0.058457 0.023113 0.416000 80 90 93
-0.057520 0.023169 0.417000 105 113 112
-0.004878 0.024113 0.434000 137 142 132
-0.003755 0.024113 0.434000 127 131 126
-0.002633 0.024113 0.434000 106 110 105
-0.001511 0.024113 0.434000 75 81 79
-0.000389 0.024113 0.434000 53 59 57
0.000733 0.024113 0.434000 33 43 46
0.001851 0.024058 0.433000 29 39 42
0.002971 0.024058 0.433000 32 42 45
0.004090 0.024058 0.433000 38 48 51
0.005210 0.024058 0.433000 37 50 49
0.006330 0.024058 0.433000 36 49 48
0.007449 0.024058 0.433000 35 48 47
0.008589 0.024113 0.434000 37 50 49
0.009711 0.024113 0.434000 38 50 52
0.010833 0.024113 0.434000 38 50 52
0.011955 0.024113 0.434000 34 48 50
0.013077 0.024113 0.434000 28 42 44
0.014200 0.024113 0.434000 30 41 41
0.015322 0.024113 0.434000 44 55 55
0.016444 0.024113 0.434000 72 80 79
0.017566 0.024113 0.434000 103 111 110
0.080408 0.024113 0.434000 94 101 93
0.081155 0.024002 0.432000 92 106 97
0.082081 0.023947 0.431000 93 107 98
0.083003 0.023891 0.430000 91 107 96
0.084115 0.023891 0.430000 88 104 93
0.085227 0.023891 0.430000 80 106 80
0.086138 0.023835 0.429000 81 107 81
0.087247 0.023835 0.429000 77 109 70
0.088356 0.023835 0.429000 80 112 73
0.089465 0.023835 0.429000 82 115 69
0.090364 0.023780 0.428000 71 104 58
0.091684 0.023835 0.429000 75 108 66
0.092793 0.023835 0.429000 78 111 69
0.093902 0.023835 0.429000 81 117 74
0.095233 0.023891 0.430000 94 130 87
0.096569 0.023947 0.431000 94 129 89
0.098137 0.024058 0.433000 90 125 85
0.099486 0.024113 0.434000 124 147 124
-0.188077 0.024830 0.427000 149 153 146
-0.186973 0.024830 0.427000 158 159 155
-0.186304 0.024888 0.428000 158 159 155
-0.150891 0.024888 0.428000 115 116 112
-0.149784 0.024888 0.428000 124 123 123
-0.148677 0.024888 0.428000 138 137 137
-0.147571 0.024888 0.428000 138 138 138
-0.146464 0.024888 0.428000 143 143 143
-0.145697 0.024946 0.429000 145 148 147
-0.144588 0.024946 0.429000 144 147 146
-0.143478 0.024946 0.429000 139 146 140
-0.068049 0.023783 0.409000 48 52 45
-0.067155 0.023841 0.410000 40 48 45
-0.066095 0.023841 0.410000 40 48 45
-0.065194 0.023900 0.411000 38 53 48
-0.064131 0.023900 0.411000 38 53 48
-0.063222 0.023958 0.412000 36 54 48
-0.061388 0.024074 0.414000 39 57 53
-0.060463 0.024132 0.415000 40 58 54
-0.059390 0.024132 0.415000 36 51 50
-0.058457 0.024190 0.416000 40 55 54
-0.057520 0.024248 0.417000 64 75 73
-0.056577 0.024307 0.418000 87 98 96
-0.055496 0.024307 0.418000 111 122 118
-0.008244 0.025237 0.434000 135 137 128
-0.007122 0.025237 0.434000 122 124 115
-0.006000 0.025237 0.434000 100 104 99
-0.004878 0.025237 0.434000 78 82 77
-0.003755 0.025237 0.434000 43 51 50
-0.002627 0.025179 0.433000 35 43 42
-0.001508 0.025179 0.433000 33 44 44
-0.000388 0.025179 0.433000 34 45 45
0.000730 0.025121 0.432000 34 49 48
0.001847 0.025121 0.432000 33 48 47
0.002964 0.025121 0.432000 31 46 45
0.004081 0.025121 0.432000 35 50 49
0.005198 0.025121 0.432000 34 49 48
0.006330 0.025179 0.433000 35 50 49
0.007449 0.025179 0.433000 37 50 49
0.008569 0.025179 0.433000 37 50 49
0.009711 0.025237 0.434000 33 46 45
0.010833 0.025237 0.434000 31 44 43
0.011955 0.025237 0.434000 36 49 48
0.013077 0.025237 0.434000 51 64 63
0.014200 0.025237 0.434000 86 94 93
0.015322 0.025237 0.434000 112 120 119
0.080408 0.025237 0.434000 92 101 94
0.081155 0.025121 0.432000 96 107 103
0.082081 0.025063 0.431000 95 106 102
0.083003 0.025004 0.430000 92 108 97
0.083919 0.024946 0.429000 90 106 95
0.085028 0.024946 0.429000 82 109 80
0.086138 0.024946 0.429000 81 108 79
0.087247 0.024946 0.429000 78 111 69
0.088150 0.024888 0.428000 83 116 74
0.089257 0.024888 0.428000 80 113 67
0.090364 0.024888 0.428000 69 102 56
0.091470 0.024888 0.428000 77 110 66
0.092793 0.024946 0.429000 84 117 73
0.093902 0.024946 0.429000 89 122 78
0.095233 0.025004 0.430000 96 129 85
0.096345 0.025004 0.430000 94 129 89
0.097910 0.025121 0.432000 95 130 90
-0.185869 0.025936 0.427000 160 161 157
-0.148330 0.025936 0.427000 112 113 109
-0.147571 0.025996 0.428000 117 117 117
-0.146464 0.025996 0.428000 131 131 131
-0.145357 0.025996 0.428000 139 139 139
-0.144251 0.025996 0.428000 143 143 143
-0.143144 0.025996 0.428000 144 145 141
-0.142037 0.025996 0.428000 145 146 142
-0.067319 0.024964 0.411000 50 59 52
-0.066257 0.024964 0.411000 41 50 43
-0.065194 0.024964 0.411000 36 52 43
-0.064131 0.024964 0.411000 36 52 43
-0.063375 0.025085 0.413000 34 52 46
-0.061388 0.025146 0.414000 34 52 46
-0.060463 0.025207 0.415000 36 54 48
-0.059390 0.025207 0.415000 42 57 52
-0.058317 0.025207 0.415000 42 57 52
-0.057382 0.025267 0.416000 42 55 52
-0.056441 0.025328 0.417000 39 52 49
-0.055496 0.025389 0.418000 51 64 63
-0.054545 0.025450 0.419000 76 89 88
-0.053462 0.025450 0.419000 110 121 117
-0.052504 0.025510 0.420000 121 132 128
-0.012733 0.026361 0.434000 135 140 128
-0.011611 0.026361 0.434000 128 133 121
-0.010489 0.026361 0.434000 111 118 110
-0.009366 0.026361 0.434000 84 91 83
-0.008244 0.026361 0.434000 58 64 64
-0.007122 0.026361 0.434000 44 50 50
-0.005986 0.026300 0.433000 34 42 43
-0.004866 0.026300 0.433000 33 41 42
-0.003747 0.026300 0.433000 36 47 45
-0.002621 0.026239 0.432000 36 47 45
-0.001504 0.026239 0.432000 36 49 46
-0.000387 0.026239 0.432000 36 49 46
0.000730 0.026239 0.432000 32 50 46
0.001847 0.026239 0.432000 33 51 47
0.002964 0.026239 0.432000 32 50 46
0.004081 0.026239 0.432000 28 46 42
0.005198 0.026239 0.432000 27 45 41
0.006315 0.026239 0.432000 27 45 41
0.007449 0.026300 0.433000 24 39 36
0.008569 0.026300 0.433000 26 41 38
0.009711 0.026361 0.434000 40 53 50
0.010833 0.026361 0.434000 59 72 69
0.011955 0.026361 0.434000 90 102 94
0.079286 0.026361 0.434000 130 139 132
0.080408 0.026361 0.434000 92 101 94
0.080967 0.026179 0.431000 96 107 103
0.081891 0.026118 0.430000 97 108 104
0.082810 0.026057 0.429000 92 109 95
0.083919 0.026057 0.429000 90 107 93
0.085028 0.026057 0.429000 83 110 81
0.086138 0.026057 0.429000 85 112 83
0.087043 0.025996 0.428000 82 114 75
0.088150 0.025996 0.428000 84 116 77
0.089048 0.025936 0.427000 71 104 60
0.090152 0.025936 0.427000 65 98 54
0.091256 0.025936 0.427000 76 109 63
0.092577 0.025996 0.428000 84 117 71
0.093902 0.026057 0.429000 88 124 77
0.095012 0.026057 0.429000 92 128 81
0.096345 0.026118 0.430000 92 127 89
0.097910 0.026239 0.432000 99 134 96
-0.186535 0.026978 0.426000 150 154 149
-0.184765 0.027041 0.427000 155 159 154
-0.145018 0.027041 0.427000 123 123 119
-0.143914 0.027041 0.427000 127 127 123
-0.143144 0.027105 0.428000 133 133 129
-0.142037 0.027105 0.428000 139 139 135
-0.140931 0.027105 0.428000 144 145 141
-0.139824 0.027105 0.428000 145 146 142
-0.138717 0.027105 0.428000 145 149 144
-0.137611 0.027105 0.428000 144 148 143
-0.136504 0.027105 0.428000 147 151 146
-0.065352 0.026091 0.412000 41 53 43
-0.064287 0.026091 0.412000 43 55 45
-0.063375 0.026155 0.413000 37 53 44
-0.061388 0.026218 0.414000 32 51 41
-0.060463 0.026281 0.415000 34 53 43
-0.059390 0.026281 0.415000 36 54 48
-0.058457 0.026345 0.416000 40 58 52
-0.057382 0.026345 0.416000 46 59 54
-0.056441 0.026408 0.417000 49 62 57
-0.055496 0.026471 0.418000 45 58 55
-0.054415 0.026471 0.418000 44 57 54
-0.053462 0.026535 0.419000 45 58 57
-0.052504 0.026598 0.420000 59 72 71
-0.051418 0.026598 0.420000 94 105 103
-0.018302 0.027421 0.433000 138 143 131
-0.017182 0.027421 0.433000 131 139 128
-0.016062 0.027421 0.433000 126 134 123
-0.013855 0.027484 0.434000 87 94 86
-0.012704 0.027421 0.433000 60 67 61
-0.010464 0.027421 0.433000 31 42 38
-0.009345 0.027421 0.433000 30 41 37
-0.008225 0.027421 0.433000 34 45 43
-0.007106 0.027421 0.433000 34 45 43
-0.005986 0.027421 0.433000 36 47 47
-0.004855 0.027358 0.432000 37 48 48
-0.003738 0.027358 0.432000 36 47 45
-0.002621 0.027358 0.432000 37 48 46
-0.001504 0.027358 0.432000 37 50 47
-0.000387 0.027358 0.432000 39 52 49
0.000728 0.027294 0.431000 37 52 49
0.001843 0.027294 0.431000 36 51 48
0.002964 0.027358 0.432000 34 49 46
0.004081 0.027358 0.432000 26 41 38
0.005198 0.027358 0.432000 26 39 36
0.006315 0.027358 0.432000 36 49 46
0.007449 0.027421 0.433000 51 62 58
0.008569 0.027421 0.433000 79 90 86
0.079286 0.027484 0.434000 120 128 125
0.080408 0.027484 0.434000 93 101 98
0.080967 0.027294 0.431000 98 110 102
0.081891 0.027231 0.430000 96 108 100
0.082810 0.027168 0.429000 93 108 92
0.083919 0.027168 0.429000 92 107 91
0.085028 0.027168 0.429000 85 109 81
0.085937 0.027105 0.428000 88 112 84
0.086840 0.027041 0.427000 82 112 75
0.087944 0.027041 0.427000 88 118 81
0.089048 0.027041 0.427000 59 92 48
0.089941 0.026978 0.426000 64 97 53
0.091256 0.027041 0.427000 82 116 67
0.092577 0.027105 0.428000 85 119 70
0.093902 0.027168 0.429000 90 127 77
0.095012 0.027168 0.429000 94 131 81
0.096345 0.027231 0.430000 92 123 89
0.097683 0.027294 0.431000 108 139 105
-0.186097 0.028015 0.425000 150 154 149
-0.185434 0.028081 0.426000 158 162 157
-0.184765 0.028147 0.427000 158 162 157
-0.139497 0.028147 0.427000 130 131 125
-0.138717 0.028213 0.428000 133 137 130
-0.137611 0.028213 0.428000 140 144 137
-0.136185 0.028147 0.427000 142 146 139
-0.135397 0.028213 0.428000 144 148 141
-0.134291 0.028213 0.428000 145 149 142
-0.133184 0.028213 0.428000 147 151 144
-0.132077 0.028213 0.428000 148 152 145
-0.130971 0.028213 0.428000 147 151 144
-0.129561 0.028147 0.427000 143 150 142
-0.128456 0.028147 0.427000 142 149 141
-0.127352 0.028147 0.427000 143 150 142
-0.126248 0.028147 0.427000 145 152 144
-0.125144 0.028147 0.427000 143 150 142
-0.124040 0.028147 0.427000 142 149 141
-0.122648 0.028081 0.426000 143 151 140
-0.121547 0.028081 0.426000 143 151 140
-0.120445 0.028081 0.426000 143 151 140
-0.119344 0.028081 0.426000 146 154 143
-0.118242 0.028081 0.426000 147 155 144
-0.117141 0.028081 0.426000 148 156 145
-0.116312 0.028147 0.427000 147 155 144
-0.115207 0.028147 0.427000 148 156 145
-0.063529 0.027290 0.414000 45 60 46
-0.062609 0.027356 0.415000 36 51 37
-0.061536 0.027356 0.415000 35 51 40
-0.060463 0.027356 0.415000 37 53 42
-0.059390 0.027356 0.415000 35 51 42
-0.058457 0.027422 0.416000 37 53 44
-0.057382 0.027422 0.416000 44 57 52
-0.056441 0.027488 0.417000 49 62 57
-0.055496 0.027554 0.418000 51 64 61
-0.054415 0.027554 0.418000 50 63 60
-0.053462 0.027619 0.419000 47 60 59
-0.052504 0.027685 0.420000 42 55 54
-0.051418 0.027685 0.420000 39 49 52
-0.050571 0.027817 0.422000 44 54 57
-0.048618 0.027949 0.424000 99 107 104
-0.047522 0.027949 0.424000 119 128 121
-0.046535 0.028015 0.425000 127 136 129
-0.045650 0.028147 0.427000 132 141 134
-0.044650 0.028213 0.428000 133 142 135
-0.023844 0.028476 0.432000 132 144 136
-0.022727 0.028476 0.432000 130 142 134
-0.021610 0.028476 0.432000 127 134 128
-0.020493 0.028476 0.432000 118 125 119
-0.019376 0.028476 0.432000 105 109 104
-0.018259 0.028476 0.432000 82 86 81
-0.017142 0.028476 0.432000 53 60 54
-0.016025 0.028476 0.432000 39 46 40
-0.014908 0.028476 0.432000 34 42 39
-0.013823 0.028542 0.433000 34 42 39
-0.012704 0.028542 0.433000 33 44 42
-0.011584 0.028542 0.433000 32 43 41
-0.010440 0.028476 0.432000 36 47 45
-0.009345 0.028542 0.433000 36 47 45
-0.008225 0.028542 0.433000 36 47 45
-0.007089 0.028476 0.432000 37 48 46
-0.005972 0.028476 0.432000 38 49 47
-0.004855 0.028476 0.432000 37 48 46
-0.003738 0.028476 0.432000 37 48 46
-0.002615 0.028410 0.431000 38 49 47
-0.001501 0.028410 0.431000 39 50 46
-0.000386 0.028410 0.431000 39 50 46
0.000728 0.028410 0.431000 35 48 43
0.001843 0.028410 0.431000 30 43 38
0.002957 0.028410 0.431000 32 45 42
0.004081 0.028476 0.432000 42 55 52
0.005198 0.028476 0.432000 64 75 71
0.006315 0.028476 0.432000 94 105 101
0.079286 0.028608 0.434000 108 119 117
0.080038 0.028476 0.432000 100 111 109
0.080967 0.028410 0.431000 97 110 105
0.081891 0.028345 0.430000 96 109 104
0.082810 0.028279 0.429000 96 111 95
0.083919 0.028279 0.429000 97 112 96
0.084830 0.028213 0.428000 94 113 87
0.085736 0.028147 0.427000 90 109 83
0.086840 0.028147 0.427000 86 113 82
0.087738 0.028081 0.426000 88 115 84
0.088840 0.028081 0.426000 52 83 41
0.089941 0.028081 0.426000 73 104 62
0.091256 0.028147 0.427000 84 118 69
0.092577 0.028213 0.428000 86 120 71
0.093902 0.028279 0.429000 94 130 83
0.095012 0.028279 0.429000 96 132 85
0.096345 0.028345 0.430000 95 124 92
-0.185659 0.029047 0.424000 150 154 149
-0.184563 0.029047 0.424000 153 157 152
-0.183467 0.029047 0.424000 158 162 157
-0.135081 0.029252 0.427000 129 133 126
-0.133977 0.029252 0.427000 132 133 127
-0.132873 0.029252 0.427000 138 139 133
-0.131769 0.029252 0.427000 143 144 138
-0.130665 0.029252 0.427000 146 147 141
-0.129561 0.029252 0.427000 145 149 142
-0.128456 0.029252 0.427000 145 149 142
-0.127054 0.029184 0.426000 145 152 144
-0.125953 0.029184 0.426000 146 153 145
-0.124851 0.029184 0.426000 143 150 142
-0.123750 0.029184 0.426000 145 152 144
-0.122360 0.029115 0.425000 145 153 142
-0.121261 0.029115 0.425000 150 158 147
-0.120162 0.029115 0.425000 151 156 144
-0.119063 0.029115 0.425000 147 152 140
-0.117965 0.029115 0.425000 143 151 140
-0.117141 0.029184 0.426000 142 150 139
-0.116039 0.029184 0.426000 139 147 136
-0.115207 0.029252 0.427000 136 144 133
-0.061684 0.028499 0.416000 41 58 44
-0.060609 0.028499 0.416000 37 54 40
-0.059533 0.028499 0.416000 36 55 43
-0.058457 0.028499 0.416000 36 55 43
-0.057520 0.028567 0.417000 37 53 44
-0.056577 0.028636 0.418000 37 53 44
-0.055496 0.028636 0.418000 42 55 50
-0.054545 0.028704 0.419000 45 58 53
-0.053462 0.028704 0.419000 49 62 61
-0.052504 0.028773 0.420000 51 64 63
-0.051540 0.028841 0.421000 51 63 65
-0.050571 0.028910 0.422000 46 58 60
-0.048618 0.029047 0.424000 38 51 48
-0.047522 0.029047 0.424000 40 53 50
-0.046535 0.029115 0.425000 45 58 55
-0.045543 0.029184 0.426000 58 69 67
-0.044546 0.029252 0.427000 75 86 84
-0.043544 0.029321 0.428000 96 105 98
-0.042536 0.029389 0.429000 112 121 114
-0.041427 0.029389 0.429000 126 127 123
-0.040318 0.029389 0.429000 132 133 129
-0.039208 0.029389 0.429000 136 137 133
-0.038099 0.029389 0.429000 137 138 134
-0.036990 0.029389 0.429000 137 138 132
-0.035964 0.029458 0.430000 136 137 131
-0.034852 0.029458 0.430000 135 136 130
-0.033741 0.029458 0.430000 135 136 130
-0.032629 0.029458 0.430000 133 135 126
-0.031517 0.029458 0.430000 131 133 124
-0.030476 0.029526 0.431000 130 131 122
-0.029361 0.029526 0.431000 123 124 115
-0.028247 0.029526 0.431000 115 116 110
-0.027069 0.029458 0.430000 103 104 98
-0.025958 0.029458 0.430000 83 89 87
-0.024846 0.029458 0.430000 67 73 71
-0.023734 0.029458 0.430000 52 63 59
-0.022622 0.029458 0.430000 43 54 50
-0.021510 0.029458 0.430000 37 48 44
-0.020398 0.029458 0.430000 34 45 41
-0.019287 0.029458 0.430000 35 41 41
-0.018217 0.029526 0.431000 35 41 41
-0.017103 0.029526 0.431000 38 49 47
-0.015988 0.029526 0.431000 39 50 48
-0.014908 0.029595 0.432000 37 48 46
-0.013791 0.029595 0.432000 37 48 46
-0.012674 0.029595 0.432000 37 50 47
-0.011557 0.029595 0.432000 35 48 45
-0.010440 0.029595 0.432000 31 46 45
-0.009323 0.029595 0.432000 33 48 47
-0.008206 0.029595 0.432000 36 49 48
-0.007089 0.029595 0.432000 36 49 48
-0.005972 0.029595 0.432000 36 49 46
-0.004855 0.029595 0.432000 37 50 47
-0.003738 0.029595 0.432000 38 51 48
-0.002615 0.029526 0.431000 36 49 46
-0.001501 0.029526 0.431000 33 45 37
-0.000386 0.029526 0.431000 36 48 40
0.000730 0.029595 0.432000 48 59 55
0.001843 0.029526 0.431000 74 85 81
0.079286 0.029732 0.434000 101 112 110
0.080038 0.029595 0.432000 101 112 110
0.080779 0.029458 0.430000 99 112 107
0.081701 0.029389 0.429000 97 110 105
0.082810 0.029389 0.429000 99 113 102
0.083723 0.029321 0.428000 106 120 109
0.084632 0.029252 0.427000 120 136 115
0.085736 0.029252 0.427000 118 134 113
0.086637 0.029184 0.426000 112 135 110
0.087532 0.029115 0.425000 98 121 96
0.088631 0.029115 0.425000 57 87 50
0.091043 0.029184 0.426000 83 120 70
0.092577 0.029321 0.428000 88 125 75
0.093902 0.029389 0.429000 92 128 83
0.095012 0.029389 0.429000 94 130 85
0.096345 0.029458 0.430000 101 127 101
-0.130665 0.030358 0.427000 125 126 120
-0.129561 0.030358 0.427000 129 130 124
-0.128156 0.030287 0.426000 131 132 126
-0.127054 0.030287 0.426000 136 138 129
-0.125953 0.030287 0.426000 135 137 128
-0.124558 0.030216 0.425000 135 137 128
-0.123459 0.030216 0.425000 137 139 130
-0.122360 0.030216 0.425000 135 137 126
-0.121261 0.030216 0.425000 135 137 126
-0.120162 0.030216 0.425000 131 133 122
-0.119063 0.030216 0.425000 135 137 126
-0.117965 0.030216 0.425000 135 137 128
-0.117141 0.030287 0.426000 131 133 124
-0.060900 0.029718 0.418000 58 75 57
-0.059819 0.029718 0.418000 46 66 51
-0.058738 0.029718 0.418000 40 60 45
-0.057796 0.029789 0.419000 37 53 42
-0.056712 0.029789 0.419000 36 52 41
-0.055629 0.029789 0.419000 37 51 42
-0.054545 0.029789 0.419000 39 53 44
-0.053462 0.029789 0.419000 40 53 50
-0.052504 0.029860 0.420000 43 56 53
-0.051540 0.029931 0.421000 44 59 58
-0.050571 0.030002 0.422000 45 60 59
-0.048504 0.030074 0.423000 42 60 58
-0.047522 0.030145 0.424000 42 60 58
-0.046535 0.030216 0.425000 39 57 55
-0.045436 0.030216 0.425000 38 53 50
-0.044442 0.030287 0.426000 37 52 49
-0.043442 0.030358 0.427000 39 52 47
-0.042437 0.030429 0.428000 38 51 46
-0.041330 0.030429 0.428000 41 47 45
-0.040318 0.030500 0.429000 41 47 45
-0.039208 0.030500 0.429000 48 52 47
-0.038099 0.030500 0.429000 51 55 50
-0.036990 0.030500 0.429000 51 55 50
-0.035881 0.030500 0.429000 46 50 45
-0.034771 0.030500 0.429000 51 55 50
-0.033662 0.030500 0.429000 50 54 49
-0.032629 0.030571 0.430000 46 50 45
-0.031517 0.030571 0.430000 43 47 42
-0.030405 0.030571 0.430000 39 43 38
-0.029293 0.030571 0.430000 39 43 38
-0.028181 0.030571 0.430000 39 42 41
-0.027069 0.030571 0.430000 37 40 39
-0.025958 0.030571 0.430000 33 44 42
-0.024846 0.030571 0.430000 34 45 43
-0.023734 0.030571 0.430000 33 46 43
-0.022622 0.030571 0.430000 35 48 45
-0.021510 0.030571 0.430000 36 49 46
-0.020398 0.030571 0.430000 38 51 48
-0.019287 0.030571 0.430000 37 50 47
-0.018175 0.030571 0.430000 37 50 47
-0.017063 0.030571 0.430000 36 49 48
-0.015951 0.030571 0.430000 35 48 47
-0.014874 0.030642 0.431000 34 49 48
-0.013759 0.030642 0.431000 34 49 48
-0.012645 0.030642 0.431000 37 52 51
-0.011557 0.030713 0.432000 37 52 51
-0.010416 0.030642 0.431000 35 49 51
-0.009302 0.030642 0.431000 34 48 50
-0.008206 0.030713 0.432000 33 48 47
-0.007089 0.030713 0.432000 31 46 45
-0.005972 0.030713 0.432000 33 46 43
-0.004855 0.030713 0.432000 32 45 42
-0.003738 0.030713 0.432000 36 47 43
-0.002615 0.030642 0.431000 46 57 53
-0.001501 0.030642 0.431000 64 76 68
0.078921 0.030713 0.432000 95 106 104
0.081701 0.030500 0.429000 100 113 110
0.082810 0.030500 0.429000 100 114 103
0.083723 0.030429 0.428000 109 123 112
0.084632 0.030358 0.427000 123 138 120
0.085334 0.030216 0.425000 120 135 117
0.086433 0.030216 0.425000 120 143 118
0.087532 0.030216 0.425000 90 113 88
0.088631 0.030216 0.425000 73 103 64
0.091043 0.030287 0.426000 85 121 74
0.092361 0.030358 0.427000 90 126 79
0.093902 0.030500 0.429000 91 127 84
0.095012 0.030500 0.429000 89 125 82
0.096345 0.030571 0.430000 121 142 120
-0.057796 0.030874 0.419000 38 58 41
-0.056712 0.030874 0.419000 35 55 38
-0.055629 0.030874 0.419000 36 53 39
-0.054676 0.030948 0.420000 40 57 43
-0.053590 0.030948 0.420000 39 52 47
-0.052629 0.031021 0.421000 38 51 46
-0.051540 0.031021 0.421000 38 53 52
-0.050571 0.031095 0.422000 40 55 54
-0.048504 0.031169 0.423000 40 58 56
-0.047522 0.031243 0.424000 42 60 56
-0.046426 0.031243 0.424000 45 63 59
-0.045436 0.031316 0.425000 52 70 66
-0.044337 0.031316 0.425000 57 75 71
-0.043340 0.031390 0.426000 56 74 68
-0.042338 0.031464 0.427000 46 64 58
-0.041234 0.031464 0.427000 41 56 51
-0.040130 0.031464 0.427000 40 55 50
-0.039117 0.031537 0.428000 42 55 50
-0.038010 0.031537 0.428000 42 55 50
-0.036990 0.031611 0.429000 40 53 48
-0.035881 0.031611 0.429000 39 52 47
-0.034771 0.031611 0.429000 38 52 43
-0.033662 0.031611 0.429000 36 50 41
-0.032553 0.031611 0.429000 37 51 42
-0.031444 0.031611 0.429000 39 53 44
-0.030334 0.031611 0.429000 40 52 44
-0.029225 0.031611 0.429000 40 52 44
-0.028116 0.031611 0.429000 40 51 47
-0.027007 0.031611 0.429000 39 50 46
-0.025897 0.031611 0.429000 38 49 45
-0.024788 0.031611 0.429000 38 49 45
-0.023679 0.031611 0.429000 38 49 45
-0.022570 0.031611 0.429000 38 49 45
-0.021460 0.031611 0.429000 37 50 45
-0.020351 0.031611 0.429000 38 51 46
-0.019242 0.031611 0.429000 36 51 48
-0.018132 0.031611 0.429000 35 50 47
-0.017063 0.031685 0.430000 33 48 47
-0.015951 0.031685 0.430000 30 45 44
-0.014839 0.031685 0.430000 33 48 47
-0.013727 0.031685 0.430000 36 51 50
-0.012616 0.031685 0.430000 38 52 54
-0.011530 0.031758 0.431000 35 49 51
-0.010416 0.031758 0.431000 34 48 50
-0.009302 0.031758 0.431000 29 43 45
-0.008187 0.031758 0.431000 30 43 40
-0.007073 0.031758 0.431000 37 50 47
-0.005972 0.031832 0.432000 50 61 59
-0.004844 0.031758 0.431000 67 78 76
-0.003729 0.031758 0.431000 91 103 95
0.078921 0.031832 0.432000 98 109 105
0.081701 0.031611 0.429000 101 114 109
0.082617 0.031537 0.428000 102 116 105
0.083528 0.031464 0.427000 118 132 121
0.084236 0.031316 0.425000 123 138 120
0.085334 0.031316 0.425000 121 136 118
0.086433 0.031316 0.425000 109 132 107
0.087532 0.031316 0.425000 83 106 81
0.088631 0.031316 0.425000 82 113 71
0.091043 0.031390 0.426000 89 125 78
0.092361 0.031464 0.427000 92 128 81
0.093684 0.031537 0.428000 95 130 90
0.095012 0.031611 0.429000 95 130 90
-0.059020 0.032035 0.420000 67 90 67
-0.057934 0.032035 0.420000 54 77 54
-0.056848 0.032035 0.420000 49 72 49
-0.055762 0.032035 0.420000 47 64 46
-0.054676 0.032035 0.420000 40 57 39
-0.053717 0.032112 0.421000 38 54 43
-0.052629 0.032112 0.421000 36 52 41
-0.051662 0.032188 0.422000 35 50 45
-0.050571 0.032188 0.422000 35 50 45
-0.048504 0.032264 0.423000 36 51 48
-0.047522 0.032340 0.424000 41 56 53
-0.046426 0.032340 0.424000 41 56 53
-0.045329 0.032340 0.424000 38 53 48
-0.044337 0.032417 0.425000 45 60 55
-0.043238 0.032417 0.425000 52 70 64
-0.042140 0.032417 0.425000 57 75 69
-0.041137 0.032493 0.426000 55 73 67
-0.040036 0.032493 0.426000 43 61 55
-0.039026 0.032569 0.427000 40 59 49
-0.037921 0.032569 0.427000 40 59 49
-0.036817 0.032569 0.427000 41 57 48
-0.035797 0.032645 0.428000 40 56 47
-0.034690 0.032645 0.428000 38 54 45
-0.033584 0.032645 0.428000 38 54 45
-0.032477 0.032645 0.428000 36 52 43
-0.031444 0.032722 0.429000 37 53 44
-0.030334 0.032722 0.429000 38 52 43
-0.029225 0.032722 0.429000 39 53 44
-0.028116 0.032722 0.429000 38 52 43
-0.027007 0.032722 0.429000 38 52 43
-0.025897 0.032722 0.429000 36 49 44
-0.024788 0.032722 0.429000 38 51 46
-0.023679 0.032722 0.429000 38 51 46
-0.022570 0.032722 0.429000 38 51 46
-0.021460 0.032722 0.429000 40 53 48
-0.020351 0.032722 0.429000 38 51 46
-0.019242 0.032722 0.429000 37 52 49
-0.018132 0.032722 0.429000 36 51 48
-0.017023 0.032722 0.429000 36 51 50
-0.015951 0.032798 0.430000 34 49 48
-0.014839 0.032798 0.430000 31 44 43
-0.013727 0.032798 0.430000 33 46 45
-0.012616 0.032798 0.430000 35 47 49
-0.011504 0.032798 0.430000 35 47 49
-0.010416 0.032874 0.431000 44 57 54
-0.009302 0.032874 0.431000 59 72 69
-0.008187 0.032874 0.431000 82 93 89
0.077804 0.032951 0.432000 121 129 118
0.078738 0.032874 0.431000 97 110 105
0.079667 0.032798 0.430000 103 116 111
0.080591 0.032722 0.429000 100 115 110
0.081701 0.032722 0.429000 99 114 109
0.082424 0.032569 0.427000 106 120 109
0.083332 0.032493 0.426000 121 135 124
0.084236 0.032417 0.425000 119 136 120
0.085334 0.032417 0.425000 115 132 116
0.086230 0.032340 0.424000 84 108 80
0.087532 0.032417 0.425000 83 107 79
0.088631 0.032417 0.425000 86 117 73
0.091043 0.032493 0.426000 91 127 80
0.092361 0.032569 0.427000 92 128 81
0.093684 0.032645 0.428000 92 123 89
0.095012 0.032722 0.429000 112 143 109
-0.179572 0.032728 0.415000 160 163 162
-0.059301 0.033280 0.422000 79 100 76
-0.058209 0.033280 0.422000 71 94 69
-0.056983 0.033202 0.421000 64 87 62
-0.055894 0.033202 0.421000 56 77 53
-0.054806 0.033202 0.421000 43 64 40
-0.053845 0.033280 0.422000 36 57 35
-0.052754 0.033280 0.422000 36 57 35
-0.051662 0.033280 0.422000 38 58 41
-0.049597 0.033359 0.423000 38 52 43
-0.048504 0.033359 0.423000 37 51 42
-0.047522 0.033438 0.424000 38 51 46
-0.046426 0.033438 0.424000 37 50 45
-0.045329 0.033438 0.424000 37 50 45
-0.044233 0.033438 0.424000 37 50 45
-0.043238 0.033517 0.425000 34 49 44
-0.042140 0.033517 0.425000 37 52 47
-0.041041 0.033517 0.425000 37 52 47
-0.039942 0.033517 0.425000 38 53 48
-0.038934 0.033596 0.426000 38 53 48
-0.037833 0.033596 0.426000 37 52 47
-0.036817 0.033675 0.427000 35 50 45
-0.035713 0.033675 0.427000 35 50 45
-0.034609 0.033675 0.427000 35 50 45
-0.033584 0.033754 0.428000 35 50 45
-0.032477 0.033754 0.428000 34 49 44
-0.031370 0.033754 0.428000 34 49 44
-0.030264 0.033754 0.428000 35 50 45
-0.029157 0.033754 0.428000 35 50 45
-0.028050 0.033754 0.428000 35 50 47
-0.026944 0.033754 0.428000 36 51 48
-0.025837 0.033754 0.428000 37 50 47
-0.024730 0.033754 0.428000 39 52 49
-0.023624 0.033754 0.428000 38 51 46
-0.022570 0.033833 0.429000 39 52 47
-0.021460 0.033833 0.429000 37 50 45
-0.020351 0.033833 0.429000 32 45 40
-0.019242 0.033833 0.429000 33 46 41
-0.018132 0.033833 0.429000 33 46 41
-0.017023 0.033833 0.429000 33 46 43
-0.015914 0.033833 0.429000 40 53 50
-0.014839 0.033911 0.430000 53 61 62
-0.013727 0.033911 0.430000 62 70 71
0.077984 0.034148 0.433000 111 120 111
0.078556 0.033911 0.430000 101 115 106
0.079482 0.033833 0.429000 103 117 108
0.080591 0.033833 0.429000 100 115 110
0.081510 0.033754 0.428000 100 115 110
0.082424 0.033675 0.427000 109 125 114
0.083137 0.033517 0.425000 119 135 124
0.084236 0.033517 0.425000 116 133 117
0.085134 0.033438 0.424000 97 114 98
0.086230 0.033438 0.424000 80 107 74
0.087326 0.033438 0.424000 85 112 79
0.088631 0.033517 0.425000 86 119 75
0.089730 0.033517 0.425000 92 125 81
0.092361 0.033675 0.427000 92 128 83
0.093684 0.033754 0.428000 95 122 93
0.095012 0.033833 0.429000 129 156 127
-0.179140 0.033721 0.414000 158 161 162
-0.059582 0.034536 0.424000 87 103 80
-0.058347 0.034455 0.423000 83 107 79
-0.057254 0.034455 0.423000 76 100 72
-0.056027 0.034373 0.422000 71 98 67
-0.054936 0.034373 0.422000 64 91 60
-0.053845 0.034373 0.422000 60 87 58
-0.052754 0.034373 0.422000 47 74 45
-0.050691 0.034455 0.423000 60 83 58
-0.048618 0.034536 0.424000 40 57 41
-0.047522 0.034536 0.424000 40 54 45
-0.046426 0.034536 0.424000 38 52 43
-0.045329 0.034536 0.424000 36 50 41
-0.044233 0.034536 0.424000 36 50 41
-0.043137 0.034536 0.424000 36 50 41
-0.042140 0.034617 0.425000 37 51 42
-0.041041 0.034617 0.425000 36 50 41
-0.039942 0.034617 0.425000 38 52 43
-0.038843 0.034617 0.425000 34 49 44
-0.037833 0.034699 0.426000 34 49 44
-0.036817 0.034780 0.427000 33 48 43
-0.035713 0.034780 0.427000 33 48 43
-0.034609 0.034780 0.427000 34 49 44
-0.033505 0.034780 0.427000 35 50 45
-0.032477 0.034862 0.428000 39 52 47
-0.031370 0.034862 0.428000 38 51 46
-0.030264 0.034862 0.428000 38 51 48
-0.029157 0.034862 0.428000 37 50 47
-0.028050 0.034862 0.428000 37 50 47
-0.026944 0.034862 0.428000 36 49 46
-0.025837 0.034862 0.428000 32 43 39
-0.024730 0.034862 0.428000 33 44 40
-0.023624 0.034862 0.428000 34 45 41
-0.022517 0.034862 0.428000 38 49 45
-0.021410 0.034862 0.428000 43 54 50
-0.020351 0.034943 0.429000 52 63 59
-0.019242 0.034943 0.429000 54 65 61
0.077444 0.035025 0.430000 106 115 106
0.078373 0.034943 0.429000 104 118 109
0.079482 0.034943 0.429000 104 118 109
0.080216 0.034780 0.427000 104 118 109
0.081129 0.034699 0.426000 108 122 113
0.082038 0.034617 0.425000 114 131 117
0.082941 0.034536 0.424000 118 135 121
0.084037 0.034536 0.424000 109 129 110
0.085134 0.034536 0.424000 85 105 86
0.086230 0.034536 0.424000 80 111 77
0.087326 0.034536 0.424000 84 115 81
0.088631 0.034617 0.425000 87 123 78
0.091043 0.034699 0.426000 94 131 90
0.092361 0.034780 0.427000 93 130 89
0.093902 0.034943 0.429000 114 140 116
-0.178707 0.034709 0.413000 156 162 162
-0.059582 0.035634 0.424000 92 103 82
-0.058485 0.035634 0.424000 83 105 78
-0.057389 0.035634 0.424000 81 103 76
-0.056160 0.035550 0.423000 73 102 68
-0.055066 0.035550 0.423000 74 103 69
-0.053972 0.035550 0.423000 71 100 66
-0.052879 0.035550 0.423000 60 89 55
-0.051785 0.035550 0.423000 61 88 57
-0.050691 0.035550 0.423000 64 91 60
-0.049597 0.035550 0.423000 74 95 71
-0.048618 0.035634 0.424000 74 95 71
-0.044233 0.035634 0.424000 57 71 60
-0.043137 0.035634 0.424000 56 70 61
-0.042140 0.035718 0.425000 50 64 55
-0.041041 0.035718 0.425000 44 58 49
-0.039942 0.035718 0.425000 43 57 48
-0.038843 0.035718 0.425000 35 50 45
-0.037833 0.035802 0.426000 40 55 50
-0.036731 0.035802 0.426000 37 52 47
-0.035713 0.035886 0.427000 33 48 43
-0.034609 0.035886 0.427000 31 46 41
-0.033584 0.035970 0.428000 36 51 46
-0.032477 0.035970 0.428000 37 50 45
-0.031370 0.035970 0.428000 40 53 48
-0.030264 0.035970 0.428000 41 52 48
-0.029157 0.035970 0.428000 46 57 53
-0.028050 0.035970 0.428000 48 59 55
-0.026944 0.035970 0.428000 58 69 65
-0.025837 0.035970 0.428000 64 76 68
0.076332 0.036138 0.430000 123 132 125
0.077264 0.036054 0.429000 106 115 108
0.078373 0.036054 0.429000 106 119 114
0.079297 0.035970 0.428000 104 117 112
0.080216 0.035886 0.427000 106 120 111
0.080939 0.035718 0.425000 108 122 113
0.081845 0.035634 0.424000 120 137 121
0.082941 0.035634 0.424000 116 133 117
0.084037 0.035634 0.424000 91 114 91
0.085134 0.035634 0.424000 85 108 85
0.086230 0.035634 0.424000 84 115 81
0.087326 0.035634 0.424000 87 118 84
0.088631 0.035718 0.425000 90 127 86
0.091043 0.035802 0.426000 93 129 93
0.092577 0.035970 0.428000 91 127 91
0.093902 0.036054 0.429000 131 153 133
-0.058623 0.036818 0.425000 87 106 80
-0.057389 0.036732 0.424000 85 104 78
-0.056293 0.036732 0.424000 75 104 70
-0.055196 0.036732 0.424000 75 104 70
-0.054100 0.036732 0.424000 72 102 65
-0.052879 0.036645 0.423000 72 102 65
-0.051785 0.036645 0.423000 67 97 60
-0.050691 0.036645 0.423000 67 97 60
-0.049597 0.036645 0.423000 69 96 65
-0.048504 0.036645 0.423000 75 102 71
-0.047522 0.036732 0.424000 85 103 82
0.076154 0.037165 0.429000 111 119 116
0.077264 0.037165 0.429000 106 114 111
0.078190 0.037078 0.428000 105 116 112
0.078926 0.036905 0.426000 107 118 114
0.079840 0.036818 0.425000 109 123 112
0.080748 0.036732 0.424000 110 124 113
0.081845 0.036732 0.424000 120 137 121
0.082941 0.036732 0.424000 107 124 108
0.084037 0.036732 0.424000 88 114 90
0.085134 0.036732 0.424000 88 114 90
0.086230 0.036732 0.424000 85 119 86
0.087326 0.036732 0.424000 90 124 91
0.088631 0.036818 0.425000 94 131 92
0.091043 0.036905 0.426000 91 125 92
0.092577 0.037078 0.428000 99 133 100
-0.057524 0.037919 0.425000 91 105 85
-0.056293 0.037830 0.424000 80 107 76
-0.055196 0.037830 0.424000 79 106 75
-0.054100 0.037830 0.424000 72 104 67
-0.053004 0.037830 0.424000 72 104 67
-0.051907 0.037830 0.424000 72 104 67
-0.050691 0.037740 0.423000 70 102 65
-0.049597 0.037740 0.423000 68 97 63
-0.048504 0.037740 0.423000 74 103 69
-0.047522 0.037830 0.424000 99 118 92
-0.046426 0.037830 0.424000 95 114 88
-0.045329 0.037830 0.424000 100 113 96
0.076154 0.038276 0.429000 107 115 112
0.076903 0.038097 0.427000 107 115 112
0.077825 0.038008 0.426000 103 116 111
0.078556 0.037830 0.424000 104 117 112
0.079652 0.037830 0.424000 107 121 110
0.080748 0.037830 0.424000 120 134 123
0.081652 0.037740 0.423000 123 140 124
0.084933 0.037740 0.423000 92 118 92
0.086230 0.037830 0.424000 92 123 89
0.087326 0.037830 0.424000 93 124 90
0.088631 0.037919 0.425000 95 132 93
0.091256 0.038097 0.427000 99 128 98
0.092577 0.038186 0.428000 126 155 125
-0.056293 0.038927 0.424000 86 107 83
-0.055196 0.038927 0.424000 83 104 80
-0.054100 0.038927 0.424000 76 107 73
-0.053004 0.038927 0.424000 73 104 70
-0.051785 0.038836 0.423000 75 107 70
-0.050691 0.038836 0.423000 70 102 65
-0.049597 0.038836 0.423000 66 98 61
-0.048504 0.038836 0.423000 64 96 59
-0.047410 0.038836 0.423000 82 106 78
-0.046316 0.038836 0.423000 102 126 98
-0.045222 0.038836 0.423000 105 119 99
0.075799 0.039203 0.427000 104 115 113
0.076723 0.039111 0.426000 105 116 114
0.077642 0.039019 0.425000 103 116 111
0.078556 0.038927 0.424000 103 116 111
0.079652 0.038927 0.424000 108 123 109
0.080558 0.038836 0.423000 118 133 119
0.081459 0.038744 0.422000 113 131 110
0.082550 0.038744 0.422000 97 115 94
0.083641 0.038744 0.422000 90 117 86
0.084933 0.038836 0.423000 96 123 92
0.086027 0.038836 0.423000 93 125 86
0.087326 0.038927 0.424000 96 128 89
0.088631 0.039019 0.425000 92 127 89
0.091256 0.039203 0.427000 119 142 117
0.092793 0.039386 0.429000 136 159 134
-0.055196 0.040025 0.424000 91 105 85
-0.054100 0.040025 0.424000 84 108 78
-0.053004 0.040025 0.424000 80 104 74
-0.051785 0.039931 0.423000 73 105 68
-0.050571 0.039836 0.422000 73 105 68
-0.049480 0.039836 0.422000 73 108 70
-0.048389 0.039836 0.422000 71 106 68
-0.047298 0.039836 0.422000 72 103 69
-0.046207 0.039836 0.422000 71 102 68
-0.044129 0.039931 0.423000 115 134 108
0.075622 0.040214 0.426000 108 119 117
0.076363 0.040025 0.424000 107 118 116
0.077459 0.040025 0.424000 107 121 112
0.078556 0.040025 0.424000 104 118 109
0.079464 0.039931 0.423000 107 124 110
0.080367 0.039836 0.422000 118 135 121
0.081459 0.039836 0.422000 102 125 100
0.082550 0.039836 0.422000 91 114 89
0.083641 0.039836 0.422000 92 120 82
0.084933 0.039931 0.423000 97 125 87
0.086230 0.040025 0.424000 97 129 90
0.087326 0.040025 0.424000 96 128 89
0.088631 0.040120 0.425000 89 120 88
0.091256 0.040308 0.427000 141 161 142
-0.054100 0.041123 0.424000 91 110 84
-0.052879 0.041026 0.423000 84 103 77
-0.051662 0.040929 0.422000 77 107 70
-0.050571 0.040929 0.422000 75 105 68
-0.049363 0.040832 0.421000 72 109 70
-0.048274 0.040832 0.421000 72 109 70
-0.047186 0.040832 0.421000 69 104 66
-0.046097 0.040832 0.421000 63 98 60
-0.045116 0.040929 0.422000 69 93 61
-0.044024 0.040929 0.422000 99 123 91
-0.043035 0.041026 0.423000 127 143 120
0.074345 0.041220 0.425000 115 119 114
0.075267 0.041123 0.424000 108 119 115
0.076363 0.041123 0.424000 107 118 114
0.077459 0.041123 0.424000 104 118 107
0.078370 0.041026 0.423000 104 118 107
0.079276 0.040929 0.422000 106 126 109
0.080177 0.040832 0.421000 106 126 109
0.081266 0.040832 0.421000 92 119 88
0.082354 0.040832 0.421000 89 116 85
0.083641 0.040929 0.422000 95 126 84
0.084933 0.041026 0.423000 98 129 87
0.086230 0.041123 0.424000 96 128 89
0.087532 0.041220 0.425000 94 126 87
0.089941 0.041317 0.426000 126 154 127
-0.052754 0.042022 0.422000 90 106 85
-0.051662 0.042022 0.422000 80 107 74
-0.050451 0.041922 0.421000 78 105 72
-0.049363 0.041922 0.421000 71 105 70
-0.048274 0.041922 0.421000 70 104 69
-0.047186 0.041922 0.421000 69 106 67
-0.046097 0.041922 0.421000 70 107 68
-0.045009 0.041922 0.421000 71 103 64
-0.044024 0.042022 0.422000 64 96 57
-0.042933 0.042022 0.422000 89 111 82
-0.041941 0.042121 0.423000 123 145 116
0.074170 0.042221 0.424000 110 117 109
0.075267 0.042221 0.424000 108 120 112
0.076183 0.042121 0.423000 104 116 108
0.077094 0.042022 0.422000 100 116 105
0.078000 0.041922 0.421000 105 121 110
0.079088 0.041922 0.421000 104 127 104
0.079987 0.041823 0.420000 97 120 97
0.081073 0.041823 0.420000 91 121 84
0.082354 0.041922 0.421000 95 125 88
0.083641 0.042022 0.422000 93 126 84
0.084933 0.042121 0.423000 94 127 85
0.086230 0.042221 0.424000 91 122 88
0.087532 0.042320 0.425000 89 120 86
-0.051540 0.043012 0.421000 88 109 85
-0.050451 0.043012 0.421000 83 104 80
-0.049363 0.043012 0.421000 75 106 74
-0.048160 0.042910 0.420000 71 102 70
-0.047074 0.042910 0.420000 68 105 66
-0.045988 0.042910 0.420000 68 105 66
-0.045009 0.043012 0.421000 69 107 63
-0.043920 0.043012 0.421000 68 106 62
-0.042831 0.043012 0.421000 66 94 58
-0.041842 0.043114 0.422000 85 113 77
-0.040847 0.043217 0.423000 122 138 115
-0.039754 0.043217 0.423000 127 143 120
0.073995 0.043217 0.423000 111 118 110
0.074912 0.043114 0.422000 106 119 114
0.075823 0.043012 0.421000 104 117 112
0.076729 0.042910 0.420000 104 121 107
0.077815 0.042910 0.420000 102 119 105
0.078901 0.042910 0.420000 96 122 96
0.079987 0.042910 0.420000 94 120 94
0.081073 0.042910 0.420000 93 125 86
0.082354 0.043012 0.421000 94 126 87
0.083641 0.043114 0.422000 90 125 85
0.085134 0.043319 0.424000 88 123 83
0.086230 0.043319 0.424000 89 120 90
-0.050451 0.044102 0.421000 94 108 88
-0.049363 0.044102 0.421000 78 105 76
-0.048160 0.043997 0.420000 76 103 74
-0.047074 0.043997 0.420000 70 105 67
-0.045988 0.043997 0.420000 69 104 66
-0.044902 0.043997 0.420000 70 108 62
-0.043816 0.043997 0.420000 70 108 62
-0.042730 0.043997 0.420000 75 108 66
-0.041743 0.044102 0.421000 66 99 57
-0.040654 0.044102 0.421000 81 103 74
-0.039660 0.044207 0.422000 109 131 102
-0.038660 0.044312 0.423000 126 140 118
-0.037566 0.044312 0.423000 125 139 117
0.073821 0.044207 0.422000 109 118 109
0.074557 0.043997 0.420000 106 120 111
0.075643 0.043997 0.420000 104 118 109
0.076546 0.043893 0.419000 100 120 103
0.078901 0.043997 0.420000 92 121 91
0.079987 0.043997 0.420000 91 120 90
0.081073 0.043997 0.420000 89 124 84
0.082354 0.044102 0.421000 90 125 85
0.083641 0.044207 0.422000 90 125 85
0.085134 0.044417 0.424000 88 123 83
0.086433 0.044521 0.425000 101 124 99
-0.049363 0.045192 0.421000 95 111 90
-0.048160 0.045085 0.420000 89 105 84
-0.047074 0.045085 0.420000 75 104 70
-0.045988 0.045085 0.420000 73 102 68
-0.044902 0.045085 0.420000 73 106 62
-0.043816 0.045085 0.420000 75 108 64
-0.042730 0.045085 0.420000 76 109 63
-0.041644 0.045085 0.420000 76 109 63
-0.040558 0.045085 0.420000 81 109 71
-0.039566 0.045192 0.421000 82 110 72
-0.038477 0.045192 0.421000 100 122 95
-0.037477 0.045300 0.422000 118 140 113
-0.036386 0.045300 0.422000 126 140 118
0.072557 0.045192 0.421000 109 121 113
0.075463 0.044978 0.419000 103 117 106
0.079987 0.045085 0.420000 89 123 88
0.081073 0.045085 0.420000 88 125 84
0.082354 0.045192 0.421000 86 123 82
0.085134 0.045514 0.424000 86 117 83
0.086433 0.045622 0.425000 140 158 135
-0.047074 0.046172 0.420000 92 111 83
-0.045988 0.046172 0.420000 84 103 75
-0.044902 0.046172 0.420000 75 104 63
-0.043816 0.046172 0.420000 75 104 63
-0.042730 0.046172 0.420000 74 105 59
-0.041644 0.046172 0.420000 75 106 60
-0.040558 0.046172 0.420000 78 109 63
-0.039472 0.046172 0.420000 80 111 65
-0.038386 0.046172 0.420000 81 109 71
-0.037300 0.046172 0.420000 86 114 76
-0.036300 0.046282 0.421000 113 132 106
-0.035211 0.046282 0.421000 121 140 114
-0.034123 0.046282 0.421000 124 138 118
0.072385 0.046172 0.420000 104 118 107
0.073296 0.046063 0.419000 103 117 106
0.075282 0.045953 0.418000 97 117 102
0.076363 0.045953 0.418000 89 120 90
0.077629 0.046063 0.419000 89 120 90
0.078713 0.046063 0.419000 88 125 86
0.079796 0.046063 0.419000 88 125 86
0.081073 0.046172 0.420000 86 123 84
0.082354 0.046282 0.421000 83 120 81
0.083839 0.046502 0.423000 94 118 90
-0.045988 0.047260 0.420000 98 112 90
-0.044902 0.047260 0.420000 83 106 72
-0.043816 0.047260 0.420000 78 101 67
-0.042628 0.047147 0.419000 74 105 61
-0.041545 0.047147 0.419000 75 106 62
-0.040461 0.047147 0.419000 78 109 65
-0.039378 0.047147 0.419000 80 111 67
-0.038294 0.047147 0.419000 79 110 66
-0.037211 0.047147 0.419000 81 112 68
-0.036128 0.047147 0.419000 81 109 73
-0.035128 0.047260 0.420000 95 123 87
-0.034042 0.047260 0.420000 116 134 111
-0.032956 0.047260 0.420000 126 144 121
0.071299 0.047260 0.420000 111 123 113
0.072212 0.047147 0.419000 99 118 106
0.073296 0.047147 0.419000 98 117 105
0.075102 0.046922 0.417000 93 121 96
0.076363 0.047035 0.418000 87 121 86
0.077444 0.047035 0.418000 89 123 88
0.078713 0.047147 0.419000 86 123 84
0.079796 0.047147 0.419000 86 123 84
0.081073 0.047260 0.420000 84 118 83
0.082550 0.047485 0.422000 81 115 80
0.083839 0.047597 0.423000 140 158 137
-0.043816 0.048347 0.420000 89 106 80
-0.042628 0.048232 0.419000 75 103 65
-0.041545 0.048232 0.419000 76 104 66
-0.040461 0.048232 0.419000 74 105 63
-0.039378 0.048232 0.419000 75 106 64
-0.038294 0.048232 0.419000 78 109 63
-0.037211 0.048232 0.419000 82 113 67
-0.036128 0.048232 0.419000 85 116 72
-0.035044 0.048232 0.419000 84 115 71
-0.033961 0.048232 0.419000 85 109 77
-0.032877 0.048232 0.419000 99 123 91
-0.031794 0.048232 0.419000 123 141 120
-0.030784 0.048347 0.420000 126 144 123
0.071129 0.048232 0.419000 108 121 108
0.072040 0.048117 0.418000 95 120 99
0.072946 0.048002 0.417000 93 118 97
0.074024 0.048002 0.417000 89 120 86
0.075102 0.048002 0.417000 91 122 88
0.076181 0.048002 0.417000 88 125 86
0.077444 0.048117 0.418000 87 124 85
0.078713 0.048232 0.419000 83 120 81
0.079796 0.048232 0.419000 83 120 81
0.081073 0.048347 0.420000 81 115 84
0.082550 0.048578 0.422000 95 129 98
-0.042628 0.049317 0.419000 88 107 79
-0.041545 0.049317 0.419000 84 103 75
-0.040461 0.049317 0.419000 76 104 66
-0.039378 0.049317 0.419000 75 103 65
-0.038294 0.049317 0.419000 74 105 59
-0.037122 0.049199 0.418000 75 106 60
-0.036041 0.049199 0.418000 80 112 63
-0.034961 0.049199 0.418000 82 114 65
-0.033880 0.049199 0.418000 85 116 72
-0.032799 0.049199 0.418000 79 110 66
-0.031794 0.049317 0.419000 96 120 90
-0.030711 0.049317 0.419000 108 132 102
-0.029627 0.049317 0.419000 123 141 120
-0.028544 0.049317 0.419000 127 145 124
-0.027460 0.049317 0.419000 131 145 125
0.070959 0.049199 0.418000 98 115 97
0.071695 0.048964 0.416000 86 117 85
0.072771 0.048964 0.416000 89 120 88
0.073847 0.048964 0.416000 90 122 83
0.076181 0.049082 0.417000 86 123 82
0.077444 0.049199 0.418000 83 120 79
0.078713 0.049317 0.419000 80 117 78
0.079987 0.049435 0.420000 80 117 78
0.081266 0.049553 0.421000 101 127 103
0.082550 0.049670 0.422000 116 142 118
-0.040461 0.050402 0.419000 85 104 76
-0.039378 0.050402 0.419000 79 98 70
-0.038203 0.050282 0.418000 73 102 61
-0.037122 0.050282 0.418000 72 101 60
-0.036041 0.050282 0.418000 74 104 56
-0.034877 0.050161 0.417000 79 109 61
-0.033799 0.050161 0.417000 82 114 63
-0.032720 0.050161 0.417000 81 113 62
-0.031642 0.050161 0.417000 85 114 73
-0.030564 0.050161 0.417000 82 111 70
-0.029486 0.050161 0.417000 92 116 86
0.068041 0.050522 0.420000 114 128 108
0.068962 0.050402 0.419000 108 122 102
0.069878 0.050282 0.418000 91 120 88
0.070620 0.050041 0.416000 89 118 86
0.071695 0.050041 0.416000 87 119 80
0.072771 0.050041 0.416000 90 122 83
0.073847 0.050041 0.416000 88 124 81
0.076181 0.050161 0.417000 79 116 75
0.077444 0.050282 0.418000 77 114 73
0.078713 0.050402 0.419000 87 123 89
0.079987 0.050522 0.420000 114 150 116
0.081266 0.050643 0.421000 125 147 127
-0.039378 0.051487 0.419000 96 110 90
-0.038294 0.051487 0.419000 80 99 69
-0.037122 0.051364 0.418000 76 95 65
-0.036041 0.051364 0.418000 74 100 56
-0.034793 0.051118 0.416000 76 102 58
-0.033718 0.051118 0.416000 74 105 52
-0.032642 0.051118 0.416000 76 107 54
-0.031490 0.050995 0.415000 81 111 61
-0.030417 0.050995 0.415000 83 113 63
-0.026188 0.051118 0.416000 110 137 106
-0.024095 0.051241 0.417000 136 152 129
-0.023016 0.051241 0.417000 134 144 128
0.066182 0.051856 0.422000 119 128 110
0.066955 0.051610 0.420000 117 126 108
0.067879 0.051487 0.419000 102 126 98
0.068962 0.051487 0.419000 92 116 88
0.069544 0.051118 0.416000 87 119 80
0.070620 0.051118 0.416000 90 122 83
0.071695 0.051118 0.416000 89 125 82
0.072771 0.051118 0.416000 88 124 81
0.075102 0.051241 0.417000 80 116 71
0.076181 0.051241 0.417000 75 112 71
0.077629 0.051487 0.419000 76 113 72
0.078713 0.051487 0.419000 82 116 85
0.079987 0.051610 0.420000 118 152 121
0.081266 0.051733 0.421000 134 156 138
-0.037122 0.052446 0.418000 91 105 85
-0.036041 0.052446 0.418000 74 94 59
-0.034793 0.052195 0.416000 78 98 63
-0.033718 0.052195 0.416000 75 102 53
-0.032564 0.052070 0.415000 76 103 54
-0.031490 0.052070 0.415000 76 106 56
-0.030417 0.052070 0.415000 80 110 60
-0.029344 0.052070 0.415000 81 112 66
-0.028271 0.052070 0.415000 81 112 66
-0.027133 0.051944 0.414000 80 112 73
-0.026125 0.052070 0.415000 82 114 75
-0.025052 0.052070 0.415000 95 119 89
-0.023979 0.052070 0.415000 111 135 105
-0.022906 0.052070 0.415000 132 148 127
-0.021886 0.052195 0.416000 135 151 130
-0.020860 0.052321 0.417000 133 146 129
0.064000 0.052948 0.422000 119 130 111
0.064937 0.052823 0.421000 117 128 109
0.065869 0.052697 0.420000 108 125 97
0.066795 0.052572 0.419000 103 120 92
0.067717 0.052446 0.418000 91 121 82
0.068468 0.052195 0.416000 91 121 82
0.069544 0.052195 0.416000 87 123 78
0.070620 0.052195 0.416000 87 123 78
0.071695 0.052195 0.416000 85 121 76
0.072771 0.052195 0.416000 83 119 74
0.073847 0.052195 0.416000 80 118 72
0.076363 0.052446 0.418000 74 112 68
0.077629 0.052572 0.419000 73 111 67
0.078713 0.052572 0.419000 85 119 88
0.079987 0.052697 0.420000 87 121 90
0.081266 0.052823 0.421000 124 146 128
-0.036041 0.053529 0.418000 101 116 91
-0.034793 0.053273 0.416000 86 101 76
-0.033718 0.053273 0.416000 75 99 58
-0.032564 0.053144 0.415000 76 100 59
-0.031490 0.053144 0.415000 71 103 54
-0.030417 0.053144 0.415000 72 104 55
-0.029274 0.053016 0.414000 76 110 61
-0.028203 0.053016 0.414000 77 111 62
-0.027067 0.052888 0.413000 79 112 68
-0.025999 0.052888 0.413000 82 115 71
-0.024992 0.053016 0.414000 82 114 75
-0.023921 0.053016 0.414000 79 111 72
-0.022851 0.053016 0.414000 86 108 79
-0.021833 0.053144 0.415000 103 125 96
-0.019687 0.053144 0.415000 136 152 129
0.061818 0.054041 0.422000 122 136 116
0.062760 0.053913 0.421000 119 133 113
0.063697 0.053785 0.420000 111 128 100
0.064629 0.053657 0.419000 104 121 93
0.065712 0.053657 0.419000 96 122 82
0.066636 0.053529 0.418000 95 121 81
0.067393 0.053273 0.416000 89 120 76
0.068468 0.053273 0.416000 92 123 79
0.069544 0.053273 0.416000 85 121 76
0.070450 0.053144 0.415000 83 119 74
0.071523 0.053144 0.415000 78 114 67
0.072771 0.053273 0.416000 75 111 64
0.075102 0.053401 0.417000 70 106 59
0.076363 0.053529 0.418000 72 110 66
0.077629 0.053657 0.419000 73 111 67
0.078901 0.053785 0.420000 95 129 96
0.079987 0.053785 0.420000 85 119 86
0.081459 0.054041 0.422000 137 157 138
-0.033718 0.054350 0.416000 96 113 85
-0.032564 0.054219 0.415000 81 98 70
-0.031490 0.054219 0.415000 73 101 63
-0.030417 0.054219 0.415000 72 100 62
-0.029274 0.054088 0.414000 71 104 60
-0.028135 0.053958 0.413000 70 103 59
-0.027067 0.053958 0.413000 73 106 62
-0.025999 0.053958 0.413000 77 110 66
-0.024931 0.053958 0.413000 84 115 71
-0.023806 0.053827 0.412000 81 112 68
-0.022740 0.053827 0.412000 80 110 71
-0.021728 0.053958 0.413000 81 111 72
-0.019639 0.054088 0.414000 97 122 87
-0.018614 0.054219 0.415000 125 144 118
-0.017541 0.054219 0.415000 132 151 125
-0.016507 0.054350 0.416000 137 148 127
-0.015432 0.054350 0.416000 138 149 128
0.059353 0.054872 0.420000 123 137 117
0.060295 0.054742 0.419000 121 135 115
0.061378 0.054742 0.419000 106 128 101
0.062462 0.054742 0.419000 98 120 93
0.063545 0.054742 0.419000 92 117 80
0.064629 0.054742 0.419000 92 117 80
0.065555 0.054611 0.418000 89 120 74
0.066636 0.054611 0.418000 89 120 74
0.067393 0.054350 0.416000 87 120 74
0.068468 0.054350 0.416000 85 118 72
0.069377 0.054219 0.415000 80 116 71
0.070450 0.054219 0.415000 76 112 67
0.071523 0.054219 0.415000 73 109 64
0.072771 0.054350 0.416000 73 109 64
0.075102 0.054480 0.417000 68 104 59
0.076363 0.054611 0.418000 73 110 69
0.077629 0.054742 0.419000 83 120 79
0.078713 0.054742 0.419000 93 124 90
0.079987 0.054872 0.420000 104 135 101
-0.031490 0.055294 0.415000 87 106 80
-0.030417 0.055294 0.415000 74 93 67
-0.029344 0.055294 0.415000 71 99 63
-0.028203 0.055160 0.414000 71 99 63
-0.027133 0.055160 0.414000 72 100 62
-0.025999 0.055027 0.413000 76 104 66
-0.024931 0.055027 0.413000 79 110 68
-0.023806 0.054894 0.412000 81 112 70
-0.022740 0.054894 0.412000 84 115 73
-0.021675 0.054894 0.412000 85 116 74
-0.020610 0.054894 0.412000 85 116 72
-0.019592 0.055027 0.413000 85 116 72
-0.018524 0.055027 0.413000 89 117 81
-0.017498 0.055160 0.414000 99 127 91
-0.016468 0.055294 0.415000 125 144 116
-0.015395 0.055294 0.415000 129 148 120
-0.014322 0.055294 0.415000 135 152 126
-0.013280 0.055427 0.416000 135 152 126
0.057181 0.055960 0.420000 129 143 123
0.058128 0.055826 0.419000 121 135 115
0.058929 0.055560 0.417000 106 128 101
0.060007 0.055560 0.417000 98 120 93
0.061085 0.055560 0.417000 92 122 85
0.062164 0.055560 0.417000 88 118 81
0.063393 0.055693 0.418000 89 120 76
0.064320 0.055560 0.417000 89 120 76
0.065398 0.055560 0.417000 88 119 73
0.066317 0.055427 0.416000 86 117 71
0.067393 0.055427 0.416000 80 113 67
0.068468 0.055427 0.416000 79 112 66
0.069377 0.055294 0.415000 76 109 67
0.070450 0.055294 0.415000 76 109 67
0.071523 0.055294 0.415000 71 107 64
0.072771 0.055427 0.416000 73 109 66
0.073847 0.055427 0.416000 68 104 61
0.076363 0.055693 0.418000 79 116 75
0.077629 0.055826 0.419000 88 125 84
0.078713 0.055826 0.419000 87 118 86
0.079987 0.055960 0.420000 124 155 123
-0.029344 0.056368 0.415000 86 105 79
-0.028203 0.056232 0.414000 78 97 71
-0.027133 0.056232 0.414000 75 97 66
-0.025999 0.056096 0.413000 76 98 67
-0.024931 0.056096 0.413000 74 102 66
-0.023806 0.055961 0.412000 75 103 67
-0.022685 0.055825 0.411000 75 106 62
-0.021623 0.055825 0.411000 79 110 66
-0.020560 0.055825 0.411000 82 113 67
-0.019497 0.055825 0.411000 84 115 69
-0.018434 0.055825 0.411000 85 116 70
-0.017414 0.055961 0.412000 85 116 70
-0.016388 0.056096 0.413000 83 112 71
-0.015320 0.056096 0.413000 89 118 77
-0.014287 0.056232 0.414000 106 128 97
-0.011102 0.056368 0.415000 136 151 126
-0.010054 0.056504 0.416000 139 150 129
-0.008978 0.056504 0.416000 137 148 127
0.054223 0.056232 0.414000 129 138 118
0.055160 0.056096 0.413000 120 129 109
0.058646 0.056368 0.415000 91 121 82
0.059719 0.056368 0.415000 88 118 79
0.062015 0.056504 0.416000 86 119 73
0.063090 0.056504 0.416000 87 120 74
0.064166 0.056504 0.416000 85 118 72
0.065398 0.056640 0.417000 83 116 74
0.066317 0.056504 0.416000 78 111 69
0.067393 0.056504 0.416000 75 107 68
0.068468 0.056504 0.416000 76 108 69
0.069377 0.056368 0.415000 77 109 72
0.070450 0.056368 0.415000 77 109 72
0.071523 0.056368 0.415000 76 107 73
0.072771 0.056504 0.416000 73 104 70
0.075102 0.056640 0.417000 69 105 62
0.076363 0.056776 0.418000 87 125 81
0.077629 0.056911 0.419000 88 126 82
0.078901 0.057047 0.420000 93 120 89
0.079987 0.057047 0.420000 139 166 135
-0.027133 0.057304 0.414000 88 105 77
-0.026062 0.057304 0.414000 81 98 70
-0.024931 0.057166 0.413000 76 98 67
-0.023806 0.057027 0.412000 76 98 67
-0.022685 0.056889 0.411000 74 102 64
-0.021623 0.056889 0.411000 74 102 64
-0.020560 0.056889 0.411000 74 105 59
-0.019497 0.056889 0.411000 75 106 60
-0.018434 0.056889 0.411000 77 108 62
-0.017372 0.056889 0.411000 79 110 64
-0.016309 0.056889 0.411000 81 112 66
-0.015246 0.056889 0.411000 85 116 70
-0.014218 0.057027 0.412000 82 113 69
-0.013153 0.057027 0.412000 86 117 73
-0.012117 0.057166 0.413000 99 123 91
-0.011076 0.057304 0.414000 110 134 102
-0.010029 0.057443 0.415000 114 136 107
-0.008956 0.057443 0.415000 125 147 118
-0.006827 0.057581 0.416000 137 151 129
-0.005751 0.057581 0.416000 140 151 132
0.052767 0.056889 0.411000 112 124 98
0.054626 0.056612 0.409000 97 116 86
0.055819 0.056751 0.410000 90 116 76
0.057018 0.056889 0.411000 91 117 77
0.058505 0.057304 0.414000 86 119 73
0.059719 0.057443 0.415000 86 119 73
0.060792 0.057443 0.415000 85 119 70
0.061865 0.057443 0.415000 84 118 69
0.064166 0.057581 0.416000 80 113 67
0.065241 0.057581 0.416000 75 107 70
0.066317 0.057581 0.416000 71 103 66
0.067393 0.057581 0.416000 71 100 66
0.068468 0.057581 0.416000 79 108 74
0.069377 0.057443 0.415000 86 113 82
0.070450 0.057443 0.415000 88 115 84
0.071523 0.057443 0.415000 84 113 79
0.072771 0.057581 0.416000 70 99 65
0.075102 0.057719 0.417000 73 111 67
0.076363 0.057858 0.418000 87 124 83
0.077629 0.057996 0.419000 86 123 82
0.078713 0.057996 0.419000 118 140 113
-0.024992 0.058376 0.414000 91 106 81
-0.023864 0.058235 0.413000 82 97 72
-0.022740 0.058094 0.412000 75 97 66
-0.021623 0.057953 0.411000 74 96 65
-0.020560 0.057953 0.411000 73 102 61
-0.019497 0.057953 0.411000 73 102 61
-0.018390 0.057812 0.410000 71 102 56
-0.017329 0.057812 0.410000 72 103 57
-0.016269 0.057812 0.410000 74 106 57
-0.015209 0.057812 0.410000 78 110 61
-0.014149 0.057812 0.410000 80 112 63
-0.012058 0.057953 0.411000 87 118 74
-0.010995 0.057953 0.411000 82 113 69
-0.009957 0.058094 0.412000 78 109 67
-0.008913 0.058235 0.413000 74 105 63
-0.007864 0.058376 0.414000 92 115 79
-0.006794 0.058376 0.414000 107 130 94
-0.005737 0.058517 0.415000 122 141 113
-0.004664 0.058517 0.415000 130 149 121
-0.003591 0.058517 0.415000 137 153 130
-0.002524 0.058658 0.416000 138 154 131
-0.001448 0.058658 0.416000 139 153 133
-0.000373 0.058658 0.416000 139 153 133
0.046391 0.057953 0.411000 131 141 125
0.048399 0.057812 0.410000 122 137 112
0.049459 0.057812 0.410000 114 132 99
0.050519 0.057812 0.410000 108 126 93
0.051579 0.057812 0.410000 98 121 85
0.052639 0.057812 0.410000 92 115 79
0.053568 0.057671 0.409000 92 118 78
0.054626 0.057671 0.409000 95 121 81
0.055819 0.057812 0.410000 89 118 75
0.057018 0.057953 0.411000 86 115 72
0.058364 0.058235 0.413000 83 116 70
0.059575 0.058376 0.414000 83 116 70
0.060792 0.058517 0.415000 77 110 64
0.061865 0.058517 0.415000 72 105 59
0.064166 0.058658 0.416000 72 105 63
0.065241 0.058658 0.416000 71 100 66
0.066317 0.058658 0.416000 75 104 70
0.067393 0.058658 0.416000 88 112 84
0.068468 0.058658 0.416000 91 115 87
0.069544 0.058658 0.416000 94 118 90
0.070620 0.058658 0.416000 91 115 87
0.071695 0.058658 0.416000 73 102 68
0.072771 0.058658 0.416000 64 93 59
0.075102 0.058799 0.417000 84 121 80
0.076363 0.058940 0.418000 85 119 84
0.077629 0.059081 0.419000 88 122 87
0.078901 0.059222 0.420000 141 158 140
-0.022796 0.059304 0.413000 96 110 88
-0.021623 0.059017 0.411000 82 96 74
-0.020560 0.059017 0.411000 69 92 58
-0.019497 0.059017 0.411000 70 93 59
-0.018390 0.058874 0.410000 67 98 54
-0.017329 0.058874 0.410000 65 96 52
-0.016269 0.058874 0.410000 67 99 50
-0.015209 0.058874 0.410000 71 103 54
-0.014149 0.058874 0.410000 75 107 58
-0.013089 0.058874 0.410000 77 109 60
-0.012029 0.058874 0.410000 81 113 64
-0.010969 0.058874 0.410000 81 113 64
-0.008870 0.059017 0.411000 78 112 63
-0.007807 0.059017 0.411000 85 115 67
-0.006761 0.059161 0.412000 92 122 74
-0.000371 0.059448 0.414000 135 154 124
0.000701 0.059592 0.415000 139 154 127
0.001774 0.059592 0.415000 140 155 128
0.002847 0.059592 0.415000 140 154 132
0.003920 0.059592 0.415000 138 152 130
0.004993 0.059592 0.415000 138 149 130
0.042572 0.058156 0.405000 135 149 127
0.043727 0.058299 0.406000 123 137 115
0.044777 0.058299 0.406000 115 132 106
0.047223 0.058730 0.409000 97 120 86
0.048280 0.058730 0.409000 91 114 80
0.049338 0.058730 0.409000 89 115 71
0.050396 0.058730 0.409000 92 118 74
0.051453 0.058730 0.409000 88 117 72
0.052639 0.058874 0.410000 88 117 72
0.053699 0.058874 0.410000 89 120 76
0.054759 0.058874 0.410000 89 120 76
0.055956 0.059017 0.411000 84 115 71
0.057157 0.059161 0.412000 82 113 69
0.058364 0.059304 0.413000 77 110 66
0.059575 0.059448 0.414000 73 106 62
0.060792 0.059592 0.415000 69 101 62
0.061865 0.059592 0.415000 65 97 58
0.064166 0.059735 0.416000 82 111 79
0.065241 0.059735 0.416000 91 114 89
0.066317 0.059735 0.416000 94 117 92
0.067393 0.059735 0.416000 95 116 94
0.068468 0.059735 0.416000 93 114 92
0.069544 0.059735 0.416000 94 117 92
0.070620 0.059735 0.416000 82 105 80
0.071695 0.059735 0.416000 68 99 65
0.072771 0.059735 0.416000 66 97 63
0.075102 0.059879 0.417000 83 120 81
0.076363 0.060022 0.418000 89 120 88
0.077629 0.060166 0.419000 101 132 100
0.078901 0.060310 0.420000 152 167 151
-0.020560 0.060081 0.411000 105 120 93
-0.019497 0.060081 0.411000 93 108 81
-0.018390 0.059935 0.410000 71 94 60
-0.017329 0.059935 0.410000 71 94 60
-0.016230 0.059789 0.409000 68 94 54
-0.015172 0.059789 0.409000 71 97 57
-0.014115 0.059789 0.409000 72 101 58
-0.013057 0.059789 0.409000 71 100 57
-0.011999 0.059789 0.409000 72 103 57
-0.010942 0.059789 0.409000 73 104 58
-0.009909 0.059935 0.410000 78 110 59
-0.008848 0.059935 0.410000 80 112 61
-0.007788 0.059935 0.410000 82 115 61
-0.003556 0.060081 0.411000 89 120 67
-0.002494 0.060081 0.411000 89 120 67
-0.001431 0.060081 0.411000 89 118 75
-0.000368 0.060081 0.411000 90 119 76
0.000694 0.060081 0.411000 99 123 84
0.002813 0.059935 0.410000 111 134 100
0.005935 0.059351 0.406000 133 152 124
0.007002 0.059497 0.407000 136 153 127
0.008054 0.059497 0.407000 136 153 127
0.038384 0.059204 0.405000 131 146 121
0.040478 0.059204 0.405000 110 132 103
0.041525 0.059204 0.405000 97 119 90
0.042572 0.059204 0.405000 95 119 87
0.043620 0.059204 0.405000 94 118 86
0.044777 0.059351 0.406000 96 121 86
0.045827 0.059351 0.406000 94 119 84
0.046992 0.059497 0.407000 89 118 77
0.049217 0.059643 0.408000 86 116 68
0.050396 0.059789 0.409000 86 116 68
0.051453 0.059789 0.409000 85 117 68
0.052639 0.059935 0.410000 82 114 65
0.053699 0.059935 0.410000 81 112 66
0.054893 0.060081 0.411000 79 110 64
0.055956 0.060081 0.411000 77 108 66
0.057296 0.060374 0.413000 70 101 59
0.058505 0.060520 0.414000 67 97 60
0.059575 0.060520 0.414000 66 96 59
0.060792 0.060666 0.415000 68 95 66
0.061865 0.060666 0.415000 85 112 83
0.064166 0.060812 0.416000 116 139 114
0.065241 0.060812 0.416000 107 124 106
0.066317 0.060812 0.416000 98 115 97
0.067393 0.060812 0.416000 97 114 96
0.068468 0.060812 0.416000 97 114 96
0.069544 0.060812 0.416000 87 114 85
0.070620 0.060812 0.416000 74 101 72
0.071695 0.060812 0.416000 62 98 62
0.072771 0.060812 0.416000 66 102 66
0.075102 0.060959 0.417000 87 127 87
0.076363 0.061105 0.418000 89 118 88
0.077629 0.061251 0.419000 124 153 123
-0.017329 0.060997 0.410000 97 112 87
-0.016269 0.060997 0.410000 79 98 70
-0.015172 0.060848 0.409000 71 90 62
-0.014115 0.060848 0.409000 71 95 63
-0.013057 0.060848 0.409000 69 93 61
-0.011999 0.060848 0.409000 65 93 55
-0.010942 0.060848 0.409000 69 97 59
-0.009884 0.060848 0.409000 71 102 56
-0.008827 0.060848 0.409000 70 101 55
-0.007769 0.060848 0.409000 72 104 53
-0.004608 0.060997 0.410000 80 113 57
-0.003548 0.060997 0.410000 80 113 59
-0.002488 0.060997 0.410000 82 115 61
-0.001427 0.060997 0.410000 85 117 66
-0.000367 0.060997 0.410000 86 118 67
0.000693 0.060997 0.410000 89 120 74
0.001749 0.060848 0.409000 89 120 74
0.002813 0.060997 0.410000 86 117 73
0.003845 0.060551 0.407000 85 116 72
0.004885 0.060402 0.406000 89 118 77
0.005935 0.060402 0.406000 96 125 84
0.006985 0.060402 0.406000 103 128 91
0.008035 0.060402 0.406000 105 130 93
0.009084 0.060402 0.406000 106 129 93
0.010134 0.060402 0.406000 112 135 99
0.011184 0.060402 0.406000 120 140 107
0.012264 0.060551 0.407000 121 141 108
0.015345 0.060253 0.405000 128 147 117
0.016392 0.060253 0.405000 126 145 115
0.017440 0.060253 0.405000 131 148 120
0.018441 0.060104 0.404000 131 148 120
0.019486 0.060104 0.404000 136 151 126
0.021735 0.060551 0.407000 136 150 128
0.025076 0.060997 0.410000 131 145 123
0.026200 0.061146 0.411000 137 152 127
0.030376 0.060997 0.410000 127 144 118
0.031436 0.060997 0.410000 122 139 113
0.032180 0.060402 0.406000 119 137 114
0.033229 0.060402 0.406000 120 138 115
0.034279 0.060402 0.406000 110 132 105
0.036289 0.060253 0.405000 106 129 95
0.037336 0.060253 0.405000 104 127 93
0.038384 0.060253 0.405000 95 119 80
0.039431 0.060253 0.405000 88 112 73
0.040478 0.060253 0.405000 87 116 75
0.041525 0.060253 0.405000 89 118 77
0.042572 0.060253 0.405000 88 119 77
0.043727 0.060402 0.406000 87 118 76
0.044777 0.060402 0.406000 89 120 78
0.045940 0.060551 0.407000 84 115 73
0.048162 0.060699 0.408000 85 116 72
0.049338 0.060848 0.409000 81 112 66
0.050519 0.060997 0.410000 79 110 64
0.051579 0.060997 0.410000 78 109 63
0.052639 0.060997 0.410000 77 108 62
0.053830 0.061146 0.411000 70 101 59
0.055026 0.061294 0.412000 70 101 59
0.056228 0.061443 0.413000 65 95 58
0.057296 0.061443 0.413000 60 90 53
0.058505 0.061592 0.414000 69 90 66
0.059719 0.061741 0.415000 85 106 82
0.060792 0.061741 0.415000 114 129 111
0.061865 0.061741 0.415000 127 142 124
0.064166 0.061889 0.416000 120 135 117
0.065241 0.061889 0.416000 98 115 99
0.066317 0.061889 0.416000 99 116 100
0.067393 0.061889 0.416000 95 115 98
0.068304 0.061741 0.415000 96 116 99
0.069544 0.061889 0.416000 80 109 79
0.070620 0.061889 0.416000 65 94 64
0.071695 0.061889 0.416000 63 100 61
0.074024 0.062038 0.417000 85 125 85
0.075102 0.062038 0.417000 87 127 87
0.076546 0.062336 0.419000 97 124 95
0.077629 0.062336 0.419000 145 172 143
-0.014115 0.061907 0.409000 101 118 92
-0.013057 0.061907 0.409000 85 102 76
-0.011999 0.061907 0.409000 68 90 61
-0.010942 0.061907 0.409000 68 90 61
-0.009860 0.061756 0.408000 69 94 59
-0.008805 0.061756 0.408000 68 93 58
-0.007750 0.061756 0.408000 68 97 54
-0.006695 0.061756 0.408000 71 100 57
-0.005640 0.061756 0.408000 70 102 53
-0.004585 0.061756 0.408000 72 104 55
-0.003530 0.061756 0.408000 74 106 55
-0.002475 0.061756 0.408000 73 105 54
-0.001421 0.061756 0.408000 74 106 55
-0.000366 0.061756 0.408000 78 110 59
0.000689 0.061756 0.408000 81 113 64
0.001744 0.061756 0.408000 81 113 64
0.002792 0.061604 0.407000 82 114 65
0.003835 0.061453 0.406000 82 114 65
0.004885 0.061453 0.406000 83 117 68
0.005935 0.061453 0.406000 85 119 70
0.006985 0.061453 0.406000 83 116 70
0.008035 0.061453 0.406000 87 120 74
0.009084 0.061453 0.406000 89 122 76
0.010134 0.061453 0.406000 87 120 74
0.011184 0.061453 0.406000 86 119 73
0.012234 0.061453 0.406000 86 119 73
0.013251 0.061302 0.405000 89 120 74
0.015307 0.061150 0.404000 89 120 74
0.016352 0.061150 0.404000 93 124 78
0.017396 0.061150 0.404000 96 122 80
0.018395 0.060999 0.403000 97 123 81
0.019437 0.060999 0.403000 103 127 88
0.020530 0.061150 0.404000 98 122 83
0.021575 0.061150 0.404000 100 123 87
0.023781 0.061453 0.406000 104 127 91
0.024831 0.061453 0.406000 103 126 90
0.025881 0.061453 0.406000 100 123 87
0.027980 0.061453 0.406000 96 120 81
0.029030 0.061453 0.406000 97 121 82
0.031130 0.061453 0.406000 95 121 81
0.032180 0.061453 0.406000 92 121 80
0.033229 0.061453 0.406000 87 116 75
0.034279 0.061453 0.406000 87 118 76
0.035242 0.061302 0.405000 87 118 76
0.036289 0.061302 0.405000 87 118 72
0.037336 0.061302 0.405000 88 119 73
0.038384 0.061302 0.405000 87 117 69
0.039431 0.061302 0.405000 87 117 69
0.040478 0.061302 0.405000 88 118 70
0.041525 0.061302 0.405000 86 116 68
0.042677 0.061453 0.406000 84 115 69
0.043727 0.061453 0.406000 84 115 69
0.044887 0.061604 0.407000 79 112 68
0.047107 0.061756 0.408000 76 109 65
0.048280 0.061907 0.409000 72 105 61
0.049459 0.062058 0.410000 72 103 59
0.050519 0.062058 0.410000 74 105 61
0.051705 0.062210 0.411000 68 99 57
0.052767 0.062210 0.411000 67 98 56
0.054092 0.062513 0.413000 64 91 60
0.055160 0.062513 0.413000 66 93 62
0.057573 0.062815 0.415000 105 123 100
0.058646 0.062815 0.415000 133 143 127
0.064166 0.062967 0.416000 111 124 111
0.065241 0.062967 0.416000 100 115 101
0.066317 0.062967 0.416000 100 115 101
0.067231 0.062815 0.415000 95 115 96
0.068304 0.062815 0.415000 92 112 93
0.069377 0.062815 0.415000 65 96 64
0.070620 0.062967 0.416000 63 94 62
0.071695 0.062967 0.416000 59 99 57
0.074024 0.063118 0.417000 82 122 82
0.075282 0.063269 0.418000 84 124 84
0.076546 0.063421 0.419000 115 141 117
-0.010942 0.062966 0.409000 101 115 93
-0.009860 0.062812 0.408000 89 106 80
-0.008805 0.062812 0.408000 80 97 71
-0.007731 0.062658 0.407000 71 91 58
-0.006679 0.062658 0.407000 70 90 57
-0.005627 0.062658 0.407000 70 94 55
-0.004563 0.062504 0.406000 70 94 55
-0.003513 0.062504 0.406000 69 95 53
-0.002463 0.062504 0.406000 70 96 54
-0.001414 0.062504 0.406000 71 97 55
-0.000364 0.062504 0.406000 74 100 58
0.000686 0.062504 0.406000 72 103 59
0.001736 0.062504 0.406000 74 105 61
0.002786 0.062504 0.406000 72 103 57
0.003835 0.062504 0.406000 74 105 59
0.004885 0.062504 0.406000 75 109 60
0.005935 0.062504 0.406000 75 109 60
0.006985 0.062504 0.406000 76 110 61
0.008035 0.062504 0.406000 79 113 64
0.009084 0.062504 0.406000 82 116 67
0.010134 0.062504 0.406000 82 116 67
0.011184 0.062504 0.406000 83 117 68
0.012234 0.062504 0.406000 84 118 69
0.013251 0.062350 0.405000 82 119 67
0.014263 0.062196 0.404000 82 119 67
0.015307 0.062196 0.404000 83 120 68
0.016352 0.062196 0.404000 83 120 68
0.017353 0.062042 0.403000 85 119 70
0.018350 0.061888 0.402000 89 123 74
0.019437 0.062042 0.403000 88 119 73
0.020479 0.062042 0.403000 89 120 74
0.021522 0.062042 0.403000 89 120 74
0.022620 0.062196 0.404000 91 122 76
0.023723 0.062350 0.405000 88 117 74
0.024709 0.062196 0.404000 89 118 75
0.025753 0.062196 0.404000 92 121 78
0.027912 0.062350 0.405000 90 119 74
0.029030 0.062504 0.406000 88 117 72
0.030080 0.062504 0.406000 89 118 73
0.031130 0.062504 0.406000 88 117 72
0.032180 0.062504 0.406000 86 117 71
0.033229 0.062504 0.406000 86 117 71
0.034279 0.062504 0.406000 86 117 71
0.035329 0.062504 0.406000 85 116 70
0.036379 0.062504 0.406000 85 116 70
0.037429 0.062504 0.406000 81 112 66
0.038478 0.062504 0.406000 80 112 63
0.039528 0.062504 0.406000 80 112 63
0.040578 0.062504 0.406000 78 110 61
0.041628 0.062504 0.406000 78 110 61
0.042783 0.062658 0.407000 77 108 62
0.044998 0.062812 0.408000 72 105 63
0.046165 0.062966 0.409000 69 102 60
0.047338 0.063120 0.410000 68 99 57
0.048399 0.063120 0.410000 67 98 56
0.049579 0.063274 0.411000 64 92 54
0.050765 0.063428 0.412000 65 93 55
0.053153 0.063736 0.414000 79 101 70
0.054354 0.063890 0.415000 97 113 90
0.055427 0.063890 0.415000 114 130 107
0.064166 0.064044 0.416000 109 118 109
0.065085 0.063890 0.415000 102 114 104
0.066158 0.063890 0.415000 101 113 103
0.067231 0.063890 0.415000 95 115 96
0.068304 0.063890 0.415000 84 104 85
0.069377 0.063890 0.415000 64 98 63
0.070620 0.064044 0.416000 63 97 62
0.071695 0.064044 0.416000 68 109 64
0.074024 0.064198 0.417000 85 119 84
0.075282 0.064352 0.418000 90 124 89
0.076546 0.064506 0.419000 143 163 144
-0.007750 0.063869 0.408000 111 123 99
-0.006695 0.063869 0.408000 96 108 84
-0.005627 0.063712 0.407000 80 95 68
-0.004574 0.063712 0.407000 76 91 64
-0.003513 0.063555 0.406000 71 89 56
-0.002463 0.063555 0.406000 72 90 57
-0.001414 0.063555 0.406000 72 92 57
-0.000364 0.063555 0.406000 71 91 56
0.000684 0.063399 0.405000 69 94 57
0.001732 0.063399 0.405000 69 94 57
0.002779 0.063399 0.405000 68 97 54
0.003826 0.063399 0.405000 68 97 54
0.004873 0.063399 0.405000 71 101 53
0.005920 0.063399 0.405000 71 101 53
0.006950 0.063242 0.404000 72 104 53
0.007995 0.063242 0.404000 72 104 53
0.010109 0.063399 0.405000 74 106 55
0.011129 0.063242 0.404000 77 109 58
0.012173 0.063242 0.404000 79 111 60
0.013218 0.063242 0.404000 78 112 61
0.014263 0.063242 0.404000 76 110 59
0.015307 0.063242 0.404000 74 111 59
0.016352 0.063242 0.404000 75 112 60
0.017353 0.063086 0.403000 78 115 63
0.018350 0.062929 0.402000 78 115 63
0.019437 0.063086 0.403000 79 113 64
0.020479 0.063086 0.403000 77 111 62
0.021522 0.063086 0.403000 76 109 63
0.022564 0.063086 0.403000 80 113 67
0.023606 0.063086 0.403000 85 116 70
0.024709 0.063242 0.404000 82 113 67
0.025753 0.063242 0.404000 81 112 68
0.026798 0.063242 0.404000 80 111 67
0.027912 0.063399 0.405000 79 110 66
0.028959 0.063399 0.405000 80 111 67
0.030006 0.063399 0.405000 81 112 66
0.031053 0.063399 0.405000 77 108 62
0.032180 0.063555 0.406000 77 108 62
0.033229 0.063555 0.406000 77 108 62
0.034279 0.063555 0.406000 77 108 62
0.035329 0.063555 0.406000 75 106 60
0.036379 0.063555 0.406000 69 102 56
0.037429 0.063555 0.406000 71 104 58
0.039625 0.063712 0.407000 71 102 58
0.040678 0.063712 0.407000 72 103 59
0.042888 0.063869 0.408000 68 96 58
0.044050 0.064025 0.409000 60 88 50
0.045218 0.064182 0.410000 60 88 52
0.046278 0.064182 0.410000 65 93 57
0.051012 0.064808 0.414000 98 117 87
0.052208 0.064964 0.415000 116 133 107
0.064012 0.064964 0.415000 106 115 108
0.065085 0.064964 0.415000 101 115 104
0.066158 0.064964 0.415000 100 114 103
0.067231 0.064964 0.415000 90 113 90
0.068304 0.064964 0.415000 77 100 77
0.069377 0.064964 0.415000 64 99 61
0.070450 0.064964 0.415000 66 101 63
0.071695 0.065121 0.416000 77 115 71
0.074024 0.065277 0.417000 87 118 86
0.075282 0.065434 0.418000 101 132 100
-0.002469 0.064766 0.407000 98 109 88
-0.001414 0.064607 0.406000 85 102 76
-0.000364 0.064607 0.406000 75 92 66
0.000686 0.064607 0.406000 70 89 59
0.001736 0.064607 0.406000 69 88 58
0.002779 0.064448 0.405000 63 86 50
0.003826 0.064448 0.405000 64 87 51
0.004873 0.064448 0.405000 68 94 52
0.005920 0.064448 0.405000 69 95 53
0.006950 0.064288 0.404000 66 95 50
0.007995 0.064288 0.404000 67 96 51
0.009040 0.064288 0.404000 67 96 51
0.010084 0.064288 0.404000 68 97 52
0.011129 0.064288 0.404000 68 97 52
0.012173 0.064288 0.404000 68 97 52
0.013218 0.064288 0.404000 67 99 50
0.014263 0.064288 0.404000 70 102 53
0.015269 0.064129 0.403000 69 103 54
0.016311 0.064129 0.403000 68 102 53
0.017353 0.064129 0.403000 69 103 54
0.018395 0.064129 0.403000 69 103 54
0.019437 0.064129 0.403000 69 102 56
0.020479 0.064129 0.403000 71 104 58
0.021522 0.064129 0.403000 72 103 57
0.022564 0.064129 0.403000 72 103 57
0.023606 0.064129 0.403000 73 104 60
0.024648 0.064129 0.403000 74 105 61
0.025690 0.064129 0.403000 74 105 63
0.026798 0.064288 0.404000 72 103 61
0.027843 0.064288 0.404000 70 101 59
0.028959 0.064448 0.405000 72 103 61
0.030006 0.064448 0.405000 71 102 60
0.031130 0.064607 0.406000 68 99 57
0.032180 0.064607 0.406000 67 96 55
0.033229 0.064607 0.406000 68 97 56
0.035416 0.064766 0.407000 66 95 54
0.036468 0.064766 0.407000 67 96 55
0.037521 0.064766 0.407000 66 95 54
0.038668 0.064925 0.408000 67 95 57
0.039820 0.065084 0.409000 67 95 57
0.040878 0.065084 0.409000 67 89 58
0.042038 0.065243 0.410000 65 87 56
0.043098 0.065243 0.410000 64 86 59
0.044158 0.065243 0.410000 69 91 64
0.045328 0.065402 0.411000 83 100 74
0.064012 0.066039 0.415000 104 113 106
0.064928 0.065880 0.414000 100 114 103
0.065998 0.065880 0.414000 101 115 104
0.067069 0.065880 0.414000 82 108 82
0.068139 0.065880 0.414000 71 97 71
0.069377 0.066039 0.415000 65 102 61
0.070450 0.066039 0.415000 69 106 65
0.071695 0.066198 0.416000 79 117 73
0.074024 0.066357 0.417000 94 121 90
0.075282 0.066516 0.418000 131 158 127
0.002786 0.065658 0.406000 105 120 93
0.003826 0.065496 0.405000 95 110 83
0.004873 0.065496 0.405000 85 102 74
0.005920 0.065496 0.405000 80 97 69
0.006968 0.065496 0.405000 71 90 60
0.008015 0.065496 0.405000 69 88 58
0.009040 0.065334 0.404000 64 86 55
0.010084 0.065334 0.404000 64 86 55
0.011129 0.065334 0.404000 63 88 53
0.012173 0.065334 0.404000 63 88 53
0.013218 0.065334 0.404000 63 88 51
0.014263 0.065334 0.404000 64 89 52
0.015269 0.065173 0.403000 68 94 54
0.016311 0.065173 0.403000 66 92 52
0.017353 0.065173 0.403000 64 90 50
0.018395 0.065173 0.403000 69 95 55
0.019437 0.065173 0.403000 66 92 52
0.020479 0.065173 0.403000 63 89 49
0.021522 0.065173 0.403000 67 93 53
0.022508 0.065011 0.402000 68 94 54
0.023547 0.065011 0.402000 70 95 60
0.024586 0.065011 0.402000 69 94 59
0.025690 0.065173 0.403000 69 93 61
0.026798 0.065334 0.404000 70 94 62
0.027912 0.065496 0.405000 68 92 60
0.028959 0.065496 0.405000 64 88 56
0.030080 0.065658 0.406000 60 85 50
0.031130 0.065658 0.406000 61 86 51
0.033311 0.065820 0.407000 62 86 54
0.034448 0.065981 0.408000 63 87 57
0.035503 0.065981 0.408000 61 85 55
0.036648 0.066143 0.409000 64 86 59
0.037797 0.066305 0.410000 67 89 62
0.038857 0.066305 0.410000 73 92 66
0.039918 0.066305 0.410000 84 103 77
0.040978 0.066305 0.410000 100 114 92
0.042140 0.066466 0.411000 109 123 101
0.062939 0.067113 0.415000 103 115 107
0.063857 0.066952 0.414000 101 113 105
0.064771 0.066790 0.413000 97 114 100
0.065839 0.066790 0.413000 92 109 95
0.066907 0.066790 0.413000 76 103 74
0.067975 0.066790 0.413000 69 96 67
0.069210 0.066952 0.414000 68 104 61
0.070450 0.067113 0.415000 76 112 69
0.071523 0.067113 0.415000 83 118 78
0.072771 0.067275 0.416000 83 118 78
0.009040 0.066380 0.404000 110 124 102
0.010084 0.066380 0.404000 103 117 95
0.011129 0.066380 0.404000 96 112 89
0.012173 0.066380 0.404000 89 105 82
0.013218 0.066380 0.404000 81 98 72
0.014263 0.066380 0.404000 79 96 70
0.015269 0.066216 0.403000 75 92 64
0.016311 0.066216 0.403000 76 93 65
0.017353 0.066216 0.403000 72 91 61
0.018395 0.066216 0.403000 71 90 60
0.019437 0.066216 0.403000 69 91 60
0.020429 0.066052 0.402000 70 92 61
0.021468 0.066052 0.402000 65 87 58
0.022508 0.066052 0.402000 67 89 60
0.023547 0.066052 0.402000 68 89 65
0.024648 0.066216 0.403000 69 90 66
0.025690 0.066216 0.403000 70 91 67
0.026798 0.066380 0.404000 70 91 67
0.027912 0.066545 0.405000 74 92 69
0.029030 0.066709 0.406000 76 94 71
0.030080 0.066709 0.406000 77 96 70
0.032259 0.066873 0.407000 84 102 79
0.033475 0.067202 0.409000 92 110 87
0.061865 0.068188 0.415000 115 122 116
0.062787 0.068024 0.414000 105 117 107
0.063703 0.067859 0.413000 98 110 100
0.064614 0.067695 0.412000 92 109 93
0.065679 0.067695 0.412000 87 104 88
0.066745 0.067695 0.412000 72 101 67
0.067975 0.067859 0.413000 70 99 65
0.069210 0.068024 0.414000 71 107 62
0.070450 0.068188 0.415000 82 118 73
0.071523 0.068188 0.415000 93 123 84
0.072771 0.068352 0.416000 89 119 80
0.061716 0.069096 0.414000 108 115 109
0.062635 0.068929 0.413000 102 114 104
0.063549 0.068762 0.412000 101 113 103
0.064457 0.068595 0.411000 91 111 92
0.065520 0.068595 0.411000 76 96 77
0.066583 0.068595 0.411000 68 100 63
0.067810 0.068762 0.412000 69 101 64
0.069042 0.068929 0.413000 77 113 68
0.070280 0.069096 0.414000 82 118 73
0.071523 0.069262 0.415000 91 120 86
0.072771 0.069429 0.416000 98 127 93
0.060792 0.070337 0.415000 112 121 112
0.061716 0.070167 0.414000 107 116 107
0.062484 0.069828 0.412000 100 114 103
0.063395 0.069659 0.411000 99 113 102
0.064457 0.069659 0.411000 84 107 84
0.065520 0.069659 0.411000 76 99 76
0.066583 0.069659 0.411000 68 99 57
0.067810 0.069828 0.412000 82 113 71
0.069042 0.069998 0.413000 87 120 76
0.070280 0.070167 0.414000 93 126 82
0.071523 0.070337 0.415000 88 115 84
0.072771 0.070506 0.416000 121 148 117
0.060646 0.071239 0.414000 107 117 105
0.061567 0.071067 0.413000 105 115 103
0.062332 0.070723 0.411000 98 115 101
0.063395 0.070723 0.411000 94 111 97
0.064457 0.070723 0.411000 82 106 78
0.065520 0.070723 0.411000 77 101 73
0.066583 0.070723 0.411000 71 102 58
0.067810 0.070895 0.412000 85 116 72
0.069042 0.071067 0.413000 86 119 75
0.070280 0.071239 0.414000 84 117 73
0.071523 0.071411 0.415000 102 124 97
0.059575 0.072311 0.414000 113 123 111
0.060499 0.072137 0.413000 104 114 102
0.061418 0.071962 0.412000 103 113 101
0.062332 0.071787 0.411000 98 115 97
0.063395 0.071787 0.411000 88 105 87
0.064300 0.071613 0.410000 76 103 72
0.065520 0.071787 0.411000 76 103 72
0.066583 0.071787 0.411000 76 109 65
0.067810 0.071962 0.412000 86 119 75
0.069042 0.072137 0.413000 91 121 82
0.070280 0.072311 0.414000 87 117 78
0.071523 0.072486 0.415000 129 147 124
0.059575 0.073383 0.414000 111 120 111
0.060353 0.073029 0.412000 103 116 103
0.061269 0.072852 0.411000 98 111 98
0.062332 0.072852 0.411000 89 110 88
0.063240 0.072674 0.410000 79 100 78
0.064300 0.072674 0.410000 75 104 70
0.065361 0.072674 0.410000 77 106 72
0.066583 0.072852 0.411000 81 116 76
0.067810 0.073029 0.412000 87 122 82
0.069042 0.073206 0.413000 91 120 86
0.070280 0.073383 0.414000 96 125 91
0.071523 0.073561 0.415000 147 160 143
0.058505 0.074455 0.414000 116 128 120
0.059432 0.074275 0.413000 103 115 107
0.060206 0.073916 0.411000 101 116 102
0.061269 0.073916 0.411000 95 110 96
0.062180 0.073736 0.410000 85 108 85
0.063240 0.073736 0.410000 77 100 77
0.064300 0.073736 0.410000 74 108 73
0.065361 0.073736 0.410000 77 111 76
0.066583 0.073916 0.411000 84 119 79
0.067810 0.074096 0.412000 88 123 83
0.069042 0.074275 0.413000 92 119 88
0.070280 0.074455 0.414000 114 141 110
0.058364 0.075345 0.413000 109 121 113
0.059144 0.074980 0.411000 101 113 105
0.060206 0.074980 0.411000 98 115 101
0.061120 0.074797 0.410000 90 107 93
0.062180 0.074797 0.410000 79 107 80
0.063240 0.074797 0.410000 73 101 74
0.064300 0.074797 0.410000 76 111 73
0.065361 0.074797 0.410000 78 113 75
0.066583 0.074980 0.411000 84 119 79
0.067810 0.075162 0.412000 87 122 82
0.069042 0.075345 0.413000 103 127 99
0.070280 0.075527 0.414000 144 168 140
0.057296 0.076414 0.413000 115 122 114
0.058222 0.076229 0.412000 104 118 107
0.059144 0.076044 0.411000 99 113 102
0.060060 0.075859 0.410000 92 112 93
0.061120 0.075859 0.410000 86 106 87
0.062180 0.075859 0.410000 75 106 76
0.063240 0.075859 0.410000 75 106 76
0.064300 0.075859 0.410000 77 112 72
0.065361 0.075859 0.410000 83 118 78
0.066583 0.076044 0.411000 90 122 85
0.067810 0.076229 0.412000 84 116 79
0.069042 0.076414 0.413000 128 146 123
0.057018 0.077108 0.411000 112 121 114
0.058081 0.077108 0.411000 103 117 106
0.059000 0.076921 0.410000 96 110 99
0.060060 0.076921 0.410000 91 112 90
0.061120 0.076921 0.410000 83 104 82
0.062180 0.076921 0.410000 75 106 72
0.063240 0.076921 0.410000 76 107 73
0.064300 0.076921 0.410000 80 117 76
0.065361 0.076921 0.410000 84 121 80
0.066583 0.077108 0.411000 86 117 83
0.067810 0.077296 0.412000 87 118 84
0.069042 0.077483 0.413000 144 160 139
0.056092 0.078363 0.412000 113 121 118
0.057018 0.078172 0.411000 109 117 114
0.057940 0.077982 0.410000 101 115 104
0.059000 0.077982 0.410000 96 110 99
0.060060 0.077982 0.410000 83 109 83
0.060971 0.077792 0.409000 80 106 80
0.062029 0.077792 0.409000 73 108 68
0.063240 0.077982 0.410000 78 113 73
0.064300 0.077982 0.410000 82 119 78
0.065361 0.077982 0.410000 83 120 79
0.066583 0.078172 0.411000 86 115 83
0.055956 0.079237 0.411000 109 121 113
0.056880 0.079044 0.410000 103 115 107
0.057940 0.079044 0.410000 97 114 100
0.059000 0.079044 0.410000 92 109 95
0.059913 0.078851 0.409000 80 109 77
0.060971 0.078851 0.409000 79 108 76
0.062029 0.078851 0.409000 75 112 71
0.063240 0.079044 0.410000 79 116 75
0.064300 0.079044 0.410000 82 122 82
0.065520 0.079237 0.411000 79 119 79
0.066583 0.079237 0.411000 95 121 95
0.067810 0.079429 0.412000 138 164 138
0.054893 0.080301 0.411000 110 116 114
0.055819 0.080105 0.410000 105 117 109
0.056880 0.080105 0.410000 100 112 104
0.057798 0.079910 0.409000 93 113 94
0.058712 0.079715 0.408000 89 109 90
0.060971 0.079910 0.409000 77 109 72
0.062029 0.079910 0.409000 77 115 71
0.063086 0.079910 0.409000 83 121 77
0.064300 0.080105 0.410000 84 120 84
0.065520 0.080301 0.411000 81 117 81
0.066583 0.080301 0.411000 126 147 125
0.054759 0.081167 0.410000 112 118 116
0.055819 0.081167 0.410000 102 116 105
0.056602 0.080771 0.408000 99 113 102
0.057516 0.080573 0.407000 86 113 84
0.058568 0.080573 0.407000 82 109 80
0.059767 0.080771 0.408000 75 111 68
0.060822 0.080771 0.408000 77 113 70
0.063086 0.080969 0.409000 81 122 77
0.064300 0.081167 0.410000 82 116 85
0.065361 0.081167 0.410000 101 135 104
0.066583 0.081365 0.411000 140 158 137
0.054759 0.082229 0.410000 105 114 107
0.055547 0.081827 0.408000 97 112 96
0.056463 0.081627 0.407000 95 110 94
0.057374 0.081426 0.406000 82 111 79
0.058568 0.081627 0.407000 81 110 78
0.059620 0.081627 0.407000 75 111 68
0.064300 0.082229 0.410000 91 120 90
0.065361 0.082229 0.410000 123 152 122
0.055411 0.082681 0.407000 97 115 92
0.056325 0.082477 0.406000 91 109 86
0.057374 0.082477 0.406000 79 111 74
0.058424 0.082477 0.406000 82 114 77
0.059620 0.082681 0.407000 79 117 73
0.063086 0.083087 0.409000 75 114 77
0.064300 0.083290 0.410000 118 139 117
0.054359 0.083734 0.407000 101 114 99
0.055275 0.083529 0.406000 92 116 88
0.056325 0.083529 0.406000 88 112 84
0.057374 0.083529 0.406000 77 112 72
0.058424 0.083529 0.406000 80 115 75
0.059620 0.083734 0.407000 82 120 76
0.060673 0.083734 0.407000 84 122 78
0.063086 0.084146 0.409000 88 122 91
0.064300 0.084352 0.410000 144 159 141
0.054225 0.084580 0.406000 97 110 93
0.055275 0.084580 0.406000 86 113 80
0.056325 0.084580 0.406000 83 110 77
0.057374 0.084580 0.406000 76 112 69
0.058424 0.084580 0.406000 78 114 71
0.059474 0.084580 0.406000 82 119 78
0.060673 0.084788 0.407000 84 121 80
0.061877 0.084997 0.408000 86 114 87
0.054225 0.085631 0.406000 94 110 89
0.055275 0.085631 0.406000 84 114 77
0.056325 0.085631 0.406000 82 112 75
0.057374 0.085631 0.406000 76 112 67
0.058424 0.085631 0.406000 81 117 72
0.059474 0.085631 0.406000 82 118 75
0.060673 0.085842 0.407000 78 114 71
0.061877 0.086053 0.408000 99 122 99
0.056325 0.086682 0.406000 81 112 68
0.057233 0.086469 0.405000 77 113 66
0.058424 0.086682 0.406000 82 118 71
0.059474 0.086682 0.406000 84 116 79
0.060673 0.086896 0.407000 83 115 78
0.061877 0.087109 0.408000 134 150 129
0.056325 0.087734 0.406000 81 112 66
0.057374 0.087734 0.406000 77 113 68
0.058424 0.087734 0.406000 81 117 72
0.059474 0.087734 0.406000 81 110 78
0.060673 0.087950 0.407000 101 130 98
0.061877 0.088166 0.408000 144 157 140
